"FullName","Length"
"C:\Users\trent\OneDrive\Documents\EDGEIQ_PLATFORM\public\data\adaptive_execution_board.csv","160251"
"C:\Users\trent\OneDrive\Documents\EDGEIQ_PLATFORM\public\data\all_horse_rating_summary.csv","49504"
"C:\Users\trent\OneDrive\Documents\EDGEIQ_PLATFORM\public\data\all_horse_runs_excluded.csv","2523021"
"C:\Users\trent\OneDrive\Documents\EDGEIQ_PLATFORM\public\data\all_horse_runs_rated.csv","7918021"
"C:\Users\trent\OneDrive\Documents\EDGEIQ_PLATFORM\public\data\bets_file.csv","107940"
"C:\Users\trent\OneDrive\Documents\EDGEIQ_PLATFORM\public\data\betting_sheet_v3.csv","50388"
"C:\Users\trent\OneDrive\Documents\EDGEIQ_PLATFORM\public\data\betting_summary_v3.csv","183"
"C:\Users\trent\OneDrive\Documents\EDGEIQ_PLATFORM\public\data\betting_watchlist_v3.csv","404419"
"C:\Users\trent\OneDrive\Documents\EDGEIQ_PLATFORM\public\data\bet_results_roi.csv","13249"
"C:\Users\trent\OneDrive\Documents\EDGEIQ_PLATFORM\public\data\bet_review_summary.csv","996"
"C:\Users\trent\OneDrive\Documents\EDGEIQ_PLATFORM\public\data\edgeiq_accountability_by_track.csv","2008"
"C:\Users\trent\OneDrive\Documents\EDGEIQ_PLATFORM\public\data\edgeiq_accountability_match_types.csv","119"
"C:\Users\trent\OneDrive\Documents\EDGEIQ_PLATFORM\public\data\edgeiq_accountability_pending_breakdown.csv","2364"
"C:\Users\trent\OneDrive\Documents\EDGEIQ_PLATFORM\public\data\edgeiq_accountability_summary.csv","267"
"C:\Users\trent\OneDrive\Documents\EDGEIQ_PLATFORM\public\data\edgeiq_active_build_chain_dry_run_v1.csv","6821"
"C:\Users\trent\OneDrive\Documents\EDGEIQ_PLATFORM\public\data\edgeiq_active_build_chain_dry_run_v1_summary.csv","494"
"C:\Users\trent\OneDrive\Documents\EDGEIQ_PLATFORM\public\data\edgeiq_active_build_chain_manifest_v1.csv","3034"
"C:\Users\trent\OneDrive\Documents\EDGEIQ_PLATFORM\public\data\edgeiq_active_file_manifest_v1.csv","119337"
"C:\Users\trent\OneDrive\Documents\EDGEIQ_PLATFORM\public\data\edgeiq_active_form_bridge_diagnostics_v1.csv","139"
"C:\Users\trent\OneDrive\Documents\EDGEIQ_PLATFORM\public\data\edgeiq_active_form_bridge_v1.csv","1032"
"C:\Users\trent\OneDrive\Documents\EDGEIQ_PLATFORM\public\data\edgeiq_active_form_truth_quality_diagnostics_v1.csv","99"
"C:\Users\trent\OneDrive\Documents\EDGEIQ_PLATFORM\public\data\edgeiq_active_form_truth_quality_v1.csv","1922"
"C:\Users\trent\OneDrive\Documents\EDGEIQ_PLATFORM\public\data\edgeiq_active_race_selector.csv","942"
"C:\Users\trent\OneDrive\Documents\EDGEIQ_PLATFORM\public\data\edgeiq_active_race_selector_WORKING_TODAY_ONLY_TAB_20260615.csv","1570"
"C:\Users\trent\OneDrive\Documents\EDGEIQ_PLATFORM\public\data\edgeiq_active_ra_browser_capture_diagnostics_v1.csv","1811"
"C:\Users\trent\OneDrive\Documents\EDGEIQ_PLATFORM\public\data\edgeiq_active_ra_profile_backfill_diagnostics_v1.csv","1373"
"C:\Users\trent\OneDrive\Documents\EDGEIQ_PLATFORM\public\data\edgeiq_active_ra_profile_backfill_targets_v1.csv","2436"
"C:\Users\trent\OneDrive\Documents\EDGEIQ_PLATFORM\public\data\edgeiq_active_ra_profile_backfill_v1.csv","2"
"C:\Users\trent\OneDrive\Documents\EDGEIQ_PLATFORM\public\data\edgeiq_active_runner_form_truth_diagnostics_v1.csv","139"
"C:\Users\trent\OneDrive\Documents\EDGEIQ_PLATFORM\public\data\edgeiq_active_runner_form_truth_v1.csv","1055"
"C:\Users\trent\OneDrive\Documents\EDGEIQ_PLATFORM\public\data\edgeiq_adaptive_signal_weights.csv","106978"
"C:\Users\trent\OneDrive\Documents\EDGEIQ_PLATFORM\public\data\edgeiq_adaptive_staking_summary_v1.csv","152"
"C:\Users\trent\OneDrive\Documents\EDGEIQ_PLATFORM\public\data\edgeiq_adaptive_staking_v1.csv","11502"
"C:\Users\trent\OneDrive\Documents\EDGEIQ_PLATFORM\public\data\edgeiq_all_csv_column_inventory_v1.csv","5975123"
"C:\Users\trent\OneDrive\Documents\EDGEIQ_PLATFORM\public\data\edgeiq_all_runner_form_guide_v1_audit.json","5181"
"C:\Users\trent\OneDrive\Documents\EDGEIQ_PLATFORM\public\data\edgeiq_all_tabs_integrity_checkpoint_v1.csv","385"
"C:\Users\trent\OneDrive\Documents\EDGEIQ_PLATFORM\public\data\edgeiq_archived_probability_rating_candidates_summary_v1.csv","69133"
"C:\Users\trent\OneDrive\Documents\EDGEIQ_PLATFORM\public\data\edgeiq_archived_probability_rating_candidates_v1.csv","134608"
"C:\Users\trent\OneDrive\Documents\EDGEIQ_PLATFORM\public\data\edgeiq_archived_probability_rating_sources_summary_v1.csv","217"
"C:\Users\trent\OneDrive\Documents\EDGEIQ_PLATFORM\public\data\edgeiq_archived_probability_rating_sources_v1.csv","1028499"
"C:\Users\trent\OneDrive\Documents\EDGEIQ_PLATFORM\public\data\edgeiq_backfill_to_temporal_key_audit_v1.csv","11331"
"C:\Users\trent\OneDrive\Documents\EDGEIQ_PLATFORM\public\data\edgeiq_barrier_bias_by_track_v1.csv","874005"
"C:\Users\trent\OneDrive\Documents\EDGEIQ_PLATFORM\public\data\edgeiq_barrier_bias_summary_v1.csv","220"
"C:\Users\trent\OneDrive\Documents\EDGEIQ_PLATFORM\public\data\edgeiq_barrier_bias_v1.csv","43627678"
"C:\Users\trent\OneDrive\Documents\EDGEIQ_PLATFORM\public\data\edgeiq_barrier_dna_v1.csv","15877931"
"C:\Users\trent\OneDrive\Documents\EDGEIQ_PLATFORM\public\data\edgeiq_barrier_dna_v1_summary.csv","553"
"C:\Users\trent\OneDrive\Documents\EDGEIQ_PLATFORM\public\data\edgeiq_barrier_rail_condition_bias_rank1_relevance_v1.csv","4961331"
"C:\Users\trent\OneDrive\Documents\EDGEIQ_PLATFORM\public\data\edgeiq_barrier_rail_condition_bias_replay_by_bucket_v1.csv","1796293"
"C:\Users\trent\OneDrive\Documents\EDGEIQ_PLATFORM\public\data\edgeiq_barrier_rail_condition_bias_replay_v1.csv","37751668"
"C:\Users\trent\OneDrive\Documents\EDGEIQ_PLATFORM\public\data\edgeiq_barrier_rail_condition_bias_replay_v1.json","48195"
"C:\Users\trent\OneDrive\Documents\EDGEIQ_PLATFORM\public\data\edgeiq_barrier_rail_condition_bias_replay_v1_summary.csv","542"
"C:\Users\trent\OneDrive\Documents\EDGEIQ_PLATFORM\public\data\edgeiq_barrier_rail_condition_pricing_impact_replay_by_band_v1.csv","766"
"C:\Users\trent\OneDrive\Documents\EDGEIQ_PLATFORM\public\data\edgeiq_barrier_rail_condition_pricing_impact_replay_by_overlay_threshold_v1.csv","936"
"C:\Users\trent\OneDrive\Documents\EDGEIQ_PLATFORM\public\data\edgeiq_barrier_rail_condition_pricing_impact_replay_v1.csv","39867914"
"C:\Users\trent\OneDrive\Documents\EDGEIQ_PLATFORM\public\data\edgeiq_barrier_rail_condition_pricing_impact_replay_v1_summary.csv","1327"
"C:\Users\trent\OneDrive\Documents\EDGEIQ_PLATFORM\public\data\edgeiq_barrier_track_dna_v1.csv","44970839"
"C:\Users\trent\OneDrive\Documents\EDGEIQ_PLATFORM\public\data\edgeiq_barrier_track_dna_v1_summary.csv","575"
"C:\Users\trent\OneDrive\Documents\EDGEIQ_PLATFORM\public\data\edgeiq_bayesian_blending_v1.csv","18463"
"C:\Users\trent\OneDrive\Documents\EDGEIQ_PLATFORM\public\data\edgeiq_benchmark_accumulation_fact_v1.csv","5896"
"C:\Users\trent\OneDrive\Documents\EDGEIQ_PLATFORM\public\data\edgeiq_benchmark_accumulation_fact_v1_audit.json","4502"
"C:\Users\trent\OneDrive\Documents\EDGEIQ_PLATFORM\public\data\edgeiq_benchmark_accumulation_membership_fact_v1.csv","6133"
"C:\Users\trent\OneDrive\Documents\EDGEIQ_PLATFORM\public\data\edgeiq_benchmark_eligibility_fact_v1.csv","14410"
"C:\Users\trent\OneDrive\Documents\EDGEIQ_PLATFORM\public\data\edgeiq_benchmark_eligibility_fact_v1_audit.json","2915"
"C:\Users\trent\OneDrive\Documents\EDGEIQ_PLATFORM\public\data\edgeiq_benchmark_observation_current_window_v2_1.csv","18904"
"C:\Users\trent\OneDrive\Documents\EDGEIQ_PLATFORM\public\data\edgeiq_benchmark_observation_current_window_v2_1_metadata.json","301"
"C:\Users\trent\OneDrive\Documents\EDGEIQ_PLATFORM\public\data\edgeiq_benchmark_observation_fact_v1.csv","18904"
"C:\Users\trent\OneDrive\Documents\EDGEIQ_PLATFORM\public\data\edgeiq_benchmark_observation_fact_v1_audit.json","6073"
"C:\Users\trent\OneDrive\Documents\EDGEIQ_PLATFORM\public\data\edgeiq_benchmark_sectional_display_v1_audit.json","390"
"C:\Users\trent\OneDrive\Documents\EDGEIQ_PLATFORM\public\data\edgeiq_beta_cross_workspace_consistency_v1.csv","50942"
"C:\Users\trent\OneDrive\Documents\EDGEIQ_PLATFORM\public\data\edgeiq_beta_data_coverage_matrix_v1.csv","32764"
"C:\Users\trent\OneDrive\Documents\EDGEIQ_PLATFORM\public\data\edgeiq_beta_data_coverage_summary_v1.json","264"
"C:\Users\trent\OneDrive\Documents\EDGEIQ_PLATFORM\public\data\edgeiq_beta_data_join_integrity_v1.csv","1619"
"C:\Users\trent\OneDrive\Documents\EDGEIQ_PLATFORM\public\data\edgeiq_beta_data_join_integrity_v1_audit.json","5234"
"C:\Users\trent\OneDrive\Documents\EDGEIQ_PLATFORM\public\data\edgeiq_beta_governed_data_completion_v1_final_report.json","6035"
"C:\Users\trent\OneDrive\Documents\EDGEIQ_PLATFORM\public\data\edgeiq_beta_governed_data_completion_v1_progress.json","1116"
"C:\Users\trent\OneDrive\Documents\EDGEIQ_PLATFORM\public\data\edgeiq_beta_governed_source_registry_v1.csv","1772487"
"C:\Users\trent\OneDrive\Documents\EDGEIQ_PLATFORM\public\data\edgeiq_beta_intelligence_completion_v1_audit.json","1928"
"C:\Users\trent\OneDrive\Documents\EDGEIQ_PLATFORM\public\data\edgeiq_beta_intelligence_v1_distribution.csv","1183"
"C:\Users\trent\OneDrive\Documents\EDGEIQ_PLATFORM\public\data\edgeiq_beta_intelligence_v1_semantic_audit.csv","425"
"C:\Users\trent\OneDrive\Documents\EDGEIQ_PLATFORM\public\data\edgeiq_beta_readiness_report_v2_audit.json","5676"
"C:\Users\trent\OneDrive\Documents\EDGEIQ_PLATFORM\public\data\edgeiq_beta_workspace_field_inventory_v1.csv","98063"
"C:\Users\trent\OneDrive\Documents\EDGEIQ_PLATFORM\public\data\edgeiq_betting_edges.csv","649582"
"C:\Users\trent\OneDrive\Documents\EDGEIQ_PLATFORM\public\data\edgeiq_bet_feedback_by_action.csv","179"
"C:\Users\trent\OneDrive\Documents\EDGEIQ_PLATFORM\public\data\edgeiq_bet_feedback_by_track.csv","1428"
"C:\Users\trent\OneDrive\Documents\EDGEIQ_PLATFORM\public\data\edgeiq_bet_feedback_loop.csv","84458"
"C:\Users\trent\OneDrive\Documents\EDGEIQ_PLATFORM\public\data\edgeiq_bet_feedback_summary.csv","187"
"C:\Users\trent\OneDrive\Documents\EDGEIQ_PLATFORM\public\data\edgeiq_bet_quality_engine_v1.csv","302379190"
"C:\Users\trent\OneDrive\Documents\EDGEIQ_PLATFORM\public\data\edgeiq_bet_quality_engine_v1.json","123"
"C:\Users\trent\OneDrive\Documents\EDGEIQ_PLATFORM\public\data\edgeiq_bet_quality_engine_v1_1.csv","391793553"
"C:\Users\trent\OneDrive\Documents\EDGEIQ_PLATFORM\public\data\edgeiq_bet_quality_engine_v1_1.json","312"
"C:\Users\trent\OneDrive\Documents\EDGEIQ_PLATFORM\public\data\edgeiq_bet_quality_engine_v1_1_by_grade.csv","468"
"C:\Users\trent\OneDrive\Documents\EDGEIQ_PLATFORM\public\data\edgeiq_bet_quality_engine_v1_1_by_score_band.csv","499"
"C:\Users\trent\OneDrive\Documents\EDGEIQ_PLATFORM\public\data\edgeiq_bet_quality_engine_v1_1_summary.csv","273"
"C:\Users\trent\OneDrive\Documents\EDGEIQ_PLATFORM\public\data\edgeiq_bet_quality_engine_v1_by_grade.csv","248"
"C:\Users\trent\OneDrive\Documents\EDGEIQ_PLATFORM\public\data\edgeiq_bet_quality_engine_v1_by_score_band.csv","268"
"C:\Users\trent\OneDrive\Documents\EDGEIQ_PLATFORM\public\data\edgeiq_bet_quality_engine_v1_summary.csv","121"
"C:\Users\trent\OneDrive\Documents\EDGEIQ_PLATFORM\public\data\edgeiq_bias_discovery_report_v1.csv","17510"
"C:\Users\trent\OneDrive\Documents\EDGEIQ_PLATFORM\public\data\edgeiq_bias_discovery_report_v1.json","57146"
"C:\Users\trent\OneDrive\Documents\EDGEIQ_PLATFORM\public\data\edgeiq_bias_discovery_report_v1_summary.csv","299"
"C:\Users\trent\OneDrive\Documents\EDGEIQ_PLATFORM\public\data\edgeiq_bias_factor_relevance_audit_summary_v1.csv","618"
"C:\Users\trent\OneDrive\Documents\EDGEIQ_PLATFORM\public\data\edgeiq_bias_factor_relevance_audit_v1.csv","5001922"
"C:\Users\trent\OneDrive\Documents\EDGEIQ_PLATFORM\public\data\edgeiq_blank_jockey_source_audit_summary_v1.csv","10936"
"C:\Users\trent\OneDrive\Documents\EDGEIQ_PLATFORM\public\data\edgeiq_blank_jockey_source_audit_v1.csv","48337"
"C:\Users\trent\OneDrive\Documents\EDGEIQ_PLATFORM\public\data\edgeiq_blank_screen_5176_deep_raw.json","10515"
"C:\Users\trent\OneDrive\Documents\EDGEIQ_PLATFORM\public\data\edgeiq_blank_screen_devpreview_diag_raw.json","47264"
"C:\Users\trent\OneDrive\Documents\EDGEIQ_PLATFORM\public\data\edgeiq_blank_screen_postfix_diag_raw.json","3045"
"C:\Users\trent\OneDrive\Documents\EDGEIQ_PLATFORM\public\data\edgeiq_blank_screen_runtime_diag_raw.json","8882"
"C:\Users\trent\OneDrive\Documents\EDGEIQ_PLATFORM\public\data\edgeiq_blank_screen_runtime_fix_v1_audit.csv","895"
"C:\Users\trent\OneDrive\Documents\EDGEIQ_PLATFORM\public\data\edgeiq_blank_screen_runtime_fix_v1_summary.csv","427"
"C:\Users\trent\OneDrive\Documents\EDGEIQ_PLATFORM\public\data\edgeiq_bom_location_api_contract_trace_v1.json","490"
"C:\Users\trent\OneDrive\Documents\EDGEIQ_PLATFORM\public\data\edgeiq_bom_search_location_resolver_v1_audit.json","879"
"C:\Users\trent\OneDrive\Documents\EDGEIQ_PLATFORM\public\data\edgeiq_bom_track_location_registry_v1_audit.json","813"
"C:\Users\trent\OneDrive\Documents\EDGEIQ_PLATFORM\public\data\edgeiq_bookmaker_board_v1.csv","19387"
"C:\Users\trent\OneDrive\Documents\EDGEIQ_PLATFORM\public\data\edgeiq_bookmaker_board_v1_EMPTY_BACKUP.csv","24938"
"C:\Users\trent\OneDrive\Documents\EDGEIQ_PLATFORM\public\data\edgeiq_builder_integrity_audit_v1.json","1815743"
"C:\Users\trent\OneDrive\Documents\EDGEIQ_PLATFORM\public\data\edgeiq_calibrated_execution_board.csv","1870840"
"C:\Users\trent\OneDrive\Documents\EDGEIQ_PLATFORM\public\data\edgeiq_calibrated_review_summary_v1.csv","219"
"C:\Users\trent\OneDrive\Documents\EDGEIQ_PLATFORM\public\data\edgeiq_calibrated_review_v1.csv","9209"
"C:\Users\trent\OneDrive\Documents\EDGEIQ_PLATFORM\public\data\edgeiq_calibration_history_v1.csv","343"
"C:\Users\trent\OneDrive\Documents\EDGEIQ_PLATFORM\public\data\edgeiq_calibration_history_v1_audit.csv","1361"
"C:\Users\trent\OneDrive\Documents\EDGEIQ_PLATFORM\public\data\edgeiq_calibration_summary_v1.csv","211"
"C:\Users\trent\OneDrive\Documents\EDGEIQ_PLATFORM\public\data\edgeiq_campaign_feed_v1.csv","109221"
"C:\Users\trent\OneDrive\Documents\EDGEIQ_PLATFORM\public\data\edgeiq_campaign_feed_v1_audit.csv","34380"
"C:\Users\trent\OneDrive\Documents\EDGEIQ_PLATFORM\public\data\edgeiq_campaign_feed_v1_summary.csv","232"
"C:\Users\trent\OneDrive\Documents\EDGEIQ_PLATFORM\public\data\edgeiq_campaign_frontend_join_audit_v1.csv","86872"
"C:\Users\trent\OneDrive\Documents\EDGEIQ_PLATFORM\public\data\edgeiq_campaign_frontend_join_audit_v1_summary.csv","4838"
"C:\Users\trent\OneDrive\Documents\EDGEIQ_PLATFORM\public\data\edgeiq_campaign_intelligence_coverage_audit_v1.csv","69803"
"C:\Users\trent\OneDrive\Documents\EDGEIQ_PLATFORM\public\data\edgeiq_campaign_intelligence_coverage_audit_v1_summary.csv","1588"
"C:\Users\trent\OneDrive\Documents\EDGEIQ_PLATFORM\public\data\edgeiq_campaign_intelligence_engine_v1.csv","73026"
"C:\Users\trent\OneDrive\Documents\EDGEIQ_PLATFORM\public\data\edgeiq_campaign_intelligence_engine_v1_1.csv","163911"
"C:\Users\trent\OneDrive\Documents\EDGEIQ_PLATFORM\public\data\edgeiq_campaign_intelligence_engine_v1_1_audit.csv","189228"
"C:\Users\trent\OneDrive\Documents\EDGEIQ_PLATFORM\public\data\edgeiq_campaign_intelligence_engine_v1_1_quality_audit.csv","16513"
"C:\Users\trent\OneDrive\Documents\EDGEIQ_PLATFORM\public\data\edgeiq_campaign_intelligence_engine_v1_1_quality_summary.csv","1087"
"C:\Users\trent\OneDrive\Documents\EDGEIQ_PLATFORM\public\data\edgeiq_campaign_intelligence_engine_v1_1_summary.csv","2051"
"C:\Users\trent\OneDrive\Documents\EDGEIQ_PLATFORM\public\data\edgeiq_campaign_intelligence_engine_v1_audit.csv","104851"
"C:\Users\trent\OneDrive\Documents\EDGEIQ_PLATFORM\public\data\edgeiq_campaign_intelligence_engine_v1_summary.csv","1384"
"C:\Users\trent\OneDrive\Documents\EDGEIQ_PLATFORM\public\data\edgeiq_campaign_source_trace_all_current_v1.csv","96314"
"C:\Users\trent\OneDrive\Documents\EDGEIQ_PLATFORM\public\data\edgeiq_campaign_source_trace_all_current_v1_summary.csv","243"
"C:\Users\trent\OneDrive\Documents\EDGEIQ_PLATFORM\public\data\edgeiq_canonical_historical_timing_warehouse_revision_history_v1.csv","11006"
"C:\Users\trent\OneDrive\Documents\EDGEIQ_PLATFORM\public\data\edgeiq_canonical_historical_timing_warehouse_v1.csv","49869895"
"C:\Users\trent\OneDrive\Documents\EDGEIQ_PLATFORM\public\data\edgeiq_canonical_horse_alias_v2.csv","283779367"
"C:\Users\trent\OneDrive\Documents\EDGEIQ_PLATFORM\public\data\edgeiq_canonical_horse_alias_v2_CANDIDATE.csv","283779367"
"C:\Users\trent\OneDrive\Documents\EDGEIQ_PLATFORM\public\data\edgeiq_canonical_horse_master_v2.csv","231225200"
"C:\Users\trent\OneDrive\Documents\EDGEIQ_PLATFORM\public\data\edgeiq_canonical_horse_master_v2_CANDIDATE.csv","231225200"
"C:\Users\trent\OneDrive\Documents\EDGEIQ_PLATFORM\public\data\edgeiq_canonical_market_entity_graph_v1.csv","53068"
"C:\Users\trent\OneDrive\Documents\EDGEIQ_PLATFORM\public\data\edgeiq_canonical_market_integration_audit_v1.csv","1001"
"C:\Users\trent\OneDrive\Documents\EDGEIQ_PLATFORM\public\data\edgeiq_canonical_market_integration_summary_v1.csv","479"
"C:\Users\trent\OneDrive\Documents\EDGEIQ_PLATFORM\public\data\edgeiq_canonical_results_truth_summary_v1.csv","1777"
"C:\Users\trent\OneDrive\Documents\EDGEIQ_PLATFORM\public\data\edgeiq_canonical_results_truth_v1.csv","12861587"
"C:\Users\trent\OneDrive\Documents\EDGEIQ_PLATFORM\public\data\edgeiq_canonical_split_schema_v1.csv","517"
"C:\Users\trent\OneDrive\Documents\EDGEIQ_PLATFORM\public\data\edgeiq_capital_allocation_v1.csv","196237"
"C:\Users\trent\OneDrive\Documents\EDGEIQ_PLATFORM\public\data\edgeiq_caulfield_r7_drop_reason_v1.csv","1767"
"C:\Users\trent\OneDrive\Documents\EDGEIQ_PLATFORM\public\data\edgeiq_caulfield_r7_drop_reason_v1_summary.csv","607"
"C:\Users\trent\OneDrive\Documents\EDGEIQ_PLATFORM\public\data\edgeiq_certainty_engine_v1.csv","2412763"
"C:\Users\trent\OneDrive\Documents\EDGEIQ_PLATFORM\public\data\edgeiq_certainty_engine_v1_best_conditions.csv","27041"
"C:\Users\trent\OneDrive\Documents\EDGEIQ_PLATFORM\public\data\edgeiq_certainty_engine_v1_rules.csv","65036"
"C:\Users\trent\OneDrive\Documents\EDGEIQ_PLATFORM\public\data\edgeiq_certainty_engine_v1_summary.csv","2420"
"C:\Users\trent\OneDrive\Documents\EDGEIQ_PLATFORM\public\data\edgeiq_chaos_index_v1.csv","2561"
"C:\Users\trent\OneDrive\Documents\EDGEIQ_PLATFORM\public\data\edgeiq_chaos_index_v1_audit.csv","964"
"C:\Users\trent\OneDrive\Documents\EDGEIQ_PLATFORM\public\data\edgeiq_chaos_index_v1_summary.csv","70"
"C:\Users\trent\OneDrive\Documents\EDGEIQ_PLATFORM\public\data\edgeiq_class_dna_v1.csv","18713599"
"C:\Users\trent\OneDrive\Documents\EDGEIQ_PLATFORM\public\data\edgeiq_class_dna_v1_summary.csv","548"
"C:\Users\trent\OneDrive\Documents\EDGEIQ_PLATFORM\public\data\edgeiq_class_dna_v1_summary.json","265"
"C:\Users\trent\OneDrive\Documents\EDGEIQ_PLATFORM\public\data\edgeiq_class_dna_v2.csv","4668742"
"C:\Users\trent\OneDrive\Documents\EDGEIQ_PLATFORM\public\data\edgeiq_class_dna_v2_summary.csv","319"
"C:\Users\trent\OneDrive\Documents\EDGEIQ_PLATFORM\public\data\edgeiq_class_dna_v2_summary.json","394"
"C:\Users\trent\OneDrive\Documents\EDGEIQ_PLATFORM\public\data\edgeiq_class_dna_v3.csv","3970714"
"C:\Users\trent\OneDrive\Documents\EDGEIQ_PLATFORM\public\data\edgeiq_class_dna_v3_summary.csv","326"
"C:\Users\trent\OneDrive\Documents\EDGEIQ_PLATFORM\public\data\edgeiq_class_dna_v3_summary.json","401"
"C:\Users\trent\OneDrive\Documents\EDGEIQ_PLATFORM\public\data\edgeiq_class_ladder_v1.csv","3405"
"C:\Users\trent\OneDrive\Documents\EDGEIQ_PLATFORM\public\data\edgeiq_class_ladder_v1_audit.csv","159"
"C:\Users\trent\OneDrive\Documents\EDGEIQ_PLATFORM\public\data\edgeiq_class_normalised_master_v1.csv","24509322"
"C:\Users\trent\OneDrive\Documents\EDGEIQ_PLATFORM\public\data\edgeiq_class_pars_v1.csv","5183"
"C:\Users\trent\OneDrive\Documents\EDGEIQ_PLATFORM\public\data\edgeiq_class_pars_v3.csv","273529"
"C:\Users\trent\OneDrive\Documents\EDGEIQ_PLATFORM\public\data\edgeiq_class_pars_v3_audit.csv","1478"
"C:\Users\trent\OneDrive\Documents\EDGEIQ_PLATFORM\public\data\edgeiq_class_pars_v4_research.csv","4746"
"C:\Users\trent\OneDrive\Documents\EDGEIQ_PLATFORM\public\data\edgeiq_class_pars_v4_research_audit.csv","153"
"C:\Users\trent\OneDrive\Documents\EDGEIQ_PLATFORM\public\data\edgeiq_class_pars_v5.csv","4773"
"C:\Users\trent\OneDrive\Documents\EDGEIQ_PLATFORM\public\data\edgeiq_class_pars_v5_1.csv","5237"
"C:\Users\trent\OneDrive\Documents\EDGEIQ_PLATFORM\public\data\edgeiq_class_pars_v5_1_audit.csv","2537"
"C:\Users\trent\OneDrive\Documents\EDGEIQ_PLATFORM\public\data\edgeiq_class_pars_v5_2.csv","7585"
"C:\Users\trent\OneDrive\Documents\EDGEIQ_PLATFORM\public\data\edgeiq_class_pars_v5_2_audit.csv","4046"
"C:\Users\trent\OneDrive\Documents\EDGEIQ_PLATFORM\public\data\edgeiq_class_pars_v5_2_full_ladder_repair_audit.csv","3925"
"C:\Users\trent\OneDrive\Documents\EDGEIQ_PLATFORM\public\data\edgeiq_class_pars_v5_2_PRE_FULL_LADDER_REPAIR.csv","7454"
"C:\Users\trent\OneDrive\Documents\EDGEIQ_PLATFORM\public\data\edgeiq_class_pars_v5_audit.csv","153"
"C:\Users\trent\OneDrive\Documents\EDGEIQ_PLATFORM\public\data\edgeiq_class_recovery_engine_v1.csv","11654449"
"C:\Users\trent\OneDrive\Documents\EDGEIQ_PLATFORM\public\data\edgeiq_class_recovery_engine_v1_audit.csv","362"
"C:\Users\trent\OneDrive\Documents\EDGEIQ_PLATFORM\public\data\edgeiq_class_recovery_engine_v1_summary.csv","4554"
"C:\Users\trent\OneDrive\Documents\EDGEIQ_PLATFORM\public\data\edgeiq_class_recovery_engine_v2.csv","11656069"
"C:\Users\trent\OneDrive\Documents\EDGEIQ_PLATFORM\public\data\edgeiq_class_recovery_engine_v2_audit.csv","362"
"C:\Users\trent\OneDrive\Documents\EDGEIQ_PLATFORM\public\data\edgeiq_class_recovery_engine_v2_summary.csv","4473"
"C:\Users\trent\OneDrive\Documents\EDGEIQ_PLATFORM\public\data\edgeiq_class_recovery_engine_v3.csv","15289412"
"C:\Users\trent\OneDrive\Documents\EDGEIQ_PLATFORM\public\data\edgeiq_class_recovery_engine_v3_audit.csv","10542"
"C:\Users\trent\OneDrive\Documents\EDGEIQ_PLATFORM\public\data\edgeiq_class_recovery_engine_v3_summary.csv","6758"
"C:\Users\trent\OneDrive\Documents\EDGEIQ_PLATFORM\public\data\edgeiq_class_strength_engine_v1.csv","5279"
"C:\Users\trent\OneDrive\Documents\EDGEIQ_PLATFORM\public\data\edgeiq_class_strength_engine_v1_audit.csv","170"
"C:\Users\trent\OneDrive\Documents\EDGEIQ_PLATFORM\public\data\edgeiq_class_strength_engine_v2.csv","6810"
"C:\Users\trent\OneDrive\Documents\EDGEIQ_PLATFORM\public\data\edgeiq_class_strength_engine_v2_audit.csv","242"
"C:\Users\trent\OneDrive\Documents\EDGEIQ_PLATFORM\public\data\edgeiq_clean_overlay_review_board_v5_2.csv","5464"
"C:\Users\trent\OneDrive\Documents\EDGEIQ_PLATFORM\public\data\edgeiq_clean_overlay_review_board_v5_2_summary.csv","1787"
"C:\Users\trent\OneDrive\Documents\EDGEIQ_PLATFORM\public\data\edgeiq_cloud_worker_status.csv","181"
"C:\Users\trent\OneDrive\Documents\EDGEIQ_PLATFORM\public\data\edgeiq_clv_by_tier_v1.csv","288"
"C:\Users\trent\OneDrive\Documents\EDGEIQ_PLATFORM\public\data\edgeiq_clv_learning_board.csv","110581"
"C:\Users\trent\OneDrive\Documents\EDGEIQ_PLATFORM\public\data\edgeiq_clv_memory.csv","13779"
"C:\Users\trent\OneDrive\Documents\EDGEIQ_PLATFORM\public\data\edgeiq_clv_summary_v1.csv","98"
"C:\Users\trent\OneDrive\Documents\EDGEIQ_PLATFORM\public\data\edgeiq_column_population_v1.csv","10283"
"C:\Users\trent\OneDrive\Documents\EDGEIQ_PLATFORM\public\data\edgeiq_command_10_out_of_10_verified_checkpoint_v1.csv","595"
"C:\Users\trent\OneDrive\Documents\EDGEIQ_PLATFORM\public\data\edgeiq_command_all_issues_fixed_checkpoint_v1.csv","775"
"C:\Users\trent\OneDrive\Documents\EDGEIQ_PLATFORM\public\data\edgeiq_command_all_remaining_issues_audit_v1.csv","54345"
"C:\Users\trent\OneDrive\Documents\EDGEIQ_PLATFORM\public\data\edgeiq_command_all_remaining_issues_final_checkpoint_v1.csv","556"
"C:\Users\trent\OneDrive\Documents\EDGEIQ_PLATFORM\public\data\edgeiq_command_all_remaining_issues_race_summary_v1.csv","2677"
"C:\Users\trent\OneDrive\Documents\EDGEIQ_PLATFORM\public\data\edgeiq_command_campaign_v3_3_final_checkpoint_v1.csv","588"
"C:\Users\trent\OneDrive\Documents\EDGEIQ_PLATFORM\public\data\edgeiq_command_component_mount_fix_v1.csv","555"
"C:\Users\trent\OneDrive\Documents\EDGEIQ_PLATFORM\public\data\edgeiq_command_component_mount_fix_v1_summary.csv","641"
"C:\Users\trent\OneDrive\Documents\EDGEIQ_PLATFORM\public\data\edgeiq_command_confidence_visible_fix_v1.csv","37462"
"C:\Users\trent\OneDrive\Documents\EDGEIQ_PLATFORM\public\data\edgeiq_command_counts_and_scores_v1.csv","12094"
"C:\Users\trent\OneDrive\Documents\EDGEIQ_PLATFORM\public\data\edgeiq_command_counts_and_scores_v1_summary.csv","418"
"C:\Users\trent\OneDrive\Documents\EDGEIQ_PLATFORM\public\data\edgeiq_command_current_race_consistency_v1.csv","1764"
"C:\Users\trent\OneDrive\Documents\EDGEIQ_PLATFORM\public\data\edgeiq_command_current_race_consistency_v1_summary.csv","309"
"C:\Users\trent\OneDrive\Documents\EDGEIQ_PLATFORM\public\data\edgeiq_command_current_race_consistency_v3_2.csv","2390"
"C:\Users\trent\OneDrive\Documents\EDGEIQ_PLATFORM\public\data\edgeiq_command_current_race_consistency_v3_2_summary.csv","243"
"C:\Users\trent\OneDrive\Documents\EDGEIQ_PLATFORM\public\data\edgeiq_command_enrichment_build_v1.csv","890"
"C:\Users\trent\OneDrive\Documents\EDGEIQ_PLATFORM\public\data\edgeiq_command_enrichment_build_v1_summary.csv","890"
"C:\Users\trent\OneDrive\Documents\EDGEIQ_PLATFORM\public\data\edgeiq_command_enrichment_checkpoint_v1.csv","731"
"C:\Users\trent\OneDrive\Documents\EDGEIQ_PLATFORM\public\data\edgeiq_command_enrichment_feed_v1.csv","215148"
"C:\Users\trent\OneDrive\Documents\EDGEIQ_PLATFORM\public\data\edgeiq_command_enrichment_feed_v1_audit.csv","60827"
"C:\Users\trent\OneDrive\Documents\EDGEIQ_PLATFORM\public\data\edgeiq_command_enrichment_feed_v1_summary.csv","296"
"C:\Users\trent\OneDrive\Documents\EDGEIQ_PLATFORM\public\data\edgeiq_command_enrichment_feed_v2.csv","786358"
"C:\Users\trent\OneDrive\Documents\EDGEIQ_PLATFORM\public\data\edgeiq_command_enrichment_feed_v2_audit.csv","84350"
"C:\Users\trent\OneDrive\Documents\EDGEIQ_PLATFORM\public\data\edgeiq_command_enrichment_feed_v2_FRESH_CURRENT.csv","131592"
"C:\Users\trent\OneDrive\Documents\EDGEIQ_PLATFORM\public\data\edgeiq_command_enrichment_feed_v2_fresh_current_v1_audit.csv","1123"
"C:\Users\trent\OneDrive\Documents\EDGEIQ_PLATFORM\public\data\edgeiq_command_enrichment_feed_v2_fresh_current_v1_summary.csv","266"
"C:\Users\trent\OneDrive\Documents\EDGEIQ_PLATFORM\public\data\edgeiq_command_enrichment_feed_v2_RECOVERY_CANDIDATE.csv","220527"
"C:\Users\trent\OneDrive\Documents\EDGEIQ_PLATFORM\public\data\edgeiq_command_enrichment_feed_v2_summary.csv","421"
"C:\Users\trent\OneDrive\Documents\EDGEIQ_PLATFORM\public\data\edgeiq_command_enrichment_feed_v3.csv","801126"
"C:\Users\trent\OneDrive\Documents\EDGEIQ_PLATFORM\public\data\edgeiq_command_enrichment_feed_v3_1.csv","657074"
"C:\Users\trent\OneDrive\Documents\EDGEIQ_PLATFORM\public\data\edgeiq_command_enrichment_feed_v3_1_audit.csv","1269"
"C:\Users\trent\OneDrive\Documents\EDGEIQ_PLATFORM\public\data\edgeiq_command_enrichment_feed_v3_1_summary.csv","377"
"C:\Users\trent\OneDrive\Documents\EDGEIQ_PLATFORM\public\data\edgeiq_command_enrichment_feed_v3_2.csv","709328"
"C:\Users\trent\OneDrive\Documents\EDGEIQ_PLATFORM\public\data\edgeiq_command_enrichment_feed_v3_2_audit.csv","30656"
"C:\Users\trent\OneDrive\Documents\EDGEIQ_PLATFORM\public\data\edgeiq_command_enrichment_feed_v3_2_summary.csv","404"
"C:\Users\trent\OneDrive\Documents\EDGEIQ_PLATFORM\public\data\edgeiq_command_enrichment_feed_v3_3.csv","786358"
"C:\Users\trent\OneDrive\Documents\EDGEIQ_PLATFORM\public\data\edgeiq_command_enrichment_feed_v3_3_audit.csv","35938"
"C:\Users\trent\OneDrive\Documents\EDGEIQ_PLATFORM\public\data\edgeiq_command_enrichment_feed_v3_3_summary.csv","340"
"C:\Users\trent\OneDrive\Documents\EDGEIQ_PLATFORM\public\data\edgeiq_command_enrichment_feed_v3_audit.csv","1568"
"C:\Users\trent\OneDrive\Documents\EDGEIQ_PLATFORM\public\data\edgeiq_command_enrichment_feed_v3_BACKUP_BEFORE_CONFIDENCE_FIX_20260628.csv","791125"
"C:\Users\trent\OneDrive\Documents\EDGEIQ_PLATFORM\public\data\edgeiq_command_enrichment_feed_v3_BACKUP_BEFORE_DISTANCE_FULL_FIX_20260628.csv","801126"
"C:\Users\trent\OneDrive\Documents\EDGEIQ_PLATFORM\public\data\edgeiq_command_enrichment_feed_v3_BACKUP_BEFORE_DISTANCE_PROFILE_FIX_20260628.csv","801008"
"C:\Users\trent\OneDrive\Documents\EDGEIQ_PLATFORM\public\data\edgeiq_command_enrichment_feed_v3_BACKUP_BEFORE_FULL_PROGRAM_DISTANCE_AUDIT_FIX_20260628.csv","801126"
"C:\Users\trent\OneDrive\Documents\EDGEIQ_PLATFORM\public\data\edgeiq_command_enrichment_feed_v3_summary.csv","278"
"C:\Users\trent\OneDrive\Documents\EDGEIQ_PLATFORM\public\data\edgeiq_command_enrichment_ui_post_update_v1.csv","716"
"C:\Users\trent\OneDrive\Documents\EDGEIQ_PLATFORM\public\data\edgeiq_command_enrichment_ui_post_update_v1_summary.csv","294"
"C:\Users\trent\OneDrive\Documents\EDGEIQ_PLATFORM\public\data\edgeiq_command_enrichment_ui_update_v1.csv","293"
"C:\Users\trent\OneDrive\Documents\EDGEIQ_PLATFORM\public\data\edgeiq_command_enrichment_ui_update_v1_summary.csv","293"
"C:\Users\trent\OneDrive\Documents\EDGEIQ_PLATFORM\public\data\edgeiq_command_final_integrity_audit_v1.csv","378418"
"C:\Users\trent\OneDrive\Documents\EDGEIQ_PLATFORM\public\data\edgeiq_command_final_integrity_race_summary_v1.csv","8470"
"C:\Users\trent\OneDrive\Documents\EDGEIQ_PLATFORM\public\data\edgeiq_command_render_tree_v1.csv","50478"
"C:\Users\trent\OneDrive\Documents\EDGEIQ_PLATFORM\public\data\edgeiq_command_render_tree_v1_summary.csv","550"
"C:\Users\trent\OneDrive\Documents\EDGEIQ_PLATFORM\public\data\edgeiq_command_trajectory_v3_2_final_checkpoint_v1.csv","495"
"C:\Users\trent\OneDrive\Documents\EDGEIQ_PLATFORM\public\data\edgeiq_command_v3_1_apply_v1.csv","168"
"C:\Users\trent\OneDrive\Documents\EDGEIQ_PLATFORM\public\data\edgeiq_command_v3_1_apply_v1_summary.csv","579"
"C:\Users\trent\OneDrive\Documents\EDGEIQ_PLATFORM\public\data\edgeiq_command_v3_2_apply_v1.csv","218"
"C:\Users\trent\OneDrive\Documents\EDGEIQ_PLATFORM\public\data\edgeiq_command_v3_2_apply_v1_summary.csv","680"
"C:\Users\trent\OneDrive\Documents\EDGEIQ_PLATFORM\public\data\edgeiq_command_v3_3_apply_v1.csv","188"
"C:\Users\trent\OneDrive\Documents\EDGEIQ_PLATFORM\public\data\edgeiq_command_v3_3_apply_v1_summary.csv","677"
"C:\Users\trent\OneDrive\Documents\EDGEIQ_PLATFORM\public\data\edgeiq_command_v3_apply_v1.csv","308"
"C:\Users\trent\OneDrive\Documents\EDGEIQ_PLATFORM\public\data\edgeiq_command_v3_apply_v1_summary.csv","592"
"C:\Users\trent\OneDrive\Documents\EDGEIQ_PLATFORM\public\data\edgeiq_command_v3_build_v1.csv","811"
"C:\Users\trent\OneDrive\Documents\EDGEIQ_PLATFORM\public\data\edgeiq_command_v3_build_v1_summary.csv","93"
"C:\Users\trent\OneDrive\Documents\EDGEIQ_PLATFORM\public\data\edgeiq_command_v3_merge_v1.csv","29841"
"C:\Users\trent\OneDrive\Documents\EDGEIQ_PLATFORM\public\data\edgeiq_command_v3_merge_v1_summary.csv","178"
"C:\Users\trent\OneDrive\Documents\EDGEIQ_PLATFORM\public\data\edgeiq_command_v3_ui_update_v1.csv","723"
"C:\Users\trent\OneDrive\Documents\EDGEIQ_PLATFORM\public\data\edgeiq_command_v3_ui_update_v1_summary.csv","723"
"C:\Users\trent\OneDrive\Documents\EDGEIQ_PLATFORM\public\data\edgeiq_composite_dna_v1.csv","11589111"
"C:\Users\trent\OneDrive\Documents\EDGEIQ_PLATFORM\public\data\edgeiq_composite_dna_v1_summary.csv","232"
"C:\Users\trent\OneDrive\Documents\EDGEIQ_PLATFORM\public\data\edgeiq_composite_dna_v2.csv","20271930"
"C:\Users\trent\OneDrive\Documents\EDGEIQ_PLATFORM\public\data\edgeiq_composite_dna_v2_1.csv","30540149"
"C:\Users\trent\OneDrive\Documents\EDGEIQ_PLATFORM\public\data\edgeiq_composite_dna_v2_CHECKPOINT_20260622_191830.csv","20271930"
"C:\Users\trent\OneDrive\Documents\EDGEIQ_PLATFORM\public\data\edgeiq_composite_dna_v2_distribution.csv","651214"
"C:\Users\trent\OneDrive\Documents\EDGEIQ_PLATFORM\public\data\edgeiq_composite_dna_v2_summary.csv","306"
"C:\Users\trent\OneDrive\Documents\EDGEIQ_PLATFORM\public\data\edgeiq_comprehensive_predictive_model_research_v1.csv","21978789"
"C:\Users\trent\OneDrive\Documents\EDGEIQ_PLATFORM\public\data\edgeiq_comprehensive_predictive_model_research_v1_backtest.csv","6877"
"C:\Users\trent\OneDrive\Documents\EDGEIQ_PLATFORM\public\data\edgeiq_comprehensive_predictive_model_research_v1_by_class.csv","19121"
"C:\Users\trent\OneDrive\Documents\EDGEIQ_PLATFORM\public\data\edgeiq_comprehensive_predictive_model_research_v1_by_distance.csv","5897"
"C:\Users\trent\OneDrive\Documents\EDGEIQ_PLATFORM\public\data\edgeiq_comprehensive_predictive_model_research_v1_by_field_size.csv","6247"
"C:\Users\trent\OneDrive\Documents\EDGEIQ_PLATFORM\public\data\edgeiq_comprehensive_predictive_model_research_v1_by_track.csv","57217"
"C:\Users\trent\OneDrive\Documents\EDGEIQ_PLATFORM\public\data\edgeiq_comprehensive_predictive_model_research_v1_feature_inventory.csv","602546"
"C:\Users\trent\OneDrive\Documents\EDGEIQ_PLATFORM\public\data\edgeiq_comprehensive_predictive_model_research_v1_feature_quality.csv","311"
"C:\Users\trent\OneDrive\Documents\EDGEIQ_PLATFORM\public\data\edgeiq_comprehensive_predictive_model_research_v1_leakage_audit.csv","769"
"C:\Users\trent\OneDrive\Documents\EDGEIQ_PLATFORM\public\data\edgeiq_comprehensive_predictive_model_research_v1_summary.csv","2783"
"C:\Users\trent\OneDrive\Documents\EDGEIQ_PLATFORM\public\data\edgeiq_condition_bias_by_track_v1.csv","163592"
"C:\Users\trent\OneDrive\Documents\EDGEIQ_PLATFORM\public\data\edgeiq_condition_bias_summary_v1.csv","217"
"C:\Users\trent\OneDrive\Documents\EDGEIQ_PLATFORM\public\data\edgeiq_condition_bias_v1.csv","47752257"
"C:\Users\trent\OneDrive\Documents\EDGEIQ_PLATFORM\public\data\edgeiq_condition_dna_v1.csv","14288105"
"C:\Users\trent\OneDrive\Documents\EDGEIQ_PLATFORM\public\data\edgeiq_condition_dna_v1_summary.csv","430"
"C:\Users\trent\OneDrive\Documents\EDGEIQ_PLATFORM\public\data\edgeiq_condition_dna_v1_summary.json","210"
"C:\Users\trent\OneDrive\Documents\EDGEIQ_PLATFORM\public\data\edgeiq_condition_pars_v1.csv","439"
"C:\Users\trent\OneDrive\Documents\EDGEIQ_PLATFORM\public\data\edgeiq_condition_pars_v3.csv","1152"
"C:\Users\trent\OneDrive\Documents\EDGEIQ_PLATFORM\public\data\edgeiq_condition_pars_v3_audit.csv","5388"
"C:\Users\trent\OneDrive\Documents\EDGEIQ_PLATFORM\public\data\edgeiq_condition_pars_v5.csv","724"
"C:\Users\trent\OneDrive\Documents\EDGEIQ_PLATFORM\public\data\edgeiq_condition_pars_v5_1.csv","1363"
"C:\Users\trent\OneDrive\Documents\EDGEIQ_PLATFORM\public\data\edgeiq_condition_pars_v5_1_audit.csv","1081"
"C:\Users\trent\OneDrive\Documents\EDGEIQ_PLATFORM\public\data\edgeiq_condition_pars_v5_audit.csv","154"
"C:\Users\trent\OneDrive\Documents\EDGEIQ_PLATFORM\public\data\edgeiq_confidence_breakdown_v1.csv","124174"
"C:\Users\trent\OneDrive\Documents\EDGEIQ_PLATFORM\public\data\edgeiq_confidence_breakdown_v1_summary.csv","258"
"C:\Users\trent\OneDrive\Documents\EDGEIQ_PLATFORM\public\data\edgeiq_confidence_calibration_v1.csv","2770"
"C:\Users\trent\OneDrive\Documents\EDGEIQ_PLATFORM\public\data\edgeiq_connection_context_research_v1.csv","300845"
"C:\Users\trent\OneDrive\Documents\EDGEIQ_PLATFORM\public\data\edgeiq_connection_context_research_v1_summary.csv","250"
"C:\Users\trent\OneDrive\Documents\EDGEIQ_PLATFORM\public\data\edgeiq_connection_context_research_v2_stability.csv","407464"
"C:\Users\trent\OneDrive\Documents\EDGEIQ_PLATFORM\public\data\edgeiq_connection_context_research_v2_stability_summary.csv","249"
"C:\Users\trent\OneDrive\Documents\EDGEIQ_PLATFORM\public\data\edgeiq_connection_flip_races_v1.csv","62944"
"C:\Users\trent\OneDrive\Documents\EDGEIQ_PLATFORM\public\data\edgeiq_connection_flip_races_v1_summary.csv","184"
"C:\Users\trent\OneDrive\Documents\EDGEIQ_PLATFORM\public\data\edgeiq_connection_frontend_join_audit_v1.csv","2559"
"C:\Users\trent\OneDrive\Documents\EDGEIQ_PLATFORM\public\data\edgeiq_connection_frontend_join_audit_v1_summary.csv","703"
"C:\Users\trent\OneDrive\Documents\EDGEIQ_PLATFORM\public\data\edgeiq_connection_intelligence_v1.csv","62191"
"C:\Users\trent\OneDrive\Documents\EDGEIQ_PLATFORM\public\data\edgeiq_connection_intelligence_v1_join_audit.csv","44272"
"C:\Users\trent\OneDrive\Documents\EDGEIQ_PLATFORM\public\data\edgeiq_connection_intelligence_v1_join_audit_summary.csv","289"
"C:\Users\trent\OneDrive\Documents\EDGEIQ_PLATFORM\public\data\edgeiq_connection_intelligence_v1_summary.csv","555"
"C:\Users\trent\OneDrive\Documents\EDGEIQ_PLATFORM\public\data\edgeiq_connection_intelligence_v2.csv","167810"
"C:\Users\trent\OneDrive\Documents\EDGEIQ_PLATFORM\public\data\edgeiq_connection_intelligence_v2_1.csv","375050"
"C:\Users\trent\OneDrive\Documents\EDGEIQ_PLATFORM\public\data\edgeiq_connection_intelligence_v2_1_audit.csv","92541"
"C:\Users\trent\OneDrive\Documents\EDGEIQ_PLATFORM\public\data\edgeiq_connection_intelligence_v2_1_quality_audit.csv","793"
"C:\Users\trent\OneDrive\Documents\EDGEIQ_PLATFORM\public\data\edgeiq_connection_intelligence_v2_1_quality_summary.csv","463"
"C:\Users\trent\OneDrive\Documents\EDGEIQ_PLATFORM\public\data\edgeiq_connection_intelligence_v2_1_summary.csv","504"
"C:\Users\trent\OneDrive\Documents\EDGEIQ_PLATFORM\public\data\edgeiq_connection_intelligence_v2_audit.csv","40580"
"C:\Users\trent\OneDrive\Documents\EDGEIQ_PLATFORM\public\data\edgeiq_connection_intelligence_v2_quality_audit.csv","695"
"C:\Users\trent\OneDrive\Documents\EDGEIQ_PLATFORM\public\data\edgeiq_connection_intelligence_v2_quality_summary.csv","317"
"C:\Users\trent\OneDrive\Documents\EDGEIQ_PLATFORM\public\data\edgeiq_connection_intelligence_v2_summary.csv","289"
"C:\Users\trent\OneDrive\Documents\EDGEIQ_PLATFORM\public\data\edgeiq_connection_render_state_v1.csv","35093"
"C:\Users\trent\OneDrive\Documents\EDGEIQ_PLATFORM\public\data\edgeiq_connection_render_state_v1_summary.csv","459"
"C:\Users\trent\OneDrive\Documents\EDGEIQ_PLATFORM\public\data\edgeiq_connection_score_bucket_flip_analysis_v1.csv","91125"
"C:\Users\trent\OneDrive\Documents\EDGEIQ_PLATFORM\public\data\edgeiq_connection_score_bucket_flip_analysis_v1_summary.csv","454"
"C:\Users\trent\OneDrive\Documents\EDGEIQ_PLATFORM\public\data\edgeiq_connection_source_trace_all_current_v1.csv","489584"
"C:\Users\trent\OneDrive\Documents\EDGEIQ_PLATFORM\public\data\edgeiq_connection_source_trace_all_current_v1_summary.csv","293"
"C:\Users\trent\OneDrive\Documents\EDGEIQ_PLATFORM\public\data\edgeiq_connection_ui_join_v1.csv","76704"
"C:\Users\trent\OneDrive\Documents\EDGEIQ_PLATFORM\public\data\edgeiq_connection_ui_join_v1_summary.csv","155"
"C:\Users\trent\OneDrive\Documents\EDGEIQ_PLATFORM\public\data\edgeiq_connection_universe_audit_v1.csv","3146240"
"C:\Users\trent\OneDrive\Documents\EDGEIQ_PLATFORM\public\data\edgeiq_connection_universe_audit_v1_summary.csv","487"
"C:\Users\trent\OneDrive\Documents\EDGEIQ_PLATFORM\public\data\edgeiq_connection_v2_coverage_gap_audit_v1.csv","69932"
"C:\Users\trent\OneDrive\Documents\EDGEIQ_PLATFORM\public\data\edgeiq_connection_v2_coverage_gap_summary_v1.csv","1008"
"C:\Users\trent\OneDrive\Documents\EDGEIQ_PLATFORM\public\data\edgeiq_connection_view_engine_v1.csv","125482"
"C:\Users\trent\OneDrive\Documents\EDGEIQ_PLATFORM\public\data\edgeiq_connection_view_engine_v1_summary.csv","193"
"C:\Users\trent\OneDrive\Documents\EDGEIQ_PLATFORM\public\data\edgeiq_contextual_learning_engine_v1.csv","762887"
"C:\Users\trent\OneDrive\Documents\EDGEIQ_PLATFORM\public\data\edgeiq_contextual_learning_summary_v1.csv","1896"
"C:\Users\trent\OneDrive\Documents\EDGEIQ_PLATFORM\public\data\edgeiq_contextual_probability_engine_v5.csv","737595"
"C:\Users\trent\OneDrive\Documents\EDGEIQ_PLATFORM\public\data\edgeiq_contextual_probability_engine_v5_diagnostics.csv","179"
"C:\Users\trent\OneDrive\Documents\EDGEIQ_PLATFORM\public\data\edgeiq_contextual_result_link_v1.csv","760971"
"C:\Users\trent\OneDrive\Documents\EDGEIQ_PLATFORM\public\data\edgeiq_contextual_result_link_v1_diagnostics.csv","146"
"C:\Users\trent\OneDrive\Documents\EDGEIQ_PLATFORM\public\data\edgeiq_context_engine_v1_source_audit.csv","6474"
"C:\Users\trent\OneDrive\Documents\EDGEIQ_PLATFORM\public\data\edgeiq_context_engine_v1_source_audit_summary.csv","346"
"C:\Users\trent\OneDrive\Documents\EDGEIQ_PLATFORM\public\data\edgeiq_context_parameter_registry_v1.csv","441"
"C:\Users\trent\OneDrive\Documents\EDGEIQ_PLATFORM\public\data\edgeiq_context_parameter_registry_v1_audit.json","1790"
"C:\Users\trent\OneDrive\Documents\EDGEIQ_PLATFORM\public\data\edgeiq_context_parameter_registry_v1_summary.csv","364"
"C:\Users\trent\OneDrive\Documents\EDGEIQ_PLATFORM\public\data\edgeiq_context_translation_engine_v1.csv","116420"
"C:\Users\trent\OneDrive\Documents\EDGEIQ_PLATFORM\public\data\edgeiq_context_translation_engine_v1_summary.csv","167"
"C:\Users\trent\OneDrive\Documents\EDGEIQ_PLATFORM\public\data\edgeiq_context_warehouse_v1.csv","4370920"
"C:\Users\trent\OneDrive\Documents\EDGEIQ_PLATFORM\public\data\edgeiq_context_warehouse_v1_quality_audit.csv","424"
"C:\Users\trent\OneDrive\Documents\EDGEIQ_PLATFORM\public\data\edgeiq_context_warehouse_v1_quality_audit_summary.csv","197"
"C:\Users\trent\OneDrive\Documents\EDGEIQ_PLATFORM\public\data\edgeiq_context_warehouse_v1_summary.csv","170"
"C:\Users\trent\OneDrive\Documents\EDGEIQ_PLATFORM\public\data\edgeiq_context_warehouse_v2_graphql.csv","299417169"
"C:\Users\trent\OneDrive\Documents\EDGEIQ_PLATFORM\public\data\edgeiq_context_warehouse_v2_graphql_CHECKPOINT_20260623_165745.csv","299417169"
"C:\Users\trent\OneDrive\Documents\EDGEIQ_PLATFORM\public\data\edgeiq_context_warehouse_v2_graphql_signal_view.csv","2521394"
"C:\Users\trent\OneDrive\Documents\EDGEIQ_PLATFORM\public\data\edgeiq_context_warehouse_v2_graphql_signal_view_CHECKPOINT_20260623_165745.csv","2521394"
"C:\Users\trent\OneDrive\Documents\EDGEIQ_PLATFORM\public\data\edgeiq_context_warehouse_v2_graphql_signal_view_summary.csv","228"
"C:\Users\trent\OneDrive\Documents\EDGEIQ_PLATFORM\public\data\edgeiq_context_warehouse_v2_graphql_summary.csv","244"
"C:\Users\trent\OneDrive\Documents\EDGEIQ_PLATFORM\public\data\edgeiq_core_market_table.csv","771780"
"C:\Users\trent\OneDrive\Documents\EDGEIQ_PLATFORM\public\data\edgeiq_counterfactual_engine_v1.csv","1698"
"C:\Users\trent\OneDrive\Documents\EDGEIQ_PLATFORM\public\data\edgeiq_counts_scores_build_v1.csv","890"
"C:\Users\trent\OneDrive\Documents\EDGEIQ_PLATFORM\public\data\edgeiq_counts_scores_build_v1_summary.csv","890"
"C:\Users\trent\OneDrive\Documents\EDGEIQ_PLATFORM\public\data\edgeiq_counts_scores_checkpoint_v1.csv","637"
"C:\Users\trent\OneDrive\Documents\EDGEIQ_PLATFORM\public\data\edgeiq_counts_scores_ui_post_update_v1.csv","1188"
"C:\Users\trent\OneDrive\Documents\EDGEIQ_PLATFORM\public\data\edgeiq_counts_scores_ui_post_update_v1_summary.csv","179"
"C:\Users\trent\OneDrive\Documents\EDGEIQ_PLATFORM\public\data\edgeiq_counts_scores_ui_update_v1.csv","478"
"C:\Users\trent\OneDrive\Documents\EDGEIQ_PLATFORM\public\data\edgeiq_counts_scores_ui_update_v1_summary.csv","478"
"C:\Users\trent\OneDrive\Documents\EDGEIQ_PLATFORM\public\data\edgeiq_csv_click_network_capture_v1.csv","377"
"C:\Users\trent\OneDrive\Documents\EDGEIQ_PLATFORM\public\data\edgeiq_current_analytical_matching_repair_v1_apply.json","3473"
"C:\Users\trent\OneDrive\Documents\EDGEIQ_PLATFORM\public\data\edgeiq_current_analytical_matching_repair_v1_audit.json","3328"
"C:\Users\trent\OneDrive\Documents\EDGEIQ_PLATFORM\public\data\edgeiq_current_app_beta_smoke_v1_audit.json","4977"
"C:\Users\trent\OneDrive\Documents\EDGEIQ_PLATFORM\public\data\edgeiq_current_app_dependency_graph_v1_audit.json","388"
"C:\Users\trent\OneDrive\Documents\EDGEIQ_PLATFORM\public\data\edgeiq_current_day_artifact_freshness_v1.csv","1775"
"C:\Users\trent\OneDrive\Documents\EDGEIQ_PLATFORM\public\data\edgeiq_current_day_full_refresh_v1_status.json","12573"
"C:\Users\trent\OneDrive\Documents\EDGEIQ_PLATFORM\public\data\edgeiq_current_day_full_refresh_v1_summary.csv","1700"
"C:\Users\trent\OneDrive\Documents\EDGEIQ_PLATFORM\public\data\edgeiq_current_day_source_inventory_audit_v1.csv","3286"
"C:\Users\trent\OneDrive\Documents\EDGEIQ_PLATFORM\public\data\edgeiq_current_day_source_inventory_summary_v1.csv","1142"
"C:\Users\trent\OneDrive\Documents\EDGEIQ_PLATFORM\public\data\edgeiq_current_day_v7_1_candidate_from_live_board_v1.csv","389818"
"C:\Users\trent\OneDrive\Documents\EDGEIQ_PLATFORM\public\data\edgeiq_current_day_v7_1_candidate_from_live_board_v1_audit.csv","623"
"C:\Users\trent\OneDrive\Documents\EDGEIQ_PLATFORM\public\data\edgeiq_current_day_v7_1_candidate_from_live_board_v1_summary.csv","684"
"C:\Users\trent\OneDrive\Documents\EDGEIQ_PLATFORM\public\data\edgeiq_current_day_v7_1_source_columns_v1.csv","2511"
"C:\Users\trent\OneDrive\Documents\EDGEIQ_PLATFORM\public\data\edgeiq_current_day_v7_1_source_columns_v1_summary.csv","375"
"C:\Users\trent\OneDrive\Documents\EDGEIQ_PLATFORM\public\data\edgeiq_current_day_v7_1_validation_checkpoint_v1.csv","1156"
"C:\Users\trent\OneDrive\Documents\EDGEIQ_PLATFORM\public\data\edgeiq_current_day_v7_2_hybrid_candidate_v1.csv","383407"
"C:\Users\trent\OneDrive\Documents\EDGEIQ_PLATFORM\public\data\edgeiq_current_day_v7_2_hybrid_candidate_v1_audit.csv","619"
"C:\Users\trent\OneDrive\Documents\EDGEIQ_PLATFORM\public\data\edgeiq_current_day_v7_2_hybrid_candidate_v1_summary.csv","632"
"C:\Users\trent\OneDrive\Documents\EDGEIQ_PLATFORM\public\data\edgeiq_current_dna_universe_audit_v1.csv","1174"
"C:\Users\trent\OneDrive\Documents\EDGEIQ_PLATFORM\public\data\edgeiq_current_dna_universe_audit_v1_summary.csv","539"
"C:\Users\trent\OneDrive\Documents\EDGEIQ_PLATFORM\public\data\edgeiq_current_early_speed_v1.csv","39464"
"C:\Users\trent\OneDrive\Documents\EDGEIQ_PLATFORM\public\data\edgeiq_current_early_speed_v1.json","152291"
"C:\Users\trent\OneDrive\Documents\EDGEIQ_PLATFORM\public\data\edgeiq_current_early_speed_v1_evidence_audit.csv","87784"
"C:\Users\trent\OneDrive\Documents\EDGEIQ_PLATFORM\public\data\edgeiq_current_early_speed_v1_gap_audit.csv","10950"
"C:\Users\trent\OneDrive\Documents\EDGEIQ_PLATFORM\public\data\edgeiq_current_epf_feed_v1.csv","92465"
"C:\Users\trent\OneDrive\Documents\EDGEIQ_PLATFORM\public\data\edgeiq_current_epf_feed_v1_1.csv","111544"
"C:\Users\trent\OneDrive\Documents\EDGEIQ_PLATFORM\public\data\edgeiq_current_epf_feed_v1_1_audit.csv","978"
"C:\Users\trent\OneDrive\Documents\EDGEIQ_PLATFORM\public\data\edgeiq_current_epf_feed_v1_1_summary.csv","451"
"C:\Users\trent\OneDrive\Documents\EDGEIQ_PLATFORM\public\data\edgeiq_current_epf_feed_v1_audit.csv","612"
"C:\Users\trent\OneDrive\Documents\EDGEIQ_PLATFORM\public\data\edgeiq_current_epf_feed_v1_summary.csv","450"
"C:\Users\trent\OneDrive\Documents\EDGEIQ_PLATFORM\public\data\edgeiq_current_eri_results_readiness_v1_audit.json","6788"
"C:\Users\trent\OneDrive\Documents\EDGEIQ_PLATFORM\public\data\edgeiq_current_evidence_fix_candidate_fresh_v1_audit.csv","47721"
"C:\Users\trent\OneDrive\Documents\EDGEIQ_PLATFORM\public\data\edgeiq_current_evidence_fix_candidate_fresh_v1_summary.csv","267"
"C:\Users\trent\OneDrive\Documents\EDGEIQ_PLATFORM\public\data\edgeiq_current_fair_prices_review_v5_2.csv","72184"
"C:\Users\trent\OneDrive\Documents\EDGEIQ_PLATFORM\public\data\edgeiq_current_fair_prices_review_v5_2_audit.csv","14443"
"C:\Users\trent\OneDrive\Documents\EDGEIQ_PLATFORM\public\data\edgeiq_current_fair_prices_review_v5_2_CHECKPOINT_BEFORE_CURRENT_INTEL_REBUILD_20260711_154418.csv","33228"
"C:\Users\trent\OneDrive\Documents\EDGEIQ_PLATFORM\public\data\edgeiq_current_fair_prices_review_v5_2_CHECKPOINT_BEFORE_CURRENT_INTEL_REBUILD_20260711_163748.csv","72184"
"C:\Users\trent\OneDrive\Documents\EDGEIQ_PLATFORM\public\data\edgeiq_current_fair_prices_review_v5_2_CHECKPOINT_BEFORE_CURRENT_INTEL_REBUILD_20260711_193502.csv","72184"
"C:\Users\trent\OneDrive\Documents\EDGEIQ_PLATFORM\public\data\edgeiq_current_fair_prices_review_v5_2_CHECKPOINT_BEFORE_CURRENT_INTEL_REBUILD_20260711_211017.csv","72184"
"C:\Users\trent\OneDrive\Documents\EDGEIQ_PLATFORM\public\data\edgeiq_current_fair_prices_review_v5_2_CHECKPOINT_BEFORE_CURRENT_INTEL_REBUILD_20260712_065207.csv","72184"
"C:\Users\trent\OneDrive\Documents\EDGEIQ_PLATFORM\public\data\edgeiq_current_fair_prices_sportsbet_comparison_v5_2.csv","179651"
"C:\Users\trent\OneDrive\Documents\EDGEIQ_PLATFORM\public\data\edgeiq_current_fair_prices_sportsbet_comparison_v5_2_audit.csv","20256"
"C:\Users\trent\OneDrive\Documents\EDGEIQ_PLATFORM\public\data\edgeiq_current_fair_prices_v5_2_research_replay.csv","413824"
"C:\Users\trent\OneDrive\Documents\EDGEIQ_PLATFORM\public\data\edgeiq_current_fair_prices_v5_2_research_replay_summary.csv","434"
"C:\Users\trent\OneDrive\Documents\EDGEIQ_PLATFORM\public\data\edgeiq_current_fair_prices_v6_1_BACKFILLED_GOVERNED_CANDIDATE_20260617.csv","77089"
"C:\Users\trent\OneDrive\Documents\EDGEIQ_PLATFORM\public\data\edgeiq_current_fair_prices_v6_1_BACKFILLED_GOVERNED_CANDIDATE_20260617_summary.csv","174"
"C:\Users\trent\OneDrive\Documents\EDGEIQ_PLATFORM\public\data\edgeiq_current_fair_prices_V6_1_RESEARCH_BACKFILLED_GOVERNED_CANDIDATE_20260617.csv","82945"
"C:\Users\trent\OneDrive\Documents\EDGEIQ_PLATFORM\public\data\edgeiq_current_fair_prices_V6_1_RESEARCH_BACKFILLED_GOVERNED_CANDIDATE_20260617_summary.csv","343"
"C:\Users\trent\OneDrive\Documents\EDGEIQ_PLATFORM\public\data\edgeiq_current_fair_prices_V6_1_RESEARCH_BACKFILL_FILTER_V3_20260617.csv","87871"
"C:\Users\trent\OneDrive\Documents\EDGEIQ_PLATFORM\public\data\edgeiq_current_fair_prices_V6_1_RESEARCH_BACKFILL_FILTER_V3_20260617_summary.csv","607"
"C:\Users\trent\OneDrive\Documents\EDGEIQ_PLATFORM\public\data\edgeiq_current_fair_prices_V6_1_RESEARCH_replay.csv","192908"
"C:\Users\trent\OneDrive\Documents\EDGEIQ_PLATFORM\public\data\edgeiq_current_fair_prices_V6_1_RESEARCH_replay_CHECKPOINT_20260614.csv","413559"
"C:\Users\trent\OneDrive\Documents\EDGEIQ_PLATFORM\public\data\edgeiq_current_fair_prices_v6_1_research_replay_CHECKPOINT_BACKFILLED_GOVERNANCE_20260617.csv","78350"
"C:\Users\trent\OneDrive\Documents\EDGEIQ_PLATFORM\public\data\edgeiq_current_fair_prices_V6_1_RESEARCH_replay_summary.csv","531"
"C:\Users\trent\OneDrive\Documents\EDGEIQ_PLATFORM\public\data\edgeiq_current_fair_prices_V6_1_RESEARCH_replay_WORKING_100_RESEARCH_10_FALLBACK_20260615.csv","117094"
"C:\Users\trent\OneDrive\Documents\EDGEIQ_PLATFORM\public\data\edgeiq_current_fair_prices_v6_research_replay.csv","413541"
"C:\Users\trent\OneDrive\Documents\EDGEIQ_PLATFORM\public\data\edgeiq_current_fair_prices_v6_research_replay_summary.csv","406"
"C:\Users\trent\OneDrive\Documents\EDGEIQ_PLATFORM\public\data\edgeiq_current_field_projection_v5_1.csv","46249"
"C:\Users\trent\OneDrive\Documents\EDGEIQ_PLATFORM\public\data\edgeiq_current_field_projection_v5_1_audit.csv","11656"
"C:\Users\trent\OneDrive\Documents\EDGEIQ_PLATFORM\public\data\edgeiq_current_field_projection_v5_2.csv","317883"
"C:\Users\trent\OneDrive\Documents\EDGEIQ_PLATFORM\public\data\edgeiq_current_field_projection_v5_2_audit.csv","24596"
"C:\Users\trent\OneDrive\Documents\EDGEIQ_PLATFORM\public\data\edgeiq_current_field_projection_v5_2_CHECKPOINT_BEFORE_CURRENT_INTEL_REBUILD_20260711_154418.csv","152093"
"C:\Users\trent\OneDrive\Documents\EDGEIQ_PLATFORM\public\data\edgeiq_current_field_projection_v5_2_CHECKPOINT_BEFORE_CURRENT_INTEL_REBUILD_20260711_163748.csv","317883"
"C:\Users\trent\OneDrive\Documents\EDGEIQ_PLATFORM\public\data\edgeiq_current_field_projection_v5_2_CHECKPOINT_BEFORE_CURRENT_INTEL_REBUILD_20260711_193502.csv","317883"
"C:\Users\trent\OneDrive\Documents\EDGEIQ_PLATFORM\public\data\edgeiq_current_field_projection_v5_2_CHECKPOINT_BEFORE_CURRENT_INTEL_REBUILD_20260711_211017.csv","317883"
"C:\Users\trent\OneDrive\Documents\EDGEIQ_PLATFORM\public\data\edgeiq_current_field_projection_v5_2_CHECKPOINT_BEFORE_CURRENT_INTEL_REBUILD_20260712_065207.csv","317883"
"C:\Users\trent\OneDrive\Documents\EDGEIQ_PLATFORM\public\data\edgeiq_current_field_projection_v5_2_PRE_RACE_RELATIVE_VIEW.csv","477831"
"C:\Users\trent\OneDrive\Documents\EDGEIQ_PLATFORM\public\data\edgeiq_current_field_projection_v5_2_PRE_TARGET_SCALE_REPAIR.csv","456212"
"C:\Users\trent\OneDrive\Documents\EDGEIQ_PLATFORM\public\data\edgeiq_current_field_projection_v5_2_recovered_overlay_v1.csv","385230"
"C:\Users\trent\OneDrive\Documents\EDGEIQ_PLATFORM\public\data\edgeiq_current_field_projection_v5_2_recovered_overlay_v1_summary.csv","471"
"C:\Users\trent\OneDrive\Documents\EDGEIQ_PLATFORM\public\data\edgeiq_current_field_projection_v5_2_research_band_migration.csv","505"
"C:\Users\trent\OneDrive\Documents\EDGEIQ_PLATFORM\public\data\edgeiq_current_field_projection_v5_2_research_replay.csv","107760"
"C:\Users\trent\OneDrive\Documents\EDGEIQ_PLATFORM\public\data\edgeiq_current_field_projection_v5_2_research_replay_summary.csv","759"
"C:\Users\trent\OneDrive\Documents\EDGEIQ_PLATFORM\public\data\edgeiq_current_field_projection_V6_1_RESEARCH_BACKFILLED_GOVERNED_CANDIDATE_20260617.csv","76752"
"C:\Users\trent\OneDrive\Documents\EDGEIQ_PLATFORM\public\data\edgeiq_current_field_projection_V6_1_RESEARCH_BACKFILLED_GOVERNED_CANDIDATE_20260617_APPROVED_CHECKPOINT.csv","76752"
"C:\Users\trent\OneDrive\Documents\EDGEIQ_PLATFORM\public\data\edgeiq_current_field_projection_V6_1_RESEARCH_BACKFILLED_GOVERNED_CANDIDATE_20260617_summary.csv","161"
"C:\Users\trent\OneDrive\Documents\EDGEIQ_PLATFORM\public\data\edgeiq_current_field_projection_V6_1_RESEARCH_BACKFILL_FILTER_V2_20260617.csv","78785"
"C:\Users\trent\OneDrive\Documents\EDGEIQ_PLATFORM\public\data\edgeiq_current_field_projection_V6_1_RESEARCH_BACKFILL_FILTER_V2_20260617_band_migration.csv","495"
"C:\Users\trent\OneDrive\Documents\EDGEIQ_PLATFORM\public\data\edgeiq_current_field_projection_V6_1_RESEARCH_BACKFILL_FILTER_V2_20260617_summary.csv","963"
"C:\Users\trent\OneDrive\Documents\EDGEIQ_PLATFORM\public\data\edgeiq_current_field_projection_V6_1_RESEARCH_BACKFILL_FILTER_V3_20260617.csv","81646"
"C:\Users\trent\OneDrive\Documents\EDGEIQ_PLATFORM\public\data\edgeiq_current_field_projection_V6_1_RESEARCH_BACKFILL_FILTER_V3_20260617_band_migration.csv","382"
"C:\Users\trent\OneDrive\Documents\EDGEIQ_PLATFORM\public\data\edgeiq_current_field_projection_V6_1_RESEARCH_BACKFILL_FILTER_V3_20260617_summary.csv","1125"
"C:\Users\trent\OneDrive\Documents\EDGEIQ_PLATFORM\public\data\edgeiq_current_field_projection_V6_1_RESEARCH_band_migration.csv","431"
"C:\Users\trent\OneDrive\Documents\EDGEIQ_PLATFORM\public\data\edgeiq_current_field_projection_V6_1_RESEARCH_replay.csv","182714"
"C:\Users\trent\OneDrive\Documents\EDGEIQ_PLATFORM\public\data\edgeiq_current_field_projection_V6_1_RESEARCH_replay_CHECKPOINT_20260614.csv","386367"
"C:\Users\trent\OneDrive\Documents\EDGEIQ_PLATFORM\public\data\edgeiq_current_field_projection_V6_1_RESEARCH_replay_CHECKPOINT_BACKFILLED_GOVERNANCE_20260617.csv","72172"
"C:\Users\trent\OneDrive\Documents\EDGEIQ_PLATFORM\public\data\edgeiq_current_field_projection_V6_1_RESEARCH_replay_GAP_REPAIR_CANDIDATE_V1.csv","339553"
"C:\Users\trent\OneDrive\Documents\EDGEIQ_PLATFORM\public\data\edgeiq_current_field_projection_V6_1_RESEARCH_replay_PRE_GAP_REPAIR_BACKUP_20260629.csv","335683"
"C:\Users\trent\OneDrive\Documents\EDGEIQ_PLATFORM\public\data\edgeiq_current_field_projection_V6_1_RESEARCH_replay_PRE_REBUILD_20260615.csv","104877"
"C:\Users\trent\OneDrive\Documents\EDGEIQ_PLATFORM\public\data\edgeiq_current_field_projection_V6_1_RESEARCH_replay_summary.csv","878"
"C:\Users\trent\OneDrive\Documents\EDGEIQ_PLATFORM\public\data\edgeiq_current_field_projection_V6_1_RESEARCH_replay_WORKING_100_RESEARCH_10_FALLBACK_20260615.csv","108614"
"C:\Users\trent\OneDrive\Documents\EDGEIQ_PLATFORM\public\data\edgeiq_current_field_projection_v6_research_band_migration.csv","547"
"C:\Users\trent\OneDrive\Documents\EDGEIQ_PLATFORM\public\data\edgeiq_current_field_projection_v6_research_replay.csv","386383"
"C:\Users\trent\OneDrive\Documents\EDGEIQ_PLATFORM\public\data\edgeiq_current_field_projection_v6_research_replay_summary.csv","792"
"C:\Users\trent\OneDrive\Documents\EDGEIQ_PLATFORM\public\data\edgeiq_current_field_rated_price_audit_v5_2.csv","318925"
"C:\Users\trent\OneDrive\Documents\EDGEIQ_PLATFORM\public\data\edgeiq_current_field_rated_price_audit_v5_2_CHECKPOINT_BEFORE_CURRENT_INTEL_REBUILD_20260711_154418.csv","302381"
"C:\Users\trent\OneDrive\Documents\EDGEIQ_PLATFORM\public\data\edgeiq_current_field_rated_price_audit_v5_2_CHECKPOINT_BEFORE_CURRENT_INTEL_REBUILD_20260711_163748.csv","318925"
"C:\Users\trent\OneDrive\Documents\EDGEIQ_PLATFORM\public\data\edgeiq_current_field_rated_price_audit_v5_2_CHECKPOINT_BEFORE_CURRENT_INTEL_REBUILD_20260711_193502.csv","318925"
"C:\Users\trent\OneDrive\Documents\EDGEIQ_PLATFORM\public\data\edgeiq_current_field_rated_price_audit_v5_2_CHECKPOINT_BEFORE_CURRENT_INTEL_REBUILD_20260711_211017.csv","318925"
"C:\Users\trent\OneDrive\Documents\EDGEIQ_PLATFORM\public\data\edgeiq_current_field_rated_price_audit_v5_2_CHECKPOINT_BEFORE_CURRENT_INTEL_REBUILD_20260712_065207.csv","318925"
"C:\Users\trent\OneDrive\Documents\EDGEIQ_PLATFORM\public\data\edgeiq_current_field_rated_price_audit_v5_2_summary.csv","82145"
"C:\Users\trent\OneDrive\Documents\EDGEIQ_PLATFORM\public\data\edgeiq_current_form_momentum_v1.csv","60181"
"C:\Users\trent\OneDrive\Documents\EDGEIQ_PLATFORM\public\data\edgeiq_current_form_momentum_v1.json","187530"
"C:\Users\trent\OneDrive\Documents\EDGEIQ_PLATFORM\public\data\edgeiq_current_form_momentum_v1_coverage.csv","599"
"C:\Users\trent\OneDrive\Documents\EDGEIQ_PLATFORM\public\data\edgeiq_current_form_momentum_v1_evidence_audit.csv","69125"
"C:\Users\trent\OneDrive\Documents\EDGEIQ_PLATFORM\public\data\edgeiq_current_form_momentum_v1_gap_audit.csv","4574"
"C:\Users\trent\OneDrive\Documents\EDGEIQ_PLATFORM\public\data\edgeiq_current_gear_availability_v1_audit.json","14477"
"C:\Users\trent\OneDrive\Documents\EDGEIQ_PLATFORM\public\data\edgeiq_current_gear_live_join_v1.csv","254802"
"C:\Users\trent\OneDrive\Documents\EDGEIQ_PLATFORM\public\data\edgeiq_current_gear_live_join_v1_summary.csv","311"
"C:\Users\trent\OneDrive\Documents\EDGEIQ_PLATFORM\public\data\edgeiq_current_gear_live_join_v1_unmatched.csv","22662"
"C:\Users\trent\OneDrive\Documents\EDGEIQ_PLATFORM\public\data\edgeiq_current_gear_source_discovery_v1.csv","108780"
"C:\Users\trent\OneDrive\Documents\EDGEIQ_PLATFORM\public\data\edgeiq_current_gear_source_discovery_v1_summary.csv","381"
"C:\Users\trent\OneDrive\Documents\EDGEIQ_PLATFORM\public\data\edgeiq_current_hidden_gem_feed_v1.csv","84525"
"C:\Users\trent\OneDrive\Documents\EDGEIQ_PLATFORM\public\data\edgeiq_current_hidden_gem_feed_v1_1.csv","126226"
"C:\Users\trent\OneDrive\Documents\EDGEIQ_PLATFORM\public\data\edgeiq_current_hidden_gem_feed_v1_1_audit.csv","4836"
"C:\Users\trent\OneDrive\Documents\EDGEIQ_PLATFORM\public\data\edgeiq_current_hidden_gem_feed_v1_1_summary.csv","507"
"C:\Users\trent\OneDrive\Documents\EDGEIQ_PLATFORM\public\data\edgeiq_current_hidden_gem_feed_v1_audit.csv","2185"
"C:\Users\trent\OneDrive\Documents\EDGEIQ_PLATFORM\public\data\edgeiq_current_hidden_gem_feed_v1_summary.csv","360"
"C:\Users\trent\OneDrive\Documents\EDGEIQ_PLATFORM\public\data\edgeiq_current_historical_horse_identity_bridge_v2.csv","53054"
"C:\Users\trent\OneDrive\Documents\EDGEIQ_PLATFORM\public\data\edgeiq_current_historical_horse_identity_bridge_v2_CANDIDATE.csv","53054"
"C:\Users\trent\OneDrive\Documents\EDGEIQ_PLATFORM\public\data\edgeiq_current_horse_identity_crosswalk_v1.csv","60582"
"C:\Users\trent\OneDrive\Documents\EDGEIQ_PLATFORM\public\data\edgeiq_current_identity_matching_v1_audit.json","2980"
"C:\Users\trent\OneDrive\Documents\EDGEIQ_PLATFORM\public\data\edgeiq_current_insights_matching_repair_v1_apply.json","665"
"C:\Users\trent\OneDrive\Documents\EDGEIQ_PLATFORM\public\data\edgeiq_current_insights_matching_repair_v1_audit.json","905"
"C:\Users\trent\OneDrive\Documents\EDGEIQ_PLATFORM\public\data\edgeiq_current_intelligence_catalog_bridge_v1_summary.csv","205"
"C:\Users\trent\OneDrive\Documents\EDGEIQ_PLATFORM\public\data\edgeiq_current_intelligence_catalog_bridge_v1_summary_CHECKPOINT_BEFORE_CURRENT_INTEL_BRIDGE_20260711_163748.csv","205"
"C:\Users\trent\OneDrive\Documents\EDGEIQ_PLATFORM\public\data\edgeiq_current_intelligence_catalog_bridge_v1_summary_CHECKPOINT_BEFORE_CURRENT_INTEL_BRIDGE_20260711_193502.csv","205"
"C:\Users\trent\OneDrive\Documents\EDGEIQ_PLATFORM\public\data\edgeiq_current_intelligence_catalog_bridge_v1_summary_CHECKPOINT_BEFORE_CURRENT_INTEL_BRIDGE_20260711_211017.csv","205"
"C:\Users\trent\OneDrive\Documents\EDGEIQ_PLATFORM\public\data\edgeiq_current_intelligence_catalog_bridge_v1_summary_CHECKPOINT_BEFORE_CURRENT_INTEL_BRIDGE_20260712_065207.csv","205"
"C:\Users\trent\OneDrive\Documents\EDGEIQ_PLATFORM\public\data\edgeiq_current_intelligence_evidence_fix_candidate_FRESH_v1.csv","47721"
"C:\Users\trent\OneDrive\Documents\EDGEIQ_PLATFORM\public\data\edgeiq_current_intelligence_evidence_fix_candidate_v1.csv","684396"
"C:\Users\trent\OneDrive\Documents\EDGEIQ_PLATFORM\public\data\edgeiq_current_intelligence_evidence_fix_candidate_v1_audit.csv","85833"
"C:\Users\trent\OneDrive\Documents\EDGEIQ_PLATFORM\public\data\edgeiq_current_intelligence_evidence_fix_candidate_v1_RECOVERY_CANDIDATE.csv","1058642"
"C:\Users\trent\OneDrive\Documents\EDGEIQ_PLATFORM\public\data\edgeiq_current_intelligence_evidence_fix_candidate_v1_summary.csv","306"
"C:\Users\trent\OneDrive\Documents\EDGEIQ_PLATFORM\public\data\edgeiq_current_intelligence_evidence_join_v1.csv","159932"
"C:\Users\trent\OneDrive\Documents\EDGEIQ_PLATFORM\public\data\edgeiq_current_intelligence_evidence_join_v1_summary.csv","379"
"C:\Users\trent\OneDrive\Documents\EDGEIQ_PLATFORM\public\data\edgeiq_current_intelligence_source_contract_audit.csv","3272"
"C:\Users\trent\OneDrive\Documents\EDGEIQ_PLATFORM\public\data\edgeiq_current_intelligence_source_contract_audit.json","7440"
"C:\Users\trent\OneDrive\Documents\EDGEIQ_PLATFORM\public\data\edgeiq_current_intelligence_v1_1_audit.json","15416"
"C:\Users\trent\OneDrive\Documents\EDGEIQ_PLATFORM\public\data\edgeiq_current_intelligence_v1_1_lineage.csv","3065"
"C:\Users\trent\OneDrive\Documents\EDGEIQ_PLATFORM\public\data\edgeiq_current_intelligence_v1_1_semantic_audit.csv","782"
"C:\Users\trent\OneDrive\Documents\EDGEIQ_PLATFORM\public\data\edgeiq_current_late_speed_v1.csv","40302"
"C:\Users\trent\OneDrive\Documents\EDGEIQ_PLATFORM\public\data\edgeiq_current_late_speed_v1.json","160190"
"C:\Users\trent\OneDrive\Documents\EDGEIQ_PLATFORM\public\data\edgeiq_current_late_speed_v1_evidence_audit.csv","159270"
"C:\Users\trent\OneDrive\Documents\EDGEIQ_PLATFORM\public\data\edgeiq_current_late_speed_v1_gap_audit.csv","10218"
"C:\Users\trent\OneDrive\Documents\EDGEIQ_PLATFORM\public\data\edgeiq_current_live_vs_governed_universe_v2.csv","2307"
"C:\Users\trent\OneDrive\Documents\EDGEIQ_PLATFORM\public\data\edgeiq_current_live_vs_governed_universe_v2_summary.csv","328"
"C:\Users\trent\OneDrive\Documents\EDGEIQ_PLATFORM\public\data\edgeiq_current_lock_reconciliation_v1_audit.json","2903"
"C:\Users\trent\OneDrive\Documents\EDGEIQ_PLATFORM\public\data\edgeiq_current_map_matching_repair_v1_apply.json","943"
"C:\Users\trent\OneDrive\Documents\EDGEIQ_PLATFORM\public\data\edgeiq_current_map_matching_repair_v1_audit.json","777"
"C:\Users\trent\OneDrive\Documents\EDGEIQ_PLATFORM\public\data\edgeiq_current_map_v1.json","134365"
"C:\Users\trent\OneDrive\Documents\EDGEIQ_PLATFORM\public\data\edgeiq_current_market_v1.csv","235862"
"C:\Users\trent\OneDrive\Documents\EDGEIQ_PLATFORM\public\data\edgeiq_current_market_v1.json","676121"
"C:\Users\trent\OneDrive\Documents\EDGEIQ_PLATFORM\public\data\edgeiq_current_market_v1_observation_history_summary.csv","500"
"C:\Users\trent\OneDrive\Documents\EDGEIQ_PLATFORM\public\data\edgeiq_current_market_v1_provider_unmatched.csv","76657"
"C:\Users\trent\OneDrive\Documents\EDGEIQ_PLATFORM\public\data\edgeiq_current_market_v1_summary.csv","500"
"C:\Users\trent\OneDrive\Documents\EDGEIQ_PLATFORM\public\data\edgeiq_current_official_results_ra_v1.csv","44197"
"C:\Users\trent\OneDrive\Documents\EDGEIQ_PLATFORM\public\data\edgeiq_current_price_shape_summary_v1.csv","262"
"C:\Users\trent\OneDrive\Documents\EDGEIQ_PLATFORM\public\data\edgeiq_current_price_shape_v1.csv","3756"
"C:\Users\trent\OneDrive\Documents\EDGEIQ_PLATFORM\public\data\edgeiq_current_race_class_correction_v5_1.csv","144739"
"C:\Users\trent\OneDrive\Documents\EDGEIQ_PLATFORM\public\data\edgeiq_current_race_class_correction_v5_1_audit.csv","93404"
"C:\Users\trent\OneDrive\Documents\EDGEIQ_PLATFORM\public\data\edgeiq_current_race_class_correction_v5_1_CHECKPOINT_BEFORE_CURRENT_INTEL_REBUILD_20260711_154418.csv","62090"
"C:\Users\trent\OneDrive\Documents\EDGEIQ_PLATFORM\public\data\edgeiq_current_race_class_correction_v5_1_CHECKPOINT_BEFORE_CURRENT_INTEL_REBUILD_20260711_163748.csv","144739"
"C:\Users\trent\OneDrive\Documents\EDGEIQ_PLATFORM\public\data\edgeiq_current_race_class_correction_v5_1_CHECKPOINT_BEFORE_CURRENT_INTEL_REBUILD_20260711_193502.csv","144739"
"C:\Users\trent\OneDrive\Documents\EDGEIQ_PLATFORM\public\data\edgeiq_current_race_class_correction_v5_1_CHECKPOINT_BEFORE_CURRENT_INTEL_REBUILD_20260711_211017.csv","144739"
"C:\Users\trent\OneDrive\Documents\EDGEIQ_PLATFORM\public\data\edgeiq_current_race_class_correction_v5_1_CHECKPOINT_BEFORE_CURRENT_INTEL_REBUILD_20260712_065207.csv","144739"
"C:\Users\trent\OneDrive\Documents\EDGEIQ_PLATFORM\public\data\edgeiq_current_race_fields_from_product_catalog_v1_summary.csv","255"
"C:\Users\trent\OneDrive\Documents\EDGEIQ_PLATFORM\public\data\edgeiq_current_race_intelligence_v1.json","2042236"
"C:\Users\trent\OneDrive\Documents\EDGEIQ_PLATFORM\public\data\edgeiq_current_race_shape_feed_integrity_v1.csv","2638"
"C:\Users\trent\OneDrive\Documents\EDGEIQ_PLATFORM\public\data\edgeiq_current_race_shape_feed_integrity_v1_summary.csv","386"
"C:\Users\trent\OneDrive\Documents\EDGEIQ_PLATFORM\public\data\edgeiq_current_race_shape_recovery_candidate_v1.csv","15501"
"C:\Users\trent\OneDrive\Documents\EDGEIQ_PLATFORM\public\data\edgeiq_current_race_shape_recovery_candidate_v1_audit.csv","1451"
"C:\Users\trent\OneDrive\Documents\EDGEIQ_PLATFORM\public\data\edgeiq_current_race_shape_recovery_candidate_v1_RECOVERY_CANDIDATE.csv","61523"
"C:\Users\trent\OneDrive\Documents\EDGEIQ_PLATFORM\public\data\edgeiq_current_race_shape_recovery_candidate_v1_summary.csv","297"
"C:\Users\trent\OneDrive\Documents\EDGEIQ_PLATFORM\public\data\edgeiq_current_race_shape_recovery_checkpoint_v1.csv","241"
"C:\Users\trent\OneDrive\Documents\EDGEIQ_PLATFORM\public\data\edgeiq_current_race_shape_v2.csv","49628"
"C:\Users\trent\OneDrive\Documents\EDGEIQ_PLATFORM\public\data\edgeiq_current_race_shape_v2.json","180542"
"C:\Users\trent\OneDrive\Documents\EDGEIQ_PLATFORM\public\data\edgeiq_current_race_shape_v2_evidence_audit.csv","20737"
"C:\Users\trent\OneDrive\Documents\EDGEIQ_PLATFORM\public\data\edgeiq_current_source_blocker_register_v1.csv","3068"
"C:\Users\trent\OneDrive\Documents\EDGEIQ_PLATFORM\public\data\edgeiq_current_source_blocker_register_v1_summary.csv","551"
"C:\Users\trent\OneDrive\Documents\EDGEIQ_PLATFORM\public\data\edgeiq_current_speed_projection_v1_asof_audit.csv","219199"
"C:\Users\trent\OneDrive\Documents\EDGEIQ_PLATFORM\public\data\edgeiq_current_speed_projection_v1_audit.json","3747"
"C:\Users\trent\OneDrive\Documents\EDGEIQ_PLATFORM\public\data\edgeiq_current_speed_projection_v1_comparison.csv","49077"
"C:\Users\trent\OneDrive\Documents\EDGEIQ_PLATFORM\public\data\edgeiq_current_speed_projection_v1_source_inventory.csv","3044"
"C:\Users\trent\OneDrive\Documents\EDGEIQ_PLATFORM\public\data\edgeiq_current_suitability_v1.csv","49552"
"C:\Users\trent\OneDrive\Documents\EDGEIQ_PLATFORM\public\data\edgeiq_current_suitability_v1.json","173710"
"C:\Users\trent\OneDrive\Documents\EDGEIQ_PLATFORM\public\data\edgeiq_current_suitability_v1_coverage.csv","595"
"C:\Users\trent\OneDrive\Documents\EDGEIQ_PLATFORM\public\data\edgeiq_current_suitability_v1_factor_audit.csv","205039"
"C:\Users\trent\OneDrive\Documents\EDGEIQ_PLATFORM\public\data\edgeiq_current_suitability_v1_gap_audit.csv","4565"
"C:\Users\trent\OneDrive\Documents\EDGEIQ_PLATFORM\public\data\edgeiq_current_true_track_feed_v1.csv","5998"
"C:\Users\trent\OneDrive\Documents\EDGEIQ_PLATFORM\public\data\edgeiq_current_true_track_feed_v1_audit.csv","1197"
"C:\Users\trent\OneDrive\Documents\EDGEIQ_PLATFORM\public\data\edgeiq_current_true_track_feed_v1_summary.csv","84"
"C:\Users\trent\OneDrive\Documents\EDGEIQ_PLATFORM\public\data\edgeiq_current_victorian_end_to_end_v2_audit.json","3999"
"C:\Users\trent\OneDrive\Documents\EDGEIQ_PLATFORM\public\data\edgeiq_current_zero_evidence_race_v1.csv","5685"
"C:\Users\trent\OneDrive\Documents\EDGEIQ_PLATFORM\public\data\edgeiq_current_zero_evidence_race_v1_summary.csv","223"
"C:\Users\trent\OneDrive\Documents\EDGEIQ_PLATFORM\public\data\edgeiq_customer_intelligence_terminal_feed_v1.csv","208426"
"C:\Users\trent\OneDrive\Documents\EDGEIQ_PLATFORM\public\data\edgeiq_customer_intelligence_terminal_feed_v1_1.csv","218871"
"C:\Users\trent\OneDrive\Documents\EDGEIQ_PLATFORM\public\data\edgeiq_customer_intelligence_terminal_feed_v1_1_summary.csv","72"
"C:\Users\trent\OneDrive\Documents\EDGEIQ_PLATFORM\public\data\edgeiq_customer_intelligence_terminal_feed_v1_CHECKPOINT_20260624.csv","208426"
"C:\Users\trent\OneDrive\Documents\EDGEIQ_PLATFORM\public\data\edgeiq_customer_intelligence_terminal_feed_v1_summary.csv","194"
"C:\Users\trent\OneDrive\Documents\EDGEIQ_PLATFORM\public\data\edgeiq_daily_condition_evidence_v1.csv","299"
"C:\Users\trent\OneDrive\Documents\EDGEIQ_PLATFORM\public\data\edgeiq_daily_condition_evidence_v1_summary.json","150"
"C:\Users\trent\OneDrive\Documents\EDGEIQ_PLATFORM\public\data\edgeiq_daily_freshness_audit_v1.csv","1518"
"C:\Users\trent\OneDrive\Documents\EDGEIQ_PLATFORM\public\data\edgeiq_daily_freshness_audit_v1_summary.csv","369"
"C:\Users\trent\OneDrive\Documents\EDGEIQ_PLATFORM\public\data\edgeiq_daily_official_results_fact_v1.csv","44197"
"C:\Users\trent\OneDrive\Documents\EDGEIQ_PLATFORM\public\data\edgeiq_daily_official_results_ingestion_v1_summary.json","246"
"C:\Users\trent\OneDrive\Documents\EDGEIQ_PLATFORM\public\data\edgeiq_daily_official_results_raw_snapshot_v1.csv","35783"
"C:\Users\trent\OneDrive\Documents\EDGEIQ_PLATFORM\public\data\edgeiq_daily_official_results_rejections_v1.csv","433"
"C:\Users\trent\OneDrive\Documents\EDGEIQ_PLATFORM\public\data\edgeiq_daily_official_timing_candidate_v1.csv","4228"
"C:\Users\trent\OneDrive\Documents\EDGEIQ_PLATFORM\public\data\edgeiq_daily_official_timing_ingestion_v1_summary.json","168"
"C:\Users\trent\OneDrive\Documents\EDGEIQ_PLATFORM\public\data\edgeiq_daily_official_timing_rejections_v1.csv","318"
"C:\Users\trent\OneDrive\Documents\EDGEIQ_PLATFORM\public\data\edgeiq_daily_operations_alert_fact_v1.csv","280"
"C:\Users\trent\OneDrive\Documents\EDGEIQ_PLATFORM\public\data\edgeiq_daily_operations_checkpoint_fact_v1.csv","9277"
"C:\Users\trent\OneDrive\Documents\EDGEIQ_PLATFORM\public\data\edgeiq_daily_operations_engine_v1_audit.csv","2802"
"C:\Users\trent\OneDrive\Documents\EDGEIQ_PLATFORM\public\data\edgeiq_daily_operations_engine_v1_audit_summary.json","67"
"C:\Users\trent\OneDrive\Documents\EDGEIQ_PLATFORM\public\data\edgeiq_daily_operations_manifest_v1.json","4301"
"C:\Users\trent\OneDrive\Documents\EDGEIQ_PLATFORM\public\data\edgeiq_daily_operations_summary_v1.csv","301"
"C:\Users\trent\OneDrive\Documents\EDGEIQ_PLATFORM\public\data\edgeiq_daily_pipeline_status_last_good_v1.json","3617"
"C:\Users\trent\OneDrive\Documents\EDGEIQ_PLATFORM\public\data\edgeiq_daily_pipeline_status_v1.json","3617"
"C:\Users\trent\OneDrive\Documents\EDGEIQ_PLATFORM\public\data\edgeiq_daily_race_discovery_v1.csv","4103"
"C:\Users\trent\OneDrive\Documents\EDGEIQ_PLATFORM\public\data\edgeiq_daily_race_discovery_v1_rejections.csv","378"
"C:\Users\trent\OneDrive\Documents\EDGEIQ_PLATFORM\public\data\edgeiq_daily_race_discovery_v1_summary.json","227"
"C:\Users\trent\OneDrive\Documents\EDGEIQ_PLATFORM\public\data\edgeiq_daily_timing_canonical_candidate_v1.csv","6616"
"C:\Users\trent\OneDrive\Documents\EDGEIQ_PLATFORM\public\data\edgeiq_daily_timing_canonical_update_audit_v1.csv","3411"
"C:\Users\trent\OneDrive\Documents\EDGEIQ_PLATFORM\public\data\edgeiq_daily_timing_canonical_update_v1_summary.json","430"
"C:\Users\trent\OneDrive\Documents\EDGEIQ_PLATFORM\public\data\edgeiq_data_coverage_report_v1.json","4269"
"C:\Users\trent\OneDrive\Documents\EDGEIQ_PLATFORM\public\data\edgeiq_data_feature_quality_v1.csv","442"
"C:\Users\trent\OneDrive\Documents\EDGEIQ_PLATFORM\public\data\edgeiq_data_lineage_audit_v1.csv","3227"
"C:\Users\trent\OneDrive\Documents\EDGEIQ_PLATFORM\public\data\edgeiq_data_lineage_audit_v1.json","306"
"C:\Users\trent\OneDrive\Documents\EDGEIQ_PLATFORM\public\data\edgeiq_data_lineage_audit_v1_summary.csv","257"
"C:\Users\trent\OneDrive\Documents\EDGEIQ_PLATFORM\public\data\edgeiq_data_lineage_join_audit_v1.csv","570"
"C:\Users\trent\OneDrive\Documents\EDGEIQ_PLATFORM\public\data\edgeiq_data_quality_actions_v1.csv","786"
"C:\Users\trent\OneDrive\Documents\EDGEIQ_PLATFORM\public\data\edgeiq_data_quality_by_runner_v1.csv","2408"
"C:\Users\trent\OneDrive\Documents\EDGEIQ_PLATFORM\public\data\edgeiq_data_wiring_v1.json","2467"
"C:\Users\trent\OneDrive\Documents\EDGEIQ_PLATFORM\public\data\edgeiq_date_rollover_audit_v1.csv","622"
"C:\Users\trent\OneDrive\Documents\EDGEIQ_PLATFORM\public\data\edgeiq_debutant_intelligence_engine_v1.csv","308937"
"C:\Users\trent\OneDrive\Documents\EDGEIQ_PLATFORM\public\data\edgeiq_debutant_intelligence_engine_v1_audit.csv","167"
"C:\Users\trent\OneDrive\Documents\EDGEIQ_PLATFORM\public\data\edgeiq_debutant_intelligence_engine_v1_summary.csv","341"
"C:\Users\trent\OneDrive\Documents\EDGEIQ_PLATFORM\public\data\edgeiq_delayed_speed_data_ingestion_v1.csv","2590"
"C:\Users\trent\OneDrive\Documents\EDGEIQ_PLATFORM\public\data\edgeiq_delayed_speed_data_ingestion_v1_summary.json","147"
"C:\Users\trent\OneDrive\Documents\EDGEIQ_PLATFORM\public\data\edgeiq_demographic_field_nonblank_audit_v1.csv","23268"
"C:\Users\trent\OneDrive\Documents\EDGEIQ_PLATFORM\public\data\edgeiq_demographic_join_candidates_v1.csv","51088"
"C:\Users\trent\OneDrive\Documents\EDGEIQ_PLATFORM\public\data\edgeiq_deprecated_file_candidates_v1.csv","1614357"
"C:\Users\trent\OneDrive\Documents\EDGEIQ_PLATFORM\public\data\edgeiq_distance_dna_v1.csv","21103837"
"C:\Users\trent\OneDrive\Documents\EDGEIQ_PLATFORM\public\data\edgeiq_distance_dna_v1_1_fixed.csv","21103837"
"C:\Users\trent\OneDrive\Documents\EDGEIQ_PLATFORM\public\data\edgeiq_distance_dna_v1_1_fixed_summary.csv","572"
"C:\Users\trent\OneDrive\Documents\EDGEIQ_PLATFORM\public\data\edgeiq_distance_dna_v1_summary.csv","556"
"C:\Users\trent\OneDrive\Documents\EDGEIQ_PLATFORM\public\data\edgeiq_distance_dna_v1_summary.json","209"
"C:\Users\trent\OneDrive\Documents\EDGEIQ_PLATFORM\public\data\edgeiq_distance_false_no_profile_summary_v1.csv","197"
"C:\Users\trent\OneDrive\Documents\EDGEIQ_PLATFORM\public\data\edgeiq_distance_false_no_profile_v1.csv","31984"
"C:\Users\trent\OneDrive\Documents\EDGEIQ_PLATFORM\public\data\edgeiq_distance_pars_v1.csv","527"
"C:\Users\trent\OneDrive\Documents\EDGEIQ_PLATFORM\public\data\edgeiq_distance_pars_v3.csv","2137"
"C:\Users\trent\OneDrive\Documents\EDGEIQ_PLATFORM\public\data\edgeiq_distance_pars_v3_audit.csv","3757"
"C:\Users\trent\OneDrive\Documents\EDGEIQ_PLATFORM\public\data\edgeiq_distance_pars_v5.csv","1175"
"C:\Users\trent\OneDrive\Documents\EDGEIQ_PLATFORM\public\data\edgeiq_distance_pars_v5_1.csv","2225"
"C:\Users\trent\OneDrive\Documents\EDGEIQ_PLATFORM\public\data\edgeiq_distance_pars_v5_1_audit.csv","1757"
"C:\Users\trent\OneDrive\Documents\EDGEIQ_PLATFORM\public\data\edgeiq_distance_pars_v5_audit.csv","155"
"C:\Users\trent\OneDrive\Documents\EDGEIQ_PLATFORM\public\data\edgeiq_distance_profile_fix_v1_audit.csv","703"
"C:\Users\trent\OneDrive\Documents\EDGEIQ_PLATFORM\public\data\edgeiq_distance_profile_rebuilt_from_v6_1_v1.csv","2593436"
"C:\Users\trent\OneDrive\Documents\EDGEIQ_PLATFORM\public\data\edgeiq_distance_profile_source_trace_nimbustwothousand_v1.csv","1111"
"C:\Users\trent\OneDrive\Documents\EDGEIQ_PLATFORM\public\data\edgeiq_distance_profile_target_rows_edgeiq_historical_performance_rating_v6_1_research_NIMBUSTWOTHOUSAND.csv","210"
"C:\Users\trent\OneDrive\Documents\EDGEIQ_PLATFORM\public\data\edgeiq_distance_profile_target_rows_edgeiq_live_runner_factor_scorecard_v2_NIMBUSTWOTHOUSAND.csv","493"
"C:\Users\trent\OneDrive\Documents\EDGEIQ_PLATFORM\public\data\edgeiq_distance_profile_target_rows_edgeiq_runners_enrichment_feed_v1_1_NIMBUSTWOTHOUSAND.csv","73"
"C:\Users\trent\OneDrive\Documents\EDGEIQ_PLATFORM\public\data\edgeiq_distance_profile_target_rows_edgeiq_runner_dna_drawer_feed_v2_NIMBUSTWOTHOUSAND.csv","73"
"C:\Users\trent\OneDrive\Documents\EDGEIQ_PLATFORM\public\data\edgeiq_dna_frontend_join_audit_v1.csv","4507"
"C:\Users\trent\OneDrive\Documents\EDGEIQ_PLATFORM\public\data\edgeiq_dna_frontend_join_audit_v1_summary.csv","779"
"C:\Users\trent\OneDrive\Documents\EDGEIQ_PLATFORM\public\data\edgeiq_dna_match_audit_v2.csv","59210"
"C:\Users\trent\OneDrive\Documents\EDGEIQ_PLATFORM\public\data\edgeiq_dna_match_audit_v2_summary.csv","122"
"C:\Users\trent\OneDrive\Documents\EDGEIQ_PLATFORM\public\data\edgeiq_dna_registry_v1.csv","143397474"
"C:\Users\trent\OneDrive\Documents\EDGEIQ_PLATFORM\public\data\edgeiq_dna_registry_v1_summary.csv","221"
"C:\Users\trent\OneDrive\Documents\EDGEIQ_PLATFORM\public\data\edgeiq_dna_registry_v2.csv","212429693"
"C:\Users\trent\OneDrive\Documents\EDGEIQ_PLATFORM\public\data\edgeiq_dna_registry_v2_summary.csv","282"
"C:\Users\trent\OneDrive\Documents\EDGEIQ_PLATFORM\public\data\edgeiq_dna_v6_source_audit.csv","11196"
"C:\Users\trent\OneDrive\Documents\EDGEIQ_PLATFORM\public\data\edgeiq_dna_v6_source_audit.json","241"
"C:\Users\trent\OneDrive\Documents\EDGEIQ_PLATFORM\public\data\edgeiq_dominance_engine_v1.csv","85627"
"C:\Users\trent\OneDrive\Documents\EDGEIQ_PLATFORM\public\data\edgeiq_dominance_engine_v1_audit.csv","1594"
"C:\Users\trent\OneDrive\Documents\EDGEIQ_PLATFORM\public\data\edgeiq_dominance_engine_v2.csv","40091553"
"C:\Users\trent\OneDrive\Documents\EDGEIQ_PLATFORM\public\data\edgeiq_dominance_overlay_replay_v1.csv","55859088"
"C:\Users\trent\OneDrive\Documents\EDGEIQ_PLATFORM\public\data\edgeiq_dominance_overlay_replay_v1_by_dominance_and_rank.csv","5878"
"C:\Users\trent\OneDrive\Documents\EDGEIQ_PLATFORM\public\data\edgeiq_dominance_overlay_replay_v1_by_dominance_band.csv","1489"
"C:\Users\trent\OneDrive\Documents\EDGEIQ_PLATFORM\public\data\edgeiq_dominance_overlay_replay_v1_by_score_share_band.csv","1052"
"C:\Users\trent\OneDrive\Documents\EDGEIQ_PLATFORM\public\data\edgeiq_dominance_overlay_replay_v1_summary.csv","1928"
"C:\Users\trent\OneDrive\Documents\EDGEIQ_PLATFORM\public\data\edgeiq_duplicate_shell_blocks_v1.csv","3574"
"C:\Users\trent\OneDrive\Documents\EDGEIQ_PLATFORM\public\data\edgeiq_duplicate_shell_blocks_v1_summary.csv","373"
"C:\Users\trent\OneDrive\Documents\EDGEIQ_PLATFORM\public\data\edgeiq_dynamic_confidence_engine_v1.csv","314911"
"C:\Users\trent\OneDrive\Documents\EDGEIQ_PLATFORM\public\data\edgeiq_dynamic_confidence_engine_v1_audit.csv","179"
"C:\Users\trent\OneDrive\Documents\EDGEIQ_PLATFORM\public\data\edgeiq_dynamic_confidence_engine_v1_summary.csv","264"
"C:\Users\trent\OneDrive\Documents\EDGEIQ_PLATFORM\public\data\edgeiq_early_market_aware_predictive_model_v1.csv","22312"
"C:\Users\trent\OneDrive\Documents\EDGEIQ_PLATFORM\public\data\edgeiq_early_market_aware_predictive_model_v1_backtest.csv","1969"
"C:\Users\trent\OneDrive\Documents\EDGEIQ_PLATFORM\public\data\edgeiq_early_market_aware_predictive_model_v1_by_class.csv","879"
"C:\Users\trent\OneDrive\Documents\EDGEIQ_PLATFORM\public\data\edgeiq_early_market_aware_predictive_model_v1_by_snapshot_age.csv","907"
"C:\Users\trent\OneDrive\Documents\EDGEIQ_PLATFORM\public\data\edgeiq_early_market_aware_predictive_model_v1_by_track.csv","893"
"C:\Users\trent\OneDrive\Documents\EDGEIQ_PLATFORM\public\data\edgeiq_early_market_aware_predictive_model_v1_leakage_audit.csv","819"
"C:\Users\trent\OneDrive\Documents\EDGEIQ_PLATFORM\public\data\edgeiq_early_market_aware_predictive_model_v1_summary.csv","1572"
"C:\Users\trent\OneDrive\Documents\EDGEIQ_PLATFORM\public\data\edgeiq_early_speed_v1_1_gap_audit.csv","52143"
"C:\Users\trent\OneDrive\Documents\EDGEIQ_PLATFORM\public\data\edgeiq_ecology_approved_research_structures_v1.csv","1048"
"C:\Users\trent\OneDrive\Documents\EDGEIQ_PLATFORM\public\data\edgeiq_ecology_blocked_structures_v1.csv","1029"
"C:\Users\trent\OneDrive\Documents\EDGEIQ_PLATFORM\public\data\edgeiq_ecology_climate_matrix_v1.csv","411"
"C:\Users\trent\OneDrive\Documents\EDGEIQ_PLATFORM\public\data\edgeiq_ecology_evidence_accumulation_v1.csv","1119"
"C:\Users\trent\OneDrive\Documents\EDGEIQ_PLATFORM\public\data\edgeiq_ecology_evidence_summary_v1.csv","518"
"C:\Users\trent\OneDrive\Documents\EDGEIQ_PLATFORM\public\data\edgeiq_ecology_evolution_alerts_v1.csv","648"
"C:\Users\trent\OneDrive\Documents\EDGEIQ_PLATFORM\public\data\edgeiq_ecology_evolution_summary_v1.csv","522"
"C:\Users\trent\OneDrive\Documents\EDGEIQ_PLATFORM\public\data\edgeiq_ecology_governance_gate_v1.csv","1548"
"C:\Users\trent\OneDrive\Documents\EDGEIQ_PLATFORM\public\data\edgeiq_ecology_governance_summary_v1.csv","456"
"C:\Users\trent\OneDrive\Documents\EDGEIQ_PLATFORM\public\data\edgeiq_ecology_lifecycle_phase_v1.csv","1007"
"C:\Users\trent\OneDrive\Documents\EDGEIQ_PLATFORM\public\data\edgeiq_ecology_longitudinal_memory_v1.csv","675"
"C:\Users\trent\OneDrive\Documents\EDGEIQ_PLATFORM\public\data\edgeiq_ecology_master_memory_orchestrator_health_v2.csv","299"
"C:\Users\trent\OneDrive\Documents\EDGEIQ_PLATFORM\public\data\edgeiq_ecology_master_memory_orchestrator_summary_v2.csv","211"
"C:\Users\trent\OneDrive\Documents\EDGEIQ_PLATFORM\public\data\edgeiq_ecology_master_memory_orchestrator_v2.csv","5774"
"C:\Users\trent\OneDrive\Documents\EDGEIQ_PLATFORM\public\data\edgeiq_ecology_memory_confidence_alerts_v1.csv","631"
"C:\Users\trent\OneDrive\Documents\EDGEIQ_PLATFORM\public\data\edgeiq_ecology_memory_confidence_summary_v1.csv","287"
"C:\Users\trent\OneDrive\Documents\EDGEIQ_PLATFORM\public\data\edgeiq_ecology_memory_confidence_v1.csv","1015"
"C:\Users\trent\OneDrive\Documents\EDGEIQ_PLATFORM\public\data\edgeiq_ecology_memory_decay_alerts_v1.csv","148"
"C:\Users\trent\OneDrive\Documents\EDGEIQ_PLATFORM\public\data\edgeiq_ecology_memory_decay_summary_v1.csv","256"
"C:\Users\trent\OneDrive\Documents\EDGEIQ_PLATFORM\public\data\edgeiq_ecology_memory_decay_v1.csv","905"
"C:\Users\trent\OneDrive\Documents\EDGEIQ_PLATFORM\public\data\edgeiq_ecology_memory_maturity_alerts_v1.csv","702"
"C:\Users\trent\OneDrive\Documents\EDGEIQ_PLATFORM\public\data\edgeiq_ecology_memory_maturity_summary_v1.csv","272"
"C:\Users\trent\OneDrive\Documents\EDGEIQ_PLATFORM\public\data\edgeiq_ecology_memory_maturity_v1.csv","1096"
"C:\Users\trent\OneDrive\Documents\EDGEIQ_PLATFORM\public\data\edgeiq_ecology_memory_pressure_alerts_v1.csv","431"
"C:\Users\trent\OneDrive\Documents\EDGEIQ_PLATFORM\public\data\edgeiq_ecology_memory_pressure_summary_v1.csv","276"
"C:\Users\trent\OneDrive\Documents\EDGEIQ_PLATFORM\public\data\edgeiq_ecology_memory_pressure_v1.csv","1245"
"C:\Users\trent\OneDrive\Documents\EDGEIQ_PLATFORM\public\data\edgeiq_ecology_memory_recovery_alerts_v1.csv","693"
"C:\Users\trent\OneDrive\Documents\EDGEIQ_PLATFORM\public\data\edgeiq_ecology_memory_recovery_summary_v1.csv","273"
"C:\Users\trent\OneDrive\Documents\EDGEIQ_PLATFORM\public\data\edgeiq_ecology_memory_recovery_v1.csv","1019"
"C:\Users\trent\OneDrive\Documents\EDGEIQ_PLATFORM\public\data\edgeiq_ecology_memory_resilience_alerts_v1.csv","617"
"C:\Users\trent\OneDrive\Documents\EDGEIQ_PLATFORM\public\data\edgeiq_ecology_memory_resilience_summary_v1.csv","285"
"C:\Users\trent\OneDrive\Documents\EDGEIQ_PLATFORM\public\data\edgeiq_ecology_memory_resilience_v1.csv","830"
"C:\Users\trent\OneDrive\Documents\EDGEIQ_PLATFORM\public\data\edgeiq_ecology_memory_stress_scenarios_v1.csv","894"
"C:\Users\trent\OneDrive\Documents\EDGEIQ_PLATFORM\public\data\edgeiq_ecology_memory_stress_summary_v1.csv","302"
"C:\Users\trent\OneDrive\Documents\EDGEIQ_PLATFORM\public\data\edgeiq_ecology_memory_stress_test_v1.csv","3710"
"C:\Users\trent\OneDrive\Documents\EDGEIQ_PLATFORM\public\data\edgeiq_ecology_memory_summary_v1.csv","244"
"C:\Users\trent\OneDrive\Documents\EDGEIQ_PLATFORM\public\data\edgeiq_ecology_mutation_events_v1.csv","311"
"C:\Users\trent\OneDrive\Documents\EDGEIQ_PLATFORM\public\data\edgeiq_ecology_orchestrator_health_v1.csv","8353"
"C:\Users\trent\OneDrive\Documents\EDGEIQ_PLATFORM\public\data\edgeiq_ecology_orchestrator_run_log_v1.csv","9087"
"C:\Users\trent\OneDrive\Documents\EDGEIQ_PLATFORM\public\data\edgeiq_ecology_orchestrator_summary_v1.csv","549"
"C:\Users\trent\OneDrive\Documents\EDGEIQ_PLATFORM\public\data\edgeiq_ecology_research_audit_failures_v1.csv","127"
"C:\Users\trent\OneDrive\Documents\EDGEIQ_PLATFORM\public\data\edgeiq_ecology_research_audit_summary_v1.csv","297"
"C:\Users\trent\OneDrive\Documents\EDGEIQ_PLATFORM\public\data\edgeiq_ecology_research_audit_v1.csv","27521"
"C:\Users\trent\OneDrive\Documents\EDGEIQ_PLATFORM\public\data\edgeiq_ecology_research_ledger_summary_v1.csv","460"
"C:\Users\trent\OneDrive\Documents\EDGEIQ_PLATFORM\public\data\edgeiq_ecology_research_ledger_v1.csv","1181"
"C:\Users\trent\OneDrive\Documents\EDGEIQ_PLATFORM\public\data\edgeiq_ecology_research_lineage_v1.csv","3289"
"C:\Users\trent\OneDrive\Documents\EDGEIQ_PLATFORM\public\data\edgeiq_ecology_research_priority_v1.csv","1119"
"C:\Users\trent\OneDrive\Documents\EDGEIQ_PLATFORM\public\data\edgeiq_ecology_snapshot_archive_v1.csv","2947541"
"C:\Users\trent\OneDrive\Documents\EDGEIQ_PLATFORM\public\data\edgeiq_ecology_snapshot_comparison_summary_v1.csv","375"
"C:\Users\trent\OneDrive\Documents\EDGEIQ_PLATFORM\public\data\edgeiq_ecology_snapshot_comparison_v1.csv","4204"
"C:\Users\trent\OneDrive\Documents\EDGEIQ_PLATFORM\public\data\edgeiq_ecology_snapshot_drift_changes_v1.csv","473"
"C:\Users\trent\OneDrive\Documents\EDGEIQ_PLATFORM\public\data\edgeiq_ecology_snapshot_manifest_v1.csv","1252"
"C:\Users\trent\OneDrive\Documents\EDGEIQ_PLATFORM\public\data\edgeiq_ecology_snapshot_summary_v1.csv","394"
"C:\Users\trent\OneDrive\Documents\EDGEIQ_PLATFORM\public\data\edgeiq_ecology_stability_index_v1.csv","372"
"C:\Users\trent\OneDrive\Documents\EDGEIQ_PLATFORM\public\data\edgeiq_ecology_temporal_drift_history_v1.csv","1139"
"C:\Users\trent\OneDrive\Documents\EDGEIQ_PLATFORM\public\data\edgeiq_ecology_temporal_drift_summary_v1.csv","397"
"C:\Users\trent\OneDrive\Documents\EDGEIQ_PLATFORM\public\data\edgeiq_ecology_temporal_evolution_v1.csv","1007"
"C:\Users\trent\OneDrive\Documents\EDGEIQ_PLATFORM\public\data\edgeiq_ecology_temporal_stability_duration_v1.csv","1056"
"C:\Users\trent\OneDrive\Documents\EDGEIQ_PLATFORM\public\data\edgeiq_effective_barriers_v1_audit.json","8193"
"C:\Users\trent\OneDrive\Documents\EDGEIQ_PLATFORM\public\data\edgeiq_elite_execution_replay_v1.csv","4337832"
"C:\Users\trent\OneDrive\Documents\EDGEIQ_PLATFORM\public\data\edgeiq_elite_execution_replay_v1_by_rule.csv","2394"
"C:\Users\trent\OneDrive\Documents\EDGEIQ_PLATFORM\public\data\edgeiq_elite_execution_replay_v1_summary.csv","634"
"C:\Users\trent\OneDrive\Documents\EDGEIQ_PLATFORM\public\data\edgeiq_elite_overlay_replay_v1.csv","28942231"
"C:\Users\trent\OneDrive\Documents\EDGEIQ_PLATFORM\public\data\edgeiq_elite_overlay_replay_v1_by_overlay_band.csv","1021"
"C:\Users\trent\OneDrive\Documents\EDGEIQ_PLATFORM\public\data\edgeiq_elite_overlay_replay_v1_by_rank.csv","860"
"C:\Users\trent\OneDrive\Documents\EDGEIQ_PLATFORM\public\data\edgeiq_elite_overlay_replay_v1_elite_vs_non_elite.csv","756"
"C:\Users\trent\OneDrive\Documents\EDGEIQ_PLATFORM\public\data\edgeiq_elite_overlay_replay_v1_summary.csv","558"
"C:\Users\trent\OneDrive\Documents\EDGEIQ_PLATFORM\public\data\edgeiq_elite_product_structure_v2_audit.csv","4129"
"C:\Users\trent\OneDrive\Documents\EDGEIQ_PLATFORM\public\data\edgeiq_elite_product_structure_v2_audit_summary.csv","320"
"C:\Users\trent\OneDrive\Documents\EDGEIQ_PLATFORM\public\data\edgeiq_elite_product_structure_v2_summary.csv","320"
"C:\Users\trent\OneDrive\Documents\EDGEIQ_PLATFORM\public\data\edgeiq_empirical_overlay_audit_v1.csv","64122"
"C:\Users\trent\OneDrive\Documents\EDGEIQ_PLATFORM\public\data\edgeiq_empirical_overlay_audit_v1_by_edge_band.csv","886"
"C:\Users\trent\OneDrive\Documents\EDGEIQ_PLATFORM\public\data\edgeiq_empirical_overlay_audit_v1_by_rank.csv","740"
"C:\Users\trent\OneDrive\Documents\EDGEIQ_PLATFORM\public\data\edgeiq_empirical_overlay_audit_v1_candidates.csv","17507"
"C:\Users\trent\OneDrive\Documents\EDGEIQ_PLATFORM\public\data\edgeiq_empirical_overlay_audit_v1_summary.csv","336"
"C:\Users\trent\OneDrive\Documents\EDGEIQ_PLATFORM\public\data\edgeiq_empirical_signal_filter_v1.csv","65403"
"C:\Users\trent\OneDrive\Documents\EDGEIQ_PLATFORM\public\data\edgeiq_empirical_signal_filter_v1_summary.csv","393"
"C:\Users\trent\OneDrive\Documents\EDGEIQ_PLATFORM\public\data\edgeiq_empty_terminal_feed_v1.csv","58"
"C:\Users\trent\OneDrive\Documents\EDGEIQ_PLATFORM\public\data\edgeiq_end_to_end_validation_v1.json","4464"
"C:\Users\trent\OneDrive\Documents\EDGEIQ_PLATFORM\public\data\edgeiq_engineering_specification_library_v1_audit.json","47420"
"C:\Users\trent\OneDrive\Documents\EDGEIQ_PLATFORM\public\data\edgeiq_engineering_specification_library_v1_inventory.csv","2936"
"C:\Users\trent\OneDrive\Documents\EDGEIQ_PLATFORM\public\data\edgeiq_enhanced_temporal_phase_confidence_v2.csv","11139846"
"C:\Users\trent\OneDrive\Documents\EDGEIQ_PLATFORM\public\data\edgeiq_enhanced_temporal_phase_summary_v2.csv","711"
"C:\Users\trent\OneDrive\Documents\EDGEIQ_PLATFORM\public\data\edgeiq_entity_resolution_manual_blocks_v1.csv","214"
"C:\Users\trent\OneDrive\Documents\EDGEIQ_PLATFORM\public\data\edgeiq_entity_resolution_manual_review_v1.csv","5347"
"C:\Users\trent\OneDrive\Documents\EDGEIQ_PLATFORM\public\data\edgeiq_entity_resolution_master_v1.csv","185471"
"C:\Users\trent\OneDrive\Documents\EDGEIQ_PLATFORM\public\data\edgeiq_entity_resolution_master_v1_summary.csv","179"
"C:\Users\trent\OneDrive\Documents\EDGEIQ_PLATFORM\public\data\edgeiq_entity_summary_v1.csv","15820606"
"C:\Users\trent\OneDrive\Documents\EDGEIQ_PLATFORM\public\data\edgeiq_entity_summary_v1_summary.csv","428"
"C:\Users\trent\OneDrive\Documents\EDGEIQ_PLATFORM\public\data\edgeiq_environment_classification_v1.csv","2677"
"C:\Users\trent\OneDrive\Documents\EDGEIQ_PLATFORM\public\data\edgeiq_environment_component_audit_v1.csv","1650"
"C:\Users\trent\OneDrive\Documents\EDGEIQ_PLATFORM\public\data\edgeiq_environment_component_audit_v1_summary.csv","199"
"C:\Users\trent\OneDrive\Documents\EDGEIQ_PLATFORM\public\data\edgeiq_environment_component_audit_v1_verdict.csv","198"
"C:\Users\trent\OneDrive\Documents\EDGEIQ_PLATFORM\public\data\edgeiq_environment_exclusion_audit_v1.csv","231"
"C:\Users\trent\OneDrive\Documents\EDGEIQ_PLATFORM\public\data\edgeiq_environment_exclusion_audit_v1_summary.csv","102"
"C:\Users\trent\OneDrive\Documents\EDGEIQ_PLATFORM\public\data\edgeiq_environment_field_size_independence_audit_v1.csv","715"
"C:\Users\trent\OneDrive\Documents\EDGEIQ_PLATFORM\public\data\edgeiq_environment_field_size_independence_audit_v1_summary.csv","326"
"C:\Users\trent\OneDrive\Documents\EDGEIQ_PLATFORM\public\data\edgeiq_environment_field_size_independence_audit_v1_verdict.csv","210"
"C:\Users\trent\OneDrive\Documents\EDGEIQ_PLATFORM\public\data\edgeiq_environment_market_audit_v1.csv","798"
"C:\Users\trent\OneDrive\Documents\EDGEIQ_PLATFORM\public\data\edgeiq_environment_market_audit_v1_summary.csv","211"
"C:\Users\trent\OneDrive\Documents\EDGEIQ_PLATFORM\public\data\edgeiq_environment_market_audit_v1_verdict.csv","274"
"C:\Users\trent\OneDrive\Documents\EDGEIQ_PLATFORM\public\data\edgeiq_environment_market_audit_v2.csv","867"
"C:\Users\trent\OneDrive\Documents\EDGEIQ_PLATFORM\public\data\edgeiq_environment_market_audit_v2_summary.csv","213"
"C:\Users\trent\OneDrive\Documents\EDGEIQ_PLATFORM\public\data\edgeiq_environment_market_audit_v2_verdict.csv","255"
"C:\Users\trent\OneDrive\Documents\EDGEIQ_PLATFORM\public\data\edgeiq_environment_rankings_v1.csv","819"
"C:\Users\trent\OneDrive\Documents\EDGEIQ_PLATFORM\public\data\edgeiq_environment_rank_interaction_audit_v1.csv","1030"
"C:\Users\trent\OneDrive\Documents\EDGEIQ_PLATFORM\public\data\edgeiq_environment_rank_interaction_audit_v1_matrix.csv","1145"
"C:\Users\trent\OneDrive\Documents\EDGEIQ_PLATFORM\public\data\edgeiq_environment_rank_interaction_audit_v1_summary.csv","196"
"C:\Users\trent\OneDrive\Documents\EDGEIQ_PLATFORM\public\data\edgeiq_environment_rank_interaction_audit_v1_verdict.csv","208"
"C:\Users\trent\OneDrive\Documents\EDGEIQ_PLATFORM\public\data\edgeiq_environment_residual_audit_v1.csv","3486620"
"C:\Users\trent\OneDrive\Documents\EDGEIQ_PLATFORM\public\data\edgeiq_environment_residual_audit_v1_summary.csv","1358"
"C:\Users\trent\OneDrive\Documents\EDGEIQ_PLATFORM\public\data\edgeiq_environment_residual_audit_v1_verdict.csv","608"
"C:\Users\trent\OneDrive\Documents\EDGEIQ_PLATFORM\public\data\edgeiq_environment_score_replay_v1.csv","2262693"
"C:\Users\trent\OneDrive\Documents\EDGEIQ_PLATFORM\public\data\edgeiq_environment_score_replay_v1_by_band.csv","637"
"C:\Users\trent\OneDrive\Documents\EDGEIQ_PLATFORM\public\data\edgeiq_environment_score_replay_v1_by_field_size.csv","493"
"C:\Users\trent\OneDrive\Documents\EDGEIQ_PLATFORM\public\data\edgeiq_environment_score_replay_v1_by_trust.csv","330"
"C:\Users\trent\OneDrive\Documents\EDGEIQ_PLATFORM\public\data\edgeiq_environment_score_replay_v1_summary.csv","613"
"C:\Users\trent\OneDrive\Documents\EDGEIQ_PLATFORM\public\data\edgeiq_environment_score_replay_v1_verdict.csv","392"
"C:\Users\trent\OneDrive\Documents\EDGEIQ_PLATFORM\public\data\edgeiq_environment_score_share_matrix_v1.csv","621"
"C:\Users\trent\OneDrive\Documents\EDGEIQ_PLATFORM\public\data\edgeiq_environment_score_share_matrix_v1_summary.csv","308"
"C:\Users\trent\OneDrive\Documents\EDGEIQ_PLATFORM\public\data\edgeiq_environment_score_share_matrix_v1_verdict.csv","212"
"C:\Users\trent\OneDrive\Documents\EDGEIQ_PLATFORM\public\data\edgeiq_environment_score_stability_audit_v1.csv","2373466"
"C:\Users\trent\OneDrive\Documents\EDGEIQ_PLATFORM\public\data\edgeiq_environment_score_stability_audit_v1_by_field_score.csv","1997"
"C:\Users\trent\OneDrive\Documents\EDGEIQ_PLATFORM\public\data\edgeiq_environment_score_stability_audit_v1_by_trust_score.csv","1292"
"C:\Users\trent\OneDrive\Documents\EDGEIQ_PLATFORM\public\data\edgeiq_environment_score_stability_audit_v1_by_year.csv","483"
"C:\Users\trent\OneDrive\Documents\EDGEIQ_PLATFORM\public\data\edgeiq_environment_score_stability_audit_v1_by_year_score.csv","2262"
"C:\Users\trent\OneDrive\Documents\EDGEIQ_PLATFORM\public\data\edgeiq_environment_score_stability_audit_v1_summary.csv","864"
"C:\Users\trent\OneDrive\Documents\EDGEIQ_PLATFORM\public\data\edgeiq_environment_score_stability_audit_v1_verdict.csv","505"
"C:\Users\trent\OneDrive\Documents\EDGEIQ_PLATFORM\public\data\edgeiq_environment_score_v1.csv","1934814"
"C:\Users\trent\OneDrive\Documents\EDGEIQ_PLATFORM\public\data\edgeiq_environment_score_v1_audit.csv","382"
"C:\Users\trent\OneDrive\Documents\EDGEIQ_PLATFORM\public\data\edgeiq_environment_score_v1_audit.json","800"
"C:\Users\trent\OneDrive\Documents\EDGEIQ_PLATFORM\public\data\edgeiq_environment_stability_audit_v1.csv","586"
"C:\Users\trent\OneDrive\Documents\EDGEIQ_PLATFORM\public\data\edgeiq_environment_stability_audit_v1_summary.csv","289"
"C:\Users\trent\OneDrive\Documents\EDGEIQ_PLATFORM\public\data\edgeiq_environment_stability_audit_v1_verdict.csv","177"
"C:\Users\trent\OneDrive\Documents\EDGEIQ_PLATFORM\public\data\edgeiq_environment_stack_replay_v1.csv","1454024"
"C:\Users\trent\OneDrive\Documents\EDGEIQ_PLATFORM\public\data\edgeiq_environment_stack_replay_v1_by_trust.csv","1681"
"C:\Users\trent\OneDrive\Documents\EDGEIQ_PLATFORM\public\data\edgeiq_environment_stack_replay_v1_summary.csv","1721"
"C:\Users\trent\OneDrive\Documents\EDGEIQ_PLATFORM\public\data\edgeiq_environment_stack_replay_v1_top_segments.csv","3073"
"C:\Users\trent\OneDrive\Documents\EDGEIQ_PLATFORM\public\data\edgeiq_environment_stack_replay_v1_verdict.csv","626"
"C:\Users\trent\OneDrive\Documents\EDGEIQ_PLATFORM\public\data\edgeiq_environment_trust_matrix_v1.csv","625"
"C:\Users\trent\OneDrive\Documents\EDGEIQ_PLATFORM\public\data\edgeiq_environment_trust_matrix_v1_summary.csv","304"
"C:\Users\trent\OneDrive\Documents\EDGEIQ_PLATFORM\public\data\edgeiq_environment_trust_matrix_v1_verdict.csv","188"
"C:\Users\trent\OneDrive\Documents\EDGEIQ_PLATFORM\public\data\edgeiq_environment_v2_replay_audit.csv","11065996"
"C:\Users\trent\OneDrive\Documents\EDGEIQ_PLATFORM\public\data\edgeiq_environment_v2_replay_audit_by_band.csv","661"
"C:\Users\trent\OneDrive\Documents\EDGEIQ_PLATFORM\public\data\edgeiq_environment_v2_replay_audit_by_year.csv","754"
"C:\Users\trent\OneDrive\Documents\EDGEIQ_PLATFORM\public\data\edgeiq_environment_v2_replay_audit_summary.csv","590"
"C:\Users\trent\OneDrive\Documents\EDGEIQ_PLATFORM\public\data\edgeiq_environment_v2_replay_audit_verdict.csv","262"
"C:\Users\trent\OneDrive\Documents\EDGEIQ_PLATFORM\public\data\edgeiq_environment_v2_trust_field_core.csv","10885863"
"C:\Users\trent\OneDrive\Documents\EDGEIQ_PLATFORM\public\data\edgeiq_environment_v2_trust_field_core_summary.csv","813"
"C:\Users\trent\OneDrive\Documents\EDGEIQ_PLATFORM\public\data\edgeiq_epf_v1.csv","209936117"
"C:\Users\trent\OneDrive\Documents\EDGEIQ_PLATFORM\public\data\edgeiq_epf_v1_1_guardrailed.csv","323082993"
"C:\Users\trent\OneDrive\Documents\EDGEIQ_PLATFORM\public\data\edgeiq_epf_v1_1_guardrailed_audit.csv","1293"
"C:\Users\trent\OneDrive\Documents\EDGEIQ_PLATFORM\public\data\edgeiq_epf_v1_1_guardrailed_summary.csv","405"
"C:\Users\trent\OneDrive\Documents\EDGEIQ_PLATFORM\public\data\edgeiq_epf_v1_audit.csv","2472"
"C:\Users\trent\OneDrive\Documents\EDGEIQ_PLATFORM\public\data\edgeiq_epf_v1_quality_guardrails_audit.csv","4256860"
"C:\Users\trent\OneDrive\Documents\EDGEIQ_PLATFORM\public\data\edgeiq_epf_v1_quality_guardrails_summary.csv","2962"
"C:\Users\trent\OneDrive\Documents\EDGEIQ_PLATFORM\public\data\edgeiq_epf_v1_summary.csv","530"
"C:\Users\trent\OneDrive\Documents\EDGEIQ_PLATFORM\public\data\edgeiq_epi_component_normalisation_parameter_fact_v1.csv","2062"
"C:\Users\trent\OneDrive\Documents\EDGEIQ_PLATFORM\public\data\edgeiq_epi_component_normalisation_parameter_fact_v1_audit.json","3458"
"C:\Users\trent\OneDrive\Documents\EDGEIQ_PLATFORM\public\data\edgeiq_epi_context_v1_audit.json","238"
"C:\Users\trent\OneDrive\Documents\EDGEIQ_PLATFORM\public\data\edgeiq_epi_current_rating_audit_summary_v1.csv","37"
"C:\Users\trent\OneDrive\Documents\EDGEIQ_PLATFORM\public\data\edgeiq_epi_current_rating_audit_v1.csv","424"
"C:\Users\trent\OneDrive\Documents\EDGEIQ_PLATFORM\public\data\edgeiq_epi_current_rating_v1.csv","99383"
"C:\Users\trent\OneDrive\Documents\EDGEIQ_PLATFORM\public\data\edgeiq_epi_current_rating_v1.json","463386"
"C:\Users\trent\OneDrive\Documents\EDGEIQ_PLATFORM\public\data\edgeiq_epi_distribution_summary_v1.csv","168"
"C:\Users\trent\OneDrive\Documents\EDGEIQ_PLATFORM\public\data\edgeiq_epi_distribution_v1.csv","168"
"C:\Users\trent\OneDrive\Documents\EDGEIQ_PLATFORM\public\data\edgeiq_epi_heatmap_v1_audit.json","420"
"C:\Users\trent\OneDrive\Documents\EDGEIQ_PLATFORM\public\data\edgeiq_epi_matrix_v1_audit.csv","207"
"C:\Users\trent\OneDrive\Documents\EDGEIQ_PLATFORM\public\data\edgeiq_epi_matrix_v2_audit.csv","232"
"C:\Users\trent\OneDrive\Documents\EDGEIQ_PLATFORM\public\data\edgeiq_epi_parameter_fact_v1.csv","896"
"C:\Users\trent\OneDrive\Documents\EDGEIQ_PLATFORM\public\data\edgeiq_epi_parameter_fact_v1_audit.json","2839"
"C:\Users\trent\OneDrive\Documents\EDGEIQ_PLATFORM\public\data\edgeiq_epi_warehouse_release_manifest_v1.json","20763"
"C:\Users\trent\OneDrive\Documents\EDGEIQ_PLATFORM\public\data\edgeiq_epi_warehouse_release_manifest_v1_audit.json","5720"
"C:\Users\trent\OneDrive\Documents\EDGEIQ_PLATFORM\public\data\edgeiq_epi_workspace_data_contract_v1_audit.json","459"
"C:\Users\trent\OneDrive\Documents\EDGEIQ_PLATFORM\public\data\edgeiq_epi_workspace_engineering_build_v1_audit.json","492"
"C:\Users\trent\OneDrive\Documents\EDGEIQ_PLATFORM\public\data\edgeiq_epi_workspace_terminal_feed_summary_v1.csv","133"
"C:\Users\trent\OneDrive\Documents\EDGEIQ_PLATFORM\public\data\edgeiq_epi_workspace_terminal_feed_v1.csv","247512"
"C:\Users\trent\OneDrive\Documents\EDGEIQ_PLATFORM\public\data\edgeiq_epi_workspace_visual_structure_v1_audit.json","502"
"C:\Users\trent\OneDrive\Documents\EDGEIQ_PLATFORM\public\data\edgeiq_evidence_apply_v1.csv","624"
"C:\Users\trent\OneDrive\Documents\EDGEIQ_PLATFORM\public\data\edgeiq_evidence_apply_v1_summary.csv","780"
"C:\Users\trent\OneDrive\Documents\EDGEIQ_PLATFORM\public\data\edgeiq_evidence_merge_audit_v1.csv","929"
"C:\Users\trent\OneDrive\Documents\EDGEIQ_PLATFORM\public\data\edgeiq_evidence_merge_audit_v1_summary.csv","520"
"C:\Users\trent\OneDrive\Documents\EDGEIQ_PLATFORM\public\data\edgeiq_evidence_merge_v1.csv","112098"
"C:\Users\trent\OneDrive\Documents\EDGEIQ_PLATFORM\public\data\edgeiq_evidence_merge_v1_summary.csv","726"
"C:\Users\trent\OneDrive\Documents\EDGEIQ_PLATFORM\public\data\edgeiq_evidence_strength_model_v2.csv","39943"
"C:\Users\trent\OneDrive\Documents\EDGEIQ_PLATFORM\public\data\edgeiq_evidence_strength_model_v2_audit.csv","981"
"C:\Users\trent\OneDrive\Documents\EDGEIQ_PLATFORM\public\data\edgeiq_evidence_strength_model_v2_summary.csv","73"
"C:\Users\trent\OneDrive\Documents\EDGEIQ_PLATFORM\public\data\edgeiq_evidence_ui_build_v1.csv","890"
"C:\Users\trent\OneDrive\Documents\EDGEIQ_PLATFORM\public\data\edgeiq_evidence_ui_build_v1_summary.csv","890"
"C:\Users\trent\OneDrive\Documents\EDGEIQ_PLATFORM\public\data\edgeiq_execution_accountability.csv","220"
"C:\Users\trent\OneDrive\Documents\EDGEIQ_PLATFORM\public\data\edgeiq_execution_board.csv","1645725"
"C:\Users\trent\OneDrive\Documents\EDGEIQ_PLATFORM\public\data\edgeiq_execution_board_live.csv","67641"
"C:\Users\trent\OneDrive\Documents\EDGEIQ_PLATFORM\public\data\edgeiq_execution_board_live_PRE_SPORTSBET_PRICE_PATCH.csv","270650"
"C:\Users\trent\OneDrive\Documents\EDGEIQ_PLATFORM\public\data\edgeiq_execution_board_live_sectionals_diagnostics_v1.csv","115"
"C:\Users\trent\OneDrive\Documents\EDGEIQ_PLATFORM\public\data\edgeiq_execution_board_live_sectionals_v1.csv","61315"
"C:\Users\trent\OneDrive\Documents\EDGEIQ_PLATFORM\public\data\edgeiq_execution_board_terminal.csv","103592"
"C:\Users\trent\OneDrive\Documents\EDGEIQ_PLATFORM\public\data\edgeiq_execution_board_v2.csv","2241"
"C:\Users\trent\OneDrive\Documents\EDGEIQ_PLATFORM\public\data\edgeiq_execution_board_v2_clean.csv","1901"
"C:\Users\trent\OneDrive\Documents\EDGEIQ_PLATFORM\public\data\edgeiq_execution_board_v2_clean_summary.csv","87"
"C:\Users\trent\OneDrive\Documents\EDGEIQ_PLATFORM\public\data\edgeiq_execution_board_v3.csv","82860"
"C:\Users\trent\OneDrive\Documents\EDGEIQ_PLATFORM\public\data\edgeiq_execution_board_v3_diagnostics.csv","126"
"C:\Users\trent\OneDrive\Documents\EDGEIQ_PLATFORM\public\data\edgeiq_execution_candidates_v1.csv","1745038"
"C:\Users\trent\OneDrive\Documents\EDGEIQ_PLATFORM\public\data\edgeiq_execution_candidates_v1_summary.csv","185"
"C:\Users\trent\OneDrive\Documents\EDGEIQ_PLATFORM\public\data\edgeiq_execution_confidence_v1.csv","1806262"
"C:\Users\trent\OneDrive\Documents\EDGEIQ_PLATFORM\public\data\edgeiq_execution_confidence_v1_summary.csv","205"
"C:\Users\trent\OneDrive\Documents\EDGEIQ_PLATFORM\public\data\edgeiq_execution_drift_v1.csv","1590"
"C:\Users\trent\OneDrive\Documents\EDGEIQ_PLATFORM\public\data\edgeiq_execution_engine_v1.csv","33983408"
"C:\Users\trent\OneDrive\Documents\EDGEIQ_PLATFORM\public\data\edgeiq_execution_engine_v1_by_action.csv","674"
"C:\Users\trent\OneDrive\Documents\EDGEIQ_PLATFORM\public\data\edgeiq_execution_engine_v1_by_rank.csv","1941"
"C:\Users\trent\OneDrive\Documents\EDGEIQ_PLATFORM\public\data\edgeiq_execution_engine_v1_by_trust_profile.csv","1878"
"C:\Users\trent\OneDrive\Documents\EDGEIQ_PLATFORM\public\data\edgeiq_execution_engine_v1_summary.csv","497"
"C:\Users\trent\OneDrive\Documents\EDGEIQ_PLATFORM\public\data\edgeiq_execution_engine_v2_live.csv","57128"
"C:\Users\trent\OneDrive\Documents\EDGEIQ_PLATFORM\public\data\edgeiq_execution_engine_v2_live_candidates.csv","4792"
"C:\Users\trent\OneDrive\Documents\EDGEIQ_PLATFORM\public\data\edgeiq_execution_engine_v2_live_summary.csv","264"
"C:\Users\trent\OneDrive\Documents\EDGEIQ_PLATFORM\public\data\edgeiq_execution_engine_v3_live.csv","45574"
"C:\Users\trent\OneDrive\Documents\EDGEIQ_PLATFORM\public\data\edgeiq_execution_engine_v3_live_candidates.csv","9459"
"C:\Users\trent\OneDrive\Documents\EDGEIQ_PLATFORM\public\data\edgeiq_execution_engine_v3_live_summary.csv","264"
"C:\Users\trent\OneDrive\Documents\EDGEIQ_PLATFORM\public\data\edgeiq_execution_engine_v4.csv","28607"
"C:\Users\trent\OneDrive\Documents\EDGEIQ_PLATFORM\public\data\edgeiq_execution_feedback_board.csv","131024"
"C:\Users\trent\OneDrive\Documents\EDGEIQ_PLATFORM\public\data\edgeiq_execution_feed_calibrated_v1.csv","15915"
"C:\Users\trent\OneDrive\Documents\EDGEIQ_PLATFORM\public\data\edgeiq_execution_feed_v1.csv","9187"
"C:\Users\trent\OneDrive\Documents\EDGEIQ_PLATFORM\public\data\edgeiq_execution_feed_v1_clv.csv","10160"
"C:\Users\trent\OneDrive\Documents\EDGEIQ_PLATFORM\public\data\edgeiq_execution_feed_v1_summary.csv","157"
"C:\Users\trent\OneDrive\Documents\EDGEIQ_PLATFORM\public\data\edgeiq_execution_governance_v1.csv","41192"
"C:\Users\trent\OneDrive\Documents\EDGEIQ_PLATFORM\public\data\edgeiq_execution_governance_v1_summary.csv","1625"
"C:\Users\trent\OneDrive\Documents\EDGEIQ_PLATFORM\public\data\edgeiq_execution_learning_rules_v2.csv","137"
"C:\Users\trent\OneDrive\Documents\EDGEIQ_PLATFORM\public\data\edgeiq_execution_orchestrator.csv","189597"
"C:\Users\trent\OneDrive\Documents\EDGEIQ_PLATFORM\public\data\edgeiq_execution_outcome_audit_v1.csv","2547"
"C:\Users\trent\OneDrive\Documents\EDGEIQ_PLATFORM\public\data\edgeiq_execution_outcome_audit_v1_summary.csv","91"
"C:\Users\trent\OneDrive\Documents\EDGEIQ_PLATFORM\public\data\edgeiq_execution_performance_summary_v2.csv","144"
"C:\Users\trent\OneDrive\Documents\EDGEIQ_PLATFORM\public\data\edgeiq_execution_performance_v2.csv","1824"
"C:\Users\trent\OneDrive\Documents\EDGEIQ_PLATFORM\public\data\edgeiq_execution_quality_audit.csv","946"
"C:\Users\trent\OneDrive\Documents\EDGEIQ_PLATFORM\public\data\edgeiq_execution_quality_by_reason.csv","2033"
"C:\Users\trent\OneDrive\Documents\EDGEIQ_PLATFORM\public\data\edgeiq_execution_quality_v2.csv","166581"
"C:\Users\trent\OneDrive\Documents\EDGEIQ_PLATFORM\public\data\edgeiq_execution_reviews_v1.csv","5331"
"C:\Users\trent\OneDrive\Documents\EDGEIQ_PLATFORM\public\data\edgeiq_execution_suppressed_v1.csv","123224"
"C:\Users\trent\OneDrive\Documents\EDGEIQ_PLATFORM\public\data\edgeiq_execution_suppression_reasons_v1.csv","2648"
"C:\Users\trent\OneDrive\Documents\EDGEIQ_PLATFORM\public\data\edgeiq_execution_suppression_v2.csv","51434"
"C:\Users\trent\OneDrive\Documents\EDGEIQ_PLATFORM\public\data\edgeiq_execution_telemetry.csv","187680"
"C:\Users\trent\OneDrive\Documents\EDGEIQ_PLATFORM\public\data\edgeiq_execution_throttle_audit.csv","183"
"C:\Users\trent\OneDrive\Documents\EDGEIQ_PLATFORM\public\data\edgeiq_execution_tier_summary_v1.csv","64"
"C:\Users\trent\OneDrive\Documents\EDGEIQ_PLATFORM\public\data\edgeiq_execution_tracking_v2.csv","3454"
"C:\Users\trent\OneDrive\Documents\EDGEIQ_PLATFORM\public\data\edgeiq_execution_tracking_v2_by_action_settlement.csv","170"
"C:\Users\trent\OneDrive\Documents\EDGEIQ_PLATFORM\public\data\edgeiq_execution_tracking_v2_settled.csv","3660"
"C:\Users\trent\OneDrive\Documents\EDGEIQ_PLATFORM\public\data\edgeiq_execution_tracking_v2_settlement_summary.csv","160"
"C:\Users\trent\OneDrive\Documents\EDGEIQ_PLATFORM\public\data\edgeiq_execution_tracking_v2_summary.csv","136"
"C:\Users\trent\OneDrive\Documents\EDGEIQ_PLATFORM\public\data\edgeiq_execution_tracking_v3.csv","7851"
"C:\Users\trent\OneDrive\Documents\EDGEIQ_PLATFORM\public\data\edgeiq_execution_tracking_v3_by_action.csv","651"
"C:\Users\trent\OneDrive\Documents\EDGEIQ_PLATFORM\public\data\edgeiq_execution_tracking_v3_settled.csv","8888"
"C:\Users\trent\OneDrive\Documents\EDGEIQ_PLATFORM\public\data\edgeiq_execution_tracking_v3_settlement_summary.csv","476"
"C:\Users\trent\OneDrive\Documents\EDGEIQ_PLATFORM\public\data\edgeiq_execution_tracking_v3_summary.csv","137"
"C:\Users\trent\OneDrive\Documents\EDGEIQ_PLATFORM\public\data\edgeiq_execution_v3_replay_v1.csv","173056278"
"C:\Users\trent\OneDrive\Documents\EDGEIQ_PLATFORM\public\data\edgeiq_execution_v3_replay_v1_by_rule.csv","3730"
"C:\Users\trent\OneDrive\Documents\EDGEIQ_PLATFORM\public\data\edgeiq_execution_v3_replay_v1_by_rule_and_rank.csv","8063"
"C:\Users\trent\OneDrive\Documents\EDGEIQ_PLATFORM\public\data\edgeiq_execution_v3_replay_v1_summary.csv","1225"
"C:\Users\trent\OneDrive\Documents\EDGEIQ_PLATFORM\public\data\edgeiq_execution_v4_replay_sweep_v1.csv","371308"
"C:\Users\trent\OneDrive\Documents\EDGEIQ_PLATFORM\public\data\edgeiq_execution_v4_replay_sweep_v1_summary.csv","1625"
"C:\Users\trent\OneDrive\Documents\EDGEIQ_PLATFORM\public\data\edgeiq_execution_v4_replay_sweep_v1_top_rules.csv","10415"
"C:\Users\trent\OneDrive\Documents\EDGEIQ_PLATFORM\public\data\edgeiq_execution_v5_environment_replay_v1.csv","2447518"
"C:\Users\trent\OneDrive\Documents\EDGEIQ_PLATFORM\public\data\edgeiq_execution_v5_environment_replay_v1_by_field_size.csv","2247"
"C:\Users\trent\OneDrive\Documents\EDGEIQ_PLATFORM\public\data\edgeiq_execution_v5_environment_replay_v1_by_score_bucket.csv","764"
"C:\Users\trent\OneDrive\Documents\EDGEIQ_PLATFORM\public\data\edgeiq_execution_v5_environment_replay_v1_by_trust.csv","1451"
"C:\Users\trent\OneDrive\Documents\EDGEIQ_PLATFORM\public\data\edgeiq_execution_v5_environment_replay_v1_by_year.csv","240"
"C:\Users\trent\OneDrive\Documents\EDGEIQ_PLATFORM\public\data\edgeiq_execution_v5_environment_replay_v1_summary.csv","1034"
"C:\Users\trent\OneDrive\Documents\EDGEIQ_PLATFORM\public\data\edgeiq_execution_v5_environment_replay_v1_verdict.csv","641"
"C:\Users\trent\OneDrive\Documents\EDGEIQ_PLATFORM\public\data\edgeiq_execution_v5_governance_v1.csv","2805523"
"C:\Users\trent\OneDrive\Documents\EDGEIQ_PLATFORM\public\data\edgeiq_execution_v5_governance_v1_audit.csv","564"
"C:\Users\trent\OneDrive\Documents\EDGEIQ_PLATFORM\public\data\edgeiq_execution_v5_governance_v1_by_field_size.csv","1713"
"C:\Users\trent\OneDrive\Documents\EDGEIQ_PLATFORM\public\data\edgeiq_execution_v5_governance_v1_by_trust.csv","1049"
"C:\Users\trent\OneDrive\Documents\EDGEIQ_PLATFORM\public\data\edgeiq_execution_v5_governance_v1_by_year.csv","1809"
"C:\Users\trent\OneDrive\Documents\EDGEIQ_PLATFORM\public\data\edgeiq_execution_v5_governance_v1_summary.csv","581"
"C:\Users\trent\OneDrive\Documents\EDGEIQ_PLATFORM\public\data\edgeiq_experiment_tracker_v1.csv","8074"
"C:\Users\trent\OneDrive\Documents\EDGEIQ_PLATFORM\public\data\edgeiq_explainability_engine_v1_join_audit.csv","981"
"C:\Users\trent\OneDrive\Documents\EDGEIQ_PLATFORM\public\data\edgeiq_explainability_engine_v1_join_audit_summary.csv","842"
"C:\Users\trent\OneDrive\Documents\EDGEIQ_PLATFORM\public\data\edgeiq_explainability_terminal_feed_v1.csv","397096"
"C:\Users\trent\OneDrive\Documents\EDGEIQ_PLATFORM\public\data\edgeiq_explainability_terminal_feed_v1_1.csv","395974"
"C:\Users\trent\OneDrive\Documents\EDGEIQ_PLATFORM\public\data\edgeiq_explainability_terminal_feed_v1_1_summary.csv","312"
"C:\Users\trent\OneDrive\Documents\EDGEIQ_PLATFORM\public\data\edgeiq_explainability_terminal_feed_v1_2.csv","491850"
"C:\Users\trent\OneDrive\Documents\EDGEIQ_PLATFORM\public\data\edgeiq_explainability_terminal_feed_v1_2_audit.csv","48578"
"C:\Users\trent\OneDrive\Documents\EDGEIQ_PLATFORM\public\data\edgeiq_explainability_terminal_feed_v1_2_audit_summary.csv","428"
"C:\Users\trent\OneDrive\Documents\EDGEIQ_PLATFORM\public\data\edgeiq_explainability_terminal_feed_v1_2_summary.csv","563"
"C:\Users\trent\OneDrive\Documents\EDGEIQ_PLATFORM\public\data\edgeiq_explainability_terminal_feed_v1_CHECKPOINT_BEFORE_CLEANUP_20260620.csv","397096"
"C:\Users\trent\OneDrive\Documents\EDGEIQ_PLATFORM\public\data\edgeiq_explainability_terminal_feed_v1_summary.csv","310"
"C:\Users\trent\OneDrive\Documents\EDGEIQ_PLATFORM\public\data\edgeiq_external_source_access_health_fact_v1.csv","2397"
"C:\Users\trent\OneDrive\Documents\EDGEIQ_PLATFORM\public\data\edgeiq_external_source_access_health_history_fact_v1.csv","4407"
"C:\Users\trent\OneDrive\Documents\EDGEIQ_PLATFORM\public\data\edgeiq_external_source_alert_fact_v1.csv","845"
"C:\Users\trent\OneDrive\Documents\EDGEIQ_PLATFORM\public\data\edgeiq_factors_registry_v1.csv","641781"
"C:\Users\trent\OneDrive\Documents\EDGEIQ_PLATFORM\public\data\edgeiq_factors_registry_v1_summary.csv","184"
"C:\Users\trent\OneDrive\Documents\EDGEIQ_PLATFORM\public\data\edgeiq_factor_interaction_audit_v1.csv","76166898"
"C:\Users\trent\OneDrive\Documents\EDGEIQ_PLATFORM\public\data\edgeiq_factor_interaction_audit_v1.json","10714"
"C:\Users\trent\OneDrive\Documents\EDGEIQ_PLATFORM\public\data\edgeiq_factor_interaction_audit_v1_by_combo.csv","951"
"C:\Users\trent\OneDrive\Documents\EDGEIQ_PLATFORM\public\data\edgeiq_factor_interaction_audit_v1_overlay_quality.csv","696"
"C:\Users\trent\OneDrive\Documents\EDGEIQ_PLATFORM\public\data\edgeiq_factor_interaction_audit_v1_rank1_relevance.csv","3927875"
"C:\Users\trent\OneDrive\Documents\EDGEIQ_PLATFORM\public\data\edgeiq_factor_interaction_audit_v1_summary.csv","863"
"C:\Users\trent\OneDrive\Documents\EDGEIQ_PLATFORM\public\data\edgeiq_factor_lab_enrichment_feed_v1.csv","1147863"
"C:\Users\trent\OneDrive\Documents\EDGEIQ_PLATFORM\public\data\edgeiq_factor_lab_enrichment_feed_v1_BACKUP_BEFORE_FULL_PROGRAM_DISTANCE_AUDIT_FIX_20260628.csv","1147863"
"C:\Users\trent\OneDrive\Documents\EDGEIQ_PLATFORM\public\data\edgeiq_factor_lab_enrichment_feed_v1_summary.csv","231"
"C:\Users\trent\OneDrive\Documents\EDGEIQ_PLATFORM\public\data\edgeiq_factor_lab_tab_race_summary_v1.csv","1476"
"C:\Users\trent\OneDrive\Documents\EDGEIQ_PLATFORM\public\data\edgeiq_factor_lab_tab_source_trace_v1.csv","50041"
"C:\Users\trent\OneDrive\Documents\EDGEIQ_PLATFORM\public\data\edgeiq_factor_predictiveness_audit_v1.csv","8209"
"C:\Users\trent\OneDrive\Documents\EDGEIQ_PLATFORM\public\data\edgeiq_factor_predictiveness_audit_v2.csv","8679"
"C:\Users\trent\OneDrive\Documents\EDGEIQ_PLATFORM\public\data\edgeiq_factor_predictiveness_by_factor_v1.csv","660"
"C:\Users\trent\OneDrive\Documents\EDGEIQ_PLATFORM\public\data\edgeiq_factor_predictiveness_factor_rankings_v2.csv","1162"
"C:\Users\trent\OneDrive\Documents\EDGEIQ_PLATFORM\public\data\edgeiq_factor_predictiveness_source_discovery_v1.csv","98764"
"C:\Users\trent\OneDrive\Documents\EDGEIQ_PLATFORM\public\data\edgeiq_factor_predictiveness_summary_v1.csv","262"
"C:\Users\trent\OneDrive\Documents\EDGEIQ_PLATFORM\public\data\edgeiq_factor_predictiveness_summary_v2.csv","286"
"C:\Users\trent\OneDrive\Documents\EDGEIQ_PLATFORM\public\data\edgeiq_factor_selection_engine_v1.csv","80891"
"C:\Users\trent\OneDrive\Documents\EDGEIQ_PLATFORM\public\data\edgeiq_factor_selection_engine_v1_summary.csv","238"
"C:\Users\trent\OneDrive\Documents\EDGEIQ_PLATFORM\public\data\edgeiq_factor_selection_engine_v2.csv","7306"
"C:\Users\trent\OneDrive\Documents\EDGEIQ_PLATFORM\public\data\edgeiq_factor_selection_engine_v2_1_separation.csv","6606"
"C:\Users\trent\OneDrive\Documents\EDGEIQ_PLATFORM\public\data\edgeiq_factor_selection_engine_v2_1_separation_summary.csv","153"
"C:\Users\trent\OneDrive\Documents\EDGEIQ_PLATFORM\public\data\edgeiq_factor_selection_engine_v2_CHECKPOINT_20260623.csv","7306"
"C:\Users\trent\OneDrive\Documents\EDGEIQ_PLATFORM\public\data\edgeiq_factor_selection_engine_v2_summary.csv","140"
"C:\Users\trent\OneDrive\Documents\EDGEIQ_PLATFORM\public\data\edgeiq_factor_selection_engine_v2_summary_CHECKPOINT_20260623.csv","140"
"C:\Users\trent\OneDrive\Documents\EDGEIQ_PLATFORM\public\data\edgeiq_factor_threshold_audit_v1.csv","802"
"C:\Users\trent\OneDrive\Documents\EDGEIQ_PLATFORM\public\data\edgeiq_factor_threshold_audit_v1_summary.csv","117"
"C:\Users\trent\OneDrive\Documents\EDGEIQ_PLATFORM\public\data\edgeiq_factor_weight_recommendation_v1.csv","2288"
"C:\Users\trent\OneDrive\Documents\EDGEIQ_PLATFORM\public\data\edgeiq_factor_weight_recommendation_v1_summary.csv","212"
"C:\Users\trent\OneDrive\Documents\EDGEIQ_PLATFORM\public\data\edgeiq_factor_weight_recommendation_v2_conservative.csv","2227"
"C:\Users\trent\OneDrive\Documents\EDGEIQ_PLATFORM\public\data\edgeiq_factor_weight_recommendation_v2_conservative_summary.csv","256"
"C:\Users\trent\OneDrive\Documents\EDGEIQ_PLATFORM\public\data\edgeiq_fair_price_display_widening_candidate_v1.csv","19287118"
"C:\Users\trent\OneDrive\Documents\EDGEIQ_PLATFORM\public\data\edgeiq_fair_price_display_widening_candidate_v1_audit.csv","595910"
"C:\Users\trent\OneDrive\Documents\EDGEIQ_PLATFORM\public\data\edgeiq_fair_price_display_widening_candidate_v1_audit_report.csv","842244"
"C:\Users\trent\OneDrive\Documents\EDGEIQ_PLATFORM\public\data\edgeiq_fair_price_display_widening_candidate_v1_audit_summary.csv","315"
"C:\Users\trent\OneDrive\Documents\EDGEIQ_PLATFORM\public\data\edgeiq_fair_price_display_widening_candidate_v1_summary.csv","328"
"C:\Users\trent\OneDrive\Documents\EDGEIQ_PLATFORM\public\data\edgeiq_fair_price_empirical_v1.csv","121995"
"C:\Users\trent\OneDrive\Documents\EDGEIQ_PLATFORM\public\data\edgeiq_fair_price_engine_v7_1_candidate.csv","6882399"
"C:\Users\trent\OneDrive\Documents\EDGEIQ_PLATFORM\public\data\edgeiq_fair_price_engine_v7_1_candidate_summary.csv","213"
"C:\Users\trent\OneDrive\Documents\EDGEIQ_PLATFORM\public\data\edgeiq_fair_price_engine_v7_1_promotion_gate_v1.csv","1269"
"C:\Users\trent\OneDrive\Documents\EDGEIQ_PLATFORM\public\data\edgeiq_fair_price_engine_v7_1_promotion_gate_v1_summary.csv","717"
"C:\Users\trent\OneDrive\Documents\EDGEIQ_PLATFORM\public\data\edgeiq_fair_price_engine_v7_probability_upgrade_audit_v1.csv","412"
"C:\Users\trent\OneDrive\Documents\EDGEIQ_PLATFORM\public\data\edgeiq_fair_price_engine_v7_probability_upgrade_audit_v1_summary.csv","454"
"C:\Users\trent\OneDrive\Documents\EDGEIQ_PLATFORM\public\data\edgeiq_fair_price_engine_v7_segment_compression_audit_v1.csv","5119"
"C:\Users\trent\OneDrive\Documents\EDGEIQ_PLATFORM\public\data\edgeiq_fair_price_engine_v7_segment_compression_audit_v1_summary.csv","387"
"C:\Users\trent\OneDrive\Documents\EDGEIQ_PLATFORM\public\data\edgeiq_fair_price_replay_v1.csv","15993871"
"C:\Users\trent\OneDrive\Documents\EDGEIQ_PLATFORM\public\data\edgeiq_fair_price_replay_v1_by_overlay_band.csv","88"
"C:\Users\trent\OneDrive\Documents\EDGEIQ_PLATFORM\public\data\edgeiq_fair_price_replay_v1_summary.csv","262"
"C:\Users\trent\OneDrive\Documents\EDGEIQ_PLATFORM\public\data\edgeiq_fair_price_v6.csv","1165497"
"C:\Users\trent\OneDrive\Documents\EDGEIQ_PLATFORM\public\data\edgeiq_fair_price_v6_1.csv","1360133"
"C:\Users\trent\OneDrive\Documents\EDGEIQ_PLATFORM\public\data\edgeiq_fair_price_v6_1_audit.csv","398"
"C:\Users\trent\OneDrive\Documents\EDGEIQ_PLATFORM\public\data\edgeiq_fair_price_v6_audit.csv","430"
"C:\Users\trent\OneDrive\Documents\EDGEIQ_PLATFORM\public\data\edgeiq_fair_price_v7.csv","1511576"
"C:\Users\trent\OneDrive\Documents\EDGEIQ_PLATFORM\public\data\edgeiq_fair_price_v7_1.csv","1548896"
"C:\Users\trent\OneDrive\Documents\EDGEIQ_PLATFORM\public\data\edgeiq_fair_price_v7_1_audit.csv","507"
"C:\Users\trent\OneDrive\Documents\EDGEIQ_PLATFORM\public\data\edgeiq_fair_price_v7_2.csv","49997"
"C:\Users\trent\OneDrive\Documents\EDGEIQ_PLATFORM\public\data\edgeiq_fair_price_v7_2_audit.csv","90"
"C:\Users\trent\OneDrive\Documents\EDGEIQ_PLATFORM\public\data\edgeiq_fair_price_v7_2_CHECKPOINT_BEFORE_CURRENT_INTEL_REBUILD_20260711_154418.csv","1568258"
"C:\Users\trent\OneDrive\Documents\EDGEIQ_PLATFORM\public\data\edgeiq_fair_price_v7_2_CHECKPOINT_BEFORE_CURRENT_INTEL_REBUILD_20260711_163748.csv","1568258"
"C:\Users\trent\OneDrive\Documents\EDGEIQ_PLATFORM\public\data\edgeiq_fair_price_v7_2_CHECKPOINT_BEFORE_CURRENT_INTEL_REBUILD_20260711_193502.csv","1568258"
"C:\Users\trent\OneDrive\Documents\EDGEIQ_PLATFORM\public\data\edgeiq_fair_price_v7_2_CHECKPOINT_BEFORE_CURRENT_INTEL_REBUILD_20260711_211017.csv","1568258"
"C:\Users\trent\OneDrive\Documents\EDGEIQ_PLATFORM\public\data\edgeiq_fair_price_v7_2_CHECKPOINT_BEFORE_CURRENT_INTEL_REBUILD_20260712_065207.csv","1568258"
"C:\Users\trent\OneDrive\Documents\EDGEIQ_PLATFORM\public\data\edgeiq_fair_price_v7_2_summary.csv","181"
"C:\Users\trent\OneDrive\Documents\EDGEIQ_PLATFORM\public\data\edgeiq_fair_price_v7_audit.csv","504"
"C:\Users\trent\OneDrive\Documents\EDGEIQ_PLATFORM\public\data\edgeiq_fair_price_v7_candidate_replay.csv","45841566"
"C:\Users\trent\OneDrive\Documents\EDGEIQ_PLATFORM\public\data\edgeiq_fair_price_v7_candidate_replay_by_overlay_threshold.csv","786"
"C:\Users\trent\OneDrive\Documents\EDGEIQ_PLATFORM\public\data\edgeiq_fair_price_v7_candidate_replay_summary.csv","1402"
"C:\Users\trent\OneDrive\Documents\EDGEIQ_PLATFORM\public\data\edgeiq_fair_price_v7_candidate_replay_top1_changes.csv","496"
"C:\Users\trent\OneDrive\Documents\EDGEIQ_PLATFORM\public\data\edgeiq_fair_price_v8_brc_fallback_replay_added_rows.csv","2043"
"C:\Users\trent\OneDrive\Documents\EDGEIQ_PLATFORM\public\data\edgeiq_fair_price_v8_brc_fallback_replay_by_match_level.csv","136"
"C:\Users\trent\OneDrive\Documents\EDGEIQ_PLATFORM\public\data\edgeiq_fair_price_v8_brc_fallback_replay_v1.csv","319946674"
"C:\Users\trent\OneDrive\Documents\EDGEIQ_PLATFORM\public\data\edgeiq_fair_price_v8_brc_fallback_replay_v1.json","990"
"C:\Users\trent\OneDrive\Documents\EDGEIQ_PLATFORM\public\data\edgeiq_fair_price_v8_brc_fallback_replay_v1_summary.csv","490"
"C:\Users\trent\OneDrive\Documents\EDGEIQ_PLATFORM\public\data\edgeiq_fair_price_v8_candidate_promotion_audit_decision_changes_v1.csv","15181"
"C:\Users\trent\OneDrive\Documents\EDGEIQ_PLATFORM\public\data\edgeiq_fair_price_v8_candidate_promotion_audit_fallback_rows_v1.csv","3409"
"C:\Users\trent\OneDrive\Documents\EDGEIQ_PLATFORM\public\data\edgeiq_fair_price_v8_candidate_promotion_audit_v1.csv","20052"
"C:\Users\trent\OneDrive\Documents\EDGEIQ_PLATFORM\public\data\edgeiq_fair_price_v8_candidate_promotion_audit_v1.json","1277"
"C:\Users\trent\OneDrive\Documents\EDGEIQ_PLATFORM\public\data\edgeiq_fair_price_v8_candidate_promotion_audit_v1_summary.csv","1066"
"C:\Users\trent\OneDrive\Documents\EDGEIQ_PLATFORM\public\data\edgeiq_fair_price_v8_interaction_filter_replay_added_removed_v1.csv","289"
"C:\Users\trent\OneDrive\Documents\EDGEIQ_PLATFORM\public\data\edgeiq_fair_price_v8_interaction_filter_replay_by_overlay_threshold_v1.csv","1747"
"C:\Users\trent\OneDrive\Documents\EDGEIQ_PLATFORM\public\data\edgeiq_fair_price_v8_interaction_filter_replay_by_rule_v1.csv","1257"
"C:\Users\trent\OneDrive\Documents\EDGEIQ_PLATFORM\public\data\edgeiq_fair_price_v8_interaction_filter_replay_v1.csv","294058324"
"C:\Users\trent\OneDrive\Documents\EDGEIQ_PLATFORM\public\data\edgeiq_fair_price_v8_interaction_filter_replay_v1.json","13945"
"C:\Users\trent\OneDrive\Documents\EDGEIQ_PLATFORM\public\data\edgeiq_fair_price_v8_interaction_filter_replay_v1_summary.csv","892"
"C:\Users\trent\OneDrive\Documents\EDGEIQ_PLATFORM\public\data\edgeiq_favourite_price_calibration_v1.csv","23011"
"C:\Users\trent\OneDrive\Documents\EDGEIQ_PLATFORM\public\data\edgeiq_favourite_price_calibration_v1_summary.csv","460"
"C:\Users\trent\OneDrive\Documents\EDGEIQ_PLATFORM\public\data\edgeiq_feature_ablation_replay_v1.csv","1579"
"C:\Users\trent\OneDrive\Documents\EDGEIQ_PLATFORM\public\data\edgeiq_feature_ablation_replay_v1_summary.csv","1262"
"C:\Users\trent\OneDrive\Documents\EDGEIQ_PLATFORM\public\data\edgeiq_feature_attribution_v1.csv","3631"
"C:\Users\trent\OneDrive\Documents\EDGEIQ_PLATFORM\public\data\edgeiq_feature_interactions_v1.csv","44972"
"C:\Users\trent\OneDrive\Documents\EDGEIQ_PLATFORM\public\data\edgeiq_feature_interaction_rankings_v1.csv","3700"
"C:\Users\trent\OneDrive\Documents\EDGEIQ_PLATFORM\public\data\edgeiq_feature_productisation_v1_summary.csv","849"
"C:\Users\trent\OneDrive\Documents\EDGEIQ_PLATFORM\public\data\edgeiq_feature_signal_rankings_v1.csv","2424"
"C:\Users\trent\OneDrive\Documents\EDGEIQ_PLATFORM\public\data\edgeiq_field_linked_sectional_escalation_summary_v1.csv","380"
"C:\Users\trent\OneDrive\Documents\EDGEIQ_PLATFORM\public\data\edgeiq_field_linked_sectional_escalation_v1.csv","17465346"
"C:\Users\trent\OneDrive\Documents\EDGEIQ_PLATFORM\public\data\edgeiq_field_performance_feed_v1.csv","19340003"
"C:\Users\trent\OneDrive\Documents\EDGEIQ_PLATFORM\public\data\edgeiq_field_size_concentration_curves_v1.csv","311"
"C:\Users\trent\OneDrive\Documents\EDGEIQ_PLATFORM\public\data\edgeiq_field_size_concentration_curves_v1_summary.csv","274"
"C:\Users\trent\OneDrive\Documents\EDGEIQ_PLATFORM\public\data\edgeiq_filter_v1_audit.csv","131"
"C:\Users\trent\OneDrive\Documents\EDGEIQ_PLATFORM\public\data\edgeiq_final_beta_false_default_audit_v1.csv","1136783"
"C:\Users\trent\OneDrive\Documents\EDGEIQ_PLATFORM\public\data\edgeiq_final_beta_false_default_audit_v1.json","2596146"
"C:\Users\trent\OneDrive\Documents\EDGEIQ_PLATFORM\public\data\edgeiq_final_beta_repository_state_v1.csv","1695583"
"C:\Users\trent\OneDrive\Documents\EDGEIQ_PLATFORM\public\data\edgeiq_final_beta_repository_state_v1.json","2721978"
"C:\Users\trent\OneDrive\Documents\EDGEIQ_PLATFORM\public\data\edgeiq_final_live_catalogue_alignment_v1.csv","8757"
"C:\Users\trent\OneDrive\Documents\EDGEIQ_PLATFORM\public\data\edgeiq_final_results_source_diagnostic_v1.csv","317410"
"C:\Users\trent\OneDrive\Documents\EDGEIQ_PLATFORM\public\data\edgeiq_final_results_source_diagnostic_v1_summary.csv","8854"
"C:\Users\trent\OneDrive\Documents\EDGEIQ_PLATFORM\public\data\edgeiq_final_ui_rescue_apply_v1_summary.csv","177"
"C:\Users\trent\OneDrive\Documents\EDGEIQ_PLATFORM\public\data\edgeiq_final_ui_rescue_v1_summary.csv","741"
"C:\Users\trent\OneDrive\Documents\EDGEIQ_PLATFORM\public\data\edgeiq_first_starter_combo_review_v1.csv","0"
"C:\Users\trent\OneDrive\Documents\EDGEIQ_PLATFORM\public\data\edgeiq_first_starter_combo_review_v2.csv","9902"
"C:\Users\trent\OneDrive\Documents\EDGEIQ_PLATFORM\public\data\edgeiq_first_starter_diagnostics_v1.csv","521"
"C:\Users\trent\OneDrive\Documents\EDGEIQ_PLATFORM\public\data\edgeiq_first_starter_engine_v1.csv","2655"
"C:\Users\trent\OneDrive\Documents\EDGEIQ_PLATFORM\public\data\edgeiq_first_starter_intelligence_v1.csv","37681"
"C:\Users\trent\OneDrive\Documents\EDGEIQ_PLATFORM\public\data\edgeiq_first_starter_intelligence_v1_summary.csv","228"
"C:\Users\trent\OneDrive\Documents\EDGEIQ_PLATFORM\public\data\edgeiq_first_starter_scores_v1.csv","94035"
"C:\Users\trent\OneDrive\Documents\EDGEIQ_PLATFORM\public\data\edgeiq_flemington_final_readiness_summary_v1.csv","160"
"C:\Users\trent\OneDrive\Documents\EDGEIQ_PLATFORM\public\data\edgeiq_flemington_final_readiness_v1.csv","1041"
"C:\Users\trent\OneDrive\Documents\EDGEIQ_PLATFORM\public\data\edgeiq_flemington_readiness_summary_v1.csv","132"
"C:\Users\trent\OneDrive\Documents\EDGEIQ_PLATFORM\public\data\edgeiq_flemington_readiness_v1.csv","1229"
"C:\Users\trent\OneDrive\Documents\EDGEIQ_PLATFORM\public\data\edgeiq_footer_counts_fix_v1.csv","404"
"C:\Users\trent\OneDrive\Documents\EDGEIQ_PLATFORM\public\data\edgeiq_footer_counts_fix_v1_summary.csv","404"
"C:\Users\trent\OneDrive\Documents\EDGEIQ_PLATFORM\public\data\edgeiq_footer_count_truth_v1.csv","1599"
"C:\Users\trent\OneDrive\Documents\EDGEIQ_PLATFORM\public\data\edgeiq_footer_count_truth_v1_summary.csv","279"
"C:\Users\trent\OneDrive\Documents\EDGEIQ_PLATFORM\public\data\edgeiq_force_tab_prices_all_ui_fields_summary.csv","126"
"C:\Users\trent\OneDrive\Documents\EDGEIQ_PLATFORM\public\data\edgeiq_form_all_history_source_inventory_v1.csv","538607"
"C:\Users\trent\OneDrive\Documents\EDGEIQ_PLATFORM\public\data\edgeiq_form_commercial_polish_audit_v1.csv","787"
"C:\Users\trent\OneDrive\Documents\EDGEIQ_PLATFORM\public\data\edgeiq_form_commercial_polish_audit_v1_summary.csv","108"
"C:\Users\trent\OneDrive\Documents\EDGEIQ_PLATFORM\public\data\edgeiq_form_commercial_v3_features_audit_v1.csv","534"
"C:\Users\trent\OneDrive\Documents\EDGEIQ_PLATFORM\public\data\edgeiq_form_commercial_v3_features_audit_v1_summary.csv","155"
"C:\Users\trent\OneDrive\Documents\EDGEIQ_PLATFORM\public\data\edgeiq_form_coverage_audit_v1.csv","43084"
"C:\Users\trent\OneDrive\Documents\EDGEIQ_PLATFORM\public\data\edgeiq_form_coverage_summary_v1.csv","269"
"C:\Users\trent\OneDrive\Documents\EDGEIQ_PLATFORM\public\data\edgeiq_form_defect_cleanup_final_v1.csv","143"
"C:\Users\trent\OneDrive\Documents\EDGEIQ_PLATFORM\public\data\edgeiq_form_defect_cleanup_final_v1_summary.csv","181"
"C:\Users\trent\OneDrive\Documents\EDGEIQ_PLATFORM\public\data\edgeiq_form_depth_ability_diagnostics_v2.csv","626"
"C:\Users\trent\OneDrive\Documents\EDGEIQ_PLATFORM\public\data\edgeiq_form_depth_ability_v2.csv","1384"
"C:\Users\trent\OneDrive\Documents\EDGEIQ_PLATFORM\public\data\edgeiq_form_display_clean_apply_v1.csv","363"
"C:\Users\trent\OneDrive\Documents\EDGEIQ_PLATFORM\public\data\edgeiq_form_display_clean_apply_v1_summary.csv","1221"
"C:\Users\trent\OneDrive\Documents\EDGEIQ_PLATFORM\public\data\edgeiq_form_display_clean_v1.csv","1470348"
"C:\Users\trent\OneDrive\Documents\EDGEIQ_PLATFORM\public\data\edgeiq_form_display_clean_v1_summary.csv","331"
"C:\Users\trent\OneDrive\Documents\EDGEIQ_PLATFORM\public\data\edgeiq_form_display_clean_v2.csv","1645575"
"C:\Users\trent\OneDrive\Documents\EDGEIQ_PLATFORM\public\data\edgeiq_form_display_clean_v2_apply.csv","369"
"C:\Users\trent\OneDrive\Documents\EDGEIQ_PLATFORM\public\data\edgeiq_form_display_clean_v2_apply_summary.csv","1227"
"C:\Users\trent\OneDrive\Documents\EDGEIQ_PLATFORM\public\data\edgeiq_form_display_clean_v2_final.csv","52"
"C:\Users\trent\OneDrive\Documents\EDGEIQ_PLATFORM\public\data\edgeiq_form_display_clean_v2_final_summary.csv","1244"
"C:\Users\trent\OneDrive\Documents\EDGEIQ_PLATFORM\public\data\edgeiq_form_display_clean_v2_summary.csv","842"
"C:\Users\trent\OneDrive\Documents\EDGEIQ_PLATFORM\public\data\edgeiq_form_engine_v2.csv","16209"
"C:\Users\trent\OneDrive\Documents\EDGEIQ_PLATFORM\public\data\edgeiq_form_enrichment_feed_v1.csv","216695"
"C:\Users\trent\OneDrive\Documents\EDGEIQ_PLATFORM\public\data\edgeiq_form_enrichment_feed_v1_audit.csv","25852"
"C:\Users\trent\OneDrive\Documents\EDGEIQ_PLATFORM\public\data\edgeiq_form_enrichment_feed_v1_BACKUP_BEFORE_NAME_NORMALISED_FIX_20260628.csv","181728"
"C:\Users\trent\OneDrive\Documents\EDGEIQ_PLATFORM\public\data\edgeiq_form_enrichment_feed_v1_summary.csv","226"
"C:\Users\trent\OneDrive\Documents\EDGEIQ_PLATFORM\public\data\edgeiq_form_enrichment_feed_v2.csv","123023"
"C:\Users\trent\OneDrive\Documents\EDGEIQ_PLATFORM\public\data\edgeiq_form_enrichment_feed_v2_audit.csv","30244"
"C:\Users\trent\OneDrive\Documents\EDGEIQ_PLATFORM\public\data\edgeiq_form_enrichment_feed_v2_BACKUP_BEFORE_RUNNER_KEY_FIX_20260628.csv","108922"
"C:\Users\trent\OneDrive\Documents\EDGEIQ_PLATFORM\public\data\edgeiq_form_enrichment_feed_v2_BACKUP_BEFORE_TRUTH_STATUS_FIX_20260628.csv","108436"
"C:\Users\trent\OneDrive\Documents\EDGEIQ_PLATFORM\public\data\edgeiq_form_enrichment_feed_v2_BACKUP_BEFORE_TRUTH_STATUS_FIX_V2_20260628.csv","108436"
"C:\Users\trent\OneDrive\Documents\EDGEIQ_PLATFORM\public\data\edgeiq_form_enrichment_feed_v2_summary.csv","241"
"C:\Users\trent\OneDrive\Documents\EDGEIQ_PLATFORM\public\data\edgeiq_form_enrichment_feed_v3.csv","1163517"
"C:\Users\trent\OneDrive\Documents\EDGEIQ_PLATFORM\public\data\edgeiq_form_enrichment_feed_v3_audit.csv","53142"
"C:\Users\trent\OneDrive\Documents\EDGEIQ_PLATFORM\public\data\edgeiq_form_enrichment_feed_v3_summary.csv","652"
"C:\Users\trent\OneDrive\Documents\EDGEIQ_PLATFORM\public\data\edgeiq_form_enrichment_feed_v4.csv","1645575"
"C:\Users\trent\OneDrive\Documents\EDGEIQ_PLATFORM\public\data\edgeiq_form_enrichment_feed_v4_audit.csv","59804"
"C:\Users\trent\OneDrive\Documents\EDGEIQ_PLATFORM\public\data\edgeiq_form_enrichment_feed_v4_DISPLAY_CLEAN_BACKUP_20260628.csv","1299195"
"C:\Users\trent\OneDrive\Documents\EDGEIQ_PLATFORM\public\data\edgeiq_form_enrichment_feed_v4_DISPLAY_CLEAN_V2_BACKUP_20260628.csv","1470348"
"C:\Users\trent\OneDrive\Documents\EDGEIQ_PLATFORM\public\data\edgeiq_form_enrichment_feed_v4_RATING_OUTLIER_FIX_V1_BACKUP_20260629.csv","1618456"
"C:\Users\trent\OneDrive\Documents\EDGEIQ_PLATFORM\public\data\edgeiq_form_enrichment_feed_v4_RATING_RECOVERY_BACKUP_20260628.csv","1252979"
"C:\Users\trent\OneDrive\Documents\EDGEIQ_PLATFORM\public\data\edgeiq_form_enrichment_feed_v4_summary.csv","467"
"C:\Users\trent\OneDrive\Documents\EDGEIQ_PLATFORM\public\data\edgeiq_form_fields_merged_into_runner_boards_v2_summary.csv","494"
"C:\Users\trent\OneDrive\Documents\EDGEIQ_PLATFORM\public\data\edgeiq_form_full_history_trace_all_current_v1.csv","36822"
"C:\Users\trent\OneDrive\Documents\EDGEIQ_PLATFORM\public\data\edgeiq_form_full_history_trace_all_current_v1_summary.csv","489"
"C:\Users\trent\OneDrive\Documents\EDGEIQ_PLATFORM\public\data\edgeiq_form_gap_priority_v1.csv","1267"
"C:\Users\trent\OneDrive\Documents\EDGEIQ_PLATFORM\public\data\edgeiq_form_guide_current_base_v1.csv","21154"
"C:\Users\trent\OneDrive\Documents\EDGEIQ_PLATFORM\public\data\edgeiq_form_guide_current_base_v1_summary.csv","179"
"C:\Users\trent\OneDrive\Documents\EDGEIQ_PLATFORM\public\data\edgeiq_form_guide_current_intelligence_coverage.csv","681"
"C:\Users\trent\OneDrive\Documents\EDGEIQ_PLATFORM\public\data\edgeiq_form_guide_current_intelligence_coverage.json","1927"
"C:\Users\trent\OneDrive\Documents\EDGEIQ_PLATFORM\public\data\edgeiq_form_guide_current_intelligence_join_audit.csv","727885"
"C:\Users\trent\OneDrive\Documents\EDGEIQ_PLATFORM\public\data\edgeiq_form_guide_current_intelligence_join_audit.json","1288746"
"C:\Users\trent\OneDrive\Documents\EDGEIQ_PLATFORM\public\data\edgeiq_form_guide_data_contract_v2_audit.json","2287"
"C:\Users\trent\OneDrive\Documents\EDGEIQ_PLATFORM\public\data\edgeiq_form_guide_engineering_build_v1_audit.json","812"
"C:\Users\trent\OneDrive\Documents\EDGEIQ_PLATFORM\public\data\edgeiq_form_guide_enriched_v1.csv","33023"
"C:\Users\trent\OneDrive\Documents\EDGEIQ_PLATFORM\public\data\edgeiq_form_guide_enriched_v1.json","1560621"
"C:\Users\trent\OneDrive\Documents\EDGEIQ_PLATFORM\public\data\edgeiq_form_guide_enriched_v1_CHECKPOINT_PRE_FULL_PRODUCT_POPULATION_REPAIR_20260726.json","1862115"
"C:\Users\trent\OneDrive\Documents\EDGEIQ_PLATFORM\public\data\edgeiq_form_guide_enriched_v2.csv","19193"
"C:\Users\trent\OneDrive\Documents\EDGEIQ_PLATFORM\public\data\edgeiq_form_guide_enriched_v2.json","6915267"
"C:\Users\trent\OneDrive\Documents\EDGEIQ_PLATFORM\public\data\edgeiq_form_guide_enriched_v2_CHECKPOINT_BEFORE_CURRENT_INTEL_REBUILD_20260711_154418.json","20804677"
"C:\Users\trent\OneDrive\Documents\EDGEIQ_PLATFORM\public\data\edgeiq_form_guide_enriched_v2_CHECKPOINT_BEFORE_CURRENT_INTEL_REBUILD_20260711_163748.json","20930692"
"C:\Users\trent\OneDrive\Documents\EDGEIQ_PLATFORM\public\data\edgeiq_form_guide_enriched_v2_CHECKPOINT_BEFORE_CURRENT_INTEL_REBUILD_20260711_193502.json","20930692"
"C:\Users\trent\OneDrive\Documents\EDGEIQ_PLATFORM\public\data\edgeiq_form_guide_enriched_v2_CHECKPOINT_BEFORE_CURRENT_INTEL_REBUILD_20260711_211017.json","21009200"
"C:\Users\trent\OneDrive\Documents\EDGEIQ_PLATFORM\public\data\edgeiq_form_guide_enriched_v2_CHECKPOINT_BEFORE_CURRENT_INTEL_REBUILD_20260712_065207.json","21542307"
"C:\Users\trent\OneDrive\Documents\EDGEIQ_PLATFORM\public\data\edgeiq_form_guide_exact_conformance_audit_v1.csv","2305"
"C:\Users\trent\OneDrive\Documents\EDGEIQ_PLATFORM\public\data\edgeiq_form_guide_exact_conformance_audit_v1_summary.csv","123"
"C:\Users\trent\OneDrive\Documents\EDGEIQ_PLATFORM\public\data\edgeiq_form_guide_expansion_v1_audit.csv","283"
"C:\Users\trent\OneDrive\Documents\EDGEIQ_PLATFORM\public\data\edgeiq_form_guide_rebuild_v1_audit.json","2479"
"C:\Users\trent\OneDrive\Documents\EDGEIQ_PLATFORM\public\data\edgeiq_form_guide_table_structure_audit_summary_v1.csv","37"
"C:\Users\trent\OneDrive\Documents\EDGEIQ_PLATFORM\public\data\edgeiq_form_guide_table_structure_audit_v1.csv","333"
"C:\Users\trent\OneDrive\Documents\EDGEIQ_PLATFORM\public\data\edgeiq_form_guide_v1_audit.csv","290"
"C:\Users\trent\OneDrive\Documents\EDGEIQ_PLATFORM\public\data\edgeiq_form_guide_v2_1_audit.json","6772"
"C:\Users\trent\OneDrive\Documents\EDGEIQ_PLATFORM\public\data\edgeiq_form_guide_v2_1_coverage.csv","1196"
"C:\Users\trent\OneDrive\Documents\EDGEIQ_PLATFORM\public\data\edgeiq_form_guide_v2_1_join_audit.csv","31680"
"C:\Users\trent\OneDrive\Documents\EDGEIQ_PLATFORM\public\data\edgeiq_form_guide_v2_1_source_inventory.csv","227356"
"C:\Users\trent\OneDrive\Documents\EDGEIQ_PLATFORM\public\data\edgeiq_form_guide_v2_audit.json","5105"
"C:\Users\trent\OneDrive\Documents\EDGEIQ_PLATFORM\public\data\edgeiq_form_guide_v3_3_audit.json","540"
"C:\Users\trent\OneDrive\Documents\EDGEIQ_PLATFORM\public\data\edgeiq_form_guide_v3_3_coverage.csv","43278"
"C:\Users\trent\OneDrive\Documents\EDGEIQ_PLATFORM\public\data\edgeiq_form_guide_v3_3_join_audit.csv","119301"
"C:\Users\trent\OneDrive\Documents\EDGEIQ_PLATFORM\public\data\edgeiq_form_guide_v3_3_source_inventory.csv","10077"
"C:\Users\trent\OneDrive\Documents\EDGEIQ_PLATFORM\public\data\edgeiq_form_guide_v3_4_coverage.csv","1150"
"C:\Users\trent\OneDrive\Documents\EDGEIQ_PLATFORM\public\data\edgeiq_form_guide_v3_4_engine_join_audit.csv","32591"
"C:\Users\trent\OneDrive\Documents\EDGEIQ_PLATFORM\public\data\edgeiq_form_guide_v3_4_engine_registry.csv","13876"
"C:\Users\trent\OneDrive\Documents\EDGEIQ_PLATFORM\public\data\edgeiq_form_guide_v3_4_engine_registry.json","21293"
"C:\Users\trent\OneDrive\Documents\EDGEIQ_PLATFORM\public\data\edgeiq_form_guide_v3_4_engine_wiring_audit.json","217"
"C:\Users\trent\OneDrive\Documents\EDGEIQ_PLATFORM\public\data\edgeiq_form_guide_v3_4_join_diagnosis.json","90386"
"C:\Users\trent\OneDrive\Documents\EDGEIQ_PLATFORM\public\data\edgeiq_form_guide_v3_4_join_failures.csv","99781"
"C:\Users\trent\OneDrive\Documents\EDGEIQ_PLATFORM\public\data\edgeiq_form_guide_v3_audit.json","4262"
"C:\Users\trent\OneDrive\Documents\EDGEIQ_PLATFORM\public\data\edgeiq_form_guide_visual_structure_v2_audit.json","915"
"C:\Users\trent\OneDrive\Documents\EDGEIQ_PLATFORM\public\data\edgeiq_form_intelligence_v1.csv","131574"
"C:\Users\trent\OneDrive\Documents\EDGEIQ_PLATFORM\public\data\edgeiq_form_intelligence_v1_audit.csv","17829"
"C:\Users\trent\OneDrive\Documents\EDGEIQ_PLATFORM\public\data\edgeiq_form_intelligence_v1_summary.csv","205"
"C:\Users\trent\OneDrive\Documents\EDGEIQ_PLATFORM\public\data\edgeiq_form_intelligence_v2.csv","155967"
"C:\Users\trent\OneDrive\Documents\EDGEIQ_PLATFORM\public\data\edgeiq_form_intelligence_v2_audit.csv","18956"
"C:\Users\trent\OneDrive\Documents\EDGEIQ_PLATFORM\public\data\edgeiq_form_intelligence_v2_summary.csv","306"
"C:\Users\trent\OneDrive\Documents\EDGEIQ_PLATFORM\public\data\edgeiq_form_momentum_v1_asof_audit.csv","12106"
"C:\Users\trent\OneDrive\Documents\EDGEIQ_PLATFORM\public\data\edgeiq_form_momentum_v1_source_inventory.csv","1564"
"C:\Users\trent\OneDrive\Documents\EDGEIQ_PLATFORM\public\data\edgeiq_form_name_normalisation_matches_v1.csv","5455"
"C:\Users\trent\OneDrive\Documents\EDGEIQ_PLATFORM\public\data\edgeiq_form_no_history_all_sources_trace_v1.csv","14401"
"C:\Users\trent\OneDrive\Documents\EDGEIQ_PLATFORM\public\data\edgeiq_form_no_history_all_sources_trace_v1_summary.csv","110"
"C:\Users\trent\OneDrive\Documents\EDGEIQ_PLATFORM\public\data\edgeiq_form_no_history_trace_v1.csv","4820"
"C:\Users\trent\OneDrive\Documents\EDGEIQ_PLATFORM\public\data\edgeiq_form_no_history_trace_v1_summary.csv","131"
"C:\Users\trent\OneDrive\Documents\EDGEIQ_PLATFORM\public\data\edgeiq_form_performance_feed_v1.csv","19340003"
"C:\Users\trent\OneDrive\Documents\EDGEIQ_PLATFORM\public\data\edgeiq_form_premium_ui_audit_v1.csv","979"
"C:\Users\trent\OneDrive\Documents\EDGEIQ_PLATFORM\public\data\edgeiq_form_premium_ui_audit_v1_summary.csv","108"
"C:\Users\trent\OneDrive\Documents\EDGEIQ_PLATFORM\public\data\edgeiq_form_rating_outliers_v1.csv","192"
"C:\Users\trent\OneDrive\Documents\EDGEIQ_PLATFORM\public\data\edgeiq_form_rating_outliers_v1_summary.csv","232"
"C:\Users\trent\OneDrive\Documents\EDGEIQ_PLATFORM\public\data\edgeiq_form_rating_outlier_fix_v1.csv","1371"
"C:\Users\trent\OneDrive\Documents\EDGEIQ_PLATFORM\public\data\edgeiq_form_rating_outlier_fix_v1_summary.csv","284"
"C:\Users\trent\OneDrive\Documents\EDGEIQ_PLATFORM\public\data\edgeiq_form_remaining_gaps_v1.csv","233415"
"C:\Users\trent\OneDrive\Documents\EDGEIQ_PLATFORM\public\data\edgeiq_form_remaining_gaps_v1_summary.csv","981"
"C:\Users\trent\OneDrive\Documents\EDGEIQ_PLATFORM\public\data\edgeiq_form_runner_key_fix_v1_summary.csv","172"
"C:\Users\trent\OneDrive\Documents\EDGEIQ_PLATFORM\public\data\edgeiq_form_sectional_profile_feed_summary_v1.csv","181"
"C:\Users\trent\OneDrive\Documents\EDGEIQ_PLATFORM\public\data\edgeiq_form_sectional_profile_feed_v1.csv","307977606"
"C:\Users\trent\OneDrive\Documents\EDGEIQ_PLATFORM\public\data\edgeiq_form_sectional_terminal_feed_summary_v1.csv","313"
"C:\Users\trent\OneDrive\Documents\EDGEIQ_PLATFORM\public\data\edgeiq_form_sectional_terminal_feed_v1.csv","397655"
"C:\Users\trent\OneDrive\Documents\EDGEIQ_PLATFORM\public\data\edgeiq_form_tab_final_integrity_summary_v1.csv","681"
"C:\Users\trent\OneDrive\Documents\EDGEIQ_PLATFORM\public\data\edgeiq_form_tab_final_integrity_v1.csv","35126"
"C:\Users\trent\OneDrive\Documents\EDGEIQ_PLATFORM\public\data\edgeiq_form_tab_full_population_audit_v1.csv","898170"
"C:\Users\trent\OneDrive\Documents\EDGEIQ_PLATFORM\public\data\edgeiq_form_tab_full_population_summary_v1.csv","308"
"C:\Users\trent\OneDrive\Documents\EDGEIQ_PLATFORM\public\data\edgeiq_form_tab_source_trace_v1.csv","5348"
"C:\Users\trent\OneDrive\Documents\EDGEIQ_PLATFORM\public\data\edgeiq_form_tab_v2_audit.csv","218"
"C:\Users\trent\OneDrive\Documents\EDGEIQ_PLATFORM\public\data\edgeiq_form_toprate_structure_audit_v1.csv","778"
"C:\Users\trent\OneDrive\Documents\EDGEIQ_PLATFORM\public\data\edgeiq_form_toprate_structure_audit_v1_summary.csv","108"
"C:\Users\trent\OneDrive\Documents\EDGEIQ_PLATFORM\public\data\edgeiq_form_v2_truth_status_fix_audit.csv","35719"
"C:\Users\trent\OneDrive\Documents\EDGEIQ_PLATFORM\public\data\edgeiq_form_v2_truth_status_fix_summary.csv","200"
"C:\Users\trent\OneDrive\Documents\EDGEIQ_PLATFORM\public\data\edgeiq_form_v2_truth_status_fix_v2_summary.csv","204"
"C:\Users\trent\OneDrive\Documents\EDGEIQ_PLATFORM\public\data\edgeiq_form_v3_runner_board_apply_v1.csv","375"
"C:\Users\trent\OneDrive\Documents\EDGEIQ_PLATFORM\public\data\edgeiq_form_v3_runner_board_apply_v1_summary.csv","534"
"C:\Users\trent\OneDrive\Documents\EDGEIQ_PLATFORM\public\data\edgeiq_form_v4_final_integrity_summary_v1.csv","702"
"C:\Users\trent\OneDrive\Documents\EDGEIQ_PLATFORM\public\data\edgeiq_form_v4_final_integrity_v1.csv","48500"
"C:\Users\trent\OneDrive\Documents\EDGEIQ_PLATFORM\public\data\edgeiq_form_v4_runner_board_apply_v1.csv","375"
"C:\Users\trent\OneDrive\Documents\EDGEIQ_PLATFORM\public\data\edgeiq_form_v4_runner_board_apply_v1_summary.csv","1366"
"C:\Users\trent\OneDrive\Documents\EDGEIQ_PLATFORM\public\data\edgeiq_form_visible_defects_v1.csv","562334"
"C:\Users\trent\OneDrive\Documents\EDGEIQ_PLATFORM\public\data\edgeiq_form_visible_defects_v1_summary.csv","387"
"C:\Users\trent\OneDrive\Documents\EDGEIQ_PLATFORM\public\data\edgeiq_fresh_current_apply_v1.csv","383"
"C:\Users\trent\OneDrive\Documents\EDGEIQ_PLATFORM\public\data\edgeiq_fresh_current_apply_v1_summary.csv","736"
"C:\Users\trent\OneDrive\Documents\EDGEIQ_PLATFORM\public\data\edgeiq_fresh_current_governed_end_to_end_v1.csv","802"
"C:\Users\trent\OneDrive\Documents\EDGEIQ_PLATFORM\public\data\edgeiq_fresh_current_governed_end_to_end_v1_summary.csv","293"
"C:\Users\trent\OneDrive\Documents\EDGEIQ_PLATFORM\public\data\edgeiq_fresh_current_governed_fix_checkpoint_v1.csv","913"
"C:\Users\trent\OneDrive\Documents\EDGEIQ_PLATFORM\public\data\edgeiq_fresh_governed_evidence_merge_v1.csv","41026"
"C:\Users\trent\OneDrive\Documents\EDGEIQ_PLATFORM\public\data\edgeiq_fresh_governed_evidence_merge_v1_summary.csv","394"
"C:\Users\trent\OneDrive\Documents\EDGEIQ_PLATFORM\public\data\edgeiq_frontend_contract_diagnostics.csv","504"
"C:\Users\trent\OneDrive\Documents\EDGEIQ_PLATFORM\public\data\edgeiq_frontend_large_feed_loads_audit_v1.csv","6144"
"C:\Users\trent\OneDrive\Documents\EDGEIQ_PLATFORM\public\data\edgeiq_frontend_race_list_key_join_audit_v1.csv","832"
"C:\Users\trent\OneDrive\Documents\EDGEIQ_PLATFORM\public\data\edgeiq_full_execution_runner_replay_v1.csv","14511700"
"C:\Users\trent\OneDrive\Documents\EDGEIQ_PLATFORM\public\data\edgeiq_full_execution_runner_replay_v1_by_rank.csv","996"
"C:\Users\trent\OneDrive\Documents\EDGEIQ_PLATFORM\public\data\edgeiq_full_execution_runner_replay_v1_by_score_band.csv","1586"
"C:\Users\trent\OneDrive\Documents\EDGEIQ_PLATFORM\public\data\edgeiq_full_execution_runner_replay_v1_summary.csv","1055"
"C:\Users\trent\OneDrive\Documents\EDGEIQ_PLATFORM\public\data\edgeiq_full_program_distance_audit_v1.csv","858793"
"C:\Users\trent\OneDrive\Documents\EDGEIQ_PLATFORM\public\data\edgeiq_full_program_distance_audit_v1_summary.csv","291"
"C:\Users\trent\OneDrive\Documents\EDGEIQ_PLATFORM\public\data\edgeiq_full_tab_productisation_v1_apply_summary.csv","761"
"C:\Users\trent\OneDrive\Documents\EDGEIQ_PLATFORM\public\data\edgeiq_full_tab_productisation_v1_checkpoint_manifest.csv","586"
"C:\Users\trent\OneDrive\Documents\EDGEIQ_PLATFORM\public\data\edgeiq_full_tab_productisation_v1_cleanup_summary.csv","279"
"C:\Users\trent\OneDrive\Documents\EDGEIQ_PLATFORM\public\data\edgeiq_full_tab_productisation_v1_summary.csv","1814"
"C:\Users\trent\OneDrive\Documents\EDGEIQ_PLATFORM\public\data\edgeiq_future_meeting_feed_coverage_v1.csv","5143"
"C:\Users\trent\OneDrive\Documents\EDGEIQ_PLATFORM\public\data\edgeiq_future_meeting_feed_coverage_v1_summary.csv","1492"
"C:\Users\trent\OneDrive\Documents\EDGEIQ_PLATFORM\public\data\edgeiq_gap_independence_audit_v1.csv","23708697"
"C:\Users\trent\OneDrive\Documents\EDGEIQ_PLATFORM\public\data\edgeiq_gap_independence_audit_v1_marginal_lift.csv","1120"
"C:\Users\trent\OneDrive\Documents\EDGEIQ_PLATFORM\public\data\edgeiq_gap_independence_audit_v1_summary.csv","4836"
"C:\Users\trent\OneDrive\Documents\EDGEIQ_PLATFORM\public\data\edgeiq_gap_probability_curve_audit_v1.csv","43244"
"C:\Users\trent\OneDrive\Documents\EDGEIQ_PLATFORM\public\data\edgeiq_gap_probability_curve_audit_v1_summary.csv","551"
"C:\Users\trent\OneDrive\Documents\EDGEIQ_PLATFORM\public\data\edgeiq_gap_to_place_curve_v1.csv","890"
"C:\Users\trent\OneDrive\Documents\EDGEIQ_PLATFORM\public\data\edgeiq_gap_to_price_curve_v1.csv","663"
"C:\Users\trent\OneDrive\Documents\EDGEIQ_PLATFORM\public\data\edgeiq_gap_to_winrate_curve_summary_v1.csv","616"
"C:\Users\trent\OneDrive\Documents\EDGEIQ_PLATFORM\public\data\edgeiq_gap_to_winrate_curve_v1.csv","870"
"C:\Users\trent\OneDrive\Documents\EDGEIQ_PLATFORM\public\data\edgeiq_gap_to_winrate_curve_v1_detail.csv","16545354"
"C:\Users\trent\OneDrive\Documents\EDGEIQ_PLATFORM\public\data\edgeiq_gear_changes_data_contract_v1_audit.json","947"
"C:\Users\trent\OneDrive\Documents\EDGEIQ_PLATFORM\public\data\edgeiq_gear_changes_engineering_build_v1_audit.json","727"
"C:\Users\trent\OneDrive\Documents\EDGEIQ_PLATFORM\public\data\edgeiq_gear_changes_visual_structure_v1_audit.json","451"
"C:\Users\trent\OneDrive\Documents\EDGEIQ_PLATFORM\public\data\edgeiq_gear_change_source_inventory_v1.csv","1061070"
"C:\Users\trent\OneDrive\Documents\EDGEIQ_PLATFORM\public\data\edgeiq_gear_change_source_inventory_v1_summary.csv","126"
"C:\Users\trent\OneDrive\Documents\EDGEIQ_PLATFORM\public\data\edgeiq_gear_pace_impact_research_v1.csv","2024"
"C:\Users\trent\OneDrive\Documents\EDGEIQ_PLATFORM\public\data\edgeiq_gear_pace_impact_research_v1_summary.csv","631"
"C:\Users\trent\OneDrive\Documents\EDGEIQ_PLATFORM\public\data\edgeiq_gear_pipeline_audit_v1.csv","1041"
"C:\Users\trent\OneDrive\Documents\EDGEIQ_PLATFORM\public\data\edgeiq_gear_pipeline_audit_v1_summary.csv","487"
"C:\Users\trent\OneDrive\Documents\EDGEIQ_PLATFORM\public\data\edgeiq_gear_profile_engine_v1.csv","294870"
"C:\Users\trent\OneDrive\Documents\EDGEIQ_PLATFORM\public\data\edgeiq_gear_profile_engine_v1_audit.csv","240"
"C:\Users\trent\OneDrive\Documents\EDGEIQ_PLATFORM\public\data\edgeiq_gear_profile_engine_v1_summary.csv","384"
"C:\Users\trent\OneDrive\Documents\EDGEIQ_PLATFORM\public\data\edgeiq_gear_profile_feed_summary_v1.csv","110"
"C:\Users\trent\OneDrive\Documents\EDGEIQ_PLATFORM\public\data\edgeiq_gear_profile_feed_v1.csv","30890246"
"C:\Users\trent\OneDrive\Documents\EDGEIQ_PLATFORM\public\data\edgeiq_gear_signal_engine_v1.csv","319542"
"C:\Users\trent\OneDrive\Documents\EDGEIQ_PLATFORM\public\data\edgeiq_gear_signal_engine_v1_summary.csv","343"
"C:\Users\trent\OneDrive\Documents\EDGEIQ_PLATFORM\public\data\edgeiq_gear_source_audit_summary_v1.csv","196"
"C:\Users\trent\OneDrive\Documents\EDGEIQ_PLATFORM\public\data\edgeiq_gear_source_audit_v1.csv","87826"
"C:\Users\trent\OneDrive\Documents\EDGEIQ_PLATFORM\public\data\edgeiq_gear_terminal_feed_summary_v1.csv","456"
"C:\Users\trent\OneDrive\Documents\EDGEIQ_PLATFORM\public\data\edgeiq_gear_terminal_feed_v1.csv","24973"
"C:\Users\trent\OneDrive\Documents\EDGEIQ_PLATFORM\public\data\edgeiq_governance_calibration_v1.csv","747"
"C:\Users\trent\OneDrive\Documents\EDGEIQ_PLATFORM\public\data\edgeiq_governed_board_backup_before_evidence_merge_v1.csv","435"
"C:\Users\trent\OneDrive\Documents\EDGEIQ_PLATFORM\public\data\edgeiq_governed_board_backup_before_evidence_merge_v1_summary.csv","435"
"C:\Users\trent\OneDrive\Documents\EDGEIQ_PLATFORM\public\data\edgeiq_governed_board_health_summary_v1.csv","150"
"C:\Users\trent\OneDrive\Documents\EDGEIQ_PLATFORM\public\data\edgeiq_governed_board_health_v1.csv","376"
"C:\Users\trent\OneDrive\Documents\EDGEIQ_PLATFORM\public\data\edgeiq_governed_board_missing_races_v1.csv","2715"
"C:\Users\trent\OneDrive\Documents\EDGEIQ_PLATFORM\public\data\edgeiq_governed_board_missing_races_v1_summary.csv","1002"
"C:\Users\trent\OneDrive\Documents\EDGEIQ_PLATFORM\public\data\edgeiq_governed_board_recovery_candidate_v1.csv","1326"
"C:\Users\trent\OneDrive\Documents\EDGEIQ_PLATFORM\public\data\edgeiq_governed_board_recovery_candidate_v1_summary.csv","343"
"C:\Users\trent\OneDrive\Documents\EDGEIQ_PLATFORM\public\data\edgeiq_governed_board_recovery_checkpoint_v1.csv","610"
"C:\Users\trent\OneDrive\Documents\EDGEIQ_PLATFORM\public\data\edgeiq_governed_field_trace_v1.json","10279"
"C:\Users\trent\OneDrive\Documents\EDGEIQ_PLATFORM\public\data\edgeiq_governed_fresh_rebuild_checkpoints_v1.csv","762"
"C:\Users\trent\OneDrive\Documents\EDGEIQ_PLATFORM\public\data\edgeiq_governed_fresh_rebuild_checkpoints_v1_summary.csv","115"
"C:\Users\trent\OneDrive\Documents\EDGEIQ_PLATFORM\public\data\edgeiq_governed_metric_audit_v1.csv","234"
"C:\Users\trent\OneDrive\Documents\EDGEIQ_PLATFORM\public\data\edgeiq_governed_v7_2g2_fresh_current_candidate_v1.csv","28978"
"C:\Users\trent\OneDrive\Documents\EDGEIQ_PLATFORM\public\data\edgeiq_governed_v7_2g2_fresh_current_candidate_v1_summary.csv","311"
"C:\Users\trent\OneDrive\Documents\EDGEIQ_PLATFORM\public\data\edgeiq_graphql_april_2000_results_v1_summary.csv","289"
"C:\Users\trent\OneDrive\Documents\EDGEIQ_PLATFORM\public\data\edgeiq_graphql_april_2001_results_v1.csv","1607052"
"C:\Users\trent\OneDrive\Documents\EDGEIQ_PLATFORM\public\data\edgeiq_graphql_april_2001_results_v1_audit.csv","4020"
"C:\Users\trent\OneDrive\Documents\EDGEIQ_PLATFORM\public\data\edgeiq_graphql_april_2001_results_v1_summary.csv","820"
"C:\Users\trent\OneDrive\Documents\EDGEIQ_PLATFORM\public\data\edgeiq_graphql_april_2002_results_v1.csv","1433313"
"C:\Users\trent\OneDrive\Documents\EDGEIQ_PLATFORM\public\data\edgeiq_graphql_april_2002_results_v1_audit.csv","4235"
"C:\Users\trent\OneDrive\Documents\EDGEIQ_PLATFORM\public\data\edgeiq_graphql_april_2002_results_v1_summary.csv","820"
"C:\Users\trent\OneDrive\Documents\EDGEIQ_PLATFORM\public\data\edgeiq_graphql_april_2003_results_v1.csv","1776467"
"C:\Users\trent\OneDrive\Documents\EDGEIQ_PLATFORM\public\data\edgeiq_graphql_april_2003_results_v1_audit.csv","4250"
"C:\Users\trent\OneDrive\Documents\EDGEIQ_PLATFORM\public\data\edgeiq_graphql_april_2003_results_v1_summary.csv","820"
"C:\Users\trent\OneDrive\Documents\EDGEIQ_PLATFORM\public\data\edgeiq_graphql_april_2004_results_v1.csv","1547285"
"C:\Users\trent\OneDrive\Documents\EDGEIQ_PLATFORM\public\data\edgeiq_graphql_april_2004_results_v1_audit.csv","4926"
"C:\Users\trent\OneDrive\Documents\EDGEIQ_PLATFORM\public\data\edgeiq_graphql_april_2004_results_v1_summary.csv","821"
"C:\Users\trent\OneDrive\Documents\EDGEIQ_PLATFORM\public\data\edgeiq_graphql_april_2005_results_v1.csv","1855531"
"C:\Users\trent\OneDrive\Documents\EDGEIQ_PLATFORM\public\data\edgeiq_graphql_april_2005_results_v1_audit.csv","4681"
"C:\Users\trent\OneDrive\Documents\EDGEIQ_PLATFORM\public\data\edgeiq_graphql_april_2005_results_v1_summary.csv","821"
"C:\Users\trent\OneDrive\Documents\EDGEIQ_PLATFORM\public\data\edgeiq_graphql_april_2006_results_v1.csv","2215988"
"C:\Users\trent\OneDrive\Documents\EDGEIQ_PLATFORM\public\data\edgeiq_graphql_april_2006_results_v1_audit.csv","5241"
"C:\Users\trent\OneDrive\Documents\EDGEIQ_PLATFORM\public\data\edgeiq_graphql_april_2006_results_v1_summary.csv","820"
"C:\Users\trent\OneDrive\Documents\EDGEIQ_PLATFORM\public\data\edgeiq_graphql_april_2007_results_v1.csv","2169869"
"C:\Users\trent\OneDrive\Documents\EDGEIQ_PLATFORM\public\data\edgeiq_graphql_april_2007_results_v1_audit.csv","4686"
"C:\Users\trent\OneDrive\Documents\EDGEIQ_PLATFORM\public\data\edgeiq_graphql_april_2007_results_v1_summary.csv","820"
"C:\Users\trent\OneDrive\Documents\EDGEIQ_PLATFORM\public\data\edgeiq_graphql_april_2008_results_v1.csv","2046198"
"C:\Users\trent\OneDrive\Documents\EDGEIQ_PLATFORM\public\data\edgeiq_graphql_april_2008_results_v1_audit.csv","4756"
"C:\Users\trent\OneDrive\Documents\EDGEIQ_PLATFORM\public\data\edgeiq_graphql_april_2008_results_v1_summary.csv","820"
"C:\Users\trent\OneDrive\Documents\EDGEIQ_PLATFORM\public\data\edgeiq_graphql_april_2009_results_v1.csv","1159680"
"C:\Users\trent\OneDrive\Documents\EDGEIQ_PLATFORM\public\data\edgeiq_graphql_april_2009_results_v1_audit.csv","5912"
"C:\Users\trent\OneDrive\Documents\EDGEIQ_PLATFORM\public\data\edgeiq_graphql_april_2009_results_v1_summary.csv","821"
"C:\Users\trent\OneDrive\Documents\EDGEIQ_PLATFORM\public\data\edgeiq_graphql_april_2010_results_v1.csv","1853314"
"C:\Users\trent\OneDrive\Documents\EDGEIQ_PLATFORM\public\data\edgeiq_graphql_april_2010_results_v1_audit.csv","4750"
"C:\Users\trent\OneDrive\Documents\EDGEIQ_PLATFORM\public\data\edgeiq_graphql_april_2010_results_v1_summary.csv","820"
"C:\Users\trent\OneDrive\Documents\EDGEIQ_PLATFORM\public\data\edgeiq_graphql_april_2011_results_v1.csv","27"
"C:\Users\trent\OneDrive\Documents\EDGEIQ_PLATFORM\public\data\edgeiq_graphql_april_2011_results_v1_audit.csv","13204"
"C:\Users\trent\OneDrive\Documents\EDGEIQ_PLATFORM\public\data\edgeiq_graphql_april_2011_results_v1_summary.csv","799"
"C:\Users\trent\OneDrive\Documents\EDGEIQ_PLATFORM\public\data\edgeiq_graphql_april_2012_results_v1.csv","2020610"
"C:\Users\trent\OneDrive\Documents\EDGEIQ_PLATFORM\public\data\edgeiq_graphql_april_2012_results_v1_audit.csv","5155"
"C:\Users\trent\OneDrive\Documents\EDGEIQ_PLATFORM\public\data\edgeiq_graphql_april_2012_results_v1_summary.csv","820"
"C:\Users\trent\OneDrive\Documents\EDGEIQ_PLATFORM\public\data\edgeiq_graphql_april_2013_results_v1.csv","1808900"
"C:\Users\trent\OneDrive\Documents\EDGEIQ_PLATFORM\public\data\edgeiq_graphql_april_2013_results_v1_audit.csv","4778"
"C:\Users\trent\OneDrive\Documents\EDGEIQ_PLATFORM\public\data\edgeiq_graphql_april_2013_results_v1_summary.csv","821"
"C:\Users\trent\OneDrive\Documents\EDGEIQ_PLATFORM\public\data\edgeiq_graphql_april_2014_results_v1.csv","1587455"
"C:\Users\trent\OneDrive\Documents\EDGEIQ_PLATFORM\public\data\edgeiq_graphql_april_2014_results_v1_audit.csv","5331"
"C:\Users\trent\OneDrive\Documents\EDGEIQ_PLATFORM\public\data\edgeiq_graphql_april_2014_results_v1_summary.csv","821"
"C:\Users\trent\OneDrive\Documents\EDGEIQ_PLATFORM\public\data\edgeiq_graphql_april_2015_results_v1.csv","1185056"
"C:\Users\trent\OneDrive\Documents\EDGEIQ_PLATFORM\public\data\edgeiq_graphql_april_2015_results_v1_audit.csv","4741"
"C:\Users\trent\OneDrive\Documents\EDGEIQ_PLATFORM\public\data\edgeiq_graphql_april_2015_results_v1_summary.csv","821"
"C:\Users\trent\OneDrive\Documents\EDGEIQ_PLATFORM\public\data\edgeiq_graphql_april_2016_results_v1.csv","27"
"C:\Users\trent\OneDrive\Documents\EDGEIQ_PLATFORM\public\data\edgeiq_graphql_april_2016_results_v1_audit.csv","11348"
"C:\Users\trent\OneDrive\Documents\EDGEIQ_PLATFORM\public\data\edgeiq_graphql_april_2016_results_v1_summary.csv","799"
"C:\Users\trent\OneDrive\Documents\EDGEIQ_PLATFORM\public\data\edgeiq_graphql_april_2017_results_v1.csv","27"
"C:\Users\trent\OneDrive\Documents\EDGEIQ_PLATFORM\public\data\edgeiq_graphql_april_2017_results_v1_audit.csv","9693"
"C:\Users\trent\OneDrive\Documents\EDGEIQ_PLATFORM\public\data\edgeiq_graphql_april_2017_results_v1_summary.csv","799"
"C:\Users\trent\OneDrive\Documents\EDGEIQ_PLATFORM\public\data\edgeiq_graphql_april_2018_results_v1.csv","1761996"
"C:\Users\trent\OneDrive\Documents\EDGEIQ_PLATFORM\public\data\edgeiq_graphql_april_2018_results_v1_audit.csv","4036"
"C:\Users\trent\OneDrive\Documents\EDGEIQ_PLATFORM\public\data\edgeiq_graphql_april_2018_results_v1_summary.csv","820"
"C:\Users\trent\OneDrive\Documents\EDGEIQ_PLATFORM\public\data\edgeiq_graphql_april_2019_results_v1.csv","1757156"
"C:\Users\trent\OneDrive\Documents\EDGEIQ_PLATFORM\public\data\edgeiq_graphql_april_2019_results_v1_audit.csv","3775"
"C:\Users\trent\OneDrive\Documents\EDGEIQ_PLATFORM\public\data\edgeiq_graphql_april_2019_results_v1_summary.csv","820"
"C:\Users\trent\OneDrive\Documents\EDGEIQ_PLATFORM\public\data\edgeiq_graphql_april_2020_results_v1.csv","1867311"
"C:\Users\trent\OneDrive\Documents\EDGEIQ_PLATFORM\public\data\edgeiq_graphql_april_2020_results_v1_audit.csv","3052"
"C:\Users\trent\OneDrive\Documents\EDGEIQ_PLATFORM\public\data\edgeiq_graphql_april_2020_results_v1_summary.csv","820"
"C:\Users\trent\OneDrive\Documents\EDGEIQ_PLATFORM\public\data\edgeiq_graphql_april_2021_results_v1.csv","1986394"
"C:\Users\trent\OneDrive\Documents\EDGEIQ_PLATFORM\public\data\edgeiq_graphql_april_2021_results_v1_audit.csv","4645"
"C:\Users\trent\OneDrive\Documents\EDGEIQ_PLATFORM\public\data\edgeiq_graphql_april_2021_results_v1_summary.csv","820"
"C:\Users\trent\OneDrive\Documents\EDGEIQ_PLATFORM\public\data\edgeiq_graphql_april_2022_results_v1.csv","1492893"
"C:\Users\trent\OneDrive\Documents\EDGEIQ_PLATFORM\public\data\edgeiq_graphql_april_2022_results_v1_audit.csv","9538"
"C:\Users\trent\OneDrive\Documents\EDGEIQ_PLATFORM\public\data\edgeiq_graphql_april_2022_results_v1_summary.csv","821"
"C:\Users\trent\OneDrive\Documents\EDGEIQ_PLATFORM\public\data\edgeiq_graphql_april_2023_results_v1.csv","2608685"
"C:\Users\trent\OneDrive\Documents\EDGEIQ_PLATFORM\public\data\edgeiq_graphql_april_2023_results_v1_audit.csv","4887"
"C:\Users\trent\OneDrive\Documents\EDGEIQ_PLATFORM\public\data\edgeiq_graphql_april_2023_results_v1_summary.csv","820"
"C:\Users\trent\OneDrive\Documents\EDGEIQ_PLATFORM\public\data\edgeiq_graphql_april_2024_results_v1.csv","2511581"
"C:\Users\trent\OneDrive\Documents\EDGEIQ_PLATFORM\public\data\edgeiq_graphql_april_2024_results_v1_audit.csv","4309"
"C:\Users\trent\OneDrive\Documents\EDGEIQ_PLATFORM\public\data\edgeiq_graphql_april_2024_results_v1_summary.csv","820"
"C:\Users\trent\OneDrive\Documents\EDGEIQ_PLATFORM\public\data\edgeiq_graphql_april_2025_results_v1.csv","2041896"
"C:\Users\trent\OneDrive\Documents\EDGEIQ_PLATFORM\public\data\edgeiq_graphql_april_2025_results_v1_summary.csv","473"
"C:\Users\trent\OneDrive\Documents\EDGEIQ_PLATFORM\public\data\edgeiq_graphql_april_2026_results_v1.csv","2691707"
"C:\Users\trent\OneDrive\Documents\EDGEIQ_PLATFORM\public\data\edgeiq_graphql_april_2026_results_v1_audit.csv","5910"
"C:\Users\trent\OneDrive\Documents\EDGEIQ_PLATFORM\public\data\edgeiq_graphql_april_2026_results_v1_summary.csv","820"
"C:\Users\trent\OneDrive\Documents\EDGEIQ_PLATFORM\public\data\edgeiq_graphql_august_2000_results_v1.csv","1528608"
"C:\Users\trent\OneDrive\Documents\EDGEIQ_PLATFORM\public\data\edgeiq_graphql_august_2000_results_v1_audit.csv","3655"
"C:\Users\trent\OneDrive\Documents\EDGEIQ_PLATFORM\public\data\edgeiq_graphql_august_2000_results_v1_summary.csv","823"
"C:\Users\trent\OneDrive\Documents\EDGEIQ_PLATFORM\public\data\edgeiq_graphql_august_2001_results_v1.csv","798927"
"C:\Users\trent\OneDrive\Documents\EDGEIQ_PLATFORM\public\data\edgeiq_graphql_august_2001_results_v1_audit.csv","5032"
"C:\Users\trent\OneDrive\Documents\EDGEIQ_PLATFORM\public\data\edgeiq_graphql_august_2001_results_v1_summary.csv","824"
"C:\Users\trent\OneDrive\Documents\EDGEIQ_PLATFORM\public\data\edgeiq_graphql_august_2002_results_v1.csv","1710250"
"C:\Users\trent\OneDrive\Documents\EDGEIQ_PLATFORM\public\data\edgeiq_graphql_august_2002_results_v1_audit.csv","4012"
"C:\Users\trent\OneDrive\Documents\EDGEIQ_PLATFORM\public\data\edgeiq_graphql_august_2002_results_v1_summary.csv","823"
"C:\Users\trent\OneDrive\Documents\EDGEIQ_PLATFORM\public\data\edgeiq_graphql_august_2003_results_v1.csv","1710142"
"C:\Users\trent\OneDrive\Documents\EDGEIQ_PLATFORM\public\data\edgeiq_graphql_august_2003_results_v1_audit.csv","4393"
"C:\Users\trent\OneDrive\Documents\EDGEIQ_PLATFORM\public\data\edgeiq_graphql_august_2003_results_v1_summary.csv","824"
"C:\Users\trent\OneDrive\Documents\EDGEIQ_PLATFORM\public\data\edgeiq_graphql_august_2004_results_v1.csv","1812982"
"C:\Users\trent\OneDrive\Documents\EDGEIQ_PLATFORM\public\data\edgeiq_graphql_august_2004_results_v1_audit.csv","4484"
"C:\Users\trent\OneDrive\Documents\EDGEIQ_PLATFORM\public\data\edgeiq_graphql_august_2004_results_v1_summary.csv","823"
"C:\Users\trent\OneDrive\Documents\EDGEIQ_PLATFORM\public\data\edgeiq_graphql_august_2005_results_v1.csv","2028225"
"C:\Users\trent\OneDrive\Documents\EDGEIQ_PLATFORM\public\data\edgeiq_graphql_august_2005_results_v1_audit.csv","4680"
"C:\Users\trent\OneDrive\Documents\EDGEIQ_PLATFORM\public\data\edgeiq_graphql_august_2005_results_v1_summary.csv","823"
"C:\Users\trent\OneDrive\Documents\EDGEIQ_PLATFORM\public\data\edgeiq_graphql_august_2006_results_v1.csv","1893186"
"C:\Users\trent\OneDrive\Documents\EDGEIQ_PLATFORM\public\data\edgeiq_graphql_august_2006_results_v1_audit.csv","4229"
"C:\Users\trent\OneDrive\Documents\EDGEIQ_PLATFORM\public\data\edgeiq_graphql_august_2006_results_v1_summary.csv","823"
"C:\Users\trent\OneDrive\Documents\EDGEIQ_PLATFORM\public\data\edgeiq_graphql_august_2007_results_v1.csv","1526580"
"C:\Users\trent\OneDrive\Documents\EDGEIQ_PLATFORM\public\data\edgeiq_graphql_august_2007_results_v1_audit.csv","5123"
"C:\Users\trent\OneDrive\Documents\EDGEIQ_PLATFORM\public\data\edgeiq_graphql_august_2007_results_v1_summary.csv","824"
"C:\Users\trent\OneDrive\Documents\EDGEIQ_PLATFORM\public\data\edgeiq_graphql_august_2008_results_v1.csv","2282360"
"C:\Users\trent\OneDrive\Documents\EDGEIQ_PLATFORM\public\data\edgeiq_graphql_august_2008_results_v1_audit.csv","5053"
"C:\Users\trent\OneDrive\Documents\EDGEIQ_PLATFORM\public\data\edgeiq_graphql_august_2008_results_v1_summary.csv","823"
"C:\Users\trent\OneDrive\Documents\EDGEIQ_PLATFORM\public\data\edgeiq_graphql_august_2009_results_v1.csv","1667737"
"C:\Users\trent\OneDrive\Documents\EDGEIQ_PLATFORM\public\data\edgeiq_graphql_august_2009_results_v1_audit.csv","4699"
"C:\Users\trent\OneDrive\Documents\EDGEIQ_PLATFORM\public\data\edgeiq_graphql_august_2009_results_v1_summary.csv","824"
"C:\Users\trent\OneDrive\Documents\EDGEIQ_PLATFORM\public\data\edgeiq_graphql_august_2010_results_v1.csv","2031639"
"C:\Users\trent\OneDrive\Documents\EDGEIQ_PLATFORM\public\data\edgeiq_graphql_august_2010_results_v1_audit.csv","4274"
"C:\Users\trent\OneDrive\Documents\EDGEIQ_PLATFORM\public\data\edgeiq_graphql_august_2010_results_v1_summary.csv","823"
"C:\Users\trent\OneDrive\Documents\EDGEIQ_PLATFORM\public\data\edgeiq_graphql_august_2011_results_v1.csv","27"
"C:\Users\trent\OneDrive\Documents\EDGEIQ_PLATFORM\public\data\edgeiq_graphql_august_2011_results_v1_audit.csv","12161"
"C:\Users\trent\OneDrive\Documents\EDGEIQ_PLATFORM\public\data\edgeiq_graphql_august_2011_results_v1_summary.csv","802"
"C:\Users\trent\OneDrive\Documents\EDGEIQ_PLATFORM\public\data\edgeiq_graphql_august_2012_results_v1.csv","1584302"
"C:\Users\trent\OneDrive\Documents\EDGEIQ_PLATFORM\public\data\edgeiq_graphql_august_2012_results_v1_audit.csv","4982"
"C:\Users\trent\OneDrive\Documents\EDGEIQ_PLATFORM\public\data\edgeiq_graphql_august_2012_results_v1_summary.csv","824"
"C:\Users\trent\OneDrive\Documents\EDGEIQ_PLATFORM\public\data\edgeiq_graphql_august_2013_results_v1.csv","1846735"
"C:\Users\trent\OneDrive\Documents\EDGEIQ_PLATFORM\public\data\edgeiq_graphql_august_2013_results_v1_audit.csv","5009"
"C:\Users\trent\OneDrive\Documents\EDGEIQ_PLATFORM\public\data\edgeiq_graphql_august_2013_results_v1_summary.csv","824"
"C:\Users\trent\OneDrive\Documents\EDGEIQ_PLATFORM\public\data\edgeiq_graphql_august_2014_results_v1.csv","1980926"
"C:\Users\trent\OneDrive\Documents\EDGEIQ_PLATFORM\public\data\edgeiq_graphql_august_2014_results_v1_audit.csv","5041"
"C:\Users\trent\OneDrive\Documents\EDGEIQ_PLATFORM\public\data\edgeiq_graphql_august_2014_results_v1_summary.csv","824"
"C:\Users\trent\OneDrive\Documents\EDGEIQ_PLATFORM\public\data\edgeiq_graphql_august_2015_results_v1.csv","1365553"
"C:\Users\trent\OneDrive\Documents\EDGEIQ_PLATFORM\public\data\edgeiq_graphql_august_2015_results_v1_audit.csv","3688"
"C:\Users\trent\OneDrive\Documents\EDGEIQ_PLATFORM\public\data\edgeiq_graphql_august_2015_results_v1_summary.csv","823"
"C:\Users\trent\OneDrive\Documents\EDGEIQ_PLATFORM\public\data\edgeiq_graphql_august_2016_results_v1.csv","27"
"C:\Users\trent\OneDrive\Documents\EDGEIQ_PLATFORM\public\data\edgeiq_graphql_august_2016_results_v1_audit.csv","8388"
"C:\Users\trent\OneDrive\Documents\EDGEIQ_PLATFORM\public\data\edgeiq_graphql_august_2016_results_v1_summary.csv","802"
"C:\Users\trent\OneDrive\Documents\EDGEIQ_PLATFORM\public\data\edgeiq_graphql_august_2017_results_v1.csv","27"
"C:\Users\trent\OneDrive\Documents\EDGEIQ_PLATFORM\public\data\edgeiq_graphql_august_2017_results_v1_audit.csv","8330"
"C:\Users\trent\OneDrive\Documents\EDGEIQ_PLATFORM\public\data\edgeiq_graphql_august_2017_results_v1_summary.csv","802"
"C:\Users\trent\OneDrive\Documents\EDGEIQ_PLATFORM\public\data\edgeiq_graphql_august_2018_results_v1.csv","1540837"
"C:\Users\trent\OneDrive\Documents\EDGEIQ_PLATFORM\public\data\edgeiq_graphql_august_2018_results_v1_audit.csv","3390"
"C:\Users\trent\OneDrive\Documents\EDGEIQ_PLATFORM\public\data\edgeiq_graphql_august_2018_results_v1_summary.csv","823"
"C:\Users\trent\OneDrive\Documents\EDGEIQ_PLATFORM\public\data\edgeiq_graphql_august_2019_results_v1.csv","1460940"
"C:\Users\trent\OneDrive\Documents\EDGEIQ_PLATFORM\public\data\edgeiq_graphql_august_2019_results_v1_audit.csv","3034"
"C:\Users\trent\OneDrive\Documents\EDGEIQ_PLATFORM\public\data\edgeiq_graphql_august_2019_results_v1_summary.csv","823"
"C:\Users\trent\OneDrive\Documents\EDGEIQ_PLATFORM\public\data\edgeiq_graphql_august_2020_results_v1.csv","1991513"
"C:\Users\trent\OneDrive\Documents\EDGEIQ_PLATFORM\public\data\edgeiq_graphql_august_2020_results_v1_audit.csv","3211"
"C:\Users\trent\OneDrive\Documents\EDGEIQ_PLATFORM\public\data\edgeiq_graphql_august_2020_results_v1_summary.csv","823"
"C:\Users\trent\OneDrive\Documents\EDGEIQ_PLATFORM\public\data\edgeiq_graphql_august_2021_results_v1.csv","1784565"
"C:\Users\trent\OneDrive\Documents\EDGEIQ_PLATFORM\public\data\edgeiq_graphql_august_2021_results_v1_audit.csv","6883"
"C:\Users\trent\OneDrive\Documents\EDGEIQ_PLATFORM\public\data\edgeiq_graphql_august_2021_results_v1_summary.csv","824"
"C:\Users\trent\OneDrive\Documents\EDGEIQ_PLATFORM\public\data\edgeiq_graphql_august_2022_results_v1.csv","27"
"C:\Users\trent\OneDrive\Documents\EDGEIQ_PLATFORM\public\data\edgeiq_graphql_august_2022_results_v1_audit.csv","18954"
"C:\Users\trent\OneDrive\Documents\EDGEIQ_PLATFORM\public\data\edgeiq_graphql_august_2022_results_v1_summary.csv","802"
"C:\Users\trent\OneDrive\Documents\EDGEIQ_PLATFORM\public\data\edgeiq_graphql_august_2023_results_v1.csv","2318020"
"C:\Users\trent\OneDrive\Documents\EDGEIQ_PLATFORM\public\data\edgeiq_graphql_august_2023_results_v1_audit.csv","4152"
"C:\Users\trent\OneDrive\Documents\EDGEIQ_PLATFORM\public\data\edgeiq_graphql_august_2023_results_v1_summary.csv","823"
"C:\Users\trent\OneDrive\Documents\EDGEIQ_PLATFORM\public\data\edgeiq_graphql_august_2024_results_v1.csv","2896098"
"C:\Users\trent\OneDrive\Documents\EDGEIQ_PLATFORM\public\data\edgeiq_graphql_august_2024_results_v1_audit.csv","5140"
"C:\Users\trent\OneDrive\Documents\EDGEIQ_PLATFORM\public\data\edgeiq_graphql_august_2024_results_v1_summary.csv","823"
"C:\Users\trent\OneDrive\Documents\EDGEIQ_PLATFORM\public\data\edgeiq_graphql_august_2025_results_v1.csv","2744011"
"C:\Users\trent\OneDrive\Documents\EDGEIQ_PLATFORM\public\data\edgeiq_graphql_august_2025_results_v1_audit.csv","4647"
"C:\Users\trent\OneDrive\Documents\EDGEIQ_PLATFORM\public\data\edgeiq_graphql_august_2025_results_v1_summary.csv","823"
"C:\Users\trent\OneDrive\Documents\EDGEIQ_PLATFORM\public\data\edgeiq_graphql_column_audit_v1.csv","5229"
"C:\Users\trent\OneDrive\Documents\EDGEIQ_PLATFORM\public\data\edgeiq_graphql_column_audit_v1_summary.csv","527"
"C:\Users\trent\OneDrive\Documents\EDGEIQ_PLATFORM\public\data\edgeiq_graphql_data_quality_audit_v1.csv","10569"
"C:\Users\trent\OneDrive\Documents\EDGEIQ_PLATFORM\public\data\edgeiq_graphql_data_quality_audit_v1_summary.csv","353"
"C:\Users\trent\OneDrive\Documents\EDGEIQ_PLATFORM\public\data\edgeiq_graphql_december_2000_results_v1.csv","1585471"
"C:\Users\trent\OneDrive\Documents\EDGEIQ_PLATFORM\public\data\edgeiq_graphql_december_2000_results_v1_audit.csv","4173"
"C:\Users\trent\OneDrive\Documents\EDGEIQ_PLATFORM\public\data\edgeiq_graphql_december_2000_results_v1_summary.csv","829"
"C:\Users\trent\OneDrive\Documents\EDGEIQ_PLATFORM\public\data\edgeiq_graphql_december_2001_results_v1.csv","1483952"
"C:\Users\trent\OneDrive\Documents\EDGEIQ_PLATFORM\public\data\edgeiq_graphql_december_2001_results_v1_audit.csv","4169"
"C:\Users\trent\OneDrive\Documents\EDGEIQ_PLATFORM\public\data\edgeiq_graphql_december_2001_results_v1_summary.csv","829"
"C:\Users\trent\OneDrive\Documents\EDGEIQ_PLATFORM\public\data\edgeiq_graphql_december_2002_results_v1.csv","1570927"
"C:\Users\trent\OneDrive\Documents\EDGEIQ_PLATFORM\public\data\edgeiq_graphql_december_2002_results_v1_audit.csv","3951"
"C:\Users\trent\OneDrive\Documents\EDGEIQ_PLATFORM\public\data\edgeiq_graphql_december_2002_results_v1_summary.csv","829"
"C:\Users\trent\OneDrive\Documents\EDGEIQ_PLATFORM\public\data\edgeiq_graphql_december_2003_results_v1.csv","1033691"
"C:\Users\trent\OneDrive\Documents\EDGEIQ_PLATFORM\public\data\edgeiq_graphql_december_2003_results_v1_audit.csv","5172"
"C:\Users\trent\OneDrive\Documents\EDGEIQ_PLATFORM\public\data\edgeiq_graphql_december_2003_results_v1_summary.csv","830"
"C:\Users\trent\OneDrive\Documents\EDGEIQ_PLATFORM\public\data\edgeiq_graphql_december_2004_results_v1.csv","1759681"
"C:\Users\trent\OneDrive\Documents\EDGEIQ_PLATFORM\public\data\edgeiq_graphql_december_2004_results_v1_audit.csv","3713"
"C:\Users\trent\OneDrive\Documents\EDGEIQ_PLATFORM\public\data\edgeiq_graphql_december_2004_results_v1_summary.csv","829"
"C:\Users\trent\OneDrive\Documents\EDGEIQ_PLATFORM\public\data\edgeiq_graphql_december_2005_results_v1.csv","1851139"
"C:\Users\trent\OneDrive\Documents\EDGEIQ_PLATFORM\public\data\edgeiq_graphql_december_2005_results_v1_audit.csv","3910"
"C:\Users\trent\OneDrive\Documents\EDGEIQ_PLATFORM\public\data\edgeiq_graphql_december_2005_results_v1_summary.csv","829"
"C:\Users\trent\OneDrive\Documents\EDGEIQ_PLATFORM\public\data\edgeiq_graphql_december_2006_results_v1.csv","1817958"
"C:\Users\trent\OneDrive\Documents\EDGEIQ_PLATFORM\public\data\edgeiq_graphql_december_2006_results_v1_audit.csv","3963"
"C:\Users\trent\OneDrive\Documents\EDGEIQ_PLATFORM\public\data\edgeiq_graphql_december_2006_results_v1_summary.csv","829"
"C:\Users\trent\OneDrive\Documents\EDGEIQ_PLATFORM\public\data\edgeiq_graphql_december_2007_results_v1.csv","1952330"
"C:\Users\trent\OneDrive\Documents\EDGEIQ_PLATFORM\public\data\edgeiq_graphql_december_2007_results_v1_audit.csv","3808"
"C:\Users\trent\OneDrive\Documents\EDGEIQ_PLATFORM\public\data\edgeiq_graphql_december_2007_results_v1_summary.csv","829"
"C:\Users\trent\OneDrive\Documents\EDGEIQ_PLATFORM\public\data\edgeiq_graphql_december_2008_results_v1.csv","913241"
"C:\Users\trent\OneDrive\Documents\EDGEIQ_PLATFORM\public\data\edgeiq_graphql_december_2008_results_v1_audit.csv","5419"
"C:\Users\trent\OneDrive\Documents\EDGEIQ_PLATFORM\public\data\edgeiq_graphql_december_2008_results_v1_summary.csv","830"
"C:\Users\trent\OneDrive\Documents\EDGEIQ_PLATFORM\public\data\edgeiq_graphql_december_2009_results_v1.csv","2051234"
"C:\Users\trent\OneDrive\Documents\EDGEIQ_PLATFORM\public\data\edgeiq_graphql_december_2009_results_v1_audit.csv","4251"
"C:\Users\trent\OneDrive\Documents\EDGEIQ_PLATFORM\public\data\edgeiq_graphql_december_2009_results_v1_summary.csv","829"
"C:\Users\trent\OneDrive\Documents\EDGEIQ_PLATFORM\public\data\edgeiq_graphql_december_2010_results_v1.csv","27"
"C:\Users\trent\OneDrive\Documents\EDGEIQ_PLATFORM\public\data\edgeiq_graphql_december_2010_results_v1_audit.csv","11982"
"C:\Users\trent\OneDrive\Documents\EDGEIQ_PLATFORM\public\data\edgeiq_graphql_december_2010_results_v1_summary.csv","808"
"C:\Users\trent\OneDrive\Documents\EDGEIQ_PLATFORM\public\data\edgeiq_graphql_december_2011_results_v1.csv","27"
"C:\Users\trent\OneDrive\Documents\EDGEIQ_PLATFORM\public\data\edgeiq_graphql_december_2011_results_v1_audit.csv","13348"
"C:\Users\trent\OneDrive\Documents\EDGEIQ_PLATFORM\public\data\edgeiq_graphql_december_2011_results_v1_summary.csv","808"
"C:\Users\trent\OneDrive\Documents\EDGEIQ_PLATFORM\public\data\edgeiq_graphql_december_2012_results_v1.csv","1140384"
"C:\Users\trent\OneDrive\Documents\EDGEIQ_PLATFORM\public\data\edgeiq_graphql_december_2012_results_v1_audit.csv","6522"
"C:\Users\trent\OneDrive\Documents\EDGEIQ_PLATFORM\public\data\edgeiq_graphql_december_2012_results_v1_summary.csv","830"
"C:\Users\trent\OneDrive\Documents\EDGEIQ_PLATFORM\public\data\edgeiq_graphql_december_2013_results_v1.csv","1902189"
"C:\Users\trent\OneDrive\Documents\EDGEIQ_PLATFORM\public\data\edgeiq_graphql_december_2013_results_v1_audit.csv","3923"
"C:\Users\trent\OneDrive\Documents\EDGEIQ_PLATFORM\public\data\edgeiq_graphql_december_2013_results_v1_summary.csv","829"
"C:\Users\trent\OneDrive\Documents\EDGEIQ_PLATFORM\public\data\edgeiq_graphql_december_2014_results_v1.csv","1359751"
"C:\Users\trent\OneDrive\Documents\EDGEIQ_PLATFORM\public\data\edgeiq_graphql_december_2014_results_v1_audit.csv","3962"
"C:\Users\trent\OneDrive\Documents\EDGEIQ_PLATFORM\public\data\edgeiq_graphql_december_2014_results_v1_summary.csv","829"
"C:\Users\trent\OneDrive\Documents\EDGEIQ_PLATFORM\public\data\edgeiq_graphql_december_2015_results_v1.csv","1372628"
"C:\Users\trent\OneDrive\Documents\EDGEIQ_PLATFORM\public\data\edgeiq_graphql_december_2015_results_v1_audit.csv","3312"
"C:\Users\trent\OneDrive\Documents\EDGEIQ_PLATFORM\public\data\edgeiq_graphql_december_2015_results_v1_summary.csv","829"
"C:\Users\trent\OneDrive\Documents\EDGEIQ_PLATFORM\public\data\edgeiq_graphql_december_2016_results_v1.csv","27"
"C:\Users\trent\OneDrive\Documents\EDGEIQ_PLATFORM\public\data\edgeiq_graphql_december_2016_results_v1_audit.csv","10252"
"C:\Users\trent\OneDrive\Documents\EDGEIQ_PLATFORM\public\data\edgeiq_graphql_december_2016_results_v1_summary.csv","808"
"C:\Users\trent\OneDrive\Documents\EDGEIQ_PLATFORM\public\data\edgeiq_graphql_december_2017_results_v1.csv","27"
"C:\Users\trent\OneDrive\Documents\EDGEIQ_PLATFORM\public\data\edgeiq_graphql_december_2017_results_v1_audit.csv","9988"
"C:\Users\trent\OneDrive\Documents\EDGEIQ_PLATFORM\public\data\edgeiq_graphql_december_2017_results_v1_summary.csv","808"
"C:\Users\trent\OneDrive\Documents\EDGEIQ_PLATFORM\public\data\edgeiq_graphql_december_2018_results_v1.csv","1722845"
"C:\Users\trent\OneDrive\Documents\EDGEIQ_PLATFORM\public\data\edgeiq_graphql_december_2018_results_v1_audit.csv","3974"
"C:\Users\trent\OneDrive\Documents\EDGEIQ_PLATFORM\public\data\edgeiq_graphql_december_2018_results_v1_summary.csv","829"
"C:\Users\trent\OneDrive\Documents\EDGEIQ_PLATFORM\public\data\edgeiq_graphql_december_2019_results_v1.csv","1622714"
"C:\Users\trent\OneDrive\Documents\EDGEIQ_PLATFORM\public\data\edgeiq_graphql_december_2019_results_v1_audit.csv","3076"
"C:\Users\trent\OneDrive\Documents\EDGEIQ_PLATFORM\public\data\edgeiq_graphql_december_2019_results_v1_summary.csv","829"
"C:\Users\trent\OneDrive\Documents\EDGEIQ_PLATFORM\public\data\edgeiq_graphql_december_2020_results_v1.csv","1598857"
"C:\Users\trent\OneDrive\Documents\EDGEIQ_PLATFORM\public\data\edgeiq_graphql_december_2020_results_v1_audit.csv","2933"
"C:\Users\trent\OneDrive\Documents\EDGEIQ_PLATFORM\public\data\edgeiq_graphql_december_2020_results_v1_summary.csv","829"
"C:\Users\trent\OneDrive\Documents\EDGEIQ_PLATFORM\public\data\edgeiq_graphql_december_2021_results_v1.csv","1241832"
"C:\Users\trent\OneDrive\Documents\EDGEIQ_PLATFORM\public\data\edgeiq_graphql_december_2021_results_v1_audit.csv","5817"
"C:\Users\trent\OneDrive\Documents\EDGEIQ_PLATFORM\public\data\edgeiq_graphql_december_2021_results_v1_summary.csv","830"
"C:\Users\trent\OneDrive\Documents\EDGEIQ_PLATFORM\public\data\edgeiq_graphql_december_2022_results_v1.csv","27"
"C:\Users\trent\OneDrive\Documents\EDGEIQ_PLATFORM\public\data\edgeiq_graphql_december_2022_results_v1_audit.csv","16487"
"C:\Users\trent\OneDrive\Documents\EDGEIQ_PLATFORM\public\data\edgeiq_graphql_december_2022_results_v1_summary.csv","808"
"C:\Users\trent\OneDrive\Documents\EDGEIQ_PLATFORM\public\data\edgeiq_graphql_december_2023_results_v1.csv","2451131"
"C:\Users\trent\OneDrive\Documents\EDGEIQ_PLATFORM\public\data\edgeiq_graphql_december_2023_results_v1_audit.csv","5295"
"C:\Users\trent\OneDrive\Documents\EDGEIQ_PLATFORM\public\data\edgeiq_graphql_december_2023_results_v1_summary.csv","829"
"C:\Users\trent\OneDrive\Documents\EDGEIQ_PLATFORM\public\data\edgeiq_graphql_december_2024_results_v1.csv","2897496"
"C:\Users\trent\OneDrive\Documents\EDGEIQ_PLATFORM\public\data\edgeiq_graphql_december_2024_results_v1_audit.csv","5277"
"C:\Users\trent\OneDrive\Documents\EDGEIQ_PLATFORM\public\data\edgeiq_graphql_december_2024_results_v1_summary.csv","829"
"C:\Users\trent\OneDrive\Documents\EDGEIQ_PLATFORM\public\data\edgeiq_graphql_december_2025_results_v1.csv","2818166"
"C:\Users\trent\OneDrive\Documents\EDGEIQ_PLATFORM\public\data\edgeiq_graphql_december_2025_results_v1_audit.csv","4768"
"C:\Users\trent\OneDrive\Documents\EDGEIQ_PLATFORM\public\data\edgeiq_graphql_december_2025_results_v1_summary.csv","829"
"C:\Users\trent\OneDrive\Documents\EDGEIQ_PLATFORM\public\data\edgeiq_graphql_deep_manifest_factory_2000_2022_v1_summary.csv","38117"
"C:\Users\trent\OneDrive\Documents\EDGEIQ_PLATFORM\public\data\edgeiq_graphql_february_2000_results_v1_summary.csv","292"
"C:\Users\trent\OneDrive\Documents\EDGEIQ_PLATFORM\public\data\edgeiq_graphql_february_2001_results_v1.csv","1553675"
"C:\Users\trent\OneDrive\Documents\EDGEIQ_PLATFORM\public\data\edgeiq_graphql_february_2001_results_v1_audit.csv","3499"
"C:\Users\trent\OneDrive\Documents\EDGEIQ_PLATFORM\public\data\edgeiq_graphql_february_2001_results_v1_summary.csv","829"
"C:\Users\trent\OneDrive\Documents\EDGEIQ_PLATFORM\public\data\edgeiq_graphql_february_2002_results_v1.csv","1327614"
"C:\Users\trent\OneDrive\Documents\EDGEIQ_PLATFORM\public\data\edgeiq_graphql_february_2002_results_v1_audit.csv","4177"
"C:\Users\trent\OneDrive\Documents\EDGEIQ_PLATFORM\public\data\edgeiq_graphql_february_2002_results_v1_summary.csv","829"
"C:\Users\trent\OneDrive\Documents\EDGEIQ_PLATFORM\public\data\edgeiq_graphql_february_2003_results_v1.csv","1641119"
"C:\Users\trent\OneDrive\Documents\EDGEIQ_PLATFORM\public\data\edgeiq_graphql_february_2003_results_v1_audit.csv","4868"
"C:\Users\trent\OneDrive\Documents\EDGEIQ_PLATFORM\public\data\edgeiq_graphql_february_2003_results_v1_summary.csv","830"
"C:\Users\trent\OneDrive\Documents\EDGEIQ_PLATFORM\public\data\edgeiq_graphql_february_2004_results_v1.csv","1382689"
"C:\Users\trent\OneDrive\Documents\EDGEIQ_PLATFORM\public\data\edgeiq_graphql_february_2004_results_v1_audit.csv","5201"
"C:\Users\trent\OneDrive\Documents\EDGEIQ_PLATFORM\public\data\edgeiq_graphql_february_2004_results_v1_summary.csv","830"
"C:\Users\trent\OneDrive\Documents\EDGEIQ_PLATFORM\public\data\edgeiq_graphql_february_2005_results_v1.csv","1836590"
"C:\Users\trent\OneDrive\Documents\EDGEIQ_PLATFORM\public\data\edgeiq_graphql_february_2005_results_v1_audit.csv","4310"
"C:\Users\trent\OneDrive\Documents\EDGEIQ_PLATFORM\public\data\edgeiq_graphql_february_2005_results_v1_summary.csv","829"
"C:\Users\trent\OneDrive\Documents\EDGEIQ_PLATFORM\public\data\edgeiq_graphql_february_2006_results_v1.csv","1756482"
"C:\Users\trent\OneDrive\Documents\EDGEIQ_PLATFORM\public\data\edgeiq_graphql_february_2006_results_v1_audit.csv","4400"
"C:\Users\trent\OneDrive\Documents\EDGEIQ_PLATFORM\public\data\edgeiq_graphql_february_2006_results_v1_summary.csv","829"
"C:\Users\trent\OneDrive\Documents\EDGEIQ_PLATFORM\public\data\edgeiq_graphql_february_2007_results_v1.csv","1359858"
"C:\Users\trent\OneDrive\Documents\EDGEIQ_PLATFORM\public\data\edgeiq_graphql_february_2007_results_v1_audit.csv","4266"
"C:\Users\trent\OneDrive\Documents\EDGEIQ_PLATFORM\public\data\edgeiq_graphql_february_2007_results_v1_summary.csv","830"
"C:\Users\trent\OneDrive\Documents\EDGEIQ_PLATFORM\public\data\edgeiq_graphql_february_2008_results_v1.csv","1933181"
"C:\Users\trent\OneDrive\Documents\EDGEIQ_PLATFORM\public\data\edgeiq_graphql_february_2008_results_v1_audit.csv","3997"
"C:\Users\trent\OneDrive\Documents\EDGEIQ_PLATFORM\public\data\edgeiq_graphql_february_2008_results_v1_summary.csv","829"
"C:\Users\trent\OneDrive\Documents\EDGEIQ_PLATFORM\public\data\edgeiq_graphql_february_2009_results_v1.csv","1222224"
"C:\Users\trent\OneDrive\Documents\EDGEIQ_PLATFORM\public\data\edgeiq_graphql_february_2009_results_v1_audit.csv","5793"
"C:\Users\trent\OneDrive\Documents\EDGEIQ_PLATFORM\public\data\edgeiq_graphql_february_2009_results_v1_summary.csv","830"
"C:\Users\trent\OneDrive\Documents\EDGEIQ_PLATFORM\public\data\edgeiq_graphql_february_2010_results_v1.csv","1863258"
"C:\Users\trent\OneDrive\Documents\EDGEIQ_PLATFORM\public\data\edgeiq_graphql_february_2010_results_v1_audit.csv","4139"
"C:\Users\trent\OneDrive\Documents\EDGEIQ_PLATFORM\public\data\edgeiq_graphql_february_2010_results_v1_summary.csv","829"
"C:\Users\trent\OneDrive\Documents\EDGEIQ_PLATFORM\public\data\edgeiq_graphql_february_2011_results_v1.csv","27"
"C:\Users\trent\OneDrive\Documents\EDGEIQ_PLATFORM\public\data\edgeiq_graphql_february_2011_results_v1_audit.csv","12604"
"C:\Users\trent\OneDrive\Documents\EDGEIQ_PLATFORM\public\data\edgeiq_graphql_february_2011_results_v1_summary.csv","808"
"C:\Users\trent\OneDrive\Documents\EDGEIQ_PLATFORM\public\data\edgeiq_graphql_february_2012_results_v1.csv","1849397"
"C:\Users\trent\OneDrive\Documents\EDGEIQ_PLATFORM\public\data\edgeiq_graphql_february_2012_results_v1_audit.csv","4916"
"C:\Users\trent\OneDrive\Documents\EDGEIQ_PLATFORM\public\data\edgeiq_graphql_february_2012_results_v1_summary.csv","830"
"C:\Users\trent\OneDrive\Documents\EDGEIQ_PLATFORM\public\data\edgeiq_graphql_february_2013_results_v1.csv","1523004"
"C:\Users\trent\OneDrive\Documents\EDGEIQ_PLATFORM\public\data\edgeiq_graphql_february_2013_results_v1_audit.csv","4383"
"C:\Users\trent\OneDrive\Documents\EDGEIQ_PLATFORM\public\data\edgeiq_graphql_february_2013_results_v1_summary.csv","830"
"C:\Users\trent\OneDrive\Documents\EDGEIQ_PLATFORM\public\data\edgeiq_graphql_february_2014_results_v1.csv","1331035"
"C:\Users\trent\OneDrive\Documents\EDGEIQ_PLATFORM\public\data\edgeiq_graphql_february_2014_results_v1_audit.csv","4264"
"C:\Users\trent\OneDrive\Documents\EDGEIQ_PLATFORM\public\data\edgeiq_graphql_february_2014_results_v1_summary.csv","830"
"C:\Users\trent\OneDrive\Documents\EDGEIQ_PLATFORM\public\data\edgeiq_graphql_february_2015_results_v1.csv","1065604"
"C:\Users\trent\OneDrive\Documents\EDGEIQ_PLATFORM\public\data\edgeiq_graphql_february_2015_results_v1_audit.csv","4658"
"C:\Users\trent\OneDrive\Documents\EDGEIQ_PLATFORM\public\data\edgeiq_graphql_february_2015_results_v1_summary.csv","830"
"C:\Users\trent\OneDrive\Documents\EDGEIQ_PLATFORM\public\data\edgeiq_graphql_february_2016_results_v1.csv","1179574"
"C:\Users\trent\OneDrive\Documents\EDGEIQ_PLATFORM\public\data\edgeiq_graphql_february_2016_results_v1_audit.csv","3809"
"C:\Users\trent\OneDrive\Documents\EDGEIQ_PLATFORM\public\data\edgeiq_graphql_february_2016_results_v1_summary.csv","829"
"C:\Users\trent\OneDrive\Documents\EDGEIQ_PLATFORM\public\data\edgeiq_graphql_february_2017_results_v1.csv","27"
"C:\Users\trent\OneDrive\Documents\EDGEIQ_PLATFORM\public\data\edgeiq_graphql_february_2017_results_v1_audit.csv","9122"
"C:\Users\trent\OneDrive\Documents\EDGEIQ_PLATFORM\public\data\edgeiq_graphql_february_2017_results_v1_summary.csv","808"
"C:\Users\trent\OneDrive\Documents\EDGEIQ_PLATFORM\public\data\edgeiq_graphql_february_2018_results_v1.csv","1571978"
"C:\Users\trent\OneDrive\Documents\EDGEIQ_PLATFORM\public\data\edgeiq_graphql_february_2018_results_v1_audit.csv","3455"
"C:\Users\trent\OneDrive\Documents\EDGEIQ_PLATFORM\public\data\edgeiq_graphql_february_2018_results_v1_summary.csv","829"
"C:\Users\trent\OneDrive\Documents\EDGEIQ_PLATFORM\public\data\edgeiq_graphql_february_2019_results_v1.csv","706019"
"C:\Users\trent\OneDrive\Documents\EDGEIQ_PLATFORM\public\data\edgeiq_graphql_february_2019_results_v1_audit.csv","3689"
"C:\Users\trent\OneDrive\Documents\EDGEIQ_PLATFORM\public\data\edgeiq_graphql_february_2019_results_v1_summary.csv","830"
"C:\Users\trent\OneDrive\Documents\EDGEIQ_PLATFORM\public\data\edgeiq_graphql_february_2020_results_v1.csv","1225706"
"C:\Users\trent\OneDrive\Documents\EDGEIQ_PLATFORM\public\data\edgeiq_graphql_february_2020_results_v1_audit.csv","3062"
"C:\Users\trent\OneDrive\Documents\EDGEIQ_PLATFORM\public\data\edgeiq_graphql_february_2020_results_v1_summary.csv","829"
"C:\Users\trent\OneDrive\Documents\EDGEIQ_PLATFORM\public\data\edgeiq_graphql_february_2021_results_v1.csv","1386413"
"C:\Users\trent\OneDrive\Documents\EDGEIQ_PLATFORM\public\data\edgeiq_graphql_february_2021_results_v1_audit.csv","3094"
"C:\Users\trent\OneDrive\Documents\EDGEIQ_PLATFORM\public\data\edgeiq_graphql_february_2021_results_v1_summary.csv","829"
"C:\Users\trent\OneDrive\Documents\EDGEIQ_PLATFORM\public\data\edgeiq_graphql_february_2022_results_v1.csv","1078564"
"C:\Users\trent\OneDrive\Documents\EDGEIQ_PLATFORM\public\data\edgeiq_graphql_february_2022_results_v1_audit.csv","6689"
"C:\Users\trent\OneDrive\Documents\EDGEIQ_PLATFORM\public\data\edgeiq_graphql_february_2022_results_v1_summary.csv","830"
"C:\Users\trent\OneDrive\Documents\EDGEIQ_PLATFORM\public\data\edgeiq_graphql_february_2023_results_v1.csv","2452139"
"C:\Users\trent\OneDrive\Documents\EDGEIQ_PLATFORM\public\data\edgeiq_graphql_february_2023_results_v1_audit.csv","4568"
"C:\Users\trent\OneDrive\Documents\EDGEIQ_PLATFORM\public\data\edgeiq_graphql_february_2023_results_v1_summary.csv","829"
"C:\Users\trent\OneDrive\Documents\EDGEIQ_PLATFORM\public\data\edgeiq_graphql_february_2024_results_v1.csv","2334226"
"C:\Users\trent\OneDrive\Documents\EDGEIQ_PLATFORM\public\data\edgeiq_graphql_february_2024_results_v1_audit.csv","4338"
"C:\Users\trent\OneDrive\Documents\EDGEIQ_PLATFORM\public\data\edgeiq_graphql_february_2024_results_v1_summary.csv","829"
"C:\Users\trent\OneDrive\Documents\EDGEIQ_PLATFORM\public\data\edgeiq_graphql_february_2025_results_v1.csv","1617466"
"C:\Users\trent\OneDrive\Documents\EDGEIQ_PLATFORM\public\data\edgeiq_graphql_february_2025_results_v1_summary.csv","479"
"C:\Users\trent\OneDrive\Documents\EDGEIQ_PLATFORM\public\data\edgeiq_graphql_february_2026_results_v1.csv","2492503"
"C:\Users\trent\OneDrive\Documents\EDGEIQ_PLATFORM\public\data\edgeiq_graphql_february_2026_results_v1_audit.csv","5017"
"C:\Users\trent\OneDrive\Documents\EDGEIQ_PLATFORM\public\data\edgeiq_graphql_february_2026_results_v1_summary.csv","829"
"C:\Users\trent\OneDrive\Documents\EDGEIQ_PLATFORM\public\data\edgeiq_graphql_field_inventory_v1.csv","328487"
"C:\Users\trent\OneDrive\Documents\EDGEIQ_PLATFORM\public\data\edgeiq_graphql_field_inventory_v1_summary.csv","617"
"C:\Users\trent\OneDrive\Documents\EDGEIQ_PLATFORM\public\data\edgeiq_graphql_finish_code_audit_v1.csv","12059"
"C:\Users\trent\OneDrive\Documents\EDGEIQ_PLATFORM\public\data\edgeiq_graphql_finish_code_audit_v1_summary.csv","216"
"C:\Users\trent\OneDrive\Documents\EDGEIQ_PLATFORM\public\data\edgeiq_graphql_getRacesForMeet_meeting_warehouse_v1.csv","36519"
"C:\Users\trent\OneDrive\Documents\EDGEIQ_PLATFORM\public\data\edgeiq_graphql_getRacesForMeet_meeting_warehouse_v1_summary.csv","445"
"C:\Users\trent\OneDrive\Documents\EDGEIQ_PLATFORM\public\data\edgeiq_graphql_getRacesForMeet_payload_v1.json","761348"
"C:\Users\trent\OneDrive\Documents\EDGEIQ_PLATFORM\public\data\edgeiq_graphql_harvest_completeness_audit_v1.csv","68889"
"C:\Users\trent\OneDrive\Documents\EDGEIQ_PLATFORM\public\data\edgeiq_graphql_harvest_completeness_audit_v1_summary.csv","253"
"C:\Users\trent\OneDrive\Documents\EDGEIQ_PLATFORM\public\data\edgeiq_graphql_harvest_file_inventory_v1.csv","24632"
"C:\Users\trent\OneDrive\Documents\EDGEIQ_PLATFORM\public\data\edgeiq_graphql_harvest_file_inventory_v2.csv","24773"
"C:\Users\trent\OneDrive\Documents\EDGEIQ_PLATFORM\public\data\edgeiq_graphql_harvest_progress_monitor_v1.csv","40777"
"C:\Users\trent\OneDrive\Documents\EDGEIQ_PLATFORM\public\data\edgeiq_graphql_harvest_progress_monitor_v1_summary.csv","335"
"C:\Users\trent\OneDrive\Documents\EDGEIQ_PLATFORM\public\data\edgeiq_graphql_harvest_recovery_targets_v1.csv","6553"
"C:\Users\trent\OneDrive\Documents\EDGEIQ_PLATFORM\public\data\edgeiq_graphql_intelligence_profiles_v1_summary.csv","375"
"C:\Users\trent\OneDrive\Documents\EDGEIQ_PLATFORM\public\data\edgeiq_graphql_january_2000_results_v1_summary.csv","291"
"C:\Users\trent\OneDrive\Documents\EDGEIQ_PLATFORM\public\data\edgeiq_graphql_january_2001_results_v1.csv","1590904"
"C:\Users\trent\OneDrive\Documents\EDGEIQ_PLATFORM\public\data\edgeiq_graphql_january_2001_results_v1_audit.csv","4115"
"C:\Users\trent\OneDrive\Documents\EDGEIQ_PLATFORM\public\data\edgeiq_graphql_january_2001_results_v1_summary.csv","826"
"C:\Users\trent\OneDrive\Documents\EDGEIQ_PLATFORM\public\data\edgeiq_graphql_january_2002_results_v1.csv","1585561"
"C:\Users\trent\OneDrive\Documents\EDGEIQ_PLATFORM\public\data\edgeiq_graphql_january_2002_results_v1_audit.csv","4189"
"C:\Users\trent\OneDrive\Documents\EDGEIQ_PLATFORM\public\data\edgeiq_graphql_january_2002_results_v1_summary.csv","826"
"C:\Users\trent\OneDrive\Documents\EDGEIQ_PLATFORM\public\data\edgeiq_graphql_january_2003_results_v1.csv","1732493"
"C:\Users\trent\OneDrive\Documents\EDGEIQ_PLATFORM\public\data\edgeiq_graphql_january_2003_results_v1_audit.csv","4498"
"C:\Users\trent\OneDrive\Documents\EDGEIQ_PLATFORM\public\data\edgeiq_graphql_january_2003_results_v1_summary.csv","826"
"C:\Users\trent\OneDrive\Documents\EDGEIQ_PLATFORM\public\data\edgeiq_graphql_january_2004_results_v1.csv","1296775"
"C:\Users\trent\OneDrive\Documents\EDGEIQ_PLATFORM\public\data\edgeiq_graphql_january_2004_results_v1_audit.csv","5876"
"C:\Users\trent\OneDrive\Documents\EDGEIQ_PLATFORM\public\data\edgeiq_graphql_january_2004_results_v1_summary.csv","827"
"C:\Users\trent\OneDrive\Documents\EDGEIQ_PLATFORM\public\data\edgeiq_graphql_january_2005_results_v1.csv","1958375"
"C:\Users\trent\OneDrive\Documents\EDGEIQ_PLATFORM\public\data\edgeiq_graphql_january_2005_results_v1_audit.csv","4915"
"C:\Users\trent\OneDrive\Documents\EDGEIQ_PLATFORM\public\data\edgeiq_graphql_january_2005_results_v1_summary.csv","826"
"C:\Users\trent\OneDrive\Documents\EDGEIQ_PLATFORM\public\data\edgeiq_graphql_january_2006_results_v1.csv","1857842"
"C:\Users\trent\OneDrive\Documents\EDGEIQ_PLATFORM\public\data\edgeiq_graphql_january_2006_results_v1_audit.csv","4097"
"C:\Users\trent\OneDrive\Documents\EDGEIQ_PLATFORM\public\data\edgeiq_graphql_january_2006_results_v1_summary.csv","826"
"C:\Users\trent\OneDrive\Documents\EDGEIQ_PLATFORM\public\data\edgeiq_graphql_january_2007_results_v1.csv","1954478"
"C:\Users\trent\OneDrive\Documents\EDGEIQ_PLATFORM\public\data\edgeiq_graphql_january_2007_results_v1_audit.csv","4971"
"C:\Users\trent\OneDrive\Documents\EDGEIQ_PLATFORM\public\data\edgeiq_graphql_january_2007_results_v1_summary.csv","826"
"C:\Users\trent\OneDrive\Documents\EDGEIQ_PLATFORM\public\data\edgeiq_graphql_january_2008_results_v1.csv","2045779"
"C:\Users\trent\OneDrive\Documents\EDGEIQ_PLATFORM\public\data\edgeiq_graphql_january_2008_results_v1_audit.csv","4678"
"C:\Users\trent\OneDrive\Documents\EDGEIQ_PLATFORM\public\data\edgeiq_graphql_january_2008_results_v1_summary.csv","826"
"C:\Users\trent\OneDrive\Documents\EDGEIQ_PLATFORM\public\data\edgeiq_graphql_january_2009_results_v1.csv","1181962"
"C:\Users\trent\OneDrive\Documents\EDGEIQ_PLATFORM\public\data\edgeiq_graphql_january_2009_results_v1_audit.csv","6269"
"C:\Users\trent\OneDrive\Documents\EDGEIQ_PLATFORM\public\data\edgeiq_graphql_january_2009_results_v1_summary.csv","827"
"C:\Users\trent\OneDrive\Documents\EDGEIQ_PLATFORM\public\data\edgeiq_graphql_january_2010_results_v1.csv","1987446"
"C:\Users\trent\OneDrive\Documents\EDGEIQ_PLATFORM\public\data\edgeiq_graphql_january_2010_results_v1_audit.csv","5198"
"C:\Users\trent\OneDrive\Documents\EDGEIQ_PLATFORM\public\data\edgeiq_graphql_january_2010_results_v1_summary.csv","826"
"C:\Users\trent\OneDrive\Documents\EDGEIQ_PLATFORM\public\data\edgeiq_graphql_january_2011_results_v1.csv","27"
"C:\Users\trent\OneDrive\Documents\EDGEIQ_PLATFORM\public\data\edgeiq_graphql_january_2011_results_v1_audit.csv","13756"
"C:\Users\trent\OneDrive\Documents\EDGEIQ_PLATFORM\public\data\edgeiq_graphql_january_2011_results_v1_summary.csv","805"
"C:\Users\trent\OneDrive\Documents\EDGEIQ_PLATFORM\public\data\edgeiq_graphql_january_2012_results_v1.csv","1877200"
"C:\Users\trent\OneDrive\Documents\EDGEIQ_PLATFORM\public\data\edgeiq_graphql_january_2012_results_v1_audit.csv","4710"
"C:\Users\trent\OneDrive\Documents\EDGEIQ_PLATFORM\public\data\edgeiq_graphql_january_2012_results_v1_summary.csv","826"
"C:\Users\trent\OneDrive\Documents\EDGEIQ_PLATFORM\public\data\edgeiq_graphql_january_2013_results_v1.csv","1678575"
"C:\Users\trent\OneDrive\Documents\EDGEIQ_PLATFORM\public\data\edgeiq_graphql_january_2013_results_v1_audit.csv","4171"
"C:\Users\trent\OneDrive\Documents\EDGEIQ_PLATFORM\public\data\edgeiq_graphql_january_2013_results_v1_summary.csv","826"
"C:\Users\trent\OneDrive\Documents\EDGEIQ_PLATFORM\public\data\edgeiq_graphql_january_2014_results_v1.csv","1663163"
"C:\Users\trent\OneDrive\Documents\EDGEIQ_PLATFORM\public\data\edgeiq_graphql_january_2014_results_v1_audit.csv","4606"
"C:\Users\trent\OneDrive\Documents\EDGEIQ_PLATFORM\public\data\edgeiq_graphql_january_2014_results_v1_summary.csv","826"
"C:\Users\trent\OneDrive\Documents\EDGEIQ_PLATFORM\public\data\edgeiq_graphql_january_2015_results_v1.csv","1427624"
"C:\Users\trent\OneDrive\Documents\EDGEIQ_PLATFORM\public\data\edgeiq_graphql_january_2015_results_v1_audit.csv","4238"
"C:\Users\trent\OneDrive\Documents\EDGEIQ_PLATFORM\public\data\edgeiq_graphql_january_2015_results_v1_summary.csv","827"
"C:\Users\trent\OneDrive\Documents\EDGEIQ_PLATFORM\public\data\edgeiq_graphql_january_2016_results_v1.csv","1502790"
"C:\Users\trent\OneDrive\Documents\EDGEIQ_PLATFORM\public\data\edgeiq_graphql_january_2016_results_v1_audit.csv","3717"
"C:\Users\trent\OneDrive\Documents\EDGEIQ_PLATFORM\public\data\edgeiq_graphql_january_2016_results_v1_summary.csv","826"
"C:\Users\trent\OneDrive\Documents\EDGEIQ_PLATFORM\public\data\edgeiq_graphql_january_2017_results_v1.csv","27"
"C:\Users\trent\OneDrive\Documents\EDGEIQ_PLATFORM\public\data\edgeiq_graphql_january_2017_results_v1_audit.csv","8574"
"C:\Users\trent\OneDrive\Documents\EDGEIQ_PLATFORM\public\data\edgeiq_graphql_january_2017_results_v1_summary.csv","805"
"C:\Users\trent\OneDrive\Documents\EDGEIQ_PLATFORM\public\data\edgeiq_graphql_january_2018_results_v1.csv","1600831"
"C:\Users\trent\OneDrive\Documents\EDGEIQ_PLATFORM\public\data\edgeiq_graphql_january_2018_results_v1_audit.csv","3110"
"C:\Users\trent\OneDrive\Documents\EDGEIQ_PLATFORM\public\data\edgeiq_graphql_january_2018_results_v1_summary.csv","826"
"C:\Users\trent\OneDrive\Documents\EDGEIQ_PLATFORM\public\data\edgeiq_graphql_january_2019_results_v1.csv","900364"
"C:\Users\trent\OneDrive\Documents\EDGEIQ_PLATFORM\public\data\edgeiq_graphql_january_2019_results_v1_audit.csv","3923"
"C:\Users\trent\OneDrive\Documents\EDGEIQ_PLATFORM\public\data\edgeiq_graphql_january_2019_results_v1_summary.csv","827"
"C:\Users\trent\OneDrive\Documents\EDGEIQ_PLATFORM\public\data\edgeiq_graphql_january_2020_results_v1.csv","1530671"
"C:\Users\trent\OneDrive\Documents\EDGEIQ_PLATFORM\public\data\edgeiq_graphql_january_2020_results_v1_audit.csv","2880"
"C:\Users\trent\OneDrive\Documents\EDGEIQ_PLATFORM\public\data\edgeiq_graphql_january_2020_results_v1_summary.csv","826"
"C:\Users\trent\OneDrive\Documents\EDGEIQ_PLATFORM\public\data\edgeiq_graphql_january_2021_results_v1.csv","1683117"
"C:\Users\trent\OneDrive\Documents\EDGEIQ_PLATFORM\public\data\edgeiq_graphql_january_2021_results_v1_audit.csv","3470"
"C:\Users\trent\OneDrive\Documents\EDGEIQ_PLATFORM\public\data\edgeiq_graphql_january_2021_results_v1_summary.csv","826"
"C:\Users\trent\OneDrive\Documents\EDGEIQ_PLATFORM\public\data\edgeiq_graphql_january_2022_results_v1.csv","942204"
"C:\Users\trent\OneDrive\Documents\EDGEIQ_PLATFORM\public\data\edgeiq_graphql_january_2022_results_v1_audit.csv","6235"
"C:\Users\trent\OneDrive\Documents\EDGEIQ_PLATFORM\public\data\edgeiq_graphql_january_2022_results_v1_summary.csv","827"
"C:\Users\trent\OneDrive\Documents\EDGEIQ_PLATFORM\public\data\edgeiq_graphql_january_2023_results_v1.csv","2432327"
"C:\Users\trent\OneDrive\Documents\EDGEIQ_PLATFORM\public\data\edgeiq_graphql_january_2023_results_v1_audit.csv","4873"
"C:\Users\trent\OneDrive\Documents\EDGEIQ_PLATFORM\public\data\edgeiq_graphql_january_2023_results_v1_summary.csv","826"
"C:\Users\trent\OneDrive\Documents\EDGEIQ_PLATFORM\public\data\edgeiq_graphql_january_2024_results_v1.csv","2587149"
"C:\Users\trent\OneDrive\Documents\EDGEIQ_PLATFORM\public\data\edgeiq_graphql_january_2024_results_v1_audit.csv","5290"
"C:\Users\trent\OneDrive\Documents\EDGEIQ_PLATFORM\public\data\edgeiq_graphql_january_2024_results_v1_summary.csv","826"
"C:\Users\trent\OneDrive\Documents\EDGEIQ_PLATFORM\public\data\edgeiq_graphql_january_2025_MASTER_v1.csv","1516328"
"C:\Users\trent\OneDrive\Documents\EDGEIQ_PLATFORM\public\data\edgeiq_graphql_january_2025_results_v1.csv","468120"
"C:\Users\trent\OneDrive\Documents\EDGEIQ_PLATFORM\public\data\edgeiq_graphql_january_2025_results_v1_summary.csv","467"
"C:\Users\trent\OneDrive\Documents\EDGEIQ_PLATFORM\public\data\edgeiq_graphql_january_2025_WEEK2_results_v1.csv","319464"
"C:\Users\trent\OneDrive\Documents\EDGEIQ_PLATFORM\public\data\edgeiq_graphql_january_2025_WEEK2_results_v1_summary.csv","480"
"C:\Users\trent\OneDrive\Documents\EDGEIQ_PLATFORM\public\data\edgeiq_graphql_january_2025_WEEK3_results_v1.csv","344740"
"C:\Users\trent\OneDrive\Documents\EDGEIQ_PLATFORM\public\data\edgeiq_graphql_january_2025_WEEK3_results_v1_summary.csv","479"
"C:\Users\trent\OneDrive\Documents\EDGEIQ_PLATFORM\public\data\edgeiq_graphql_january_2025_WEEK4_results_v1.csv","383278"
"C:\Users\trent\OneDrive\Documents\EDGEIQ_PLATFORM\public\data\edgeiq_graphql_january_2025_WEEK4_results_v1_summary.csv","480"
"C:\Users\trent\OneDrive\Documents\EDGEIQ_PLATFORM\public\data\edgeiq_graphql_january_2026_results_v1.csv","2612504"
"C:\Users\trent\OneDrive\Documents\EDGEIQ_PLATFORM\public\data\edgeiq_graphql_january_2026_results_v1_audit.csv","5378"
"C:\Users\trent\OneDrive\Documents\EDGEIQ_PLATFORM\public\data\edgeiq_graphql_january_2026_results_v1_summary.csv","826"
"C:\Users\trent\OneDrive\Documents\EDGEIQ_PLATFORM\public\data\edgeiq_graphql_july_2000_results_v1_summary.csv","288"
"C:\Users\trent\OneDrive\Documents\EDGEIQ_PLATFORM\public\data\edgeiq_graphql_july_2001_results_v1.csv","1059919"
"C:\Users\trent\OneDrive\Documents\EDGEIQ_PLATFORM\public\data\edgeiq_graphql_july_2001_results_v1_audit.csv","5654"
"C:\Users\trent\OneDrive\Documents\EDGEIQ_PLATFORM\public\data\edgeiq_graphql_july_2001_results_v1_summary.csv","817"
"C:\Users\trent\OneDrive\Documents\EDGEIQ_PLATFORM\public\data\edgeiq_graphql_july_2002_results_v1.csv","1709806"
"C:\Users\trent\OneDrive\Documents\EDGEIQ_PLATFORM\public\data\edgeiq_graphql_july_2002_results_v1_audit.csv","4168"
"C:\Users\trent\OneDrive\Documents\EDGEIQ_PLATFORM\public\data\edgeiq_graphql_july_2002_results_v1_summary.csv","817"
"C:\Users\trent\OneDrive\Documents\EDGEIQ_PLATFORM\public\data\edgeiq_graphql_july_2003_results_v1.csv","1698262"
"C:\Users\trent\OneDrive\Documents\EDGEIQ_PLATFORM\public\data\edgeiq_graphql_july_2003_results_v1_audit.csv","5340"
"C:\Users\trent\OneDrive\Documents\EDGEIQ_PLATFORM\public\data\edgeiq_graphql_july_2003_results_v1_summary.csv","818"
"C:\Users\trent\OneDrive\Documents\EDGEIQ_PLATFORM\public\data\edgeiq_graphql_july_2004_results_v1.csv","1874890"
"C:\Users\trent\OneDrive\Documents\EDGEIQ_PLATFORM\public\data\edgeiq_graphql_july_2004_results_v1_audit.csv","4952"
"C:\Users\trent\OneDrive\Documents\EDGEIQ_PLATFORM\public\data\edgeiq_graphql_july_2004_results_v1_summary.csv","818"
"C:\Users\trent\OneDrive\Documents\EDGEIQ_PLATFORM\public\data\edgeiq_graphql_july_2005_results_v1.csv","2039221"
"C:\Users\trent\OneDrive\Documents\EDGEIQ_PLATFORM\public\data\edgeiq_graphql_july_2005_results_v1_audit.csv","4567"
"C:\Users\trent\OneDrive\Documents\EDGEIQ_PLATFORM\public\data\edgeiq_graphql_july_2005_results_v1_summary.csv","817"
"C:\Users\trent\OneDrive\Documents\EDGEIQ_PLATFORM\public\data\edgeiq_graphql_july_2006_results_v1.csv","1757877"
"C:\Users\trent\OneDrive\Documents\EDGEIQ_PLATFORM\public\data\edgeiq_graphql_july_2006_results_v1_audit.csv","4811"
"C:\Users\trent\OneDrive\Documents\EDGEIQ_PLATFORM\public\data\edgeiq_graphql_july_2006_results_v1_summary.csv","818"
"C:\Users\trent\OneDrive\Documents\EDGEIQ_PLATFORM\public\data\edgeiq_graphql_july_2007_results_v1.csv","1877095"
"C:\Users\trent\OneDrive\Documents\EDGEIQ_PLATFORM\public\data\edgeiq_graphql_july_2007_results_v1_audit.csv","4468"
"C:\Users\trent\OneDrive\Documents\EDGEIQ_PLATFORM\public\data\edgeiq_graphql_july_2007_results_v1_summary.csv","817"
"C:\Users\trent\OneDrive\Documents\EDGEIQ_PLATFORM\public\data\edgeiq_graphql_july_2008_results_v1.csv","2149564"
"C:\Users\trent\OneDrive\Documents\EDGEIQ_PLATFORM\public\data\edgeiq_graphql_july_2008_results_v1_audit.csv","4949"
"C:\Users\trent\OneDrive\Documents\EDGEIQ_PLATFORM\public\data\edgeiq_graphql_july_2008_results_v1_summary.csv","818"
"C:\Users\trent\OneDrive\Documents\EDGEIQ_PLATFORM\public\data\edgeiq_graphql_july_2009_results_v1.csv","1476377"
"C:\Users\trent\OneDrive\Documents\EDGEIQ_PLATFORM\public\data\edgeiq_graphql_july_2009_results_v1_audit.csv","5010"
"C:\Users\trent\OneDrive\Documents\EDGEIQ_PLATFORM\public\data\edgeiq_graphql_july_2009_results_v1_summary.csv","818"
"C:\Users\trent\OneDrive\Documents\EDGEIQ_PLATFORM\public\data\edgeiq_graphql_july_2010_results_v1.csv","2188185"
"C:\Users\trent\OneDrive\Documents\EDGEIQ_PLATFORM\public\data\edgeiq_graphql_july_2010_results_v1_audit.csv","4986"
"C:\Users\trent\OneDrive\Documents\EDGEIQ_PLATFORM\public\data\edgeiq_graphql_july_2010_results_v1_summary.csv","818"
"C:\Users\trent\OneDrive\Documents\EDGEIQ_PLATFORM\public\data\edgeiq_graphql_july_2011_results_v1.csv","27"
"C:\Users\trent\OneDrive\Documents\EDGEIQ_PLATFORM\public\data\edgeiq_graphql_july_2011_results_v1_audit.csv","12434"
"C:\Users\trent\OneDrive\Documents\EDGEIQ_PLATFORM\public\data\edgeiq_graphql_july_2011_results_v1_summary.csv","796"
"C:\Users\trent\OneDrive\Documents\EDGEIQ_PLATFORM\public\data\edgeiq_graphql_july_2012_results_v1.csv","2094506"
"C:\Users\trent\OneDrive\Documents\EDGEIQ_PLATFORM\public\data\edgeiq_graphql_july_2012_results_v1_audit.csv","4904"
"C:\Users\trent\OneDrive\Documents\EDGEIQ_PLATFORM\public\data\edgeiq_graphql_july_2012_results_v1_summary.csv","818"
"C:\Users\trent\OneDrive\Documents\EDGEIQ_PLATFORM\public\data\edgeiq_graphql_july_2013_results_v1.csv","2179994"
"C:\Users\trent\OneDrive\Documents\EDGEIQ_PLATFORM\public\data\edgeiq_graphql_july_2013_results_v1_audit.csv","4742"
"C:\Users\trent\OneDrive\Documents\EDGEIQ_PLATFORM\public\data\edgeiq_graphql_july_2013_results_v1_summary.csv","818"
"C:\Users\trent\OneDrive\Documents\EDGEIQ_PLATFORM\public\data\edgeiq_graphql_july_2014_results_v1.csv","1828917"
"C:\Users\trent\OneDrive\Documents\EDGEIQ_PLATFORM\public\data\edgeiq_graphql_july_2014_results_v1_audit.csv","4489"
"C:\Users\trent\OneDrive\Documents\EDGEIQ_PLATFORM\public\data\edgeiq_graphql_july_2014_results_v1_summary.csv","818"
"C:\Users\trent\OneDrive\Documents\EDGEIQ_PLATFORM\public\data\edgeiq_graphql_july_2015_results_v1.csv","1311197"
"C:\Users\trent\OneDrive\Documents\EDGEIQ_PLATFORM\public\data\edgeiq_graphql_july_2015_results_v1_audit.csv","4450"
"C:\Users\trent\OneDrive\Documents\EDGEIQ_PLATFORM\public\data\edgeiq_graphql_july_2015_results_v1_summary.csv","818"
"C:\Users\trent\OneDrive\Documents\EDGEIQ_PLATFORM\public\data\edgeiq_graphql_july_2016_results_v1.csv","27"
"C:\Users\trent\OneDrive\Documents\EDGEIQ_PLATFORM\public\data\edgeiq_graphql_july_2016_results_v1_audit.csv","7988"
"C:\Users\trent\OneDrive\Documents\EDGEIQ_PLATFORM\public\data\edgeiq_graphql_july_2016_results_v1_summary.csv","796"
"C:\Users\trent\OneDrive\Documents\EDGEIQ_PLATFORM\public\data\edgeiq_graphql_july_2017_results_v1.csv","27"
"C:\Users\trent\OneDrive\Documents\EDGEIQ_PLATFORM\public\data\edgeiq_graphql_july_2017_results_v1_audit.csv","9503"
"C:\Users\trent\OneDrive\Documents\EDGEIQ_PLATFORM\public\data\edgeiq_graphql_july_2017_results_v1_summary.csv","796"
"C:\Users\trent\OneDrive\Documents\EDGEIQ_PLATFORM\public\data\edgeiq_graphql_july_2018_results_v1.csv","1831655"
"C:\Users\trent\OneDrive\Documents\EDGEIQ_PLATFORM\public\data\edgeiq_graphql_july_2018_results_v1_audit.csv","3392"
"C:\Users\trent\OneDrive\Documents\EDGEIQ_PLATFORM\public\data\edgeiq_graphql_july_2018_results_v1_summary.csv","817"
"C:\Users\trent\OneDrive\Documents\EDGEIQ_PLATFORM\public\data\edgeiq_graphql_july_2019_results_v1.csv","1735728"
"C:\Users\trent\OneDrive\Documents\EDGEIQ_PLATFORM\public\data\edgeiq_graphql_july_2019_results_v1_audit.csv","3643"
"C:\Users\trent\OneDrive\Documents\EDGEIQ_PLATFORM\public\data\edgeiq_graphql_july_2019_results_v1_summary.csv","817"
"C:\Users\trent\OneDrive\Documents\EDGEIQ_PLATFORM\public\data\edgeiq_graphql_july_2020_results_v1.csv","1705130"
"C:\Users\trent\OneDrive\Documents\EDGEIQ_PLATFORM\public\data\edgeiq_graphql_july_2020_results_v1_audit.csv","3004"
"C:\Users\trent\OneDrive\Documents\EDGEIQ_PLATFORM\public\data\edgeiq_graphql_july_2020_results_v1_summary.csv","817"
"C:\Users\trent\OneDrive\Documents\EDGEIQ_PLATFORM\public\data\edgeiq_graphql_july_2021_results_v1.csv","1772500"
"C:\Users\trent\OneDrive\Documents\EDGEIQ_PLATFORM\public\data\edgeiq_graphql_july_2021_results_v1_audit.csv","6327"
"C:\Users\trent\OneDrive\Documents\EDGEIQ_PLATFORM\public\data\edgeiq_graphql_july_2021_results_v1_summary.csv","818"
"C:\Users\trent\OneDrive\Documents\EDGEIQ_PLATFORM\public\data\edgeiq_graphql_july_2022_results_v1.csv","27"
"C:\Users\trent\OneDrive\Documents\EDGEIQ_PLATFORM\public\data\edgeiq_graphql_july_2022_results_v1_audit.csv","16248"
"C:\Users\trent\OneDrive\Documents\EDGEIQ_PLATFORM\public\data\edgeiq_graphql_july_2022_results_v1_summary.csv","796"
"C:\Users\trent\OneDrive\Documents\EDGEIQ_PLATFORM\public\data\edgeiq_graphql_july_2023_results_v1.csv","2786820"
"C:\Users\trent\OneDrive\Documents\EDGEIQ_PLATFORM\public\data\edgeiq_graphql_july_2023_results_v1_audit.csv","4475"
"C:\Users\trent\OneDrive\Documents\EDGEIQ_PLATFORM\public\data\edgeiq_graphql_july_2023_results_v1_summary.csv","817"
"C:\Users\trent\OneDrive\Documents\EDGEIQ_PLATFORM\public\data\edgeiq_graphql_july_2024_results_v1.csv","2906289"
"C:\Users\trent\OneDrive\Documents\EDGEIQ_PLATFORM\public\data\edgeiq_graphql_july_2024_results_v1_audit.csv","4666"
"C:\Users\trent\OneDrive\Documents\EDGEIQ_PLATFORM\public\data\edgeiq_graphql_july_2024_results_v1_summary.csv","817"
"C:\Users\trent\OneDrive\Documents\EDGEIQ_PLATFORM\public\data\edgeiq_graphql_july_2025_results_v1.csv","2910987"
"C:\Users\trent\OneDrive\Documents\EDGEIQ_PLATFORM\public\data\edgeiq_graphql_july_2025_results_v1_audit.csv","4916"
"C:\Users\trent\OneDrive\Documents\EDGEIQ_PLATFORM\public\data\edgeiq_graphql_july_2025_results_v1_summary.csv","817"
"C:\Users\trent\OneDrive\Documents\EDGEIQ_PLATFORM\public\data\edgeiq_graphql_june_2000_results_v1_summary.csv","288"
"C:\Users\trent\OneDrive\Documents\EDGEIQ_PLATFORM\public\data\edgeiq_graphql_june_2001_results_v1.csv","1750038"
"C:\Users\trent\OneDrive\Documents\EDGEIQ_PLATFORM\public\data\edgeiq_graphql_june_2001_results_v1_audit.csv","4109"
"C:\Users\trent\OneDrive\Documents\EDGEIQ_PLATFORM\public\data\edgeiq_graphql_june_2001_results_v1_summary.csv","817"
"C:\Users\trent\OneDrive\Documents\EDGEIQ_PLATFORM\public\data\edgeiq_graphql_june_2002_results_v1.csv","1784186"
"C:\Users\trent\OneDrive\Documents\EDGEIQ_PLATFORM\public\data\edgeiq_graphql_june_2002_results_v1_audit.csv","4085"
"C:\Users\trent\OneDrive\Documents\EDGEIQ_PLATFORM\public\data\edgeiq_graphql_june_2002_results_v1_summary.csv","817"
"C:\Users\trent\OneDrive\Documents\EDGEIQ_PLATFORM\public\data\edgeiq_graphql_june_2003_results_v1.csv","1772647"
"C:\Users\trent\OneDrive\Documents\EDGEIQ_PLATFORM\public\data\edgeiq_graphql_june_2003_results_v1_audit.csv","5042"
"C:\Users\trent\OneDrive\Documents\EDGEIQ_PLATFORM\public\data\edgeiq_graphql_june_2003_results_v1_summary.csv","818"
"C:\Users\trent\OneDrive\Documents\EDGEIQ_PLATFORM\public\data\edgeiq_graphql_june_2004_results_v1.csv","1504885"
"C:\Users\trent\OneDrive\Documents\EDGEIQ_PLATFORM\public\data\edgeiq_graphql_june_2004_results_v1_audit.csv","6659"
"C:\Users\trent\OneDrive\Documents\EDGEIQ_PLATFORM\public\data\edgeiq_graphql_june_2004_results_v1_summary.csv","818"
"C:\Users\trent\OneDrive\Documents\EDGEIQ_PLATFORM\public\data\edgeiq_graphql_june_2005_results_v1.csv","2036888"
"C:\Users\trent\OneDrive\Documents\EDGEIQ_PLATFORM\public\data\edgeiq_graphql_june_2005_results_v1_audit.csv","4254"
"C:\Users\trent\OneDrive\Documents\EDGEIQ_PLATFORM\public\data\edgeiq_graphql_june_2005_results_v1_summary.csv","817"
"C:\Users\trent\OneDrive\Documents\EDGEIQ_PLATFORM\public\data\edgeiq_graphql_june_2006_results_v1.csv","2037080"
"C:\Users\trent\OneDrive\Documents\EDGEIQ_PLATFORM\public\data\edgeiq_graphql_june_2006_results_v1_audit.csv","4395"
"C:\Users\trent\OneDrive\Documents\EDGEIQ_PLATFORM\public\data\edgeiq_graphql_june_2006_results_v1_summary.csv","817"
"C:\Users\trent\OneDrive\Documents\EDGEIQ_PLATFORM\public\data\edgeiq_graphql_june_2007_results_v1.csv","2280701"
"C:\Users\trent\OneDrive\Documents\EDGEIQ_PLATFORM\public\data\edgeiq_graphql_june_2007_results_v1_audit.csv","4948"
"C:\Users\trent\OneDrive\Documents\EDGEIQ_PLATFORM\public\data\edgeiq_graphql_june_2007_results_v1_summary.csv","818"
"C:\Users\trent\OneDrive\Documents\EDGEIQ_PLATFORM\public\data\edgeiq_graphql_june_2008_results_v1.csv","2445471"
"C:\Users\trent\OneDrive\Documents\EDGEIQ_PLATFORM\public\data\edgeiq_graphql_june_2008_results_v1_audit.csv","5016"
"C:\Users\trent\OneDrive\Documents\EDGEIQ_PLATFORM\public\data\edgeiq_graphql_june_2008_results_v1_summary.csv","817"
"C:\Users\trent\OneDrive\Documents\EDGEIQ_PLATFORM\public\data\edgeiq_graphql_june_2009_results_v1.csv","792732"
"C:\Users\trent\OneDrive\Documents\EDGEIQ_PLATFORM\public\data\edgeiq_graphql_june_2009_results_v1_audit.csv","7220"
"C:\Users\trent\OneDrive\Documents\EDGEIQ_PLATFORM\public\data\edgeiq_graphql_june_2009_results_v1_summary.csv","818"
"C:\Users\trent\OneDrive\Documents\EDGEIQ_PLATFORM\public\data\edgeiq_graphql_june_2010_results_v1.csv","2156425"
"C:\Users\trent\OneDrive\Documents\EDGEIQ_PLATFORM\public\data\edgeiq_graphql_june_2010_results_v1_audit.csv","4357"
"C:\Users\trent\OneDrive\Documents\EDGEIQ_PLATFORM\public\data\edgeiq_graphql_june_2010_results_v1_summary.csv","817"
"C:\Users\trent\OneDrive\Documents\EDGEIQ_PLATFORM\public\data\edgeiq_graphql_june_2011_results_v1.csv","27"
"C:\Users\trent\OneDrive\Documents\EDGEIQ_PLATFORM\public\data\edgeiq_graphql_june_2011_results_v1_audit.csv","13020"
"C:\Users\trent\OneDrive\Documents\EDGEIQ_PLATFORM\public\data\edgeiq_graphql_june_2011_results_v1_summary.csv","796"
"C:\Users\trent\OneDrive\Documents\EDGEIQ_PLATFORM\public\data\edgeiq_graphql_june_2012_results_v1.csv","2095402"
"C:\Users\trent\OneDrive\Documents\EDGEIQ_PLATFORM\public\data\edgeiq_graphql_june_2012_results_v1_audit.csv","4702"
"C:\Users\trent\OneDrive\Documents\EDGEIQ_PLATFORM\public\data\edgeiq_graphql_june_2012_results_v1_summary.csv","818"
"C:\Users\trent\OneDrive\Documents\EDGEIQ_PLATFORM\public\data\edgeiq_graphql_june_2013_results_v1.csv","2219706"
"C:\Users\trent\OneDrive\Documents\EDGEIQ_PLATFORM\public\data\edgeiq_graphql_june_2013_results_v1_audit.csv","5507"
"C:\Users\trent\OneDrive\Documents\EDGEIQ_PLATFORM\public\data\edgeiq_graphql_june_2013_results_v1_summary.csv","818"
"C:\Users\trent\OneDrive\Documents\EDGEIQ_PLATFORM\public\data\edgeiq_graphql_june_2014_results_v1.csv","1864398"
"C:\Users\trent\OneDrive\Documents\EDGEIQ_PLATFORM\public\data\edgeiq_graphql_june_2014_results_v1_audit.csv","5017"
"C:\Users\trent\OneDrive\Documents\EDGEIQ_PLATFORM\public\data\edgeiq_graphql_june_2014_results_v1_summary.csv","818"
"C:\Users\trent\OneDrive\Documents\EDGEIQ_PLATFORM\public\data\edgeiq_graphql_june_2015_results_v1.csv","1432621"
"C:\Users\trent\OneDrive\Documents\EDGEIQ_PLATFORM\public\data\edgeiq_graphql_june_2015_results_v1_audit.csv","4661"
"C:\Users\trent\OneDrive\Documents\EDGEIQ_PLATFORM\public\data\edgeiq_graphql_june_2015_results_v1_summary.csv","818"
"C:\Users\trent\OneDrive\Documents\EDGEIQ_PLATFORM\public\data\edgeiq_graphql_june_2016_results_v1.csv","27"
"C:\Users\trent\OneDrive\Documents\EDGEIQ_PLATFORM\public\data\edgeiq_graphql_june_2016_results_v1_audit.csv","8358"
"C:\Users\trent\OneDrive\Documents\EDGEIQ_PLATFORM\public\data\edgeiq_graphql_june_2016_results_v1_summary.csv","796"
"C:\Users\trent\OneDrive\Documents\EDGEIQ_PLATFORM\public\data\edgeiq_graphql_june_2017_results_v1.csv","27"
"C:\Users\trent\OneDrive\Documents\EDGEIQ_PLATFORM\public\data\edgeiq_graphql_june_2017_results_v1_audit.csv","9240"
"C:\Users\trent\OneDrive\Documents\EDGEIQ_PLATFORM\public\data\edgeiq_graphql_june_2017_results_v1_summary.csv","796"
"C:\Users\trent\OneDrive\Documents\EDGEIQ_PLATFORM\public\data\edgeiq_graphql_june_2018_results_v1.csv","2076901"
"C:\Users\trent\OneDrive\Documents\EDGEIQ_PLATFORM\public\data\edgeiq_graphql_june_2018_results_v1_audit.csv","3603"
"C:\Users\trent\OneDrive\Documents\EDGEIQ_PLATFORM\public\data\edgeiq_graphql_june_2018_results_v1_summary.csv","817"
"C:\Users\trent\OneDrive\Documents\EDGEIQ_PLATFORM\public\data\edgeiq_graphql_june_2019_results_v1.csv","2038222"
"C:\Users\trent\OneDrive\Documents\EDGEIQ_PLATFORM\public\data\edgeiq_graphql_june_2019_results_v1_audit.csv","3564"
"C:\Users\trent\OneDrive\Documents\EDGEIQ_PLATFORM\public\data\edgeiq_graphql_june_2019_results_v1_summary.csv","817"
"C:\Users\trent\OneDrive\Documents\EDGEIQ_PLATFORM\public\data\edgeiq_graphql_june_2020_results_v1.csv","1950291"
"C:\Users\trent\OneDrive\Documents\EDGEIQ_PLATFORM\public\data\edgeiq_graphql_june_2020_results_v1_audit.csv","2924"
"C:\Users\trent\OneDrive\Documents\EDGEIQ_PLATFORM\public\data\edgeiq_graphql_june_2020_results_v1_summary.csv","817"
"C:\Users\trent\OneDrive\Documents\EDGEIQ_PLATFORM\public\data\edgeiq_graphql_june_2021_results_v1.csv","2214856"
"C:\Users\trent\OneDrive\Documents\EDGEIQ_PLATFORM\public\data\edgeiq_graphql_june_2021_results_v1_audit.csv","6642"
"C:\Users\trent\OneDrive\Documents\EDGEIQ_PLATFORM\public\data\edgeiq_graphql_june_2021_results_v1_summary.csv","818"
"C:\Users\trent\OneDrive\Documents\EDGEIQ_PLATFORM\public\data\edgeiq_graphql_june_2022_results_v1.csv","27"
"C:\Users\trent\OneDrive\Documents\EDGEIQ_PLATFORM\public\data\edgeiq_graphql_june_2022_results_v1_audit.csv","17682"
"C:\Users\trent\OneDrive\Documents\EDGEIQ_PLATFORM\public\data\edgeiq_graphql_june_2022_results_v1_summary.csv","796"
"C:\Users\trent\OneDrive\Documents\EDGEIQ_PLATFORM\public\data\edgeiq_graphql_june_2023_results_v1.csv","2679460"
"C:\Users\trent\OneDrive\Documents\EDGEIQ_PLATFORM\public\data\edgeiq_graphql_june_2023_results_v1_audit.csv","4175"
"C:\Users\trent\OneDrive\Documents\EDGEIQ_PLATFORM\public\data\edgeiq_graphql_june_2023_results_v1_summary.csv","817"
"C:\Users\trent\OneDrive\Documents\EDGEIQ_PLATFORM\public\data\edgeiq_graphql_june_2024_results_v1.csv","3109532"
"C:\Users\trent\OneDrive\Documents\EDGEIQ_PLATFORM\public\data\edgeiq_graphql_june_2024_results_v1_audit.csv","5075"
"C:\Users\trent\OneDrive\Documents\EDGEIQ_PLATFORM\public\data\edgeiq_graphql_june_2024_results_v1_summary.csv","817"
"C:\Users\trent\OneDrive\Documents\EDGEIQ_PLATFORM\public\data\edgeiq_graphql_june_2025_results_v1.csv","3095063"
"C:\Users\trent\OneDrive\Documents\EDGEIQ_PLATFORM\public\data\edgeiq_graphql_june_2025_results_v1_audit.csv","4819"
"C:\Users\trent\OneDrive\Documents\EDGEIQ_PLATFORM\public\data\edgeiq_graphql_june_2025_results_v1_summary.csv","817"
"C:\Users\trent\OneDrive\Documents\EDGEIQ_PLATFORM\public\data\edgeiq_graphql_june_2026_results_v1.csv","2471637"
"C:\Users\trent\OneDrive\Documents\EDGEIQ_PLATFORM\public\data\edgeiq_graphql_june_2026_results_v1_audit.csv","4648"
"C:\Users\trent\OneDrive\Documents\EDGEIQ_PLATFORM\public\data\edgeiq_graphql_june_2026_results_v1_summary.csv","817"
"C:\Users\trent\OneDrive\Documents\EDGEIQ_PLATFORM\public\data\edgeiq_graphql_manifest_factory_2025_may_dec_v1_summary.csv","2605"
"C:\Users\trent\OneDrive\Documents\EDGEIQ_PLATFORM\public\data\edgeiq_graphql_march_2000_results_v1_summary.csv","289"
"C:\Users\trent\OneDrive\Documents\EDGEIQ_PLATFORM\public\data\edgeiq_graphql_march_2001_results_v1.csv","1530937"
"C:\Users\trent\OneDrive\Documents\EDGEIQ_PLATFORM\public\data\edgeiq_graphql_march_2001_results_v1_audit.csv","4269"
"C:\Users\trent\OneDrive\Documents\EDGEIQ_PLATFORM\public\data\edgeiq_graphql_march_2001_results_v1_summary.csv","820"
"C:\Users\trent\OneDrive\Documents\EDGEIQ_PLATFORM\public\data\edgeiq_graphql_march_2002_results_v1.csv","1622045"
"C:\Users\trent\OneDrive\Documents\EDGEIQ_PLATFORM\public\data\edgeiq_graphql_march_2002_results_v1_audit.csv","4340"
"C:\Users\trent\OneDrive\Documents\EDGEIQ_PLATFORM\public\data\edgeiq_graphql_march_2002_results_v1_summary.csv","820"
"C:\Users\trent\OneDrive\Documents\EDGEIQ_PLATFORM\public\data\edgeiq_graphql_march_2003_results_v1.csv","1651540"
"C:\Users\trent\OneDrive\Documents\EDGEIQ_PLATFORM\public\data\edgeiq_graphql_march_2003_results_v1_audit.csv","4601"
"C:\Users\trent\OneDrive\Documents\EDGEIQ_PLATFORM\public\data\edgeiq_graphql_march_2003_results_v1_summary.csv","821"
"C:\Users\trent\OneDrive\Documents\EDGEIQ_PLATFORM\public\data\edgeiq_graphql_march_2004_results_v1.csv","1188898"
"C:\Users\trent\OneDrive\Documents\EDGEIQ_PLATFORM\public\data\edgeiq_graphql_march_2004_results_v1_audit.csv","4432"
"C:\Users\trent\OneDrive\Documents\EDGEIQ_PLATFORM\public\data\edgeiq_graphql_march_2004_results_v1_summary.csv","821"
"C:\Users\trent\OneDrive\Documents\EDGEIQ_PLATFORM\public\data\edgeiq_graphql_march_2005_results_v1.csv","1845363"
"C:\Users\trent\OneDrive\Documents\EDGEIQ_PLATFORM\public\data\edgeiq_graphql_march_2005_results_v1_audit.csv","4363"
"C:\Users\trent\OneDrive\Documents\EDGEIQ_PLATFORM\public\data\edgeiq_graphql_march_2005_results_v1_summary.csv","820"
"C:\Users\trent\OneDrive\Documents\EDGEIQ_PLATFORM\public\data\edgeiq_graphql_march_2006_results_v1.csv","1746501"
"C:\Users\trent\OneDrive\Documents\EDGEIQ_PLATFORM\public\data\edgeiq_graphql_march_2006_results_v1_audit.csv","4272"
"C:\Users\trent\OneDrive\Documents\EDGEIQ_PLATFORM\public\data\edgeiq_graphql_march_2006_results_v1_summary.csv","820"
"C:\Users\trent\OneDrive\Documents\EDGEIQ_PLATFORM\public\data\edgeiq_graphql_march_2007_results_v1.csv","1906311"
"C:\Users\trent\OneDrive\Documents\EDGEIQ_PLATFORM\public\data\edgeiq_graphql_march_2007_results_v1_audit.csv","4595"
"C:\Users\trent\OneDrive\Documents\EDGEIQ_PLATFORM\public\data\edgeiq_graphql_march_2007_results_v1_summary.csv","820"
"C:\Users\trent\OneDrive\Documents\EDGEIQ_PLATFORM\public\data\edgeiq_graphql_march_2008_results_v1.csv","2098436"
"C:\Users\trent\OneDrive\Documents\EDGEIQ_PLATFORM\public\data\edgeiq_graphql_march_2008_results_v1_audit.csv","5357"
"C:\Users\trent\OneDrive\Documents\EDGEIQ_PLATFORM\public\data\edgeiq_graphql_march_2008_results_v1_summary.csv","820"
"C:\Users\trent\OneDrive\Documents\EDGEIQ_PLATFORM\public\data\edgeiq_graphql_march_2009_results_v1.csv","1626567"
"C:\Users\trent\OneDrive\Documents\EDGEIQ_PLATFORM\public\data\edgeiq_graphql_march_2009_results_v1_audit.csv","6214"
"C:\Users\trent\OneDrive\Documents\EDGEIQ_PLATFORM\public\data\edgeiq_graphql_march_2009_results_v1_summary.csv","821"
"C:\Users\trent\OneDrive\Documents\EDGEIQ_PLATFORM\public\data\edgeiq_graphql_march_2010_results_v1.csv","1660391"
"C:\Users\trent\OneDrive\Documents\EDGEIQ_PLATFORM\public\data\edgeiq_graphql_march_2010_results_v1_audit.csv","5226"
"C:\Users\trent\OneDrive\Documents\EDGEIQ_PLATFORM\public\data\edgeiq_graphql_march_2010_results_v1_summary.csv","821"
"C:\Users\trent\OneDrive\Documents\EDGEIQ_PLATFORM\public\data\edgeiq_graphql_march_2011_results_v1.csv","27"
"C:\Users\trent\OneDrive\Documents\EDGEIQ_PLATFORM\public\data\edgeiq_graphql_march_2011_results_v1_audit.csv","14080"
"C:\Users\trent\OneDrive\Documents\EDGEIQ_PLATFORM\public\data\edgeiq_graphql_march_2011_results_v1_summary.csv","799"
"C:\Users\trent\OneDrive\Documents\EDGEIQ_PLATFORM\public\data\edgeiq_graphql_march_2012_results_v1.csv","1976670"
"C:\Users\trent\OneDrive\Documents\EDGEIQ_PLATFORM\public\data\edgeiq_graphql_march_2012_results_v1_audit.csv","5377"
"C:\Users\trent\OneDrive\Documents\EDGEIQ_PLATFORM\public\data\edgeiq_graphql_march_2012_results_v1_summary.csv","821"
"C:\Users\trent\OneDrive\Documents\EDGEIQ_PLATFORM\public\data\edgeiq_graphql_march_2013_results_v1.csv","1896510"
"C:\Users\trent\OneDrive\Documents\EDGEIQ_PLATFORM\public\data\edgeiq_graphql_march_2013_results_v1_audit.csv","5878"
"C:\Users\trent\OneDrive\Documents\EDGEIQ_PLATFORM\public\data\edgeiq_graphql_march_2013_results_v1_summary.csv","821"
"C:\Users\trent\OneDrive\Documents\EDGEIQ_PLATFORM\public\data\edgeiq_graphql_march_2014_results_v1.csv","1571869"
"C:\Users\trent\OneDrive\Documents\EDGEIQ_PLATFORM\public\data\edgeiq_graphql_march_2014_results_v1_audit.csv","4766"
"C:\Users\trent\OneDrive\Documents\EDGEIQ_PLATFORM\public\data\edgeiq_graphql_march_2014_results_v1_summary.csv","821"
"C:\Users\trent\OneDrive\Documents\EDGEIQ_PLATFORM\public\data\edgeiq_graphql_march_2015_results_v1.csv","525169"
"C:\Users\trent\OneDrive\Documents\EDGEIQ_PLATFORM\public\data\edgeiq_graphql_march_2015_results_v1_audit.csv","5587"
"C:\Users\trent\OneDrive\Documents\EDGEIQ_PLATFORM\public\data\edgeiq_graphql_march_2015_results_v1_summary.csv","813"
"C:\Users\trent\OneDrive\Documents\EDGEIQ_PLATFORM\public\data\edgeiq_graphql_march_2016_results_v1.csv","27"
"C:\Users\trent\OneDrive\Documents\EDGEIQ_PLATFORM\public\data\edgeiq_graphql_march_2016_results_v1_audit.csv","9974"
"C:\Users\trent\OneDrive\Documents\EDGEIQ_PLATFORM\public\data\edgeiq_graphql_march_2016_results_v1_summary.csv","799"
"C:\Users\trent\OneDrive\Documents\EDGEIQ_PLATFORM\public\data\edgeiq_graphql_march_2017_results_v1.csv","27"
"C:\Users\trent\OneDrive\Documents\EDGEIQ_PLATFORM\public\data\edgeiq_graphql_march_2017_results_v1_audit.csv","11226"
"C:\Users\trent\OneDrive\Documents\EDGEIQ_PLATFORM\public\data\edgeiq_graphql_march_2017_results_v1_summary.csv","799"
"C:\Users\trent\OneDrive\Documents\EDGEIQ_PLATFORM\public\data\edgeiq_graphql_march_2018_results_v1.csv","1571206"
"C:\Users\trent\OneDrive\Documents\EDGEIQ_PLATFORM\public\data\edgeiq_graphql_march_2018_results_v1_audit.csv","3854"
"C:\Users\trent\OneDrive\Documents\EDGEIQ_PLATFORM\public\data\edgeiq_graphql_march_2018_results_v1_summary.csv","820"
"C:\Users\trent\OneDrive\Documents\EDGEIQ_PLATFORM\public\data\edgeiq_graphql_march_2019_results_v1.csv","1573952"
"C:\Users\trent\OneDrive\Documents\EDGEIQ_PLATFORM\public\data\edgeiq_graphql_march_2019_results_v1_audit.csv","3914"
"C:\Users\trent\OneDrive\Documents\EDGEIQ_PLATFORM\public\data\edgeiq_graphql_march_2019_results_v1_summary.csv","820"
"C:\Users\trent\OneDrive\Documents\EDGEIQ_PLATFORM\public\data\edgeiq_graphql_march_2020_results_v1.csv","1743342"
"C:\Users\trent\OneDrive\Documents\EDGEIQ_PLATFORM\public\data\edgeiq_graphql_march_2020_results_v1_audit.csv","3686"
"C:\Users\trent\OneDrive\Documents\EDGEIQ_PLATFORM\public\data\edgeiq_graphql_march_2020_results_v1_summary.csv","820"
"C:\Users\trent\OneDrive\Documents\EDGEIQ_PLATFORM\public\data\edgeiq_graphql_march_2021_results_v1.csv","1456089"
"C:\Users\trent\OneDrive\Documents\EDGEIQ_PLATFORM\public\data\edgeiq_graphql_march_2021_results_v1_audit.csv","3363"
"C:\Users\trent\OneDrive\Documents\EDGEIQ_PLATFORM\public\data\edgeiq_graphql_march_2021_results_v1_summary.csv","820"
"C:\Users\trent\OneDrive\Documents\EDGEIQ_PLATFORM\public\data\edgeiq_graphql_march_2022_results_v1.csv","493079"
"C:\Users\trent\OneDrive\Documents\EDGEIQ_PLATFORM\public\data\edgeiq_graphql_march_2022_results_v1_audit.csv","10017"
"C:\Users\trent\OneDrive\Documents\EDGEIQ_PLATFORM\public\data\edgeiq_graphql_march_2022_results_v1_summary.csv","812"
"C:\Users\trent\OneDrive\Documents\EDGEIQ_PLATFORM\public\data\edgeiq_graphql_march_2023_results_v1.csv","2730834"
"C:\Users\trent\OneDrive\Documents\EDGEIQ_PLATFORM\public\data\edgeiq_graphql_march_2023_results_v1_audit.csv","5471"
"C:\Users\trent\OneDrive\Documents\EDGEIQ_PLATFORM\public\data\edgeiq_graphql_march_2023_results_v1_summary.csv","820"
"C:\Users\trent\OneDrive\Documents\EDGEIQ_PLATFORM\public\data\edgeiq_graphql_march_2024_results_v1.csv","2667559"
"C:\Users\trent\OneDrive\Documents\EDGEIQ_PLATFORM\public\data\edgeiq_graphql_march_2024_results_v1_audit.csv","5419"
"C:\Users\trent\OneDrive\Documents\EDGEIQ_PLATFORM\public\data\edgeiq_graphql_march_2024_results_v1_summary.csv","820"
"C:\Users\trent\OneDrive\Documents\EDGEIQ_PLATFORM\public\data\edgeiq_graphql_march_2025_results_v1.csv","1995163"
"C:\Users\trent\OneDrive\Documents\EDGEIQ_PLATFORM\public\data\edgeiq_graphql_march_2025_results_v1_summary.csv","473"
"C:\Users\trent\OneDrive\Documents\EDGEIQ_PLATFORM\public\data\edgeiq_graphql_march_2026_results_v1.csv","2773588"
"C:\Users\trent\OneDrive\Documents\EDGEIQ_PLATFORM\public\data\edgeiq_graphql_march_2026_results_v1_audit.csv","5623"
"C:\Users\trent\OneDrive\Documents\EDGEIQ_PLATFORM\public\data\edgeiq_graphql_march_2026_results_v1_summary.csv","820"
"C:\Users\trent\OneDrive\Documents\EDGEIQ_PLATFORM\public\data\edgeiq_graphql_master_v2.csv","129354967"
"C:\Users\trent\OneDrive\Documents\EDGEIQ_PLATFORM\public\data\edgeiq_graphql_master_v2_summary.csv","385"
"C:\Users\trent\OneDrive\Documents\EDGEIQ_PLATFORM\public\data\edgeiq_graphql_may_2000_results_v1_summary.csv","287"
"C:\Users\trent\OneDrive\Documents\EDGEIQ_PLATFORM\public\data\edgeiq_graphql_may_2001_results_v1.csv","1800742"
"C:\Users\trent\OneDrive\Documents\EDGEIQ_PLATFORM\public\data\edgeiq_graphql_may_2001_results_v1_audit.csv","3704"
"C:\Users\trent\OneDrive\Documents\EDGEIQ_PLATFORM\public\data\edgeiq_graphql_may_2001_results_v1_summary.csv","814"
"C:\Users\trent\OneDrive\Documents\EDGEIQ_PLATFORM\public\data\edgeiq_graphql_may_2002_results_v1.csv","1717327"
"C:\Users\trent\OneDrive\Documents\EDGEIQ_PLATFORM\public\data\edgeiq_graphql_may_2002_results_v1_audit.csv","4488"
"C:\Users\trent\OneDrive\Documents\EDGEIQ_PLATFORM\public\data\edgeiq_graphql_may_2002_results_v1_summary.csv","814"
"C:\Users\trent\OneDrive\Documents\EDGEIQ_PLATFORM\public\data\edgeiq_graphql_may_2003_results_v1.csv","2245122"
"C:\Users\trent\OneDrive\Documents\EDGEIQ_PLATFORM\public\data\edgeiq_graphql_may_2003_results_v1_audit.csv","5333"
"C:\Users\trent\OneDrive\Documents\EDGEIQ_PLATFORM\public\data\edgeiq_graphql_may_2003_results_v1_summary.csv","815"
"C:\Users\trent\OneDrive\Documents\EDGEIQ_PLATFORM\public\data\edgeiq_graphql_may_2004_results_v1.csv","1144561"
"C:\Users\trent\OneDrive\Documents\EDGEIQ_PLATFORM\public\data\edgeiq_graphql_may_2004_results_v1_audit.csv","6976"
"C:\Users\trent\OneDrive\Documents\EDGEIQ_PLATFORM\public\data\edgeiq_graphql_may_2004_results_v1_summary.csv","815"
"C:\Users\trent\OneDrive\Documents\EDGEIQ_PLATFORM\public\data\edgeiq_graphql_may_2005_results_v1.csv","2108681"
"C:\Users\trent\OneDrive\Documents\EDGEIQ_PLATFORM\public\data\edgeiq_graphql_may_2005_results_v1_audit.csv","4426"
"C:\Users\trent\OneDrive\Documents\EDGEIQ_PLATFORM\public\data\edgeiq_graphql_may_2005_results_v1_summary.csv","814"
"C:\Users\trent\OneDrive\Documents\EDGEIQ_PLATFORM\public\data\edgeiq_graphql_may_2006_results_v1.csv","2119657"
"C:\Users\trent\OneDrive\Documents\EDGEIQ_PLATFORM\public\data\edgeiq_graphql_may_2006_results_v1_audit.csv","4619"
"C:\Users\trent\OneDrive\Documents\EDGEIQ_PLATFORM\public\data\edgeiq_graphql_may_2006_results_v1_summary.csv","814"
"C:\Users\trent\OneDrive\Documents\EDGEIQ_PLATFORM\public\data\edgeiq_graphql_may_2007_results_v1.csv","2385575"
"C:\Users\trent\OneDrive\Documents\EDGEIQ_PLATFORM\public\data\edgeiq_graphql_may_2007_results_v1_audit.csv","5156"
"C:\Users\trent\OneDrive\Documents\EDGEIQ_PLATFORM\public\data\edgeiq_graphql_may_2007_results_v1_summary.csv","815"
"C:\Users\trent\OneDrive\Documents\EDGEIQ_PLATFORM\public\data\edgeiq_graphql_may_2008_results_v1.csv","2372779"
"C:\Users\trent\OneDrive\Documents\EDGEIQ_PLATFORM\public\data\edgeiq_graphql_may_2008_results_v1_audit.csv","5013"
"C:\Users\trent\OneDrive\Documents\EDGEIQ_PLATFORM\public\data\edgeiq_graphql_may_2008_results_v1_summary.csv","815"
"C:\Users\trent\OneDrive\Documents\EDGEIQ_PLATFORM\public\data\edgeiq_graphql_may_2009_results_v1.csv","1779014"
"C:\Users\trent\OneDrive\Documents\EDGEIQ_PLATFORM\public\data\edgeiq_graphql_may_2009_results_v1_audit.csv","5575"
"C:\Users\trent\OneDrive\Documents\EDGEIQ_PLATFORM\public\data\edgeiq_graphql_may_2009_results_v1_summary.csv","815"
"C:\Users\trent\OneDrive\Documents\EDGEIQ_PLATFORM\public\data\edgeiq_graphql_may_2010_results_v1.csv","2118170"
"C:\Users\trent\OneDrive\Documents\EDGEIQ_PLATFORM\public\data\edgeiq_graphql_may_2010_results_v1_audit.csv","4722"
"C:\Users\trent\OneDrive\Documents\EDGEIQ_PLATFORM\public\data\edgeiq_graphql_may_2010_results_v1_summary.csv","815"
"C:\Users\trent\OneDrive\Documents\EDGEIQ_PLATFORM\public\data\edgeiq_graphql_may_2011_results_v1.csv","27"
"C:\Users\trent\OneDrive\Documents\EDGEIQ_PLATFORM\public\data\edgeiq_graphql_may_2011_results_v1_audit.csv","12715"
"C:\Users\trent\OneDrive\Documents\EDGEIQ_PLATFORM\public\data\edgeiq_graphql_may_2011_results_v1_summary.csv","793"
"C:\Users\trent\OneDrive\Documents\EDGEIQ_PLATFORM\public\data\edgeiq_graphql_may_2012_results_v1.csv","2268370"
"C:\Users\trent\OneDrive\Documents\EDGEIQ_PLATFORM\public\data\edgeiq_graphql_may_2012_results_v1_audit.csv","4568"
"C:\Users\trent\OneDrive\Documents\EDGEIQ_PLATFORM\public\data\edgeiq_graphql_may_2012_results_v1_summary.csv","814"
"C:\Users\trent\OneDrive\Documents\EDGEIQ_PLATFORM\public\data\edgeiq_graphql_may_2013_results_v1.csv","1953761"
"C:\Users\trent\OneDrive\Documents\EDGEIQ_PLATFORM\public\data\edgeiq_graphql_may_2013_results_v1_audit.csv","4775"
"C:\Users\trent\OneDrive\Documents\EDGEIQ_PLATFORM\public\data\edgeiq_graphql_may_2013_results_v1_summary.csv","815"
"C:\Users\trent\OneDrive\Documents\EDGEIQ_PLATFORM\public\data\edgeiq_graphql_may_2014_results_v1.csv","1798027"
"C:\Users\trent\OneDrive\Documents\EDGEIQ_PLATFORM\public\data\edgeiq_graphql_may_2014_results_v1_audit.csv","4905"
"C:\Users\trent\OneDrive\Documents\EDGEIQ_PLATFORM\public\data\edgeiq_graphql_may_2014_results_v1_summary.csv","815"
"C:\Users\trent\OneDrive\Documents\EDGEIQ_PLATFORM\public\data\edgeiq_graphql_may_2015_results_v1.csv","1543932"
"C:\Users\trent\OneDrive\Documents\EDGEIQ_PLATFORM\public\data\edgeiq_graphql_may_2015_results_v1_audit.csv","5443"
"C:\Users\trent\OneDrive\Documents\EDGEIQ_PLATFORM\public\data\edgeiq_graphql_may_2015_results_v1_summary.csv","815"
"C:\Users\trent\OneDrive\Documents\EDGEIQ_PLATFORM\public\data\edgeiq_graphql_may_2016_results_v1.csv","27"
"C:\Users\trent\OneDrive\Documents\EDGEIQ_PLATFORM\public\data\edgeiq_graphql_may_2016_results_v1_audit.csv","10028"
"C:\Users\trent\OneDrive\Documents\EDGEIQ_PLATFORM\public\data\edgeiq_graphql_may_2016_results_v1_summary.csv","793"
"C:\Users\trent\OneDrive\Documents\EDGEIQ_PLATFORM\public\data\edgeiq_graphql_may_2017_results_v1.csv","27"
"C:\Users\trent\OneDrive\Documents\EDGEIQ_PLATFORM\public\data\edgeiq_graphql_may_2017_results_v1_audit.csv","10060"
"C:\Users\trent\OneDrive\Documents\EDGEIQ_PLATFORM\public\data\edgeiq_graphql_may_2017_results_v1_summary.csv","793"
"C:\Users\trent\OneDrive\Documents\EDGEIQ_PLATFORM\public\data\edgeiq_graphql_may_2018_results_v1.csv","1855673"
"C:\Users\trent\OneDrive\Documents\EDGEIQ_PLATFORM\public\data\edgeiq_graphql_may_2018_results_v1_audit.csv","3768"
"C:\Users\trent\OneDrive\Documents\EDGEIQ_PLATFORM\public\data\edgeiq_graphql_may_2018_results_v1_summary.csv","814"
"C:\Users\trent\OneDrive\Documents\EDGEIQ_PLATFORM\public\data\edgeiq_graphql_may_2019_results_v1.csv","2219021"
"C:\Users\trent\OneDrive\Documents\EDGEIQ_PLATFORM\public\data\edgeiq_graphql_may_2019_results_v1_audit.csv","3988"
"C:\Users\trent\OneDrive\Documents\EDGEIQ_PLATFORM\public\data\edgeiq_graphql_may_2019_results_v1_summary.csv","814"
"C:\Users\trent\OneDrive\Documents\EDGEIQ_PLATFORM\public\data\edgeiq_graphql_may_2020_results_v1.csv","2448953"
"C:\Users\trent\OneDrive\Documents\EDGEIQ_PLATFORM\public\data\edgeiq_graphql_may_2020_results_v1_audit.csv","3853"
"C:\Users\trent\OneDrive\Documents\EDGEIQ_PLATFORM\public\data\edgeiq_graphql_may_2020_results_v1_summary.csv","814"
"C:\Users\trent\OneDrive\Documents\EDGEIQ_PLATFORM\public\data\edgeiq_graphql_may_2021_results_v1.csv","2348050"
"C:\Users\trent\OneDrive\Documents\EDGEIQ_PLATFORM\public\data\edgeiq_graphql_may_2021_results_v1_audit.csv","4508"
"C:\Users\trent\OneDrive\Documents\EDGEIQ_PLATFORM\public\data\edgeiq_graphql_may_2021_results_v1_summary.csv","814"
"C:\Users\trent\OneDrive\Documents\EDGEIQ_PLATFORM\public\data\edgeiq_graphql_may_2022_results_v1.csv","1203383"
"C:\Users\trent\OneDrive\Documents\EDGEIQ_PLATFORM\public\data\edgeiq_graphql_may_2022_results_v1_audit.csv","13154"
"C:\Users\trent\OneDrive\Documents\EDGEIQ_PLATFORM\public\data\edgeiq_graphql_may_2022_results_v1_summary.csv","815"
"C:\Users\trent\OneDrive\Documents\EDGEIQ_PLATFORM\public\data\edgeiq_graphql_may_2023_results_v1.csv","2666484"
"C:\Users\trent\OneDrive\Documents\EDGEIQ_PLATFORM\public\data\edgeiq_graphql_may_2023_results_v1_audit.csv","4851"
"C:\Users\trent\OneDrive\Documents\EDGEIQ_PLATFORM\public\data\edgeiq_graphql_may_2023_results_v1_summary.csv","814"
"C:\Users\trent\OneDrive\Documents\EDGEIQ_PLATFORM\public\data\edgeiq_graphql_may_2024_results_v1.csv","2943669"
"C:\Users\trent\OneDrive\Documents\EDGEIQ_PLATFORM\public\data\edgeiq_graphql_may_2024_results_v1_audit.csv","5419"
"C:\Users\trent\OneDrive\Documents\EDGEIQ_PLATFORM\public\data\edgeiq_graphql_may_2024_results_v1_summary.csv","814"
"C:\Users\trent\OneDrive\Documents\EDGEIQ_PLATFORM\public\data\edgeiq_graphql_may_2025_results_v1.csv","3054992"
"C:\Users\trent\OneDrive\Documents\EDGEIQ_PLATFORM\public\data\edgeiq_graphql_may_2025_results_v1_audit.csv","5674"
"C:\Users\trent\OneDrive\Documents\EDGEIQ_PLATFORM\public\data\edgeiq_graphql_may_2025_results_v1_summary.csv","814"
"C:\Users\trent\OneDrive\Documents\EDGEIQ_PLATFORM\public\data\edgeiq_graphql_may_2026_results_v1.csv","2957527"
"C:\Users\trent\OneDrive\Documents\EDGEIQ_PLATFORM\public\data\edgeiq_graphql_may_2026_results_v1_audit.csv","4932"
"C:\Users\trent\OneDrive\Documents\EDGEIQ_PLATFORM\public\data\edgeiq_graphql_may_2026_results_v1_summary.csv","814"
"C:\Users\trent\OneDrive\Documents\EDGEIQ_PLATFORM\public\data\edgeiq_graphql_meeting_harvest_flemington_20250101_v1.json","916073"
"C:\Users\trent\OneDrive\Documents\EDGEIQ_PLATFORM\public\data\edgeiq_graphql_meeting_results_flemington_20250101_v1.csv","0"
"C:\Users\trent\OneDrive\Documents\EDGEIQ_PLATFORM\public\data\edgeiq_graphql_meeting_results_flemington_20250101_v1_summary.csv","742"
"C:\Users\trent\OneDrive\Documents\EDGEIQ_PLATFORM\public\data\edgeiq_graphql_november_2000_results_v1.csv","1617087"
"C:\Users\trent\OneDrive\Documents\EDGEIQ_PLATFORM\public\data\edgeiq_graphql_november_2000_results_v1_audit.csv","3689"
"C:\Users\trent\OneDrive\Documents\EDGEIQ_PLATFORM\public\data\edgeiq_graphql_november_2000_results_v1_summary.csv","829"
"C:\Users\trent\OneDrive\Documents\EDGEIQ_PLATFORM\public\data\edgeiq_graphql_november_2001_results_v1.csv","1738131"
"C:\Users\trent\OneDrive\Documents\EDGEIQ_PLATFORM\public\data\edgeiq_graphql_november_2001_results_v1_audit.csv","3894"
"C:\Users\trent\OneDrive\Documents\EDGEIQ_PLATFORM\public\data\edgeiq_graphql_november_2001_results_v1_summary.csv","829"
"C:\Users\trent\OneDrive\Documents\EDGEIQ_PLATFORM\public\data\edgeiq_graphql_november_2002_results_v1.csv","2091113"
"C:\Users\trent\OneDrive\Documents\EDGEIQ_PLATFORM\public\data\edgeiq_graphql_november_2002_results_v1_audit.csv","4386"
"C:\Users\trent\OneDrive\Documents\EDGEIQ_PLATFORM\public\data\edgeiq_graphql_november_2002_results_v1_summary.csv","829"
"C:\Users\trent\OneDrive\Documents\EDGEIQ_PLATFORM\public\data\edgeiq_graphql_november_2003_results_v1.csv","1079549"
"C:\Users\trent\OneDrive\Documents\EDGEIQ_PLATFORM\public\data\edgeiq_graphql_november_2003_results_v1_audit.csv","4964"
"C:\Users\trent\OneDrive\Documents\EDGEIQ_PLATFORM\public\data\edgeiq_graphql_november_2003_results_v1_summary.csv","830"
"C:\Users\trent\OneDrive\Documents\EDGEIQ_PLATFORM\public\data\edgeiq_graphql_november_2004_results_v1.csv","2189916"
"C:\Users\trent\OneDrive\Documents\EDGEIQ_PLATFORM\public\data\edgeiq_graphql_november_2004_results_v1_audit.csv","4190"
"C:\Users\trent\OneDrive\Documents\EDGEIQ_PLATFORM\public\data\edgeiq_graphql_november_2004_results_v1_summary.csv","829"
"C:\Users\trent\OneDrive\Documents\EDGEIQ_PLATFORM\public\data\edgeiq_graphql_november_2005_results_v1.csv","2078947"
"C:\Users\trent\OneDrive\Documents\EDGEIQ_PLATFORM\public\data\edgeiq_graphql_november_2005_results_v1_audit.csv","3949"
"C:\Users\trent\OneDrive\Documents\EDGEIQ_PLATFORM\public\data\edgeiq_graphql_november_2005_results_v1_summary.csv","829"
"C:\Users\trent\OneDrive\Documents\EDGEIQ_PLATFORM\public\data\edgeiq_graphql_november_2006_results_v1.csv","1039921"
"C:\Users\trent\OneDrive\Documents\EDGEIQ_PLATFORM\public\data\edgeiq_graphql_november_2006_results_v1_audit.csv","5594"
"C:\Users\trent\OneDrive\Documents\EDGEIQ_PLATFORM\public\data\edgeiq_graphql_november_2006_results_v1_summary.csv","830"
"C:\Users\trent\OneDrive\Documents\EDGEIQ_PLATFORM\public\data\edgeiq_graphql_november_2007_results_v1.csv","2124781"
"C:\Users\trent\OneDrive\Documents\EDGEIQ_PLATFORM\public\data\edgeiq_graphql_november_2007_results_v1_audit.csv","4215"
"C:\Users\trent\OneDrive\Documents\EDGEIQ_PLATFORM\public\data\edgeiq_graphql_november_2007_results_v1_summary.csv","829"
"C:\Users\trent\OneDrive\Documents\EDGEIQ_PLATFORM\public\data\edgeiq_graphql_november_2008_results_v1.csv","1747321"
"C:\Users\trent\OneDrive\Documents\EDGEIQ_PLATFORM\public\data\edgeiq_graphql_november_2008_results_v1_audit.csv","4947"
"C:\Users\trent\OneDrive\Documents\EDGEIQ_PLATFORM\public\data\edgeiq_graphql_november_2008_results_v1_summary.csv","830"
"C:\Users\trent\OneDrive\Documents\EDGEIQ_PLATFORM\public\data\edgeiq_graphql_november_2009_results_v1.csv","1956871"
"C:\Users\trent\OneDrive\Documents\EDGEIQ_PLATFORM\public\data\edgeiq_graphql_november_2009_results_v1_audit.csv","4522"
"C:\Users\trent\OneDrive\Documents\EDGEIQ_PLATFORM\public\data\edgeiq_graphql_november_2009_results_v1_summary.csv","829"
"C:\Users\trent\OneDrive\Documents\EDGEIQ_PLATFORM\public\data\edgeiq_graphql_november_2010_results_v1.csv","27"
"C:\Users\trent\OneDrive\Documents\EDGEIQ_PLATFORM\public\data\edgeiq_graphql_november_2010_results_v1_audit.csv","13400"
"C:\Users\trent\OneDrive\Documents\EDGEIQ_PLATFORM\public\data\edgeiq_graphql_november_2010_results_v1_summary.csv","808"
"C:\Users\trent\OneDrive\Documents\EDGEIQ_PLATFORM\public\data\edgeiq_graphql_november_2011_results_v1.csv","27"
"C:\Users\trent\OneDrive\Documents\EDGEIQ_PLATFORM\public\data\edgeiq_graphql_november_2011_results_v1_audit.csv","14535"
"C:\Users\trent\OneDrive\Documents\EDGEIQ_PLATFORM\public\data\edgeiq_graphql_november_2011_results_v1_summary.csv","808"
"C:\Users\trent\OneDrive\Documents\EDGEIQ_PLATFORM\public\data\edgeiq_graphql_november_2012_results_v1.csv","1670159"
"C:\Users\trent\OneDrive\Documents\EDGEIQ_PLATFORM\public\data\edgeiq_graphql_november_2012_results_v1_audit.csv","6091"
"C:\Users\trent\OneDrive\Documents\EDGEIQ_PLATFORM\public\data\edgeiq_graphql_november_2012_results_v1_summary.csv","830"
"C:\Users\trent\OneDrive\Documents\EDGEIQ_PLATFORM\public\data\edgeiq_graphql_november_2013_results_v1.csv","2285318"
"C:\Users\trent\OneDrive\Documents\EDGEIQ_PLATFORM\public\data\edgeiq_graphql_november_2013_results_v1_audit.csv","4789"
"C:\Users\trent\OneDrive\Documents\EDGEIQ_PLATFORM\public\data\edgeiq_graphql_november_2013_results_v1_summary.csv","829"
"C:\Users\trent\OneDrive\Documents\EDGEIQ_PLATFORM\public\data\edgeiq_graphql_november_2014_results_v1.csv","2013304"
"C:\Users\trent\OneDrive\Documents\EDGEIQ_PLATFORM\public\data\edgeiq_graphql_november_2014_results_v1_audit.csv","4753"
"C:\Users\trent\OneDrive\Documents\EDGEIQ_PLATFORM\public\data\edgeiq_graphql_november_2014_results_v1_summary.csv","829"
"C:\Users\trent\OneDrive\Documents\EDGEIQ_PLATFORM\public\data\edgeiq_graphql_november_2015_results_v1.csv","1084735"
"C:\Users\trent\OneDrive\Documents\EDGEIQ_PLATFORM\public\data\edgeiq_graphql_november_2015_results_v1_audit.csv","5155"
"C:\Users\trent\OneDrive\Documents\EDGEIQ_PLATFORM\public\data\edgeiq_graphql_november_2015_results_v1_summary.csv","830"
"C:\Users\trent\OneDrive\Documents\EDGEIQ_PLATFORM\public\data\edgeiq_graphql_november_2016_results_v1.csv","27"
"C:\Users\trent\OneDrive\Documents\EDGEIQ_PLATFORM\public\data\edgeiq_graphql_november_2016_results_v1_audit.csv","11400"
"C:\Users\trent\OneDrive\Documents\EDGEIQ_PLATFORM\public\data\edgeiq_graphql_november_2016_results_v1_summary.csv","808"
"C:\Users\trent\OneDrive\Documents\EDGEIQ_PLATFORM\public\data\edgeiq_graphql_november_2017_results_v1.csv","27"
"C:\Users\trent\OneDrive\Documents\EDGEIQ_PLATFORM\public\data\edgeiq_graphql_november_2017_results_v1_audit.csv","11706"
"C:\Users\trent\OneDrive\Documents\EDGEIQ_PLATFORM\public\data\edgeiq_graphql_november_2017_results_v1_summary.csv","808"
"C:\Users\trent\OneDrive\Documents\EDGEIQ_PLATFORM\public\data\edgeiq_graphql_november_2018_results_v1.csv","2064928"
"C:\Users\trent\OneDrive\Documents\EDGEIQ_PLATFORM\public\data\edgeiq_graphql_november_2018_results_v1_audit.csv","4062"
"C:\Users\trent\OneDrive\Documents\EDGEIQ_PLATFORM\public\data\edgeiq_graphql_november_2018_results_v1_summary.csv","829"
"C:\Users\trent\OneDrive\Documents\EDGEIQ_PLATFORM\public\data\edgeiq_graphql_november_2019_results_v1.csv","1940662"
"C:\Users\trent\OneDrive\Documents\EDGEIQ_PLATFORM\public\data\edgeiq_graphql_november_2019_results_v1_audit.csv","3614"
"C:\Users\trent\OneDrive\Documents\EDGEIQ_PLATFORM\public\data\edgeiq_graphql_november_2019_results_v1_summary.csv","829"
"C:\Users\trent\OneDrive\Documents\EDGEIQ_PLATFORM\public\data\edgeiq_graphql_november_2020_results_v1.csv","2066249"
"C:\Users\trent\OneDrive\Documents\EDGEIQ_PLATFORM\public\data\edgeiq_graphql_november_2020_results_v1_audit.csv","3791"
"C:\Users\trent\OneDrive\Documents\EDGEIQ_PLATFORM\public\data\edgeiq_graphql_november_2020_results_v1_summary.csv","829"
"C:\Users\trent\OneDrive\Documents\EDGEIQ_PLATFORM\public\data\edgeiq_graphql_november_2021_results_v1.csv","1538720"
"C:\Users\trent\OneDrive\Documents\EDGEIQ_PLATFORM\public\data\edgeiq_graphql_november_2021_results_v1_audit.csv","7904"
"C:\Users\trent\OneDrive\Documents\EDGEIQ_PLATFORM\public\data\edgeiq_graphql_november_2021_results_v1_summary.csv","830"
"C:\Users\trent\OneDrive\Documents\EDGEIQ_PLATFORM\public\data\edgeiq_graphql_november_2022_results_v1.csv","27"
"C:\Users\trent\OneDrive\Documents\EDGEIQ_PLATFORM\public\data\edgeiq_graphql_november_2022_results_v1_audit.csv","20148"
"C:\Users\trent\OneDrive\Documents\EDGEIQ_PLATFORM\public\data\edgeiq_graphql_november_2022_results_v1_summary.csv","808"
"C:\Users\trent\OneDrive\Documents\EDGEIQ_PLATFORM\public\data\edgeiq_graphql_november_2023_results_v1.csv","2643359"
"C:\Users\trent\OneDrive\Documents\EDGEIQ_PLATFORM\public\data\edgeiq_graphql_november_2023_results_v1_audit.csv","4929"
"C:\Users\trent\OneDrive\Documents\EDGEIQ_PLATFORM\public\data\edgeiq_graphql_november_2023_results_v1_summary.csv","829"
"C:\Users\trent\OneDrive\Documents\EDGEIQ_PLATFORM\public\data\edgeiq_graphql_november_2024_results_v1.csv","3070069"
"C:\Users\trent\OneDrive\Documents\EDGEIQ_PLATFORM\public\data\edgeiq_graphql_november_2024_results_v1_audit.csv","5881"
"C:\Users\trent\OneDrive\Documents\EDGEIQ_PLATFORM\public\data\edgeiq_graphql_november_2024_results_v1_summary.csv","829"
"C:\Users\trent\OneDrive\Documents\EDGEIQ_PLATFORM\public\data\edgeiq_graphql_november_2025_results_v1.csv","3177798"
"C:\Users\trent\OneDrive\Documents\EDGEIQ_PLATFORM\public\data\edgeiq_graphql_november_2025_results_v1_audit.csv","5594"
"C:\Users\trent\OneDrive\Documents\EDGEIQ_PLATFORM\public\data\edgeiq_graphql_november_2025_results_v1_summary.csv","829"
"C:\Users\trent\OneDrive\Documents\EDGEIQ_PLATFORM\public\data\edgeiq_graphql_october_2000_results_v1.csv","1707905"
"C:\Users\trent\OneDrive\Documents\EDGEIQ_PLATFORM\public\data\edgeiq_graphql_october_2000_results_v1_audit.csv","4419"
"C:\Users\trent\OneDrive\Documents\EDGEIQ_PLATFORM\public\data\edgeiq_graphql_october_2000_results_v1_summary.csv","826"
"C:\Users\trent\OneDrive\Documents\EDGEIQ_PLATFORM\public\data\edgeiq_graphql_october_2001_results_v1.csv","1548542"
"C:\Users\trent\OneDrive\Documents\EDGEIQ_PLATFORM\public\data\edgeiq_graphql_october_2001_results_v1_audit.csv","3967"
"C:\Users\trent\OneDrive\Documents\EDGEIQ_PLATFORM\public\data\edgeiq_graphql_october_2001_results_v1_summary.csv","826"
"C:\Users\trent\OneDrive\Documents\EDGEIQ_PLATFORM\public\data\edgeiq_graphql_october_2002_results_v1.csv","1774307"
"C:\Users\trent\OneDrive\Documents\EDGEIQ_PLATFORM\public\data\edgeiq_graphql_october_2002_results_v1_audit.csv","4168"
"C:\Users\trent\OneDrive\Documents\EDGEIQ_PLATFORM\public\data\edgeiq_graphql_october_2002_results_v1_summary.csv","826"
"C:\Users\trent\OneDrive\Documents\EDGEIQ_PLATFORM\public\data\edgeiq_graphql_october_2003_results_v1.csv","1693550"
"C:\Users\trent\OneDrive\Documents\EDGEIQ_PLATFORM\public\data\edgeiq_graphql_october_2003_results_v1_audit.csv","4441"
"C:\Users\trent\OneDrive\Documents\EDGEIQ_PLATFORM\public\data\edgeiq_graphql_october_2003_results_v1_summary.csv","827"
"C:\Users\trent\OneDrive\Documents\EDGEIQ_PLATFORM\public\data\edgeiq_graphql_october_2004_results_v1.csv","2013026"
"C:\Users\trent\OneDrive\Documents\EDGEIQ_PLATFORM\public\data\edgeiq_graphql_october_2004_results_v1_audit.csv","4064"
"C:\Users\trent\OneDrive\Documents\EDGEIQ_PLATFORM\public\data\edgeiq_graphql_october_2004_results_v1_summary.csv","826"
"C:\Users\trent\OneDrive\Documents\EDGEIQ_PLATFORM\public\data\edgeiq_graphql_october_2005_results_v1.csv","2063288"
"C:\Users\trent\OneDrive\Documents\EDGEIQ_PLATFORM\public\data\edgeiq_graphql_october_2005_results_v1_audit.csv","4367"
"C:\Users\trent\OneDrive\Documents\EDGEIQ_PLATFORM\public\data\edgeiq_graphql_october_2005_results_v1_summary.csv","826"
"C:\Users\trent\OneDrive\Documents\EDGEIQ_PLATFORM\public\data\edgeiq_graphql_october_2006_results_v1.csv","1332090"
"C:\Users\trent\OneDrive\Documents\EDGEIQ_PLATFORM\public\data\edgeiq_graphql_october_2006_results_v1_audit.csv","5475"
"C:\Users\trent\OneDrive\Documents\EDGEIQ_PLATFORM\public\data\edgeiq_graphql_october_2006_results_v1_summary.csv","827"
"C:\Users\trent\OneDrive\Documents\EDGEIQ_PLATFORM\public\data\edgeiq_graphql_october_2007_results_v1.csv","2028226"
"C:\Users\trent\OneDrive\Documents\EDGEIQ_PLATFORM\public\data\edgeiq_graphql_october_2007_results_v1_audit.csv","4069"
"C:\Users\trent\OneDrive\Documents\EDGEIQ_PLATFORM\public\data\edgeiq_graphql_october_2007_results_v1_summary.csv","826"
"C:\Users\trent\OneDrive\Documents\EDGEIQ_PLATFORM\public\data\edgeiq_graphql_october_2008_results_v1.csv","1589651"
"C:\Users\trent\OneDrive\Documents\EDGEIQ_PLATFORM\public\data\edgeiq_graphql_october_2008_results_v1_audit.csv","4562"
"C:\Users\trent\OneDrive\Documents\EDGEIQ_PLATFORM\public\data\edgeiq_graphql_october_2008_results_v1_summary.csv","827"
"C:\Users\trent\OneDrive\Documents\EDGEIQ_PLATFORM\public\data\edgeiq_graphql_october_2009_results_v1.csv","398966"
"C:\Users\trent\OneDrive\Documents\EDGEIQ_PLATFORM\public\data\edgeiq_graphql_october_2009_results_v1_audit.csv","9803"
"C:\Users\trent\OneDrive\Documents\EDGEIQ_PLATFORM\public\data\edgeiq_graphql_october_2009_results_v1_summary.csv","818"
"C:\Users\trent\OneDrive\Documents\EDGEIQ_PLATFORM\public\data\edgeiq_graphql_october_2010_results_v1.csv","27"
"C:\Users\trent\OneDrive\Documents\EDGEIQ_PLATFORM\public\data\edgeiq_graphql_october_2010_results_v1_audit.csv","11062"
"C:\Users\trent\OneDrive\Documents\EDGEIQ_PLATFORM\public\data\edgeiq_graphql_october_2010_results_v1_summary.csv","805"
"C:\Users\trent\OneDrive\Documents\EDGEIQ_PLATFORM\public\data\edgeiq_graphql_october_2011_results_v1.csv","27"
"C:\Users\trent\OneDrive\Documents\EDGEIQ_PLATFORM\public\data\edgeiq_graphql_october_2011_results_v1_audit.csv","12997"
"C:\Users\trent\OneDrive\Documents\EDGEIQ_PLATFORM\public\data\edgeiq_graphql_october_2011_results_v1_summary.csv","805"
"C:\Users\trent\OneDrive\Documents\EDGEIQ_PLATFORM\public\data\edgeiq_graphql_october_2012_results_v1.csv","2194231"
"C:\Users\trent\OneDrive\Documents\EDGEIQ_PLATFORM\public\data\edgeiq_graphql_october_2012_results_v1_audit.csv","4243"
"C:\Users\trent\OneDrive\Documents\EDGEIQ_PLATFORM\public\data\edgeiq_graphql_october_2012_results_v1_summary.csv","826"
"C:\Users\trent\OneDrive\Documents\EDGEIQ_PLATFORM\public\data\edgeiq_graphql_october_2013_results_v1.csv","2239701"
"C:\Users\trent\OneDrive\Documents\EDGEIQ_PLATFORM\public\data\edgeiq_graphql_october_2013_results_v1_audit.csv","4166"
"C:\Users\trent\OneDrive\Documents\EDGEIQ_PLATFORM\public\data\edgeiq_graphql_october_2013_results_v1_summary.csv","826"
"C:\Users\trent\OneDrive\Documents\EDGEIQ_PLATFORM\public\data\edgeiq_graphql_october_2014_results_v1.csv","1947742"
"C:\Users\trent\OneDrive\Documents\EDGEIQ_PLATFORM\public\data\edgeiq_graphql_october_2014_results_v1_audit.csv","4282"
"C:\Users\trent\OneDrive\Documents\EDGEIQ_PLATFORM\public\data\edgeiq_graphql_october_2014_results_v1_summary.csv","826"
"C:\Users\trent\OneDrive\Documents\EDGEIQ_PLATFORM\public\data\edgeiq_graphql_october_2015_results_v1.csv","829036"
"C:\Users\trent\OneDrive\Documents\EDGEIQ_PLATFORM\public\data\edgeiq_graphql_october_2015_results_v1_audit.csv","6505"
"C:\Users\trent\OneDrive\Documents\EDGEIQ_PLATFORM\public\data\edgeiq_graphql_october_2015_results_v1_summary.csv","826"
"C:\Users\trent\OneDrive\Documents\EDGEIQ_PLATFORM\public\data\edgeiq_graphql_october_2016_results_v1.csv","27"
"C:\Users\trent\OneDrive\Documents\EDGEIQ_PLATFORM\public\data\edgeiq_graphql_october_2016_results_v1_audit.csv","11659"
"C:\Users\trent\OneDrive\Documents\EDGEIQ_PLATFORM\public\data\edgeiq_graphql_october_2016_results_v1_summary.csv","805"
"C:\Users\trent\OneDrive\Documents\EDGEIQ_PLATFORM\public\data\edgeiq_graphql_october_2017_results_v1.csv","27"
"C:\Users\trent\OneDrive\Documents\EDGEIQ_PLATFORM\public\data\edgeiq_graphql_october_2017_results_v1_audit.csv","10558"
"C:\Users\trent\OneDrive\Documents\EDGEIQ_PLATFORM\public\data\edgeiq_graphql_october_2017_results_v1_summary.csv","805"
"C:\Users\trent\OneDrive\Documents\EDGEIQ_PLATFORM\public\data\edgeiq_graphql_october_2018_results_v1.csv","2080857"
"C:\Users\trent\OneDrive\Documents\EDGEIQ_PLATFORM\public\data\edgeiq_graphql_october_2018_results_v1_audit.csv","3722"
"C:\Users\trent\OneDrive\Documents\EDGEIQ_PLATFORM\public\data\edgeiq_graphql_october_2018_results_v1_summary.csv","826"
"C:\Users\trent\OneDrive\Documents\EDGEIQ_PLATFORM\public\data\edgeiq_graphql_october_2019_results_v1.csv","1727719"
"C:\Users\trent\OneDrive\Documents\EDGEIQ_PLATFORM\public\data\edgeiq_graphql_october_2019_results_v1_audit.csv","3582"
"C:\Users\trent\OneDrive\Documents\EDGEIQ_PLATFORM\public\data\edgeiq_graphql_october_2019_results_v1_summary.csv","826"
"C:\Users\trent\OneDrive\Documents\EDGEIQ_PLATFORM\public\data\edgeiq_graphql_october_2020_results_v1.csv","2282382"
"C:\Users\trent\OneDrive\Documents\EDGEIQ_PLATFORM\public\data\edgeiq_graphql_october_2020_results_v1_audit.csv","3342"
"C:\Users\trent\OneDrive\Documents\EDGEIQ_PLATFORM\public\data\edgeiq_graphql_october_2020_results_v1_summary.csv","826"
"C:\Users\trent\OneDrive\Documents\EDGEIQ_PLATFORM\public\data\edgeiq_graphql_october_2021_results_v1.csv","1118937"
"C:\Users\trent\OneDrive\Documents\EDGEIQ_PLATFORM\public\data\edgeiq_graphql_october_2021_results_v1_audit.csv","8543"
"C:\Users\trent\OneDrive\Documents\EDGEIQ_PLATFORM\public\data\edgeiq_graphql_october_2021_results_v1_summary.csv","827"
"C:\Users\trent\OneDrive\Documents\EDGEIQ_PLATFORM\public\data\edgeiq_graphql_october_2022_results_v1.csv","27"
"C:\Users\trent\OneDrive\Documents\EDGEIQ_PLATFORM\public\data\edgeiq_graphql_october_2022_results_v1_audit.csv","18943"
"C:\Users\trent\OneDrive\Documents\EDGEIQ_PLATFORM\public\data\edgeiq_graphql_october_2022_results_v1_summary.csv","805"
"C:\Users\trent\OneDrive\Documents\EDGEIQ_PLATFORM\public\data\edgeiq_graphql_october_2023_results_v1.csv","2409891"
"C:\Users\trent\OneDrive\Documents\EDGEIQ_PLATFORM\public\data\edgeiq_graphql_october_2023_results_v1_audit.csv","4669"
"C:\Users\trent\OneDrive\Documents\EDGEIQ_PLATFORM\public\data\edgeiq_graphql_october_2023_results_v1_summary.csv","826"
"C:\Users\trent\OneDrive\Documents\EDGEIQ_PLATFORM\public\data\edgeiq_graphql_october_2024_results_v1.csv","2935270"
"C:\Users\trent\OneDrive\Documents\EDGEIQ_PLATFORM\public\data\edgeiq_graphql_october_2024_results_v1_audit.csv","5129"
"C:\Users\trent\OneDrive\Documents\EDGEIQ_PLATFORM\public\data\edgeiq_graphql_october_2024_results_v1_summary.csv","826"
"C:\Users\trent\OneDrive\Documents\EDGEIQ_PLATFORM\public\data\edgeiq_graphql_october_2025_results_v1.csv","2982451"
"C:\Users\trent\OneDrive\Documents\EDGEIQ_PLATFORM\public\data\edgeiq_graphql_october_2025_results_v1_audit.csv","5246"
"C:\Users\trent\OneDrive\Documents\EDGEIQ_PLATFORM\public\data\edgeiq_graphql_october_2025_results_v1_summary.csv","826"
"C:\Users\trent\OneDrive\Documents\EDGEIQ_PLATFORM\public\data\edgeiq_graphql_playwright_replay_flemington_20250101_v1.json","150146"
"C:\Users\trent\OneDrive\Documents\EDGEIQ_PLATFORM\public\data\edgeiq_graphql_playwright_replay_flemington_20250101_v1_summary.csv","499"
"C:\Users\trent\OneDrive\Documents\EDGEIQ_PLATFORM\public\data\edgeiq_graphql_q1_apr_2025_MASTER_v1.csv","7178758"
"C:\Users\trent\OneDrive\Documents\EDGEIQ_PLATFORM\public\data\edgeiq_graphql_racelist_payload_v1.json","22983"
"C:\Users\trent\OneDrive\Documents\EDGEIQ_PLATFORM\public\data\edgeiq_graphql_race_results_payload_v1.json","82967"
"C:\Users\trent\OneDrive\Documents\EDGEIQ_PLATFORM\public\data\edgeiq_graphql_results_warehouse_sample_v1.csv","8004"
"C:\Users\trent\OneDrive\Documents\EDGEIQ_PLATFORM\public\data\edgeiq_graphql_results_warehouse_sample_v1_summary.csv","813"
"C:\Users\trent\OneDrive\Documents\EDGEIQ_PLATFORM\public\data\edgeiq_graphql_results_warehouse_week1_2025_v1.csv","320813"
"C:\Users\trent\OneDrive\Documents\EDGEIQ_PLATFORM\public\data\edgeiq_graphql_results_warehouse_week1_2025_v1_summary.csv","303"
"C:\Users\trent\OneDrive\Documents\EDGEIQ_PLATFORM\public\data\edgeiq_graphql_september_2000_results_v1.csv","1623142"
"C:\Users\trent\OneDrive\Documents\EDGEIQ_PLATFORM\public\data\edgeiq_graphql_september_2000_results_v1_audit.csv","3892"
"C:\Users\trent\OneDrive\Documents\EDGEIQ_PLATFORM\public\data\edgeiq_graphql_september_2000_results_v1_summary.csv","832"
"C:\Users\trent\OneDrive\Documents\EDGEIQ_PLATFORM\public\data\edgeiq_graphql_september_2001_results_v1.csv","1562003"
"C:\Users\trent\OneDrive\Documents\EDGEIQ_PLATFORM\public\data\edgeiq_graphql_september_2001_results_v1_audit.csv","4136"
"C:\Users\trent\OneDrive\Documents\EDGEIQ_PLATFORM\public\data\edgeiq_graphql_september_2001_results_v1_summary.csv","832"
"C:\Users\trent\OneDrive\Documents\EDGEIQ_PLATFORM\public\data\edgeiq_graphql_september_2002_results_v1.csv","1851723"
"C:\Users\trent\OneDrive\Documents\EDGEIQ_PLATFORM\public\data\edgeiq_graphql_september_2002_results_v1_audit.csv","4261"
"C:\Users\trent\OneDrive\Documents\EDGEIQ_PLATFORM\public\data\edgeiq_graphql_september_2002_results_v1_summary.csv","832"
"C:\Users\trent\OneDrive\Documents\EDGEIQ_PLATFORM\public\data\edgeiq_graphql_september_2003_results_v1.csv","1862849"
"C:\Users\trent\OneDrive\Documents\EDGEIQ_PLATFORM\public\data\edgeiq_graphql_september_2003_results_v1_audit.csv","4459"
"C:\Users\trent\OneDrive\Documents\EDGEIQ_PLATFORM\public\data\edgeiq_graphql_september_2003_results_v1_summary.csv","832"
"C:\Users\trent\OneDrive\Documents\EDGEIQ_PLATFORM\public\data\edgeiq_graphql_september_2004_results_v1.csv","97491"
"C:\Users\trent\OneDrive\Documents\EDGEIQ_PLATFORM\public\data\edgeiq_graphql_september_2004_results_v1_audit.csv","11249"
"C:\Users\trent\OneDrive\Documents\EDGEIQ_PLATFORM\public\data\edgeiq_graphql_september_2004_results_v1_summary.csv","824"
"C:\Users\trent\OneDrive\Documents\EDGEIQ_PLATFORM\public\data\edgeiq_graphql_september_2005_results_v1.csv","1826743"
"C:\Users\trent\OneDrive\Documents\EDGEIQ_PLATFORM\public\data\edgeiq_graphql_september_2005_results_v1_audit.csv","4147"
"C:\Users\trent\OneDrive\Documents\EDGEIQ_PLATFORM\public\data\edgeiq_graphql_september_2005_results_v1_summary.csv","832"
"C:\Users\trent\OneDrive\Documents\EDGEIQ_PLATFORM\public\data\edgeiq_graphql_september_2006_results_v1.csv","1930293"
"C:\Users\trent\OneDrive\Documents\EDGEIQ_PLATFORM\public\data\edgeiq_graphql_september_2006_results_v1_audit.csv","4175"
"C:\Users\trent\OneDrive\Documents\EDGEIQ_PLATFORM\public\data\edgeiq_graphql_september_2006_results_v1_summary.csv","832"
"C:\Users\trent\OneDrive\Documents\EDGEIQ_PLATFORM\public\data\edgeiq_graphql_september_2007_results_v1.csv","2575242"
"C:\Users\trent\OneDrive\Documents\EDGEIQ_PLATFORM\public\data\edgeiq_graphql_september_2007_results_v1_audit.csv","5788"
"C:\Users\trent\OneDrive\Documents\EDGEIQ_PLATFORM\public\data\edgeiq_graphql_september_2007_results_v1_summary.csv","833"
"C:\Users\trent\OneDrive\Documents\EDGEIQ_PLATFORM\public\data\edgeiq_graphql_september_2008_results_v1.csv","2096553"
"C:\Users\trent\OneDrive\Documents\EDGEIQ_PLATFORM\public\data\edgeiq_graphql_september_2008_results_v1_audit.csv","5870"
"C:\Users\trent\OneDrive\Documents\EDGEIQ_PLATFORM\public\data\edgeiq_graphql_september_2008_results_v1_summary.csv","833"
"C:\Users\trent\OneDrive\Documents\EDGEIQ_PLATFORM\public\data\edgeiq_graphql_september_2009_results_v1.csv","1756323"
"C:\Users\trent\OneDrive\Documents\EDGEIQ_PLATFORM\public\data\edgeiq_graphql_september_2009_results_v1_audit.csv","4327"
"C:\Users\trent\OneDrive\Documents\EDGEIQ_PLATFORM\public\data\edgeiq_graphql_september_2009_results_v1_summary.csv","833"
"C:\Users\trent\OneDrive\Documents\EDGEIQ_PLATFORM\public\data\edgeiq_graphql_september_2010_results_v1.csv","53700"
"C:\Users\trent\OneDrive\Documents\EDGEIQ_PLATFORM\public\data\edgeiq_graphql_september_2010_results_v1_audit.csv","11120"
"C:\Users\trent\OneDrive\Documents\EDGEIQ_PLATFORM\public\data\edgeiq_graphql_september_2010_results_v1_summary.csv","817"
"C:\Users\trent\OneDrive\Documents\EDGEIQ_PLATFORM\public\data\edgeiq_graphql_september_2011_results_v1.csv","27"
"C:\Users\trent\OneDrive\Documents\EDGEIQ_PLATFORM\public\data\edgeiq_graphql_september_2011_results_v1_audit.csv","11518"
"C:\Users\trent\OneDrive\Documents\EDGEIQ_PLATFORM\public\data\edgeiq_graphql_september_2011_results_v1_summary.csv","811"
"C:\Users\trent\OneDrive\Documents\EDGEIQ_PLATFORM\public\data\edgeiq_graphql_september_2012_results_v1.csv","2105662"
"C:\Users\trent\OneDrive\Documents\EDGEIQ_PLATFORM\public\data\edgeiq_graphql_september_2012_results_v1_audit.csv","4180"
"C:\Users\trent\OneDrive\Documents\EDGEIQ_PLATFORM\public\data\edgeiq_graphql_september_2012_results_v1_summary.csv","832"
"C:\Users\trent\OneDrive\Documents\EDGEIQ_PLATFORM\public\data\edgeiq_graphql_september_2013_results_v1.csv","2010948"
"C:\Users\trent\OneDrive\Documents\EDGEIQ_PLATFORM\public\data\edgeiq_graphql_september_2013_results_v1_audit.csv","3841"
"C:\Users\trent\OneDrive\Documents\EDGEIQ_PLATFORM\public\data\edgeiq_graphql_september_2013_results_v1_summary.csv","832"
"C:\Users\trent\OneDrive\Documents\EDGEIQ_PLATFORM\public\data\edgeiq_graphql_september_2014_results_v1.csv","1659980"
"C:\Users\trent\OneDrive\Documents\EDGEIQ_PLATFORM\public\data\edgeiq_graphql_september_2014_results_v1_audit.csv","3718"
"C:\Users\trent\OneDrive\Documents\EDGEIQ_PLATFORM\public\data\edgeiq_graphql_september_2014_results_v1_summary.csv","832"
"C:\Users\trent\OneDrive\Documents\EDGEIQ_PLATFORM\public\data\edgeiq_graphql_september_2015_results_v1.csv","1608174"
"C:\Users\trent\OneDrive\Documents\EDGEIQ_PLATFORM\public\data\edgeiq_graphql_september_2015_results_v1_audit.csv","3509"
"C:\Users\trent\OneDrive\Documents\EDGEIQ_PLATFORM\public\data\edgeiq_graphql_september_2015_results_v1_summary.csv","832"
"C:\Users\trent\OneDrive\Documents\EDGEIQ_PLATFORM\public\data\edgeiq_graphql_september_2016_results_v1.csv","27"
"C:\Users\trent\OneDrive\Documents\EDGEIQ_PLATFORM\public\data\edgeiq_graphql_september_2016_results_v1_audit.csv","8313"
"C:\Users\trent\OneDrive\Documents\EDGEIQ_PLATFORM\public\data\edgeiq_graphql_september_2016_results_v1_summary.csv","811"
"C:\Users\trent\OneDrive\Documents\EDGEIQ_PLATFORM\public\data\edgeiq_graphql_september_2017_results_v1.csv","27"
"C:\Users\trent\OneDrive\Documents\EDGEIQ_PLATFORM\public\data\edgeiq_graphql_september_2017_results_v1_audit.csv","8620"
"C:\Users\trent\OneDrive\Documents\EDGEIQ_PLATFORM\public\data\edgeiq_graphql_september_2017_results_v1_summary.csv","811"
"C:\Users\trent\OneDrive\Documents\EDGEIQ_PLATFORM\public\data\edgeiq_graphql_september_2018_results_v1.csv","1955385"
"C:\Users\trent\OneDrive\Documents\EDGEIQ_PLATFORM\public\data\edgeiq_graphql_september_2018_results_v1_audit.csv","3613"
"C:\Users\trent\OneDrive\Documents\EDGEIQ_PLATFORM\public\data\edgeiq_graphql_september_2018_results_v1_summary.csv","832"
"C:\Users\trent\OneDrive\Documents\EDGEIQ_PLATFORM\public\data\edgeiq_graphql_september_2019_results_v1.csv","1867006"
"C:\Users\trent\OneDrive\Documents\EDGEIQ_PLATFORM\public\data\edgeiq_graphql_september_2019_results_v1_audit.csv","3307"
"C:\Users\trent\OneDrive\Documents\EDGEIQ_PLATFORM\public\data\edgeiq_graphql_september_2019_results_v1_summary.csv","832"
"C:\Users\trent\OneDrive\Documents\EDGEIQ_PLATFORM\public\data\edgeiq_graphql_september_2020_results_v1.csv","1838928"
"C:\Users\trent\OneDrive\Documents\EDGEIQ_PLATFORM\public\data\edgeiq_graphql_september_2020_results_v1_audit.csv","2514"
"C:\Users\trent\OneDrive\Documents\EDGEIQ_PLATFORM\public\data\edgeiq_graphql_september_2020_results_v1_summary.csv","832"
"C:\Users\trent\OneDrive\Documents\EDGEIQ_PLATFORM\public\data\edgeiq_graphql_september_2021_results_v1.csv","1424844"
"C:\Users\trent\OneDrive\Documents\EDGEIQ_PLATFORM\public\data\edgeiq_graphql_september_2021_results_v1_audit.csv","7361"
"C:\Users\trent\OneDrive\Documents\EDGEIQ_PLATFORM\public\data\edgeiq_graphql_september_2021_results_v1_summary.csv","833"
"C:\Users\trent\OneDrive\Documents\EDGEIQ_PLATFORM\public\data\edgeiq_graphql_september_2022_results_v1.csv","27"
"C:\Users\trent\OneDrive\Documents\EDGEIQ_PLATFORM\public\data\edgeiq_graphql_september_2022_results_v1_audit.csv","16785"
"C:\Users\trent\OneDrive\Documents\EDGEIQ_PLATFORM\public\data\edgeiq_graphql_september_2022_results_v1_summary.csv","811"
"C:\Users\trent\OneDrive\Documents\EDGEIQ_PLATFORM\public\data\edgeiq_graphql_september_2023_results_v1.csv","2330483"
"C:\Users\trent\OneDrive\Documents\EDGEIQ_PLATFORM\public\data\edgeiq_graphql_september_2023_results_v1_audit.csv","3944"
"C:\Users\trent\OneDrive\Documents\EDGEIQ_PLATFORM\public\data\edgeiq_graphql_september_2023_results_v1_summary.csv","832"
"C:\Users\trent\OneDrive\Documents\EDGEIQ_PLATFORM\public\data\edgeiq_graphql_september_2024_results_v1.csv","2812550"
"C:\Users\trent\OneDrive\Documents\EDGEIQ_PLATFORM\public\data\edgeiq_graphql_september_2024_results_v1_audit.csv","4134"
"C:\Users\trent\OneDrive\Documents\EDGEIQ_PLATFORM\public\data\edgeiq_graphql_september_2024_results_v1_summary.csv","832"
"C:\Users\trent\OneDrive\Documents\EDGEIQ_PLATFORM\public\data\edgeiq_graphql_september_2025_results_v1.csv","2707448"
"C:\Users\trent\OneDrive\Documents\EDGEIQ_PLATFORM\public\data\edgeiq_graphql_september_2025_results_v1_audit.csv","4391"
"C:\Users\trent\OneDrive\Documents\EDGEIQ_PLATFORM\public\data\edgeiq_graphql_september_2025_results_v1_summary.csv","832"
"C:\Users\trent\OneDrive\Documents\EDGEIQ_PLATFORM\public\data\edgeiq_graphql_sp_coverage_audit_v1.csv","923"
"C:\Users\trent\OneDrive\Documents\EDGEIQ_PLATFORM\public\data\edgeiq_graphql_universe_audit_v1.csv","1869"
"C:\Users\trent\OneDrive\Documents\EDGEIQ_PLATFORM\public\data\edgeiq_graphql_universe_audit_v1_summary.csv","463"
"C:\Users\trent\OneDrive\Documents\EDGEIQ_PLATFORM\public\data\edgeiq_graphql_year_manifest_factory_v1_summary.csv","6491"
"C:\Users\trent\OneDrive\Documents\EDGEIQ_PLATFORM\public\data\edgeiq_graphql_zero_row_placeholders_deleted_20260623_051103.csv","15747"
"C:\Users\trent\OneDrive\Documents\EDGEIQ_PLATFORM\public\data\edgeiq_hidden_gem_engine_v1.csv","182429006"
"C:\Users\trent\OneDrive\Documents\EDGEIQ_PLATFORM\public\data\edgeiq_hidden_gem_engine_v1_audit.csv","2807"
"C:\Users\trent\OneDrive\Documents\EDGEIQ_PLATFORM\public\data\edgeiq_hidden_gem_engine_v1_summary.csv","506"
"C:\Users\trent\OneDrive\Documents\EDGEIQ_PLATFORM\public\data\edgeiq_hidden_runner_v1.csv","593250"
"C:\Users\trent\OneDrive\Documents\EDGEIQ_PLATFORM\public\data\edgeiq_hidden_runner_v1_audit.csv","224"
"C:\Users\trent\OneDrive\Documents\EDGEIQ_PLATFORM\public\data\edgeiq_hidden_runner_v2.csv","668358"
"C:\Users\trent\OneDrive\Documents\EDGEIQ_PLATFORM\public\data\edgeiq_hidden_runner_v2_audit.csv","214"
"C:\Users\trent\OneDrive\Documents\EDGEIQ_PLATFORM\public\data\edgeiq_historical_backtest_v1_by_market_rank.csv","393"
"C:\Users\trent\OneDrive\Documents\EDGEIQ_PLATFORM\public\data\edgeiq_historical_backtest_v1_by_sp_band.csv","642"
"C:\Users\trent\OneDrive\Documents\EDGEIQ_PLATFORM\public\data\edgeiq_historical_backtest_v1_runner_rows.csv","19035777"
"C:\Users\trent\OneDrive\Documents\EDGEIQ_PLATFORM\public\data\edgeiq_historical_backtest_v1_summary.csv","262"
"C:\Users\trent\OneDrive\Documents\EDGEIQ_PLATFORM\public\data\edgeiq_historical_class_clean_v2.csv","13721010"
"C:\Users\trent\OneDrive\Documents\EDGEIQ_PLATFORM\public\data\edgeiq_historical_class_clean_v2_audit.csv","261"
"C:\Users\trent\OneDrive\Documents\EDGEIQ_PLATFORM\public\data\edgeiq_historical_class_clean_v3.csv","17506563"
"C:\Users\trent\OneDrive\Documents\EDGEIQ_PLATFORM\public\data\edgeiq_historical_class_clean_v3_audit.csv","794"
"C:\Users\trent\OneDrive\Documents\EDGEIQ_PLATFORM\public\data\edgeiq_historical_contender_capture_v1.csv","524729"
"C:\Users\trent\OneDrive\Documents\EDGEIQ_PLATFORM\public\data\edgeiq_historical_dominance_replay_v1.csv","33774775"
"C:\Users\trent\OneDrive\Documents\EDGEIQ_PLATFORM\public\data\edgeiq_historical_dominance_replay_v1_summary.csv","1052"
"C:\Users\trent\OneDrive\Documents\EDGEIQ_PLATFORM\public\data\edgeiq_historical_dominance_v2_replay.csv","32436130"
"C:\Users\trent\OneDrive\Documents\EDGEIQ_PLATFORM\public\data\edgeiq_historical_dominance_v2_summary.csv","4553"
"C:\Users\trent\OneDrive\Documents\EDGEIQ_PLATFORM\public\data\edgeiq_historical_epi_lookup_conflicts_v1.csv","1577"
"C:\Users\trent\OneDrive\Documents\EDGEIQ_PLATFORM\public\data\edgeiq_historical_epi_matching_repair_v1_apply.json","746"
"C:\Users\trent\OneDrive\Documents\EDGEIQ_PLATFORM\public\data\edgeiq_historical_epi_matching_repair_v1_audit.json","651"
"C:\Users\trent\OneDrive\Documents\EDGEIQ_PLATFORM\public\data\edgeiq_historical_figure_recovery_v1.csv","826907"
"C:\Users\trent\OneDrive\Documents\EDGEIQ_PLATFORM\public\data\edgeiq_historical_figure_recovery_v1_audit.csv","891045"
"C:\Users\trent\OneDrive\Documents\EDGEIQ_PLATFORM\public\data\edgeiq_historical_figure_recovery_v1_audit_summary.csv","250"
"C:\Users\trent\OneDrive\Documents\EDGEIQ_PLATFORM\public\data\edgeiq_historical_figure_recovery_v1_summary.csv","612"
"C:\Users\trent\OneDrive\Documents\EDGEIQ_PLATFORM\public\data\edgeiq_historical_market_file_inventory_v1.csv","307789"
"C:\Users\trent\OneDrive\Documents\EDGEIQ_PLATFORM\public\data\edgeiq_historical_market_odds_source_inventory_v1.csv","1174474"
"C:\Users\trent\OneDrive\Documents\EDGEIQ_PLATFORM\public\data\edgeiq_historical_market_odds_source_inventory_v1_summary.csv","158"
"C:\Users\trent\OneDrive\Documents\EDGEIQ_PLATFORM\public\data\edgeiq_historical_meeting_feed_v1.csv","726856"
"C:\Users\trent\OneDrive\Documents\EDGEIQ_PLATFORM\public\data\edgeiq_historical_model_state_inventory_v1.csv","16164"
"C:\Users\trent\OneDrive\Documents\EDGEIQ_PLATFORM\public\data\edgeiq_historical_month_feed_v1.csv","15598"
"C:\Users\trent\OneDrive\Documents\EDGEIQ_PLATFORM\public\data\edgeiq_historical_pace_advantage_replay_v1.csv","62289029"
"C:\Users\trent\OneDrive\Documents\EDGEIQ_PLATFORM\public\data\edgeiq_historical_pace_advantage_replay_v1_rank_buckets.csv","628"
"C:\Users\trent\OneDrive\Documents\EDGEIQ_PLATFORM\public\data\edgeiq_historical_pace_advantage_replay_v1_summary.csv","1466"
"C:\Users\trent\OneDrive\Documents\EDGEIQ_PLATFORM\public\data\edgeiq_historical_pace_trust_replay_v1.csv","72324353"
"C:\Users\trent\OneDrive\Documents\EDGEIQ_PLATFORM\public\data\edgeiq_historical_pace_trust_replay_v1_rank_buckets.csv","997"
"C:\Users\trent\OneDrive\Documents\EDGEIQ_PLATFORM\public\data\edgeiq_historical_pace_trust_replay_v1_summary.csv","2149"
"C:\Users\trent\OneDrive\Documents\EDGEIQ_PLATFORM\public\data\edgeiq_historical_performance_rating_v1.csv","7523123"
"C:\Users\trent\OneDrive\Documents\EDGEIQ_PLATFORM\public\data\edgeiq_historical_performance_rating_v1_audit.csv","254"
"C:\Users\trent\OneDrive\Documents\EDGEIQ_PLATFORM\public\data\edgeiq_historical_performance_rating_v2.csv","7517322"
"C:\Users\trent\OneDrive\Documents\EDGEIQ_PLATFORM\public\data\edgeiq_historical_performance_rating_v2_1.csv","11154789"
"C:\Users\trent\OneDrive\Documents\EDGEIQ_PLATFORM\public\data\edgeiq_historical_performance_rating_v2_1_audit.csv","439"
"C:\Users\trent\OneDrive\Documents\EDGEIQ_PLATFORM\public\data\edgeiq_historical_performance_rating_v2_audit.csv","309"
"C:\Users\trent\OneDrive\Documents\EDGEIQ_PLATFORM\public\data\edgeiq_historical_performance_rating_v3.csv","17330098"
"C:\Users\trent\OneDrive\Documents\EDGEIQ_PLATFORM\public\data\edgeiq_historical_performance_rating_v3_1.csv","25729379"
"C:\Users\trent\OneDrive\Documents\EDGEIQ_PLATFORM\public\data\edgeiq_historical_performance_rating_v3_1_audit.csv","214"
"C:\Users\trent\OneDrive\Documents\EDGEIQ_PLATFORM\public\data\edgeiq_historical_performance_rating_v3_2.csv","24361700"
"C:\Users\trent\OneDrive\Documents\EDGEIQ_PLATFORM\public\data\edgeiq_historical_performance_rating_v3_2_audit.csv","229"
"C:\Users\trent\OneDrive\Documents\EDGEIQ_PLATFORM\public\data\edgeiq_historical_performance_rating_v3_2_misses.csv","11550211"
"C:\Users\trent\OneDrive\Documents\EDGEIQ_PLATFORM\public\data\edgeiq_historical_performance_rating_v3_3.csv","31375919"
"C:\Users\trent\OneDrive\Documents\EDGEIQ_PLATFORM\public\data\edgeiq_historical_performance_rating_v3_3_audit.csv","2308"
"C:\Users\trent\OneDrive\Documents\EDGEIQ_PLATFORM\public\data\edgeiq_historical_performance_rating_v3_audit.csv","3644"
"C:\Users\trent\OneDrive\Documents\EDGEIQ_PLATFORM\public\data\edgeiq_historical_performance_rating_v4.csv","30452674"
"C:\Users\trent\OneDrive\Documents\EDGEIQ_PLATFORM\public\data\edgeiq_historical_performance_rating_v4_audit.csv","630"
"C:\Users\trent\OneDrive\Documents\EDGEIQ_PLATFORM\public\data\edgeiq_historical_performance_rating_v5.csv","31066668"
"C:\Users\trent\OneDrive\Documents\EDGEIQ_PLATFORM\public\data\edgeiq_historical_performance_rating_v5_1.csv","39541419"
"C:\Users\trent\OneDrive\Documents\EDGEIQ_PLATFORM\public\data\edgeiq_historical_performance_rating_v5_1_audit.csv","3878"
"C:\Users\trent\OneDrive\Documents\EDGEIQ_PLATFORM\public\data\edgeiq_historical_performance_rating_v5_1_BACKFILLED_POWER_V1.csv","39541419"
"C:\Users\trent\OneDrive\Documents\EDGEIQ_PLATFORM\public\data\edgeiq_historical_performance_rating_v5_1_backfilled_power_v1_audit.csv","201"
"C:\Users\trent\OneDrive\Documents\EDGEIQ_PLATFORM\public\data\edgeiq_historical_performance_rating_v5_1_PRE_POWER_BACKFILL_20260615.csv","37125010"
"C:\Users\trent\OneDrive\Documents\EDGEIQ_PLATFORM\public\data\edgeiq_historical_performance_rating_v5_1_recalibration_research.csv","37920845"
"C:\Users\trent\OneDrive\Documents\EDGEIQ_PLATFORM\public\data\edgeiq_historical_performance_rating_v5_1_recalibration_research_audit.csv","2474"
"C:\Users\trent\OneDrive\Documents\EDGEIQ_PLATFORM\public\data\edgeiq_historical_performance_rating_v5_audit.csv","711"
"C:\Users\trent\OneDrive\Documents\EDGEIQ_PLATFORM\public\data\edgeiq_historical_performance_rating_v6_1_research.csv","50044942"
"C:\Users\trent\OneDrive\Documents\EDGEIQ_PLATFORM\public\data\edgeiq_historical_performance_rating_v6_1_research_audit.csv","438"
"C:\Users\trent\OneDrive\Documents\EDGEIQ_PLATFORM\public\data\edgeiq_historical_performance_rating_v6_1_research_CHECKPOINT_20260614.csv","46973907"
"C:\Users\trent\OneDrive\Documents\EDGEIQ_PLATFORM\public\data\edgeiq_historical_performance_rating_v6_1_research_CHECKPOINT_BACKFILLED_RISK_20260617.csv","50044942"
"C:\Users\trent\OneDrive\Documents\EDGEIQ_PLATFORM\public\data\edgeiq_historical_performance_rating_v6_1_research_WORKING_100_RESEARCH_10_FALLBACK_20260615.csv","50044942"
"C:\Users\trent\OneDrive\Documents\EDGEIQ_PLATFORM\public\data\edgeiq_historical_performance_rating_v6_research.csv","45303920"
"C:\Users\trent\OneDrive\Documents\EDGEIQ_PLATFORM\public\data\edgeiq_historical_performance_rating_v6_research_audit.csv","432"
"C:\Users\trent\OneDrive\Documents\EDGEIQ_PLATFORM\public\data\edgeiq_historical_probability_archive_v1.csv","30657832"
"C:\Users\trent\OneDrive\Documents\EDGEIQ_PLATFORM\public\data\edgeiq_historical_probability_archive_v1_1.csv","34124818"
"C:\Users\trent\OneDrive\Documents\EDGEIQ_PLATFORM\public\data\edgeiq_historical_probability_archive_v1_1_audit.csv","70"
"C:\Users\trent\OneDrive\Documents\EDGEIQ_PLATFORM\public\data\edgeiq_historical_probability_archive_v1_1_summary.csv","318"
"C:\Users\trent\OneDrive\Documents\EDGEIQ_PLATFORM\public\data\edgeiq_historical_probability_archive_v1_audit.csv","761"
"C:\Users\trent\OneDrive\Documents\EDGEIQ_PLATFORM\public\data\edgeiq_historical_probability_archive_v1_summary.csv","196"
"C:\Users\trent\OneDrive\Documents\EDGEIQ_PLATFORM\public\data\edgeiq_historical_race_feed_v1.csv","14536172"
"C:\Users\trent\OneDrive\Documents\EDGEIQ_PLATFORM\public\data\edgeiq_historical_race_shape_archive_v1.csv","70758813"
"C:\Users\trent\OneDrive\Documents\EDGEIQ_PLATFORM\public\data\edgeiq_historical_race_shape_archive_v1_audit.csv","539"
"C:\Users\trent\OneDrive\Documents\EDGEIQ_PLATFORM\public\data\edgeiq_historical_rail_backfill_v1.csv","7211513"
"C:\Users\trent\OneDrive\Documents\EDGEIQ_PLATFORM\public\data\edgeiq_historical_rail_backfill_v1.json","2149"
"C:\Users\trent\OneDrive\Documents\EDGEIQ_PLATFORM\public\data\edgeiq_historical_rail_backfill_v1_summary.csv","450"
"C:\Users\trent\OneDrive\Documents\EDGEIQ_PLATFORM\public\data\edgeiq_historical_rail_backfill_v1_unmatched.csv","466"
"C:\Users\trent\OneDrive\Documents\EDGEIQ_PLATFORM\public\data\edgeiq_historical_rating_recovery_apply_v1.csv","76116"
"C:\Users\trent\OneDrive\Documents\EDGEIQ_PLATFORM\public\data\edgeiq_historical_rating_recovery_apply_v1_summary.csv","405"
"C:\Users\trent\OneDrive\Documents\EDGEIQ_PLATFORM\public\data\edgeiq_historical_rating_recovery_final_v1.csv","263246"
"C:\Users\trent\OneDrive\Documents\EDGEIQ_PLATFORM\public\data\edgeiq_historical_rating_recovery_final_v1_summary.csv","698"
"C:\Users\trent\OneDrive\Documents\EDGEIQ_PLATFORM\public\data\edgeiq_historical_rating_recovery_inventory_v1.csv","187571"
"C:\Users\trent\OneDrive\Documents\EDGEIQ_PLATFORM\public\data\edgeiq_historical_rating_recovery_v1.csv","116822"
"C:\Users\trent\OneDrive\Documents\EDGEIQ_PLATFORM\public\data\edgeiq_historical_rating_recovery_v1_summary.csv","352"
"C:\Users\trent\OneDrive\Documents\EDGEIQ_PLATFORM\public\data\edgeiq_historical_replay_settled_v1.csv","40084132"
"C:\Users\trent\OneDrive\Documents\EDGEIQ_PLATFORM\public\data\edgeiq_historical_replay_settled_v1_roi_by_governance.csv","409"
"C:\Users\trent\OneDrive\Documents\EDGEIQ_PLATFORM\public\data\edgeiq_historical_replay_settled_v1_roi_by_rank.csv","352"
"C:\Users\trent\OneDrive\Documents\EDGEIQ_PLATFORM\public\data\edgeiq_historical_replay_settled_v1_roi_by_score_band.csv","508"
"C:\Users\trent\OneDrive\Documents\EDGEIQ_PLATFORM\public\data\edgeiq_historical_replay_settled_v1_summary.csv","178"
"C:\Users\trent\OneDrive\Documents\EDGEIQ_PLATFORM\public\data\edgeiq_historical_replay_v1.csv","31163817"
"C:\Users\trent\OneDrive\Documents\EDGEIQ_PLATFORM\public\data\edgeiq_historical_replay_v1_roi_by_rank.csv","614"
"C:\Users\trent\OneDrive\Documents\EDGEIQ_PLATFORM\public\data\edgeiq_historical_replay_v1_roi_by_score_band.csv","407"
"C:\Users\trent\OneDrive\Documents\EDGEIQ_PLATFORM\public\data\edgeiq_historical_replay_v1_validation_summary.csv","308"
"C:\Users\trent\OneDrive\Documents\EDGEIQ_PLATFORM\public\data\edgeiq_historical_results_warehouse_v2_graphql.csv","503457499"
"C:\Users\trent\OneDrive\Documents\EDGEIQ_PLATFORM\public\data\edgeiq_historical_results_warehouse_v2_graphql_CHECKPOINT_20260623_164849.csv","504293405"
"C:\Users\trent\OneDrive\Documents\EDGEIQ_PLATFORM\public\data\edgeiq_historical_results_warehouse_v2_graphql_quality_audit.csv","1007"
"C:\Users\trent\OneDrive\Documents\EDGEIQ_PLATFORM\public\data\edgeiq_historical_results_warehouse_v2_graphql_quality_audit_summary.csv","161"
"C:\Users\trent\OneDrive\Documents\EDGEIQ_PLATFORM\public\data\edgeiq_historical_results_warehouse_v2_graphql_summary.csv","279"
"C:\Users\trent\OneDrive\Documents\EDGEIQ_PLATFORM\public\data\edgeiq_historical_roi_by_governance_v1.csv","378"
"C:\Users\trent\OneDrive\Documents\EDGEIQ_PLATFORM\public\data\edgeiq_historical_roi_by_rank_v1.csv","364"
"C:\Users\trent\OneDrive\Documents\EDGEIQ_PLATFORM\public\data\edgeiq_historical_roi_by_score_band_v1.csv","528"
"C:\Users\trent\OneDrive\Documents\EDGEIQ_PLATFORM\public\data\edgeiq_historical_runner_feed_v1.csv","10778929"
"C:\Users\trent\OneDrive\Documents\EDGEIQ_PLATFORM\public\data\edgeiq_historical_runner_scores_v1.csv","82875227"
"C:\Users\trent\OneDrive\Documents\EDGEIQ_PLATFORM\public\data\edgeiq_historical_runner_scores_v1_audit.csv","161"
"C:\Users\trent\OneDrive\Documents\EDGEIQ_PLATFORM\public\data\edgeiq_historical_run_observation_fact_v2.csv","1043801397"
"C:\Users\trent\OneDrive\Documents\EDGEIQ_PLATFORM\public\data\edgeiq_historical_run_observation_fact_v2_CANDIDATE.csv","1043801397"
"C:\Users\trent\OneDrive\Documents\EDGEIQ_PLATFORM\public\data\edgeiq_historical_run_ratings_master_v1.csv","37832214"
"C:\Users\trent\OneDrive\Documents\EDGEIQ_PLATFORM\public\data\edgeiq_historical_run_ratings_master_v1_audit.csv","55705800"
"C:\Users\trent\OneDrive\Documents\EDGEIQ_PLATFORM\public\data\edgeiq_historical_run_ratings_master_v1_audit_summary.csv","869"
"C:\Users\trent\OneDrive\Documents\EDGEIQ_PLATFORM\public\data\edgeiq_historical_run_ratings_master_v1_summary.csv","543"
"C:\Users\trent\OneDrive\Documents\EDGEIQ_PLATFORM\public\data\edgeiq_historical_run_rating_v2.csv","1256855"
"C:\Users\trent\OneDrive\Documents\EDGEIQ_PLATFORM\public\data\edgeiq_historical_run_rating_v3.csv","18630359"
"C:\Users\trent\OneDrive\Documents\EDGEIQ_PLATFORM\public\data\edgeiq_historical_run_style_v1.csv","26429104"
"C:\Users\trent\OneDrive\Documents\EDGEIQ_PLATFORM\public\data\edgeiq_historical_run_style_v1.json","634"
"C:\Users\trent\OneDrive\Documents\EDGEIQ_PLATFORM\public\data\edgeiq_historical_run_style_v1_summary.csv","513"
"C:\Users\trent\OneDrive\Documents\EDGEIQ_PLATFORM\public\data\edgeiq_historical_signal_filter_replay_v1.csv","61804528"
"C:\Users\trent\OneDrive\Documents\EDGEIQ_PLATFORM\public\data\edgeiq_historical_signal_filter_replay_v1_by_action.csv","891"
"C:\Users\trent\OneDrive\Documents\EDGEIQ_PLATFORM\public\data\edgeiq_historical_signal_filter_replay_v1_by_governance.csv","958"
"C:\Users\trent\OneDrive\Documents\EDGEIQ_PLATFORM\public\data\edgeiq_historical_signal_filter_replay_v1_by_rank.csv","953"
"C:\Users\trent\OneDrive\Documents\EDGEIQ_PLATFORM\public\data\edgeiq_historical_signal_filter_replay_v1_by_score_band.csv","1658"
"C:\Users\trent\OneDrive\Documents\EDGEIQ_PLATFORM\public\data\edgeiq_historical_signal_filter_replay_v1_false_positive_audit.csv","2975"
"C:\Users\trent\OneDrive\Documents\EDGEIQ_PLATFORM\public\data\edgeiq_historical_signal_filter_replay_v1_summary.csv","899"
"C:\Users\trent\OneDrive\Documents\EDGEIQ_PLATFORM\public\data\edgeiq_historical_standard_times_v1.csv","956064"
"C:\Users\trent\OneDrive\Documents\EDGEIQ_PLATFORM\public\data\edgeiq_historical_standard_times_v1_audit.csv","757612"
"C:\Users\trent\OneDrive\Documents\EDGEIQ_PLATFORM\public\data\edgeiq_historical_standard_times_v1_summary.csv","394"
"C:\Users\trent\OneDrive\Documents\EDGEIQ_PLATFORM\public\data\edgeiq_historical_universe_coverage_audit_v1.csv","27863"
"C:\Users\trent\OneDrive\Documents\EDGEIQ_PLATFORM\public\data\edgeiq_historical_universe_coverage_audit_v1_summary.csv","1079"
"C:\Users\trent\OneDrive\Documents\EDGEIQ_PLATFORM\public\data\edgeiq_historical_validation_summary_v1.csv","201"
"C:\Users\trent\OneDrive\Documents\EDGEIQ_PLATFORM\public\data\edgeiq_historical_year_feed_v1.csv","1545"
"C:\Users\trent\OneDrive\Documents\EDGEIQ_PLATFORM\public\data\edgeiq_history_detail_source_inventory_v1.csv","156323"
"C:\Users\trent\OneDrive\Documents\EDGEIQ_PLATFORM\public\data\edgeiq_history_frontend_join_audit_v1.csv","3138"
"C:\Users\trent\OneDrive\Documents\EDGEIQ_PLATFORM\public\data\edgeiq_history_frontend_join_audit_v1_summary.csv","914"
"C:\Users\trent\OneDrive\Documents\EDGEIQ_PLATFORM\public\data\edgeiq_horse_alias_engine_v1.csv","824262"
"C:\Users\trent\OneDrive\Documents\EDGEIQ_PLATFORM\public\data\edgeiq_horse_archetype_engine_v1.csv","3442075"
"C:\Users\trent\OneDrive\Documents\EDGEIQ_PLATFORM\public\data\edgeiq_horse_archetype_engine_v1_audit.csv","4606092"
"C:\Users\trent\OneDrive\Documents\EDGEIQ_PLATFORM\public\data\edgeiq_horse_archetype_engine_v1_audit_summary.csv","1201"
"C:\Users\trent\OneDrive\Documents\EDGEIQ_PLATFORM\public\data\edgeiq_horse_archetype_engine_v1_summary.csv","1180"
"C:\Users\trent\OneDrive\Documents\EDGEIQ_PLATFORM\public\data\edgeiq_horse_career_intelligence_v1.csv","4365903"
"C:\Users\trent\OneDrive\Documents\EDGEIQ_PLATFORM\public\data\edgeiq_horse_career_intelligence_v1_audit.csv","3161720"
"C:\Users\trent\OneDrive\Documents\EDGEIQ_PLATFORM\public\data\edgeiq_horse_career_intelligence_v1_audit_summary.csv","441"
"C:\Users\trent\OneDrive\Documents\EDGEIQ_PLATFORM\public\data\edgeiq_horse_career_intelligence_v1_summary.csv","392"
"C:\Users\trent\OneDrive\Documents\EDGEIQ_PLATFORM\public\data\edgeiq_horse_context_engine_v2.csv","517528"
"C:\Users\trent\OneDrive\Documents\EDGEIQ_PLATFORM\public\data\edgeiq_horse_context_engine_v2_summary.csv","241"
"C:\Users\trent\OneDrive\Documents\EDGEIQ_PLATFORM\public\data\edgeiq_horse_context_research_v1.csv","3425609"
"C:\Users\trent\OneDrive\Documents\EDGEIQ_PLATFORM\public\data\edgeiq_horse_context_research_v1_summary.csv","177"
"C:\Users\trent\OneDrive\Documents\EDGEIQ_PLATFORM\public\data\edgeiq_horse_dna_match_coverage_v1.csv","68451"
"C:\Users\trent\OneDrive\Documents\EDGEIQ_PLATFORM\public\data\edgeiq_horse_dna_match_coverage_v1_summary.csv","4753"
"C:\Users\trent\OneDrive\Documents\EDGEIQ_PLATFORM\public\data\edgeiq_horse_dna_v1.csv","588773"
"C:\Users\trent\OneDrive\Documents\EDGEIQ_PLATFORM\public\data\edgeiq_horse_dna_v1_audit.csv","9761"
"C:\Users\trent\OneDrive\Documents\EDGEIQ_PLATFORM\public\data\edgeiq_horse_dna_v2.csv","700390"
"C:\Users\trent\OneDrive\Documents\EDGEIQ_PLATFORM\public\data\edgeiq_horse_dna_v2_audit.csv","1109"
"C:\Users\trent\OneDrive\Documents\EDGEIQ_PLATFORM\public\data\edgeiq_horse_energy_profile_v1.csv","748716"
"C:\Users\trent\OneDrive\Documents\EDGEIQ_PLATFORM\public\data\edgeiq_horse_energy_profile_v1_diagnostics.csv","153"
"C:\Users\trent\OneDrive\Documents\EDGEIQ_PLATFORM\public\data\edgeiq_horse_energy_proxy_v1.csv","641012"
"C:\Users\trent\OneDrive\Documents\EDGEIQ_PLATFORM\public\data\edgeiq_horse_energy_proxy_v1_diagnostics.csv","142"
"C:\Users\trent\OneDrive\Documents\EDGEIQ_PLATFORM\public\data\edgeiq_horse_genome_v1.csv","48312"
"C:\Users\trent\OneDrive\Documents\EDGEIQ_PLATFORM\public\data\edgeiq_horse_genome_v1_audit.csv","235"
"C:\Users\trent\OneDrive\Documents\EDGEIQ_PLATFORM\public\data\edgeiq_horse_genome_v2.csv","1637641"
"C:\Users\trent\OneDrive\Documents\EDGEIQ_PLATFORM\public\data\edgeiq_horse_genome_v2_audit.csv","306"
"C:\Users\trent\OneDrive\Documents\EDGEIQ_PLATFORM\public\data\edgeiq_horse_genome_v3.csv","4682796"
"C:\Users\trent\OneDrive\Documents\EDGEIQ_PLATFORM\public\data\edgeiq_horse_genome_v3_audit.csv","326"
"C:\Users\trent\OneDrive\Documents\EDGEIQ_PLATFORM\public\data\edgeiq_horse_intelligence_drawer_current.csv","163443"
"C:\Users\trent\OneDrive\Documents\EDGEIQ_PLATFORM\public\data\edgeiq_horse_intelligence_drawer_current_summary.csv","191"
"C:\Users\trent\OneDrive\Documents\EDGEIQ_PLATFORM\public\data\edgeiq_horse_intelligence_drawer_v1.csv","427245"
"C:\Users\trent\OneDrive\Documents\EDGEIQ_PLATFORM\public\data\edgeiq_horse_intelligence_drawer_v1_BACKUP_PRE_GOVERNANCE.csv","397622"
"C:\Users\trent\OneDrive\Documents\EDGEIQ_PLATFORM\public\data\edgeiq_horse_intelligence_drawer_v1_PRE_V2_PROFILE_PROMOTION_20260617.csv","108437"
"C:\Users\trent\OneDrive\Documents\EDGEIQ_PLATFORM\public\data\edgeiq_horse_intelligence_drawer_v1_summary.csv","468"
"C:\Users\trent\OneDrive\Documents\EDGEIQ_PLATFORM\public\data\edgeiq_horse_intelligence_drawer_v1_updated.csv","422331"
"C:\Users\trent\OneDrive\Documents\EDGEIQ_PLATFORM\public\data\edgeiq_horse_intelligence_drawer_v2.csv","163443"
"C:\Users\trent\OneDrive\Documents\EDGEIQ_PLATFORM\public\data\edgeiq_horse_intelligence_drawer_v2_summary.csv","191"
"C:\Users\trent\OneDrive\Documents\EDGEIQ_PLATFORM\public\data\edgeiq_horse_intelligence_v1.csv","168562"
"C:\Users\trent\OneDrive\Documents\EDGEIQ_PLATFORM\public\data\edgeiq_horse_intelligence_v1_summary.csv","161"
"C:\Users\trent\OneDrive\Documents\EDGEIQ_PLATFORM\public\data\edgeiq_horse_intelligence_v2.csv","597999"
"C:\Users\trent\OneDrive\Documents\EDGEIQ_PLATFORM\public\data\edgeiq_horse_intelligence_v2_summary.csv","437"
"C:\Users\trent\OneDrive\Documents\EDGEIQ_PLATFORM\public\data\edgeiq_horse_performance_aggregate_fact_v1.csv","762912"
"C:\Users\trent\OneDrive\Documents\EDGEIQ_PLATFORM\public\data\edgeiq_horse_performance_aggregate_fact_v1_audit.json","3656"
"C:\Users\trent\OneDrive\Documents\EDGEIQ_PLATFORM\public\data\edgeiq_horse_performance_aggregation_parameter_fact_v1.csv","886"
"C:\Users\trent\OneDrive\Documents\EDGEIQ_PLATFORM\public\data\edgeiq_horse_performance_aggregation_parameter_fact_v1_audit.json","2412"
"C:\Users\trent\OneDrive\Documents\EDGEIQ_PLATFORM\public\data\edgeiq_horse_performance_observation_fact_v1.csv","38841780"
"C:\Users\trent\OneDrive\Documents\EDGEIQ_PLATFORM\public\data\edgeiq_horse_performance_observation_fact_v1_audit.json","3474"
"C:\Users\trent\OneDrive\Documents\EDGEIQ_PLATFORM\public\data\edgeiq_horse_performance_observation_fact_v1_rejections.csv","232"
"C:\Users\trent\OneDrive\Documents\EDGEIQ_PLATFORM\public\data\edgeiq_horse_performance_profile_fact_v1.csv","696"
"C:\Users\trent\OneDrive\Documents\EDGEIQ_PLATFORM\public\data\edgeiq_horse_performance_profile_fact_v1_audit.json","3838"
"C:\Users\trent\OneDrive\Documents\EDGEIQ_PLATFORM\public\data\edgeiq_horse_performance_rating_fact_v1.csv","674577"
"C:\Users\trent\OneDrive\Documents\EDGEIQ_PLATFORM\public\data\edgeiq_horse_performance_rating_fact_v1_audit.json","3122"
"C:\Users\trent\OneDrive\Documents\EDGEIQ_PLATFORM\public\data\edgeiq_horse_performance_rating_fact_v1_CANDIDATE.csv","12702"
"C:\Users\trent\OneDrive\Documents\EDGEIQ_PLATFORM\public\data\edgeiq_horse_profile_current.csv","7255570"
"C:\Users\trent\OneDrive\Documents\EDGEIQ_PLATFORM\public\data\edgeiq_horse_profile_v1.csv","4830987"
"C:\Users\trent\OneDrive\Documents\EDGEIQ_PLATFORM\public\data\edgeiq_horse_profile_v2.csv","4565197"
"C:\Users\trent\OneDrive\Documents\EDGEIQ_PLATFORM\public\data\edgeiq_horse_profile_v3.csv","7255570"
"C:\Users\trent\OneDrive\Documents\EDGEIQ_PLATFORM\public\data\edgeiq_horse_projection_engine_v1.csv","2449259"
"C:\Users\trent\OneDrive\Documents\EDGEIQ_PLATFORM\public\data\edgeiq_horse_projection_engine_v1_audit.csv","2807424"
"C:\Users\trent\OneDrive\Documents\EDGEIQ_PLATFORM\public\data\edgeiq_horse_projection_engine_v1_audit_summary.csv","889"
"C:\Users\trent\OneDrive\Documents\EDGEIQ_PLATFORM\public\data\edgeiq_horse_projection_engine_v1_summary.csv","925"
"C:\Users\trent\OneDrive\Documents\EDGEIQ_PLATFORM\public\data\edgeiq_horse_results_power_ratings_v1.csv","997351"
"C:\Users\trent\OneDrive\Documents\EDGEIQ_PLATFORM\public\data\edgeiq_horse_results_strength_profile_v3.csv","2029597"
"C:\Users\trent\OneDrive\Documents\EDGEIQ_PLATFORM\public\data\edgeiq_horse_stage_of_prep_engine_v1.csv","2051115"
"C:\Users\trent\OneDrive\Documents\EDGEIQ_PLATFORM\public\data\edgeiq_horse_stage_of_prep_engine_v2_graphql.csv","38218860"
"C:\Users\trent\OneDrive\Documents\EDGEIQ_PLATFORM\public\data\edgeiq_horse_trajectory_engine_v1.csv","3084106"
"C:\Users\trent\OneDrive\Documents\EDGEIQ_PLATFORM\public\data\edgeiq_horse_trajectory_engine_v1_audit.csv","3495969"
"C:\Users\trent\OneDrive\Documents\EDGEIQ_PLATFORM\public\data\edgeiq_horse_trajectory_engine_v1_audit_summary.csv","966"
"C:\Users\trent\OneDrive\Documents\EDGEIQ_PLATFORM\public\data\edgeiq_horse_trajectory_engine_v1_summary.csv","1078"
"C:\Users\trent\OneDrive\Documents\EDGEIQ_PLATFORM\public\data\edgeiq_horse_universe_audit_v1.csv","2591163"
"C:\Users\trent\OneDrive\Documents\EDGEIQ_PLATFORM\public\data\edgeiq_horse_universe_audit_v1_summary.csv","388"
"C:\Users\trent\OneDrive\Documents\EDGEIQ_PLATFORM\public\data\edgeiq_horse_view_engine_v1.csv","149699"
"C:\Users\trent\OneDrive\Documents\EDGEIQ_PLATFORM\public\data\edgeiq_horse_view_engine_v1_summary.csv","279"
"C:\Users\trent\OneDrive\Documents\EDGEIQ_PLATFORM\public\data\edgeiq_hypothesis_engine_v1.csv","14717"
"C:\Users\trent\OneDrive\Documents\EDGEIQ_PLATFORM\public\data\edgeiq_ia_reset_home_restore_v1_audit.csv","56"
"C:\Users\trent\OneDrive\Documents\EDGEIQ_PLATFORM\public\data\edgeiq_ia_reset_home_restore_v1_audit_summary.csv","90"
"C:\Users\trent\OneDrive\Documents\EDGEIQ_PLATFORM\public\data\edgeiq_ia_reset_home_restore_v1_summary.csv","115"
"C:\Users\trent\OneDrive\Documents\EDGEIQ_PLATFORM\public\data\edgeiq_identity_match_audit_summary_v1.csv","214"
"C:\Users\trent\OneDrive\Documents\EDGEIQ_PLATFORM\public\data\edgeiq_identity_match_audit_v1.csv","1681"
"C:\Users\trent\OneDrive\Documents\EDGEIQ_PLATFORM\public\data\edgeiq_iframe_dom_candidates_v1.csv","49653"
"C:\Users\trent\OneDrive\Documents\EDGEIQ_PLATFORM\public\data\edgeiq_incremental_performance_refresh_v1_summary.json","115"
"C:\Users\trent\OneDrive\Documents\EDGEIQ_PLATFORM\public\data\edgeiq_individual_race_results_v1_audit.json","421"
"C:\Users\trent\OneDrive\Documents\EDGEIQ_PLATFORM\public\data\edgeiq_insights_data_contract_v1_audit.json","403"
"C:\Users\trent\OneDrive\Documents\EDGEIQ_PLATFORM\public\data\edgeiq_insights_engineering_build_v1_audit.json","477"
"C:\Users\trent\OneDrive\Documents\EDGEIQ_PLATFORM\public\data\edgeiq_insights_explainability_v1_audit.json","525"
"C:\Users\trent\OneDrive\Documents\EDGEIQ_PLATFORM\public\data\edgeiq_insights_performance_feed_v1.csv","19340003"
"C:\Users\trent\OneDrive\Documents\EDGEIQ_PLATFORM\public\data\edgeiq_insights_terminal_feed_summary_v1.csv","116"
"C:\Users\trent\OneDrive\Documents\EDGEIQ_PLATFORM\public\data\edgeiq_insights_terminal_feed_v1.csv","62497"
"C:\Users\trent\OneDrive\Documents\EDGEIQ_PLATFORM\public\data\edgeiq_insights_visual_structure_v1_audit.json","400"
"C:\Users\trent\OneDrive\Documents\EDGEIQ_PLATFORM\public\data\edgeiq_intelligence_command_ui_visibility_v1.csv","3888"
"C:\Users\trent\OneDrive\Documents\EDGEIQ_PLATFORM\public\data\edgeiq_intelligence_command_ui_visibility_v1_summary.csv","599"
"C:\Users\trent\OneDrive\Documents\EDGEIQ_PLATFORM\public\data\edgeiq_intelligence_display_columns_audit_v1.csv","37737"
"C:\Users\trent\OneDrive\Documents\EDGEIQ_PLATFORM\public\data\edgeiq_intelligence_display_columns_audit_v1_WORKING_LIMITED_SCORE_AUDITED_20260616.csv","37737"
"C:\Users\trent\OneDrive\Documents\EDGEIQ_PLATFORM\public\data\edgeiq_intelligence_display_columns_summary_v1.csv","674"
"C:\Users\trent\OneDrive\Documents\EDGEIQ_PLATFORM\public\data\edgeiq_intelligence_display_columns_summary_v1_WORKING_LIMITED_SCORE_AUDITED_20260616.csv","674"
"C:\Users\trent\OneDrive\Documents\EDGEIQ_PLATFORM\public\data\edgeiq_intelligence_evidence_sources_v1.csv","128858"
"C:\Users\trent\OneDrive\Documents\EDGEIQ_PLATFORM\public\data\edgeiq_intelligence_evidence_sources_v1_summary.csv","691"
"C:\Users\trent\OneDrive\Documents\EDGEIQ_PLATFORM\public\data\edgeiq_intelligence_inventory_v1.csv","2287"
"C:\Users\trent\OneDrive\Documents\EDGEIQ_PLATFORM\public\data\edgeiq_intelligence_inventory_v1_summary.csv","124"
"C:\Users\trent\OneDrive\Documents\EDGEIQ_PLATFORM\public\data\edgeiq_intelligence_join_health_summary_v1.csv","277"
"C:\Users\trent\OneDrive\Documents\EDGEIQ_PLATFORM\public\data\edgeiq_intelligence_join_health_v1.csv","9173"
"C:\Users\trent\OneDrive\Documents\EDGEIQ_PLATFORM\public\data\edgeiq_intelligence_mode_engine_v1.csv","3723"
"C:\Users\trent\OneDrive\Documents\EDGEIQ_PLATFORM\public\data\edgeiq_intelligence_mode_engine_v1_summary.csv","263"
"C:\Users\trent\OneDrive\Documents\EDGEIQ_PLATFORM\public\data\edgeiq_intelligence_mode_engine_v2.csv","7314"
"C:\Users\trent\OneDrive\Documents\EDGEIQ_PLATFORM\public\data\edgeiq_intelligence_mode_engine_v2_summary.csv","274"
"C:\Users\trent\OneDrive\Documents\EDGEIQ_PLATFORM\public\data\edgeiq_intelligence_score_engine_v1.csv","188488"
"C:\Users\trent\OneDrive\Documents\EDGEIQ_PLATFORM\public\data\edgeiq_intelligence_score_engine_v1_1.csv","264154"
"C:\Users\trent\OneDrive\Documents\EDGEIQ_PLATFORM\public\data\edgeiq_intelligence_score_engine_v1_1_audit.csv","584"
"C:\Users\trent\OneDrive\Documents\EDGEIQ_PLATFORM\public\data\edgeiq_intelligence_score_engine_v1_1_summary.csv","240"
"C:\Users\trent\OneDrive\Documents\EDGEIQ_PLATFORM\public\data\edgeiq_intelligence_score_engine_v1_CHECKPOINT_BEFORE_DNA_20260623.csv","188488"
"C:\Users\trent\OneDrive\Documents\EDGEIQ_PLATFORM\public\data\edgeiq_intelligence_score_engine_v1_dna_join_audit.csv","301"
"C:\Users\trent\OneDrive\Documents\EDGEIQ_PLATFORM\public\data\edgeiq_intelligence_score_engine_v1_summary.csv","202"
"C:\Users\trent\OneDrive\Documents\EDGEIQ_PLATFORM\public\data\edgeiq_intelligence_screen_hierarchy_recommendation_v1.csv","1770"
"C:\Users\trent\OneDrive\Documents\EDGEIQ_PLATFORM\public\data\edgeiq_intelligence_summary_engine_v1.csv","68645"
"C:\Users\trent\OneDrive\Documents\EDGEIQ_PLATFORM\public\data\edgeiq_intelligence_summary_engine_v1_1.csv","65121"
"C:\Users\trent\OneDrive\Documents\EDGEIQ_PLATFORM\public\data\edgeiq_intelligence_summary_engine_v1_1_CHECKPOINT_20260624.csv","65121"
"C:\Users\trent\OneDrive\Documents\EDGEIQ_PLATFORM\public\data\edgeiq_intelligence_summary_engine_v1_1_summary.csv","128"
"C:\Users\trent\OneDrive\Documents\EDGEIQ_PLATFORM\public\data\edgeiq_intelligence_summary_engine_v1_2.csv","62559"
"C:\Users\trent\OneDrive\Documents\EDGEIQ_PLATFORM\public\data\edgeiq_intelligence_summary_engine_v1_2_summary.csv","64"
"C:\Users\trent\OneDrive\Documents\EDGEIQ_PLATFORM\public\data\edgeiq_intelligence_summary_engine_v1_summary.csv","112"
"C:\Users\trent\OneDrive\Documents\EDGEIQ_PLATFORM\public\data\edgeiq_intelligence_synthesis_engine_v1.csv","58691"
"C:\Users\trent\OneDrive\Documents\EDGEIQ_PLATFORM\public\data\edgeiq_intelligence_synthesis_engine_v1_audit.csv","21823"
"C:\Users\trent\OneDrive\Documents\EDGEIQ_PLATFORM\public\data\edgeiq_intelligence_synthesis_engine_v1_summary.csv","176"
"C:\Users\trent\OneDrive\Documents\EDGEIQ_PLATFORM\public\data\edgeiq_intelligence_tab_completion_v1.csv","7429"
"C:\Users\trent\OneDrive\Documents\EDGEIQ_PLATFORM\public\data\edgeiq_intelligence_tab_completion_v1_summary.csv","508"
"C:\Users\trent\OneDrive\Documents\EDGEIQ_PLATFORM\public\data\edgeiq_intelligence_terminal_v1_summary.csv","144"
"C:\Users\trent\OneDrive\Documents\EDGEIQ_PLATFORM\public\data\edgeiq_intelligence_ui_content_inventory_v1.csv","9439"
"C:\Users\trent\OneDrive\Documents\EDGEIQ_PLATFORM\public\data\edgeiq_intelligence_ui_content_inventory_v1_summary.csv","610"
"C:\Users\trent\OneDrive\Documents\EDGEIQ_PLATFORM\public\data\edgeiq_intelligence_ui_population_audit_summary_v1.csv","1072"
"C:\Users\trent\OneDrive\Documents\EDGEIQ_PLATFORM\public\data\edgeiq_intelligence_ui_population_audit_v1.csv","11464"
"C:\Users\trent\OneDrive\Documents\EDGEIQ_PLATFORM\public\data\edgeiq_intelligence_ui_refactor_plan_v1.csv","1798"
"C:\Users\trent\OneDrive\Documents\EDGEIQ_PLATFORM\public\data\edgeiq_interaction_signal_comparison_v1.csv","14967"
"C:\Users\trent\OneDrive\Documents\EDGEIQ_PLATFORM\public\data\edgeiq_interaction_signal_comparison_v1_summary.csv","480"
"C:\Users\trent\OneDrive\Documents\EDGEIQ_PLATFORM\public\data\edgeiq_jockey_canonical_quality_v3.csv","24077"
"C:\Users\trent\OneDrive\Documents\EDGEIQ_PLATFORM\public\data\edgeiq_jockey_context_research_v1.csv","739335"
"C:\Users\trent\OneDrive\Documents\EDGEIQ_PLATFORM\public\data\edgeiq_jockey_context_research_v1_summary.csv","226"
"C:\Users\trent\OneDrive\Documents\EDGEIQ_PLATFORM\public\data\edgeiq_jockey_context_research_v2.csv","707794"
"C:\Users\trent\OneDrive\Documents\EDGEIQ_PLATFORM\public\data\edgeiq_jockey_context_research_v2_summary.csv","189"
"C:\Users\trent\OneDrive\Documents\EDGEIQ_PLATFORM\public\data\edgeiq_jockey_crosswalk_master_v1.csv","5460"
"C:\Users\trent\OneDrive\Documents\EDGEIQ_PLATFORM\public\data\edgeiq_jockey_crosswalk_master_v1_summary.csv","259"
"C:\Users\trent\OneDrive\Documents\EDGEIQ_PLATFORM\public\data\edgeiq_jockey_factor_v1.csv","30473"
"C:\Users\trent\OneDrive\Documents\EDGEIQ_PLATFORM\public\data\edgeiq_jockey_flip_races_v1.csv","95911"
"C:\Users\trent\OneDrive\Documents\EDGEIQ_PLATFORM\public\data\edgeiq_jockey_flip_races_v1_summary.csv","179"
"C:\Users\trent\OneDrive\Documents\EDGEIQ_PLATFORM\public\data\edgeiq_jockey_match_failures_v1.csv","1440"
"C:\Users\trent\OneDrive\Documents\EDGEIQ_PLATFORM\public\data\edgeiq_jockey_name_crosswalk_v1.csv","7733"
"C:\Users\trent\OneDrive\Documents\EDGEIQ_PLATFORM\public\data\edgeiq_jockey_name_crosswalk_v1_summary.csv","356"
"C:\Users\trent\OneDrive\Documents\EDGEIQ_PLATFORM\public\data\edgeiq_jockey_quality_audit_v1.csv","52521"
"C:\Users\trent\OneDrive\Documents\EDGEIQ_PLATFORM\public\data\edgeiq_jockey_recent_form_engine_v1.csv","315309"
"C:\Users\trent\OneDrive\Documents\EDGEIQ_PLATFORM\public\data\edgeiq_jockey_run_style_engine_v1.csv","84927"
"C:\Users\trent\OneDrive\Documents\EDGEIQ_PLATFORM\public\data\edgeiq_jockey_score_bucket_flip_analysis_v1.csv","87427"
"C:\Users\trent\OneDrive\Documents\EDGEIQ_PLATFORM\public\data\edgeiq_jockey_score_bucket_flip_analysis_v1_summary.csv","498"
"C:\Users\trent\OneDrive\Documents\EDGEIQ_PLATFORM\public\data\edgeiq_jockey_track_profiles_graphql_v1.csv","162632"
"C:\Users\trent\OneDrive\Documents\EDGEIQ_PLATFORM\public\data\edgeiq_jockey_universe_audit_v1.csv","77485"
"C:\Users\trent\OneDrive\Documents\EDGEIQ_PLATFORM\public\data\edgeiq_jockey_universe_audit_v1_summary.csv","413"
"C:\Users\trent\OneDrive\Documents\EDGEIQ_PLATFORM\public\data\edgeiq_jockey_view_engine_v1.csv","434435"
"C:\Users\trent\OneDrive\Documents\EDGEIQ_PLATFORM\public\data\edgeiq_jockey_view_engine_v1_summary.csv","142"
"C:\Users\trent\OneDrive\Documents\EDGEIQ_PLATFORM\public\data\edgeiq_jockey_warehouse_v1.csv","13166"
"C:\Users\trent\OneDrive\Documents\EDGEIQ_PLATFORM\public\data\edgeiq_lab_price_engine_feed_summary_v1.csv","86"
"C:\Users\trent\OneDrive\Documents\EDGEIQ_PLATFORM\public\data\edgeiq_lab_price_engine_feed_v1.csv","22169"
"C:\Users\trent\OneDrive\Documents\EDGEIQ_PLATFORM\public\data\edgeiq_ladbrokes_active_market_refresh_v1_summary.csv","154"
"C:\Users\trent\OneDrive\Documents\EDGEIQ_PLATFORM\public\data\edgeiq_ladbrokes_affiliate_current_match_proof_v1.csv","68991"
"C:\Users\trent\OneDrive\Documents\EDGEIQ_PLATFORM\public\data\edgeiq_ladbrokes_affiliate_market_adapter_v1_audit.csv","5128"
"C:\Users\trent\OneDrive\Documents\EDGEIQ_PLATFORM\public\data\edgeiq_ladbrokes_affiliate_market_adapter_v1_quality_audit.csv","3574"
"C:\Users\trent\OneDrive\Documents\EDGEIQ_PLATFORM\public\data\edgeiq_ladbrokes_affiliate_market_adapter_v1_quality_summary.csv","160"
"C:\Users\trent\OneDrive\Documents\EDGEIQ_PLATFORM\public\data\edgeiq_ladbrokes_affiliate_market_adapter_v1_summary.csv","332"
"C:\Users\trent\OneDrive\Documents\EDGEIQ_PLATFORM\public\data\edgeiq_ladbrokes_affiliate_market_runtime_v1.csv","285294"
"C:\Users\trent\OneDrive\Documents\EDGEIQ_PLATFORM\public\data\edgeiq_ladbrokes_affiliate_market_runtime_v1.json","847193"
"C:\Users\trent\OneDrive\Documents\EDGEIQ_PLATFORM\public\data\edgeiq_ladbrokes_clean_latest_v1.csv","457269"
"C:\Users\trent\OneDrive\Documents\EDGEIQ_PLATFORM\public\data\edgeiq_ladbrokes_market_feed_v1.csv","219832"
"C:\Users\trent\OneDrive\Documents\EDGEIQ_PLATFORM\public\data\edgeiq_late_speed_v1_1_gap_audit.csv","47389"
"C:\Users\trent\OneDrive\Documents\EDGEIQ_PLATFORM\public\data\edgeiq_leader_profile_signal_replay_v1.csv","935294"
"C:\Users\trent\OneDrive\Documents\EDGEIQ_PLATFORM\public\data\edgeiq_leader_profile_signal_replay_v1_leakage_audit.csv","791"
"C:\Users\trent\OneDrive\Documents\EDGEIQ_PLATFORM\public\data\edgeiq_leader_profile_signal_replay_v1_slices.csv","9727"
"C:\Users\trent\OneDrive\Documents\EDGEIQ_PLATFORM\public\data\edgeiq_leader_profile_signal_replay_v1_summary.csv","924"
"C:\Users\trent\OneDrive\Documents\EDGEIQ_PLATFORM\public\data\edgeiq_lengths_per_point_engine_summary_v1.csv","132"
"C:\Users\trent\OneDrive\Documents\EDGEIQ_PLATFORM\public\data\edgeiq_lengths_per_point_engine_v1.csv","74990"
"C:\Users\trent\OneDrive\Documents\EDGEIQ_PLATFORM\public\data\edgeiq_lengths_standard_condition_rejection_audit_v1.csv","2298787"
"C:\Users\trent\OneDrive\Documents\EDGEIQ_PLATFORM\public\data\edgeiq_lengths_standard_condition_rejection_audit_v1_summary.json","842"
"C:\Users\trent\OneDrive\Documents\EDGEIQ_PLATFORM\public\data\edgeiq_lengths_versus_standard_fact_v1.csv","35403638"
"C:\Users\trent\OneDrive\Documents\EDGEIQ_PLATFORM\public\data\edgeiq_lengths_versus_standard_fact_v1_audit.json","3485"
"C:\Users\trent\OneDrive\Documents\EDGEIQ_PLATFORM\public\data\edgeiq_lengths_versus_standard_fact_v1_PRE_SURFACE_CONDITION_MIGRATION_20260729.csv","123887"
"C:\Users\trent\OneDrive\Documents\EDGEIQ_PLATFORM\public\data\edgeiq_lengths_versus_standard_fact_v1_rejections.csv","482436"
"C:\Users\trent\OneDrive\Documents\EDGEIQ_PLATFORM\public\data\edgeiq_lengths_versus_standard_fact_v1_summary.json","423"
"C:\Users\trent\OneDrive\Documents\EDGEIQ_PLATFORM\public\data\edgeiq_lengths_versus_standard_recovered_v1.csv","35396235"
"C:\Users\trent\OneDrive\Documents\EDGEIQ_PLATFORM\public\data\edgeiq_lengths_versus_standard_recovered_v1_rejections.csv","482569"
"C:\Users\trent\OneDrive\Documents\EDGEIQ_PLATFORM\public\data\edgeiq_length_conversion_parameter_fact_v1.csv","286"
"C:\Users\trent\OneDrive\Documents\EDGEIQ_PLATFORM\public\data\edgeiq_length_conversion_parameter_fact_v1_audit.json","2166"
"C:\Users\trent\OneDrive\Documents\EDGEIQ_PLATFORM\public\data\edgeiq_length_conversion_parameter_fact_v2.csv","2522"
"C:\Users\trent\OneDrive\Documents\EDGEIQ_PLATFORM\public\data\edgeiq_length_conversion_parameter_fact_v2_audit.json","2160"
"C:\Users\trent\OneDrive\Documents\EDGEIQ_PLATFORM\public\data\edgeiq_light_design_system_v3_audit.csv","731"
"C:\Users\trent\OneDrive\Documents\EDGEIQ_PLATFORM\public\data\edgeiq_light_design_system_v3_audit_summary.csv","38"
"C:\Users\trent\OneDrive\Documents\EDGEIQ_PLATFORM\public\data\edgeiq_light_shape_v1_1_calibration.csv","13167"
"C:\Users\trent\OneDrive\Documents\EDGEIQ_PLATFORM\public\data\edgeiq_light_shape_v1_1_summary.csv","822"
"C:\Users\trent\OneDrive\Documents\EDGEIQ_PLATFORM\public\data\edgeiq_limited_data_market_adjusted_v1.csv","70004"
"C:\Users\trent\OneDrive\Documents\EDGEIQ_PLATFORM\public\data\edgeiq_limited_data_market_adjusted_v1_summary.csv","214"
"C:\Users\trent\OneDrive\Documents\EDGEIQ_PLATFORM\public\data\edgeiq_live_bets.csv","2582167"
"C:\Users\trent\OneDrive\Documents\EDGEIQ_PLATFORM\public\data\edgeiq_live_bet_quality_research_replay_v1.csv","21304"
"C:\Users\trent\OneDrive\Documents\EDGEIQ_PLATFORM\public\data\edgeiq_live_bet_quality_research_replay_v1_summary.csv","230"
"C:\Users\trent\OneDrive\Documents\EDGEIQ_PLATFORM\public\data\edgeiq_live_bet_quality_v1_1.csv","57010"
"C:\Users\trent\OneDrive\Documents\EDGEIQ_PLATFORM\public\data\edgeiq_live_bet_quality_v1_1.json","418"
"C:\Users\trent\OneDrive\Documents\EDGEIQ_PLATFORM\public\data\edgeiq_live_bet_quality_v1_1_summary.csv","331"
"C:\Users\trent\OneDrive\Documents\EDGEIQ_PLATFORM\public\data\edgeiq_live_blank_jockey_v2.csv","15930"
"C:\Users\trent\OneDrive\Documents\EDGEIQ_PLATFORM\public\data\edgeiq_live_blank_jockey_v2.json","1038"
"C:\Users\trent\OneDrive\Documents\EDGEIQ_PLATFORM\public\data\edgeiq_live_blank_jockey_v2_by_race.csv","1475"
"C:\Users\trent\OneDrive\Documents\EDGEIQ_PLATFORM\public\data\edgeiq_live_blank_jockey_v2_by_track.csv","122"
"C:\Users\trent\OneDrive\Documents\EDGEIQ_PLATFORM\public\data\edgeiq_live_blank_jockey_v2_summary.csv","304"
"C:\Users\trent\OneDrive\Documents\EDGEIQ_PLATFORM\public\data\edgeiq_live_class_dna_v1.csv","20528"
"C:\Users\trent\OneDrive\Documents\EDGEIQ_PLATFORM\public\data\edgeiq_live_class_dna_v2.csv","22415"
"C:\Users\trent\OneDrive\Documents\EDGEIQ_PLATFORM\public\data\edgeiq_live_class_dna_v3.csv","96314"
"C:\Users\trent\OneDrive\Documents\EDGEIQ_PLATFORM\public\data\edgeiq_live_class_dna_v3_CHECKPOINT_20260625_PRE_DNA_REFRESH.csv","93081"
"C:\Users\trent\OneDrive\Documents\EDGEIQ_PLATFORM\public\data\edgeiq_live_condition_dna_v1.csv","64872"
"C:\Users\trent\OneDrive\Documents\EDGEIQ_PLATFORM\public\data\edgeiq_live_condition_dna_v1_CHECKPOINT_20260625_PRE_DNA_REFRESH.csv","61362"
"C:\Users\trent\OneDrive\Documents\EDGEIQ_PLATFORM\public\data\edgeiq_live_context_signal_feed_v2_graphql.csv","24343"
"C:\Users\trent\OneDrive\Documents\EDGEIQ_PLATFORM\public\data\edgeiq_live_context_signal_feed_v2_graphql_CHECKPOINT_20260623_165745.csv","24343"
"C:\Users\trent\OneDrive\Documents\EDGEIQ_PLATFORM\public\data\edgeiq_live_context_signal_feed_v2_graphql_summary.csv","160"
"C:\Users\trent\OneDrive\Documents\EDGEIQ_PLATFORM\public\data\edgeiq_live_distance_dna_v1.csv","57895"
"C:\Users\trent\OneDrive\Documents\EDGEIQ_PLATFORM\public\data\edgeiq_live_distance_dna_v1_CHECKPOINT_20260625_PRE_DNA_REFRESH.csv","71084"
"C:\Users\trent\OneDrive\Documents\EDGEIQ_PLATFORM\public\data\edgeiq_live_distance_profile_fix_v1.csv","39407"
"C:\Users\trent\OneDrive\Documents\EDGEIQ_PLATFORM\public\data\edgeiq_live_dna_factor_alignment_v1.csv","2509"
"C:\Users\trent\OneDrive\Documents\EDGEIQ_PLATFORM\public\data\edgeiq_live_dna_factor_alignment_v1_summary.csv","261"
"C:\Users\trent\OneDrive\Documents\EDGEIQ_PLATFORM\public\data\edgeiq_live_dna_quality_audit_v1.csv","214"
"C:\Users\trent\OneDrive\Documents\EDGEIQ_PLATFORM\public\data\edgeiq_live_dna_quality_summary_v1.csv","531"
"C:\Users\trent\OneDrive\Documents\EDGEIQ_PLATFORM\public\data\edgeiq_live_entity_resolution_bridge_v1.csv","35578"
"C:\Users\trent\OneDrive\Documents\EDGEIQ_PLATFORM\public\data\edgeiq_live_entity_resolution_bridge_v1_summary.csv","228"
"C:\Users\trent\OneDrive\Documents\EDGEIQ_PLATFORM\public\data\edgeiq_live_entity_resolution_bridge_v2.csv","35551"
"C:\Users\trent\OneDrive\Documents\EDGEIQ_PLATFORM\public\data\edgeiq_live_entity_resolution_bridge_v2_summary.csv","239"
"C:\Users\trent\OneDrive\Documents\EDGEIQ_PLATFORM\public\data\edgeiq_live_entry_historical_rating_coverage_v1.csv","31768"
"C:\Users\trent\OneDrive\Documents\EDGEIQ_PLATFORM\public\data\edgeiq_live_environment_v2_feed.csv","85020"
"C:\Users\trent\OneDrive\Documents\EDGEIQ_PLATFORM\public\data\edgeiq_live_environment_v2_feed_summary.csv","1192"
"C:\Users\trent\OneDrive\Documents\EDGEIQ_PLATFORM\public\data\edgeiq_live_environment_v2_feed_unmatched.csv","672"
"C:\Users\trent\OneDrive\Documents\EDGEIQ_PLATFORM\public\data\edgeiq_live_event_alignment.csv","13961"
"C:\Users\trent\OneDrive\Documents\EDGEIQ_PLATFORM\public\data\edgeiq_live_execution_matrix.csv","181867"
"C:\Users\trent\OneDrive\Documents\EDGEIQ_PLATFORM\public\data\edgeiq_live_execution_memory.csv","164021"
"C:\Users\trent\OneDrive\Documents\EDGEIQ_PLATFORM\public\data\edgeiq_live_execution_v5_governance_feed_v1.csv","2673346"
"C:\Users\trent\OneDrive\Documents\EDGEIQ_PLATFORM\public\data\edgeiq_live_execution_v5_governance_feed_v1_summary.csv","255"
"C:\Users\trent\OneDrive\Documents\EDGEIQ_PLATFORM\public\data\edgeiq_live_execution_v5_governance_feed_v1_unmatched.csv","2178950"
"C:\Users\trent\OneDrive\Documents\EDGEIQ_PLATFORM\public\data\edgeiq_live_fair_price_v7_candidate_feed.csv","71384"
"C:\Users\trent\OneDrive\Documents\EDGEIQ_PLATFORM\public\data\edgeiq_live_fair_price_v8_interaction_candidate_feed.csv","41767"
"C:\Users\trent\OneDrive\Documents\EDGEIQ_PLATFORM\public\data\edgeiq_live_fair_price_v8_interaction_candidate_feed.json","1146"
"C:\Users\trent\OneDrive\Documents\EDGEIQ_PLATFORM\public\data\edgeiq_live_fair_price_v8_interaction_candidate_feed_summary.csv","495"
"C:\Users\trent\OneDrive\Documents\EDGEIQ_PLATFORM\public\data\edgeiq_live_fair_price_v8_interaction_candidate_feed_unmatched.csv","504"
"C:\Users\trent\OneDrive\Documents\EDGEIQ_PLATFORM\public\data\edgeiq_live_field_matches.csv","2"
"C:\Users\trent\OneDrive\Documents\EDGEIQ_PLATFORM\public\data\edgeiq_live_field_unmatched.csv","9210"
"C:\Users\trent\OneDrive\Documents\EDGEIQ_PLATFORM\public\data\edgeiq_live_filter_v1_by_tier.csv","55"
"C:\Users\trent\OneDrive\Documents\EDGEIQ_PLATFORM\public\data\edgeiq_live_filter_v1_by_track.csv","178"
"C:\Users\trent\OneDrive\Documents\EDGEIQ_PLATFORM\public\data\edgeiq_live_filter_v1_summary.csv","148"
"C:\Users\trent\OneDrive\Documents\EDGEIQ_PLATFORM\public\data\edgeiq_live_form_context_diagnostics_v1.csv","128"
"C:\Users\trent\OneDrive\Documents\EDGEIQ_PLATFORM\public\data\edgeiq_live_form_context_v1.csv","790"
"C:\Users\trent\OneDrive\Documents\EDGEIQ_PLATFORM\public\data\edgeiq_live_form_match_debug_v1.csv","371"
"C:\Users\trent\OneDrive\Documents\EDGEIQ_PLATFORM\public\data\edgeiq_live_form_source_locator_v1.csv","16518"
"C:\Users\trent\OneDrive\Documents\EDGEIQ_PLATFORM\public\data\edgeiq_live_governance_clean_audit_v1.csv","180229"
"C:\Users\trent\OneDrive\Documents\EDGEIQ_PLATFORM\public\data\edgeiq_live_governance_clean_audit_v1_summary.csv","692"
"C:\Users\trent\OneDrive\Documents\EDGEIQ_PLATFORM\public\data\edgeiq_live_graphql_entity_resolution_bridge_v3.csv","16790"
"C:\Users\trent\OneDrive\Documents\EDGEIQ_PLATFORM\public\data\edgeiq_live_graphql_entity_resolution_bridge_v3_CHECKPOINT_20260623_164849.csv","16790"
"C:\Users\trent\OneDrive\Documents\EDGEIQ_PLATFORM\public\data\edgeiq_live_graphql_entity_resolution_bridge_v3_summary.csv","204"
"C:\Users\trent\OneDrive\Documents\EDGEIQ_PLATFORM\public\data\edgeiq_live_horse_performance_rating_match_v1.csv","41862"
"C:\Users\trent\OneDrive\Documents\EDGEIQ_PLATFORM\public\data\edgeiq_live_horse_profile_current.csv","428063"
"C:\Users\trent\OneDrive\Documents\EDGEIQ_PLATFORM\public\data\edgeiq_live_horse_profile_current_summary.csv","271"
"C:\Users\trent\OneDrive\Documents\EDGEIQ_PLATFORM\public\data\edgeiq_live_horse_profile_v1.csv","84761"
"C:\Users\trent\OneDrive\Documents\EDGEIQ_PLATFORM\public\data\edgeiq_live_horse_profile_v1_summary.csv","228"
"C:\Users\trent\OneDrive\Documents\EDGEIQ_PLATFORM\public\data\edgeiq_live_horse_profile_v2.csv","82620"
"C:\Users\trent\OneDrive\Documents\EDGEIQ_PLATFORM\public\data\edgeiq_live_horse_profile_v2_summary.csv","271"
"C:\Users\trent\OneDrive\Documents\EDGEIQ_PLATFORM\public\data\edgeiq_live_horse_profile_v3.csv","428063"
"C:\Users\trent\OneDrive\Documents\EDGEIQ_PLATFORM\public\data\edgeiq_live_horse_profile_v3_summary.csv","273"
"C:\Users\trent\OneDrive\Documents\EDGEIQ_PLATFORM\public\data\edgeiq_live_intelligence_full_rebuild_check_v1.csv","517"
"C:\Users\trent\OneDrive\Documents\EDGEIQ_PLATFORM\public\data\edgeiq_live_intelligence_score_v1.csv","51951"
"C:\Users\trent\OneDrive\Documents\EDGEIQ_PLATFORM\public\data\edgeiq_live_intelligence_score_v1.json","389"
"C:\Users\trent\OneDrive\Documents\EDGEIQ_PLATFORM\public\data\edgeiq_live_intelligence_score_v1_summary.csv","314"
"C:\Users\trent\OneDrive\Documents\EDGEIQ_PLATFORM\public\data\edgeiq_live_jockey_alias_candidates_v1.csv","29583"
"C:\Users\trent\OneDrive\Documents\EDGEIQ_PLATFORM\public\data\edgeiq_live_jockey_match_audit_v1.csv","17696"
"C:\Users\trent\OneDrive\Documents\EDGEIQ_PLATFORM\public\data\edgeiq_live_market_price_ingestion_audit_v1.csv","1273"
"C:\Users\trent\OneDrive\Documents\EDGEIQ_PLATFORM\public\data\edgeiq_live_market_price_ingestion_runner_review_v1.csv","18344"
"C:\Users\trent\OneDrive\Documents\EDGEIQ_PLATFORM\public\data\edgeiq_live_market_price_ingestion_sources_v1.csv","142344"
"C:\Users\trent\OneDrive\Documents\EDGEIQ_PLATFORM\public\data\edgeiq_live_nexus_contextual_feed_v2.csv","114257"
"C:\Users\trent\OneDrive\Documents\EDGEIQ_PLATFORM\public\data\edgeiq_live_nexus_contextual_feed_v2_1.csv","144177"
"C:\Users\trent\OneDrive\Documents\EDGEIQ_PLATFORM\public\data\edgeiq_live_nexus_feature_feed_v1.csv","135772"
"C:\Users\trent\OneDrive\Documents\EDGEIQ_PLATFORM\public\data\edgeiq_live_on_track_weather_ingestion_v1_final_report.json","3896"
"C:\Users\trent\OneDrive\Documents\EDGEIQ_PLATFORM\public\data\edgeiq_live_on_track_weather_probe_v1.json","6284"
"C:\Users\trent\OneDrive\Documents\EDGEIQ_PLATFORM\public\data\edgeiq_live_orchestrator_status.csv","552"
"C:\Users\trent\OneDrive\Documents\EDGEIQ_PLATFORM\public\data\edgeiq_live_orchestrator_trend.csv","552"
"C:\Users\trent\OneDrive\Documents\EDGEIQ_PLATFORM\public\data\edgeiq_live_qualified_bets_v1.csv","9187"
"C:\Users\trent\OneDrive\Documents\EDGEIQ_PLATFORM\public\data\edgeiq_live_race_reliability_v1_feed.csv","73541"
"C:\Users\trent\OneDrive\Documents\EDGEIQ_PLATFORM\public\data\edgeiq_live_race_reliability_v1_feed_summary.csv","1192"
"C:\Users\trent\OneDrive\Documents\EDGEIQ_PLATFORM\public\data\edgeiq_live_race_reliability_v1_feed_unmatched.csv","500"
"C:\Users\trent\OneDrive\Documents\EDGEIQ_PLATFORM\public\data\edgeiq_live_race_strength_v2.csv","11272"
"C:\Users\trent\OneDrive\Documents\EDGEIQ_PLATFORM\public\data\edgeiq_live_race_strength_v2_audit.csv","320"
"C:\Users\trent\OneDrive\Documents\EDGEIQ_PLATFORM\public\data\edgeiq_live_race_strength_v3.csv","1971"
"C:\Users\trent\OneDrive\Documents\EDGEIQ_PLATFORM\public\data\edgeiq_live_race_timeline_v1.csv","1087"
"C:\Users\trent\OneDrive\Documents\EDGEIQ_PLATFORM\public\data\edgeiq_live_race_timeline_v1.json","200"
"C:\Users\trent\OneDrive\Documents\EDGEIQ_PLATFORM\public\data\edgeiq_live_race_timeline_v1_summary.csv","157"
"C:\Users\trent\OneDrive\Documents\EDGEIQ_PLATFORM\public\data\edgeiq_live_rejected_bets_v1.csv","100890"
"C:\Users\trent\OneDrive\Documents\EDGEIQ_PLATFORM\public\data\edgeiq_live_research_vs_production_comparison_v1.csv","16692"
"C:\Users\trent\OneDrive\Documents\EDGEIQ_PLATFORM\public\data\edgeiq_live_runner_board_fair_price_repair_v1_audit.csv","156"
"C:\Users\trent\OneDrive\Documents\EDGEIQ_PLATFORM\public\data\edgeiq_live_runner_board_FINAL_UNIFIED_v7.csv","67798"
"C:\Users\trent\OneDrive\Documents\EDGEIQ_PLATFORM\public\data\edgeiq_live_runner_board_governed_v1.csv","227865"
"C:\Users\trent\OneDrive\Documents\EDGEIQ_PLATFORM\public\data\edgeiq_live_runner_board_governed_v1_BACKUP_BEFORE_FORM_FIELDS_MERGE_V2_20260628.csv","932625"
"C:\Users\trent\OneDrive\Documents\EDGEIQ_PLATFORM\public\data\edgeiq_live_runner_board_governed_v1_CHECKPOINT_BACKFILLED_RISK_20260617.csv","77036"
"C:\Users\trent\OneDrive\Documents\EDGEIQ_PLATFORM\public\data\edgeiq_live_runner_board_governed_v1_CHECKPOINT_BEFORE_CURRENT_INTEL_REBUILD_20260711_154418.csv","172763"
"C:\Users\trent\OneDrive\Documents\EDGEIQ_PLATFORM\public\data\edgeiq_live_runner_board_governed_v1_CHECKPOINT_BEFORE_CURRENT_INTEL_REBUILD_20260711_163748.csv","215917"
"C:\Users\trent\OneDrive\Documents\EDGEIQ_PLATFORM\public\data\edgeiq_live_runner_board_governed_v1_CHECKPOINT_BEFORE_CURRENT_INTEL_REBUILD_20260711_193502.csv","215917"
"C:\Users\trent\OneDrive\Documents\EDGEIQ_PLATFORM\public\data\edgeiq_live_runner_board_governed_v1_CHECKPOINT_BEFORE_CURRENT_INTEL_REBUILD_20260711_211017.csv","215917"
"C:\Users\trent\OneDrive\Documents\EDGEIQ_PLATFORM\public\data\edgeiq_live_runner_board_governed_v1_CHECKPOINT_BEFORE_CURRENT_INTEL_REBUILD_20260712_065207.csv","215917"
"C:\Users\trent\OneDrive\Documents\EDGEIQ_PLATFORM\public\data\edgeiq_live_runner_board_governed_v1_COMMAND_V3_MERGED.csv","932625"
"C:\Users\trent\OneDrive\Documents\EDGEIQ_PLATFORM\public\data\edgeiq_live_runner_board_governed_v1_DISPLAY_CLEAN_BACKUP_20260628.csv","1299195"
"C:\Users\trent\OneDrive\Documents\EDGEIQ_PLATFORM\public\data\edgeiq_live_runner_board_governed_v1_DISPLAY_CLEAN_V2_BACKUP_20260628.csv","1470348"
"C:\Users\trent\OneDrive\Documents\EDGEIQ_PLATFORM\public\data\edgeiq_live_runner_board_governed_v1_EVIDENCE_MERGED.csv","684396"
"C:\Users\trent\OneDrive\Documents\EDGEIQ_PLATFORM\public\data\edgeiq_live_runner_board_governed_v1_FORM_V3_BACKUP_20260628.csv","1022745"
"C:\Users\trent\OneDrive\Documents\EDGEIQ_PLATFORM\public\data\edgeiq_live_runner_board_governed_v1_FORM_V4_BACKUP_20260628.csv","1163517"
"C:\Users\trent\OneDrive\Documents\EDGEIQ_PLATFORM\public\data\edgeiq_live_runner_board_governed_v1_gear_join_audit.csv","436"
"C:\Users\trent\OneDrive\Documents\EDGEIQ_PLATFORM\public\data\edgeiq_live_runner_board_governed_v1_gear_join_summary.csv","229"
"C:\Users\trent\OneDrive\Documents\EDGEIQ_PLATFORM\public\data\edgeiq_live_runner_board_governed_v1_MAP_V2_BACKUP_20260629.csv","1645575"
"C:\Users\trent\OneDrive\Documents\EDGEIQ_PLATFORM\public\data\edgeiq_live_runner_board_governed_v1_MAP_V3_BACKUP_20260629.csv","1792639"
"C:\Users\trent\OneDrive\Documents\EDGEIQ_PLATFORM\public\data\edgeiq_live_runner_board_governed_v1_PRE_GEAR_JOIN_BACKUP_20260629.csv","233737"
"C:\Users\trent\OneDrive\Documents\EDGEIQ_PLATFORM\public\data\edgeiq_live_runner_board_governed_v1_RACE_SHAPE_RECOVERY_CANDIDATE.csv","702417"
"C:\Users\trent\OneDrive\Documents\EDGEIQ_PLATFORM\public\data\edgeiq_live_runner_board_governed_v1_RATING_OUTLIER_FIX_V1_BACKUP_20260629.csv","1618456"
"C:\Users\trent\OneDrive\Documents\EDGEIQ_PLATFORM\public\data\edgeiq_live_runner_board_governed_v1_RATING_RECOVERY_BACKUP_20260628.csv","1252979"
"C:\Users\trent\OneDrive\Documents\EDGEIQ_PLATFORM\public\data\edgeiq_live_runner_board_governed_v1_RECOVERY_CANDIDATE.csv","1037577"
"C:\Users\trent\OneDrive\Documents\EDGEIQ_PLATFORM\public\data\edgeiq_live_runner_board_governed_v1_summary.csv","443"
"C:\Users\trent\OneDrive\Documents\EDGEIQ_PLATFORM\public\data\edgeiq_live_runner_board_governed_v7_2g2_FRESH_CURRENT_CANDIDATE.csv","378543"
"C:\Users\trent\OneDrive\Documents\EDGEIQ_PLATFORM\public\data\edgeiq_live_runner_board_governed_v7_2g2_FRESH_CURRENT_EVIDENCE_MERGED.csv","412496"
"C:\Users\trent\OneDrive\Documents\EDGEIQ_PLATFORM\public\data\edgeiq_live_runner_board_probability_normalisation_v1_detail.csv","2505"
"C:\Users\trent\OneDrive\Documents\EDGEIQ_PLATFORM\public\data\edgeiq_live_runner_board_probability_normalisation_v1_summary.csv","483"
"C:\Users\trent\OneDrive\Documents\EDGEIQ_PLATFORM\public\data\edgeiq_live_runner_board_research_replay_v1.csv","20823"
"C:\Users\trent\OneDrive\Documents\EDGEIQ_PLATFORM\public\data\edgeiq_live_runner_board_tab_price_patch_v1_audit.csv","28177"
"C:\Users\trent\OneDrive\Documents\EDGEIQ_PLATFORM\public\data\edgeiq_live_runner_board_tab_price_patch_v1_summary.csv","236"
"C:\Users\trent\OneDrive\Documents\EDGEIQ_PLATFORM\public\data\edgeiq_live_runner_board_UNIFIED_FINAL_v6.csv","67798"
"C:\Users\trent\OneDrive\Documents\EDGEIQ_PLATFORM\public\data\edgeiq_live_runner_board_UNIFIED_FIXED_v3.csv","67408"
"C:\Users\trent\OneDrive\Documents\EDGEIQ_PLATFORM\public\data\edgeiq_live_runner_board_UNIFIED_FIXED_v4.csv","67798"
"C:\Users\trent\OneDrive\Documents\EDGEIQ_PLATFORM\public\data\edgeiq_live_runner_board_UNIFIED_v1.csv","63959"
"C:\Users\trent\OneDrive\Documents\EDGEIQ_PLATFORM\public\data\edgeiq_live_runner_board_UNIFIED_v2.csv","63903"
"C:\Users\trent\OneDrive\Documents\EDGEIQ_PLATFORM\public\data\edgeiq_live_runner_board_v1.csv","202002"
"C:\Users\trent\OneDrive\Documents\EDGEIQ_PLATFORM\public\data\edgeiq_live_runner_board_v1_BACKUP_BEFORE_FORM_FIELDS_MERGE_20260628.csv","304500"
"C:\Users\trent\OneDrive\Documents\EDGEIQ_PLATFORM\public\data\edgeiq_live_runner_board_v1_BACKUP_BEFORE_FORM_FIELDS_MERGE_V2_20260628.csv","302941"
"C:\Users\trent\OneDrive\Documents\EDGEIQ_PLATFORM\public\data\edgeiq_live_runner_board_v1_BEFORE_PROB_NORMALISE_V1.csv","172980"
"C:\Users\trent\OneDrive\Documents\EDGEIQ_PLATFORM\public\data\edgeiq_live_runner_board_v1_CHECKPOINT_BEFORE_CURRENT_INTEL_REBUILD_20260711_154418.csv","180223"
"C:\Users\trent\OneDrive\Documents\EDGEIQ_PLATFORM\public\data\edgeiq_live_runner_board_v1_CHECKPOINT_BEFORE_CURRENT_INTEL_REBUILD_20260711_163748.csv","117137"
"C:\Users\trent\OneDrive\Documents\EDGEIQ_PLATFORM\public\data\edgeiq_live_runner_board_v1_CHECKPOINT_BEFORE_CURRENT_INTEL_REBUILD_20260711_193502.csv","117137"
"C:\Users\trent\OneDrive\Documents\EDGEIQ_PLATFORM\public\data\edgeiq_live_runner_board_v1_CHECKPOINT_BEFORE_CURRENT_INTEL_REBUILD_20260711_211017.csv","117137"
"C:\Users\trent\OneDrive\Documents\EDGEIQ_PLATFORM\public\data\edgeiq_live_runner_board_v1_CHECKPOINT_BEFORE_CURRENT_INTEL_REBUILD_20260712_065207.csv","117137"
"C:\Users\trent\OneDrive\Documents\EDGEIQ_PLATFORM\public\data\edgeiq_live_runner_board_v1_diagnostics.csv","351"
"C:\Users\trent\OneDrive\Documents\EDGEIQ_PLATFORM\public\data\edgeiq_live_runner_board_v1_DISPLAY_CLEAN_BACKUP_20260628.csv","669511"
"C:\Users\trent\OneDrive\Documents\EDGEIQ_PLATFORM\public\data\edgeiq_live_runner_board_v1_DISPLAY_CLEAN_V2_BACKUP_20260628.csv","840664"
"C:\Users\trent\OneDrive\Documents\EDGEIQ_PLATFORM\public\data\edgeiq_live_runner_board_v1_FORM_V3_BACKUP_20260628.csv","393061"
"C:\Users\trent\OneDrive\Documents\EDGEIQ_PLATFORM\public\data\edgeiq_live_runner_board_v1_FORM_V4_BACKUP_20260628.csv","533833"
"C:\Users\trent\OneDrive\Documents\EDGEIQ_PLATFORM\public\data\edgeiq_live_runner_board_v1_MAP_V2_BACKUP_20260629.csv","1015891"
"C:\Users\trent\OneDrive\Documents\EDGEIQ_PLATFORM\public\data\edgeiq_live_runner_board_v1_MAP_V3_BACKUP_20260629.csv","1162955"
"C:\Users\trent\OneDrive\Documents\EDGEIQ_PLATFORM\public\data\edgeiq_live_runner_board_v1_RATING_OUTLIER_FIX_V1_BACKUP_20260629.csv","988772"
"C:\Users\trent\OneDrive\Documents\EDGEIQ_PLATFORM\public\data\edgeiq_live_runner_board_v1_RATING_RECOVERY_BACKUP_20260628.csv","623295"
"C:\Users\trent\OneDrive\Documents\EDGEIQ_PLATFORM\public\data\edgeiq_live_runner_board_v1_recovered_adjusted.csv","151613"
"C:\Users\trent\OneDrive\Documents\EDGEIQ_PLATFORM\public\data\edgeiq_live_runner_board_v1_tab_updated.csv","177867"
"C:\Users\trent\OneDrive\Documents\EDGEIQ_PLATFORM\public\data\edgeiq_live_runner_board_v1_unmatched.csv","169937"
"C:\Users\trent\OneDrive\Documents\EDGEIQ_PLATFORM\public\data\edgeiq_live_runner_board_v1_WORKING_100_RESEARCH_10_FALLBACK_20260615.csv","73251"
"C:\Users\trent\OneDrive\Documents\EDGEIQ_PLATFORM\public\data\edgeiq_live_runner_board_v1_WORKING_DECISION_DISPLAY_FIX_20260615.csv","68478"
"C:\Users\trent\OneDrive\Documents\EDGEIQ_PLATFORM\public\data\edgeiq_live_runner_board_v1_WORKING_EMPTY_COLUMNS_FIXED_20260615.csv","73275"
"C:\Users\trent\OneDrive\Documents\EDGEIQ_PLATFORM\public\data\edgeiq_live_runner_board_v1_WORKING_TODAY_ONLY_TAB_20260615.csv","62103"
"C:\Users\trent\OneDrive\Documents\EDGEIQ_PLATFORM\public\data\edgeiq_live_runner_board_v2.csv","52897"
"C:\Users\trent\OneDrive\Documents\EDGEIQ_PLATFORM\public\data\edgeiq_live_runner_board_v3.csv","52920"
"C:\Users\trent\OneDrive\Documents\EDGEIQ_PLATFORM\public\data\edgeiq_live_runner_board_v4.csv","63063"
"C:\Users\trent\OneDrive\Documents\EDGEIQ_PLATFORM\public\data\edgeiq_live_runner_board_v7_1_candidate.csv","342969"
"C:\Users\trent\OneDrive\Documents\EDGEIQ_PLATFORM\public\data\edgeiq_live_runner_board_v7_1_candidate_join_audit_v1.csv","72066"
"C:\Users\trent\OneDrive\Documents\EDGEIQ_PLATFORM\public\data\edgeiq_live_runner_board_v7_1_candidate_join_summary_v1.csv","704"
"C:\Users\trent\OneDrive\Documents\EDGEIQ_PLATFORM\public\data\edgeiq_live_runner_board_v7_1_current_day_candidate.csv","392878"
"C:\Users\trent\OneDrive\Documents\EDGEIQ_PLATFORM\public\data\edgeiq_live_runner_board_v7_1_current_day_candidate_join_audit_v1.csv","37579"
"C:\Users\trent\OneDrive\Documents\EDGEIQ_PLATFORM\public\data\edgeiq_live_runner_board_v7_1_current_day_candidate_join_summary_v1.csv","521"
"C:\Users\trent\OneDrive\Documents\EDGEIQ_PLATFORM\public\data\edgeiq_live_runner_board_v7_2g2_activation_candidate.csv","595194"
"C:\Users\trent\OneDrive\Documents\EDGEIQ_PLATFORM\public\data\edgeiq_live_runner_board_v7_2g2_flag_on_candidate.csv","530919"
"C:\Users\trent\OneDrive\Documents\EDGEIQ_PLATFORM\public\data\edgeiq_live_runner_board_v7_2g2_flag_on_candidate_audit_v1.csv","628"
"C:\Users\trent\OneDrive\Documents\EDGEIQ_PLATFORM\public\data\edgeiq_live_runner_board_v7_2g2_flag_on_candidate_summary_v1.csv","580"
"C:\Users\trent\OneDrive\Documents\EDGEIQ_PLATFORM\public\data\edgeiq_live_runner_board_v7_2g2_staging_candidate.csv","518573"
"C:\Users\trent\OneDrive\Documents\EDGEIQ_PLATFORM\public\data\edgeiq_live_runner_board_v7_2g_guarded_activation_candidate.csv","600847"
"C:\Users\trent\OneDrive\Documents\EDGEIQ_PLATFORM\public\data\edgeiq_live_runner_board_v7_2_candidate.csv","386455"
"C:\Users\trent\OneDrive\Documents\EDGEIQ_PLATFORM\public\data\edgeiq_live_runner_board_v7_2_candidate_join_audit_v1.csv","37579"
"C:\Users\trent\OneDrive\Documents\EDGEIQ_PLATFORM\public\data\edgeiq_live_runner_board_v7_2_candidate_join_summary_v1.csv","505"
"C:\Users\trent\OneDrive\Documents\EDGEIQ_PLATFORM\public\data\edgeiq_live_runner_board_v7_2_feature_flag_candidate.csv","453967"
"C:\Users\trent\OneDrive\Documents\EDGEIQ_PLATFORM\public\data\edgeiq_live_runner_board_v7_2_feature_flag_candidate_audit_v1.csv","661"
"C:\Users\trent\OneDrive\Documents\EDGEIQ_PLATFORM\public\data\edgeiq_live_runner_board_v7_2_feature_flag_candidate_summary_v1.csv","692"
"C:\Users\trent\OneDrive\Documents\EDGEIQ_PLATFORM\public\data\edgeiq_live_runner_board_v7_2_feature_flag_on_candidate.csv","469277"
"C:\Users\trent\OneDrive\Documents\EDGEIQ_PLATFORM\public\data\edgeiq_live_runner_dna_v6.csv","93315"
"C:\Users\trent\OneDrive\Documents\EDGEIQ_PLATFORM\public\data\edgeiq_live_runner_dna_v6_1_rebalance.csv","182913"
"C:\Users\trent\OneDrive\Documents\EDGEIQ_PLATFORM\public\data\edgeiq_live_runner_dna_v6_2.csv","319898"
"C:\Users\trent\OneDrive\Documents\EDGEIQ_PLATFORM\public\data\edgeiq_live_runner_dna_v6_2_CHECKPOINT_20260625_PRE_DNA_REFRESH.csv","322430"
"C:\Users\trent\OneDrive\Documents\EDGEIQ_PLATFORM\public\data\edgeiq_live_runner_dna_v6_2_refresh_v1_detail.csv","601"
"C:\Users\trent\OneDrive\Documents\EDGEIQ_PLATFORM\public\data\edgeiq_live_runner_dna_v6_2_refresh_v1_summary.csv","277"
"C:\Users\trent\OneDrive\Documents\EDGEIQ_PLATFORM\public\data\edgeiq_live_runner_dna_v6_2_vs_v6_3_research_comparison.csv","13921"
"C:\Users\trent\OneDrive\Documents\EDGEIQ_PLATFORM\public\data\edgeiq_live_runner_dna_v6_2_vs_v6_3_research_comparison_summary.csv","212"
"C:\Users\trent\OneDrive\Documents\EDGEIQ_PLATFORM\public\data\edgeiq_live_runner_dna_v6_3_medium_delta_research.csv","116643"
"C:\Users\trent\OneDrive\Documents\EDGEIQ_PLATFORM\public\data\edgeiq_live_runner_dna_v6_3_research.csv","108397"
"C:\Users\trent\OneDrive\Documents\EDGEIQ_PLATFORM\public\data\edgeiq_live_runner_dna_v6_full.csv","141629"
"C:\Users\trent\OneDrive\Documents\EDGEIQ_PLATFORM\public\data\edgeiq_live_runner_explainability_v1.csv","51475"
"C:\Users\trent\OneDrive\Documents\EDGEIQ_PLATFORM\public\data\edgeiq_live_runner_explainability_v1_summary.csv","293"
"C:\Users\trent\OneDrive\Documents\EDGEIQ_PLATFORM\public\data\edgeiq_live_runner_factor_scorecard_v1.csv","90504"
"C:\Users\trent\OneDrive\Documents\EDGEIQ_PLATFORM\public\data\edgeiq_live_runner_factor_scorecard_v2.csv","1014225"
"C:\Users\trent\OneDrive\Documents\EDGEIQ_PLATFORM\public\data\edgeiq_live_runner_factor_scorecard_v2_CHECKPOINT_20260625_PRE_DNA_REFRESH.csv","302409"
"C:\Users\trent\OneDrive\Documents\EDGEIQ_PLATFORM\public\data\edgeiq_live_runner_factor_scorecard_v2_refresh_v1_summary.csv","265"
"C:\Users\trent\OneDrive\Documents\EDGEIQ_PLATFORM\public\data\edgeiq_live_runner_style_v1.csv","90626"
"C:\Users\trent\OneDrive\Documents\EDGEIQ_PLATFORM\public\data\edgeiq_live_runner_style_v1_summary.csv","339"
"C:\Users\trent\OneDrive\Documents\EDGEIQ_PLATFORM\public\data\edgeiq_live_runner_style_v2.csv","46673"
"C:\Users\trent\OneDrive\Documents\EDGEIQ_PLATFORM\public\data\edgeiq_live_runner_style_v2_summary.csv","125"
"C:\Users\trent\OneDrive\Documents\EDGEIQ_PLATFORM\public\data\edgeiq_live_sectional_intelligence_v1.csv","80362"
"C:\Users\trent\OneDrive\Documents\EDGEIQ_PLATFORM\public\data\edgeiq_live_sectional_intelligence_v1_audit.csv","273"
"C:\Users\trent\OneDrive\Documents\EDGEIQ_PLATFORM\public\data\edgeiq_live_stable_intent_feed_v1.csv","55317"
"C:\Users\trent\OneDrive\Documents\EDGEIQ_PLATFORM\public\data\edgeiq_live_stable_intent_feed_v1_summary.csv","197"
"C:\Users\trent\OneDrive\Documents\EDGEIQ_PLATFORM\public\data\edgeiq_live_stable_intent_feed_v2_1_graphql_resolved.csv","57312"
"C:\Users\trent\OneDrive\Documents\EDGEIQ_PLATFORM\public\data\edgeiq_live_stable_intent_feed_v2_1_graphql_resolved_CHECKPOINT_20260623_164849.csv","57312"
"C:\Users\trent\OneDrive\Documents\EDGEIQ_PLATFORM\public\data\edgeiq_live_stable_intent_feed_v2_1_graphql_resolved_summary.csv","220"
"C:\Users\trent\OneDrive\Documents\EDGEIQ_PLATFORM\public\data\edgeiq_live_stable_intent_feed_v2_graphql.csv","43062"
"C:\Users\trent\OneDrive\Documents\EDGEIQ_PLATFORM\public\data\edgeiq_live_stable_intent_feed_v2_graphql_summary.csv","207"
"C:\Users\trent\OneDrive\Documents\EDGEIQ_PLATFORM\public\data\edgeiq_live_terminal_feed_v1.csv","179745"
"C:\Users\trent\OneDrive\Documents\EDGEIQ_PLATFORM\public\data\edgeiq_live_terminal_feed_v1_BACKUP_PRE_GOVERNANCE.csv","420790"
"C:\Users\trent\OneDrive\Documents\EDGEIQ_PLATFORM\public\data\edgeiq_live_terminal_feed_v1_BEFORE_TODAY_ONLY_FORCE_20260614.csv","50401"
"C:\Users\trent\OneDrive\Documents\EDGEIQ_PLATFORM\public\data\edgeiq_live_terminal_feed_v1_CHECKPOINT_BEFORE_CURRENT_INTEL_BRIDGE_20260711_153609.csv","201150"
"C:\Users\trent\OneDrive\Documents\EDGEIQ_PLATFORM\public\data\edgeiq_live_terminal_feed_v1_CHECKPOINT_BEFORE_CURRENT_INTEL_BRIDGE_20260711_163748.csv","435048"
"C:\Users\trent\OneDrive\Documents\EDGEIQ_PLATFORM\public\data\edgeiq_live_terminal_feed_v1_CHECKPOINT_BEFORE_CURRENT_INTEL_BRIDGE_20260711_193502.csv","435048"
"C:\Users\trent\OneDrive\Documents\EDGEIQ_PLATFORM\public\data\edgeiq_live_terminal_feed_v1_CHECKPOINT_BEFORE_CURRENT_INTEL_BRIDGE_20260711_211017.csv","435048"
"C:\Users\trent\OneDrive\Documents\EDGEIQ_PLATFORM\public\data\edgeiq_live_terminal_feed_v1_CHECKPOINT_BEFORE_CURRENT_INTEL_BRIDGE_20260712_065207.csv","435048"
"C:\Users\trent\OneDrive\Documents\EDGEIQ_PLATFORM\public\data\edgeiq_live_terminal_feed_v1_CHECKPOINT_PRE_FULL_PRODUCT_POPULATION_REPAIR_20260726.csv","435048"
"C:\Users\trent\OneDrive\Documents\EDGEIQ_PLATFORM\public\data\edgeiq_live_terminal_feed_v1_diagnostics.csv","305"
"C:\Users\trent\OneDrive\Documents\EDGEIQ_PLATFORM\public\data\edgeiq_live_terminal_feed_v1_filtered.csv","123367"
"C:\Users\trent\OneDrive\Documents\EDGEIQ_PLATFORM\public\data\edgeiq_live_terminal_feed_v1_final.csv","124914"
"C:\Users\trent\OneDrive\Documents\EDGEIQ_PLATFORM\public\data\edgeiq_live_terminal_feed_v1_TAB_ONLY_TODAY.csv","97827"
"C:\Users\trent\OneDrive\Documents\EDGEIQ_PLATFORM\public\data\edgeiq_live_terminal_feed_v1_TAB_ONLY_TODAY_WORKING_20260614.csv","152204"
"C:\Users\trent\OneDrive\Documents\EDGEIQ_PLATFORM\public\data\edgeiq_live_terminal_feed_v1_TAB_ONLY_TODAY_WORKING_TODAY_ONLY_TAB_20260615.csv","97468"
"C:\Users\trent\OneDrive\Documents\EDGEIQ_PLATFORM\public\data\edgeiq_live_terminal_feed_v1_updated.csv","50401"
"C:\Users\trent\OneDrive\Documents\EDGEIQ_PLATFORM\public\data\edgeiq_live_terminal_feed_v7_1_candidate.csv","381119"
"C:\Users\trent\OneDrive\Documents\EDGEIQ_PLATFORM\public\data\edgeiq_live_terminal_feed_v7_1_candidate_join_audit_v1.csv","69323"
"C:\Users\trent\OneDrive\Documents\EDGEIQ_PLATFORM\public\data\edgeiq_live_terminal_feed_v7_1_candidate_join_summary_v1.csv","781"
"C:\Users\trent\OneDrive\Documents\EDGEIQ_PLATFORM\public\data\edgeiq_live_terminal_feed_v7_1_current_day_candidate.csv","360585"
"C:\Users\trent\OneDrive\Documents\EDGEIQ_PLATFORM\public\data\edgeiq_live_terminal_feed_v7_1_current_day_candidate_join_audit_v1.csv","40122"
"C:\Users\trent\OneDrive\Documents\EDGEIQ_PLATFORM\public\data\edgeiq_live_terminal_feed_v7_1_current_day_candidate_join_summary_v1.csv","541"
"C:\Users\trent\OneDrive\Documents\EDGEIQ_PLATFORM\public\data\edgeiq_live_terminal_feed_v7_2_feature_flag_candidate.csv","400960"
"C:\Users\trent\OneDrive\Documents\EDGEIQ_PLATFORM\public\data\edgeiq_live_terminal_feed_v7_2_feature_flag_candidate_audit_v1.csv","766"
"C:\Users\trent\OneDrive\Documents\EDGEIQ_PLATFORM\public\data\edgeiq_live_terminal_feed_v7_2_feature_flag_candidate_summary_v1.csv","800"
"C:\Users\trent\OneDrive\Documents\EDGEIQ_PLATFORM\public\data\edgeiq_live_terminal_feed_v7_2_feature_flag_on_candidate.csv","402109"
"C:\Users\trent\OneDrive\Documents\EDGEIQ_PLATFORM\public\data\edgeiq_live_track_bias_feed_v1.csv","10756"
"C:\Users\trent\OneDrive\Documents\EDGEIQ_PLATFORM\public\data\edgeiq_live_track_intelligence_v1.csv","479800"
"C:\Users\trent\OneDrive\Documents\EDGEIQ_PLATFORM\public\data\edgeiq_live_track_intelligence_v1.json","425"
"C:\Users\trent\OneDrive\Documents\EDGEIQ_PLATFORM\public\data\edgeiq_live_track_intelligence_v1_summary.csv","389"
"C:\Users\trent\OneDrive\Documents\EDGEIQ_PLATFORM\public\data\edgeiq_live_track_intelligence_v1_unmatched.csv","2270"
"C:\Users\trent\OneDrive\Documents\EDGEIQ_PLATFORM\public\data\edgeiq_live_track_intelligence_v2.csv","110658"
"C:\Users\trent\OneDrive\Documents\EDGEIQ_PLATFORM\public\data\edgeiq_live_track_intelligence_v2_1.csv","481145"
"C:\Users\trent\OneDrive\Documents\EDGEIQ_PLATFORM\public\data\edgeiq_live_track_intelligence_v2_1_summary.csv","320"
"C:\Users\trent\OneDrive\Documents\EDGEIQ_PLATFORM\public\data\edgeiq_live_track_intelligence_v2_summary.csv","239"
"C:\Users\trent\OneDrive\Documents\EDGEIQ_PLATFORM\public\data\edgeiq_live_trainer_alias_candidates_v1.csv","69484"
"C:\Users\trent\OneDrive\Documents\EDGEIQ_PLATFORM\public\data\edgeiq_live_trainer_jockey_alias_candidate_summary_v1.csv","671"
"C:\Users\trent\OneDrive\Documents\EDGEIQ_PLATFORM\public\data\edgeiq_live_trainer_jockey_factor_feed_v1.csv","237514"
"C:\Users\trent\OneDrive\Documents\EDGEIQ_PLATFORM\public\data\edgeiq_live_trainer_jockey_factor_feed_v1.json","969"
"C:\Users\trent\OneDrive\Documents\EDGEIQ_PLATFORM\public\data\edgeiq_live_trainer_jockey_factor_feed_v1_summary.csv","314"
"C:\Users\trent\OneDrive\Documents\EDGEIQ_PLATFORM\public\data\edgeiq_live_trainer_jockey_factor_feed_v1_unmatched.csv","128130"
"C:\Users\trent\OneDrive\Documents\EDGEIQ_PLATFORM\public\data\edgeiq_live_trainer_jockey_factor_feed_v2.csv","241314"
"C:\Users\trent\OneDrive\Documents\EDGEIQ_PLATFORM\public\data\edgeiq_live_trainer_jockey_factor_feed_v2.json","969"
"C:\Users\trent\OneDrive\Documents\EDGEIQ_PLATFORM\public\data\edgeiq_live_trainer_jockey_factor_feed_v2_summary.csv","314"
"C:\Users\trent\OneDrive\Documents\EDGEIQ_PLATFORM\public\data\edgeiq_live_trainer_jockey_factor_feed_v2_unmatched.csv","187892"
"C:\Users\trent\OneDrive\Documents\EDGEIQ_PLATFORM\public\data\edgeiq_live_trainer_jockey_factor_feed_v3.csv","405718"
"C:\Users\trent\OneDrive\Documents\EDGEIQ_PLATFORM\public\data\edgeiq_live_trainer_jockey_factor_feed_v3_summary.csv","842"
"C:\Users\trent\OneDrive\Documents\EDGEIQ_PLATFORM\public\data\edgeiq_live_trainer_jockey_factor_feed_v3_unmatched.csv","128229"
"C:\Users\trent\OneDrive\Documents\EDGEIQ_PLATFORM\public\data\edgeiq_live_trainer_jockey_match_audit_v1.json","721"
"C:\Users\trent\OneDrive\Documents\EDGEIQ_PLATFORM\public\data\edgeiq_live_trainer_jockey_match_summary_v1.csv","302"
"C:\Users\trent\OneDrive\Documents\EDGEIQ_PLATFORM\public\data\edgeiq_live_trainer_match_audit_v1.csv","34566"
"C:\Users\trent\OneDrive\Documents\EDGEIQ_PLATFORM\public\data\edgeiq_live_v6_1_research_action_summary_v1.csv","72"
"C:\Users\trent\OneDrive\Documents\EDGEIQ_PLATFORM\public\data\edgeiq_live_v6_1_research_action_summary_v1_CHECKPOINT_20260614.csv","63"
"C:\Users\trent\OneDrive\Documents\EDGEIQ_PLATFORM\public\data\edgeiq_live_v6_1_research_action_summary_v1_CHECKPOINT_20260614_LABELFIX.csv","72"
"C:\Users\trent\OneDrive\Documents\EDGEIQ_PLATFORM\public\data\edgeiq_live_v6_1_research_action_summary_v1_TAB_ONLY_TODAY.csv","35"
"C:\Users\trent\OneDrive\Documents\EDGEIQ_PLATFORM\public\data\edgeiq_live_v6_1_research_action_summary_v1_TAB_ONLY_TODAY_WORKING_20260614.csv","74"
"C:\Users\trent\OneDrive\Documents\EDGEIQ_PLATFORM\public\data\edgeiq_live_v6_1_research_vs_production_comparison_v1.csv","15324"
"C:\Users\trent\OneDrive\Documents\EDGEIQ_PLATFORM\public\data\edgeiq_live_v6_1_research_vs_production_comparison_v1_CHECKPOINT_20260614.csv","14901"
"C:\Users\trent\OneDrive\Documents\EDGEIQ_PLATFORM\public\data\edgeiq_live_v6_1_research_vs_production_comparison_v1_CHECKPOINT_20260614_LABELFIX.csv","15324"
"C:\Users\trent\OneDrive\Documents\EDGEIQ_PLATFORM\public\data\edgeiq_live_v6_1_research_vs_production_comparison_v1_TAB_ONLY_TODAY.csv","9673"
"C:\Users\trent\OneDrive\Documents\EDGEIQ_PLATFORM\public\data\edgeiq_live_v6_1_research_vs_production_comparison_v1_TAB_ONLY_TODAY_WORKING_20260614.csv","21878"
"C:\Users\trent\OneDrive\Documents\EDGEIQ_PLATFORM\public\data\edgeiq_live_v6_research_action_summary_v1.csv","63"
"C:\Users\trent\OneDrive\Documents\EDGEIQ_PLATFORM\public\data\edgeiq_live_v6_research_vs_production_comparison_v1.csv","14879"
"C:\Users\trent\OneDrive\Documents\EDGEIQ_PLATFORM\public\data\edgeiq_live_v6_research_vs_production_comparison_v1_CHECKPOINT_20260614.csv","18274"
"C:\Users\trent\OneDrive\Documents\EDGEIQ_PLATFORM\public\data\edgeiq_live_v6_research_vs_production_comparison_v1_FILTERED_CHECKPOINT_20260614.csv","14879"
"C:\Users\trent\OneDrive\Documents\EDGEIQ_PLATFORM\public\data\edgeiq_live_v6_research_vs_production_comparison_v1_POWER055_CHECKPOINT_20260614.csv","18275"
"C:\Users\trent\OneDrive\Documents\EDGEIQ_PLATFORM\public\data\edgeiq_live_v8_candidate_display_feed_v1.csv","35145"
"C:\Users\trent\OneDrive\Documents\EDGEIQ_PLATFORM\public\data\edgeiq_live_v8_candidate_display_feed_v1.json","539"
"C:\Users\trent\OneDrive\Documents\EDGEIQ_PLATFORM\public\data\edgeiq_live_v8_candidate_display_feed_v1_keyfix.json","225"
"C:\Users\trent\OneDrive\Documents\EDGEIQ_PLATFORM\public\data\edgeiq_live_v8_candidate_display_feed_v1_keyfix_summary.csv","184"
"C:\Users\trent\OneDrive\Documents\EDGEIQ_PLATFORM\public\data\edgeiq_live_v8_candidate_display_feed_v1_summary.csv","167"
"C:\Users\trent\OneDrive\Documents\EDGEIQ_PLATFORM\public\data\edgeiq_live_weather_feed_v1.csv","14300"
"C:\Users\trent\OneDrive\Documents\EDGEIQ_PLATFORM\public\data\edgeiq_live_winner_separation_replay_v2.csv","4885"
"C:\Users\trent\OneDrive\Documents\EDGEIQ_PLATFORM\public\data\edgeiq_live_winner_separation_replay_v2_feature_rankings.csv","2508"
"C:\Users\trent\OneDrive\Documents\EDGEIQ_PLATFORM\public\data\edgeiq_live_winner_separation_replay_v2_summary.csv","3446"
"C:\Users\trent\OneDrive\Documents\EDGEIQ_PLATFORM\public\data\edgeiq_lone_leader_independence_audit_v1.csv","1832259"
"C:\Users\trent\OneDrive\Documents\EDGEIQ_PLATFORM\public\data\edgeiq_lone_leader_independence_audit_v1_by_dominance_bucket.csv","1421"
"C:\Users\trent\OneDrive\Documents\EDGEIQ_PLATFORM\public\data\edgeiq_lone_leader_independence_audit_v1_by_field_size.csv","1125"
"C:\Users\trent\OneDrive\Documents\EDGEIQ_PLATFORM\public\data\edgeiq_lone_leader_independence_audit_v1_by_share_bucket.csv","1488"
"C:\Users\trent\OneDrive\Documents\EDGEIQ_PLATFORM\public\data\edgeiq_lone_leader_independence_audit_v1_by_trust.csv","679"
"C:\Users\trent\OneDrive\Documents\EDGEIQ_PLATFORM\public\data\edgeiq_lone_leader_independence_audit_v1_summary.csv","458"
"C:\Users\trent\OneDrive\Documents\EDGEIQ_PLATFORM\public\data\edgeiq_lone_leader_independence_audit_v1_verdict.csv","488"
"C:\Users\trent\OneDrive\Documents\EDGEIQ_PLATFORM\public\data\edgeiq_lone_leader_interaction_audit_v1.csv","1977067"
"C:\Users\trent\OneDrive\Documents\EDGEIQ_PLATFORM\public\data\edgeiq_lone_leader_interaction_audit_v1_summary.csv","436"
"C:\Users\trent\OneDrive\Documents\EDGEIQ_PLATFORM\public\data\edgeiq_lone_leader_interaction_audit_v1_top_pockets.csv","3519"
"C:\Users\trent\OneDrive\Documents\EDGEIQ_PLATFORM\public\data\edgeiq_lone_leader_interaction_audit_v1_verdict.csv","442"
"C:\Users\trent\OneDrive\Documents\EDGEIQ_PLATFORM\public\data\edgeiq_lone_leader_market_audit_v1.csv","1538687"
"C:\Users\trent\OneDrive\Documents\EDGEIQ_PLATFORM\public\data\edgeiq_lone_leader_market_audit_v1_by_field_size.csv","1059"
"C:\Users\trent\OneDrive\Documents\EDGEIQ_PLATFORM\public\data\edgeiq_lone_leader_market_audit_v1_by_trust.csv","640"
"C:\Users\trent\OneDrive\Documents\EDGEIQ_PLATFORM\public\data\edgeiq_lone_leader_market_audit_v1_by_year.csv","1043"
"C:\Users\trent\OneDrive\Documents\EDGEIQ_PLATFORM\public\data\edgeiq_lone_leader_market_audit_v1_summary.csv","521"
"C:\Users\trent\OneDrive\Documents\EDGEIQ_PLATFORM\public\data\edgeiq_lone_leader_market_audit_v1_verdict.csv","254"
"C:\Users\trent\OneDrive\Documents\EDGEIQ_PLATFORM\public\data\edgeiq_lone_leader_stability_audit_v1_by_field_size.csv","904"
"C:\Users\trent\OneDrive\Documents\EDGEIQ_PLATFORM\public\data\edgeiq_lone_leader_stability_audit_v1_by_track.csv","3122"
"C:\Users\trent\OneDrive\Documents\EDGEIQ_PLATFORM\public\data\edgeiq_lone_leader_stability_audit_v1_by_trust.csv","549"
"C:\Users\trent\OneDrive\Documents\EDGEIQ_PLATFORM\public\data\edgeiq_lone_leader_stability_audit_v1_by_year.csv","886"
"C:\Users\trent\OneDrive\Documents\EDGEIQ_PLATFORM\public\data\edgeiq_lone_leader_stability_audit_v1_summary.csv","329"
"C:\Users\trent\OneDrive\Documents\EDGEIQ_PLATFORM\public\data\edgeiq_lone_leader_stability_audit_v1_verdict.csv","382"
"C:\Users\trent\OneDrive\Documents\EDGEIQ_PLATFORM\public\data\edgeiq_longitudinal_confidence_decay_v1.csv","178179"
"C:\Users\trent\OneDrive\Documents\EDGEIQ_PLATFORM\public\data\edgeiq_longitudinal_evidence_accumulation_v1.csv","244028"
"C:\Users\trent\OneDrive\Documents\EDGEIQ_PLATFORM\public\data\edgeiq_longitudinal_evidence_summary_v1.csv","579"
"C:\Users\trent\OneDrive\Documents\EDGEIQ_PLATFORM\public\data\edgeiq_longitudinal_regime_survival_v1.csv","2115"
"C:\Users\trent\OneDrive\Documents\EDGEIQ_PLATFORM\public\data\edgeiq_longitudinal_telemetry_accumulation_v1.csv","37055"
"C:\Users\trent\OneDrive\Documents\EDGEIQ_PLATFORM\public\data\edgeiq_longitudinal_telemetry_summary_v1.csv","666"
"C:\Users\trent\OneDrive\Documents\EDGEIQ_PLATFORM\public\data\edgeiq_longitudinal_transition_recurrence_v1.csv","3940"
"C:\Users\trent\OneDrive\Documents\EDGEIQ_PLATFORM\public\data\edgeiq_manifest_APR2000.json","2"
"C:\Users\trent\OneDrive\Documents\EDGEIQ_PLATFORM\public\data\edgeiq_manifest_APR2001.json","10487"
"C:\Users\trent\OneDrive\Documents\EDGEIQ_PLATFORM\public\data\edgeiq_manifest_APR2002.json","10485"
"C:\Users\trent\OneDrive\Documents\EDGEIQ_PLATFORM\public\data\edgeiq_manifest_APR2003.json","10315"
"C:\Users\trent\OneDrive\Documents\EDGEIQ_PLATFORM\public\data\edgeiq_manifest_APR2004.json","11289"
"C:\Users\trent\OneDrive\Documents\EDGEIQ_PLATFORM\public\data\edgeiq_manifest_APR2005.json","11315"
"C:\Users\trent\OneDrive\Documents\EDGEIQ_PLATFORM\public\data\edgeiq_manifest_APR2006.json","13109"
"C:\Users\trent\OneDrive\Documents\EDGEIQ_PLATFORM\public\data\edgeiq_manifest_APR2007.json","12047"
"C:\Users\trent\OneDrive\Documents\EDGEIQ_PLATFORM\public\data\edgeiq_manifest_APR2008.json","11609"
"C:\Users\trent\OneDrive\Documents\EDGEIQ_PLATFORM\public\data\edgeiq_manifest_APR2009.json","12009"
"C:\Users\trent\OneDrive\Documents\EDGEIQ_PLATFORM\public\data\edgeiq_manifest_APR2010.json","11441"
"C:\Users\trent\OneDrive\Documents\EDGEIQ_PLATFORM\public\data\edgeiq_manifest_APR2011.json","12257"
"C:\Users\trent\OneDrive\Documents\EDGEIQ_PLATFORM\public\data\edgeiq_manifest_APR2012.json","12529"
"C:\Users\trent\OneDrive\Documents\EDGEIQ_PLATFORM\public\data\edgeiq_manifest_APR2013.json","11245"
"C:\Users\trent\OneDrive\Documents\EDGEIQ_PLATFORM\public\data\edgeiq_manifest_APR2014.json","11809"
"C:\Users\trent\OneDrive\Documents\EDGEIQ_PLATFORM\public\data\edgeiq_manifest_APR2015.json","9445"
"C:\Users\trent\OneDrive\Documents\EDGEIQ_PLATFORM\public\data\edgeiq_manifest_APR2016.json","10507"
"C:\Users\trent\OneDrive\Documents\EDGEIQ_PLATFORM\public\data\edgeiq_manifest_APR2017.json","8971"
"C:\Users\trent\OneDrive\Documents\EDGEIQ_PLATFORM\public\data\edgeiq_manifest_APR2018.json","10049"
"C:\Users\trent\OneDrive\Documents\EDGEIQ_PLATFORM\public\data\edgeiq_manifest_APR2019.json","9561"
"C:\Users\trent\OneDrive\Documents\EDGEIQ_PLATFORM\public\data\edgeiq_manifest_APR2020.json","7927"
"C:\Users\trent\OneDrive\Documents\EDGEIQ_PLATFORM\public\data\edgeiq_manifest_APR2021.json","11565"
"C:\Users\trent\OneDrive\Documents\EDGEIQ_PLATFORM\public\data\edgeiq_manifest_APR2022.json","19213"
"C:\Users\trent\OneDrive\Documents\EDGEIQ_PLATFORM\public\data\edgeiq_manifest_APR2023.json","13026"
"C:\Users\trent\OneDrive\Documents\EDGEIQ_PLATFORM\public\data\edgeiq_manifest_APR2024.json","11565"
"C:\Users\trent\OneDrive\Documents\EDGEIQ_PLATFORM\public\data\edgeiq_manifest_APR2025.json","12022"
"C:\Users\trent\OneDrive\Documents\EDGEIQ_PLATFORM\public\data\edgeiq_manifest_APR2026.json","15396"
"C:\Users\trent\OneDrive\Documents\EDGEIQ_PLATFORM\public\data\edgeiq_manifest_AUG2000.json","9445"
"C:\Users\trent\OneDrive\Documents\EDGEIQ_PLATFORM\public\data\edgeiq_manifest_AUG2001.json","9473"
"C:\Users\trent\OneDrive\Documents\EDGEIQ_PLATFORM\public\data\edgeiq_manifest_AUG2002.json","10247"
"C:\Users\trent\OneDrive\Documents\EDGEIQ_PLATFORM\public\data\edgeiq_manifest_AUG2003.json","10291"
"C:\Users\trent\OneDrive\Documents\EDGEIQ_PLATFORM\public\data\edgeiq_manifest_AUG2004.json","10773"
"C:\Users\trent\OneDrive\Documents\EDGEIQ_PLATFORM\public\data\edgeiq_manifest_AUG2005.json","11585"
"C:\Users\trent\OneDrive\Documents\EDGEIQ_PLATFORM\public\data\edgeiq_manifest_AUG2006.json","10519"
"C:\Users\trent\OneDrive\Documents\EDGEIQ_PLATFORM\public\data\edgeiq_manifest_AUG2007.json","11373"
"C:\Users\trent\OneDrive\Documents\EDGEIQ_PLATFORM\public\data\edgeiq_manifest_AUG2008.json","12239"
"C:\Users\trent\OneDrive\Documents\EDGEIQ_PLATFORM\public\data\edgeiq_manifest_AUG2009.json","10603"
"C:\Users\trent\OneDrive\Documents\EDGEIQ_PLATFORM\public\data\edgeiq_manifest_AUG2010.json","10219"
"C:\Users\trent\OneDrive\Documents\EDGEIQ_PLATFORM\public\data\edgeiq_manifest_AUG2011.json","11293"
"C:\Users\trent\OneDrive\Documents\EDGEIQ_PLATFORM\public\data\edgeiq_manifest_AUG2012.json","10777"
"C:\Users\trent\OneDrive\Documents\EDGEIQ_PLATFORM\public\data\edgeiq_manifest_AUG2013.json","11305"
"C:\Users\trent\OneDrive\Documents\EDGEIQ_PLATFORM\public\data\edgeiq_manifest_AUG2014.json","11787"
"C:\Users\trent\OneDrive\Documents\EDGEIQ_PLATFORM\public\data\edgeiq_manifest_AUG2015.json","8227"
"C:\Users\trent\OneDrive\Documents\EDGEIQ_PLATFORM\public\data\edgeiq_manifest_AUG2016.json","7765"
"C:\Users\trent\OneDrive\Documents\EDGEIQ_PLATFORM\public\data\edgeiq_manifest_AUG2017.json","7705"
"C:\Users\trent\OneDrive\Documents\EDGEIQ_PLATFORM\public\data\edgeiq_manifest_AUG2018.json","7763"
"C:\Users\trent\OneDrive\Documents\EDGEIQ_PLATFORM\public\data\edgeiq_manifest_AUG2019.json","7519"
"C:\Users\trent\OneDrive\Documents\EDGEIQ_PLATFORM\public\data\edgeiq_manifest_AUG2020.json","8195"
"C:\Users\trent\OneDrive\Documents\EDGEIQ_PLATFORM\public\data\edgeiq_manifest_AUG2021.json","14383"
"C:\Users\trent\OneDrive\Documents\EDGEIQ_PLATFORM\public\data\edgeiq_manifest_AUG2022.json","17649"
"C:\Users\trent\OneDrive\Documents\EDGEIQ_PLATFORM\public\data\edgeiq_manifest_AUG2023.json","10710"
"C:\Users\trent\OneDrive\Documents\EDGEIQ_PLATFORM\public\data\edgeiq_manifest_AUG2024.json","13093"
"C:\Users\trent\OneDrive\Documents\EDGEIQ_PLATFORM\public\data\edgeiq_manifest_AUG2025.json","11904"
"C:\Users\trent\OneDrive\Documents\EDGEIQ_PLATFORM\public\data\edgeiq_manifest_AUG2026.json","10210"
"C:\Users\trent\OneDrive\Documents\EDGEIQ_PLATFORM\public\data\edgeiq_manifest_DEC2000.json","10755"
"C:\Users\trent\OneDrive\Documents\EDGEIQ_PLATFORM\public\data\edgeiq_manifest_DEC2001.json","10529"
"C:\Users\trent\OneDrive\Documents\EDGEIQ_PLATFORM\public\data\edgeiq_manifest_DEC2002.json","9967"
"C:\Users\trent\OneDrive\Documents\EDGEIQ_PLATFORM\public\data\edgeiq_manifest_DEC2003.json","10475"
"C:\Users\trent\OneDrive\Documents\EDGEIQ_PLATFORM\public\data\edgeiq_manifest_DEC2004.json","9723"
"C:\Users\trent\OneDrive\Documents\EDGEIQ_PLATFORM\public\data\edgeiq_manifest_DEC2005.json","10257"
"C:\Users\trent\OneDrive\Documents\EDGEIQ_PLATFORM\public\data\edgeiq_manifest_DEC2006.json","10483"
"C:\Users\trent\OneDrive\Documents\EDGEIQ_PLATFORM\public\data\edgeiq_manifest_DEC2007.json","10207"
"C:\Users\trent\OneDrive\Documents\EDGEIQ_PLATFORM\public\data\edgeiq_manifest_DEC2008.json","10261"
"C:\Users\trent\OneDrive\Documents\EDGEIQ_PLATFORM\public\data\edgeiq_manifest_DEC2009.json","11049"
"C:\Users\trent\OneDrive\Documents\EDGEIQ_PLATFORM\public\data\edgeiq_manifest_DEC2010.json","11109"
"C:\Users\trent\OneDrive\Documents\EDGEIQ_PLATFORM\public\data\edgeiq_manifest_DEC2011.json","12375"
"C:\Users\trent\OneDrive\Documents\EDGEIQ_PLATFORM\public\data\edgeiq_manifest_DEC2012.json","12703"
"C:\Users\trent\OneDrive\Documents\EDGEIQ_PLATFORM\public\data\edgeiq_manifest_DEC2013.json","10271"
"C:\Users\trent\OneDrive\Documents\EDGEIQ_PLATFORM\public\data\edgeiq_manifest_DEC2014.json","9313"
"C:\Users\trent\OneDrive\Documents\EDGEIQ_PLATFORM\public\data\edgeiq_manifest_DEC2015.json","8089"
"C:\Users\trent\OneDrive\Documents\EDGEIQ_PLATFORM\public\data\edgeiq_manifest_DEC2016.json","9493"
"C:\Users\trent\OneDrive\Documents\EDGEIQ_PLATFORM\public\data\edgeiq_manifest_DEC2017.json","9247"
"C:\Users\trent\OneDrive\Documents\EDGEIQ_PLATFORM\public\data\edgeiq_manifest_DEC2018.json","9531"
"C:\Users\trent\OneDrive\Documents\EDGEIQ_PLATFORM\public\data\edgeiq_manifest_DEC2019.json","8183"
"C:\Users\trent\OneDrive\Documents\EDGEIQ_PLATFORM\public\data\edgeiq_manifest_DEC2020.json","7699"
"C:\Users\trent\OneDrive\Documents\EDGEIQ_PLATFORM\public\data\edgeiq_manifest_DEC2021.json","11199"
"C:\Users\trent\OneDrive\Documents\EDGEIQ_PLATFORM\public\data\edgeiq_manifest_DEC2022.json","15337"
"C:\Users\trent\OneDrive\Documents\EDGEIQ_PLATFORM\public\data\edgeiq_manifest_DEC2023.json","13389"
"C:\Users\trent\OneDrive\Documents\EDGEIQ_PLATFORM\public\data\edgeiq_manifest_DEC2024.json","14104"
"C:\Users\trent\OneDrive\Documents\EDGEIQ_PLATFORM\public\data\edgeiq_manifest_DEC2025.json","12542"
"C:\Users\trent\OneDrive\Documents\EDGEIQ_PLATFORM\public\data\edgeiq_manifest_DEC2026.json","2"
"C:\Users\trent\OneDrive\Documents\EDGEIQ_PLATFORM\public\data\edgeiq_manifest_FEB2000.json","2"
"C:\Users\trent\OneDrive\Documents\EDGEIQ_PLATFORM\public\data\edgeiq_manifest_FEB2001.json","9233"
"C:\Users\trent\OneDrive\Documents\EDGEIQ_PLATFORM\public\data\edgeiq_manifest_FEB2002.json","9517"
"C:\Users\trent\OneDrive\Documents\EDGEIQ_PLATFORM\public\data\edgeiq_manifest_FEB2003.json","11453"
"C:\Users\trent\OneDrive\Documents\EDGEIQ_PLATFORM\public\data\edgeiq_manifest_FEB2004.json","10519"
"C:\Users\trent\OneDrive\Documents\EDGEIQ_PLATFORM\public\data\edgeiq_manifest_FEB2005.json","10769"
"C:\Users\trent\OneDrive\Documents\EDGEIQ_PLATFORM\public\data\edgeiq_manifest_FEB2006.json","10809"
"C:\Users\trent\OneDrive\Documents\EDGEIQ_PLATFORM\public\data\edgeiq_manifest_FEB2007.json","10007"
"C:\Users\trent\OneDrive\Documents\EDGEIQ_PLATFORM\public\data\edgeiq_manifest_FEB2008.json","10229"
"C:\Users\trent\OneDrive\Documents\EDGEIQ_PLATFORM\public\data\edgeiq_manifest_FEB2009.json","11597"
"C:\Users\trent\OneDrive\Documents\EDGEIQ_PLATFORM\public\data\edgeiq_manifest_FEB2010.json","10319"
"C:\Users\trent\OneDrive\Documents\EDGEIQ_PLATFORM\public\data\edgeiq_manifest_FEB2011.json","11691"
"C:\Users\trent\OneDrive\Documents\EDGEIQ_PLATFORM\public\data\edgeiq_manifest_FEB2012.json","11437"
"C:\Users\trent\OneDrive\Documents\EDGEIQ_PLATFORM\public\data\edgeiq_manifest_FEB2013.json","10351"
"C:\Users\trent\OneDrive\Documents\EDGEIQ_PLATFORM\public\data\edgeiq_manifest_FEB2014.json","9895"
"C:\Users\trent\OneDrive\Documents\EDGEIQ_PLATFORM\public\data\edgeiq_manifest_FEB2015.json","9903"
"C:\Users\trent\OneDrive\Documents\EDGEIQ_PLATFORM\public\data\edgeiq_manifest_FEB2016.json","7943"
"C:\Users\trent\OneDrive\Documents\EDGEIQ_PLATFORM\public\data\edgeiq_manifest_FEB2017.json","8435"
"C:\Users\trent\OneDrive\Documents\EDGEIQ_PLATFORM\public\data\edgeiq_manifest_FEB2018.json","8735"
"C:\Users\trent\OneDrive\Documents\EDGEIQ_PLATFORM\public\data\edgeiq_manifest_FEB2019.json","6839"
"C:\Users\trent\OneDrive\Documents\EDGEIQ_PLATFORM\public\data\edgeiq_manifest_FEB2020.json","7617"
"C:\Users\trent\OneDrive\Documents\EDGEIQ_PLATFORM\public\data\edgeiq_manifest_FEB2021.json","7757"
"C:\Users\trent\OneDrive\Documents\EDGEIQ_PLATFORM\public\data\edgeiq_manifest_FEB2022.json","13589"
"C:\Users\trent\OneDrive\Documents\EDGEIQ_PLATFORM\public\data\edgeiq_manifest_FEB2023.json","12179"
"C:\Users\trent\OneDrive\Documents\EDGEIQ_PLATFORM\public\data\edgeiq_manifest_FEB2024.json","11596"
"C:\Users\trent\OneDrive\Documents\EDGEIQ_PLATFORM\public\data\edgeiq_manifest_FEB2025.json","9389"
"C:\Users\trent\OneDrive\Documents\EDGEIQ_PLATFORM\public\data\edgeiq_manifest_FEB2026.json","12917"
"C:\Users\trent\OneDrive\Documents\EDGEIQ_PLATFORM\public\data\edgeiq_manifest_JAN2000.json","2"
"C:\Users\trent\OneDrive\Documents\EDGEIQ_PLATFORM\public\data\edgeiq_manifest_JAN2001.json","10757"
"C:\Users\trent\OneDrive\Documents\EDGEIQ_PLATFORM\public\data\edgeiq_manifest_JAN2002.json","11001"
"C:\Users\trent\OneDrive\Documents\EDGEIQ_PLATFORM\public\data\edgeiq_manifest_JAN2003.json","11587"
"C:\Users\trent\OneDrive\Documents\EDGEIQ_PLATFORM\public\data\edgeiq_manifest_JAN2004.json","12343"
"C:\Users\trent\OneDrive\Documents\EDGEIQ_PLATFORM\public\data\edgeiq_manifest_JAN2005.json","12625"
"C:\Users\trent\OneDrive\Documents\EDGEIQ_PLATFORM\public\data\edgeiq_manifest_JAN2006.json","10785"
"C:\Users\trent\OneDrive\Documents\EDGEIQ_PLATFORM\public\data\edgeiq_manifest_JAN2007.json","12623"
"C:\Users\trent\OneDrive\Documents\EDGEIQ_PLATFORM\public\data\edgeiq_manifest_JAN2008.json","11869"
"C:\Users\trent\OneDrive\Documents\EDGEIQ_PLATFORM\public\data\edgeiq_manifest_JAN2009.json","12475"
"C:\Users\trent\OneDrive\Documents\EDGEIQ_PLATFORM\public\data\edgeiq_manifest_JAN2010.json","12743"
"C:\Users\trent\OneDrive\Documents\EDGEIQ_PLATFORM\public\data\edgeiq_manifest_JAN2011.json","12767"
"C:\Users\trent\OneDrive\Documents\EDGEIQ_PLATFORM\public\data\edgeiq_manifest_JAN2012.json","11687"
"C:\Users\trent\OneDrive\Documents\EDGEIQ_PLATFORM\public\data\edgeiq_manifest_JAN2013.json","10585"
"C:\Users\trent\OneDrive\Documents\EDGEIQ_PLATFORM\public\data\edgeiq_manifest_JAN2014.json","11531"
"C:\Users\trent\OneDrive\Documents\EDGEIQ_PLATFORM\public\data\edgeiq_manifest_JAN2015.json","9865"
"C:\Users\trent\OneDrive\Documents\EDGEIQ_PLATFORM\public\data\edgeiq_manifest_JAN2016.json","9171"
"C:\Users\trent\OneDrive\Documents\EDGEIQ_PLATFORM\public\data\edgeiq_manifest_JAN2017.json","7933"
"C:\Users\trent\OneDrive\Documents\EDGEIQ_PLATFORM\public\data\edgeiq_manifest_JAN2018.json","8217"
"C:\Users\trent\OneDrive\Documents\EDGEIQ_PLATFORM\public\data\edgeiq_manifest_JAN2019.json","7909"
"C:\Users\trent\OneDrive\Documents\EDGEIQ_PLATFORM\public\data\edgeiq_manifest_JAN2020.json","7651"
"C:\Users\trent\OneDrive\Documents\EDGEIQ_PLATFORM\public\data\edgeiq_manifest_JAN2021.json","9089"
"C:\Users\trent\OneDrive\Documents\EDGEIQ_PLATFORM\public\data\edgeiq_manifest_JAN2022.json","11989"
"C:\Users\trent\OneDrive\Documents\EDGEIQ_PLATFORM\public\data\edgeiq_manifest_JAN2023.json","13018"
"C:\Users\trent\OneDrive\Documents\EDGEIQ_PLATFORM\public\data\edgeiq_manifest_JAN2024.json","14129"
"C:\Users\trent\OneDrive\Documents\EDGEIQ_PLATFORM\public\data\edgeiq_manifest_JAN2025_WEEK2.json","2691"
"C:\Users\trent\OneDrive\Documents\EDGEIQ_PLATFORM\public\data\edgeiq_manifest_JAN2025_WEEK3.json","2061"
"C:\Users\trent\OneDrive\Documents\EDGEIQ_PLATFORM\public\data\edgeiq_manifest_JAN2025_WEEK4.json","2968"
"C:\Users\trent\OneDrive\Documents\EDGEIQ_PLATFORM\public\data\edgeiq_manifest_JAN2026.json","14037"
"C:\Users\trent\OneDrive\Documents\EDGEIQ_PLATFORM\public\data\edgeiq_manifest_JUL2000.json","2"
"C:\Users\trent\OneDrive\Documents\EDGEIQ_PLATFORM\public\data\edgeiq_manifest_JUL2001.json","11573"
"C:\Users\trent\OneDrive\Documents\EDGEIQ_PLATFORM\public\data\edgeiq_manifest_JUL2002.json","10525"
"C:\Users\trent\OneDrive\Documents\EDGEIQ_PLATFORM\public\data\edgeiq_manifest_JUL2003.json","11805"
"C:\Users\trent\OneDrive\Documents\EDGEIQ_PLATFORM\public\data\edgeiq_manifest_JUL2004.json","11585"
"C:\Users\trent\OneDrive\Documents\EDGEIQ_PLATFORM\public\data\edgeiq_manifest_JUL2005.json","11075"
"C:\Users\trent\OneDrive\Documents\EDGEIQ_PLATFORM\public\data\edgeiq_manifest_JUL2006.json","11043"
"C:\Users\trent\OneDrive\Documents\EDGEIQ_PLATFORM\public\data\edgeiq_manifest_JUL2007.json","10641"
"C:\Users\trent\OneDrive\Documents\EDGEIQ_PLATFORM\public\data\edgeiq_manifest_JUL2008.json","11629"
"C:\Users\trent\OneDrive\Documents\EDGEIQ_PLATFORM\public\data\edgeiq_manifest_JUL2009.json","10047"
"C:\Users\trent\OneDrive\Documents\EDGEIQ_PLATFORM\public\data\edgeiq_manifest_JUL2010.json","11779"
"C:\Users\trent\OneDrive\Documents\EDGEIQ_PLATFORM\public\data\edgeiq_manifest_JUL2011.json","11543"
"C:\Users\trent\OneDrive\Documents\EDGEIQ_PLATFORM\public\data\edgeiq_manifest_JUL2012.json","11249"
"C:\Users\trent\OneDrive\Documents\EDGEIQ_PLATFORM\public\data\edgeiq_manifest_JUL2013.json","10969"
"C:\Users\trent\OneDrive\Documents\EDGEIQ_PLATFORM\public\data\edgeiq_manifest_JUL2014.json","10275"
"C:\Users\trent\OneDrive\Documents\EDGEIQ_PLATFORM\public\data\edgeiq_manifest_JUL2015.json","8995"
"C:\Users\trent\OneDrive\Documents\EDGEIQ_PLATFORM\public\data\edgeiq_manifest_JUL2016.json","7383"
"C:\Users\trent\OneDrive\Documents\EDGEIQ_PLATFORM\public\data\edgeiq_manifest_JUL2017.json","8801"
"C:\Users\trent\OneDrive\Documents\EDGEIQ_PLATFORM\public\data\edgeiq_manifest_JUL2018.json","8263"
"C:\Users\trent\OneDrive\Documents\EDGEIQ_PLATFORM\public\data\edgeiq_manifest_JUL2019.json","8633"
"C:\Users\trent\OneDrive\Documents\EDGEIQ_PLATFORM\public\data\edgeiq_manifest_JUL2020.json","7487"
"C:\Users\trent\OneDrive\Documents\EDGEIQ_PLATFORM\public\data\edgeiq_manifest_JUL2021.json","13315"
"C:\Users\trent\OneDrive\Documents\EDGEIQ_PLATFORM\public\data\edgeiq_manifest_JUL2022.json","15113"
"C:\Users\trent\OneDrive\Documents\EDGEIQ_PLATFORM\public\data\edgeiq_manifest_JUL2023.json","11553"
"C:\Users\trent\OneDrive\Documents\EDGEIQ_PLATFORM\public\data\edgeiq_manifest_JUL2024.json","11913"
"C:\Users\trent\OneDrive\Documents\EDGEIQ_PLATFORM\public\data\edgeiq_manifest_JUL2025.json","12517"
"C:\Users\trent\OneDrive\Documents\EDGEIQ_PLATFORM\public\data\edgeiq_manifest_JUL2026.json","12382"
"C:\Users\trent\OneDrive\Documents\EDGEIQ_PLATFORM\public\data\edgeiq_manifest_JUN2000.json","2"
"C:\Users\trent\OneDrive\Documents\EDGEIQ_PLATFORM\public\data\edgeiq_manifest_JUN2001.json","10285"
"C:\Users\trent\OneDrive\Documents\EDGEIQ_PLATFORM\public\data\edgeiq_manifest_JUN2002.json","10263"
"C:\Users\trent\OneDrive\Documents\EDGEIQ_PLATFORM\public\data\edgeiq_manifest_JUN2003.json","11049"
"C:\Users\trent\OneDrive\Documents\EDGEIQ_PLATFORM\public\data\edgeiq_manifest_JUN2004.json","12423"
"C:\Users\trent\OneDrive\Documents\EDGEIQ_PLATFORM\public\data\edgeiq_manifest_JUN2005.json","10531"
"C:\Users\trent\OneDrive\Documents\EDGEIQ_PLATFORM\public\data\edgeiq_manifest_JUN2006.json","10791"
"C:\Users\trent\OneDrive\Documents\EDGEIQ_PLATFORM\public\data\edgeiq_manifest_JUN2007.json","11845"
"C:\Users\trent\OneDrive\Documents\EDGEIQ_PLATFORM\public\data\edgeiq_manifest_JUN2008.json","12197"
"C:\Users\trent\OneDrive\Documents\EDGEIQ_PLATFORM\public\data\edgeiq_manifest_JUN2009.json","10575"
"C:\Users\trent\OneDrive\Documents\EDGEIQ_PLATFORM\public\data\edgeiq_manifest_JUN2010.json","10411"
"C:\Users\trent\OneDrive\Documents\EDGEIQ_PLATFORM\public\data\edgeiq_manifest_JUN2011.json","12093"
"C:\Users\trent\OneDrive\Documents\EDGEIQ_PLATFORM\public\data\edgeiq_manifest_JUN2012.json","10761"
"C:\Users\trent\OneDrive\Documents\EDGEIQ_PLATFORM\public\data\edgeiq_manifest_JUN2013.json","11827"
"C:\Users\trent\OneDrive\Documents\EDGEIQ_PLATFORM\public\data\edgeiq_manifest_JUN2014.json","11309"
"C:\Users\trent\OneDrive\Documents\EDGEIQ_PLATFORM\public\data\edgeiq_manifest_JUN2015.json","9539"
"C:\Users\trent\OneDrive\Documents\EDGEIQ_PLATFORM\public\data\edgeiq_manifest_JUN2016.json","7735"
"C:\Users\trent\OneDrive\Documents\EDGEIQ_PLATFORM\public\data\edgeiq_manifest_JUN2017.json","8561"
"C:\Users\trent\OneDrive\Documents\EDGEIQ_PLATFORM\public\data\edgeiq_manifest_JUN2018.json","8863"
"C:\Users\trent\OneDrive\Documents\EDGEIQ_PLATFORM\public\data\edgeiq_manifest_JUN2019.json","8653"
"C:\Users\trent\OneDrive\Documents\EDGEIQ_PLATFORM\public\data\edgeiq_manifest_JUN2020.json","7289"
"C:\Users\trent\OneDrive\Documents\EDGEIQ_PLATFORM\public\data\edgeiq_manifest_JUN2021.json","14181"
"C:\Users\trent\OneDrive\Documents\EDGEIQ_PLATFORM\public\data\edgeiq_manifest_JUN2022.json","16449"
"C:\Users\trent\OneDrive\Documents\EDGEIQ_PLATFORM\public\data\edgeiq_manifest_JUN2023.json","10905"
"C:\Users\trent\OneDrive\Documents\EDGEIQ_PLATFORM\public\data\edgeiq_manifest_JUN2024.json","13195"
"C:\Users\trent\OneDrive\Documents\EDGEIQ_PLATFORM\public\data\edgeiq_manifest_JUN2025.json","12411"
"C:\Users\trent\OneDrive\Documents\EDGEIQ_PLATFORM\public\data\edgeiq_manifest_JUN2026.json","11856"
"C:\Users\trent\OneDrive\Documents\EDGEIQ_PLATFORM\public\data\edgeiq_manifest_MAR2000.json","2"
"C:\Users\trent\OneDrive\Documents\EDGEIQ_PLATFORM\public\data\edgeiq_manifest_MAR2001.json","10455"
"C:\Users\trent\OneDrive\Documents\EDGEIQ_PLATFORM\public\data\edgeiq_manifest_MAR2002.json","11037"
"C:\Users\trent\OneDrive\Documents\EDGEIQ_PLATFORM\public\data\edgeiq_manifest_MAR2003.json","10675"
"C:\Users\trent\OneDrive\Documents\EDGEIQ_PLATFORM\public\data\edgeiq_manifest_MAR2004.json","9493"
"C:\Users\trent\OneDrive\Documents\EDGEIQ_PLATFORM\public\data\edgeiq_manifest_MAR2005.json","11051"
"C:\Users\trent\OneDrive\Documents\EDGEIQ_PLATFORM\public\data\edgeiq_manifest_MAR2006.json","10797"
"C:\Users\trent\OneDrive\Documents\EDGEIQ_PLATFORM\public\data\edgeiq_manifest_MAR2007.json","11567"
"C:\Users\trent\OneDrive\Documents\EDGEIQ_PLATFORM\public\data\edgeiq_manifest_MAR2008.json","13403"
"C:\Users\trent\OneDrive\Documents\EDGEIQ_PLATFORM\public\data\edgeiq_manifest_MAR2009.json","12385"
"C:\Users\trent\OneDrive\Documents\EDGEIQ_PLATFORM\public\data\edgeiq_manifest_MAR2010.json","11985"
"C:\Users\trent\OneDrive\Documents\EDGEIQ_PLATFORM\public\data\edgeiq_manifest_MAR2011.json","13069"
"C:\Users\trent\OneDrive\Documents\EDGEIQ_PLATFORM\public\data\edgeiq_manifest_MAR2012.json","12523"
"C:\Users\trent\OneDrive\Documents\EDGEIQ_PLATFORM\public\data\edgeiq_manifest_MAR2013.json","13823"
"C:\Users\trent\OneDrive\Documents\EDGEIQ_PLATFORM\public\data\edgeiq_manifest_MAR2014.json","11187"
"C:\Users\trent\OneDrive\Documents\EDGEIQ_PLATFORM\public\data\edgeiq_manifest_MAR2015.json","9471"
"C:\Users\trent\OneDrive\Documents\EDGEIQ_PLATFORM\public\data\edgeiq_manifest_MAR2016.json","9231"
"C:\Users\trent\OneDrive\Documents\EDGEIQ_PLATFORM\public\data\edgeiq_manifest_MAR2017.json","10413"
"C:\Users\trent\OneDrive\Documents\EDGEIQ_PLATFORM\public\data\edgeiq_manifest_MAR2018.json","9593"
"C:\Users\trent\OneDrive\Documents\EDGEIQ_PLATFORM\public\data\edgeiq_manifest_MAR2019.json","9539"
"C:\Users\trent\OneDrive\Documents\EDGEIQ_PLATFORM\public\data\edgeiq_manifest_MAR2020.json","9077"
"C:\Users\trent\OneDrive\Documents\EDGEIQ_PLATFORM\public\data\edgeiq_manifest_MAR2021.json","8309"
"C:\Users\trent\OneDrive\Documents\EDGEIQ_PLATFORM\public\data\edgeiq_manifest_MAR2022.json","15607"
"C:\Users\trent\OneDrive\Documents\EDGEIQ_PLATFORM\public\data\edgeiq_manifest_MAR2023.json","14488"
"C:\Users\trent\OneDrive\Documents\EDGEIQ_PLATFORM\public\data\edgeiq_manifest_MAR2024.json","14431"
"C:\Users\trent\OneDrive\Documents\EDGEIQ_PLATFORM\public\data\edgeiq_manifest_MAR2025.json","11113"
"C:\Users\trent\OneDrive\Documents\EDGEIQ_PLATFORM\public\data\edgeiq_manifest_MAR2026.json","14808"
"C:\Users\trent\OneDrive\Documents\EDGEIQ_PLATFORM\public\data\edgeiq_manifest_MAY2000.json","2"
"C:\Users\trent\OneDrive\Documents\EDGEIQ_PLATFORM\public\data\edgeiq_manifest_MAY2001.json","9707"
"C:\Users\trent\OneDrive\Documents\EDGEIQ_PLATFORM\public\data\edgeiq_manifest_MAY2002.json","11069"
"C:\Users\trent\OneDrive\Documents\EDGEIQ_PLATFORM\public\data\edgeiq_manifest_MAY2003.json","12285"
"C:\Users\trent\OneDrive\Documents\EDGEIQ_PLATFORM\public\data\edgeiq_manifest_MAY2004.json","11311"
"C:\Users\trent\OneDrive\Documents\EDGEIQ_PLATFORM\public\data\edgeiq_manifest_MAY2005.json","11045"
"C:\Users\trent\OneDrive\Documents\EDGEIQ_PLATFORM\public\data\edgeiq_manifest_MAY2006.json","11293"
"C:\Users\trent\OneDrive\Documents\EDGEIQ_PLATFORM\public\data\edgeiq_manifest_MAY2007.json","12107"
"C:\Users\trent\OneDrive\Documents\EDGEIQ_PLATFORM\public\data\edgeiq_manifest_MAY2008.json","12139"
"C:\Users\trent\OneDrive\Documents\EDGEIQ_PLATFORM\public\data\edgeiq_manifest_MAY2009.json","12211"
"C:\Users\trent\OneDrive\Documents\EDGEIQ_PLATFORM\public\data\edgeiq_manifest_MAY2010.json","11177"
"C:\Users\trent\OneDrive\Documents\EDGEIQ_PLATFORM\public\data\edgeiq_manifest_MAY2011.json","11805"
"C:\Users\trent\OneDrive\Documents\EDGEIQ_PLATFORM\public\data\edgeiq_manifest_MAY2012.json","10963"
"C:\Users\trent\OneDrive\Documents\EDGEIQ_PLATFORM\public\data\edgeiq_manifest_MAY2013.json","11013"
"C:\Users\trent\OneDrive\Documents\EDGEIQ_PLATFORM\public\data\edgeiq_manifest_MAY2014.json","11089"
"C:\Users\trent\OneDrive\Documents\EDGEIQ_PLATFORM\public\data\edgeiq_manifest_MAY2015.json","11153"
"C:\Users\trent\OneDrive\Documents\EDGEIQ_PLATFORM\public\data\edgeiq_manifest_MAY2016.json","9289"
"C:\Users\trent\OneDrive\Documents\EDGEIQ_PLATFORM\public\data\edgeiq_manifest_MAY2017.json","9321"
"C:\Users\trent\OneDrive\Documents\EDGEIQ_PLATFORM\public\data\edgeiq_manifest_MAY2018.json","9321"
"C:\Users\trent\OneDrive\Documents\EDGEIQ_PLATFORM\public\data\edgeiq_manifest_MAY2019.json","9931"
"C:\Users\trent\OneDrive\Documents\EDGEIQ_PLATFORM\public\data\edgeiq_manifest_MAY2020.json","9901"
"C:\Users\trent\OneDrive\Documents\EDGEIQ_PLATFORM\public\data\edgeiq_manifest_MAY2021.json","11181"
"C:\Users\trent\OneDrive\Documents\EDGEIQ_PLATFORM\public\data\edgeiq_manifest_MAY2022.json","18055"
"C:\Users\trent\OneDrive\Documents\EDGEIQ_PLATFORM\public\data\edgeiq_manifest_MAY2023.json","12579"
"C:\Users\trent\OneDrive\Documents\EDGEIQ_PLATFORM\public\data\edgeiq_manifest_MAY2024.json","14423"
"C:\Users\trent\OneDrive\Documents\EDGEIQ_PLATFORM\public\data\edgeiq_manifest_MAY2025.json","14739"
"C:\Users\trent\OneDrive\Documents\EDGEIQ_PLATFORM\public\data\edgeiq_manifest_MAY2026.json","13060"
"C:\Users\trent\OneDrive\Documents\EDGEIQ_PLATFORM\public\data\edgeiq_manifest_NOV2000.json","9473"
"C:\Users\trent\OneDrive\Documents\EDGEIQ_PLATFORM\public\data\edgeiq_manifest_NOV2001.json","10241"
"C:\Users\trent\OneDrive\Documents\EDGEIQ_PLATFORM\public\data\edgeiq_manifest_NOV2002.json","11289"
"C:\Users\trent\OneDrive\Documents\EDGEIQ_PLATFORM\public\data\edgeiq_manifest_NOV2003.json","10193"
"C:\Users\trent\OneDrive\Documents\EDGEIQ_PLATFORM\public\data\edgeiq_manifest_NOV2004.json","11031"
"C:\Users\trent\OneDrive\Documents\EDGEIQ_PLATFORM\public\data\edgeiq_manifest_NOV2005.json","10513"
"C:\Users\trent\OneDrive\Documents\EDGEIQ_PLATFORM\public\data\edgeiq_manifest_NOV2006.json","10763"
"C:\Users\trent\OneDrive\Documents\EDGEIQ_PLATFORM\public\data\edgeiq_manifest_NOV2007.json","11007"
"C:\Users\trent\OneDrive\Documents\EDGEIQ_PLATFORM\public\data\edgeiq_manifest_NOV2008.json","11867"
"C:\Users\trent\OneDrive\Documents\EDGEIQ_PLATFORM\public\data\edgeiq_manifest_NOV2009.json","11379"
"C:\Users\trent\OneDrive\Documents\EDGEIQ_PLATFORM\public\data\edgeiq_manifest_NOV2010.json","12425"
"C:\Users\trent\OneDrive\Documents\EDGEIQ_PLATFORM\public\data\edgeiq_manifest_NOV2011.json","13483"
"C:\Users\trent\OneDrive\Documents\EDGEIQ_PLATFORM\public\data\edgeiq_manifest_NOV2012.json","12751"
"C:\Users\trent\OneDrive\Documents\EDGEIQ_PLATFORM\public\data\edgeiq_manifest_NOV2013.json","12425"
"C:\Users\trent\OneDrive\Documents\EDGEIQ_PLATFORM\public\data\edgeiq_manifest_NOV2014.json","11951"
"C:\Users\trent\OneDrive\Documents\EDGEIQ_PLATFORM\public\data\edgeiq_manifest_NOV2015.json","10507"
"C:\Users\trent\OneDrive\Documents\EDGEIQ_PLATFORM\public\data\edgeiq_manifest_NOV2016.json","10563"
"C:\Users\trent\OneDrive\Documents\EDGEIQ_PLATFORM\public\data\edgeiq_manifest_NOV2017.json","10851"
"C:\Users\trent\OneDrive\Documents\EDGEIQ_PLATFORM\public\data\edgeiq_manifest_NOV2018.json","10635"
"C:\Users\trent\OneDrive\Documents\EDGEIQ_PLATFORM\public\data\edgeiq_manifest_NOV2019.json","9565"
"C:\Users\trent\OneDrive\Documents\EDGEIQ_PLATFORM\public\data\edgeiq_manifest_NOV2020.json","9679"
"C:\Users\trent\OneDrive\Documents\EDGEIQ_PLATFORM\public\data\edgeiq_manifest_NOV2021.json","14999"
"C:\Users\trent\OneDrive\Documents\EDGEIQ_PLATFORM\public\data\edgeiq_manifest_NOV2022.json","18745"
"C:\Users\trent\OneDrive\Documents\EDGEIQ_PLATFORM\public\data\edgeiq_manifest_NOV2023.json","13237"
"C:\Users\trent\OneDrive\Documents\EDGEIQ_PLATFORM\public\data\edgeiq_manifest_NOV2024.json","15703"
"C:\Users\trent\OneDrive\Documents\EDGEIQ_PLATFORM\public\data\edgeiq_manifest_NOV2025.json","14942"
"C:\Users\trent\OneDrive\Documents\EDGEIQ_PLATFORM\public\data\edgeiq_manifest_NOV2026.json","2"
"C:\Users\trent\OneDrive\Documents\EDGEIQ_PLATFORM\public\data\edgeiq_manifest_OCT2000.json","10821"
"C:\Users\trent\OneDrive\Documents\EDGEIQ_PLATFORM\public\data\edgeiq_manifest_OCT2001.json","9981"
"C:\Users\trent\OneDrive\Documents\EDGEIQ_PLATFORM\public\data\edgeiq_manifest_OCT2002.json","10283"
"C:\Users\trent\OneDrive\Documents\EDGEIQ_PLATFORM\public\data\edgeiq_manifest_OCT2003.json","10451"
"C:\Users\trent\OneDrive\Documents\EDGEIQ_PLATFORM\public\data\edgeiq_manifest_OCT2004.json","10455"
"C:\Users\trent\OneDrive\Documents\EDGEIQ_PLATFORM\public\data\edgeiq_manifest_OCT2005.json","10985"
"C:\Users\trent\OneDrive\Documents\EDGEIQ_PLATFORM\public\data\edgeiq_manifest_OCT2006.json","11551"
"C:\Users\trent\OneDrive\Documents\EDGEIQ_PLATFORM\public\data\edgeiq_manifest_OCT2007.json","10175"
"C:\Users\trent\OneDrive\Documents\EDGEIQ_PLATFORM\public\data\edgeiq_manifest_OCT2008.json","10749"
"C:\Users\trent\OneDrive\Documents\EDGEIQ_PLATFORM\public\data\edgeiq_manifest_OCT2009.json","10261"
"C:\Users\trent\OneDrive\Documents\EDGEIQ_PLATFORM\public\data\edgeiq_manifest_OCT2010.json","10245"
"C:\Users\trent\OneDrive\Documents\EDGEIQ_PLATFORM\public\data\edgeiq_manifest_OCT2011.json","12043"
"C:\Users\trent\OneDrive\Documents\EDGEIQ_PLATFORM\public\data\edgeiq_manifest_OCT2012.json","11033"
"C:\Users\trent\OneDrive\Documents\EDGEIQ_PLATFORM\public\data\edgeiq_manifest_OCT2013.json","10835"
"C:\Users\trent\OneDrive\Documents\EDGEIQ_PLATFORM\public\data\edgeiq_manifest_OCT2014.json","10625"
"C:\Users\trent\OneDrive\Documents\EDGEIQ_PLATFORM\public\data\edgeiq_manifest_OCT2015.json","10007"
"C:\Users\trent\OneDrive\Documents\EDGEIQ_PLATFORM\public\data\edgeiq_manifest_OCT2016.json","10803"
"C:\Users\trent\OneDrive\Documents\EDGEIQ_PLATFORM\public\data\edgeiq_manifest_OCT2017.json","9779"
"C:\Users\trent\OneDrive\Documents\EDGEIQ_PLATFORM\public\data\edgeiq_manifest_OCT2018.json","9601"
"C:\Users\trent\OneDrive\Documents\EDGEIQ_PLATFORM\public\data\edgeiq_manifest_OCT2019.json","8743"
"C:\Users\trent\OneDrive\Documents\EDGEIQ_PLATFORM\public\data\edgeiq_manifest_OCT2020.json","8823"
"C:\Users\trent\OneDrive\Documents\EDGEIQ_PLATFORM\public\data\edgeiq_manifest_OCT2021.json","14929"
"C:\Users\trent\OneDrive\Documents\EDGEIQ_PLATFORM\public\data\edgeiq_manifest_OCT2022.json","17639"
"C:\Users\trent\OneDrive\Documents\EDGEIQ_PLATFORM\public\data\edgeiq_manifest_OCT2023.json","11807"
"C:\Users\trent\OneDrive\Documents\EDGEIQ_PLATFORM\public\data\edgeiq_manifest_OCT2024.json","13661"
"C:\Users\trent\OneDrive\Documents\EDGEIQ_PLATFORM\public\data\edgeiq_manifest_OCT2025.json","14072"
"C:\Users\trent\OneDrive\Documents\EDGEIQ_PLATFORM\public\data\edgeiq_manifest_OCT2026.json","2"
"C:\Users\trent\OneDrive\Documents\EDGEIQ_PLATFORM\public\data\edgeiq_manifest_SEP2000.json","9963"
"C:\Users\trent\OneDrive\Documents\EDGEIQ_PLATFORM\public\data\edgeiq_manifest_SEP2001.json","10493"
"C:\Users\trent\OneDrive\Documents\EDGEIQ_PLATFORM\public\data\edgeiq_manifest_SEP2002.json","11007"
"C:\Users\trent\OneDrive\Documents\EDGEIQ_PLATFORM\public\data\edgeiq_manifest_SEP2003.json","10807"
"C:\Users\trent\OneDrive\Documents\EDGEIQ_PLATFORM\public\data\edgeiq_manifest_SEP2004.json","10791"
"C:\Users\trent\OneDrive\Documents\EDGEIQ_PLATFORM\public\data\edgeiq_manifest_SEP2005.json","10267"
"C:\Users\trent\OneDrive\Documents\EDGEIQ_PLATFORM\public\data\edgeiq_manifest_SEP2006.json","10515"
"C:\Users\trent\OneDrive\Documents\EDGEIQ_PLATFORM\public\data\edgeiq_manifest_SEP2007.json","13473"
"C:\Users\trent\OneDrive\Documents\EDGEIQ_PLATFORM\public\data\edgeiq_manifest_SEP2008.json","13527"
"C:\Users\trent\OneDrive\Documents\EDGEIQ_PLATFORM\public\data\edgeiq_manifest_SEP2009.json","10115"
"C:\Users\trent\OneDrive\Documents\EDGEIQ_PLATFORM\public\data\edgeiq_manifest_SEP2010.json","10495"
"C:\Users\trent\OneDrive\Documents\EDGEIQ_PLATFORM\public\data\edgeiq_manifest_SEP2011.json","10683"
"C:\Users\trent\OneDrive\Documents\EDGEIQ_PLATFORM\public\data\edgeiq_manifest_SEP2012.json","10353"
"C:\Users\trent\OneDrive\Documents\EDGEIQ_PLATFORM\public\data\edgeiq_manifest_SEP2013.json","9785"
"C:\Users\trent\OneDrive\Documents\EDGEIQ_PLATFORM\public\data\edgeiq_manifest_SEP2014.json","9053"
"C:\Users\trent\OneDrive\Documents\EDGEIQ_PLATFORM\public\data\edgeiq_manifest_SEP2015.json","8447"
"C:\Users\trent\OneDrive\Documents\EDGEIQ_PLATFORM\public\data\edgeiq_manifest_SEP2016.json","7691"
"C:\Users\trent\OneDrive\Documents\EDGEIQ_PLATFORM\public\data\edgeiq_manifest_SEP2017.json","7977"
"C:\Users\trent\OneDrive\Documents\EDGEIQ_PLATFORM\public\data\edgeiq_manifest_SEP2018.json","9047"
"C:\Users\trent\OneDrive\Documents\EDGEIQ_PLATFORM\public\data\edgeiq_manifest_SEP2019.json","8293"
"C:\Users\trent\OneDrive\Documents\EDGEIQ_PLATFORM\public\data\edgeiq_manifest_SEP2020.json","6653"
"C:\Users\trent\OneDrive\Documents\EDGEIQ_PLATFORM\public\data\edgeiq_manifest_SEP2021.json","14705"
"C:\Users\trent\OneDrive\Documents\EDGEIQ_PLATFORM\public\data\edgeiq_manifest_SEP2022.json","15613"
"C:\Users\trent\OneDrive\Documents\EDGEIQ_PLATFORM\public\data\edgeiq_manifest_SEP2023.json","10679"
"C:\Users\trent\OneDrive\Documents\EDGEIQ_PLATFORM\public\data\edgeiq_manifest_SEP2024.json","11027"
"C:\Users\trent\OneDrive\Documents\EDGEIQ_PLATFORM\public\data\edgeiq_manifest_SEP2025.json","11638"
"C:\Users\trent\OneDrive\Documents\EDGEIQ_PLATFORM\public\data\edgeiq_manifest_SEP2026.json","2"
"C:\Users\trent\OneDrive\Documents\EDGEIQ_PLATFORM\public\data\edgeiq_manual_race_metadata_corrections_v1.csv","570"
"C:\Users\trent\OneDrive\Documents\EDGEIQ_PLATFORM\public\data\edgeiq_map_consolidation_audit_summary_v1.csv","37"
"C:\Users\trent\OneDrive\Documents\EDGEIQ_PLATFORM\public\data\edgeiq_map_consolidation_audit_v1.csv","432"
"C:\Users\trent\OneDrive\Documents\EDGEIQ_PLATFORM\public\data\edgeiq_map_data_contract_v1_audit.json","722"
"C:\Users\trent\OneDrive\Documents\EDGEIQ_PLATFORM\public\data\edgeiq_map_engineering_build_v1_audit.json","474"
"C:\Users\trent\OneDrive\Documents\EDGEIQ_PLATFORM\public\data\edgeiq_map_enrichment_feed_v1.csv","321683"
"C:\Users\trent\OneDrive\Documents\EDGEIQ_PLATFORM\public\data\edgeiq_map_enrichment_feed_v1_audit.csv","1210"
"C:\Users\trent\OneDrive\Documents\EDGEIQ_PLATFORM\public\data\edgeiq_map_enrichment_feed_v1_summary.csv","283"
"C:\Users\trent\OneDrive\Documents\EDGEIQ_PLATFORM\public\data\edgeiq_map_enrichment_feed_v2.csv","177568"
"C:\Users\trent\OneDrive\Documents\EDGEIQ_PLATFORM\public\data\edgeiq_map_enrichment_feed_v2_audit.csv","30"
"C:\Users\trent\OneDrive\Documents\EDGEIQ_PLATFORM\public\data\edgeiq_map_enrichment_feed_v2_summary.csv","455"
"C:\Users\trent\OneDrive\Documents\EDGEIQ_PLATFORM\public\data\edgeiq_map_enrichment_feed_v3.csv","286989"
"C:\Users\trent\OneDrive\Documents\EDGEIQ_PLATFORM\public\data\edgeiq_map_enrichment_feed_v3_audit.csv","24"
"C:\Users\trent\OneDrive\Documents\EDGEIQ_PLATFORM\public\data\edgeiq_map_enrichment_feed_v3_summary.csv","431"
"C:\Users\trent\OneDrive\Documents\EDGEIQ_PLATFORM\public\data\edgeiq_map_filled_lanes_audit_v1.csv","310"
"C:\Users\trent\OneDrive\Documents\EDGEIQ_PLATFORM\public\data\edgeiq_map_filled_lanes_audit_v1_summary.csv","142"
"C:\Users\trent\OneDrive\Documents\EDGEIQ_PLATFORM\public\data\edgeiq_map_full_source_trace_v1.csv","1023020"
"C:\Users\trent\OneDrive\Documents\EDGEIQ_PLATFORM\public\data\edgeiq_map_full_source_trace_v1_summary.csv","926"
"C:\Users\trent\OneDrive\Documents\EDGEIQ_PLATFORM\public\data\edgeiq_map_lane_visual_audit_v1.csv","317"
"C:\Users\trent\OneDrive\Documents\EDGEIQ_PLATFORM\public\data\edgeiq_map_lane_visual_audit_v1_summary.csv","143"
"C:\Users\trent\OneDrive\Documents\EDGEIQ_PLATFORM\public\data\edgeiq_map_performance_feed_v1.csv","19340003"
"C:\Users\trent\OneDrive\Documents\EDGEIQ_PLATFORM\public\data\edgeiq_map_relative_speed_audit_v1.csv","40420"
"C:\Users\trent\OneDrive\Documents\EDGEIQ_PLATFORM\public\data\edgeiq_map_relative_speed_audit_v1_summary.csv","308"
"C:\Users\trent\OneDrive\Documents\EDGEIQ_PLATFORM\public\data\edgeiq_map_right_to_left_lanes_audit_v1.csv","283"
"C:\Users\trent\OneDrive\Documents\EDGEIQ_PLATFORM\public\data\edgeiq_map_right_to_left_lanes_audit_v1_summary.csv","149"
"C:\Users\trent\OneDrive\Documents\EDGEIQ_PLATFORM\public\data\edgeiq_map_tab_10_out_of_10_verified_checkpoint_v1.csv","654"
"C:\Users\trent\OneDrive\Documents\EDGEIQ_PLATFORM\public\data\edgeiq_map_tab_race_summary_v1.csv","8737"
"C:\Users\trent\OneDrive\Documents\EDGEIQ_PLATFORM\public\data\edgeiq_map_tab_source_trace_v1.csv","369209"
"C:\Users\trent\OneDrive\Documents\EDGEIQ_PLATFORM\public\data\edgeiq_map_terminal_feed_summary_v1.csv","99"
"C:\Users\trent\OneDrive\Documents\EDGEIQ_PLATFORM\public\data\edgeiq_map_terminal_feed_v1.csv","43242"
"C:\Users\trent\OneDrive\Documents\EDGEIQ_PLATFORM\public\data\edgeiq_map_v2_runner_board_apply_v1.csv","277"
"C:\Users\trent\OneDrive\Documents\EDGEIQ_PLATFORM\public\data\edgeiq_map_v2_runner_board_apply_v1_summary.csv","512"
"C:\Users\trent\OneDrive\Documents\EDGEIQ_PLATFORM\public\data\edgeiq_map_v3_relative_speed_final_summary_v1.csv","415"
"C:\Users\trent\OneDrive\Documents\EDGEIQ_PLATFORM\public\data\edgeiq_map_v3_relative_speed_final_v1.csv","54"
"C:\Users\trent\OneDrive\Documents\EDGEIQ_PLATFORM\public\data\edgeiq_map_v3_runner_board_apply_v1.csv","277"
"C:\Users\trent\OneDrive\Documents\EDGEIQ_PLATFORM\public\data\edgeiq_map_v3_runner_board_apply_v1_summary.csv","512"
"C:\Users\trent\OneDrive\Documents\EDGEIQ_PLATFORM\public\data\edgeiq_map_visual_structure_v1_audit.json","439"
"C:\Users\trent\OneDrive\Documents\EDGEIQ_PLATFORM\public\data\edgeiq_map_workspace_v2_final_integrity_summary_v1.csv","568"
"C:\Users\trent\OneDrive\Documents\EDGEIQ_PLATFORM\public\data\edgeiq_map_workspace_v2_final_integrity_v1.csv","30"
"C:\Users\trent\OneDrive\Documents\EDGEIQ_PLATFORM\public\data\edgeiq_map_workspace_v2_ui_audit_v1.csv","296"
"C:\Users\trent\OneDrive\Documents\EDGEIQ_PLATFORM\public\data\edgeiq_map_workspace_v2_ui_audit_v1_summary.csv","147"
"C:\Users\trent\OneDrive\Documents\EDGEIQ_PLATFORM\public\data\edgeiq_market_alignment_engine_v1.csv","297802"
"C:\Users\trent\OneDrive\Documents\EDGEIQ_PLATFORM\public\data\edgeiq_market_alignment_engine_v1_audit.csv","275"
"C:\Users\trent\OneDrive\Documents\EDGEIQ_PLATFORM\public\data\edgeiq_market_alignment_engine_v1_summary.csv","385"
"C:\Users\trent\OneDrive\Documents\EDGEIQ_PLATFORM\public\data\edgeiq_market_audit_readiness_gate_v1.csv","1540"
"C:\Users\trent\OneDrive\Documents\EDGEIQ_PLATFORM\public\data\edgeiq_market_audit_readiness_gate_v1_summary.csv","1325"
"C:\Users\trent\OneDrive\Documents\EDGEIQ_PLATFORM\public\data\edgeiq_market_confirmation_diagnostics_v2.csv","611"
"C:\Users\trent\OneDrive\Documents\EDGEIQ_PLATFORM\public\data\edgeiq_market_confirmation_v2.csv","2058"
"C:\Users\trent\OneDrive\Documents\EDGEIQ_PLATFORM\public\data\edgeiq_market_coverage_audit_v1.csv","4497"
"C:\Users\trent\OneDrive\Documents\EDGEIQ_PLATFORM\public\data\edgeiq_market_coverage_repair_v1_apply.json","2131"
"C:\Users\trent\OneDrive\Documents\EDGEIQ_PLATFORM\public\data\edgeiq_market_coverage_repair_v1_audit.json","1029"
"C:\Users\trent\OneDrive\Documents\EDGEIQ_PLATFORM\public\data\edgeiq_market_data_contract_v1_audit.json","648"
"C:\Users\trent\OneDrive\Documents\EDGEIQ_PLATFORM\public\data\edgeiq_market_data_integrity_final_verdict_v1.csv","535"
"C:\Users\trent\OneDrive\Documents\EDGEIQ_PLATFORM\public\data\edgeiq_market_depth_audit_v1.csv","4776"
"C:\Users\trent\OneDrive\Documents\EDGEIQ_PLATFORM\public\data\edgeiq_market_disagreement_audit_v1.csv","2410164"
"C:\Users\trent\OneDrive\Documents\EDGEIQ_PLATFORM\public\data\edgeiq_market_disagreement_audit_v1_summary.csv","2896"
"C:\Users\trent\OneDrive\Documents\EDGEIQ_PLATFORM\public\data\edgeiq_market_dna_v1.csv","14173269"
"C:\Users\trent\OneDrive\Documents\EDGEIQ_PLATFORM\public\data\edgeiq_market_dna_v1_summary.csv","525"
"C:\Users\trent\OneDrive\Documents\EDGEIQ_PLATFORM\public\data\edgeiq_market_engineering_build_v1_audit.json","508"
"C:\Users\trent\OneDrive\Documents\EDGEIQ_PLATFORM\public\data\edgeiq_market_entity_conflicts_v1.csv","22262"
"C:\Users\trent\OneDrive\Documents\EDGEIQ_PLATFORM\public\data\edgeiq_market_entity_resolution_summary_v1.csv","771"
"C:\Users\trent\OneDrive\Documents\EDGEIQ_PLATFORM\public\data\edgeiq_market_feed_current_v1.csv","219832"
"C:\Users\trent\OneDrive\Documents\EDGEIQ_PLATFORM\public\data\edgeiq_market_feed_gaps_summary_v1.csv","145"
"C:\Users\trent\OneDrive\Documents\EDGEIQ_PLATFORM\public\data\edgeiq_market_feed_gaps_v1.csv","1871"
"C:\Users\trent\OneDrive\Documents\EDGEIQ_PLATFORM\public\data\edgeiq_market_feed_hierarchy_v1.csv","231933"
"C:\Users\trent\OneDrive\Documents\EDGEIQ_PLATFORM\public\data\edgeiq_market_feed_hierarchy_v1_audit.csv","722"
"C:\Users\trent\OneDrive\Documents\EDGEIQ_PLATFORM\public\data\edgeiq_market_feed_hierarchy_v1_summary.csv","187"
"C:\Users\trent\OneDrive\Documents\EDGEIQ_PLATFORM\public\data\edgeiq_market_fluctuations_v1.csv","14248"
"C:\Users\trent\OneDrive\Documents\EDGEIQ_PLATFORM\public\data\edgeiq_market_history_recovery_inventory_v1.csv","67385"
"C:\Users\trent\OneDrive\Documents\EDGEIQ_PLATFORM\public\data\edgeiq_market_intelligence_v1.csv","3699"
"C:\Users\trent\OneDrive\Documents\EDGEIQ_PLATFORM\public\data\edgeiq_market_intelligence_v1_audit.csv","833"
"C:\Users\trent\OneDrive\Documents\EDGEIQ_PLATFORM\public\data\edgeiq_market_label_source_v1_audit.csv","255"
"C:\Users\trent\OneDrive\Documents\EDGEIQ_PLATFORM\public\data\edgeiq_market_memory_analysis_v1.csv","2065"
"C:\Users\trent\OneDrive\Documents\EDGEIQ_PLATFORM\public\data\edgeiq_market_memory_by_state_v1.csv","41"
"C:\Users\trent\OneDrive\Documents\EDGEIQ_PLATFORM\public\data\edgeiq_market_memory_summary_v1.csv","242"
"C:\Users\trent\OneDrive\Documents\EDGEIQ_PLATFORM\public\data\edgeiq_market_memory_v1.csv","156307"
"C:\Users\trent\OneDrive\Documents\EDGEIQ_PLATFORM\public\data\edgeiq_market_microstructure_v1.csv","1553"
"C:\Users\trent\OneDrive\Documents\EDGEIQ_PLATFORM\public\data\edgeiq_market_mistake_environment_audit_v1.csv","7227690"
"C:\Users\trent\OneDrive\Documents\EDGEIQ_PLATFORM\public\data\edgeiq_market_mistake_environment_audit_v1_environments.csv","212349"
"C:\Users\trent\OneDrive\Documents\EDGEIQ_PLATFORM\public\data\edgeiq_market_mistake_environment_audit_v1_summary.csv","2786"
"C:\Users\trent\OneDrive\Documents\EDGEIQ_PLATFORM\public\data\edgeiq_market_movers.csv","5735"
"C:\Users\trent\OneDrive\Documents\EDGEIQ_PLATFORM\public\data\edgeiq_market_orchestrator_race_coverage_v1.csv","5988"
"C:\Users\trent\OneDrive\Documents\EDGEIQ_PLATFORM\public\data\edgeiq_market_orchestrator_runner_prices_v1.csv","83709"
"C:\Users\trent\OneDrive\Documents\EDGEIQ_PLATFORM\public\data\edgeiq_market_performance_feed_v1.csv","19340003"
"C:\Users\trent\OneDrive\Documents\EDGEIQ_PLATFORM\public\data\edgeiq_market_predictive_overlap_diagnosis_v1.csv","301"
"C:\Users\trent\OneDrive\Documents\EDGEIQ_PLATFORM\public\data\edgeiq_market_price_shape_baseline_summary_v1.csv","473"
"C:\Users\trent\OneDrive\Documents\EDGEIQ_PLATFORM\public\data\edgeiq_market_price_shape_baseline_v1.csv","584"
"C:\Users\trent\OneDrive\Documents\EDGEIQ_PLATFORM\public\data\edgeiq_market_rank_v1.csv","642743"
"C:\Users\trent\OneDrive\Documents\EDGEIQ_PLATFORM\public\data\edgeiq_market_rank_v1_audit.csv","555"
"C:\Users\trent\OneDrive\Documents\EDGEIQ_PLATFORM\public\data\edgeiq_market_reaction_board.csv","169655"
"C:\Users\trent\OneDrive\Documents\EDGEIQ_PLATFORM\public\data\edgeiq_market_regime_v1.csv","188"
"C:\Users\trent\OneDrive\Documents\EDGEIQ_PLATFORM\public\data\edgeiq_market_regime_v2.csv","1674"
"C:\Users\trent\OneDrive\Documents\EDGEIQ_PLATFORM\public\data\edgeiq_market_source_coverage_discovery_v1.csv","758974"
"C:\Users\trent\OneDrive\Documents\EDGEIQ_PLATFORM\public\data\edgeiq_market_source_coverage_discovery_v1_candidate_files.csv","45389"
"C:\Users\trent\OneDrive\Documents\EDGEIQ_PLATFORM\public\data\edgeiq_market_source_coverage_discovery_v1_column_inventory.csv","1526303"
"C:\Users\trent\OneDrive\Documents\EDGEIQ_PLATFORM\public\data\edgeiq_market_source_coverage_discovery_v1_summary.csv","558"
"C:\Users\trent\OneDrive\Documents\EDGEIQ_PLATFORM\public\data\edgeiq_market_source_coverage_expansion_audit_v1.csv","77755"
"C:\Users\trent\OneDrive\Documents\EDGEIQ_PLATFORM\public\data\edgeiq_market_source_join_audit_v1.csv","707"
"C:\Users\trent\OneDrive\Documents\EDGEIQ_PLATFORM\public\data\edgeiq_market_source_join_audit_v1_summary.csv","158"
"C:\Users\trent\OneDrive\Documents\EDGEIQ_PLATFORM\public\data\edgeiq_market_state_transitions_v1.csv","2017"
"C:\Users\trent\OneDrive\Documents\EDGEIQ_PLATFORM\public\data\edgeiq_market_tape.csv","35041160"
"C:\Users\trent\OneDrive\Documents\EDGEIQ_PLATFORM\public\data\edgeiq_market_tape_memory.csv","830505"
"C:\Users\trent\OneDrive\Documents\EDGEIQ_PLATFORM\public\data\edgeiq_market_tape_repair_audit.csv","492"
"C:\Users\trent\OneDrive\Documents\EDGEIQ_PLATFORM\public\data\edgeiq_market_tape_summary.csv","212522"
"C:\Users\trent\OneDrive\Documents\EDGEIQ_PLATFORM\public\data\edgeiq_market_tape_v2.csv","77335"
"C:\Users\trent\OneDrive\Documents\EDGEIQ_PLATFORM\public\data\edgeiq_market_tape_v2_audit.csv","1101"
"C:\Users\trent\OneDrive\Documents\EDGEIQ_PLATFORM\public\data\edgeiq_market_terminal_feed_summary_v1.csv","129"
"C:\Users\trent\OneDrive\Documents\EDGEIQ_PLATFORM\public\data\edgeiq_market_terminal_feed_v1.csv","85455"
"C:\Users\trent\OneDrive\Documents\EDGEIQ_PLATFORM\public\data\edgeiq_market_transition_rankings_v1.csv","480"
"C:\Users\trent\OneDrive\Documents\EDGEIQ_PLATFORM\public\data\edgeiq_market_truth_engine_v3.csv","62980"
"C:\Users\trent\OneDrive\Documents\EDGEIQ_PLATFORM\public\data\edgeiq_market_velocity_v1.csv","8015149"
"C:\Users\trent\OneDrive\Documents\EDGEIQ_PLATFORM\public\data\edgeiq_market_velocity_v2.csv","37672"
"C:\Users\trent\OneDrive\Documents\EDGEIQ_PLATFORM\public\data\edgeiq_market_velocity_v2_audit.csv","761"
"C:\Users\trent\OneDrive\Documents\EDGEIQ_PLATFORM\public\data\edgeiq_market_visual_structure_v1_audit.json","324"
"C:\Users\trent\OneDrive\Documents\EDGEIQ_PLATFORM\public\data\edgeiq_market_vs_v7_tab_benchmark_v1.csv","494"
"C:\Users\trent\OneDrive\Documents\EDGEIQ_PLATFORM\public\data\edgeiq_market_vs_v7_tab_benchmark_v1_summary.csv","494"
"C:\Users\trent\OneDrive\Documents\EDGEIQ_PLATFORM\public\data\edgeiq_market_vs_v7_tab_valid_market_only_v1.csv","10934908"
"C:\Users\trent\OneDrive\Documents\EDGEIQ_PLATFORM\public\data\edgeiq_market_vs_v7_tab_valid_market_only_v1_summary.csv","495"
"C:\Users\trent\OneDrive\Documents\EDGEIQ_PLATFORM\public\data\edgeiq_master_candidate_copy_v1.csv","72195"
"C:\Users\trent\OneDrive\Documents\EDGEIQ_PLATFORM\public\data\edgeiq_master_candidate_copy_v1_extra_files.csv","40"
"C:\Users\trent\OneDrive\Documents\EDGEIQ_PLATFORM\public\data\edgeiq_master_candidate_copy_v1_hash_validation.csv","49198"
"C:\Users\trent\OneDrive\Documents\EDGEIQ_PLATFORM\public\data\edgeiq_master_candidate_copy_v1_summary.csv","775"
"C:\Users\trent\OneDrive\Documents\EDGEIQ_PLATFORM\public\data\edgeiq_master_candidate_operating_guide_v1_summary.csv","396"
"C:\Users\trent\OneDrive\Documents\EDGEIQ_PLATFORM\public\data\edgeiq_master_candidate_promotion_plan_v1_manifest.csv","65153"
"C:\Users\trent\OneDrive\Documents\EDGEIQ_PLATFORM\public\data\edgeiq_master_candidate_promotion_plan_v1_summary.csv","991"
"C:\Users\trent\OneDrive\Documents\EDGEIQ_PLATFORM\public\data\edgeiq_master_candidate_validation_v1.csv","60484"
"C:\Users\trent\OneDrive\Documents\EDGEIQ_PLATFORM\public\data\edgeiq_master_candidate_validation_v1_summary.csv","945"
"C:\Users\trent\OneDrive\Documents\EDGEIQ_PLATFORM\public\data\edgeiq_master_dna_live_audit_v1.csv","600333"
"C:\Users\trent\OneDrive\Documents\EDGEIQ_PLATFORM\public\data\edgeiq_master_dna_live_audit_v1_diagnostics.csv","108"
"C:\Users\trent\OneDrive\Documents\EDGEIQ_PLATFORM\public\data\edgeiq_master_orchestrator_status.csv","20319"
"C:\Users\trent\OneDrive\Documents\EDGEIQ_PLATFORM\public\data\edgeiq_master_orchestrator_telemetry.csv","304"
"C:\Users\trent\OneDrive\Documents\EDGEIQ_PLATFORM\public\data\edgeiq_master_positional_dna_v1.csv","825801"
"C:\Users\trent\OneDrive\Documents\EDGEIQ_PLATFORM\public\data\edgeiq_master_positional_dna_v1_diagnostics.csv","409"
"C:\Users\trent\OneDrive\Documents\EDGEIQ_PLATFORM\public\data\edgeiq_master_positional_observations_v1.csv","18438934"
"C:\Users\trent\OneDrive\Documents\EDGEIQ_PLATFORM\public\data\edgeiq_master_promotion_readiness_v1.csv","1372"
"C:\Users\trent\OneDrive\Documents\EDGEIQ_PLATFORM\public\data\edgeiq_master_promotion_readiness_v1_summary.csv","485"
"C:\Users\trent\OneDrive\Documents\EDGEIQ_PLATFORM\public\data\edgeiq_master_runner_table.csv","1336219"
"C:\Users\trent\OneDrive\Documents\EDGEIQ_PLATFORM\public\data\edgeiq_meetings_data_contract_v1_audit.json","1880"
"C:\Users\trent\OneDrive\Documents\EDGEIQ_PLATFORM\public\data\edgeiq_meetings_engineering_build_v1_audit.json","804"
"C:\Users\trent\OneDrive\Documents\EDGEIQ_PLATFORM\public\data\edgeiq_meetings_race_list_fallback_audit_v1.csv","853"
"C:\Users\trent\OneDrive\Documents\EDGEIQ_PLATFORM\public\data\edgeiq_meetings_visual_structure_v1_audit.json","1825"
"C:\Users\trent\OneDrive\Documents\EDGEIQ_PLATFORM\public\data\edgeiq_meetings_workspace_v2_audit.csv","1339"
"C:\Users\trent\OneDrive\Documents\EDGEIQ_PLATFORM\public\data\edgeiq_meetings_workspace_v2_summary.csv","307"
"C:\Users\trent\OneDrive\Documents\EDGEIQ_PLATFORM\public\data\edgeiq_meeting_detail_data_contract_v1_audit.json","579"
"C:\Users\trent\OneDrive\Documents\EDGEIQ_PLATFORM\public\data\edgeiq_meeting_detail_engineering_build_v1_audit.json","1014"
"C:\Users\trent\OneDrive\Documents\EDGEIQ_PLATFORM\public\data\edgeiq_meeting_detail_visual_structure_v1_audit.json","494"
"C:\Users\trent\OneDrive\Documents\EDGEIQ_PLATFORM\public\data\edgeiq_meeting_gear_changes_tab_v1_audit.json","352"
"C:\Users\trent\OneDrive\Documents\EDGEIQ_PLATFORM\public\data\edgeiq_meeting_races_final_polish_v2_audit.json","2083"
"C:\Users\trent\OneDrive\Documents\EDGEIQ_PLATFORM\public\data\edgeiq_meeting_races_tab_v1_audit.json","400"
"C:\Users\trent\OneDrive\Documents\EDGEIQ_PLATFORM\public\data\edgeiq_meeting_results_tab_v1_audit.json","286"
"C:\Users\trent\OneDrive\Documents\EDGEIQ_PLATFORM\public\data\edgeiq_meeting_results_terminal_feed_summary_v1.csv","91"
"C:\Users\trent\OneDrive\Documents\EDGEIQ_PLATFORM\public\data\edgeiq_meeting_results_terminal_feed_v1.csv","4047"
"C:\Users\trent\OneDrive\Documents\EDGEIQ_PLATFORM\public\data\edgeiq_meeting_scratchings_tab_v1_audit.json","381"
"C:\Users\trent\OneDrive\Documents\EDGEIQ_PLATFORM\public\data\edgeiq_meeting_tabs_smoke_v1_audit.json","5010"
"C:\Users\trent\OneDrive\Documents\EDGEIQ_PLATFORM\public\data\edgeiq_meeting_track_tab_v1_audit.json","458"
"C:\Users\trent\OneDrive\Documents\EDGEIQ_PLATFORM\public\data\edgeiq_meeting_weather_tab_v1_audit.json","341"
"C:\Users\trent\OneDrive\Documents\EDGEIQ_PLATFORM\public\data\edgeiq_merge_v8_reliability_into_runner_board_v1_summary.csv","137"
"C:\Users\trent\OneDrive\Documents\EDGEIQ_PLATFORM\public\data\edgeiq_metric_display_recommendations_v1.csv","10958"
"C:\Users\trent\OneDrive\Documents\EDGEIQ_PLATFORM\public\data\edgeiq_metric_usefulness_v1.csv","14027"
"C:\Users\trent\OneDrive\Documents\EDGEIQ_PLATFORM\public\data\edgeiq_metric_usefulness_v1_summary.csv","1023"
"C:\Users\trent\OneDrive\Documents\EDGEIQ_PLATFORM\public\data\edgeiq_metropolitan_weather_v1.json","9920"
"C:\Users\trent\OneDrive\Documents\EDGEIQ_PLATFORM\public\data\edgeiq_metropolitan_weather_v1_CHECKPOINT_BEFORE_PROVIDER_REGISTRY_20260710_114555.json","1467"
"C:\Users\trent\OneDrive\Documents\EDGEIQ_PLATFORM\public\data\edgeiq_metropolitan_weather_v1_CHECKPOINT_BEFORE_VICTORIA_COMPLETE_20260710_134803.json","9961"
"C:\Users\trent\OneDrive\Documents\EDGEIQ_PLATFORM\public\data\edgeiq_microstructure_rankings_v1.csv","634"
"C:\Users\trent\OneDrive\Documents\EDGEIQ_PLATFORM\public\data\edgeiq_missing_projected_ratings_summary_v1.csv","209"
"C:\Users\trent\OneDrive\Documents\EDGEIQ_PLATFORM\public\data\edgeiq_missing_projected_ratings_v1.csv","3649"
"C:\Users\trent\OneDrive\Documents\EDGEIQ_PLATFORM\public\data\edgeiq_mock_data_audit_v1.csv","98"
"C:\Users\trent\OneDrive\Documents\EDGEIQ_PLATFORM\public\data\edgeiq_model_diagnostic_by_factor.csv","12532"
"C:\Users\trent\OneDrive\Documents\EDGEIQ_PLATFORM\public\data\edgeiq_model_diagnostic_lab_v1.csv","12532"
"C:\Users\trent\OneDrive\Documents\EDGEIQ_PLATFORM\public\data\edgeiq_model_diagnostic_recommendations.csv","3882"
"C:\Users\trent\OneDrive\Documents\EDGEIQ_PLATFORM\public\data\edgeiq_model_tracking_dashboard_v1.csv","166"
"C:\Users\trent\OneDrive\Documents\EDGEIQ_PLATFORM\public\data\edgeiq_model_tracking_dashboard_v1_WORKING_TODAY_ONLY_TAB_20260615.csv","2445"
"C:\Users\trent\OneDrive\Documents\EDGEIQ_PLATFORM\public\data\edgeiq_model_tracking_v1.csv","5510"
"C:\Users\trent\OneDrive\Documents\EDGEIQ_PLATFORM\public\data\edgeiq_model_tracking_v1_summary.csv","113"
"C:\Users\trent\OneDrive\Documents\EDGEIQ_PLATFORM\public\data\edgeiq_moe_r2_runner_source_trace_v1.json","296190"
"C:\Users\trent\OneDrive\Documents\EDGEIQ_PLATFORM\public\data\edgeiq_narrative_engine_v1.csv","126721"
"C:\Users\trent\OneDrive\Documents\EDGEIQ_PLATFORM\public\data\edgeiq_narrative_engine_v1_summary.csv","154"
"C:\Users\trent\OneDrive\Documents\EDGEIQ_PLATFORM\public\data\edgeiq_next_data_strategy_v1.csv","1040"
"C:\Users\trent\OneDrive\Documents\EDGEIQ_PLATFORM\public\data\edgeiq_next_edge_signal_inventory_v1.csv","3078320"
"C:\Users\trent\OneDrive\Documents\EDGEIQ_PLATFORM\public\data\edgeiq_next_edge_signal_inventory_v1_summary.csv","5311"
"C:\Users\trent\OneDrive\Documents\EDGEIQ_PLATFORM\public\data\edgeiq_nexus_contextual_intelligence_v2_audit.csv","4715"
"C:\Users\trent\OneDrive\Documents\EDGEIQ_PLATFORM\public\data\edgeiq_nexus_contextual_intelligence_v2_summary.csv","376"
"C:\Users\trent\OneDrive\Documents\EDGEIQ_PLATFORM\public\data\edgeiq_nexus_contextual_score_v2.csv","110757"
"C:\Users\trent\OneDrive\Documents\EDGEIQ_PLATFORM\public\data\edgeiq_nexus_contextual_score_v2_1.csv","140677"
"C:\Users\trent\OneDrive\Documents\EDGEIQ_PLATFORM\public\data\edgeiq_nexus_feature_engine_audit_v1.csv","819"
"C:\Users\trent\OneDrive\Documents\EDGEIQ_PLATFORM\public\data\edgeiq_nexus_feature_engine_summary_v1.csv","560"
"C:\Users\trent\OneDrive\Documents\EDGEIQ_PLATFORM\public\data\edgeiq_nexus_jockey_context_v2.csv","5598455"
"C:\Users\trent\OneDrive\Documents\EDGEIQ_PLATFORM\public\data\edgeiq_nexus_partnership_context_v2.csv","120690"
"C:\Users\trent\OneDrive\Documents\EDGEIQ_PLATFORM\public\data\edgeiq_nexus_performance_feed_v1.csv","19340003"
"C:\Users\trent\OneDrive\Documents\EDGEIQ_PLATFORM\public\data\edgeiq_nexus_score_calibration_audit_v1.csv","1273"
"C:\Users\trent\OneDrive\Documents\EDGEIQ_PLATFORM\public\data\edgeiq_nexus_score_calibration_summary_v1.csv","1629"
"C:\Users\trent\OneDrive\Documents\EDGEIQ_PLATFORM\public\data\edgeiq_nexus_score_calibration_v1.csv","60481"
"C:\Users\trent\OneDrive\Documents\EDGEIQ_PLATFORM\public\data\edgeiq_nexus_score_distribution_v1.csv","10385"
"C:\Users\trent\OneDrive\Documents\EDGEIQ_PLATFORM\public\data\edgeiq_nexus_score_distribution_v1_summary.csv","452"
"C:\Users\trent\OneDrive\Documents\EDGEIQ_PLATFORM\public\data\edgeiq_nexus_style_alignment_v2.csv","72936"
"C:\Users\trent\OneDrive\Documents\EDGEIQ_PLATFORM\public\data\edgeiq_nexus_trainer_context_v2.csv","11703492"
"C:\Users\trent\OneDrive\Documents\EDGEIQ_PLATFORM\public\data\edgeiq_nexus_ui_v2_1_audit.csv","1012"
"C:\Users\trent\OneDrive\Documents\EDGEIQ_PLATFORM\public\data\edgeiq_no_history_forensic_audit_v1.csv","27244"
"C:\Users\trent\OneDrive\Documents\EDGEIQ_PLATFORM\public\data\edgeiq_no_history_forensic_audit_v1_possible_matches.csv","6734"
"C:\Users\trent\OneDrive\Documents\EDGEIQ_PLATFORM\public\data\edgeiq_no_history_forensic_audit_v1_summary.csv","436"
"C:\Users\trent\OneDrive\Documents\EDGEIQ_PLATFORM\public\data\edgeiq_no_history_governance_v1.csv","111274"
"C:\Users\trent\OneDrive\Documents\EDGEIQ_PLATFORM\public\data\edgeiq_no_history_governance_v1_summary.csv","272"
"C:\Users\trent\OneDrive\Documents\EDGEIQ_PLATFORM\public\data\edgeiq_no_projection_code_trace.csv","240267"
"C:\Users\trent\OneDrive\Documents\EDGEIQ_PLATFORM\public\data\edgeiq_no_projection_fallback_adjustment_summary_v1.csv","210"
"C:\Users\trent\OneDrive\Documents\EDGEIQ_PLATFORM\public\data\edgeiq_no_projection_fallback_adjustment_v1.csv","382"
"C:\Users\trent\OneDrive\Documents\EDGEIQ_PLATFORM\public\data\edgeiq_no_projection_history_backfill_targets_v1.csv","5126"
"C:\Users\trent\OneDrive\Documents\EDGEIQ_PLATFORM\public\data\edgeiq_no_projection_root_cause_v1.csv","6189"
"C:\Users\trent\OneDrive\Documents\EDGEIQ_PLATFORM\public\data\edgeiq_nsw_pdf_extracted_sectionals_v1.csv","33386"
"C:\Users\trent\OneDrive\Documents\EDGEIQ_PLATFORM\public\data\edgeiq_nsw_pdf_extraction_failures_v1.csv","81"
"C:\Users\trent\OneDrive\Documents\EDGEIQ_PLATFORM\public\data\edgeiq_nsw_pdf_telemetry_forensics_v1.csv","532"
"C:\Users\trent\OneDrive\Documents\EDGEIQ_PLATFORM\public\data\edgeiq_nsw_pdf_telemetry_summary_v1.csv","545"
"C:\Users\trent\OneDrive\Documents\EDGEIQ_PLATFORM\public\data\edgeiq_nsw_positional_rank_summary_v2.csv","381"
"C:\Users\trent\OneDrive\Documents\EDGEIQ_PLATFORM\public\data\edgeiq_nsw_positional_rank_telemetry_v2.csv","17677"
"C:\Users\trent\OneDrive\Documents\EDGEIQ_PLATFORM\public\data\edgeiq_nsw_rank_extraction_failures_v2.csv","80"
"C:\Users\trent\OneDrive\Documents\EDGEIQ_PLATFORM\public\data\edgeiq_nsw_rank_transition_states_v2.csv","2089"
"C:\Users\trent\OneDrive\Documents\EDGEIQ_PLATFORM\public\data\edgeiq_official_form_depth_factor_v1.csv","4902"
"C:\Users\trent\OneDrive\Documents\EDGEIQ_PLATFORM\public\data\edgeiq_official_form_factor_gaps_v1.csv","1755"
"C:\Users\trent\OneDrive\Documents\EDGEIQ_PLATFORM\public\data\edgeiq_official_form_factor_summary_v1.csv","387"
"C:\Users\trent\OneDrive\Documents\EDGEIQ_PLATFORM\public\data\edgeiq_official_race_context_source_v1.csv","1741"
"C:\Users\trent\OneDrive\Documents\EDGEIQ_PLATFORM\public\data\edgeiq_official_race_context_source_v1_audit.json","939"
"C:\Users\trent\OneDrive\Documents\EDGEIQ_PLATFORM\public\data\edgeiq_official_race_context_source_v1_summary.csv","183"
"C:\Users\trent\OneDrive\Documents\EDGEIQ_PLATFORM\public\data\edgeiq_official_results_backfill_failures_v1.csv","10814"
"C:\Users\trent\OneDrive\Documents\EDGEIQ_PLATFORM\public\data\edgeiq_official_results_backfill_summary_v1.csv","247"
"C:\Users\trent\OneDrive\Documents\EDGEIQ_PLATFORM\public\data\edgeiq_official_results_backfill_v1.csv","3943"
"C:\Users\trent\OneDrive\Documents\EDGEIQ_PLATFORM\public\data\edgeiq_official_runs_master_diagnostics_v1.csv","352"
"C:\Users\trent\OneDrive\Documents\EDGEIQ_PLATFORM\public\data\edgeiq_official_runs_master_v1.csv","18963561"
"C:\Users\trent\OneDrive\Documents\EDGEIQ_PLATFORM\public\data\edgeiq_official_run_context_bridge_v1.csv","21644216"
"C:\Users\trent\OneDrive\Documents\EDGEIQ_PLATFORM\public\data\edgeiq_official_run_context_bridge_v1_audit.csv","9100"
"C:\Users\trent\OneDrive\Documents\EDGEIQ_PLATFORM\public\data\edgeiq_official_scratchings_override_v1.csv","639"
"C:\Users\trent\OneDrive\Documents\EDGEIQ_PLATFORM\public\data\edgeiq_official_source_race_context_audit_v1.csv","21946"
"C:\Users\trent\OneDrive\Documents\EDGEIQ_PLATFORM\public\data\edgeiq_official_source_race_context_columns_v1.csv","117497"
"C:\Users\trent\OneDrive\Documents\EDGEIQ_PLATFORM\public\data\edgeiq_official_source_race_context_samples_v1.csv","67581"
"C:\Users\trent\OneDrive\Documents\EDGEIQ_PLATFORM\public\data\edgeiq_on_track_weather_freshness_v1.json","2342"
"C:\Users\trent\OneDrive\Documents\EDGEIQ_PLATFORM\public\data\edgeiq_on_track_weather_freshness_v1_audit.json","2627"
"C:\Users\trent\OneDrive\Documents\EDGEIQ_PLATFORM\public\data\edgeiq_on_track_weather_governed_v1_1.json","10231"
"C:\Users\trent\OneDrive\Documents\EDGEIQ_PLATFORM\public\data\edgeiq_on_track_weather_governed_v1_1_audit.json","796"
"C:\Users\trent\OneDrive\Documents\EDGEIQ_PLATFORM\public\data\edgeiq_on_track_weather_governed_v1_2.json","5869"
"C:\Users\trent\OneDrive\Documents\EDGEIQ_PLATFORM\public\data\edgeiq_on_track_weather_governed_v1_2_audit.json","622"
"C:\Users\trent\OneDrive\Documents\EDGEIQ_PLATFORM\public\data\edgeiq_on_track_weather_observation_v1.json","7851"
"C:\Users\trent\OneDrive\Documents\EDGEIQ_PLATFORM\public\data\edgeiq_on_track_weather_observation_v1_audit.json","1045"
"C:\Users\trent\OneDrive\Documents\EDGEIQ_PLATFORM\public\data\edgeiq_operational_health_dashboard_data_v1.csv","1671"
"C:\Users\trent\OneDrive\Documents\EDGEIQ_PLATFORM\public\data\edgeiq_operational_health_dashboard_data_v1_summary.csv","843"
"C:\Users\trent\OneDrive\Documents\EDGEIQ_PLATFORM\public\data\edgeiq_operational_race_state_contract_v1.json","6528"
"C:\Users\trent\OneDrive\Documents\EDGEIQ_PLATFORM\public\data\edgeiq_opportunity_score_distribution_audit_v1.csv","3656"
"C:\Users\trent\OneDrive\Documents\EDGEIQ_PLATFORM\public\data\edgeiq_opportunity_score_distribution_summary_v1.csv","262"
"C:\Users\trent\OneDrive\Documents\EDGEIQ_PLATFORM\public\data\edgeiq_opportunity_score_v1.csv","3187"
"C:\Users\trent\OneDrive\Documents\EDGEIQ_PLATFORM\public\data\edgeiq_opportunity_score_v1_audit.csv","1078"
"C:\Users\trent\OneDrive\Documents\EDGEIQ_PLATFORM\public\data\edgeiq_opportunity_score_v1_summary.csv","168"
"C:\Users\trent\OneDrive\Documents\EDGEIQ_PLATFORM\public\data\edgeiq_orchestrator_step_status.csv","41163"
"C:\Users\trent\OneDrive\Documents\EDGEIQ_PLATFORM\public\data\edgeiq_os_data_inventory_v2.csv","483415"
"C:\Users\trent\OneDrive\Documents\EDGEIQ_PLATFORM\public\data\edgeiq_overlay_audit_v1.csv","1689417"
"C:\Users\trent\OneDrive\Documents\EDGEIQ_PLATFORM\public\data\edgeiq_overlay_audit_v1_summary.csv","208"
"C:\Users\trent\OneDrive\Documents\EDGEIQ_PLATFORM\public\data\edgeiq_overlay_discipline_filter_v5_2.csv","10299"
"C:\Users\trent\OneDrive\Documents\EDGEIQ_PLATFORM\public\data\edgeiq_overlay_discipline_filter_v5_2_summary.csv","5448"
"C:\Users\trent\OneDrive\Documents\EDGEIQ_PLATFORM\public\data\edgeiq_overlay_quality_audit_v5_2.csv","51856"
"C:\Users\trent\OneDrive\Documents\EDGEIQ_PLATFORM\public\data\edgeiq_overlay_quality_audit_v5_2_summary.csv","10974"
"C:\Users\trent\OneDrive\Documents\EDGEIQ_PLATFORM\public\data\edgeiq_overlay_tracking_v1.csv","11803"
"C:\Users\trent\OneDrive\Documents\EDGEIQ_PLATFORM\public\data\edgeiq_overlay_tracking_v1_summary.csv","99"
"C:\Users\trent\OneDrive\Documents\EDGEIQ_PLATFORM\public\data\edgeiq_overview_data_contract_v1_audit.json","666"
"C:\Users\trent\OneDrive\Documents\EDGEIQ_PLATFORM\public\data\edgeiq_overview_engineering_build_v1_audit.json","485"
"C:\Users\trent\OneDrive\Documents\EDGEIQ_PLATFORM\public\data\edgeiq_overview_intelligence_v1_audit.json","500"
"C:\Users\trent\OneDrive\Documents\EDGEIQ_PLATFORM\public\data\edgeiq_overview_performance_feed_v1.csv","19340003"
"C:\Users\trent\OneDrive\Documents\EDGEIQ_PLATFORM\public\data\edgeiq_overview_terminal_feed_summary_v1.csv","99"
"C:\Users\trent\OneDrive\Documents\EDGEIQ_PLATFORM\public\data\edgeiq_overview_terminal_feed_v1.csv","25177"
"C:\Users\trent\OneDrive\Documents\EDGEIQ_PLATFORM\public\data\edgeiq_overview_v1_evidence_audit.csv","58535"
"C:\Users\trent\OneDrive\Documents\EDGEIQ_PLATFORM\public\data\edgeiq_overview_visual_structure_v1_audit.json","368"
"C:\Users\trent\OneDrive\Documents\EDGEIQ_PLATFORM\public\data\edgeiq_owned_execution_boards_v1_diagnostics.csv","168"
"C:\Users\trent\OneDrive\Documents\EDGEIQ_PLATFORM\public\data\edgeiq_pace_advantage_engine_v1.csv","197960"
"C:\Users\trent\OneDrive\Documents\EDGEIQ_PLATFORM\public\data\edgeiq_pace_advantage_engine_v1_audit.csv","213"
"C:\Users\trent\OneDrive\Documents\EDGEIQ_PLATFORM\public\data\edgeiq_pace_advantage_engine_v1_summary.csv","549"
"C:\Users\trent\OneDrive\Documents\EDGEIQ_PLATFORM\public\data\edgeiq_pace_advantage_engine_v2.csv","248633"
"C:\Users\trent\OneDrive\Documents\EDGEIQ_PLATFORM\public\data\edgeiq_pace_advantage_engine_v2_audit.csv","199"
"C:\Users\trent\OneDrive\Documents\EDGEIQ_PLATFORM\public\data\edgeiq_pace_advantage_replay_v1.csv","31016682"
"C:\Users\trent\OneDrive\Documents\EDGEIQ_PLATFORM\public\data\edgeiq_pace_advantage_replay_v1_audit.csv","258"
"C:\Users\trent\OneDrive\Documents\EDGEIQ_PLATFORM\public\data\edgeiq_pace_advantage_replay_v1_by_band.csv","564"
"C:\Users\trent\OneDrive\Documents\EDGEIQ_PLATFORM\public\data\edgeiq_pace_advantage_replay_v1_by_trust.csv","949"
"C:\Users\trent\OneDrive\Documents\EDGEIQ_PLATFORM\public\data\edgeiq_pace_advantage_replay_v1_summary.csv","623"
"C:\Users\trent\OneDrive\Documents\EDGEIQ_PLATFORM\public\data\edgeiq_pace_advantage_ui_feed_v1.csv","59989"
"C:\Users\trent\OneDrive\Documents\EDGEIQ_PLATFORM\public\data\edgeiq_pace_advantage_ui_feed_v1_audit.csv","255"
"C:\Users\trent\OneDrive\Documents\EDGEIQ_PLATFORM\public\data\edgeiq_pace_advantage_v1.csv","52339"
"C:\Users\trent\OneDrive\Documents\EDGEIQ_PLATFORM\public\data\edgeiq_pace_advantage_v1_audit.csv","1015"
"C:\Users\trent\OneDrive\Documents\EDGEIQ_PLATFORM\public\data\edgeiq_pace_advantage_v3.csv","344545"
"C:\Users\trent\OneDrive\Documents\EDGEIQ_PLATFORM\public\data\edgeiq_pace_advantage_v3_audit.csv","761"
"C:\Users\trent\OneDrive\Documents\EDGEIQ_PLATFORM\public\data\edgeiq_pace_advantage_v4.csv","398896"
"C:\Users\trent\OneDrive\Documents\EDGEIQ_PLATFORM\public\data\edgeiq_pace_advantage_v4_audit.csv","316"
"C:\Users\trent\OneDrive\Documents\EDGEIQ_PLATFORM\public\data\edgeiq_pace_dna_v1.csv","9875906"
"C:\Users\trent\OneDrive\Documents\EDGEIQ_PLATFORM\public\data\edgeiq_pace_dna_v1_field_audit.csv","57"
"C:\Users\trent\OneDrive\Documents\EDGEIQ_PLATFORM\public\data\edgeiq_pace_dna_v1_summary.csv","711"
"C:\Users\trent\OneDrive\Documents\EDGEIQ_PLATFORM\public\data\edgeiq_pace_pressure_engine_v1.csv","36710395"
"C:\Users\trent\OneDrive\Documents\EDGEIQ_PLATFORM\public\data\edgeiq_pace_pressure_engine_v1_audit.csv","249"
"C:\Users\trent\OneDrive\Documents\EDGEIQ_PLATFORM\public\data\edgeiq_pace_pressure_engine_v1_by_band.csv","1718"
"C:\Users\trent\OneDrive\Documents\EDGEIQ_PLATFORM\public\data\edgeiq_pace_pressure_engine_v1_race_level.csv","2982068"
"C:\Users\trent\OneDrive\Documents\EDGEIQ_PLATFORM\public\data\edgeiq_pace_pressure_engine_v1_summary.csv","857"
"C:\Users\trent\OneDrive\Documents\EDGEIQ_PLATFORM\public\data\edgeiq_pace_pressure_engine_v1_verdict.csv","188"
"C:\Users\trent\OneDrive\Documents\EDGEIQ_PLATFORM\public\data\edgeiq_pace_pressure_engine_v2.csv","5516"
"C:\Users\trent\OneDrive\Documents\EDGEIQ_PLATFORM\public\data\edgeiq_pace_pressure_engine_v2_audit.csv","341"
"C:\Users\trent\OneDrive\Documents\EDGEIQ_PLATFORM\public\data\edgeiq_pace_pressure_engine_v2_runners.csv","106690"
"C:\Users\trent\OneDrive\Documents\EDGEIQ_PLATFORM\public\data\edgeiq_pace_pressure_signal_replay_v1.csv","2508641"
"C:\Users\trent\OneDrive\Documents\EDGEIQ_PLATFORM\public\data\edgeiq_pace_pressure_signal_replay_v1_leakage_audit.csv","1448"
"C:\Users\trent\OneDrive\Documents\EDGEIQ_PLATFORM\public\data\edgeiq_pace_pressure_signal_replay_v1_summary.csv","8573"
"C:\Users\trent\OneDrive\Documents\EDGEIQ_PLATFORM\public\data\edgeiq_pace_pressure_threshold_audit_v1.csv","1148"
"C:\Users\trent\OneDrive\Documents\EDGEIQ_PLATFORM\public\data\edgeiq_pace_pressure_threshold_audit_v1_summary.csv","635"
"C:\Users\trent\OneDrive\Documents\EDGEIQ_PLATFORM\public\data\edgeiq_pace_pressure_v1.csv","2530"
"C:\Users\trent\OneDrive\Documents\EDGEIQ_PLATFORM\public\data\edgeiq_pace_pressure_v1_audit.csv","478"
"C:\Users\trent\OneDrive\Documents\EDGEIQ_PLATFORM\public\data\edgeiq_pace_pressure_v3.csv","12115"
"C:\Users\trent\OneDrive\Documents\EDGEIQ_PLATFORM\public\data\edgeiq_pace_pressure_v3_audit.csv","421"
"C:\Users\trent\OneDrive\Documents\EDGEIQ_PLATFORM\public\data\edgeiq_pace_selectivity_audit_v1_by_adjustment.csv","1638"
"C:\Users\trent\OneDrive\Documents\EDGEIQ_PLATFORM\public\data\edgeiq_pace_selectivity_audit_v1_by_band.csv","1025"
"C:\Users\trent\OneDrive\Documents\EDGEIQ_PLATFORM\public\data\edgeiq_pace_selectivity_audit_v1_summary.csv","5666"
"C:\Users\trent\OneDrive\Documents\EDGEIQ_PLATFORM\public\data\edgeiq_pace_trust_v1.csv","2596"
"C:\Users\trent\OneDrive\Documents\EDGEIQ_PLATFORM\public\data\edgeiq_pace_trust_v1_audit.csv","637"
"C:\Users\trent\OneDrive\Documents\EDGEIQ_PLATFORM\public\data\edgeiq_paper_market_memory_v1.csv","309164"
"C:\Users\trent\OneDrive\Documents\EDGEIQ_PLATFORM\public\data\edgeiq_paper_market_movers_v1.csv","61117"
"C:\Users\trent\OneDrive\Documents\EDGEIQ_PLATFORM\public\data\edgeiq_performance_intelligence_base_fact_v1.csv","35036658"
"C:\Users\trent\OneDrive\Documents\EDGEIQ_PLATFORM\public\data\edgeiq_performance_intelligence_base_fact_v1_audit.json","3609"
"C:\Users\trent\OneDrive\Documents\EDGEIQ_PLATFORM\public\data\edgeiq_performance_intelligence_base_recovered_v1.csv","35029332"
"C:\Users\trent\OneDrive\Documents\EDGEIQ_PLATFORM\public\data\edgeiq_performance_intelligence_current_publication_v1.csv","62248"
"C:\Users\trent\OneDrive\Documents\EDGEIQ_PLATFORM\public\data\edgeiq_performance_intelligence_current_publication_v1_audit.json","4952"
"C:\Users\trent\OneDrive\Documents\EDGEIQ_PLATFORM\public\data\edgeiq_performance_intelligence_trust_manifest_v1.json","7029"
"C:\Users\trent\OneDrive\Documents\EDGEIQ_PLATFORM\public\data\edgeiq_performance_intelligence_upstream_funnel_audit_v1.csv","9980"
"C:\Users\trent\OneDrive\Documents\EDGEIQ_PLATFORM\public\data\edgeiq_performance_intelligence_upstream_funnel_audit_v1_summary.json","1088"
"C:\Users\trent\OneDrive\Documents\EDGEIQ_PLATFORM\public\data\edgeiq_performance_normalisation_fact_v1.csv","31098474"
"C:\Users\trent\OneDrive\Documents\EDGEIQ_PLATFORM\public\data\edgeiq_performance_normalisation_fact_v1_audit.json","2908"
"C:\Users\trent\OneDrive\Documents\EDGEIQ_PLATFORM\public\data\edgeiq_performance_normalisation_fact_v1_rejections.csv","9193265"
"C:\Users\trent\OneDrive\Documents\EDGEIQ_PLATFORM\public\data\edgeiq_performance_normalisation_parameter_fact_v1.csv","1038"
"C:\Users\trent\OneDrive\Documents\EDGEIQ_PLATFORM\public\data\edgeiq_performance_normalisation_parameter_fact_v1_audit.json","2294"
"C:\Users\trent\OneDrive\Documents\EDGEIQ_PLATFORM\public\data\edgeiq_performance_normalisation_recovered_v1.csv","391"
"C:\Users\trent\OneDrive\Documents\EDGEIQ_PLATFORM\public\data\edgeiq_performance_normalisation_recovered_v1_rejections.csv","8482262"
"C:\Users\trent\OneDrive\Documents\EDGEIQ_PLATFORM\public\data\edgeiq_performance_performance_feed_v1.csv","19340003"
"C:\Users\trent\OneDrive\Documents\EDGEIQ_PLATFORM\public\data\edgeiq_performance_rating_base_fact_v1.csv","32956426"
"C:\Users\trent\OneDrive\Documents\EDGEIQ_PLATFORM\public\data\edgeiq_performance_rating_base_fact_v1_audit.json","3264"
"C:\Users\trent\OneDrive\Documents\EDGEIQ_PLATFORM\public\data\edgeiq_phase_confidence_improvement_v2.csv","707"
"C:\Users\trent\OneDrive\Documents\EDGEIQ_PLATFORM\public\data\edgeiq_pipeline_health.csv","5007"
"C:\Users\trent\OneDrive\Documents\EDGEIQ_PLATFORM\public\data\edgeiq_policy_engine_v1.csv","1206"
"C:\Users\trent\OneDrive\Documents\EDGEIQ_PLATFORM\public\data\edgeiq_policy_performance_tracker_v1.csv","1223"
"C:\Users\trent\OneDrive\Documents\EDGEIQ_PLATFORM\public\data\edgeiq_policy_rankings_v1.csv","721"
"C:\Users\trent\OneDrive\Documents\EDGEIQ_PLATFORM\public\data\edgeiq_portfolio_risk_v1.csv","192"
"C:\Users\trent\OneDrive\Documents\EDGEIQ_PLATFORM\public\data\edgeiq_portfolio_throttle_v1.csv","220316"
"C:\Users\trent\OneDrive\Documents\EDGEIQ_PLATFORM\public\data\edgeiq_positional_dna_engine_v2.csv","55733"
"C:\Users\trent\OneDrive\Documents\EDGEIQ_PLATFORM\public\data\edgeiq_positional_dna_engine_v2_diagnostics.csv","425"
"C:\Users\trent\OneDrive\Documents\EDGEIQ_PLATFORM\public\data\edgeiq_positional_dna_engine_v3.csv","52213"
"C:\Users\trent\OneDrive\Documents\EDGEIQ_PLATFORM\public\data\edgeiq_positional_dna_engine_v3_diagnostics.csv","261"
"C:\Users\trent\OneDrive\Documents\EDGEIQ_PLATFORM\public\data\edgeiq_positional_dna_observations_v2.csv","1075057"
"C:\Users\trent\OneDrive\Documents\EDGEIQ_PLATFORM\public\data\edgeiq_positional_expansion_source_inventory_v1.csv","445940"
"C:\Users\trent\OneDrive\Documents\EDGEIQ_PLATFORM\public\data\edgeiq_positional_expansion_source_inventory_v1_diagnostics.csv","202"
"C:\Users\trent\OneDrive\Documents\EDGEIQ_PLATFORM\public\data\edgeiq_positional_source_audit_v1.csv","596957"
"C:\Users\trent\OneDrive\Documents\EDGEIQ_PLATFORM\public\data\edgeiq_positional_source_audit_v1_diagnostics.csv","182"
"C:\Users\trent\OneDrive\Documents\EDGEIQ_PLATFORM\public\data\edgeiq_post_fresh_current_visual_data_v1.csv","1841"
"C:\Users\trent\OneDrive\Documents\EDGEIQ_PLATFORM\public\data\edgeiq_post_fresh_current_visual_data_v1_summary.csv","277"
"C:\Users\trent\OneDrive\Documents\EDGEIQ_PLATFORM\public\data\edgeiq_post_race_capture_orchestrator_summary_v1.csv","3228"
"C:\Users\trent\OneDrive\Documents\EDGEIQ_PLATFORM\public\data\edgeiq_post_race_data_quality_summary_v1.csv","486"
"C:\Users\trent\OneDrive\Documents\EDGEIQ_PLATFORM\public\data\edgeiq_post_run_learning_actions_v1.csv","997"
"C:\Users\trent\OneDrive\Documents\EDGEIQ_PLATFORM\public\data\edgeiq_post_run_learning_audit_v1.csv","1762"
"C:\Users\trent\OneDrive\Documents\EDGEIQ_PLATFORM\public\data\edgeiq_post_run_learning_by_engine_v1.csv","497"
"C:\Users\trent\OneDrive\Documents\EDGEIQ_PLATFORM\public\data\edgeiq_predictability_v1.csv","6042991"
"C:\Users\trent\OneDrive\Documents\EDGEIQ_PLATFORM\public\data\edgeiq_predictability_v1_audit.csv","235"
"C:\Users\trent\OneDrive\Documents\EDGEIQ_PLATFORM\public\data\edgeiq_predictive_engine_baseline_benchmark_v1.csv","1144512"
"C:\Users\trent\OneDrive\Documents\EDGEIQ_PLATFORM\public\data\edgeiq_predictive_engine_baseline_benchmark_v1_by_class.csv","9901"
"C:\Users\trent\OneDrive\Documents\EDGEIQ_PLATFORM\public\data\edgeiq_predictive_engine_baseline_benchmark_v1_by_track.csv","33314"
"C:\Users\trent\OneDrive\Documents\EDGEIQ_PLATFORM\public\data\edgeiq_predictive_engine_baseline_benchmark_v1_leakage_audit.csv","670"
"C:\Users\trent\OneDrive\Documents\EDGEIQ_PLATFORM\public\data\edgeiq_predictive_engine_baseline_benchmark_v1_summary.csv","1235"
"C:\Users\trent\OneDrive\Documents\EDGEIQ_PLATFORM\public\data\edgeiq_predictive_engine_baseline_v1.csv","4397120"
"C:\Users\trent\OneDrive\Documents\EDGEIQ_PLATFORM\public\data\edgeiq_predictive_engine_baseline_v1_by_class.csv","2549"
"C:\Users\trent\OneDrive\Documents\EDGEIQ_PLATFORM\public\data\edgeiq_predictive_engine_baseline_v1_by_distance.csv","1025"
"C:\Users\trent\OneDrive\Documents\EDGEIQ_PLATFORM\public\data\edgeiq_predictive_engine_baseline_v1_by_field_size.csv","1036"
"C:\Users\trent\OneDrive\Documents\EDGEIQ_PLATFORM\public\data\edgeiq_predictive_engine_baseline_v1_by_track.csv","7318"
"C:\Users\trent\OneDrive\Documents\EDGEIQ_PLATFORM\public\data\edgeiq_predictive_engine_baseline_v1_leakage_audit.csv","589"
"C:\Users\trent\OneDrive\Documents\EDGEIQ_PLATFORM\public\data\edgeiq_predictive_engine_baseline_v1_summary.csv","1511"
"C:\Users\trent\OneDrive\Documents\EDGEIQ_PLATFORM\public\data\edgeiq_predictive_model_gap_closure_v1.csv","432945"
"C:\Users\trent\OneDrive\Documents\EDGEIQ_PLATFORM\public\data\edgeiq_predictive_model_gap_closure_v1_feature_gaps.csv","1750"
"C:\Users\trent\OneDrive\Documents\EDGEIQ_PLATFORM\public\data\edgeiq_predictive_model_gap_closure_v1_market_misses.csv","114123"
"C:\Users\trent\OneDrive\Documents\EDGEIQ_PLATFORM\public\data\edgeiq_predictive_model_gap_closure_v1_summary.csv","3152"
"C:\Users\trent\OneDrive\Documents\EDGEIQ_PLATFORM\public\data\edgeiq_pre_race_health_check_v1.csv","1326"
"C:\Users\trent\OneDrive\Documents\EDGEIQ_PLATFORM\public\data\edgeiq_pre_result_market_history_warehouse_v1.csv","532628"
"C:\Users\trent\OneDrive\Documents\EDGEIQ_PLATFORM\public\data\edgeiq_pre_result_market_history_warehouse_v1_coverage_watch.csv","1012"
"C:\Users\trent\OneDrive\Documents\EDGEIQ_PLATFORM\public\data\edgeiq_pre_result_market_history_warehouse_v1_latest_batch.csv","253606"
"C:\Users\trent\OneDrive\Documents\EDGEIQ_PLATFORM\public\data\edgeiq_pre_result_market_history_warehouse_v1_source_audit.csv","489"
"C:\Users\trent\OneDrive\Documents\EDGEIQ_PLATFORM\public\data\edgeiq_pre_result_market_history_warehouse_v1_summary.csv","719"
"C:\Users\trent\OneDrive\Documents\EDGEIQ_PLATFORM\public\data\edgeiq_pre_result_market_rank1_join_audit_v1.csv","2745167"
"C:\Users\trent\OneDrive\Documents\EDGEIQ_PLATFORM\public\data\edgeiq_pre_result_market_rank1_join_audit_v1_by_date.csv","30673"
"C:\Users\trent\OneDrive\Documents\EDGEIQ_PLATFORM\public\data\edgeiq_pre_result_market_rank1_join_audit_v1_by_environment.csv","321"
"C:\Users\trent\OneDrive\Documents\EDGEIQ_PLATFORM\public\data\edgeiq_pre_result_market_rank1_join_audit_v1_by_track.csv","2779"
"C:\Users\trent\OneDrive\Documents\EDGEIQ_PLATFORM\public\data\edgeiq_pre_result_market_rank1_join_audit_v1_summary.csv","1216"
"C:\Users\trent\OneDrive\Documents\EDGEIQ_PLATFORM\public\data\edgeiq_price_calibration_by_discipline_class_v1.csv","1404"
"C:\Users\trent\OneDrive\Documents\EDGEIQ_PLATFORM\public\data\edgeiq_price_calibration_by_price_band_v1.csv","1592"
"C:\Users\trent\OneDrive\Documents\EDGEIQ_PLATFORM\public\data\edgeiq_price_calibration_by_probability_band_v1.csv","1390"
"C:\Users\trent\OneDrive\Documents\EDGEIQ_PLATFORM\public\data\edgeiq_price_calibration_by_quality_class_v1.csv","1151"
"C:\Users\trent\OneDrive\Documents\EDGEIQ_PLATFORM\public\data\edgeiq_price_calibration_engine_v1.csv","454"
"C:\Users\trent\OneDrive\Documents\EDGEIQ_PLATFORM\public\data\edgeiq_price_calibration_engine_v1_audit.csv","3046"
"C:\Users\trent\OneDrive\Documents\EDGEIQ_PLATFORM\public\data\edgeiq_price_calibration_sanity_v1.csv","15460"
"C:\Users\trent\OneDrive\Documents\EDGEIQ_PLATFORM\public\data\edgeiq_price_calibration_sanity_v1_summary.csv","15328"
"C:\Users\trent\OneDrive\Documents\EDGEIQ_PLATFORM\public\data\edgeiq_price_distribution_audit_v1.csv","6251"
"C:\Users\trent\OneDrive\Documents\EDGEIQ_PLATFORM\public\data\edgeiq_price_distribution_summary_v1.csv","361"
"C:\Users\trent\OneDrive\Documents\EDGEIQ_PLATFORM\public\data\edgeiq_price_enrichment_research_v1.csv","13581"
"C:\Users\trent\OneDrive\Documents\EDGEIQ_PLATFORM\public\data\edgeiq_price_enrichment_research_v1_summary.csv","143"
"C:\Users\trent\OneDrive\Documents\EDGEIQ_PLATFORM\public\data\edgeiq_price_lineage_audit.csv","355542"
"C:\Users\trent\OneDrive\Documents\EDGEIQ_PLATFORM\public\data\edgeiq_price_realism_audit_v1.csv","147195"
"C:\Users\trent\OneDrive\Documents\EDGEIQ_PLATFORM\public\data\edgeiq_price_truth_adjustments.csv","3659"
"C:\Users\trent\OneDrive\Documents\EDGEIQ_PLATFORM\public\data\edgeiq_price_truth_audit_v1.csv","121764"
"C:\Users\trent\OneDrive\Documents\EDGEIQ_PLATFORM\public\data\edgeiq_price_truth_audit_v1_summary.csv","734"
"C:\Users\trent\OneDrive\Documents\EDGEIQ_PLATFORM\public\data\edgeiq_price_truth_daily_snapshot_v1_summary.csv","11376"
"C:\Users\trent\OneDrive\Documents\EDGEIQ_PLATFORM\public\data\edgeiq_price_truth_history_v1.csv","102022"
"C:\Users\trent\OneDrive\Documents\EDGEIQ_PLATFORM\public\data\edgeiq_price_truth_history_v1_audit.csv","1376"
"C:\Users\trent\OneDrive\Documents\EDGEIQ_PLATFORM\public\data\edgeiq_price_truth_history_v1_health.csv","152355"
"C:\Users\trent\OneDrive\Documents\EDGEIQ_PLATFORM\public\data\edgeiq_price_truth_history_v1_health_summary.csv","3583"
"C:\Users\trent\OneDrive\Documents\EDGEIQ_PLATFORM\public\data\edgeiq_price_truth_pipeline_status_v1.csv","719"
"C:\Users\trent\OneDrive\Documents\EDGEIQ_PLATFORM\public\data\edgeiq_price_truth_pipeline_status_v1_summary.csv","2639"
"C:\Users\trent\OneDrive\Documents\EDGEIQ_PLATFORM\public\data\edgeiq_price_truth_result_readiness_v1.csv","133078"
"C:\Users\trent\OneDrive\Documents\EDGEIQ_PLATFORM\public\data\edgeiq_price_truth_result_readiness_v1_summary.csv","85561"
"C:\Users\trent\OneDrive\Documents\EDGEIQ_PLATFORM\public\data\edgeiq_price_truth_result_settlement_diagnostic_v1.csv","154568"
"C:\Users\trent\OneDrive\Documents\EDGEIQ_PLATFORM\public\data\edgeiq_price_truth_result_settlement_diagnostic_v1_summary.csv","28074"
"C:\Users\trent\OneDrive\Documents\EDGEIQ_PLATFORM\public\data\edgeiq_price_truth_settlement_v1_audit.csv","2806"
"C:\Users\trent\OneDrive\Documents\EDGEIQ_PLATFORM\public\data\edgeiq_price_truth_snapshot_dedupe_v1.csv","200897"
"C:\Users\trent\OneDrive\Documents\EDGEIQ_PLATFORM\public\data\edgeiq_price_truth_snapshot_dedupe_v1_summary.csv","3926"
"C:\Users\trent\OneDrive\Documents\EDGEIQ_PLATFORM\public\data\edgeiq_price_truth_v1.csv","140845"
"C:\Users\trent\OneDrive\Documents\EDGEIQ_PLATFORM\public\data\edgeiq_price_truth_v1_summary.csv","788"
"C:\Users\trent\OneDrive\Documents\EDGEIQ_PLATFORM\public\data\edgeiq_price_writers_audit.csv","317867"
"C:\Users\trent\OneDrive\Documents\EDGEIQ_PLATFORM\public\data\edgeiq_pricing_accuracy_backtest_v1.csv","874"
"C:\Users\trent\OneDrive\Documents\EDGEIQ_PLATFORM\public\data\edgeiq_pricing_engine_research_audit_summary_v1.csv","210"
"C:\Users\trent\OneDrive\Documents\EDGEIQ_PLATFORM\public\data\edgeiq_pricing_engine_research_audit_v1.csv","639"
"C:\Users\trent\OneDrive\Documents\EDGEIQ_PLATFORM\public\data\edgeiq_pricing_engine_research_summary_v1.csv","127"
"C:\Users\trent\OneDrive\Documents\EDGEIQ_PLATFORM\public\data\edgeiq_pricing_engine_research_v1.csv","24808"
"C:\Users\trent\OneDrive\Documents\EDGEIQ_PLATFORM\public\data\edgeiq_pricing_layer_rankings_v1.csv","913"
"C:\Users\trent\OneDrive\Documents\EDGEIQ_PLATFORM\public\data\edgeiq_pricing_pipeline_inventory_summary_v1.csv","379"
"C:\Users\trent\OneDrive\Documents\EDGEIQ_PLATFORM\public\data\edgeiq_pricing_pipeline_inventory_v1.csv","636419"
"C:\Users\trent\OneDrive\Documents\EDGEIQ_PLATFORM\public\data\edgeiq_pricing_replay_join_map_summary_v1.csv","197"
"C:\Users\trent\OneDrive\Documents\EDGEIQ_PLATFORM\public\data\edgeiq_pricing_replay_join_map_v1.csv","2753423"
"C:\Users\trent\OneDrive\Documents\EDGEIQ_PLATFORM\public\data\edgeiq_pricing_replay_model_state_reconstruction_v1_1.csv","56767201"
"C:\Users\trent\OneDrive\Documents\EDGEIQ_PLATFORM\public\data\edgeiq_pricing_replay_model_state_reconstruction_v1_1_audit.csv","227"
"C:\Users\trent\OneDrive\Documents\EDGEIQ_PLATFORM\public\data\edgeiq_pricing_replay_model_state_reconstruction_v1_1_summary.csv","326"
"C:\Users\trent\OneDrive\Documents\EDGEIQ_PLATFORM\public\data\edgeiq_pricing_replay_model_state_reconstruction_v1_2.csv","78298966"
"C:\Users\trent\OneDrive\Documents\EDGEIQ_PLATFORM\public\data\edgeiq_pricing_replay_model_state_reconstruction_v1_2_audit.csv","1082070"
"C:\Users\trent\OneDrive\Documents\EDGEIQ_PLATFORM\public\data\edgeiq_pricing_replay_model_state_reconstruction_v1_2_summary.csv","257"
"C:\Users\trent\OneDrive\Documents\EDGEIQ_PLATFORM\public\data\edgeiq_pricing_replay_probability_backfill_v1.csv","4336957"
"C:\Users\trent\OneDrive\Documents\EDGEIQ_PLATFORM\public\data\edgeiq_pricing_replay_probability_backfill_v1_audit.csv","538473"
"C:\Users\trent\OneDrive\Documents\EDGEIQ_PLATFORM\public\data\edgeiq_pricing_replay_probability_backfill_v1_summary.csv","161"
"C:\Users\trent\OneDrive\Documents\EDGEIQ_PLATFORM\public\data\edgeiq_pricing_replay_source_inventory_summary_v1.csv","225"
"C:\Users\trent\OneDrive\Documents\EDGEIQ_PLATFORM\public\data\edgeiq_pricing_replay_source_inventory_v1.csv","232799"
"C:\Users\trent\OneDrive\Documents\EDGEIQ_PLATFORM\public\data\edgeiq_pricing_replay_spine_v1.csv","4625839"
"C:\Users\trent\OneDrive\Documents\EDGEIQ_PLATFORM\public\data\edgeiq_pricing_replay_spine_v1_audit.csv","126"
"C:\Users\trent\OneDrive\Documents\EDGEIQ_PLATFORM\public\data\edgeiq_pricing_replay_spine_v1_summary.csv","317"
"C:\Users\trent\OneDrive\Documents\EDGEIQ_PLATFORM\public\data\edgeiq_pricing_replay_spine_v2.csv","3980909"
"C:\Users\trent\OneDrive\Documents\EDGEIQ_PLATFORM\public\data\edgeiq_pricing_replay_spine_v2_audit.csv","538475"
"C:\Users\trent\OneDrive\Documents\EDGEIQ_PLATFORM\public\data\edgeiq_pricing_replay_spine_v2_summary.csv","291"
"C:\Users\trent\OneDrive\Documents\EDGEIQ_PLATFORM\public\data\edgeiq_pricing_replay_spine_v3_1_reconstructed.csv","11744412"
"C:\Users\trent\OneDrive\Documents\EDGEIQ_PLATFORM\public\data\edgeiq_pricing_replay_spine_v3_1_reconstructed_audit.csv","75"
"C:\Users\trent\OneDrive\Documents\EDGEIQ_PLATFORM\public\data\edgeiq_pricing_replay_spine_v3_1_reconstructed_summary.csv","221"
"C:\Users\trent\OneDrive\Documents\EDGEIQ_PLATFORM\public\data\edgeiq_pricing_replay_spine_v3_1_sanity_audit.csv","656"
"C:\Users\trent\OneDrive\Documents\EDGEIQ_PLATFORM\public\data\edgeiq_pricing_replay_spine_v3_1_sanity_summary.csv","372"
"C:\Users\trent\OneDrive\Documents\EDGEIQ_PLATFORM\public\data\edgeiq_pricing_replay_spine_v3_2_reconstructed_normalised.csv","18357842"
"C:\Users\trent\OneDrive\Documents\EDGEIQ_PLATFORM\public\data\edgeiq_pricing_replay_spine_v3_2_reconstructed_normalised_audit.csv","2233427"
"C:\Users\trent\OneDrive\Documents\EDGEIQ_PLATFORM\public\data\edgeiq_pricing_replay_spine_v3_2_reconstructed_normalised_summary.csv","267"
"C:\Users\trent\OneDrive\Documents\EDGEIQ_PLATFORM\public\data\edgeiq_pricing_replay_spine_v3_3_temperature6.csv","17097040"
"C:\Users\trent\OneDrive\Documents\EDGEIQ_PLATFORM\public\data\edgeiq_pricing_replay_spine_v3_3_temperature6_audit.csv","1384270"
"C:\Users\trent\OneDrive\Documents\EDGEIQ_PLATFORM\public\data\edgeiq_pricing_replay_spine_v3_3_temperature6_summary.csv","415"
"C:\Users\trent\OneDrive\Documents\EDGEIQ_PLATFORM\public\data\edgeiq_pricing_replay_spine_v4_tab_quality.csv","5714228"
"C:\Users\trent\OneDrive\Documents\EDGEIQ_PLATFORM\public\data\edgeiq_pricing_replay_spine_v4_tab_quality_audit.csv","226"
"C:\Users\trent\OneDrive\Documents\EDGEIQ_PLATFORM\public\data\edgeiq_pricing_replay_spine_v4_tab_quality_summary.csv","248"
"C:\Users\trent\OneDrive\Documents\EDGEIQ_PLATFORM\public\data\edgeiq_pricing_replay_v3_2_evaluation.csv","1609379"
"C:\Users\trent\OneDrive\Documents\EDGEIQ_PLATFORM\public\data\edgeiq_pricing_replay_v3_2_evaluation_summary.csv","352"
"C:\Users\trent\OneDrive\Documents\EDGEIQ_PLATFORM\public\data\edgeiq_pricing_research_decision_lock_20260617.csv","236"
"C:\Users\trent\OneDrive\Documents\EDGEIQ_PLATFORM\public\data\edgeiq_prior_asof_rating_spine_v1.csv","181788959"
"C:\Users\trent\OneDrive\Documents\EDGEIQ_PLATFORM\public\data\edgeiq_prior_asof_rating_spine_v1_2026_focus_audit.csv","439486"
"C:\Users\trent\OneDrive\Documents\EDGEIQ_PLATFORM\public\data\edgeiq_prior_asof_rating_spine_v1_2026_focus_summary.csv","13669"
"C:\Users\trent\OneDrive\Documents\EDGEIQ_PLATFORM\public\data\edgeiq_prior_asof_rating_spine_v1_leakage_audit.csv","817"
"C:\Users\trent\OneDrive\Documents\EDGEIQ_PLATFORM\public\data\edgeiq_prior_asof_rating_spine_v1_summary.csv","23211"
"C:\Users\trent\OneDrive\Documents\EDGEIQ_PLATFORM\public\data\edgeiq_prior_asof_rating_spine_v1_unmatched.csv","80629480"
"C:\Users\trent\OneDrive\Documents\EDGEIQ_PLATFORM\public\data\edgeiq_probability_band_history_v1.csv","867"
"C:\Users\trent\OneDrive\Documents\EDGEIQ_PLATFORM\public\data\edgeiq_probability_band_history_v1_audit.csv","839"
"C:\Users\trent\OneDrive\Documents\EDGEIQ_PLATFORM\public\data\edgeiq_probability_benchmark_status_v1.csv","281"
"C:\Users\trent\OneDrive\Documents\EDGEIQ_PLATFORM\public\data\edgeiq_probability_bucket_analysis.csv","4590"
"C:\Users\trent\OneDrive\Documents\EDGEIQ_PLATFORM\public\data\edgeiq_probability_calibration_curves.csv","2338"
"C:\Users\trent\OneDrive\Documents\EDGEIQ_PLATFORM\public\data\edgeiq_probability_calibration_v1.csv","4590"
"C:\Users\trent\OneDrive\Documents\EDGEIQ_PLATFORM\public\data\edgeiq_probability_conversion_audit_v1.csv","258329"
"C:\Users\trent\OneDrive\Documents\EDGEIQ_PLATFORM\public\data\edgeiq_probability_decomposition_summary_v1.csv","232"
"C:\Users\trent\OneDrive\Documents\EDGEIQ_PLATFORM\public\data\edgeiq_probability_decomposition_v1.csv","59928"
"C:\Users\trent\OneDrive\Documents\EDGEIQ_PLATFORM\public\data\edgeiq_probability_driver_audit_v1.csv","316396"
"C:\Users\trent\OneDrive\Documents\EDGEIQ_PLATFORM\public\data\edgeiq_probability_driver_audit_v1_summary.csv","237"
"C:\Users\trent\OneDrive\Documents\EDGEIQ_PLATFORM\public\data\edgeiq_probability_engine_v2.csv","3739"
"C:\Users\trent\OneDrive\Documents\EDGEIQ_PLATFORM\public\data\edgeiq_probability_engine_v2_diagnostics.csv","436"
"C:\Users\trent\OneDrive\Documents\EDGEIQ_PLATFORM\public\data\edgeiq_probability_engine_v3.csv","189017"
"C:\Users\trent\OneDrive\Documents\EDGEIQ_PLATFORM\public\data\edgeiq_probability_engine_v3_CHECKPOINT_BEFORE_CURRENT_INTEL_REBUILD_20260711_155751.csv","178879"
"C:\Users\trent\OneDrive\Documents\EDGEIQ_PLATFORM\public\data\edgeiq_probability_engine_v3_diagnostics.csv","364"
"C:\Users\trent\OneDrive\Documents\EDGEIQ_PLATFORM\public\data\edgeiq_probability_engine_v3_diagnostics_CHECKPOINT_BEFORE_CURRENT_INTEL_REBUILD_20260711_155751.csv","402"
"C:\Users\trent\OneDrive\Documents\EDGEIQ_PLATFORM\public\data\edgeiq_probability_engine_v4.csv","499663"
"C:\Users\trent\OneDrive\Documents\EDGEIQ_PLATFORM\public\data\edgeiq_probability_engine_v4_1.csv","280672"
"C:\Users\trent\OneDrive\Documents\EDGEIQ_PLATFORM\public\data\edgeiq_probability_engine_v4_1_calibration_buckets.csv","4311"
"C:\Users\trent\OneDrive\Documents\EDGEIQ_PLATFORM\public\data\edgeiq_probability_engine_v4_1_candidate_replay.csv","31841076"
"C:\Users\trent\OneDrive\Documents\EDGEIQ_PLATFORM\public\data\edgeiq_probability_engine_v4_1_candidate_summary.csv","6233"
"C:\Users\trent\OneDrive\Documents\EDGEIQ_PLATFORM\public\data\edgeiq_probability_engine_v4_1_diagnostics.csv","169"
"C:\Users\trent\OneDrive\Documents\EDGEIQ_PLATFORM\public\data\edgeiq_probability_engine_v4_1_market_blend_audit.csv","16322795"
"C:\Users\trent\OneDrive\Documents\EDGEIQ_PLATFORM\public\data\edgeiq_probability_engine_v4_1_price_realism.csv","5594"
"C:\Users\trent\OneDrive\Documents\EDGEIQ_PLATFORM\public\data\edgeiq_probability_engine_v4_2_calibration_buckets.csv","4981"
"C:\Users\trent\OneDrive\Documents\EDGEIQ_PLATFORM\public\data\edgeiq_probability_engine_v4_2_candidate_replay.csv","37878096"
"C:\Users\trent\OneDrive\Documents\EDGEIQ_PLATFORM\public\data\edgeiq_probability_engine_v4_2_candidate_summary.csv","3502"
"C:\Users\trent\OneDrive\Documents\EDGEIQ_PLATFORM\public\data\edgeiq_probability_engine_v4_2_price_realism.csv","3635"
"C:\Users\trent\OneDrive\Documents\EDGEIQ_PLATFORM\public\data\edgeiq_probability_engine_v4_2_recommendation.csv","1853"
"C:\Users\trent\OneDrive\Documents\EDGEIQ_PLATFORM\public\data\edgeiq_probability_engine_v4_calibration_buckets.csv","9807"
"C:\Users\trent\OneDrive\Documents\EDGEIQ_PLATFORM\public\data\edgeiq_probability_engine_v4_candidate_replay.csv","43678794"
"C:\Users\trent\OneDrive\Documents\EDGEIQ_PLATFORM\public\data\edgeiq_probability_engine_v4_candidate_summary.csv","5329"
"C:\Users\trent\OneDrive\Documents\EDGEIQ_PLATFORM\public\data\edgeiq_probability_engine_v4_diagnostics.csv","161"
"C:\Users\trent\OneDrive\Documents\EDGEIQ_PLATFORM\public\data\edgeiq_probability_engine_v4_dna_overlay_research_v1.csv","38021"
"C:\Users\trent\OneDrive\Documents\EDGEIQ_PLATFORM\public\data\edgeiq_probability_engine_v4_dna_overlay_research_v1_by_band.csv","292"
"C:\Users\trent\OneDrive\Documents\EDGEIQ_PLATFORM\public\data\edgeiq_probability_engine_v4_dna_overlay_research_v1_by_race.csv","1423"
"C:\Users\trent\OneDrive\Documents\EDGEIQ_PLATFORM\public\data\edgeiq_probability_engine_v4_dna_overlay_research_v1_summary.csv","414"
"C:\Users\trent\OneDrive\Documents\EDGEIQ_PLATFORM\public\data\edgeiq_probability_engine_v4_dna_overlay_research_v1_summary.json","509"
"C:\Users\trent\OneDrive\Documents\EDGEIQ_PLATFORM\public\data\edgeiq_probability_engine_v4_price_realism.csv","3837"
"C:\Users\trent\OneDrive\Documents\EDGEIQ_PLATFORM\public\data\edgeiq_probability_engine_v4_recommended_sidecar.csv","3276708"
"C:\Users\trent\OneDrive\Documents\EDGEIQ_PLATFORM\public\data\edgeiq_probability_engine_v5_factor_overlay_research.csv","185407"
"C:\Users\trent\OneDrive\Documents\EDGEIQ_PLATFORM\public\data\edgeiq_probability_engine_v5_factor_overlay_research_audit_v1.csv","197425"
"C:\Users\trent\OneDrive\Documents\EDGEIQ_PLATFORM\public\data\edgeiq_probability_engine_v5_factor_overlay_research_audit_v1_by_adjustment.csv","318"
"C:\Users\trent\OneDrive\Documents\EDGEIQ_PLATFORM\public\data\edgeiq_probability_engine_v5_factor_overlay_research_audit_v1_summary.csv","387"
"C:\Users\trent\OneDrive\Documents\EDGEIQ_PLATFORM\public\data\edgeiq_probability_engine_v5_factor_overlay_research_by_factor.csv","350"
"C:\Users\trent\OneDrive\Documents\EDGEIQ_PLATFORM\public\data\edgeiq_probability_engine_v5_factor_overlay_research_by_race.csv","515"
"C:\Users\trent\OneDrive\Documents\EDGEIQ_PLATFORM\public\data\edgeiq_probability_engine_v5_factor_overlay_research_summary.csv","230"
"C:\Users\trent\OneDrive\Documents\EDGEIQ_PLATFORM\public\data\edgeiq_probability_engine_v6_2_factor_overlay_research.csv","118129"
"C:\Users\trent\OneDrive\Documents\EDGEIQ_PLATFORM\public\data\edgeiq_probability_engine_v6_2_factor_overlay_research_by_factor.csv","166827"
"C:\Users\trent\OneDrive\Documents\EDGEIQ_PLATFORM\public\data\edgeiq_probability_engine_v6_2_factor_overlay_research_by_race.csv","649"
"C:\Users\trent\OneDrive\Documents\EDGEIQ_PLATFORM\public\data\edgeiq_probability_engine_v6_2_factor_overlay_research_summary.csv","424"
"C:\Users\trent\OneDrive\Documents\EDGEIQ_PLATFORM\public\data\edgeiq_probability_engine_v6_2_factor_overlay_research_v2.csv","118186"
"C:\Users\trent\OneDrive\Documents\EDGEIQ_PLATFORM\public\data\edgeiq_probability_engine_v6_2_factor_overlay_research_v2_1.csv","118165"
"C:\Users\trent\OneDrive\Documents\EDGEIQ_PLATFORM\public\data\edgeiq_probability_engine_v6_2_factor_overlay_research_v2_1_by_factor.csv","162735"
"C:\Users\trent\OneDrive\Documents\EDGEIQ_PLATFORM\public\data\edgeiq_probability_engine_v6_2_factor_overlay_research_v2_1_by_race.csv","660"
"C:\Users\trent\OneDrive\Documents\EDGEIQ_PLATFORM\public\data\edgeiq_probability_engine_v6_2_factor_overlay_research_v2_1_summary.csv","529"
"C:\Users\trent\OneDrive\Documents\EDGEIQ_PLATFORM\public\data\edgeiq_probability_engine_v6_2_factor_overlay_research_v2_2.csv","118130"
"C:\Users\trent\OneDrive\Documents\EDGEIQ_PLATFORM\public\data\edgeiq_probability_engine_v6_2_factor_overlay_research_v2_2_audit.csv","654"
"C:\Users\trent\OneDrive\Documents\EDGEIQ_PLATFORM\public\data\edgeiq_probability_engine_v6_2_factor_overlay_research_v2_2_audit_summary.csv","420"
"C:\Users\trent\OneDrive\Documents\EDGEIQ_PLATFORM\public\data\edgeiq_probability_engine_v6_2_factor_overlay_research_v2_2_by_factor.csv","163149"
"C:\Users\trent\OneDrive\Documents\EDGEIQ_PLATFORM\public\data\edgeiq_probability_engine_v6_2_factor_overlay_research_v2_2_by_race.csv","665"
"C:\Users\trent\OneDrive\Documents\EDGEIQ_PLATFORM\public\data\edgeiq_probability_engine_v6_2_factor_overlay_research_v2_2_PROMOTION_CANDIDATE_audit_summary.csv","420"
"C:\Users\trent\OneDrive\Documents\EDGEIQ_PLATFORM\public\data\edgeiq_probability_engine_v6_2_factor_overlay_research_v2_2_PROMOTION_CANDIDATE_summary.csv","591"
"C:\Users\trent\OneDrive\Documents\EDGEIQ_PLATFORM\public\data\edgeiq_probability_engine_v6_2_factor_overlay_research_v2_2_summary.csv","591"
"C:\Users\trent\OneDrive\Documents\EDGEIQ_PLATFORM\public\data\edgeiq_probability_engine_v6_2_factor_overlay_research_v2_by_factor.csv","162175"
"C:\Users\trent\OneDrive\Documents\EDGEIQ_PLATFORM\public\data\edgeiq_probability_engine_v6_2_factor_overlay_research_v2_by_race.csv","656"
"C:\Users\trent\OneDrive\Documents\EDGEIQ_PLATFORM\public\data\edgeiq_probability_engine_v6_2_factor_overlay_research_v2_summary.csv","472"
"C:\Users\trent\OneDrive\Documents\EDGEIQ_PLATFORM\public\data\edgeiq_probability_engine_v6_2_factor_overlay_version_comparison.csv","308"
"C:\Users\trent\OneDrive\Documents\EDGEIQ_PLATFORM\public\data\edgeiq_probability_engine_v7.csv","14826597"
"C:\Users\trent\OneDrive\Documents\EDGEIQ_PLATFORM\public\data\edgeiq_probability_engine_v7_summary.csv","398"
"C:\Users\trent\OneDrive\Documents\EDGEIQ_PLATFORM\public\data\edgeiq_probability_floor_population_v1.csv","5093"
"C:\Users\trent\OneDrive\Documents\EDGEIQ_PLATFORM\public\data\edgeiq_probability_model_v1_calibration.csv","2952"
"C:\Users\trent\OneDrive\Documents\EDGEIQ_PLATFORM\public\data\edgeiq_probability_model_v1_rank_probs.csv","408"
"C:\Users\trent\OneDrive\Documents\EDGEIQ_PLATFORM\public\data\edgeiq_probability_model_v1_score_probs.csv","540"
"C:\Users\trent\OneDrive\Documents\EDGEIQ_PLATFORM\public\data\edgeiq_probability_power_full_audit_v1_by_race.csv","7118440"
"C:\Users\trent\OneDrive\Documents\EDGEIQ_PLATFORM\public\data\edgeiq_probability_power_full_audit_v1_calibration.csv","3669"
"C:\Users\trent\OneDrive\Documents\EDGEIQ_PLATFORM\public\data\edgeiq_probability_power_full_audit_v1_detail.csv","93520896"
"C:\Users\trent\OneDrive\Documents\EDGEIQ_PLATFORM\public\data\edgeiq_probability_power_full_audit_v1_recommendation.csv","541"
"C:\Users\trent\OneDrive\Documents\EDGEIQ_PLATFORM\public\data\edgeiq_probability_power_full_audit_v1_summary.csv","1209"
"C:\Users\trent\OneDrive\Documents\EDGEIQ_PLATFORM\public\data\edgeiq_probability_power_replay_v1.csv","72907898"
"C:\Users\trent\OneDrive\Documents\EDGEIQ_PLATFORM\public\data\edgeiq_probability_power_replay_v1_by_race.csv","7118440"
"C:\Users\trent\OneDrive\Documents\EDGEIQ_PLATFORM\public\data\edgeiq_probability_power_replay_v1_summary.csv","821"
"C:\Users\trent\OneDrive\Documents\EDGEIQ_PLATFORM\public\data\edgeiq_probability_power_sensitivity_v1.csv","284118"
"C:\Users\trent\OneDrive\Documents\EDGEIQ_PLATFORM\public\data\edgeiq_probability_power_sensitivity_v1_summary.csv","245"
"C:\Users\trent\OneDrive\Documents\EDGEIQ_PLATFORM\public\data\edgeiq_probability_research_v5_1_historical_replay.csv","124315"
"C:\Users\trent\OneDrive\Documents\EDGEIQ_PLATFORM\public\data\edgeiq_probability_research_v5_1_historical_replay_summary.csv","573"
"C:\Users\trent\OneDrive\Documents\EDGEIQ_PLATFORM\public\data\edgeiq_probability_research_v5_1_shape_audit.csv","2823"
"C:\Users\trent\OneDrive\Documents\EDGEIQ_PLATFORM\public\data\edgeiq_probability_research_v5_1_shape_summary.csv","963"
"C:\Users\trent\OneDrive\Documents\EDGEIQ_PLATFORM\public\data\edgeiq_probability_research_v5_1_temperature.csv","51921"
"C:\Users\trent\OneDrive\Documents\EDGEIQ_PLATFORM\public\data\edgeiq_probability_research_v5_1_temperature_audit.csv","1371"
"C:\Users\trent\OneDrive\Documents\EDGEIQ_PLATFORM\public\data\edgeiq_probability_research_v5_1_temperature_summary.csv","159"
"C:\Users\trent\OneDrive\Documents\EDGEIQ_PLATFORM\public\data\edgeiq_probability_research_v5_2_guarded_temperature.csv","55728"
"C:\Users\trent\OneDrive\Documents\EDGEIQ_PLATFORM\public\data\edgeiq_probability_research_v5_2_guarded_temperature_audit.csv","3084"
"C:\Users\trent\OneDrive\Documents\EDGEIQ_PLATFORM\public\data\edgeiq_probability_research_v5_2_guarded_temperature_summary.csv","110"
"C:\Users\trent\OneDrive\Documents\EDGEIQ_PLATFORM\public\data\edgeiq_probability_research_v5_2_historical_replay.csv","137534"
"C:\Users\trent\OneDrive\Documents\EDGEIQ_PLATFORM\public\data\edgeiq_probability_research_v5_2_historical_replay_summary.csv","686"
"C:\Users\trent\OneDrive\Documents\EDGEIQ_PLATFORM\public\data\edgeiq_probability_research_v5_2_shape_audit.csv","3612"
"C:\Users\trent\OneDrive\Documents\EDGEIQ_PLATFORM\public\data\edgeiq_probability_research_v5_2_shape_summary.csv","1267"
"C:\Users\trent\OneDrive\Documents\EDGEIQ_PLATFORM\public\data\edgeiq_probability_research_v5_compression_fix.csv","58804"
"C:\Users\trent\OneDrive\Documents\EDGEIQ_PLATFORM\public\data\edgeiq_probability_research_v5_compression_fix_audit.csv","3090"
"C:\Users\trent\OneDrive\Documents\EDGEIQ_PLATFORM\public\data\edgeiq_probability_research_v5_compression_fix_summary.csv","178"
"C:\Users\trent\OneDrive\Documents\EDGEIQ_PLATFORM\public\data\edgeiq_probability_research_v5_historical_replay.csv","213611"
"C:\Users\trent\OneDrive\Documents\EDGEIQ_PLATFORM\public\data\edgeiq_probability_research_v5_historical_replay_summary.csv","926"
"C:\Users\trent\OneDrive\Documents\EDGEIQ_PLATFORM\public\data\edgeiq_probability_research_v5_shape_audit.csv","3701"
"C:\Users\trent\OneDrive\Documents\EDGEIQ_PLATFORM\public\data\edgeiq_probability_research_v5_shape_summary.csv","945"
"C:\Users\trent\OneDrive\Documents\EDGEIQ_PLATFORM\public\data\edgeiq_probability_research_v6_candidate.csv","102885"
"C:\Users\trent\OneDrive\Documents\EDGEIQ_PLATFORM\public\data\edgeiq_probability_research_v6_candidate_audit.csv","2024"
"C:\Users\trent\OneDrive\Documents\EDGEIQ_PLATFORM\public\data\edgeiq_probability_research_v6_candidate_summary.csv","98"
"C:\Users\trent\OneDrive\Documents\EDGEIQ_PLATFORM\public\data\edgeiq_probability_research_v6_historical_replay.csv","2947308"
"C:\Users\trent\OneDrive\Documents\EDGEIQ_PLATFORM\public\data\edgeiq_probability_research_v6_historical_replay_summary.csv","676"
"C:\Users\trent\OneDrive\Documents\EDGEIQ_PLATFORM\public\data\edgeiq_probability_research_v6_shape_audit.csv","4703"
"C:\Users\trent\OneDrive\Documents\EDGEIQ_PLATFORM\public\data\edgeiq_probability_research_v6_shape_summary.csv","1527"
"C:\Users\trent\OneDrive\Documents\EDGEIQ_PLATFORM\public\data\edgeiq_probability_research_v7_candidate_t575.csv","17108610"
"C:\Users\trent\OneDrive\Documents\EDGEIQ_PLATFORM\public\data\edgeiq_probability_research_v7_candidate_t575_audit.csv","1392865"
"C:\Users\trent\OneDrive\Documents\EDGEIQ_PLATFORM\public\data\edgeiq_probability_research_v7_candidate_t575_summary.csv","414"
"C:\Users\trent\OneDrive\Documents\EDGEIQ_PLATFORM\public\data\edgeiq_probability_research_v7_candidate_t575_verdict_v1.csv","606"
"C:\Users\trent\OneDrive\Documents\EDGEIQ_PLATFORM\public\data\edgeiq_probability_research_v7_segment_audit_v1.csv","9388"
"C:\Users\trent\OneDrive\Documents\EDGEIQ_PLATFORM\public\data\edgeiq_probability_research_v7_segment_audit_v1_summary.csv","133"
"C:\Users\trent\OneDrive\Documents\EDGEIQ_PLATFORM\public\data\edgeiq_probability_research_v7_tab_candidate_t6.csv","10664469"
"C:\Users\trent\OneDrive\Documents\EDGEIQ_PLATFORM\public\data\edgeiq_probability_research_v7_tab_candidate_t6_audit.csv","906367"
"C:\Users\trent\OneDrive\Documents\EDGEIQ_PLATFORM\public\data\edgeiq_probability_research_v7_tab_candidate_t6_summary.csv","397"
"C:\Users\trent\OneDrive\Documents\EDGEIQ_PLATFORM\public\data\edgeiq_probability_research_v7_tab_temperature_sweep_v1.csv","1083"
"C:\Users\trent\OneDrive\Documents\EDGEIQ_PLATFORM\public\data\edgeiq_probability_research_v7_tab_temperature_sweep_v1_summary.csv","257"
"C:\Users\trent\OneDrive\Documents\EDGEIQ_PLATFORM\public\data\edgeiq_probability_research_v7_temperature_refinement_v1.csv","970"
"C:\Users\trent\OneDrive\Documents\EDGEIQ_PLATFORM\public\data\edgeiq_probability_research_v7_temperature_refinement_v1_summary.csv","259"
"C:\Users\trent\OneDrive\Documents\EDGEIQ_PLATFORM\public\data\edgeiq_probability_scratch_audit_summary_v1.csv","711"
"C:\Users\trent\OneDrive\Documents\EDGEIQ_PLATFORM\public\data\edgeiq_probability_scratch_audit_v1.csv","2007"
"C:\Users\trent\OneDrive\Documents\EDGEIQ_PLATFORM\public\data\edgeiq_probability_shrinkage_v1.csv","2388"
"C:\Users\trent\OneDrive\Documents\EDGEIQ_PLATFORM\public\data\edgeiq_probability_temperature_features_summary_v1.csv","111"
"C:\Users\trent\OneDrive\Documents\EDGEIQ_PLATFORM\public\data\edgeiq_probability_temperature_features_v1.csv","3304"
"C:\Users\trent\OneDrive\Documents\EDGEIQ_PLATFORM\public\data\edgeiq_probability_v4_2_key_collapse_audit_v1.csv","936423"
"C:\Users\trent\OneDrive\Documents\EDGEIQ_PLATFORM\public\data\edgeiq_probability_v4_2_key_collapse_summary_v1.csv","366"
"C:\Users\trent\OneDrive\Documents\EDGEIQ_PLATFORM\public\data\edgeiq_probability_v5_1_overconcentration_audit_v1.csv","682"
"C:\Users\trent\OneDrive\Documents\EDGEIQ_PLATFORM\public\data\edgeiq_probability_v5_1_overconcentration_summary_v1.csv","116"
"C:\Users\trent\OneDrive\Documents\EDGEIQ_PLATFORM\public\data\edgeiq_probability_v6_expanded_replay_summary_v1.csv","1333"
"C:\Users\trent\OneDrive\Documents\EDGEIQ_PLATFORM\public\data\edgeiq_probability_v6_expanded_replay_v1.csv","2717938"
"C:\Users\trent\OneDrive\Documents\EDGEIQ_PLATFORM\public\data\edgeiq_probability_v6_final_verdict_v1.csv","682"
"C:\Users\trent\OneDrive\Documents\EDGEIQ_PLATFORM\public\data\edgeiq_probability_v6_promotion_gate.csv","247"
"C:\Users\trent\OneDrive\Documents\EDGEIQ_PLATFORM\public\data\edgeiq_probability_v6_promotion_gate_summary.csv","106"
"C:\Users\trent\OneDrive\Documents\EDGEIQ_PLATFORM\public\data\edgeiq_probability_v6_promotion_gate_v2.csv","300"
"C:\Users\trent\OneDrive\Documents\EDGEIQ_PLATFORM\public\data\edgeiq_probability_v6_promotion_gate_v2_summary.csv","107"
"C:\Users\trent\OneDrive\Documents\EDGEIQ_PLATFORM\public\data\edgeiq_production_dependency_audit_v1.csv","22973"
"C:\Users\trent\OneDrive\Documents\EDGEIQ_PLATFORM\public\data\edgeiq_product_race_page_routing_v1_summary.csv","1795"
"C:\Users\trent\OneDrive\Documents\EDGEIQ_PLATFORM\public\data\edgeiq_product_shell_feed_v1_summary.csv","266"
"C:\Users\trent\OneDrive\Documents\EDGEIQ_PLATFORM\public\data\edgeiq_product_shell_final_integrity_summary_v1.csv","232"
"C:\Users\trent\OneDrive\Documents\EDGEIQ_PLATFORM\public\data\edgeiq_product_shell_final_integrity_v1.csv","391"
"C:\Users\trent\OneDrive\Documents\EDGEIQ_PLATFORM\public\data\edgeiq_product_shell_home_v2_audit.csv","414"
"C:\Users\trent\OneDrive\Documents\EDGEIQ_PLATFORM\public\data\edgeiq_product_shell_home_v2_audit_summary.csv","87"
"C:\Users\trent\OneDrive\Documents\EDGEIQ_PLATFORM\public\data\edgeiq_product_shell_home_v2_final_integrity.csv","567"
"C:\Users\trent\OneDrive\Documents\EDGEIQ_PLATFORM\public\data\edgeiq_product_shell_home_v2_final_integrity_summary.csv","207"
"C:\Users\trent\OneDrive\Documents\EDGEIQ_PLATFORM\public\data\edgeiq_product_shell_home_v3_final_integrity.csv","491"
"C:\Users\trent\OneDrive\Documents\EDGEIQ_PLATFORM\public\data\edgeiq_product_shell_home_v3_final_integrity_summary.csv","207"
"C:\Users\trent\OneDrive\Documents\EDGEIQ_PLATFORM\public\data\edgeiq_product_shell_home_v3_polish_audit.csv","505"
"C:\Users\trent\OneDrive\Documents\EDGEIQ_PLATFORM\public\data\edgeiq_product_shell_home_v3_polish_audit_summary.csv","94"
"C:\Users\trent\OneDrive\Documents\EDGEIQ_PLATFORM\public\data\edgeiq_product_shell_meetings_v1.csv","582"
"C:\Users\trent\OneDrive\Documents\EDGEIQ_PLATFORM\public\data\edgeiq_product_shell_races_v1.csv","4701"
"C:\Users\trent\OneDrive\Documents\EDGEIQ_PLATFORM\public\data\edgeiq_product_shell_sources_v1.csv","1952"
"C:\Users\trent\OneDrive\Documents\EDGEIQ_PLATFORM\public\data\edgeiq_product_shell_sources_v1_summary.csv","1753"
"C:\Users\trent\OneDrive\Documents\EDGEIQ_PLATFORM\public\data\edgeiq_product_shell_ui_audit_v1.csv","480"
"C:\Users\trent\OneDrive\Documents\EDGEIQ_PLATFORM\public\data\edgeiq_product_shell_ui_audit_v1_summary.csv","82"
"C:\Users\trent\OneDrive\Documents\EDGEIQ_PLATFORM\public\data\edgeiq_product_ui_consistency_audit_v1.csv","932"
"C:\Users\trent\OneDrive\Documents\EDGEIQ_PLATFORM\public\data\edgeiq_product_ui_consistency_summary_v1.csv","98"
"C:\Users\trent\OneDrive\Documents\EDGEIQ_PLATFORM\public\data\edgeiq_product_ui_v1_apply_manifest.csv","1108"
"C:\Users\trent\OneDrive\Documents\EDGEIQ_PLATFORM\public\data\edgeiq_product_ui_v1_apply_summary.csv","417"
"C:\Users\trent\OneDrive\Documents\EDGEIQ_PLATFORM\public\data\edgeiq_product_ui_v1_audit.csv","1041"
"C:\Users\trent\OneDrive\Documents\EDGEIQ_PLATFORM\public\data\edgeiq_product_ui_v1_checkpoint_manifest.csv","366"
"C:\Users\trent\OneDrive\Documents\EDGEIQ_PLATFORM\public\data\edgeiq_product_ui_v1_summary.csv","440"
"C:\Users\trent\OneDrive\Documents\EDGEIQ_PLATFORM\public\data\edgeiq_profile_badges_v1.csv","2035264"
"C:\Users\trent\OneDrive\Documents\EDGEIQ_PLATFORM\public\data\edgeiq_profile_badges_v1_summary.csv","430"
"C:\Users\trent\OneDrive\Documents\EDGEIQ_PLATFORM\public\data\edgeiq_profile_source_coverage_v1.csv","7330"
"C:\Users\trent\OneDrive\Documents\EDGEIQ_PLATFORM\public\data\edgeiq_profile_source_coverage_v1_column_audit.csv","2322"
"C:\Users\trent\OneDrive\Documents\EDGEIQ_PLATFORM\public\data\edgeiq_profile_source_coverage_v1_summary.csv","259"
"C:\Users\trent\OneDrive\Documents\EDGEIQ_PLATFORM\public\data\edgeiq_projected_rating_backfill_v1.csv","4103"
"C:\Users\trent\OneDrive\Documents\EDGEIQ_PLATFORM\public\data\edgeiq_projected_settling_engine_v1.csv","39251"
"C:\Users\trent\OneDrive\Documents\EDGEIQ_PLATFORM\public\data\edgeiq_projected_settling_engine_v1_diagnostics.csv","227"
"C:\Users\trent\OneDrive\Documents\EDGEIQ_PLATFORM\public\data\edgeiq_projected_settling_engine_v3.csv","360303"
"C:\Users\trent\OneDrive\Documents\EDGEIQ_PLATFORM\public\data\edgeiq_projected_settling_engine_v3_diagnostics.csv","220"
"C:\Users\trent\OneDrive\Documents\EDGEIQ_PLATFORM\public\data\edgeiq_projected_settling_engine_v4.csv","14754"
"C:\Users\trent\OneDrive\Documents\EDGEIQ_PLATFORM\public\data\edgeiq_projected_settling_engine_v4_diagnostics.csv","124"
"C:\Users\trent\OneDrive\Documents\EDGEIQ_PLATFORM\public\data\edgeiq_projection_calibration_audit_v1.csv","254374"
"C:\Users\trent\OneDrive\Documents\EDGEIQ_PLATFORM\public\data\edgeiq_projection_gap_distribution_v1.csv","2377"
"C:\Users\trent\OneDrive\Documents\EDGEIQ_PLATFORM\public\data\edgeiq_projection_gap_probability_scenario_audit_v1_by_race.csv","13859794"
"C:\Users\trent\OneDrive\Documents\EDGEIQ_PLATFORM\public\data\edgeiq_projection_gap_probability_scenario_audit_v1_calibration.csv","7138"
"C:\Users\trent\OneDrive\Documents\EDGEIQ_PLATFORM\public\data\edgeiq_projection_gap_probability_scenario_audit_v1_detail.csv","160647745"
"C:\Users\trent\OneDrive\Documents\EDGEIQ_PLATFORM\public\data\edgeiq_projection_gap_probability_scenario_audit_v1_recommendation.csv","653"
"C:\Users\trent\OneDrive\Documents\EDGEIQ_PLATFORM\public\data\edgeiq_projection_gap_probability_scenario_audit_v1_summary.csv","1670"
"C:\Users\trent\OneDrive\Documents\EDGEIQ_PLATFORM\public\data\edgeiq_projection_gap_rank_curve_v1_detail.csv","1266785"
"C:\Users\trent\OneDrive\Documents\EDGEIQ_PLATFORM\public\data\edgeiq_projection_gap_rank_curve_v1_gap_buckets.csv","1343"
"C:\Users\trent\OneDrive\Documents\EDGEIQ_PLATFORM\public\data\edgeiq_projection_gap_rank_curve_v1_rank1_gap_buckets.csv","612"
"C:\Users\trent\OneDrive\Documents\EDGEIQ_PLATFORM\public\data\edgeiq_projection_gap_rank_curve_v1_rank_buckets.csv","471"
"C:\Users\trent\OneDrive\Documents\EDGEIQ_PLATFORM\public\data\edgeiq_projection_gap_rank_curve_v1_summary.csv","548"
"C:\Users\trent\OneDrive\Documents\EDGEIQ_PLATFORM\public\data\edgeiq_projection_governance_v6.csv","560673"
"C:\Users\trent\OneDrive\Documents\EDGEIQ_PLATFORM\public\data\edgeiq_projection_governance_v6_audit.csv","382"
"C:\Users\trent\OneDrive\Documents\EDGEIQ_PLATFORM\public\data\edgeiq_projection_inputs_audit.csv","35023"
"C:\Users\trent\OneDrive\Documents\EDGEIQ_PLATFORM\public\data\edgeiq_projection_join_audit_v1.csv","34982"
"C:\Users\trent\OneDrive\Documents\EDGEIQ_PLATFORM\public\data\edgeiq_projection_join_audit_v1_summary.csv","492"
"C:\Users\trent\OneDrive\Documents\EDGEIQ_PLATFORM\public\data\edgeiq_projection_matching_fix_audit_v1.csv","10189"
"C:\Users\trent\OneDrive\Documents\EDGEIQ_PLATFORM\public\data\edgeiq_projection_matching_fix_audit_v1_summary.csv","321"
"C:\Users\trent\OneDrive\Documents\EDGEIQ_PLATFORM\public\data\edgeiq_projection_rating_v1.csv","64362"
"C:\Users\trent\OneDrive\Documents\EDGEIQ_PLATFORM\public\data\edgeiq_projection_recoverable_history_v1.csv","6179"
"C:\Users\trent\OneDrive\Documents\EDGEIQ_PLATFORM\public\data\edgeiq_projection_research_gap_audit.csv","12879"
"C:\Users\trent\OneDrive\Documents\EDGEIQ_PLATFORM\public\data\edgeiq_projection_research_gap_audit_summary.csv","98"
"C:\Users\trent\OneDrive\Documents\EDGEIQ_PLATFORM\public\data\edgeiq_projection_top50_audit.csv","6041"
"C:\Users\trent\OneDrive\Documents\EDGEIQ_PLATFORM\public\data\edgeiq_projection_top50_recent_finish_audit.csv","3653"
"C:\Users\trent\OneDrive\Documents\EDGEIQ_PLATFORM\public\data\edgeiq_projection_v4_audit.csv","28879"
"C:\Users\trent\OneDrive\Documents\EDGEIQ_PLATFORM\public\data\edgeiq_projection_v4_class_corrected_audit.csv","41529"
"C:\Users\trent\OneDrive\Documents\EDGEIQ_PLATFORM\public\data\edgeiq_projection_v4_class_corrected_audit_summary.csv","211"
"C:\Users\trent\OneDrive\Documents\EDGEIQ_PLATFORM\public\data\edgeiq_projection_v5_1.csv","20080828"
"C:\Users\trent\OneDrive\Documents\EDGEIQ_PLATFORM\public\data\edgeiq_projection_v5_1_audit.csv","19254"
"C:\Users\trent\OneDrive\Documents\EDGEIQ_PLATFORM\public\data\edgeiq_projection_v6_1_research_prior_rating_backtest.csv","10576394"
"C:\Users\trent\OneDrive\Documents\EDGEIQ_PLATFORM\public\data\edgeiq_projection_v6_1_research_prior_rating_backtest_by_band.csv","912"
"C:\Users\trent\OneDrive\Documents\EDGEIQ_PLATFORM\public\data\edgeiq_projection_v6_1_research_prior_rating_backtest_summary.csv","435"
"C:\Users\trent\OneDrive\Documents\EDGEIQ_PLATFORM\public\data\edgeiq_projection_v6_1_research_prior_rating_backtest_summary.json","1984"
"C:\Users\trent\OneDrive\Documents\EDGEIQ_PLATFORM\public\data\edgeiq_projection_v6_1_research_prior_rating_backtest_summary_CHECKPOINT_20260614.csv","435"
"C:\Users\trent\OneDrive\Documents\EDGEIQ_PLATFORM\public\data\edgeiq_projection_v6_1_research_prior_rating_backtest_vs_production.csv","569"
"C:\Users\trent\OneDrive\Documents\EDGEIQ_PLATFORM\public\data\edgeiq_projection_v6_research_backtest.csv","18339141"
"C:\Users\trent\OneDrive\Documents\EDGEIQ_PLATFORM\public\data\edgeiq_projection_v6_research_backtest_by_band.csv","858"
"C:\Users\trent\OneDrive\Documents\EDGEIQ_PLATFORM\public\data\edgeiq_projection_v6_research_backtest_gap_buckets.csv","822"
"C:\Users\trent\OneDrive\Documents\EDGEIQ_PLATFORM\public\data\edgeiq_projection_v6_research_backtest_summary.csv","451"
"C:\Users\trent\OneDrive\Documents\EDGEIQ_PLATFORM\public\data\edgeiq_projection_v6_research_backtest_summary.json","2257"
"C:\Users\trent\OneDrive\Documents\EDGEIQ_PLATFORM\public\data\edgeiq_projection_v6_research_backtest_vs_production.csv","584"
"C:\Users\trent\OneDrive\Documents\EDGEIQ_PLATFORM\public\data\edgeiq_projection_v6_research_prior_rating_backtest.csv","10528321"
"C:\Users\trent\OneDrive\Documents\EDGEIQ_PLATFORM\public\data\edgeiq_projection_v6_research_prior_rating_backtest_by_band.csv","903"
"C:\Users\trent\OneDrive\Documents\EDGEIQ_PLATFORM\public\data\edgeiq_projection_v6_research_prior_rating_backtest_summary.csv","435"
"C:\Users\trent\OneDrive\Documents\EDGEIQ_PLATFORM\public\data\edgeiq_projection_v6_research_prior_rating_backtest_summary.json","1976"
"C:\Users\trent\OneDrive\Documents\EDGEIQ_PLATFORM\public\data\edgeiq_projection_v6_research_prior_rating_backtest_vs_production.csv","568"
"C:\Users\trent\OneDrive\Documents\EDGEIQ_PLATFORM\public\data\edgeiq_promote_limited_data_price_to_runner_board_v1_summary.csv","149"
"C:\Users\trent\OneDrive\Documents\EDGEIQ_PLATFORM\public\data\edgeiq_qld_asset_followup_targets_v1.csv","120"
"C:\Users\trent\OneDrive\Documents\EDGEIQ_PLATFORM\public\data\edgeiq_qld_asset_schema_extraction_v1.csv","36142"
"C:\Users\trent\OneDrive\Documents\EDGEIQ_PLATFORM\public\data\edgeiq_qld_asset_schema_failures_v1.csv","81"
"C:\Users\trent\OneDrive\Documents\EDGEIQ_PLATFORM\public\data\edgeiq_qld_asset_schema_summary_v1.csv","449"
"C:\Users\trent\OneDrive\Documents\EDGEIQ_PLATFORM\public\data\edgeiq_qld_explicit_position_candidate_parser_failures_v1.csv","52"
"C:\Users\trent\OneDrive\Documents\EDGEIQ_PLATFORM\public\data\edgeiq_qld_explicit_position_candidate_parser_summary_v1.csv","232"
"C:\Users\trent\OneDrive\Documents\EDGEIQ_PLATFORM\public\data\edgeiq_qld_explicit_position_payload_candidates_v1.csv","128803"
"C:\Users\trent\OneDrive\Documents\EDGEIQ_PLATFORM\public\data\edgeiq_qld_explicit_position_schema_candidates_v1.csv","1852"
"C:\Users\trent\OneDrive\Documents\EDGEIQ_PLATFORM\public\data\edgeiq_qld_gps_path_payload_inspection_v1.csv","128803"
"C:\Users\trent\OneDrive\Documents\EDGEIQ_PLATFORM\public\data\edgeiq_qld_gps_path_payload_summary_v1.csv","527"
"C:\Users\trent\OneDrive\Documents\EDGEIQ_PLATFORM\public\data\edgeiq_qld_positional_extraction_failures_v1.csv","80"
"C:\Users\trent\OneDrive\Documents\EDGEIQ_PLATFORM\public\data\edgeiq_qld_positional_lineage_v1.csv","620"
"C:\Users\trent\OneDrive\Documents\EDGEIQ_PLATFORM\public\data\edgeiq_qld_positional_repair_targets_v1.csv","41618"
"C:\Users\trent\OneDrive\Documents\EDGEIQ_PLATFORM\public\data\edgeiq_qld_positional_source_discovery_v1.csv","41618"
"C:\Users\trent\OneDrive\Documents\EDGEIQ_PLATFORM\public\data\edgeiq_qld_positional_source_summary_v1.csv","451"
"C:\Users\trent\OneDrive\Documents\EDGEIQ_PLATFORM\public\data\edgeiq_qld_positional_telemetry_summary_v1.csv","715"
"C:\Users\trent\OneDrive\Documents\EDGEIQ_PLATFORM\public\data\edgeiq_qld_positional_telemetry_v1.csv","11377979"
"C:\Users\trent\OneDrive\Documents\EDGEIQ_PLATFORM\public\data\edgeiq_qld_position_schema_confidence_v1.csv","753"
"C:\Users\trent\OneDrive\Documents\EDGEIQ_PLATFORM\public\data\edgeiq_qld_position_schema_lineage_v1.csv","2721"
"C:\Users\trent\OneDrive\Documents\EDGEIQ_PLATFORM\public\data\edgeiq_qld_position_schema_patterns_v1.csv","47227"
"C:\Users\trent\OneDrive\Documents\EDGEIQ_PLATFORM\public\data\edgeiq_qld_position_schema_tokens_v1.csv","3304554"
"C:\Users\trent\OneDrive\Documents\EDGEIQ_PLATFORM\public\data\edgeiq_qld_race_state_transition_chains_v1.csv","15049"
"C:\Users\trent\OneDrive\Documents\EDGEIQ_PLATFORM\public\data\edgeiq_qld_race_state_transition_failures_v1.csv","22621"
"C:\Users\trent\OneDrive\Documents\EDGEIQ_PLATFORM\public\data\edgeiq_qld_race_state_transition_memory_v1.csv","696"
"C:\Users\trent\OneDrive\Documents\EDGEIQ_PLATFORM\public\data\edgeiq_qld_race_state_transition_profiles_v1.csv","3507"
"C:\Users\trent\OneDrive\Documents\EDGEIQ_PLATFORM\public\data\edgeiq_qld_race_state_transition_summary_v1.csv","220"
"C:\Users\trent\OneDrive\Documents\EDGEIQ_PLATFORM\public\data\edgeiq_qld_source_page_asset_inspection_v1.csv","25240"
"C:\Users\trent\OneDrive\Documents\EDGEIQ_PLATFORM\public\data\edgeiq_qld_source_page_asset_summary_v1.csv","258"
"C:\Users\trent\OneDrive\Documents\EDGEIQ_PLATFORM\public\data\edgeiq_qld_targeted_acquisition_plan_v1.csv","94205"
"C:\Users\trent\OneDrive\Documents\EDGEIQ_PLATFORM\public\data\edgeiq_qld_targeted_acquisition_summary_v1.csv","654"
"C:\Users\trent\OneDrive\Documents\EDGEIQ_PLATFORM\public\data\edgeiq_qld_telemetry_field_dictionary_v1.csv","6566"
"C:\Users\trent\OneDrive\Documents\EDGEIQ_PLATFORM\public\data\edgeiq_qld_telemetry_ingestion_failures_v1.csv","179310"
"C:\Users\trent\OneDrive\Documents\EDGEIQ_PLATFORM\public\data\edgeiq_qld_telemetry_ingestion_summary_v1.csv","511"
"C:\Users\trent\OneDrive\Documents\EDGEIQ_PLATFORM\public\data\edgeiq_qld_telemetry_ingestion_v1.csv","12503697"
"C:\Users\trent\OneDrive\Documents\EDGEIQ_PLATFORM\public\data\edgeiq_qld_telemetry_lineage_v1.csv","578"
"C:\Users\trent\OneDrive\Documents\EDGEIQ_PLATFORM\public\data\edgeiq_qld_telemetry_ontology_classes_v1.csv","513"
"C:\Users\trent\OneDrive\Documents\EDGEIQ_PLATFORM\public\data\edgeiq_qld_telemetry_ontology_fragments_v1.csv","269816"
"C:\Users\trent\OneDrive\Documents\EDGEIQ_PLATFORM\public\data\edgeiq_qld_telemetry_ontology_signatures_v1.csv","1714"
"C:\Users\trent\OneDrive\Documents\EDGEIQ_PLATFORM\public\data\edgeiq_qld_telemetry_ontology_summary_v1.csv","190"
"C:\Users\trent\OneDrive\Documents\EDGEIQ_PLATFORM\public\data\edgeiq_qld_telemetry_quality_assessment_v1.csv","190054"
"C:\Users\trent\OneDrive\Documents\EDGEIQ_PLATFORM\public\data\edgeiq_qld_telemetry_schema_forensics_v1.csv","1774"
"C:\Users\trent\OneDrive\Documents\EDGEIQ_PLATFORM\public\data\edgeiq_qld_telemetry_schema_summary_v1.csv","790"
"C:\Users\trent\OneDrive\Documents\EDGEIQ_PLATFORM\public\data\edgeiq_raceintelligence_evidence_update_v1.csv","831"
"C:\Users\trent\OneDrive\Documents\EDGEIQ_PLATFORM\public\data\edgeiq_raceintelligence_evidence_update_v1_summary.csv","831"
"C:\Users\trent\OneDrive\Documents\EDGEIQ_PLATFORM\public\data\edgeiq_race_briefing_engine_v2.csv","10444"
"C:\Users\trent\OneDrive\Documents\EDGEIQ_PLATFORM\public\data\edgeiq_race_briefing_engine_v2_summary.csv","149"
"C:\Users\trent\OneDrive\Documents\EDGEIQ_PLATFORM\public\data\edgeiq_race_briefing_v1.csv","6980"
"C:\Users\trent\OneDrive\Documents\EDGEIQ_PLATFORM\public\data\edgeiq_race_clock_engine.csv","1751"
"C:\Users\trent\OneDrive\Documents\EDGEIQ_PLATFORM\public\data\edgeiq_race_clock_engine.STALE.csv","1415"
"C:\Users\trent\OneDrive\Documents\EDGEIQ_PLATFORM\public\data\edgeiq_race_code_v1.csv","1206439"
"C:\Users\trent\OneDrive\Documents\EDGEIQ_PLATFORM\public\data\edgeiq_race_context_authority_fact_v1.csv","1660"
"C:\Users\trent\OneDrive\Documents\EDGEIQ_PLATFORM\public\data\edgeiq_race_context_authority_fact_v1_audit.json","1324"
"C:\Users\trent\OneDrive\Documents\EDGEIQ_PLATFORM\public\data\edgeiq_race_context_authority_fact_v1_summary.csv","844"
"C:\Users\trent\OneDrive\Documents\EDGEIQ_PLATFORM\public\data\edgeiq_race_context_grouping_audit_v5_1.csv","44633"
"C:\Users\trent\OneDrive\Documents\EDGEIQ_PLATFORM\public\data\edgeiq_race_context_grouping_runner_review_v5_1.csv","3591594"
"C:\Users\trent\OneDrive\Documents\EDGEIQ_PLATFORM\public\data\edgeiq_race_context_grouping_summary_v5_1.csv","11097558"
"C:\Users\trent\OneDrive\Documents\EDGEIQ_PLATFORM\public\data\edgeiq_race_data_lifecycle_fact_v1.csv","4221"
"C:\Users\trent\OneDrive\Documents\EDGEIQ_PLATFORM\public\data\edgeiq_race_data_lifecycle_fact_v1_summary.json","127"
"C:\Users\trent\OneDrive\Documents\EDGEIQ_PLATFORM\public\data\edgeiq_race_data_lifecycle_history_fact_v1.csv","31869"
"C:\Users\trent\OneDrive\Documents\EDGEIQ_PLATFORM\public\data\edgeiq_race_day_intelligence_card_v1.csv","3125"
"C:\Users\trent\OneDrive\Documents\EDGEIQ_PLATFORM\public\data\edgeiq_race_day_intelligence_card_v1_1.csv","5955"
"C:\Users\trent\OneDrive\Documents\EDGEIQ_PLATFORM\public\data\edgeiq_race_day_intelligence_card_v1_1_CHECKPOINT_20260624.csv","5955"
"C:\Users\trent\OneDrive\Documents\EDGEIQ_PLATFORM\public\data\edgeiq_race_day_intelligence_card_v1_1_summary.csv","159"
"C:\Users\trent\OneDrive\Documents\EDGEIQ_PLATFORM\public\data\edgeiq_race_day_intelligence_card_v1_summary.csv","157"
"C:\Users\trent\OneDrive\Documents\EDGEIQ_PLATFORM\public\data\edgeiq_race_entry_context_adjusted_performance_fact_v1.csv","655"
"C:\Users\trent\OneDrive\Documents\EDGEIQ_PLATFORM\public\data\edgeiq_race_entry_context_adjusted_performance_fact_v1_audit.json","4027"
"C:\Users\trent\OneDrive\Documents\EDGEIQ_PLATFORM\public\data\edgeiq_race_entry_context_adjustment_fact_v1.csv","884"
"C:\Users\trent\OneDrive\Documents\EDGEIQ_PLATFORM\public\data\edgeiq_race_entry_context_adjustment_fact_v1_audit.json","4465"
"C:\Users\trent\OneDrive\Documents\EDGEIQ_PLATFORM\public\data\edgeiq_race_entry_context_eligibility_fact_v1.csv","757"
"C:\Users\trent\OneDrive\Documents\EDGEIQ_PLATFORM\public\data\edgeiq_race_entry_context_eligibility_fact_v1_audit.json","4135"
"C:\Users\trent\OneDrive\Documents\EDGEIQ_PLATFORM\public\data\edgeiq_race_entry_context_parameter_selection_fact_v1.csv","821"
"C:\Users\trent\OneDrive\Documents\EDGEIQ_PLATFORM\public\data\edgeiq_race_entry_context_parameter_selection_fact_v1_audit.json","4625"
"C:\Users\trent\OneDrive\Documents\EDGEIQ_PLATFORM\public\data\edgeiq_race_entry_context_v2.csv","200788"
"C:\Users\trent\OneDrive\Documents\EDGEIQ_PLATFORM\public\data\edgeiq_race_entry_context_v2_CANDIDATE.csv","200788"
"C:\Users\trent\OneDrive\Documents\EDGEIQ_PLATFORM\public\data\edgeiq_race_entry_epi_component_fact_v1.csv","102737"
"C:\Users\trent\OneDrive\Documents\EDGEIQ_PLATFORM\public\data\edgeiq_race_entry_epi_component_fact_v1_audit.json","4124"
"C:\Users\trent\OneDrive\Documents\EDGEIQ_PLATFORM\public\data\edgeiq_race_entry_epi_fact_v1.csv","40311"
"C:\Users\trent\OneDrive\Documents\EDGEIQ_PLATFORM\public\data\edgeiq_race_entry_epi_fact_v1_audit.json","4239"
"C:\Users\trent\OneDrive\Documents\EDGEIQ_PLATFORM\public\data\edgeiq_race_entry_epi_ordering_fact_v1.csv","501"
"C:\Users\trent\OneDrive\Documents\EDGEIQ_PLATFORM\public\data\edgeiq_race_entry_epi_ordering_fact_v1_audit.json","3402"
"C:\Users\trent\OneDrive\Documents\EDGEIQ_PLATFORM\public\data\edgeiq_race_entry_epi_publication_snapshot_fact_v1.csv","566"
"C:\Users\trent\OneDrive\Documents\EDGEIQ_PLATFORM\public\data\edgeiq_race_entry_epi_publication_snapshot_fact_v1_audit.json","3526"
"C:\Users\trent\OneDrive\Documents\EDGEIQ_PLATFORM\public\data\edgeiq_race_entry_epi_relative_context_fact_v1.csv","637"
"C:\Users\trent\OneDrive\Documents\EDGEIQ_PLATFORM\public\data\edgeiq_race_entry_epi_relative_context_fact_v1_audit.json","3601"
"C:\Users\trent\OneDrive\Documents\EDGEIQ_PLATFORM\public\data\edgeiq_race_entry_epi_v2.csv","86947"
"C:\Users\trent\OneDrive\Documents\EDGEIQ_PLATFORM\public\data\edgeiq_race_entry_epi_v2_CANDIDATE.csv","86947"
"C:\Users\trent\OneDrive\Documents\EDGEIQ_PLATFORM\public\data\edgeiq_race_entry_eri_context_fact_v1.csv","622"
"C:\Users\trent\OneDrive\Documents\EDGEIQ_PLATFORM\public\data\edgeiq_race_entry_eri_context_fact_v1_audit.json","3692"
"C:\Users\trent\OneDrive\Documents\EDGEIQ_PLATFORM\public\data\edgeiq_race_entry_fact_v1.csv","81913"
"C:\Users\trent\OneDrive\Documents\EDGEIQ_PLATFORM\public\data\edgeiq_race_entry_fact_v1_audit.csv","574"
"C:\Users\trent\OneDrive\Documents\EDGEIQ_PLATFORM\public\data\edgeiq_race_entry_fact_v1_CANDIDATE.csv","81913"
"C:\Users\trent\OneDrive\Documents\EDGEIQ_PLATFORM\public\data\edgeiq_race_entry_fact_v1_candidate_summary.csv","197"
"C:\Users\trent\OneDrive\Documents\EDGEIQ_PLATFORM\public\data\edgeiq_race_entry_fact_v1_rejected_v1.csv","38318"
"C:\Users\trent\OneDrive\Documents\EDGEIQ_PLATFORM\public\data\edgeiq_race_entry_horse_performance_snapshot_fact_v1.csv","39667"
"C:\Users\trent\OneDrive\Documents\EDGEIQ_PLATFORM\public\data\edgeiq_race_entry_horse_performance_snapshot_fact_v1_audit.json","4410"
"C:\Users\trent\OneDrive\Documents\EDGEIQ_PLATFORM\public\data\edgeiq_race_entry_horse_rating_snapshot_v2.csv","110292"
"C:\Users\trent\OneDrive\Documents\EDGEIQ_PLATFORM\public\data\edgeiq_race_entry_horse_rating_snapshot_v2_CANDIDATE.csv","110292"
"C:\Users\trent\OneDrive\Documents\EDGEIQ_PLATFORM\public\data\edgeiq_race_entry_performance_context_fact_v1.csv","34554"
"C:\Users\trent\OneDrive\Documents\EDGEIQ_PLATFORM\public\data\edgeiq_race_entry_performance_context_fact_v1_audit.json","4496"
"C:\Users\trent\OneDrive\Documents\EDGEIQ_PLATFORM\public\data\edgeiq_race_entry_projected_performance_fact_v1.csv","34923"
"C:\Users\trent\OneDrive\Documents\EDGEIQ_PLATFORM\public\data\edgeiq_race_entry_projected_performance_fact_v1_audit.json","4962"
"C:\Users\trent\OneDrive\Documents\EDGEIQ_PLATFORM\public\data\edgeiq_race_entry_projected_performance_v2.csv","108874"
"C:\Users\trent\OneDrive\Documents\EDGEIQ_PLATFORM\public\data\edgeiq_race_entry_projected_performance_v2_CANDIDATE.csv","108874"
"C:\Users\trent\OneDrive\Documents\EDGEIQ_PLATFORM\public\data\edgeiq_race_entry_suitability_aggregate_fact_v1.csv","32702"
"C:\Users\trent\OneDrive\Documents\EDGEIQ_PLATFORM\public\data\edgeiq_race_entry_suitability_aggregate_fact_v1_audit.json","5633"
"C:\Users\trent\OneDrive\Documents\EDGEIQ_PLATFORM\public\data\edgeiq_race_entry_suitability_component_fact_v1.csv","28201"
"C:\Users\trent\OneDrive\Documents\EDGEIQ_PLATFORM\public\data\edgeiq_race_entry_suitability_component_fact_v1_audit.json","4749"
"C:\Users\trent\OneDrive\Documents\EDGEIQ_PLATFORM\public\data\edgeiq_race_entry_suitability_v2.csv","156137"
"C:\Users\trent\OneDrive\Documents\EDGEIQ_PLATFORM\public\data\edgeiq_race_entry_suitability_v2_CANDIDATE.csv","156137"
"C:\Users\trent\OneDrive\Documents\EDGEIQ_PLATFORM\public\data\edgeiq_race_epi_distribution_fact_v1.csv","450"
"C:\Users\trent\OneDrive\Documents\EDGEIQ_PLATFORM\public\data\edgeiq_race_epi_distribution_fact_v1_audit.json","3157"
"C:\Users\trent\OneDrive\Documents\EDGEIQ_PLATFORM\public\data\edgeiq_race_epi_ordering_summary_fact_v1.csv","629"
"C:\Users\trent\OneDrive\Documents\EDGEIQ_PLATFORM\public\data\edgeiq_race_epi_ordering_summary_fact_v1_audit.json","3546"
"C:\Users\trent\OneDrive\Documents\EDGEIQ_PLATFORM\public\data\edgeiq_race_epi_publication_snapshot_fact_v1.csv","847"
"C:\Users\trent\OneDrive\Documents\EDGEIQ_PLATFORM\public\data\edgeiq_race_epi_publication_snapshot_fact_v1_audit.json","4561"
"C:\Users\trent\OneDrive\Documents\EDGEIQ_PLATFORM\public\data\edgeiq_race_eri_fact_v1.csv","740"
"C:\Users\trent\OneDrive\Documents\EDGEIQ_PLATFORM\public\data\edgeiq_race_eri_fact_v1_audit.json","4408"
"C:\Users\trent\OneDrive\Documents\EDGEIQ_PLATFORM\public\data\edgeiq_race_eri_parameter_fact_v1.csv","792"
"C:\Users\trent\OneDrive\Documents\EDGEIQ_PLATFORM\public\data\edgeiq_race_eri_parameter_fact_v1_audit.json","2656"
"C:\Users\trent\OneDrive\Documents\EDGEIQ_PLATFORM\public\data\edgeiq_race_identity_conflicts_v1.csv","32586"
"C:\Users\trent\OneDrive\Documents\EDGEIQ_PLATFORM\public\data\edgeiq_race_identity_conflicts_v1_examples.csv","19262"
"C:\Users\trent\OneDrive\Documents\EDGEIQ_PLATFORM\public\data\edgeiq_race_identity_conflicts_v1_summary.csv","12606"
"C:\Users\trent\OneDrive\Documents\EDGEIQ_PLATFORM\public\data\edgeiq_race_intelligence_cards_v1.csv","4707"
"C:\Users\trent\OneDrive\Documents\EDGEIQ_PLATFORM\public\data\edgeiq_race_intelligence_cards_v1_summary.csv","124"
"C:\Users\trent\OneDrive\Documents\EDGEIQ_PLATFORM\public\data\edgeiq_race_intelligence_feed_v2.csv","148865"
"C:\Users\trent\OneDrive\Documents\EDGEIQ_PLATFORM\public\data\edgeiq_race_intelligence_feed_v2_CANDIDATE.csv","148865"
"C:\Users\trent\OneDrive\Documents\EDGEIQ_PLATFORM\public\data\edgeiq_race_intelligence_terminal_feed_v2.csv","174881"
"C:\Users\trent\OneDrive\Documents\EDGEIQ_PLATFORM\public\data\edgeiq_race_intelligence_terminal_feed_v2_quality_audit.csv","641"
"C:\Users\trent\OneDrive\Documents\EDGEIQ_PLATFORM\public\data\edgeiq_race_intelligence_terminal_feed_v2_quality_audit_summary.csv","153"
"C:\Users\trent\OneDrive\Documents\EDGEIQ_PLATFORM\public\data\edgeiq_race_intelligence_terminal_feed_v2_summary.csv","162"
"C:\Users\trent\OneDrive\Documents\EDGEIQ_PLATFORM\public\data\edgeiq_race_intelligence_terminal_feed_v3_graphql.csv","187397"
"C:\Users\trent\OneDrive\Documents\EDGEIQ_PLATFORM\public\data\edgeiq_race_intelligence_terminal_feed_v3_graphql_CHECKPOINT_20260623_164849.csv","187397"
"C:\Users\trent\OneDrive\Documents\EDGEIQ_PLATFORM\public\data\edgeiq_race_intelligence_terminal_feed_v3_graphql_quality_audit.csv","568"
"C:\Users\trent\OneDrive\Documents\EDGEIQ_PLATFORM\public\data\edgeiq_race_intelligence_terminal_feed_v3_graphql_quality_audit_summary.csv","160"
"C:\Users\trent\OneDrive\Documents\EDGEIQ_PLATFORM\public\data\edgeiq_race_intelligence_terminal_feed_v3_graphql_summary.csv","221"
"C:\Users\trent\OneDrive\Documents\EDGEIQ_PLATFORM\public\data\edgeiq_race_intelligence_terminal_feed_v4_graphql.csv","248775"
"C:\Users\trent\OneDrive\Documents\EDGEIQ_PLATFORM\public\data\edgeiq_race_intelligence_terminal_feed_v4_graphql_CHECKPOINT_20260623_165745.csv","248775"
"C:\Users\trent\OneDrive\Documents\EDGEIQ_PLATFORM\public\data\edgeiq_race_intelligence_terminal_feed_v4_graphql_quality_audit.csv","613"
"C:\Users\trent\OneDrive\Documents\EDGEIQ_PLATFORM\public\data\edgeiq_race_intelligence_terminal_feed_v4_graphql_quality_audit_summary.csv","161"
"C:\Users\trent\OneDrive\Documents\EDGEIQ_PLATFORM\public\data\edgeiq_race_intelligence_terminal_feed_v4_graphql_summary.csv","225"
"C:\Users\trent\OneDrive\Documents\EDGEIQ_PLATFORM\public\data\edgeiq_race_number_bridge_candidates_v1.csv","644934"
"C:\Users\trent\OneDrive\Documents\EDGEIQ_PLATFORM\public\data\edgeiq_race_number_bridge_candidates_v1_summary.csv","9575"
"C:\Users\trent\OneDrive\Documents\EDGEIQ_PLATFORM\public\data\edgeiq_race_performance_feed_v1.csv","19340003"
"C:\Users\trent\OneDrive\Documents\EDGEIQ_PLATFORM\public\data\edgeiq_race_probability_integrity_v1.csv","1712"
"C:\Users\trent\OneDrive\Documents\EDGEIQ_PLATFORM\public\data\edgeiq_race_probability_integrity_v1_summary.csv","293"
"C:\Users\trent\OneDrive\Documents\EDGEIQ_PLATFORM\public\data\edgeiq_race_rating_targets_v1.csv","4870"
"C:\Users\trent\OneDrive\Documents\EDGEIQ_PLATFORM\public\data\edgeiq_race_rating_targets_v3.csv","7784481"
"C:\Users\trent\OneDrive\Documents\EDGEIQ_PLATFORM\public\data\edgeiq_race_rating_targets_v3_audit.csv","3981"
"C:\Users\trent\OneDrive\Documents\EDGEIQ_PLATFORM\public\data\edgeiq_race_rating_targets_v5.csv","4536447"
"C:\Users\trent\OneDrive\Documents\EDGEIQ_PLATFORM\public\data\edgeiq_race_rating_targets_v5_1.csv","9605188"
"C:\Users\trent\OneDrive\Documents\EDGEIQ_PLATFORM\public\data\edgeiq_race_rating_targets_v5_1_audit.csv","3091"
"C:\Users\trent\OneDrive\Documents\EDGEIQ_PLATFORM\public\data\edgeiq_race_rating_targets_v5_audit.csv","199"
"C:\Users\trent\OneDrive\Documents\EDGEIQ_PLATFORM\public\data\edgeiq_race_reliability_independence_audit_v1.csv","1657178"
"C:\Users\trent\OneDrive\Documents\EDGEIQ_PLATFORM\public\data\edgeiq_race_reliability_independence_audit_v1_field_lone_leader.csv","1064"
"C:\Users\trent\OneDrive\Documents\EDGEIQ_PLATFORM\public\data\edgeiq_race_reliability_independence_audit_v1_field_pace.csv","2427"
"C:\Users\trent\OneDrive\Documents\EDGEIQ_PLATFORM\public\data\edgeiq_race_reliability_independence_audit_v1_field_race_strength.csv","3170"
"C:\Users\trent\OneDrive\Documents\EDGEIQ_PLATFORM\public\data\edgeiq_race_reliability_independence_audit_v1_field_trust.csv","1011"
"C:\Users\trent\OneDrive\Documents\EDGEIQ_PLATFORM\public\data\edgeiq_race_reliability_independence_audit_v1_summary.csv","636"
"C:\Users\trent\OneDrive\Documents\EDGEIQ_PLATFORM\public\data\edgeiq_race_reliability_independence_audit_v1_verdict.csv","556"
"C:\Users\trent\OneDrive\Documents\EDGEIQ_PLATFORM\public\data\edgeiq_race_reliability_independence_audit_v1_within_field.csv","4668"
"C:\Users\trent\OneDrive\Documents\EDGEIQ_PLATFORM\public\data\edgeiq_race_reliability_replay_v1.csv","30147850"
"C:\Users\trent\OneDrive\Documents\EDGEIQ_PLATFORM\public\data\edgeiq_race_reliability_replay_v1_by_band.csv","593"
"C:\Users\trent\OneDrive\Documents\EDGEIQ_PLATFORM\public\data\edgeiq_race_reliability_replay_v1_by_field_size.csv","497"
"C:\Users\trent\OneDrive\Documents\EDGEIQ_PLATFORM\public\data\edgeiq_race_reliability_replay_v1_by_trust.csv","332"
"C:\Users\trent\OneDrive\Documents\EDGEIQ_PLATFORM\public\data\edgeiq_race_reliability_replay_v1_summary.csv","789"
"C:\Users\trent\OneDrive\Documents\EDGEIQ_PLATFORM\public\data\edgeiq_race_reliability_replay_v1_verdict.csv","342"
"C:\Users\trent\OneDrive\Documents\EDGEIQ_PLATFORM\public\data\edgeiq_race_reliability_v1.csv","12894194"
"C:\Users\trent\OneDrive\Documents\EDGEIQ_PLATFORM\public\data\edgeiq_race_reliability_v1_summary.csv","537"
"C:\Users\trent\OneDrive\Documents\EDGEIQ_PLATFORM\public\data\edgeiq_race_sectional_rankings_v1.csv","52490"
"C:\Users\trent\OneDrive\Documents\EDGEIQ_PLATFORM\public\data\edgeiq_race_sectional_rankings_v1_audit.csv","260"
"C:\Users\trent\OneDrive\Documents\EDGEIQ_PLATFORM\public\data\edgeiq_race_sectional_rankings_v2.csv","26298"
"C:\Users\trent\OneDrive\Documents\EDGEIQ_PLATFORM\public\data\edgeiq_race_sectional_rankings_v2_audit.csv","524"
"C:\Users\trent\OneDrive\Documents\EDGEIQ_PLATFORM\public\data\edgeiq_race_sectional_read_v1.csv","3443"
"C:\Users\trent\OneDrive\Documents\EDGEIQ_PLATFORM\public\data\edgeiq_race_sectional_read_v1_audit.csv","151"
"C:\Users\trent\OneDrive\Documents\EDGEIQ_PLATFORM\public\data\edgeiq_race_shape_engine_v1.csv","17708"
"C:\Users\trent\OneDrive\Documents\EDGEIQ_PLATFORM\public\data\edgeiq_race_shape_engine_v1_audit.csv","322"
"C:\Users\trent\OneDrive\Documents\EDGEIQ_PLATFORM\public\data\edgeiq_race_shape_engine_v1_diagnostics.csv","88"
"C:\Users\trent\OneDrive\Documents\EDGEIQ_PLATFORM\public\data\edgeiq_race_shape_engine_v1_research.csv","6035"
"C:\Users\trent\OneDrive\Documents\EDGEIQ_PLATFORM\public\data\edgeiq_race_shape_engine_v2.csv","562178"
"C:\Users\trent\OneDrive\Documents\EDGEIQ_PLATFORM\public\data\edgeiq_race_shape_engine_v2_diagnostics.csv","122"
"C:\Users\trent\OneDrive\Documents\EDGEIQ_PLATFORM\public\data\edgeiq_race_shape_fallback_engine_v1.csv","7852"
"C:\Users\trent\OneDrive\Documents\EDGEIQ_PLATFORM\public\data\edgeiq_race_shape_fallback_engine_v1_audit.csv","2564"
"C:\Users\trent\OneDrive\Documents\EDGEIQ_PLATFORM\public\data\edgeiq_race_shape_fallback_engine_v1_summary.csv","512"
"C:\Users\trent\OneDrive\Documents\EDGEIQ_PLATFORM\public\data\edgeiq_race_shape_fit_coverage_v1.csv","7213"
"C:\Users\trent\OneDrive\Documents\EDGEIQ_PLATFORM\public\data\edgeiq_race_shape_fit_coverage_v1_summary.csv","986"
"C:\Users\trent\OneDrive\Documents\EDGEIQ_PLATFORM\public\data\edgeiq_race_shape_fit_v1.csv","557191"
"C:\Users\trent\OneDrive\Documents\EDGEIQ_PLATFORM\public\data\edgeiq_race_shape_fit_v1_audit.csv","377"
"C:\Users\trent\OneDrive\Documents\EDGEIQ_PLATFORM\public\data\edgeiq_race_shape_fit_v2.csv","89746"
"C:\Users\trent\OneDrive\Documents\EDGEIQ_PLATFORM\public\data\edgeiq_race_shape_fit_v2_audit.csv","737"
"C:\Users\trent\OneDrive\Documents\EDGEIQ_PLATFORM\public\data\edgeiq_race_shape_fit_v3.csv","79358"
"C:\Users\trent\OneDrive\Documents\EDGEIQ_PLATFORM\public\data\edgeiq_race_shape_fit_v3_audit.csv","910"
"C:\Users\trent\OneDrive\Documents\EDGEIQ_PLATFORM\public\data\edgeiq_race_shape_fit_v4.csv","79721"
"C:\Users\trent\OneDrive\Documents\EDGEIQ_PLATFORM\public\data\edgeiq_race_shape_fit_v4_audit.csv","1253"
"C:\Users\trent\OneDrive\Documents\EDGEIQ_PLATFORM\public\data\edgeiq_race_shape_history_v1.csv","631027"
"C:\Users\trent\OneDrive\Documents\EDGEIQ_PLATFORM\public\data\edgeiq_race_shape_history_v1_audit.csv","328"
"C:\Users\trent\OneDrive\Documents\EDGEIQ_PLATFORM\public\data\edgeiq_race_shape_influence_audit_v1.csv","9542"
"C:\Users\trent\OneDrive\Documents\EDGEIQ_PLATFORM\public\data\edgeiq_race_shape_influence_summary_v1.csv","1141"
"C:\Users\trent\OneDrive\Documents\EDGEIQ_PLATFORM\public\data\edgeiq_race_shape_intelligence_v1.csv","62713"
"C:\Users\trent\OneDrive\Documents\EDGEIQ_PLATFORM\public\data\edgeiq_race_shape_intelligence_v1_audit.csv","277"
"C:\Users\trent\OneDrive\Documents\EDGEIQ_PLATFORM\public\data\edgeiq_race_shape_recovery_governed_candidate_v1.csv","306"
"C:\Users\trent\OneDrive\Documents\EDGEIQ_PLATFORM\public\data\edgeiq_race_shape_recovery_governed_candidate_v1_summary.csv","306"
"C:\Users\trent\OneDrive\Documents\EDGEIQ_PLATFORM\public\data\edgeiq_race_shape_replay_results_v1.csv","1588"
"C:\Users\trent\OneDrive\Documents\EDGEIQ_PLATFORM\public\data\edgeiq_race_shape_response_summary_v1.csv","405"
"C:\Users\trent\OneDrive\Documents\EDGEIQ_PLATFORM\public\data\edgeiq_race_shape_response_v1.csv","2106"
"C:\Users\trent\OneDrive\Documents\EDGEIQ_PLATFORM\public\data\edgeiq_race_shape_story_v1.csv","9413"
"C:\Users\trent\OneDrive\Documents\EDGEIQ_PLATFORM\public\data\edgeiq_race_shape_story_v1_summary.csv","349"
"C:\Users\trent\OneDrive\Documents\EDGEIQ_PLATFORM\public\data\edgeiq_race_shape_v2_gap_audit.csv","8624"
"C:\Users\trent\OneDrive\Documents\EDGEIQ_PLATFORM\public\data\edgeiq_race_standard_ladder_v1.csv","1117104"
"C:\Users\trent\OneDrive\Documents\EDGEIQ_PLATFORM\public\data\edgeiq_race_standard_ladder_v1_audit.csv","248"
"C:\Users\trent\OneDrive\Documents\EDGEIQ_PLATFORM\public\data\edgeiq_race_state_engine.csv","1253"
"C:\Users\trent\OneDrive\Documents\EDGEIQ_PLATFORM\public\data\edgeiq_race_status_safety_audit_v1.csv","116719"
"C:\Users\trent\OneDrive\Documents\EDGEIQ_PLATFORM\public\data\edgeiq_race_status_safety_audit_v1_summary.csv","4055"
"C:\Users\trent\OneDrive\Documents\EDGEIQ_PLATFORM\public\data\edgeiq_race_strength_conditional_audit_v1.csv","1263118"
"C:\Users\trent\OneDrive\Documents\EDGEIQ_PLATFORM\public\data\edgeiq_race_strength_conditional_audit_v1_by_band.csv","777"
"C:\Users\trent\OneDrive\Documents\EDGEIQ_PLATFORM\public\data\edgeiq_race_strength_conditional_audit_v1_conditional.csv","3918"
"C:\Users\trent\OneDrive\Documents\EDGEIQ_PLATFORM\public\data\edgeiq_race_strength_conditional_audit_v1_summary.csv","468"
"C:\Users\trent\OneDrive\Documents\EDGEIQ_PLATFORM\public\data\edgeiq_race_strength_conditional_audit_v1_verdict.csv","461"
"C:\Users\trent\OneDrive\Documents\EDGEIQ_PLATFORM\public\data\edgeiq_race_strength_history_v1.csv","533001"
"C:\Users\trent\OneDrive\Documents\EDGEIQ_PLATFORM\public\data\edgeiq_race_strength_independence_audit_v1.csv","29727232"
"C:\Users\trent\OneDrive\Documents\EDGEIQ_PLATFORM\public\data\edgeiq_race_strength_independence_audit_v1_by_strength_band.csv","974"
"C:\Users\trent\OneDrive\Documents\EDGEIQ_PLATFORM\public\data\edgeiq_race_strength_independence_audit_v1_coverage.csv","326"
"C:\Users\trent\OneDrive\Documents\EDGEIQ_PLATFORM\public\data\edgeiq_race_strength_independence_audit_v1_marginal_lift.csv","689"
"C:\Users\trent\OneDrive\Documents\EDGEIQ_PLATFORM\public\data\edgeiq_race_strength_independence_audit_v1_summary.csv","851"
"C:\Users\trent\OneDrive\Documents\EDGEIQ_PLATFORM\public\data\edgeiq_race_strength_v1.csv","819003"
"C:\Users\trent\OneDrive\Documents\EDGEIQ_PLATFORM\public\data\edgeiq_race_strength_v1_audit.csv","172"
"C:\Users\trent\OneDrive\Documents\EDGEIQ_PLATFORM\public\data\edgeiq_race_strength_v3_audit.csv","253"
"C:\Users\trent\OneDrive\Documents\EDGEIQ_PLATFORM\public\data\edgeiq_race_synthesis_engine_v1.csv","5999"
"C:\Users\trent\OneDrive\Documents\EDGEIQ_PLATFORM\public\data\edgeiq_race_synthesis_engine_v1_summary.csv","102"
"C:\Users\trent\OneDrive\Documents\EDGEIQ_PLATFORM\public\data\edgeiq_race_tab_product_rebuild_v1_summary.csv","1380"
"C:\Users\trent\OneDrive\Documents\EDGEIQ_PLATFORM\public\data\edgeiq_race_targets_v4.csv","1284382"
"C:\Users\trent\OneDrive\Documents\EDGEIQ_PLATFORM\public\data\edgeiq_race_targets_v4_audit.csv","312"
"C:\Users\trent\OneDrive\Documents\EDGEIQ_PLATFORM\public\data\edgeiq_race_times_normalised.csv","1984365"
"C:\Users\trent\OneDrive\Documents\EDGEIQ_PLATFORM\public\data\edgeiq_race_time_delta_versus_standard_fact_v1.csv","29998787"
"C:\Users\trent\OneDrive\Documents\EDGEIQ_PLATFORM\public\data\edgeiq_race_time_delta_versus_standard_fact_v1_audit.json","3101"
"C:\Users\trent\OneDrive\Documents\EDGEIQ_PLATFORM\public\data\edgeiq_race_time_delta_versus_standard_recovered_v1.csv","29992819"
"C:\Users\trent\OneDrive\Documents\EDGEIQ_PLATFORM\public\data\edgeiq_race_understanding_engine_v1.csv","9907"
"C:\Users\trent\OneDrive\Documents\EDGEIQ_PLATFORM\public\data\edgeiq_race_understanding_engine_v1_summary.csv","149"
"C:\Users\trent\OneDrive\Documents\EDGEIQ_PLATFORM\public\data\edgeiq_race_understanding_engine_v2.csv","11422"
"C:\Users\trent\OneDrive\Documents\EDGEIQ_PLATFORM\public\data\edgeiq_race_understanding_engine_v2_summary.csv","138"
"C:\Users\trent\OneDrive\Documents\EDGEIQ_PLATFORM\public\data\edgeiq_race_understanding_engine_v3_1_graphql.csv","175313"
"C:\Users\trent\OneDrive\Documents\EDGEIQ_PLATFORM\public\data\edgeiq_race_understanding_engine_v3_1_graphql_summary.csv","211"
"C:\Users\trent\OneDrive\Documents\EDGEIQ_PLATFORM\public\data\edgeiq_race_understanding_engine_v3_2_graphql.csv","214202"
"C:\Users\trent\OneDrive\Documents\EDGEIQ_PLATFORM\public\data\edgeiq_race_understanding_engine_v3_2_graphql_summary.csv","260"
"C:\Users\trent\OneDrive\Documents\EDGEIQ_PLATFORM\public\data\edgeiq_race_understanding_engine_v3_graphql.csv","77304"
"C:\Users\trent\OneDrive\Documents\EDGEIQ_PLATFORM\public\data\edgeiq_race_understanding_engine_v3_graphql_audit.csv","459"
"C:\Users\trent\OneDrive\Documents\EDGEIQ_PLATFORM\public\data\edgeiq_race_understanding_engine_v3_graphql_summary.csv","220"
"C:\Users\trent\OneDrive\Documents\EDGEIQ_PLATFORM\public\data\edgeiq_race_verdict_v1.csv","7476"
"C:\Users\trent\OneDrive\Documents\EDGEIQ_PLATFORM\public\data\edgeiq_race_weather_v1.json","3985"
"C:\Users\trent\OneDrive\Documents\EDGEIQ_PLATFORM\public\data\edgeiq_race_workspace_baseline_v1_audit.json","10411"
"C:\Users\trent\OneDrive\Documents\EDGEIQ_PLATFORM\public\data\edgeiq_racingcom_calendar_diagnostics_v1.csv","660"
"C:\Users\trent\OneDrive\Documents\EDGEIQ_PLATFORM\public\data\edgeiq_racingcom_calendar_discovery_v1.csv","182751"
"C:\Users\trent\OneDrive\Documents\EDGEIQ_PLATFORM\public\data\edgeiq_racingcom_canonical_race_speed_fact_v2.csv","24684"
"C:\Users\trent\OneDrive\Documents\EDGEIQ_PLATFORM\public\data\edgeiq_racingcom_canonical_race_speed_fact_v2_1.csv","189458"
"C:\Users\trent\OneDrive\Documents\EDGEIQ_PLATFORM\public\data\edgeiq_racingcom_canonical_runner_sectional_fact_v2.csv","87226"
"C:\Users\trent\OneDrive\Documents\EDGEIQ_PLATFORM\public\data\edgeiq_racingcom_canonical_runner_sectional_fact_v2_1.csv","1063199"
"C:\Users\trent\OneDrive\Documents\EDGEIQ_PLATFORM\public\data\edgeiq_racingcom_canonical_runner_speed_fact_v2.csv","22944"
"C:\Users\trent\OneDrive\Documents\EDGEIQ_PLATFORM\public\data\edgeiq_racingcom_canonical_runner_speed_fact_v2_1.csv","277418"
"C:\Users\trent\OneDrive\Documents\EDGEIQ_PLATFORM\public\data\edgeiq_racingcom_canonical_runner_split_fact_v2.csv","90983"
"C:\Users\trent\OneDrive\Documents\EDGEIQ_PLATFORM\public\data\edgeiq_racingcom_canonical_runner_split_fact_v2_1.csv","1120446"
"C:\Users\trent\OneDrive\Documents\EDGEIQ_PLATFORM\public\data\edgeiq_racingcom_canonical_speed_data_v2.csv","573618"
"C:\Users\trent\OneDrive\Documents\EDGEIQ_PLATFORM\public\data\edgeiq_racingcom_canonical_speed_warehouse_v2_1_audit.json","1833"
"C:\Users\trent\OneDrive\Documents\EDGEIQ_PLATFORM\public\data\edgeiq_racingcom_canonical_speed_warehouse_v2_1_base_audit.json","1573"
"C:\Users\trent\OneDrive\Documents\EDGEIQ_PLATFORM\public\data\edgeiq_racingcom_canonical_speed_warehouse_v2_audit.json","1553"
"C:\Users\trent\OneDrive\Documents\EDGEIQ_PLATFORM\public\data\edgeiq_racingcom_completed_payload_probe_v1.csv","36403"
"C:\Users\trent\OneDrive\Documents\EDGEIQ_PLATFORM\public\data\edgeiq_racingcom_csv_ingestion_diagnostics_v1.csv","1000"
"C:\Users\trent\OneDrive\Documents\EDGEIQ_PLATFORM\public\data\edgeiq_racingcom_csv_ingestion_v1.csv","19226"
"C:\Users\trent\OneDrive\Documents\EDGEIQ_PLATFORM\public\data\edgeiq_racingcom_fresh_speed_payload_poc_v1.csv","5249798"
"C:\Users\trent\OneDrive\Documents\EDGEIQ_PLATFORM\public\data\edgeiq_racingcom_graphql_diagnostics_v1.csv","70106"
"C:\Users\trent\OneDrive\Documents\EDGEIQ_PLATFORM\public\data\edgeiq_racingcom_graphql_parser_v1.csv","5237055"
"C:\Users\trent\OneDrive\Documents\EDGEIQ_PLATFORM\public\data\edgeiq_racingcom_graphql_speed_normalised_v1.csv","573706"
"C:\Users\trent\OneDrive\Documents\EDGEIQ_PLATFORM\public\data\edgeiq_racingcom_historical_calendar_backfill_v1.csv","6687515"
"C:\Users\trent\OneDrive\Documents\EDGEIQ_PLATFORM\public\data\edgeiq_racingcom_historical_calendar_backfill_v1_audit.csv","342"
"C:\Users\trent\OneDrive\Documents\EDGEIQ_PLATFORM\public\data\edgeiq_racingcom_history_horizon_v1.csv","16793"
"C:\Users\trent\OneDrive\Documents\EDGEIQ_PLATFORM\public\data\edgeiq_racingcom_history_horizon_v1_summary.csv","2475"
"C:\Users\trent\OneDrive\Documents\EDGEIQ_PLATFORM\public\data\edgeiq_racingcom_meeting_discovery_v2.csv","165965"
"C:\Users\trent\OneDrive\Documents\EDGEIQ_PLATFORM\public\data\edgeiq_racingcom_meeting_discovery_v2_audit.csv","768"
"C:\Users\trent\OneDrive\Documents\EDGEIQ_PLATFORM\public\data\edgeiq_racingcom_meeting_discovery_v2_summary.json","2344"
"C:\Users\trent\OneDrive\Documents\EDGEIQ_PLATFORM\public\data\edgeiq_racingcom_network_endpoint_probe_v1.csv","442058"
"C:\Users\trent\OneDrive\Documents\EDGEIQ_PLATFORM\public\data\edgeiq_racingcom_performance_warehouse_v2.csv","105412"
"C:\Users\trent\OneDrive\Documents\EDGEIQ_PLATFORM\public\data\edgeiq_racingcom_performance_warehouse_v2_GRAPHQL_CANDIDATE.csv","629401"
"C:\Users\trent\OneDrive\Documents\EDGEIQ_PLATFORM\public\data\edgeiq_racingcom_performance_warehouse_v2_RUNNER_CANDIDATE.csv","105412"
"C:\Users\trent\OneDrive\Documents\EDGEIQ_PLATFORM\public\data\edgeiq_racingcom_performance_warehouse_v2_RUNNER_EXTENDED.csv","136189"
"C:\Users\trent\OneDrive\Documents\EDGEIQ_PLATFORM\public\data\edgeiq_racingcom_race_discovery_v2.csv","172395"
"C:\Users\trent\OneDrive\Documents\EDGEIQ_PLATFORM\public\data\edgeiq_racingcom_race_discovery_v2_audit.csv","1970"
"C:\Users\trent\OneDrive\Documents\EDGEIQ_PLATFORM\public\data\edgeiq_racingcom_race_discovery_v2_summary.json","976"
"C:\Users\trent\OneDrive\Documents\EDGEIQ_PLATFORM\public\data\edgeiq_racingcom_race_speed_summary_v1.csv","188199"
"C:\Users\trent\OneDrive\Documents\EDGEIQ_PLATFORM\public\data\edgeiq_racingcom_results_warehouse_all_v1.csv","94809320"
"C:\Users\trent\OneDrive\Documents\EDGEIQ_PLATFORM\public\data\edgeiq_racingcom_results_warehouse_all_v1_summary.csv","264"
"C:\Users\trent\OneDrive\Documents\EDGEIQ_PLATFORM\public\data\edgeiq_racingcom_results_warehouse_full_v1.csv","75580716"
"C:\Users\trent\OneDrive\Documents\EDGEIQ_PLATFORM\public\data\edgeiq_racingcom_results_warehouse_full_v1_audit.csv","3247"
"C:\Users\trent\OneDrive\Documents\EDGEIQ_PLATFORM\public\data\edgeiq_racingcom_results_warehouse_v1.csv","94809320"
"C:\Users\trent\OneDrive\Documents\EDGEIQ_PLATFORM\public\data\edgeiq_racingcom_results_warehouse_v1_audit.csv","334"
"C:\Users\trent\OneDrive\Documents\EDGEIQ_PLATFORM\public\data\edgeiq_racingcom_results_warehouse_v1_before_full_consolidation_backup.csv","99961"
"C:\Users\trent\OneDrive\Documents\EDGEIQ_PLATFORM\public\data\edgeiq_racingcom_results_warehouse_v1_BROKEN_458_BACKUP_20260613_142018.csv","184102"
"C:\Users\trent\OneDrive\Documents\EDGEIQ_PLATFORM\public\data\edgeiq_racingcom_results_warehouse_v2.csv","265"
"C:\Users\trent\OneDrive\Documents\EDGEIQ_PLATFORM\public\data\edgeiq_racingcom_results_warehouse_v2_audit.csv","334"
"C:\Users\trent\OneDrive\Documents\EDGEIQ_PLATFORM\public\data\edgeiq_racingcom_runner_sectional_fact_v1.csv","832216"
"C:\Users\trent\OneDrive\Documents\EDGEIQ_PLATFORM\public\data\edgeiq_racingcom_runner_speed_fact_v1.csv","272232"
"C:\Users\trent\OneDrive\Documents\EDGEIQ_PLATFORM\public\data\edgeiq_racingcom_runner_speed_reproducibility_v1_audit.json","2969"
"C:\Users\trent\OneDrive\Documents\EDGEIQ_PLATFORM\public\data\edgeiq_racingcom_runner_speed_warehouse_v1_audit.json","1288"
"C:\Users\trent\OneDrive\Documents\EDGEIQ_PLATFORM\public\data\edgeiq_racingcom_runner_split_fact_v1.csv","793716"
"C:\Users\trent\OneDrive\Documents\EDGEIQ_PLATFORM\public\data\edgeiq_racingcom_sectional_catalogue.csv","2110"
"C:\Users\trent\OneDrive\Documents\EDGEIQ_PLATFORM\public\data\edgeiq_racingcom_speed_network_probe_v1.csv","2263186"
"C:\Users\trent\OneDrive\Documents\EDGEIQ_PLATFORM\public\data\edgeiq_racingcom_speed_semantics_v1_1_audit.json","3966"
"C:\Users\trent\OneDrive\Documents\EDGEIQ_PLATFORM\public\data\edgeiq_racingcom_speed_semantics_v1_1_detail.csv","912457"
"C:\Users\trent\OneDrive\Documents\EDGEIQ_PLATFORM\public\data\edgeiq_racingcom_speed_semantics_v1_audit.json","3650"
"C:\Users\trent\OneDrive\Documents\EDGEIQ_PLATFORM\public\data\edgeiq_racingcom_speed_semantics_v1_detail.csv","887883"
"C:\Users\trent\OneDrive\Documents\EDGEIQ_PLATFORM\public\data\edgeiq_racingcom_three_day_raw_meetings_v1.json","369457"
"C:\Users\trent\OneDrive\Documents\EDGEIQ_PLATFORM\public\data\edgeiq_racing_feed_refresh_script_map_v1.csv","48556"
"C:\Users\trent\OneDrive\Documents\EDGEIQ_PLATFORM\public\data\edgeiq_racing_owned_live_market_refresh_log_v1.csv","9186"
"C:\Users\trent\OneDrive\Documents\EDGEIQ_PLATFORM\public\data\edgeiq_racing_owned_live_market_refresh_summary_v1.csv","396"
"C:\Users\trent\OneDrive\Documents\EDGEIQ_PLATFORM\public\data\edgeiq_racing_owned_live_market_status_v1.csv","753"
"C:\Users\trent\OneDrive\Documents\EDGEIQ_PLATFORM\public\data\edgeiq_racing_public_data_freshness_summary_v1.csv","293"
"C:\Users\trent\OneDrive\Documents\EDGEIQ_PLATFORM\public\data\edgeiq_racing_public_data_freshness_v1.csv","3613"
"C:\Users\trent\OneDrive\Documents\EDGEIQ_PLATFORM\public\data\edgeiq_racing_public_data_missing_feeds_v1.csv","133"
"C:\Users\trent\OneDrive\Documents\EDGEIQ_PLATFORM\public\data\edgeiq_racing_public_data_refresh_log_v1.csv","14007"
"C:\Users\trent\OneDrive\Documents\EDGEIQ_PLATFORM\public\data\edgeiq_racing_public_data_refresh_summary_v1.csv","329"
"C:\Users\trent\OneDrive\Documents\EDGEIQ_PLATFORM\public\data\edgeiq_racing_public_data_stale_feeds_v1.csv","1601"
"C:\Users\trent\OneDrive\Documents\EDGEIQ_PLATFORM\public\data\edgeiq_racing_staging_clean_v1_copy.csv","77677"
"C:\Users\trent\OneDrive\Documents\EDGEIQ_PLATFORM\public\data\edgeiq_racing_staging_clean_v1_extra_files.csv","2"
"C:\Users\trent\OneDrive\Documents\EDGEIQ_PLATFORM\public\data\edgeiq_racing_staging_clean_v1_hash_validation.csv","54950"
"C:\Users\trent\OneDrive\Documents\EDGEIQ_PLATFORM\public\data\edgeiq_racing_staging_clean_v1_summary.csv","572"
"C:\Users\trent\OneDrive\Documents\EDGEIQ_PLATFORM\public\data\edgeiq_racing_staging_clean_v1_validation.csv","12011"
"C:\Users\trent\OneDrive\Documents\EDGEIQ_PLATFORM\public\data\edgeiq_racing_staging_clean_v1_validation_summary.csv","820"
"C:\Users\trent\OneDrive\Documents\EDGEIQ_PLATFORM\public\data\edgeiq_racing_staging_copy_v1.csv","74517"
"C:\Users\trent\OneDrive\Documents\EDGEIQ_PLATFORM\public\data\edgeiq_racing_staging_copy_v1_extra_files.csv","20591"
"C:\Users\trent\OneDrive\Documents\EDGEIQ_PLATFORM\public\data\edgeiq_racing_staging_copy_v1_hash_validation.csv","53645"
"C:\Users\trent\OneDrive\Documents\EDGEIQ_PLATFORM\public\data\edgeiq_racing_staging_copy_v1_summary.csv","594"
"C:\Users\trent\OneDrive\Documents\EDGEIQ_PLATFORM\public\data\edgeiq_rail_data_discovery_audit_summary_v1.csv","1075"
"C:\Users\trent\OneDrive\Documents\EDGEIQ_PLATFORM\public\data\edgeiq_rail_data_discovery_audit_v1.csv","667266"
"C:\Users\trent\OneDrive\Documents\EDGEIQ_PLATFORM\public\data\edgeiq_rail_data_discovery_audit_v1.json","15277"
"C:\Users\trent\OneDrive\Documents\EDGEIQ_PLATFORM\public\data\edgeiq_rail_dna_v1.csv","17331599"
"C:\Users\trent\OneDrive\Documents\EDGEIQ_PLATFORM\public\data\edgeiq_rail_dna_v1_summary.csv","544"
"C:\Users\trent\OneDrive\Documents\EDGEIQ_PLATFORM\public\data\edgeiq_rank1_failure_audit_v1.csv","6143716"
"C:\Users\trent\OneDrive\Documents\EDGEIQ_PLATFORM\public\data\edgeiq_rank1_failure_audit_v1_best_vs_worst.csv","2367"
"C:\Users\trent\OneDrive\Documents\EDGEIQ_PLATFORM\public\data\edgeiq_rank1_failure_audit_v1_failure_reasons.csv","547"
"C:\Users\trent\OneDrive\Documents\EDGEIQ_PLATFORM\public\data\edgeiq_rank1_failure_audit_v1_summary.csv","2473"
"C:\Users\trent\OneDrive\Documents\EDGEIQ_PLATFORM\public\data\edgeiq_rank1_sp_history_v1.csv","2671674"
"C:\Users\trent\OneDrive\Documents\EDGEIQ_PLATFORM\public\data\edgeiq_rank1_sp_history_v1_summary.csv","417"
"C:\Users\trent\OneDrive\Documents\EDGEIQ_PLATFORM\public\data\edgeiq_rank1_sp_history_v1_unmatched.csv","1374125"
"C:\Users\trent\OneDrive\Documents\EDGEIQ_PLATFORM\public\data\edgeiq_rank_gap_engine_v1.csv","3101806"
"C:\Users\trent\OneDrive\Documents\EDGEIQ_PLATFORM\public\data\edgeiq_rank_gap_engine_v1_by_gap_band.csv","1470"
"C:\Users\trent\OneDrive\Documents\EDGEIQ_PLATFORM\public\data\edgeiq_rank_gap_engine_v1_by_trust_and_gap.csv","6649"
"C:\Users\trent\OneDrive\Documents\EDGEIQ_PLATFORM\public\data\edgeiq_rank_gap_engine_v1_summary.csv","1214"
"C:\Users\trent\OneDrive\Documents\EDGEIQ_PLATFORM\public\data\edgeiq_rank_validation_v1_by_confidence.csv","369"
"C:\Users\trent\OneDrive\Documents\EDGEIQ_PLATFORM\public\data\edgeiq_rank_validation_v1_by_governance.csv","564"
"C:\Users\trent\OneDrive\Documents\EDGEIQ_PLATFORM\public\data\edgeiq_rank_validation_v1_by_rank.csv","562"
"C:\Users\trent\OneDrive\Documents\EDGEIQ_PLATFORM\public\data\edgeiq_rank_validation_v1_by_top_bucket.csv","499"
"C:\Users\trent\OneDrive\Documents\EDGEIQ_PLATFORM\public\data\edgeiq_rank_validation_v1_runner_rows.csv","1844552"
"C:\Users\trent\OneDrive\Documents\EDGEIQ_PLATFORM\public\data\edgeiq_rank_validation_v1_summary.csv","303"
"C:\Users\trent\OneDrive\Documents\EDGEIQ_PLATFORM\public\data\edgeiq_rated_price_audit_v5_1.csv","11215395"
"C:\Users\trent\OneDrive\Documents\EDGEIQ_PLATFORM\public\data\edgeiq_rated_price_audit_v5_1_summary.csv","8603"
"C:\Users\trent\OneDrive\Documents\EDGEIQ_PLATFORM\public\data\edgeiq_rated_price_engine_v3_sandbox.csv","14540"
"C:\Users\trent\OneDrive\Documents\EDGEIQ_PLATFORM\public\data\edgeiq_rated_price_engine_v3_sandbox_audit.csv","237"
"C:\Users\trent\OneDrive\Documents\EDGEIQ_PLATFORM\public\data\edgeiq_rated_price_rating_stack_audit_v3.csv","6245"
"C:\Users\trent\OneDrive\Documents\EDGEIQ_PLATFORM\public\data\edgeiq_rated_price_rating_stack_runner_review_v3.csv","21386"
"C:\Users\trent\OneDrive\Documents\EDGEIQ_PLATFORM\public\data\edgeiq_rated_price_rating_stack_summary_v3.csv","1794"
"C:\Users\trent\OneDrive\Documents\EDGEIQ_PLATFORM\public\data\edgeiq_ratings_intelligence_heatmap_v1.csv","149613"
"C:\Users\trent\OneDrive\Documents\EDGEIQ_PLATFORM\public\data\edgeiq_ratings_intelligence_heatmap_v1_summary.csv","268"
"C:\Users\trent\OneDrive\Documents\EDGEIQ_PLATFORM\public\data\edgeiq_rating_90plus_audit.csv","568048"
"C:\Users\trent\OneDrive\Documents\EDGEIQ_PLATFORM\public\data\edgeiq_rating_engine_data_quality_v1.csv","154451"
"C:\Users\trent\OneDrive\Documents\EDGEIQ_PLATFORM\public\data\edgeiq_rating_engine_data_quality_v1_summary.csv","419"
"C:\Users\trent\OneDrive\Documents\EDGEIQ_PLATFORM\public\data\edgeiq_rating_engine_double_count_v1.csv","2018"
"C:\Users\trent\OneDrive\Documents\EDGEIQ_PLATFORM\public\data\edgeiq_rating_engine_double_count_v1_summary.csv","152"
"C:\Users\trent\OneDrive\Documents\EDGEIQ_PLATFORM\public\data\edgeiq_rating_engine_factor_importance_v1.csv","2908"
"C:\Users\trent\OneDrive\Documents\EDGEIQ_PLATFORM\public\data\edgeiq_rating_engine_factor_importance_v1_summary.csv","587"
"C:\Users\trent\OneDrive\Documents\EDGEIQ_PLATFORM\public\data\edgeiq_rating_engine_input_inventory_v1.csv","1953535"
"C:\Users\trent\OneDrive\Documents\EDGEIQ_PLATFORM\public\data\edgeiq_rating_engine_input_inventory_v1_summary.csv","6431"
"C:\Users\trent\OneDrive\Documents\EDGEIQ_PLATFORM\public\data\edgeiq_rating_engine_leakage_audit_v1.csv","569595"
"C:\Users\trent\OneDrive\Documents\EDGEIQ_PLATFORM\public\data\edgeiq_rating_engine_leakage_audit_v1_summary.csv","186"
"C:\Users\trent\OneDrive\Documents\EDGEIQ_PLATFORM\public\data\edgeiq_rating_engine_missing_signal_v1.csv","1511"
"C:\Users\trent\OneDrive\Documents\EDGEIQ_PLATFORM\public\data\edgeiq_rating_engine_missing_signal_v1_summary.csv","187"
"C:\Users\trent\OneDrive\Documents\EDGEIQ_PLATFORM\public\data\edgeiq_raw_sectional_extracted_split_ladders_v1.csv","6315969"
"C:\Users\trent\OneDrive\Documents\EDGEIQ_PLATFORM\public\data\edgeiq_raw_sectional_payload_discovery_summary_v1.csv","737"
"C:\Users\trent\OneDrive\Documents\EDGEIQ_PLATFORM\public\data\edgeiq_raw_sectional_payload_discovery_v1.csv","121004"
"C:\Users\trent\OneDrive\Documents\EDGEIQ_PLATFORM\public\data\edgeiq_raw_sectional_payload_schema_parser_v1.csv","2327690"
"C:\Users\trent\OneDrive\Documents\EDGEIQ_PLATFORM\public\data\edgeiq_raw_sectional_payload_schema_summary_v1.csv","769"
"C:\Users\trent\OneDrive\Documents\EDGEIQ_PLATFORM\public\data\edgeiq_raw_sectional_payload_source_map_v1.csv","144408"
"C:\Users\trent\OneDrive\Documents\EDGEIQ_PLATFORM\public\data\edgeiq_ra_historical_results_harvest_failures_v1.csv","5812"
"C:\Users\trent\OneDrive\Documents\EDGEIQ_PLATFORM\public\data\edgeiq_ra_historical_results_harvest_summary_v1.csv","481"
"C:\Users\trent\OneDrive\Documents\EDGEIQ_PLATFORM\public\data\edgeiq_ra_historical_results_harvest_v1.csv","37067"
"C:\Users\trent\OneDrive\Documents\EDGEIQ_PLATFORM\public\data\edgeiq_ra_scrape_barrier_diagnostics_v1.csv","607"
"C:\Users\trent\OneDrive\Documents\EDGEIQ_PLATFORM\public\data\edgeiq_ra_to_rcom_horse_identity_bridge_v1.csv","99004"
"C:\Users\trent\OneDrive\Documents\EDGEIQ_PLATFORM\public\data\edgeiq_real_sectional_data_readiness_audit_v1.csv","1807"
"C:\Users\trent\OneDrive\Documents\EDGEIQ_PLATFORM\public\data\edgeiq_real_sectional_data_readiness_summary_v1.csv","315"
"C:\Users\trent\OneDrive\Documents\EDGEIQ_PLATFORM\public\data\edgeiq_real_sectional_physics_features_summary_v1.csv","420"
"C:\Users\trent\OneDrive\Documents\EDGEIQ_PLATFORM\public\data\edgeiq_real_sectional_physics_features_v1.csv","6877188"
"C:\Users\trent\OneDrive\Documents\EDGEIQ_PLATFORM\public\data\edgeiq_real_silk_lookup.csv","415857"
"C:\Users\trent\OneDrive\Documents\EDGEIQ_PLATFORM\public\data\edgeiq_real_speed_map_positions.csv","233805"
"C:\Users\trent\OneDrive\Documents\EDGEIQ_PLATFORM\public\data\edgeiq_real_speed_map_positions_diagnostics.csv","151"
"C:\Users\trent\OneDrive\Documents\EDGEIQ_PLATFORM\public\data\edgeiq_real_vic_meetings_from_browser_v1.csv","2"
"C:\Users\trent\OneDrive\Documents\EDGEIQ_PLATFORM\public\data\edgeiq_real_vs_fake_overlay_replay_v1.csv","14718166"
"C:\Users\trent\OneDrive\Documents\EDGEIQ_PLATFORM\public\data\edgeiq_real_vs_fake_overlay_replay_v1_by_dominance.csv","1338"
"C:\Users\trent\OneDrive\Documents\EDGEIQ_PLATFORM\public\data\edgeiq_real_vs_fake_overlay_replay_v1_by_score_share.csv","910"
"C:\Users\trent\OneDrive\Documents\EDGEIQ_PLATFORM\public\data\edgeiq_real_vs_fake_overlay_replay_v1_summary.csv","2956"
"C:\Users\trent\OneDrive\Documents\EDGEIQ_PLATFORM\public\data\edgeiq_recency_weighted_profile_engine_v1.csv","96678"
"C:\Users\trent\OneDrive\Documents\EDGEIQ_PLATFORM\public\data\edgeiq_recency_weighted_profile_engine_v1_audit.csv","47534"
"C:\Users\trent\OneDrive\Documents\EDGEIQ_PLATFORM\public\data\edgeiq_recency_weighted_profile_engine_v1_summary.csv","619"
"C:\Users\trent\OneDrive\Documents\EDGEIQ_PLATFORM\public\data\edgeiq_recent_workspace_regression_v1_audit.json","3277"
"C:\Users\trent\OneDrive\Documents\EDGEIQ_PLATFORM\public\data\edgeiq_reconstruction_temperature_sweep_v1.csv","1190"
"C:\Users\trent\OneDrive\Documents\EDGEIQ_PLATFORM\public\data\edgeiq_reconstruction_temperature_sweep_v1_summary.csv","229"
"C:\Users\trent\OneDrive\Documents\EDGEIQ_PLATFORM\public\data\edgeiq_recovered_timing_warehouse_v1.csv","49793539"
"C:\Users\trent\OneDrive\Documents\EDGEIQ_PLATFORM\public\data\edgeiq_regime_archetype_dictionary_v1.csv","4207"
"C:\Users\trent\OneDrive\Documents\EDGEIQ_PLATFORM\public\data\edgeiq_regime_memory_watchlist_v1.csv","78012"
"C:\Users\trent\OneDrive\Documents\EDGEIQ_PLATFORM\public\data\edgeiq_regime_performance_memory.csv","2707"
"C:\Users\trent\OneDrive\Documents\EDGEIQ_PLATFORM\public\data\edgeiq_regime_segment_holdout_summary_v1.csv","557"
"C:\Users\trent\OneDrive\Documents\EDGEIQ_PLATFORM\public\data\edgeiq_regime_segment_holdout_v1.csv","36712"
"C:\Users\trent\OneDrive\Documents\EDGEIQ_PLATFORM\public\data\edgeiq_regime_segment_stability_map_v1.csv","5746"
"C:\Users\trent\OneDrive\Documents\EDGEIQ_PLATFORM\public\data\edgeiq_regime_transition_instability_watchlist_v1.csv","42278"
"C:\Users\trent\OneDrive\Documents\EDGEIQ_PLATFORM\public\data\edgeiq_regime_transition_matrix_v1.csv","3851"
"C:\Users\trent\OneDrive\Documents\EDGEIQ_PLATFORM\public\data\edgeiq_regime_transition_memory_v1.csv","74429"
"C:\Users\trent\OneDrive\Documents\EDGEIQ_PLATFORM\public\data\edgeiq_regime_transition_summary_v1.csv","478"
"C:\Users\trent\OneDrive\Documents\EDGEIQ_PLATFORM\public\data\edgeiq_regime_validation_failures_v1.csv","107373"
"C:\Users\trent\OneDrive\Documents\EDGEIQ_PLATFORM\public\data\edgeiq_regime_validation_lab_v1.csv","242561"
"C:\Users\trent\OneDrive\Documents\EDGEIQ_PLATFORM\public\data\edgeiq_regime_validation_promotion_backlog_v1.csv","83503"
"C:\Users\trent\OneDrive\Documents\EDGEIQ_PLATFORM\public\data\edgeiq_regime_validation_summary_v1.csv","301"
"C:\Users\trent\OneDrive\Documents\EDGEIQ_PLATFORM\public\data\edgeiq_remaining_beta_autonomous_completion_v1_audit.json","9012"
"C:\Users\trent\OneDrive\Documents\EDGEIQ_PLATFORM\public\data\edgeiq_remaining_beta_autonomous_completion_v1_inventory.csv","1220"
"C:\Users\trent\OneDrive\Documents\EDGEIQ_PLATFORM\public\data\edgeiq_remaining_beta_autonomous_completion_v1_progress.json","1248"
"C:\Users\trent\OneDrive\Documents\EDGEIQ_PLATFORM\public\data\edgeiq_remaining_beta_governed_data_gaps_v1.csv","56934"
"C:\Users\trent\OneDrive\Documents\EDGEIQ_PLATFORM\public\data\edgeiq_remove_legacy_nav_shell_v1_summary.csv","1173"
"C:\Users\trent\OneDrive\Documents\EDGEIQ_PLATFORM\public\data\edgeiq_replay_contender_capture_detail_v1.csv","1321643"
"C:\Users\trent\OneDrive\Documents\EDGEIQ_PLATFORM\public\data\edgeiq_replay_expected_value_by_rank_v1.csv","548"
"C:\Users\trent\OneDrive\Documents\EDGEIQ_PLATFORM\public\data\edgeiq_replay_expected_value_by_score_band_v1.csv","772"
"C:\Users\trent\OneDrive\Documents\EDGEIQ_PLATFORM\public\data\edgeiq_replay_market_proxy_v1.csv","46945975"
"C:\Users\trent\OneDrive\Documents\EDGEIQ_PLATFORM\public\data\edgeiq_replay_market_proxy_v1_summary.csv","255"
"C:\Users\trent\OneDrive\Documents\EDGEIQ_PLATFORM\public\data\edgeiq_replay_monotonicity_audit_v1.csv","1514"
"C:\Users\trent\OneDrive\Documents\EDGEIQ_PLATFORM\public\data\edgeiq_replay_sp_coverage_by_finish_v1.csv","173"
"C:\Users\trent\OneDrive\Documents\EDGEIQ_PLATFORM\public\data\edgeiq_repository_inventory_v1.csv","2280727"
"C:\Users\trent\OneDrive\Documents\EDGEIQ_PLATFORM\public\data\edgeiq_repository_safe_migration_plan_v2_active_copy_manifest.csv","38127"
"C:\Users\trent\OneDrive\Documents\EDGEIQ_PLATFORM\public\data\edgeiq_repository_safe_migration_plan_v2_summary.csv","414"
"C:\Users\trent\OneDrive\Documents\EDGEIQ_PLATFORM\public\data\edgeiq_research_backfill_priority_v1.csv","5240"
"C:\Users\trent\OneDrive\Documents\EDGEIQ_PLATFORM\public\data\edgeiq_research_command_cards_v1.csv","9307"
"C:\Users\trent\OneDrive\Documents\EDGEIQ_PLATFORM\public\data\edgeiq_research_command_feed_v1.csv","9307"
"C:\Users\trent\OneDrive\Documents\EDGEIQ_PLATFORM\public\data\edgeiq_research_command_summary_v1.csv","480"
"C:\Users\trent\OneDrive\Documents\EDGEIQ_PLATFORM\public\data\edgeiq_research_coverage_audit_v1.csv","10728"
"C:\Users\trent\OneDrive\Documents\EDGEIQ_PLATFORM\public\data\edgeiq_research_coverage_summary_v1.csv","399"
"C:\Users\trent\OneDrive\Documents\EDGEIQ_PLATFORM\public\data\edgeiq_research_dashboard_feed_v1.csv","84125"
"C:\Users\trent\OneDrive\Documents\EDGEIQ_PLATFORM\public\data\edgeiq_research_dashboard_summary_v1.csv","521"
"C:\Users\trent\OneDrive\Documents\EDGEIQ_PLATFORM\public\data\edgeiq_research_dashboard_top_priorities_v1.csv","15151"
"C:\Users\trent\OneDrive\Documents\EDGEIQ_PLATFORM\public\data\edgeiq_research_dashboard_watchlist_v1.csv","23241"
"C:\Users\trent\OneDrive\Documents\EDGEIQ_PLATFORM\public\data\edgeiq_research_enrichment_feed_v1.csv","304"
"C:\Users\trent\OneDrive\Documents\EDGEIQ_PLATFORM\public\data\edgeiq_research_governor_summary_v1.csv","475"
"C:\Users\trent\OneDrive\Documents\EDGEIQ_PLATFORM\public\data\edgeiq_research_governor_v1.csv","2993"
"C:\Users\trent\OneDrive\Documents\EDGEIQ_PLATFORM\public\data\edgeiq_research_priority_board_v1.csv","259024"
"C:\Users\trent\OneDrive\Documents\EDGEIQ_PLATFORM\public\data\edgeiq_research_priority_promotions_v1.csv","18850"
"C:\Users\trent\OneDrive\Documents\EDGEIQ_PLATFORM\public\data\edgeiq_research_priority_summary_v1.csv","462"
"C:\Users\trent\OneDrive\Documents\EDGEIQ_PLATFORM\public\data\edgeiq_research_priority_watchlist_v1.csv","146782"
"C:\Users\trent\OneDrive\Documents\EDGEIQ_PLATFORM\public\data\edgeiq_research_promotion_backlog_v1.csv","2705"
"C:\Users\trent\OneDrive\Documents\EDGEIQ_PLATFORM\public\data\edgeiq_research_tab_source_trace_v1.csv","802"
"C:\Users\trent\OneDrive\Documents\EDGEIQ_PLATFORM\public\data\edgeiq_results_auto_settlement.csv","48219"
"C:\Users\trent\OneDrive\Documents\EDGEIQ_PLATFORM\public\data\edgeiq_results_backfill_targets_v1.csv","6973"
"C:\Users\trent\OneDrive\Documents\EDGEIQ_PLATFORM\public\data\edgeiq_results_barrier_profile_v1.csv","3471"
"C:\Users\trent\OneDrive\Documents\EDGEIQ_PLATFORM\public\data\edgeiq_results_by_confidence.csv","524"
"C:\Users\trent\OneDrive\Documents\EDGEIQ_PLATFORM\public\data\edgeiq_results_by_execution_state.csv","1027"
"C:\Users\trent\OneDrive\Documents\EDGEIQ_PLATFORM\public\data\edgeiq_results_by_regime.csv","816"
"C:\Users\trent\OneDrive\Documents\EDGEIQ_PLATFORM\public\data\edgeiq_results_calendar_meetings_v1.csv","1026356"
"C:\Users\trent\OneDrive\Documents\EDGEIQ_PLATFORM\public\data\edgeiq_results_calendar_months_v1.csv","14262"
"C:\Users\trent\OneDrive\Documents\EDGEIQ_PLATFORM\public\data\edgeiq_results_calendar_races_v1.csv","14013526"
"C:\Users\trent\OneDrive\Documents\EDGEIQ_PLATFORM\public\data\edgeiq_results_calendar_summary_v1.csv","67"
"C:\Users\trent\OneDrive\Documents\EDGEIQ_PLATFORM\public\data\edgeiq_results_calendar_years_v1.csv","1207"
"C:\Users\trent\OneDrive\Documents\EDGEIQ_PLATFORM\public\data\edgeiq_results_data_contract_v1_audit.json","707"
"C:\Users\trent\OneDrive\Documents\EDGEIQ_PLATFORM\public\data\edgeiq_results_depth_expansion_audit_v1.csv","9659"
"C:\Users\trent\OneDrive\Documents\EDGEIQ_PLATFORM\public\data\edgeiq_results_depth_expansion_summary_v1.csv","350"
"C:\Users\trent\OneDrive\Documents\EDGEIQ_PLATFORM\public\data\edgeiq_results_early_speed_v1.csv","5203"
"C:\Users\trent\OneDrive\Documents\EDGEIQ_PLATFORM\public\data\edgeiq_results_early_speed_v2.csv","5742"
"C:\Users\trent\OneDrive\Documents\EDGEIQ_PLATFORM\public\data\edgeiq_results_elapsed_time_observations_v1.csv","357953"
"C:\Users\trent\OneDrive\Documents\EDGEIQ_PLATFORM\public\data\edgeiq_results_engineering_build_v1_audit.json","1391"
"C:\Users\trent\OneDrive\Documents\EDGEIQ_PLATFORM\public\data\edgeiq_results_late_speed_v1.csv","5179"
"C:\Users\trent\OneDrive\Documents\EDGEIQ_PLATFORM\public\data\edgeiq_results_late_speed_v2.csv","5719"
"C:\Users\trent\OneDrive\Documents\EDGEIQ_PLATFORM\public\data\edgeiq_results_lengths_v_standard_v1.csv","74879"
"C:\Users\trent\OneDrive\Documents\EDGEIQ_PLATFORM\public\data\edgeiq_results_lengths_v_standard_v1_CANDIDATE.csv","74879"
"C:\Users\trent\OneDrive\Documents\EDGEIQ_PLATFORM\public\data\edgeiq_results_lengths_v_standard_v1_PRE_METHOD_V1_BACKUP.csv","43758"
"C:\Users\trent\OneDrive\Documents\EDGEIQ_PLATFORM\public\data\edgeiq_results_lengths_v_standard_v2.csv","81409"
"C:\Users\trent\OneDrive\Documents\EDGEIQ_PLATFORM\public\data\edgeiq_results_lengths_v_standard_v2_CANDIDATE.csv","81409"
"C:\Users\trent\OneDrive\Documents\EDGEIQ_PLATFORM\public\data\edgeiq_results_master.csv","844135"
"C:\Users\trent\OneDrive\Documents\EDGEIQ_PLATFORM\public\data\edgeiq_results_master_summary_v1.csv","541"
"C:\Users\trent\OneDrive\Documents\EDGEIQ_PLATFORM\public\data\edgeiq_results_master_v1.csv","481021956"
"C:\Users\trent\OneDrive\Documents\EDGEIQ_PLATFORM\public\data\edgeiq_results_performance_feed_v1.csv","19340003"
"C:\Users\trent\OneDrive\Documents\EDGEIQ_PLATFORM\public\data\edgeiq_results_race_index_v1.csv","5702"
"C:\Users\trent\OneDrive\Documents\EDGEIQ_PLATFORM\public\data\edgeiq_results_review_v1.csv","54018"
"C:\Users\trent\OneDrive\Documents\EDGEIQ_PLATFORM\public\data\edgeiq_results_review_v1.json","201"
"C:\Users\trent\OneDrive\Documents\EDGEIQ_PLATFORM\public\data\edgeiq_results_review_v1_summary.csv","166"
"C:\Users\trent\OneDrive\Documents\EDGEIQ_PLATFORM\public\data\edgeiq_results_runner_performance_v1_audit.json","388"
"C:\Users\trent\OneDrive\Documents\EDGEIQ_PLATFORM\public\data\edgeiq_results_sectionals_v1_audit.json","336"
"C:\Users\trent\OneDrive\Documents\EDGEIQ_PLATFORM\public\data\edgeiq_results_sort_profile_summary_v1.csv","685"
"C:\Users\trent\OneDrive\Documents\EDGEIQ_PLATFORM\public\data\edgeiq_results_sort_profile_summary_v1.json","772"
"C:\Users\trent\OneDrive\Documents\EDGEIQ_PLATFORM\public\data\edgeiq_results_sp_missing_examples_v1.csv","70"
"C:\Users\trent\OneDrive\Documents\EDGEIQ_PLATFORM\public\data\edgeiq_results_sp_population_audit_summary_v1.csv","396"
"C:\Users\trent\OneDrive\Documents\EDGEIQ_PLATFORM\public\data\edgeiq_results_sp_population_audit_v1.csv","8231"
"C:\Users\trent\OneDrive\Documents\EDGEIQ_PLATFORM\public\data\edgeiq_results_standard_times_v1.csv","1847"
"C:\Users\trent\OneDrive\Documents\EDGEIQ_PLATFORM\public\data\edgeiq_results_standard_time_eligible_observations_v1.csv","47232"
"C:\Users\trent\OneDrive\Documents\EDGEIQ_PLATFORM\public\data\edgeiq_results_summary.csv","411"
"C:\Users\trent\OneDrive\Documents\EDGEIQ_PLATFORM\public\data\edgeiq_results_terminal_feed_summary_v1.csv","83"
"C:\Users\trent\OneDrive\Documents\EDGEIQ_PLATFORM\public\data\edgeiq_results_terminal_feed_v1.csv","435242182"
"C:\Users\trent\OneDrive\Documents\EDGEIQ_PLATFORM\public\data\edgeiq_results_track_distance_condition_profile_v1.csv","2097"
"C:\Users\trent\OneDrive\Documents\EDGEIQ_PLATFORM\public\data\edgeiq_results_truth_conflicts_v1.csv","142"
"C:\Users\trent\OneDrive\Documents\EDGEIQ_PLATFORM\public\data\edgeiq_results_truth_loop.csv","14572"
"C:\Users\trent\OneDrive\Documents\EDGEIQ_PLATFORM\public\data\edgeiq_results_truth_loop_update_diagnostic_v1.csv","101368"
"C:\Users\trent\OneDrive\Documents\EDGEIQ_PLATFORM\public\data\edgeiq_results_truth_loop_update_diagnostic_v1_summary.csv","32526"
"C:\Users\trent\OneDrive\Documents\EDGEIQ_PLATFORM\public\data\edgeiq_results_visual_structure_v1_audit.json","298"
"C:\Users\trent\OneDrive\Documents\EDGEIQ_PLATFORM\public\data\edgeiq_results_warehouse_audit_summary_v1.csv","759"
"C:\Users\trent\OneDrive\Documents\EDGEIQ_PLATFORM\public\data\edgeiq_results_warehouse_audit_summary_v1.json","870"
"C:\Users\trent\OneDrive\Documents\EDGEIQ_PLATFORM\public\data\edgeiq_results_warehouse_column_audit_v1.csv","388469"
"C:\Users\trent\OneDrive\Documents\EDGEIQ_PLATFORM\public\data\edgeiq_results_warehouse_date_coverage_v1.csv","11126"
"C:\Users\trent\OneDrive\Documents\EDGEIQ_PLATFORM\public\data\edgeiq_results_warehouse_inventory_summary_v1.csv","157"
"C:\Users\trent\OneDrive\Documents\EDGEIQ_PLATFORM\public\data\edgeiq_results_warehouse_inventory_v1.csv","410898"
"C:\Users\trent\OneDrive\Documents\EDGEIQ_PLATFORM\public\data\edgeiq_results_warehouse_sorted_v1.csv","103974"
"C:\Users\trent\OneDrive\Documents\EDGEIQ_PLATFORM\public\data\edgeiq_results_warehouse_source_audit_v1.csv","23199"
"C:\Users\trent\OneDrive\Documents\EDGEIQ_PLATFORM\public\data\edgeiq_results_warehouse_track_coverage_v1.csv","323979"
"C:\Users\trent\OneDrive\Documents\EDGEIQ_PLATFORM\public\data\edgeiq_results_winner_origin_v1.csv","6423"
"C:\Users\trent\OneDrive\Documents\EDGEIQ_PLATFORM\public\data\edgeiq_result_reconciliation.csv","788320"
"C:\Users\trent\OneDrive\Documents\EDGEIQ_PLATFORM\public\data\edgeiq_result_reconciliation_PRE_RECOVERY_ENGINE.csv","80734"
"C:\Users\trent\OneDrive\Documents\EDGEIQ_PLATFORM\public\data\edgeiq_result_recovery_queue.csv","140469"
"C:\Users\trent\OneDrive\Documents\EDGEIQ_PLATFORM\public\data\edgeiq_rolling_three_day_universe_v1_audit.json","1826"
"C:\Users\trent\OneDrive\Documents\EDGEIQ_PLATFORM\public\data\edgeiq_rolling_three_day_universe_v1_coverage.csv","511"
"C:\Users\trent\OneDrive\Documents\EDGEIQ_PLATFORM\public\data\edgeiq_runners_enrichment_feed_v1.csv","615380"
"C:\Users\trent\OneDrive\Documents\EDGEIQ_PLATFORM\public\data\edgeiq_runners_enrichment_feed_v1_1.csv","629692"
"C:\Users\trent\OneDrive\Documents\EDGEIQ_PLATFORM\public\data\edgeiq_runners_enrichment_feed_v1_1_audit.csv","1204"
"C:\Users\trent\OneDrive\Documents\EDGEIQ_PLATFORM\public\data\edgeiq_runners_enrichment_feed_v1_1_BACKUP_BEFORE_DISTANCE_FULL_FIX_20260628.csv","629692"
"C:\Users\trent\OneDrive\Documents\EDGEIQ_PLATFORM\public\data\edgeiq_runners_enrichment_feed_v1_1_BACKUP_BEFORE_DISTANCE_PROFILE_FIX_20260628.csv","627860"
"C:\Users\trent\OneDrive\Documents\EDGEIQ_PLATFORM\public\data\edgeiq_runners_enrichment_feed_v1_1_BACKUP_BEFORE_FULL_PROGRAM_DISTANCE_AUDIT_FIX_20260628.csv","629692"
"C:\Users\trent\OneDrive\Documents\EDGEIQ_PLATFORM\public\data\edgeiq_runners_enrichment_feed_v1_audit.csv","1214"
"C:\Users\trent\OneDrive\Documents\EDGEIQ_PLATFORM\public\data\edgeiq_runners_enrichment_feed_v1_summary.csv","306"
"C:\Users\trent\OneDrive\Documents\EDGEIQ_PLATFORM\public\data\edgeiq_runners_phase1_pipeline_inventory.csv","1735"
"C:\Users\trent\OneDrive\Documents\EDGEIQ_PLATFORM\public\data\edgeiq_runners_remaining_source_gap_summary_v1.csv","314"
"C:\Users\trent\OneDrive\Documents\EDGEIQ_PLATFORM\public\data\edgeiq_runners_remaining_source_gap_trace_v1.csv","72250"
"C:\Users\trent\OneDrive\Documents\EDGEIQ_PLATFORM\public\data\edgeiq_runners_tab_10_out_of_10_verified_checkpoint_v1.csv","654"
"C:\Users\trent\OneDrive\Documents\EDGEIQ_PLATFORM\public\data\edgeiq_runners_tab_race_summary_v1.csv","8445"
"C:\Users\trent\OneDrive\Documents\EDGEIQ_PLATFORM\public\data\edgeiq_runners_tab_source_trace_v1.csv","309570"
"C:\Users\trent\OneDrive\Documents\EDGEIQ_PLATFORM\public\data\edgeiq_runner_board_tab_calendar_merge_audit_v1.csv","193"
"C:\Users\trent\OneDrive\Documents\EDGEIQ_PLATFORM\public\data\edgeiq_runner_conflict_resolution_v1.csv","549624"
"C:\Users\trent\OneDrive\Documents\EDGEIQ_PLATFORM\public\data\edgeiq_runner_dna_contribution_breakdown_v1.csv","480855"
"C:\Users\trent\OneDrive\Documents\EDGEIQ_PLATFORM\public\data\edgeiq_runner_dna_contribution_breakdown_v1_summary.csv","1080"
"C:\Users\trent\OneDrive\Documents\EDGEIQ_PLATFORM\public\data\edgeiq_runner_dna_current.csv","255438"
"C:\Users\trent\OneDrive\Documents\EDGEIQ_PLATFORM\public\data\edgeiq_runner_dna_current_CHECKPOINT_20260625_PRE_DNA_REFRESH.csv","255438"
"C:\Users\trent\OneDrive\Documents\EDGEIQ_PLATFORM\public\data\edgeiq_runner_dna_current_CHECKPOINT_BEFORE_V5_SIGNAL_HARVEST_20260617.csv","52924"
"C:\Users\trent\OneDrive\Documents\EDGEIQ_PLATFORM\public\data\edgeiq_runner_dna_current_v6_checkpoint.csv","93315"
"C:\Users\trent\OneDrive\Documents\EDGEIQ_PLATFORM\public\data\edgeiq_runner_dna_dictionary_v1.csv","3554"
"C:\Users\trent\OneDrive\Documents\EDGEIQ_PLATFORM\public\data\edgeiq_runner_dna_drawer_feed_v1.csv","57070"
"C:\Users\trent\OneDrive\Documents\EDGEIQ_PLATFORM\public\data\edgeiq_runner_dna_drawer_feed_v1_summary.csv","253"
"C:\Users\trent\OneDrive\Documents\EDGEIQ_PLATFORM\public\data\edgeiq_runner_dna_drawer_feed_v1_summary.json","288"
"C:\Users\trent\OneDrive\Documents\EDGEIQ_PLATFORM\public\data\edgeiq_runner_dna_drawer_feed_v2.csv","245265"
"C:\Users\trent\OneDrive\Documents\EDGEIQ_PLATFORM\public\data\edgeiq_runner_dna_drawer_feed_v2_BACKUP_BEFORE_DISTANCE_FULL_FIX_20260628.csv","245265"
"C:\Users\trent\OneDrive\Documents\EDGEIQ_PLATFORM\public\data\edgeiq_runner_dna_drawer_feed_v2_BACKUP_BEFORE_DISTANCE_PROFILE_FIX_20260628.csv","245351"
"C:\Users\trent\OneDrive\Documents\EDGEIQ_PLATFORM\public\data\edgeiq_runner_dna_drawer_feed_v2_BACKUP_BEFORE_FULL_PROGRAM_DISTANCE_AUDIT_FIX_20260628.csv","245265"
"C:\Users\trent\OneDrive\Documents\EDGEIQ_PLATFORM\public\data\edgeiq_runner_dna_drawer_feed_v2_BEFORE_DATELESS_MATCH_FIX.csv","89750"
"C:\Users\trent\OneDrive\Documents\EDGEIQ_PLATFORM\public\data\edgeiq_runner_dna_drawer_feed_v2_BEFORE_JOIN_KEY_FIX.csv","88700"
"C:\Users\trent\OneDrive\Documents\EDGEIQ_PLATFORM\public\data\edgeiq_runner_dna_drawer_feed_v2_CHECKPOINT_20260625_PRE_DNA_REFRESH.csv","256219"
"C:\Users\trent\OneDrive\Documents\EDGEIQ_PLATFORM\public\data\edgeiq_runner_dna_drawer_feed_v2_dateless_match_fix_summary.csv","261"
"C:\Users\trent\OneDrive\Documents\EDGEIQ_PLATFORM\public\data\edgeiq_runner_dna_drawer_feed_v2_join_key_fix_summary.csv","251"
"C:\Users\trent\OneDrive\Documents\EDGEIQ_PLATFORM\public\data\edgeiq_runner_dna_drawer_feed_v2_refresh_v1_summary.csv","295"
"C:\Users\trent\OneDrive\Documents\EDGEIQ_PLATFORM\public\data\edgeiq_runner_dna_drawer_feed_v2_summary.csv","256"
"C:\Users\trent\OneDrive\Documents\EDGEIQ_PLATFORM\public\data\edgeiq_runner_dna_explainability_feed_v2.csv","25218"
"C:\Users\trent\OneDrive\Documents\EDGEIQ_PLATFORM\public\data\edgeiq_runner_dna_explainability_feed_v2_summary.csv","189"
"C:\Users\trent\OneDrive\Documents\EDGEIQ_PLATFORM\public\data\edgeiq_runner_dna_explainability_panel_v1.csv","123125"
"C:\Users\trent\OneDrive\Documents\EDGEIQ_PLATFORM\public\data\edgeiq_runner_dna_explainability_panel_v1_summary.csv","226"
"C:\Users\trent\OneDrive\Documents\EDGEIQ_PLATFORM\public\data\edgeiq_runner_dna_explainability_ui_feed_v1.csv","133814"
"C:\Users\trent\OneDrive\Documents\EDGEIQ_PLATFORM\public\data\edgeiq_runner_dna_explainability_ui_feed_v1_summary.csv","352"
"C:\Users\trent\OneDrive\Documents\EDGEIQ_PLATFORM\public\data\edgeiq_runner_dna_factor_importance_v1.csv","179085"
"C:\Users\trent\OneDrive\Documents\EDGEIQ_PLATFORM\public\data\edgeiq_runner_dna_factor_importance_v1_summary.csv","527"
"C:\Users\trent\OneDrive\Documents\EDGEIQ_PLATFORM\public\data\edgeiq_runner_dna_formula_v1.csv","9808"
"C:\Users\trent\OneDrive\Documents\EDGEIQ_PLATFORM\public\data\edgeiq_runner_dna_formula_v1_summary.csv","1069"
"C:\Users\trent\OneDrive\Documents\EDGEIQ_PLATFORM\public\data\edgeiq_runner_dna_predictive_value_v1.csv","53936805"
"C:\Users\trent\OneDrive\Documents\EDGEIQ_PLATFORM\public\data\edgeiq_runner_dna_predictive_value_v1_by_band.csv","1064"
"C:\Users\trent\OneDrive\Documents\EDGEIQ_PLATFORM\public\data\edgeiq_runner_dna_predictive_value_v1_summary.csv","905"
"C:\Users\trent\OneDrive\Documents\EDGEIQ_PLATFORM\public\data\edgeiq_runner_dna_single_factor_replay_v1.csv","215"
"C:\Users\trent\OneDrive\Documents\EDGEIQ_PLATFORM\public\data\edgeiq_runner_dna_status_v1.csv","198126"
"C:\Users\trent\OneDrive\Documents\EDGEIQ_PLATFORM\public\data\edgeiq_runner_dna_status_v1_summary.csv","170"
"C:\Users\trent\OneDrive\Documents\EDGEIQ_PLATFORM\public\data\edgeiq_runner_dna_ui_feed_v1.csv","182913"
"C:\Users\trent\OneDrive\Documents\EDGEIQ_PLATFORM\public\data\edgeiq_runner_dna_ui_role_recommendation_v1.csv","518"
"C:\Users\trent\OneDrive\Documents\EDGEIQ_PLATFORM\public\data\edgeiq_runner_dna_v1.csv","135898"
"C:\Users\trent\OneDrive\Documents\EDGEIQ_PLATFORM\public\data\edgeiq_runner_dna_v1_summary.csv","243"
"C:\Users\trent\OneDrive\Documents\EDGEIQ_PLATFORM\public\data\edgeiq_runner_dna_v2.csv","136297"
"C:\Users\trent\OneDrive\Documents\EDGEIQ_PLATFORM\public\data\edgeiq_runner_dna_v2_summary.csv","342"
"C:\Users\trent\OneDrive\Documents\EDGEIQ_PLATFORM\public\data\edgeiq_runner_dna_v3.csv","171378"
"C:\Users\trent\OneDrive\Documents\EDGEIQ_PLATFORM\public\data\edgeiq_runner_dna_v3_live_race_audit.csv","1438"
"C:\Users\trent\OneDrive\Documents\EDGEIQ_PLATFORM\public\data\edgeiq_runner_dna_v3_live_race_audit_summary.csv","163"
"C:\Users\trent\OneDrive\Documents\EDGEIQ_PLATFORM\public\data\edgeiq_runner_dna_v3_summary.csv","235"
"C:\Users\trent\OneDrive\Documents\EDGEIQ_PLATFORM\public\data\edgeiq_runner_dna_v3_vs_price_rank_audit.csv","212466"
"C:\Users\trent\OneDrive\Documents\EDGEIQ_PLATFORM\public\data\edgeiq_runner_dna_v4_component_breakdown.csv","175899"
"C:\Users\trent\OneDrive\Documents\EDGEIQ_PLATFORM\public\data\edgeiq_runner_dna_v4_component_breakdown_summary.csv","270"
"C:\Users\trent\OneDrive\Documents\EDGEIQ_PLATFORM\public\data\edgeiq_runner_dna_v4_component_coverage_audit.csv","459"
"C:\Users\trent\OneDrive\Documents\EDGEIQ_PLATFORM\public\data\edgeiq_runner_dna_v4_component_coverage_summary.csv","176"
"C:\Users\trent\OneDrive\Documents\EDGEIQ_PLATFORM\public\data\edgeiq_runner_dna_v4_component_missing_by_runner.csv","16537"
"C:\Users\trent\OneDrive\Documents\EDGEIQ_PLATFORM\public\data\edgeiq_runner_dna_v5_component_coverage.csv","510"
"C:\Users\trent\OneDrive\Documents\EDGEIQ_PLATFORM\public\data\edgeiq_runner_dna_v5_signal_harvest.csv","255438"
"C:\Users\trent\OneDrive\Documents\EDGEIQ_PLATFORM\public\data\edgeiq_runner_dna_v5_signal_harvest_summary.csv","258"
"C:\Users\trent\OneDrive\Documents\EDGEIQ_PLATFORM\public\data\edgeiq_runner_dna_v6_1_component_distribution_audit.csv","944"
"C:\Users\trent\OneDrive\Documents\EDGEIQ_PLATFORM\public\data\edgeiq_runner_dna_v6_1_component_distribution_audit.json","321"
"C:\Users\trent\OneDrive\Documents\EDGEIQ_PLATFORM\public\data\edgeiq_runner_dna_v6_1_component_top20.csv","15456"
"C:\Users\trent\OneDrive\Documents\EDGEIQ_PLATFORM\public\data\edgeiq_runner_dna_v6_1_component_value_counts.csv","4510"
"C:\Users\trent\OneDrive\Documents\EDGEIQ_PLATFORM\public\data\edgeiq_runner_dna_v6_1_rebalance.csv","182913"
"C:\Users\trent\OneDrive\Documents\EDGEIQ_PLATFORM\public\data\edgeiq_runner_dna_v6_1_rebalance_summary.csv","508"
"C:\Users\trent\OneDrive\Documents\EDGEIQ_PLATFORM\public\data\edgeiq_runner_dna_v6_1_rebalance_summary.json","567"
"C:\Users\trent\OneDrive\Documents\EDGEIQ_PLATFORM\public\data\edgeiq_runner_dna_v6_2.csv","319898"
"C:\Users\trent\OneDrive\Documents\EDGEIQ_PLATFORM\public\data\edgeiq_runner_dna_v6_2_summary.csv","247"
"C:\Users\trent\OneDrive\Documents\EDGEIQ_PLATFORM\public\data\edgeiq_runner_dna_v6_2_summary.json","327"
"C:\Users\trent\OneDrive\Documents\EDGEIQ_PLATFORM\public\data\edgeiq_runner_dna_v6_2_weight_replay_comparison_v1.csv","222"
"C:\Users\trent\OneDrive\Documents\EDGEIQ_PLATFORM\public\data\edgeiq_runner_dna_v6_2_weight_replay_v1.csv","17776"
"C:\Users\trent\OneDrive\Documents\EDGEIQ_PLATFORM\public\data\edgeiq_runner_dna_v6_2_weight_replay_v1_by_race.csv","674"
"C:\Users\trent\OneDrive\Documents\EDGEIQ_PLATFORM\public\data\edgeiq_runner_dna_v6_2_weight_replay_v1_summary.csv","364"
"C:\Users\trent\OneDrive\Documents\EDGEIQ_PLATFORM\public\data\edgeiq_runner_dna_v6_2_weight_replay_v2_safe.csv","17735"
"C:\Users\trent\OneDrive\Documents\EDGEIQ_PLATFORM\public\data\edgeiq_runner_dna_v6_2_weight_replay_v2_safe_by_race.csv","676"
"C:\Users\trent\OneDrive\Documents\EDGEIQ_PLATFORM\public\data\edgeiq_runner_dna_v6_2_weight_replay_v2_safe_STABLE_CHECKPOINT.csv","17735"
"C:\Users\trent\OneDrive\Documents\EDGEIQ_PLATFORM\public\data\edgeiq_runner_dna_v6_2_weight_replay_v2_safe_STABLE_CHECKPOINT_by_race.csv","676"
"C:\Users\trent\OneDrive\Documents\EDGEIQ_PLATFORM\public\data\edgeiq_runner_dna_v6_2_weight_replay_v2_safe_STABLE_CHECKPOINT_summary.csv","366"
"C:\Users\trent\OneDrive\Documents\EDGEIQ_PLATFORM\public\data\edgeiq_runner_dna_v6_2_weight_replay_v2_safe_summary.csv","366"
"C:\Users\trent\OneDrive\Documents\EDGEIQ_PLATFORM\public\data\edgeiq_runner_dna_v6_3_execution_replay_v1.csv","548"
"C:\Users\trent\OneDrive\Documents\EDGEIQ_PLATFORM\public\data\edgeiq_runner_dna_v6_3_factor_win_driver_v1.csv","268"
"C:\Users\trent\OneDrive\Documents\EDGEIQ_PLATFORM\public\data\edgeiq_runner_dna_v6_3_final_promotion_gate_v1.csv","1173"
"C:\Users\trent\OneDrive\Documents\EDGEIQ_PLATFORM\public\data\edgeiq_runner_dna_v6_3_historical_replay_v1.csv","22115234"
"C:\Users\trent\OneDrive\Documents\EDGEIQ_PLATFORM\public\data\edgeiq_runner_dna_v6_3_historical_replay_v1_by_race.csv","1261684"
"C:\Users\trent\OneDrive\Documents\EDGEIQ_PLATFORM\public\data\edgeiq_runner_dna_v6_3_historical_replay_v1_summary.csv","515"
"C:\Users\trent\OneDrive\Documents\EDGEIQ_PLATFORM\public\data\edgeiq_runner_dna_v6_3_medium_delta_research_summary.csv","344"
"C:\Users\trent\OneDrive\Documents\EDGEIQ_PLATFORM\public\data\edgeiq_runner_dna_v6_3_price_bucket_replay_v1.csv","15"
"C:\Users\trent\OneDrive\Documents\EDGEIQ_PLATFORM\public\data\edgeiq_runner_dna_v6_3_probability_calibration_replay_v1.csv","41123497"
"C:\Users\trent\OneDrive\Documents\EDGEIQ_PLATFORM\public\data\edgeiq_runner_dna_v6_3_promotion_readiness_v1.csv","87"
"C:\Users\trent\OneDrive\Documents\EDGEIQ_PLATFORM\public\data\edgeiq_runner_dna_v6_3_research_summary.csv","272"
"C:\Users\trent\OneDrive\Documents\EDGEIQ_PLATFORM\public\data\edgeiq_runner_dna_v6_3_safe_factor_flip_analysis_v1.csv","26135"
"C:\Users\trent\OneDrive\Documents\EDGEIQ_PLATFORM\public\data\edgeiq_runner_dna_v6_3_safe_factor_flip_analysis_v1_summary.csv","510"
"C:\Users\trent\OneDrive\Documents\EDGEIQ_PLATFORM\public\data\edgeiq_runner_dna_v6_3_safe_improvement_breakdown_v1.csv","21854"
"C:\Users\trent\OneDrive\Documents\EDGEIQ_PLATFORM\public\data\edgeiq_runner_dna_v6_3_safe_improvement_breakdown_v1_summary.csv","381"
"C:\Users\trent\OneDrive\Documents\EDGEIQ_PLATFORM\public\data\edgeiq_runner_dna_v6_3_safe_loss_analysis_v1.csv","9832"
"C:\Users\trent\OneDrive\Documents\EDGEIQ_PLATFORM\public\data\edgeiq_runner_dna_v6_3_safe_loss_analysis_v1_summary.csv","431"
"C:\Users\trent\OneDrive\Documents\EDGEIQ_PLATFORM\public\data\edgeiq_runner_dna_v6_3_sp_roi_audit_v1_flip_races.csv","63914"
"C:\Users\trent\OneDrive\Documents\EDGEIQ_PLATFORM\public\data\edgeiq_runner_dna_v6_3_sp_roi_audit_v1_sp_buckets.csv","1135"
"C:\Users\trent\OneDrive\Documents\EDGEIQ_PLATFORM\public\data\edgeiq_runner_dna_v6_3_sp_roi_audit_v1_summary.csv","302"
"C:\Users\trent\OneDrive\Documents\EDGEIQ_PLATFORM\public\data\edgeiq_runner_dna_v6_3_sp_valid_roi_replay_v1.csv","110"
"C:\Users\trent\OneDrive\Documents\EDGEIQ_PLATFORM\public\data\edgeiq_runner_dna_v6_3_sp_valid_roi_replay_v2.csv","7196181"
"C:\Users\trent\OneDrive\Documents\EDGEIQ_PLATFORM\public\data\edgeiq_runner_dna_v6_3_sp_valid_roi_replay_v2_price_buckets.csv","1845"
"C:\Users\trent\OneDrive\Documents\EDGEIQ_PLATFORM\public\data\edgeiq_runner_dna_v6_3_sp_valid_roi_replay_v2_summary.csv","514"
"C:\Users\trent\OneDrive\Documents\EDGEIQ_PLATFORM\public\data\edgeiq_runner_dna_v6_3_top_selection_sp_coverage_audit_v1.csv","6284211"
"C:\Users\trent\OneDrive\Documents\EDGEIQ_PLATFORM\public\data\edgeiq_runner_dna_v6_3_top_selection_sp_coverage_audit_v1_summary.csv","1449"
"C:\Users\trent\OneDrive\Documents\EDGEIQ_PLATFORM\public\data\edgeiq_runner_dna_v6_3_weight_refinement_replay_v1.csv","666"
"C:\Users\trent\OneDrive\Documents\EDGEIQ_PLATFORM\public\data\edgeiq_runner_dna_v6_component_audit.csv","13985"
"C:\Users\trent\OneDrive\Documents\EDGEIQ_PLATFORM\public\data\edgeiq_runner_dna_v6_component_audit_summary.csv","224"
"C:\Users\trent\OneDrive\Documents\EDGEIQ_PLATFORM\public\data\edgeiq_runner_dna_v6_component_audit_summary.json","263"
"C:\Users\trent\OneDrive\Documents\EDGEIQ_PLATFORM\public\data\edgeiq_runner_dna_v6_full.csv","141629"
"C:\Users\trent\OneDrive\Documents\EDGEIQ_PLATFORM\public\data\edgeiq_runner_dna_v6_full_summary.csv","413"
"C:\Users\trent\OneDrive\Documents\EDGEIQ_PLATFORM\public\data\edgeiq_runner_dna_v6_full_summary.json","472"
"C:\Users\trent\OneDrive\Documents\EDGEIQ_PLATFORM\public\data\edgeiq_runner_dna_v6_summary.csv","136"
"C:\Users\trent\OneDrive\Documents\EDGEIQ_PLATFORM\public\data\edgeiq_runner_dna_v6_summary.json","181"
"C:\Users\trent\OneDrive\Documents\EDGEIQ_PLATFORM\public\data\edgeiq_runner_dna_weight_ladder_v1_by_race.csv","7352850"
"C:\Users\trent\OneDrive\Documents\EDGEIQ_PLATFORM\public\data\edgeiq_runner_dna_weight_ladder_v1_detail.csv","98334622"
"C:\Users\trent\OneDrive\Documents\EDGEIQ_PLATFORM\public\data\edgeiq_runner_dna_weight_ladder_v1_summary.csv","666"
"C:\Users\trent\OneDrive\Documents\EDGEIQ_PLATFORM\public\data\edgeiq_runner_drawer_feed_v3.csv","359484"
"C:\Users\trent\OneDrive\Documents\EDGEIQ_PLATFORM\public\data\edgeiq_runner_drawer_feed_v3_summary.csv","259"
"C:\Users\trent\OneDrive\Documents\EDGEIQ_PLATFORM\public\data\edgeiq_runner_entity_graph_summary_v1.csv","326"
"C:\Users\trent\OneDrive\Documents\EDGEIQ_PLATFORM\public\data\edgeiq_runner_entity_graph_v1.csv","20104972"
"C:\Users\trent\OneDrive\Documents\EDGEIQ_PLATFORM\public\data\edgeiq_runner_explainability_v1.csv","147505"
"C:\Users\trent\OneDrive\Documents\EDGEIQ_PLATFORM\public\data\edgeiq_runner_explainability_v1_1.csv","161188"
"C:\Users\trent\OneDrive\Documents\EDGEIQ_PLATFORM\public\data\edgeiq_runner_explainability_v1_1_summary.csv","272"
"C:\Users\trent\OneDrive\Documents\EDGEIQ_PLATFORM\public\data\edgeiq_runner_explainability_v1_CHECKPOINT_BEFORE_CLEANUP_20260620.csv","147505"
"C:\Users\trent\OneDrive\Documents\EDGEIQ_PLATFORM\public\data\edgeiq_runner_explainability_v1_summary.csv","270"
"C:\Users\trent\OneDrive\Documents\EDGEIQ_PLATFORM\public\data\edgeiq_runner_factor_scorecard_v1_summary.csv","300"
"C:\Users\trent\OneDrive\Documents\EDGEIQ_PLATFORM\public\data\edgeiq_runner_factor_scorecard_v1_summary.json","341"
"C:\Users\trent\OneDrive\Documents\EDGEIQ_PLATFORM\public\data\edgeiq_runner_factor_scorecard_v2_summary.csv","711"
"C:\Users\trent\OneDrive\Documents\EDGEIQ_PLATFORM\public\data\edgeiq_runner_form_engine_current.csv","68494"
"C:\Users\trent\OneDrive\Documents\EDGEIQ_PLATFORM\public\data\edgeiq_runner_form_engine_current_audit.csv","873"
"C:\Users\trent\OneDrive\Documents\EDGEIQ_PLATFORM\public\data\edgeiq_runner_form_engine_current_audit_summary.csv","150"
"C:\Users\trent\OneDrive\Documents\EDGEIQ_PLATFORM\public\data\edgeiq_runner_form_engine_current_summary.csv","315"
"C:\Users\trent\OneDrive\Documents\EDGEIQ_PLATFORM\public\data\edgeiq_runner_form_engine_v1.csv","46538"
"C:\Users\trent\OneDrive\Documents\EDGEIQ_PLATFORM\public\data\edgeiq_runner_form_engine_v1_1.csv","68494"
"C:\Users\trent\OneDrive\Documents\EDGEIQ_PLATFORM\public\data\edgeiq_runner_form_engine_v1_1_summary.csv","315"
"C:\Users\trent\OneDrive\Documents\EDGEIQ_PLATFORM\public\data\edgeiq_runner_form_engine_v1_audit.csv","669"
"C:\Users\trent\OneDrive\Documents\EDGEIQ_PLATFORM\public\data\edgeiq_runner_form_engine_v1_audit_summary.csv","145"
"C:\Users\trent\OneDrive\Documents\EDGEIQ_PLATFORM\public\data\edgeiq_runner_form_engine_v1_summary.csv","268"
"C:\Users\trent\OneDrive\Documents\EDGEIQ_PLATFORM\public\data\edgeiq_runner_history_detail_v1.csv","1646238"
"C:\Users\trent\OneDrive\Documents\EDGEIQ_PLATFORM\public\data\edgeiq_runner_history_detail_v1_audit.csv","1979502"
"C:\Users\trent\OneDrive\Documents\EDGEIQ_PLATFORM\public\data\edgeiq_runner_history_detail_v1_audit_summary.csv","689"
"C:\Users\trent\OneDrive\Documents\EDGEIQ_PLATFORM\public\data\edgeiq_runner_history_detail_v1_summary.csv","422"
"C:\Users\trent\OneDrive\Documents\EDGEIQ_PLATFORM\public\data\edgeiq_runner_history_modal_v1_audit.csv","308"
"C:\Users\trent\OneDrive\Documents\EDGEIQ_PLATFORM\public\data\edgeiq_runner_intelligence_completeness_v1.csv","830"
"C:\Users\trent\OneDrive\Documents\EDGEIQ_PLATFORM\public\data\edgeiq_runner_intelligence_explainer_v1.csv","117678"
"C:\Users\trent\OneDrive\Documents\EDGEIQ_PLATFORM\public\data\edgeiq_runner_intelligence_explainer_v1_summary.csv","146"
"C:\Users\trent\OneDrive\Documents\EDGEIQ_PLATFORM\public\data\edgeiq_runner_intelligence_factors_v1.csv","138849"
"C:\Users\trent\OneDrive\Documents\EDGEIQ_PLATFORM\public\data\edgeiq_runner_intelligence_factors_v1_summary.csv","289"
"C:\Users\trent\OneDrive\Documents\EDGEIQ_PLATFORM\public\data\edgeiq_runner_intelligence_registry_v1.csv","394371"
"C:\Users\trent\OneDrive\Documents\EDGEIQ_PLATFORM\public\data\edgeiq_runner_intelligence_registry_v1_1.csv","465923"
"C:\Users\trent\OneDrive\Documents\EDGEIQ_PLATFORM\public\data\edgeiq_runner_intelligence_registry_v1_1_summary.csv","471"
"C:\Users\trent\OneDrive\Documents\EDGEIQ_PLATFORM\public\data\edgeiq_runner_intelligence_registry_v1_2.csv","581619"
"C:\Users\trent\OneDrive\Documents\EDGEIQ_PLATFORM\public\data\edgeiq_runner_intelligence_registry_v1_2_summary.csv","466"
"C:\Users\trent\OneDrive\Documents\EDGEIQ_PLATFORM\public\data\edgeiq_runner_intelligence_registry_v1_summary.csv","565"
"C:\Users\trent\OneDrive\Documents\EDGEIQ_PLATFORM\public\data\edgeiq_runner_intelligence_v1.csv","87520"
"C:\Users\trent\OneDrive\Documents\EDGEIQ_PLATFORM\public\data\edgeiq_runner_intelligence_v1_diagnostics.csv","231"
"C:\Users\trent\OneDrive\Documents\EDGEIQ_PLATFORM\public\data\edgeiq_runner_intelligence_v1_WORKING_100_RESEARCH_10_FALLBACK_20260615.csv","34892"
"C:\Users\trent\OneDrive\Documents\EDGEIQ_PLATFORM\public\data\edgeiq_runner_intelligence_v1_WORKING_EMPTY_COLUMNS_FIXED_20260615.csv","34892"
"C:\Users\trent\OneDrive\Documents\EDGEIQ_PLATFORM\public\data\edgeiq_runner_metadata_evidence_v1.csv","15689318"
"C:\Users\trent\OneDrive\Documents\EDGEIQ_PLATFORM\public\data\edgeiq_runner_metadata_summary_v1.csv","455"
"C:\Users\trent\OneDrive\Documents\EDGEIQ_PLATFORM\public\data\edgeiq_runner_pace_pressure_v1.csv","87433"
"C:\Users\trent\OneDrive\Documents\EDGEIQ_PLATFORM\public\data\edgeiq_runner_pace_pressure_v2.csv","98439"
"C:\Users\trent\OneDrive\Documents\EDGEIQ_PLATFORM\public\data\edgeiq_runner_profile_engine_current.csv","50814"
"C:\Users\trent\OneDrive\Documents\EDGEIQ_PLATFORM\public\data\edgeiq_runner_profile_engine_current_audit.csv","847"
"C:\Users\trent\OneDrive\Documents\EDGEIQ_PLATFORM\public\data\edgeiq_runner_profile_engine_current_audit_summary.csv","153"
"C:\Users\trent\OneDrive\Documents\EDGEIQ_PLATFORM\public\data\edgeiq_runner_profile_engine_current_summary.csv","302"
"C:\Users\trent\OneDrive\Documents\EDGEIQ_PLATFORM\public\data\edgeiq_runner_profile_engine_v1.csv","31380"
"C:\Users\trent\OneDrive\Documents\EDGEIQ_PLATFORM\public\data\edgeiq_runner_profile_engine_v1_1.csv","47774"
"C:\Users\trent\OneDrive\Documents\EDGEIQ_PLATFORM\public\data\edgeiq_runner_profile_engine_v1_1_summary.csv","275"
"C:\Users\trent\OneDrive\Documents\EDGEIQ_PLATFORM\public\data\edgeiq_runner_profile_engine_v1_2.csv","50814"
"C:\Users\trent\OneDrive\Documents\EDGEIQ_PLATFORM\public\data\edgeiq_runner_profile_engine_v1_2_audit.csv","819"
"C:\Users\trent\OneDrive\Documents\EDGEIQ_PLATFORM\public\data\edgeiq_runner_profile_engine_v1_2_audit_summary.csv","150"
"C:\Users\trent\OneDrive\Documents\EDGEIQ_PLATFORM\public\data\edgeiq_runner_profile_engine_v1_2_summary.csv","302"
"C:\Users\trent\OneDrive\Documents\EDGEIQ_PLATFORM\public\data\edgeiq_runner_profile_engine_v1_summary.csv","183"
"C:\Users\trent\OneDrive\Documents\EDGEIQ_PLATFORM\public\data\edgeiq_runner_profile_match_audit_v1.csv","4711"
"C:\Users\trent\OneDrive\Documents\EDGEIQ_PLATFORM\public\data\edgeiq_runner_profile_stats_source_audit_summary_v1.csv","7499"
"C:\Users\trent\OneDrive\Documents\EDGEIQ_PLATFORM\public\data\edgeiq_runner_profile_stats_source_audit_v1.csv","2429524"
"C:\Users\trent\OneDrive\Documents\EDGEIQ_PLATFORM\public\data\edgeiq_runner_profile_stats_v1.csv","39391229"
"C:\Users\trent\OneDrive\Documents\EDGEIQ_PLATFORM\public\data\edgeiq_runner_profile_stats_v1_CHECKPOINT_BEFORE_RACING_RECORD_FORMAT_20260710_082623.csv","30154678"
"C:\Users\trent\OneDrive\Documents\EDGEIQ_PLATFORM\public\data\edgeiq_runner_profile_stats_v1_coverage.csv","5101"
"C:\Users\trent\OneDrive\Documents\EDGEIQ_PLATFORM\public\data\edgeiq_runner_profile_stats_v1_coverage_CHECKPOINT_BEFORE_RACING_RECORD_FORMAT_20260710_082623.csv","3170"
"C:\Users\trent\OneDrive\Documents\EDGEIQ_PLATFORM\public\data\edgeiq_runner_projection_v3.csv","25969"
"C:\Users\trent\OneDrive\Documents\EDGEIQ_PLATFORM\public\data\edgeiq_runner_projection_v3_audit.csv","1993"
"C:\Users\trent\OneDrive\Documents\EDGEIQ_PLATFORM\public\data\edgeiq_runner_score_v1.csv","1066492"
"C:\Users\trent\OneDrive\Documents\EDGEIQ_PLATFORM\public\data\edgeiq_runner_score_v1_audit.csv","371"
"C:\Users\trent\OneDrive\Documents\EDGEIQ_PLATFORM\public\data\edgeiq_runner_score_v2.csv","1347003"
"C:\Users\trent\OneDrive\Documents\EDGEIQ_PLATFORM\public\data\edgeiq_runner_score_v2_audit.csv","454"
"C:\Users\trent\OneDrive\Documents\EDGEIQ_PLATFORM\public\data\edgeiq_runner_score_v3.csv","1470262"
"C:\Users\trent\OneDrive\Documents\EDGEIQ_PLATFORM\public\data\edgeiq_runner_score_v3_1.csv","1479164"
"C:\Users\trent\OneDrive\Documents\EDGEIQ_PLATFORM\public\data\edgeiq_runner_score_v3_1_audit.csv","403"
"C:\Users\trent\OneDrive\Documents\EDGEIQ_PLATFORM\public\data\edgeiq_runner_score_v3_audit.csv","399"
"C:\Users\trent\OneDrive\Documents\EDGEIQ_PLATFORM\public\data\edgeiq_runner_score_v4.csv","1308895"
"C:\Users\trent\OneDrive\Documents\EDGEIQ_PLATFORM\public\data\edgeiq_runner_score_v4_audit.csv","215"
"C:\Users\trent\OneDrive\Documents\EDGEIQ_PLATFORM\public\data\edgeiq_runner_score_v5.csv","656956"
"C:\Users\trent\OneDrive\Documents\EDGEIQ_PLATFORM\public\data\edgeiq_runner_score_v5_audit.csv","384"
"C:\Users\trent\OneDrive\Documents\EDGEIQ_PLATFORM\public\data\edgeiq_runner_score_v6.csv","718025"
"C:\Users\trent\OneDrive\Documents\EDGEIQ_PLATFORM\public\data\edgeiq_runner_score_v6_audit.csv","613"
"C:\Users\trent\OneDrive\Documents\EDGEIQ_PLATFORM\public\data\edgeiq_runner_sectional_performance_v1.csv","4254"
"C:\Users\trent\OneDrive\Documents\EDGEIQ_PLATFORM\public\data\edgeiq_runner_sectional_performance_v2.csv","5935"
"C:\Users\trent\OneDrive\Documents\EDGEIQ_PLATFORM\public\data\edgeiq_runner_style_profile_v1.csv","895403"
"C:\Users\trent\OneDrive\Documents\EDGEIQ_PLATFORM\public\data\edgeiq_runner_style_profile_v1_summary.csv","335"
"C:\Users\trent\OneDrive\Documents\EDGEIQ_PLATFORM\public\data\edgeiq_runner_trajectory_command_coverage_audit_v1.csv","1736"
"C:\Users\trent\OneDrive\Documents\EDGEIQ_PLATFORM\public\data\edgeiq_runner_trajectory_command_coverage_audit_v1_summary.csv","304"
"C:\Users\trent\OneDrive\Documents\EDGEIQ_PLATFORM\public\data\edgeiq_runner_trajectory_feed_v1.csv","106291"
"C:\Users\trent\OneDrive\Documents\EDGEIQ_PLATFORM\public\data\edgeiq_runner_trajectory_feed_v1_audit.csv","32232"
"C:\Users\trent\OneDrive\Documents\EDGEIQ_PLATFORM\public\data\edgeiq_runner_trajectory_feed_v1_summary.csv","303"
"C:\Users\trent\OneDrive\Documents\EDGEIQ_PLATFORM\public\data\edgeiq_runner_trend_engine_v1.csv","101972"
"C:\Users\trent\OneDrive\Documents\EDGEIQ_PLATFORM\public\data\edgeiq_runner_trend_engine_v1_summary.csv","422"
"C:\Users\trent\OneDrive\Documents\EDGEIQ_PLATFORM\public\data\edgeiq_run_style_bias_by_track_v1.csv","61518"
"C:\Users\trent\OneDrive\Documents\EDGEIQ_PLATFORM\public\data\edgeiq_run_style_bias_summary_v1.csv","193"
"C:\Users\trent\OneDrive\Documents\EDGEIQ_PLATFORM\public\data\edgeiq_run_style_bias_v1.csv","47852477"
"C:\Users\trent\OneDrive\Documents\EDGEIQ_PLATFORM\public\data\edgeiq_run_style_memory_v1.csv","356090"
"C:\Users\trent\OneDrive\Documents\EDGEIQ_PLATFORM\public\data\edgeiq_run_style_memory_v1_diagnostics.csv","200"
"C:\Users\trent\OneDrive\Documents\EDGEIQ_PLATFORM\public\data\edgeiq_saddlecloth_order_audit_v1.csv","6063"
"C:\Users\trent\OneDrive\Documents\EDGEIQ_PLATFORM\public\data\edgeiq_saddlecloth_style_audit_v1.csv","106"
"C:\Users\trent\OneDrive\Documents\EDGEIQ_PLATFORM\public\data\edgeiq_sandown_final_results_capture_v1.csv","15662"
"C:\Users\trent\OneDrive\Documents\EDGEIQ_PLATFORM\public\data\edgeiq_sandown_final_results_capture_v1_audit.csv","1750"
"C:\Users\trent\OneDrive\Documents\EDGEIQ_PLATFORM\public\data\edgeiq_score_source_trace_all_current_v1.csv","298505"
"C:\Users\trent\OneDrive\Documents\EDGEIQ_PLATFORM\public\data\edgeiq_score_source_trace_all_current_v1_summary.csv","460"
"C:\Users\trent\OneDrive\Documents\EDGEIQ_PLATFORM\public\data\edgeiq_scratchings_data_contract_v1_audit.json","1269"
"C:\Users\trent\OneDrive\Documents\EDGEIQ_PLATFORM\public\data\edgeiq_scratchings_downstream_refresh_v1_audit.json","430"
"C:\Users\trent\OneDrive\Documents\EDGEIQ_PLATFORM\public\data\edgeiq_scratchings_engineering_build_v1_audit.json","1160"
"C:\Users\trent\OneDrive\Documents\EDGEIQ_PLATFORM\public\data\edgeiq_scratchings_visual_structure_v1_audit.json","504"
"C:\Users\trent\OneDrive\Documents\EDGEIQ_PLATFORM\public\data\edgeiq_scratching_governance_removed_v1.csv","23564"
"C:\Users\trent\OneDrive\Documents\EDGEIQ_PLATFORM\public\data\edgeiq_scratching_governance_summary_v1.csv","599"
"C:\Users\trent\OneDrive\Documents\EDGEIQ_PLATFORM\public\data\edgeiq_scratch_recalibration_audit_v1.csv","13468"
"C:\Users\trent\OneDrive\Documents\EDGEIQ_PLATFORM\public\data\edgeiq_scratch_recalibration_summary_v1.csv","1611"
"C:\Users\trent\OneDrive\Documents\EDGEIQ_PLATFORM\public\data\edgeiq_script_dependency_map_v1.csv","730702"
"C:\Users\trent\OneDrive\Documents\EDGEIQ_PLATFORM\public\data\edgeiq_sectionals_retry_queue_summary_v1.csv","208"
"C:\Users\trent\OneDrive\Documents\EDGEIQ_PLATFORM\public\data\edgeiq_sectionals_retry_queue_v1.csv","20192"
"C:\Users\trent\OneDrive\Documents\EDGEIQ_PLATFORM\public\data\edgeiq_sectional_ability_engine_v1.csv","333257"
"C:\Users\trent\OneDrive\Documents\EDGEIQ_PLATFORM\public\data\edgeiq_sectional_ability_engine_v1_audit.csv","234"
"C:\Users\trent\OneDrive\Documents\EDGEIQ_PLATFORM\public\data\edgeiq_sectional_ability_engine_v2.csv","524439"
"C:\Users\trent\OneDrive\Documents\EDGEIQ_PLATFORM\public\data\edgeiq_sectional_ability_engine_v2_audit.csv","268"
"C:\Users\trent\OneDrive\Documents\EDGEIQ_PLATFORM\public\data\edgeiq_sectional_ability_engine_v3.csv","3541457"
"C:\Users\trent\OneDrive\Documents\EDGEIQ_PLATFORM\public\data\edgeiq_sectional_ability_engine_v3_audit.csv","460"
"C:\Users\trent\OneDrive\Documents\EDGEIQ_PLATFORM\public\data\edgeiq_sectional_ability_ui_feed_v1.csv","2777197"
"C:\Users\trent\OneDrive\Documents\EDGEIQ_PLATFORM\public\data\edgeiq_sectional_ability_ui_feed_v1_audit.csv","242"
"C:\Users\trent\OneDrive\Documents\EDGEIQ_PLATFORM\public\data\edgeiq_sectional_acquisition_priority_v1.csv","8460"
"C:\Users\trent\OneDrive\Documents\EDGEIQ_PLATFORM\public\data\edgeiq_sectional_ambiguity_diagnostics_v1.csv","15019429"
"C:\Users\trent\OneDrive\Documents\EDGEIQ_PLATFORM\public\data\edgeiq_sectional_ambiguity_summary_v1.csv","396"
"C:\Users\trent\OneDrive\Documents\EDGEIQ_PLATFORM\public\data\edgeiq_sectional_archetype_cluster_summary_v1.csv","578"
"C:\Users\trent\OneDrive\Documents\EDGEIQ_PLATFORM\public\data\edgeiq_sectional_archetype_cluster_v1.csv","117083"
"C:\Users\trent\OneDrive\Documents\EDGEIQ_PLATFORM\public\data\edgeiq_sectional_coverage_strategy_v1.csv","13752"
"C:\Users\trent\OneDrive\Documents\EDGEIQ_PLATFORM\public\data\edgeiq_sectional_coverage_strategy_v1_summary.csv","574"
"C:\Users\trent\OneDrive\Documents\EDGEIQ_PLATFORM\public\data\edgeiq_sectional_data_access_feasibility_v1.csv","96202"
"C:\Users\trent\OneDrive\Documents\EDGEIQ_PLATFORM\public\data\edgeiq_sectional_data_access_feasibility_v1_summary.csv","1267"
"C:\Users\trent\OneDrive\Documents\EDGEIQ_PLATFORM\public\data\edgeiq_sectional_discovered_links_v1.csv","1043574"
"C:\Users\trent\OneDrive\Documents\EDGEIQ_PLATFORM\public\data\edgeiq_sectional_duplicate_conflicts_v1.csv","6479625"
"C:\Users\trent\OneDrive\Documents\EDGEIQ_PLATFORM\public\data\edgeiq_sectional_edge_detection_summary_v1.csv","497"
"C:\Users\trent\OneDrive\Documents\EDGEIQ_PLATFORM\public\data\edgeiq_sectional_edge_detection_v1.csv","152918"
"C:\Users\trent\OneDrive\Documents\EDGEIQ_PLATFORM\public\data\edgeiq_sectional_failure_diagnostics_summary_v1.csv","226"
"C:\Users\trent\OneDrive\Documents\EDGEIQ_PLATFORM\public\data\edgeiq_sectional_failure_diagnostics_v1.csv","15164"
"C:\Users\trent\OneDrive\Documents\EDGEIQ_PLATFORM\public\data\edgeiq_sectional_feature_engine_v1.csv","83517"
"C:\Users\trent\OneDrive\Documents\EDGEIQ_PLATFORM\public\data\edgeiq_sectional_feature_engine_v2.csv","393269"
"C:\Users\trent\OneDrive\Documents\EDGEIQ_PLATFORM\public\data\edgeiq_sectional_feature_engine_v2_diagnostics.csv","133"
"C:\Users\trent\OneDrive\Documents\EDGEIQ_PLATFORM\public\data\edgeiq_sectional_feature_summary_v1.csv","320"
"C:\Users\trent\OneDrive\Documents\EDGEIQ_PLATFORM\public\data\edgeiq_sectional_field_composition_match_v1.csv","1821921"
"C:\Users\trent\OneDrive\Documents\EDGEIQ_PLATFORM\public\data\edgeiq_sectional_field_composition_summary_v1.csv","220"
"C:\Users\trent\OneDrive\Documents\EDGEIQ_PLATFORM\public\data\edgeiq_sectional_health_engine.csv","2209"
"C:\Users\trent\OneDrive\Documents\EDGEIQ_PLATFORM\public\data\edgeiq_sectional_health_summary.csv","799"
"C:\Users\trent\OneDrive\Documents\EDGEIQ_PLATFORM\public\data\edgeiq_sectional_identity_engine_v1.csv","17335028"
"C:\Users\trent\OneDrive\Documents\EDGEIQ_PLATFORM\public\data\edgeiq_sectional_identity_engine_v2.csv","29447134"
"C:\Users\trent\OneDrive\Documents\EDGEIQ_PLATFORM\public\data\edgeiq_sectional_identity_engine_v3.csv","24839977"
"C:\Users\trent\OneDrive\Documents\EDGEIQ_PLATFORM\public\data\edgeiq_sectional_identity_summary_v1.csv","258"
"C:\Users\trent\OneDrive\Documents\EDGEIQ_PLATFORM\public\data\edgeiq_sectional_identity_summary_v2.csv","323"
"C:\Users\trent\OneDrive\Documents\EDGEIQ_PLATFORM\public\data\edgeiq_sectional_identity_summary_v3.csv","401"
"C:\Users\trent\OneDrive\Documents\EDGEIQ_PLATFORM\public\data\edgeiq_sectional_intelligence_diagnostics_v1.csv","443"
"C:\Users\trent\OneDrive\Documents\EDGEIQ_PLATFORM\public\data\edgeiq_sectional_intelligence_summary_v1.csv","64"
"C:\Users\trent\OneDrive\Documents\EDGEIQ_PLATFORM\public\data\edgeiq_sectional_intelligence_ui_feed_v1.csv","66084"
"C:\Users\trent\OneDrive\Documents\EDGEIQ_PLATFORM\public\data\edgeiq_sectional_intelligence_ui_feed_v1_audit.csv","214"
"C:\Users\trent\OneDrive\Documents\EDGEIQ_PLATFORM\public\data\edgeiq_sectional_intelligence_v1.csv","202345938"
"C:\Users\trent\OneDrive\Documents\EDGEIQ_PLATFORM\public\data\edgeiq_sectional_intelligence_v2.csv","511341"
"C:\Users\trent\OneDrive\Documents\EDGEIQ_PLATFORM\public\data\edgeiq_sectional_intelligence_v2_diagnostics.csv","144"
"C:\Users\trent\OneDrive\Documents\EDGEIQ_PLATFORM\public\data\edgeiq_sectional_market_comparison_summary_v1.csv","234"
"C:\Users\trent\OneDrive\Documents\EDGEIQ_PLATFORM\public\data\edgeiq_sectional_market_comparison_summary_v2.csv","1124"
"C:\Users\trent\OneDrive\Documents\EDGEIQ_PLATFORM\public\data\edgeiq_sectional_market_comparison_v1.csv","124740"
"C:\Users\trent\OneDrive\Documents\EDGEIQ_PLATFORM\public\data\edgeiq_sectional_market_comparison_v2.csv","162153"
"C:\Users\trent\OneDrive\Documents\EDGEIQ_PLATFORM\public\data\edgeiq_sectional_master_diagnostics_v1.csv","94"
"C:\Users\trent\OneDrive\Documents\EDGEIQ_PLATFORM\public\data\edgeiq_sectional_master_reconciliation_v1.csv","21549316"
"C:\Users\trent\OneDrive\Documents\EDGEIQ_PLATFORM\public\data\edgeiq_sectional_master_summary_v1.csv","239"
"C:\Users\trent\OneDrive\Documents\EDGEIQ_PLATFORM\public\data\edgeiq_sectional_master_v1.csv","51818"
"C:\Users\trent\OneDrive\Documents\EDGEIQ_PLATFORM\public\data\edgeiq_sectional_match_quality_actions_v1.csv","2676"
"C:\Users\trent\OneDrive\Documents\EDGEIQ_PLATFORM\public\data\edgeiq_sectional_match_quality_audit_v1.csv","1452"
"C:\Users\trent\OneDrive\Documents\EDGEIQ_PLATFORM\public\data\edgeiq_sectional_match_quality_by_reason_v1.csv","228"
"C:\Users\trent\OneDrive\Documents\EDGEIQ_PLATFORM\public\data\edgeiq_sectional_model_repair_backlog_v1.csv","458"
"C:\Users\trent\OneDrive\Documents\EDGEIQ_PLATFORM\public\data\edgeiq_sectional_normalisation_v1.csv","21569"
"C:\Users\trent\OneDrive\Documents\EDGEIQ_PLATFORM\public\data\edgeiq_sectional_outcome_tracking_summary_v1.csv","519"
"C:\Users\trent\OneDrive\Documents\EDGEIQ_PLATFORM\public\data\edgeiq_sectional_outcome_tracking_v1.csv","118746"
"C:\Users\trent\OneDrive\Documents\EDGEIQ_PLATFORM\public\data\edgeiq_sectional_payload_quality_backlog_v1.csv","1057"
"C:\Users\trent\OneDrive\Documents\EDGEIQ_PLATFORM\public\data\edgeiq_sectional_payload_quality_summary_v1.csv","500"
"C:\Users\trent\OneDrive\Documents\EDGEIQ_PLATFORM\public\data\edgeiq_sectional_payload_quality_v1.csv","8506237"
"C:\Users\trent\OneDrive\Documents\EDGEIQ_PLATFORM\public\data\edgeiq_sectional_payload_reconstruction_summary_v1.csv","343"
"C:\Users\trent\OneDrive\Documents\EDGEIQ_PLATFORM\public\data\edgeiq_sectional_payload_reconstruction_v1.csv","30037315"
"C:\Users\trent\OneDrive\Documents\EDGEIQ_PLATFORM\public\data\edgeiq_sectional_physics_summary_v1.csv","211"
"C:\Users\trent\OneDrive\Documents\EDGEIQ_PLATFORM\public\data\edgeiq_sectional_physics_validation_v1.csv","27392404"
"C:\Users\trent\OneDrive\Documents\EDGEIQ_PLATFORM\public\data\edgeiq_sectional_pipeline_audit.csv","8415"
"C:\Users\trent\OneDrive\Documents\EDGEIQ_PLATFORM\public\data\edgeiq_sectional_pipeline_summary.csv","244"
"C:\Users\trent\OneDrive\Documents\EDGEIQ_PLATFORM\public\data\edgeiq_sectional_position_audit_v1.json","2057"
"C:\Users\trent\OneDrive\Documents\EDGEIQ_PLATFORM\public\data\edgeiq_sectional_position_audit_v1_summary.csv","1962"
"C:\Users\trent\OneDrive\Documents\EDGEIQ_PLATFORM\public\data\edgeiq_sectional_position_column_audit_v1.csv","878863"
"C:\Users\trent\OneDrive\Documents\EDGEIQ_PLATFORM\public\data\edgeiq_sectional_position_source_audit_v1.csv","58492"
"C:\Users\trent\OneDrive\Documents\EDGEIQ_PLATFORM\public\data\edgeiq_sectional_probability_realism_summary_v1.csv","306"
"C:\Users\trent\OneDrive\Documents\EDGEIQ_PLATFORM\public\data\edgeiq_sectional_probability_realism_v1.csv","132836"
"C:\Users\trent\OneDrive\Documents\EDGEIQ_PLATFORM\public\data\edgeiq_sectional_profiles_v1.csv","459818"
"C:\Users\trent\OneDrive\Documents\EDGEIQ_PLATFORM\public\data\edgeiq_sectional_profiles_v1_audit.csv","203"
"C:\Users\trent\OneDrive\Documents\EDGEIQ_PLATFORM\public\data\edgeiq_sectional_profiles_v2.csv","2039426"
"C:\Users\trent\OneDrive\Documents\EDGEIQ_PLATFORM\public\data\edgeiq_sectional_profiles_v2_audit.csv","333"
"C:\Users\trent\OneDrive\Documents\EDGEIQ_PLATFORM\public\data\edgeiq_sectional_promotion_audit_summary_v1.csv","342"
"C:\Users\trent\OneDrive\Documents\EDGEIQ_PLATFORM\public\data\edgeiq_sectional_promotion_audit_v1.csv","17542824"
"C:\Users\trent\OneDrive\Documents\EDGEIQ_PLATFORM\public\data\edgeiq_sectional_resolution_backlog_summary_v1.csv","222"
"C:\Users\trent\OneDrive\Documents\EDGEIQ_PLATFORM\public\data\edgeiq_sectional_resolution_backlog_v1.csv","15530615"
"C:\Users\trent\OneDrive\Documents\EDGEIQ_PLATFORM\public\data\edgeiq_sectional_sandbox_lab_v1.csv","97802"
"C:\Users\trent\OneDrive\Documents\EDGEIQ_PLATFORM\public\data\edgeiq_sectional_sandbox_summary_v1.csv","128"
"C:\Users\trent\OneDrive\Documents\EDGEIQ_PLATFORM\public\data\edgeiq_sectional_schema_v2.csv","22267"
"C:\Users\trent\OneDrive\Documents\EDGEIQ_PLATFORM\public\data\edgeiq_sectional_scraper_inventory.csv","34751"
"C:\Users\trent\OneDrive\Documents\EDGEIQ_PLATFORM\public\data\edgeiq_sectional_signal_calibration_summary_v1.csv","890"
"C:\Users\trent\OneDrive\Documents\EDGEIQ_PLATFORM\public\data\edgeiq_sectional_signal_calibration_v1.csv","181680"
"C:\Users\trent\OneDrive\Documents\EDGEIQ_PLATFORM\public\data\edgeiq_sectional_source_coverage_audit_v1.csv","12838"
"C:\Users\trent\OneDrive\Documents\EDGEIQ_PLATFORM\public\data\edgeiq_sectional_source_coverage_summary_v1.csv","444"
"C:\Users\trent\OneDrive\Documents\EDGEIQ_PLATFORM\public\data\edgeiq_sectional_source_diagnostics_v1.csv","151"
"C:\Users\trent\OneDrive\Documents\EDGEIQ_PLATFORM\public\data\edgeiq_sectional_source_expansion_v1.csv","57032"
"C:\Users\trent\OneDrive\Documents\EDGEIQ_PLATFORM\public\data\edgeiq_sectional_source_expansion_v1_summary.csv","842"
"C:\Users\trent\OneDrive\Documents\EDGEIQ_PLATFORM\public\data\edgeiq_sectional_source_ingestion_v1.csv","3973896"
"C:\Users\trent\OneDrive\Documents\EDGEIQ_PLATFORM\public\data\edgeiq_sectional_speed_map_positions_v2.csv","198109"
"C:\Users\trent\OneDrive\Documents\EDGEIQ_PLATFORM\public\data\edgeiq_sectional_speed_map_positions_v2_audit.csv","339"
"C:\Users\trent\OneDrive\Documents\EDGEIQ_PLATFORM\public\data\edgeiq_sectional_speed_map_positions_v3.csv","253846"
"C:\Users\trent\OneDrive\Documents\EDGEIQ_PLATFORM\public\data\edgeiq_sectional_speed_map_positions_v3_audit.csv","360"
"C:\Users\trent\OneDrive\Documents\EDGEIQ_PLATFORM\public\data\edgeiq_sectional_strength_engine_v1.csv","3581390"
"C:\Users\trent\OneDrive\Documents\EDGEIQ_PLATFORM\public\data\edgeiq_sectional_strength_engine_v1_audit.csv","319"
"C:\Users\trent\OneDrive\Documents\EDGEIQ_PLATFORM\public\data\edgeiq_sectional_strength_runs_v1.csv","11894108"
"C:\Users\trent\OneDrive\Documents\EDGEIQ_PLATFORM\public\data\edgeiq_sectional_strength_v2.csv","6226069"
"C:\Users\trent\OneDrive\Documents\EDGEIQ_PLATFORM\public\data\edgeiq_sectional_strength_v2_audit.csv","524"
"C:\Users\trent\OneDrive\Documents\EDGEIQ_PLATFORM\public\data\edgeiq_sectional_tempo_engine_v1.csv","62608"
"C:\Users\trent\OneDrive\Documents\EDGEIQ_PLATFORM\public\data\edgeiq_sectional_tempo_engine_v1_diagnostics.csv","171"
"C:\Users\trent\OneDrive\Documents\EDGEIQ_PLATFORM\public\data\edgeiq_sectional_validation_engine.csv","32583"
"C:\Users\trent\OneDrive\Documents\EDGEIQ_PLATFORM\public\data\edgeiq_sectional_validation_summary.csv","131"
"C:\Users\trent\OneDrive\Documents\EDGEIQ_PLATFORM\public\data\edgeiq_sectional_value_plays_v1.csv","75945"
"C:\Users\trent\OneDrive\Documents\EDGEIQ_PLATFORM\public\data\edgeiq_sectional_value_plays_v1_audit.csv","264"
"C:\Users\trent\OneDrive\Documents\EDGEIQ_PLATFORM\public\data\edgeiq_self_adaptive_policy_diagnostics_v2.csv","537"
"C:\Users\trent\OneDrive\Documents\EDGEIQ_PLATFORM\public\data\edgeiq_self_adaptive_policy_v2.csv","2887"
"C:\Users\trent\OneDrive\Documents\EDGEIQ_PLATFORM\public\data\edgeiq_settlement_board.csv","142112"
"C:\Users\trent\OneDrive\Documents\EDGEIQ_PLATFORM\public\data\edgeiq_settlement_board_PRE_RECOVERY_ENGINE.csv","142143"
"C:\Users\trent\OneDrive\Documents\EDGEIQ_PLATFORM\public\data\edgeiq_shadow_eligibility_inspection_v1.csv","1315"
"C:\Users\trent\OneDrive\Documents\EDGEIQ_PLATFORM\public\data\edgeiq_shadow_eligibility_summary_v1.csv","459"
"C:\Users\trent\OneDrive\Documents\EDGEIQ_PLATFORM\public\data\edgeiq_shadow_environment_state_v1.csv","5668"
"C:\Users\trent\OneDrive\Documents\EDGEIQ_PLATFORM\public\data\edgeiq_shadow_environment_watchlist_v1.csv","8423"
"C:\Users\trent\OneDrive\Documents\EDGEIQ_PLATFORM\public\data\edgeiq_shadow_out_of_sample_summary_v1.csv","315"
"C:\Users\trent\OneDrive\Documents\EDGEIQ_PLATFORM\public\data\edgeiq_shadow_out_of_sample_tracker_v1.csv","6305"
"C:\Users\trent\OneDrive\Documents\EDGEIQ_PLATFORM\public\data\edgeiq_shadow_research_loop_summary_v1.csv","368"
"C:\Users\trent\OneDrive\Documents\EDGEIQ_PLATFORM\public\data\edgeiq_shadow_research_loop_v1.csv","6461"
"C:\Users\trent\OneDrive\Documents\EDGEIQ_PLATFORM\public\data\edgeiq_shadow_stability_controls_v1.csv","2544"
"C:\Users\trent\OneDrive\Documents\EDGEIQ_PLATFORM\public\data\edgeiq_shadow_stability_summary_v1.csv","363"
"C:\Users\trent\OneDrive\Documents\EDGEIQ_PLATFORM\public\data\edgeiq_shadow_validation_engine_v1.csv","129639"
"C:\Users\trent\OneDrive\Documents\EDGEIQ_PLATFORM\public\data\edgeiq_shadow_validation_summary_v1.csv","210"
"C:\Users\trent\OneDrive\Documents\EDGEIQ_PLATFORM\public\data\edgeiq_signal_filter_v2_recommended_rules.csv","423"
"C:\Users\trent\OneDrive\Documents\EDGEIQ_PLATFORM\public\data\edgeiq_signal_filter_v2_replay_sweep.csv","21262"
"C:\Users\trent\OneDrive\Documents\EDGEIQ_PLATFORM\public\data\edgeiq_signal_filter_v2_replay_sweep_summary.csv","623"
"C:\Users\trent\OneDrive\Documents\EDGEIQ_PLATFORM\public\data\edgeiq_signal_history_v1.csv","2762"
"C:\Users\trent\OneDrive\Documents\EDGEIQ_PLATFORM\public\data\edgeiq_signal_history_v1_date_repair_audit.csv","70"
"C:\Users\trent\OneDrive\Documents\EDGEIQ_PLATFORM\public\data\edgeiq_signal_history_v1_settled.csv","3844"
"C:\Users\trent\OneDrive\Documents\EDGEIQ_PLATFORM\public\data\edgeiq_signal_history_v1_settlement_summary.csv","127"
"C:\Users\trent\OneDrive\Documents\EDGEIQ_PLATFORM\public\data\edgeiq_signal_history_v1_summary.csv","95"
"C:\Users\trent\OneDrive\Documents\EDGEIQ_PLATFORM\public\data\edgeiq_signal_performance_by_action_v1.csv","223"
"C:\Users\trent\OneDrive\Documents\EDGEIQ_PLATFORM\public\data\edgeiq_signal_performance_by_confidence_v1.csv","168"
"C:\Users\trent\OneDrive\Documents\EDGEIQ_PLATFORM\public\data\edgeiq_signal_performance_by_governance_v1.csv","172"
"C:\Users\trent\OneDrive\Documents\EDGEIQ_PLATFORM\public\data\edgeiq_signal_settlement_from_results_v1_summary.csv","181"
"C:\Users\trent\OneDrive\Documents\EDGEIQ_PLATFORM\public\data\edgeiq_signal_stack.csv","145892"
"C:\Users\trent\OneDrive\Documents\EDGEIQ_PLATFORM\public\data\edgeiq_silk_enrichment_diagnostics.csv","68868"
"C:\Users\trent\OneDrive\Documents\EDGEIQ_PLATFORM\public\data\edgeiq_single_product_shell_v1_summary.csv","2323"
"C:\Users\trent\OneDrive\Documents\EDGEIQ_PLATFORM\public\data\edgeiq_site_live_today_tomorrow_v1.csv","42350"
"C:\Users\trent\OneDrive\Documents\EDGEIQ_PLATFORM\public\data\edgeiq_site_results_queue_v1.csv","119422"
"C:\Users\trent\OneDrive\Documents\EDGEIQ_PLATFORM\public\data\edgeiq_snapshot_count_mismatch_v1.csv","493"
"C:\Users\trent\OneDrive\Documents\EDGEIQ_PLATFORM\public\data\edgeiq_snapshot_count_mismatch_v1_summary.csv","2412"
"C:\Users\trent\OneDrive\Documents\EDGEIQ_PLATFORM\public\data\edgeiq_specialist_profiles_v1.csv","2979230"
"C:\Users\trent\OneDrive\Documents\EDGEIQ_PLATFORM\public\data\edgeiq_specialist_profiles_v1_summary.csv","445"
"C:\Users\trent\OneDrive\Documents\EDGEIQ_PLATFORM\public\data\edgeiq_speed_best_sources_v1.csv","15085"
"C:\Users\trent\OneDrive\Documents\EDGEIQ_PLATFORM\public\data\edgeiq_speed_candidate_columns_v1.csv","3834629"
"C:\Users\trent\OneDrive\Documents\EDGEIQ_PLATFORM\public\data\edgeiq_speed_column_inventory_summary_v1.csv","190"
"C:\Users\trent\OneDrive\Documents\EDGEIQ_PLATFORM\public\data\edgeiq_speed_column_inventory_v1.csv","2342204"
"C:\Users\trent\OneDrive\Documents\EDGEIQ_PLATFORM\public\data\edgeiq_speed_map_tempo_source_repair_v1.csv","37029"
"C:\Users\trent\OneDrive\Documents\EDGEIQ_PLATFORM\public\data\edgeiq_speed_map_tempo_source_repair_v1_summary.csv","1285"
"C:\Users\trent\OneDrive\Documents\EDGEIQ_PLATFORM\public\data\edgeiq_speed_master_quality_summary_v1.csv","925"
"C:\Users\trent\OneDrive\Documents\EDGEIQ_PLATFORM\public\data\edgeiq_speed_master_quality_v1.csv","408"
"C:\Users\trent\OneDrive\Documents\EDGEIQ_PLATFORM\public\data\edgeiq_speed_master_summary_v1.csv","1920"
"C:\Users\trent\OneDrive\Documents\EDGEIQ_PLATFORM\public\data\edgeiq_speed_master_v1.csv","295358552"
"C:\Users\trent\OneDrive\Documents\EDGEIQ_PLATFORM\public\data\edgeiq_speed_retry_engine_summary_v1.csv","82"
"C:\Users\trent\OneDrive\Documents\EDGEIQ_PLATFORM\public\data\edgeiq_speed_retry_engine_v1.csv","11741011"
"C:\Users\trent\OneDrive\Documents\EDGEIQ_PLATFORM\public\data\edgeiq_speed_source_coverage_summary_v1.csv","247"
"C:\Users\trent\OneDrive\Documents\EDGEIQ_PLATFORM\public\data\edgeiq_speed_source_coverage_v1.csv","690840"
"C:\Users\trent\OneDrive\Documents\EDGEIQ_PLATFORM\public\data\edgeiq_spell_prep_dna_v1.csv","16316335"
"C:\Users\trent\OneDrive\Documents\EDGEIQ_PLATFORM\public\data\edgeiq_spell_prep_dna_v1_summary.csv","578"
"C:\Users\trent\OneDrive\Documents\EDGEIQ_PLATFORM\public\data\edgeiq_sp_bias_audit_v1_by_finish_bucket.csv","515"
"C:\Users\trent\OneDrive\Documents\EDGEIQ_PLATFORM\public\data\edgeiq_sp_bias_audit_v1_by_finish_position.csv","1211"
"C:\Users\trent\OneDrive\Documents\EDGEIQ_PLATFORM\public\data\edgeiq_sp_bias_audit_v1_by_governance.csv","680"
"C:\Users\trent\OneDrive\Documents\EDGEIQ_PLATFORM\public\data\edgeiq_sp_bias_audit_v1_by_rank.csv","653"
"C:\Users\trent\OneDrive\Documents\EDGEIQ_PLATFORM\public\data\edgeiq_sp_bias_audit_v1_by_score_band.csv","923"
"C:\Users\trent\OneDrive\Documents\EDGEIQ_PLATFORM\public\data\edgeiq_sp_bias_audit_v1_by_track.csv","6041"
"C:\Users\trent\OneDrive\Documents\EDGEIQ_PLATFORM\public\data\edgeiq_sp_bias_audit_v1_by_year.csv","451"
"C:\Users\trent\OneDrive\Documents\EDGEIQ_PLATFORM\public\data\edgeiq_sp_bias_audit_v1_summary.csv","530"
"C:\Users\trent\OneDrive\Documents\EDGEIQ_PLATFORM\public\data\edgeiq_sp_coverage_diagnosis_v1.csv","3286486"
"C:\Users\trent\OneDrive\Documents\EDGEIQ_PLATFORM\public\data\edgeiq_sp_coverage_diagnosis_v1_by_class.csv","243"
"C:\Users\trent\OneDrive\Documents\EDGEIQ_PLATFORM\public\data\edgeiq_sp_coverage_diagnosis_v1_by_environment.csv","464"
"C:\Users\trent\OneDrive\Documents\EDGEIQ_PLATFORM\public\data\edgeiq_sp_coverage_diagnosis_v1_by_field_size.csv","435"
"C:\Users\trent\OneDrive\Documents\EDGEIQ_PLATFORM\public\data\edgeiq_sp_coverage_diagnosis_v1_by_result.csv","278"
"C:\Users\trent\OneDrive\Documents\EDGEIQ_PLATFORM\public\data\edgeiq_sp_coverage_diagnosis_v1_by_track.csv","4629"
"C:\Users\trent\OneDrive\Documents\EDGEIQ_PLATFORM\public\data\edgeiq_sp_coverage_diagnosis_v1_by_trust.csv","409"
"C:\Users\trent\OneDrive\Documents\EDGEIQ_PLATFORM\public\data\edgeiq_sp_coverage_diagnosis_v1_by_year.csv","389"
"C:\Users\trent\OneDrive\Documents\EDGEIQ_PLATFORM\public\data\edgeiq_sp_coverage_diagnosis_v1_summary.csv","400"
"C:\Users\trent\OneDrive\Documents\EDGEIQ_PLATFORM\public\data\edgeiq_sp_join_trace_summary_v1.csv","193"
"C:\Users\trent\OneDrive\Documents\EDGEIQ_PLATFORM\public\data\edgeiq_sp_join_trace_v1.csv","86249647"
"C:\Users\trent\OneDrive\Documents\EDGEIQ_PLATFORM\public\data\edgeiq_sp_market_integrity_audit_v1.csv","755013"
"C:\Users\trent\OneDrive\Documents\EDGEIQ_PLATFORM\public\data\edgeiq_sp_performance_profiles_graphql_v1.csv","802138"
"C:\Users\trent\OneDrive\Documents\EDGEIQ_PLATFORM\public\data\edgeiq_sp_profile_universe_audit_v1.csv","10171007"
"C:\Users\trent\OneDrive\Documents\EDGEIQ_PLATFORM\public\data\edgeiq_sp_profile_universe_audit_v1_summary.csv","357"
"C:\Users\trent\OneDrive\Documents\EDGEIQ_PLATFORM\public\data\edgeiq_sp_winner_loser_integrity_v1.csv","533483"
"C:\Users\trent\OneDrive\Documents\EDGEIQ_PLATFORM\public\data\edgeiq_stable_intent_engine_v1.csv","79780"
"C:\Users\trent\OneDrive\Documents\EDGEIQ_PLATFORM\public\data\edgeiq_stable_intent_engine_v1_1_rebalance.csv","96536"
"C:\Users\trent\OneDrive\Documents\EDGEIQ_PLATFORM\public\data\edgeiq_stable_intent_engine_v1_1_rebalance_summary.csv","171"
"C:\Users\trent\OneDrive\Documents\EDGEIQ_PLATFORM\public\data\edgeiq_stable_intent_engine_v1_CHECKPOINT_20260623.csv","79780"
"C:\Users\trent\OneDrive\Documents\EDGEIQ_PLATFORM\public\data\edgeiq_stable_intent_engine_v1_score_audit.csv","17103"
"C:\Users\trent\OneDrive\Documents\EDGEIQ_PLATFORM\public\data\edgeiq_stable_intent_engine_v1_summary.csv","239"
"C:\Users\trent\OneDrive\Documents\EDGEIQ_PLATFORM\public\data\edgeiq_stable_intent_engine_v1_summary_CHECKPOINT_20260623.csv","239"
"C:\Users\trent\OneDrive\Documents\EDGEIQ_PLATFORM\public\data\edgeiq_stable_regime_isolation_summary_v1.csv","371"
"C:\Users\trent\OneDrive\Documents\EDGEIQ_PLATFORM\public\data\edgeiq_stable_regime_isolation_v1.csv","14484"
"C:\Users\trent\OneDrive\Documents\EDGEIQ_PLATFORM\public\data\edgeiq_stable_regime_persistence_v1.csv","3514"
"C:\Users\trent\OneDrive\Documents\EDGEIQ_PLATFORM\public\data\edgeiq_stable_rider_relationship_profiles_graphql_v1.csv","357951"
"C:\Users\trent\OneDrive\Documents\EDGEIQ_PLATFORM\public\data\edgeiq_stage_of_prep_engine_v1_summary.csv","304"
"C:\Users\trent\OneDrive\Documents\EDGEIQ_PLATFORM\public\data\edgeiq_stage_of_prep_engine_v2_graphql_summary.csv","270"
"C:\Users\trent\OneDrive\Documents\EDGEIQ_PLATFORM\public\data\edgeiq_standardised_sectionals_examples_v1.csv","24803"
"C:\Users\trent\OneDrive\Documents\EDGEIQ_PLATFORM\public\data\edgeiq_standardised_sectionals_summary_v1.csv","365"
"C:\Users\trent\OneDrive\Documents\EDGEIQ_PLATFORM\public\data\edgeiq_standardised_sectionals_v1.csv","408819581"
"C:\Users\trent\OneDrive\Documents\EDGEIQ_PLATFORM\public\data\edgeiq_standard_times_examples_v1.csv","8105"
"C:\Users\trent\OneDrive\Documents\EDGEIQ_PLATFORM\public\data\edgeiq_standard_times_summary_v1.csv","201"
"C:\Users\trent\OneDrive\Documents\EDGEIQ_PLATFORM\public\data\edgeiq_standard_times_v1.csv","846474"
"C:\Users\trent\OneDrive\Documents\EDGEIQ_PLATFORM\public\data\edgeiq_standard_time_fact_recovered_v1.csv","385866"
"C:\Users\trent\OneDrive\Documents\EDGEIQ_PLATFORM\public\data\edgeiq_standard_time_fact_v1.csv","385866"
"C:\Users\trent\OneDrive\Documents\EDGEIQ_PLATFORM\public\data\edgeiq_standard_time_fact_v1_audit.json","48409"
"C:\Users\trent\OneDrive\Documents\EDGEIQ_PLATFORM\public\data\edgeiq_standard_time_performance_facts_from_results_v1.csv","115701"
"C:\Users\trent\OneDrive\Documents\EDGEIQ_PLATFORM\public\data\edgeiq_starter_only_calibration_by_price_band_v2.csv","508"
"C:\Users\trent\OneDrive\Documents\EDGEIQ_PLATFORM\public\data\edgeiq_starter_only_calibration_by_probability_band_v2.csv","450"
"C:\Users\trent\OneDrive\Documents\EDGEIQ_PLATFORM\public\data\edgeiq_starter_only_calibration_v2.csv","290"
"C:\Users\trent\OneDrive\Documents\EDGEIQ_PLATFORM\public\data\edgeiq_starter_only_calibration_v2_audit.csv","1967"
"C:\Users\trent\OneDrive\Documents\EDGEIQ_PLATFORM\public\data\edgeiq_strength_adjusted_ratings_v1.csv","559701"
"C:\Users\trent\OneDrive\Documents\EDGEIQ_PLATFORM\public\data\edgeiq_strength_adjusted_ratings_v1_audit.csv","217"
"C:\Users\trent\OneDrive\Documents\EDGEIQ_PLATFORM\public\data\edgeiq_strength_adjusted_ratings_v2.csv","739163"
"C:\Users\trent\OneDrive\Documents\EDGEIQ_PLATFORM\public\data\edgeiq_strength_adjusted_ratings_v2_audit.csv","368"
"C:\Users\trent\OneDrive\Documents\EDGEIQ_PLATFORM\public\data\edgeiq_strength_adjusted_ratings_v3.csv","842970"
"C:\Users\trent\OneDrive\Documents\EDGEIQ_PLATFORM\public\data\edgeiq_strength_adjusted_ratings_v3_audit.csv","423"
"C:\Users\trent\OneDrive\Documents\EDGEIQ_PLATFORM\public\data\edgeiq_strength_adjusted_ratings_v3_environment.csv","2372131"
"C:\Users\trent\OneDrive\Documents\EDGEIQ_PLATFORM\public\data\edgeiq_strength_adjusted_ratings_v3_environment_audit.csv","402"
"C:\Users\trent\OneDrive\Documents\EDGEIQ_PLATFORM\public\data\edgeiq_strength_adjusted_ratings_v3_environment_summary.csv","615"
"C:\Users\trent\OneDrive\Documents\EDGEIQ_PLATFORM\public\data\edgeiq_strength_adjusted_ratings_v3_replay.csv","1355930"
"C:\Users\trent\OneDrive\Documents\EDGEIQ_PLATFORM\public\data\edgeiq_strength_adjusted_ratings_v3_replay_by_environment_band.csv","975"
"C:\Users\trent\OneDrive\Documents\EDGEIQ_PLATFORM\public\data\edgeiq_strength_adjusted_ratings_v3_replay_by_field_size.csv","815"
"C:\Users\trent\OneDrive\Documents\EDGEIQ_PLATFORM\public\data\edgeiq_strength_adjusted_ratings_v3_replay_by_year.csv","799"
"C:\Users\trent\OneDrive\Documents\EDGEIQ_PLATFORM\public\data\edgeiq_strength_adjusted_ratings_v3_replay_summary.csv","407"
"C:\Users\trent\OneDrive\Documents\EDGEIQ_PLATFORM\public\data\edgeiq_strength_adjusted_ratings_v3_replay_verdict.csv","595"
"C:\Users\trent\OneDrive\Documents\EDGEIQ_PLATFORM\public\data\edgeiq_strength_adjusted_ratings_v4.csv","1002250"
"C:\Users\trent\OneDrive\Documents\EDGEIQ_PLATFORM\public\data\edgeiq_strength_adjusted_ratings_v4_audit.csv","416"
"C:\Users\trent\OneDrive\Documents\EDGEIQ_PLATFORM\public\data\edgeiq_strength_adjusted_ratings_v5.csv","1123945"
"C:\Users\trent\OneDrive\Documents\EDGEIQ_PLATFORM\public\data\edgeiq_strength_adjusted_ratings_v5_audit.csv","301"
"C:\Users\trent\OneDrive\Documents\EDGEIQ_PLATFORM\public\data\edgeiq_strength_adjusted_ratings_v6.csv","1231743"
"C:\Users\trent\OneDrive\Documents\EDGEIQ_PLATFORM\public\data\edgeiq_strength_adjusted_ratings_v6_audit.csv","279"
"C:\Users\trent\OneDrive\Documents\EDGEIQ_PLATFORM\public\data\edgeiq_suitability_v1_asof_audit.csv","12106"
"C:\Users\trent\OneDrive\Documents\EDGEIQ_PLATFORM\public\data\edgeiq_suitability_v1_source_inventory.csv","1844"
"C:\Users\trent\OneDrive\Documents\EDGEIQ_PLATFORM\public\data\edgeiq_suppression_intelligence.csv","8480"
"C:\Users\trent\OneDrive\Documents\EDGEIQ_PLATFORM\public\data\edgeiq_suppression_reason_summary.csv","3552"
"C:\Users\trent\OneDrive\Documents\EDGEIQ_PLATFORM\public\data\edgeiq_surface_intelligence_feed_v1.csv","4843"
"C:\Users\trent\OneDrive\Documents\EDGEIQ_PLATFORM\public\data\edgeiq_surface_intelligence_feed_v1_audit.csv","1682"
"C:\Users\trent\OneDrive\Documents\EDGEIQ_PLATFORM\public\data\edgeiq_surface_intelligence_feed_v1_summary.csv","270"
"C:\Users\trent\OneDrive\Documents\EDGEIQ_PLATFORM\public\data\edgeiq_surrogate_environment_discovery_v1.csv","56543"
"C:\Users\trent\OneDrive\Documents\EDGEIQ_PLATFORM\public\data\edgeiq_surrogate_environment_summary_v1.csv","410"
"C:\Users\trent\OneDrive\Documents\EDGEIQ_PLATFORM\public\data\edgeiq_system_state_v1.csv","191"
"C:\Users\trent\OneDrive\Documents\EDGEIQ_PLATFORM\public\data\edgeiq_tab_all_active_races_scrape_audit_v1.csv","1236"
"C:\Users\trent\OneDrive\Documents\EDGEIQ_PLATFORM\public\data\edgeiq_tab_all_active_races_scrape_audit_v1_PRODUCTION_20260614.csv","1332"
"C:\Users\trent\OneDrive\Documents\EDGEIQ_PLATFORM\public\data\edgeiq_tab_all_frontend_race_links_v1.csv","6479"
"C:\Users\trent\OneDrive\Documents\EDGEIQ_PLATFORM\public\data\edgeiq_tab_calendar_racecards_summary_v1.csv","450"
"C:\Users\trent\OneDrive\Documents\EDGEIQ_PLATFORM\public\data\edgeiq_tab_calendar_racecards_v1.csv","283180"
"C:\Users\trent\OneDrive\Documents\EDGEIQ_PLATFORM\public\data\edgeiq_tab_calendar_racecards_vic_DAYPLUS2_v1.csv","580"
"C:\Users\trent\OneDrive\Documents\EDGEIQ_PLATFORM\public\data\edgeiq_tab_calendar_racecards_vic_TODAY_v1.csv","161290"
"C:\Users\trent\OneDrive\Documents\EDGEIQ_PLATFORM\public\data\edgeiq_tab_calendar_racecards_vic_TOMORROW_v1.csv","102251"
"C:\Users\trent\OneDrive\Documents\EDGEIQ_PLATFORM\public\data\edgeiq_tab_calendar_racecards_vic_v1.csv","283180"
"C:\Users\trent\OneDrive\Documents\EDGEIQ_PLATFORM\public\data\edgeiq_tab_content_product_polish_v1_summary.csv","834"
"C:\Users\trent\OneDrive\Documents\EDGEIQ_PLATFORM\public\data\edgeiq_tab_data_population_audit_v1.csv","854"
"C:\Users\trent\OneDrive\Documents\EDGEIQ_PLATFORM\public\data\edgeiq_tab_layout_copy_audit_v1.csv","747"
"C:\Users\trent\OneDrive\Documents\EDGEIQ_PLATFORM\public\data\edgeiq_tab_live_prices_direct_v1.csv","2"
"C:\Users\trent\OneDrive\Documents\EDGEIQ_PLATFORM\public\data\edgeiq_tab_live_prices_direct_v1_BEST_TODAY.csv","91560"
"C:\Users\trent\OneDrive\Documents\EDGEIQ_PLATFORM\public\data\edgeiq_tab_live_prices_direct_v1_PRODUCTION_20260614.csv","90198"
"C:\Users\trent\OneDrive\Documents\EDGEIQ_PLATFORM\public\data\edgeiq_tab_live_prices_direct_v1_RETRY_20260614_130810.csv","8821"
"C:\Users\trent\OneDrive\Documents\EDGEIQ_PLATFORM\public\data\edgeiq_tab_live_prices_direct_v1_RETRY_20260614_131205.csv","6378"
"C:\Users\trent\OneDrive\Documents\EDGEIQ_PLATFORM\public\data\edgeiq_tab_live_prices_direct_v1_RETRY_20260614_132328.csv","35770"
"C:\Users\trent\OneDrive\Documents\EDGEIQ_PLATFORM\public\data\edgeiq_tab_live_prices_direct_v1_RETRY_20260614_132946.csv","65859"
"C:\Users\trent\OneDrive\Documents\EDGEIQ_PLATFORM\public\data\edgeiq_tab_live_prices_direct_v1_TAB_ONLY_TODAY_WORKING_20260614.csv","90198"
"C:\Users\trent\OneDrive\Documents\EDGEIQ_PLATFORM\public\data\edgeiq_tab_live_prices_direct_v1_WORKING_DIRECT_API_20260614.csv","90198"
"C:\Users\trent\OneDrive\Documents\EDGEIQ_PLATFORM\public\data\edgeiq_tab_live_prices_test_v1.csv","24052"
"C:\Users\trent\OneDrive\Documents\EDGEIQ_PLATFORM\public\data\edgeiq_tab_market_intelligence_v1.csv","110973"
"C:\Users\trent\OneDrive\Documents\EDGEIQ_PLATFORM\public\data\edgeiq_tab_market_intelligence_v1_summary.csv","312"
"C:\Users\trent\OneDrive\Documents\EDGEIQ_PLATFORM\public\data\edgeiq_tab_market_v1.csv","113188"
"C:\Users\trent\OneDrive\Documents\EDGEIQ_PLATFORM\public\data\edgeiq_tab_market_v1_summary.csv","281"
"C:\Users\trent\OneDrive\Documents\EDGEIQ_PLATFORM\public\data\edgeiq_tab_next_to_go_all_v1.csv","17422"
"C:\Users\trent\OneDrive\Documents\EDGEIQ_PLATFORM\public\data\edgeiq_tab_next_to_go_vic_thoroughbred_v1.csv","241"
"C:\Users\trent\OneDrive\Documents\EDGEIQ_PLATFORM\public\data\edgeiq_tab_next_to_go_vic_v1.csv","2645"
"C:\Users\trent\OneDrive\Documents\EDGEIQ_PLATFORM\public\data\edgeiq_tab_odds_raw_v1.csv","2"
"C:\Users\trent\OneDrive\Documents\EDGEIQ_PLATFORM\public\data\edgeiq_tab_polish_audit_v1.csv","989"
"C:\Users\trent\OneDrive\Documents\EDGEIQ_PLATFORM\public\data\edgeiq_tab_productisation_targets_v1.csv","6728"
"C:\Users\trent\OneDrive\Documents\EDGEIQ_PLATFORM\public\data\edgeiq_tab_productisation_targets_v1_summary.csv","592"
"C:\Users\trent\OneDrive\Documents\EDGEIQ_PLATFORM\public\data\edgeiq_tab_racecards_summary_v1.csv","128"
"C:\Users\trent\OneDrive\Documents\EDGEIQ_PLATFORM\public\data\edgeiq_tab_racecards_v1.csv","17945"
"C:\Users\trent\OneDrive\Documents\EDGEIQ_PLATFORM\public\data\edgeiq_tab_racecards_vic_thoroughbred_v1.csv","820"
"C:\Users\trent\OneDrive\Documents\EDGEIQ_PLATFORM\public\data\edgeiq_tab_racecards_vic_v1.csv","820"
"C:\Users\trent\OneDrive\Documents\EDGEIQ_PLATFORM\public\data\edgeiq_tab_race_page_runner_price_candidates_v1.csv","2341"
"C:\Users\trent\OneDrive\Documents\EDGEIQ_PLATFORM\public\data\edgeiq_tab_replay_filter_summary_v1.csv","129"
"C:\Users\trent\OneDrive\Documents\EDGEIQ_PLATFORM\public\data\edgeiq_tab_results_warehouse_v1.csv","52674"
"C:\Users\trent\OneDrive\Documents\EDGEIQ_PLATFORM\public\data\edgeiq_tab_results_warehouse_v1_audit.csv","1939"
"C:\Users\trent\OneDrive\Documents\EDGEIQ_PLATFORM\public\data\edgeiq_tab_single_race_v1.csv","6993"
"C:\Users\trent\OneDrive\Documents\EDGEIQ_PLATFORM\public\data\edgeiq_tab_vic_racecards_summary_v1.csv","232"
"C:\Users\trent\OneDrive\Documents\EDGEIQ_PLATFORM\public\data\edgeiq_tab_vic_racecards_v1.csv","2"
"C:\Users\trent\OneDrive\Documents\EDGEIQ_PLATFORM\public\data\edgeiq_tab_vic_thoroughbred_meetings_v1.csv","2"
"C:\Users\trent\OneDrive\Documents\EDGEIQ_PLATFORM\public\data\edgeiq_tab_vic_thoroughbred_urls_filtered_v1.csv","425"
"C:\Users\trent\OneDrive\Documents\EDGEIQ_PLATFORM\public\data\edgeiq_tab_vic_thoroughbred_urls_filtered_v1_BACKUP_PRE_DIRECT_TEST.csv","1937"
"C:\Users\trent\OneDrive\Documents\EDGEIQ_PLATFORM\public\data\edgeiq_tab_vic_thoroughbred_urls_v1.csv","425"
"C:\Users\trent\OneDrive\Documents\EDGEIQ_PLATFORM\public\data\edgeiq_tab_vic_thoroughbred_urls_v1_BACKUP_PRE_DIRECT_TEST.csv","2"
"C:\Users\trent\OneDrive\Documents\EDGEIQ_PLATFORM\public\data\edgeiq_tactical_dna_speed_map_race_summary_v2.csv","6992"
"C:\Users\trent\OneDrive\Documents\EDGEIQ_PLATFORM\public\data\edgeiq_tactical_dna_speed_map_v2.csv","172648"
"C:\Users\trent\OneDrive\Documents\EDGEIQ_PLATFORM\public\data\edgeiq_tactical_dna_speed_map_v2_audit.csv","218"
"C:\Users\trent\OneDrive\Documents\EDGEIQ_PLATFORM\public\data\edgeiq_tactical_dna_v1.csv","6181121"
"C:\Users\trent\OneDrive\Documents\EDGEIQ_PLATFORM\public\data\edgeiq_tactical_dna_v1_audit.csv","369"
"C:\Users\trent\OneDrive\Documents\EDGEIQ_PLATFORM\public\data\edgeiq_tactical_dna_v2.csv","3367918"
"C:\Users\trent\OneDrive\Documents\EDGEIQ_PLATFORM\public\data\edgeiq_tactical_dna_v2_audit.csv","310"
"C:\Users\trent\OneDrive\Documents\EDGEIQ_PLATFORM\public\data\edgeiq_tactical_dna_v2_live_coverage_audit.csv","29175"
"C:\Users\trent\OneDrive\Documents\EDGEIQ_PLATFORM\public\data\edgeiq_tactical_dna_v3.csv","7723168"
"C:\Users\trent\OneDrive\Documents\EDGEIQ_PLATFORM\public\data\edgeiq_tactical_dna_v3_audit.csv","432"
"C:\Users\trent\OneDrive\Documents\EDGEIQ_PLATFORM\public\data\edgeiq_tactical_speed_bucket_v1.csv","74195"
"C:\Users\trent\OneDrive\Documents\EDGEIQ_PLATFORM\public\data\edgeiq_tactical_speed_bucket_v1_audit.csv","694"
"C:\Users\trent\OneDrive\Documents\EDGEIQ_PLATFORM\public\data\edgeiq_targeted_sectional_harvest_summary_v1.csv","488"
"C:\Users\trent\OneDrive\Documents\EDGEIQ_PLATFORM\public\data\edgeiq_targeted_sectional_harvest_targets_v1.csv","8254"
"C:\Users\trent\OneDrive\Documents\EDGEIQ_PLATFORM\public\data\edgeiq_target_scale_repair_v5_2_audit.csv","173"
"C:\Users\trent\OneDrive\Documents\EDGEIQ_PLATFORM\public\data\edgeiq_telemetry_accumulation_summary_v1.csv","387"
"C:\Users\trent\OneDrive\Documents\EDGEIQ_PLATFORM\public\data\edgeiq_telemetry_accumulation_targets_v1.csv","155707"
"C:\Users\trent\OneDrive\Documents\EDGEIQ_PLATFORM\public\data\edgeiq_telemetry_drift_watchlist_v1.csv","1924"
"C:\Users\trent\OneDrive\Documents\EDGEIQ_PLATFORM\public\data\edgeiq_telemetry_health_monitor_v1.csv","2736692"
"C:\Users\trent\OneDrive\Documents\EDGEIQ_PLATFORM\public\data\edgeiq_telemetry_health_summary_v1.csv","534"
"C:\Users\trent\OneDrive\Documents\EDGEIQ_PLATFORM\public\data\edgeiq_telemetry_ontology_compact_v1.csv","133310"
"C:\Users\trent\OneDrive\Documents\EDGEIQ_PLATFORM\public\data\edgeiq_telemetry_ontology_compression_summary_v1.csv","822"
"C:\Users\trent\OneDrive\Documents\EDGEIQ_PLATFORM\public\data\edgeiq_telemetry_ontology_dictionary_v1.csv","1913"
"C:\Users\trent\OneDrive\Documents\EDGEIQ_PLATFORM\public\data\edgeiq_telemetry_ontology_environment_summary_v1.csv","10497"
"C:\Users\trent\OneDrive\Documents\EDGEIQ_PLATFORM\public\data\edgeiq_telemetry_ontology_gaps_v1.csv","86"
"C:\Users\trent\OneDrive\Documents\EDGEIQ_PLATFORM\public\data\edgeiq_telemetry_ontology_signal_summary_v1.csv","12666"
"C:\Users\trent\OneDrive\Documents\EDGEIQ_PLATFORM\public\data\edgeiq_telemetry_ontology_summary_v1.csv","456"
"C:\Users\trent\OneDrive\Documents\EDGEIQ_PLATFORM\public\data\edgeiq_telemetry_ontology_v1.csv","85334239"
"C:\Users\trent\OneDrive\Documents\EDGEIQ_PLATFORM\public\data\edgeiq_telemetry_persistence_watchlist_v1.csv","5681"
"C:\Users\trent\OneDrive\Documents\EDGEIQ_PLATFORM\public\data\edgeiq_telemetry_refresh_orchestrator_v1.csv","7884"
"C:\Users\trent\OneDrive\Documents\EDGEIQ_PLATFORM\public\data\edgeiq_telemetry_refresh_summary_v1.csv","318"
"C:\Users\trent\OneDrive\Documents\EDGEIQ_PLATFORM\public\data\edgeiq_temporal_direct_result_backfill_summary_v1.csv","197"
"C:\Users\trent\OneDrive\Documents\EDGEIQ_PLATFORM\public\data\edgeiq_temporal_direct_result_backfill_targets_v1.csv","6973"
"C:\Users\trent\OneDrive\Documents\EDGEIQ_PLATFORM\public\data\edgeiq_temporal_evidence_accumulator_v1.csv","3419"
"C:\Users\trent\OneDrive\Documents\EDGEIQ_PLATFORM\public\data\edgeiq_temporal_evidence_summary_v1.csv","542"
"C:\Users\trent\OneDrive\Documents\EDGEIQ_PLATFORM\public\data\edgeiq_temporal_execution_intelligence_v1.csv","1251"
"C:\Users\trent\OneDrive\Documents\EDGEIQ_PLATFORM\public\data\edgeiq_temporal_identity_evolution_watchlist_v1.csv","191"
"C:\Users\trent\OneDrive\Documents\EDGEIQ_PLATFORM\public\data\edgeiq_temporal_identity_memory_summary_v1.csv","635"
"C:\Users\trent\OneDrive\Documents\EDGEIQ_PLATFORM\public\data\edgeiq_temporal_identity_memory_v1.csv","89041"
"C:\Users\trent\OneDrive\Documents\EDGEIQ_PLATFORM\public\data\edgeiq_temporal_identity_watchlist_v1.csv","6168"
"C:\Users\trent\OneDrive\Documents\EDGEIQ_PLATFORM\public\data\edgeiq_temporal_match_diagnostics_summary_v1.csv","656"
"C:\Users\trent\OneDrive\Documents\EDGEIQ_PLATFORM\public\data\edgeiq_temporal_match_diagnostics_v1.csv","11345557"
"C:\Users\trent\OneDrive\Documents\EDGEIQ_PLATFORM\public\data\edgeiq_temporal_match_failure_examples_v1.csv","10810"
"C:\Users\trent\OneDrive\Documents\EDGEIQ_PLATFORM\public\data\edgeiq_temporal_match_repair_queue_v1.csv","1093"
"C:\Users\trent\OneDrive\Documents\EDGEIQ_PLATFORM\public\data\edgeiq_temporal_memory_evolution_summary_v1.csv","586"
"C:\Users\trent\OneDrive\Documents\EDGEIQ_PLATFORM\public\data\edgeiq_temporal_memory_evolution_v1.csv","85004"
"C:\Users\trent\OneDrive\Documents\EDGEIQ_PLATFORM\public\data\edgeiq_temporal_pattern_longitudinal_v1.csv","7818"
"C:\Users\trent\OneDrive\Documents\EDGEIQ_PLATFORM\public\data\edgeiq_temporal_pattern_performance_v1.csv","2487"
"C:\Users\trent\OneDrive\Documents\EDGEIQ_PLATFORM\public\data\edgeiq_temporal_physics_engine_v1.csv","9267603"
"C:\Users\trent\OneDrive\Documents\EDGEIQ_PLATFORM\public\data\edgeiq_temporal_physics_summary_v1.csv","1494"
"C:\Users\trent\OneDrive\Documents\EDGEIQ_PLATFORM\public\data\edgeiq_temporal_physics_validation_summary_v1.csv","970"
"C:\Users\trent\OneDrive\Documents\EDGEIQ_PLATFORM\public\data\edgeiq_temporal_physics_validation_v1.csv","7850504"
"C:\Users\trent\OneDrive\Documents\EDGEIQ_PLATFORM\public\data\edgeiq_temporal_regime_memory.csv","3425"
"C:\Users\trent\OneDrive\Documents\EDGEIQ_PLATFORM\public\data\edgeiq_temporal_regime_memory_ontology_v1.csv","161548"
"C:\Users\trent\OneDrive\Documents\EDGEIQ_PLATFORM\public\data\edgeiq_temporal_regime_memory_summary_v1.csv","499"
"C:\Users\trent\OneDrive\Documents\EDGEIQ_PLATFORM\public\data\edgeiq_temporal_regime_opportunity_map_v1.csv","41406"
"C:\Users\trent\OneDrive\Documents\EDGEIQ_PLATFORM\public\data\edgeiq_temporal_research_regime_engine_v1.csv","64189"
"C:\Users\trent\OneDrive\Documents\EDGEIQ_PLATFORM\public\data\edgeiq_temporal_research_regime_summary_v1.csv","996"
"C:\Users\trent\OneDrive\Documents\EDGEIQ_PLATFORM\public\data\edgeiq_temporal_walkforward_decay_v1.csv","5143"
"C:\Users\trent\OneDrive\Documents\EDGEIQ_PLATFORM\public\data\edgeiq_temporal_walkforward_stability_v1.csv","23703"
"C:\Users\trent\OneDrive\Documents\EDGEIQ_PLATFORM\public\data\edgeiq_temporal_walkforward_summary_v1.csv","493"
"C:\Users\trent\OneDrive\Documents\EDGEIQ_PLATFORM\public\data\edgeiq_terminal_data_integrity_summary_v1.csv","300"
"C:\Users\trent\OneDrive\Documents\EDGEIQ_PLATFORM\public\data\edgeiq_terminal_data_integrity_v1.csv","2678"
"C:\Users\trent\OneDrive\Documents\EDGEIQ_PLATFORM\public\data\edgeiq_terminal_feed_scratching_status_repair_audit_v1.csv","1004"
"C:\Users\trent\OneDrive\Documents\EDGEIQ_PLATFORM\public\data\edgeiq_three_day_product_catalog_v1.json","1085894"
"C:\Users\trent\OneDrive\Documents\EDGEIQ_PLATFORM\public\data\edgeiq_three_day_routing_final_audit.json","3580"
"C:\Users\trent\OneDrive\Documents\EDGEIQ_PLATFORM\public\data\edgeiq_three_day_window_v1.json","564"
"C:\Users\trent\OneDrive\Documents\EDGEIQ_PLATFORM\public\data\edgeiq_timestamp_safe_market_snapshot_spine_v1.csv","225023"
"C:\Users\trent\OneDrive\Documents\EDGEIQ_PLATFORM\public\data\edgeiq_timestamp_safe_market_snapshot_spine_v1_inventory.csv","250432"
"C:\Users\trent\OneDrive\Documents\EDGEIQ_PLATFORM\public\data\edgeiq_timestamp_safe_market_snapshot_spine_v1_quality.csv","369"
"C:\Users\trent\OneDrive\Documents\EDGEIQ_PLATFORM\public\data\edgeiq_timestamp_safe_market_snapshot_spine_v1_quarantined.csv","64244278"
"C:\Users\trent\OneDrive\Documents\EDGEIQ_PLATFORM\public\data\edgeiq_timestamp_safe_market_snapshot_spine_v1_summary.csv","1091"
"C:\Users\trent\OneDrive\Documents\EDGEIQ_PLATFORM\public\data\edgeiq_time_variant_data_sources_audit_v1.csv","54061"
"C:\Users\trent\OneDrive\Documents\EDGEIQ_PLATFORM\public\data\edgeiq_time_variant_data_sources_summary_v1.csv","521"
"C:\Users\trent\OneDrive\Documents\EDGEIQ_PLATFORM\public\data\edgeiq_timing_canonical_promotion_v1.csv","2292"
"C:\Users\trent\OneDrive\Documents\EDGEIQ_PLATFORM\public\data\edgeiq_timing_canonical_promotion_v1_summary.json","7724"
"C:\Users\trent\OneDrive\Documents\EDGEIQ_PLATFORM\public\data\edgeiq_timing_lineage_conflicts_v1.csv","158"
"C:\Users\trent\OneDrive\Documents\EDGEIQ_PLATFORM\public\data\edgeiq_timing_lineage_summary_v1.csv","562"
"C:\Users\trent\OneDrive\Documents\EDGEIQ_PLATFORM\public\data\edgeiq_timing_lineage_validation_v1.csv","2332461"
"C:\Users\trent\OneDrive\Documents\EDGEIQ_PLATFORM\public\data\edgeiq_timing_warehouse_recovery_v1_summary.json","1571"
"C:\Users\trent\OneDrive\Documents\EDGEIQ_PLATFORM\public\data\edgeiq_timing_window_rankings_v1.csv","588"
"C:\Users\trent\OneDrive\Documents\EDGEIQ_PLATFORM\public\data\edgeiq_tj_pricing_impact_replay_v1.csv","50592809"
"C:\Users\trent\OneDrive\Documents\EDGEIQ_PLATFORM\public\data\edgeiq_tj_pricing_impact_replay_v1_by_overlay_threshold.csv","708"
"C:\Users\trent\OneDrive\Documents\EDGEIQ_PLATFORM\public\data\edgeiq_tj_pricing_impact_replay_v1_by_tj_band.csv","753"
"C:\Users\trent\OneDrive\Documents\EDGEIQ_PLATFORM\public\data\edgeiq_tj_pricing_impact_replay_v1_summary.csv","1292"
"C:\Users\trent\OneDrive\Documents\EDGEIQ_PLATFORM\public\data\edgeiq_top2_separation_audit.csv","988907"
"C:\Users\trent\OneDrive\Documents\EDGEIQ_PLATFORM\public\data\edgeiq_top2_separation_audit_summary.csv","207"
"C:\Users\trent\OneDrive\Documents\EDGEIQ_PLATFORM\public\data\edgeiq_top_opportunities_race_shape_fit_v4.csv","62742"
"C:\Users\trent\OneDrive\Documents\EDGEIQ_PLATFORM\public\data\edgeiq_top_opportunities_race_shape_fit_v4_summary.csv","647"
"C:\Users\trent\OneDrive\Documents\EDGEIQ_PLATFORM\public\data\edgeiq_total_rating_points_coverage_v1.csv","38082"
"C:\Users\trent\OneDrive\Documents\EDGEIQ_PLATFORM\public\data\edgeiq_total_rating_points_coverage_v1_summary.csv","379"
"C:\Users\trent\OneDrive\Documents\EDGEIQ_PLATFORM\public\data\edgeiq_track_alias_bridge_v1.csv","7999"
"C:\Users\trent\OneDrive\Documents\EDGEIQ_PLATFORM\public\data\edgeiq_track_alias_engine_v1.csv","38223"
"C:\Users\trent\OneDrive\Documents\EDGEIQ_PLATFORM\public\data\edgeiq_track_bias_by_track_v1.csv","12789"
"C:\Users\trent\OneDrive\Documents\EDGEIQ_PLATFORM\public\data\edgeiq_track_bias_data_audit_v1.csv","2127"
"C:\Users\trent\OneDrive\Documents\EDGEIQ_PLATFORM\public\data\edgeiq_track_bias_data_audit_v1.json","5200"
"C:\Users\trent\OneDrive\Documents\EDGEIQ_PLATFORM\public\data\edgeiq_track_bias_dna_v1.csv","324291"
"C:\Users\trent\OneDrive\Documents\EDGEIQ_PLATFORM\public\data\edgeiq_track_bias_dna_v1_summary.csv","464"
"C:\Users\trent\OneDrive\Documents\EDGEIQ_PLATFORM\public\data\edgeiq_track_bias_engine_audit_v1.csv","664"
"C:\Users\trent\OneDrive\Documents\EDGEIQ_PLATFORM\public\data\edgeiq_track_bias_engine_summary_v1.csv","256"
"C:\Users\trent\OneDrive\Documents\EDGEIQ_PLATFORM\public\data\edgeiq_track_bias_engine_v1.csv","2522765"
"C:\Users\trent\OneDrive\Documents\EDGEIQ_PLATFORM\public\data\edgeiq_track_bias_engine_v1_audit.csv","1014"
"C:\Users\trent\OneDrive\Documents\EDGEIQ_PLATFORM\public\data\edgeiq_track_bias_engine_v1_summary.csv","97"
"C:\Users\trent\OneDrive\Documents\EDGEIQ_PLATFORM\public\data\edgeiq_track_bias_summary_v1.csv","316"
"C:\Users\trent\OneDrive\Documents\EDGEIQ_PLATFORM\public\data\edgeiq_track_bias_v1.csv","43957932"
"C:\Users\trent\OneDrive\Documents\EDGEIQ_PLATFORM\public\data\edgeiq_track_canonical_dictionary_v1.csv","7036"
"C:\Users\trent\OneDrive\Documents\EDGEIQ_PLATFORM\public\data\edgeiq_track_canonical_dictionary_v2.csv","9058"
"C:\Users\trent\OneDrive\Documents\EDGEIQ_PLATFORM\public\data\edgeiq_track_canonical_dictionary_v2_summary.csv","360"
"C:\Users\trent\OneDrive\Documents\EDGEIQ_PLATFORM\public\data\edgeiq_track_conditions_source_audit_v1.json","1004"
"C:\Users\trent\OneDrive\Documents\EDGEIQ_PLATFORM\public\data\edgeiq_track_condition_dna_v1.csv","46563091"
"C:\Users\trent\OneDrive\Documents\EDGEIQ_PLATFORM\public\data\edgeiq_track_condition_dna_v1_summary.csv","581"
"C:\Users\trent\OneDrive\Documents\EDGEIQ_PLATFORM\public\data\edgeiq_track_condition_runstyle_summary_v1.csv","192"
"C:\Users\trent\OneDrive\Documents\EDGEIQ_PLATFORM\public\data\edgeiq_track_condition_runstyle_v1.csv","169166"
"C:\Users\trent\OneDrive\Documents\EDGEIQ_PLATFORM\public\data\edgeiq_track_data_contract_v1_audit.json","685"
"C:\Users\trent\OneDrive\Documents\EDGEIQ_PLATFORM\public\data\edgeiq_track_distance_bias_summary_v1.csv","212"
"C:\Users\trent\OneDrive\Documents\EDGEIQ_PLATFORM\public\data\edgeiq_track_distance_bias_v1.csv","45572"
"C:\Users\trent\OneDrive\Documents\EDGEIQ_PLATFORM\public\data\edgeiq_track_distance_condition_dna_v1.csv","67236341"
"C:\Users\trent\OneDrive\Documents\EDGEIQ_PLATFORM\public\data\edgeiq_track_distance_condition_dna_v1_summary.csv","583"
"C:\Users\trent\OneDrive\Documents\EDGEIQ_PLATFORM\public\data\edgeiq_track_distance_dna_v1.csv","61695129"
"C:\Users\trent\OneDrive\Documents\EDGEIQ_PLATFORM\public\data\edgeiq_track_distance_dna_v1_summary.csv","578"
"C:\Users\trent\OneDrive\Documents\EDGEIQ_PLATFORM\public\data\edgeiq_track_dna_v1.csv","34733493"
"C:\Users\trent\OneDrive\Documents\EDGEIQ_PLATFORM\public\data\edgeiq_track_dna_v1.json","479"
"C:\Users\trent\OneDrive\Documents\EDGEIQ_PLATFORM\public\data\edgeiq_track_dna_v1_1_canonical.csv","37096874"
"C:\Users\trent\OneDrive\Documents\EDGEIQ_PLATFORM\public\data\edgeiq_track_dna_v1_1_canonical_summary.csv","415"
"C:\Users\trent\OneDrive\Documents\EDGEIQ_PLATFORM\public\data\edgeiq_track_dna_v1_summary.csv","270"
"C:\Users\trent\OneDrive\Documents\EDGEIQ_PLATFORM\public\data\edgeiq_track_engineering_build_v1_audit.json","909"
"C:\Users\trent\OneDrive\Documents\EDGEIQ_PLATFORM\public\data\edgeiq_track_historical_comparison_v1_audit.json","344"
"C:\Users\trent\OneDrive\Documents\EDGEIQ_PLATFORM\public\data\edgeiq_track_intelligence_by_distance_v2.csv","6530"
"C:\Users\trent\OneDrive\Documents\EDGEIQ_PLATFORM\public\data\edgeiq_track_intelligence_by_track_v2.csv","107207"
"C:\Users\trent\OneDrive\Documents\EDGEIQ_PLATFORM\public\data\edgeiq_track_intelligence_card_v1.csv","25310"
"C:\Users\trent\OneDrive\Documents\EDGEIQ_PLATFORM\public\data\edgeiq_track_intelligence_card_v1_summary.csv","370"
"C:\Users\trent\OneDrive\Documents\EDGEIQ_PLATFORM\public\data\edgeiq_track_intelligence_profile_by_condition_v2.csv","485746"
"C:\Users\trent\OneDrive\Documents\EDGEIQ_PLATFORM\public\data\edgeiq_track_intelligence_profile_v2.csv","465174"
"C:\Users\trent\OneDrive\Documents\EDGEIQ_PLATFORM\public\data\edgeiq_track_intelligence_profile_v2.json","1043"
"C:\Users\trent\OneDrive\Documents\EDGEIQ_PLATFORM\public\data\edgeiq_track_intelligence_profile_v2_summary.csv","902"
"C:\Users\trent\OneDrive\Documents\EDGEIQ_PLATFORM\public\data\edgeiq_track_intelligence_runner_profile_v2.csv","23578777"
"C:\Users\trent\OneDrive\Documents\EDGEIQ_PLATFORM\public\data\edgeiq_track_map_manifest_v1.csv","1387"
"C:\Users\trent\OneDrive\Documents\EDGEIQ_PLATFORM\public\data\edgeiq_track_profile_v1.csv","3748"
"C:\Users\trent\OneDrive\Documents\EDGEIQ_PLATFORM\public\data\edgeiq_track_profile_v1.json","400"
"C:\Users\trent\OneDrive\Documents\EDGEIQ_PLATFORM\public\data\edgeiq_track_profile_v1_summary.csv","333"
"C:\Users\trent\OneDrive\Documents\EDGEIQ_PLATFORM\public\data\edgeiq_track_profile_v2.csv","12987"
"C:\Users\trent\OneDrive\Documents\EDGEIQ_PLATFORM\public\data\edgeiq_track_profile_v2.json","436"
"C:\Users\trent\OneDrive\Documents\EDGEIQ_PLATFORM\public\data\edgeiq_track_profile_v2_join_audit.csv","664"
"C:\Users\trent\OneDrive\Documents\EDGEIQ_PLATFORM\public\data\edgeiq_track_profile_v2_summary.csv","359"
"C:\Users\trent\OneDrive\Documents\EDGEIQ_PLATFORM\public\data\edgeiq_track_profile_winner_origin_v2.csv","7911"
"C:\Users\trent\OneDrive\Documents\EDGEIQ_PLATFORM\public\data\edgeiq_track_specialist_index_v1.csv","499716"
"C:\Users\trent\OneDrive\Documents\EDGEIQ_PLATFORM\public\data\edgeiq_track_specialist_index_v1_summary.csv","475"
"C:\Users\trent\OneDrive\Documents\EDGEIQ_PLATFORM\public\data\edgeiq_track_thumbnails_v3_summary.csv","8056"
"C:\Users\trent\OneDrive\Documents\EDGEIQ_PLATFORM\public\data\edgeiq_track_universe_audit_v1.csv","5616"
"C:\Users\trent\OneDrive\Documents\EDGEIQ_PLATFORM\public\data\edgeiq_track_universe_audit_v1_summary.csv","273"
"C:\Users\trent\OneDrive\Documents\EDGEIQ_PLATFORM\public\data\edgeiq_track_variant_engine_v1.csv","16917478"
"C:\Users\trent\OneDrive\Documents\EDGEIQ_PLATFORM\public\data\edgeiq_track_variant_engine_v1_audit.csv","6902942"
"C:\Users\trent\OneDrive\Documents\EDGEIQ_PLATFORM\public\data\edgeiq_track_variant_engine_v1_summary.csv","486"
"C:\Users\trent\OneDrive\Documents\EDGEIQ_PLATFORM\public\data\edgeiq_track_visual_structure_v1_audit.json","362"
"C:\Users\trent\OneDrive\Documents\EDGEIQ_PLATFORM\public\data\edgeiq_trainer_canonical_quality_v3.csv","65592"
"C:\Users\trent\OneDrive\Documents\EDGEIQ_PLATFORM\public\data\edgeiq_trainer_context_research_v1.csv","914009"
"C:\Users\trent\OneDrive\Documents\EDGEIQ_PLATFORM\public\data\edgeiq_trainer_context_research_v1_summary.csv","191"
"C:\Users\trent\OneDrive\Documents\EDGEIQ_PLATFORM\public\data\edgeiq_trainer_context_research_v2.csv","1354192"
"C:\Users\trent\OneDrive\Documents\EDGEIQ_PLATFORM\public\data\edgeiq_trainer_context_research_v2_summary.csv","248"
"C:\Users\trent\OneDrive\Documents\EDGEIQ_PLATFORM\public\data\edgeiq_trainer_crosswalk_master_v1.csv","3197"
"C:\Users\trent\OneDrive\Documents\EDGEIQ_PLATFORM\public\data\edgeiq_trainer_crosswalk_master_v1_summary.csv","462"
"C:\Users\trent\OneDrive\Documents\EDGEIQ_PLATFORM\public\data\edgeiq_trainer_factor_v1.csv","82803"
"C:\Users\trent\OneDrive\Documents\EDGEIQ_PLATFORM\public\data\edgeiq_trainer_jockey_alias_map_v1.csv","101956"
"C:\Users\trent\OneDrive\Documents\EDGEIQ_PLATFORM\public\data\edgeiq_trainer_jockey_canonicalisation_summary_v1.csv","237"
"C:\Users\trent\OneDrive\Documents\EDGEIQ_PLATFORM\public\data\edgeiq_trainer_jockey_canonicalisation_v1.json","544"
"C:\Users\trent\OneDrive\Documents\EDGEIQ_PLATFORM\public\data\edgeiq_trainer_jockey_canonical_quality_v3.csv","65931"
"C:\Users\trent\OneDrive\Documents\EDGEIQ_PLATFORM\public\data\edgeiq_trainer_jockey_combo_canonical_quality_v3.csv","1626370"
"C:\Users\trent\OneDrive\Documents\EDGEIQ_PLATFORM\public\data\edgeiq_trainer_jockey_combo_factor_v1.csv","1978143"
"C:\Users\trent\OneDrive\Documents\EDGEIQ_PLATFORM\public\data\edgeiq_trainer_jockey_combo_match_failures_v1.csv","15296"
"C:\Users\trent\OneDrive\Documents\EDGEIQ_PLATFORM\public\data\edgeiq_trainer_jockey_combo_quality_audit_v1.csv","3648786"
"C:\Users\trent\OneDrive\Documents\EDGEIQ_PLATFORM\public\data\edgeiq_trainer_jockey_combo_warehouse_v1.csv","406124"
"C:\Users\trent\OneDrive\Documents\EDGEIQ_PLATFORM\public\data\edgeiq_trainer_jockey_diagnostics_v1.csv","647"
"C:\Users\trent\OneDrive\Documents\EDGEIQ_PLATFORM\public\data\edgeiq_trainer_jockey_edge_audit_summary_v1.csv","438"
"C:\Users\trent\OneDrive\Documents\EDGEIQ_PLATFORM\public\data\edgeiq_trainer_jockey_edge_audit_summary_v2.csv","3940"
"C:\Users\trent\OneDrive\Documents\EDGEIQ_PLATFORM\public\data\edgeiq_trainer_jockey_edge_audit_summary_v3.csv","4347"
"C:\Users\trent\OneDrive\Documents\EDGEIQ_PLATFORM\public\data\edgeiq_trainer_jockey_edge_audit_v1.json","3023"
"C:\Users\trent\OneDrive\Documents\EDGEIQ_PLATFORM\public\data\edgeiq_trainer_jockey_edge_audit_v2.json","1711"
"C:\Users\trent\OneDrive\Documents\EDGEIQ_PLATFORM\public\data\edgeiq_trainer_jockey_edge_audit_v3.json","393"
"C:\Users\trent\OneDrive\Documents\EDGEIQ_PLATFORM\public\data\edgeiq_trainer_jockey_edge_by_dominance_v2.csv","9781"
"C:\Users\trent\OneDrive\Documents\EDGEIQ_PLATFORM\public\data\edgeiq_trainer_jockey_edge_by_dominance_v3.csv","9582"
"C:\Users\trent\OneDrive\Documents\EDGEIQ_PLATFORM\public\data\edgeiq_trainer_jockey_edge_by_rank_bucket_v1.csv","1823"
"C:\Users\trent\OneDrive\Documents\EDGEIQ_PLATFORM\public\data\edgeiq_trainer_jockey_edge_by_rank_bucket_v2.csv","9104"
"C:\Users\trent\OneDrive\Documents\EDGEIQ_PLATFORM\public\data\edgeiq_trainer_jockey_edge_by_rank_bucket_v3.csv","9050"
"C:\Users\trent\OneDrive\Documents\EDGEIQ_PLATFORM\public\data\edgeiq_trainer_jockey_edge_by_reliability_band_v1.csv","7489"
"C:\Users\trent\OneDrive\Documents\EDGEIQ_PLATFORM\public\data\edgeiq_trainer_jockey_edge_by_reliability_v2.csv","7631"
"C:\Users\trent\OneDrive\Documents\EDGEIQ_PLATFORM\public\data\edgeiq_trainer_jockey_edge_by_reliability_v3.csv","7621"
"C:\Users\trent\OneDrive\Documents\EDGEIQ_PLATFORM\public\data\edgeiq_trainer_jockey_edge_by_score_share_v2.csv","6087"
"C:\Users\trent\OneDrive\Documents\EDGEIQ_PLATFORM\public\data\edgeiq_trainer_jockey_edge_by_score_share_v3.csv","6070"
"C:\Users\trent\OneDrive\Documents\EDGEIQ_PLATFORM\public\data\edgeiq_trainer_jockey_edge_by_trust_bucket_v1.csv","6185"
"C:\Users\trent\OneDrive\Documents\EDGEIQ_PLATFORM\public\data\edgeiq_trainer_jockey_edge_by_trust_v2.csv","6188"
"C:\Users\trent\OneDrive\Documents\EDGEIQ_PLATFORM\public\data\edgeiq_trainer_jockey_edge_by_trust_v3.csv","6179"
"C:\Users\trent\OneDrive\Documents\EDGEIQ_PLATFORM\public\data\edgeiq_trainer_jockey_edge_entity_bands_v1.csv","1535"
"C:\Users\trent\OneDrive\Documents\EDGEIQ_PLATFORM\public\data\edgeiq_trainer_jockey_edge_runner_dataset_v1.csv","29800203"
"C:\Users\trent\OneDrive\Documents\EDGEIQ_PLATFORM\public\data\edgeiq_trainer_jockey_edge_runner_dataset_v2.csv","33401192"
"C:\Users\trent\OneDrive\Documents\EDGEIQ_PLATFORM\public\data\edgeiq_trainer_jockey_edge_runner_dataset_v3.csv","77110941"
"C:\Users\trent\OneDrive\Documents\EDGEIQ_PLATFORM\public\data\edgeiq_trainer_jockey_factor_effect_on_rank1_v1.csv","6891684"
"C:\Users\trent\OneDrive\Documents\EDGEIQ_PLATFORM\public\data\edgeiq_trainer_jockey_factor_effect_on_rank1_v1_feature_rankings.csv","1872"
"C:\Users\trent\OneDrive\Documents\EDGEIQ_PLATFORM\public\data\edgeiq_trainer_jockey_factor_effect_on_rank1_v1_summary.csv","1316"
"C:\Users\trent\OneDrive\Documents\EDGEIQ_PLATFORM\public\data\edgeiq_trainer_jockey_factor_runner_v1.csv","94396731"
"C:\Users\trent\OneDrive\Documents\EDGEIQ_PLATFORM\public\data\edgeiq_trainer_jockey_factor_v1.json","204"
"C:\Users\trent\OneDrive\Documents\EDGEIQ_PLATFORM\public\data\edgeiq_trainer_jockey_factor_v1_summary.csv","210"
"C:\Users\trent\OneDrive\Documents\EDGEIQ_PLATFORM\public\data\edgeiq_trainer_jockey_intelligence_v1.csv","1677"
"C:\Users\trent\OneDrive\Documents\EDGEIQ_PLATFORM\public\data\edgeiq_trainer_jockey_join_integrity_audit_v1.json","247"
"C:\Users\trent\OneDrive\Documents\EDGEIQ_PLATFORM\public\data\edgeiq_trainer_jockey_join_integrity_hist_duplicates_v1.csv","21"
"C:\Users\trent\OneDrive\Documents\EDGEIQ_PLATFORM\public\data\edgeiq_trainer_jockey_join_integrity_model_duplicates_v1.csv","22"
"C:\Users\trent\OneDrive\Documents\EDGEIQ_PLATFORM\public\data\edgeiq_trainer_jockey_join_integrity_summary_v1.csv","315"
"C:\Users\trent\OneDrive\Documents\EDGEIQ_PLATFORM\public\data\edgeiq_trainer_jockey_join_integrity_unmatched_hist_v1.csv","235"
"C:\Users\trent\OneDrive\Documents\EDGEIQ_PLATFORM\public\data\edgeiq_trainer_jockey_join_integrity_unmatched_model_v1.csv","383"
"C:\Users\trent\OneDrive\Documents\EDGEIQ_PLATFORM\public\data\edgeiq_trainer_jockey_live_alias_seed_v1.csv","6525"
"C:\Users\trent\OneDrive\Documents\EDGEIQ_PLATFORM\public\data\edgeiq_trainer_jockey_match_audit_v1.json","947"
"C:\Users\trent\OneDrive\Documents\EDGEIQ_PLATFORM\public\data\edgeiq_trainer_jockey_match_failures_summary_v1.csv","376"
"C:\Users\trent\OneDrive\Documents\EDGEIQ_PLATFORM\public\data\edgeiq_trainer_jockey_partnership_engine_v1.csv","88824"
"C:\Users\trent\OneDrive\Documents\EDGEIQ_PLATFORM\public\data\edgeiq_trainer_jockey_prep_engine_v1.csv","2025893"
"C:\Users\trent\OneDrive\Documents\EDGEIQ_PLATFORM\public\data\edgeiq_trainer_jockey_prep_engine_v1_summary.csv","258"
"C:\Users\trent\OneDrive\Documents\EDGEIQ_PLATFORM\public\data\edgeiq_trainer_jockey_prep_engine_v2_graphql.csv","51206854"
"C:\Users\trent\OneDrive\Documents\EDGEIQ_PLATFORM\public\data\edgeiq_trainer_jockey_prep_engine_v2_graphql_summary.csv","219"
"C:\Users\trent\OneDrive\Documents\EDGEIQ_PLATFORM\public\data\edgeiq_trainer_jockey_quality_audit_v1.json","1090"
"C:\Users\trent\OneDrive\Documents\EDGEIQ_PLATFORM\public\data\edgeiq_trainer_jockey_quality_by_year_v1.csv","222"
"C:\Users\trent\OneDrive\Documents\EDGEIQ_PLATFORM\public\data\edgeiq_trainer_jockey_quality_summary_v1.csv","476"
"C:\Users\trent\OneDrive\Documents\EDGEIQ_PLATFORM\public\data\edgeiq_trainer_jockey_rank1_failure_audit_by_reason_v1.csv","311"
"C:\Users\trent\OneDrive\Documents\EDGEIQ_PLATFORM\public\data\edgeiq_trainer_jockey_rank1_failure_audit_summary_v1.csv","452"
"C:\Users\trent\OneDrive\Documents\EDGEIQ_PLATFORM\public\data\edgeiq_trainer_jockey_rank1_failure_audit_v1.csv","2104700"
"C:\Users\trent\OneDrive\Documents\EDGEIQ_PLATFORM\public\data\edgeiq_trainer_jockey_rank1_failure_audit_v1.json","385"
"C:\Users\trent\OneDrive\Documents\EDGEIQ_PLATFORM\public\data\edgeiq_trainer_jockey_runner_history_canonical_v1.csv","43690445"
"C:\Users\trent\OneDrive\Documents\EDGEIQ_PLATFORM\public\data\edgeiq_trainer_jockey_runner_history_v1.csv","2242644"
"C:\Users\trent\OneDrive\Documents\EDGEIQ_PLATFORM\public\data\edgeiq_trainer_jockey_warehouse_v1_audit.json","1539"
"C:\Users\trent\OneDrive\Documents\EDGEIQ_PLATFORM\public\data\edgeiq_trainer_jockey_warehouse_v1_summary.csv","467"
"C:\Users\trent\OneDrive\Documents\EDGEIQ_PLATFORM\public\data\edgeiq_trainer_match_failures_v1.csv","3723"
"C:\Users\trent\OneDrive\Documents\EDGEIQ_PLATFORM\public\data\edgeiq_trainer_name_crosswalk_v1.csv","19896"
"C:\Users\trent\OneDrive\Documents\EDGEIQ_PLATFORM\public\data\edgeiq_trainer_name_crosswalk_v1_summary.csv","377"
"C:\Users\trent\OneDrive\Documents\EDGEIQ_PLATFORM\public\data\edgeiq_trainer_quality_audit_v1.csv","94546"
"C:\Users\trent\OneDrive\Documents\EDGEIQ_PLATFORM\public\data\edgeiq_trainer_recent_form_engine_v1.csv","586673"
"C:\Users\trent\OneDrive\Documents\EDGEIQ_PLATFORM\public\data\edgeiq_trainer_run_style_engine_v1.csv","173048"
"C:\Users\trent\OneDrive\Documents\EDGEIQ_PLATFORM\public\data\edgeiq_trainer_stage_of_prep_engine_v1.csv","202814"
"C:\Users\trent\OneDrive\Documents\EDGEIQ_PLATFORM\public\data\edgeiq_trainer_stage_of_prep_engine_v2_graphql.csv","1993644"
"C:\Users\trent\OneDrive\Documents\EDGEIQ_PLATFORM\public\data\edgeiq_trainer_track_profiles_graphql_v1.csv","334032"
"C:\Users\trent\OneDrive\Documents\EDGEIQ_PLATFORM\public\data\edgeiq_trainer_universe_audit_v1.csv","182608"
"C:\Users\trent\OneDrive\Documents\EDGEIQ_PLATFORM\public\data\edgeiq_trainer_universe_audit_v1_summary.csv","428"
"C:\Users\trent\OneDrive\Documents\EDGEIQ_PLATFORM\public\data\edgeiq_trainer_warehouse_v1.csv","46608"
"C:\Users\trent\OneDrive\Documents\EDGEIQ_PLATFORM\public\data\edgeiq_transition_ecology_alerts_v1.csv","107"
"C:\Users\trent\OneDrive\Documents\EDGEIQ_PLATFORM\public\data\edgeiq_transition_ecology_drift_summary_v1.csv","234"
"C:\Users\trent\OneDrive\Documents\EDGEIQ_PLATFORM\public\data\edgeiq_transition_ecology_drift_v1.csv","1122"
"C:\Users\trent\OneDrive\Documents\EDGEIQ_PLATFORM\public\data\edgeiq_transition_persistence_memory_v1.csv","912"
"C:\Users\trent\OneDrive\Documents\EDGEIQ_PLATFORM\public\data\edgeiq_transition_persistence_summary_v1.csv","182"
"C:\Users\trent\OneDrive\Documents\EDGEIQ_PLATFORM\public\data\edgeiq_transition_regime_clusters_v1.csv","495"
"C:\Users\trent\OneDrive\Documents\EDGEIQ_PLATFORM\public\data\edgeiq_transition_survival_matrix_v1.csv","608"
"C:\Users\trent\OneDrive\Documents\EDGEIQ_PLATFORM\public\data\edgeiq_transition_track_ecology_state_v1.csv","650"
"C:\Users\trent\OneDrive\Documents\EDGEIQ_PLATFORM\public\data\edgeiq_transition_track_memory_v1.csv","663"
"C:\Users\trent\OneDrive\Documents\EDGEIQ_PLATFORM\public\data\edgeiq_true_positional_memory_v1.csv","161363"
"C:\Users\trent\OneDrive\Documents\EDGEIQ_PLATFORM\public\data\edgeiq_true_positional_memory_v1_diagnostics.csv","202"
"C:\Users\trent\OneDrive\Documents\EDGEIQ_PLATFORM\public\data\edgeiq_true_track_rating_summary_v1.csv","70"
"C:\Users\trent\OneDrive\Documents\EDGEIQ_PLATFORM\public\data\edgeiq_true_track_rating_v1.csv","6786011"
"C:\Users\trent\OneDrive\Documents\EDGEIQ_PLATFORM\public\data\edgeiq_true_track_rating_v1_audit.csv","662"
"C:\Users\trent\OneDrive\Documents\EDGEIQ_PLATFORM\public\data\edgeiq_true_track_rating_v1_summary.csv","281"
"C:\Users\trent\OneDrive\Documents\EDGEIQ_PLATFORM\public\data\edgeiq_trusted_sectional_summary_v2.csv","163"
"C:\Users\trent\OneDrive\Documents\EDGEIQ_PLATFORM\public\data\edgeiq_trusted_sectional_universe.csv","693"
"C:\Users\trent\OneDrive\Documents\EDGEIQ_PLATFORM\public\data\edgeiq_trusted_sectional_universe_summary.csv","161"
"C:\Users\trent\OneDrive\Documents\EDGEIQ_PLATFORM\public\data\edgeiq_trusted_sectional_universe_v2.csv","275882"
"C:\Users\trent\OneDrive\Documents\EDGEIQ_PLATFORM\public\data\edgeiq_trust_band_contender_capture_v1.csv","1636"
"C:\Users\trent\OneDrive\Documents\EDGEIQ_PLATFORM\public\data\edgeiq_trust_band_contender_capture_v1_summary.csv","828"
"C:\Users\trent\OneDrive\Documents\EDGEIQ_PLATFORM\public\data\edgeiq_trust_band_replay_v1.csv","39665045"
"C:\Users\trent\OneDrive\Documents\EDGEIQ_PLATFORM\public\data\edgeiq_trust_band_replay_v1_by_rank.csv","674"
"C:\Users\trent\OneDrive\Documents\EDGEIQ_PLATFORM\public\data\edgeiq_trust_band_replay_v1_summary.csv","2407"
"C:\Users\trent\OneDrive\Documents\EDGEIQ_PLATFORM\public\data\edgeiq_trust_field_engine_v1.csv","2980192"
"C:\Users\trent\OneDrive\Documents\EDGEIQ_PLATFORM\public\data\edgeiq_trust_field_engine_v1_by_band.csv","492"
"C:\Users\trent\OneDrive\Documents\EDGEIQ_PLATFORM\public\data\edgeiq_trust_field_engine_v1_matrix.csv","965"
"C:\Users\trent\OneDrive\Documents\EDGEIQ_PLATFORM\public\data\edgeiq_trust_field_engine_v1_summary.csv","915"
"C:\Users\trent\OneDrive\Documents\EDGEIQ_PLATFORM\public\data\edgeiq_trust_field_engine_v1_verdict.csv","160"
"C:\Users\trent\OneDrive\Documents\EDGEIQ_PLATFORM\public\data\edgeiq_trust_field_stability_audit_v1.csv","1810"
"C:\Users\trent\OneDrive\Documents\EDGEIQ_PLATFORM\public\data\edgeiq_trust_field_stability_audit_v1_summary.csv","497"
"C:\Users\trent\OneDrive\Documents\EDGEIQ_PLATFORM\public\data\edgeiq_trust_field_stability_audit_v1_verdict.csv","360"
"C:\Users\trent\OneDrive\Documents\EDGEIQ_PLATFORM\public\data\edgeiq_trust_index_v1.csv","5142"
"C:\Users\trent\OneDrive\Documents\EDGEIQ_PLATFORM\public\data\edgeiq_trust_index_v1_audit.csv","1844"
"C:\Users\trent\OneDrive\Documents\EDGEIQ_PLATFORM\public\data\edgeiq_trust_profile_engine_v1.csv","5923"
"C:\Users\trent\OneDrive\Documents\EDGEIQ_PLATFORM\public\data\edgeiq_trust_profile_engine_v1_summary.csv","1106"
"C:\Users\trent\OneDrive\Documents\EDGEIQ_PLATFORM\public\data\edgeiq_trust_profile_live_audit_v1.csv","5546"
"C:\Users\trent\OneDrive\Documents\EDGEIQ_PLATFORM\public\data\edgeiq_truth_loop_orchestrator_v1_status.csv","4645"
"C:\Users\trent\OneDrive\Documents\EDGEIQ_PLATFORM\public\data\edgeiq_turftrax_live_request_trace_v1.json","17608"
"C:\Users\trent\OneDrive\Documents\EDGEIQ_PLATFORM\public\data\edgeiq_ui_checkpoint_before_command_enrichment_v1.csv","447"
"C:\Users\trent\OneDrive\Documents\EDGEIQ_PLATFORM\public\data\edgeiq_ui_checkpoint_before_command_enrichment_v1_summary.csv","447"
"C:\Users\trent\OneDrive\Documents\EDGEIQ_PLATFORM\public\data\edgeiq_ui_checkpoint_before_count_score_fix_v1.csv","441"
"C:\Users\trent\OneDrive\Documents\EDGEIQ_PLATFORM\public\data\edgeiq_ui_checkpoint_before_count_score_fix_v1_summary.csv","441"
"C:\Users\trent\OneDrive\Documents\EDGEIQ_PLATFORM\public\data\edgeiq_ui_checkpoint_before_v7_2_render_switch_v1.csv","283"
"C:\Users\trent\OneDrive\Documents\EDGEIQ_PLATFORM\public\data\edgeiq_ui_checkpoint_before_v7_2_render_switch_v1_summary.csv","345"
"C:\Users\trent\OneDrive\Documents\EDGEIQ_PLATFORM\public\data\edgeiq_ui_checkpoint_before_v7_2_wiring_v1.csv","236"
"C:\Users\trent\OneDrive\Documents\EDGEIQ_PLATFORM\public\data\edgeiq_ui_checkpoint_before_v7_2_wiring_v1_summary.csv","305"
"C:\Users\trent\OneDrive\Documents\EDGEIQ_PLATFORM\public\data\edgeiq_ui_evidence_display_wiring_v1.csv","115325"
"C:\Users\trent\OneDrive\Documents\EDGEIQ_PLATFORM\public\data\edgeiq_ui_evidence_display_wiring_v1_summary.csv","687"
"C:\Users\trent\OneDrive\Documents\EDGEIQ_PLATFORM\public\data\edgeiq_ui_factor_population_v1.csv","92487"
"C:\Users\trent\OneDrive\Documents\EDGEIQ_PLATFORM\public\data\edgeiq_ui_factor_population_v1_summary.csv","1525"
"C:\Users\trent\OneDrive\Documents\EDGEIQ_PLATFORM\public\data\edgeiq_ui_language_audit_v1.csv","96"
"C:\Users\trent\OneDrive\Documents\EDGEIQ_PLATFORM\public\data\edgeiq_ui_language_v1.json","170"
"C:\Users\trent\OneDrive\Documents\EDGEIQ_PLATFORM\public\data\edgeiq_ui_rescue_premium_redesign_v1_audit.csv","56"
"C:\Users\trent\OneDrive\Documents\EDGEIQ_PLATFORM\public\data\edgeiq_ui_rescue_premium_redesign_v1_audit_summary.csv","90"
"C:\Users\trent\OneDrive\Documents\EDGEIQ_PLATFORM\public\data\edgeiq_ui_rescue_premium_redesign_v1_summary.csv","126"
"C:\Users\trent\OneDrive\Documents\EDGEIQ_PLATFORM\public\data\edgeiq_ui_structure_audit_v1.csv","92044"
"C:\Users\trent\OneDrive\Documents\EDGEIQ_PLATFORM\public\data\edgeiq_ui_structure_audit_v1_summary.csv","601"
"C:\Users\trent\OneDrive\Documents\EDGEIQ_PLATFORM\public\data\edgeiq_ui_v7_2_feature_flag_wiring_v1.csv","415"
"C:\Users\trent\OneDrive\Documents\EDGEIQ_PLATFORM\public\data\edgeiq_ui_v7_2_feature_flag_wiring_v1_summary.csv","439"
"C:\Users\trent\OneDrive\Documents\EDGEIQ_PLATFORM\public\data\edgeiq_ui_v7_2_render_switch_v1.csv","305"
"C:\Users\trent\OneDrive\Documents\EDGEIQ_PLATFORM\public\data\edgeiq_ui_v7_2_render_switch_v1_summary.csv","324"
"C:\Users\trent\OneDrive\Documents\EDGEIQ_PLATFORM\public\data\edgeiq_uncertainty_diagnostics_v1.csv","728"
"C:\Users\trent\OneDrive\Documents\EDGEIQ_PLATFORM\public\data\edgeiq_uncertainty_engine_v1.csv","2748"
"C:\Users\trent\OneDrive\Documents\EDGEIQ_PLATFORM\public\data\edgeiq_unified_live_reliability_v1.csv","49275"
"C:\Users\trent\OneDrive\Documents\EDGEIQ_PLATFORM\public\data\edgeiq_unified_live_reliability_v2.csv","50923"
"C:\Users\trent\OneDrive\Documents\EDGEIQ_PLATFORM\public\data\edgeiq_universal_race_identity_v2.csv","674384"
"C:\Users\trent\OneDrive\Documents\EDGEIQ_PLATFORM\public\data\edgeiq_universal_race_identity_v2_diagnostics.csv","102"
"C:\Users\trent\OneDrive\Documents\EDGEIQ_PLATFORM\public\data\edgeiq_universal_sectional_memory_v1.csv","449681"
"C:\Users\trent\OneDrive\Documents\EDGEIQ_PLATFORM\public\data\edgeiq_universal_sectional_memory_v1_diagnostics.csv","264"
"C:\Users\trent\OneDrive\Documents\EDGEIQ_PLATFORM\public\data\edgeiq_v4_rejected_winner_audit_v1.csv","36440881"
"C:\Users\trent\OneDrive\Documents\EDGEIQ_PLATFORM\public\data\edgeiq_v4_rejected_winner_audit_v1_summary.csv","6014"
"C:\Users\trent\OneDrive\Documents\EDGEIQ_PLATFORM\public\data\edgeiq_v4_stability_audit_v1.csv","1352493"
"C:\Users\trent\OneDrive\Documents\EDGEIQ_PLATFORM\public\data\edgeiq_v4_stability_audit_v1_by_field_size.csv","728"
"C:\Users\trent\OneDrive\Documents\EDGEIQ_PLATFORM\public\data\edgeiq_v4_stability_audit_v1_by_rank.csv","327"
"C:\Users\trent\OneDrive\Documents\EDGEIQ_PLATFORM\public\data\edgeiq_v4_stability_audit_v1_by_trust.csv","440"
"C:\Users\trent\OneDrive\Documents\EDGEIQ_PLATFORM\public\data\edgeiq_v4_stability_audit_v1_by_year.csv","688"
"C:\Users\trent\OneDrive\Documents\EDGEIQ_PLATFORM\public\data\edgeiq_v4_stability_audit_v1_summary.csv","1491"
"C:\Users\trent\OneDrive\Documents\EDGEIQ_PLATFORM\public\data\edgeiq_v5_10to25_gap_v6_migration_audit.csv","1223"
"C:\Users\trent\OneDrive\Documents\EDGEIQ_PLATFORM\public\data\edgeiq_v5_30plus_gap_v6_migration_audit.csv","332"
"C:\Users\trent\OneDrive\Documents\EDGEIQ_PLATFORM\public\data\edgeiq_v5_elite_gap_strength_audit.csv","140"
"C:\Users\trent\OneDrive\Documents\EDGEIQ_PLATFORM\public\data\edgeiq_v5_overlay_race4_flip_audit_v1.csv","2191"
"C:\Users\trent\OneDrive\Documents\EDGEIQ_PLATFORM\public\data\edgeiq_v5_overlay_race4_flip_audit_v1_summary.csv","549"
"C:\Users\trent\OneDrive\Documents\EDGEIQ_PLATFORM\public\data\edgeiq_v5_v6_elite_gap_strength_comparison.csv","535"
"C:\Users\trent\OneDrive\Documents\EDGEIQ_PLATFORM\public\data\edgeiq_v5_vs_v6_component_decomposition_damaged_winners_v1.csv","61722"
"C:\Users\trent\OneDrive\Documents\EDGEIQ_PLATFORM\public\data\edgeiq_v5_vs_v6_component_decomposition_damaged_winners_v1_summary.csv","308"
"C:\Users\trent\OneDrive\Documents\EDGEIQ_PLATFORM\public\data\edgeiq_v5_vs_v6_component_decomposition_damaged_winners_v2.csv","29594"
"C:\Users\trent\OneDrive\Documents\EDGEIQ_PLATFORM\public\data\edgeiq_v5_vs_v6_component_decomposition_damaged_winners_v2_summary.csv","278"
"C:\Users\trent\OneDrive\Documents\EDGEIQ_PLATFORM\public\data\edgeiq_v6_1_backfilled_live_risk_summary_v1.csv","177"
"C:\Users\trent\OneDrive\Documents\EDGEIQ_PLATFORM\public\data\edgeiq_v6_1_backfilled_live_risk_v1.csv","3349"
"C:\Users\trent\OneDrive\Documents\EDGEIQ_PLATFORM\public\data\edgeiq_v6_1_backfilled_rating_audit.csv","638586"
"C:\Users\trent\OneDrive\Documents\EDGEIQ_PLATFORM\public\data\edgeiq_v6_1_found_lost_winners_vs_v6_v1_summary.csv","249"
"C:\Users\trent\OneDrive\Documents\EDGEIQ_PLATFORM\public\data\edgeiq_v6_1_found_winners_vs_v6_v1.csv","4761"
"C:\Users\trent\OneDrive\Documents\EDGEIQ_PLATFORM\public\data\edgeiq_v6_1_gap_calibration_audit_v1_buckets.csv","1381"
"C:\Users\trent\OneDrive\Documents\EDGEIQ_PLATFORM\public\data\edgeiq_v6_1_gap_calibration_audit_v1_detail.csv","24897636"
"C:\Users\trent\OneDrive\Documents\EDGEIQ_PLATFORM\public\data\edgeiq_v6_1_gap_calibration_audit_v1_summary.csv","783"
"C:\Users\trent\OneDrive\Documents\EDGEIQ_PLATFORM\public\data\edgeiq_v6_1_gap_calibration_source_scan_v1.csv","1775"
"C:\Users\trent\OneDrive\Documents\EDGEIQ_PLATFORM\public\data\edgeiq_v6_1_lost_winners_vs_v6_v1.csv","2384"
"C:\Users\trent\OneDrive\Documents\EDGEIQ_PLATFORM\public\data\edgeiq_v6_1_overconfidence_archetypes_v1.csv","1375281"
"C:\Users\trent\OneDrive\Documents\EDGEIQ_PLATFORM\public\data\edgeiq_v6_1_overconfidence_archetypes_v1_ranked.csv","120084"
"C:\Users\trent\OneDrive\Documents\EDGEIQ_PLATFORM\public\data\edgeiq_v6_1_overconfidence_archetypes_v1_summary.csv","2100"
"C:\Users\trent\OneDrive\Documents\EDGEIQ_PLATFORM\public\data\edgeiq_v6_1_overlay_replay_v1.csv","3552072"
"C:\Users\trent\OneDrive\Documents\EDGEIQ_PLATFORM\public\data\edgeiq_v6_1_overlay_replay_v1_by_band.csv","526"
"C:\Users\trent\OneDrive\Documents\EDGEIQ_PLATFORM\public\data\edgeiq_v6_1_overlay_replay_v1_by_fair_bucket.csv","826"
"C:\Users\trent\OneDrive\Documents\EDGEIQ_PLATFORM\public\data\edgeiq_v6_1_overlay_replay_v1_by_model.csv","641"
"C:\Users\trent\OneDrive\Documents\EDGEIQ_PLATFORM\public\data\edgeiq_v6_1_overlay_replay_v1_summary.csv","164"
"C:\Users\trent\OneDrive\Documents\EDGEIQ_PLATFORM\public\data\edgeiq_v6_1_probability_calibration_replay_v1_detail.csv","682218"
"C:\Users\trent\OneDrive\Documents\EDGEIQ_PLATFORM\public\data\edgeiq_v6_1_probability_calibration_replay_v1_gap_buckets.csv","1417"
"C:\Users\trent\OneDrive\Documents\EDGEIQ_PLATFORM\public\data\edgeiq_v6_1_probability_calibration_replay_v1_probability_buckets.csv","889"
"C:\Users\trent\OneDrive\Documents\EDGEIQ_PLATFORM\public\data\edgeiq_v6_1_probability_calibration_replay_v1_rank_buckets.csv","530"
"C:\Users\trent\OneDrive\Documents\EDGEIQ_PLATFORM\public\data\edgeiq_v6_1_probability_calibration_replay_v1_summary.csv","857"
"C:\Users\trent\OneDrive\Documents\EDGEIQ_PLATFORM\public\data\edgeiq_v6_1_probability_calibration_v2_by_match_tier_ate_segments.csv","1648"
"C:\Users\trent\OneDrive\Documents\EDGEIQ_PLATFORM\public\data\edgeiq_v6_1_probability_calibration_v2_by_match_tier_detail.csv","3468134"
"C:\Users\trent\OneDrive\Documents\EDGEIQ_PLATFORM\public\data\edgeiq_v6_1_probability_calibration_v2_by_match_tier_probability_buckets.csv","2866"
"C:\Users\trent\OneDrive\Documents\EDGEIQ_PLATFORM\public\data\edgeiq_v6_1_probability_calibration_v2_by_match_tier_summary.csv","1299"
"C:\Users\trent\OneDrive\Documents\EDGEIQ_PLATFORM\public\data\edgeiq_v6_1_probability_segment_calibration_v1_ate_iron_segment.csv","875"
"C:\Users\trent\OneDrive\Documents\EDGEIQ_PLATFORM\public\data\edgeiq_v6_1_probability_segment_calibration_v1_by_class.csv","919"
"C:\Users\trent\OneDrive\Documents\EDGEIQ_PLATFORM\public\data\edgeiq_v6_1_probability_segment_calibration_v1_by_field_size.csv","898"
"C:\Users\trent\OneDrive\Documents\EDGEIQ_PLATFORM\public\data\edgeiq_v6_1_probability_segment_calibration_v1_by_gap_bucket.csv","2214"
"C:\Users\trent\OneDrive\Documents\EDGEIQ_PLATFORM\public\data\edgeiq_v6_1_probability_segment_calibration_v1_by_prob_bucket.csv","1249"
"C:\Users\trent\OneDrive\Documents\EDGEIQ_PLATFORM\public\data\edgeiq_v6_1_probability_segment_calibration_v1_by_projection_band.csv","1003"
"C:\Users\trent\OneDrive\Documents\EDGEIQ_PLATFORM\public\data\edgeiq_v6_1_probability_segment_calibration_v1_by_starts.csv","896"
"C:\Users\trent\OneDrive\Documents\EDGEIQ_PLATFORM\public\data\edgeiq_v6_1_probability_segment_calibration_v1_detail.csv","748182"
"C:\Users\trent\OneDrive\Documents\EDGEIQ_PLATFORM\public\data\edgeiq_v6_1_probability_segment_calibration_v1_interactions.csv","37789"
"C:\Users\trent\OneDrive\Documents\EDGEIQ_PLATFORM\public\data\edgeiq_v6_1_probability_segment_calibration_v1_summary.csv","861"
"C:\Users\trent\OneDrive\Documents\EDGEIQ_PLATFORM\public\data\edgeiq_v6_1_projection_gap_missing_target_repair_v1_audit.csv","1715"
"C:\Users\trent\OneDrive\Documents\EDGEIQ_PLATFORM\public\data\edgeiq_v6_1_projection_gap_missing_target_repair_v1_summary.csv","379"
"C:\Users\trent\OneDrive\Documents\EDGEIQ_PLATFORM\public\data\edgeiq_v6_1_segment_guardrail_replay_v1.csv","15634226"
"C:\Users\trent\OneDrive\Documents\EDGEIQ_PLATFORM\public\data\edgeiq_v6_1_segment_guardrail_replay_v1_summary.csv","8194"
"C:\Users\trent\OneDrive\Documents\EDGEIQ_PLATFORM\public\data\edgeiq_v6_1_settled_gap_replay_v1.csv","15628899"
"C:\Users\trent\OneDrive\Documents\EDGEIQ_PLATFORM\public\data\edgeiq_v6_1_settled_gap_replay_v1_summary.csv","843"
"C:\Users\trent\OneDrive\Documents\EDGEIQ_PLATFORM\public\data\edgeiq_v6_1_settled_gap_replay_v2_expanded.csv","19310000"
"C:\Users\trent\OneDrive\Documents\EDGEIQ_PLATFORM\public\data\edgeiq_v6_1_settled_gap_replay_v2_expanded_match_diagnostics.csv","40294081"
"C:\Users\trent\OneDrive\Documents\EDGEIQ_PLATFORM\public\data\edgeiq_v6_1_settled_gap_replay_v2_expanded_summary.csv","1729"
"C:\Users\trent\OneDrive\Documents\EDGEIQ_PLATFORM\public\data\edgeiq_v6_1_settled_replay_unmatched_collisions_v1.csv","33803403"
"C:\Users\trent\OneDrive\Documents\EDGEIQ_PLATFORM\public\data\edgeiq_v6_1_settled_replay_unmatched_collisions_v1_summary.csv","5096"
"C:\Users\trent\OneDrive\Documents\EDGEIQ_PLATFORM\public\data\edgeiq_v6_1_settled_replay_unmatched_collision_examples_v1.csv","21101"
"C:\Users\trent\OneDrive\Documents\EDGEIQ_PLATFORM\public\data\edgeiq_v6_1_vs_v5_prior_rank1_head_to_head.csv","1159273"
"C:\Users\trent\OneDrive\Documents\EDGEIQ_PLATFORM\public\data\edgeiq_v6_1_vs_v5_prior_rank1_head_to_head_summary.csv","406"
"C:\Users\trent\OneDrive\Documents\EDGEIQ_PLATFORM\public\data\edgeiq_v6_1_vs_v6_rank1_head_to_head.csv","1116400"
"C:\Users\trent\OneDrive\Documents\EDGEIQ_PLATFORM\public\data\edgeiq_v6_1_vs_v6_rank1_head_to_head_summary.csv","299"
"C:\Users\trent\OneDrive\Documents\EDGEIQ_PLATFORM\public\data\edgeiq_v6_3_medium_guardrail_extreme_score_audit_v1.csv","152388"
"C:\Users\trent\OneDrive\Documents\EDGEIQ_PLATFORM\public\data\edgeiq_v6_3_medium_guardrail_extreme_score_audit_v1_summary.csv","284"
"C:\Users\trent\OneDrive\Documents\EDGEIQ_PLATFORM\public\data\edgeiq_v6_elite_winner_damage_audit_v1.csv","279879"
"C:\Users\trent\OneDrive\Documents\EDGEIQ_PLATFORM\public\data\edgeiq_v6_elite_winner_damage_audit_v1_summary.csv","473"
"C:\Users\trent\OneDrive\Documents\EDGEIQ_PLATFORM\public\data\edgeiq_v6_power_sensitivity_replay_v1.csv","4420306"
"C:\Users\trent\OneDrive\Documents\EDGEIQ_PLATFORM\public\data\edgeiq_v6_power_sensitivity_replay_v1_summary.csv","665"
"C:\Users\trent\OneDrive\Documents\EDGEIQ_PLATFORM\public\data\edgeiq_v6_rank1_damage_audit_v1.csv","133735"
"C:\Users\trent\OneDrive\Documents\EDGEIQ_PLATFORM\public\data\edgeiq_v6_rank1_damage_audit_v1_summary.csv","1288"
"C:\Users\trent\OneDrive\Documents\EDGEIQ_PLATFORM\public\data\edgeiq_v6_rank_switch_experience_audit_v1.csv","150191"
"C:\Users\trent\OneDrive\Documents\EDGEIQ_PLATFORM\public\data\edgeiq_v6_rank_switch_experience_audit_v1_summary.csv","621"
"C:\Users\trent\OneDrive\Documents\EDGEIQ_PLATFORM\public\data\edgeiq_v6_rank_switch_races_v1.csv","40671"
"C:\Users\trent\OneDrive\Documents\EDGEIQ_PLATFORM\public\data\edgeiq_v6_rank_switch_summary_v1.csv","672"
"C:\Users\trent\OneDrive\Documents\EDGEIQ_PLATFORM\public\data\edgeiq_v6_vs_temperature6_replay_v1.csv","10272745"
"C:\Users\trent\OneDrive\Documents\EDGEIQ_PLATFORM\public\data\edgeiq_v6_vs_temperature6_replay_v1_summary.csv","451"
"C:\Users\trent\OneDrive\Documents\EDGEIQ_PLATFORM\public\data\edgeiq_v6_vs_v5_prior_rank1_head_to_head.csv","1159292"
"C:\Users\trent\OneDrive\Documents\EDGEIQ_PLATFORM\public\data\edgeiq_v6_vs_v5_prior_rank1_head_to_head_summary.csv","404"
"C:\Users\trent\OneDrive\Documents\EDGEIQ_PLATFORM\public\data\edgeiq_v7_1_final_checkpoint_handoff_v1.csv","1081"
"C:\Users\trent\OneDrive\Documents\EDGEIQ_PLATFORM\public\data\edgeiq_v7_1_live_wiring_readiness_plan_v1.csv","8212"
"C:\Users\trent\OneDrive\Documents\EDGEIQ_PLATFORM\public\data\edgeiq_v7_1_live_wiring_readiness_plan_v1_summary.csv","375"
"C:\Users\trent\OneDrive\Documents\EDGEIQ_PLATFORM\public\data\edgeiq_v7_1_vs_v7_2_current_day_coverage_v1.csv","333"
"C:\Users\trent\OneDrive\Documents\EDGEIQ_PLATFORM\public\data\edgeiq_v7_1_vs_v7_2_current_day_coverage_v1_summary.csv","358"
"C:\Users\trent\OneDrive\Documents\EDGEIQ_PLATFORM\public\data\edgeiq_v7_2g2_activation_candidate_v1.csv","107929"
"C:\Users\trent\OneDrive\Documents\EDGEIQ_PLATFORM\public\data\edgeiq_v7_2g2_activation_candidate_v1_summary.csv","355"
"C:\Users\trent\OneDrive\Documents\EDGEIQ_PLATFORM\public\data\edgeiq_v7_2g2_activation_readiness_verdict_v1.csv","832"
"C:\Users\trent\OneDrive\Documents\EDGEIQ_PLATFORM\public\data\edgeiq_v7_2g2_activation_safety_gate_v1.csv","390"
"C:\Users\trent\OneDrive\Documents\EDGEIQ_PLATFORM\public\data\edgeiq_v7_2g2_activation_safety_gate_v1_summary.csv","490"
"C:\Users\trent\OneDrive\Documents\EDGEIQ_PLATFORM\public\data\edgeiq_v7_2g2_backup_before_flag_on_candidate_v1.csv","501"
"C:\Users\trent\OneDrive\Documents\EDGEIQ_PLATFORM\public\data\edgeiq_v7_2g2_backup_before_flag_on_candidate_v1_summary.csv","507"
"C:\Users\trent\OneDrive\Documents\EDGEIQ_PLATFORM\public\data\edgeiq_v7_2g2_controlled_flag_on_overwrite_v1.csv","402"
"C:\Users\trent\OneDrive\Documents\EDGEIQ_PLATFORM\public\data\edgeiq_v7_2g2_controlled_flag_on_overwrite_v1_summary.csv","537"
"C:\Users\trent\OneDrive\Documents\EDGEIQ_PLATFORM\public\data\edgeiq_v7_2g2_controlled_staging_overwrite_v1.csv","546"
"C:\Users\trent\OneDrive\Documents\EDGEIQ_PLATFORM\public\data\edgeiq_v7_2g2_controlled_staging_overwrite_v1_summary.csv","613"
"C:\Users\trent\OneDrive\Documents\EDGEIQ_PLATFORM\public\data\edgeiq_v7_2g2_evidence_ui_checkpoint_v1.csv","992"
"C:\Users\trent\OneDrive\Documents\EDGEIQ_PLATFORM\public\data\edgeiq_v7_2g2_final_pre_on_overwrite_v1.csv","752"
"C:\Users\trent\OneDrive\Documents\EDGEIQ_PLATFORM\public\data\edgeiq_v7_2g2_final_pre_on_overwrite_v1_summary.csv","466"
"C:\Users\trent\OneDrive\Documents\EDGEIQ_PLATFORM\public\data\edgeiq_v7_2g2_final_visual_review_summary_v1.csv","254"
"C:\Users\trent\OneDrive\Documents\EDGEIQ_PLATFORM\public\data\edgeiq_v7_2g2_flag_on_candidate_checkpoint_v1.csv","751"
"C:\Users\trent\OneDrive\Documents\EDGEIQ_PLATFORM\public\data\edgeiq_v7_2g2_flag_on_candidate_final_audit_v1.csv","665"
"C:\Users\trent\OneDrive\Documents\EDGEIQ_PLATFORM\public\data\edgeiq_v7_2g2_flag_on_candidate_final_audit_v1_summary.csv","507"
"C:\Users\trent\OneDrive\Documents\EDGEIQ_PLATFORM\public\data\edgeiq_v7_2g2_human_review_pack_v1.csv","26012"
"C:\Users\trent\OneDrive\Documents\EDGEIQ_PLATFORM\public\data\edgeiq_v7_2g2_human_review_pack_v1_summary.csv","277"
"C:\Users\trent\OneDrive\Documents\EDGEIQ_PLATFORM\public\data\edgeiq_v7_2g2_post_on_and_evidence_checkpoint_v1.csv","1132"
"C:\Users\trent\OneDrive\Documents\EDGEIQ_PLATFORM\public\data\edgeiq_v7_2g2_post_on_overwrite_v1.csv","576"
"C:\Users\trent\OneDrive\Documents\EDGEIQ_PLATFORM\public\data\edgeiq_v7_2g2_post_on_overwrite_v1_summary.csv","490"
"C:\Users\trent\OneDrive\Documents\EDGEIQ_PLATFORM\public\data\edgeiq_v7_2g2_pre_flag_on_safety_gate_v1.csv","1377"
"C:\Users\trent\OneDrive\Documents\EDGEIQ_PLATFORM\public\data\edgeiq_v7_2g2_pre_flag_on_safety_gate_v1_summary.csv","458"
"C:\Users\trent\OneDrive\Documents\EDGEIQ_PLATFORM\public\data\edgeiq_v7_2g2_side_by_side_review_v1.csv","75389"
"C:\Users\trent\OneDrive\Documents\EDGEIQ_PLATFORM\public\data\edgeiq_v7_2g2_side_by_side_review_v1_summary.csv","406"
"C:\Users\trent\OneDrive\Documents\EDGEIQ_PLATFORM\public\data\edgeiq_v7_2g2_staging_candidate_audit_v1.csv","299"
"C:\Users\trent\OneDrive\Documents\EDGEIQ_PLATFORM\public\data\edgeiq_v7_2g2_staging_candidate_audit_v1_summary.csv","357"
"C:\Users\trent\OneDrive\Documents\EDGEIQ_PLATFORM\public\data\edgeiq_v7_2g2_staging_candidate_v1.csv","518573"
"C:\Users\trent\OneDrive\Documents\EDGEIQ_PLATFORM\public\data\edgeiq_v7_2g2_staging_candidate_v1_summary.csv","235"
"C:\Users\trent\OneDrive\Documents\EDGEIQ_PLATFORM\public\data\edgeiq_v7_2g2_staging_checkpoint_v1.csv","542"
"C:\Users\trent\OneDrive\Documents\EDGEIQ_PLATFORM\public\data\edgeiq_v7_2g2_targeted_suppression_candidates_audit_v1.csv","685"
"C:\Users\trent\OneDrive\Documents\EDGEIQ_PLATFORM\public\data\edgeiq_v7_2g2_targeted_suppression_candidates_audit_v1_summary.csv","309"
"C:\Users\trent\OneDrive\Documents\EDGEIQ_PLATFORM\public\data\edgeiq_v7_2g2_targeted_suppression_candidates_v1.csv","298756"
"C:\Users\trent\OneDrive\Documents\EDGEIQ_PLATFORM\public\data\edgeiq_v7_2g2_targeted_suppression_candidates_v1_summary.csv","192"
"C:\Users\trent\OneDrive\Documents\EDGEIQ_PLATFORM\public\data\edgeiq_v7_2g_activation_readiness_verdict_v1.csv","598"
"C:\Users\trent\OneDrive\Documents\EDGEIQ_PLATFORM\public\data\edgeiq_v7_2g_guarded_activation_candidate_v1.csv","100614"
"C:\Users\trent\OneDrive\Documents\EDGEIQ_PLATFORM\public\data\edgeiq_v7_2g_guarded_activation_candidate_v1_summary.csv","331"
"C:\Users\trent\OneDrive\Documents\EDGEIQ_PLATFORM\public\data\edgeiq_v7_2g_remaining_high_risk_races_v1.csv","4434"
"C:\Users\trent\OneDrive\Documents\EDGEIQ_PLATFORM\public\data\edgeiq_v7_2g_remaining_high_risk_races_v1_summary.csv","199"
"C:\Users\trent\OneDrive\Documents\EDGEIQ_PLATFORM\public\data\edgeiq_v7_2g_side_by_side_review_v1.csv","54748"
"C:\Users\trent\OneDrive\Documents\EDGEIQ_PLATFORM\public\data\edgeiq_v7_2g_side_by_side_review_v1_summary.csv","411"
"C:\Users\trent\OneDrive\Documents\EDGEIQ_PLATFORM\public\data\edgeiq_v7_2_activation_change_diagnostics_v1.csv","28604"
"C:\Users\trent\OneDrive\Documents\EDGEIQ_PLATFORM\public\data\edgeiq_v7_2_activation_change_diagnostics_v1_summary.csv","550"
"C:\Users\trent\OneDrive\Documents\EDGEIQ_PLATFORM\public\data\edgeiq_v7_2_activation_race_level_changes_v1.csv","2990"
"C:\Users\trent\OneDrive\Documents\EDGEIQ_PLATFORM\public\data\edgeiq_v7_2_activation_race_level_changes_v1_summary.csv","300"
"C:\Users\trent\OneDrive\Documents\EDGEIQ_PLATFORM\public\data\edgeiq_v7_2_activation_readiness_verdict_v1.csv","599"
"C:\Users\trent\OneDrive\Documents\EDGEIQ_PLATFORM\public\data\edgeiq_v7_2_activation_side_by_side_v1.csv","85801"
"C:\Users\trent\OneDrive\Documents\EDGEIQ_PLATFORM\public\data\edgeiq_v7_2_activation_side_by_side_v1_summary.csv","536"
"C:\Users\trent\OneDrive\Documents\EDGEIQ_PLATFORM\public\data\edgeiq_v7_2_activation_top_changes_review_v1.csv","14724"
"C:\Users\trent\OneDrive\Documents\EDGEIQ_PLATFORM\public\data\edgeiq_v7_2_activation_top_changes_review_v1_summary.csv","261"
"C:\Users\trent\OneDrive\Documents\EDGEIQ_PLATFORM\public\data\edgeiq_v7_2_controlled_overwrite_feature_flag_off_v1.csv","836"
"C:\Users\trent\OneDrive\Documents\EDGEIQ_PLATFORM\public\data\edgeiq_v7_2_controlled_overwrite_feature_flag_off_v1_summary.csv","326"
"C:\Users\trent\OneDrive\Documents\EDGEIQ_PLATFORM\public\data\edgeiq_v7_2_controlled_wiring_readiness_checkpoint_v1.csv","652"
"C:\Users\trent\OneDrive\Documents\EDGEIQ_PLATFORM\public\data\edgeiq_v7_2_current_day_checkpoint_v1.csv","757"
"C:\Users\trent\OneDrive\Documents\EDGEIQ_PLATFORM\public\data\edgeiq_v7_2_feature_flag_off_staging_checkpoint_v1.csv","660"
"C:\Users\trent\OneDrive\Documents\EDGEIQ_PLATFORM\public\data\edgeiq_v7_2_feature_flag_on_candidate_checkpoint_v1.csv","778"
"C:\Users\trent\OneDrive\Documents\EDGEIQ_PLATFORM\public\data\edgeiq_v7_2_feature_flag_on_data_candidate_v1.csv","348"
"C:\Users\trent\OneDrive\Documents\EDGEIQ_PLATFORM\public\data\edgeiq_v7_2_feature_flag_on_data_candidate_v1_summary.csv","423"
"C:\Users\trent\OneDrive\Documents\EDGEIQ_PLATFORM\public\data\edgeiq_v7_2_feature_flag_on_impact_v1.csv","722"
"C:\Users\trent\OneDrive\Documents\EDGEIQ_PLATFORM\public\data\edgeiq_v7_2_feature_flag_on_impact_v1_summary.csv","459"
"C:\Users\trent\OneDrive\Documents\EDGEIQ_PLATFORM\public\data\edgeiq_v7_2_feature_flag_safety_v1.csv","640"
"C:\Users\trent\OneDrive\Documents\EDGEIQ_PLATFORM\public\data\edgeiq_v7_2_feature_flag_safety_v1_summary.csv","368"
"C:\Users\trent\OneDrive\Documents\EDGEIQ_PLATFORM\public\data\edgeiq_v7_2_guarded_display_candidates_audit_v1.csv","843"
"C:\Users\trent\OneDrive\Documents\EDGEIQ_PLATFORM\public\data\edgeiq_v7_2_guarded_display_candidates_audit_v1_summary.csv","293"
"C:\Users\trent\OneDrive\Documents\EDGEIQ_PLATFORM\public\data\edgeiq_v7_2_guarded_display_candidates_v1.csv","396494"
"C:\Users\trent\OneDrive\Documents\EDGEIQ_PLATFORM\public\data\edgeiq_v7_2_guarded_display_candidates_v1_summary.csv","165"
"C:\Users\trent\OneDrive\Documents\EDGEIQ_PLATFORM\public\data\edgeiq_v7_2_live_wiring_checkpoints_v1.csv","861"
"C:\Users\trent\OneDrive\Documents\EDGEIQ_PLATFORM\public\data\edgeiq_v7_2_live_wiring_checkpoints_v1_summary.csv","215"
"C:\Users\trent\OneDrive\Documents\EDGEIQ_PLATFORM\public\data\edgeiq_v7_2_post_controlled_overwrite_v1.csv","420"
"C:\Users\trent\OneDrive\Documents\EDGEIQ_PLATFORM\public\data\edgeiq_v7_2_post_controlled_overwrite_v1_summary.csv","415"
"C:\Users\trent\OneDrive\Documents\EDGEIQ_PLATFORM\public\data\edgeiq_v7_2_pre_controlled_overwrite_safety_v1.csv","613"
"C:\Users\trent\OneDrive\Documents\EDGEIQ_PLATFORM\public\data\edgeiq_v7_2_pre_controlled_overwrite_safety_v1_summary.csv","588"
"C:\Users\trent\OneDrive\Documents\EDGEIQ_PLATFORM\public\data\edgeiq_v7_2_render_switch_build_result_v1.csv","189"
"C:\Users\trent\OneDrive\Documents\EDGEIQ_PLATFORM\public\data\edgeiq_v7_2_render_switch_build_result_v1_summary.csv","250"
"C:\Users\trent\OneDrive\Documents\EDGEIQ_PLATFORM\public\data\edgeiq_v7_2_ui_build_result_v1.csv","178"
"C:\Users\trent\OneDrive\Documents\EDGEIQ_PLATFORM\public\data\edgeiq_v7_2_ui_build_result_v1_summary.csv","239"
"C:\Users\trent\OneDrive\Documents\EDGEIQ_PLATFORM\public\data\edgeiq_v7_2_ui_feature_flag_off_checkpoint_v1.csv","574"
"C:\Users\trent\OneDrive\Documents\EDGEIQ_PLATFORM\public\data\edgeiq_v7_2_ui_post_wiring_v1.csv","300"
"C:\Users\trent\OneDrive\Documents\EDGEIQ_PLATFORM\public\data\edgeiq_v7_2_ui_post_wiring_v1_summary.csv","387"
"C:\Users\trent\OneDrive\Documents\EDGEIQ_PLATFORM\public\data\edgeiq_v7_2_ui_price_field_usage_v1.csv","9156"
"C:\Users\trent\OneDrive\Documents\EDGEIQ_PLATFORM\public\data\edgeiq_v7_2_ui_price_field_usage_v1_summary.csv","471"
"C:\Users\trent\OneDrive\Documents\EDGEIQ_PLATFORM\public\data\edgeiq_v7_2_ui_readiness_after_staging_v1.csv","317"
"C:\Users\trent\OneDrive\Documents\EDGEIQ_PLATFORM\public\data\edgeiq_v7_2_ui_readiness_after_staging_v1_summary.csv","549"
"C:\Users\trent\OneDrive\Documents\EDGEIQ_PLATFORM\public\data\edgeiq_v7_2_ui_render_switch_audit_v1.csv","247"
"C:\Users\trent\OneDrive\Documents\EDGEIQ_PLATFORM\public\data\edgeiq_v7_2_ui_render_switch_audit_v1_summary.csv","358"
"C:\Users\trent\OneDrive\Documents\EDGEIQ_PLATFORM\public\data\edgeiq_v8_price_lineage.csv","20724"
"C:\Users\trent\OneDrive\Documents\EDGEIQ_PLATFORM\public\data\edgeiq_victorian_track_weather_v1.json","3399"
"C:\Users\trent\OneDrive\Documents\EDGEIQ_PLATFORM\public\data\EDGEIQ_VICTORIA_CURRENT_MEETINGS.csv","754"
"C:\Users\trent\OneDrive\Documents\EDGEIQ_PLATFORM\public\data\EDGEIQ_VICTORIA_CURRENT_MEETINGS.json","1695"
"C:\Users\trent\OneDrive\Documents\EDGEIQ_PLATFORM\public\data\edgeiq_victoria_performance_intelligence_refresh_manifest_v1.csv","4445"
"C:\Users\trent\OneDrive\Documents\EDGEIQ_PLATFORM\public\data\edgeiq_victoria_performance_intelligence_refresh_manifest_v1.json","40197"
"C:\Users\trent\OneDrive\Documents\EDGEIQ_PLATFORM\public\data\edgeiq_vic_90day_sectional_warehouse_final_diagnostics_v1.csv","67425"
"C:\Users\trent\OneDrive\Documents\EDGEIQ_PLATFORM\public\data\edgeiq_vic_90day_sectional_warehouse_final_v1.csv","732178"
"C:\Users\trent\OneDrive\Documents\EDGEIQ_PLATFORM\public\data\edgeiq_vic_bom_observations_v1.json","4146"
"C:\Users\trent\OneDrive\Documents\EDGEIQ_PLATFORM\public\data\edgeiq_vic_browser_csv_downloader_diagnostics_v1.csv","1143"
"C:\Users\trent\OneDrive\Documents\EDGEIQ_PLATFORM\public\data\edgeiq_vic_browser_csv_downloader_v1.csv","3891"
"C:\Users\trent\OneDrive\Documents\EDGEIQ_PLATFORM\public\data\edgeiq_vic_confirmed_csv_registry_diagnostics_v1.csv","1541"
"C:\Users\trent\OneDrive\Documents\EDGEIQ_PLATFORM\public\data\edgeiq_vic_confirmed_csv_registry_v1.csv","1918"
"C:\Users\trent\OneDrive\Documents\EDGEIQ_PLATFORM\public\data\edgeiq_vic_confirmed_csv_registry_v2.csv","698640"
"C:\Users\trent\OneDrive\Documents\EDGEIQ_PLATFORM\public\data\edgeiq_vic_confirmed_csv_registry_v2_diagnostics.csv","1461"
"C:\Users\trent\OneDrive\Documents\EDGEIQ_PLATFORM\public\data\edgeiq_vic_csv_403_probe_diagnostics_v1.csv","1262"
"C:\Users\trent\OneDrive\Documents\EDGEIQ_PLATFORM\public\data\edgeiq_vic_csv_403_probe_v1.csv","59423"
"C:\Users\trent\OneDrive\Documents\EDGEIQ_PLATFORM\public\data\edgeiq_vic_csv_link_registry_diagnostics_v1.csv","82"
"C:\Users\trent\OneDrive\Documents\EDGEIQ_PLATFORM\public\data\edgeiq_vic_csv_link_registry_v1.csv","2"
"C:\Users\trent\OneDrive\Documents\EDGEIQ_PLATFORM\public\data\edgeiq_vic_dom_sectionals_diagnostics_v1.csv","2"
"C:\Users\trent\OneDrive\Documents\EDGEIQ_PLATFORM\public\data\edgeiq_vic_dom_sectionals_v2.csv","2"
"C:\Users\trent\OneDrive\Documents\EDGEIQ_PLATFORM\public\data\edgeiq_vic_dom_sectionals_v3.csv","948"
"C:\Users\trent\OneDrive\Documents\EDGEIQ_PLATFORM\public\data\edgeiq_vic_dom_sectional_warehouse_diagnostics_v1.csv","208"
"C:\Users\trent\OneDrive\Documents\EDGEIQ_PLATFORM\public\data\edgeiq_vic_dom_sectional_warehouse_v1.csv","1692"
"C:\Users\trent\OneDrive\Documents\EDGEIQ_PLATFORM\public\data\edgeiq_vic_explicit_download_link_miner_diagnostics_v1.csv","1035"
"C:\Users\trent\OneDrive\Documents\EDGEIQ_PLATFORM\public\data\edgeiq_vic_explicit_download_link_miner_v1.csv","1812401"
"C:\Users\trent\OneDrive\Documents\EDGEIQ_PLATFORM\public\data\edgeiq_vic_historical_backfill_manifest_2025_TEST.csv","2676624"
"C:\Users\trent\OneDrive\Documents\EDGEIQ_PLATFORM\public\data\edgeiq_vic_historical_backfill_manifest_JAN2025.csv","17342"
"C:\Users\trent\OneDrive\Documents\EDGEIQ_PLATFORM\public\data\edgeiq_vic_historical_backfill_manifest_JAN2025_WEEK1.csv","4440"
"C:\Users\trent\OneDrive\Documents\EDGEIQ_PLATFORM\public\data\edgeiq_vic_historical_backfill_manifest_JAN2025_WEEK1.json","2579"
"C:\Users\trent\OneDrive\Documents\EDGEIQ_PLATFORM\public\data\edgeiq_vic_historical_backfill_manifest_v1.csv","42588992"
"C:\Users\trent\OneDrive\Documents\EDGEIQ_PLATFORM\public\data\edgeiq_vic_historical_backfill_manifest_v1_summary.csv","4253"
"C:\Users\trent\OneDrive\Documents\EDGEIQ_PLATFORM\public\data\edgeiq_vic_historical_sectional_warehouse_diagnostics_v1.csv","208"
"C:\Users\trent\OneDrive\Documents\EDGEIQ_PLATFORM\public\data\edgeiq_vic_historical_sectional_warehouse_v1.csv","1702"
"C:\Users\trent\OneDrive\Documents\EDGEIQ_PLATFORM\public\data\edgeiq_vic_live_fields_synced.csv","35231"
"C:\Users\trent\OneDrive\Documents\EDGEIQ_PLATFORM\public\data\edgeiq_vic_live_terminal_feed_market_repair_audit_v1.csv","240"
"C:\Users\trent\OneDrive\Documents\EDGEIQ_PLATFORM\public\data\edgeiq_vic_live_terminal_feed_v1.csv","179745"
"C:\Users\trent\OneDrive\Documents\EDGEIQ_PLATFORM\public\data\edgeiq_vic_live_terminal_feed_v1_BEFORE_TODAY_ONLY_FORCE_20260614.csv","254691"
"C:\Users\trent\OneDrive\Documents\EDGEIQ_PLATFORM\public\data\edgeiq_vic_live_terminal_feed_v1_CHECKPOINT_BEFORE_CURRENT_INTEL_BRIDGE_20260711_153609.csv","201150"
"C:\Users\trent\OneDrive\Documents\EDGEIQ_PLATFORM\public\data\edgeiq_vic_live_terminal_feed_v1_CHECKPOINT_BEFORE_CURRENT_INTEL_BRIDGE_20260711_163748.csv","257414"
"C:\Users\trent\OneDrive\Documents\EDGEIQ_PLATFORM\public\data\edgeiq_vic_live_terminal_feed_v1_CHECKPOINT_BEFORE_CURRENT_INTEL_BRIDGE_20260711_193502.csv","257414"
"C:\Users\trent\OneDrive\Documents\EDGEIQ_PLATFORM\public\data\edgeiq_vic_live_terminal_feed_v1_CHECKPOINT_BEFORE_CURRENT_INTEL_BRIDGE_20260711_211017.csv","257414"
"C:\Users\trent\OneDrive\Documents\EDGEIQ_PLATFORM\public\data\edgeiq_vic_live_terminal_feed_v1_CHECKPOINT_BEFORE_CURRENT_INTEL_BRIDGE_20260712_065207.csv","257414"
"C:\Users\trent\OneDrive\Documents\EDGEIQ_PLATFORM\public\data\edgeiq_vic_live_terminal_feed_v1_CHECKPOINT_PRE_FULL_PRODUCT_POPULATION_REPAIR_20260726.csv","257414"
"C:\Users\trent\OneDrive\Documents\EDGEIQ_PLATFORM\public\data\edgeiq_vic_live_terminal_feed_v1_market_repaired.csv","188441"
"C:\Users\trent\OneDrive\Documents\EDGEIQ_PLATFORM\public\data\edgeiq_vic_live_terminal_feed_v1_summary.csv","378"
"C:\Users\trent\OneDrive\Documents\EDGEIQ_PLATFORM\public\data\edgeiq_vic_live_terminal_feed_v1_TODAY_ONLY.csv","140300"
"C:\Users\trent\OneDrive\Documents\EDGEIQ_PLATFORM\public\data\edgeiq_vic_official_track_conditions_v1.json","13696"
"C:\Users\trent\OneDrive\Documents\EDGEIQ_PLATFORM\public\data\edgeiq_vic_open_tabs_sectional_warehouse_diagnostics_v1.csv","712"
"C:\Users\trent\OneDrive\Documents\EDGEIQ_PLATFORM\public\data\edgeiq_vic_open_tabs_sectional_warehouse_v1.csv","9781"
"C:\Users\trent\OneDrive\Documents\EDGEIQ_PLATFORM\public\data\edgeiq_vic_racingcom_speed_data_diagnostics_v1.csv","1280114"
"C:\Users\trent\OneDrive\Documents\EDGEIQ_PLATFORM\public\data\edgeiq_vic_racingcom_speed_data_ingestion_v1.csv","241"
"C:\Users\trent\OneDrive\Documents\EDGEIQ_PLATFORM\public\data\edgeiq_vic_real_chrome_csv_capture_v1.csv","419"
"C:\Users\trent\OneDrive\Documents\EDGEIQ_PLATFORM\public\data\edgeiq_vic_real_chrome_csv_capture_v2.csv","1022"
"C:\Users\trent\OneDrive\Documents\EDGEIQ_PLATFORM\public\data\edgeiq_vic_real_chrome_network_log_v1.csv","36950"
"C:\Users\trent\OneDrive\Documents\EDGEIQ_PLATFORM\public\data\edgeiq_vic_real_chrome_network_log_v2.csv","172640"
"C:\Users\trent\OneDrive\Documents\EDGEIQ_PLATFORM\public\data\edgeiq_vic_real_meetings_mar_apr_may_2026_v1.csv","7515"
"C:\Users\trent\OneDrive\Documents\EDGEIQ_PLATFORM\public\data\edgeiq_vic_real_speed_urls_mar_apr_may_2026_v1.csv","168255"
"C:\Users\trent\OneDrive\Documents\EDGEIQ_PLATFORM\public\data\edgeiq_vic_scratchings_diagnostics.csv","50000"
"C:\Users\trent\OneDrive\Documents\EDGEIQ_PLATFORM\public\data\edgeiq_vic_sectional_coverage_by_race_v1.csv","1353"
"C:\Users\trent\OneDrive\Documents\EDGEIQ_PLATFORM\public\data\edgeiq_vic_sectional_diagnostics_v1.csv","1120"
"C:\Users\trent\OneDrive\Documents\EDGEIQ_PLATFORM\public\data\edgeiq_vic_sectional_source_inventory_v1.csv","65472"
"C:\Users\trent\OneDrive\Documents\EDGEIQ_PLATFORM\public\data\edgeiq_vic_sectional_warehouse_v1.csv","19940"
"C:\Users\trent\OneDrive\Documents\EDGEIQ_PLATFORM\public\data\edgeiq_vic_three_day_meeting_calendar_v1.csv","190"
"C:\Users\trent\OneDrive\Documents\EDGEIQ_PLATFORM\public\data\edgeiq_vic_three_day_meeting_diagnostics.csv","1616"
"C:\Users\trent\OneDrive\Documents\EDGEIQ_PLATFORM\public\data\edgeiq_vic_three_day_meeting_diagnostics_CHECKPOINT_CALENDAR_REFACTOR_20260616.csv","1510"
"C:\Users\trent\OneDrive\Documents\EDGEIQ_PLATFORM\public\data\edgeiq_vic_three_day_meeting_universe.csv","62557"
"C:\Users\trent\OneDrive\Documents\EDGEIQ_PLATFORM\public\data\edgeiq_vic_three_day_meeting_universe_CHECKPOINT_BEFORE_CURRENT_INTEL_BRIDGE_20260711_153609.csv","166918"
"C:\Users\trent\OneDrive\Documents\EDGEIQ_PLATFORM\public\data\edgeiq_vic_three_day_meeting_universe_CHECKPOINT_BEFORE_CURRENT_INTEL_BRIDGE_20260711_163748.csv","257414"
"C:\Users\trent\OneDrive\Documents\EDGEIQ_PLATFORM\public\data\edgeiq_vic_three_day_meeting_universe_CHECKPOINT_BEFORE_CURRENT_INTEL_BRIDGE_20260711_193502.csv","257414"
"C:\Users\trent\OneDrive\Documents\EDGEIQ_PLATFORM\public\data\edgeiq_vic_three_day_meeting_universe_CHECKPOINT_BEFORE_CURRENT_INTEL_BRIDGE_20260711_211017.csv","257414"
"C:\Users\trent\OneDrive\Documents\EDGEIQ_PLATFORM\public\data\edgeiq_vic_three_day_meeting_universe_CHECKPOINT_BEFORE_CURRENT_INTEL_BRIDGE_20260712_065207.csv","257414"
"C:\Users\trent\OneDrive\Documents\EDGEIQ_PLATFORM\public\data\edgeiq_vic_three_day_race_fields.csv","62557"
"C:\Users\trent\OneDrive\Documents\EDGEIQ_PLATFORM\public\data\edgeiq_vic_three_day_race_fields_CHECKPOINT_BEFORE_CURRENT_INTEL_BRIDGE_20260711_153609.csv","166918"
"C:\Users\trent\OneDrive\Documents\EDGEIQ_PLATFORM\public\data\edgeiq_vic_three_day_race_fields_CHECKPOINT_BEFORE_CURRENT_INTEL_BRIDGE_20260711_163748.csv","257414"
"C:\Users\trent\OneDrive\Documents\EDGEIQ_PLATFORM\public\data\edgeiq_vic_three_day_race_fields_CHECKPOINT_BEFORE_CURRENT_INTEL_BRIDGE_20260711_193502.csv","257414"
"C:\Users\trent\OneDrive\Documents\EDGEIQ_PLATFORM\public\data\edgeiq_vic_three_day_race_fields_CHECKPOINT_BEFORE_CURRENT_INTEL_BRIDGE_20260711_211017.csv","257414"
"C:\Users\trent\OneDrive\Documents\EDGEIQ_PLATFORM\public\data\edgeiq_vic_three_day_race_fields_CHECKPOINT_BEFORE_CURRENT_INTEL_BRIDGE_20260712_065207.csv","257414"
"C:\Users\trent\OneDrive\Documents\EDGEIQ_PLATFORM\public\data\edgeiq_vic_three_day_race_list_v1.csv","3471839"
"C:\Users\trent\OneDrive\Documents\EDGEIQ_PLATFORM\public\data\edgeiq_vic_three_day_race_list_v1_summary.csv","254"
"C:\Users\trent\OneDrive\Documents\EDGEIQ_PLATFORM\public\data\edgeiq_vic_visible_page_csv_click_diagnostics_v1.csv","60"
"C:\Users\trent\OneDrive\Documents\EDGEIQ_PLATFORM\public\data\edgeiq_vic_visible_page_csv_click_v1.csv","187"
"C:\Users\trent\OneDrive\Documents\EDGEIQ_PLATFORM\public\data\edgeiq_vic_visible_page_csv_dom_candidates_v1.csv","2"
"C:\Users\trent\OneDrive\Documents\EDGEIQ_PLATFORM\public\data\edgeiq_visible_calendar_vic_meetings_v1.csv","3255"
"C:\Users\trent\OneDrive\Documents\EDGEIQ_PLATFORM\public\data\edgeiq_visible_score_breakdown_path_v1.csv","10714"
"C:\Users\trent\OneDrive\Documents\EDGEIQ_PLATFORM\public\data\edgeiq_vulnerability_v1.csv","700895"
"C:\Users\trent\OneDrive\Documents\EDGEIQ_PLATFORM\public\data\edgeiq_vulnerability_v1_audit.csv","245"
"C:\Users\trent\OneDrive\Documents\EDGEIQ_PLATFORM\public\data\edgeiq_wa_field_dictionary_v1.csv","47877"
"C:\Users\trent\OneDrive\Documents\EDGEIQ_PLATFORM\public\data\edgeiq_wa_lineage_assessment_v1.csv","6567"
"C:\Users\trent\OneDrive\Documents\EDGEIQ_PLATFORM\public\data\edgeiq_wa_telemetry_forensics_v1.csv","24437"
"C:\Users\trent\OneDrive\Documents\EDGEIQ_PLATFORM\public\data\edgeiq_wa_telemetry_ingestion_failures_v1.csv","80"
"C:\Users\trent\OneDrive\Documents\EDGEIQ_PLATFORM\public\data\edgeiq_wa_telemetry_ingestion_summary_v1.csv","383"
"C:\Users\trent\OneDrive\Documents\EDGEIQ_PLATFORM\public\data\edgeiq_wa_telemetry_ingestion_v1.csv","7949664"
"C:\Users\trent\OneDrive\Documents\EDGEIQ_PLATFORM\public\data\edgeiq_wa_telemetry_lineage_v1.csv","2440"
"C:\Users\trent\OneDrive\Documents\EDGEIQ_PLATFORM\public\data\edgeiq_wa_telemetry_summary_v1.csv","572"
"C:\Users\trent\OneDrive\Documents\EDGEIQ_PLATFORM\public\data\edgeiq_weather_beta_v1_coverage.csv","299"
"C:\Users\trent\OneDrive\Documents\EDGEIQ_PLATFORM\public\data\edgeiq_weather_beta_v1_station_mapping_audit.csv","348"
"C:\Users\trent\OneDrive\Documents\EDGEIQ_PLATFORM\public\data\edgeiq_weather_data_contract_v2_audit.json","509"
"C:\Users\trent\OneDrive\Documents\EDGEIQ_PLATFORM\public\data\edgeiq_weather_engineering_build_v1_audit.json","711"
"C:\Users\trent\OneDrive\Documents\EDGEIQ_PLATFORM\public\data\edgeiq_weather_engine_audit_v1.csv","684"
"C:\Users\trent\OneDrive\Documents\EDGEIQ_PLATFORM\public\data\edgeiq_weather_engine_summary_v1.csv","240"
"C:\Users\trent\OneDrive\Documents\EDGEIQ_PLATFORM\public\data\edgeiq_weather_engine_v1.csv","14300"
"C:\Users\trent\OneDrive\Documents\EDGEIQ_PLATFORM\public\data\edgeiq_weather_payload_schema_v1_audit.json","936"
"C:\Users\trent\OneDrive\Documents\EDGEIQ_PLATFORM\public\data\edgeiq_weather_source_candidate_audit_v1.json","1027"
"C:\Users\trent\OneDrive\Documents\EDGEIQ_PLATFORM\public\data\edgeiq_weather_source_registry_v1_audit.json","860"
"C:\Users\trent\OneDrive\Documents\EDGEIQ_PLATFORM\public\data\edgeiq_weather_visual_structure_v1_audit.json","326"
"C:\Users\trent\OneDrive\Documents\EDGEIQ_PLATFORM\public\data\edgeiq_weight_change_engine_v1.csv","1070769"
"C:\Users\trent\OneDrive\Documents\EDGEIQ_PLATFORM\public\data\edgeiq_weight_change_engine_v1_summary.csv","3312"
"C:\Users\trent\OneDrive\Documents\EDGEIQ_PLATFORM\public\data\edgeiq_weight_condition_interaction_v1.csv","1096411"
"C:\Users\trent\OneDrive\Documents\EDGEIQ_PLATFORM\public\data\edgeiq_weight_condition_interaction_v1_summary.csv","2948"
"C:\Users\trent\OneDrive\Documents\EDGEIQ_PLATFORM\public\data\edgeiq_weight_context_join_expansion_v1.csv","17567183"
"C:\Users\trent\OneDrive\Documents\EDGEIQ_PLATFORM\public\data\edgeiq_weight_context_join_expansion_v1_collision_audit.csv","164524"
"C:\Users\trent\OneDrive\Documents\EDGEIQ_PLATFORM\public\data\edgeiq_weight_context_join_expansion_v1_summary.csv","1645"
"C:\Users\trent\OneDrive\Documents\EDGEIQ_PLATFORM\public\data\edgeiq_weight_context_join_expansion_v1_unmatched.csv","2736906"
"C:\Users\trent\OneDrive\Documents\EDGEIQ_PLATFORM\public\data\edgeiq_weight_context_join_quality_v1.csv","9219102"
"C:\Users\trent\OneDrive\Documents\EDGEIQ_PLATFORM\public\data\edgeiq_weight_context_join_quality_v1_summary.csv","1286"
"C:\Users\trent\OneDrive\Documents\EDGEIQ_PLATFORM\public\data\edgeiq_weight_context_prior_rating_replay_v1.csv","2196590"
"C:\Users\trent\OneDrive\Documents\EDGEIQ_PLATFORM\public\data\edgeiq_weight_context_prior_rating_replay_v1_summary.csv","1344"
"C:\Users\trent\OneDrive\Documents\EDGEIQ_PLATFORM\public\data\edgeiq_weight_context_research_v1.csv","23140797"
"C:\Users\trent\OneDrive\Documents\EDGEIQ_PLATFORM\public\data\edgeiq_weight_context_research_v1_audit.csv","514"
"C:\Users\trent\OneDrive\Documents\EDGEIQ_PLATFORM\public\data\edgeiq_weight_context_research_v1_summary.csv","914"
"C:\Users\trent\OneDrive\Documents\EDGEIQ_PLATFORM\public\data\edgeiq_weight_context_stage2_replay_v1.csv","1266981"
"C:\Users\trent\OneDrive\Documents\EDGEIQ_PLATFORM\public\data\edgeiq_weight_context_stage2_replay_v1_summary.csv","1572"
"C:\Users\trent\OneDrive\Documents\EDGEIQ_PLATFORM\public\data\edgeiq_weight_distance_interaction_v1.csv","1080792"
"C:\Users\trent\OneDrive\Documents\EDGEIQ_PLATFORM\public\data\edgeiq_weight_distance_interaction_v1_summary.csv","2969"
"C:\Users\trent\OneDrive\Documents\EDGEIQ_PLATFORM\public\data\edgeiq_weight_runstyle_interaction_v1.csv","1104469"
"C:\Users\trent\OneDrive\Documents\EDGEIQ_PLATFORM\public\data\edgeiq_weight_runstyle_interaction_v1_summary.csv","3909"
"C:\Users\trent\OneDrive\Documents\EDGEIQ_PLATFORM\public\data\edgeiq_wfa_age_sex_source_hunt_v1.csv","47357"
"C:\Users\trent\OneDrive\Documents\EDGEIQ_PLATFORM\public\data\edgeiq_wfa_input_coverage_v1.csv","1282"
"C:\Users\trent\OneDrive\Documents\EDGEIQ_PLATFORM\public\data\edgeiq_wfa_rating_source_inventory_v1.csv","2171"
"C:\Users\trent\OneDrive\Documents\EDGEIQ_PLATFORM\public\data\edgeiq_winner_governance_audit_v1.csv","911"
"C:\Users\trent\OneDrive\Documents\EDGEIQ_PLATFORM\public\data\edgeiq_winner_governance_audit_v1_summary.csv","268"
"C:\Users\trent\OneDrive\Documents\EDGEIQ_PLATFORM\public\data\edgeiq_winner_origin_by_condition_v1.csv","863"
"C:\Users\trent\OneDrive\Documents\EDGEIQ_PLATFORM\public\data\edgeiq_winner_origin_by_distance_v1.csv","1256"
"C:\Users\trent\OneDrive\Documents\EDGEIQ_PLATFORM\public\data\edgeiq_winner_origin_by_track_v1.csv","8925"
"C:\Users\trent\OneDrive\Documents\EDGEIQ_PLATFORM\public\data\edgeiq_winner_origin_track_profile_v1.csv","118220"
"C:\Users\trent\OneDrive\Documents\EDGEIQ_PLATFORM\public\data\edgeiq_winner_origin_warehouse_v1.csv","2711506"
"C:\Users\trent\OneDrive\Documents\EDGEIQ_PLATFORM\public\data\edgeiq_winner_origin_warehouse_v1.json","857"
"C:\Users\trent\OneDrive\Documents\EDGEIQ_PLATFORM\public\data\edgeiq_winner_origin_warehouse_v1_summary.csv","752"
"C:\Users\trent\OneDrive\Documents\EDGEIQ_PLATFORM\public\data\edgeiq_winner_rank_audit_v1.csv","4179"
"C:\Users\trent\OneDrive\Documents\EDGEIQ_PLATFORM\public\data\edgeiq_winner_rank_audit_v1_summary.csv","331"
"C:\Users\trent\OneDrive\Documents\EDGEIQ_PLATFORM\public\data\edgeiq_winner_rank_audit_v1_winner_rank_buckets.csv","276"
"C:\Users\trent\OneDrive\Documents\EDGEIQ_PLATFORM\public\data\edgeiq_winner_rank_audit_v2.csv","1966"
"C:\Users\trent\OneDrive\Documents\EDGEIQ_PLATFORM\public\data\edgeiq_winner_rank_audit_v2_rank_buckets.csv","305"
"C:\Users\trent\OneDrive\Documents\EDGEIQ_PLATFORM\public\data\edgeiq_winner_rank_audit_v2_summary.csv","392"
"C:\Users\trent\OneDrive\Documents\EDGEIQ_PLATFORM\public\data\edgeiq_winner_rank_audit_v3_runner_score_v4.csv","1984"
"C:\Users\trent\OneDrive\Documents\EDGEIQ_PLATFORM\public\data\edgeiq_winner_rank_audit_v3_runner_score_v4_buckets.csv","304"
"C:\Users\trent\OneDrive\Documents\EDGEIQ_PLATFORM\public\data\edgeiq_winner_rank_audit_v3_runner_score_v4_summary.csv","478"
"C:\Users\trent\OneDrive\Documents\EDGEIQ_PLATFORM\public\data\edgeiq_winner_rank_audit_v4_runner_score_v5.csv","3954"
"C:\Users\trent\OneDrive\Documents\EDGEIQ_PLATFORM\public\data\edgeiq_winner_rank_audit_v4_runner_score_v5_summary.csv","1097"
"C:\Users\trent\OneDrive\Documents\EDGEIQ_PLATFORM\public\data\edgeiq_winner_rank_audit_v5_runner_score_v6.csv","4291"
"C:\Users\trent\OneDrive\Documents\EDGEIQ_PLATFORM\public\data\edgeiq_winner_rank_audit_v5_runner_score_v6_summary.csv","1927"
"C:\Users\trent\OneDrive\Documents\EDGEIQ_PLATFORM\public\data\edgeiq_winner_separation_audit_v1.csv","3029012"
"C:\Users\trent\OneDrive\Documents\EDGEIQ_PLATFORM\public\data\edgeiq_winner_separation_audit_v1_summary.csv","18164"
"C:\Users\trent\OneDrive\Documents\EDGEIQ_PLATFORM\public\data\edgeiq_winner_signal_discovery_v1.csv","5239"
"C:\Users\trent\OneDrive\Documents\EDGEIQ_PLATFORM\public\data\edgeiq_winner_signal_discovery_v1_feature_rankings.csv","11255"
"C:\Users\trent\OneDrive\Documents\EDGEIQ_PLATFORM\public\data\edgeiq_winner_signal_discovery_v1_summary.csv","2141"
"C:\Users\trent\OneDrive\Documents\EDGEIQ_PLATFORM\public\data\edgeiq_winner_vs_contender_features_v1.csv","31244032"
"C:\Users\trent\OneDrive\Documents\EDGEIQ_PLATFORM\public\data\edgeiq_worker_memory_health_summary_v1.csv","117"
"C:\Users\trent\OneDrive\Documents\EDGEIQ_PLATFORM\public\data\edgeiq_worker_memory_health_v1.csv","88880"
"C:\Users\trent\OneDrive\Documents\EDGEIQ_PLATFORM\public\data\edgeiq_workspace_route_audit_v1.csv","97"
"C:\Users\trent\OneDrive\Documents\EDGEIQ_PLATFORM\public\data\edgeiq_zero_score_display_fix_v1.csv","386"
"C:\Users\trent\OneDrive\Documents\EDGEIQ_PLATFORM\public\data\edgeiq_zero_score_display_fix_v1_summary.csv","386"
"C:\Users\trent\OneDrive\Documents\EDGEIQ_PLATFORM\public\data\edgeiq_zero_score_validity_v1.csv","725"
"C:\Users\trent\OneDrive\Documents\EDGEIQ_PLATFORM\public\data\edgeiq_zero_score_validity_v1_summary.csv","302"
"C:\Users\trent\OneDrive\Documents\EDGEIQ_PLATFORM\public\data\edge_intelligence.csv","229905"
"C:\Users\trent\OneDrive\Documents\EDGEIQ_PLATFORM\public\data\feedback_by_action_grade.csv","97"
"C:\Users\trent\OneDrive\Documents\EDGEIQ_PLATFORM\public\data\feedback_by_action_risk_signal.csv","453"
"C:\Users\trent\OneDrive\Documents\EDGEIQ_PLATFORM\public\data\feedback_by_calibration.csv","223"
"C:\Users\trent\OneDrive\Documents\EDGEIQ_PLATFORM\public\data\feedback_by_confidence.csv","161"
"C:\Users\trent\OneDrive\Documents\EDGEIQ_PLATFORM\public\data\feedback_by_fake_overlay_risk.csv","134"
"C:\Users\trent\OneDrive\Documents\EDGEIQ_PLATFORM\public\data\feedback_by_market_signal.csv","236"
"C:\Users\trent\OneDrive\Documents\EDGEIQ_PLATFORM\public\data\fields_with_form.csv","1710946"
"C:\Users\trent\OneDrive\Documents\EDGEIQ_PLATFORM\public\data\final_betting_board.csv","216708"
"C:\Users\trent\OneDrive\Documents\EDGEIQ_PLATFORM\public\data\final_speed_map_report.csv","15908"
"C:\Users\trent\OneDrive\Documents\EDGEIQ_PLATFORM\public\data\form_card_runs.csv","906141"
"C:\Users\trent\OneDrive\Documents\EDGEIQ_PLATFORM\public\data\form_card_runs_BEFORE_BULLETPROOF_SCRAPE.csv","2675336"
"C:\Users\trent\OneDrive\Documents\EDGEIQ_PLATFORM\public\data\form_card_runs_with_stewards.csv","14493756"
"C:\Users\trent\OneDrive\Documents\EDGEIQ_PLATFORM\public\data\form_card_summary.backup-before-today-fix.csv","115598"
"C:\Users\trent\OneDrive\Documents\EDGEIQ_PLATFORM\public\data\form_card_summary.csv","235042"
"C:\Users\trent\OneDrive\Documents\EDGEIQ_PLATFORM\public\data\form_coverage_report.csv","80484"
"C:\Users\trent\OneDrive\Documents\EDGEIQ_PLATFORM\public\data\form_engine.csv","36970"
"C:\Users\trent\OneDrive\Documents\EDGEIQ_PLATFORM\public\data\form_engine_context.csv","783560"
"C:\Users\trent\OneDrive\Documents\EDGEIQ_PLATFORM\public\data\form_scrape_bulletproof_report.csv","125697"
"C:\Users\trent\OneDrive\Documents\EDGEIQ_PLATFORM\public\data\form_scrape_still_missing.csv","317416"
"C:\Users\trent\OneDrive\Documents\EDGEIQ_PLATFORM\public\data\full_career_form.csv","1575076"
"C:\Users\trent\OneDrive\Documents\EDGEIQ_PLATFORM\public\data\full_career_form_BEFORE_BULLETPROOF_SCRAPE.csv","3047060"
"C:\Users\trent\OneDrive\Documents\EDGEIQ_PLATFORM\public\data\gear_changes.csv","58996"
"C:\Users\trent\OneDrive\Documents\EDGEIQ_PLATFORM\public\data\historical_execution_governance_replay_v1.csv","31264141"
"C:\Users\trent\OneDrive\Documents\EDGEIQ_PLATFORM\public\data\historical_execution_governance_replay_v1_summary.csv","1273"
"C:\Users\trent\OneDrive\Documents\EDGEIQ_PLATFORM\public\data\historical_form_table.csv","2788331"
"C:\Users\trent\OneDrive\Documents\EDGEIQ_PLATFORM\public\data\historical_race_ratings.csv","509793"
"C:\Users\trent\OneDrive\Documents\EDGEIQ_PLATFORM\public\data\horses_master.csv","447379"
"C:\Users\trent\OneDrive\Documents\EDGEIQ_PLATFORM\public\data\horse_bets_v4.csv","2131"
"C:\Users\trent\OneDrive\Documents\EDGEIQ_PLATFORM\public\data\horse_career_stats.csv","515573"
"C:\Users\trent\OneDrive\Documents\EDGEIQ_PLATFORM\public\data\horse_entity_map_v1.csv","9626"
"C:\Users\trent\OneDrive\Documents\EDGEIQ_PLATFORM\public\data\horse_entity_map_v2.csv","9626"
"C:\Users\trent\OneDrive\Documents\EDGEIQ_PLATFORM\public\data\horse_profile_cards.csv","461014"
"C:\Users\trent\OneDrive\Documents\EDGEIQ_PLATFORM\public\data\horse_runs_ra.csv","6250203"
"C:\Users\trent\OneDrive\Documents\EDGEIQ_PLATFORM\public\data\horse_silks.csv","724003"
"C:\Users\trent\OneDrive\Documents\EDGEIQ_PLATFORM\public\data\jockey_stats.csv","104806"
"C:\Users\trent\OneDrive\Documents\EDGEIQ_PLATFORM\public\data\ladbrokes_affiliate_market_odds.csv","209407"
"C:\Users\trent\OneDrive\Documents\EDGEIQ_PLATFORM\public\data\ladbrokes_market_api_probe_v1.csv","1437"
"C:\Users\trent\OneDrive\Documents\EDGEIQ_PLATFORM\public\data\ladbrokes_market_api_probe_v1_summary.csv","329"
"C:\Users\trent\OneDrive\Documents\EDGEIQ_PLATFORM\public\data\ladbrokes_results_raw.csv","2"
"C:\Users\trent\OneDrive\Documents\EDGEIQ_PLATFORM\public\data\live_race_control.backup-wrong-2026-05-03.csv","19072"
"C:\Users\trent\OneDrive\Documents\EDGEIQ_PLATFORM\public\data\live_race_control.csv","12649"
"C:\Users\trent\OneDrive\Documents\EDGEIQ_PLATFORM\public\data\live_speed_map_v2.csv","364853"
"C:\Users\trent\OneDrive\Documents\EDGEIQ_PLATFORM\public\data\live_speed_map_v2_diagnostics.csv","232"
"C:\Users\trent\OneDrive\Documents\EDGEIQ_PLATFORM\public\data\live_speed_map_v3.csv","107963"
"C:\Users\trent\OneDrive\Documents\EDGEIQ_PLATFORM\public\data\live_speed_map_v3_CHECKPOINT_BEFORE_CURRENT_INTEL_REBUILD_20260711_154418.csv","22767"
"C:\Users\trent\OneDrive\Documents\EDGEIQ_PLATFORM\public\data\live_speed_map_v3_CHECKPOINT_BEFORE_CURRENT_INTEL_REBUILD_20260711_163748.csv","107963"
"C:\Users\trent\OneDrive\Documents\EDGEIQ_PLATFORM\public\data\live_speed_map_v3_CHECKPOINT_BEFORE_CURRENT_INTEL_REBUILD_20260711_193502.csv","107963"
"C:\Users\trent\OneDrive\Documents\EDGEIQ_PLATFORM\public\data\live_speed_map_v3_CHECKPOINT_BEFORE_CURRENT_INTEL_REBUILD_20260711_211017.csv","107963"
"C:\Users\trent\OneDrive\Documents\EDGEIQ_PLATFORM\public\data\live_speed_map_v3_CHECKPOINT_BEFORE_CURRENT_INTEL_REBUILD_20260712_065207.csv","107963"
"C:\Users\trent\OneDrive\Documents\EDGEIQ_PLATFORM\public\data\live_speed_map_v3_diagnostics.csv","220"
"C:\Users\trent\OneDrive\Documents\EDGEIQ_PLATFORM\public\data\manifest.json","2292"
"C:\Users\trent\OneDrive\Documents\EDGEIQ_PLATFORM\public\data\manual_sandown_2026_05_31_scratching_confirmation_template_v1.csv","7731"
"C:\Users\trent\OneDrive\Documents\EDGEIQ_PLATFORM\public\data\manual_sandown_2026_05_31_scratching_confirmation_template_v1_audit.csv","3719"
"C:\Users\trent\OneDrive\Documents\EDGEIQ_PLATFORM\public\data\market_integrity_board.csv","82330"
"C:\Users\trent\OneDrive\Documents\EDGEIQ_PLATFORM\public\data\market_movement_board.csv","109052"
"C:\Users\trent\OneDrive\Documents\EDGEIQ_PLATFORM\public\data\market_odds_report.csv","212989"
"C:\Users\trent\OneDrive\Documents\EDGEIQ_PLATFORM\public\data\market_regime_board.csv","125699"
"C:\Users\trent\OneDrive\Documents\EDGEIQ_PLATFORM\public\data\market_signals.csv","311609"
"C:\Users\trent\OneDrive\Documents\EDGEIQ_PLATFORM\public\data\market_temporal_intelligence.csv","141076"
"C:\Users\trent\OneDrive\Documents\EDGEIQ_PLATFORM\public\data\master_result_events.csv","25688893"
"C:\Users\trent\OneDrive\Documents\EDGEIQ_PLATFORM\public\data\missing_form_horses.csv","102"
"C:\Users\trent\OneDrive\Documents\EDGEIQ_PLATFORM\public\data\model_odds_live.csv","99593"
"C:\Users\trent\OneDrive\Documents\EDGEIQ_PLATFORM\public\data\model_results_by_edge_bucket.csv","2"
"C:\Users\trent\OneDrive\Documents\EDGEIQ_PLATFORM\public\data\model_results_by_race.csv","2"
"C:\Users\trent\OneDrive\Documents\EDGEIQ_PLATFORM\public\data\model_results_by_rank.csv","2"
"C:\Users\trent\OneDrive\Documents\EDGEIQ_PLATFORM\public\data\model_results_by_track.csv","2"
"C:\Users\trent\OneDrive\Documents\EDGEIQ_PLATFORM\public\data\model_results_summary.csv","108"
"C:\Users\trent\OneDrive\Documents\EDGEIQ_PLATFORM\public\data\model_result_review.csv","4812450"
"C:\Users\trent\OneDrive\Documents\EDGEIQ_PLATFORM\public\data\official_prices.csv","49"
"C:\Users\trent\OneDrive\Documents\EDGEIQ_PLATFORM\public\data\pace_pressure.csv","365345"
"C:\Users\trent\OneDrive\Documents\EDGEIQ_PLATFORM\public\data\paper_bets.csv","420062"
"C:\Users\trent\OneDrive\Documents\EDGEIQ_PLATFORM\public\data\paper_bets_settled.csv","300285"
"C:\Users\trent\OneDrive\Documents\EDGEIQ_PLATFORM\public\data\performance_chart_data.json","3363090"
"C:\Users\trent\OneDrive\Documents\EDGEIQ_PLATFORM\public\data\pipeline_audit_latest.json","393"
"C:\Users\trent\OneDrive\Documents\EDGEIQ_PLATFORM\public\data\post_race_summary.csv","932534"
"C:\Users\trent\OneDrive\Documents\EDGEIQ_PLATFORM\public\data\pre_race_model_snapshots.csv","122658468"
"C:\Users\trent\OneDrive\Documents\EDGEIQ_PLATFORM\public\data\pre_race_model_snapshot_latest.csv","997508"
"C:\Users\trent\OneDrive\Documents\EDGEIQ_PLATFORM\public\data\pre_race_summary.csv","36186"
"C:\Users\trent\OneDrive\Documents\EDGEIQ_PLATFORM\public\data\race_card_active.csv","4130917"
"C:\Users\trent\OneDrive\Documents\EDGEIQ_PLATFORM\public\data\race_card_report.backup-before-scratch-recalc.csv","2044461"
"C:\Users\trent\OneDrive\Documents\EDGEIQ_PLATFORM\public\data\race_card_report.backup-before-today-future-rebuild.csv","2044461"
"C:\Users\trent\OneDrive\Documents\EDGEIQ_PLATFORM\public\data\race_card_report.csv","257414"
"C:\Users\trent\OneDrive\Documents\EDGEIQ_PLATFORM\public\data\race_card_report_CHECKPOINT_BEFORE_CURRENT_INTEL_BRIDGE_20260711_153609.csv","283180"
"C:\Users\trent\OneDrive\Documents\EDGEIQ_PLATFORM\public\data\race_card_report_CHECKPOINT_BEFORE_CURRENT_INTEL_BRIDGE_20260711_163748.csv","257414"
"C:\Users\trent\OneDrive\Documents\EDGEIQ_PLATFORM\public\data\race_card_report_CHECKPOINT_BEFORE_CURRENT_INTEL_BRIDGE_20260711_193502.csv","257414"
"C:\Users\trent\OneDrive\Documents\EDGEIQ_PLATFORM\public\data\race_card_report_CHECKPOINT_BEFORE_CURRENT_INTEL_BRIDGE_20260711_211017.csv","257414"
"C:\Users\trent\OneDrive\Documents\EDGEIQ_PLATFORM\public\data\race_card_report_CHECKPOINT_BEFORE_CURRENT_INTEL_BRIDGE_20260712_065207.csv","257414"
"C:\Users\trent\OneDrive\Documents\EDGEIQ_PLATFORM\public\data\race_fields.csv","179745"
"C:\Users\trent\OneDrive\Documents\EDGEIQ_PLATFORM\public\data\race_fields_CHECKPOINT_BEFORE_CURRENT_INTEL_BRIDGE_20260711_153609.csv","142406"
"C:\Users\trent\OneDrive\Documents\EDGEIQ_PLATFORM\public\data\race_fields_CHECKPOINT_BEFORE_CURRENT_INTEL_BRIDGE_20260711_163748.csv","257414"
"C:\Users\trent\OneDrive\Documents\EDGEIQ_PLATFORM\public\data\race_fields_CHECKPOINT_BEFORE_CURRENT_INTEL_BRIDGE_20260711_193502.csv","257414"
"C:\Users\trent\OneDrive\Documents\EDGEIQ_PLATFORM\public\data\race_fields_CHECKPOINT_BEFORE_CURRENT_INTEL_BRIDGE_20260711_211017.csv","257414"
"C:\Users\trent\OneDrive\Documents\EDGEIQ_PLATFORM\public\data\race_fields_CHECKPOINT_BEFORE_CURRENT_INTEL_BRIDGE_20260712_065207.csv","257414"
"C:\Users\trent\OneDrive\Documents\EDGEIQ_PLATFORM\public\data\race_fields_CHECKPOINT_PRE_FULL_PRODUCT_POPULATION_REPAIR_20260726.csv","257414"
"C:\Users\trent\OneDrive\Documents\EDGEIQ_PLATFORM\public\data\race_fields_CHECKPOINT_STALE_BEFORE_INTEL_FIX_20260617_115802.csv","310116"
"C:\Users\trent\OneDrive\Documents\EDGEIQ_PLATFORM\public\data\race_ratings_table.csv","93019"
"C:\Users\trent\OneDrive\Documents\EDGEIQ_PLATFORM\public\data\race_results.csv","510767"
"C:\Users\trent\OneDrive\Documents\EDGEIQ_PLATFORM\public\data\race_runner_forecast.csv","3546115"
"C:\Users\trent\OneDrive\Documents\EDGEIQ_PLATFORM\public\data\race_standards.csv","26392"
"C:\Users\trent\OneDrive\Documents\EDGEIQ_PLATFORM\public\data\race_summary.csv","20999"
"C:\Users\trent\OneDrive\Documents\EDGEIQ_PLATFORM\public\data\racingcom_batch_persistence_v1.csv","2036"
"C:\Users\trent\OneDrive\Documents\EDGEIQ_PLATFORM\public\data\racingcom_batch_persistence_v1_audit.csv","810"
"C:\Users\trent\OneDrive\Documents\EDGEIQ_PLATFORM\public\data\racingcom_batch_recovery_v1.csv","1679"
"C:\Users\trent\OneDrive\Documents\EDGEIQ_PLATFORM\public\data\racingcom_batch_recovery_v1_audit.csv","283"
"C:\Users\trent\OneDrive\Documents\EDGEIQ_PLATFORM\public\data\racingcom_calendar_speed_data_csv_links_v1.csv","145"
"C:\Users\trent\OneDrive\Documents\EDGEIQ_PLATFORM\public\data\racingcom_calendar_speed_data_csv_links_v1_audit.csv","286"
"C:\Users\trent\OneDrive\Documents\EDGEIQ_PLATFORM\public\data\racingcom_form_speed_data_url_audit_v1.csv","16511"
"C:\Users\trent\OneDrive\Documents\EDGEIQ_PLATFORM\public\data\racingcom_form_speed_data_url_audit_v1_summary.csv","287"
"C:\Users\trent\OneDrive\Documents\EDGEIQ_PLATFORM\public\data\racingcom_getmeets_2026_07_debug.json","122671"
"C:\Users\trent\OneDrive\Documents\EDGEIQ_PLATFORM\public\data\racingcom_historical_batches_recovered_v1.csv","837"
"C:\Users\trent\OneDrive\Documents\EDGEIQ_PLATFORM\public\data\racingcom_historical_batches_recovered_v1_audit.csv","201"
"C:\Users\trent\OneDrive\Documents\EDGEIQ_PLATFORM\public\data\racingcom_historical_depth_v1.csv","130251"
"C:\Users\trent\OneDrive\Documents\EDGEIQ_PLATFORM\public\data\racingcom_historical_depth_v1_summary.csv","5935"
"C:\Users\trent\OneDrive\Documents\EDGEIQ_PLATFORM\public\data\racingcom_historical_meeting_discovery_v1.csv","5897404"
"C:\Users\trent\OneDrive\Documents\EDGEIQ_PLATFORM\public\data\racingcom_historical_meeting_discovery_v1_audit.csv","932"
"C:\Users\trent\OneDrive\Documents\EDGEIQ_PLATFORM\public\data\racingcom_layout_b_derived_metrics_v1.csv","220796"
"C:\Users\trent\OneDrive\Documents\EDGEIQ_PLATFORM\public\data\racingcom_layout_b_derived_metrics_v1_audit.csv","216"
"C:\Users\trent\OneDrive\Documents\EDGEIQ_PLATFORM\public\data\racingcom_public_sectionals_raw_pages_v1.json","775707"
"C:\Users\trent\OneDrive\Documents\EDGEIQ_PLATFORM\public\data\racingcom_public_sectionals_v1.csv","158"
"C:\Users\trent\OneDrive\Documents\EDGEIQ_PLATFORM\public\data\racingcom_public_sectionals_v1_audit.csv","7995"
"C:\Users\trent\OneDrive\Documents\EDGEIQ_PLATFORM\public\data\racingcom_rendered_speed_data_harvester_v1_audit.csv","516"
"C:\Users\trent\OneDrive\Documents\EDGEIQ_PLATFORM\public\data\racingcom_rendered_speed_data_meeting_types_v1.csv","2317"
"C:\Users\trent\OneDrive\Documents\EDGEIQ_PLATFORM\public\data\racingcom_rendered_speed_data_meeting_types_v1_audit.csv","151"
"C:\Users\trent\OneDrive\Documents\EDGEIQ_PLATFORM\public\data\racingcom_rendered_speed_data_non_harvested_pages_v1.csv","4415"
"C:\Users\trent\OneDrive\Documents\EDGEIQ_PLATFORM\public\data\racingcom_rendered_speed_data_non_harvested_pages_v1_summary.csv","420"
"C:\Users\trent\OneDrive\Documents\EDGEIQ_PLATFORM\public\data\racingcom_rendered_speed_data_normalised_v1.csv","102595"
"C:\Users\trent\OneDrive\Documents\EDGEIQ_PLATFORM\public\data\racingcom_rendered_speed_data_raw_v1.csv","473242"
"C:\Users\trent\OneDrive\Documents\EDGEIQ_PLATFORM\public\data\racingcom_rendered_speed_data_splits_v1.csv","492689"
"C:\Users\trent\OneDrive\Documents\EDGEIQ_PLATFORM\public\data\racingcom_sectionals_coverage_v1.csv","45889"
"C:\Users\trent\OneDrive\Documents\EDGEIQ_PLATFORM\public\data\racingcom_sectionals_coverage_v1_audit.csv","245"
"C:\Users\trent\OneDrive\Documents\EDGEIQ_PLATFORM\public\data\racingcom_sectionals_normalised_v1.csv","54240"
"C:\Users\trent\OneDrive\Documents\EDGEIQ_PLATFORM\public\data\racingcom_sectionals_normalised_v1_audit.csv","2420"
"C:\Users\trent\OneDrive\Documents\EDGEIQ_PLATFORM\public\data\racingcom_sectional_harvest_seed_v1.csv","6446"
"C:\Users\trent\OneDrive\Documents\EDGEIQ_PLATFORM\public\data\racingcom_sectional_history_harvest_v1_audit.csv","564"
"C:\Users\trent\OneDrive\Documents\EDGEIQ_PLATFORM\public\data\racingcom_sectional_history_harvest_v1_manifest.csv","2332"
"C:\Users\trent\OneDrive\Documents\EDGEIQ_PLATFORM\public\data\racingcom_sectional_history_horses_v1.csv","11608"
"C:\Users\trent\OneDrive\Documents\EDGEIQ_PLATFORM\public\data\racingcom_sectional_history_master_v1.csv","36910"
"C:\Users\trent\OneDrive\Documents\EDGEIQ_PLATFORM\public\data\racingcom_sectional_history_master_v1_audit.csv","140"
"C:\Users\trent\OneDrive\Documents\EDGEIQ_PLATFORM\public\data\racingcom_sectional_horse_profiles_v1.csv","133772"
"C:\Users\trent\OneDrive\Documents\EDGEIQ_PLATFORM\public\data\racingcom_sectional_horse_profiles_v2.csv","1574533"
"C:\Users\trent\OneDrive\Documents\EDGEIQ_PLATFORM\public\data\racingcom_sectional_race_profiles_v1.csv","12709"
"C:\Users\trent\OneDrive\Documents\EDGEIQ_PLATFORM\public\data\racingcom_sectional_race_profiles_v2.csv","846398"
"C:\Users\trent\OneDrive\Documents\EDGEIQ_PLATFORM\public\data\racingcom_sectional_warehouse_readiness_v1.csv","212704"
"C:\Users\trent\OneDrive\Documents\EDGEIQ_PLATFORM\public\data\racingcom_sectional_warehouse_readiness_v1_audit.csv","388"
"C:\Users\trent\OneDrive\Documents\EDGEIQ_PLATFORM\public\data\racingcom_sectional_warehouse_v1.csv","481615"
"C:\Users\trent\OneDrive\Documents\EDGEIQ_PLATFORM\public\data\racingcom_sectional_warehouse_v1_audit.csv","215"
"C:\Users\trent\OneDrive\Documents\EDGEIQ_PLATFORM\public\data\racingcom_sectional_warehouse_v2.csv","27631672"
"C:\Users\trent\OneDrive\Documents\EDGEIQ_PLATFORM\public\data\racingcom_sectional_warehouse_v2_audit.csv","548"
"C:\Users\trent\OneDrive\Documents\EDGEIQ_PLATFORM\public\data\racingcom_speed_data_client_assets_v1.csv","180345"
"C:\Users\trent\OneDrive\Documents\EDGEIQ_PLATFORM\public\data\racingcom_speed_data_client_assets_v1_audit.csv","450"
"C:\Users\trent\OneDrive\Documents\EDGEIQ_PLATFORM\public\data\racingcom_speed_data_csv_browser_v1.csv","7814"
"C:\Users\trent\OneDrive\Documents\EDGEIQ_PLATFORM\public\data\racingcom_speed_data_csv_browser_v1_audit.csv","220"
"C:\Users\trent\OneDrive\Documents\EDGEIQ_PLATFORM\public\data\racingcom_speed_data_csv_download_manifest_v1.csv","11705"
"C:\Users\trent\OneDrive\Documents\EDGEIQ_PLATFORM\public\data\racingcom_speed_data_csv_download_manifest_v1_audit.csv","297"
"C:\Users\trent\OneDrive\Documents\EDGEIQ_PLATFORM\public\data\racingcom_speed_data_layout_variants_v1.csv","13396"
"C:\Users\trent\OneDrive\Documents\EDGEIQ_PLATFORM\public\data\racingcom_speed_data_layout_variants_v1_audit.csv","183"
"C:\Users\trent\OneDrive\Documents\EDGEIQ_PLATFORM\public\data\racing_australia_non_runner_confirmation_v1.csv","22358"
"C:\Users\trent\OneDrive\Documents\EDGEIQ_PLATFORM\public\data\racing_australia_non_runner_confirmation_v1_audit.csv","5349"
"C:\Users\trent\OneDrive\Documents\EDGEIQ_PLATFORM\public\data\racing_australia_parse_gaps_v1.csv","7053"
"C:\Users\trent\OneDrive\Documents\EDGEIQ_PLATFORM\public\data\racing_australia_parse_gaps_v1_summary.csv","10435"
"C:\Users\trent\OneDrive\Documents\EDGEIQ_PLATFORM\public\data\racing_australia_sandown_2026_05_31_normalised_results_v1.csv","24384"
"C:\Users\trent\OneDrive\Documents\EDGEIQ_PLATFORM\public\data\racing_australia_sandown_2026_05_31_raw_results_v1.csv","25212"
"C:\Users\trent\OneDrive\Documents\EDGEIQ_PLATFORM\public\data\racing_australia_settlement_candidate_v1.csv","21555"
"C:\Users\trent\OneDrive\Documents\EDGEIQ_PLATFORM\public\data\racing_australia_settlement_candidate_v1_audit.csv","5095"
"C:\Users\trent\OneDrive\Documents\EDGEIQ_PLATFORM\public\data\racing_australia_settlement_preview_v1.csv","21059"
"C:\Users\trent\OneDrive\Documents\EDGEIQ_PLATFORM\public\data\racing_australia_settlement_preview_v1_audit.csv","4276"
"C:\Users\trent\OneDrive\Documents\EDGEIQ_PLATFORM\public\data\racing_australia_unmatched_results_v1.csv","13252"
"C:\Users\trent\OneDrive\Documents\EDGEIQ_PLATFORM\public\data\racing_australia_unmatched_results_v1_summary.csv","11474"
"C:\Users\trent\OneDrive\Documents\EDGEIQ_PLATFORM\public\data\racing_australia_vic_results_calendar_v1.csv","24503"
"C:\Users\trent\OneDrive\Documents\EDGEIQ_PLATFORM\public\data\racing_australia_vic_results_pipeline_v1_audit.csv","8240"
"C:\Users\trent\OneDrive\Documents\EDGEIQ_PLATFORM\public\data\rated_market_v2.backup-before-scratch-recalc.csv","1280278"
"C:\Users\trent\OneDrive\Documents\EDGEIQ_PLATFORM\public\data\rated_market_v2.backup-before-today-future-rebuild.csv","1280278"
"C:\Users\trent\OneDrive\Documents\EDGEIQ_PLATFORM\public\data\rated_market_v2.csv","4842005"
"C:\Users\trent\OneDrive\Documents\EDGEIQ_PLATFORM\public\data\rated_market_v2_FORCE_SPREAD_LOCKED.csv","721624"
"C:\Users\trent\OneDrive\Documents\EDGEIQ_PLATFORM\public\data\rated_market_v2_LOCKED.csv","721624"
"C:\Users\trent\OneDrive\Documents\EDGEIQ_PLATFORM\public\data\rated_market_v2_PRE_CLASS_DISTANCE.csv","605392"
"C:\Users\trent\OneDrive\Documents\EDGEIQ_PLATFORM\public\data\rated_market_v2_PRE_ELITE_BACKUP.csv","716891"
"C:\Users\trent\OneDrive\Documents\EDGEIQ_PLATFORM\public\data\rated_market_v2_PRE_V15.csv","669226"
"C:\Users\trent\OneDrive\Documents\EDGEIQ_PLATFORM\public\data\rated_market_v2_V19_LOCKED.csv","721401"
"C:\Users\trent\OneDrive\Documents\EDGEIQ_PLATFORM\public\data\rated_market_v3_confidence.csv","1423060"
"C:\Users\trent\OneDrive\Documents\EDGEIQ_PLATFORM\public\data\rated_market_v4_1_realism_capped.csv","1640004"
"C:\Users\trent\OneDrive\Documents\EDGEIQ_PLATFORM\public\data\rated_market_v4_normalized.csv","1622078"
"C:\Users\trent\OneDrive\Documents\EDGEIQ_PLATFORM\public\data\rated_market_v5_1_contextual_tempered.csv","1910521"
"C:\Users\trent\OneDrive\Documents\EDGEIQ_PLATFORM\public\data\rated_market_v5_2_market_coverage_safe.csv","1981265"
"C:\Users\trent\OneDrive\Documents\EDGEIQ_PLATFORM\public\data\rated_market_v5_3_market_depth.csv","2031604"
"C:\Users\trent\OneDrive\Documents\EDGEIQ_PLATFORM\public\data\rated_market_v5_contextual.csv","1782903"
"C:\Users\trent\OneDrive\Documents\EDGEIQ_PLATFORM\public\data\rated_results_history.csv","102430"
"C:\Users\trent\OneDrive\Documents\EDGEIQ_PLATFORM\public\data\ratings_audit_by_race.csv","6328"
"C:\Users\trent\OneDrive\Documents\EDGEIQ_PLATFORM\public\data\ratings_audit_by_race_v2.csv","6328"
"C:\Users\trent\OneDrive\Documents\EDGEIQ_PLATFORM\public\data\ratings_audit_elite.csv","505185"
"C:\Users\trent\OneDrive\Documents\EDGEIQ_PLATFORM\public\data\ratings_audit_elite_v2.csv","505185"
"C:\Users\trent\OneDrive\Documents\EDGEIQ_PLATFORM\public\data\ratings_audit_elite_v3.csv","630902"
"C:\Users\trent\OneDrive\Documents\EDGEIQ_PLATFORM\public\data\ratings_calibrated_preview.csv","282371"
"C:\Users\trent\OneDrive\Documents\EDGEIQ_PLATFORM\public\data\ratings_calibration_audit.csv","907"
"C:\Users\trent\OneDrive\Documents\EDGEIQ_PLATFORM\public\data\ratings_final_v1.csv","632605"
"C:\Users\trent\OneDrive\Documents\EDGEIQ_PLATFORM\public\data\ratings_final_v2.csv","2139652"
"C:\Users\trent\OneDrive\Documents\EDGEIQ_PLATFORM\public\data\ratings_final_v3.csv","657947"
"C:\Users\trent\OneDrive\Documents\EDGEIQ_PLATFORM\public\data\ratings_final_v4.csv","639079"
"C:\Users\trent\OneDrive\Documents\EDGEIQ_PLATFORM\public\data\ratings_summary.csv","56574"
"C:\Users\trent\OneDrive\Documents\EDGEIQ_PLATFORM\public\data\ratings_with_form.csv","637409"
"C:\Users\trent\OneDrive\Documents\EDGEIQ_PLATFORM\public\data\rating_scale_comparison_audit.csv","2529512"
"C:\Users\trent\OneDrive\Documents\EDGEIQ_PLATFORM\public\data\ra_acceptances_metadata.csv","3951"
"C:\Users\trent\OneDrive\Documents\EDGEIQ_PLATFORM\public\data\ra_calendar_official_results.csv","13632164"
"C:\Users\trent\OneDrive\Documents\EDGEIQ_PLATFORM\public\data\ra_extracted_results.csv","1675966"
"C:\Users\trent\OneDrive\Documents\EDGEIQ_PLATFORM\public\data\replay_links.csv","342283"
"C:\Users\trent\OneDrive\Documents\EDGEIQ_PLATFORM\public\data\results_audit.csv","3780859"
"C:\Users\trent\OneDrive\Documents\EDGEIQ_PLATFORM\public\data\results_enriched.csv","2995158"
"C:\Users\trent\OneDrive\Documents\EDGEIQ_PLATFORM\public\data\results_history.csv","25688893"
"C:\Users\trent\OneDrive\Documents\EDGEIQ_PLATFORM\public\data\results_history_clean.csv","25973792"
"C:\Users\trent\OneDrive\Documents\EDGEIQ_PLATFORM\public\data\results_race_detail.csv","3989973"
"C:\Users\trent\OneDrive\Documents\EDGEIQ_PLATFORM\public\data\results_report.csv","4381358"
"C:\Users\trent\OneDrive\Documents\EDGEIQ_PLATFORM\public\data\results_review.csv","725363"
"C:\Users\trent\OneDrive\Documents\EDGEIQ_PLATFORM\public\data\results_tab_feed.csv","1872122"
"C:\Users\trent\OneDrive\Documents\EDGEIQ_PLATFORM\public\data\roi_summary.csv","91"
"C:\Users\trent\OneDrive\Documents\EDGEIQ_PLATFORM\public\data\runner_form_history.csv","653282"
"C:\Users\trent\OneDrive\Documents\EDGEIQ_PLATFORM\public\data\run_ratings_v1.csv","1975690"
"C:\Users\trent\OneDrive\Documents\EDGEIQ_PLATFORM\public\data\scratchings.csv","16443"
"C:\Users\trent\OneDrive\Documents\EDGEIQ_PLATFORM\public\data\scratchings_gear.csv","90170"
"C:\Users\trent\OneDrive\Documents\EDGEIQ_PLATFORM\public\data\scratchings_report.csv","91"
"C:\Users\trent\OneDrive\Documents\EDGEIQ_PLATFORM\public\data\sectionals.csv","2519291"
"C:\Users\trent\OneDrive\Documents\EDGEIQ_PLATFORM\public\data\silks_lookup.csv","534664"
"C:\Users\trent\OneDrive\Documents\EDGEIQ_PLATFORM\public\data\speed_map_coverage_audit.csv","4454"
"C:\Users\trent\OneDrive\Documents\EDGEIQ_PLATFORM\public\data\speed_map_report.csv","464501"
"C:\Users\trent\OneDrive\Documents\EDGEIQ_PLATFORM\public\data\speed_map_report_BEFORE_ALL_RACES.csv","170059"
"C:\Users\trent\OneDrive\Documents\EDGEIQ_PLATFORM\public\data\sportsbet_live_market_capture_log_v1.csv","1376"
"C:\Users\trent\OneDrive\Documents\EDGEIQ_PLATFORM\public\data\sportsbet_live_market_full_day_v5_2.csv","400"
"C:\Users\trent\OneDrive\Documents\EDGEIQ_PLATFORM\public\data\sportsbet_live_market_raw_events_sample_v1.json","22535"
"C:\Users\trent\OneDrive\Documents\EDGEIQ_PLATFORM\public\data\sportsbet_live_market_status_v1.csv","292"
"C:\Users\trent\OneDrive\Documents\EDGEIQ_PLATFORM\public\data\sportsbet_live_market_v1.csv","110746"
"C:\Users\trent\OneDrive\Documents\EDGEIQ_PLATFORM\public\data\sportsbet_live_market_v1_CHECKPOINT_BEFORE_CURRENT_INTEL_BRIDGE_20260711_153609.csv","24874"
"C:\Users\trent\OneDrive\Documents\EDGEIQ_PLATFORM\public\data\sportsbet_live_market_v1_CHECKPOINT_BEFORE_CURRENT_INTEL_BRIDGE_20260711_163748.csv","110746"
"C:\Users\trent\OneDrive\Documents\EDGEIQ_PLATFORM\public\data\sportsbet_live_market_v1_CHECKPOINT_BEFORE_CURRENT_INTEL_BRIDGE_20260711_193502.csv","110746"
"C:\Users\trent\OneDrive\Documents\EDGEIQ_PLATFORM\public\data\sportsbet_live_market_v1_CHECKPOINT_BEFORE_CURRENT_INTEL_BRIDGE_20260711_211017.csv","110746"
"C:\Users\trent\OneDrive\Documents\EDGEIQ_PLATFORM\public\data\sportsbet_live_market_v1_CHECKPOINT_BEFORE_CURRENT_INTEL_BRIDGE_20260712_065207.csv","110746"
"C:\Users\trent\OneDrive\Documents\EDGEIQ_PLATFORM\public\data\sportsbet_live_market_v1_EMPTY_BACKUP.csv","294"
"C:\Users\trent\OneDrive\Documents\EDGEIQ_PLATFORM\public\data\staking_plan.csv","10363"
"C:\Users\trent\OneDrive\Documents\EDGEIQ_PLATFORM\public\data\stewards_comments.csv","6766543"
"C:\Users\trent\OneDrive\Documents\EDGEIQ_PLATFORM\public\data\stewards_history.csv","1507546"
"C:\Users\trent\OneDrive\Documents\EDGEIQ_PLATFORM\public\data\stewards_latest.csv","355090"
"C:\Users\trent\OneDrive\Documents\EDGEIQ_PLATFORM\public\data\tab_api_meetings_probe_v1.json","847"
"C:\Users\trent\OneDrive\Documents\EDGEIQ_PLATFORM\public\data\tab_api_meetings_probe_v1_summary.csv","660"
"C:\Users\trent\OneDrive\Documents\EDGEIQ_PLATFORM\public\data\tab_direct_race_prices_v1.csv","25"
"C:\Users\trent\OneDrive\Documents\EDGEIQ_PLATFORM\public\data\tab_full_field_v2.csv","9467"
"C:\Users\trent\OneDrive\Documents\EDGEIQ_PLATFORM\public\data\tab_meetings_today_full.json","259"
"C:\Users\trent\OneDrive\Documents\EDGEIQ_PLATFORM\public\data\tab_meeting_capture.json","1560"
"C:\Users\trent\OneDrive\Documents\EDGEIQ_PLATFORM\public\data\tab_network_meetings_capture_v1.json","2"
"C:\Users\trent\OneDrive\Documents\EDGEIQ_PLATFORM\public\data\tab_next_to_go_api_context_test.json","2651"
"C:\Users\trent\OneDrive\Documents\EDGEIQ_PLATFORM\public\data\tab_next_to_go_browser_context_test.json","258"
"C:\Users\trent\OneDrive\Documents\EDGEIQ_PLATFORM\public\data\tab_next_to_go_full.json","46786"
"C:\Users\trent\OneDrive\Documents\EDGEIQ_PLATFORM\public\data\tab_page_links_today_racing.json","8309"
"C:\Users\trent\OneDrive\Documents\EDGEIQ_PLATFORM\public\data\tab_race_details_test.json","515"
"C:\Users\trent\OneDrive\Documents\EDGEIQ_PLATFORM\public\data\tab_racing_dates_full.json","647"
"C:\Users\trent\OneDrive\Documents\EDGEIQ_PLATFORM\public\data\tab_real_racing_network_capture_v1.json","11638"
"C:\Users\trent\OneDrive\Documents\EDGEIQ_PLATFORM\public\data\tab_vic_meetings_20260701_debug.json","3"
"C:\Users\trent\OneDrive\Documents\EDGEIQ_PLATFORM\public\data\today_ratings_v3.csv","389465"
"C:\Users\trent\OneDrive\Documents\EDGEIQ_PLATFORM\public\data\today_ratings_v5.csv","325206"
"C:\Users\trent\OneDrive\Documents\EDGEIQ_PLATFORM\public\data\track_bias_profile.csv","48451"
"C:\Users\trent\OneDrive\Documents\EDGEIQ_PLATFORM\public\data\track_directions.csv","375"
"C:\Users\trent\OneDrive\Documents\EDGEIQ_PLATFORM\public\data\track_intelligence_missing_runner_style.csv","2123"
"C:\Users\trent\OneDrive\Documents\EDGEIQ_PLATFORM\public\data\trainer_jockey_combo_stats.csv","1046065"
"C:\Users\trent\OneDrive\Documents\EDGEIQ_PLATFORM\public\data\trainer_stats.csv","212374"
"C:\Users\trent\OneDrive\Documents\EDGEIQ_PLATFORM\public\data\upcoming_runner_ra_links.csv","290423"
"C:\Users\trent\OneDrive\Documents\EDGEIQ_PLATFORM\public\data\upcoming_runner_ra_snapshot.csv","265389"
"C:\Users\trent\OneDrive\Documents\EDGEIQ_PLATFORM\public\data\v6_damaged_winner_cases.csv","5376"
"C:\Users\trent\OneDrive\Documents\EDGEIQ_PLATFORM\public\data\_meeting_catalog_http_test.json","194963"
"C:\Users\trent\OneDrive\Documents\EDGEIQ_PLATFORM\public\data\backups\edgeiq_price_truth_history_v1_before_settlement_20260601_205622Z.csv","88426"
"C:\Users\trent\OneDrive\Documents\EDGEIQ_PLATFORM\public\data\checkpoints\edgeiq_command_enrichment_feed_v2_BEFORE_COMMAND_V3_APPLY_20260628_065252.csv","131592"
"C:\Users\trent\OneDrive\Documents\EDGEIQ_PLATFORM\public\data\checkpoints\edgeiq_command_enrichment_feed_v2_BEFORE_FRESH_CURRENT_APPLY_20260627_204159.csv","206552"
"C:\Users\trent\OneDrive\Documents\EDGEIQ_PLATFORM\public\data\checkpoints\edgeiq_command_enrichment_feed_v2_BEFORE_FRESH_REBUILD_20260627_203432.csv","206552"
"C:\Users\trent\OneDrive\Documents\EDGEIQ_PLATFORM\public\data\checkpoints\edgeiq_command_enrichment_feed_v2_BEFORE_V3_1_APPLY_20260628_070515.csv","536831"
"C:\Users\trent\OneDrive\Documents\EDGEIQ_PLATFORM\public\data\checkpoints\edgeiq_command_enrichment_feed_v2_BEFORE_V3_1_APPLY_20260628_070956.csv","570465"
"C:\Users\trent\OneDrive\Documents\EDGEIQ_PLATFORM\public\data\checkpoints\edgeiq_command_enrichment_feed_v2_BEFORE_V3_2_APPLY_20260628_071952.csv","657074"
"C:\Users\trent\OneDrive\Documents\EDGEIQ_PLATFORM\public\data\checkpoints\edgeiq_command_enrichment_feed_v2_BEFORE_V3_3_APPLY_20260628_072759.csv","709328"
"C:\Users\trent\OneDrive\Documents\EDGEIQ_PLATFORM\public\data\checkpoints\edgeiq_command_enrichment_feed_v3_BEFORE_V3_1_APPLY_20260628_070515.csv","536831"
"C:\Users\trent\OneDrive\Documents\EDGEIQ_PLATFORM\public\data\checkpoints\edgeiq_command_enrichment_feed_v3_BEFORE_V3_1_APPLY_20260628_070956.csv","570465"
"C:\Users\trent\OneDrive\Documents\EDGEIQ_PLATFORM\public\data\checkpoints\edgeiq_command_enrichment_feed_v3_BEFORE_V3_2_APPLY_20260628_071952.csv","657074"
"C:\Users\trent\OneDrive\Documents\EDGEIQ_PLATFORM\public\data\checkpoints\edgeiq_command_enrichment_feed_v3_BEFORE_V3_3_APPLY_20260628_072759.csv","709328"
"C:\Users\trent\OneDrive\Documents\EDGEIQ_PLATFORM\public\data\checkpoints\edgeiq_current_intelligence_evidence_fix_candidate_v1_BEFORE_FRESH_REBUILD_20260627_203432.csv","684396"
"C:\Users\trent\OneDrive\Documents\EDGEIQ_PLATFORM\public\data\checkpoints\edgeiq_live_runner_board_governed_v1_BEFORE_COMMAND_V3_APPLY_20260628_065252.csv","412496"
"C:\Users\trent\OneDrive\Documents\EDGEIQ_PLATFORM\public\data\checkpoints\edgeiq_live_runner_board_governed_v1_BEFORE_EVIDENCE_APPLY_20260627_185802.csv","530162"
"C:\Users\trent\OneDrive\Documents\EDGEIQ_PLATFORM\public\data\checkpoints\edgeiq_live_runner_board_governed_v1_BEFORE_EVIDENCE_MERGE_20260627_185629.csv","530162"
"C:\Users\trent\OneDrive\Documents\EDGEIQ_PLATFORM\public\data\checkpoints\edgeiq_live_runner_board_governed_v1_BEFORE_FRESH_CURRENT_APPLY_20260627_204159.csv","684396"
"C:\Users\trent\OneDrive\Documents\EDGEIQ_PLATFORM\public\data\checkpoints\edgeiq_live_runner_board_governed_v1_BEFORE_FRESH_REBUILD_20260627_203432.csv","684396"
"C:\Users\trent\OneDrive\Documents\EDGEIQ_PLATFORM\public\data\checkpoints\edgeiq_live_runner_board_governed_v1_CHECKPOINT_BEFORE_V7_2_20260627_162119.csv","297831"
"C:\Users\trent\OneDrive\Documents\EDGEIQ_PLATFORM\public\data\checkpoints\edgeiq_live_runner_board_governed_v1_IMMEDIATE_BACKUP_BEFORE_V7_2G2_FLAG_ON_CANDIDATE_20260627_183457.csv","518573"
"C:\Users\trent\OneDrive\Documents\EDGEIQ_PLATFORM\public\data\checkpoints\edgeiq_live_runner_board_governed_v1_IMMEDIATE_BACKUP_BEFORE_V7_2G2_FLAG_ON_OVERWRITE_20260627_184500.csv","518573"
"C:\Users\trent\OneDrive\Documents\EDGEIQ_PLATFORM\public\data\checkpoints\edgeiq_live_runner_board_governed_v1_IMMEDIATE_BACKUP_BEFORE_V7_2G2_STAGING_20260627_181754.csv","453967"
"C:\Users\trent\OneDrive\Documents\EDGEIQ_PLATFORM\public\data\checkpoints\edgeiq_live_runner_board_governed_v1_IMMEDIATE_BACKUP_BEFORE_V7_2_CONTROLLED_OVERWRITE_20260627_163112.csv","297831"
"C:\Users\trent\OneDrive\Documents\EDGEIQ_PLATFORM\public\data\checkpoints\edgeiq_live_runner_board_v1_CHECKPOINT_BEFORE_V7_2_20260627_162119.csv","302941"
"C:\Users\trent\OneDrive\Documents\EDGEIQ_PLATFORM\public\data\checkpoints\edgeiq_live_runner_board_v1_SOURCE_FOR_FRESH_REBUILD_20260627_203432.csv","302941"
"C:\Users\trent\OneDrive\Documents\EDGEIQ_PLATFORM\public\data\checkpoints\edgeiq_live_terminal_feed_v1_CHECKPOINT_BEFORE_V7_2_20260627_162119.csv","335666"
"C:\Users\trent\OneDrive\Documents\EDGEIQ_PLATFORM\public\data\checkpoints\edgeiq_live_terminal_feed_v1_IMMEDIATE_BACKUP_BEFORE_V7_2_CONTROLLED_OVERWRITE_20260627_163112.csv","335666"
"C:\Users\trent\OneDrive\Documents\EDGEIQ_PLATFORM\public\data\checkpoints\edgeiq_vic_live_terminal_feed_v1_CHECKPOINT_BEFORE_V7_2_20260627_162119.csv","335666"
"C:\Users\trent\OneDrive\Documents\EDGEIQ_PLATFORM\public\data\edgeiq_racingcom_results_batches_v1\batch_0000_audit.csv","334"
"C:\Users\trent\OneDrive\Documents\EDGEIQ_PLATFORM\public\data\edgeiq_racingcom_results_batches_v1\batch_0000_results.csv","288"
"C:\Users\trent\OneDrive\Documents\EDGEIQ_PLATFORM\public\data\edgeiq_racingcom_results_batches_v1\edgeiq_racingcom_results_batch_offset_00000.csv","184102"
"C:\Users\trent\OneDrive\Documents\EDGEIQ_PLATFORM\public\data\edgeiq_racingcom_results_batches_v1\edgeiq_racingcom_results_batch_offset_00050.csv","151588"
"C:\Users\trent\OneDrive\Documents\EDGEIQ_PLATFORM\public\data\edgeiq_racingcom_results_batches_v1\edgeiq_racingcom_results_batch_offset_00250.csv","789927"
"C:\Users\trent\OneDrive\Documents\EDGEIQ_PLATFORM\public\data\edgeiq_racingcom_results_batches_v1\edgeiq_racingcom_results_batch_offset_00500.csv","2310620"
"C:\Users\trent\OneDrive\Documents\EDGEIQ_PLATFORM\public\data\edgeiq_racingcom_results_batches_v1\edgeiq_racingcom_results_batch_offset_01000.csv","2332490"
"C:\Users\trent\OneDrive\Documents\EDGEIQ_PLATFORM\public\data\edgeiq_racingcom_results_batches_v1\edgeiq_racingcom_results_batch_offset_01500.csv","2537681"
"C:\Users\trent\OneDrive\Documents\EDGEIQ_PLATFORM\public\data\edgeiq_racingcom_results_batches_v1\edgeiq_racingcom_results_batch_offset_02000.csv","2761171"
"C:\Users\trent\OneDrive\Documents\EDGEIQ_PLATFORM\public\data\edgeiq_racingcom_results_batches_v1\edgeiq_racingcom_results_batch_offset_02500.csv","2554025"
"C:\Users\trent\OneDrive\Documents\EDGEIQ_PLATFORM\public\data\edgeiq_racingcom_results_batches_v1\edgeiq_racingcom_results_batch_offset_03000.csv","1178266"
"C:\Users\trent\OneDrive\Documents\EDGEIQ_PLATFORM\public\data\edgeiq_racingcom_results_batches_v1\edgeiq_racingcom_results_batch_offset_03500.csv","2355150"
"C:\Users\trent\OneDrive\Documents\EDGEIQ_PLATFORM\public\data\edgeiq_racingcom_results_batches_v1\edgeiq_racingcom_results_batch_offset_04000.csv","2227620"
"C:\Users\trent\OneDrive\Documents\EDGEIQ_PLATFORM\public\data\edgeiq_racingcom_results_batches_v1\edgeiq_racingcom_results_batch_offset_04500.csv","2317712"
"C:\Users\trent\OneDrive\Documents\EDGEIQ_PLATFORM\public\data\edgeiq_racingcom_results_batches_v1\edgeiq_racingcom_results_batch_offset_05000.csv","2180713"
"C:\Users\trent\OneDrive\Documents\EDGEIQ_PLATFORM\public\data\edgeiq_racingcom_results_batches_v1\edgeiq_racingcom_results_batch_offset_05500.csv","2321589"
"C:\Users\trent\OneDrive\Documents\EDGEIQ_PLATFORM\public\data\edgeiq_racingcom_results_batches_v1\edgeiq_racingcom_results_batch_offset_06000.csv","2175034"
"C:\Users\trent\OneDrive\Documents\EDGEIQ_PLATFORM\public\data\edgeiq_racingcom_results_batches_v1\edgeiq_racingcom_results_batch_offset_06500.csv","2534884"
"C:\Users\trent\OneDrive\Documents\EDGEIQ_PLATFORM\public\data\edgeiq_racingcom_results_batches_v1\edgeiq_racingcom_results_batch_offset_07000.csv","2416509"
"C:\Users\trent\OneDrive\Documents\EDGEIQ_PLATFORM\public\data\edgeiq_racingcom_results_batches_v1\edgeiq_racingcom_results_batch_offset_07500.csv","2229016"
"C:\Users\trent\OneDrive\Documents\EDGEIQ_PLATFORM\public\data\edgeiq_racingcom_results_batches_v1\edgeiq_racingcom_results_batch_offset_08000.csv","2140764"
"C:\Users\trent\OneDrive\Documents\EDGEIQ_PLATFORM\public\data\edgeiq_racingcom_results_batches_v1\edgeiq_racingcom_results_batch_offset_08500.csv","2132396"
"C:\Users\trent\OneDrive\Documents\EDGEIQ_PLATFORM\public\data\edgeiq_racingcom_results_batches_v1\edgeiq_racingcom_results_batch_offset_09000.csv","2020203"
"C:\Users\trent\OneDrive\Documents\EDGEIQ_PLATFORM\public\data\edgeiq_racingcom_results_batches_v1\edgeiq_racingcom_results_batch_offset_09500.csv","1918697"
"C:\Users\trent\OneDrive\Documents\EDGEIQ_PLATFORM\public\data\edgeiq_racingcom_results_batches_v1\edgeiq_racingcom_results_batch_offset_10000.csv","1909055"
"C:\Users\trent\OneDrive\Documents\EDGEIQ_PLATFORM\public\data\edgeiq_racingcom_results_batches_v1\edgeiq_racingcom_results_batch_offset_10500.csv","2259526"
"C:\Users\trent\OneDrive\Documents\EDGEIQ_PLATFORM\public\data\edgeiq_racingcom_results_batches_v1\edgeiq_racingcom_results_batch_offset_11000.csv","2520940"
"C:\Users\trent\OneDrive\Documents\EDGEIQ_PLATFORM\public\data\edgeiq_racingcom_results_batches_v1\edgeiq_racingcom_results_batch_offset_11500.csv","2563456"
"C:\Users\trent\OneDrive\Documents\EDGEIQ_PLATFORM\public\data\edgeiq_racingcom_results_batches_v1\edgeiq_racingcom_results_batch_offset_12000.csv","2439239"
"C:\Users\trent\OneDrive\Documents\EDGEIQ_PLATFORM\public\data\edgeiq_racingcom_results_batches_v1\edgeiq_racingcom_results_batch_offset_12500.csv","2385939"
"C:\Users\trent\OneDrive\Documents\EDGEIQ_PLATFORM\public\data\edgeiq_racingcom_results_batches_v1\edgeiq_racingcom_results_batch_offset_13000.csv","2432854"
"C:\Users\trent\OneDrive\Documents\EDGEIQ_PLATFORM\public\data\edgeiq_racingcom_results_batches_v1\edgeiq_racingcom_results_batch_offset_13500.csv","2246520"
"C:\Users\trent\OneDrive\Documents\EDGEIQ_PLATFORM\public\data\edgeiq_racingcom_results_batches_v1\edgeiq_racingcom_results_batch_offset_14000.csv","2079717"
"C:\Users\trent\OneDrive\Documents\EDGEIQ_PLATFORM\public\data\edgeiq_racingcom_results_batches_v1\edgeiq_racingcom_results_batch_offset_14500.csv","2014132"
"C:\Users\trent\OneDrive\Documents\EDGEIQ_PLATFORM\public\data\edgeiq_racingcom_results_batches_v1\edgeiq_racingcom_results_batch_offset_15000.csv","2272776"
"C:\Users\trent\OneDrive\Documents\EDGEIQ_PLATFORM\public\data\edgeiq_racingcom_results_batches_v1\edgeiq_racingcom_results_batch_offset_15500.csv","1013200"
"C:\Users\trent\OneDrive\Documents\EDGEIQ_PLATFORM\public\data\edgeiq_racingcom_results_batches_v1\edgeiq_racingcom_results_batch_offset_16000.csv","273"
"C:\Users\trent\OneDrive\Documents\EDGEIQ_PLATFORM\public\data\edgeiq_racingcom_results_batches_v1\edgeiq_racingcom_results_batch_offset_16500.csv","273"
"C:\Users\trent\OneDrive\Documents\EDGEIQ_PLATFORM\public\data\edgeiq_racingcom_results_batches_v1\edgeiq_racingcom_results_batch_offset_17000.csv","273"
"C:\Users\trent\OneDrive\Documents\EDGEIQ_PLATFORM\public\data\edgeiq_racingcom_results_batches_v1\edgeiq_racingcom_results_batch_offset_17500.csv","273"
"C:\Users\trent\OneDrive\Documents\EDGEIQ_PLATFORM\public\data\edgeiq_racingcom_results_batches_v2\batch_0000_audit.csv","334"
"C:\Users\trent\OneDrive\Documents\EDGEIQ_PLATFORM\public\data\edgeiq_racingcom_results_batches_v2\batch_0000_results.csv","265"
"C:\Users\trent\OneDrive\Documents\EDGEIQ_PLATFORM\public\data\edgeiq_tab_rendered_results_raw_v1\2026-06-06_FLEMINGTON_R1.json","756"
"C:\Users\trent\OneDrive\Documents\EDGEIQ_PLATFORM\public\data\edgeiq_tab_rendered_results_raw_v1\2026-06-06_FLEMINGTON_R2.json","752"
"C:\Users\trent\OneDrive\Documents\EDGEIQ_PLATFORM\public\data\edgeiq_tab_rendered_results_raw_v1\2026-06-06_FLEMINGTON_R3.json","756"
"C:\Users\trent\OneDrive\Documents\EDGEIQ_PLATFORM\public\data\edgeiq_tab_rendered_results_raw_v1\2026-06-06_FLEMINGTON_R4.json","752"
"C:\Users\trent\OneDrive\Documents\EDGEIQ_PLATFORM\public\data\edgeiq_tab_rendered_results_raw_v1\2026-06-06_FLEMINGTON_R5.json","756"
"C:\Users\trent\OneDrive\Documents\EDGEIQ_PLATFORM\public\data\edgeiq_tab_rendered_results_raw_v1\2026-06-06_FLEMINGTON_R6.json","752"
"C:\Users\trent\OneDrive\Documents\EDGEIQ_PLATFORM\public\data\edgeiq_tab_rendered_results_raw_v1\2026-06-06_FLEMINGTON_R7.json","752"
"C:\Users\trent\OneDrive\Documents\EDGEIQ_PLATFORM\public\data\edgeiq_tab_rendered_results_raw_v1\2026-06-06_FLEMINGTON_R8.json","752"
"C:\Users\trent\OneDrive\Documents\EDGEIQ_PLATFORM\public\data\edgeiq_tab_rendered_results_raw_v1\2026-06-06_FLEMINGTON_R9.json","756"
"C:\Users\trent\OneDrive\Documents\EDGEIQ_PLATFORM\public\data\edgeiq_tab_rendered_results_raw_v1\2026-06-06_SWAN_HILL_R1.json","749"
"C:\Users\trent\OneDrive\Documents\EDGEIQ_PLATFORM\public\data\edgeiq_tab_rendered_results_raw_v1\2026-06-06_SWAN_HILL_R2.json","749"
"C:\Users\trent\OneDrive\Documents\EDGEIQ_PLATFORM\public\data\edgeiq_tab_rendered_results_raw_v1\2026-06-06_SWAN_HILL_R3.json","749"
"C:\Users\trent\OneDrive\Documents\EDGEIQ_PLATFORM\public\data\edgeiq_tab_rendered_results_raw_v1\2026-06-06_SWAN_HILL_R4.json","753"
"C:\Users\trent\OneDrive\Documents\EDGEIQ_PLATFORM\public\data\edgeiq_tab_rendered_results_raw_v1\2026-06-06_SWAN_HILL_R5.json","749"
"C:\Users\trent\OneDrive\Documents\EDGEIQ_PLATFORM\public\data\edgeiq_tab_rendered_results_raw_v1\2026-06-06_SWAN_HILL_R6.json","749"
"C:\Users\trent\OneDrive\Documents\EDGEIQ_PLATFORM\public\data\edgeiq_tab_rendered_results_raw_v1\2026-06-06_SWAN_HILL_R7.json","749"
"C:\Users\trent\OneDrive\Documents\EDGEIQ_PLATFORM\public\data\edgeiq_tab_rendered_results_raw_v1\2026-06-06_SWAN_HILL_R8.json","749"
"C:\Users\trent\OneDrive\Documents\EDGEIQ_PLATFORM\public\data\ladbrokes_market_probe_raw\ladbrokes_meetings_dayplus2_2026-07-04.json","28036"
"C:\Users\trent\OneDrive\Documents\EDGEIQ_PLATFORM\public\data\ladbrokes_market_probe_raw\ladbrokes_meetings_today_2026-07-02.json","15569"
"C:\Users\trent\OneDrive\Documents\EDGEIQ_PLATFORM\public\data\ladbrokes_market_probe_raw\ladbrokes_meetings_tomorrow_2026-07-03.json","23039"
"C:\Users\trent\OneDrive\Documents\EDGEIQ_PLATFORM\public\data\market_history\edgeiq_market_tape.csv","899466"
"C:\Users\trent\OneDrive\Documents\EDGEIQ_PLATFORM\public\data\market_history\latest_market_snapshot.csv","899466"
"C:\Users\trent\OneDrive\Documents\EDGEIQ_PLATFORM\public\data\market_history\market_movement_board.csv","109052"
"C:\Users\trent\OneDrive\Documents\EDGEIQ_PLATFORM\public\data\market_snapshots\market_snapshot_20260528_104251.csv","27760"
"C:\Users\trent\OneDrive\Documents\EDGEIQ_PLATFORM\public\data\market_snapshots\market_snapshot_20260528_104447.csv","27760"
"C:\Users\trent\OneDrive\Documents\EDGEIQ_PLATFORM\public\data\market_snapshots\market_snapshot_20260528_104549.csv","27760"
"C:\Users\trent\OneDrive\Documents\EDGEIQ_PLATFORM\public\data\market_snapshots\market_snapshot_20260528_104653.csv","27760"
"C:\Users\trent\OneDrive\Documents\EDGEIQ_PLATFORM\public\data\market_snapshots\market_snapshot_20260528_104758.csv","27760"
"C:\Users\trent\OneDrive\Documents\EDGEIQ_PLATFORM\public\data\market_snapshots\market_snapshot_20260528_104902.csv","27760"
"C:\Users\trent\OneDrive\Documents\EDGEIQ_PLATFORM\public\data\market_snapshots\market_snapshot_20260528_105005.csv","27760"
"C:\Users\trent\OneDrive\Documents\EDGEIQ_PLATFORM\public\data\market_snapshots\market_snapshot_20260528_105109.csv","27760"
"C:\Users\trent\OneDrive\Documents\EDGEIQ_PLATFORM\public\data\market_snapshots\market_snapshot_20260528_105214.csv","27760"
"C:\Users\trent\OneDrive\Documents\EDGEIQ_PLATFORM\public\data\market_snapshots\market_snapshot_20260528_105318.csv","27760"
"C:\Users\trent\OneDrive\Documents\EDGEIQ_PLATFORM\public\data\market_snapshots\market_snapshot_20260528_105422.csv","27760"
"C:\Users\trent\OneDrive\Documents\EDGEIQ_PLATFORM\public\data\market_snapshots\market_snapshot_20260528_105526.csv","27760"
"C:\Users\trent\OneDrive\Documents\EDGEIQ_PLATFORM\public\data\market_snapshots\market_snapshot_20260528_105630.csv","27760"
"C:\Users\trent\OneDrive\Documents\EDGEIQ_PLATFORM\public\data\market_snapshots\market_snapshot_20260528_105734.csv","27760"
"C:\Users\trent\OneDrive\Documents\EDGEIQ_PLATFORM\public\data\market_snapshots\market_snapshot_20260528_105839.csv","27760"
"C:\Users\trent\OneDrive\Documents\EDGEIQ_PLATFORM\public\data\market_snapshots\market_snapshot_20260528_105943.csv","27760"
"C:\Users\trent\OneDrive\Documents\EDGEIQ_PLATFORM\public\data\market_snapshots\market_snapshot_20260528_110047.csv","27760"
"C:\Users\trent\OneDrive\Documents\EDGEIQ_PLATFORM\public\data\market_snapshots\market_snapshot_20260528_110150.csv","27760"
"C:\Users\trent\OneDrive\Documents\EDGEIQ_PLATFORM\public\data\market_snapshots\market_snapshot_20260528_110253.csv","27760"
"C:\Users\trent\OneDrive\Documents\EDGEIQ_PLATFORM\public\data\market_snapshots\market_snapshot_20260528_110356.csv","27760"
"C:\Users\trent\OneDrive\Documents\EDGEIQ_PLATFORM\public\data\market_snapshots\market_snapshot_20260528_110459.csv","27760"
"C:\Users\trent\OneDrive\Documents\EDGEIQ_PLATFORM\public\data\market_snapshots\market_snapshot_20260528_110602.csv","27760"
"C:\Users\trent\OneDrive\Documents\EDGEIQ_PLATFORM\public\data\market_snapshots\market_snapshot_20260528_110705.csv","27760"
"C:\Users\trent\OneDrive\Documents\EDGEIQ_PLATFORM\public\data\market_snapshots\market_snapshot_20260528_110807.csv","27760"
"C:\Users\trent\OneDrive\Documents\EDGEIQ_PLATFORM\public\data\market_snapshots\market_snapshot_20260528_110910.csv","27760"
"C:\Users\trent\OneDrive\Documents\EDGEIQ_PLATFORM\public\data\market_snapshots\market_snapshot_20260528_111014.csv","27760"
"C:\Users\trent\OneDrive\Documents\EDGEIQ_PLATFORM\public\data\market_snapshots\market_snapshot_20260528_111118.csv","27760"
"C:\Users\trent\OneDrive\Documents\EDGEIQ_PLATFORM\public\data\market_snapshots\market_snapshot_20260528_111222.csv","27760"
"C:\Users\trent\OneDrive\Documents\EDGEIQ_PLATFORM\public\data\market_snapshots\market_snapshot_20260528_111327.csv","27760"
"C:\Users\trent\OneDrive\Documents\EDGEIQ_PLATFORM\public\data\market_snapshots\market_snapshot_20260528_111431.csv","27760"
"C:\Users\trent\OneDrive\Documents\EDGEIQ_PLATFORM\public\data\market_snapshots\market_snapshot_20260528_111535.csv","27760"
"C:\Users\trent\OneDrive\Documents\EDGEIQ_PLATFORM\public\data\market_snapshots\market_snapshot_20260528_111640.csv","27760"
"C:\Users\trent\OneDrive\Documents\EDGEIQ_PLATFORM\public\data\market_snapshots\market_snapshot_20260528_111744.csv","27760"
"C:\Users\trent\OneDrive\Documents\EDGEIQ_PLATFORM\public\data\market_snapshots\market_snapshot_20260528_111848.csv","27760"
"C:\Users\trent\OneDrive\Documents\EDGEIQ_PLATFORM\public\data\market_snapshots\market_snapshot_20260528_111953.csv","27760"
"C:\Users\trent\OneDrive\Documents\EDGEIQ_PLATFORM\public\data\market_snapshots\market_snapshot_20260528_112057.csv","27760"
"C:\Users\trent\OneDrive\Documents\EDGEIQ_PLATFORM\public\data\market_snapshots\market_snapshot_20260528_112201.csv","27760"
"C:\Users\trent\OneDrive\Documents\EDGEIQ_PLATFORM\public\data\market_snapshots\market_snapshot_20260528_112306.csv","27760"
"C:\Users\trent\OneDrive\Documents\EDGEIQ_PLATFORM\public\data\market_snapshots\market_snapshot_20260528_112410.csv","27760"
"C:\Users\trent\OneDrive\Documents\EDGEIQ_PLATFORM\public\data\market_snapshots\market_snapshot_20260528_112514.csv","27760"
"C:\Users\trent\OneDrive\Documents\EDGEIQ_PLATFORM\public\data\market_snapshots\market_snapshot_20260528_112619.csv","27760"
"C:\Users\trent\OneDrive\Documents\EDGEIQ_PLATFORM\public\data\market_snapshots\market_snapshot_20260528_112723.csv","27760"
"C:\Users\trent\OneDrive\Documents\EDGEIQ_PLATFORM\public\data\market_snapshots\market_snapshot_20260528_112828.csv","27760"
"C:\Users\trent\OneDrive\Documents\EDGEIQ_PLATFORM\public\data\market_snapshots\market_snapshot_20260528_112932.csv","27760"
"C:\Users\trent\OneDrive\Documents\EDGEIQ_PLATFORM\public\data\market_snapshots\market_snapshot_20260528_113037.csv","27760"
"C:\Users\trent\OneDrive\Documents\EDGEIQ_PLATFORM\public\data\market_snapshots\market_snapshot_20260528_113141.csv","27760"
"C:\Users\trent\OneDrive\Documents\EDGEIQ_PLATFORM\public\data\market_snapshots\market_snapshot_20260528_113246.csv","27760"
"C:\Users\trent\OneDrive\Documents\EDGEIQ_PLATFORM\public\data\market_snapshots\market_snapshot_20260528_113350.csv","27760"
"C:\Users\trent\OneDrive\Documents\EDGEIQ_PLATFORM\public\data\market_snapshots\market_snapshot_20260528_113453.csv","27760"
"C:\Users\trent\OneDrive\Documents\EDGEIQ_PLATFORM\public\data\market_snapshots\market_snapshot_20260528_113556.csv","27760"
"C:\Users\trent\OneDrive\Documents\EDGEIQ_PLATFORM\public\data\market_snapshots\market_snapshot_20260528_113659.csv","27760"
"C:\Users\trent\OneDrive\Documents\EDGEIQ_PLATFORM\public\data\market_snapshots\market_snapshot_20260528_113802.csv","27760"
"C:\Users\trent\OneDrive\Documents\EDGEIQ_PLATFORM\public\data\market_snapshots\market_snapshot_20260528_113905.csv","27760"
"C:\Users\trent\OneDrive\Documents\EDGEIQ_PLATFORM\public\data\market_snapshots\market_snapshot_20260528_114009.csv","27760"
"C:\Users\trent\OneDrive\Documents\EDGEIQ_PLATFORM\public\data\market_snapshots\market_snapshot_20260528_114113.csv","27760"
"C:\Users\trent\OneDrive\Documents\EDGEIQ_PLATFORM\public\data\market_snapshots\market_snapshot_20260528_114217.csv","27760"
"C:\Users\trent\OneDrive\Documents\EDGEIQ_PLATFORM\public\data\market_snapshots\market_snapshot_20260528_114322.csv","27760"
"C:\Users\trent\OneDrive\Documents\EDGEIQ_PLATFORM\public\data\market_snapshots\market_snapshot_20260528_114426.csv","27760"
"C:\Users\trent\OneDrive\Documents\EDGEIQ_PLATFORM\public\data\market_snapshots\market_snapshot_20260528_114531.csv","27760"
"C:\Users\trent\OneDrive\Documents\EDGEIQ_PLATFORM\public\data\market_snapshots\market_snapshot_20260528_114636.csv","27760"
"C:\Users\trent\OneDrive\Documents\EDGEIQ_PLATFORM\public\data\market_snapshots\market_snapshot_20260528_114740.csv","27760"
"C:\Users\trent\OneDrive\Documents\EDGEIQ_PLATFORM\public\data\market_snapshots\market_snapshot_20260528_114845.csv","27760"
"C:\Users\trent\OneDrive\Documents\EDGEIQ_PLATFORM\public\data\market_snapshots\market_snapshot_20260528_114950.csv","27760"
"C:\Users\trent\OneDrive\Documents\EDGEIQ_PLATFORM\public\data\market_snapshots\market_snapshot_20260528_115054.csv","27760"
"C:\Users\trent\OneDrive\Documents\EDGEIQ_PLATFORM\public\data\market_snapshots\market_snapshot_20260528_123508.csv","27760"
"C:\Users\trent\OneDrive\Documents\EDGEIQ_PLATFORM\public\data\market_snapshots\market_snapshot_20260528_123616.csv","27760"
"C:\Users\trent\OneDrive\Documents\EDGEIQ_PLATFORM\public\data\market_snapshots\market_snapshot_20260528_123719.csv","27760"
"C:\Users\trent\OneDrive\Documents\EDGEIQ_PLATFORM\public\data\market_snapshots\market_snapshot_20260528_123821.csv","27760"
"C:\Users\trent\OneDrive\Documents\EDGEIQ_PLATFORM\public\data\market_snapshots\market_snapshot_20260528_123925.csv","27760"
"C:\Users\trent\OneDrive\Documents\EDGEIQ_PLATFORM\public\data\market_snapshots\market_snapshot_20260528_124028.csv","27760"
"C:\Users\trent\OneDrive\Documents\EDGEIQ_PLATFORM\public\data\market_snapshots\market_snapshot_20260528_124132.csv","27760"
"C:\Users\trent\OneDrive\Documents\EDGEIQ_PLATFORM\public\data\market_snapshots\market_snapshot_20260528_124235.csv","27760"
"C:\Users\trent\OneDrive\Documents\EDGEIQ_PLATFORM\public\data\market_snapshots\market_snapshot_20260528_124339.csv","27760"
"C:\Users\trent\OneDrive\Documents\EDGEIQ_PLATFORM\public\data\market_snapshots\market_snapshot_20260528_124442.csv","27760"
"C:\Users\trent\OneDrive\Documents\EDGEIQ_PLATFORM\public\data\market_snapshots\market_snapshot_20260528_124546.csv","27760"
"C:\Users\trent\OneDrive\Documents\EDGEIQ_PLATFORM\public\data\market_snapshots\market_snapshot_20260528_124649.csv","27760"
"C:\Users\trent\OneDrive\Documents\EDGEIQ_PLATFORM\public\data\market_snapshots\market_snapshot_20260528_124752.csv","27760"
"C:\Users\trent\OneDrive\Documents\EDGEIQ_PLATFORM\public\data\market_snapshots\market_snapshot_20260528_124855.csv","27760"
"C:\Users\trent\OneDrive\Documents\EDGEIQ_PLATFORM\public\data\market_snapshots\market_snapshot_20260528_124958.csv","27760"
"C:\Users\trent\OneDrive\Documents\EDGEIQ_PLATFORM\public\data\market_snapshots\market_snapshot_20260528_125100.csv","27760"
"C:\Users\trent\OneDrive\Documents\EDGEIQ_PLATFORM\public\data\market_snapshots\market_snapshot_20260528_125203.csv","27760"
"C:\Users\trent\OneDrive\Documents\EDGEIQ_PLATFORM\public\data\market_snapshots\market_snapshot_20260528_125305.csv","27760"
"C:\Users\trent\OneDrive\Documents\EDGEIQ_PLATFORM\public\data\market_snapshots\market_snapshot_20260528_125408.csv","27757"
"C:\Users\trent\OneDrive\Documents\EDGEIQ_PLATFORM\public\data\market_snapshots\market_snapshot_20260528_125502.csv","27757"
"C:\Users\trent\OneDrive\Documents\EDGEIQ_PLATFORM\public\data\market_snapshots\market_snapshot_20260528_125511.csv","27757"
"C:\Users\trent\OneDrive\Documents\EDGEIQ_PLATFORM\public\data\market_snapshots\market_snapshot_20260528_125609.csv","27757"
"C:\Users\trent\OneDrive\Documents\EDGEIQ_PLATFORM\public\data\market_snapshots\market_snapshot_20260528_125613.csv","27757"
"C:\Users\trent\OneDrive\Documents\EDGEIQ_PLATFORM\public\data\market_snapshots\market_snapshot_20260528_125716.csv","27757"
"C:\Users\trent\OneDrive\Documents\EDGEIQ_PLATFORM\public\data\market_snapshots\market_snapshot_20260528_125717.csv","27757"
"C:\Users\trent\OneDrive\Documents\EDGEIQ_PLATFORM\public\data\market_snapshots\market_snapshot_20260528_125820.csv","27757"
"C:\Users\trent\OneDrive\Documents\EDGEIQ_PLATFORM\public\data\market_snapshots\market_snapshot_20260528_125825.csv","27757"
"C:\Users\trent\OneDrive\Documents\EDGEIQ_PLATFORM\public\data\market_snapshots\market_snapshot_20260528_125923.csv","27757"
"C:\Users\trent\OneDrive\Documents\EDGEIQ_PLATFORM\public\data\market_snapshots\market_snapshot_20260528_125932.csv","27757"
"C:\Users\trent\OneDrive\Documents\EDGEIQ_PLATFORM\public\data\market_snapshots\market_snapshot_20260528_130026.csv","27757"
"C:\Users\trent\OneDrive\Documents\EDGEIQ_PLATFORM\public\data\market_snapshots\market_snapshot_20260528_130038.csv","27754"
"C:\Users\trent\OneDrive\Documents\EDGEIQ_PLATFORM\public\data\market_snapshots\market_snapshot_20260528_130124.csv","27760"
"C:\Users\trent\OneDrive\Documents\EDGEIQ_PLATFORM\public\data\market_snapshots\market_snapshot_20260528_130230.csv","27763"
"C:\Users\trent\OneDrive\Documents\EDGEIQ_PLATFORM\public\data\market_snapshots\market_snapshot_20260528_130336.csv","27763"
"C:\Users\trent\OneDrive\Documents\EDGEIQ_PLATFORM\public\data\market_snapshots\market_snapshot_20260528_130443.csv","27763"
"C:\Users\trent\OneDrive\Documents\EDGEIQ_PLATFORM\public\data\market_snapshots\market_snapshot_20260528_130549.csv","27763"
"C:\Users\trent\OneDrive\Documents\EDGEIQ_PLATFORM\public\data\market_snapshots\market_snapshot_20260528_130656.csv","27763"
"C:\Users\trent\OneDrive\Documents\EDGEIQ_PLATFORM\public\data\market_snapshots\market_snapshot_20260528_130802.csv","27763"
"C:\Users\trent\OneDrive\Documents\EDGEIQ_PLATFORM\public\data\market_snapshots\market_snapshot_20260528_130909.csv","27763"
"C:\Users\trent\OneDrive\Documents\EDGEIQ_PLATFORM\public\data\market_snapshots\market_snapshot_20260528_131015.csv","27763"
"C:\Users\trent\OneDrive\Documents\EDGEIQ_PLATFORM\public\data\market_snapshots\market_snapshot_20260528_131121.csv","27763"
"C:\Users\trent\OneDrive\Documents\EDGEIQ_PLATFORM\public\data\market_snapshots\market_snapshot_20260528_131228.csv","27757"
"C:\Users\trent\OneDrive\Documents\EDGEIQ_PLATFORM\public\data\market_snapshots\market_snapshot_20260528_131311.csv","27757"
"C:\Users\trent\OneDrive\Documents\EDGEIQ_PLATFORM\public\data\market_snapshots\market_snapshot_20260528_131334.csv","27757"
"C:\Users\trent\OneDrive\Documents\EDGEIQ_PLATFORM\public\data\market_snapshots\market_snapshot_20260528_131441.csv","27757"
"C:\Users\trent\OneDrive\Documents\EDGEIQ_PLATFORM\public\data\market_snapshots\market_snapshot_20260528_131548.csv","27757"
"C:\Users\trent\OneDrive\Documents\EDGEIQ_PLATFORM\public\data\market_snapshots\market_snapshot_20260528_131655.csv","27757"
"C:\Users\trent\OneDrive\Documents\EDGEIQ_PLATFORM\public\data\market_snapshots\market_snapshot_20260528_131801.csv","27757"
"C:\Users\trent\OneDrive\Documents\EDGEIQ_PLATFORM\public\data\market_snapshots\market_snapshot_20260528_131909.csv","27754"
"C:\Users\trent\OneDrive\Documents\EDGEIQ_PLATFORM\public\data\market_snapshots\market_snapshot_20260528_132015.csv","27754"
"C:\Users\trent\OneDrive\Documents\EDGEIQ_PLATFORM\public\data\market_snapshots\market_snapshot_20260528_132122.csv","27754"
"C:\Users\trent\OneDrive\Documents\EDGEIQ_PLATFORM\public\data\market_snapshots\market_snapshot_20260528_132229.csv","27754"
"C:\Users\trent\OneDrive\Documents\EDGEIQ_PLATFORM\public\data\market_snapshots\market_snapshot_20260528_132335.csv","27754"
"C:\Users\trent\OneDrive\Documents\EDGEIQ_PLATFORM\public\data\market_snapshots\market_snapshot_20260528_132440.csv","27754"
"C:\Users\trent\OneDrive\Documents\EDGEIQ_PLATFORM\public\data\market_snapshots\market_snapshot_20260528_132546.csv","27754"
"C:\Users\trent\OneDrive\Documents\EDGEIQ_PLATFORM\public\data\market_snapshots\market_snapshot_20260528_132653.csv","27751"
"C:\Users\trent\OneDrive\Documents\EDGEIQ_PLATFORM\public\data\market_snapshots\market_snapshot_20260528_132801.csv","27754"
"C:\Users\trent\OneDrive\Documents\EDGEIQ_PLATFORM\public\data\market_snapshots\market_snapshot_20260528_132911.csv","27751"
"C:\Users\trent\OneDrive\Documents\EDGEIQ_PLATFORM\public\data\market_snapshots\market_snapshot_20260528_133021.csv","27748"
"C:\Users\trent\OneDrive\Documents\EDGEIQ_PLATFORM\public\data\market_snapshots\market_snapshot_20260528_133130.csv","27751"
"C:\Users\trent\OneDrive\Documents\EDGEIQ_PLATFORM\public\data\market_snapshots\market_snapshot_20260528_133238.csv","27751"
"C:\Users\trent\OneDrive\Documents\EDGEIQ_PLATFORM\public\data\market_snapshots\market_snapshot_20260528_133345.csv","27751"
"C:\Users\trent\OneDrive\Documents\EDGEIQ_PLATFORM\public\data\market_snapshots\market_snapshot_20260528_133451.csv","27751"
"C:\Users\trent\OneDrive\Documents\EDGEIQ_PLATFORM\public\data\market_snapshots\market_snapshot_20260528_133557.csv","27751"
"C:\Users\trent\OneDrive\Documents\EDGEIQ_PLATFORM\public\data\market_snapshots\market_snapshot_20260528_133703.csv","27751"
"C:\Users\trent\OneDrive\Documents\EDGEIQ_PLATFORM\public\data\market_snapshots\market_snapshot_20260528_133810.csv","27751"
"C:\Users\trent\OneDrive\Documents\EDGEIQ_PLATFORM\public\data\market_snapshots\market_snapshot_20260528_133916.csv","27751"
"C:\Users\trent\OneDrive\Documents\EDGEIQ_PLATFORM\public\data\market_snapshots\market_snapshot_20260528_134022.csv","27751"
"C:\Users\trent\OneDrive\Documents\EDGEIQ_PLATFORM\public\data\market_snapshots\market_snapshot_20260528_134128.csv","27754"
"C:\Users\trent\OneDrive\Documents\EDGEIQ_PLATFORM\public\data\market_snapshots\market_snapshot_20260528_134234.csv","27763"
"C:\Users\trent\OneDrive\Documents\EDGEIQ_PLATFORM\public\data\market_snapshots\market_snapshot_20260528_134340.csv","27763"
"C:\Users\trent\OneDrive\Documents\EDGEIQ_PLATFORM\public\data\market_snapshots\market_snapshot_20260528_134447.csv","27763"
"C:\Users\trent\OneDrive\Documents\EDGEIQ_PLATFORM\public\data\market_snapshots\market_snapshot_20260528_134554.csv","27763"
"C:\Users\trent\OneDrive\Documents\EDGEIQ_PLATFORM\public\data\market_snapshots\market_snapshot_20260528_134701.csv","27766"
"C:\Users\trent\OneDrive\Documents\EDGEIQ_PLATFORM\public\data\market_snapshots\market_snapshot_20260528_134807.csv","27766"
"C:\Users\trent\OneDrive\Documents\EDGEIQ_PLATFORM\public\data\market_snapshots\market_snapshot_20260528_134913.csv","27766"
"C:\Users\trent\OneDrive\Documents\EDGEIQ_PLATFORM\public\data\market_snapshots\market_snapshot_20260528_135019.csv","27766"
"C:\Users\trent\OneDrive\Documents\EDGEIQ_PLATFORM\public\data\market_snapshots\market_snapshot_20260528_135125.csv","27766"
"C:\Users\trent\OneDrive\Documents\EDGEIQ_PLATFORM\public\data\market_snapshots\market_snapshot_20260528_135231.csv","27763"
"C:\Users\trent\OneDrive\Documents\EDGEIQ_PLATFORM\public\data\market_snapshots\market_snapshot_20260528_135338.csv","27763"
"C:\Users\trent\OneDrive\Documents\EDGEIQ_PLATFORM\public\data\market_snapshots\market_snapshot_20260528_135446.csv","27763"
"C:\Users\trent\OneDrive\Documents\EDGEIQ_PLATFORM\public\data\market_snapshots\market_snapshot_20260528_135553.csv","27760"
"C:\Users\trent\OneDrive\Documents\EDGEIQ_PLATFORM\public\data\market_snapshots\market_snapshot_20260528_135659.csv","27757"
"C:\Users\trent\OneDrive\Documents\EDGEIQ_PLATFORM\public\data\market_snapshots\market_snapshot_20260528_135805.csv","27760"
"C:\Users\trent\OneDrive\Documents\EDGEIQ_PLATFORM\public\data\market_snapshots\market_snapshot_20260528_135912.csv","27760"
"C:\Users\trent\OneDrive\Documents\EDGEIQ_PLATFORM\public\data\market_snapshots\market_snapshot_20260528_140018.csv","27760"
"C:\Users\trent\OneDrive\Documents\EDGEIQ_PLATFORM\public\data\market_snapshots\market_snapshot_20260528_140124.csv","27763"
"C:\Users\trent\OneDrive\Documents\EDGEIQ_PLATFORM\public\data\market_snapshots\market_snapshot_20260528_140231.csv","27754"
"C:\Users\trent\OneDrive\Documents\EDGEIQ_PLATFORM\public\data\market_snapshots\market_snapshot_20260528_140337.csv","27754"
"C:\Users\trent\OneDrive\Documents\EDGEIQ_PLATFORM\public\data\market_snapshots\market_snapshot_20260528_140443.csv","27754"
"C:\Users\trent\OneDrive\Documents\EDGEIQ_PLATFORM\public\data\market_snapshots\market_snapshot_20260528_140549.csv","27754"
"C:\Users\trent\OneDrive\Documents\EDGEIQ_PLATFORM\public\data\market_snapshots\market_snapshot_20260528_140656.csv","27754"
"C:\Users\trent\OneDrive\Documents\EDGEIQ_PLATFORM\public\data\market_snapshots\market_snapshot_20260528_140803.csv","27754"
"C:\Users\trent\OneDrive\Documents\EDGEIQ_PLATFORM\public\data\market_snapshots\market_snapshot_20260528_140910.csv","27754"
"C:\Users\trent\OneDrive\Documents\EDGEIQ_PLATFORM\public\data\market_snapshots\market_snapshot_20260528_141017.csv","27754"
"C:\Users\trent\OneDrive\Documents\EDGEIQ_PLATFORM\public\data\market_snapshots\market_snapshot_20260528_141123.csv","27751"
"C:\Users\trent\OneDrive\Documents\EDGEIQ_PLATFORM\public\data\market_snapshots\market_snapshot_20260528_141229.csv","27742"
"C:\Users\trent\OneDrive\Documents\EDGEIQ_PLATFORM\public\data\market_snapshots\market_snapshot_20260528_141336.csv","27742"
"C:\Users\trent\OneDrive\Documents\EDGEIQ_PLATFORM\public\data\market_snapshots\market_snapshot_20260528_141442.csv","27742"
"C:\Users\trent\OneDrive\Documents\EDGEIQ_PLATFORM\public\data\market_snapshots\market_snapshot_20260528_141549.csv","27742"
"C:\Users\trent\OneDrive\Documents\EDGEIQ_PLATFORM\public\data\market_snapshots\market_snapshot_20260528_141655.csv","27742"
"C:\Users\trent\OneDrive\Documents\EDGEIQ_PLATFORM\public\data\market_snapshots\market_snapshot_20260528_141801.csv","27742"
"C:\Users\trent\OneDrive\Documents\EDGEIQ_PLATFORM\public\data\market_snapshots\market_snapshot_20260528_141907.csv","27742"
"C:\Users\trent\OneDrive\Documents\EDGEIQ_PLATFORM\public\data\market_snapshots\market_snapshot_20260528_142014.csv","27742"
"C:\Users\trent\OneDrive\Documents\EDGEIQ_PLATFORM\public\data\market_snapshots\market_snapshot_20260528_142120.csv","27742"
"C:\Users\trent\OneDrive\Documents\EDGEIQ_PLATFORM\public\data\market_snapshots\market_snapshot_20260528_142226.csv","27742"
"C:\Users\trent\OneDrive\Documents\EDGEIQ_PLATFORM\public\data\market_snapshots\market_snapshot_20260528_142334.csv","27742"
"C:\Users\trent\OneDrive\Documents\EDGEIQ_PLATFORM\public\data\market_snapshots\market_snapshot_20260528_142442.csv","27742"
"C:\Users\trent\OneDrive\Documents\EDGEIQ_PLATFORM\public\data\market_snapshots\market_snapshot_20260528_142549.csv","27742"
"C:\Users\trent\OneDrive\Documents\EDGEIQ_PLATFORM\public\data\market_snapshots\market_snapshot_20260528_142655.csv","27739"
"C:\Users\trent\OneDrive\Documents\EDGEIQ_PLATFORM\public\data\market_snapshots\market_snapshot_20260528_142804.csv","27739"
"C:\Users\trent\OneDrive\Documents\EDGEIQ_PLATFORM\public\data\market_snapshots\market_snapshot_20260528_142912.csv","27739"
"C:\Users\trent\OneDrive\Documents\EDGEIQ_PLATFORM\public\data\market_snapshots\market_snapshot_20260528_143019.csv","27739"
"C:\Users\trent\OneDrive\Documents\EDGEIQ_PLATFORM\public\data\market_snapshots\market_snapshot_20260528_143128.csv","27730"
"C:\Users\trent\OneDrive\Documents\EDGEIQ_PLATFORM\public\data\market_snapshots\market_snapshot_20260528_143235.csv","27733"
"C:\Users\trent\OneDrive\Documents\EDGEIQ_PLATFORM\public\data\market_snapshots\market_snapshot_20260528_143343.csv","27739"
"C:\Users\trent\OneDrive\Documents\EDGEIQ_PLATFORM\public\data\market_snapshots\market_snapshot_20260528_143451.csv","27739"
"C:\Users\trent\OneDrive\Documents\EDGEIQ_PLATFORM\public\data\market_snapshots\market_snapshot_20260528_143556.csv","27739"
"C:\Users\trent\OneDrive\Documents\EDGEIQ_PLATFORM\public\data\market_snapshots\market_snapshot_20260528_143703.csv","27739"
"C:\Users\trent\OneDrive\Documents\EDGEIQ_PLATFORM\public\data\market_snapshots\market_snapshot_20260528_143812.csv","27739"
"C:\Users\trent\OneDrive\Documents\EDGEIQ_PLATFORM\public\data\market_snapshots\market_snapshot_20260528_143919.csv","27739"
"C:\Users\trent\OneDrive\Documents\EDGEIQ_PLATFORM\public\data\market_snapshots\market_snapshot_20260528_144026.csv","27739"
"C:\Users\trent\OneDrive\Documents\EDGEIQ_PLATFORM\public\data\market_snapshots\market_snapshot_20260528_144133.csv","27739"
"C:\Users\trent\OneDrive\Documents\EDGEIQ_PLATFORM\public\data\market_snapshots\market_snapshot_20260528_144241.csv","27751"
"C:\Users\trent\OneDrive\Documents\EDGEIQ_PLATFORM\public\data\market_snapshots\market_snapshot_20260528_144348.csv","27751"
"C:\Users\trent\OneDrive\Documents\EDGEIQ_PLATFORM\public\data\market_snapshots\market_snapshot_20260528_144454.csv","27751"
"C:\Users\trent\OneDrive\Documents\EDGEIQ_PLATFORM\public\data\market_snapshots\market_snapshot_20260528_144600.csv","27751"
"C:\Users\trent\OneDrive\Documents\EDGEIQ_PLATFORM\public\data\market_snapshots\market_snapshot_20260528_144710.csv","27754"
"C:\Users\trent\OneDrive\Documents\EDGEIQ_PLATFORM\public\data\market_snapshots\market_snapshot_20260528_144818.csv","27754"
"C:\Users\trent\OneDrive\Documents\EDGEIQ_PLATFORM\public\data\market_snapshots\market_snapshot_20260528_144925.csv","27754"
"C:\Users\trent\OneDrive\Documents\EDGEIQ_PLATFORM\public\data\market_snapshots\market_snapshot_20260528_145035.csv","27754"
"C:\Users\trent\OneDrive\Documents\EDGEIQ_PLATFORM\public\data\market_snapshots\market_snapshot_20260528_145143.csv","27757"
"C:\Users\trent\OneDrive\Documents\EDGEIQ_PLATFORM\public\data\market_snapshots\market_snapshot_20260528_145250.csv","27757"
"C:\Users\trent\OneDrive\Documents\EDGEIQ_PLATFORM\public\data\market_snapshots\market_snapshot_20260528_145356.csv","27760"
"C:\Users\trent\OneDrive\Documents\EDGEIQ_PLATFORM\public\data\market_snapshots\market_snapshot_20260528_145504.csv","27760"
"C:\Users\trent\OneDrive\Documents\EDGEIQ_PLATFORM\public\data\market_snapshots\market_snapshot_20260528_145613.csv","27763"
"C:\Users\trent\OneDrive\Documents\EDGEIQ_PLATFORM\public\data\market_snapshots\market_snapshot_20260528_145721.csv","27757"
"C:\Users\trent\OneDrive\Documents\EDGEIQ_PLATFORM\public\data\market_snapshots\market_snapshot_20260528_145828.csv","27760"
"C:\Users\trent\OneDrive\Documents\EDGEIQ_PLATFORM\public\data\market_snapshots\market_snapshot_20260528_145934.csv","27760"
"C:\Users\trent\OneDrive\Documents\EDGEIQ_PLATFORM\public\data\market_snapshots\market_snapshot_20260528_150040.csv","27760"
"C:\Users\trent\OneDrive\Documents\EDGEIQ_PLATFORM\public\data\market_snapshots\market_snapshot_20260528_150146.csv","27757"
"C:\Users\trent\OneDrive\Documents\EDGEIQ_PLATFORM\public\data\market_snapshots\market_snapshot_20260528_150252.csv","27757"
"C:\Users\trent\OneDrive\Documents\EDGEIQ_PLATFORM\public\data\market_snapshots\market_snapshot_20260528_150359.csv","27754"
"C:\Users\trent\OneDrive\Documents\EDGEIQ_PLATFORM\public\data\market_snapshots\market_snapshot_20260528_150507.csv","27754"
"C:\Users\trent\OneDrive\Documents\EDGEIQ_PLATFORM\public\data\market_snapshots\market_snapshot_20260528_150613.csv","27343"
"C:\Users\trent\OneDrive\Documents\EDGEIQ_PLATFORM\public\data\market_snapshots\market_snapshot_20260528_150720.csv","27343"
"C:\Users\trent\OneDrive\Documents\EDGEIQ_PLATFORM\public\data\market_snapshots\market_snapshot_20260528_150828.csv","27343"
"C:\Users\trent\OneDrive\Documents\EDGEIQ_PLATFORM\public\data\market_snapshots\market_snapshot_20260528_150935.csv","27343"
"C:\Users\trent\OneDrive\Documents\EDGEIQ_PLATFORM\public\data\market_snapshots\market_snapshot_20260528_151042.csv","27343"
"C:\Users\trent\OneDrive\Documents\EDGEIQ_PLATFORM\public\data\market_snapshots\market_snapshot_20260528_151149.csv","27343"
"C:\Users\trent\OneDrive\Documents\EDGEIQ_PLATFORM\public\data\market_snapshots\market_snapshot_20260528_151256.csv","27343"
"C:\Users\trent\OneDrive\Documents\EDGEIQ_PLATFORM\public\data\market_snapshots\market_snapshot_20260528_151404.csv","27343"
"C:\Users\trent\OneDrive\Documents\EDGEIQ_PLATFORM\public\data\market_snapshots\market_snapshot_20260528_151512.csv","27343"
"C:\Users\trent\OneDrive\Documents\EDGEIQ_PLATFORM\public\data\market_snapshots\market_snapshot_20260528_151619.csv","27343"
"C:\Users\trent\OneDrive\Documents\EDGEIQ_PLATFORM\public\data\market_snapshots\market_snapshot_20260528_151726.csv","27343"
"C:\Users\trent\OneDrive\Documents\EDGEIQ_PLATFORM\public\data\market_snapshots\market_snapshot_20260528_151831.csv","27343"
"C:\Users\trent\OneDrive\Documents\EDGEIQ_PLATFORM\public\data\market_snapshots\market_snapshot_20260528_151939.csv","27343"
"C:\Users\trent\OneDrive\Documents\EDGEIQ_PLATFORM\public\data\market_snapshots\market_snapshot_20260528_152046.csv","27343"
"C:\Users\trent\OneDrive\Documents\EDGEIQ_PLATFORM\public\data\market_snapshots\market_snapshot_20260528_152152.csv","27343"
"C:\Users\trent\OneDrive\Documents\EDGEIQ_PLATFORM\public\data\market_snapshots\market_snapshot_20260528_152258.csv","27343"
"C:\Users\trent\OneDrive\Documents\EDGEIQ_PLATFORM\public\data\market_snapshots\market_snapshot_20260528_152406.csv","27343"
"C:\Users\trent\OneDrive\Documents\EDGEIQ_PLATFORM\public\data\market_snapshots\market_snapshot_20260528_152514.csv","27343"
"C:\Users\trent\OneDrive\Documents\EDGEIQ_PLATFORM\public\data\market_snapshots\market_snapshot_20260528_152620.csv","27343"
"C:\Users\trent\OneDrive\Documents\EDGEIQ_PLATFORM\public\data\market_snapshots\market_snapshot_20260528_152727.csv","27343"
"C:\Users\trent\OneDrive\Documents\EDGEIQ_PLATFORM\public\data\market_snapshots\market_snapshot_20260528_152834.csv","27467"
"C:\Users\trent\OneDrive\Documents\EDGEIQ_PLATFORM\public\data\market_snapshots\market_snapshot_20260528_152940.csv","27479"
"C:\Users\trent\OneDrive\Documents\EDGEIQ_PLATFORM\public\data\market_snapshots\market_snapshot_20260528_153047.csv","27497"
"C:\Users\trent\OneDrive\Documents\EDGEIQ_PLATFORM\public\data\market_snapshots\market_snapshot_20260528_153153.csv","27497"
"C:\Users\trent\OneDrive\Documents\EDGEIQ_PLATFORM\public\data\market_snapshots\market_snapshot_20260528_153304.csv","27348"
"C:\Users\trent\OneDrive\Documents\EDGEIQ_PLATFORM\public\data\market_snapshots\market_snapshot_20260528_153411.csv","27350"
"C:\Users\trent\OneDrive\Documents\EDGEIQ_PLATFORM\public\data\market_snapshots\market_snapshot_20260528_153518.csv","27350"
"C:\Users\trent\OneDrive\Documents\EDGEIQ_PLATFORM\public\data\market_snapshots\market_snapshot_20260528_153626.csv","27350"
"C:\Users\trent\OneDrive\Documents\EDGEIQ_PLATFORM\public\data\market_snapshots\market_snapshot_20260528_153733.csv","27350"
"C:\Users\trent\OneDrive\Documents\EDGEIQ_PLATFORM\public\data\market_snapshots\market_snapshot_20260528_153839.csv","27350"
"C:\Users\trent\OneDrive\Documents\EDGEIQ_PLATFORM\public\data\market_snapshots\market_snapshot_20260528_153944.csv","27350"
"C:\Users\trent\OneDrive\Documents\EDGEIQ_PLATFORM\public\data\market_snapshots\market_snapshot_20260528_154050.csv","27352"
"C:\Users\trent\OneDrive\Documents\EDGEIQ_PLATFORM\public\data\market_snapshots\market_snapshot_20260528_154156.csv","27352"
"C:\Users\trent\OneDrive\Documents\EDGEIQ_PLATFORM\public\data\market_snapshots\market_snapshot_20260528_154301.csv","27353"
"C:\Users\trent\OneDrive\Documents\EDGEIQ_PLATFORM\public\data\market_snapshots\market_snapshot_20260528_154407.csv","27353"
"C:\Users\trent\OneDrive\Documents\EDGEIQ_PLATFORM\public\data\market_snapshots\market_snapshot_20260528_154512.csv","27353"
"C:\Users\trent\OneDrive\Documents\EDGEIQ_PLATFORM\public\data\market_snapshots\market_snapshot_20260528_154617.csv","27339"
"C:\Users\trent\OneDrive\Documents\EDGEIQ_PLATFORM\public\data\market_snapshots\market_snapshot_20260528_154722.csv","27337"
"C:\Users\trent\OneDrive\Documents\EDGEIQ_PLATFORM\public\data\market_snapshots\market_snapshot_20260528_154828.csv","27337"
"C:\Users\trent\OneDrive\Documents\EDGEIQ_PLATFORM\public\data\market_snapshots\market_snapshot_20260528_154934.csv","27337"
"C:\Users\trent\OneDrive\Documents\EDGEIQ_PLATFORM\public\data\market_snapshots\market_snapshot_20260528_155040.csv","27350"
"C:\Users\trent\OneDrive\Documents\EDGEIQ_PLATFORM\public\data\market_snapshots\market_snapshot_20260528_155145.csv","27348"
"C:\Users\trent\OneDrive\Documents\EDGEIQ_PLATFORM\public\data\market_snapshots\market_snapshot_20260528_155251.csv","27336"
"C:\Users\trent\OneDrive\Documents\EDGEIQ_PLATFORM\public\data\market_snapshots\market_snapshot_20260528_155356.csv","27336"
"C:\Users\trent\OneDrive\Documents\EDGEIQ_PLATFORM\public\data\market_snapshots\market_snapshot_20260528_155502.csv","27336"
"C:\Users\trent\OneDrive\Documents\EDGEIQ_PLATFORM\public\data\market_snapshots\market_snapshot_20260528_155649.csv","27052"
"C:\Users\trent\OneDrive\Documents\EDGEIQ_PLATFORM\public\data\market_snapshots\market_snapshot_20260528_155753.csv","27052"
"C:\Users\trent\OneDrive\Documents\EDGEIQ_PLATFORM\public\data\market_snapshots\market_snapshot_20260528_155856.csv","27052"
"C:\Users\trent\OneDrive\Documents\EDGEIQ_PLATFORM\public\data\market_snapshots\market_snapshot_20260528_160000.csv","27052"
"C:\Users\trent\OneDrive\Documents\EDGEIQ_PLATFORM\public\data\market_snapshots\market_snapshot_20260528_160103.csv","27052"
"C:\Users\trent\OneDrive\Documents\EDGEIQ_PLATFORM\public\data\market_snapshots\market_snapshot_20260528_160207.csv","27052"
"C:\Users\trent\OneDrive\Documents\EDGEIQ_PLATFORM\public\data\market_snapshots\market_snapshot_20260528_160310.csv","27052"
"C:\Users\trent\OneDrive\Documents\EDGEIQ_PLATFORM\public\data\market_snapshots\market_snapshot_20260528_160414.csv","27052"
"C:\Users\trent\OneDrive\Documents\EDGEIQ_PLATFORM\public\data\market_snapshots\market_snapshot_20260528_160517.csv","27052"
"C:\Users\trent\OneDrive\Documents\EDGEIQ_PLATFORM\public\data\market_snapshots\market_snapshot_20260528_160621.csv","27052"
"C:\Users\trent\OneDrive\Documents\EDGEIQ_PLATFORM\public\data\market_snapshots\market_snapshot_20260528_160725.csv","27052"
"C:\Users\trent\OneDrive\Documents\EDGEIQ_PLATFORM\public\data\market_snapshots\market_snapshot_20260528_160828.csv","27052"
"C:\Users\trent\OneDrive\Documents\EDGEIQ_PLATFORM\public\data\market_snapshots\market_snapshot_20260528_160932.csv","27052"
"C:\Users\trent\OneDrive\Documents\EDGEIQ_PLATFORM\public\data\market_snapshots\market_snapshot_20260528_161035.csv","27052"
"C:\Users\trent\OneDrive\Documents\EDGEIQ_PLATFORM\public\data\market_snapshots\market_snapshot_20260528_161139.csv","27052"
"C:\Users\trent\OneDrive\Documents\EDGEIQ_PLATFORM\public\data\market_snapshots\market_snapshot_20260528_161243.csv","27052"
"C:\Users\trent\OneDrive\Documents\EDGEIQ_PLATFORM\public\data\market_snapshots\market_snapshot_20260528_161346.csv","27052"
"C:\Users\trent\OneDrive\Documents\EDGEIQ_PLATFORM\public\data\market_snapshots\market_snapshot_20260528_161450.csv","27052"
"C:\Users\trent\OneDrive\Documents\EDGEIQ_PLATFORM\public\data\market_snapshots\market_snapshot_20260528_161553.csv","27052"
"C:\Users\trent\OneDrive\Documents\EDGEIQ_PLATFORM\public\data\market_snapshots\market_snapshot_20260528_161657.csv","27052"
"C:\Users\trent\OneDrive\Documents\EDGEIQ_PLATFORM\public\data\market_snapshots\market_snapshot_20260528_161801.csv","27052"
"C:\Users\trent\OneDrive\Documents\EDGEIQ_PLATFORM\public\data\market_snapshots\market_snapshot_20260528_161905.csv","27052"
"C:\Users\trent\OneDrive\Documents\EDGEIQ_PLATFORM\public\data\market_snapshots\market_snapshot_20260528_162008.csv","27052"
"C:\Users\trent\OneDrive\Documents\EDGEIQ_PLATFORM\public\data\market_snapshots\market_snapshot_20260528_162112.csv","27052"
"C:\Users\trent\OneDrive\Documents\EDGEIQ_PLATFORM\public\data\market_snapshots\market_snapshot_20260528_162216.csv","27052"
"C:\Users\trent\OneDrive\Documents\EDGEIQ_PLATFORM\public\data\market_snapshots\market_snapshot_20260528_162319.csv","27052"
"C:\Users\trent\OneDrive\Documents\EDGEIQ_PLATFORM\public\data\market_snapshots\market_snapshot_20260528_162423.csv","27052"
"C:\Users\trent\OneDrive\Documents\EDGEIQ_PLATFORM\public\data\market_snapshots\market_snapshot_20260528_162526.csv","27052"
"C:\Users\trent\OneDrive\Documents\EDGEIQ_PLATFORM\public\data\market_snapshots\market_snapshot_20260528_162630.csv","27052"
"C:\Users\trent\OneDrive\Documents\EDGEIQ_PLATFORM\public\data\market_snapshots\market_snapshot_20260528_162734.csv","27052"
"C:\Users\trent\OneDrive\Documents\EDGEIQ_PLATFORM\public\data\market_snapshots\market_snapshot_20260528_162837.csv","27052"
"C:\Users\trent\OneDrive\Documents\EDGEIQ_PLATFORM\public\data\market_snapshots\market_snapshot_20260528_162941.csv","27052"
"C:\Users\trent\OneDrive\Documents\EDGEIQ_PLATFORM\public\data\market_snapshots\market_snapshot_20260528_163045.csv","27052"
"C:\Users\trent\OneDrive\Documents\EDGEIQ_PLATFORM\public\data\market_snapshots\market_snapshot_20260528_163149.csv","27052"
"C:\Users\trent\OneDrive\Documents\EDGEIQ_PLATFORM\public\data\market_snapshots\market_snapshot_20260528_163252.csv","27052"
"C:\Users\trent\OneDrive\Documents\EDGEIQ_PLATFORM\public\data\market_snapshots\market_snapshot_20260528_163356.csv","27052"
"C:\Users\trent\OneDrive\Documents\EDGEIQ_PLATFORM\public\data\market_snapshots\market_snapshot_20260528_163500.csv","27052"
"C:\Users\trent\OneDrive\Documents\EDGEIQ_PLATFORM\public\data\market_snapshots\market_snapshot_20260528_163603.csv","27052"
"C:\Users\trent\OneDrive\Documents\EDGEIQ_PLATFORM\public\data\market_snapshots\market_snapshot_20260528_163707.csv","27052"
"C:\Users\trent\OneDrive\Documents\EDGEIQ_PLATFORM\public\data\market_snapshots\market_snapshot_20260528_163811.csv","27052"
"C:\Users\trent\OneDrive\Documents\EDGEIQ_PLATFORM\public\data\market_snapshots\market_snapshot_20260528_163915.csv","27052"
"C:\Users\trent\OneDrive\Documents\EDGEIQ_PLATFORM\public\data\market_snapshots\market_snapshot_20260528_164018.csv","27052"
"C:\Users\trent\OneDrive\Documents\EDGEIQ_PLATFORM\public\data\market_snapshots\market_snapshot_20260528_164122.csv","27052"
"C:\Users\trent\OneDrive\Documents\EDGEIQ_PLATFORM\public\data\market_snapshots\market_snapshot_20260528_164226.csv","27052"
"C:\Users\trent\OneDrive\Documents\EDGEIQ_PLATFORM\public\data\market_snapshots\market_snapshot_20260528_164330.csv","27052"
"C:\Users\trent\OneDrive\Documents\EDGEIQ_PLATFORM\public\data\market_snapshots\market_snapshot_20260528_164433.csv","27052"
"C:\Users\trent\OneDrive\Documents\EDGEIQ_PLATFORM\public\data\market_snapshots\market_snapshot_20260528_164537.csv","27052"
"C:\Users\trent\OneDrive\Documents\EDGEIQ_PLATFORM\public\data\market_snapshots\market_snapshot_20260528_164641.csv","27052"
"C:\Users\trent\OneDrive\Documents\EDGEIQ_PLATFORM\public\data\market_snapshots\market_snapshot_20260528_164745.csv","27052"
"C:\Users\trent\OneDrive\Documents\EDGEIQ_PLATFORM\public\data\market_snapshots\market_snapshot_20260528_164849.csv","27052"
"C:\Users\trent\OneDrive\Documents\EDGEIQ_PLATFORM\public\data\market_snapshots\market_snapshot_20260528_164953.csv","27052"
"C:\Users\trent\OneDrive\Documents\EDGEIQ_PLATFORM\public\data\market_snapshots\market_snapshot_20260528_165058.csv","27052"
"C:\Users\trent\OneDrive\Documents\EDGEIQ_PLATFORM\public\data\market_snapshots\market_snapshot_20260528_165203.csv","27052"
"C:\Users\trent\OneDrive\Documents\EDGEIQ_PLATFORM\public\data\market_snapshots\market_snapshot_20260528_165307.csv","27052"
"C:\Users\trent\OneDrive\Documents\EDGEIQ_PLATFORM\public\data\market_snapshots\market_snapshot_20260528_165412.csv","27052"
"C:\Users\trent\OneDrive\Documents\EDGEIQ_PLATFORM\public\data\market_snapshots\market_snapshot_20260528_165516.csv","27052"
"C:\Users\trent\OneDrive\Documents\EDGEIQ_PLATFORM\public\data\market_snapshots\market_snapshot_20260528_165621.csv","27052"
"C:\Users\trent\OneDrive\Documents\EDGEIQ_PLATFORM\public\data\market_snapshots\market_snapshot_20260528_165725.csv","27052"
"C:\Users\trent\OneDrive\Documents\EDGEIQ_PLATFORM\public\data\market_snapshots\market_snapshot_20260528_165830.csv","27052"
"C:\Users\trent\OneDrive\Documents\EDGEIQ_PLATFORM\public\data\market_snapshots\market_snapshot_20260528_165934.csv","27052"
"C:\Users\trent\OneDrive\Documents\EDGEIQ_PLATFORM\public\data\market_snapshots\market_snapshot_20260528_170039.csv","27052"
"C:\Users\trent\OneDrive\Documents\EDGEIQ_PLATFORM\public\data\market_snapshots\market_snapshot_20260528_170143.csv","27052"
"C:\Users\trent\OneDrive\Documents\EDGEIQ_PLATFORM\public\data\market_snapshots\market_snapshot_20260528_170247.csv","27052"
"C:\Users\trent\OneDrive\Documents\EDGEIQ_PLATFORM\public\data\market_snapshots\market_snapshot_20260528_170352.csv","27052"
"C:\Users\trent\OneDrive\Documents\EDGEIQ_PLATFORM\public\data\market_snapshots\market_snapshot_20260528_170457.csv","27052"
"C:\Users\trent\OneDrive\Documents\EDGEIQ_PLATFORM\public\data\market_snapshots\market_snapshot_20260528_170602.csv","27052"
"C:\Users\trent\OneDrive\Documents\EDGEIQ_PLATFORM\public\data\market_snapshots\market_snapshot_20260528_170707.csv","27052"
"C:\Users\trent\OneDrive\Documents\EDGEIQ_PLATFORM\public\data\market_snapshots\market_snapshot_20260528_170811.csv","27052"
"C:\Users\trent\OneDrive\Documents\EDGEIQ_PLATFORM\public\data\market_snapshots\market_snapshot_20260528_170916.csv","27052"
"C:\Users\trent\OneDrive\Documents\EDGEIQ_PLATFORM\public\data\market_snapshots\market_snapshot_20260528_171021.csv","27052"
"C:\Users\trent\OneDrive\Documents\EDGEIQ_PLATFORM\public\data\market_snapshots\market_snapshot_20260528_171125.csv","27052"
"C:\Users\trent\OneDrive\Documents\EDGEIQ_PLATFORM\public\data\market_snapshots\market_snapshot_20260528_171230.csv","27052"
"C:\Users\trent\OneDrive\Documents\EDGEIQ_PLATFORM\public\data\market_snapshots\market_snapshot_20260528_171335.csv","27052"
"C:\Users\trent\OneDrive\Documents\EDGEIQ_PLATFORM\public\data\market_snapshots\market_snapshot_20260528_171439.csv","27052"
"C:\Users\trent\OneDrive\Documents\EDGEIQ_PLATFORM\public\data\market_snapshots\market_snapshot_20260528_171544.csv","27052"
"C:\Users\trent\OneDrive\Documents\EDGEIQ_PLATFORM\public\data\market_snapshots\market_snapshot_20260528_171648.csv","27052"
"C:\Users\trent\OneDrive\Documents\EDGEIQ_PLATFORM\public\data\market_snapshots\market_snapshot_20260528_171753.csv","27052"
"C:\Users\trent\OneDrive\Documents\EDGEIQ_PLATFORM\public\data\market_snapshots\market_snapshot_20260528_171858.csv","27052"
"C:\Users\trent\OneDrive\Documents\EDGEIQ_PLATFORM\public\data\market_snapshots\market_snapshot_20260528_172002.csv","27052"
"C:\Users\trent\OneDrive\Documents\EDGEIQ_PLATFORM\public\data\market_snapshots\market_snapshot_20260528_172107.csv","27052"
"C:\Users\trent\OneDrive\Documents\EDGEIQ_PLATFORM\public\data\market_snapshots\market_snapshot_20260528_172212.csv","27052"
"C:\Users\trent\OneDrive\Documents\EDGEIQ_PLATFORM\public\data\market_snapshots\market_snapshot_20260528_172316.csv","27052"
"C:\Users\trent\OneDrive\Documents\EDGEIQ_PLATFORM\public\data\market_snapshots\market_snapshot_20260528_172421.csv","27052"
"C:\Users\trent\OneDrive\Documents\EDGEIQ_PLATFORM\public\data\market_snapshots\market_snapshot_20260528_172525.csv","27052"
"C:\Users\trent\OneDrive\Documents\EDGEIQ_PLATFORM\public\data\market_snapshots\market_snapshot_20260528_172630.csv","27052"
"C:\Users\trent\OneDrive\Documents\EDGEIQ_PLATFORM\public\data\market_snapshots\market_snapshot_20260528_172734.csv","27052"
"C:\Users\trent\OneDrive\Documents\EDGEIQ_PLATFORM\public\data\market_snapshots\market_snapshot_20260528_172839.csv","27052"
"C:\Users\trent\OneDrive\Documents\EDGEIQ_PLATFORM\public\data\market_snapshots\market_snapshot_20260528_172944.csv","27052"
"C:\Users\trent\OneDrive\Documents\EDGEIQ_PLATFORM\public\data\market_snapshots\market_snapshot_20260528_173049.csv","27052"
"C:\Users\trent\OneDrive\Documents\EDGEIQ_PLATFORM\public\data\market_snapshots\market_snapshot_20260528_173153.csv","27052"
"C:\Users\trent\OneDrive\Documents\EDGEIQ_PLATFORM\public\data\market_snapshots\market_snapshot_20260528_173258.csv","27052"
"C:\Users\trent\OneDrive\Documents\EDGEIQ_PLATFORM\public\data\market_snapshots\market_snapshot_20260528_173403.csv","27052"
"C:\Users\trent\OneDrive\Documents\EDGEIQ_PLATFORM\public\data\market_snapshots\market_snapshot_20260528_173507.csv","27052"
"C:\Users\trent\OneDrive\Documents\EDGEIQ_PLATFORM\public\data\market_snapshots\market_snapshot_20260528_173612.csv","27052"
"C:\Users\trent\OneDrive\Documents\EDGEIQ_PLATFORM\public\data\market_snapshots\market_snapshot_20260528_173716.csv","27052"
"C:\Users\trent\OneDrive\Documents\EDGEIQ_PLATFORM\public\data\market_snapshots\market_snapshot_20260528_173821.csv","27052"
"C:\Users\trent\OneDrive\Documents\EDGEIQ_PLATFORM\public\data\market_snapshots\market_snapshot_20260528_173926.csv","27052"
"C:\Users\trent\OneDrive\Documents\EDGEIQ_PLATFORM\public\data\market_snapshots\market_snapshot_20260528_174031.csv","27052"
"C:\Users\trent\OneDrive\Documents\EDGEIQ_PLATFORM\public\data\market_snapshots\market_snapshot_20260528_174136.csv","27052"
"C:\Users\trent\OneDrive\Documents\EDGEIQ_PLATFORM\public\data\market_snapshots\market_snapshot_20260528_174240.csv","27052"
"C:\Users\trent\OneDrive\Documents\EDGEIQ_PLATFORM\public\data\market_snapshots\market_snapshot_20260528_174345.csv","27052"
"C:\Users\trent\OneDrive\Documents\EDGEIQ_PLATFORM\public\data\market_snapshots\market_snapshot_20260528_174450.csv","27052"
"C:\Users\trent\OneDrive\Documents\EDGEIQ_PLATFORM\public\data\market_snapshots\market_snapshot_20260528_174554.csv","27052"
"C:\Users\trent\OneDrive\Documents\EDGEIQ_PLATFORM\public\data\market_snapshots\market_snapshot_20260528_174659.csv","27052"
"C:\Users\trent\OneDrive\Documents\EDGEIQ_PLATFORM\public\data\market_snapshots\market_snapshot_20260528_174804.csv","27052"
"C:\Users\trent\OneDrive\Documents\EDGEIQ_PLATFORM\public\data\market_snapshots\market_snapshot_20260528_174909.csv","27052"
"C:\Users\trent\OneDrive\Documents\EDGEIQ_PLATFORM\public\data\market_snapshots\market_snapshot_20260528_175013.csv","27052"
"C:\Users\trent\OneDrive\Documents\EDGEIQ_PLATFORM\public\data\market_snapshots\market_snapshot_20260528_175118.csv","27052"
"C:\Users\trent\OneDrive\Documents\EDGEIQ_PLATFORM\public\data\market_snapshots\market_snapshot_20260528_175223.csv","27052"
"C:\Users\trent\OneDrive\Documents\EDGEIQ_PLATFORM\public\data\market_snapshots\market_snapshot_20260528_175327.csv","27052"
"C:\Users\trent\OneDrive\Documents\EDGEIQ_PLATFORM\public\data\market_snapshots\market_snapshot_20260528_175432.csv","27052"
"C:\Users\trent\OneDrive\Documents\EDGEIQ_PLATFORM\public\data\market_snapshots\market_snapshot_20260528_175536.csv","27052"
"C:\Users\trent\OneDrive\Documents\EDGEIQ_PLATFORM\public\data\market_snapshots\market_snapshot_20260528_175641.csv","27052"
"C:\Users\trent\OneDrive\Documents\EDGEIQ_PLATFORM\public\data\market_snapshots\market_snapshot_20260528_175746.csv","27052"
"C:\Users\trent\OneDrive\Documents\EDGEIQ_PLATFORM\public\data\market_snapshots\market_snapshot_20260528_175851.csv","27052"
"C:\Users\trent\OneDrive\Documents\EDGEIQ_PLATFORM\public\data\market_snapshots\market_snapshot_20260528_175956.csv","27052"
"C:\Users\trent\OneDrive\Documents\EDGEIQ_PLATFORM\public\data\market_snapshots\market_snapshot_20260528_180101.csv","27052"
"C:\Users\trent\OneDrive\Documents\EDGEIQ_PLATFORM\public\data\market_snapshots\market_snapshot_20260528_180205.csv","27052"
"C:\Users\trent\OneDrive\Documents\EDGEIQ_PLATFORM\public\data\market_snapshots\market_snapshot_20260528_180310.csv","27052"
"C:\Users\trent\OneDrive\Documents\EDGEIQ_PLATFORM\public\data\market_snapshots\market_snapshot_20260528_180415.csv","27052"
"C:\Users\trent\OneDrive\Documents\EDGEIQ_PLATFORM\public\data\market_snapshots\market_snapshot_20260528_180519.csv","27052"
"C:\Users\trent\OneDrive\Documents\EDGEIQ_PLATFORM\public\data\market_snapshots\market_snapshot_20260528_180624.csv","27052"
"C:\Users\trent\OneDrive\Documents\EDGEIQ_PLATFORM\public\data\market_snapshots\market_snapshot_20260528_180729.csv","27052"
"C:\Users\trent\OneDrive\Documents\EDGEIQ_PLATFORM\public\data\market_snapshots\market_snapshot_20260528_180834.csv","27052"
"C:\Users\trent\OneDrive\Documents\EDGEIQ_PLATFORM\public\data\market_snapshots\market_snapshot_20260528_180938.csv","27052"
"C:\Users\trent\OneDrive\Documents\EDGEIQ_PLATFORM\public\data\market_snapshots\market_snapshot_20260528_181043.csv","27052"
"C:\Users\trent\OneDrive\Documents\EDGEIQ_PLATFORM\public\data\market_snapshots\market_snapshot_20260528_181148.csv","27052"
"C:\Users\trent\OneDrive\Documents\EDGEIQ_PLATFORM\public\data\market_snapshots\market_snapshot_20260528_181253.csv","27052"
"C:\Users\trent\OneDrive\Documents\EDGEIQ_PLATFORM\public\data\market_snapshots\market_snapshot_20260528_181358.csv","27052"
"C:\Users\trent\OneDrive\Documents\EDGEIQ_PLATFORM\public\data\market_snapshots\market_snapshot_20260528_181502.csv","27052"
"C:\Users\trent\OneDrive\Documents\EDGEIQ_PLATFORM\public\data\market_snapshots\market_snapshot_20260528_181607.csv","27052"
"C:\Users\trent\OneDrive\Documents\EDGEIQ_PLATFORM\public\data\market_snapshots\market_snapshot_20260528_181712.csv","27052"
"C:\Users\trent\OneDrive\Documents\EDGEIQ_PLATFORM\public\data\market_snapshots\market_snapshot_20260528_181817.csv","27052"
"C:\Users\trent\OneDrive\Documents\EDGEIQ_PLATFORM\public\data\market_snapshots\market_snapshot_20260528_181922.csv","27052"
"C:\Users\trent\OneDrive\Documents\EDGEIQ_PLATFORM\public\data\market_snapshots\market_snapshot_20260528_182026.csv","27052"
"C:\Users\trent\OneDrive\Documents\EDGEIQ_PLATFORM\public\data\market_snapshots\market_snapshot_20260528_182131.csv","27052"
"C:\Users\trent\OneDrive\Documents\EDGEIQ_PLATFORM\public\data\market_snapshots\market_snapshot_20260528_182236.csv","27052"
"C:\Users\trent\OneDrive\Documents\EDGEIQ_PLATFORM\public\data\market_snapshots\market_snapshot_20260528_182341.csv","27052"
"C:\Users\trent\OneDrive\Documents\EDGEIQ_PLATFORM\public\data\market_snapshots\market_snapshot_20260528_182445.csv","27052"
"C:\Users\trent\OneDrive\Documents\EDGEIQ_PLATFORM\public\data\market_snapshots\market_snapshot_20260528_182550.csv","27052"
"C:\Users\trent\OneDrive\Documents\EDGEIQ_PLATFORM\public\data\market_snapshots\market_snapshot_20260528_182655.csv","27052"
"C:\Users\trent\OneDrive\Documents\EDGEIQ_PLATFORM\public\data\market_snapshots\market_snapshot_20260528_182759.csv","27052"
"C:\Users\trent\OneDrive\Documents\EDGEIQ_PLATFORM\public\data\market_snapshots\market_snapshot_20260528_182904.csv","27052"
"C:\Users\trent\OneDrive\Documents\EDGEIQ_PLATFORM\public\data\market_snapshots\market_snapshot_20260528_183009.csv","27052"
"C:\Users\trent\OneDrive\Documents\EDGEIQ_PLATFORM\public\data\market_snapshots\market_snapshot_20260528_183114.csv","27052"
"C:\Users\trent\OneDrive\Documents\EDGEIQ_PLATFORM\public\data\market_snapshots\market_snapshot_20260528_183218.csv","27052"
"C:\Users\trent\OneDrive\Documents\EDGEIQ_PLATFORM\public\data\market_snapshots\market_snapshot_20260528_183323.csv","27052"
"C:\Users\trent\OneDrive\Documents\EDGEIQ_PLATFORM\public\data\market_snapshots\market_snapshot_20260528_183428.csv","27052"
"C:\Users\trent\OneDrive\Documents\EDGEIQ_PLATFORM\public\data\market_snapshots\market_snapshot_20260528_183532.csv","27052"
"C:\Users\trent\OneDrive\Documents\EDGEIQ_PLATFORM\public\data\market_snapshots\market_snapshot_20260528_183637.csv","27052"
"C:\Users\trent\OneDrive\Documents\EDGEIQ_PLATFORM\public\data\market_snapshots\market_snapshot_20260528_183742.csv","27052"
"C:\Users\trent\OneDrive\Documents\EDGEIQ_PLATFORM\public\data\market_snapshots\market_snapshot_20260528_183847.csv","27052"
"C:\Users\trent\OneDrive\Documents\EDGEIQ_PLATFORM\public\data\market_snapshots\market_snapshot_20260528_183952.csv","27052"
"C:\Users\trent\OneDrive\Documents\EDGEIQ_PLATFORM\public\data\market_snapshots\market_snapshot_20260528_184057.csv","27052"
"C:\Users\trent\OneDrive\Documents\EDGEIQ_PLATFORM\public\data\market_snapshots\market_snapshot_20260528_184202.csv","27052"
"C:\Users\trent\OneDrive\Documents\EDGEIQ_PLATFORM\public\data\market_snapshots\market_snapshot_20260528_184307.csv","27052"
"C:\Users\trent\OneDrive\Documents\EDGEIQ_PLATFORM\public\data\market_snapshots\market_snapshot_20260528_184412.csv","27052"
"C:\Users\trent\OneDrive\Documents\EDGEIQ_PLATFORM\public\data\market_snapshots\market_snapshot_20260528_184517.csv","27052"
"C:\Users\trent\OneDrive\Documents\EDGEIQ_PLATFORM\public\data\market_snapshots\market_snapshot_20260528_184621.csv","27052"
"C:\Users\trent\OneDrive\Documents\EDGEIQ_PLATFORM\public\data\market_snapshots\market_snapshot_20260528_184726.csv","27052"
"C:\Users\trent\OneDrive\Documents\EDGEIQ_PLATFORM\public\data\market_snapshots\market_snapshot_20260528_184831.csv","27052"
"C:\Users\trent\OneDrive\Documents\EDGEIQ_PLATFORM\public\data\market_snapshots\market_snapshot_20260528_184936.csv","27052"
"C:\Users\trent\OneDrive\Documents\EDGEIQ_PLATFORM\public\data\market_snapshots\market_snapshot_20260528_185041.csv","27052"
"C:\Users\trent\OneDrive\Documents\EDGEIQ_PLATFORM\public\data\market_snapshots\market_snapshot_20260528_185146.csv","27052"
"C:\Users\trent\OneDrive\Documents\EDGEIQ_PLATFORM\public\data\market_snapshots\market_snapshot_20260528_185250.csv","27052"
"C:\Users\trent\OneDrive\Documents\EDGEIQ_PLATFORM\public\data\market_snapshots\market_snapshot_20260528_185356.csv","27052"
"C:\Users\trent\OneDrive\Documents\EDGEIQ_PLATFORM\public\data\market_snapshots\market_snapshot_20260528_185500.csv","27052"
"C:\Users\trent\OneDrive\Documents\EDGEIQ_PLATFORM\public\data\market_snapshots\market_snapshot_20260528_185605.csv","27052"
"C:\Users\trent\OneDrive\Documents\EDGEIQ_PLATFORM\public\data\market_snapshots\market_snapshot_20260528_185710.csv","27052"
"C:\Users\trent\OneDrive\Documents\EDGEIQ_PLATFORM\public\data\market_snapshots\market_snapshot_20260528_185815.csv","27052"
"C:\Users\trent\OneDrive\Documents\EDGEIQ_PLATFORM\public\data\market_snapshots\market_snapshot_20260528_185920.csv","27052"
"C:\Users\trent\OneDrive\Documents\EDGEIQ_PLATFORM\public\data\market_snapshots\market_snapshot_20260528_190025.csv","27052"
"C:\Users\trent\OneDrive\Documents\EDGEIQ_PLATFORM\public\data\market_snapshots\market_snapshot_20260528_190130.csv","27052"
"C:\Users\trent\OneDrive\Documents\EDGEIQ_PLATFORM\public\data\market_snapshots\market_snapshot_20260528_190235.csv","27052"
"C:\Users\trent\OneDrive\Documents\EDGEIQ_PLATFORM\public\data\market_snapshots\market_snapshot_20260528_190340.csv","27052"
"C:\Users\trent\OneDrive\Documents\EDGEIQ_PLATFORM\public\data\market_snapshots\market_snapshot_20260528_190445.csv","27052"
"C:\Users\trent\OneDrive\Documents\EDGEIQ_PLATFORM\public\data\market_snapshots\market_snapshot_20260528_190549.csv","27052"
"C:\Users\trent\OneDrive\Documents\EDGEIQ_PLATFORM\public\data\market_snapshots\market_snapshot_20260528_190654.csv","27052"
"C:\Users\trent\OneDrive\Documents\EDGEIQ_PLATFORM\public\data\market_snapshots\market_snapshot_20260528_190759.csv","27052"
"C:\Users\trent\OneDrive\Documents\EDGEIQ_PLATFORM\public\data\market_snapshots\market_snapshot_20260528_190904.csv","27052"
"C:\Users\trent\OneDrive\Documents\EDGEIQ_PLATFORM\public\data\market_snapshots\market_snapshot_20260528_191009.csv","27052"
"C:\Users\trent\OneDrive\Documents\EDGEIQ_PLATFORM\public\data\market_snapshots\market_snapshot_20260528_191115.csv","27052"
"C:\Users\trent\OneDrive\Documents\EDGEIQ_PLATFORM\public\data\market_snapshots\market_snapshot_20260528_191220.csv","27052"
"C:\Users\trent\OneDrive\Documents\EDGEIQ_PLATFORM\public\data\market_snapshots\market_snapshot_20260528_191324.csv","27052"
"C:\Users\trent\OneDrive\Documents\EDGEIQ_PLATFORM\public\data\market_snapshots\market_snapshot_20260528_191430.csv","27052"
"C:\Users\trent\OneDrive\Documents\EDGEIQ_PLATFORM\public\data\market_snapshots\market_snapshot_20260528_191535.csv","27052"
"C:\Users\trent\OneDrive\Documents\EDGEIQ_PLATFORM\public\data\market_snapshots\market_snapshot_20260528_191639.csv","27052"
"C:\Users\trent\OneDrive\Documents\EDGEIQ_PLATFORM\public\data\market_snapshots\market_snapshot_20260528_191744.csv","27052"
"C:\Users\trent\OneDrive\Documents\EDGEIQ_PLATFORM\public\data\market_snapshots\market_snapshot_20260528_191849.csv","27052"
"C:\Users\trent\OneDrive\Documents\EDGEIQ_PLATFORM\public\data\market_snapshots\market_snapshot_20260528_191954.csv","27052"
"C:\Users\trent\OneDrive\Documents\EDGEIQ_PLATFORM\public\data\market_snapshots\market_snapshot_20260528_192059.csv","27052"
"C:\Users\trent\OneDrive\Documents\EDGEIQ_PLATFORM\public\data\market_snapshots\market_snapshot_20260528_192204.csv","27052"
"C:\Users\trent\OneDrive\Documents\EDGEIQ_PLATFORM\public\data\market_snapshots\market_snapshot_20260528_192309.csv","27052"
"C:\Users\trent\OneDrive\Documents\EDGEIQ_PLATFORM\public\data\market_snapshots\market_snapshot_20260528_192414.csv","27052"
"C:\Users\trent\OneDrive\Documents\EDGEIQ_PLATFORM\public\data\market_snapshots\market_snapshot_20260528_192519.csv","27052"
"C:\Users\trent\OneDrive\Documents\EDGEIQ_PLATFORM\public\data\market_snapshots\market_snapshot_20260528_192625.csv","27052"
"C:\Users\trent\OneDrive\Documents\EDGEIQ_PLATFORM\public\data\market_snapshots\market_snapshot_20260528_192731.csv","27052"
"C:\Users\trent\OneDrive\Documents\EDGEIQ_PLATFORM\public\data\market_snapshots\market_snapshot_20260528_192836.csv","27052"
"C:\Users\trent\OneDrive\Documents\EDGEIQ_PLATFORM\public\data\market_snapshots\market_snapshot_20260528_192941.csv","27052"
"C:\Users\trent\OneDrive\Documents\EDGEIQ_PLATFORM\public\data\market_snapshots\market_snapshot_20260528_193046.csv","27052"
"C:\Users\trent\OneDrive\Documents\EDGEIQ_PLATFORM\public\data\market_snapshots\market_snapshot_20260528_193151.csv","27052"
"C:\Users\trent\OneDrive\Documents\EDGEIQ_PLATFORM\public\data\market_snapshots\market_snapshot_20260528_193256.csv","27052"
"C:\Users\trent\OneDrive\Documents\EDGEIQ_PLATFORM\public\data\market_snapshots\market_snapshot_20260528_193401.csv","27052"
"C:\Users\trent\OneDrive\Documents\EDGEIQ_PLATFORM\public\data\market_snapshots\market_snapshot_20260528_193506.csv","27052"
"C:\Users\trent\OneDrive\Documents\EDGEIQ_PLATFORM\public\data\market_snapshots\market_snapshot_20260528_193611.csv","27052"
"C:\Users\trent\OneDrive\Documents\EDGEIQ_PLATFORM\public\data\market_snapshots\market_snapshot_20260528_193716.csv","27052"
"C:\Users\trent\OneDrive\Documents\EDGEIQ_PLATFORM\public\data\market_snapshots\market_snapshot_20260528_193821.csv","27052"
"C:\Users\trent\OneDrive\Documents\EDGEIQ_PLATFORM\public\data\market_snapshots\market_snapshot_20260528_193926.csv","27052"
"C:\Users\trent\OneDrive\Documents\EDGEIQ_PLATFORM\public\data\market_snapshots\market_snapshot_20260528_194031.csv","27052"
"C:\Users\trent\OneDrive\Documents\EDGEIQ_PLATFORM\public\data\market_snapshots\market_snapshot_20260528_194136.csv","27052"
"C:\Users\trent\OneDrive\Documents\EDGEIQ_PLATFORM\public\data\market_snapshots\market_snapshot_20260528_194241.csv","27052"
"C:\Users\trent\OneDrive\Documents\EDGEIQ_PLATFORM\public\data\market_snapshots\market_snapshot_20260528_194346.csv","27052"
"C:\Users\trent\OneDrive\Documents\EDGEIQ_PLATFORM\public\data\market_snapshots\market_snapshot_20260528_194452.csv","27052"
"C:\Users\trent\OneDrive\Documents\EDGEIQ_PLATFORM\public\data\market_snapshots\market_snapshot_20260528_194557.csv","27052"
"C:\Users\trent\OneDrive\Documents\EDGEIQ_PLATFORM\public\data\market_snapshots\market_snapshot_20260528_194702.csv","27052"
"C:\Users\trent\OneDrive\Documents\EDGEIQ_PLATFORM\public\data\market_snapshots\market_snapshot_20260528_194807.csv","27052"
"C:\Users\trent\OneDrive\Documents\EDGEIQ_PLATFORM\public\data\market_snapshots\market_snapshot_20260528_194912.csv","27052"
"C:\Users\trent\OneDrive\Documents\EDGEIQ_PLATFORM\public\data\market_snapshots\market_snapshot_20260528_195017.csv","27052"
"C:\Users\trent\OneDrive\Documents\EDGEIQ_PLATFORM\public\data\market_snapshots\market_snapshot_20260528_195123.csv","27052"
"C:\Users\trent\OneDrive\Documents\EDGEIQ_PLATFORM\public\data\market_snapshots\market_snapshot_20260528_195228.csv","27052"
"C:\Users\trent\OneDrive\Documents\EDGEIQ_PLATFORM\public\data\market_snapshots\market_snapshot_20260528_195333.csv","27052"
"C:\Users\trent\OneDrive\Documents\EDGEIQ_PLATFORM\public\data\market_snapshots\market_snapshot_20260528_195438.csv","27052"
"C:\Users\trent\OneDrive\Documents\EDGEIQ_PLATFORM\public\data\market_snapshots\market_snapshot_20260528_195543.csv","27052"
"C:\Users\trent\OneDrive\Documents\EDGEIQ_PLATFORM\public\data\market_snapshots\market_snapshot_20260528_195648.csv","27052"
"C:\Users\trent\OneDrive\Documents\EDGEIQ_PLATFORM\public\data\market_snapshots\market_snapshot_20260528_195753.csv","27052"
"C:\Users\trent\OneDrive\Documents\EDGEIQ_PLATFORM\public\data\market_snapshots\market_snapshot_20260528_195858.csv","27052"
"C:\Users\trent\OneDrive\Documents\EDGEIQ_PLATFORM\public\data\market_snapshots\market_snapshot_20260528_200004.csv","27052"
"C:\Users\trent\OneDrive\Documents\EDGEIQ_PLATFORM\public\data\market_snapshots\market_snapshot_20260528_200109.csv","27052"
"C:\Users\trent\OneDrive\Documents\EDGEIQ_PLATFORM\public\data\market_snapshots\market_snapshot_20260528_200214.csv","27052"
"C:\Users\trent\OneDrive\Documents\EDGEIQ_PLATFORM\public\data\market_snapshots\market_snapshot_20260528_200319.csv","27052"
"C:\Users\trent\OneDrive\Documents\EDGEIQ_PLATFORM\public\data\market_snapshots\market_snapshot_20260528_200424.csv","27052"
"C:\Users\trent\OneDrive\Documents\EDGEIQ_PLATFORM\public\data\market_snapshots\market_snapshot_20260528_200529.csv","27052"
"C:\Users\trent\OneDrive\Documents\EDGEIQ_PLATFORM\public\data\market_snapshots\market_snapshot_20260528_200634.csv","27052"
"C:\Users\trent\OneDrive\Documents\EDGEIQ_PLATFORM\public\data\market_snapshots\market_snapshot_20260528_200740.csv","27052"
"C:\Users\trent\OneDrive\Documents\EDGEIQ_PLATFORM\public\data\market_snapshots\market_snapshot_20260528_200845.csv","27052"
"C:\Users\trent\OneDrive\Documents\EDGEIQ_PLATFORM\public\data\market_snapshots\market_snapshot_20260528_200951.csv","27052"
"C:\Users\trent\OneDrive\Documents\EDGEIQ_PLATFORM\public\data\market_snapshots\market_snapshot_20260528_201057.csv","27052"
"C:\Users\trent\OneDrive\Documents\EDGEIQ_PLATFORM\public\data\market_snapshots\market_snapshot_20260528_201206.csv","27052"
"C:\Users\trent\OneDrive\Documents\EDGEIQ_PLATFORM\public\data\market_snapshots\market_snapshot_20260528_201313.csv","27052"
"C:\Users\trent\OneDrive\Documents\EDGEIQ_PLATFORM\public\data\market_snapshots\market_snapshot_20260528_201419.csv","27052"
"C:\Users\trent\OneDrive\Documents\EDGEIQ_PLATFORM\public\data\market_snapshots\market_snapshot_20260528_201527.csv","27052"
"C:\Users\trent\OneDrive\Documents\EDGEIQ_PLATFORM\public\data\market_snapshots\market_snapshot_20260528_201633.csv","27052"
"C:\Users\trent\OneDrive\Documents\EDGEIQ_PLATFORM\public\data\market_snapshots\market_snapshot_20260528_201740.csv","27052"
"C:\Users\trent\OneDrive\Documents\EDGEIQ_PLATFORM\public\data\market_snapshots\market_snapshot_20260528_201846.csv","27052"
"C:\Users\trent\OneDrive\Documents\EDGEIQ_PLATFORM\public\data\market_snapshots\market_snapshot_20260528_201953.csv","27052"
"C:\Users\trent\OneDrive\Documents\EDGEIQ_PLATFORM\public\data\market_snapshots\market_snapshot_20260528_202100.csv","27052"
"C:\Users\trent\OneDrive\Documents\EDGEIQ_PLATFORM\public\data\market_snapshots\market_snapshot_20260528_202206.csv","27052"
"C:\Users\trent\OneDrive\Documents\EDGEIQ_PLATFORM\public\data\market_snapshots\market_snapshot_20260528_202313.csv","27052"
"C:\Users\trent\OneDrive\Documents\EDGEIQ_PLATFORM\public\data\market_snapshots\market_snapshot_20260528_202419.csv","27052"
"C:\Users\trent\OneDrive\Documents\EDGEIQ_PLATFORM\public\data\market_snapshots\market_snapshot_20260528_202526.csv","27052"
"C:\Users\trent\OneDrive\Documents\EDGEIQ_PLATFORM\public\data\market_snapshots\market_snapshot_20260528_202633.csv","27052"
"C:\Users\trent\OneDrive\Documents\EDGEIQ_PLATFORM\public\data\market_snapshots\market_snapshot_20260528_202740.csv","27052"
"C:\Users\trent\OneDrive\Documents\EDGEIQ_PLATFORM\public\data\market_snapshots\market_snapshot_20260528_202847.csv","27052"
"C:\Users\trent\OneDrive\Documents\EDGEIQ_PLATFORM\public\data\market_snapshots\market_snapshot_20260528_202954.csv","27052"
"C:\Users\trent\OneDrive\Documents\EDGEIQ_PLATFORM\public\data\market_snapshots\market_snapshot_20260528_203100.csv","27052"
"C:\Users\trent\OneDrive\Documents\EDGEIQ_PLATFORM\public\data\market_snapshots\market_snapshot_20260528_203207.csv","27052"
"C:\Users\trent\OneDrive\Documents\EDGEIQ_PLATFORM\public\data\market_snapshots\market_snapshot_20260528_203314.csv","27052"
"C:\Users\trent\OneDrive\Documents\EDGEIQ_PLATFORM\public\data\market_snapshots\market_snapshot_20260528_203421.csv","27052"
"C:\Users\trent\OneDrive\Documents\EDGEIQ_PLATFORM\public\data\market_snapshots\market_snapshot_20260528_203528.csv","27052"
"C:\Users\trent\OneDrive\Documents\EDGEIQ_PLATFORM\public\data\market_snapshots\market_snapshot_20260528_203635.csv","27052"
"C:\Users\trent\OneDrive\Documents\EDGEIQ_PLATFORM\public\data\market_snapshots\market_snapshot_20260528_203741.csv","27052"
"C:\Users\trent\OneDrive\Documents\EDGEIQ_PLATFORM\public\data\market_snapshots\market_snapshot_20260528_203848.csv","27052"
"C:\Users\trent\OneDrive\Documents\EDGEIQ_PLATFORM\public\data\market_snapshots\market_snapshot_20260528_203955.csv","27052"
"C:\Users\trent\OneDrive\Documents\EDGEIQ_PLATFORM\public\data\market_snapshots\market_snapshot_20260528_204102.csv","27052"
"C:\Users\trent\OneDrive\Documents\EDGEIQ_PLATFORM\public\data\market_snapshots\market_snapshot_20260528_204209.csv","27052"
"C:\Users\trent\OneDrive\Documents\EDGEIQ_PLATFORM\public\data\market_snapshots\market_snapshot_20260528_204316.csv","27052"
"C:\Users\trent\OneDrive\Documents\EDGEIQ_PLATFORM\public\data\market_snapshots\market_snapshot_20260528_204423.csv","27052"
"C:\Users\trent\OneDrive\Documents\EDGEIQ_PLATFORM\public\data\market_snapshots\market_snapshot_20260528_204530.csv","27052"
"C:\Users\trent\OneDrive\Documents\EDGEIQ_PLATFORM\public\data\market_snapshots\market_snapshot_20260528_204637.csv","27052"
"C:\Users\trent\OneDrive\Documents\EDGEIQ_PLATFORM\public\data\market_snapshots\market_snapshot_20260528_204744.csv","27052"
"C:\Users\trent\OneDrive\Documents\EDGEIQ_PLATFORM\public\data\market_snapshots\market_snapshot_20260528_204850.csv","27052"
"C:\Users\trent\OneDrive\Documents\EDGEIQ_PLATFORM\public\data\market_snapshots\market_snapshot_20260528_204958.csv","27052"
"C:\Users\trent\OneDrive\Documents\EDGEIQ_PLATFORM\public\data\market_snapshots\market_snapshot_20260528_205104.csv","27052"
"C:\Users\trent\OneDrive\Documents\EDGEIQ_PLATFORM\public\data\market_snapshots\market_snapshot_20260528_205211.csv","27052"
"C:\Users\trent\OneDrive\Documents\EDGEIQ_PLATFORM\public\data\market_snapshots\market_snapshot_20260528_205318.csv","27052"
"C:\Users\trent\OneDrive\Documents\EDGEIQ_PLATFORM\public\data\market_snapshots\market_snapshot_20260528_205425.csv","27052"
"C:\Users\trent\OneDrive\Documents\EDGEIQ_PLATFORM\public\data\market_snapshots\market_snapshot_20260528_205532.csv","27052"
"C:\Users\trent\OneDrive\Documents\EDGEIQ_PLATFORM\public\data\market_snapshots\market_snapshot_20260528_205639.csv","27052"
"C:\Users\trent\OneDrive\Documents\EDGEIQ_PLATFORM\public\data\market_snapshots\market_snapshot_20260528_205747.csv","27052"
"C:\Users\trent\OneDrive\Documents\EDGEIQ_PLATFORM\public\data\market_snapshots\market_snapshot_20260528_205854.csv","27052"
"C:\Users\trent\OneDrive\Documents\EDGEIQ_PLATFORM\public\data\market_snapshots\market_snapshot_20260528_210000.csv","27052"
"C:\Users\trent\OneDrive\Documents\EDGEIQ_PLATFORM\public\data\market_snapshots\market_snapshot_20260528_210107.csv","27052"
"C:\Users\trent\OneDrive\Documents\EDGEIQ_PLATFORM\public\data\market_snapshots\market_snapshot_20260528_210214.csv","27052"
"C:\Users\trent\OneDrive\Documents\EDGEIQ_PLATFORM\public\data\market_snapshots\market_snapshot_20260528_210321.csv","27052"
"C:\Users\trent\OneDrive\Documents\EDGEIQ_PLATFORM\public\data\market_snapshots\market_snapshot_20260528_210428.csv","27052"
"C:\Users\trent\OneDrive\Documents\EDGEIQ_PLATFORM\public\data\market_snapshots\market_snapshot_20260528_210535.csv","27052"
"C:\Users\trent\OneDrive\Documents\EDGEIQ_PLATFORM\public\data\market_snapshots\market_snapshot_20260528_210642.csv","27052"
"C:\Users\trent\OneDrive\Documents\EDGEIQ_PLATFORM\public\data\market_snapshots\market_snapshot_20260528_210749.csv","27052"
"C:\Users\trent\OneDrive\Documents\EDGEIQ_PLATFORM\public\data\market_snapshots\market_snapshot_20260528_210856.csv","27052"
"C:\Users\trent\OneDrive\Documents\EDGEIQ_PLATFORM\public\data\market_snapshots\market_snapshot_20260528_211003.csv","27052"
"C:\Users\trent\OneDrive\Documents\EDGEIQ_PLATFORM\public\data\market_snapshots\market_snapshot_20260528_211110.csv","27052"
"C:\Users\trent\OneDrive\Documents\EDGEIQ_PLATFORM\public\data\market_snapshots\market_snapshot_20260528_211217.csv","27052"
"C:\Users\trent\OneDrive\Documents\EDGEIQ_PLATFORM\public\data\market_snapshots\market_snapshot_20260528_211324.csv","27052"
"C:\Users\trent\OneDrive\Documents\EDGEIQ_PLATFORM\public\data\market_snapshots\market_snapshot_20260528_211431.csv","27052"
"C:\Users\trent\OneDrive\Documents\EDGEIQ_PLATFORM\public\data\market_snapshots\market_snapshot_20260528_211538.csv","27052"
"C:\Users\trent\OneDrive\Documents\EDGEIQ_PLATFORM\public\data\market_snapshots\market_snapshot_20260528_211645.csv","27052"
"C:\Users\trent\OneDrive\Documents\EDGEIQ_PLATFORM\public\data\market_snapshots\market_snapshot_20260528_211752.csv","27052"
"C:\Users\trent\OneDrive\Documents\EDGEIQ_PLATFORM\public\data\market_snapshots\market_snapshot_20260528_211859.csv","27052"
"C:\Users\trent\OneDrive\Documents\EDGEIQ_PLATFORM\public\data\market_snapshots\market_snapshot_20260528_212006.csv","27052"
"C:\Users\trent\OneDrive\Documents\EDGEIQ_PLATFORM\public\data\market_snapshots\market_snapshot_20260528_212113.csv","27052"
"C:\Users\trent\OneDrive\Documents\EDGEIQ_PLATFORM\public\data\market_snapshots\market_snapshot_20260528_212220.csv","27052"
"C:\Users\trent\OneDrive\Documents\EDGEIQ_PLATFORM\public\data\market_snapshots\market_snapshot_20260528_212326.csv","27052"
"C:\Users\trent\OneDrive\Documents\EDGEIQ_PLATFORM\public\data\market_snapshots\market_snapshot_20260528_212433.csv","27052"
"C:\Users\trent\OneDrive\Documents\EDGEIQ_PLATFORM\public\data\market_snapshots\market_snapshot_20260528_212540.csv","27052"
"C:\Users\trent\OneDrive\Documents\EDGEIQ_PLATFORM\public\data\market_snapshots\market_snapshot_20260528_212647.csv","27052"
"C:\Users\trent\OneDrive\Documents\EDGEIQ_PLATFORM\public\data\market_snapshots\market_snapshot_20260528_212754.csv","27052"
"C:\Users\trent\OneDrive\Documents\EDGEIQ_PLATFORM\public\data\market_snapshots\market_snapshot_20260528_212901.csv","27052"
"C:\Users\trent\OneDrive\Documents\EDGEIQ_PLATFORM\public\data\market_snapshots\market_snapshot_20260528_213008.csv","27052"
"C:\Users\trent\OneDrive\Documents\EDGEIQ_PLATFORM\public\data\market_snapshots\market_snapshot_20260528_213115.csv","27052"
"C:\Users\trent\OneDrive\Documents\EDGEIQ_PLATFORM\public\data\market_snapshots\market_snapshot_20260528_213222.csv","27052"
"C:\Users\trent\OneDrive\Documents\EDGEIQ_PLATFORM\public\data\market_snapshots\market_snapshot_20260528_213329.csv","27052"
"C:\Users\trent\OneDrive\Documents\EDGEIQ_PLATFORM\public\data\market_snapshots\market_snapshot_20260528_213436.csv","27052"
"C:\Users\trent\OneDrive\Documents\EDGEIQ_PLATFORM\public\data\market_snapshots\market_snapshot_20260528_213544.csv","27052"
"C:\Users\trent\OneDrive\Documents\EDGEIQ_PLATFORM\public\data\market_snapshots\market_snapshot_20260528_213651.csv","27052"
"C:\Users\trent\OneDrive\Documents\EDGEIQ_PLATFORM\public\data\market_snapshots\market_snapshot_20260528_213800.csv","27052"
"C:\Users\trent\OneDrive\Documents\EDGEIQ_PLATFORM\public\data\market_snapshots\market_snapshot_20260529_111726.csv","27052"
"C:\Users\trent\OneDrive\Documents\EDGEIQ_PLATFORM\public\data\market_snapshots\market_snapshot_20260529_111834.csv","27052"
"C:\Users\trent\OneDrive\Documents\EDGEIQ_PLATFORM\public\data\market_snapshots\market_snapshot_20260529_111939.csv","27052"
"C:\Users\trent\OneDrive\Documents\EDGEIQ_PLATFORM\public\data\market_snapshots\market_snapshot_20260529_112045.csv","27052"
"C:\Users\trent\OneDrive\Documents\EDGEIQ_PLATFORM\public\data\market_snapshots\market_snapshot_20260529_112150.csv","27052"
"C:\Users\trent\OneDrive\Documents\EDGEIQ_PLATFORM\public\data\market_snapshots\market_snapshot_20260529_112256.csv","27052"
"C:\Users\trent\OneDrive\Documents\EDGEIQ_PLATFORM\public\data\market_snapshots\market_snapshot_20260529_112403.csv","27052"
"C:\Users\trent\OneDrive\Documents\EDGEIQ_PLATFORM\public\data\market_snapshots\market_snapshot_20260529_112509.csv","27052"
"C:\Users\trent\OneDrive\Documents\EDGEIQ_PLATFORM\public\data\market_snapshots\market_snapshot_20260529_112614.csv","27052"
"C:\Users\trent\OneDrive\Documents\EDGEIQ_PLATFORM\public\data\market_snapshots\market_snapshot_20260529_112720.csv","27052"
"C:\Users\trent\OneDrive\Documents\EDGEIQ_PLATFORM\public\data\market_snapshots\market_snapshot_20260529_112826.csv","27052"
"C:\Users\trent\OneDrive\Documents\EDGEIQ_PLATFORM\public\data\market_snapshots\market_snapshot_20260529_112932.csv","27052"
"C:\Users\trent\OneDrive\Documents\EDGEIQ_PLATFORM\public\data\market_snapshots\market_snapshot_20260529_113038.csv","27052"
"C:\Users\trent\OneDrive\Documents\EDGEIQ_PLATFORM\public\data\market_snapshots\market_snapshot_20260529_113145.csv","27052"
"C:\Users\trent\OneDrive\Documents\EDGEIQ_PLATFORM\public\data\market_snapshots\market_snapshot_20260529_113251.csv","27052"
"C:\Users\trent\OneDrive\Documents\EDGEIQ_PLATFORM\public\data\market_snapshots\market_snapshot_20260529_113358.csv","27052"
"C:\Users\trent\OneDrive\Documents\EDGEIQ_PLATFORM\public\data\market_snapshots\market_snapshot_20260529_113505.csv","27052"
"C:\Users\trent\OneDrive\Documents\EDGEIQ_PLATFORM\public\data\market_snapshots\market_snapshot_20260529_113611.csv","27052"
"C:\Users\trent\OneDrive\Documents\EDGEIQ_PLATFORM\public\data\market_snapshots\market_snapshot_20260529_113717.csv","27052"
"C:\Users\trent\OneDrive\Documents\EDGEIQ_PLATFORM\public\data\market_snapshots\market_snapshot_20260529_113823.csv","27052"
"C:\Users\trent\OneDrive\Documents\EDGEIQ_PLATFORM\public\data\market_snapshots\market_snapshot_20260529_113929.csv","27052"
"C:\Users\trent\OneDrive\Documents\EDGEIQ_PLATFORM\public\data\market_snapshots\market_snapshot_20260529_114037.csv","27052"
"C:\Users\trent\OneDrive\Documents\EDGEIQ_PLATFORM\public\data\market_snapshots\market_snapshot_20260529_114143.csv","27052"
"C:\Users\trent\OneDrive\Documents\EDGEIQ_PLATFORM\public\data\market_snapshots\market_snapshot_20260529_114249.csv","27052"
"C:\Users\trent\OneDrive\Documents\EDGEIQ_PLATFORM\public\data\market_snapshots\market_snapshot_20260529_114356.csv","27052"
"C:\Users\trent\OneDrive\Documents\EDGEIQ_PLATFORM\public\data\market_snapshots\market_snapshot_20260529_114503.csv","27052"
"C:\Users\trent\OneDrive\Documents\EDGEIQ_PLATFORM\public\data\market_snapshots\market_snapshot_20260529_114610.csv","27052"
"C:\Users\trent\OneDrive\Documents\EDGEIQ_PLATFORM\public\data\market_snapshots\market_snapshot_20260529_114717.csv","27052"
"C:\Users\trent\OneDrive\Documents\EDGEIQ_PLATFORM\public\data\market_snapshots\market_snapshot_20260529_114824.csv","27052"
"C:\Users\trent\OneDrive\Documents\EDGEIQ_PLATFORM\public\data\market_snapshots\market_snapshot_20260529_114930.csv","27052"
"C:\Users\trent\OneDrive\Documents\EDGEIQ_PLATFORM\public\data\market_snapshots\market_snapshot_20260529_115042.csv","59515"
"C:\Users\trent\OneDrive\Documents\EDGEIQ_PLATFORM\public\data\market_snapshots\market_snapshot_20260529_115153.csv","59510"
"C:\Users\trent\OneDrive\Documents\EDGEIQ_PLATFORM\public\data\market_snapshots\market_snapshot_20260529_115304.csv","59510"
"C:\Users\trent\OneDrive\Documents\EDGEIQ_PLATFORM\public\data\market_snapshots\market_snapshot_20260529_115413.csv","58776"
"C:\Users\trent\OneDrive\Documents\EDGEIQ_PLATFORM\public\data\market_snapshots\market_snapshot_20260529_115525.csv","70254"
"C:\Users\trent\OneDrive\Documents\EDGEIQ_PLATFORM\public\data\market_snapshots\market_snapshot_20260529_115636.csv","70254"
"C:\Users\trent\OneDrive\Documents\EDGEIQ_PLATFORM\public\data\market_snapshots\market_snapshot_20260529_115746.csv","70254"
"C:\Users\trent\OneDrive\Documents\EDGEIQ_PLATFORM\public\data\market_snapshots\market_snapshot_20260529_115857.csv","70254"
"C:\Users\trent\OneDrive\Documents\EDGEIQ_PLATFORM\public\data\market_snapshots\market_snapshot_20260529_120012.csv","70254"
"C:\Users\trent\OneDrive\Documents\EDGEIQ_PLATFORM\public\data\market_snapshots\market_snapshot_20260529_120122.csv","70269"
"C:\Users\trent\OneDrive\Documents\EDGEIQ_PLATFORM\public\data\market_snapshots\market_snapshot_20260529_120233.csv","70279"
"C:\Users\trent\OneDrive\Documents\EDGEIQ_PLATFORM\public\data\market_snapshots\market_snapshot_20260529_120344.csv","70279"
"C:\Users\trent\OneDrive\Documents\EDGEIQ_PLATFORM\public\data\market_snapshots\market_snapshot_20260529_120456.csv","70279"
"C:\Users\trent\OneDrive\Documents\EDGEIQ_PLATFORM\public\data\market_snapshots\market_snapshot_20260529_120610.csv","70279"
"C:\Users\trent\OneDrive\Documents\EDGEIQ_PLATFORM\public\data\market_snapshots\market_snapshot_20260529_120723.csv","70279"
"C:\Users\trent\OneDrive\Documents\EDGEIQ_PLATFORM\public\data\market_snapshots\market_snapshot_20260529_120833.csv","70279"
"C:\Users\trent\OneDrive\Documents\EDGEIQ_PLATFORM\public\data\market_snapshots\market_snapshot_20260529_120944.csv","70279"
"C:\Users\trent\OneDrive\Documents\EDGEIQ_PLATFORM\public\data\market_snapshots\market_snapshot_20260529_121056.csv","70279"
"C:\Users\trent\OneDrive\Documents\EDGEIQ_PLATFORM\public\data\market_snapshots\market_snapshot_20260529_121208.csv","70284"
"C:\Users\trent\OneDrive\Documents\EDGEIQ_PLATFORM\public\data\market_snapshots\market_snapshot_20260529_121321.csv","70284"
"C:\Users\trent\OneDrive\Documents\EDGEIQ_PLATFORM\public\data\market_snapshots\market_snapshot_20260529_121433.csv","70284"
"C:\Users\trent\OneDrive\Documents\EDGEIQ_PLATFORM\public\data\market_snapshots\market_snapshot_20260529_121545.csv","70284"
"C:\Users\trent\OneDrive\Documents\EDGEIQ_PLATFORM\public\data\market_snapshots\market_snapshot_20260529_121657.csv","70299"
"C:\Users\trent\OneDrive\Documents\EDGEIQ_PLATFORM\public\data\market_snapshots\market_snapshot_20260529_121808.csv","70289"
"C:\Users\trent\OneDrive\Documents\EDGEIQ_PLATFORM\public\data\market_snapshots\market_snapshot_20260529_121919.csv","70289"
"C:\Users\trent\OneDrive\Documents\EDGEIQ_PLATFORM\public\data\market_snapshots\market_snapshot_20260529_122030.csv","70289"
"C:\Users\trent\OneDrive\Documents\EDGEIQ_PLATFORM\public\data\market_snapshots\market_snapshot_20260529_122142.csv","70289"
"C:\Users\trent\OneDrive\Documents\EDGEIQ_PLATFORM\public\data\market_snapshots\market_snapshot_20260529_122253.csv","70289"
"C:\Users\trent\OneDrive\Documents\EDGEIQ_PLATFORM\public\data\market_snapshots\market_snapshot_20260529_122407.csv","70289"
"C:\Users\trent\OneDrive\Documents\EDGEIQ_PLATFORM\public\data\market_snapshots\market_snapshot_20260529_122519.csv","70289"
"C:\Users\trent\OneDrive\Documents\EDGEIQ_PLATFORM\public\data\market_snapshots\market_snapshot_20260529_122630.csv","70289"
"C:\Users\trent\OneDrive\Documents\EDGEIQ_PLATFORM\public\data\market_snapshots\market_snapshot_20260529_122744.csv","70284"
"C:\Users\trent\OneDrive\Documents\EDGEIQ_PLATFORM\public\data\market_snapshots\market_snapshot_20260529_122856.csv","70284"
"C:\Users\trent\OneDrive\Documents\EDGEIQ_PLATFORM\public\data\market_snapshots\market_snapshot_20260529_123009.csv","70284"
"C:\Users\trent\OneDrive\Documents\EDGEIQ_PLATFORM\public\data\market_snapshots\market_snapshot_20260529_123122.csv","70284"
"C:\Users\trent\OneDrive\Documents\EDGEIQ_PLATFORM\public\data\market_snapshots\market_snapshot_20260529_123234.csv","70264"
"C:\Users\trent\OneDrive\Documents\EDGEIQ_PLATFORM\public\data\market_snapshots\market_snapshot_20260529_123348.csv","70264"
"C:\Users\trent\OneDrive\Documents\EDGEIQ_PLATFORM\public\data\market_snapshots\market_snapshot_20260529_123501.csv","70264"
"C:\Users\trent\OneDrive\Documents\EDGEIQ_PLATFORM\public\data\market_snapshots\market_snapshot_20260529_123613.csv","70264"
"C:\Users\trent\OneDrive\Documents\EDGEIQ_PLATFORM\public\data\market_snapshots\market_snapshot_20260529_123726.csv","70264"
"C:\Users\trent\OneDrive\Documents\EDGEIQ_PLATFORM\public\data\market_snapshots\market_snapshot_20260529_123839.csv","70264"
"C:\Users\trent\OneDrive\Documents\EDGEIQ_PLATFORM\public\data\market_snapshots\market_snapshot_20260529_123952.csv","70264"
"C:\Users\trent\OneDrive\Documents\EDGEIQ_PLATFORM\public\data\market_snapshots\market_snapshot_20260529_124107.csv","70264"
"C:\Users\trent\OneDrive\Documents\EDGEIQ_PLATFORM\public\data\market_snapshots\market_snapshot_20260529_124218.csv","70269"
"C:\Users\trent\OneDrive\Documents\EDGEIQ_PLATFORM\public\data\market_snapshots\market_snapshot_20260529_124332.csv","70259"
"C:\Users\trent\OneDrive\Documents\EDGEIQ_PLATFORM\public\data\market_snapshots\market_snapshot_20260529_124448.csv","70259"
"C:\Users\trent\OneDrive\Documents\EDGEIQ_PLATFORM\public\data\market_snapshots\market_snapshot_20260529_124603.csv","70239"
"C:\Users\trent\OneDrive\Documents\EDGEIQ_PLATFORM\public\data\market_snapshots\market_snapshot_20260529_124719.csv","70259"
"C:\Users\trent\OneDrive\Documents\EDGEIQ_PLATFORM\public\data\market_snapshots\market_snapshot_20260529_124835.csv","70264"
"C:\Users\trent\OneDrive\Documents\EDGEIQ_PLATFORM\public\data\market_snapshots\market_snapshot_20260529_124947.csv","70264"
"C:\Users\trent\OneDrive\Documents\EDGEIQ_PLATFORM\public\data\market_snapshots\market_snapshot_20260529_125100.csv","70264"
"C:\Users\trent\OneDrive\Documents\EDGEIQ_PLATFORM\public\data\market_snapshots\market_snapshot_20260529_125212.csv","70264"
"C:\Users\trent\OneDrive\Documents\EDGEIQ_PLATFORM\public\data\market_snapshots\market_snapshot_20260529_125327.csv","70264"
"C:\Users\trent\OneDrive\Documents\EDGEIQ_PLATFORM\public\data\market_snapshots\market_snapshot_20260529_125439.csv","70264"
"C:\Users\trent\OneDrive\Documents\EDGEIQ_PLATFORM\public\data\market_snapshots\market_snapshot_20260529_125551.csv","70254"
"C:\Users\trent\OneDrive\Documents\EDGEIQ_PLATFORM\public\data\market_snapshots\market_snapshot_20260529_125706.csv","70259"
"C:\Users\trent\OneDrive\Documents\EDGEIQ_PLATFORM\public\data\market_snapshots\market_snapshot_20260529_125818.csv","70259"
"C:\Users\trent\OneDrive\Documents\EDGEIQ_PLATFORM\public\data\market_snapshots\market_snapshot_20260529_125931.csv","70264"
"C:\Users\trent\OneDrive\Documents\EDGEIQ_PLATFORM\public\data\market_snapshots\market_snapshot_20260529_130047.csv","70254"
"C:\Users\trent\OneDrive\Documents\EDGEIQ_PLATFORM\public\data\market_snapshots\market_snapshot_20260529_130207.csv","70274"
"C:\Users\trent\OneDrive\Documents\EDGEIQ_PLATFORM\public\data\market_snapshots\market_snapshot_20260529_130325.csv","67719"
"C:\Users\trent\OneDrive\Documents\EDGEIQ_PLATFORM\public\data\market_snapshots\market_snapshot_20260529_130442.csv","67719"
"C:\Users\trent\OneDrive\Documents\EDGEIQ_PLATFORM\public\data\market_snapshots\market_snapshot_20260529_130601.csv","67719"
"C:\Users\trent\OneDrive\Documents\EDGEIQ_PLATFORM\public\data\market_snapshots\market_snapshot_20260529_130719.csv","67719"
"C:\Users\trent\OneDrive\Documents\EDGEIQ_PLATFORM\public\data\market_snapshots\market_snapshot_20260529_130836.csv","67719"
"C:\Users\trent\OneDrive\Documents\EDGEIQ_PLATFORM\public\data\market_snapshots\market_snapshot_20260529_130953.csv","70366"
"C:\Users\trent\OneDrive\Documents\EDGEIQ_PLATFORM\public\data\market_snapshots\market_snapshot_20260529_131110.csv","70371"
"C:\Users\trent\OneDrive\Documents\EDGEIQ_PLATFORM\public\data\market_snapshots\market_snapshot_20260529_131228.csv","70376"
"C:\Users\trent\OneDrive\Documents\EDGEIQ_PLATFORM\public\data\market_snapshots\market_snapshot_20260529_131346.csv","70376"
"C:\Users\trent\OneDrive\Documents\EDGEIQ_PLATFORM\public\data\market_snapshots\market_snapshot_20260529_131505.csv","70376"
"C:\Users\trent\OneDrive\Documents\EDGEIQ_PLATFORM\public\data\market_snapshots\market_snapshot_20260529_131624.csv","70386"
"C:\Users\trent\OneDrive\Documents\EDGEIQ_PLATFORM\public\data\market_snapshots\market_snapshot_20260529_131743.csv","70386"
"C:\Users\trent\OneDrive\Documents\EDGEIQ_PLATFORM\public\data\market_snapshots\market_snapshot_20260529_131901.csv","70386"
"C:\Users\trent\OneDrive\Documents\EDGEIQ_PLATFORM\public\data\market_snapshots\market_snapshot_20260529_132019.csv","70386"
"C:\Users\trent\OneDrive\Documents\EDGEIQ_PLATFORM\public\data\market_snapshots\market_snapshot_20260529_132139.csv","70386"
"C:\Users\trent\OneDrive\Documents\EDGEIQ_PLATFORM\public\data\market_snapshots\market_snapshot_20260529_132257.csv","70386"
"C:\Users\trent\OneDrive\Documents\EDGEIQ_PLATFORM\public\data\market_snapshots\market_snapshot_20260529_132416.csv","70391"
"C:\Users\trent\OneDrive\Documents\EDGEIQ_PLATFORM\public\data\market_snapshots\market_snapshot_20260529_132536.csv","70386"
"C:\Users\trent\OneDrive\Documents\EDGEIQ_PLATFORM\public\data\market_snapshots\market_snapshot_20260529_132656.csv","70391"
"C:\Users\trent\OneDrive\Documents\EDGEIQ_PLATFORM\public\data\market_snapshots\market_snapshot_20260529_132816.csv","70386"
"C:\Users\trent\OneDrive\Documents\EDGEIQ_PLATFORM\public\data\market_snapshots\market_snapshot_20260529_132934.csv","70391"
"C:\Users\trent\OneDrive\Documents\EDGEIQ_PLATFORM\public\data\market_snapshots\market_snapshot_20260529_133053.csv","70391"
"C:\Users\trent\OneDrive\Documents\EDGEIQ_PLATFORM\public\data\market_snapshots\market_snapshot_20260529_133212.csv","67769"
"C:\Users\trent\OneDrive\Documents\EDGEIQ_PLATFORM\public\data\market_snapshots\market_snapshot_20260529_133330.csv","67769"
"C:\Users\trent\OneDrive\Documents\EDGEIQ_PLATFORM\public\data\market_snapshots\market_snapshot_20260529_133449.csv","67764"
"C:\Users\trent\OneDrive\Documents\EDGEIQ_PLATFORM\public\data\market_snapshots\market_snapshot_20260529_133608.csv","67764"
"C:\Users\trent\OneDrive\Documents\EDGEIQ_PLATFORM\public\data\market_snapshots\market_snapshot_20260529_133726.csv","67764"
"C:\Users\trent\OneDrive\Documents\EDGEIQ_PLATFORM\public\data\market_snapshots\market_snapshot_20260529_133846.csv","67764"
"C:\Users\trent\OneDrive\Documents\EDGEIQ_PLATFORM\public\data\market_snapshots\market_snapshot_20260529_134006.csv","67764"
"C:\Users\trent\OneDrive\Documents\EDGEIQ_PLATFORM\public\data\market_snapshots\market_snapshot_20260529_134123.csv","67754"
"C:\Users\trent\OneDrive\Documents\EDGEIQ_PLATFORM\public\data\market_snapshots\market_snapshot_20260529_134241.csv","67754"
"C:\Users\trent\OneDrive\Documents\EDGEIQ_PLATFORM\public\data\market_snapshots\market_snapshot_20260529_134400.csv","67759"
"C:\Users\trent\OneDrive\Documents\EDGEIQ_PLATFORM\public\data\market_snapshots\market_snapshot_20260529_134518.csv","67759"
"C:\Users\trent\OneDrive\Documents\EDGEIQ_PLATFORM\public\data\market_snapshots\market_snapshot_20260529_134638.csv","67759"
"C:\Users\trent\OneDrive\Documents\EDGEIQ_PLATFORM\public\data\market_snapshots\market_snapshot_20260529_134756.csv","67744"
"C:\Users\trent\OneDrive\Documents\EDGEIQ_PLATFORM\public\data\market_snapshots\market_snapshot_20260529_134914.csv","67744"
"C:\Users\trent\OneDrive\Documents\EDGEIQ_PLATFORM\public\data\market_snapshots\market_snapshot_20260529_135032.csv","67744"
"C:\Users\trent\OneDrive\Documents\EDGEIQ_PLATFORM\public\data\market_snapshots\market_snapshot_20260529_135151.csv","67744"
"C:\Users\trent\OneDrive\Documents\EDGEIQ_PLATFORM\public\data\market_snapshots\market_snapshot_20260529_135311.csv","67744"
"C:\Users\trent\OneDrive\Documents\EDGEIQ_PLATFORM\public\data\market_snapshots\market_snapshot_20260529_135430.csv","67744"
"C:\Users\trent\OneDrive\Documents\EDGEIQ_PLATFORM\public\data\market_snapshots\market_snapshot_20260529_135551.csv","67749"
"C:\Users\trent\OneDrive\Documents\EDGEIQ_PLATFORM\public\data\market_snapshots\market_snapshot_20260529_135714.csv","67749"
"C:\Users\trent\OneDrive\Documents\EDGEIQ_PLATFORM\public\data\market_snapshots\market_snapshot_20260529_135836.csv","67749"
"C:\Users\trent\OneDrive\Documents\EDGEIQ_PLATFORM\public\data\market_snapshots\market_snapshot_20260529_135955.csv","67744"
"C:\Users\trent\OneDrive\Documents\EDGEIQ_PLATFORM\public\data\market_snapshots\market_snapshot_20260529_140114.csv","67744"
"C:\Users\trent\OneDrive\Documents\EDGEIQ_PLATFORM\public\data\market_snapshots\market_snapshot_20260529_140232.csv","64898"
"C:\Users\trent\OneDrive\Documents\EDGEIQ_PLATFORM\public\data\market_snapshots\market_snapshot_20260529_140351.csv","64893"
"C:\Users\trent\OneDrive\Documents\EDGEIQ_PLATFORM\public\data\market_snapshots\market_snapshot_20260529_140510.csv","64893"
"C:\Users\trent\OneDrive\Documents\EDGEIQ_PLATFORM\public\data\market_snapshots\market_snapshot_20260529_140633.csv","67771"
"C:\Users\trent\OneDrive\Documents\EDGEIQ_PLATFORM\public\data\market_snapshots\market_snapshot_20260529_140759.csv","67771"
"C:\Users\trent\OneDrive\Documents\EDGEIQ_PLATFORM\public\data\market_snapshots\market_snapshot_20260529_140917.csv","67771"
"C:\Users\trent\OneDrive\Documents\EDGEIQ_PLATFORM\public\data\market_snapshots\market_snapshot_20260529_141032.csv","67771"
"C:\Users\trent\OneDrive\Documents\EDGEIQ_PLATFORM\public\data\market_snapshots\market_snapshot_20260529_141146.csv","67766"
"C:\Users\trent\OneDrive\Documents\EDGEIQ_PLATFORM\public\data\market_snapshots\market_snapshot_20260529_141259.csv","67771"
"C:\Users\trent\OneDrive\Documents\EDGEIQ_PLATFORM\public\data\market_snapshots\market_snapshot_20260529_141410.csv","67776"
"C:\Users\trent\OneDrive\Documents\EDGEIQ_PLATFORM\public\data\market_snapshots\market_snapshot_20260529_141522.csv","43791"
"C:\Users\trent\OneDrive\Documents\EDGEIQ_PLATFORM\public\data\market_snapshots\market_snapshot_20260529_141636.csv","43786"
"C:\Users\trent\OneDrive\Documents\EDGEIQ_PLATFORM\public\data\market_snapshots\market_snapshot_20260529_141748.csv","43776"
"C:\Users\trent\OneDrive\Documents\EDGEIQ_PLATFORM\public\data\market_snapshots\market_snapshot_20260529_141859.csv","43776"
"C:\Users\trent\OneDrive\Documents\EDGEIQ_PLATFORM\public\data\market_snapshots\market_snapshot_20260529_142011.csv","43776"
"C:\Users\trent\OneDrive\Documents\EDGEIQ_PLATFORM\public\data\market_snapshots\market_snapshot_20260529_142123.csv","43776"
"C:\Users\trent\OneDrive\Documents\EDGEIQ_PLATFORM\public\data\market_snapshots\market_snapshot_20260529_142233.csv","43776"
"C:\Users\trent\OneDrive\Documents\EDGEIQ_PLATFORM\public\data\market_snapshots\market_snapshot_20260529_142345.csv","43776"
"C:\Users\trent\OneDrive\Documents\EDGEIQ_PLATFORM\public\data\market_snapshots\market_snapshot_20260529_142457.csv","43776"
"C:\Users\trent\OneDrive\Documents\EDGEIQ_PLATFORM\public\data\market_snapshots\market_snapshot_20260529_142609.csv","43766"
"C:\Users\trent\OneDrive\Documents\EDGEIQ_PLATFORM\public\data\market_snapshots\market_snapshot_20260529_142720.csv","43766"
"C:\Users\trent\OneDrive\Documents\EDGEIQ_PLATFORM\public\data\market_snapshots\market_snapshot_20260529_142831.csv","43761"
"C:\Users\trent\OneDrive\Documents\EDGEIQ_PLATFORM\public\data\market_snapshots\market_snapshot_20260529_142943.csv","43761"
"C:\Users\trent\OneDrive\Documents\EDGEIQ_PLATFORM\public\data\market_snapshots\market_snapshot_20260529_143055.csv","43771"
"C:\Users\trent\OneDrive\Documents\EDGEIQ_PLATFORM\public\data\market_snapshots\market_snapshot_20260529_143206.csv","41516"
"C:\Users\trent\OneDrive\Documents\EDGEIQ_PLATFORM\public\data\market_snapshots\market_snapshot_20260529_143316.csv","41516"
"C:\Users\trent\OneDrive\Documents\EDGEIQ_PLATFORM\public\data\market_snapshots\market_snapshot_20260529_143426.csv","41516"
"C:\Users\trent\OneDrive\Documents\EDGEIQ_PLATFORM\public\data\market_snapshots\market_snapshot_20260529_143537.csv","41516"
"C:\Users\trent\OneDrive\Documents\EDGEIQ_PLATFORM\public\data\market_snapshots\market_snapshot_20260529_143648.csv","41516"
"C:\Users\trent\OneDrive\Documents\EDGEIQ_PLATFORM\public\data\market_snapshots\market_snapshot_20260529_143759.csv","41516"
"C:\Users\trent\OneDrive\Documents\EDGEIQ_PLATFORM\public\data\market_snapshots\market_snapshot_20260529_143909.csv","41516"
"C:\Users\trent\OneDrive\Documents\EDGEIQ_PLATFORM\public\data\market_snapshots\market_snapshot_20260529_144019.csv","41516"
"C:\Users\trent\OneDrive\Documents\EDGEIQ_PLATFORM\public\data\market_snapshots\market_snapshot_20260529_144131.csv","41521"
"C:\Users\trent\OneDrive\Documents\EDGEIQ_PLATFORM\public\data\market_snapshots\market_snapshot_20260529_144241.csv","41521"
"C:\Users\trent\OneDrive\Documents\EDGEIQ_PLATFORM\public\data\market_snapshots\market_snapshot_20260529_144351.csv","41521"
"C:\Users\trent\OneDrive\Documents\EDGEIQ_PLATFORM\public\data\market_snapshots\market_snapshot_20260529_144504.csv","41521"
"C:\Users\trent\OneDrive\Documents\EDGEIQ_PLATFORM\public\data\market_snapshots\market_snapshot_20260529_144614.csv","41526"
"C:\Users\trent\OneDrive\Documents\EDGEIQ_PLATFORM\public\data\market_snapshots\market_snapshot_20260529_144725.csv","41541"
"C:\Users\trent\OneDrive\Documents\EDGEIQ_PLATFORM\public\data\market_snapshots\market_snapshot_20260529_144835.csv","41541"
"C:\Users\trent\OneDrive\Documents\EDGEIQ_PLATFORM\public\data\market_snapshots\market_snapshot_20260529_144944.csv","41541"
"C:\Users\trent\OneDrive\Documents\EDGEIQ_PLATFORM\public\data\market_snapshots\market_snapshot_20260529_145055.csv","41541"
"C:\Users\trent\OneDrive\Documents\EDGEIQ_PLATFORM\public\data\market_snapshots\market_snapshot_20260529_145208.csv","41536"
"C:\Users\trent\OneDrive\Documents\EDGEIQ_PLATFORM\public\data\market_snapshots\market_snapshot_20260529_145318.csv","41536"
"C:\Users\trent\OneDrive\Documents\EDGEIQ_PLATFORM\public\data\market_snapshots\market_snapshot_20260529_145429.csv","41548"
"C:\Users\trent\OneDrive\Documents\EDGEIQ_PLATFORM\public\data\market_snapshots\market_snapshot_20260529_145540.csv","41553"
"C:\Users\trent\OneDrive\Documents\EDGEIQ_PLATFORM\public\data\market_snapshots\market_snapshot_20260529_145652.csv","41533"
"C:\Users\trent\OneDrive\Documents\EDGEIQ_PLATFORM\public\data\market_snapshots\market_snapshot_20260529_145803.csv","41533"
"C:\Users\trent\OneDrive\Documents\EDGEIQ_PLATFORM\public\data\market_snapshots\market_snapshot_20260529_145914.csv","41533"
"C:\Users\trent\OneDrive\Documents\EDGEIQ_PLATFORM\public\data\market_snapshots\market_snapshot_20260529_150025.csv","41528"
"C:\Users\trent\OneDrive\Documents\EDGEIQ_PLATFORM\public\data\market_snapshots\market_snapshot_20260529_150136.csv","41528"
"C:\Users\trent\OneDrive\Documents\EDGEIQ_PLATFORM\public\data\market_snapshots\market_snapshot_20260529_150246.csv","41543"
"C:\Users\trent\OneDrive\Documents\EDGEIQ_PLATFORM\public\data\market_snapshots\market_snapshot_20260529_150357.csv","39296"
"C:\Users\trent\OneDrive\Documents\EDGEIQ_PLATFORM\public\data\market_snapshots\market_snapshot_20260529_150507.csv","39296"
"C:\Users\trent\OneDrive\Documents\EDGEIQ_PLATFORM\public\data\market_snapshots\market_snapshot_20260529_150617.csv","39296"
"C:\Users\trent\OneDrive\Documents\EDGEIQ_PLATFORM\public\data\market_snapshots\market_snapshot_20260529_150729.csv","39296"
"C:\Users\trent\OneDrive\Documents\EDGEIQ_PLATFORM\public\data\market_snapshots\market_snapshot_20260529_150840.csv","39296"
"C:\Users\trent\OneDrive\Documents\EDGEIQ_PLATFORM\public\data\market_snapshots\market_snapshot_20260529_150951.csv","39296"
"C:\Users\trent\OneDrive\Documents\EDGEIQ_PLATFORM\public\data\market_snapshots\market_snapshot_20260529_151102.csv","39296"
"C:\Users\trent\OneDrive\Documents\EDGEIQ_PLATFORM\public\data\market_snapshots\market_snapshot_20260529_151212.csv","39296"
"C:\Users\trent\OneDrive\Documents\EDGEIQ_PLATFORM\public\data\market_snapshots\market_snapshot_20260529_151322.csv","39296"
"C:\Users\trent\OneDrive\Documents\EDGEIQ_PLATFORM\public\data\market_snapshots\market_snapshot_20260529_151433.csv","39296"
"C:\Users\trent\OneDrive\Documents\EDGEIQ_PLATFORM\public\data\market_snapshots\market_snapshot_20260529_151545.csv","39296"
"C:\Users\trent\OneDrive\Documents\EDGEIQ_PLATFORM\public\data\market_snapshots\market_snapshot_20260529_151655.csv","39276"
"C:\Users\trent\OneDrive\Documents\EDGEIQ_PLATFORM\public\data\market_snapshots\market_snapshot_20260529_151806.csv","39286"
"C:\Users\trent\OneDrive\Documents\EDGEIQ_PLATFORM\public\data\market_snapshots\market_snapshot_20260529_151917.csv","39286"
"C:\Users\trent\OneDrive\Documents\EDGEIQ_PLATFORM\public\data\market_snapshots\market_snapshot_20260529_152028.csv","39286"
"C:\Users\trent\OneDrive\Documents\EDGEIQ_PLATFORM\public\data\market_snapshots\market_snapshot_20260529_152138.csv","39276"
"C:\Users\trent\OneDrive\Documents\EDGEIQ_PLATFORM\public\data\market_snapshots\market_snapshot_20260529_152249.csv","39286"
"C:\Users\trent\OneDrive\Documents\EDGEIQ_PLATFORM\public\data\market_snapshots\market_snapshot_20260529_152359.csv","39286"
"C:\Users\trent\OneDrive\Documents\EDGEIQ_PLATFORM\public\data\market_snapshots\market_snapshot_20260529_152510.csv","39286"
"C:\Users\trent\OneDrive\Documents\EDGEIQ_PLATFORM\public\data\market_snapshots\market_snapshot_20260529_152620.csv","39276"
"C:\Users\trent\OneDrive\Documents\EDGEIQ_PLATFORM\public\data\market_snapshots\market_snapshot_20260529_152730.csv","39271"
"C:\Users\trent\OneDrive\Documents\EDGEIQ_PLATFORM\public\data\market_snapshots\market_snapshot_20260529_152842.csv","39271"
"C:\Users\trent\OneDrive\Documents\EDGEIQ_PLATFORM\public\data\market_snapshots\market_snapshot_20260529_152952.csv","39266"
"C:\Users\trent\OneDrive\Documents\EDGEIQ_PLATFORM\public\data\market_snapshots\market_snapshot_20260529_153104.csv","39266"
"C:\Users\trent\OneDrive\Documents\EDGEIQ_PLATFORM\public\data\market_snapshots\market_snapshot_20260529_153215.csv","35955"
"C:\Users\trent\OneDrive\Documents\EDGEIQ_PLATFORM\public\data\market_snapshots\market_snapshot_20260529_153324.csv","35950"
"C:\Users\trent\OneDrive\Documents\EDGEIQ_PLATFORM\public\data\market_snapshots\market_snapshot_20260529_153434.csv","35950"
"C:\Users\trent\OneDrive\Documents\EDGEIQ_PLATFORM\public\data\market_snapshots\market_snapshot_20260529_153544.csv","35950"
"C:\Users\trent\OneDrive\Documents\EDGEIQ_PLATFORM\public\data\market_snapshots\market_snapshot_20260529_153654.csv","35950"
"C:\Users\trent\OneDrive\Documents\EDGEIQ_PLATFORM\public\data\market_snapshots\market_snapshot_20260529_153805.csv","35950"
"C:\Users\trent\OneDrive\Documents\EDGEIQ_PLATFORM\public\data\market_snapshots\market_snapshot_20260529_153915.csv","35950"
"C:\Users\trent\OneDrive\Documents\EDGEIQ_PLATFORM\public\data\market_snapshots\market_snapshot_20260529_154026.csv","35950"
"C:\Users\trent\OneDrive\Documents\EDGEIQ_PLATFORM\public\data\market_snapshots\market_snapshot_20260529_154137.csv","35950"
"C:\Users\trent\OneDrive\Documents\EDGEIQ_PLATFORM\public\data\market_snapshots\market_snapshot_20260529_154248.csv","35945"
"C:\Users\trent\OneDrive\Documents\EDGEIQ_PLATFORM\public\data\market_snapshots\market_snapshot_20260529_154358.csv","35945"
"C:\Users\trent\OneDrive\Documents\EDGEIQ_PLATFORM\public\data\market_snapshots\market_snapshot_20260529_154508.csv","35945"
"C:\Users\trent\OneDrive\Documents\EDGEIQ_PLATFORM\public\data\market_snapshots\market_snapshot_20260529_154617.csv","35960"
"C:\Users\trent\OneDrive\Documents\EDGEIQ_PLATFORM\public\data\market_snapshots\market_snapshot_20260529_154728.csv","35965"
"C:\Users\trent\OneDrive\Documents\EDGEIQ_PLATFORM\public\data\market_snapshots\market_snapshot_20260529_154839.csv","35970"
"C:\Users\trent\OneDrive\Documents\EDGEIQ_PLATFORM\public\data\market_snapshots\market_snapshot_20260529_154949.csv","35970"
"C:\Users\trent\OneDrive\Documents\EDGEIQ_PLATFORM\public\data\market_snapshots\market_snapshot_20260529_155100.csv","35965"
"C:\Users\trent\OneDrive\Documents\EDGEIQ_PLATFORM\public\data\market_snapshots\market_snapshot_20260529_155210.csv","35965"
"C:\Users\trent\OneDrive\Documents\EDGEIQ_PLATFORM\public\data\market_snapshots\market_snapshot_20260529_155321.csv","35965"
"C:\Users\trent\OneDrive\Documents\EDGEIQ_PLATFORM\public\data\market_snapshots\market_snapshot_20260529_155432.csv","35965"
"C:\Users\trent\OneDrive\Documents\EDGEIQ_PLATFORM\public\data\market_snapshots\market_snapshot_20260529_155541.csv","35955"
"C:\Users\trent\OneDrive\Documents\EDGEIQ_PLATFORM\public\data\market_snapshots\market_snapshot_20260529_155651.csv","35960"
"C:\Users\trent\OneDrive\Documents\EDGEIQ_PLATFORM\public\data\market_snapshots\market_snapshot_20260529_155803.csv","35960"
"C:\Users\trent\OneDrive\Documents\EDGEIQ_PLATFORM\public\data\market_snapshots\market_snapshot_20260529_155913.csv","35955"
"C:\Users\trent\OneDrive\Documents\EDGEIQ_PLATFORM\public\data\market_snapshots\market_snapshot_20260529_160024.csv","35955"
"C:\Users\trent\OneDrive\Documents\EDGEIQ_PLATFORM\public\data\market_snapshots\market_snapshot_20260529_160134.csv","35965"
"C:\Users\trent\OneDrive\Documents\EDGEIQ_PLATFORM\public\data\market_snapshots\market_snapshot_20260529_160245.csv","33198"
"C:\Users\trent\OneDrive\Documents\EDGEIQ_PLATFORM\public\data\market_snapshots\market_snapshot_20260529_160355.csv","33198"
"C:\Users\trent\OneDrive\Documents\EDGEIQ_PLATFORM\public\data\market_snapshots\market_snapshot_20260529_160506.csv","33198"
"C:\Users\trent\OneDrive\Documents\EDGEIQ_PLATFORM\public\data\market_snapshots\market_snapshot_20260529_160615.csv","33198"
"C:\Users\trent\OneDrive\Documents\EDGEIQ_PLATFORM\public\data\market_snapshots\market_snapshot_20260529_160725.csv","33198"
"C:\Users\trent\OneDrive\Documents\EDGEIQ_PLATFORM\public\data\market_snapshots\market_snapshot_20260529_160835.csv","33198"
"C:\Users\trent\OneDrive\Documents\EDGEIQ_PLATFORM\public\data\market_snapshots\market_snapshot_20260529_160947.csv","33198"
"C:\Users\trent\OneDrive\Documents\EDGEIQ_PLATFORM\public\data\market_snapshots\market_snapshot_20260529_161056.csv","33198"
"C:\Users\trent\OneDrive\Documents\EDGEIQ_PLATFORM\public\data\market_snapshots\market_snapshot_20260529_161208.csv","33193"
"C:\Users\trent\OneDrive\Documents\EDGEIQ_PLATFORM\public\data\market_snapshots\market_snapshot_20260529_161319.csv","33188"
"C:\Users\trent\OneDrive\Documents\EDGEIQ_PLATFORM\public\data\market_snapshots\market_snapshot_20260529_161429.csv","33188"
"C:\Users\trent\OneDrive\Documents\EDGEIQ_PLATFORM\public\data\market_snapshots\market_snapshot_20260529_161539.csv","33188"
"C:\Users\trent\OneDrive\Documents\EDGEIQ_PLATFORM\public\data\market_snapshots\market_snapshot_20260529_161650.csv","33198"
"C:\Users\trent\OneDrive\Documents\EDGEIQ_PLATFORM\public\data\market_snapshots\market_snapshot_20260529_161800.csv","33198"
"C:\Users\trent\OneDrive\Documents\EDGEIQ_PLATFORM\public\data\market_snapshots\market_snapshot_20260529_161910.csv","33203"
"C:\Users\trent\OneDrive\Documents\EDGEIQ_PLATFORM\public\data\market_snapshots\market_snapshot_20260529_162020.csv","33203"
"C:\Users\trent\OneDrive\Documents\EDGEIQ_PLATFORM\public\data\market_snapshots\market_snapshot_20260529_162131.csv","33203"
"C:\Users\trent\OneDrive\Documents\EDGEIQ_PLATFORM\public\data\market_snapshots\market_snapshot_20260529_162242.csv","33203"
"C:\Users\trent\OneDrive\Documents\EDGEIQ_PLATFORM\public\data\market_snapshots\market_snapshot_20260529_162352.csv","33203"
"C:\Users\trent\OneDrive\Documents\EDGEIQ_PLATFORM\public\data\market_snapshots\market_snapshot_20260529_162504.csv","33203"
"C:\Users\trent\OneDrive\Documents\EDGEIQ_PLATFORM\public\data\market_snapshots\market_snapshot_20260529_162614.csv","33198"
"C:\Users\trent\OneDrive\Documents\EDGEIQ_PLATFORM\public\data\market_snapshots\market_snapshot_20260529_162724.csv","33183"
"C:\Users\trent\OneDrive\Documents\EDGEIQ_PLATFORM\public\data\market_snapshots\market_snapshot_20260529_162834.csv","33178"
"C:\Users\trent\OneDrive\Documents\EDGEIQ_PLATFORM\public\data\market_snapshots\market_snapshot_20260529_162944.csv","33178"
"C:\Users\trent\OneDrive\Documents\EDGEIQ_PLATFORM\public\data\market_snapshots\market_snapshot_20260529_163054.csv","33183"
"C:\Users\trent\OneDrive\Documents\EDGEIQ_PLATFORM\public\data\market_snapshots\market_snapshot_20260529_163204.csv","33522"
"C:\Users\trent\OneDrive\Documents\EDGEIQ_PLATFORM\public\data\market_snapshots\market_snapshot_20260529_163314.csv","33522"
"C:\Users\trent\OneDrive\Documents\EDGEIQ_PLATFORM\public\data\market_snapshots\market_snapshot_20260529_163424.csv","33522"
"C:\Users\trent\OneDrive\Documents\EDGEIQ_PLATFORM\public\data\market_snapshots\market_snapshot_20260529_163534.csv","33522"
"C:\Users\trent\OneDrive\Documents\EDGEIQ_PLATFORM\public\data\market_snapshots\market_snapshot_20260529_163644.csv","33517"
"C:\Users\trent\OneDrive\Documents\EDGEIQ_PLATFORM\public\data\market_snapshots\market_snapshot_20260529_163755.csv","33517"
"C:\Users\trent\OneDrive\Documents\EDGEIQ_PLATFORM\public\data\market_snapshots\market_snapshot_20260529_163906.csv","33534"
"C:\Users\trent\OneDrive\Documents\EDGEIQ_PLATFORM\public\data\market_snapshots\market_snapshot_20260529_164017.csv","33524"
"C:\Users\trent\OneDrive\Documents\EDGEIQ_PLATFORM\public\data\market_snapshots\market_snapshot_20260529_164129.csv","33519"
"C:\Users\trent\OneDrive\Documents\EDGEIQ_PLATFORM\public\data\market_snapshots\market_snapshot_20260529_164239.csv","33519"
"C:\Users\trent\OneDrive\Documents\EDGEIQ_PLATFORM\public\data\market_snapshots\market_snapshot_20260529_164349.csv","33519"
"C:\Users\trent\OneDrive\Documents\EDGEIQ_PLATFORM\public\data\market_snapshots\market_snapshot_20260529_164459.csv","33519"
"C:\Users\trent\OneDrive\Documents\EDGEIQ_PLATFORM\public\data\market_snapshots\market_snapshot_20260529_164609.csv","33514"
"C:\Users\trent\OneDrive\Documents\EDGEIQ_PLATFORM\public\data\market_snapshots\market_snapshot_20260529_164719.csv","30971"
"C:\Users\trent\OneDrive\Documents\EDGEIQ_PLATFORM\public\data\market_snapshots\market_snapshot_20260529_164829.csv","30971"
"C:\Users\trent\OneDrive\Documents\EDGEIQ_PLATFORM\public\data\market_snapshots\market_snapshot_20260529_164939.csv","30971"
"C:\Users\trent\OneDrive\Documents\EDGEIQ_PLATFORM\public\data\market_snapshots\market_snapshot_20260529_165049.csv","30971"
"C:\Users\trent\OneDrive\Documents\EDGEIQ_PLATFORM\public\data\market_snapshots\market_snapshot_20260529_165201.csv","30971"
"C:\Users\trent\OneDrive\Documents\EDGEIQ_PLATFORM\public\data\market_snapshots\market_snapshot_20260529_165311.csv","30971"
"C:\Users\trent\OneDrive\Documents\EDGEIQ_PLATFORM\public\data\market_snapshots\market_snapshot_20260529_165421.csv","30971"
"C:\Users\trent\OneDrive\Documents\EDGEIQ_PLATFORM\public\data\market_snapshots\market_snapshot_20260529_165531.csv","30976"
"C:\Users\trent\OneDrive\Documents\EDGEIQ_PLATFORM\public\data\market_snapshots\market_snapshot_20260529_165641.csv","30986"
"C:\Users\trent\OneDrive\Documents\EDGEIQ_PLATFORM\public\data\market_snapshots\market_snapshot_20260529_165750.csv","31001"
"C:\Users\trent\OneDrive\Documents\EDGEIQ_PLATFORM\public\data\market_snapshots\market_snapshot_20260529_165901.csv","31001"
"C:\Users\trent\OneDrive\Documents\EDGEIQ_PLATFORM\public\data\market_snapshots\market_snapshot_20260529_170013.csv","31001"
"C:\Users\trent\OneDrive\Documents\EDGEIQ_PLATFORM\public\data\market_snapshots\market_snapshot_20260529_170123.csv","31001"
"C:\Users\trent\OneDrive\Documents\EDGEIQ_PLATFORM\public\data\market_snapshots\market_snapshot_20260529_170234.csv","31001"
"C:\Users\trent\OneDrive\Documents\EDGEIQ_PLATFORM\public\data\market_snapshots\market_snapshot_20260529_170344.csv","30981"
"C:\Users\trent\OneDrive\Documents\EDGEIQ_PLATFORM\public\data\market_snapshots\market_snapshot_20260529_170454.csv","30981"
"C:\Users\trent\OneDrive\Documents\EDGEIQ_PLATFORM\public\data\market_snapshots\market_snapshot_20260529_170608.csv","30981"
"C:\Users\trent\OneDrive\Documents\EDGEIQ_PLATFORM\public\data\market_snapshots\market_snapshot_20260529_170717.csv","30981"
"C:\Users\trent\OneDrive\Documents\EDGEIQ_PLATFORM\public\data\market_snapshots\market_snapshot_20260529_170828.csv","30981"
"C:\Users\trent\OneDrive\Documents\EDGEIQ_PLATFORM\public\data\market_snapshots\market_snapshot_20260529_170938.csv","30986"
"C:\Users\trent\OneDrive\Documents\EDGEIQ_PLATFORM\public\data\market_snapshots\market_snapshot_20260529_171048.csv","30986"
"C:\Users\trent\OneDrive\Documents\EDGEIQ_PLATFORM\public\data\market_snapshots\market_snapshot_20260529_171159.csv","30981"
"C:\Users\trent\OneDrive\Documents\EDGEIQ_PLATFORM\public\data\market_snapshots\market_snapshot_20260529_171310.csv","30986"
"C:\Users\trent\OneDrive\Documents\EDGEIQ_PLATFORM\public\data\market_snapshots\market_snapshot_20260529_171421.csv","30986"
"C:\Users\trent\OneDrive\Documents\EDGEIQ_PLATFORM\public\data\market_snapshots\market_snapshot_20260529_171533.csv","30986"
"C:\Users\trent\OneDrive\Documents\EDGEIQ_PLATFORM\public\data\market_snapshots\market_snapshot_20260529_171645.csv","30996"
"C:\Users\trent\OneDrive\Documents\EDGEIQ_PLATFORM\public\data\market_snapshots\market_snapshot_20260529_171758.csv","27147"
"C:\Users\trent\OneDrive\Documents\EDGEIQ_PLATFORM\public\data\market_snapshots\market_snapshot_20260529_171909.csv","27147"
"C:\Users\trent\OneDrive\Documents\EDGEIQ_PLATFORM\public\data\market_snapshots\market_snapshot_20260529_172020.csv","27147"
"C:\Users\trent\OneDrive\Documents\EDGEIQ_PLATFORM\public\data\market_snapshots\market_snapshot_20260529_172130.csv","27147"
"C:\Users\trent\OneDrive\Documents\EDGEIQ_PLATFORM\public\data\market_snapshots\market_snapshot_20260529_172241.csv","27147"
"C:\Users\trent\OneDrive\Documents\EDGEIQ_PLATFORM\public\data\market_snapshots\market_snapshot_20260529_172352.csv","27147"
"C:\Users\trent\OneDrive\Documents\EDGEIQ_PLATFORM\public\data\market_snapshots\market_snapshot_20260529_172508.csv","27147"
"C:\Users\trent\OneDrive\Documents\EDGEIQ_PLATFORM\public\data\market_snapshots\market_snapshot_20260529_172620.csv","27129"
"C:\Users\trent\OneDrive\Documents\EDGEIQ_PLATFORM\public\data\market_snapshots\market_snapshot_20260529_172731.csv","27119"
"C:\Users\trent\OneDrive\Documents\EDGEIQ_PLATFORM\public\data\market_snapshots\market_snapshot_20260529_172843.csv","27119"
"C:\Users\trent\OneDrive\Documents\EDGEIQ_PLATFORM\public\data\market_snapshots\market_snapshot_20260529_172954.csv","27119"
"C:\Users\trent\OneDrive\Documents\EDGEIQ_PLATFORM\public\data\market_snapshots\market_snapshot_20260529_173105.csv","27119"
"C:\Users\trent\OneDrive\Documents\EDGEIQ_PLATFORM\public\data\market_snapshots\market_snapshot_20260529_173215.csv","27119"
"C:\Users\trent\OneDrive\Documents\EDGEIQ_PLATFORM\public\data\market_snapshots\market_snapshot_20260529_173325.csv","27124"
"C:\Users\trent\OneDrive\Documents\EDGEIQ_PLATFORM\public\data\market_snapshots\market_snapshot_20260529_173437.csv","27124"
"C:\Users\trent\OneDrive\Documents\EDGEIQ_PLATFORM\public\data\market_snapshots\market_snapshot_20260529_173547.csv","27124"
"C:\Users\trent\OneDrive\Documents\EDGEIQ_PLATFORM\public\data\market_snapshots\market_snapshot_20260529_173658.csv","27126"
"C:\Users\trent\OneDrive\Documents\EDGEIQ_PLATFORM\public\data\market_snapshots\market_snapshot_20260529_173808.csv","27121"
"C:\Users\trent\OneDrive\Documents\EDGEIQ_PLATFORM\public\data\market_snapshots\market_snapshot_20260529_173919.csv","27121"
"C:\Users\trent\OneDrive\Documents\EDGEIQ_PLATFORM\public\data\market_snapshots\market_snapshot_20260529_174029.csv","27121"
"C:\Users\trent\OneDrive\Documents\EDGEIQ_PLATFORM\public\data\market_snapshots\market_snapshot_20260529_174140.csv","27126"
"C:\Users\trent\OneDrive\Documents\EDGEIQ_PLATFORM\public\data\market_snapshots\market_snapshot_20260529_174251.csv","27116"
"C:\Users\trent\OneDrive\Documents\EDGEIQ_PLATFORM\public\data\market_snapshots\market_snapshot_20260529_174403.csv","27116"
"C:\Users\trent\OneDrive\Documents\EDGEIQ_PLATFORM\public\data\market_snapshots\market_snapshot_20260529_174514.csv","27121"
"C:\Users\trent\OneDrive\Documents\EDGEIQ_PLATFORM\public\data\market_snapshots\market_snapshot_20260529_174627.csv","27121"
"C:\Users\trent\OneDrive\Documents\EDGEIQ_PLATFORM\public\data\market_snapshots\market_snapshot_20260529_174737.csv","24303"
"C:\Users\trent\OneDrive\Documents\EDGEIQ_PLATFORM\public\data\market_snapshots\market_snapshot_20260529_174848.csv","24303"
"C:\Users\trent\OneDrive\Documents\EDGEIQ_PLATFORM\public\data\market_snapshots\market_snapshot_20260529_174958.csv","24303"
"C:\Users\trent\OneDrive\Documents\EDGEIQ_PLATFORM\public\data\market_snapshots\market_snapshot_20260529_175109.csv","24303"
"C:\Users\trent\OneDrive\Documents\EDGEIQ_PLATFORM\public\data\market_snapshots\market_snapshot_20260529_175219.csv","24303"
"C:\Users\trent\OneDrive\Documents\EDGEIQ_PLATFORM\public\data\market_snapshots\market_snapshot_20260529_175330.csv","24303"
"C:\Users\trent\OneDrive\Documents\EDGEIQ_PLATFORM\public\data\market_snapshots\market_snapshot_20260529_175440.csv","24303"
"C:\Users\trent\OneDrive\Documents\EDGEIQ_PLATFORM\public\data\market_snapshots\market_snapshot_20260529_175551.csv","24308"
"C:\Users\trent\OneDrive\Documents\EDGEIQ_PLATFORM\public\data\market_snapshots\market_snapshot_20260529_175704.csv","24308"
"C:\Users\trent\OneDrive\Documents\EDGEIQ_PLATFORM\public\data\market_snapshots\market_snapshot_20260529_175814.csv","24303"
"C:\Users\trent\OneDrive\Documents\EDGEIQ_PLATFORM\public\data\market_snapshots\market_snapshot_20260529_175924.csv","24303"
"C:\Users\trent\OneDrive\Documents\EDGEIQ_PLATFORM\public\data\market_snapshots\market_snapshot_20260529_180034.csv","24303"
"C:\Users\trent\OneDrive\Documents\EDGEIQ_PLATFORM\public\data\market_snapshots\market_snapshot_20260529_180145.csv","24308"
"C:\Users\trent\OneDrive\Documents\EDGEIQ_PLATFORM\public\data\market_snapshots\market_snapshot_20260529_180255.csv","24313"
"C:\Users\trent\OneDrive\Documents\EDGEIQ_PLATFORM\public\data\market_snapshots\market_snapshot_20260529_180408.csv","24315"
"C:\Users\trent\OneDrive\Documents\EDGEIQ_PLATFORM\public\data\market_snapshots\market_snapshot_20260529_180520.csv","24315"
"C:\Users\trent\OneDrive\Documents\EDGEIQ_PLATFORM\public\data\market_snapshots\market_snapshot_20260529_180631.csv","24317"
"C:\Users\trent\OneDrive\Documents\EDGEIQ_PLATFORM\public\data\market_snapshots\market_snapshot_20260529_180741.csv","24317"
"C:\Users\trent\OneDrive\Documents\EDGEIQ_PLATFORM\public\data\market_snapshots\market_snapshot_20260529_180852.csv","24317"
"C:\Users\trent\OneDrive\Documents\EDGEIQ_PLATFORM\public\data\market_snapshots\market_snapshot_20260529_181006.csv","24317"
"C:\Users\trent\OneDrive\Documents\EDGEIQ_PLATFORM\public\data\market_snapshots\market_snapshot_20260529_181116.csv","24322"
"C:\Users\trent\OneDrive\Documents\EDGEIQ_PLATFORM\public\data\market_snapshots\market_snapshot_20260529_181227.csv","24312"
"C:\Users\trent\OneDrive\Documents\EDGEIQ_PLATFORM\public\data\market_snapshots\market_snapshot_20260529_181337.csv","24312"
"C:\Users\trent\OneDrive\Documents\EDGEIQ_PLATFORM\public\data\market_snapshots\market_snapshot_20260529_181448.csv","24312"
"C:\Users\trent\OneDrive\Documents\EDGEIQ_PLATFORM\public\data\market_snapshots\market_snapshot_20260529_181558.csv","24317"
"C:\Users\trent\OneDrive\Documents\EDGEIQ_PLATFORM\public\data\market_snapshots\market_snapshot_20260529_181708.csv","21016"
"C:\Users\trent\OneDrive\Documents\EDGEIQ_PLATFORM\public\data\market_snapshots\market_snapshot_20260529_181818.csv","21016"
"C:\Users\trent\OneDrive\Documents\EDGEIQ_PLATFORM\public\data\market_snapshots\market_snapshot_20260529_181929.csv","21016"
"C:\Users\trent\OneDrive\Documents\EDGEIQ_PLATFORM\public\data\market_snapshots\market_snapshot_20260529_182039.csv","21016"
"C:\Users\trent\OneDrive\Documents\EDGEIQ_PLATFORM\public\data\market_snapshots\market_snapshot_20260529_182149.csv","21016"
"C:\Users\trent\OneDrive\Documents\EDGEIQ_PLATFORM\public\data\market_snapshots\market_snapshot_20260529_182259.csv","21016"
"C:\Users\trent\OneDrive\Documents\EDGEIQ_PLATFORM\public\data\market_snapshots\market_snapshot_20260529_182410.csv","21016"
"C:\Users\trent\OneDrive\Documents\EDGEIQ_PLATFORM\public\data\market_snapshots\market_snapshot_20260529_182520.csv","21016"
"C:\Users\trent\OneDrive\Documents\EDGEIQ_PLATFORM\public\data\market_snapshots\market_snapshot_20260529_182630.csv","21016"
"C:\Users\trent\OneDrive\Documents\EDGEIQ_PLATFORM\public\data\market_snapshots\market_snapshot_20260529_182741.csv","21021"
"C:\Users\trent\OneDrive\Documents\EDGEIQ_PLATFORM\public\data\market_snapshots\market_snapshot_20260529_182850.csv","21016"
"C:\Users\trent\OneDrive\Documents\EDGEIQ_PLATFORM\public\data\market_snapshots\market_snapshot_20260529_183001.csv","21016"
"C:\Users\trent\OneDrive\Documents\EDGEIQ_PLATFORM\public\data\market_snapshots\market_snapshot_20260529_183111.csv","21016"
"C:\Users\trent\OneDrive\Documents\EDGEIQ_PLATFORM\public\data\market_snapshots\market_snapshot_20260529_183221.csv","21016"
"C:\Users\trent\OneDrive\Documents\EDGEIQ_PLATFORM\public\data\market_snapshots\market_snapshot_20260529_183331.csv","21021"
"C:\Users\trent\OneDrive\Documents\EDGEIQ_PLATFORM\public\data\market_snapshots\market_snapshot_20260529_183443.csv","21021"
"C:\Users\trent\OneDrive\Documents\EDGEIQ_PLATFORM\public\data\market_snapshots\market_snapshot_20260529_183553.csv","21021"
"C:\Users\trent\OneDrive\Documents\EDGEIQ_PLATFORM\public\data\market_snapshots\market_snapshot_20260529_183703.csv","21031"
"C:\Users\trent\OneDrive\Documents\EDGEIQ_PLATFORM\public\data\market_snapshots\market_snapshot_20260529_183814.csv","21021"
"C:\Users\trent\OneDrive\Documents\EDGEIQ_PLATFORM\public\data\market_snapshots\market_snapshot_20260529_183924.csv","21021"
"C:\Users\trent\OneDrive\Documents\EDGEIQ_PLATFORM\public\data\market_snapshots\market_snapshot_20260529_184035.csv","21016"
"C:\Users\trent\OneDrive\Documents\EDGEIQ_PLATFORM\public\data\market_snapshots\market_snapshot_20260529_184145.csv","21021"
"C:\Users\trent\OneDrive\Documents\EDGEIQ_PLATFORM\public\data\market_snapshots\market_snapshot_20260529_184313.csv","21021"
"C:\Users\trent\OneDrive\Documents\EDGEIQ_PLATFORM\public\data\market_snapshots\market_snapshot_20260529_184422.csv","21021"
"C:\Users\trent\OneDrive\Documents\EDGEIQ_PLATFORM\public\data\market_snapshots\market_snapshot_20260529_184531.csv","21021"
"C:\Users\trent\OneDrive\Documents\EDGEIQ_PLATFORM\public\data\market_snapshots\market_snapshot_20260529_184639.csv","21021"
"C:\Users\trent\OneDrive\Documents\EDGEIQ_PLATFORM\public\data\market_snapshots\market_snapshot_20260529_184748.csv","21021"
"C:\Users\trent\OneDrive\Documents\EDGEIQ_PLATFORM\public\data\market_snapshots\market_snapshot_20260529_184857.csv","21021"
"C:\Users\trent\OneDrive\Documents\EDGEIQ_PLATFORM\public\data\market_snapshots\market_snapshot_20260529_185006.csv","21021"
"C:\Users\trent\OneDrive\Documents\EDGEIQ_PLATFORM\public\data\market_snapshots\market_snapshot_20260529_185115.csv","21021"
"C:\Users\trent\OneDrive\Documents\EDGEIQ_PLATFORM\public\data\market_snapshots\market_snapshot_20260529_185223.csv","21021"
"C:\Users\trent\OneDrive\Documents\EDGEIQ_PLATFORM\public\data\market_snapshots\market_snapshot_20260529_185332.csv","21021"
"C:\Users\trent\OneDrive\Documents\EDGEIQ_PLATFORM\public\data\market_snapshots\market_snapshot_20260529_185441.csv","21021"
"C:\Users\trent\OneDrive\Documents\EDGEIQ_PLATFORM\public\data\market_snapshots\market_snapshot_20260529_185550.csv","21021"
"C:\Users\trent\OneDrive\Documents\EDGEIQ_PLATFORM\public\data\market_snapshots\market_snapshot_20260529_185659.csv","21021"
"C:\Users\trent\OneDrive\Documents\EDGEIQ_PLATFORM\public\data\market_snapshots\market_snapshot_20260529_185807.csv","21021"
"C:\Users\trent\OneDrive\Documents\EDGEIQ_PLATFORM\public\data\market_snapshots\market_snapshot_20260529_185916.csv","21021"
"C:\Users\trent\OneDrive\Documents\EDGEIQ_PLATFORM\public\data\market_snapshots\market_snapshot_20260529_190024.csv","21021"
"C:\Users\trent\OneDrive\Documents\EDGEIQ_PLATFORM\public\data\market_snapshots\market_snapshot_20260529_190133.csv","21021"
"C:\Users\trent\OneDrive\Documents\EDGEIQ_PLATFORM\public\data\market_snapshots\market_snapshot_20260529_190242.csv","21021"
"C:\Users\trent\OneDrive\Documents\EDGEIQ_PLATFORM\public\data\market_snapshots\market_snapshot_20260529_190350.csv","21021"
"C:\Users\trent\OneDrive\Documents\EDGEIQ_PLATFORM\public\data\market_snapshots\market_snapshot_20260529_190459.csv","21021"
"C:\Users\trent\OneDrive\Documents\EDGEIQ_PLATFORM\public\data\market_snapshots\market_snapshot_20260529_190607.csv","21021"
"C:\Users\trent\OneDrive\Documents\EDGEIQ_PLATFORM\public\data\market_snapshots\market_snapshot_20260529_190716.csv","21021"
"C:\Users\trent\OneDrive\Documents\EDGEIQ_PLATFORM\public\data\market_snapshots\market_snapshot_20260529_190824.csv","21021"
"C:\Users\trent\OneDrive\Documents\EDGEIQ_PLATFORM\public\data\market_snapshots\market_snapshot_20260529_190933.csv","21021"
"C:\Users\trent\OneDrive\Documents\EDGEIQ_PLATFORM\public\data\market_snapshots\market_snapshot_20260529_191042.csv","21021"
"C:\Users\trent\OneDrive\Documents\EDGEIQ_PLATFORM\public\data\market_snapshots\market_snapshot_20260529_191150.csv","21021"
"C:\Users\trent\OneDrive\Documents\EDGEIQ_PLATFORM\public\data\market_snapshots\market_snapshot_20260529_191259.csv","21021"
"C:\Users\trent\OneDrive\Documents\EDGEIQ_PLATFORM\public\data\market_snapshots\market_snapshot_20260529_191407.csv","21021"
"C:\Users\trent\OneDrive\Documents\EDGEIQ_PLATFORM\public\data\market_snapshots\market_snapshot_20260529_191516.csv","21021"
"C:\Users\trent\OneDrive\Documents\EDGEIQ_PLATFORM\public\data\market_snapshots\market_snapshot_20260529_191625.csv","21021"
"C:\Users\trent\OneDrive\Documents\EDGEIQ_PLATFORM\public\data\market_snapshots\market_snapshot_20260529_191733.csv","21021"
"C:\Users\trent\OneDrive\Documents\EDGEIQ_PLATFORM\public\data\market_snapshots\market_snapshot_20260529_191842.csv","21021"
"C:\Users\trent\OneDrive\Documents\EDGEIQ_PLATFORM\public\data\market_snapshots\market_snapshot_20260529_191950.csv","21021"
"C:\Users\trent\OneDrive\Documents\EDGEIQ_PLATFORM\public\data\market_snapshots\market_snapshot_20260529_192059.csv","21021"
"C:\Users\trent\OneDrive\Documents\EDGEIQ_PLATFORM\public\data\market_snapshots\market_snapshot_20260529_192208.csv","21021"
"C:\Users\trent\OneDrive\Documents\EDGEIQ_PLATFORM\public\data\market_snapshots\market_snapshot_20260529_192316.csv","21021"
"C:\Users\trent\OneDrive\Documents\EDGEIQ_PLATFORM\public\data\market_snapshots\market_snapshot_20260529_192425.csv","21021"
"C:\Users\trent\OneDrive\Documents\EDGEIQ_PLATFORM\public\data\market_snapshots\market_snapshot_20260529_192536.csv","21021"
"C:\Users\trent\OneDrive\Documents\EDGEIQ_PLATFORM\public\data\racingcom_rendered_speed_data_batches\batch_0000_audit.csv","518"
"C:\Users\trent\OneDrive\Documents\EDGEIQ_PLATFORM\public\data\racingcom_rendered_speed_data_batches\batch_0000_normalised.csv","375392"
"C:\Users\trent\OneDrive\Documents\EDGEIQ_PLATFORM\public\data\racingcom_rendered_speed_data_batches\batch_0000_raw.csv","1591352"
"C:\Users\trent\OneDrive\Documents\EDGEIQ_PLATFORM\public\data\racingcom_rendered_speed_data_batches\batch_0000_splits.csv","3436789"
"C:\Users\trent\OneDrive\Documents\EDGEIQ_PLATFORM\public\data\racingcom_rendered_speed_data_batches\batch_0040_audit.csv","497"
"C:\Users\trent\OneDrive\Documents\EDGEIQ_PLATFORM\public\data\racingcom_rendered_speed_data_batches\batch_0040_normalised.csv","65301"
"C:\Users\trent\OneDrive\Documents\EDGEIQ_PLATFORM\public\data\racingcom_rendered_speed_data_batches\batch_0040_raw.csv","334580"
"C:\Users\trent\OneDrive\Documents\EDGEIQ_PLATFORM\public\data\racingcom_rendered_speed_data_batches\batch_0040_splits.csv","118"
"C:\Users\trent\OneDrive\Documents\EDGEIQ_PLATFORM\public\data\racingcom_rendered_speed_data_batches\batch_0250_audit.csv","520"
"C:\Users\trent\OneDrive\Documents\EDGEIQ_PLATFORM\public\data\racingcom_rendered_speed_data_batches\batch_0250_normalised.csv","357338"
"C:\Users\trent\OneDrive\Documents\EDGEIQ_PLATFORM\public\data\racingcom_rendered_speed_data_batches\batch_0250_raw.csv","1508599"
"C:\Users\trent\OneDrive\Documents\EDGEIQ_PLATFORM\public\data\racingcom_rendered_speed_data_batches\batch_0250_splits.csv","3400976"
"C:\Users\trent\OneDrive\Documents\EDGEIQ_PLATFORM\public\data\racingcom_rendered_speed_data_batches\batch_0500_audit.csv","520"
"C:\Users\trent\OneDrive\Documents\EDGEIQ_PLATFORM\public\data\racingcom_rendered_speed_data_batches\batch_0500_normalised.csv","418365"
"C:\Users\trent\OneDrive\Documents\EDGEIQ_PLATFORM\public\data\racingcom_rendered_speed_data_batches\batch_0500_raw.csv","1775363"
"C:\Users\trent\OneDrive\Documents\EDGEIQ_PLATFORM\public\data\racingcom_rendered_speed_data_batches\batch_0500_splits.csv","3756909"
"C:\Users\trent\OneDrive\Documents\EDGEIQ_PLATFORM\public\data\racingcom_rendered_speed_data_batches\batch_0750_audit.csv","520"
"C:\Users\trent\OneDrive\Documents\EDGEIQ_PLATFORM\public\data\racingcom_rendered_speed_data_batches\batch_0750_normalised.csv","343758"
"C:\Users\trent\OneDrive\Documents\EDGEIQ_PLATFORM\public\data\racingcom_rendered_speed_data_batches\batch_0750_raw.csv","1442441"
"C:\Users\trent\OneDrive\Documents\EDGEIQ_PLATFORM\public\data\racingcom_rendered_speed_data_batches\batch_0750_splits.csv","3027229"
"C:\Users\trent\OneDrive\Documents\EDGEIQ_PLATFORM\public\data\racingcom_rendered_speed_data_batches\batch_1000_audit.csv","521"
"C:\Users\trent\OneDrive\Documents\EDGEIQ_PLATFORM\public\data\racingcom_rendered_speed_data_batches\batch_1000_normalised.csv","375346"
"C:\Users\trent\OneDrive\Documents\EDGEIQ_PLATFORM\public\data\racingcom_rendered_speed_data_batches\batch_1000_raw.csv","1589497"
"C:\Users\trent\OneDrive\Documents\EDGEIQ_PLATFORM\public\data\racingcom_rendered_speed_data_batches\batch_1000_splits.csv","3596280"
"C:\Users\trent\OneDrive\Documents\EDGEIQ_PLATFORM\public\data\racingcom_rendered_speed_data_batches\batch_10250_audit.csv","528"
"C:\Users\trent\OneDrive\Documents\EDGEIQ_PLATFORM\public\data\racingcom_rendered_speed_data_batches\batch_10250_normalised.csv","1474430"
"C:\Users\trent\OneDrive\Documents\EDGEIQ_PLATFORM\public\data\racingcom_rendered_speed_data_batches\batch_10250_raw.csv","6397528"
"C:\Users\trent\OneDrive\Documents\EDGEIQ_PLATFORM\public\data\racingcom_rendered_speed_data_batches\batch_10250_splits.csv","11988646"
"C:\Users\trent\OneDrive\Documents\EDGEIQ_PLATFORM\public\data\racingcom_rendered_speed_data_batches\batch_11250_audit.csv","528"
"C:\Users\trent\OneDrive\Documents\EDGEIQ_PLATFORM\public\data\racingcom_rendered_speed_data_batches\batch_11250_normalised.csv","1740838"
"C:\Users\trent\OneDrive\Documents\EDGEIQ_PLATFORM\public\data\racingcom_rendered_speed_data_batches\batch_11250_raw.csv","7606291"
"C:\Users\trent\OneDrive\Documents\EDGEIQ_PLATFORM\public\data\racingcom_rendered_speed_data_batches\batch_11250_splits.csv","12842480"
"C:\Users\trent\OneDrive\Documents\EDGEIQ_PLATFORM\public\data\racingcom_rendered_speed_data_batches\batch_12250_audit.csv","528"
"C:\Users\trent\OneDrive\Documents\EDGEIQ_PLATFORM\public\data\racingcom_rendered_speed_data_batches\batch_12250_normalised.csv","1563669"
"C:\Users\trent\OneDrive\Documents\EDGEIQ_PLATFORM\public\data\racingcom_rendered_speed_data_batches\batch_12250_raw.csv","7235667"
"C:\Users\trent\OneDrive\Documents\EDGEIQ_PLATFORM\public\data\racingcom_rendered_speed_data_batches\batch_12250_splits.csv","9155985"
"C:\Users\trent\OneDrive\Documents\EDGEIQ_PLATFORM\public\data\racingcom_rendered_speed_data_batches\batch_1250_audit.csv","521"
"C:\Users\trent\OneDrive\Documents\EDGEIQ_PLATFORM\public\data\racingcom_rendered_speed_data_batches\batch_1250_normalised.csv","817570"
"C:\Users\trent\OneDrive\Documents\EDGEIQ_PLATFORM\public\data\racingcom_rendered_speed_data_batches\batch_1250_raw.csv","3373088"
"C:\Users\trent\OneDrive\Documents\EDGEIQ_PLATFORM\public\data\racingcom_rendered_speed_data_batches\batch_1250_splits.csv","8319605"
"C:\Users\trent\OneDrive\Documents\EDGEIQ_PLATFORM\public\data\racingcom_rendered_speed_data_batches\batch_13250_audit.csv","528"
"C:\Users\trent\OneDrive\Documents\EDGEIQ_PLATFORM\public\data\racingcom_rendered_speed_data_batches\batch_13250_normalised.csv","1626504"
"C:\Users\trent\OneDrive\Documents\EDGEIQ_PLATFORM\public\data\racingcom_rendered_speed_data_batches\batch_13250_raw.csv","7408593"
"C:\Users\trent\OneDrive\Documents\EDGEIQ_PLATFORM\public\data\racingcom_rendered_speed_data_batches\batch_13250_splits.csv","10219918"
"C:\Users\trent\OneDrive\Documents\EDGEIQ_PLATFORM\public\data\racingcom_rendered_speed_data_batches\batch_14250_audit.csv","528"
"C:\Users\trent\OneDrive\Documents\EDGEIQ_PLATFORM\public\data\racingcom_rendered_speed_data_batches\batch_14250_normalised.csv","1230260"
"C:\Users\trent\OneDrive\Documents\EDGEIQ_PLATFORM\public\data\racingcom_rendered_speed_data_batches\batch_14250_raw.csv","5598008"
"C:\Users\trent\OneDrive\Documents\EDGEIQ_PLATFORM\public\data\racingcom_rendered_speed_data_batches\batch_14250_splits.csv","7438053"
"C:\Users\trent\OneDrive\Documents\EDGEIQ_PLATFORM\public\data\racingcom_rendered_speed_data_batches\batch_15250_audit.csv","528"
"C:\Users\trent\OneDrive\Documents\EDGEIQ_PLATFORM\public\data\racingcom_rendered_speed_data_batches\batch_15250_normalised.csv","1090794"
"C:\Users\trent\OneDrive\Documents\EDGEIQ_PLATFORM\public\data\racingcom_rendered_speed_data_batches\batch_15250_raw.csv","5099724"
"C:\Users\trent\OneDrive\Documents\EDGEIQ_PLATFORM\public\data\racingcom_rendered_speed_data_batches\batch_15250_splits.csv","4888431"
"C:\Users\trent\OneDrive\Documents\EDGEIQ_PLATFORM\public\data\racingcom_rendered_speed_data_batches\batch_16250_audit.csv","528"
"C:\Users\trent\OneDrive\Documents\EDGEIQ_PLATFORM\public\data\racingcom_rendered_speed_data_batches\batch_16250_normalised.csv","1255384"
"C:\Users\trent\OneDrive\Documents\EDGEIQ_PLATFORM\public\data\racingcom_rendered_speed_data_batches\batch_16250_raw.csv","5670395"
"C:\Users\trent\OneDrive\Documents\EDGEIQ_PLATFORM\public\data\racingcom_rendered_speed_data_batches\batch_16250_splits.csv","7552846"
"C:\Users\trent\OneDrive\Documents\EDGEIQ_PLATFORM\public\data\racingcom_rendered_speed_data_batches\batch_17250_audit.csv","526"
"C:\Users\trent\OneDrive\Documents\EDGEIQ_PLATFORM\public\data\racingcom_rendered_speed_data_batches\batch_17250_normalised.csv","909586"
"C:\Users\trent\OneDrive\Documents\EDGEIQ_PLATFORM\public\data\racingcom_rendered_speed_data_batches\batch_17250_raw.csv","4230746"
"C:\Users\trent\OneDrive\Documents\EDGEIQ_PLATFORM\public\data\racingcom_rendered_speed_data_batches\batch_17250_splits.csv","4600024"
"C:\Users\trent\OneDrive\Documents\EDGEIQ_PLATFORM\public\data\racingcom_rendered_speed_data_batches\batch_1750_audit.csv","522"
"C:\Users\trent\OneDrive\Documents\EDGEIQ_PLATFORM\public\data\racingcom_rendered_speed_data_batches\batch_1750_normalised.csv","893530"
"C:\Users\trent\OneDrive\Documents\EDGEIQ_PLATFORM\public\data\racingcom_rendered_speed_data_batches\batch_1750_raw.csv","3672176"
"C:\Users\trent\OneDrive\Documents\EDGEIQ_PLATFORM\public\data\racingcom_rendered_speed_data_batches\batch_1750_splits.csv","8556761"
"C:\Users\trent\OneDrive\Documents\EDGEIQ_PLATFORM\public\data\racingcom_rendered_speed_data_batches\batch_17750_audit.csv","516"
"C:\Users\trent\OneDrive\Documents\EDGEIQ_PLATFORM\public\data\racingcom_rendered_speed_data_batches\batch_17750_normalised.csv","102595"
"C:\Users\trent\OneDrive\Documents\EDGEIQ_PLATFORM\public\data\racingcom_rendered_speed_data_batches\batch_17750_raw.csv","473242"
"C:\Users\trent\OneDrive\Documents\EDGEIQ_PLATFORM\public\data\racingcom_rendered_speed_data_batches\batch_17750_splits.csv","492689"
"C:\Users\trent\OneDrive\Documents\EDGEIQ_PLATFORM\public\data\racingcom_rendered_speed_data_batches\batch_2250_audit.csv","524"
"C:\Users\trent\OneDrive\Documents\EDGEIQ_PLATFORM\public\data\racingcom_rendered_speed_data_batches\batch_2250_normalised.csv","927798"
"C:\Users\trent\OneDrive\Documents\EDGEIQ_PLATFORM\public\data\racingcom_rendered_speed_data_batches\batch_2250_raw.csv","3996529"
"C:\Users\trent\OneDrive\Documents\EDGEIQ_PLATFORM\public\data\racingcom_rendered_speed_data_batches\batch_2250_splits.csv","7025461"
"C:\Users\trent\OneDrive\Documents\EDGEIQ_PLATFORM\public\data\racingcom_rendered_speed_data_batches\batch_2750_audit.csv","524"
"C:\Users\trent\OneDrive\Documents\EDGEIQ_PLATFORM\public\data\racingcom_rendered_speed_data_batches\batch_2750_normalised.csv","901067"
"C:\Users\trent\OneDrive\Documents\EDGEIQ_PLATFORM\public\data\racingcom_rendered_speed_data_batches\batch_2750_raw.csv","3980646"
"C:\Users\trent\OneDrive\Documents\EDGEIQ_PLATFORM\public\data\racingcom_rendered_speed_data_batches\batch_2750_splits.csv","6814285"
"C:\Users\trent\OneDrive\Documents\EDGEIQ_PLATFORM\public\data\racingcom_rendered_speed_data_batches\batch_3250_audit.csv","524"
"C:\Users\trent\OneDrive\Documents\EDGEIQ_PLATFORM\public\data\racingcom_rendered_speed_data_batches\batch_3250_normalised.csv","861685"
"C:\Users\trent\OneDrive\Documents\EDGEIQ_PLATFORM\public\data\racingcom_rendered_speed_data_batches\batch_3250_raw.csv","3857695"
"C:\Users\trent\OneDrive\Documents\EDGEIQ_PLATFORM\public\data\racingcom_rendered_speed_data_batches\batch_3250_splits.csv","6617158"
"C:\Users\trent\OneDrive\Documents\EDGEIQ_PLATFORM\public\data\racingcom_rendered_speed_data_batches\batch_3750_audit.csv","523"
"C:\Users\trent\OneDrive\Documents\EDGEIQ_PLATFORM\public\data\racingcom_rendered_speed_data_batches\batch_3750_normalised.csv","772153"
"C:\Users\trent\OneDrive\Documents\EDGEIQ_PLATFORM\public\data\racingcom_rendered_speed_data_batches\batch_3750_raw.csv","3399467"
"C:\Users\trent\OneDrive\Documents\EDGEIQ_PLATFORM\public\data\racingcom_rendered_speed_data_batches\batch_3750_splits.csv","6209323"
"C:\Users\trent\OneDrive\Documents\EDGEIQ_PLATFORM\public\data\racingcom_rendered_speed_data_batches\batch_4250_audit.csv","523"
"C:\Users\trent\OneDrive\Documents\EDGEIQ_PLATFORM\public\data\racingcom_rendered_speed_data_batches\batch_4250_normalised.csv","668820"
"C:\Users\trent\OneDrive\Documents\EDGEIQ_PLATFORM\public\data\racingcom_rendered_speed_data_batches\batch_4250_raw.csv","2984264"
"C:\Users\trent\OneDrive\Documents\EDGEIQ_PLATFORM\public\data\racingcom_rendered_speed_data_batches\batch_4250_splits.csv","4635487"
"C:\Users\trent\OneDrive\Documents\EDGEIQ_PLATFORM\public\data\racingcom_rendered_speed_data_batches\batch_4750_audit.csv","523"
"C:\Users\trent\OneDrive\Documents\EDGEIQ_PLATFORM\public\data\racingcom_rendered_speed_data_batches\batch_4750_normalised.csv","774141"
"C:\Users\trent\OneDrive\Documents\EDGEIQ_PLATFORM\public\data\racingcom_rendered_speed_data_batches\batch_4750_raw.csv","3453350"
"C:\Users\trent\OneDrive\Documents\EDGEIQ_PLATFORM\public\data\racingcom_rendered_speed_data_batches\batch_4750_splits.csv","5174037"
"C:\Users\trent\OneDrive\Documents\EDGEIQ_PLATFORM\public\data\racingcom_rendered_speed_data_batches\batch_5250_audit.csv","527"
"C:\Users\trent\OneDrive\Documents\EDGEIQ_PLATFORM\public\data\racingcom_rendered_speed_data_batches\batch_5250_normalised.csv","1558265"
"C:\Users\trent\OneDrive\Documents\EDGEIQ_PLATFORM\public\data\racingcom_rendered_speed_data_batches\batch_5250_raw.csv","6852535"
"C:\Users\trent\OneDrive\Documents\EDGEIQ_PLATFORM\public\data\racingcom_rendered_speed_data_batches\batch_5250_splits.csv","11860784"
"C:\Users\trent\OneDrive\Documents\EDGEIQ_PLATFORM\public\data\racingcom_rendered_speed_data_batches\batch_6250_audit.csv","527"
"C:\Users\trent\OneDrive\Documents\EDGEIQ_PLATFORM\public\data\racingcom_rendered_speed_data_batches\batch_6250_normalised.csv","1661392"
"C:\Users\trent\OneDrive\Documents\EDGEIQ_PLATFORM\public\data\racingcom_rendered_speed_data_batches\batch_6250_raw.csv","7228355"
"C:\Users\trent\OneDrive\Documents\EDGEIQ_PLATFORM\public\data\racingcom_rendered_speed_data_batches\batch_6250_splits.csv","12183126"
"C:\Users\trent\OneDrive\Documents\EDGEIQ_PLATFORM\public\data\racingcom_rendered_speed_data_batches\batch_7250_audit.csv","527"
"C:\Users\trent\OneDrive\Documents\EDGEIQ_PLATFORM\public\data\racingcom_rendered_speed_data_batches\batch_7250_normalised.csv","1542167"
"C:\Users\trent\OneDrive\Documents\EDGEIQ_PLATFORM\public\data\racingcom_rendered_speed_data_batches\batch_7250_raw.csv","6765737"
"C:\Users\trent\OneDrive\Documents\EDGEIQ_PLATFORM\public\data\racingcom_rendered_speed_data_batches\batch_7250_splits.csv","12952130"
"C:\Users\trent\OneDrive\Documents\EDGEIQ_PLATFORM\public\data\racingcom_rendered_speed_data_batches\batch_8250_audit.csv","527"
"C:\Users\trent\OneDrive\Documents\EDGEIQ_PLATFORM\public\data\racingcom_rendered_speed_data_batches\batch_8250_normalised.csv","1403223"
"C:\Users\trent\OneDrive\Documents\EDGEIQ_PLATFORM\public\data\racingcom_rendered_speed_data_batches\batch_8250_raw.csv","6134185"
"C:\Users\trent\OneDrive\Documents\EDGEIQ_PLATFORM\public\data\racingcom_rendered_speed_data_batches\batch_8250_splits.csv","11161940"
"C:\Users\trent\OneDrive\Documents\EDGEIQ_PLATFORM\public\data\racingcom_rendered_speed_data_batches\batch_9250_audit.csv","527"
"C:\Users\trent\OneDrive\Documents\EDGEIQ_PLATFORM\public\data\racingcom_rendered_speed_data_batches\batch_9250_normalised.csv","1306941"
"C:\Users\trent\OneDrive\Documents\EDGEIQ_PLATFORM\public\data\racingcom_rendered_speed_data_batches\batch_9250_raw.csv","5815906"
"C:\Users\trent\OneDrive\Documents\EDGEIQ_PLATFORM\public\data\racingcom_rendered_speed_data_batches\batch_9250_splits.csv","8747792"
"C:\Users\trent\OneDrive\Documents\EDGEIQ_PLATFORM\public\data\racingcom_sectionals_downloads_v1\2026-05-30_caulfield_R1_5191101_01.csv","1737"
"C:\Users\trent\OneDrive\Documents\EDGEIQ_PLATFORM\public\data\racingcom_sectionals_downloads_v1\2026-05-30_caulfield_R2_5191101_02.csv","1883"
"C:\Users\trent\OneDrive\Documents\EDGEIQ_PLATFORM\public\data\racingcom_sectionals_downloads_v1\2026-05-30_caulfield_R3_5191101_03.csv","2446"
"C:\Users\trent\OneDrive\Documents\EDGEIQ_PLATFORM\public\data\racingcom_sectionals_downloads_v1\2026-05-30_caulfield_R4_5191101_04.csv","2548"
"C:\Users\trent\OneDrive\Documents\EDGEIQ_PLATFORM\public\data\racingcom_sectionals_downloads_v1\2026-05-30_caulfield_R5_5191101_05.csv","1703"
"C:\Users\trent\OneDrive\Documents\EDGEIQ_PLATFORM\public\data\racingcom_sectionals_downloads_v1\2026-05-30_caulfield_R6_5191101_06.csv","3191"
"C:\Users\trent\OneDrive\Documents\EDGEIQ_PLATFORM\public\data\racingcom_sectionals_downloads_v1\2026-05-30_caulfield_R7_5191101_07.csv","2070"
"C:\Users\trent\OneDrive\Documents\EDGEIQ_PLATFORM\public\data\racingcom_sectionals_downloads_v1\2026-05-30_caulfield_R8_5191101_08.csv","2195"
"C:\Users\trent\OneDrive\Documents\EDGEIQ_PLATFORM\public\data\racingcom_sectionals_downloads_v1\2026-05-30_caulfield_R9_5191101_09.csv","2440"
"C:\Users\trent\OneDrive\Documents\EDGEIQ_PLATFORM\public\data\racingcom_sectionals_downloads_v1\2026-05-31_sandown-lakeside_R3_5191098_03.csv","2441"
"C:\Users\trent\OneDrive\Documents\EDGEIQ_PLATFORM\public\data\racingcom_sectionals_downloads_v1\2026-05-31_sandown-lakeside_R5_5191098_05.csv","3601"
"C:\Users\trent\OneDrive\Documents\EDGEIQ_PLATFORM\public\data\racingcom_sectionals_downloads_v1\2026-05-31_sandown-lakeside_R6_5191098_06.csv","4257"
"C:\Users\trent\OneDrive\Documents\EDGEIQ_PLATFORM\public\data\racingcom_sectionals_downloads_v1\2026-05-31_sandown-lakeside_R7_5191098_07.csv","2590"
"C:\Users\trent\OneDrive\Documents\EDGEIQ_PLATFORM\public\data\racingcom_sectionals_downloads_v1\2026-05-31_sandown-lakeside_R8_5191098_08.csv","2529"
"C:\Users\trent\OneDrive\Documents\EDGEIQ_PLATFORM\public\data\racingcom_sectionals_downloads_v1\2026-05-31_sportsbet-sandown-lakeside_R3_5191098_03.csv","2441"
"C:\Users\trent\OneDrive\Documents\EDGEIQ_PLATFORM\public\data\racingcom_sectionals_downloads_v1\2026-05-31_sportsbet-sandown-lakeside_R5_5191098_05.csv","3601"
"C:\Users\trent\OneDrive\Documents\EDGEIQ_PLATFORM\public\data\racingcom_sectionals_downloads_v1\2026-05-31_sportsbet-sandown-lakeside_R6_5191098_06.csv","4257"
"C:\Users\trent\OneDrive\Documents\EDGEIQ_PLATFORM\public\data\racingcom_sectionals_downloads_v1\2026-05-31_sportsbet-sandown-lakeside_R7_5191098_07.csv","2590"
"C:\Users\trent\OneDrive\Documents\EDGEIQ_PLATFORM\public\data\racingcom_sectionals_downloads_v1\2026-05-31_sportsbet-sandown-lakeside_R8_5191098_08.csv","2529"
"C:\Users\trent\OneDrive\Documents\EDGEIQ_PLATFORM\public\data\racingcom_sectional_history_downloads_v1\2026-05-31_sportsbet-sandown-lakeside_R3_5191098_03.csv","2441"
"C:\Users\trent\OneDrive\Documents\EDGEIQ_PLATFORM\public\data\speed_maps\speed_map_report.csv","28882"
"C:\Users\trent\OneDrive\Documents\EDGEIQ_PLATFORM\public\data\tab_calendar_race_raw_v1\2026-06-17_HEA_R1.json","53617"
"C:\Users\trent\OneDrive\Documents\EDGEIQ_PLATFORM\public\data\tab_calendar_race_raw_v1\2026-06-17_HEA_R2.json","49265"
"C:\Users\trent\OneDrive\Documents\EDGEIQ_PLATFORM\public\data\tab_calendar_race_raw_v1\2026-06-17_HEA_R3.json","89894"
"C:\Users\trent\OneDrive\Documents\EDGEIQ_PLATFORM\public\data\tab_calendar_race_raw_v1\2026-06-17_HEA_R4.json","73619"
"C:\Users\trent\OneDrive\Documents\EDGEIQ_PLATFORM\public\data\tab_calendar_race_raw_v1\2026-06-17_HEA_R5.json","112223"
"C:\Users\trent\OneDrive\Documents\EDGEIQ_PLATFORM\public\data\tab_calendar_race_raw_v1\2026-06-17_HEA_R6.json","91980"
"C:\Users\trent\OneDrive\Documents\EDGEIQ_PLATFORM\public\data\tab_calendar_race_raw_v1\2026-06-17_HEA_R7.json","94088"
"C:\Users\trent\OneDrive\Documents\EDGEIQ_PLATFORM\public\data\tab_calendar_race_raw_v1\2026-06-17_HEA_R8.json","111273"
"C:\Users\trent\OneDrive\Documents\EDGEIQ_PLATFORM\public\data\tab_calendar_race_raw_v1\2026-06-19_GEELONG_R1.json","62243"
"C:\Users\trent\OneDrive\Documents\EDGEIQ_PLATFORM\public\data\tab_calendar_race_raw_v1\2026-06-19_GEELONG_R2.json","130149"
"C:\Users\trent\OneDrive\Documents\EDGEIQ_PLATFORM\public\data\tab_calendar_race_raw_v1\2026-06-19_GEELONG_R3.json","72425"
"C:\Users\trent\OneDrive\Documents\EDGEIQ_PLATFORM\public\data\tab_calendar_race_raw_v1\2026-06-19_GEELONG_R4.json","86749"
"C:\Users\trent\OneDrive\Documents\EDGEIQ_PLATFORM\public\data\tab_calendar_race_raw_v1\2026-06-19_GEELONG_R5.json","106034"
"C:\Users\trent\OneDrive\Documents\EDGEIQ_PLATFORM\public\data\tab_calendar_race_raw_v1\2026-06-19_GEELONG_R6.json","126795"
"C:\Users\trent\OneDrive\Documents\EDGEIQ_PLATFORM\public\data\tab_calendar_race_raw_v1\2026-06-19_GEELONG_R7.json","102015"
"C:\Users\trent\OneDrive\Documents\EDGEIQ_PLATFORM\public\data\tab_calendar_race_raw_v1\2026-06-19_GEELONG_R8.json","137065"
"C:\Users\trent\OneDrive\Documents\EDGEIQ_PLATFORM\public\data\tab_calendar_race_raw_v1\2026-06-20_DONALD_R1.json","50063"
"C:\Users\trent\OneDrive\Documents\EDGEIQ_PLATFORM\public\data\tab_calendar_race_raw_v1\2026-06-20_DONALD_R2.json","51716"
"C:\Users\trent\OneDrive\Documents\EDGEIQ_PLATFORM\public\data\tab_calendar_race_raw_v1\2026-06-20_DONALD_R3.json","41724"
"C:\Users\trent\OneDrive\Documents\EDGEIQ_PLATFORM\public\data\tab_calendar_race_raw_v1\2026-06-20_DONALD_R4.json","39483"
"C:\Users\trent\OneDrive\Documents\EDGEIQ_PLATFORM\public\data\tab_calendar_race_raw_v1\2026-06-20_DONALD_R5.json","49986"
"C:\Users\trent\OneDrive\Documents\EDGEIQ_PLATFORM\public\data\tab_calendar_race_raw_v1\2026-06-20_DONALD_R6.json","52685"
"C:\Users\trent\OneDrive\Documents\EDGEIQ_PLATFORM\public\data\tab_calendar_race_raw_v1\2026-06-20_DONALD_R7.json","46908"
"C:\Users\trent\OneDrive\Documents\EDGEIQ_PLATFORM\public\data\tab_calendar_race_raw_v1\2026-06-20_FLEMINGTON_R1.json","58640"
"C:\Users\trent\OneDrive\Documents\EDGEIQ_PLATFORM\public\data\tab_calendar_race_raw_v1\2026-06-20_FLEMINGTON_R2.json","61577"
"C:\Users\trent\OneDrive\Documents\EDGEIQ_PLATFORM\public\data\tab_calendar_race_raw_v1\2026-06-20_FLEMINGTON_R3.json","56936"
"C:\Users\trent\OneDrive\Documents\EDGEIQ_PLATFORM\public\data\tab_calendar_race_raw_v1\2026-06-20_FLEMINGTON_R4.json","67690"
"C:\Users\trent\OneDrive\Documents\EDGEIQ_PLATFORM\public\data\tab_calendar_race_raw_v1\2026-06-20_FLEMINGTON_R5.json","73962"
"C:\Users\trent\OneDrive\Documents\EDGEIQ_PLATFORM\public\data\tab_calendar_race_raw_v1\2026-06-20_FLEMINGTON_R6.json","70433"
"C:\Users\trent\OneDrive\Documents\EDGEIQ_PLATFORM\public\data\tab_calendar_race_raw_v1\2026-06-20_FLEMINGTON_R7.json","67562"
"C:\Users\trent\OneDrive\Documents\EDGEIQ_PLATFORM\public\data\tab_calendar_race_raw_v1\2026-06-20_FLEMINGTON_R8.json","68068"
"C:\Users\trent\OneDrive\Documents\EDGEIQ_PLATFORM\public\data\tab_calendar_race_raw_v1\2026-06-20_FLEMINGTON_R9.json","50902"
"C:\Users\trent\OneDrive\Documents\EDGEIQ_PLATFORM\public\data\tab_calendar_race_raw_v1\2026-06-21_BALLARAT_SYNTHETIC_R5.json","2408"
"C:\Users\trent\OneDrive\Documents\EDGEIQ_PLATFORM\public\data\tab_calendar_race_raw_v1\2026-06-21_BALLARAT_SYNTHETIC_R7.json","2514"
"C:\Users\trent\OneDrive\Documents\EDGEIQ_PLATFORM\public\data\tab_calendar_race_raw_v1\2026-06-21_CRANBOURNE_R1.json","33054"
"C:\Users\trent\OneDrive\Documents\EDGEIQ_PLATFORM\public\data\tab_calendar_race_raw_v1\2026-06-21_CRANBOURNE_R2.json","58036"
"C:\Users\trent\OneDrive\Documents\EDGEIQ_PLATFORM\public\data\tab_calendar_race_raw_v1\2026-06-21_CRANBOURNE_R3.json","48461"
"C:\Users\trent\OneDrive\Documents\EDGEIQ_PLATFORM\public\data\tab_calendar_race_raw_v1\2026-06-21_CRANBOURNE_R4.json","51890"
"C:\Users\trent\OneDrive\Documents\EDGEIQ_PLATFORM\public\data\tab_calendar_race_raw_v1\2026-06-21_CRANBOURNE_R5.json","52407"
"C:\Users\trent\OneDrive\Documents\EDGEIQ_PLATFORM\public\data\tab_calendar_race_raw_v1\2026-06-21_CRANBOURNE_R6.json","44891"
"C:\Users\trent\OneDrive\Documents\EDGEIQ_PLATFORM\public\data\tab_calendar_race_raw_v1\2026-06-21_CRANBOURNE_R7.json","53087"
"C:\Users\trent\OneDrive\Documents\EDGEIQ_PLATFORM\public\data\tab_calendar_race_raw_v1\2026-06-21_CRANBOURNE_R8.json","49722"
"C:\Users\trent\OneDrive\Documents\EDGEIQ_PLATFORM\public\data\tab_calendar_race_raw_v1\2026-06-21_CRANBOURNE_R9.json","54440"
"C:\Users\trent\OneDrive\Documents\EDGEIQ_PLATFORM\public\data\tab_calendar_race_raw_v1\2026-06-22_PAKENHAM_SYNTHETIC_R1.json","33763"
"C:\Users\trent\OneDrive\Documents\EDGEIQ_PLATFORM\public\data\tab_calendar_race_raw_v1\2026-06-22_PAKENHAM_SYNTHETIC_R2.json","29960"
"C:\Users\trent\OneDrive\Documents\EDGEIQ_PLATFORM\public\data\tab_calendar_race_raw_v1\2026-06-22_PAKENHAM_SYNTHETIC_R3.json","26925"
"C:\Users\trent\OneDrive\Documents\EDGEIQ_PLATFORM\public\data\tab_calendar_race_raw_v1\2026-06-22_PAKENHAM_SYNTHETIC_R4.json","27212"
"C:\Users\trent\OneDrive\Documents\EDGEIQ_PLATFORM\public\data\tab_calendar_race_raw_v1\2026-06-22_PAKENHAM_SYNTHETIC_R5.json","35133"
"C:\Users\trent\OneDrive\Documents\EDGEIQ_PLATFORM\public\data\tab_calendar_race_raw_v1\2026-06-22_PAKENHAM_SYNTHETIC_R6.json","27260"
"C:\Users\trent\OneDrive\Documents\EDGEIQ_PLATFORM\public\data\tab_calendar_race_raw_v1\2026-06-22_PAKENHAM_SYNTHETIC_R7.json","30381"
"C:\Users\trent\OneDrive\Documents\EDGEIQ_PLATFORM\public\data\tab_calendar_race_raw_v1\2026-06-23_ECHUCA_R1.json","50408"
"C:\Users\trent\OneDrive\Documents\EDGEIQ_PLATFORM\public\data\tab_calendar_race_raw_v1\2026-06-23_ECHUCA_R2.json","70704"
"C:\Users\trent\OneDrive\Documents\EDGEIQ_PLATFORM\public\data\tab_calendar_race_raw_v1\2026-06-23_ECHUCA_R3.json","63918"
"C:\Users\trent\OneDrive\Documents\EDGEIQ_PLATFORM\public\data\tab_calendar_race_raw_v1\2026-06-23_ECHUCA_R4.json","65739"
"C:\Users\trent\OneDrive\Documents\EDGEIQ_PLATFORM\public\data\tab_calendar_race_raw_v1\2026-06-23_ECHUCA_R5.json","66180"
"C:\Users\trent\OneDrive\Documents\EDGEIQ_PLATFORM\public\data\tab_calendar_race_raw_v1\2026-06-23_ECHUCA_R6.json","56960"
"C:\Users\trent\OneDrive\Documents\EDGEIQ_PLATFORM\public\data\tab_calendar_race_raw_v1\2026-06-23_ECHUCA_R7.json","64728"
"C:\Users\trent\OneDrive\Documents\EDGEIQ_PLATFORM\public\data\tab_calendar_race_raw_v1\2026-06-23_ECHUCA_R8.json","63778"
"C:\Users\trent\OneDrive\Documents\EDGEIQ_PLATFORM\public\data\tab_calendar_race_raw_v1\2026-06-23_ECHUCA_R9.json","69458"
"C:\Users\trent\OneDrive\Documents\EDGEIQ_PLATFORM\public\data\tab_calendar_race_raw_v1\2026-06-25_BENDIGO_R1.json","62591"
"C:\Users\trent\OneDrive\Documents\EDGEIQ_PLATFORM\public\data\tab_calendar_race_raw_v1\2026-06-25_BENDIGO_R2.json","48942"
"C:\Users\trent\OneDrive\Documents\EDGEIQ_PLATFORM\public\data\tab_calendar_race_raw_v1\2026-06-25_BENDIGO_R3.json","73680"
"C:\Users\trent\OneDrive\Documents\EDGEIQ_PLATFORM\public\data\tab_calendar_race_raw_v1\2026-06-25_BENDIGO_R4.json","52409"
"C:\Users\trent\OneDrive\Documents\EDGEIQ_PLATFORM\public\data\tab_calendar_race_raw_v1\2026-06-25_BENDIGO_R5.json","69201"
"C:\Users\trent\OneDrive\Documents\EDGEIQ_PLATFORM\public\data\tab_calendar_race_raw_v1\2026-06-25_BENDIGO_R6.json","68681"
"C:\Users\trent\OneDrive\Documents\EDGEIQ_PLATFORM\public\data\tab_calendar_race_raw_v1\2026-06-25_BENDIGO_R7.json","48424"
"C:\Users\trent\OneDrive\Documents\EDGEIQ_PLATFORM\public\data\tab_calendar_race_raw_v1\2026-06-25_BENDIGO_R8.json","73120"
"C:\Users\trent\OneDrive\Documents\EDGEIQ_PLATFORM\public\data\tab_calendar_race_raw_v1\2026-06-26_BALLARAT_SYNTHETIC_R1.json","21599"
"C:\Users\trent\OneDrive\Documents\EDGEIQ_PLATFORM\public\data\tab_calendar_race_raw_v1\2026-06-26_BALLARAT_SYNTHETIC_R2.json","24014"
"C:\Users\trent\OneDrive\Documents\EDGEIQ_PLATFORM\public\data\tab_calendar_race_raw_v1\2026-06-26_BALLARAT_SYNTHETIC_R3.json","25520"
"C:\Users\trent\OneDrive\Documents\EDGEIQ_PLATFORM\public\data\tab_calendar_race_raw_v1\2026-06-26_BALLARAT_SYNTHETIC_R4.json","22436"
"C:\Users\trent\OneDrive\Documents\EDGEIQ_PLATFORM\public\data\tab_calendar_race_raw_v1\2026-06-26_BALLARAT_SYNTHETIC_R5.json","16871"
"C:\Users\trent\OneDrive\Documents\EDGEIQ_PLATFORM\public\data\tab_calendar_race_raw_v1\2026-06-26_BALLARAT_SYNTHETIC_R6.json","20352"
"C:\Users\trent\OneDrive\Documents\EDGEIQ_PLATFORM\public\data\tab_calendar_race_raw_v1\2026-06-26_BALLARAT_SYNTHETIC_R7.json","22338"
"C:\Users\trent\OneDrive\Documents\EDGEIQ_PLATFORM\public\data\tab_calendar_race_raw_v1\2026-06-26_BALLARAT_SYNTHETIC_R8.json","31971"
"C:\Users\trent\OneDrive\Documents\EDGEIQ_PLATFORM\public\data\tab_calendar_race_raw_v1\2026-06-27_CAULFIELD_R1.json","31570"
"C:\Users\trent\OneDrive\Documents\EDGEIQ_PLATFORM\public\data\tab_calendar_race_raw_v1\2026-06-27_CAULFIELD_R2.json","26174"
"C:\Users\trent\OneDrive\Documents\EDGEIQ_PLATFORM\public\data\tab_calendar_race_raw_v1\2026-06-27_CAULFIELD_R3.json","23893"
"C:\Users\trent\OneDrive\Documents\EDGEIQ_PLATFORM\public\data\tab_calendar_race_raw_v1\2026-06-27_CAULFIELD_R4.json","33332"
"C:\Users\trent\OneDrive\Documents\EDGEIQ_PLATFORM\public\data\tab_calendar_race_raw_v1\2026-06-27_CAULFIELD_R5.json","21881"
"C:\Users\trent\OneDrive\Documents\EDGEIQ_PLATFORM\public\data\tab_calendar_race_raw_v1\2026-06-27_CAULFIELD_R6.json","36070"
"C:\Users\trent\OneDrive\Documents\EDGEIQ_PLATFORM\public\data\tab_calendar_race_raw_v1\2026-06-27_CAULFIELD_R7.json","34309"
"C:\Users\trent\OneDrive\Documents\EDGEIQ_PLATFORM\public\data\tab_calendar_race_raw_v1\2026-06-27_CAULFIELD_R8.json","37959"
"C:\Users\trent\OneDrive\Documents\EDGEIQ_PLATFORM\public\data\tab_calendar_race_raw_v1\2026-06-27_CAULFIELD_R9.json","32247"
"C:\Users\trent\OneDrive\Documents\EDGEIQ_PLATFORM\public\data\tab_calendar_race_raw_v1\2026-07-03_MOE_R1.json","32355"
"C:\Users\trent\OneDrive\Documents\EDGEIQ_PLATFORM\public\data\tab_calendar_race_raw_v1\2026-07-03_MOE_R2.json","29958"
"C:\Users\trent\OneDrive\Documents\EDGEIQ_PLATFORM\public\data\tab_calendar_race_raw_v1\2026-07-03_MOE_R3.json","51749"
"C:\Users\trent\OneDrive\Documents\EDGEIQ_PLATFORM\public\data\tab_calendar_race_raw_v1\2026-07-03_MOE_R4.json","55281"
"C:\Users\trent\OneDrive\Documents\EDGEIQ_PLATFORM\public\data\tab_calendar_race_raw_v1\2026-07-03_MOE_R5.json","49382"
"C:\Users\trent\OneDrive\Documents\EDGEIQ_PLATFORM\public\data\tab_calendar_race_raw_v1\2026-07-03_MOE_R6.json","49125"
"C:\Users\trent\OneDrive\Documents\EDGEIQ_PLATFORM\public\data\tab_calendar_race_raw_v1\2026-07-03_MOE_R7.json","49166"
"C:\Users\trent\OneDrive\Documents\EDGEIQ_PLATFORM\public\data\tab_calendar_race_raw_v1\2026-07-03_MOE_R8.json","51552"
"C:\Users\trent\OneDrive\Documents\EDGEIQ_PLATFORM\public\data\tab_calendar_race_raw_v1\2026-07-04_FLEMINGTON_R1.json","35869"
"C:\Users\trent\OneDrive\Documents\EDGEIQ_PLATFORM\public\data\tab_calendar_race_raw_v1\2026-07-04_FLEMINGTON_R2.json","37475"
"C:\Users\trent\OneDrive\Documents\EDGEIQ_PLATFORM\public\data\tab_calendar_race_raw_v1\2026-07-04_FLEMINGTON_R3.json","43722"
"C:\Users\trent\OneDrive\Documents\EDGEIQ_PLATFORM\public\data\tab_calendar_race_raw_v1\2026-07-04_FLEMINGTON_R4.json","80728"
"C:\Users\trent\OneDrive\Documents\EDGEIQ_PLATFORM\public\data\tab_calendar_race_raw_v1\2026-07-04_FLEMINGTON_R5.json","38504"
"C:\Users\trent\OneDrive\Documents\EDGEIQ_PLATFORM\public\data\tab_calendar_race_raw_v1\2026-07-04_FLEMINGTON_R6.json","48247"
"C:\Users\trent\OneDrive\Documents\EDGEIQ_PLATFORM\public\data\tab_calendar_race_raw_v1\2026-07-04_FLEMINGTON_R7.json","57607"
"C:\Users\trent\OneDrive\Documents\EDGEIQ_PLATFORM\public\data\tab_calendar_race_raw_v1\2026-07-04_FLEMINGTON_R8.json","58453"
"C:\Users\trent\OneDrive\Documents\EDGEIQ_PLATFORM\public\data\tab_calendar_race_raw_v1\2026-07-04_FLEMINGTON_R9.json","56688"
"C:\Users\trent\OneDrive\Documents\EDGEIQ_PLATFORM\public\data\tab_calendar_race_raw_v1\2026-07-05_BENDIGO_R1.json","19507"
"C:\Users\trent\OneDrive\Documents\EDGEIQ_PLATFORM\public\data\tab_calendar_race_raw_v1\2026-07-05_BENDIGO_R2.json","17946"
"C:\Users\trent\OneDrive\Documents\EDGEIQ_PLATFORM\public\data\tab_calendar_race_raw_v1\2026-07-05_BENDIGO_R3.json","22777"
"C:\Users\trent\OneDrive\Documents\EDGEIQ_PLATFORM\public\data\tab_calendar_race_raw_v1\2026-07-05_BENDIGO_R4.json","20312"
"C:\Users\trent\OneDrive\Documents\EDGEIQ_PLATFORM\public\data\tab_calendar_race_raw_v1\2026-07-05_BENDIGO_R5.json","33149"
"C:\Users\trent\OneDrive\Documents\EDGEIQ_PLATFORM\public\data\tab_calendar_race_raw_v1\2026-07-05_BENDIGO_R6.json","25757"
"C:\Users\trent\OneDrive\Documents\EDGEIQ_PLATFORM\public\data\tab_calendar_race_raw_v1\2026-07-05_BENDIGO_R7.json","27510"
"C:\Users\trent\OneDrive\Documents\EDGEIQ_PLATFORM\public\data\tab_calendar_race_raw_v1\2026-07-05_BENDIGO_R8.json","27741"
"C:\Users\trent\OneDrive\Documents\EDGEIQ_PLATFORM\public\data\tab_calendar_race_raw_v1\2026-07-05_BENDIGO_R9.json","26767"
"C:\Users\trent\OneDrive\Documents\EDGEIQ_PLATFORM\public\data\tab_debug_v1\tab_network_log.csv","36995"
"C:\Users\trent\OneDrive\Documents\EDGEIQ_PLATFORM\public\data\tab_debug_v1\tab_response_000.json","88344"
"C:\Users\trent\OneDrive\Documents\EDGEIQ_PLATFORM\public\data\tab_debug_v1\tab_response_001.json","95580"
"C:\Users\trent\OneDrive\Documents\EDGEIQ_PLATFORM\public\data\tab_debug_v1\tab_response_002.json","23"
"C:\Users\trent\OneDrive\Documents\EDGEIQ_PLATFORM\public\data\tab_debug_v1\tab_response_003.json","62"
"C:\Users\trent\OneDrive\Documents\EDGEIQ_PLATFORM\public\data\tab_debug_v1\tab_response_004.json","95580"
"C:\Users\trent\OneDrive\Documents\EDGEIQ_PLATFORM\public\data\tab_debug_v1\tab_response_005.json","561"
"C:\Users\trent\OneDrive\Documents\EDGEIQ_PLATFORM\public\data\tab_debug_v1\tab_response_006.json","434"
"C:\Users\trent\OneDrive\Documents\EDGEIQ_PLATFORM\public\data\tab_debug_v1\tab_response_007.json","18414"
"C:\Users\trent\OneDrive\Documents\EDGEIQ_PLATFORM\public\data\tab_debug_v1\tab_response_008.json","20875"
"C:\Users\trent\OneDrive\Documents\EDGEIQ_PLATFORM\public\data\tab_debug_v1\tab_response_009.json","719"
"C:\Users\trent\OneDrive\Documents\EDGEIQ_PLATFORM\public\data\tab_debug_v1\tab_response_010.json","340"
"C:\Users\trent\OneDrive\Documents\EDGEIQ_PLATFORM\public\data\tab_debug_v1\tab_response_011.json","23"
"C:\Users\trent\OneDrive\Documents\EDGEIQ_PLATFORM\public\data\tab_debug_v1\tab_response_012.json","935"
"C:\Users\trent\OneDrive\Documents\EDGEIQ_PLATFORM\public\data\tab_debug_v1\tab_response_013.json","935"
"C:\Users\trent\OneDrive\Documents\EDGEIQ_PLATFORM\public\data\tab_racecards_debug_v1\raw_races\2026-06-06_USA_R_SAR_R12.json","24911"
"C:\Users\trent\OneDrive\Documents\EDGEIQ_PLATFORM\public\data\tab_race_page_debug_v1\tab_race_page_network.json","71223"
"C:\Users\trent\OneDrive\Documents\EDGEIQ_PLATFORM\public\data\tab_randwick_capture_v1\network.json","22869"
"C:\Users\trent\OneDrive\Documents\EDGEIQ_PLATFORM\public\data\tab_single_race_raw_v1\2026-06-06_RAN_R_1.json","47588"
"C:\Users\trent\OneDrive\Documents\EDGEIQ_PLATFORM\public\data\tab_single_race_raw_v1\2026-06-13_BEN_R_1.json","21377"
"C:\Users\trent\OneDrive\Documents\EDGEIQ_PLATFORM\public\data\tab_single_race_raw_v1\2026-06-13_SAN_R_1.json","55234"
"C:\Users\trent\OneDrive\Documents\EDGEIQ_PLATFORM\public\data\tab_single_race_raw_v1\2026-06-13_SAN_R_2.json","92359"
"C:\Users\trent\OneDrive\Documents\EDGEIQ_PLATFORM\public\data\tab_single_race_raw_v1\2026-06-13_SAN_R_3.json","83953"
"C:\Users\trent\OneDrive\Documents\EDGEIQ_PLATFORM\public\data\tab_single_race_raw_v1\2026-06-13_SAN_R_4.json","91510"
"C:\Users\trent\OneDrive\Documents\EDGEIQ_PLATFORM\public\data\tab_single_race_raw_v1\2026-06-13_SAN_R_5.json","57055"
"C:\Users\trent\OneDrive\Documents\EDGEIQ_PLATFORM\public\data\tab_single_race_raw_v1\2026-06-13_SAN_R_6.json","111473"
"C:\Users\trent\OneDrive\Documents\EDGEIQ_PLATFORM\public\data\tab_single_race_raw_v1\2026-06-13_SAN_R_7.json","80807"
"C:\Users\trent\OneDrive\Documents\EDGEIQ_PLATFORM\public\data\tab_single_race_raw_v1\2026-06-13_SAN_R_8.json","78883"
"C:\Users\trent\OneDrive\Documents\EDGEIQ_PLATFORM\public\data\tab_single_race_raw_v1\2026-06-13_SAN_R_9.json","116234"
"C:\Users\trent\OneDrive\Documents\EDGEIQ_PLATFORM\public\data\tab_single_race_raw_v1\2026-06-14_WAN_R_1.json","134126"
"C:\Users\trent\OneDrive\Documents\EDGEIQ_PLATFORM\public\data\tab_single_race_raw_v1\2026-06-14_WAN_R_2.json","160178"
"C:\Users\trent\OneDrive\Documents\EDGEIQ_PLATFORM\public\data\tab_single_race_raw_v1\2026-06-14_WAN_R_3.json","104480"
"C:\Users\trent\OneDrive\Documents\EDGEIQ_PLATFORM\public\data\tab_single_race_raw_v1\2026-06-14_WAN_R_4.json","94816"
"C:\Users\trent\OneDrive\Documents\EDGEIQ_PLATFORM\public\data\tab_single_race_raw_v1\2026-06-14_WAN_R_5.json","112366"
"C:\Users\trent\OneDrive\Documents\EDGEIQ_PLATFORM\public\data\tab_single_race_raw_v1\2026-06-14_WAN_R_6.json","113678"
"C:\Users\trent\OneDrive\Documents\EDGEIQ_PLATFORM\public\data\tab_single_race_raw_v1\2026-06-14_WAN_R_7.json","124772"
"C:\Users\trent\OneDrive\Documents\EDGEIQ_PLATFORM\public\data\tab_single_race_raw_v1\2026-06-14_WAN_R_8.json","110491"
"C:\Users\trent\OneDrive\Documents\EDGEIQ_PLATFORM\public\data\tab_single_race_raw_v1\2026-06-14_WAR_R_2.json","80241"
"C:\Users\trent\OneDrive\Documents\EDGEIQ_PLATFORM\public\data\tab_single_race_raw_v1\2026-06-14_WBO_R_1.json","84508"
"C:\Users\trent\OneDrive\Documents\EDGEIQ_PLATFORM\public\data\tab_single_race_raw_v1\2026-06-14_WBO_R_2.json","63529"
"C:\Users\trent\OneDrive\Documents\EDGEIQ_PLATFORM\public\data\tab_single_race_raw_v1\2026-06-14_WBO_R_3.json","83487"
"C:\Users\trent\OneDrive\Documents\EDGEIQ_PLATFORM\public\data\tab_single_race_raw_v1\2026-06-14_WBO_R_4.json","29607"
"C:\Users\trent\OneDrive\Documents\EDGEIQ_PLATFORM\public\data\tab_single_race_raw_v1\2026-06-14_WBO_R_5.json","63100"
"C:\Users\trent\OneDrive\Documents\EDGEIQ_PLATFORM\public\data\tab_single_race_raw_v1\2026-06-14_WBO_R_6.json","91439"
"C:\Users\trent\OneDrive\Documents\EDGEIQ_PLATFORM\public\data\tab_single_race_raw_v1\2026-06-15_PAK_R_1.json","77566"
"C:\Users\trent\OneDrive\Documents\EDGEIQ_PLATFORM\public\data\tab_single_race_raw_v1\2026-06-15_PAK_R_10.json","106370"
"C:\Users\trent\OneDrive\Documents\EDGEIQ_PLATFORM\public\data\tab_single_race_raw_v1\2026-06-15_PAK_R_2.json","91257"
"C:\Users\trent\OneDrive\Documents\EDGEIQ_PLATFORM\public\data\tab_single_race_raw_v1\2026-06-15_PAK_R_3.json","102518"
"C:\Users\trent\OneDrive\Documents\EDGEIQ_PLATFORM\public\data\tab_single_race_raw_v1\2026-06-15_PAK_R_4.json","127815"
"C:\Users\trent\OneDrive\Documents\EDGEIQ_PLATFORM\public\data\tab_single_race_raw_v1\2026-06-15_PAK_R_5.json","117489"
"C:\Users\trent\OneDrive\Documents\EDGEIQ_PLATFORM\public\data\tab_single_race_raw_v1\2026-06-15_PAK_R_6.json","116796"
"C:\Users\trent\OneDrive\Documents\EDGEIQ_PLATFORM\public\data\tab_single_race_raw_v1\2026-06-15_PAK_R_7.json","88285"
"C:\Users\trent\OneDrive\Documents\EDGEIQ_PLATFORM\public\data\tab_single_race_raw_v1\2026-06-15_PAK_R_8.json","125881"
"C:\Users\trent\OneDrive\Documents\EDGEIQ_PLATFORM\public\data\tab_single_race_raw_v1\2026-06-15_PAK_R_9.json","123507"
"C:\Users\trent\OneDrive\Documents\EDGEIQ_PLATFORM\public\data\tab_single_race_raw_v1\2026-06-17_HEA_R_1.json","45944"
"C:\Users\trent\OneDrive\Documents\EDGEIQ_PLATFORM\public\data\tab_single_race_raw_v1\2026-06-18_MOE_R_1.json","45952"
"C:\Users\trent\OneDrive\Documents\EDGEIQ_PLATFORM\public\data\tab_vic_race_raw_v1\2026-06-06_VIC_FLM_R1.json","35730"
"C:\Users\trent\OneDrive\Documents\EDGEIQ_PLATFORM\public\data\tab_vic_race_raw_v1\2026-06-06_VIC_FLM_R2.json","79683"
"C:\Users\trent\OneDrive\Documents\EDGEIQ_PLATFORM\public\data\tab_vic_race_raw_v1\2026-06-06_VIC_FLM_R3.json","68108"
"C:\Users\trent\OneDrive\Documents\EDGEIQ_PLATFORM\public\data\tab_vic_race_raw_v1\2026-06-06_VIC_FLM_R4.json","57125"
"C:\Users\trent\OneDrive\Documents\EDGEIQ_PLATFORM\public\data\tab_vic_race_raw_v1\2026-06-06_VIC_FLM_R5.json","55202"
"C:\Users\trent\OneDrive\Documents\EDGEIQ_PLATFORM\public\data\tab_vic_race_raw_v1\2026-06-06_VIC_FLM_R6.json","63888"
"C:\Users\trent\OneDrive\Documents\EDGEIQ_PLATFORM\public\data\tab_vic_race_raw_v1\2026-06-06_VIC_FLM_R7.json","76057"
"C:\Users\trent\OneDrive\Documents\EDGEIQ_PLATFORM\public\data\tab_vic_race_raw_v1\2026-06-06_VIC_FLM_R8.json","81119"
"C:\Users\trent\OneDrive\Documents\EDGEIQ_PLATFORM\public\data\tab_vic_race_raw_v1\2026-06-06_VIC_FLM_R9.json","70353"
"C:\Users\trent\OneDrive\Documents\EDGEIQ_PLATFORM\public\data\tab_vic_race_raw_v1\2026-06-06_VIC_SWN_R1.json","41228"
"C:\Users\trent\OneDrive\Documents\EDGEIQ_PLATFORM\public\data\tab_vic_race_raw_v1\2026-06-06_VIC_SWN_R2.json","49185"
"C:\Users\trent\OneDrive\Documents\EDGEIQ_PLATFORM\public\data\tab_vic_race_raw_v1\2026-06-06_VIC_SWN_R3.json","42913"
"C:\Users\trent\OneDrive\Documents\EDGEIQ_PLATFORM\public\data\tab_vic_race_raw_v1\2026-06-06_VIC_SWN_R4.json","63735"
"C:\Users\trent\OneDrive\Documents\EDGEIQ_PLATFORM\public\data\tab_vic_race_raw_v1\2026-06-06_VIC_SWN_R5.json","61020"
"C:\Users\trent\OneDrive\Documents\EDGEIQ_PLATFORM\public\data\tab_vic_race_raw_v1\2026-06-06_VIC_SWN_R6.json","62194"
"C:\Users\trent\OneDrive\Documents\EDGEIQ_PLATFORM\public\data\tab_vic_race_raw_v1\2026-06-06_VIC_SWN_R7.json","66436"
"C:\Users\trent\OneDrive\Documents\EDGEIQ_PLATFORM\public\data\tab_vic_race_raw_v1\2026-06-06_VIC_SWN_R8.json","67960"
