source_provider,source_endpoint,race_key,source_runner_id,meeting_date,venue,race_number,runner_name,saddlecloth_number,finish_position,runner_race_time_seconds,six_hundred_metres_time_seconds,two_hundred_metres_time_seconds,source_payload_file,response_hash,provenance_status
RACING.COM,getRaceForm retained local payload,2026-05-30|CAULFIELD|R01,15632919,2026-05-30,Caulfield,1,Obambulate,2,1,73.6,35.42,12.06,outputs/sectionals/raw/VIC/racingcom_full_payloads/getRaceForm_a3072255c6b4ea5989.json,30da2e85f25333aba1fc24b7b455d44df4b17c2338c97b89ddebc098029a4b65,LOCAL_GOVERNED_EVIDENCE_DIRECT_PUBLIC_NOT_CONFIRMED
RACING.COM,getRaceForm retained local payload,2026-05-30|CAULFIELD|R01,15637372,2026-05-30,Caulfield,1,Vivid Storm,8,2,73.95,35.83,12.32,outputs/sectionals/raw/VIC/racingcom_full_payloads/getRaceForm_a3072255c6b4ea5989.json,30da2e85f25333aba1fc24b7b455d44df4b17c2338c97b89ddebc098029a4b65,LOCAL_GOVERNED_EVIDENCE_DIRECT_PUBLIC_NOT_CONFIRMED
RACING.COM,getRaceForm retained local payload,2026-05-30|CAULFIELD|R01,15637019,2026-05-30,Caulfield,1,Star Of Macedon,7,3,73.99,35.39,11.82,outputs/sectionals/raw/VIC/racingcom_full_payloads/getRaceForm_a3072255c6b4ea5989.json,30da2e85f25333aba1fc24b7b455d44df4b17c2338c97b89ddebc098029a4b65,LOCAL_GOVERNED_EVIDENCE_DIRECT_PUBLIC_NOT_CONFIRMED
RACING.COM,getRaceForm retained local payload,2026-05-30|CAULFIELD|R01,15634770,2026-05-30,Caulfield,1,Monumentum,11,4,74.04,35.58,12.24,outputs/sectionals/raw/VIC/racingcom_full_payloads/getRaceForm_a3072255c6b4ea5989.json,30da2e85f25333aba1fc24b7b455d44df4b17c2338c97b89ddebc098029a4b65,LOCAL_GOVERNED_EVIDENCE_DIRECT_PUBLIC_NOT_CONFIRMED
RACING.COM,getRaceForm retained local payload,2026-05-30|CAULFIELD|R01,15637813,2026-05-30,Caulfield,1,Autumn Rainbow,9,5,74.1,35.27,11.98,outputs/sectionals/raw/VIC/racingcom_full_payloads/getRaceForm_a3072255c6b4ea5989.json,30da2e85f25333aba1fc24b7b455d44df4b17c2338c97b89ddebc098029a4b65,LOCAL_GOVERNED_EVIDENCE_DIRECT_PUBLIC_NOT_CONFIRMED
RACING.COM,getRaceForm retained local payload,2026-05-30|CAULFIELD|R01,15637214,2026-05-30,Caulfield,1,Qayed,6,6,74.38,35.8,12.21,outputs/sectionals/raw/VIC/racingcom_full_payloads/getRaceForm_a3072255c6b4ea5989.json,30da2e85f25333aba1fc24b7b455d44df4b17c2338c97b89ddebc098029a4b65,LOCAL_GOVERNED_EVIDENCE_DIRECT_PUBLIC_NOT_CONFIRMED
RACING.COM,getRaceForm retained local payload,2026-05-30|CAULFIELD|R01,15637371,2026-05-30,Caulfield,1,Carnevale,3,7,74.47,36.03,12.52,outputs/sectionals/raw/VIC/racingcom_full_payloads/getRaceForm_a3072255c6b4ea5989.json,30da2e85f25333aba1fc24b7b455d44df4b17c2338c97b89ddebc098029a4b65,LOCAL_GOVERNED_EVIDENCE_DIRECT_PUBLIC_NOT_CONFIRMED
RACING.COM,getRaceForm retained local payload,2026-05-30|CAULFIELD|R01,15636586,2026-05-30,Caulfield,1,Crank,1,8,74.98,36.66,12.87,outputs/sectionals/raw/VIC/racingcom_full_payloads/getRaceForm_a3072255c6b4ea5989.json,30da2e85f25333aba1fc24b7b455d44df4b17c2338c97b89ddebc098029a4b65,LOCAL_GOVERNED_EVIDENCE_DIRECT_PUBLIC_NOT_CONFIRMED
RACING.COM,getRaceForm retained local payload,2026-05-30|CAULFIELD|R02,15632846,2026-05-30,Caulfield,2,Flyer,4,1,72.34,36.25,12.64,outputs/sectionals/raw/VIC/racingcom_full_payloads/getRaceForm_e6294bfdb2c56d4301.json,49de5dd75be264baa5ec71776a878599b626e4baefab5f660aed0de5f553e7bd,LOCAL_GOVERNED_EVIDENCE_DIRECT_PUBLIC_NOT_CONFIRMED
RACING.COM,getRaceForm retained local payload,2026-05-30|CAULFIELD|R02,15637377,2026-05-30,Caulfield,2,Luna Cat,6,2,72.49,36.38,12.67,outputs/sectionals/raw/VIC/racingcom_full_payloads/getRaceForm_e6294bfdb2c56d4301.json,49de5dd75be264baa5ec71776a878599b626e4baefab5f660aed0de5f553e7bd,LOCAL_GOVERNED_EVIDENCE_DIRECT_PUBLIC_NOT_CONFIRMED
RACING.COM,getRaceForm retained local payload,2026-05-30|CAULFIELD|R02,15635698,2026-05-30,Caulfield,2,Emmadella,2,3,72.57,36.85,12.77,outputs/sectionals/raw/VIC/racingcom_full_payloads/getRaceForm_e6294bfdb2c56d4301.json,49de5dd75be264baa5ec71776a878599b626e4baefab5f660aed0de5f553e7bd,LOCAL_GOVERNED_EVIDENCE_DIRECT_PUBLIC_NOT_CONFIRMED
RACING.COM,getRaceForm retained local payload,2026-05-30|CAULFIELD|R02,15634936,2026-05-30,Caulfield,2,Swift Force,3,4,72.6,37.99,13.31,outputs/sectionals/raw/VIC/racingcom_full_payloads/getRaceForm_e6294bfdb2c56d4301.json,49de5dd75be264baa5ec71776a878599b626e4baefab5f660aed0de5f553e7bd,LOCAL_GOVERNED_EVIDENCE_DIRECT_PUBLIC_NOT_CONFIRMED
RACING.COM,getRaceForm retained local payload,2026-05-30|CAULFIELD|R02,15622358,2026-05-30,Caulfield,2,Zunna,12,5,72.71,37.06,13.1,outputs/sectionals/raw/VIC/racingcom_full_payloads/getRaceForm_e6294bfdb2c56d4301.json,49de5dd75be264baa5ec71776a878599b626e4baefab5f660aed0de5f553e7bd,LOCAL_GOVERNED_EVIDENCE_DIRECT_PUBLIC_NOT_CONFIRMED
RACING.COM,getRaceForm retained local payload,2026-05-30|CAULFIELD|R02,15636457,2026-05-30,Caulfield,2,West Of Dalby,11,6,73.05,37.75,13.46,outputs/sectionals/raw/VIC/racingcom_full_payloads/getRaceForm_e6294bfdb2c56d4301.json,49de5dd75be264baa5ec71776a878599b626e4baefab5f660aed0de5f553e7bd,LOCAL_GOVERNED_EVIDENCE_DIRECT_PUBLIC_NOT_CONFIRMED
RACING.COM,getRaceForm retained local payload,2026-05-30|CAULFIELD|R02,15614516,2026-05-30,Caulfield,2,Sun Setting,7,7,73.25,37.41,13.43,outputs/sectionals/raw/VIC/racingcom_full_payloads/getRaceForm_e6294bfdb2c56d4301.json,49de5dd75be264baa5ec71776a878599b626e4baefab5f660aed0de5f553e7bd,LOCAL_GOVERNED_EVIDENCE_DIRECT_PUBLIC_NOT_CONFIRMED
RACING.COM,getRaceForm retained local payload,2026-05-30|CAULFIELD|R02,15637882,2026-05-30,Caulfield,2,Southern Crescent,10,8,73.36,37.35,13.55,outputs/sectionals/raw/VIC/racingcom_full_payloads/getRaceForm_e6294bfdb2c56d4301.json,49de5dd75be264baa5ec71776a878599b626e4baefab5f660aed0de5f553e7bd,LOCAL_GOVERNED_EVIDENCE_DIRECT_PUBLIC_NOT_CONFIRMED
RACING.COM,getRaceForm retained local payload,2026-05-30|CAULFIELD|R02,15634465,2026-05-30,Caulfield,2,Bedtime Angel,8,9,74.07,39.36,14.52,outputs/sectionals/raw/VIC/racingcom_full_payloads/getRaceForm_e6294bfdb2c56d4301.json,49de5dd75be264baa5ec71776a878599b626e4baefab5f660aed0de5f553e7bd,LOCAL_GOVERNED_EVIDENCE_DIRECT_PUBLIC_NOT_CONFIRMED
RACING.COM,getRaceForm retained local payload,2026-05-30|CAULFIELD|R03,15636871,2026-05-30,Caulfield,3,Clevor Trever,8,1,86.51,35.65,12,outputs/sectionals/raw/VIC/racingcom_full_payloads/getRaceForm_a15afedf76f227232c.json,3cf4b36c50aa75a30e9d464bcdedcd0e1609bef16c884064a19755eb3a8e7833,LOCAL_GOVERNED_EVIDENCE_DIRECT_PUBLIC_NOT_CONFIRMED
RACING.COM,getRaceForm retained local payload,2026-05-30|CAULFIELD|R03,15636131,2026-05-30,Caulfield,3,Obvious,11,2,86.66,35.77,12.21,outputs/sectionals/raw/VIC/racingcom_full_payloads/getRaceForm_a15afedf76f227232c.json,3cf4b36c50aa75a30e9d464bcdedcd0e1609bef16c884064a19755eb3a8e7833,LOCAL_GOVERNED_EVIDENCE_DIRECT_PUBLIC_NOT_CONFIRMED
RACING.COM,getRaceForm retained local payload,2026-05-30|CAULFIELD|R03,15636127,2026-05-30,Caulfield,3,Bel Mezyaan,2,3,86.7,35.54,11.84,outputs/sectionals/raw/VIC/racingcom_full_payloads/getRaceForm_a15afedf76f227232c.json,3cf4b36c50aa75a30e9d464bcdedcd0e1609bef16c884064a19755eb3a8e7833,LOCAL_GOVERNED_EVIDENCE_DIRECT_PUBLIC_NOT_CONFIRMED
RACING.COM,getRaceForm retained local payload,2026-05-30|CAULFIELD|R03,15638164,2026-05-30,Caulfield,3,Yes Yoshi,5,4,86.72,35.95,12.3,outputs/sectionals/raw/VIC/racingcom_full_payloads/getRaceForm_a15afedf76f227232c.json,3cf4b36c50aa75a30e9d464bcdedcd0e1609bef16c884064a19755eb3a8e7833,LOCAL_GOVERNED_EVIDENCE_DIRECT_PUBLIC_NOT_CONFIRMED
RACING.COM,getRaceForm retained local payload,2026-05-30|CAULFIELD|R03,15631573,2026-05-30,Caulfield,3,Bajaria,14,5,86.74,36.21,12.27,outputs/sectionals/raw/VIC/racingcom_full_payloads/getRaceForm_a15afedf76f227232c.json,3cf4b36c50aa75a30e9d464bcdedcd0e1609bef16c884064a19755eb3a8e7833,LOCAL_GOVERNED_EVIDENCE_DIRECT_PUBLIC_NOT_CONFIRMED
RACING.COM,getRaceForm retained local payload,2026-05-30|CAULFIELD|R03,15632488,2026-05-30,Caulfield,3,Undisputable,10,6,86.75,36.18,12.34,outputs/sectionals/raw/VIC/racingcom_full_payloads/getRaceForm_a15afedf76f227232c.json,3cf4b36c50aa75a30e9d464bcdedcd0e1609bef16c884064a19755eb3a8e7833,LOCAL_GOVERNED_EVIDENCE_DIRECT_PUBLIC_NOT_CONFIRMED
RACING.COM,getRaceForm retained local payload,2026-05-30|CAULFIELD|R03,15629560,2026-05-30,Caulfield,3,Cinturato,3,7,86.94,35.85,12.47,outputs/sectionals/raw/VIC/racingcom_full_payloads/getRaceForm_a15afedf76f227232c.json,3cf4b36c50aa75a30e9d464bcdedcd0e1609bef16c884064a19755eb3a8e7833,LOCAL_GOVERNED_EVIDENCE_DIRECT_PUBLIC_NOT_CONFIRMED
RACING.COM,getRaceForm retained local payload,2026-05-30|CAULFIELD|R03,15637642,2026-05-30,Caulfield,3,Power And The Beat (NZ),9,8,86.96,36.39,12.36,outputs/sectionals/raw/VIC/racingcom_full_payloads/getRaceForm_a15afedf76f227232c.json,3cf4b36c50aa75a30e9d464bcdedcd0e1609bef16c884064a19755eb3a8e7833,LOCAL_GOVERNED_EVIDENCE_DIRECT_PUBLIC_NOT_CONFIRMED
RACING.COM,getRaceForm retained local payload,2026-05-30|CAULFIELD|R04,15636266,2026-05-30,Caulfield,4,First Chorus (NZ),1,1,100.16,36.71,12.58,outputs/sectionals/raw/VIC/racingcom_full_payloads/getRaceForm_ef343c077d4b442633.json,7b5e7bb9f53ec5a8568371897ba68825e168fd9a078568d3fef5bdaa9bc5aefd,LOCAL_GOVERNED_EVIDENCE_DIRECT_PUBLIC_NOT_CONFIRMED
RACING.COM,getRaceForm retained local payload,2026-05-30|CAULFIELD|R04,15636139,2026-05-30,Caulfield,4,Enna's Dream,7,2,100.56,37.32,13.09,outputs/sectionals/raw/VIC/racingcom_full_payloads/getRaceForm_ef343c077d4b442633.json,7b5e7bb9f53ec5a8568371897ba68825e168fd9a078568d3fef5bdaa9bc5aefd,LOCAL_GOVERNED_EVIDENCE_DIRECT_PUBLIC_NOT_CONFIRMED
RACING.COM,getRaceForm retained local payload,2026-05-30|CAULFIELD|R04,15638488,2026-05-30,Caulfield,4,Oraqua (GB),11,3,100.57,37.63,13.11,outputs/sectionals/raw/VIC/racingcom_full_payloads/getRaceForm_ef343c077d4b442633.json,7b5e7bb9f53ec5a8568371897ba68825e168fd9a078568d3fef5bdaa9bc5aefd,LOCAL_GOVERNED_EVIDENCE_DIRECT_PUBLIC_NOT_CONFIRMED
RACING.COM,getRaceForm retained local payload,2026-05-30|CAULFIELD|R04,15635989,2026-05-30,Caulfield,4,A Diva,3,4,100.6,37.58,13.25,outputs/sectionals/raw/VIC/racingcom_full_payloads/getRaceForm_ef343c077d4b442633.json,7b5e7bb9f53ec5a8568371897ba68825e168fd9a078568d3fef5bdaa9bc5aefd,LOCAL_GOVERNED_EVIDENCE_DIRECT_PUBLIC_NOT_CONFIRMED
RACING.COM,getRaceForm retained local payload,2026-05-30|CAULFIELD|R04,15634857,2026-05-30,Caulfield,4,Belle Savoir,4,5,100.67,37.24,12.91,outputs/sectionals/raw/VIC/racingcom_full_payloads/getRaceForm_ef343c077d4b442633.json,7b5e7bb9f53ec5a8568371897ba68825e168fd9a078568d3fef5bdaa9bc5aefd,LOCAL_GOVERNED_EVIDENCE_DIRECT_PUBLIC_NOT_CONFIRMED
RACING.COM,getRaceForm retained local payload,2026-05-30|CAULFIELD|R04,15634125,2026-05-30,Caulfield,4,Jazz Affair,8,6,101.13,37.91,13.26,outputs/sectionals/raw/VIC/racingcom_full_payloads/getRaceForm_ef343c077d4b442633.json,7b5e7bb9f53ec5a8568371897ba68825e168fd9a078568d3fef5bdaa9bc5aefd,LOCAL_GOVERNED_EVIDENCE_DIRECT_PUBLIC_NOT_CONFIRMED
RACING.COM,getRaceForm retained local payload,2026-05-30|CAULFIELD|R04,15633714,2026-05-30,Caulfield,4,Prestige Snitzel,10,7,101.2,38.32,13.81,outputs/sectionals/raw/VIC/racingcom_full_payloads/getRaceForm_ef343c077d4b442633.json,7b5e7bb9f53ec5a8568371897ba68825e168fd9a078568d3fef5bdaa9bc5aefd,LOCAL_GOVERNED_EVIDENCE_DIRECT_PUBLIC_NOT_CONFIRMED
RACING.COM,getRaceForm retained local payload,2026-05-30|CAULFIELD|R05,15636873,2026-05-30,Caulfield,5,Jimmy The Bear,1,1,99.79,36.16,12.41,outputs/sectionals/raw/VIC/racingcom_full_payloads/getRaceForm_83cba1e27b2f578500.json,d441d9cd0e8e9a68c07739265ea4c373af6a6c551109e89088a34ce68e4e28dc,LOCAL_GOVERNED_EVIDENCE_DIRECT_PUBLIC_NOT_CONFIRMED
RACING.COM,getRaceForm retained local payload,2026-05-30|CAULFIELD|R05,15634937,2026-05-30,Caulfield,5,Cartoon Graveyard,7,2,99.8,36.21,12.14,outputs/sectionals/raw/VIC/racingcom_full_payloads/getRaceForm_83cba1e27b2f578500.json,d441d9cd0e8e9a68c07739265ea4c373af6a6c551109e89088a34ce68e4e28dc,LOCAL_GOVERNED_EVIDENCE_DIRECT_PUBLIC_NOT_CONFIRMED
RACING.COM,getRaceForm retained local payload,2026-05-30|CAULFIELD|R05,15633026,2026-05-30,Caulfield,5,Rumbled Again,5,3,100.33,36.92,13.01,outputs/sectionals/raw/VIC/racingcom_full_payloads/getRaceForm_83cba1e27b2f578500.json,d441d9cd0e8e9a68c07739265ea4c373af6a6c551109e89088a34ce68e4e28dc,LOCAL_GOVERNED_EVIDENCE_DIRECT_PUBLIC_NOT_CONFIRMED
RACING.COM,getRaceForm retained local payload,2026-05-30|CAULFIELD|R05,15632868,2026-05-30,Caulfield,5,El Rocko,2,4,100.49,37.27,13.11,outputs/sectionals/raw/VIC/racingcom_full_payloads/getRaceForm_83cba1e27b2f578500.json,d441d9cd0e8e9a68c07739265ea4c373af6a6c551109e89088a34ce68e4e28dc,LOCAL_GOVERNED_EVIDENCE_DIRECT_PUBLIC_NOT_CONFIRMED
RACING.COM,getRaceForm retained local payload,2026-05-30|CAULFIELD|R05,15635454,2026-05-30,Caulfield,5,Lady Jones,4,5,100.71,37.36,13.14,outputs/sectionals/raw/VIC/racingcom_full_payloads/getRaceForm_83cba1e27b2f578500.json,d441d9cd0e8e9a68c07739265ea4c373af6a6c551109e89088a34ce68e4e28dc,LOCAL_GOVERNED_EVIDENCE_DIRECT_PUBLIC_NOT_CONFIRMED
RACING.COM,getRaceForm retained local payload,2026-05-30|CAULFIELD|R05,15635059,2026-05-30,Caulfield,5,Oh Too Good,3,6,100.77,37.38,13.28,outputs/sectionals/raw/VIC/racingcom_full_payloads/getRaceForm_83cba1e27b2f578500.json,d441d9cd0e8e9a68c07739265ea4c373af6a6c551109e89088a34ce68e4e28dc,LOCAL_GOVERNED_EVIDENCE_DIRECT_PUBLIC_NOT_CONFIRMED
RACING.COM,getRaceForm retained local payload,2026-05-30|CAULFIELD|R05,15632489,2026-05-30,Caulfield,5,See That Storm (IRE),8,7,101.51,38.2,13.59,outputs/sectionals/raw/VIC/racingcom_full_payloads/getRaceForm_83cba1e27b2f578500.json,d441d9cd0e8e9a68c07739265ea4c373af6a6c551109e89088a34ce68e4e28dc,LOCAL_GOVERNED_EVIDENCE_DIRECT_PUBLIC_NOT_CONFIRMED
RACING.COM,getRaceForm retained local payload,2026-05-30|CAULFIELD|R06,15637383,2026-05-30,Caulfield,6,Simurgh (IRE),11,1,127.59,36.03,12.17,outputs/sectionals/raw/VIC/racingcom_full_payloads/getRaceForm_9c572b617ab84983a2.json,cc240634a68931a495dd68843875564501d24016b276e800cd08a96b2693d9f5,LOCAL_GOVERNED_EVIDENCE_DIRECT_PUBLIC_NOT_CONFIRMED
RACING.COM,getRaceForm retained local payload,2026-05-30|CAULFIELD|R06,15622549,2026-05-30,Caulfield,6,Skippers Canyon (NZ),9,2,127.65,35.84,12.13,outputs/sectionals/raw/VIC/racingcom_full_payloads/getRaceForm_9c572b617ab84983a2.json,cc240634a68931a495dd68843875564501d24016b276e800cd08a96b2693d9f5,LOCAL_GOVERNED_EVIDENCE_DIRECT_PUBLIC_NOT_CONFIRMED
RACING.COM,getRaceForm retained local payload,2026-05-30|CAULFIELD|R06,15637821,2026-05-30,Caulfield,6,Oceana Dream (NZ),8,3,127.71,36.36,12.48,outputs/sectionals/raw/VIC/racingcom_full_payloads/getRaceForm_9c572b617ab84983a2.json,cc240634a68931a495dd68843875564501d24016b276e800cd08a96b2693d9f5,LOCAL_GOVERNED_EVIDENCE_DIRECT_PUBLIC_NOT_CONFIRMED
RACING.COM,getRaceForm retained local payload,2026-05-30|CAULFIELD|R06,15633820,2026-05-30,Caulfield,6,Go Daddy (IRE),1,4,127.72,35.85,12.3,outputs/sectionals/raw/VIC/racingcom_full_payloads/getRaceForm_9c572b617ab84983a2.json,cc240634a68931a495dd68843875564501d24016b276e800cd08a96b2693d9f5,LOCAL_GOVERNED_EVIDENCE_DIRECT_PUBLIC_NOT_CONFIRMED
RACING.COM,getRaceForm retained local payload,2026-05-30|CAULFIELD|R06,15635519,2026-05-30,Caulfield,6,Makdane,5,5,127.91,36.62,12.54,outputs/sectionals/raw/VIC/racingcom_full_payloads/getRaceForm_9c572b617ab84983a2.json,cc240634a68931a495dd68843875564501d24016b276e800cd08a96b2693d9f5,LOCAL_GOVERNED_EVIDENCE_DIRECT_PUBLIC_NOT_CONFIRMED
RACING.COM,getRaceForm retained local payload,2026-05-30|CAULFIELD|R06,15633830,2026-05-30,Caulfield,6,Bold Strike,13,6,128.04,36.42,12.6,outputs/sectionals/raw/VIC/racingcom_full_payloads/getRaceForm_9c572b617ab84983a2.json,cc240634a68931a495dd68843875564501d24016b276e800cd08a96b2693d9f5,LOCAL_GOVERNED_EVIDENCE_DIRECT_PUBLIC_NOT_CONFIRMED
RACING.COM,getRaceForm retained local payload,2026-05-30|CAULFIELD|R06,15635691,2026-05-30,Caulfield,6,Aberfeldie Boy,6,7,128.43,36.76,12.56,outputs/sectionals/raw/VIC/racingcom_full_payloads/getRaceForm_9c572b617ab84983a2.json,cc240634a68931a495dd68843875564501d24016b276e800cd08a96b2693d9f5,LOCAL_GOVERNED_EVIDENCE_DIRECT_PUBLIC_NOT_CONFIRMED
RACING.COM,getRaceForm retained local payload,2026-05-30|CAULFIELD|R06,15638523,2026-05-30,Caulfield,6,Sly Boots,7,8,128.65,37.35,13.2,outputs/sectionals/raw/VIC/racingcom_full_payloads/getRaceForm_9c572b617ab84983a2.json,cc240634a68931a495dd68843875564501d24016b276e800cd08a96b2693d9f5,LOCAL_GOVERNED_EVIDENCE_DIRECT_PUBLIC_NOT_CONFIRMED
RACING.COM,getRaceForm retained local payload,2026-05-30|CAULFIELD|R06,15638496,2026-05-30,Caulfield,6,Howlin' Rain,2,9,128.66,37.32,12.99,outputs/sectionals/raw/VIC/racingcom_full_payloads/getRaceForm_9c572b617ab84983a2.json,cc240634a68931a495dd68843875564501d24016b276e800cd08a96b2693d9f5,LOCAL_GOVERNED_EVIDENCE_DIRECT_PUBLIC_NOT_CONFIRMED
RACING.COM,getRaceForm retained local payload,2026-05-30|CAULFIELD|R07,15622563,2026-05-30,Caulfield,7,Choir Point,11,1,65.75,36.15,12.73,outputs/sectionals/raw/VIC/racingcom_full_payloads/getRaceForm_07aa3a15570397e606.json,77adf8977a41efaa09d5d27ddbf8b6c3fa410fa02de35f013feb9e855509abab,LOCAL_GOVERNED_EVIDENCE_DIRECT_PUBLIC_NOT_CONFIRMED
RACING.COM,getRaceForm retained local payload,2026-05-30|CAULFIELD|R07,15633835,2026-05-30,Caulfield,7,High On The Hill,6,2,65.84,36.24,12.42,outputs/sectionals/raw/VIC/racingcom_full_payloads/getRaceForm_07aa3a15570397e606.json,77adf8977a41efaa09d5d27ddbf8b6c3fa410fa02de35f013feb9e855509abab,LOCAL_GOVERNED_EVIDENCE_DIRECT_PUBLIC_NOT_CONFIRMED
RACING.COM,getRaceForm retained local payload,2026-05-30|CAULFIELD|R07,15636587,2026-05-30,Caulfield,7,Cabriole,8,3,66.05,36.73,12.79,outputs/sectionals/raw/VIC/racingcom_full_payloads/getRaceForm_07aa3a15570397e606.json,77adf8977a41efaa09d5d27ddbf8b6c3fa410fa02de35f013feb9e855509abab,LOCAL_GOVERNED_EVIDENCE_DIRECT_PUBLIC_NOT_CONFIRMED
RACING.COM,getRaceForm retained local payload,2026-05-30|CAULFIELD|R07,15627890,2026-05-30,Caulfield,7,Dragon Scroll,12,4,66.18,36.79,12.91,outputs/sectionals/raw/VIC/racingcom_full_payloads/getRaceForm_07aa3a15570397e606.json,77adf8977a41efaa09d5d27ddbf8b6c3fa410fa02de35f013feb9e855509abab,LOCAL_GOVERNED_EVIDENCE_DIRECT_PUBLIC_NOT_CONFIRMED
RACING.COM,getRaceForm retained local payload,2026-05-30|CAULFIELD|R07,15637881,2026-05-30,Caulfield,7,Wintery,10,5,66.22,36.59,12.91,outputs/sectionals/raw/VIC/racingcom_full_payloads/getRaceForm_07aa3a15570397e606.json,77adf8977a41efaa09d5d27ddbf8b6c3fa410fa02de35f013feb9e855509abab,LOCAL_GOVERNED_EVIDENCE_DIRECT_PUBLIC_NOT_CONFIRMED
RACING.COM,getRaceForm retained local payload,2026-05-30|CAULFIELD|R07,15632920,2026-05-30,Caulfield,7,Tres Magnifique,4,6,66.27,36.67,12.84,outputs/sectionals/raw/VIC/racingcom_full_payloads/getRaceForm_07aa3a15570397e606.json,77adf8977a41efaa09d5d27ddbf8b6c3fa410fa02de35f013feb9e855509abab,LOCAL_GOVERNED_EVIDENCE_DIRECT_PUBLIC_NOT_CONFIRMED
RACING.COM,getRaceForm retained local payload,2026-05-30|CAULFIELD|R07,15633745,2026-05-30,Caulfield,7,Cannyworth,5,7,66.67,36.94,13.32,outputs/sectionals/raw/VIC/racingcom_full_payloads/getRaceForm_07aa3a15570397e606.json,77adf8977a41efaa09d5d27ddbf8b6c3fa410fa02de35f013feb9e855509abab,LOCAL_GOVERNED_EVIDENCE_DIRECT_PUBLIC_NOT_CONFIRMED
RACING.COM,getRaceForm retained local payload,2026-05-30|CAULFIELD|R07,15624933,2026-05-30,Caulfield,7,Purple Streak,9,8,66.71,37.24,13.31,outputs/sectionals/raw/VIC/racingcom_full_payloads/getRaceForm_07aa3a15570397e606.json,77adf8977a41efaa09d5d27ddbf8b6c3fa410fa02de35f013feb9e855509abab,LOCAL_GOVERNED_EVIDENCE_DIRECT_PUBLIC_NOT_CONFIRMED
RACING.COM,getRaceForm retained local payload,2026-05-30|CAULFIELD|R07,15634124,2026-05-30,Caulfield,7,Bred 'Em All,7,9,66.9,37.19,13.28,outputs/sectionals/raw/VIC/racingcom_full_payloads/getRaceForm_07aa3a15570397e606.json,77adf8977a41efaa09d5d27ddbf8b6c3fa410fa02de35f013feb9e855509abab,LOCAL_GOVERNED_EVIDENCE_DIRECT_PUBLIC_NOT_CONFIRMED
RACING.COM,getRaceForm retained local payload,2026-05-30|CAULFIELD|R07,15634546,2026-05-30,Caulfield,7,La Astro Chat,1,10,68.67,39.28,14.58,outputs/sectionals/raw/VIC/racingcom_full_payloads/getRaceForm_07aa3a15570397e606.json,77adf8977a41efaa09d5d27ddbf8b6c3fa410fa02de35f013feb9e855509abab,LOCAL_GOVERNED_EVIDENCE_DIRECT_PUBLIC_NOT_CONFIRMED
RACING.COM,getRaceForm retained local payload,2026-05-30|CAULFIELD|R08,15634463,2026-05-30,Caulfield,8,Hearcomesthestar,13,1,65.54,35.01,11.76,outputs/sectionals/raw/VIC/racingcom_full_payloads/getRaceForm_7987feba53e359d5bc.json,d8365b54731a11c82014977757dee77cf7274015ff5e859022d4e5fd9d427bf0,LOCAL_GOVERNED_EVIDENCE_DIRECT_PUBLIC_NOT_CONFIRMED
RACING.COM,getRaceForm retained local payload,2026-05-30|CAULFIELD|R08,15632490,2026-05-30,Caulfield,8,Bustling,12,2,65.78,35.73,12.15,outputs/sectionals/raw/VIC/racingcom_full_payloads/getRaceForm_7987feba53e359d5bc.json,d8365b54731a11c82014977757dee77cf7274015ff5e859022d4e5fd9d427bf0,LOCAL_GOVERNED_EVIDENCE_DIRECT_PUBLIC_NOT_CONFIRMED
RACING.COM,getRaceForm retained local payload,2026-05-30|CAULFIELD|R08,15637386,2026-05-30,Caulfield,8,Coeur Volante (NZ),6,3,65.89,35.64,11.92,outputs/sectionals/raw/VIC/racingcom_full_payloads/getRaceForm_7987feba53e359d5bc.json,d8365b54731a11c82014977757dee77cf7274015ff5e859022d4e5fd9d427bf0,LOCAL_GOVERNED_EVIDENCE_DIRECT_PUBLIC_NOT_CONFIRMED
RACING.COM,getRaceForm retained local payload,2026-05-30|CAULFIELD|R08,15536139,2026-05-30,Caulfield,8,Recommendation,3,4,66.04,36.35,12.59,outputs/sectionals/raw/VIC/racingcom_full_payloads/getRaceForm_7987feba53e359d5bc.json,d8365b54731a11c82014977757dee77cf7274015ff5e859022d4e5fd9d427bf0,LOCAL_GOVERNED_EVIDENCE_DIRECT_PUBLIC_NOT_CONFIRMED
RACING.COM,getRaceForm retained local payload,2026-05-30|CAULFIELD|R08,15633881,2026-05-30,Caulfield,8,Bazaball Rewarded,14,5,66.15,36.59,12.73,outputs/sectionals/raw/VIC/racingcom_full_payloads/getRaceForm_7987feba53e359d5bc.json,d8365b54731a11c82014977757dee77cf7274015ff5e859022d4e5fd9d427bf0,LOCAL_GOVERNED_EVIDENCE_DIRECT_PUBLIC_NOT_CONFIRMED
RACING.COM,getRaceForm retained local payload,2026-05-30|CAULFIELD|R08,15634853,2026-05-30,Caulfield,8,Gin A Tonic,11,6,66.46,36.97,13.05,outputs/sectionals/raw/VIC/racingcom_full_payloads/getRaceForm_7987feba53e359d5bc.json,d8365b54731a11c82014977757dee77cf7274015ff5e859022d4e5fd9d427bf0,LOCAL_GOVERNED_EVIDENCE_DIRECT_PUBLIC_NOT_CONFIRMED
RACING.COM,getRaceForm retained local payload,2026-05-30|CAULFIELD|R08,15637384,2026-05-30,Caulfield,8,Pisanello,9,7,66.53,36.57,12.68,outputs/sectionals/raw/VIC/racingcom_full_payloads/getRaceForm_7987feba53e359d5bc.json,d8365b54731a11c82014977757dee77cf7274015ff5e859022d4e5fd9d427bf0,LOCAL_GOVERNED_EVIDENCE_DIRECT_PUBLIC_NOT_CONFIRMED
RACING.COM,getRaceForm retained local payload,2026-05-30|CAULFIELD|R08,15628084,2026-05-30,Caulfield,8,Marble Nine,7,8,66.55,36.98,13.05,outputs/sectionals/raw/VIC/racingcom_full_payloads/getRaceForm_7987feba53e359d5bc.json,d8365b54731a11c82014977757dee77cf7274015ff5e859022d4e5fd9d427bf0,LOCAL_GOVERNED_EVIDENCE_DIRECT_PUBLIC_NOT_CONFIRMED
RACING.COM,getRaceForm retained local payload,2026-05-30|CAULFIELD|R08,15632325,2026-05-30,Caulfield,8,Title Fighter,5,9,66.68,36.36,12.79,outputs/sectionals/raw/VIC/racingcom_full_payloads/getRaceForm_7987feba53e359d5bc.json,d8365b54731a11c82014977757dee77cf7274015ff5e859022d4e5fd9d427bf0,LOCAL_GOVERNED_EVIDENCE_DIRECT_PUBLIC_NOT_CONFIRMED
RACING.COM,getRaceForm retained local payload,2026-05-30|CAULFIELD|R08,15633680,2026-05-30,Caulfield,8,Corniche,4,10,66.71,36.39,12.51,outputs/sectionals/raw/VIC/racingcom_full_payloads/getRaceForm_7987feba53e359d5bc.json,d8365b54731a11c82014977757dee77cf7274015ff5e859022d4e5fd9d427bf0,LOCAL_GOVERNED_EVIDENCE_DIRECT_PUBLIC_NOT_CONFIRMED
RACING.COM,getRaceForm retained local payload,2026-05-30|CAULFIELD|R08,15634901,2026-05-30,Caulfield,8,Taunting,8,11,67.14,37.32,13.22,outputs/sectionals/raw/VIC/racingcom_full_payloads/getRaceForm_7987feba53e359d5bc.json,d8365b54731a11c82014977757dee77cf7274015ff5e859022d4e5fd9d427bf0,LOCAL_GOVERNED_EVIDENCE_DIRECT_PUBLIC_NOT_CONFIRMED
RACING.COM,getRaceForm retained local payload,2026-05-30|CAULFIELD|R09,15635701,2026-05-30,Caulfield,9,Hezdarnhottoo (NZ),16,1,73.39,37.16,13.33,outputs/sectionals/raw/VIC/racingcom_full_payloads/getRaceForm_bea0fbe9f6d6d11837.json,4c455a20b0f6081eb138332ff17b8bac44554f4e452d6fb7db8429a528141ac9,LOCAL_GOVERNED_EVIDENCE_DIRECT_PUBLIC_NOT_CONFIRMED
RACING.COM,getRaceForm retained local payload,2026-05-30|CAULFIELD|R09,15633824,2026-05-30,Caulfield,9,Piastri,15,2,73.67,36.99,12.88,outputs/sectionals/raw/VIC/racingcom_full_payloads/getRaceForm_bea0fbe9f6d6d11837.json,4c455a20b0f6081eb138332ff17b8bac44554f4e452d6fb7db8429a528141ac9,LOCAL_GOVERNED_EVIDENCE_DIRECT_PUBLIC_NOT_CONFIRMED
RACING.COM,getRaceForm retained local payload,2026-05-30|CAULFIELD|R09,15637682,2026-05-30,Caulfield,9,Elouyou,7,3,73.69,37.43,12.98,outputs/sectionals/raw/VIC/racingcom_full_payloads/getRaceForm_bea0fbe9f6d6d11837.json,4c455a20b0f6081eb138332ff17b8bac44554f4e452d6fb7db8429a528141ac9,LOCAL_GOVERNED_EVIDENCE_DIRECT_PUBLIC_NOT_CONFIRMED
RACING.COM,getRaceForm retained local payload,2026-05-30|CAULFIELD|R09,15633679,2026-05-30,Caulfield,9,Celsius Star,1,4,73.74,37.55,13.12,outputs/sectionals/raw/VIC/racingcom_full_payloads/getRaceForm_bea0fbe9f6d6d11837.json,4c455a20b0f6081eb138332ff17b8bac44554f4e452d6fb7db8429a528141ac9,LOCAL_GOVERNED_EVIDENCE_DIRECT_PUBLIC_NOT_CONFIRMED
RACING.COM,getRaceForm retained local payload,2026-05-30|CAULFIELD|R09,15633028,2026-05-30,Caulfield,9,Apache Song,12,5,74.1,37.62,12.93,outputs/sectionals/raw/VIC/racingcom_full_payloads/getRaceForm_bea0fbe9f6d6d11837.json,4c455a20b0f6081eb138332ff17b8bac44554f4e452d6fb7db8429a528141ac9,LOCAL_GOVERNED_EVIDENCE_DIRECT_PUBLIC_NOT_CONFIRMED
RACING.COM,getRaceForm retained local payload,2026-05-30|CAULFIELD|R09,15631239,2026-05-30,Caulfield,9,Perspiration,5,6,74.22,37.83,13.1,outputs/sectionals/raw/VIC/racingcom_full_payloads/getRaceForm_bea0fbe9f6d6d11837.json,4c455a20b0f6081eb138332ff17b8bac44554f4e452d6fb7db8429a528141ac9,LOCAL_GOVERNED_EVIDENCE_DIRECT_PUBLIC_NOT_CONFIRMED
RACING.COM,getRaceForm retained local payload,2026-05-30|CAULFIELD|R09,15536137,2026-05-30,Caulfield,9,Naval Academy,8,7,74.35,37.93,13.68,outputs/sectionals/raw/VIC/racingcom_full_payloads/getRaceForm_bea0fbe9f6d6d11837.json,4c455a20b0f6081eb138332ff17b8bac44554f4e452d6fb7db8429a528141ac9,LOCAL_GOVERNED_EVIDENCE_DIRECT_PUBLIC_NOT_CONFIRMED
RACING.COM,getRaceForm retained local payload,2026-05-30|CAULFIELD|R09,15637820,2026-05-30,Caulfield,9,Supernima (NZ),11,8,74.7,38.15,13.06,outputs/sectionals/raw/VIC/racingcom_full_payloads/getRaceForm_bea0fbe9f6d6d11837.json,4c455a20b0f6081eb138332ff17b8bac44554f4e452d6fb7db8429a528141ac9,LOCAL_GOVERNED_EVIDENCE_DIRECT_PUBLIC_NOT_CONFIRMED
RACING.COM,getRaceForm retained local payload,2026-05-30|CAULFIELD|R09,15637600,2026-05-30,Caulfield,9,Fridge Monster,10,9,74.87,38.56,13.65,outputs/sectionals/raw/VIC/racingcom_full_payloads/getRaceForm_bea0fbe9f6d6d11837.json,4c455a20b0f6081eb138332ff17b8bac44554f4e452d6fb7db8429a528141ac9,LOCAL_GOVERNED_EVIDENCE_DIRECT_PUBLIC_NOT_CONFIRMED
RACING.COM,getRaceForm retained local payload,2026-05-30|CAULFIELD|R09,15637216,2026-05-30,Caulfield,9,Semillion,9,10,75.05,38.78,14.15,outputs/sectionals/raw/VIC/racingcom_full_payloads/getRaceForm_bea0fbe9f6d6d11837.json,4c455a20b0f6081eb138332ff17b8bac44554f4e452d6fb7db8429a528141ac9,LOCAL_GOVERNED_EVIDENCE_DIRECT_PUBLIC_NOT_CONFIRMED
RACING.COM,getRaceForm retained local payload,2026-05-30|PICKLEBET PARK WERRIBEE|R01,15635817,2026-05-30,Picklebet Park Werribee,1,Tales Of Time,9,1,60.2,35.58,11.74,outputs/sectionals/raw/VIC/racingcom_full_payloads/getRaceForm_d6d920c7bf01727fe8.json,e5202e9b0f01ba9963c4fdd98d5c0ff73b43dd79bd5c6ded7a959f9899ab1eb1,LOCAL_GOVERNED_EVIDENCE_DIRECT_PUBLIC_NOT_CONFIRMED
RACING.COM,getRaceForm retained local payload,2026-05-30|PICKLEBET PARK WERRIBEE|R01,15635670,2026-05-30,Picklebet Park Werribee,1,Astern Fight,1,2,60.58,36.02,12.22,outputs/sectionals/raw/VIC/racingcom_full_payloads/getRaceForm_d6d920c7bf01727fe8.json,e5202e9b0f01ba9963c4fdd98d5c0ff73b43dd79bd5c6ded7a959f9899ab1eb1,LOCAL_GOVERNED_EVIDENCE_DIRECT_PUBLIC_NOT_CONFIRMED
RACING.COM,getRaceForm retained local payload,2026-05-30|PICKLEBET PARK WERRIBEE|R01,15638672,2026-05-30,Picklebet Park Werribee,1,Charlotte's Web,6,3,60.86,35.79,12.02,outputs/sectionals/raw/VIC/racingcom_full_payloads/getRaceForm_d6d920c7bf01727fe8.json,e5202e9b0f01ba9963c4fdd98d5c0ff73b43dd79bd5c6ded7a959f9899ab1eb1,LOCAL_GOVERNED_EVIDENCE_DIRECT_PUBLIC_NOT_CONFIRMED
RACING.COM,getRaceForm retained local payload,2026-05-30|PICKLEBET PARK WERRIBEE|R01,15632871,2026-05-30,Picklebet Park Werribee,1,Regal Vanguard,4,4,60.94,36.58,12.54,outputs/sectionals/raw/VIC/racingcom_full_payloads/getRaceForm_d6d920c7bf01727fe8.json,e5202e9b0f01ba9963c4fdd98d5c0ff73b43dd79bd5c6ded7a959f9899ab1eb1,LOCAL_GOVERNED_EVIDENCE_DIRECT_PUBLIC_NOT_CONFIRMED
RACING.COM,getRaceForm retained local payload,2026-05-30|PICKLEBET PARK WERRIBEE|R01,15636579,2026-05-30,Picklebet Park Werribee,1,Prolific Angel,8,5,61,35.92,12.14,outputs/sectionals/raw/VIC/racingcom_full_payloads/getRaceForm_d6d920c7bf01727fe8.json,e5202e9b0f01ba9963c4fdd98d5c0ff73b43dd79bd5c6ded7a959f9899ab1eb1,LOCAL_GOVERNED_EVIDENCE_DIRECT_PUBLIC_NOT_CONFIRMED
RACING.COM,getRaceForm retained local payload,2026-05-30|PICKLEBET PARK WERRIBEE|R01,15636746,2026-05-30,Picklebet Park Werribee,1,Le Glacon,2,6,61.54,36.7,12.56,outputs/sectionals/raw/VIC/racingcom_full_payloads/getRaceForm_d6d920c7bf01727fe8.json,e5202e9b0f01ba9963c4fdd98d5c0ff73b43dd79bd5c6ded7a959f9899ab1eb1,LOCAL_GOVERNED_EVIDENCE_DIRECT_PUBLIC_NOT_CONFIRMED
RACING.COM,getRaceForm retained local payload,2026-05-30|PICKLEBET PARK WERRIBEE|R01,15635660,2026-05-30,Picklebet Park Werribee,1,Velsheda,12,7,63.18,38.78,14.06,outputs/sectionals/raw/VIC/racingcom_full_payloads/getRaceForm_d6d920c7bf01727fe8.json,e5202e9b0f01ba9963c4fdd98d5c0ff73b43dd79bd5c6ded7a959f9899ab1eb1,LOCAL_GOVERNED_EVIDENCE_DIRECT_PUBLIC_NOT_CONFIRMED
RACING.COM,getRaceForm retained local payload,2026-05-30|PICKLEBET PARK WERRIBEE|R02,15638389,2026-05-30,Picklebet Park Werribee,2,Analytical,1,1,88.44,37.54,12.52,outputs/sectionals/raw/VIC/racingcom_full_payloads/getRaceForm_b31adc034787faa299.json,ec5192e85d2da9f045bb2a72ac72609bfbc4701f33b117e610834c70748734d7,LOCAL_GOVERNED_EVIDENCE_DIRECT_PUBLIC_NOT_CONFIRMED
RACING.COM,getRaceForm retained local payload,2026-05-30|PICKLEBET PARK WERRIBEE|R02,15633839,2026-05-30,Picklebet Park Werribee,2,Always Free,8,2,88.52,37.74,12.3,outputs/sectionals/raw/VIC/racingcom_full_payloads/getRaceForm_b31adc034787faa299.json,ec5192e85d2da9f045bb2a72ac72609bfbc4701f33b117e610834c70748734d7,LOCAL_GOVERNED_EVIDENCE_DIRECT_PUBLIC_NOT_CONFIRMED
RACING.COM,getRaceForm retained local payload,2026-05-30|PICKLEBET PARK WERRIBEE|R02,15635809,2026-05-30,Picklebet Park Werribee,2,Pride Of Mandy,12,3,88.76,37.76,12.6,outputs/sectionals/raw/VIC/racingcom_full_payloads/getRaceForm_b31adc034787faa299.json,ec5192e85d2da9f045bb2a72ac72609bfbc4701f33b117e610834c70748734d7,LOCAL_GOVERNED_EVIDENCE_DIRECT_PUBLIC_NOT_CONFIRMED
RACING.COM,getRaceForm retained local payload,2026-05-30|PICKLEBET PARK WERRIBEE|R02,15638151,2026-05-30,Picklebet Park Werribee,2,Downtherabbithole (NZ),14,4,88.86,37.7,12.54,outputs/sectionals/raw/VIC/racingcom_full_payloads/getRaceForm_b31adc034787faa299.json,ec5192e85d2da9f045bb2a72ac72609bfbc4701f33b117e610834c70748734d7,LOCAL_GOVERNED_EVIDENCE_DIRECT_PUBLIC_NOT_CONFIRMED
RACING.COM,getRaceForm retained local payload,2026-05-30|PICKLEBET PARK WERRIBEE|R02,15634590,2026-05-30,Picklebet Park Werribee,2,Royal Business,6,5,88.94,37.47,12.6,outputs/sectionals/raw/VIC/racingcom_full_payloads/getRaceForm_b31adc034787faa299.json,ec5192e85d2da9f045bb2a72ac72609bfbc4701f33b117e610834c70748734d7,LOCAL_GOVERNED_EVIDENCE_DIRECT_PUBLIC_NOT_CONFIRMED
RACING.COM,getRaceForm retained local payload,2026-05-30|PICKLEBET PARK WERRIBEE|R02,15624936,2026-05-30,Picklebet Park Werribee,2,Honeyplotkin,11,6,89.06,37.97,12.64,outputs/sectionals/raw/VIC/racingcom_full_payloads/getRaceForm_b31adc034787faa299.json,ec5192e85d2da9f045bb2a72ac72609bfbc4701f33b117e610834c70748734d7,LOCAL_GOVERNED_EVIDENCE_DIRECT_PUBLIC_NOT_CONFIRMED
RACING.COM,getRaceForm retained local payload,2026-05-30|PICKLEBET PARK WERRIBEE|R02,15635497,2026-05-30,Picklebet Park Werribee,2,Cosmic Dynasty,9,7,89.22,38.7,13.14,outputs/sectionals/raw/VIC/racingcom_full_payloads/getRaceForm_b31adc034787faa299.json,ec5192e85d2da9f045bb2a72ac72609bfbc4701f33b117e610834c70748734d7,LOCAL_GOVERNED_EVIDENCE_DIRECT_PUBLIC_NOT_CONFIRMED
RACING.COM,getRaceForm retained local payload,2026-05-30|PICKLEBET PARK WERRIBEE|R02,15636327,2026-05-30,Picklebet Park Werribee,2,Coral Jet,3,8,89.34,37.97,12.64,outputs/sectionals/raw/VIC/racingcom_full_payloads/getRaceForm_b31adc034787faa299.json,ec5192e85d2da9f045bb2a72ac72609bfbc4701f33b117e610834c70748734d7,LOCAL_GOVERNED_EVIDENCE_DIRECT_PUBLIC_NOT_CONFIRMED
RACING.COM,getRaceForm retained local payload,2026-05-30|PICKLEBET PARK WERRIBEE|R02,15637521,2026-05-30,Picklebet Park Werribee,2,Burn For You,2,9,89.68,39,12.9,outputs/sectionals/raw/VIC/racingcom_full_payloads/getRaceForm_b31adc034787faa299.json,ec5192e85d2da9f045bb2a72ac72609bfbc4701f33b117e610834c70748734d7,LOCAL_GOVERNED_EVIDENCE_DIRECT_PUBLIC_NOT_CONFIRMED
RACING.COM,getRaceForm retained local payload,2026-05-30|PICKLEBET PARK WERRIBEE|R02,15635818,2026-05-30,Picklebet Park Werribee,2,Regalade,5,10,89.9,38.5,12.74,outputs/sectionals/raw/VIC/racingcom_full_payloads/getRaceForm_b31adc034787faa299.json,ec5192e85d2da9f045bb2a72ac72609bfbc4701f33b117e610834c70748734d7,LOCAL_GOVERNED_EVIDENCE_DIRECT_PUBLIC_NOT_CONFIRMED
RACING.COM,getRaceForm retained local payload,2026-05-30|PICKLEBET PARK WERRIBEE|R02,15632473,2026-05-30,Picklebet Park Werribee,2,Entitle,10,11,90.16,39.36,13.24,outputs/sectionals/raw/VIC/racingcom_full_payloads/getRaceForm_b31adc034787faa299.json,ec5192e85d2da9f045bb2a72ac72609bfbc4701f33b117e610834c70748734d7,LOCAL_GOVERNED_EVIDENCE_DIRECT_PUBLIC_NOT_CONFIRMED
RACING.COM,getRaceForm retained local payload,2026-05-30|PICKLEBET PARK WERRIBEE|R02,15636956,2026-05-30,Picklebet Park Werribee,2,Tennessee Lass,13,12,90.28,38.6,13,outputs/sectionals/raw/VIC/racingcom_full_payloads/getRaceForm_b31adc034787faa299.json,ec5192e85d2da9f045bb2a72ac72609bfbc4701f33b117e610834c70748734d7,LOCAL_GOVERNED_EVIDENCE_DIRECT_PUBLIC_NOT_CONFIRMED
RACING.COM,getRaceForm retained local payload,2026-05-30|PICKLEBET PARK WERRIBEE|R02,15635334,2026-05-30,Picklebet Park Werribee,2,Le Plus Rapide,4,13,90.64,39.06,12.92,outputs/sectionals/raw/VIC/racingcom_full_payloads/getRaceForm_b31adc034787faa299.json,ec5192e85d2da9f045bb2a72ac72609bfbc4701f33b117e610834c70748734d7,LOCAL_GOVERNED_EVIDENCE_DIRECT_PUBLIC_NOT_CONFIRMED
RACING.COM,getRaceForm retained local payload,2026-05-30|PICKLEBET PARK WERRIBEE|R03,15632873,2026-05-30,Picklebet Park Werribee,3,Sasterion (NZ),7,1,144.18,37.76,12.34,outputs/sectionals/raw/VIC/racingcom_full_payloads/getRaceForm_0f962e357c3162e221.json,d1f9d0acf4545b80aa43cd30c5edec82b284e671f9eddce770aae7dcefe62fc3,LOCAL_GOVERNED_EVIDENCE_DIRECT_PUBLIC_NOT_CONFIRMED
RACING.COM,getRaceForm retained local payload,2026-05-30|PICKLEBET PARK WERRIBEE|R03,15637001,2026-05-30,Picklebet Park Werribee,3,Lillard,3,2,144.26,38.88,12.78,outputs/sectionals/raw/VIC/racingcom_full_payloads/getRaceForm_0f962e357c3162e221.json,d1f9d0acf4545b80aa43cd30c5edec82b284e671f9eddce770aae7dcefe62fc3,LOCAL_GOVERNED_EVIDENCE_DIRECT_PUBLIC_NOT_CONFIRMED
RACING.COM,getRaceForm retained local payload,2026-05-30|PICKLEBET PARK WERRIBEE|R03,15637803,2026-05-30,Picklebet Park Werribee,3,Janey Bopper,10,3,144.41,38.4,12.96,outputs/sectionals/raw/VIC/racingcom_full_payloads/getRaceForm_0f962e357c3162e221.json,d1f9d0acf4545b80aa43cd30c5edec82b284e671f9eddce770aae7dcefe62fc3,LOCAL_GOVERNED_EVIDENCE_DIRECT_PUBLIC_NOT_CONFIRMED
RACING.COM,getRaceForm retained local payload,2026-05-30|PICKLEBET PARK WERRIBEE|R03,15634276,2026-05-30,Picklebet Park Werribee,3,Reelzaz,12,4,144.56,39.14,13.06,outputs/sectionals/raw/VIC/racingcom_full_payloads/getRaceForm_0f962e357c3162e221.json,d1f9d0acf4545b80aa43cd30c5edec82b284e671f9eddce770aae7dcefe62fc3,LOCAL_GOVERNED_EVIDENCE_DIRECT_PUBLIC_NOT_CONFIRMED
RACING.COM,getRaceForm retained local payload,2026-05-30|PICKLEBET PARK WERRIBEE|R03,15637524,2026-05-30,Picklebet Park Werribee,3,Preciousmore,11,5,144.88,38.72,12.44,outputs/sectionals/raw/VIC/racingcom_full_payloads/getRaceForm_0f962e357c3162e221.json,d1f9d0acf4545b80aa43cd30c5edec82b284e671f9eddce770aae7dcefe62fc3,LOCAL_GOVERNED_EVIDENCE_DIRECT_PUBLIC_NOT_CONFIRMED
RACING.COM,getRaceForm retained local payload,2026-05-30|PICKLEBET PARK WERRIBEE|R03,15637581,2026-05-30,Picklebet Park Werribee,3,Egyptian Legend,9,6,145.02,39.04,12.94,outputs/sectionals/raw/VIC/racingcom_full_payloads/getRaceForm_0f962e357c3162e221.json,d1f9d0acf4545b80aa43cd30c5edec82b284e671f9eddce770aae7dcefe62fc3,LOCAL_GOVERNED_EVIDENCE_DIRECT_PUBLIC_NOT_CONFIRMED
RACING.COM,getRaceForm retained local payload,2026-05-30|PICKLEBET PARK WERRIBEE|R03,15632354,2026-05-30,Picklebet Park Werribee,3,Clydebank Robber,2,7,145.74,39.7,13.12,outputs/sectionals/raw/VIC/racingcom_full_payloads/getRaceForm_0f962e357c3162e221.json,d1f9d0acf4545b80aa43cd30c5edec82b284e671f9eddce770aae7dcefe62fc3,LOCAL_GOVERNED_EVIDENCE_DIRECT_PUBLIC_NOT_CONFIRMED
RACING.COM,getRaceForm retained local payload,2026-05-30|PICKLEBET PARK WERRIBEE|R03,15635986,2026-05-30,Picklebet Park Werribee,3,Poor Ol' Johny Ray (NZ),5,8,145.76,39.82,13.16,outputs/sectionals/raw/VIC/racingcom_full_payloads/getRaceForm_0f962e357c3162e221.json,d1f9d0acf4545b80aa43cd30c5edec82b284e671f9eddce770aae7dcefe62fc3,LOCAL_GOVERNED_EVIDENCE_DIRECT_PUBLIC_NOT_CONFIRMED
RACING.COM,getRaceForm retained local payload,2026-05-30|PICKLEBET PARK WERRIBEE|R03,15620541,2026-05-30,Picklebet Park Werribee,3,Royal Gala (NZ),6,9,145.82,39.6,13.08,outputs/sectionals/raw/VIC/racingcom_full_payloads/getRaceForm_0f962e357c3162e221.json,d1f9d0acf4545b80aa43cd30c5edec82b284e671f9eddce770aae7dcefe62fc3,LOCAL_GOVERNED_EVIDENCE_DIRECT_PUBLIC_NOT_CONFIRMED
RACING.COM,getRaceForm retained local payload,2026-05-30|PICKLEBET PARK WERRIBEE|R03,15638014,2026-05-30,Picklebet Park Werribee,3,So So So,13,10,146.16,40.02,13.32,outputs/sectionals/raw/VIC/racingcom_full_payloads/getRaceForm_0f962e357c3162e221.json,d1f9d0acf4545b80aa43cd30c5edec82b284e671f9eddce770aae7dcefe62fc3,LOCAL_GOVERNED_EVIDENCE_DIRECT_PUBLIC_NOT_CONFIRMED
RACING.COM,getRaceForm retained local payload,2026-05-30|PICKLEBET PARK WERRIBEE|R03,15637537,2026-05-30,Picklebet Park Werribee,3,Mungerannie,4,11,146.8,40.92,13.8,outputs/sectionals/raw/VIC/racingcom_full_payloads/getRaceForm_0f962e357c3162e221.json,d1f9d0acf4545b80aa43cd30c5edec82b284e671f9eddce770aae7dcefe62fc3,LOCAL_GOVERNED_EVIDENCE_DIRECT_PUBLIC_NOT_CONFIRMED
RACING.COM,getRaceForm retained local payload,2026-05-30|PICKLEBET PARK WERRIBEE|R04,15635452,2026-05-30,Picklebet Park Werribee,4,Miss Niagara (NZ),14,1,143.46,37.84,12.36,outputs/sectionals/raw/VIC/racingcom_full_payloads/getRaceForm_d745572f3364b807ce.json,8c72e146b6c8b1ea79870386b7157e43549376047c5f80ba4f38a24594490347,LOCAL_GOVERNED_EVIDENCE_DIRECT_PUBLIC_NOT_CONFIRMED
RACING.COM,getRaceForm retained local payload,2026-05-30|PICKLEBET PARK WERRIBEE|R04,15634873,2026-05-30,Picklebet Park Werribee,4,Triora (NZ),12,2,143.82,37.97,12.68,outputs/sectionals/raw/VIC/racingcom_full_payloads/getRaceForm_d745572f3364b807ce.json,8c72e146b6c8b1ea79870386b7157e43549376047c5f80ba4f38a24594490347,LOCAL_GOVERNED_EVIDENCE_DIRECT_PUBLIC_NOT_CONFIRMED
RACING.COM,getRaceForm retained local payload,2026-05-30|PICKLEBET PARK WERRIBEE|R04,15634000,2026-05-30,Picklebet Park Werribee,4,Sir Rockford (NZ),1,3,144,38.06,12.76,outputs/sectionals/raw/VIC/racingcom_full_payloads/getRaceForm_d745572f3364b807ce.json,8c72e146b6c8b1ea79870386b7157e43549376047c5f80ba4f38a24594490347,LOCAL_GOVERNED_EVIDENCE_DIRECT_PUBLIC_NOT_CONFIRMED
RACING.COM,getRaceForm retained local payload,2026-05-30|PICKLEBET PARK WERRIBEE|R04,15631650,2026-05-30,Picklebet Park Werribee,4,Epoch (NZ),4,4,144.16,38.58,12.66,outputs/sectionals/raw/VIC/racingcom_full_payloads/getRaceForm_d745572f3364b807ce.json,8c72e146b6c8b1ea79870386b7157e43549376047c5f80ba4f38a24594490347,LOCAL_GOVERNED_EVIDENCE_DIRECT_PUBLIC_NOT_CONFIRMED
RACING.COM,getRaceForm retained local payload,2026-05-30|PICKLEBET PARK WERRIBEE|R04,15629924,2026-05-30,Picklebet Park Werribee,4,Hide Your Assets,10,5,144.19,37.94,12.68,outputs/sectionals/raw/VIC/racingcom_full_payloads/getRaceForm_d745572f3364b807ce.json,8c72e146b6c8b1ea79870386b7157e43549376047c5f80ba4f38a24594490347,LOCAL_GOVERNED_EVIDENCE_DIRECT_PUBLIC_NOT_CONFIRMED
RACING.COM,getRaceForm retained local payload,2026-05-30|PICKLEBET PARK WERRIBEE|R04,15637536,2026-05-30,Picklebet Park Werribee,4,Step In Time (NZ),9,6,144.36,38.04,12.5,outputs/sectionals/raw/VIC/racingcom_full_payloads/getRaceForm_d745572f3364b807ce.json,8c72e146b6c8b1ea79870386b7157e43549376047c5f80ba4f38a24594490347,LOCAL_GOVERNED_EVIDENCE_DIRECT_PUBLIC_NOT_CONFIRMED
RACING.COM,getRaceForm retained local payload,2026-05-30|PICKLEBET PARK WERRIBEE|R04,15635342,2026-05-30,Picklebet Park Werribee,4,Ahab (NZ),6,7,144.46,38.26,12.7,outputs/sectionals/raw/VIC/racingcom_full_payloads/getRaceForm_d745572f3364b807ce.json,8c72e146b6c8b1ea79870386b7157e43549376047c5f80ba4f38a24594490347,LOCAL_GOVERNED_EVIDENCE_DIRECT_PUBLIC_NOT_CONFIRMED
RACING.COM,getRaceForm retained local payload,2026-05-30|PICKLEBET PARK WERRIBEE|R04,15637651,2026-05-30,Picklebet Park Werribee,4,Octahedron,8,8,144.91,39,12.96,outputs/sectionals/raw/VIC/racingcom_full_payloads/getRaceForm_d745572f3364b807ce.json,8c72e146b6c8b1ea79870386b7157e43549376047c5f80ba4f38a24594490347,LOCAL_GOVERNED_EVIDENCE_DIRECT_PUBLIC_NOT_CONFIRMED
RACING.COM,getRaceForm retained local payload,2026-05-30|PICKLEBET PARK WERRIBEE|R04,15634153,2026-05-30,Picklebet Park Werribee,4,All In Vain,11,9,145,39.64,13.32,outputs/sectionals/raw/VIC/racingcom_full_payloads/getRaceForm_d745572f3364b807ce.json,8c72e146b6c8b1ea79870386b7157e43549376047c5f80ba4f38a24594490347,LOCAL_GOVERNED_EVIDENCE_DIRECT_PUBLIC_NOT_CONFIRMED
RACING.COM,getRaceForm retained local payload,2026-05-30|PICKLEBET PARK WERRIBEE|R04,15633899,2026-05-30,Picklebet Park Werribee,4,Nile Crocodile,5,10,145.12,39.72,13.52,outputs/sectionals/raw/VIC/racingcom_full_payloads/getRaceForm_d745572f3364b807ce.json,8c72e146b6c8b1ea79870386b7157e43549376047c5f80ba4f38a24594490347,LOCAL_GOVERNED_EVIDENCE_DIRECT_PUBLIC_NOT_CONFIRMED
RACING.COM,getRaceForm retained local payload,2026-05-30|PICKLEBET PARK WERRIBEE|R04,15634753,2026-05-30,Picklebet Park Werribee,4,Amaram (GB),2,11,145.13,38.86,13.12,outputs/sectionals/raw/VIC/racingcom_full_payloads/getRaceForm_d745572f3364b807ce.json,8c72e146b6c8b1ea79870386b7157e43549376047c5f80ba4f38a24594490347,LOCAL_GOVERNED_EVIDENCE_DIRECT_PUBLIC_NOT_CONFIRMED
RACING.COM,getRaceForm retained local payload,2026-05-30|PICKLEBET PARK WERRIBEE|R04,15634974,2026-05-30,Picklebet Park Werribee,4,Guarded Optimist (NZ),3,12,145.74,40.14,13.68,outputs/sectionals/raw/VIC/racingcom_full_payloads/getRaceForm_d745572f3364b807ce.json,8c72e146b6c8b1ea79870386b7157e43549376047c5f80ba4f38a24594490347,LOCAL_GOVERNED_EVIDENCE_DIRECT_PUBLIC_NOT_CONFIRMED
RACING.COM,getRaceForm retained local payload,2026-05-30|PICKLEBET PARK WERRIBEE|R04,15634186,2026-05-30,Picklebet Park Werribee,4,It's All Calm,7,13,147.63,41.96,14.62,outputs/sectionals/raw/VIC/racingcom_full_payloads/getRaceForm_d745572f3364b807ce.json,8c72e146b6c8b1ea79870386b7157e43549376047c5f80ba4f38a24594490347,LOCAL_GOVERNED_EVIDENCE_DIRECT_PUBLIC_NOT_CONFIRMED
RACING.COM,getRaceForm retained local payload,2026-05-30|PICKLEBET PARK WERRIBEE|R05,15637522,2026-05-30,Picklebet Park Werribee,5,Kawa (JPN),6,1,100.96,38.79,12.76,outputs/sectionals/raw/VIC/racingcom_full_payloads/getRaceForm_5251fa0ddd95c1ae00.json,3458f2e2f68b4c6d3ffba74238985dd09f8c257cc68a262a39ac8660c2cc1bb1,LOCAL_GOVERNED_EVIDENCE_DIRECT_PUBLIC_NOT_CONFIRMED
RACING.COM,getRaceForm retained local payload,2026-05-30|PICKLEBET PARK WERRIBEE|R05,15635341,2026-05-30,Picklebet Park Werribee,5,King Alla,7,2,100.98,38.14,12.5,outputs/sectionals/raw/VIC/racingcom_full_payloads/getRaceForm_5251fa0ddd95c1ae00.json,3458f2e2f68b4c6d3ffba74238985dd09f8c257cc68a262a39ac8660c2cc1bb1,LOCAL_GOVERNED_EVIDENCE_DIRECT_PUBLIC_NOT_CONFIRMED
RACING.COM,getRaceForm retained local payload,2026-05-30|PICKLEBET PARK WERRIBEE|R05,15630176,2026-05-30,Picklebet Park Werribee,5,Preservator,2,3,101.04,38.44,12.54,outputs/sectionals/raw/VIC/racingcom_full_payloads/getRaceForm_5251fa0ddd95c1ae00.json,3458f2e2f68b4c6d3ffba74238985dd09f8c257cc68a262a39ac8660c2cc1bb1,LOCAL_GOVERNED_EVIDENCE_DIRECT_PUBLIC_NOT_CONFIRMED
RACING.COM,getRaceForm retained local payload,2026-05-30|PICKLEBET PARK WERRIBEE|R05,15628166,2026-05-30,Picklebet Park Werribee,5,Tudaya,3,4,101.2,38.26,12.78,outputs/sectionals/raw/VIC/racingcom_full_payloads/getRaceForm_5251fa0ddd95c1ae00.json,3458f2e2f68b4c6d3ffba74238985dd09f8c257cc68a262a39ac8660c2cc1bb1,LOCAL_GOVERNED_EVIDENCE_DIRECT_PUBLIC_NOT_CONFIRMED
RACING.COM,getRaceForm retained local payload,2026-05-30|PICKLEBET PARK WERRIBEE|R05,15638015,2026-05-30,Picklebet Park Werribee,5,Frankie's Me Dad,12,5,101.54,38.32,12.56,outputs/sectionals/raw/VIC/racingcom_full_payloads/getRaceForm_5251fa0ddd95c1ae00.json,3458f2e2f68b4c6d3ffba74238985dd09f8c257cc68a262a39ac8660c2cc1bb1,LOCAL_GOVERNED_EVIDENCE_DIRECT_PUBLIC_NOT_CONFIRMED
RACING.COM,getRaceForm retained local payload,2026-05-30|PICKLEBET PARK WERRIBEE|R05,15634001,2026-05-30,Picklebet Park Werribee,5,Ninyo,9,6,101.58,38.5,12.7,outputs/sectionals/raw/VIC/racingcom_full_payloads/getRaceForm_5251fa0ddd95c1ae00.json,3458f2e2f68b4c6d3ffba74238985dd09f8c257cc68a262a39ac8660c2cc1bb1,LOCAL_GOVERNED_EVIDENCE_DIRECT_PUBLIC_NOT_CONFIRMED
RACING.COM,getRaceForm retained local payload,2026-05-30|PICKLEBET PARK WERRIBEE|R05,15637443,2026-05-30,Picklebet Park Werribee,5,Shasam,13,6,101.6,38.34,12.56,outputs/sectionals/raw/VIC/racingcom_full_payloads/getRaceForm_5251fa0ddd95c1ae00.json,3458f2e2f68b4c6d3ffba74238985dd09f8c257cc68a262a39ac8660c2cc1bb1,LOCAL_GOVERNED_EVIDENCE_DIRECT_PUBLIC_NOT_CONFIRMED
RACING.COM,getRaceForm retained local payload,2026-05-30|PICKLEBET PARK WERRIBEE|R05,15635676,2026-05-30,Picklebet Park Werribee,5,Triple Oh (NZ),8,8,101.68,39.76,13.28,outputs/sectionals/raw/VIC/racingcom_full_payloads/getRaceForm_5251fa0ddd95c1ae00.json,3458f2e2f68b4c6d3ffba74238985dd09f8c257cc68a262a39ac8660c2cc1bb1,LOCAL_GOVERNED_EVIDENCE_DIRECT_PUBLIC_NOT_CONFIRMED
RACING.COM,getRaceForm retained local payload,2026-05-30|PICKLEBET PARK WERRIBEE|R05,15635210,2026-05-30,Picklebet Park Werribee,5,Red Stiletto,10,9,102.08,39.76,13.5,outputs/sectionals/raw/VIC/racingcom_full_payloads/getRaceForm_5251fa0ddd95c1ae00.json,3458f2e2f68b4c6d3ffba74238985dd09f8c257cc68a262a39ac8660c2cc1bb1,LOCAL_GOVERNED_EVIDENCE_DIRECT_PUBLIC_NOT_CONFIRMED
RACING.COM,getRaceForm retained local payload,2026-05-30|PICKLEBET PARK WERRIBEE|R05,15631629,2026-05-30,Picklebet Park Werribee,5,Blow On The Dice,1,10,102.3,39.9,13.66,outputs/sectionals/raw/VIC/racingcom_full_payloads/getRaceForm_5251fa0ddd95c1ae00.json,3458f2e2f68b4c6d3ffba74238985dd09f8c257cc68a262a39ac8660c2cc1bb1,LOCAL_GOVERNED_EVIDENCE_DIRECT_PUBLIC_NOT_CONFIRMED
RACING.COM,getRaceForm retained local payload,2026-05-30|PICKLEBET PARK WERRIBEE|R05,15632633,2026-05-30,Picklebet Park Werribee,5,Inspired Choice,11,11,102.66,39.68,13.54,outputs/sectionals/raw/VIC/racingcom_full_payloads/getRaceForm_5251fa0ddd95c1ae00.json,3458f2e2f68b4c6d3ffba74238985dd09f8c257cc68a262a39ac8660c2cc1bb1,LOCAL_GOVERNED_EVIDENCE_DIRECT_PUBLIC_NOT_CONFIRMED
RACING.COM,getRaceForm retained local payload,2026-05-30|PICKLEBET PARK WERRIBEE|R05,15638379,2026-05-30,Picklebet Park Werribee,5,Lexton,5,12,103.66,40.98,14.14,outputs/sectionals/raw/VIC/racingcom_full_payloads/getRaceForm_5251fa0ddd95c1ae00.json,3458f2e2f68b4c6d3ffba74238985dd09f8c257cc68a262a39ac8660c2cc1bb1,LOCAL_GOVERNED_EVIDENCE_DIRECT_PUBLIC_NOT_CONFIRMED
RACING.COM,getRaceForm retained local payload,2026-05-30|PICKLEBET PARK WERRIBEE|R05,15627061,2026-05-30,Picklebet Park Werribee,5,High Class Roller,4,13,103.8,41.7,14.54,outputs/sectionals/raw/VIC/racingcom_full_payloads/getRaceForm_5251fa0ddd95c1ae00.json,3458f2e2f68b4c6d3ffba74238985dd09f8c257cc68a262a39ac8660c2cc1bb1,LOCAL_GOVERNED_EVIDENCE_DIRECT_PUBLIC_NOT_CONFIRMED
RACING.COM,getRaceForm retained local payload,2026-05-30|PICKLEBET PARK WERRIBEE|R06,15632355,2026-05-30,Picklebet Park Werribee,6,I'm Dynamite,8,1,88.1,36.65,12.14,outputs/sectionals/raw/VIC/racingcom_full_payloads/getRaceForm_0a10e65281a7805c36.json,9b2971932bd98b13e6946bab3522a6115f728582c098838b9b2948b9811eea20,LOCAL_GOVERNED_EVIDENCE_DIRECT_PUBLIC_NOT_CONFIRMED
RACING.COM,getRaceForm retained local payload,2026-05-30|PICKLEBET PARK WERRIBEE|R06,15634752,2026-05-30,Picklebet Park Werribee,6,Infinite Jest,1,2,88.14,37.08,12.32,outputs/sectionals/raw/VIC/racingcom_full_payloads/getRaceForm_0a10e65281a7805c36.json,9b2971932bd98b13e6946bab3522a6115f728582c098838b9b2948b9811eea20,LOCAL_GOVERNED_EVIDENCE_DIRECT_PUBLIC_NOT_CONFIRMED
RACING.COM,getRaceForm retained local payload,2026-05-30|PICKLEBET PARK WERRIBEE|R06,15634591,2026-05-30,Picklebet Park Werribee,6,Cuban Dawn (IRE),3,3,88.62,37.02,12.36,outputs/sectionals/raw/VIC/racingcom_full_payloads/getRaceForm_0a10e65281a7805c36.json,9b2971932bd98b13e6946bab3522a6115f728582c098838b9b2948b9811eea20,LOCAL_GOVERNED_EVIDENCE_DIRECT_PUBLIC_NOT_CONFIRMED
RACING.COM,getRaceForm retained local payload,2026-05-30|PICKLEBET PARK WERRIBEE|R06,15631649,2026-05-30,Picklebet Park Werribee,6,Simply Sassy,5,4,88.64,37.42,12.54,outputs/sectionals/raw/VIC/racingcom_full_payloads/getRaceForm_0a10e65281a7805c36.json,9b2971932bd98b13e6946bab3522a6115f728582c098838b9b2948b9811eea20,LOCAL_GOVERNED_EVIDENCE_DIRECT_PUBLIC_NOT_CONFIRMED
RACING.COM,getRaceForm retained local payload,2026-05-30|PICKLEBET PARK WERRIBEE|R06,15636948,2026-05-30,Picklebet Park Werribee,6,Sunset Beauty,6,5,88.88,37.47,12.36,outputs/sectionals/raw/VIC/racingcom_full_payloads/getRaceForm_0a10e65281a7805c36.json,9b2971932bd98b13e6946bab3522a6115f728582c098838b9b2948b9811eea20,LOCAL_GOVERNED_EVIDENCE_DIRECT_PUBLIC_NOT_CONFIRMED
RACING.COM,getRaceForm retained local payload,2026-05-30|PICKLEBET PARK WERRIBEE|R06,15631405,2026-05-30,Picklebet Park Werribee,6,Paint Me Red (NZ),11,6,88.92,37.92,12.78,outputs/sectionals/raw/VIC/racingcom_full_payloads/getRaceForm_0a10e65281a7805c36.json,9b2971932bd98b13e6946bab3522a6115f728582c098838b9b2948b9811eea20,LOCAL_GOVERNED_EVIDENCE_DIRECT_PUBLIC_NOT_CONFIRMED
RACING.COM,getRaceForm retained local payload,2026-05-30|PICKLEBET PARK WERRIBEE|R06,15634883,2026-05-30,Picklebet Park Werribee,6,Imposing Tallulah,9,7,89.16,37.92,12.8,outputs/sectionals/raw/VIC/racingcom_full_payloads/getRaceForm_0a10e65281a7805c36.json,9b2971932bd98b13e6946bab3522a6115f728582c098838b9b2948b9811eea20,LOCAL_GOVERNED_EVIDENCE_DIRECT_PUBLIC_NOT_CONFIRMED
RACING.COM,getRaceForm retained local payload,2026-05-30|PICKLEBET PARK WERRIBEE|R06,15636949,2026-05-30,Picklebet Park Werribee,6,Littlebirdie,13,8,89.18,37.34,12.54,outputs/sectionals/raw/VIC/racingcom_full_payloads/getRaceForm_0a10e65281a7805c36.json,9b2971932bd98b13e6946bab3522a6115f728582c098838b9b2948b9811eea20,LOCAL_GOVERNED_EVIDENCE_DIRECT_PUBLIC_NOT_CONFIRMED
RACING.COM,getRaceForm retained local payload,2026-05-30|PICKLEBET PARK WERRIBEE|R06,15637440,2026-05-30,Picklebet Park Werribee,6,Kilkenny Lass,10,9,89.2,37.47,12.34,outputs/sectionals/raw/VIC/racingcom_full_payloads/getRaceForm_0a10e65281a7805c36.json,9b2971932bd98b13e6946bab3522a6115f728582c098838b9b2948b9811eea20,LOCAL_GOVERNED_EVIDENCE_DIRECT_PUBLIC_NOT_CONFIRMED
RACING.COM,getRaceForm retained local payload,2026-05-30|PICKLEBET PARK WERRIBEE|R06,15635339,2026-05-30,Picklebet Park Werribee,6,Whitson,12,10,89.22,37.34,12.34,outputs/sectionals/raw/VIC/racingcom_full_payloads/getRaceForm_0a10e65281a7805c36.json,9b2971932bd98b13e6946bab3522a6115f728582c098838b9b2948b9811eea20,LOCAL_GOVERNED_EVIDENCE_DIRECT_PUBLIC_NOT_CONFIRMED
RACING.COM,getRaceForm retained local payload,2026-05-30|PICKLEBET PARK WERRIBEE|R06,15636083,2026-05-30,Picklebet Park Werribee,6,Triomphe,2,11,89.3,37.65,12.74,outputs/sectionals/raw/VIC/racingcom_full_payloads/getRaceForm_0a10e65281a7805c36.json,9b2971932bd98b13e6946bab3522a6115f728582c098838b9b2948b9811eea20,LOCAL_GOVERNED_EVIDENCE_DIRECT_PUBLIC_NOT_CONFIRMED
RACING.COM,getRaceForm retained local payload,2026-05-30|PICKLEBET PARK WERRIBEE|R06,15632617,2026-05-30,Picklebet Park Werribee,6,Lika Mosh,14,12,89.48,37.36,12.42,outputs/sectionals/raw/VIC/racingcom_full_payloads/getRaceForm_0a10e65281a7805c36.json,9b2971932bd98b13e6946bab3522a6115f728582c098838b9b2948b9811eea20,LOCAL_GOVERNED_EVIDENCE_DIRECT_PUBLIC_NOT_CONFIRMED
RACING.COM,getRaceForm retained local payload,2026-05-30|PICKLEBET PARK WERRIBEE|R06,15635025,2026-05-30,Picklebet Park Werribee,6,Gijima Gal,15,13,89.54,37.56,12.42,outputs/sectionals/raw/VIC/racingcom_full_payloads/getRaceForm_0a10e65281a7805c36.json,9b2971932bd98b13e6946bab3522a6115f728582c098838b9b2948b9811eea20,LOCAL_GOVERNED_EVIDENCE_DIRECT_PUBLIC_NOT_CONFIRMED
RACING.COM,getRaceForm retained local payload,2026-05-30|PICKLEBET PARK WERRIBEE|R07,15637428,2026-05-30,Picklebet Park Werribee,7,Sea Trader,4,1,60.08,34.92,11.38,outputs/sectionals/raw/VIC/racingcom_full_payloads/getRaceForm_d9ba44db224d49a3da.json,1bf366cc780a75604929156b6c14862968a8817d0b22068869e08271674d6771,LOCAL_GOVERNED_EVIDENCE_DIRECT_PUBLIC_NOT_CONFIRMED
RACING.COM,getRaceForm retained local payload,2026-05-30|PICKLEBET PARK WERRIBEE|R07,15634967,2026-05-30,Picklebet Park Werribee,7,Eternal Darkness,3,2,60.28,34.92,11.6,outputs/sectionals/raw/VIC/racingcom_full_payloads/getRaceForm_d9ba44db224d49a3da.json,1bf366cc780a75604929156b6c14862968a8817d0b22068869e08271674d6771,LOCAL_GOVERNED_EVIDENCE_DIRECT_PUBLIC_NOT_CONFIRMED
RACING.COM,getRaceForm retained local payload,2026-05-30|PICKLEBET PARK WERRIBEE|R07,15633015,2026-05-30,Picklebet Park Werribee,7,Miss Tallchief,11,3,60.34,35.4,11.84,outputs/sectionals/raw/VIC/racingcom_full_payloads/getRaceForm_d9ba44db224d49a3da.json,1bf366cc780a75604929156b6c14862968a8817d0b22068869e08271674d6771,LOCAL_GOVERNED_EVIDENCE_DIRECT_PUBLIC_NOT_CONFIRMED
RACING.COM,getRaceForm retained local payload,2026-05-30|PICKLEBET PARK WERRIBEE|R07,15634144,2026-05-30,Picklebet Park Werribee,7,Da Nang Star,1,4,60.48,35.76,12,outputs/sectionals/raw/VIC/racingcom_full_payloads/getRaceForm_d9ba44db224d49a3da.json,1bf366cc780a75604929156b6c14862968a8817d0b22068869e08271674d6771,LOCAL_GOVERNED_EVIDENCE_DIRECT_PUBLIC_NOT_CONFIRMED
RACING.COM,getRaceForm retained local payload,2026-05-30|PICKLEBET PARK WERRIBEE|R07,15637473,2026-05-30,Picklebet Park Werribee,7,Cheeky Contiki,10,5,60.7,36.26,12.16,outputs/sectionals/raw/VIC/racingcom_full_payloads/getRaceForm_d9ba44db224d49a3da.json,1bf366cc780a75604929156b6c14862968a8817d0b22068869e08271674d6771,LOCAL_GOVERNED_EVIDENCE_DIRECT_PUBLIC_NOT_CONFIRMED
RACING.COM,getRaceForm retained local payload,2026-05-30|PICKLEBET PARK WERRIBEE|R07,15634379,2026-05-30,Picklebet Park Werribee,7,Doc's Nipper,6,6,61.04,36.29,12.28,outputs/sectionals/raw/VIC/racingcom_full_payloads/getRaceForm_d9ba44db224d49a3da.json,1bf366cc780a75604929156b6c14862968a8817d0b22068869e08271674d6771,LOCAL_GOVERNED_EVIDENCE_DIRECT_PUBLIC_NOT_CONFIRMED
RACING.COM,getRaceForm retained local payload,2026-05-30|PICKLEBET PARK WERRIBEE|R07,15630034,2026-05-30,Picklebet Park Werribee,7,Sleeping Tiger,14,7,61.18,36.29,12.22,outputs/sectionals/raw/VIC/racingcom_full_payloads/getRaceForm_d9ba44db224d49a3da.json,1bf366cc780a75604929156b6c14862968a8817d0b22068869e08271674d6771,LOCAL_GOVERNED_EVIDENCE_DIRECT_PUBLIC_NOT_CONFIRMED
RACING.COM,getRaceForm retained local payload,2026-05-30|PICKLEBET PARK WERRIBEE|R07,15638419,2026-05-30,Picklebet Park Werribee,7,Golden Age,7,8,61.96,36.76,12.42,outputs/sectionals/raw/VIC/racingcom_full_payloads/getRaceForm_d9ba44db224d49a3da.json,1bf366cc780a75604929156b6c14862968a8817d0b22068869e08271674d6771,LOCAL_GOVERNED_EVIDENCE_DIRECT_PUBLIC_NOT_CONFIRMED
RACING.COM,getRaceForm retained local payload,2026-05-30|PICKLEBET PARK WERRIBEE|R07,15634751,2026-05-30,Picklebet Park Werribee,7,Shamrock Bay,13,9,62.12,37.72,13.3,outputs/sectionals/raw/VIC/racingcom_full_payloads/getRaceForm_d9ba44db224d49a3da.json,1bf366cc780a75604929156b6c14862968a8817d0b22068869e08271674d6771,LOCAL_GOVERNED_EVIDENCE_DIRECT_PUBLIC_NOT_CONFIRMED
RACING.COM,getRaceForm retained local payload,2026-05-30|PICKLEBET PARK WERRIBEE|R07,15630334,2026-05-30,Picklebet Park Werribee,7,Direct,2,10,62.18,37.5,13.08,outputs/sectionals/raw/VIC/racingcom_full_payloads/getRaceForm_d9ba44db224d49a3da.json,1bf366cc780a75604929156b6c14862968a8817d0b22068869e08271674d6771,LOCAL_GOVERNED_EVIDENCE_DIRECT_PUBLIC_NOT_CONFIRMED
RACING.COM,getRaceForm retained local payload,2026-05-30|PICKLEBET PARK WERRIBEE|R07,15635797,2026-05-30,Picklebet Park Werribee,7,Dummy Spit,15,11,62.22,36.97,12.46,outputs/sectionals/raw/VIC/racingcom_full_payloads/getRaceForm_d9ba44db224d49a3da.json,1bf366cc780a75604929156b6c14862968a8817d0b22068869e08271674d6771,LOCAL_GOVERNED_EVIDENCE_DIRECT_PUBLIC_NOT_CONFIRMED
RACING.COM,getRaceForm retained local payload,2026-05-30|PICKLEBET PARK WERRIBEE|R07,15632474,2026-05-30,Picklebet Park Werribee,7,Sunburnt,9,12,62.24,37.34,13,outputs/sectionals/raw/VIC/racingcom_full_payloads/getRaceForm_d9ba44db224d49a3da.json,1bf366cc780a75604929156b6c14862968a8817d0b22068869e08271674d6771,LOCAL_GOVERNED_EVIDENCE_DIRECT_PUBLIC_NOT_CONFIRMED
RACING.COM,getRaceForm retained local payload,2026-05-30|PICKLEBET PARK WERRIBEE|R07,15637030,2026-05-30,Picklebet Park Werribee,7,Nuggies,12,13,62.52,37.7,12.94,outputs/sectionals/raw/VIC/racingcom_full_payloads/getRaceForm_d9ba44db224d49a3da.json,1bf366cc780a75604929156b6c14862968a8817d0b22068869e08271674d6771,LOCAL_GOVERNED_EVIDENCE_DIRECT_PUBLIC_NOT_CONFIRMED
RACING.COM,getRaceForm retained local payload,2026-05-31|SPORTSBET SANDOWN LAKESIDE|R03,15641228,2026-05-31,Sportsbet Sandown Lakeside,3,Red On Red,1,1,100.94,35.83,12.27,outputs/sectionals/raw/VIC/racingcom_full_payloads/getRaceForm_f14f5f66d2202a1aa3.json,700ec23569d41e79aa48d85a3e1652f0fecb7354dd5f1871bae18d885c2023a8,LOCAL_GOVERNED_EVIDENCE_DIRECT_PUBLIC_NOT_CONFIRMED
RACING.COM,getRaceForm retained local payload,2026-05-31|SPORTSBET SANDOWN LAKESIDE|R03,15639888,2026-05-31,Sportsbet Sandown Lakeside,3,Hoodys Horse,9,2,101.36,36.46,12.48,outputs/sectionals/raw/VIC/racingcom_full_payloads/getRaceForm_f14f5f66d2202a1aa3.json,700ec23569d41e79aa48d85a3e1652f0fecb7354dd5f1871bae18d885c2023a8,LOCAL_GOVERNED_EVIDENCE_DIRECT_PUBLIC_NOT_CONFIRMED
RACING.COM,getRaceForm retained local payload,2026-05-31|SPORTSBET SANDOWN LAKESIDE|R03,15638344,2026-05-31,Sportsbet Sandown Lakeside,3,Cat Noir,5,3,101.49,36.41,12.42,outputs/sectionals/raw/VIC/racingcom_full_payloads/getRaceForm_f14f5f66d2202a1aa3.json,700ec23569d41e79aa48d85a3e1652f0fecb7354dd5f1871bae18d885c2023a8,LOCAL_GOVERNED_EVIDENCE_DIRECT_PUBLIC_NOT_CONFIRMED
RACING.COM,getRaceForm retained local payload,2026-05-31|SPORTSBET SANDOWN LAKESIDE|R03,15634885,2026-05-31,Sportsbet Sandown Lakeside,3,Wings Of Carmen,12,4,101.49,36.15,12.47,outputs/sectionals/raw/VIC/racingcom_full_payloads/getRaceForm_f14f5f66d2202a1aa3.json,700ec23569d41e79aa48d85a3e1652f0fecb7354dd5f1871bae18d885c2023a8,LOCAL_GOVERNED_EVIDENCE_DIRECT_PUBLIC_NOT_CONFIRMED
RACING.COM,getRaceForm retained local payload,2026-05-31|SPORTSBET SANDOWN LAKESIDE|R03,15639930,2026-05-31,Sportsbet Sandown Lakeside,3,Beautifully (NZ),4,5,101.58,36.76,12.45,outputs/sectionals/raw/VIC/racingcom_full_payloads/getRaceForm_f14f5f66d2202a1aa3.json,700ec23569d41e79aa48d85a3e1652f0fecb7354dd5f1871bae18d885c2023a8,LOCAL_GOVERNED_EVIDENCE_DIRECT_PUBLIC_NOT_CONFIRMED
RACING.COM,getRaceForm retained local payload,2026-05-31|SPORTSBET SANDOWN LAKESIDE|R03,15634861,2026-05-31,Sportsbet Sandown Lakeside,3,Rapid Cheval (NZ),7,6,102.09,36.6,12.65,outputs/sectionals/raw/VIC/racingcom_full_payloads/getRaceForm_f14f5f66d2202a1aa3.json,700ec23569d41e79aa48d85a3e1652f0fecb7354dd5f1871bae18d885c2023a8,LOCAL_GOVERNED_EVIDENCE_DIRECT_PUBLIC_NOT_CONFIRMED
RACING.COM,getRaceForm retained local payload,2026-05-31|SPORTSBET SANDOWN LAKESIDE|R03,15636752,2026-05-31,Sportsbet Sandown Lakeside,3,Pray Day,11,7,102.35,37,13.21,outputs/sectionals/raw/VIC/racingcom_full_payloads/getRaceForm_f14f5f66d2202a1aa3.json,700ec23569d41e79aa48d85a3e1652f0fecb7354dd5f1871bae18d885c2023a8,LOCAL_GOVERNED_EVIDENCE_DIRECT_PUBLIC_NOT_CONFIRMED
RACING.COM,getRaceForm retained local payload,2026-05-31|SPORTSBET SANDOWN LAKESIDE|R03,15638167,2026-05-31,Sportsbet Sandown Lakeside,3,Highness (FR),3,8,102.35,36.81,12.7,outputs/sectionals/raw/VIC/racingcom_full_payloads/getRaceForm_f14f5f66d2202a1aa3.json,700ec23569d41e79aa48d85a3e1652f0fecb7354dd5f1871bae18d885c2023a8,LOCAL_GOVERNED_EVIDENCE_DIRECT_PUBLIC_NOT_CONFIRMED
RACING.COM,getRaceForm retained local payload,2026-05-31|SPORTSBET SANDOWN LAKESIDE|R05,15635747,2026-05-31,Sportsbet Sandown Lakeside,5,Straand Deal,3,1,133.27,36.11,12.45,outputs/sectionals/raw/VIC/racingcom_full_payloads/getRaceForm_0a181cec92f35ee683.json,34d89bff86951f7e4cdbabcbef6b170a5d69d16205a4d28691b6ef96ff036589,LOCAL_GOVERNED_EVIDENCE_DIRECT_PUBLIC_NOT_CONFIRMED
RACING.COM,getRaceForm retained local payload,2026-05-31|SPORTSBET SANDOWN LAKESIDE|R05,15623596,2026-05-31,Sportsbet Sandown Lakeside,5,Hard Evidence (FR),12,2,134.49,37.16,12.95,outputs/sectionals/raw/VIC/racingcom_full_payloads/getRaceForm_0a181cec92f35ee683.json,34d89bff86951f7e4cdbabcbef6b170a5d69d16205a4d28691b6ef96ff036589,LOCAL_GOVERNED_EVIDENCE_DIRECT_PUBLIC_NOT_CONFIRMED
RACING.COM,getRaceForm retained local payload,2026-05-31|SPORTSBET SANDOWN LAKESIDE|R05,15634328,2026-05-31,Sportsbet Sandown Lakeside,5,Morryl Moral (IRE),5,3,134.59,38.33,13.38,outputs/sectionals/raw/VIC/racingcom_full_payloads/getRaceForm_0a181cec92f35ee683.json,34d89bff86951f7e4cdbabcbef6b170a5d69d16205a4d28691b6ef96ff036589,LOCAL_GOVERNED_EVIDENCE_DIRECT_PUBLIC_NOT_CONFIRMED
RACING.COM,getRaceForm retained local payload,2026-05-31|SPORTSBET SANDOWN LAKESIDE|R05,15633497,2026-05-31,Sportsbet Sandown Lakeside,5,Gripping,11,4,134.84,37.39,13.03,outputs/sectionals/raw/VIC/racingcom_full_payloads/getRaceForm_0a181cec92f35ee683.json,34d89bff86951f7e4cdbabcbef6b170a5d69d16205a4d28691b6ef96ff036589,LOCAL_GOVERNED_EVIDENCE_DIRECT_PUBLIC_NOT_CONFIRMED
RACING.COM,getRaceForm retained local payload,2026-05-31|SPORTSBET SANDOWN LAKESIDE|R05,15636915,2026-05-31,Sportsbet Sandown Lakeside,5,Genrichero (NZ),7,5,134.91,37.73,13.21,outputs/sectionals/raw/VIC/racingcom_full_payloads/getRaceForm_0a181cec92f35ee683.json,34d89bff86951f7e4cdbabcbef6b170a5d69d16205a4d28691b6ef96ff036589,LOCAL_GOVERNED_EVIDENCE_DIRECT_PUBLIC_NOT_CONFIRMED
RACING.COM,getRaceForm retained local payload,2026-05-31|SPORTSBET SANDOWN LAKESIDE|R05,15640539,2026-05-31,Sportsbet Sandown Lakeside,5,All So Clear,6,6,134.96,38.18,13.45,outputs/sectionals/raw/VIC/racingcom_full_payloads/getRaceForm_0a181cec92f35ee683.json,34d89bff86951f7e4cdbabcbef6b170a5d69d16205a4d28691b6ef96ff036589,LOCAL_GOVERNED_EVIDENCE_DIRECT_PUBLIC_NOT_CONFIRMED
RACING.COM,getRaceForm retained local payload,2026-05-31|SPORTSBET SANDOWN LAKESIDE|R05,15641233,2026-05-31,Sportsbet Sandown Lakeside,5,Up And Under (FR),13,7,135.11,38.61,13.78,outputs/sectionals/raw/VIC/racingcom_full_payloads/getRaceForm_0a181cec92f35ee683.json,34d89bff86951f7e4cdbabcbef6b170a5d69d16205a4d28691b6ef96ff036589,LOCAL_GOVERNED_EVIDENCE_DIRECT_PUBLIC_NOT_CONFIRMED
RACING.COM,getRaceForm retained local payload,2026-05-31|SPORTSBET SANDOWN LAKESIDE|R05,15633374,2026-05-31,Sportsbet Sandown Lakeside,5,Pearl King,10,8,135.35,38.25,13.77,outputs/sectionals/raw/VIC/racingcom_full_payloads/getRaceForm_0a181cec92f35ee683.json,34d89bff86951f7e4cdbabcbef6b170a5d69d16205a4d28691b6ef96ff036589,LOCAL_GOVERNED_EVIDENCE_DIRECT_PUBLIC_NOT_CONFIRMED
RACING.COM,getRaceForm retained local payload,2026-05-31|SPORTSBET SANDOWN LAKESIDE|R05,15634331,2026-05-31,Sportsbet Sandown Lakeside,5,Royal Emblem (GB),8,9,135.39,38.4,13.6,outputs/sectionals/raw/VIC/racingcom_full_payloads/getRaceForm_0a181cec92f35ee683.json,34d89bff86951f7e4cdbabcbef6b170a5d69d16205a4d28691b6ef96ff036589,LOCAL_GOVERNED_EVIDENCE_DIRECT_PUBLIC_NOT_CONFIRMED
RACING.COM,getRaceForm retained local payload,2026-05-31|SPORTSBET SANDOWN LAKESIDE|R05,15637049,2026-05-31,Sportsbet Sandown Lakeside,5,Superstock (NZ),9,10,136.24,39.4,14.19,outputs/sectionals/raw/VIC/racingcom_full_payloads/getRaceForm_0a181cec92f35ee683.json,34d89bff86951f7e4cdbabcbef6b170a5d69d16205a4d28691b6ef96ff036589,LOCAL_GOVERNED_EVIDENCE_DIRECT_PUBLIC_NOT_CONFIRMED
RACING.COM,getRaceForm retained local payload,2026-05-31|SPORTSBET SANDOWN LAKESIDE|R05,15630122,2026-05-31,Sportsbet Sandown Lakeside,5,Like A Tiger (GB),4,11,136.43,39.65,14.41,outputs/sectionals/raw/VIC/racingcom_full_payloads/getRaceForm_0a181cec92f35ee683.json,34d89bff86951f7e4cdbabcbef6b170a5d69d16205a4d28691b6ef96ff036589,LOCAL_GOVERNED_EVIDENCE_DIRECT_PUBLIC_NOT_CONFIRMED
RACING.COM,getRaceForm retained local payload,2026-05-31|SPORTSBET SANDOWN LAKESIDE|R06,15640541,2026-05-31,Sportsbet Sandown Lakeside,6,The Western Front (NZ),6,1,211.31,36.75,12.68,outputs/sectionals/raw/VIC/racingcom_full_payloads/getRaceForm_fc22a6003accd196b5.json,fdc4325c0fc1a42067882c7452fbe66c0a7939a5b807a1ba06df9adab5a5042b,LOCAL_GOVERNED_EVIDENCE_DIRECT_PUBLIC_NOT_CONFIRMED
RACING.COM,getRaceForm retained local payload,2026-05-31|SPORTSBET SANDOWN LAKESIDE|R06,15636043,2026-05-31,Sportsbet Sandown Lakeside,6,Zibulon (FR),10,2,211.33,36.53,12.53,outputs/sectionals/raw/VIC/racingcom_full_payloads/getRaceForm_fc22a6003accd196b5.json,fdc4325c0fc1a42067882c7452fbe66c0a7939a5b807a1ba06df9adab5a5042b,LOCAL_GOVERNED_EVIDENCE_DIRECT_PUBLIC_NOT_CONFIRMED
RACING.COM,getRaceForm retained local payload,2026-05-31|SPORTSBET SANDOWN LAKESIDE|R06,15641121,2026-05-31,Sportsbet Sandown Lakeside,6,Tajanis (IRE),4,3,211.33,36.81,12.53,outputs/sectionals/raw/VIC/racingcom_full_payloads/getRaceForm_fc22a6003accd196b5.json,fdc4325c0fc1a42067882c7452fbe66c0a7939a5b807a1ba06df9adab5a5042b,LOCAL_GOVERNED_EVIDENCE_DIRECT_PUBLIC_NOT_CONFIRMED
RACING.COM,getRaceForm retained local payload,2026-05-31|SPORTSBET SANDOWN LAKESIDE|R06,15640798,2026-05-31,Sportsbet Sandown Lakeside,6,Tempesti (ITY),3,4,211.74,36.9,12.74,outputs/sectionals/raw/VIC/racingcom_full_payloads/getRaceForm_fc22a6003accd196b5.json,fdc4325c0fc1a42067882c7452fbe66c0a7939a5b807a1ba06df9adab5a5042b,LOCAL_GOVERNED_EVIDENCE_DIRECT_PUBLIC_NOT_CONFIRMED
RACING.COM,getRaceForm retained local payload,2026-05-31|SPORTSBET SANDOWN LAKESIDE|R06,15637738,2026-05-31,Sportsbet Sandown Lakeside,6,Sir Chartwell (FR),5,5,212.8,38.54,13.47,outputs/sectionals/raw/VIC/racingcom_full_payloads/getRaceForm_fc22a6003accd196b5.json,fdc4325c0fc1a42067882c7452fbe66c0a7939a5b807a1ba06df9adab5a5042b,LOCAL_GOVERNED_EVIDENCE_DIRECT_PUBLIC_NOT_CONFIRMED
RACING.COM,getRaceForm retained local payload,2026-05-31|SPORTSBET SANDOWN LAKESIDE|R06,15640398,2026-05-31,Sportsbet Sandown Lakeside,6,Crouch (NZ),1,6,213.11,38.46,13.42,outputs/sectionals/raw/VIC/racingcom_full_payloads/getRaceForm_fc22a6003accd196b5.json,fdc4325c0fc1a42067882c7452fbe66c0a7939a5b807a1ba06df9adab5a5042b,LOCAL_GOVERNED_EVIDENCE_DIRECT_PUBLIC_NOT_CONFIRMED
RACING.COM,getRaceForm retained local payload,2026-05-31|SPORTSBET SANDOWN LAKESIDE|R06,15640948,2026-05-31,Sportsbet Sandown Lakeside,6,Shamarkand (FR),8,7,213.38,38.21,13.5,outputs/sectionals/raw/VIC/racingcom_full_payloads/getRaceForm_fc22a6003accd196b5.json,fdc4325c0fc1a42067882c7452fbe66c0a7939a5b807a1ba06df9adab5a5042b,LOCAL_GOVERNED_EVIDENCE_DIRECT_PUBLIC_NOT_CONFIRMED
RACING.COM,getRaceForm retained local payload,2026-05-31|SPORTSBET SANDOWN LAKESIDE|R06,15640637,2026-05-31,Sportsbet Sandown Lakeside,6,Reddivo (NZ),11,8,215.23,39.91,14.45,outputs/sectionals/raw/VIC/racingcom_full_payloads/getRaceForm_fc22a6003accd196b5.json,fdc4325c0fc1a42067882c7452fbe66c0a7939a5b807a1ba06df9adab5a5042b,LOCAL_GOVERNED_EVIDENCE_DIRECT_PUBLIC_NOT_CONFIRMED
RACING.COM,getRaceForm retained local payload,2026-05-31|SPORTSBET SANDOWN LAKESIDE|R07,15634387,2026-05-31,Sportsbet Sandown Lakeside,7,Silent Shares,12,1,86.6,34.82,11.83,outputs/sectionals/raw/VIC/racingcom_full_payloads/getRaceForm_1b68a9c517797c10bc.json,85342c4e43dffcbea38a5ebd04838a402fbcf0a94aedb707d8acb3efedfb99b4,LOCAL_GOVERNED_EVIDENCE_DIRECT_PUBLIC_NOT_CONFIRMED
RACING.COM,getRaceForm retained local payload,2026-05-31|SPORTSBET SANDOWN LAKESIDE|R07,15636601,2026-05-31,Sportsbet Sandown Lakeside,7,Thebelmontgangster (IRE),11,2,86.62,35.51,12.27,outputs/sectionals/raw/VIC/racingcom_full_payloads/getRaceForm_1b68a9c517797c10bc.json,85342c4e43dffcbea38a5ebd04838a402fbcf0a94aedb707d8acb3efedfb99b4,LOCAL_GOVERNED_EVIDENCE_DIRECT_PUBLIC_NOT_CONFIRMED
RACING.COM,getRaceForm retained local payload,2026-05-31|SPORTSBET SANDOWN LAKESIDE|R07,15637047,2026-05-31,Sportsbet Sandown Lakeside,7,Prevailed,9,3,86.84,36.28,12.63,outputs/sectionals/raw/VIC/racingcom_full_payloads/getRaceForm_1b68a9c517797c10bc.json,85342c4e43dffcbea38a5ebd04838a402fbcf0a94aedb707d8acb3efedfb99b4,LOCAL_GOVERNED_EVIDENCE_DIRECT_PUBLIC_NOT_CONFIRMED
RACING.COM,getRaceForm retained local payload,2026-05-31|SPORTSBET SANDOWN LAKESIDE|R07,15631575,2026-05-31,Sportsbet Sandown Lakeside,7,Margie's Boy,6,4,87.24,36.4,12.96,outputs/sectionals/raw/VIC/racingcom_full_payloads/getRaceForm_1b68a9c517797c10bc.json,85342c4e43dffcbea38a5ebd04838a402fbcf0a94aedb707d8acb3efedfb99b4,LOCAL_GOVERNED_EVIDENCE_DIRECT_PUBLIC_NOT_CONFIRMED
RACING.COM,getRaceForm retained local payload,2026-05-31|SPORTSBET SANDOWN LAKESIDE|R07,15638701,2026-05-31,Sportsbet Sandown Lakeside,7,Legio Ten,1,5,87.43,36.33,12.72,outputs/sectionals/raw/VIC/racingcom_full_payloads/getRaceForm_1b68a9c517797c10bc.json,85342c4e43dffcbea38a5ebd04838a402fbcf0a94aedb707d8acb3efedfb99b4,LOCAL_GOVERNED_EVIDENCE_DIRECT_PUBLIC_NOT_CONFIRMED
RACING.COM,getRaceForm retained local payload,2026-05-31|SPORTSBET SANDOWN LAKESIDE|R07,15640159,2026-05-31,Sportsbet Sandown Lakeside,7,Masterful,7,6,87.46,36.11,12.58,outputs/sectionals/raw/VIC/racingcom_full_payloads/getRaceForm_1b68a9c517797c10bc.json,85342c4e43dffcbea38a5ebd04838a402fbcf0a94aedb707d8acb3efedfb99b4,LOCAL_GOVERNED_EVIDENCE_DIRECT_PUBLIC_NOT_CONFIRMED
RACING.COM,getRaceForm retained local payload,2026-05-31|SPORTSBET SANDOWN LAKESIDE|R07,15634189,2026-05-31,Sportsbet Sandown Lakeside,7,Prestige Forever,8,7,87.48,36.02,12.76,outputs/sectionals/raw/VIC/racingcom_full_payloads/getRaceForm_1b68a9c517797c10bc.json,85342c4e43dffcbea38a5ebd04838a402fbcf0a94aedb707d8acb3efedfb99b4,LOCAL_GOVERNED_EVIDENCE_DIRECT_PUBLIC_NOT_CONFIRMED
RACING.COM,getRaceForm retained local payload,2026-05-31|SPORTSBET SANDOWN LAKESIDE|R07,15641119,2026-05-31,Sportsbet Sandown Lakeside,7,Saveadateforme (NZ),10,8,87.81,35.82,12.51,outputs/sectionals/raw/VIC/racingcom_full_payloads/getRaceForm_1b68a9c517797c10bc.json,85342c4e43dffcbea38a5ebd04838a402fbcf0a94aedb707d8acb3efedfb99b4,LOCAL_GOVERNED_EVIDENCE_DIRECT_PUBLIC_NOT_CONFIRMED
RACING.COM,getRaceForm retained local payload,2026-05-31|SPORTSBET SANDOWN LAKESIDE|R07,15639475,2026-05-31,Sportsbet Sandown Lakeside,7,Nation State,3,9,87.87,36.5,12.95,outputs/sectionals/raw/VIC/racingcom_full_payloads/getRaceForm_1b68a9c517797c10bc.json,85342c4e43dffcbea38a5ebd04838a402fbcf0a94aedb707d8acb3efedfb99b4,LOCAL_GOVERNED_EVIDENCE_DIRECT_PUBLIC_NOT_CONFIRMED
RACING.COM,getRaceForm retained local payload,2026-05-31|SPORTSBET SANDOWN LAKESIDE|R07,15640535,2026-05-31,Sportsbet Sandown Lakeside,7,Impending War,14,10,87.87,36.04,12.68,outputs/sectionals/raw/VIC/racingcom_full_payloads/getRaceForm_1b68a9c517797c10bc.json,85342c4e43dffcbea38a5ebd04838a402fbcf0a94aedb707d8acb3efedfb99b4,LOCAL_GOVERNED_EVIDENCE_DIRECT_PUBLIC_NOT_CONFIRMED
RACING.COM,getRaceForm retained local payload,2026-05-31|SPORTSBET SANDOWN LAKESIDE|R07,15632345,2026-05-31,Sportsbet Sandown Lakeside,7,Nearing Liberty,4,11,88.01,36.41,12.82,outputs/sectionals/raw/VIC/racingcom_full_payloads/getRaceForm_1b68a9c517797c10bc.json,85342c4e43dffcbea38a5ebd04838a402fbcf0a94aedb707d8acb3efedfb99b4,LOCAL_GOVERNED_EVIDENCE_DIRECT_PUBLIC_NOT_CONFIRMED
RACING.COM,getRaceForm retained local payload,2026-05-31|SPORTSBET SANDOWN LAKESIDE|R07,15641120,2026-05-31,Sportsbet Sandown Lakeside,7,Kengero (FR),2,12,88.06,36.49,12.87,outputs/sectionals/raw/VIC/racingcom_full_payloads/getRaceForm_1b68a9c517797c10bc.json,85342c4e43dffcbea38a5ebd04838a402fbcf0a94aedb707d8acb3efedfb99b4,LOCAL_GOVERNED_EVIDENCE_DIRECT_PUBLIC_NOT_CONFIRMED
RACING.COM,getRaceForm retained local payload,2026-05-31|SPORTSBET SANDOWN LAKESIDE|R08,15634339,2026-05-31,Sportsbet Sandown Lakeside,8,Ten Commandments,2,1,73.2,34.19,11.75,outputs/sectionals/raw/VIC/racingcom_full_payloads/getRaceForm_01fbf80b1e6eb59398.json,3b86538ccf04ef0e3611255bf867d2aac4de8eac12091b742b1557a0203ad914,LOCAL_GOVERNED_EVIDENCE_DIRECT_PUBLIC_NOT_CONFIRMED
RACING.COM,getRaceForm retained local payload,2026-05-31|SPORTSBET SANDOWN LAKESIDE|R08,15629700,2026-05-31,Sportsbet Sandown Lakeside,8,Keane Enuff,3,2,73.94,35.03,12.18,outputs/sectionals/raw/VIC/racingcom_full_payloads/getRaceForm_01fbf80b1e6eb59398.json,3b86538ccf04ef0e3611255bf867d2aac4de8eac12091b742b1557a0203ad914,LOCAL_GOVERNED_EVIDENCE_DIRECT_PUBLIC_NOT_CONFIRMED
RACING.COM,getRaceForm retained local payload,2026-05-31|SPORTSBET SANDOWN LAKESIDE|R08,15634340,2026-05-31,Sportsbet Sandown Lakeside,8,Vienna Vixen,12,3,74.06,34.94,12.06,outputs/sectionals/raw/VIC/racingcom_full_payloads/getRaceForm_01fbf80b1e6eb59398.json,3b86538ccf04ef0e3611255bf867d2aac4de8eac12091b742b1557a0203ad914,LOCAL_GOVERNED_EVIDENCE_DIRECT_PUBLIC_NOT_CONFIRMED
RACING.COM,getRaceForm retained local payload,2026-05-31|SPORTSBET SANDOWN LAKESIDE|R08,15632346,2026-05-31,Sportsbet Sandown Lakeside,8,Mr Exclusive,5,4,74.15,35.19,12.08,outputs/sectionals/raw/VIC/racingcom_full_payloads/getRaceForm_01fbf80b1e6eb59398.json,3b86538ccf04ef0e3611255bf867d2aac4de8eac12091b742b1557a0203ad914,LOCAL_GOVERNED_EVIDENCE_DIRECT_PUBLIC_NOT_CONFIRMED
RACING.COM,getRaceForm retained local payload,2026-05-31|SPORTSBET SANDOWN LAKESIDE|R08,15622323,2026-05-31,Sportsbet Sandown Lakeside,8,Zethus,7,5,74.17,34.81,11.92,outputs/sectionals/raw/VIC/racingcom_full_payloads/getRaceForm_01fbf80b1e6eb59398.json,3b86538ccf04ef0e3611255bf867d2aac4de8eac12091b742b1557a0203ad914,LOCAL_GOVERNED_EVIDENCE_DIRECT_PUBLIC_NOT_CONFIRMED
RACING.COM,getRaceForm retained local payload,2026-05-31|SPORTSBET SANDOWN LAKESIDE|R08,15634190,2026-05-31,Sportsbet Sandown Lakeside,8,Capricorn Star,10,6,74.22,35.08,12.18,outputs/sectionals/raw/VIC/racingcom_full_payloads/getRaceForm_01fbf80b1e6eb59398.json,3b86538ccf04ef0e3611255bf867d2aac4de8eac12091b742b1557a0203ad914,LOCAL_GOVERNED_EVIDENCE_DIRECT_PUBLIC_NOT_CONFIRMED
RACING.COM,getRaceForm retained local payload,2026-05-31|SPORTSBET SANDOWN LAKESIDE|R08,15634865,2026-05-31,Sportsbet Sandown Lakeside,8,Wolfy (NZ),4,7,74.26,34.81,11.96,outputs/sectionals/raw/VIC/racingcom_full_payloads/getRaceForm_01fbf80b1e6eb59398.json,3b86538ccf04ef0e3611255bf867d2aac4de8eac12091b742b1557a0203ad914,LOCAL_GOVERNED_EVIDENCE_DIRECT_PUBLIC_NOT_CONFIRMED
RACING.COM,getRaceForm retained local payload,2026-05-31|SPORTSBET SANDOWN LAKESIDE|R08,15639171,2026-05-31,Sportsbet Sandown Lakeside,8,Humble Trader,8,8,74.36,35.48,12.38,outputs/sectionals/raw/VIC/racingcom_full_payloads/getRaceForm_01fbf80b1e6eb59398.json,3b86538ccf04ef0e3611255bf867d2aac4de8eac12091b742b1557a0203ad914,LOCAL_GOVERNED_EVIDENCE_DIRECT_PUBLIC_NOT_CONFIRMED
RACING.COM,getRaceForm retained local payload,2026-05-31|SPORTSBET SANDOWN LAKESIDE|R08,15639889,2026-05-31,Sportsbet Sandown Lakeside,8,Glove Artist,15,9,74.51,35.18,12.04,outputs/sectionals/raw/VIC/racingcom_full_payloads/getRaceForm_01fbf80b1e6eb59398.json,3b86538ccf04ef0e3611255bf867d2aac4de8eac12091b742b1557a0203ad914,LOCAL_GOVERNED_EVIDENCE_DIRECT_PUBLIC_NOT_CONFIRMED
RACING.COM,getRaceForm retained local payload,2026-05-31|SPORTSBET SANDOWN LAKESIDE|R08,15640645,2026-05-31,Sportsbet Sandown Lakeside,8,Antisocial,11,10,74.54,35.22,12.17,outputs/sectionals/raw/VIC/racingcom_full_payloads/getRaceForm_01fbf80b1e6eb59398.json,3b86538ccf04ef0e3611255bf867d2aac4de8eac12091b742b1557a0203ad914,LOCAL_GOVERNED_EVIDENCE_DIRECT_PUBLIC_NOT_CONFIRMED
RACING.COM,getRaceForm retained local payload,2026-05-31|SPORTSBET SANDOWN LAKESIDE|R08,15636599,2026-05-31,Sportsbet Sandown Lakeside,8,Spanish Blaze (IRE),6,11,74.69,35.33,12.04,outputs/sectionals/raw/VIC/racingcom_full_payloads/getRaceForm_01fbf80b1e6eb59398.json,3b86538ccf04ef0e3611255bf867d2aac4de8eac12091b742b1557a0203ad914,LOCAL_GOVERNED_EVIDENCE_DIRECT_PUBLIC_NOT_CONFIRMED
RACING.COM,getRaceForm retained local payload,2026-05-31|SPORTSBET SANDOWN LAKESIDE|R08,15640532,2026-05-31,Sportsbet Sandown Lakeside,8,National Code,13,12,75.1,35.97,12.59,outputs/sectionals/raw/VIC/racingcom_full_payloads/getRaceForm_01fbf80b1e6eb59398.json,3b86538ccf04ef0e3611255bf867d2aac4de8eac12091b742b1557a0203ad914,LOCAL_GOVERNED_EVIDENCE_DIRECT_PUBLIC_NOT_CONFIRMED
RACING.COM,getRaceForm retained local payload,2026-06-01|BET365 PARK KILMORE|R01,15640936,2026-06-01,Bet365 Park Kilmore,1,Dark Fox,1,1,66.72,35.76,12,outputs/sectionals/raw/VIC/racingcom_full_payloads/getRaceForm_a79edfb6abf55f7d02.json,0ca710ae911880d62ebda6966fa33cc0cffc5f235f2fde831cecf3340d44a77b,LOCAL_GOVERNED_EVIDENCE_DIRECT_PUBLIC_NOT_CONFIRMED
RACING.COM,getRaceForm retained local payload,2026-06-01|BET365 PARK KILMORE|R01,15637316,2026-06-01,Bet365 Park Kilmore,1,Eton Affair,2,2,67.68,36.6,12.52,outputs/sectionals/raw/VIC/racingcom_full_payloads/getRaceForm_a79edfb6abf55f7d02.json,0ca710ae911880d62ebda6966fa33cc0cffc5f235f2fde831cecf3340d44a77b,LOCAL_GOVERNED_EVIDENCE_DIRECT_PUBLIC_NOT_CONFIRMED
RACING.COM,getRaceForm retained local payload,2026-06-01|BET365 PARK KILMORE|R01,15642139,2026-06-01,Bet365 Park Kilmore,1,Swift Endorsement,5,3,67.72,36.03,12.32,outputs/sectionals/raw/VIC/racingcom_full_payloads/getRaceForm_a79edfb6abf55f7d02.json,0ca710ae911880d62ebda6966fa33cc0cffc5f235f2fde831cecf3340d44a77b,LOCAL_GOVERNED_EVIDENCE_DIRECT_PUBLIC_NOT_CONFIRMED
RACING.COM,getRaceForm retained local payload,2026-06-01|BET365 PARK KILMORE|R01,15632929,2026-06-01,Bet365 Park Kilmore,1,Works Dirty,8,4,68.12,36.92,12.95,outputs/sectionals/raw/VIC/racingcom_full_payloads/getRaceForm_a79edfb6abf55f7d02.json,0ca710ae911880d62ebda6966fa33cc0cffc5f235f2fde831cecf3340d44a77b,LOCAL_GOVERNED_EVIDENCE_DIRECT_PUBLIC_NOT_CONFIRMED
RACING.COM,getRaceForm retained local payload,2026-06-01|BET365 PARK KILMORE|R01,15638627,2026-06-01,Bet365 Park Kilmore,1,The Archer,7,5,68.22,36.75,12.76,outputs/sectionals/raw/VIC/racingcom_full_payloads/getRaceForm_a79edfb6abf55f7d02.json,0ca710ae911880d62ebda6966fa33cc0cffc5f235f2fde831cecf3340d44a77b,LOCAL_GOVERNED_EVIDENCE_DIRECT_PUBLIC_NOT_CONFIRMED
RACING.COM,getRaceForm retained local payload,2026-06-01|BET365 PARK KILMORE|R01,15641897,2026-06-01,Bet365 Park Kilmore,1,Come Dancing,9,6,68.23,36.75,12.83,outputs/sectionals/raw/VIC/racingcom_full_payloads/getRaceForm_a79edfb6abf55f7d02.json,0ca710ae911880d62ebda6966fa33cc0cffc5f235f2fde831cecf3340d44a77b,LOCAL_GOVERNED_EVIDENCE_DIRECT_PUBLIC_NOT_CONFIRMED
RACING.COM,getRaceForm retained local payload,2026-06-01|BET365 PARK KILMORE|R01,15636630,2026-06-01,Bet365 Park Kilmore,1,Ice Quake,12,7,68.4,36.65,12.86,outputs/sectionals/raw/VIC/racingcom_full_payloads/getRaceForm_a79edfb6abf55f7d02.json,0ca710ae911880d62ebda6966fa33cc0cffc5f235f2fde831cecf3340d44a77b,LOCAL_GOVERNED_EVIDENCE_DIRECT_PUBLIC_NOT_CONFIRMED
RACING.COM,getRaceForm retained local payload,2026-06-01|BET365 PARK KILMORE|R01,15623801,2026-06-01,Bet365 Park Kilmore,1,Embodiment,10,8,68.88,37.4,13.25,outputs/sectionals/raw/VIC/racingcom_full_payloads/getRaceForm_a79edfb6abf55f7d02.json,0ca710ae911880d62ebda6966fa33cc0cffc5f235f2fde831cecf3340d44a77b,LOCAL_GOVERNED_EVIDENCE_DIRECT_PUBLIC_NOT_CONFIRMED
RACING.COM,getRaceForm retained local payload,2026-06-01|BET365 PARK KILMORE|R01,15640640,2026-06-01,Bet365 Park Kilmore,1,Gentoo,3,9,69.23,37.15,13.01,outputs/sectionals/raw/VIC/racingcom_full_payloads/getRaceForm_a79edfb6abf55f7d02.json,0ca710ae911880d62ebda6966fa33cc0cffc5f235f2fde831cecf3340d44a77b,LOCAL_GOVERNED_EVIDENCE_DIRECT_PUBLIC_NOT_CONFIRMED
RACING.COM,getRaceForm retained local payload,2026-06-01|BET365 PARK KILMORE|R01,15642148,2026-06-01,Bet365 Park Kilmore,1,Fervi,11,10,69.3,38.02,13.29,outputs/sectionals/raw/VIC/racingcom_full_payloads/getRaceForm_a79edfb6abf55f7d02.json,0ca710ae911880d62ebda6966fa33cc0cffc5f235f2fde831cecf3340d44a77b,LOCAL_GOVERNED_EVIDENCE_DIRECT_PUBLIC_NOT_CONFIRMED
RACING.COM,getRaceForm retained local payload,2026-06-01|BET365 PARK KILMORE|R02,15639582,2026-06-01,Bet365 Park Kilmore,2,Signed By A Kiss,12,1,68.56,36.4,12.24,outputs/sectionals/raw/VIC/racingcom_full_payloads/getRaceForm_5a5ae45ea2b3ebbf66.json,dc2da0de9da7732d5fcfbabccf6b5a094849a6c711e0398f03fb858b1124fab2,LOCAL_GOVERNED_EVIDENCE_DIRECT_PUBLIC_NOT_CONFIRMED
RACING.COM,getRaceForm retained local payload,2026-06-01|BET365 PARK KILMORE|R02,15641861,2026-06-01,Bet365 Park Kilmore,2,Johnny Tightlips,2,2,68.7,36.5,12.62,outputs/sectionals/raw/VIC/racingcom_full_payloads/getRaceForm_5a5ae45ea2b3ebbf66.json,dc2da0de9da7732d5fcfbabccf6b5a094849a6c711e0398f03fb858b1124fab2,LOCAL_GOVERNED_EVIDENCE_DIRECT_PUBLIC_NOT_CONFIRMED
RACING.COM,getRaceForm retained local payload,2026-06-01|BET365 PARK KILMORE|R02,15628094,2026-06-01,Bet365 Park Kilmore,2,Viperstrike,6,3,68.84,36.76,12.61,outputs/sectionals/raw/VIC/racingcom_full_payloads/getRaceForm_5a5ae45ea2b3ebbf66.json,dc2da0de9da7732d5fcfbabccf6b5a094849a6c711e0398f03fb858b1124fab2,LOCAL_GOVERNED_EVIDENCE_DIRECT_PUBLIC_NOT_CONFIRMED
RACING.COM,getRaceForm retained local payload,2026-06-01|BET365 PARK KILMORE|R02,15638319,2026-06-01,Bet365 Park Kilmore,2,Tuxedo Miss,11,4,68.91,36.61,12.43,outputs/sectionals/raw/VIC/racingcom_full_payloads/getRaceForm_5a5ae45ea2b3ebbf66.json,dc2da0de9da7732d5fcfbabccf6b5a094849a6c711e0398f03fb858b1124fab2,LOCAL_GOVERNED_EVIDENCE_DIRECT_PUBLIC_NOT_CONFIRMED
RACING.COM,getRaceForm retained local payload,2026-06-01|BET365 PARK KILMORE|R02,15642173,2026-06-01,Bet365 Park Kilmore,2,Allumeuse,1,5,68.92,36.36,12.59,outputs/sectionals/raw/VIC/racingcom_full_payloads/getRaceForm_5a5ae45ea2b3ebbf66.json,dc2da0de9da7732d5fcfbabccf6b5a094849a6c711e0398f03fb858b1124fab2,LOCAL_GOVERNED_EVIDENCE_DIRECT_PUBLIC_NOT_CONFIRMED
RACING.COM,getRaceForm retained local payload,2026-06-01|BET365 PARK KILMORE|R02,15641867,2026-06-01,Bet365 Park Kilmore,2,Fastlane To Ascot,8,6,69.03,37.07,12.98,outputs/sectionals/raw/VIC/racingcom_full_payloads/getRaceForm_5a5ae45ea2b3ebbf66.json,dc2da0de9da7732d5fcfbabccf6b5a094849a6c711e0398f03fb858b1124fab2,LOCAL_GOVERNED_EVIDENCE_DIRECT_PUBLIC_NOT_CONFIRMED
RACING.COM,getRaceForm retained local payload,2026-06-01|BET365 PARK KILMORE|R02,15634953,2026-06-01,Bet365 Park Kilmore,2,Street Legend,4,7,69.06,36.25,12.44,outputs/sectionals/raw/VIC/racingcom_full_payloads/getRaceForm_5a5ae45ea2b3ebbf66.json,dc2da0de9da7732d5fcfbabccf6b5a094849a6c711e0398f03fb858b1124fab2,LOCAL_GOVERNED_EVIDENCE_DIRECT_PUBLIC_NOT_CONFIRMED
RACING.COM,getRaceForm retained local payload,2026-06-01|BET365 PARK KILMORE|R02,15634193,2026-06-01,Bet365 Park Kilmore,2,Zouzenna,14,8,69.16,37.26,13.12,outputs/sectionals/raw/VIC/racingcom_full_payloads/getRaceForm_5a5ae45ea2b3ebbf66.json,dc2da0de9da7732d5fcfbabccf6b5a094849a6c711e0398f03fb858b1124fab2,LOCAL_GOVERNED_EVIDENCE_DIRECT_PUBLIC_NOT_CONFIRMED
RACING.COM,getRaceForm retained local payload,2026-06-01|BET365 PARK KILMORE|R02,15632520,2026-06-01,Bet365 Park Kilmore,2,San Marco Kid,3,9,69.39,36.96,12.74,outputs/sectionals/raw/VIC/racingcom_full_payloads/getRaceForm_5a5ae45ea2b3ebbf66.json,dc2da0de9da7732d5fcfbabccf6b5a094849a6c711e0398f03fb858b1124fab2,LOCAL_GOVERNED_EVIDENCE_DIRECT_PUBLIC_NOT_CONFIRMED
RACING.COM,getRaceForm retained local payload,2026-06-01|BET365 PARK KILMORE|R02,15638022,2026-06-01,Bet365 Park Kilmore,2,I See You Baby,9,10,69.59,37.27,12.77,outputs/sectionals/raw/VIC/racingcom_full_payloads/getRaceForm_5a5ae45ea2b3ebbf66.json,dc2da0de9da7732d5fcfbabccf6b5a094849a6c711e0398f03fb858b1124fab2,LOCAL_GOVERNED_EVIDENCE_DIRECT_PUBLIC_NOT_CONFIRMED
RACING.COM,getRaceForm retained local payload,2026-06-01|BET365 PARK KILMORE|R02,15641766,2026-06-01,Bet365 Park Kilmore,2,Magnificent Miss,10,11,69.8,36.99,12.62,outputs/sectionals/raw/VIC/racingcom_full_payloads/getRaceForm_5a5ae45ea2b3ebbf66.json,dc2da0de9da7732d5fcfbabccf6b5a094849a6c711e0398f03fb858b1124fab2,LOCAL_GOVERNED_EVIDENCE_DIRECT_PUBLIC_NOT_CONFIRMED
RACING.COM,getRaceForm retained local payload,2026-06-01|BET365 PARK KILMORE|R02,15642197,2026-06-01,Bet365 Park Kilmore,2,Blazing Brook,7,12,70.01,37.47,13.01,outputs/sectionals/raw/VIC/racingcom_full_payloads/getRaceForm_5a5ae45ea2b3ebbf66.json,dc2da0de9da7732d5fcfbabccf6b5a094849a6c711e0398f03fb858b1124fab2,LOCAL_GOVERNED_EVIDENCE_DIRECT_PUBLIC_NOT_CONFIRMED
RACING.COM,getRaceForm retained local payload,2026-06-01|BET365 PARK KILMORE|R03,15642587,2026-06-01,Bet365 Park Kilmore,3,It Matters,8,1,105.68,37.61,13.12,outputs/sectionals/raw/VIC/racingcom_full_payloads/getRaceForm_1813a69f73f82076e6.json,178b21a4c1d814ecce28643b9da0c549d4d5e97d55ee924fcb0d51eb05e082aa,LOCAL_GOVERNED_EVIDENCE_DIRECT_PUBLIC_NOT_CONFIRMED
RACING.COM,getRaceForm retained local payload,2026-06-01|BET365 PARK KILMORE|R03,15641318,2026-06-01,Bet365 Park Kilmore,3,Fierce Fiasco,3,2,105.88,37.79,13.36,outputs/sectionals/raw/VIC/racingcom_full_payloads/getRaceForm_1813a69f73f82076e6.json,178b21a4c1d814ecce28643b9da0c549d4d5e97d55ee924fcb0d51eb05e082aa,LOCAL_GOVERNED_EVIDENCE_DIRECT_PUBLIC_NOT_CONFIRMED
RACING.COM,getRaceForm retained local payload,2026-06-01|BET365 PARK KILMORE|R03,15633921,2026-06-01,Bet365 Park Kilmore,3,Dempsey,2,3,106.36,38.53,13.82,outputs/sectionals/raw/VIC/racingcom_full_payloads/getRaceForm_1813a69f73f82076e6.json,178b21a4c1d814ecce28643b9da0c549d4d5e97d55ee924fcb0d51eb05e082aa,LOCAL_GOVERNED_EVIDENCE_DIRECT_PUBLIC_NOT_CONFIRMED
RACING.COM,getRaceForm retained local payload,2026-06-01|BET365 PARK KILMORE|R03,15642142,2026-06-01,Bet365 Park Kilmore,3,She's Astunnerarch,11,4,106.92,38.56,13.96,outputs/sectionals/raw/VIC/racingcom_full_payloads/getRaceForm_1813a69f73f82076e6.json,178b21a4c1d814ecce28643b9da0c549d4d5e97d55ee924fcb0d51eb05e082aa,LOCAL_GOVERNED_EVIDENCE_DIRECT_PUBLIC_NOT_CONFIRMED
RACING.COM,getRaceForm retained local payload,2026-06-01|BET365 PARK KILMORE|R03,15641602,2026-06-01,Bet365 Park Kilmore,3,Lyttelton (NZ),5,5,107.1,38.19,13.18,outputs/sectionals/raw/VIC/racingcom_full_payloads/getRaceForm_1813a69f73f82076e6.json,178b21a4c1d814ecce28643b9da0c549d4d5e97d55ee924fcb0d51eb05e082aa,LOCAL_GOVERNED_EVIDENCE_DIRECT_PUBLIC_NOT_CONFIRMED
RACING.COM,getRaceForm retained local payload,2026-06-01|BET365 PARK KILMORE|R03,15631747,2026-06-01,Bet365 Park Kilmore,3,Just Curious,9,6,107.16,38.11,12.96,outputs/sectionals/raw/VIC/racingcom_full_payloads/getRaceForm_1813a69f73f82076e6.json,178b21a4c1d814ecce28643b9da0c549d4d5e97d55ee924fcb0d51eb05e082aa,LOCAL_GOVERNED_EVIDENCE_DIRECT_PUBLIC_NOT_CONFIRMED
RACING.COM,getRaceForm retained local payload,2026-06-01|BET365 PARK KILMORE|R03,15635428,2026-06-01,Bet365 Park Kilmore,3,Shaykhlislamova (NZ),10,7,107.22,38.61,13.58,outputs/sectionals/raw/VIC/racingcom_full_payloads/getRaceForm_1813a69f73f82076e6.json,178b21a4c1d814ecce28643b9da0c549d4d5e97d55ee924fcb0d51eb05e082aa,LOCAL_GOVERNED_EVIDENCE_DIRECT_PUBLIC_NOT_CONFIRMED
RACING.COM,getRaceForm retained local payload,2026-06-01|BET365 PARK KILMORE|R03,15641792,2026-06-01,Bet365 Park Kilmore,3,A Long Story Short (NZ),1,8,107.3,38.4,13.14,outputs/sectionals/raw/VIC/racingcom_full_payloads/getRaceForm_1813a69f73f82076e6.json,178b21a4c1d814ecce28643b9da0c549d4d5e97d55ee924fcb0d51eb05e082aa,LOCAL_GOVERNED_EVIDENCE_DIRECT_PUBLIC_NOT_CONFIRMED
RACING.COM,getRaceForm retained local payload,2026-06-01|BET365 PARK KILMORE|R03,15641841,2026-06-01,Bet365 Park Kilmore,3,So Vogue,6,9,107.41,39.03,13.75,outputs/sectionals/raw/VIC/racingcom_full_payloads/getRaceForm_1813a69f73f82076e6.json,178b21a4c1d814ecce28643b9da0c549d4d5e97d55ee924fcb0d51eb05e082aa,LOCAL_GOVERNED_EVIDENCE_DIRECT_PUBLIC_NOT_CONFIRMED
RACING.COM,getRaceForm retained local payload,2026-06-01|BET365 PARK KILMORE|R03,15639784,2026-06-01,Bet365 Park Kilmore,3,Stormriser,12,10,108.04,39.54,14.2,outputs/sectionals/raw/VIC/racingcom_full_payloads/getRaceForm_1813a69f73f82076e6.json,178b21a4c1d814ecce28643b9da0c549d4d5e97d55ee924fcb0d51eb05e082aa,LOCAL_GOVERNED_EVIDENCE_DIRECT_PUBLIC_NOT_CONFIRMED
RACING.COM,getRaceForm retained local payload,2026-06-01|BET365 PARK KILMORE|R03,15641295,2026-06-01,Bet365 Park Kilmore,3,Guitar Gangster,4,11,108.26,40.44,14.82,outputs/sectionals/raw/VIC/racingcom_full_payloads/getRaceForm_1813a69f73f82076e6.json,178b21a4c1d814ecce28643b9da0c549d4d5e97d55ee924fcb0d51eb05e082aa,LOCAL_GOVERNED_EVIDENCE_DIRECT_PUBLIC_NOT_CONFIRMED
RACING.COM,getRaceForm retained local payload,2026-06-01|BET365 PARK KILMORE|R03,15642059,2026-06-01,Bet365 Park Kilmore,3,Excellent Reward,7,12,110.34,41.56,15.63,outputs/sectionals/raw/VIC/racingcom_full_payloads/getRaceForm_1813a69f73f82076e6.json,178b21a4c1d814ecce28643b9da0c549d4d5e97d55ee924fcb0d51eb05e082aa,LOCAL_GOVERNED_EVIDENCE_DIRECT_PUBLIC_NOT_CONFIRMED
RACING.COM,getRaceForm retained local payload,2026-06-01|BET365 PARK KILMORE|R04,15642177,2026-06-01,Bet365 Park Kilmore,4,Squid Pro Quo,13,1,134.93,39.88,13.97,outputs/sectionals/raw/VIC/racingcom_full_payloads/getRaceForm_f8853662af509cf56d.json,650872a044c8cdf9b0a5cfe15623c64dffa330545f2add9a7e7aeb2dc6146679,LOCAL_GOVERNED_EVIDENCE_DIRECT_PUBLIC_NOT_CONFIRMED
RACING.COM,getRaceForm retained local payload,2026-06-01|BET365 PARK KILMORE|R04,15631746,2026-06-01,Bet365 Park Kilmore,4,Lakes Entrance,3,2,134.99,40.04,14.02,outputs/sectionals/raw/VIC/racingcom_full_payloads/getRaceForm_f8853662af509cf56d.json,650872a044c8cdf9b0a5cfe15623c64dffa330545f2add9a7e7aeb2dc6146679,LOCAL_GOVERNED_EVIDENCE_DIRECT_PUBLIC_NOT_CONFIRMED
RACING.COM,getRaceForm retained local payload,2026-06-01|BET365 PARK KILMORE|R04,15635762,2026-06-01,Bet365 Park Kilmore,4,I Believe I Belong (NZ),10,3,135.04,39.44,13.8,outputs/sectionals/raw/VIC/racingcom_full_payloads/getRaceForm_f8853662af509cf56d.json,650872a044c8cdf9b0a5cfe15623c64dffa330545f2add9a7e7aeb2dc6146679,LOCAL_GOVERNED_EVIDENCE_DIRECT_PUBLIC_NOT_CONFIRMED
RACING.COM,getRaceForm retained local payload,2026-06-01|BET365 PARK KILMORE|R04,15637650,2026-06-01,Bet365 Park Kilmore,4,Cristaria,7,4,135.32,40.51,14.2,outputs/sectionals/raw/VIC/racingcom_full_payloads/getRaceForm_f8853662af509cf56d.json,650872a044c8cdf9b0a5cfe15623c64dffa330545f2add9a7e7aeb2dc6146679,LOCAL_GOVERNED_EVIDENCE_DIRECT_PUBLIC_NOT_CONFIRMED
RACING.COM,getRaceForm retained local payload,2026-06-01|BET365 PARK KILMORE|R04,15641405,2026-06-01,Bet365 Park Kilmore,4,Mortal Peak,4,5,135.41,40.17,14.2,outputs/sectionals/raw/VIC/racingcom_full_payloads/getRaceForm_f8853662af509cf56d.json,650872a044c8cdf9b0a5cfe15623c64dffa330545f2add9a7e7aeb2dc6146679,LOCAL_GOVERNED_EVIDENCE_DIRECT_PUBLIC_NOT_CONFIRMED
RACING.COM,getRaceForm retained local payload,2026-06-01|BET365 PARK KILMORE|R04,15635984,2026-06-01,Bet365 Park Kilmore,4,Deadly Devil,1,6,135.49,40.43,14.23,outputs/sectionals/raw/VIC/racingcom_full_payloads/getRaceForm_f8853662af509cf56d.json,650872a044c8cdf9b0a5cfe15623c64dffa330545f2add9a7e7aeb2dc6146679,LOCAL_GOVERNED_EVIDENCE_DIRECT_PUBLIC_NOT_CONFIRMED
RACING.COM,getRaceForm retained local payload,2026-06-01|BET365 PARK KILMORE|R04,15641817,2026-06-01,Bet365 Park Kilmore,4,Trickemezi,6,7,135.6,40.15,14.02,outputs/sectionals/raw/VIC/racingcom_full_payloads/getRaceForm_f8853662af509cf56d.json,650872a044c8cdf9b0a5cfe15623c64dffa330545f2add9a7e7aeb2dc6146679,LOCAL_GOVERNED_EVIDENCE_DIRECT_PUBLIC_NOT_CONFIRMED
RACING.COM,getRaceForm retained local payload,2026-06-01|BET365 PARK KILMORE|R04,15630509,2026-06-01,Bet365 Park Kilmore,4,Determinato,2,8,136.72,41.35,14.96,outputs/sectionals/raw/VIC/racingcom_full_payloads/getRaceForm_f8853662af509cf56d.json,650872a044c8cdf9b0a5cfe15623c64dffa330545f2add9a7e7aeb2dc6146679,LOCAL_GOVERNED_EVIDENCE_DIRECT_PUBLIC_NOT_CONFIRMED
RACING.COM,getRaceForm retained local payload,2026-06-01|BET365 PARK KILMORE|R04,15637241,2026-06-01,Bet365 Park Kilmore,4,Highland Storm,9,9,136.79,41.77,14.93,outputs/sectionals/raw/VIC/racingcom_full_payloads/getRaceForm_f8853662af509cf56d.json,650872a044c8cdf9b0a5cfe15623c64dffa330545f2add9a7e7aeb2dc6146679,LOCAL_GOVERNED_EVIDENCE_DIRECT_PUBLIC_NOT_CONFIRMED
RACING.COM,getRaceForm retained local payload,2026-06-01|BET365 PARK KILMORE|R04,15634238,2026-06-01,Bet365 Park Kilmore,4,Farasi,8,10,136.93,41.28,14.81,outputs/sectionals/raw/VIC/racingcom_full_payloads/getRaceForm_f8853662af509cf56d.json,650872a044c8cdf9b0a5cfe15623c64dffa330545f2add9a7e7aeb2dc6146679,LOCAL_GOVERNED_EVIDENCE_DIRECT_PUBLIC_NOT_CONFIRMED
RACING.COM,getRaceForm retained local payload,2026-06-01|BET365 PARK KILMORE|R04,15636639,2026-06-01,Bet365 Park Kilmore,4,Medieval Warrior,15,11,139.47,44.76,17.39,outputs/sectionals/raw/VIC/racingcom_full_payloads/getRaceForm_f8853662af509cf56d.json,650872a044c8cdf9b0a5cfe15623c64dffa330545f2add9a7e7aeb2dc6146679,LOCAL_GOVERNED_EVIDENCE_DIRECT_PUBLIC_NOT_CONFIRMED
RACING.COM,getRaceForm retained local payload,2026-06-01|BET365 PARK KILMORE|R04,15642126,2026-06-01,Bet365 Park Kilmore,4,Safina,11,12,142.88,46.92,19.48,outputs/sectionals/raw/VIC/racingcom_full_payloads/getRaceForm_f8853662af509cf56d.json,650872a044c8cdf9b0a5cfe15623c64dffa330545f2add9a7e7aeb2dc6146679,LOCAL_GOVERNED_EVIDENCE_DIRECT_PUBLIC_NOT_CONFIRMED
RACING.COM,getRaceForm retained local payload,2026-06-01|BET365 PARK KILMORE|R05,15635227,2026-06-01,Bet365 Park Kilmore,5,Testing The Cugat,15,1,133.84,40.44,13.96,outputs/sectionals/raw/VIC/racingcom_full_payloads/getRaceForm_ee5d92e0d70e876a11.json,189f8796ef02a6ece253a956890789a0076a8916fad8feaec1716ebb6d23d79f,LOCAL_GOVERNED_EVIDENCE_DIRECT_PUBLIC_NOT_CONFIRMED
RACING.COM,getRaceForm retained local payload,2026-06-01|BET365 PARK KILMORE|R05,15634239,2026-06-01,Bet365 Park Kilmore,5,Call Me Rhonda,7,2,134.01,39.75,14.04,outputs/sectionals/raw/VIC/racingcom_full_payloads/getRaceForm_ee5d92e0d70e876a11.json,189f8796ef02a6ece253a956890789a0076a8916fad8feaec1716ebb6d23d79f,LOCAL_GOVERNED_EVIDENCE_DIRECT_PUBLIC_NOT_CONFIRMED
RACING.COM,getRaceForm retained local payload,2026-06-01|BET365 PARK KILMORE|R05,15637146,2026-06-01,Bet365 Park Kilmore,5,I Could Do Better (IRE),13,3,134.59,40.13,13.87,outputs/sectionals/raw/VIC/racingcom_full_payloads/getRaceForm_ee5d92e0d70e876a11.json,189f8796ef02a6ece253a956890789a0076a8916fad8feaec1716ebb6d23d79f,LOCAL_GOVERNED_EVIDENCE_DIRECT_PUBLIC_NOT_CONFIRMED
RACING.COM,getRaceForm retained local payload,2026-06-01|BET365 PARK KILMORE|R05,15636626,2026-06-01,Bet365 Park Kilmore,5,Makusha,8,4,134.96,40.86,14.4,outputs/sectionals/raw/VIC/racingcom_full_payloads/getRaceForm_ee5d92e0d70e876a11.json,189f8796ef02a6ece253a956890789a0076a8916fad8feaec1716ebb6d23d79f,LOCAL_GOVERNED_EVIDENCE_DIRECT_PUBLIC_NOT_CONFIRMED
RACING.COM,getRaceForm retained local payload,2026-06-01|BET365 PARK KILMORE|R05,15640486,2026-06-01,Bet365 Park Kilmore,5,Juniors Queen,14,5,134.97,41.52,14.89,outputs/sectionals/raw/VIC/racingcom_full_payloads/getRaceForm_ee5d92e0d70e876a11.json,189f8796ef02a6ece253a956890789a0076a8916fad8feaec1716ebb6d23d79f,LOCAL_GOVERNED_EVIDENCE_DIRECT_PUBLIC_NOT_CONFIRMED
RACING.COM,getRaceForm retained local payload,2026-06-01|BET365 PARK KILMORE|R05,15641838,2026-06-01,Bet365 Park Kilmore,5,Just Landed,6,6,135.26,40.53,14.3,outputs/sectionals/raw/VIC/racingcom_full_payloads/getRaceForm_ee5d92e0d70e876a11.json,189f8796ef02a6ece253a956890789a0076a8916fad8feaec1716ebb6d23d79f,LOCAL_GOVERNED_EVIDENCE_DIRECT_PUBLIC_NOT_CONFIRMED
RACING.COM,getRaceForm retained local payload,2026-06-01|BET365 PARK KILMORE|R05,15641854,2026-06-01,Bet365 Park Kilmore,5,Taupo Tiger,10,7,136.05,41.58,15.05,outputs/sectionals/raw/VIC/racingcom_full_payloads/getRaceForm_ee5d92e0d70e876a11.json,189f8796ef02a6ece253a956890789a0076a8916fad8feaec1716ebb6d23d79f,LOCAL_GOVERNED_EVIDENCE_DIRECT_PUBLIC_NOT_CONFIRMED
RACING.COM,getRaceForm retained local payload,2026-06-01|BET365 PARK KILMORE|R05,15638126,2026-06-01,Bet365 Park Kilmore,5,Dandruff,2,8,136.55,41.92,15.07,outputs/sectionals/raw/VIC/racingcom_full_payloads/getRaceForm_ee5d92e0d70e876a11.json,189f8796ef02a6ece253a956890789a0076a8916fad8feaec1716ebb6d23d79f,LOCAL_GOVERNED_EVIDENCE_DIRECT_PUBLIC_NOT_CONFIRMED
RACING.COM,getRaceForm retained local payload,2026-06-01|BET365 PARK KILMORE|R05,15634707,2026-06-01,Bet365 Park Kilmore,5,Leica Trooper,12,9,136.63,41.84,15.12,outputs/sectionals/raw/VIC/racingcom_full_payloads/getRaceForm_ee5d92e0d70e876a11.json,189f8796ef02a6ece253a956890789a0076a8916fad8feaec1716ebb6d23d79f,LOCAL_GOVERNED_EVIDENCE_DIRECT_PUBLIC_NOT_CONFIRMED
RACING.COM,getRaceForm retained local payload,2026-06-01|BET365 PARK KILMORE|R05,15641505,2026-06-01,Bet365 Park Kilmore,5,High Torque,11,10,137.54,42.6,15.74,outputs/sectionals/raw/VIC/racingcom_full_payloads/getRaceForm_ee5d92e0d70e876a11.json,189f8796ef02a6ece253a956890789a0076a8916fad8feaec1716ebb6d23d79f,LOCAL_GOVERNED_EVIDENCE_DIRECT_PUBLIC_NOT_CONFIRMED
RACING.COM,getRaceForm retained local payload,2026-06-01|BET365 PARK KILMORE|R05,15642145,2026-06-01,Bet365 Park Kilmore,5,Birdie Time (GB),3,11,140.94,46.98,19.28,outputs/sectionals/raw/VIC/racingcom_full_payloads/getRaceForm_ee5d92e0d70e876a11.json,189f8796ef02a6ece253a956890789a0076a8916fad8feaec1716ebb6d23d79f,LOCAL_GOVERNED_EVIDENCE_DIRECT_PUBLIC_NOT_CONFIRMED
RACING.COM,getRaceForm retained local payload,2026-06-01|BET365 PARK KILMORE|R05,15632518,2026-06-01,Bet365 Park Kilmore,5,Ring True (GB),1,12,141.4,47.16,18.68,outputs/sectionals/raw/VIC/racingcom_full_payloads/getRaceForm_ee5d92e0d70e876a11.json,189f8796ef02a6ece253a956890789a0076a8916fad8feaec1716ebb6d23d79f,LOCAL_GOVERNED_EVIDENCE_DIRECT_PUBLIC_NOT_CONFIRMED
RACING.COM,getRaceForm retained local payload,2026-06-01|BET365 PARK KILMORE|R06,15634403,2026-06-01,Bet365 Park Kilmore,6,Moonbolt,3,1,95.24,38.67,13.6,outputs/sectionals/raw/VIC/racingcom_full_payloads/getRaceForm_ad3c20d9df795ef193.json,fd2159440c771bd41029080bd93a78b5fcaeb122687f005408a5e80031612c7f,LOCAL_GOVERNED_EVIDENCE_DIRECT_PUBLIC_NOT_CONFIRMED
RACING.COM,getRaceForm retained local payload,2026-06-01|BET365 PARK KILMORE|R06,15638715,2026-06-01,Bet365 Park Kilmore,6,Western Legend,4,2,95.34,39.44,14.14,outputs/sectionals/raw/VIC/racingcom_full_payloads/getRaceForm_ad3c20d9df795ef193.json,fd2159440c771bd41029080bd93a78b5fcaeb122687f005408a5e80031612c7f,LOCAL_GOVERNED_EVIDENCE_DIRECT_PUBLIC_NOT_CONFIRMED
RACING.COM,getRaceForm retained local payload,2026-06-01|BET365 PARK KILMORE|R06,15630233,2026-06-01,Bet365 Park Kilmore,6,Lafont (NZ),10,3,95.52,39.02,13.84,outputs/sectionals/raw/VIC/racingcom_full_payloads/getRaceForm_ad3c20d9df795ef193.json,fd2159440c771bd41029080bd93a78b5fcaeb122687f005408a5e80031612c7f,LOCAL_GOVERNED_EVIDENCE_DIRECT_PUBLIC_NOT_CONFIRMED
RACING.COM,getRaceForm retained local payload,2026-06-01|BET365 PARK KILMORE|R06,15622293,2026-06-01,Bet365 Park Kilmore,6,Elvis,6,4,95.69,39.97,14.41,outputs/sectionals/raw/VIC/racingcom_full_payloads/getRaceForm_ad3c20d9df795ef193.json,fd2159440c771bd41029080bd93a78b5fcaeb122687f005408a5e80031612c7f,LOCAL_GOVERNED_EVIDENCE_DIRECT_PUBLIC_NOT_CONFIRMED
RACING.COM,getRaceForm retained local payload,2026-06-01|BET365 PARK KILMORE|R06,15635634,2026-06-01,Bet365 Park Kilmore,6,Chateau Vega,5,5,95.82,39.67,14.06,outputs/sectionals/raw/VIC/racingcom_full_payloads/getRaceForm_ad3c20d9df795ef193.json,fd2159440c771bd41029080bd93a78b5fcaeb122687f005408a5e80031612c7f,LOCAL_GOVERNED_EVIDENCE_DIRECT_PUBLIC_NOT_CONFIRMED
RACING.COM,getRaceForm retained local payload,2026-06-01|BET365 PARK KILMORE|R06,15641820,2026-06-01,Bet365 Park Kilmore,6,Tel Aviv,9,5,95.82,39.17,14.02,outputs/sectionals/raw/VIC/racingcom_full_payloads/getRaceForm_ad3c20d9df795ef193.json,fd2159440c771bd41029080bd93a78b5fcaeb122687f005408a5e80031612c7f,LOCAL_GOVERNED_EVIDENCE_DIRECT_PUBLIC_NOT_CONFIRMED
RACING.COM,getRaceForm retained local payload,2026-06-01|BET365 PARK KILMORE|R06,15641466,2026-06-01,Bet365 Park Kilmore,6,Frozen Tide,2,7,95.95,39.65,14.13,outputs/sectionals/raw/VIC/racingcom_full_payloads/getRaceForm_ad3c20d9df795ef193.json,fd2159440c771bd41029080bd93a78b5fcaeb122687f005408a5e80031612c7f,LOCAL_GOVERNED_EVIDENCE_DIRECT_PUBLIC_NOT_CONFIRMED
RACING.COM,getRaceForm retained local payload,2026-06-01|BET365 PARK KILMORE|R06,15641884,2026-06-01,Bet365 Park Kilmore,6,Blacklip,1,8,97.34,40.9,15.24,outputs/sectionals/raw/VIC/racingcom_full_payloads/getRaceForm_ad3c20d9df795ef193.json,fd2159440c771bd41029080bd93a78b5fcaeb122687f005408a5e80031612c7f,LOCAL_GOVERNED_EVIDENCE_DIRECT_PUBLIC_NOT_CONFIRMED
RACING.COM,getRaceForm retained local payload,2026-06-01|BET365 PARK KILMORE|R06,15622534,2026-06-01,Bet365 Park Kilmore,6,Sexy Warrior,8,9,97.99,42.33,16.01,outputs/sectionals/raw/VIC/racingcom_full_payloads/getRaceForm_ad3c20d9df795ef193.json,fd2159440c771bd41029080bd93a78b5fcaeb122687f005408a5e80031612c7f,LOCAL_GOVERNED_EVIDENCE_DIRECT_PUBLIC_NOT_CONFIRMED
RACING.COM,getRaceForm retained local payload,2026-06-01|BET365 PARK KILMORE|R06,15632521,2026-06-01,Bet365 Park Kilmore,6,Left Hook (IRE),7,10,98.38,42.06,16,outputs/sectionals/raw/VIC/racingcom_full_payloads/getRaceForm_ad3c20d9df795ef193.json,fd2159440c771bd41029080bd93a78b5fcaeb122687f005408a5e80031612c7f,LOCAL_GOVERNED_EVIDENCE_DIRECT_PUBLIC_NOT_CONFIRMED
RACING.COM,getRaceForm retained local payload,2026-06-01|BET365 PARK KILMORE|R07,15623802,2026-06-01,Bet365 Park Kilmore,7,Triple Triple,6,1,69.09,37.5,13.14,outputs/sectionals/raw/VIC/racingcom_full_payloads/getRaceForm_1abe6b1caefdd411a7.json,a2ca71a0811958907aaf43f98bf6b2037da8771954eaa3461be1b201895a833e,LOCAL_GOVERNED_EVIDENCE_DIRECT_PUBLIC_NOT_CONFIRMED
RACING.COM,getRaceForm retained local payload,2026-06-01|BET365 PARK KILMORE|R07,15642581,2026-06-01,Bet365 Park Kilmore,7,Got Out The Fence,2,2,69.14,38.42,13.98,outputs/sectionals/raw/VIC/racingcom_full_payloads/getRaceForm_1abe6b1caefdd411a7.json,a2ca71a0811958907aaf43f98bf6b2037da8771954eaa3461be1b201895a833e,LOCAL_GOVERNED_EVIDENCE_DIRECT_PUBLIC_NOT_CONFIRMED
RACING.COM,getRaceForm retained local payload,2026-06-01|BET365 PARK KILMORE|R07,15637056,2026-06-01,Bet365 Park Kilmore,7,Rhodesian Red,7,3,69.16,37.32,13.34,outputs/sectionals/raw/VIC/racingcom_full_payloads/getRaceForm_1abe6b1caefdd411a7.json,a2ca71a0811958907aaf43f98bf6b2037da8771954eaa3461be1b201895a833e,LOCAL_GOVERNED_EVIDENCE_DIRECT_PUBLIC_NOT_CONFIRMED
RACING.COM,getRaceForm retained local payload,2026-06-01|BET365 PARK KILMORE|R07,15641360,2026-06-01,Bet365 Park Kilmore,7,Bossy Star,3,4,69.17,37.53,13.37,outputs/sectionals/raw/VIC/racingcom_full_payloads/getRaceForm_1abe6b1caefdd411a7.json,a2ca71a0811958907aaf43f98bf6b2037da8771954eaa3461be1b201895a833e,LOCAL_GOVERNED_EVIDENCE_DIRECT_PUBLIC_NOT_CONFIRMED
RACING.COM,getRaceForm retained local payload,2026-06-01|BET365 PARK KILMORE|R07,15633613,2026-06-01,Bet365 Park Kilmore,7,That's All Good,11,5,69.78,38.45,14.01,outputs/sectionals/raw/VIC/racingcom_full_payloads/getRaceForm_1abe6b1caefdd411a7.json,a2ca71a0811958907aaf43f98bf6b2037da8771954eaa3461be1b201895a833e,LOCAL_GOVERNED_EVIDENCE_DIRECT_PUBLIC_NOT_CONFIRMED
RACING.COM,getRaceForm retained local payload,2026-06-01|BET365 PARK KILMORE|R07,15641826,2026-06-01,Bet365 Park Kilmore,7,Grinzinger Nyx,12,6,69.95,37.85,13.55,outputs/sectionals/raw/VIC/racingcom_full_payloads/getRaceForm_1abe6b1caefdd411a7.json,a2ca71a0811958907aaf43f98bf6b2037da8771954eaa3461be1b201895a833e,LOCAL_GOVERNED_EVIDENCE_DIRECT_PUBLIC_NOT_CONFIRMED
RACING.COM,getRaceForm retained local payload,2026-06-01|BET365 PARK KILMORE|R07,15637961,2026-06-01,Bet365 Park Kilmore,7,Good Onya Champ,5,7,70.18,38.84,14.26,outputs/sectionals/raw/VIC/racingcom_full_payloads/getRaceForm_1abe6b1caefdd411a7.json,a2ca71a0811958907aaf43f98bf6b2037da8771954eaa3461be1b201895a833e,LOCAL_GOVERNED_EVIDENCE_DIRECT_PUBLIC_NOT_CONFIRMED
RACING.COM,getRaceForm retained local payload,2026-06-01|BET365 PARK KILMORE|R07,15630648,2026-06-01,Bet365 Park Kilmore,7,Alesund,8,8,70.31,38.22,14.11,outputs/sectionals/raw/VIC/racingcom_full_payloads/getRaceForm_1abe6b1caefdd411a7.json,a2ca71a0811958907aaf43f98bf6b2037da8771954eaa3461be1b201895a833e,LOCAL_GOVERNED_EVIDENCE_DIRECT_PUBLIC_NOT_CONFIRMED
RACING.COM,getRaceForm retained local payload,2026-06-01|BET365 PARK KILMORE|R07,15641419,2026-06-01,Bet365 Park Kilmore,7,Wild Roses Grow,10,9,70.39,39.4,14.63,outputs/sectionals/raw/VIC/racingcom_full_payloads/getRaceForm_1abe6b1caefdd411a7.json,a2ca71a0811958907aaf43f98bf6b2037da8771954eaa3461be1b201895a833e,LOCAL_GOVERNED_EVIDENCE_DIRECT_PUBLIC_NOT_CONFIRMED
RACING.COM,getRaceForm retained local payload,2026-06-01|BET365 PARK KILMORE|R07,15641205,2026-06-01,Bet365 Park Kilmore,7,Smashing Ruby,13,10,70.7,38.83,14.44,outputs/sectionals/raw/VIC/racingcom_full_payloads/getRaceForm_1abe6b1caefdd411a7.json,a2ca71a0811958907aaf43f98bf6b2037da8771954eaa3461be1b201895a833e,LOCAL_GOVERNED_EVIDENCE_DIRECT_PUBLIC_NOT_CONFIRMED
RACING.COM,getRaceForm retained local payload,2026-06-01|BET365 PARK KILMORE|R07,15634404,2026-06-01,Bet365 Park Kilmore,7,Never A Thought,4,11,71.15,39.32,14.59,outputs/sectionals/raw/VIC/racingcom_full_payloads/getRaceForm_1abe6b1caefdd411a7.json,a2ca71a0811958907aaf43f98bf6b2037da8771954eaa3461be1b201895a833e,LOCAL_GOVERNED_EVIDENCE_DIRECT_PUBLIC_NOT_CONFIRMED
RACING.COM,getRaceForm retained local payload,2026-06-01|BET365 PARK KILMORE|R08,15637609,2026-06-01,Bet365 Park Kilmore,8,Cash Converter,4,1,108.39,40.33,14.71,outputs/sectionals/raw/VIC/racingcom_full_payloads/getRaceForm_1a3833665e53453892.json,50a18c664d38c689b5a146c1ec32c6a892b6cfa46719f7bce1ba3c72046431be,LOCAL_GOVERNED_EVIDENCE_DIRECT_PUBLIC_NOT_CONFIRMED
RACING.COM,getRaceForm retained local payload,2026-06-01|BET365 PARK KILMORE|R08,15638320,2026-06-01,Bet365 Park Kilmore,8,Pick Wisely,7,2,108.48,40.08,14.44,outputs/sectionals/raw/VIC/racingcom_full_payloads/getRaceForm_1a3833665e53453892.json,50a18c664d38c689b5a146c1ec32c6a892b6cfa46719f7bce1ba3c72046431be,LOCAL_GOVERNED_EVIDENCE_DIRECT_PUBLIC_NOT_CONFIRMED
RACING.COM,getRaceForm retained local payload,2026-06-01|BET365 PARK KILMORE|R08,15641823,2026-06-01,Bet365 Park Kilmore,8,Azeola,10,3,108.69,40.18,14.37,outputs/sectionals/raw/VIC/racingcom_full_payloads/getRaceForm_1a3833665e53453892.json,50a18c664d38c689b5a146c1ec32c6a892b6cfa46719f7bce1ba3c72046431be,LOCAL_GOVERNED_EVIDENCE_DIRECT_PUBLIC_NOT_CONFIRMED
RACING.COM,getRaceForm retained local payload,2026-06-01|BET365 PARK KILMORE|R08,15641793,2026-06-01,Bet365 Park Kilmore,8,Don't Doubt Dare,6,4,108.8,40.14,13.96,outputs/sectionals/raw/VIC/racingcom_full_payloads/getRaceForm_1a3833665e53453892.json,50a18c664d38c689b5a146c1ec32c6a892b6cfa46719f7bce1ba3c72046431be,LOCAL_GOVERNED_EVIDENCE_DIRECT_PUBLIC_NOT_CONFIRMED
RACING.COM,getRaceForm retained local payload,2026-06-01|BET365 PARK KILMORE|R08,15641207,2026-06-01,Bet365 Park Kilmore,8,Tipping Rain,12,5,108.82,40.82,14.94,outputs/sectionals/raw/VIC/racingcom_full_payloads/getRaceForm_1a3833665e53453892.json,50a18c664d38c689b5a146c1ec32c6a892b6cfa46719f7bce1ba3c72046431be,LOCAL_GOVERNED_EVIDENCE_DIRECT_PUBLIC_NOT_CONFIRMED
RACING.COM,getRaceForm retained local payload,2026-06-01|BET365 PARK KILMORE|R08,15632928,2026-06-01,Bet365 Park Kilmore,8,Frostration,14,6,108.85,40.18,14.31,outputs/sectionals/raw/VIC/racingcom_full_payloads/getRaceForm_1a3833665e53453892.json,50a18c664d38c689b5a146c1ec32c6a892b6cfa46719f7bce1ba3c72046431be,LOCAL_GOVERNED_EVIDENCE_DIRECT_PUBLIC_NOT_CONFIRMED
RACING.COM,getRaceForm retained local payload,2026-06-01|BET365 PARK KILMORE|R08,15641163,2026-06-01,Bet365 Park Kilmore,8,Every Little Thing (NZ),11,7,108.86,40.53,14.46,outputs/sectionals/raw/VIC/racingcom_full_payloads/getRaceForm_1a3833665e53453892.json,50a18c664d38c689b5a146c1ec32c6a892b6cfa46719f7bce1ba3c72046431be,LOCAL_GOVERNED_EVIDENCE_DIRECT_PUBLIC_NOT_CONFIRMED
RACING.COM,getRaceForm retained local payload,2026-06-01|BET365 PARK KILMORE|R08,15630646,2026-06-01,Bet365 Park Kilmore,8,Hard To Go Wrong,2,8,109.45,40.36,14.17,outputs/sectionals/raw/VIC/racingcom_full_payloads/getRaceForm_1a3833665e53453892.json,50a18c664d38c689b5a146c1ec32c6a892b6cfa46719f7bce1ba3c72046431be,LOCAL_GOVERNED_EVIDENCE_DIRECT_PUBLIC_NOT_CONFIRMED
RACING.COM,getRaceForm retained local payload,2026-06-01|BET365 PARK KILMORE|R08,15638028,2026-06-01,Bet365 Park Kilmore,8,Temu Tilly,9,9,110.39,42.34,16.05,outputs/sectionals/raw/VIC/racingcom_full_payloads/getRaceForm_1a3833665e53453892.json,50a18c664d38c689b5a146c1ec32c6a892b6cfa46719f7bce1ba3c72046431be,LOCAL_GOVERNED_EVIDENCE_DIRECT_PUBLIC_NOT_CONFIRMED
RACING.COM,getRaceForm retained local payload,2026-06-01|BET365 PARK KILMORE|R08,15636671,2026-06-01,Bet365 Park Kilmore,8,Fashion Fighter,5,10,110.89,42.14,14.97,outputs/sectionals/raw/VIC/racingcom_full_payloads/getRaceForm_1a3833665e53453892.json,50a18c664d38c689b5a146c1ec32c6a892b6cfa46719f7bce1ba3c72046431be,LOCAL_GOVERNED_EVIDENCE_DIRECT_PUBLIC_NOT_CONFIRMED
RACING.COM,getRaceForm retained local payload,2026-07-01|SPORTSBET SANDOWN LAKESIDE|R01,15689581,2026-07-01,Sportsbet Sandown Lakeside,1,Burning Heartz,3,1,83.49,35.8,12.32,outputs/sectionals/raw/VIC/racingcom_full_payloads/getRaceForm_cbf2459a2e4838d2eb.json,e8af16328e42a30fd0abbc9de36661c88fa2cb4df3144c3b268ec01ca4e6ab05,LOCAL_GOVERNED_EVIDENCE_DIRECT_PUBLIC_NOT_CONFIRMED
RACING.COM,getRaceForm retained local payload,2026-07-01|SPORTSBET SANDOWN LAKESIDE|R01,15688924,2026-07-01,Sportsbet Sandown Lakeside,1,Delahra,5,2,83.49,35.76,12.3,outputs/sectionals/raw/VIC/racingcom_full_payloads/getRaceForm_cbf2459a2e4838d2eb.json,e8af16328e42a30fd0abbc9de36661c88fa2cb4df3144c3b268ec01ca4e6ab05,LOCAL_GOVERNED_EVIDENCE_DIRECT_PUBLIC_NOT_CONFIRMED
RACING.COM,getRaceForm retained local payload,2026-07-01|SPORTSBET SANDOWN LAKESIDE|R01,15685941,2026-07-01,Sportsbet Sandown Lakeside,1,Tagabella,6,3,83.51,35.99,12.36,outputs/sectionals/raw/VIC/racingcom_full_payloads/getRaceForm_cbf2459a2e4838d2eb.json,e8af16328e42a30fd0abbc9de36661c88fa2cb4df3144c3b268ec01ca4e6ab05,LOCAL_GOVERNED_EVIDENCE_DIRECT_PUBLIC_NOT_CONFIRMED
RACING.COM,getRaceForm retained local payload,2026-07-01|SPORTSBET SANDOWN LAKESIDE|R01,15686855,2026-07-01,Sportsbet Sandown Lakeside,1,Anglais,2,4,83.53,35.53,12.1,outputs/sectionals/raw/VIC/racingcom_full_payloads/getRaceForm_cbf2459a2e4838d2eb.json,e8af16328e42a30fd0abbc9de36661c88fa2cb4df3144c3b268ec01ca4e6ab05,LOCAL_GOVERNED_EVIDENCE_DIRECT_PUBLIC_NOT_CONFIRMED
RACING.COM,getRaceForm retained local payload,2026-07-01|SPORTSBET SANDOWN LAKESIDE|R01,15689102,2026-07-01,Sportsbet Sandown Lakeside,1,Signed By A Kiss,1,5,84.7,37.34,13.43,outputs/sectionals/raw/VIC/racingcom_full_payloads/getRaceForm_cbf2459a2e4838d2eb.json,e8af16328e42a30fd0abbc9de36661c88fa2cb4df3144c3b268ec01ca4e6ab05,LOCAL_GOVERNED_EVIDENCE_DIRECT_PUBLIC_NOT_CONFIRMED
RACING.COM,getRaceForm retained local payload,2026-07-01|SPORTSBET SANDOWN LAKESIDE|R01,15685645,2026-07-01,Sportsbet Sandown Lakeside,1,Helizangel,4,6,84.94,36.63,12.77,outputs/sectionals/raw/VIC/racingcom_full_payloads/getRaceForm_cbf2459a2e4838d2eb.json,e8af16328e42a30fd0abbc9de36661c88fa2cb4df3144c3b268ec01ca4e6ab05,LOCAL_GOVERNED_EVIDENCE_DIRECT_PUBLIC_NOT_CONFIRMED
RACING.COM,getRaceForm retained local payload,2026-07-01|SPORTSBET SANDOWN LAKESIDE|R02,15684746,2026-07-01,Sportsbet Sandown Lakeside,2,Censori,9,1,102.34,37.49,13.09,outputs/sectionals/raw/VIC/racingcom_full_payloads/getRaceForm_6b9842afac2fdb9c6e.json,cea832835995bbe89e79db363b5b5706975ba0300d3c320df77ee39dda44b499,LOCAL_GOVERNED_EVIDENCE_DIRECT_PUBLIC_NOT_CONFIRMED
RACING.COM,getRaceForm retained local payload,2026-07-01|SPORTSBET SANDOWN LAKESIDE|R02,15686630,2026-07-01,Sportsbet Sandown Lakeside,2,Beautifully (NZ),3,2,102.89,38.63,13.55,outputs/sectionals/raw/VIC/racingcom_full_payloads/getRaceForm_6b9842afac2fdb9c6e.json,cea832835995bbe89e79db363b5b5706975ba0300d3c320df77ee39dda44b499,LOCAL_GOVERNED_EVIDENCE_DIRECT_PUBLIC_NOT_CONFIRMED
RACING.COM,getRaceForm retained local payload,2026-07-01|SPORTSBET SANDOWN LAKESIDE|R02,15689231,2026-07-01,Sportsbet Sandown Lakeside,2,Meleys,4,3,103.1,38.42,13.54,outputs/sectionals/raw/VIC/racingcom_full_payloads/getRaceForm_6b9842afac2fdb9c6e.json,cea832835995bbe89e79db363b5b5706975ba0300d3c320df77ee39dda44b499,LOCAL_GOVERNED_EVIDENCE_DIRECT_PUBLIC_NOT_CONFIRMED
RACING.COM,getRaceForm retained local payload,2026-07-01|SPORTSBET SANDOWN LAKESIDE|R02,15688968,2026-07-01,Sportsbet Sandown Lakeside,2,Don't Doubt Dare,11,4,103.12,38.24,13.3,outputs/sectionals/raw/VIC/racingcom_full_payloads/getRaceForm_6b9842afac2fdb9c6e.json,cea832835995bbe89e79db363b5b5706975ba0300d3c320df77ee39dda44b499,LOCAL_GOVERNED_EVIDENCE_DIRECT_PUBLIC_NOT_CONFIRMED
RACING.COM,getRaceForm retained local payload,2026-07-01|SPORTSBET SANDOWN LAKESIDE|R02,15679532,2026-07-01,Sportsbet Sandown Lakeside,2,Tisseyre,12,5,103.81,39.27,14.09,outputs/sectionals/raw/VIC/racingcom_full_payloads/getRaceForm_6b9842afac2fdb9c6e.json,cea832835995bbe89e79db363b5b5706975ba0300d3c320df77ee39dda44b499,LOCAL_GOVERNED_EVIDENCE_DIRECT_PUBLIC_NOT_CONFIRMED
RACING.COM,getRaceForm retained local payload,2026-07-01|SPORTSBET SANDOWN LAKESIDE|R02,15685646,2026-07-01,Sportsbet Sandown Lakeside,2,Himalayan,5,6,104.51,39.77,14.32,outputs/sectionals/raw/VIC/racingcom_full_payloads/getRaceForm_6b9842afac2fdb9c6e.json,cea832835995bbe89e79db363b5b5706975ba0300d3c320df77ee39dda44b499,LOCAL_GOVERNED_EVIDENCE_DIRECT_PUBLIC_NOT_CONFIRMED
RACING.COM,getRaceForm retained local payload,2026-07-01|SPORTSBET SANDOWN LAKESIDE|R02,15689103,2026-07-01,Sportsbet Sandown Lakeside,2,Off Their Perch,2,7,104.6,40.51,14.5,outputs/sectionals/raw/VIC/racingcom_full_payloads/getRaceForm_6b9842afac2fdb9c6e.json,cea832835995bbe89e79db363b5b5706975ba0300d3c320df77ee39dda44b499,LOCAL_GOVERNED_EVIDENCE_DIRECT_PUBLIC_NOT_CONFIRMED
RACING.COM,getRaceForm retained local payload,2026-07-01|SPORTSBET SANDOWN LAKESIDE|R02,15679414,2026-07-01,Sportsbet Sandown Lakeside,2,Star Of Rossa,6,8,104.8,39.74,14.35,outputs/sectionals/raw/VIC/racingcom_full_payloads/getRaceForm_6b9842afac2fdb9c6e.json,cea832835995bbe89e79db363b5b5706975ba0300d3c320df77ee39dda44b499,LOCAL_GOVERNED_EVIDENCE_DIRECT_PUBLIC_NOT_CONFIRMED
RACING.COM,getRaceForm retained local payload,2026-07-01|SPORTSBET SANDOWN LAKESIDE|R03,15689287,2026-07-01,Sportsbet Sandown Lakeside,3,Oraqua (GB),7,1,103.16,36.29,12.61,outputs/sectionals/raw/VIC/racingcom_full_payloads/getRaceForm_db2ce0e81cb6432a89.json,74cd27c0d552702214c35c5d0eceb89ea6979ac0adc3f1c228d7008d70f2e8e9,LOCAL_GOVERNED_EVIDENCE_DIRECT_PUBLIC_NOT_CONFIRMED
RACING.COM,getRaceForm retained local payload,2026-07-01|SPORTSBET SANDOWN LAKESIDE|R03,15689241,2026-07-01,Sportsbet Sandown Lakeside,3,Perfect Ten (NZ),4,2,103.21,35.97,12.39,outputs/sectionals/raw/VIC/racingcom_full_payloads/getRaceForm_db2ce0e81cb6432a89.json,74cd27c0d552702214c35c5d0eceb89ea6979ac0adc3f1c228d7008d70f2e8e9,LOCAL_GOVERNED_EVIDENCE_DIRECT_PUBLIC_NOT_CONFIRMED
RACING.COM,getRaceForm retained local payload,2026-07-01|SPORTSBET SANDOWN LAKESIDE|R03,15689086,2026-07-01,Sportsbet Sandown Lakeside,3,Street Lark,11,3,103.47,36.22,12.53,outputs/sectionals/raw/VIC/racingcom_full_payloads/getRaceForm_db2ce0e81cb6432a89.json,74cd27c0d552702214c35c5d0eceb89ea6979ac0adc3f1c228d7008d70f2e8e9,LOCAL_GOVERNED_EVIDENCE_DIRECT_PUBLIC_NOT_CONFIRMED
RACING.COM,getRaceForm retained local payload,2026-07-01|SPORTSBET SANDOWN LAKESIDE|R03,15686641,2026-07-01,Sportsbet Sandown Lakeside,3,Pariah Pearl,6,4,103.57,35.89,12.38,outputs/sectionals/raw/VIC/racingcom_full_payloads/getRaceForm_db2ce0e81cb6432a89.json,74cd27c0d552702214c35c5d0eceb89ea6979ac0adc3f1c228d7008d70f2e8e9,LOCAL_GOVERNED_EVIDENCE_DIRECT_PUBLIC_NOT_CONFIRMED
RACING.COM,getRaceForm retained local payload,2026-07-01|SPORTSBET SANDOWN LAKESIDE|R03,15688926,2026-07-01,Sportsbet Sandown Lakeside,3,Zeshadow (NZ),9,5,103.63,36.94,13.03,outputs/sectionals/raw/VIC/racingcom_full_payloads/getRaceForm_db2ce0e81cb6432a89.json,74cd27c0d552702214c35c5d0eceb89ea6979ac0adc3f1c228d7008d70f2e8e9,LOCAL_GOVERNED_EVIDENCE_DIRECT_PUBLIC_NOT_CONFIRMED
RACING.COM,getRaceForm retained local payload,2026-07-01|SPORTSBET SANDOWN LAKESIDE|R03,15689129,2026-07-01,Sportsbet Sandown Lakeside,3,Geffina,3,6,103.66,35.86,12.59,outputs/sectionals/raw/VIC/racingcom_full_payloads/getRaceForm_db2ce0e81cb6432a89.json,74cd27c0d552702214c35c5d0eceb89ea6979ac0adc3f1c228d7008d70f2e8e9,LOCAL_GOVERNED_EVIDENCE_DIRECT_PUBLIC_NOT_CONFIRMED
RACING.COM,getRaceForm retained local payload,2026-07-01|SPORTSBET SANDOWN LAKESIDE|R03,15686582,2026-07-01,Sportsbet Sandown Lakeside,3,Aeolian (GB),2,7,103.74,36.2,12.54,outputs/sectionals/raw/VIC/racingcom_full_payloads/getRaceForm_db2ce0e81cb6432a89.json,74cd27c0d552702214c35c5d0eceb89ea6979ac0adc3f1c228d7008d70f2e8e9,LOCAL_GOVERNED_EVIDENCE_DIRECT_PUBLIC_NOT_CONFIRMED
RACING.COM,getRaceForm retained local payload,2026-07-01|SPORTSBET SANDOWN LAKESIDE|R03,15687274,2026-07-01,Sportsbet Sandown Lakeside,3,Stupendous,8,8,103.76,37,13.1,outputs/sectionals/raw/VIC/racingcom_full_payloads/getRaceForm_db2ce0e81cb6432a89.json,74cd27c0d552702214c35c5d0eceb89ea6979ac0adc3f1c228d7008d70f2e8e9,LOCAL_GOVERNED_EVIDENCE_DIRECT_PUBLIC_NOT_CONFIRMED
RACING.COM,getRaceForm retained local payload,2026-07-01|SPORTSBET SANDOWN LAKESIDE|R03,15689114,2026-07-01,Sportsbet Sandown Lakeside,3,Eleanor Dumont (NZ),1,9,103.9,36.92,12.97,outputs/sectionals/raw/VIC/racingcom_full_payloads/getRaceForm_db2ce0e81cb6432a89.json,74cd27c0d552702214c35c5d0eceb89ea6979ac0adc3f1c228d7008d70f2e8e9,LOCAL_GOVERNED_EVIDENCE_DIRECT_PUBLIC_NOT_CONFIRMED
RACING.COM,getRaceForm retained local payload,2026-07-01|SPORTSBET SANDOWN LAKESIDE|R03,15682669,2026-07-01,Sportsbet Sandown Lakeside,3,Enchanted Jenni (NZ),5,10,103.94,36.03,12.64,outputs/sectionals/raw/VIC/racingcom_full_payloads/getRaceForm_db2ce0e81cb6432a89.json,74cd27c0d552702214c35c5d0eceb89ea6979ac0adc3f1c228d7008d70f2e8e9,LOCAL_GOVERNED_EVIDENCE_DIRECT_PUBLIC_NOT_CONFIRMED
RACING.COM,getRaceForm retained local payload,2026-07-01|SPORTSBET SANDOWN LAKESIDE|R03,15689123,2026-07-01,Sportsbet Sandown Lakeside,3,Lisa Lass,12,11,104.32,36.76,13.01,outputs/sectionals/raw/VIC/racingcom_full_payloads/getRaceForm_db2ce0e81cb6432a89.json,74cd27c0d552702214c35c5d0eceb89ea6979ac0adc3f1c228d7008d70f2e8e9,LOCAL_GOVERNED_EVIDENCE_DIRECT_PUBLIC_NOT_CONFIRMED
RACING.COM,getRaceForm retained local payload,2026-07-01|SPORTSBET SANDOWN LAKESIDE|R03,15687352,2026-07-01,Sportsbet Sandown Lakeside,3,High Altitude,13,12,105.01,36.97,13.03,outputs/sectionals/raw/VIC/racingcom_full_payloads/getRaceForm_db2ce0e81cb6432a89.json,74cd27c0d552702214c35c5d0eceb89ea6979ac0adc3f1c228d7008d70f2e8e9,LOCAL_GOVERNED_EVIDENCE_DIRECT_PUBLIC_NOT_CONFIRMED
RACING.COM,getRaceForm retained local payload,2026-07-01|SPORTSBET SANDOWN LAKESIDE|R04,15686224,2026-07-01,Sportsbet Sandown Lakeside,4,Nearco Frod (FR),7,1,158.81,35.74,12.33,outputs/sectionals/raw/VIC/racingcom_full_payloads/getRaceForm_6e1d0473a3d20a68ef.json,dc732be84d9486876f170e870df5c99206530ff394198c4b5c0d9a4cc6f46ae6,LOCAL_GOVERNED_EVIDENCE_DIRECT_PUBLIC_NOT_CONFIRMED
RACING.COM,getRaceForm retained local payload,2026-07-01|SPORTSBET SANDOWN LAKESIDE|R04,15686577,2026-07-01,Sportsbet Sandown Lakeside,4,Empress Of The Sun (JPN),9,2,159.08,35.72,12.16,outputs/sectionals/raw/VIC/racingcom_full_payloads/getRaceForm_6e1d0473a3d20a68ef.json,dc732be84d9486876f170e870df5c99206530ff394198c4b5c0d9a4cc6f46ae6,LOCAL_GOVERNED_EVIDENCE_DIRECT_PUBLIC_NOT_CONFIRMED
RACING.COM,getRaceForm retained local payload,2026-07-01|SPORTSBET SANDOWN LAKESIDE|R04,15681353,2026-07-01,Sportsbet Sandown Lakeside,4,Shultzy,10,3,159.11,35.52,12.14,outputs/sectionals/raw/VIC/racingcom_full_payloads/getRaceForm_6e1d0473a3d20a68ef.json,dc732be84d9486876f170e870df5c99206530ff394198c4b5c0d9a4cc6f46ae6,LOCAL_GOVERNED_EVIDENCE_DIRECT_PUBLIC_NOT_CONFIRMED
RACING.COM,getRaceForm retained local payload,2026-07-01|SPORTSBET SANDOWN LAKESIDE|R04,15686635,2026-07-01,Sportsbet Sandown Lakeside,4,Omamori,11,4,159.27,36.12,12.57,outputs/sectionals/raw/VIC/racingcom_full_payloads/getRaceForm_6e1d0473a3d20a68ef.json,dc732be84d9486876f170e870df5c99206530ff394198c4b5c0d9a4cc6f46ae6,LOCAL_GOVERNED_EVIDENCE_DIRECT_PUBLIC_NOT_CONFIRMED
RACING.COM,getRaceForm retained local payload,2026-07-01|SPORTSBET SANDOWN LAKESIDE|R04,15682356,2026-07-01,Sportsbet Sandown Lakeside,4,Aberfeldie Boy,1,5,159.68,36.61,12.95,outputs/sectionals/raw/VIC/racingcom_full_payloads/getRaceForm_6e1d0473a3d20a68ef.json,dc732be84d9486876f170e870df5c99206530ff394198c4b5c0d9a4cc6f46ae6,LOCAL_GOVERNED_EVIDENCE_DIRECT_PUBLIC_NOT_CONFIRMED
RACING.COM,getRaceForm retained local payload,2026-07-01|SPORTSBET SANDOWN LAKESIDE|R04,15689113,2026-07-01,Sportsbet Sandown Lakeside,4,Customer Service (NZ),6,6,159.73,35.9,12.43,outputs/sectionals/raw/VIC/racingcom_full_payloads/getRaceForm_6e1d0473a3d20a68ef.json,dc732be84d9486876f170e870df5c99206530ff394198c4b5c0d9a4cc6f46ae6,LOCAL_GOVERNED_EVIDENCE_DIRECT_PUBLIC_NOT_CONFIRMED
RACING.COM,getRaceForm retained local payload,2026-07-01|SPORTSBET SANDOWN LAKESIDE|R04,15689109,2026-07-01,Sportsbet Sandown Lakeside,4,Jaykayann (NZ),4,7,160.07,36.62,12.72,outputs/sectionals/raw/VIC/racingcom_full_payloads/getRaceForm_6e1d0473a3d20a68ef.json,dc732be84d9486876f170e870df5c99206530ff394198c4b5c0d9a4cc6f46ae6,LOCAL_GOVERNED_EVIDENCE_DIRECT_PUBLIC_NOT_CONFIRMED
RACING.COM,getRaceForm retained local payload,2026-07-01|SPORTSBET SANDOWN LAKESIDE|R04,15679604,2026-07-01,Sportsbet Sandown Lakeside,4,Winter Grace,12,8,160.34,36.64,12.77,outputs/sectionals/raw/VIC/racingcom_full_payloads/getRaceForm_6e1d0473a3d20a68ef.json,dc732be84d9486876f170e870df5c99206530ff394198c4b5c0d9a4cc6f46ae6,LOCAL_GOVERNED_EVIDENCE_DIRECT_PUBLIC_NOT_CONFIRMED
RACING.COM,getRaceForm retained local payload,2026-07-01|SPORTSBET SANDOWN LAKESIDE|R04,15686572,2026-07-01,Sportsbet Sandown Lakeside,4,Lightening Mann (GB),3,9,160.38,37.28,13.05,outputs/sectionals/raw/VIC/racingcom_full_payloads/getRaceForm_6e1d0473a3d20a68ef.json,dc732be84d9486876f170e870df5c99206530ff394198c4b5c0d9a4cc6f46ae6,LOCAL_GOVERNED_EVIDENCE_DIRECT_PUBLIC_NOT_CONFIRMED
RACING.COM,getRaceForm retained local payload,2026-07-01|SPORTSBET SANDOWN LAKESIDE|R04,15667398,2026-07-01,Sportsbet Sandown Lakeside,4,Urban Outlook (GB),5,10,160.42,36.74,12.73,outputs/sectionals/raw/VIC/racingcom_full_payloads/getRaceForm_6e1d0473a3d20a68ef.json,dc732be84d9486876f170e870df5c99206530ff394198c4b5c0d9a4cc6f46ae6,LOCAL_GOVERNED_EVIDENCE_DIRECT_PUBLIC_NOT_CONFIRMED
RACING.COM,getRaceForm retained local payload,2026-07-01|SPORTSBET SANDOWN LAKESIDE|R04,15686636,2026-07-01,Sportsbet Sandown Lakeside,4,Tsitsipas (NZ),8,11,165.37,41.94,17.24,outputs/sectionals/raw/VIC/racingcom_full_payloads/getRaceForm_6e1d0473a3d20a68ef.json,dc732be84d9486876f170e870df5c99206530ff394198c4b5c0d9a4cc6f46ae6,LOCAL_GOVERNED_EVIDENCE_DIRECT_PUBLIC_NOT_CONFIRMED
RACING.COM,getRaceForm retained local payload,2026-07-01|SPORTSBET SANDOWN LAKESIDE|R05,15667397,2026-07-01,Sportsbet Sandown Lakeside,5,Divine Thoughts,5,1,81.81,37.49,13.4,outputs/sectionals/raw/VIC/racingcom_full_payloads/getRaceForm_9ed819531874a0a507.json,e835bb1c95f62630917bd314988625db2103319a2df9f85e8b841fb850a3538d,LOCAL_GOVERNED_EVIDENCE_DIRECT_PUBLIC_NOT_CONFIRMED
RACING.COM,getRaceForm retained local payload,2026-07-01|SPORTSBET SANDOWN LAKESIDE|R05,15689232,2026-07-01,Sportsbet Sandown Lakeside,5,Sea Poem (NZ),1,2,81.87,36.27,12.94,outputs/sectionals/raw/VIC/racingcom_full_payloads/getRaceForm_9ed819531874a0a507.json,e835bb1c95f62630917bd314988625db2103319a2df9f85e8b841fb850a3538d,LOCAL_GOVERNED_EVIDENCE_DIRECT_PUBLIC_NOT_CONFIRMED
RACING.COM,getRaceForm retained local payload,2026-07-01|SPORTSBET SANDOWN LAKESIDE|R05,15689249,2026-07-01,Sportsbet Sandown Lakeside,5,Proven Soul,15,3,82.08,37.24,13.21,outputs/sectionals/raw/VIC/racingcom_full_payloads/getRaceForm_9ed819531874a0a507.json,e835bb1c95f62630917bd314988625db2103319a2df9f85e8b841fb850a3538d,LOCAL_GOVERNED_EVIDENCE_DIRECT_PUBLIC_NOT_CONFIRMED
RACING.COM,getRaceForm retained local payload,2026-07-01|SPORTSBET SANDOWN LAKESIDE|R05,15688442,2026-07-01,Sportsbet Sandown Lakeside,5,Meh Keffi,3,4,82.27,36.91,13.01,outputs/sectionals/raw/VIC/racingcom_full_payloads/getRaceForm_9ed819531874a0a507.json,e835bb1c95f62630917bd314988625db2103319a2df9f85e8b841fb850a3538d,LOCAL_GOVERNED_EVIDENCE_DIRECT_PUBLIC_NOT_CONFIRMED
RACING.COM,getRaceForm retained local payload,2026-07-01|SPORTSBET SANDOWN LAKESIDE|R05,15688772,2026-07-01,Sportsbet Sandown Lakeside,5,Tempranillo,8,5,82.33,35.97,12.57,outputs/sectionals/raw/VIC/racingcom_full_payloads/getRaceForm_9ed819531874a0a507.json,e835bb1c95f62630917bd314988625db2103319a2df9f85e8b841fb850a3538d,LOCAL_GOVERNED_EVIDENCE_DIRECT_PUBLIC_NOT_CONFIRMED
RACING.COM,getRaceForm retained local payload,2026-07-01|SPORTSBET SANDOWN LAKESIDE|R05,15686752,2026-07-01,Sportsbet Sandown Lakeside,5,That's All Good,18,6,82.38,38.03,13.96,outputs/sectionals/raw/VIC/racingcom_full_payloads/getRaceForm_9ed819531874a0a507.json,e835bb1c95f62630917bd314988625db2103319a2df9f85e8b841fb850a3538d,LOCAL_GOVERNED_EVIDENCE_DIRECT_PUBLIC_NOT_CONFIRMED
RACING.COM,getRaceForm retained local payload,2026-07-01|SPORTSBET SANDOWN LAKESIDE|R05,15688877,2026-07-01,Sportsbet Sandown Lakeside,5,Impending Diamond,12,7,82.45,36.14,12.53,outputs/sectionals/raw/VIC/racingcom_full_payloads/getRaceForm_9ed819531874a0a507.json,e835bb1c95f62630917bd314988625db2103319a2df9f85e8b841fb850a3538d,LOCAL_GOVERNED_EVIDENCE_DIRECT_PUBLIC_NOT_CONFIRMED
RACING.COM,getRaceForm retained local payload,2026-07-01|SPORTSBET SANDOWN LAKESIDE|R05,15683483,2026-07-01,Sportsbet Sandown Lakeside,5,Drone Attack,10,8,82.46,36.23,12.68,outputs/sectionals/raw/VIC/racingcom_full_payloads/getRaceForm_9ed819531874a0a507.json,e835bb1c95f62630917bd314988625db2103319a2df9f85e8b841fb850a3538d,LOCAL_GOVERNED_EVIDENCE_DIRECT_PUBLIC_NOT_CONFIRMED
RACING.COM,getRaceForm retained local payload,2026-07-01|SPORTSBET SANDOWN LAKESIDE|R05,15687709,2026-07-01,Sportsbet Sandown Lakeside,5,Hot Chips,2,9,82.58,37.26,13.31,outputs/sectionals/raw/VIC/racingcom_full_payloads/getRaceForm_9ed819531874a0a507.json,e835bb1c95f62630917bd314988625db2103319a2df9f85e8b841fb850a3538d,LOCAL_GOVERNED_EVIDENCE_DIRECT_PUBLIC_NOT_CONFIRMED
RACING.COM,getRaceForm retained local payload,2026-07-01|SPORTSBET SANDOWN LAKESIDE|R05,15681352,2026-07-01,Sportsbet Sandown Lakeside,5,Russian Benefits,14,10,82.96,36.8,13.18,outputs/sectionals/raw/VIC/racingcom_full_payloads/getRaceForm_9ed819531874a0a507.json,e835bb1c95f62630917bd314988625db2103319a2df9f85e8b841fb850a3538d,LOCAL_GOVERNED_EVIDENCE_DIRECT_PUBLIC_NOT_CONFIRMED
RACING.COM,getRaceForm retained local payload,2026-07-01|SPORTSBET SANDOWN LAKESIDE|R05,15689106,2026-07-01,Sportsbet Sandown Lakeside,5,Forever With Ned,11,11,83.17,38.26,14.15,outputs/sectionals/raw/VIC/racingcom_full_payloads/getRaceForm_9ed819531874a0a507.json,e835bb1c95f62630917bd314988625db2103319a2df9f85e8b841fb850a3538d,LOCAL_GOVERNED_EVIDENCE_DIRECT_PUBLIC_NOT_CONFIRMED
RACING.COM,getRaceForm retained local payload,2026-07-01|SPORTSBET SANDOWN LAKESIDE|R05,15687501,2026-07-01,Sportsbet Sandown Lakeside,5,Cindy Falls (NZ),4,12,83.29,37.37,13.42,outputs/sectionals/raw/VIC/racingcom_full_payloads/getRaceForm_9ed819531874a0a507.json,e835bb1c95f62630917bd314988625db2103319a2df9f85e8b841fb850a3538d,LOCAL_GOVERNED_EVIDENCE_DIRECT_PUBLIC_NOT_CONFIRMED
RACING.COM,getRaceForm retained local payload,2026-07-01|SPORTSBET SANDOWN LAKESIDE|R06,15685033,2026-07-01,Sportsbet Sandown Lakeside,6,Humza Bey (NZ),19,1,74.81,35.3,12.24,outputs/sectionals/raw/VIC/racingcom_full_payloads/getRaceForm_baed7c0eaef11c9b80.json,1960f7348f030b0b5a3ad9b40e1fc20db06bd14333d67a5190521215e7af36c8,LOCAL_GOVERNED_EVIDENCE_DIRECT_PUBLIC_NOT_CONFIRMED
RACING.COM,getRaceForm retained local payload,2026-07-01|SPORTSBET SANDOWN LAKESIDE|R06,15687439,2026-07-01,Sportsbet Sandown Lakeside,6,Wolfy (NZ),9,2,75.03,35.4,12.28,outputs/sectionals/raw/VIC/racingcom_full_payloads/getRaceForm_baed7c0eaef11c9b80.json,1960f7348f030b0b5a3ad9b40e1fc20db06bd14333d67a5190521215e7af36c8,LOCAL_GOVERNED_EVIDENCE_DIRECT_PUBLIC_NOT_CONFIRMED
RACING.COM,getRaceForm retained local payload,2026-07-01|SPORTSBET SANDOWN LAKESIDE|R06,15684951,2026-07-01,Sportsbet Sandown Lakeside,6,Cinturato,13,3,75.23,35.56,12.46,outputs/sectionals/raw/VIC/racingcom_full_payloads/getRaceForm_baed7c0eaef11c9b80.json,1960f7348f030b0b5a3ad9b40e1fc20db06bd14333d67a5190521215e7af36c8,LOCAL_GOVERNED_EVIDENCE_DIRECT_PUBLIC_NOT_CONFIRMED
RACING.COM,getRaceForm retained local payload,2026-07-01|SPORTSBET SANDOWN LAKESIDE|R06,15688803,2026-07-01,Sportsbet Sandown Lakeside,6,Jugiong,11,4,75.41,36.02,12.47,outputs/sectionals/raw/VIC/racingcom_full_payloads/getRaceForm_baed7c0eaef11c9b80.json,1960f7348f030b0b5a3ad9b40e1fc20db06bd14333d67a5190521215e7af36c8,LOCAL_GOVERNED_EVIDENCE_DIRECT_PUBLIC_NOT_CONFIRMED
RACING.COM,getRaceForm retained local payload,2026-07-01|SPORTSBET SANDOWN LAKESIDE|R06,15680182,2026-07-01,Sportsbet Sandown Lakeside,6,Regal Secret,17,5,75.49,36.44,12.84,outputs/sectionals/raw/VIC/racingcom_full_payloads/getRaceForm_baed7c0eaef11c9b80.json,1960f7348f030b0b5a3ad9b40e1fc20db06bd14333d67a5190521215e7af36c8,LOCAL_GOVERNED_EVIDENCE_DIRECT_PUBLIC_NOT_CONFIRMED
RACING.COM,getRaceForm retained local payload,2026-07-01|SPORTSBET SANDOWN LAKESIDE|R06,15688469,2026-07-01,Sportsbet Sandown Lakeside,6,Tori's Dee,8,6,75.69,36.73,12.95,outputs/sectionals/raw/VIC/racingcom_full_payloads/getRaceForm_baed7c0eaef11c9b80.json,1960f7348f030b0b5a3ad9b40e1fc20db06bd14333d67a5190521215e7af36c8,LOCAL_GOVERNED_EVIDENCE_DIRECT_PUBLIC_NOT_CONFIRMED
RACING.COM,getRaceForm retained local payload,2026-07-01|SPORTSBET SANDOWN LAKESIDE|R06,15689237,2026-07-01,Sportsbet Sandown Lakeside,6,Tanganyika (NZ),5,7,75.74,36.15,12.57,outputs/sectionals/raw/VIC/racingcom_full_payloads/getRaceForm_baed7c0eaef11c9b80.json,1960f7348f030b0b5a3ad9b40e1fc20db06bd14333d67a5190521215e7af36c8,LOCAL_GOVERNED_EVIDENCE_DIRECT_PUBLIC_NOT_CONFIRMED
RACING.COM,getRaceForm retained local payload,2026-07-01|SPORTSBET SANDOWN LAKESIDE|R06,15684747,2026-07-01,Sportsbet Sandown Lakeside,6,Thinxzo,6,8,75.85,36.17,12.71,outputs/sectionals/raw/VIC/racingcom_full_payloads/getRaceForm_baed7c0eaef11c9b80.json,1960f7348f030b0b5a3ad9b40e1fc20db06bd14333d67a5190521215e7af36c8,LOCAL_GOVERNED_EVIDENCE_DIRECT_PUBLIC_NOT_CONFIRMED
RACING.COM,getRaceForm retained local payload,2026-07-01|SPORTSBET SANDOWN LAKESIDE|R06,15682352,2026-07-01,Sportsbet Sandown Lakeside,6,Bine,15,9,76.97,37.82,13.99,outputs/sectionals/raw/VIC/racingcom_full_payloads/getRaceForm_baed7c0eaef11c9b80.json,1960f7348f030b0b5a3ad9b40e1fc20db06bd14333d67a5190521215e7af36c8,LOCAL_GOVERNED_EVIDENCE_DIRECT_PUBLIC_NOT_CONFIRMED
RACING.COM,getRaceForm retained local payload,2026-07-01|SPORTSBET SANDOWN LAKESIDE|R06,15679859,2026-07-01,Sportsbet Sandown Lakeside,6,Mr Exclusive,14,10,77.36,37.98,13.91,outputs/sectionals/raw/VIC/racingcom_full_payloads/getRaceForm_baed7c0eaef11c9b80.json,1960f7348f030b0b5a3ad9b40e1fc20db06bd14333d67a5190521215e7af36c8,LOCAL_GOVERNED_EVIDENCE_DIRECT_PUBLIC_NOT_CONFIRMED
RACING.COM,getRaceForm retained local payload,2026-07-01|SPORTSBET SANDOWN LAKESIDE|R07,15688977,2026-07-01,Sportsbet Sandown Lakeside,7,Prestige Forever,4,1,102.65,36.16,12.6,outputs/sectionals/raw/VIC/racingcom_full_payloads/getRaceForm_b87d3f378c96e6c11c.json,4874d0542a233102cad0789c1db8e97e1967afc1190592bdac16c1c8382ade3e,LOCAL_GOVERNED_EVIDENCE_DIRECT_PUBLIC_NOT_CONFIRMED
RACING.COM,getRaceForm retained local payload,2026-07-01|SPORTSBET SANDOWN LAKESIDE|R07,15688470,2026-07-01,Sportsbet Sandown Lakeside,7,Cat Noir,14,2,102.74,35.96,12.45,outputs/sectionals/raw/VIC/racingcom_full_payloads/getRaceForm_b87d3f378c96e6c11c.json,4874d0542a233102cad0789c1db8e97e1967afc1190592bdac16c1c8382ade3e,LOCAL_GOVERNED_EVIDENCE_DIRECT_PUBLIC_NOT_CONFIRMED
RACING.COM,getRaceForm retained local payload,2026-07-01|SPORTSBET SANDOWN LAKESIDE|R07,15686646,2026-07-01,Sportsbet Sandown Lakeside,7,Red On Red,8,3,103.1,36.13,12.63,outputs/sectionals/raw/VIC/racingcom_full_payloads/getRaceForm_b87d3f378c96e6c11c.json,4874d0542a233102cad0789c1db8e97e1967afc1190592bdac16c1c8382ade3e,LOCAL_GOVERNED_EVIDENCE_DIRECT_PUBLIC_NOT_CONFIRMED
RACING.COM,getRaceForm retained local payload,2026-07-01|SPORTSBET SANDOWN LAKESIDE|R07,15686579,2026-07-01,Sportsbet Sandown Lakeside,7,Blue Willow,16,4,103.15,35.93,12.35,outputs/sectionals/raw/VIC/racingcom_full_payloads/getRaceForm_b87d3f378c96e6c11c.json,4874d0542a233102cad0789c1db8e97e1967afc1190592bdac16c1c8382ade3e,LOCAL_GOVERNED_EVIDENCE_DIRECT_PUBLIC_NOT_CONFIRMED
RACING.COM,getRaceForm retained local payload,2026-07-01|SPORTSBET SANDOWN LAKESIDE|R07,15687512,2026-07-01,Sportsbet Sandown Lakeside,7,Glenfinnan,11,5,103.58,36.14,12.7,outputs/sectionals/raw/VIC/racingcom_full_payloads/getRaceForm_b87d3f378c96e6c11c.json,4874d0542a233102cad0789c1db8e97e1967afc1190592bdac16c1c8382ade3e,LOCAL_GOVERNED_EVIDENCE_DIRECT_PUBLIC_NOT_CONFIRMED
RACING.COM,getRaceForm retained local payload,2026-07-01|SPORTSBET SANDOWN LAKESIDE|R07,15682351,2026-07-01,Sportsbet Sandown Lakeside,7,Corro,12,6,103.96,37.06,13.15,outputs/sectionals/raw/VIC/racingcom_full_payloads/getRaceForm_b87d3f378c96e6c11c.json,4874d0542a233102cad0789c1db8e97e1967afc1190592bdac16c1c8382ade3e,LOCAL_GOVERNED_EVIDENCE_DIRECT_PUBLIC_NOT_CONFIRMED
RACING.COM,getRaceForm retained local payload,2026-07-01|SPORTSBET SANDOWN LAKESIDE|R07,15689238,2026-07-01,Sportsbet Sandown Lakeside,7,Dark Simba,3,7,104.01,36.55,12.88,outputs/sectionals/raw/VIC/racingcom_full_payloads/getRaceForm_b87d3f378c96e6c11c.json,4874d0542a233102cad0789c1db8e97e1967afc1190592bdac16c1c8382ade3e,LOCAL_GOVERNED_EVIDENCE_DIRECT_PUBLIC_NOT_CONFIRMED
RACING.COM,getRaceForm retained local payload,2026-07-01|SPORTSBET SANDOWN LAKESIDE|R07,15686584,2026-07-01,Sportsbet Sandown Lakeside,7,Pentle Bay (IRE),9,8,104.3,37.03,13.07,outputs/sectionals/raw/VIC/racingcom_full_payloads/getRaceForm_b87d3f378c96e6c11c.json,4874d0542a233102cad0789c1db8e97e1967afc1190592bdac16c1c8382ade3e,LOCAL_GOVERNED_EVIDENCE_DIRECT_PUBLIC_NOT_CONFIRMED
RACING.COM,getRaceForm retained local payload,2026-07-01|SPORTSBET SANDOWN LAKESIDE|R07,15685647,2026-07-01,Sportsbet Sandown Lakeside,7,Shahzad (FR),10,9,104.31,36.6,12.7,outputs/sectionals/raw/VIC/racingcom_full_payloads/getRaceForm_b87d3f378c96e6c11c.json,4874d0542a233102cad0789c1db8e97e1967afc1190592bdac16c1c8382ade3e,LOCAL_GOVERNED_EVIDENCE_DIRECT_PUBLIC_NOT_CONFIRMED
RACING.COM,getRaceForm retained local payload,2026-07-01|SPORTSBET SANDOWN LAKESIDE|R07,15687627,2026-07-01,Sportsbet Sandown Lakeside,7,Albanian I Am,13,10,104.43,37.83,13.52,outputs/sectionals/raw/VIC/racingcom_full_payloads/getRaceForm_b87d3f378c96e6c11c.json,4874d0542a233102cad0789c1db8e97e1967afc1190592bdac16c1c8382ade3e,LOCAL_GOVERNED_EVIDENCE_DIRECT_PUBLIC_NOT_CONFIRMED
RACING.COM,getRaceForm retained local payload,2026-07-01|SPORTSBET SANDOWN LAKESIDE|R07,15685038,2026-07-01,Sportsbet Sandown Lakeside,7,Leonchroi (NZ),7,11,104.88,36.97,12.69,outputs/sectionals/raw/VIC/racingcom_full_payloads/getRaceForm_b87d3f378c96e6c11c.json,4874d0542a233102cad0789c1db8e97e1967afc1190592bdac16c1c8382ade3e,LOCAL_GOVERNED_EVIDENCE_DIRECT_PUBLIC_NOT_CONFIRMED
RACING.COM,getRaceForm retained local payload,2026-07-01|SPORTSBET SANDOWN LAKESIDE|R07,15689135,2026-07-01,Sportsbet Sandown Lakeside,7,Tupac,15,12,105.17,37.9,13.4,outputs/sectionals/raw/VIC/racingcom_full_payloads/getRaceForm_b87d3f378c96e6c11c.json,4874d0542a233102cad0789c1db8e97e1967afc1190592bdac16c1c8382ade3e,LOCAL_GOVERNED_EVIDENCE_DIRECT_PUBLIC_NOT_CONFIRMED
RACING.COM,getRaceForm retained local payload,2026-07-01|SPORTSBET SANDOWN LAKESIDE|R07,15685037,2026-07-01,Sportsbet Sandown Lakeside,7,Funchal,1,13,105.32,37.74,13.34,outputs/sectionals/raw/VIC/racingcom_full_payloads/getRaceForm_b87d3f378c96e6c11c.json,4874d0542a233102cad0789c1db8e97e1967afc1190592bdac16c1c8382ade3e,LOCAL_GOVERNED_EVIDENCE_DIRECT_PUBLIC_NOT_CONFIRMED
RACING.COM,getRaceForm retained local payload,2026-07-01|SPORTSBET SANDOWN LAKESIDE|R10,15689581,2026-07-01,Sportsbet Sandown Lakeside,10,Burning Heartz,3,1,83.49,35.8,12.32,outputs/sectionals/raw/VIC/racingcom_full_payloads/getRaceForm_4a1d9a3dc9380bfdfc.json,e8af16328e42a30fd0abbc9de36661c88fa2cb4df3144c3b268ec01ca4e6ab05,LOCAL_GOVERNED_EVIDENCE_DIRECT_PUBLIC_NOT_CONFIRMED
RACING.COM,getRaceForm retained local payload,2026-07-01|SPORTSBET SANDOWN LAKESIDE|R10,15688924,2026-07-01,Sportsbet Sandown Lakeside,10,Delahra,5,2,83.49,35.76,12.3,outputs/sectionals/raw/VIC/racingcom_full_payloads/getRaceForm_4a1d9a3dc9380bfdfc.json,e8af16328e42a30fd0abbc9de36661c88fa2cb4df3144c3b268ec01ca4e6ab05,LOCAL_GOVERNED_EVIDENCE_DIRECT_PUBLIC_NOT_CONFIRMED
RACING.COM,getRaceForm retained local payload,2026-07-01|SPORTSBET SANDOWN LAKESIDE|R10,15685941,2026-07-01,Sportsbet Sandown Lakeside,10,Tagabella,6,3,83.51,35.99,12.36,outputs/sectionals/raw/VIC/racingcom_full_payloads/getRaceForm_4a1d9a3dc9380bfdfc.json,e8af16328e42a30fd0abbc9de36661c88fa2cb4df3144c3b268ec01ca4e6ab05,LOCAL_GOVERNED_EVIDENCE_DIRECT_PUBLIC_NOT_CONFIRMED
RACING.COM,getRaceForm retained local payload,2026-07-01|SPORTSBET SANDOWN LAKESIDE|R10,15686855,2026-07-01,Sportsbet Sandown Lakeside,10,Anglais,2,4,83.53,35.53,12.1,outputs/sectionals/raw/VIC/racingcom_full_payloads/getRaceForm_4a1d9a3dc9380bfdfc.json,e8af16328e42a30fd0abbc9de36661c88fa2cb4df3144c3b268ec01ca4e6ab05,LOCAL_GOVERNED_EVIDENCE_DIRECT_PUBLIC_NOT_CONFIRMED
RACING.COM,getRaceForm retained local payload,2026-07-01|SPORTSBET SANDOWN LAKESIDE|R10,15689102,2026-07-01,Sportsbet Sandown Lakeside,10,Signed By A Kiss,1,5,84.7,37.34,13.43,outputs/sectionals/raw/VIC/racingcom_full_payloads/getRaceForm_4a1d9a3dc9380bfdfc.json,e8af16328e42a30fd0abbc9de36661c88fa2cb4df3144c3b268ec01ca4e6ab05,LOCAL_GOVERNED_EVIDENCE_DIRECT_PUBLIC_NOT_CONFIRMED
RACING.COM,getRaceForm retained local payload,2026-07-01|SPORTSBET SANDOWN LAKESIDE|R10,15685645,2026-07-01,Sportsbet Sandown Lakeside,10,Helizangel,4,6,84.94,36.63,12.77,outputs/sectionals/raw/VIC/racingcom_full_payloads/getRaceForm_4a1d9a3dc9380bfdfc.json,e8af16328e42a30fd0abbc9de36661c88fa2cb4df3144c3b268ec01ca4e6ab05,LOCAL_GOVERNED_EVIDENCE_DIRECT_PUBLIC_NOT_CONFIRMED
RACING.COM,getRaceForm retained local payload,2026-07-01|SPORTSBET SANDOWN LAKESIDE|R11,15689581,2026-07-01,Sportsbet Sandown Lakeside,11,Burning Heartz,3,1,83.49,35.8,12.32,outputs/sectionals/raw/VIC/racingcom_full_payloads/getRaceForm_90dfcb1ad4ee3a3e3d.json,e8af16328e42a30fd0abbc9de36661c88fa2cb4df3144c3b268ec01ca4e6ab05,LOCAL_GOVERNED_EVIDENCE_DIRECT_PUBLIC_NOT_CONFIRMED
RACING.COM,getRaceForm retained local payload,2026-07-01|SPORTSBET SANDOWN LAKESIDE|R11,15688924,2026-07-01,Sportsbet Sandown Lakeside,11,Delahra,5,2,83.49,35.76,12.3,outputs/sectionals/raw/VIC/racingcom_full_payloads/getRaceForm_90dfcb1ad4ee3a3e3d.json,e8af16328e42a30fd0abbc9de36661c88fa2cb4df3144c3b268ec01ca4e6ab05,LOCAL_GOVERNED_EVIDENCE_DIRECT_PUBLIC_NOT_CONFIRMED
RACING.COM,getRaceForm retained local payload,2026-07-01|SPORTSBET SANDOWN LAKESIDE|R11,15685941,2026-07-01,Sportsbet Sandown Lakeside,11,Tagabella,6,3,83.51,35.99,12.36,outputs/sectionals/raw/VIC/racingcom_full_payloads/getRaceForm_90dfcb1ad4ee3a3e3d.json,e8af16328e42a30fd0abbc9de36661c88fa2cb4df3144c3b268ec01ca4e6ab05,LOCAL_GOVERNED_EVIDENCE_DIRECT_PUBLIC_NOT_CONFIRMED
RACING.COM,getRaceForm retained local payload,2026-07-01|SPORTSBET SANDOWN LAKESIDE|R11,15686855,2026-07-01,Sportsbet Sandown Lakeside,11,Anglais,2,4,83.53,35.53,12.1,outputs/sectionals/raw/VIC/racingcom_full_payloads/getRaceForm_90dfcb1ad4ee3a3e3d.json,e8af16328e42a30fd0abbc9de36661c88fa2cb4df3144c3b268ec01ca4e6ab05,LOCAL_GOVERNED_EVIDENCE_DIRECT_PUBLIC_NOT_CONFIRMED
RACING.COM,getRaceForm retained local payload,2026-07-01|SPORTSBET SANDOWN LAKESIDE|R11,15689102,2026-07-01,Sportsbet Sandown Lakeside,11,Signed By A Kiss,1,5,84.7,37.34,13.43,outputs/sectionals/raw/VIC/racingcom_full_payloads/getRaceForm_90dfcb1ad4ee3a3e3d.json,e8af16328e42a30fd0abbc9de36661c88fa2cb4df3144c3b268ec01ca4e6ab05,LOCAL_GOVERNED_EVIDENCE_DIRECT_PUBLIC_NOT_CONFIRMED
RACING.COM,getRaceForm retained local payload,2026-07-01|SPORTSBET SANDOWN LAKESIDE|R11,15685645,2026-07-01,Sportsbet Sandown Lakeside,11,Helizangel,4,6,84.94,36.63,12.77,outputs/sectionals/raw/VIC/racingcom_full_payloads/getRaceForm_90dfcb1ad4ee3a3e3d.json,e8af16328e42a30fd0abbc9de36661c88fa2cb4df3144c3b268ec01ca4e6ab05,LOCAL_GOVERNED_EVIDENCE_DIRECT_PUBLIC_NOT_CONFIRMED
RACING.COM,getRaceForm retained local payload,2026-07-01|SPORTSBET SANDOWN LAKESIDE|R12,15689581,2026-07-01,Sportsbet Sandown Lakeside,12,Burning Heartz,3,1,83.49,35.8,12.32,outputs/sectionals/raw/VIC/racingcom_full_payloads/getRaceForm_7302c40ea17287b07c.json,e8af16328e42a30fd0abbc9de36661c88fa2cb4df3144c3b268ec01ca4e6ab05,LOCAL_GOVERNED_EVIDENCE_DIRECT_PUBLIC_NOT_CONFIRMED
RACING.COM,getRaceForm retained local payload,2026-07-01|SPORTSBET SANDOWN LAKESIDE|R12,15688924,2026-07-01,Sportsbet Sandown Lakeside,12,Delahra,5,2,83.49,35.76,12.3,outputs/sectionals/raw/VIC/racingcom_full_payloads/getRaceForm_7302c40ea17287b07c.json,e8af16328e42a30fd0abbc9de36661c88fa2cb4df3144c3b268ec01ca4e6ab05,LOCAL_GOVERNED_EVIDENCE_DIRECT_PUBLIC_NOT_CONFIRMED
RACING.COM,getRaceForm retained local payload,2026-07-01|SPORTSBET SANDOWN LAKESIDE|R12,15685941,2026-07-01,Sportsbet Sandown Lakeside,12,Tagabella,6,3,83.51,35.99,12.36,outputs/sectionals/raw/VIC/racingcom_full_payloads/getRaceForm_7302c40ea17287b07c.json,e8af16328e42a30fd0abbc9de36661c88fa2cb4df3144c3b268ec01ca4e6ab05,LOCAL_GOVERNED_EVIDENCE_DIRECT_PUBLIC_NOT_CONFIRMED
RACING.COM,getRaceForm retained local payload,2026-07-01|SPORTSBET SANDOWN LAKESIDE|R12,15686855,2026-07-01,Sportsbet Sandown Lakeside,12,Anglais,2,4,83.53,35.53,12.1,outputs/sectionals/raw/VIC/racingcom_full_payloads/getRaceForm_7302c40ea17287b07c.json,e8af16328e42a30fd0abbc9de36661c88fa2cb4df3144c3b268ec01ca4e6ab05,LOCAL_GOVERNED_EVIDENCE_DIRECT_PUBLIC_NOT_CONFIRMED
RACING.COM,getRaceForm retained local payload,2026-07-01|SPORTSBET SANDOWN LAKESIDE|R12,15689102,2026-07-01,Sportsbet Sandown Lakeside,12,Signed By A Kiss,1,5,84.7,37.34,13.43,outputs/sectionals/raw/VIC/racingcom_full_payloads/getRaceForm_7302c40ea17287b07c.json,e8af16328e42a30fd0abbc9de36661c88fa2cb4df3144c3b268ec01ca4e6ab05,LOCAL_GOVERNED_EVIDENCE_DIRECT_PUBLIC_NOT_CONFIRMED
RACING.COM,getRaceForm retained local payload,2026-07-01|SPORTSBET SANDOWN LAKESIDE|R12,15685645,2026-07-01,Sportsbet Sandown Lakeside,12,Helizangel,4,6,84.94,36.63,12.77,outputs/sectionals/raw/VIC/racingcom_full_payloads/getRaceForm_7302c40ea17287b07c.json,e8af16328e42a30fd0abbc9de36661c88fa2cb4df3144c3b268ec01ca4e6ab05,LOCAL_GOVERNED_EVIDENCE_DIRECT_PUBLIC_NOT_CONFIRMED
