workspace_id,meeting_key,race_key,generated_at,race_date,track,race_no,no,horse,epi,market,open,high,low,move,edgeiq_price,edge,status,source,source_timestamp,source_confidence,row_status,market_availability_status,market_source_status,market_observed_at,market_generated_at,market_age_minutes,market_freshness_status,market_is_live
BETA-010,2026-08-22|SANDOWN,2026-08-22|SANDOWN|R1,2026-08-22T03:11:46Z,2026-08-22,Sandown Hillside,1,1,Eurocanto,35.55,19.00,,,,,36.96,-48.6%,Scratched,LADBROKES_CANONICAL_MARKET_V1,2026-08-21T22:14:54+00:00,governed,scratched,SCRATCHED,LADBROKES_CANONICAL,,2026-08-22T03:11:46Z,,CATALOG_STATUS,false
BETA-010,2026-08-22|SANDOWN,2026-08-22|SANDOWN|R1,2026-08-22T03:11:46Z,2026-08-22,Sandown Hillside,1,2,Hydrobomb,32.52,11.00,,,,,116.75,-90.6%,Governed Price Context,LADBROKES_CANONICAL_MARKET_V1,2026-08-21T22:14:54+00:00,governed,current,MARKET_UNAVAILABLE,LADBROKES_CANONICAL,,2026-08-22T03:11:46Z,,NO_PROVIDER_MATCH,false
BETA-010,2026-08-22|SANDOWN,2026-08-22|SANDOWN|R1,2026-08-22T03:11:46Z,2026-08-22,Sandown Hillside,1,3,Milsons Point,33.27,10.90,,,,,79.18,-86.2%,Governed Price Context,LADBROKES_CANONICAL_MARKET_V1,2026-08-21T22:14:54+00:00,governed,current,MARKET_UNAVAILABLE,LADBROKES_CANONICAL,,2026-08-22T03:11:46Z,,NO_PROVIDER_MATCH,false
BETA-010,2026-08-22|SANDOWN,2026-08-22|SANDOWN|R1,2026-08-22T03:11:46Z,2026-08-22,Sandown Hillside,1,4,Torture,61.97,26.00,,,,,3.28,+692.7%,Scratched,LADBROKES_CANONICAL_MARKET_V1,2026-08-21T22:14:54+00:00,governed,scratched,SCRATCHED,LADBROKES_CANONICAL,,2026-08-22T03:11:46Z,,CATALOG_STATUS,false
BETA-010,2026-08-22|SANDOWN,2026-08-22|SANDOWN|R1,2026-08-22T03:11:46Z,2026-08-22,Sandown Hillside,1,5,Commit,43.23,4.10,,,,,10.99,-62.7%,Governed Price Context,LADBROKES_CANONICAL_MARKET_V1,2026-08-21T22:14:54+00:00,governed,current,MARKET_UNAVAILABLE,LADBROKES_CANONICAL,,2026-08-22T03:11:46Z,,NO_PROVIDER_MATCH,false
BETA-010,2026-08-22|SANDOWN,2026-08-22|SANDOWN|R1,2026-08-22T03:11:46Z,2026-08-22,Sandown Hillside,1,6,Vallice,79.61,3.20,,,,,1.81,+76.8%,Governed Price Context,LADBROKES_CANONICAL_MARKET_V1,2026-08-21T22:14:54+00:00,governed,current,MARKET_UNAVAILABLE,LADBROKES_CANONICAL,,2026-08-22T03:11:46Z,,NO_PROVIDER_MATCH,false
BETA-010,2026-08-22|SANDOWN,2026-08-22|SANDOWN|R1,2026-08-22T03:11:46Z,2026-08-22,Sandown Hillside,1,7,Glide,,11.00,,,,,,,EDGEiQ Price Pending,LADBROKES_CANONICAL_MARKET_V1,2026-08-21T22:14:54+00:00,governed,current,MARKET_UNAVAILABLE,LADBROKES_CANONICAL,,2026-08-22T03:11:46Z,,NO_PROVIDER_MATCH,false
BETA-010,2026-08-22|SANDOWN,2026-08-22|SANDOWN|R1,2026-08-22T03:11:46Z,2026-08-22,Sandown Hillside,1,8,Judas Tree,,5.60,,,,,,,EDGEiQ Price Pending,LADBROKES_CANONICAL_MARKET_V1,2026-08-21T22:14:54+00:00,governed,current,MARKET_UNAVAILABLE,LADBROKES_CANONICAL,,2026-08-22T03:11:46Z,,NO_PROVIDER_MATCH,false
BETA-010,2026-08-22|SANDOWN,2026-08-22|SANDOWN|R1,2026-08-22T03:11:46Z,2026-08-22,Sandown Hillside,1,9,Autumn Lover,31.27,10.90,,,,,348.91,-96.9%,Scratched,LADBROKES_CANONICAL_MARKET_V1,2026-08-21T22:14:54+00:00,governed,scratched,SCRATCHED,LADBROKES_CANONICAL,,2026-08-22T03:11:46Z,,CATALOG_STATUS,false
BETA-010,2026-08-22|SANDOWN,2026-08-22|SANDOWN|R1,2026-08-22T03:11:46Z,2026-08-22,Sandown Hillside,1,10,Madame Doubtfire,,109.30,,,,,,,Scratched,LADBROKES_CANONICAL_MARKET_V1,2026-08-21T22:14:54+00:00,governed,scratched,SCRATCHED,LADBROKES_CANONICAL,,2026-08-22T03:11:46Z,,CATALOG_STATUS,false
BETA-010,2026-08-22|SANDOWN,2026-08-22|SANDOWN|R2,2026-08-22T03:11:46Z,2026-08-22,Sandown Hillside,2,1,Prestige Forever,66.49,73.00,,,,,12.36,+490.6%,Governed Price Context,LADBROKES_CANONICAL_MARKET_V1,2026-08-21T22:14:54+00:00,governed,current,MARKET_UNAVAILABLE,LADBROKES_CANONICAL,,2026-08-22T03:11:46Z,,NO_PROVIDER_MATCH,false
BETA-010,2026-08-22|SANDOWN,2026-08-22|SANDOWN|R2,2026-08-22T03:11:46Z,2026-08-22,Sandown Hillside,2,2,Itazura,42.70,7.00,,,,,46.24,-84.9%,Scratched,LADBROKES_CANONICAL_MARKET_V1,2026-08-21T22:14:54+00:00,governed,scratched,SCRATCHED,LADBROKES_CANONICAL,,2026-08-22T03:11:46Z,,CATALOG_STATUS,false
BETA-010,2026-08-22|SANDOWN,2026-08-22|SANDOWN|R2,2026-08-22T03:11:46Z,2026-08-22,Sandown Hillside,2,3,Thinxzo,70.25,35.00,,,,,10.88,+221.7%,Scratched,LADBROKES_CANONICAL_MARKET_V1,2026-08-21T22:14:54+00:00,governed,scratched,SCRATCHED,LADBROKES_CANONICAL,,2026-08-22T03:11:46Z,,CATALOG_STATUS,false
BETA-010,2026-08-22|SANDOWN,2026-08-22|SANDOWN|R2,2026-08-22T03:11:46Z,2026-08-22,Sandown Hillside,2,4,Buccleuch,53.62,9.80,,,,,21.53,-54.5%,Governed Price Context,LADBROKES_CANONICAL_MARKET_V1,2026-08-21T22:14:54+00:00,governed,current,MARKET_UNAVAILABLE,LADBROKES_CANONICAL,,2026-08-22T03:11:46Z,,NO_PROVIDER_MATCH,false
BETA-010,2026-08-22|SANDOWN,2026-08-22|SANDOWN|R2,2026-08-22T03:11:46Z,2026-08-22,Sandown Hillside,2,5,Cruiserweight,,2.10,,,,,,,EDGEiQ Price Pending,LADBROKES_CANONICAL_MARKET_V1,2026-08-21T22:14:54+00:00,governed,current,MARKET_UNAVAILABLE,LADBROKES_CANONICAL,,2026-08-22T03:11:46Z,,NO_PROVIDER_MATCH,false
BETA-010,2026-08-22|SANDOWN,2026-08-22|SANDOWN|R2,2026-08-22T03:11:46Z,2026-08-22,Sandown Hillside,2,6,Nic's Choice,46.92,11.00,,,,,32.64,-66.3%,Governed Price Context,LADBROKES_CANONICAL_MARKET_V1,2026-08-21T22:14:54+00:00,governed,current,MARKET_UNAVAILABLE,LADBROKES_CANONICAL,,2026-08-22T03:11:46Z,,NO_PROVIDER_MATCH,false
BETA-010,2026-08-22|SANDOWN,2026-08-22|SANDOWN|R2,2026-08-22T03:11:46Z,2026-08-22,Sandown Hillside,2,7,Impending Link,51.70,31.00,,,,,23.96,+29.4%,Scratched,LADBROKES_CANONICAL_MARKET_V1,2026-08-21T22:14:54+00:00,governed,scratched,SCRATCHED,LADBROKES_CANONICAL,,2026-08-22T03:11:46Z,,CATALOG_STATUS,false
BETA-010,2026-08-22|SANDOWN,2026-08-22|SANDOWN|R2,2026-08-22T03:11:46Z,2026-08-22,Sandown Hillside,2,8,Le Ferrari,49.92,60.70,,,,,26.66,+127.7%,Scratched,LADBROKES_CANONICAL_MARKET_V1,2026-08-21T22:14:54+00:00,governed,scratched,SCRATCHED,LADBROKES_CANONICAL,,2026-08-22T03:11:46Z,,CATALOG_STATUS,false
BETA-010,2026-08-22|SANDOWN,2026-08-22|SANDOWN|R2,2026-08-22T03:11:46Z,2026-08-22,Sandown Hillside,2,9,Two Wolves,43.08,9.00,,,,,44.66,-79.8%,Governed Price Context,LADBROKES_CANONICAL_MARKET_V1,2026-08-21T22:14:54+00:00,governed,current,MARKET_UNAVAILABLE,LADBROKES_CANONICAL,,2026-08-22T03:11:46Z,,NO_PROVIDER_MATCH,false
BETA-010,2026-08-22|SANDOWN,2026-08-22|SANDOWN|R2,2026-08-22T03:11:46Z,2026-08-22,Sandown Hillside,2,10,Cherish Me,52.00,8.40,,,,,23.55,-64.3%,Governed Price Context,LADBROKES_CANONICAL_MARKET_V1,2026-08-21T22:14:54+00:00,governed,current,MARKET_UNAVAILABLE,LADBROKES_CANONICAL,,2026-08-22T03:11:46Z,,NO_PROVIDER_MATCH,false
BETA-010,2026-08-22|SANDOWN,2026-08-22|SANDOWN|R2,2026-08-22T03:11:46Z,2026-08-22,Sandown Hillside,2,11,Fear No Evil,29.35,11.00,,,,,1685.57,-99.3%,Governed Price Context,LADBROKES_CANONICAL_MARKET_V1,2026-08-21T22:14:54+00:00,governed,current,MARKET_UNAVAILABLE,LADBROKES_CANONICAL,,2026-08-22T03:11:46Z,,NO_PROVIDER_MATCH,false
BETA-010,2026-08-22|SANDOWN,2026-08-22|SANDOWN|R2,2026-08-22T03:11:46Z,2026-08-22,Sandown Hillside,2,12,Humza Bey,65.47,7.00,,,,,12.82,-45.4%,Scratched,LADBROKES_CANONICAL_MARKET_V1,2026-08-21T22:14:54+00:00,governed,scratched,SCRATCHED,LADBROKES_CANONICAL,,2026-08-22T03:11:46Z,,CATALOG_STATUS,false
BETA-010,2026-08-22|SANDOWN,2026-08-22|SANDOWN|R2,2026-08-22T03:11:46Z,2026-08-22,Sandown Hillside,2,13,I Am Velvet,64.30,13.90,,,,,13.38,+3.9%,Governed Price Context,LADBROKES_CANONICAL_MARKET_V1,2026-08-21T22:14:54+00:00,governed,current,MARKET_UNAVAILABLE,LADBROKES_CANONICAL,,2026-08-22T03:11:46Z,,NO_PROVIDER_MATCH,false
BETA-010,2026-08-22|SANDOWN,2026-08-22|SANDOWN|R2,2026-08-22T03:11:46Z,2026-08-22,Sandown Hillside,2,14,He's Beset,30.82,,,,,,495.93,,Scratched,LADBROKES_CANONICAL_MARKET_V1,2026-08-22T03:11:46Z,governed,scratched,SCRATCHED,LADBROKES_CANONICAL,,2026-08-22T03:11:46Z,,CATALOG_STATUS,false
BETA-010,2026-08-22|SANDOWN,2026-08-22|SANDOWN|R2,2026-08-22T03:11:46Z,2026-08-22,Sandown Hillside,2,15,Keane Enuff,72.98,78.80,,,,,9.99,+688.8%,Scratched,LADBROKES_CANONICAL_MARKET_V1,2026-08-21T22:14:54+00:00,governed,scratched,SCRATCHED,LADBROKES_CANONICAL,,2026-08-22T03:11:46Z,,CATALOG_STATUS,false
BETA-010,2026-08-22|SANDOWN,2026-08-22|SANDOWN|R2,2026-08-22T03:11:46Z,2026-08-22,Sandown Hillside,2,16,Barking Mad,53.61,16.00,,,,,21.55,-25.8%,Scratched,LADBROKES_CANONICAL_MARKET_V1,2026-08-21T22:14:54+00:00,governed,scratched,SCRATCHED,LADBROKES_CANONICAL,,2026-08-22T03:11:46Z,,CATALOG_STATUS,false
BETA-010,2026-08-22|SANDOWN,2026-08-22|SANDOWN|R2,2026-08-22T03:11:46Z,2026-08-22,Sandown Hillside,2,17,Camp Cable,64.86,79.20,,,,,13.11,+504.1%,Scratched,LADBROKES_CANONICAL_MARKET_V1,2026-08-21T22:14:54+00:00,governed,scratched,SCRATCHED,LADBROKES_CANONICAL,,2026-08-22T03:11:46Z,,CATALOG_STATUS,false
BETA-010,2026-08-22|SANDOWN,2026-08-22|SANDOWN|R2,2026-08-22T03:11:46Z,2026-08-22,Sandown Hillside,2,18,Stay Humble,84.35,26.00,,,,,7.36,+253.3%,Scratched,LADBROKES_CANONICAL_MARKET_V1,2026-08-21T22:14:54+00:00,governed,scratched,SCRATCHED,LADBROKES_CANONICAL,,2026-08-22T03:11:46Z,,CATALOG_STATUS,false
BETA-010,2026-08-22|SANDOWN,2026-08-22|SANDOWN|R2,2026-08-22T03:11:46Z,2026-08-22,Sandown Hillside,2,19,Touxlove,62.73,35.00,,,,,14.21,+146.3%,Governed Price Context,LADBROKES_CANONICAL_MARKET_V1,2026-08-21T22:14:54+00:00,governed,current,MARKET_UNAVAILABLE,LADBROKES_CANONICAL,,2026-08-22T03:11:46Z,,NO_PROVIDER_MATCH,false
BETA-010,2026-08-22|SANDOWN,2026-08-22|SANDOWN|R3,2026-08-22T03:11:46Z,2026-08-22,Sandown Hillside,3,1,Smokin' Romans,11.68,7.50,,,,,66.91,-88.8%,Governed Price Context,LADBROKES_CANONICAL_MARKET_V1,2026-08-21T22:14:54+00:00,governed,current,MARKET_UNAVAILABLE,LADBROKES_CANONICAL,,2026-08-22T03:11:46Z,,NO_PROVIDER_MATCH,false
BETA-010,2026-08-22|SANDOWN,2026-08-22|SANDOWN|R3,2026-08-22T03:11:46Z,2026-08-22,Sandown Hillside,3,2,Brayden Star,39.88,21.00,,,,,13.77,+52.5%,Governed Price Context,LADBROKES_CANONICAL_MARKET_V1,2026-08-21T22:14:54+00:00,governed,current,MARKET_UNAVAILABLE,LADBROKES_CANONICAL,,2026-08-22T03:11:46Z,,NO_PROVIDER_MATCH,false
BETA-010,2026-08-22|SANDOWN,2026-08-22|SANDOWN|R3,2026-08-22T03:11:46Z,2026-08-22,Sandown Hillside,3,3,Chief Little Rock,,79.30,,,,,,,EDGEiQ Price Pending,LADBROKES_CANONICAL_MARKET_V1,2026-08-21T22:14:54+00:00,governed,current,MARKET_UNAVAILABLE,LADBROKES_CANONICAL,,2026-08-22T03:11:46Z,,NO_PROVIDER_MATCH,false
BETA-010,2026-08-22|SANDOWN,2026-08-22|SANDOWN|R3,2026-08-22T03:11:46Z,2026-08-22,Sandown Hillside,3,4,Diwali,,16.20,,,,,2062.75,-99.2%,Governed Price Context,LADBROKES_CANONICAL_MARKET_V1,2026-08-21T22:14:54+00:00,governed,current,MARKET_UNAVAILABLE,LADBROKES_CANONICAL,,2026-08-22T03:11:46Z,,NO_PROVIDER_MATCH,false
BETA-010,2026-08-22|SANDOWN,2026-08-22|SANDOWN|R3,2026-08-22T03:11:46Z,2026-08-22,Sandown Hillside,3,5,Go Daddy,73.53,21.30,,,,,6.12,+248.0%,Governed Price Context,LADBROKES_CANONICAL_MARKET_V1,2026-08-21T22:14:54+00:00,governed,current,MARKET_UNAVAILABLE,LADBROKES_CANONICAL,,2026-08-22T03:11:46Z,,NO_PROVIDER_MATCH,false
BETA-010,2026-08-22|SANDOWN,2026-08-22|SANDOWN|R3,2026-08-22T03:11:46Z,2026-08-22,Sandown Hillside,3,6,Nearco Frod,77.43,2.70,,,,,5.71,-52.7%,Governed Price Context,LADBROKES_CANONICAL_MARKET_V1,2026-08-21T22:14:54+00:00,governed,current,MARKET_UNAVAILABLE,LADBROKES_CANONICAL,,2026-08-22T03:11:46Z,,NO_PROVIDER_MATCH,false
BETA-010,2026-08-22|SANDOWN,2026-08-22|SANDOWN|R3,2026-08-22T03:11:46Z,2026-08-22,Sandown Hillside,3,7,Smokin' Princess,23.69,26.00,,,,,27.20,-4.4%,Governed Price Context,LADBROKES_CANONICAL_MARKET_V1,2026-08-21T22:14:54+00:00,governed,current,MARKET_UNAVAILABLE,LADBROKES_CANONICAL,,2026-08-22T03:11:46Z,,NO_PROVIDER_MATCH,false
BETA-010,2026-08-22|SANDOWN,2026-08-22|SANDOWN|R3,2026-08-22T03:11:46Z,2026-08-22,Sandown Hillside,3,8,Tempesti,67.11,17.00,,,,,6.91,+146.0%,Governed Price Context,LADBROKES_CANONICAL_MARKET_V1,2026-08-21T22:14:54+00:00,governed,current,MARKET_UNAVAILABLE,LADBROKES_CANONICAL,,2026-08-22T03:11:46Z,,NO_PROVIDER_MATCH,false
BETA-010,2026-08-22|SANDOWN,2026-08-22|SANDOWN|R3,2026-08-22T03:11:46Z,2026-08-22,Sandown Hillside,3,9,Think Giant,,5.30,,,,,,,EDGEiQ Price Pending,LADBROKES_CANONICAL_MARKET_V1,2026-08-21T22:14:54+00:00,governed,current,MARKET_UNAVAILABLE,LADBROKES_CANONICAL,,2026-08-22T03:11:46Z,,NO_PROVIDER_MATCH,false
BETA-010,2026-08-22|SANDOWN,2026-08-22|SANDOWN|R3,2026-08-22T03:11:46Z,2026-08-22,Sandown Hillside,3,10,Beach Pad,67.53,12.00,,,,,6.86,+74.9%,Governed Price Context,LADBROKES_CANONICAL_MARKET_V1,2026-08-21T22:14:54+00:00,governed,current,MARKET_UNAVAILABLE,LADBROKES_CANONICAL,,2026-08-22T03:11:46Z,,NO_PROVIDER_MATCH,false
BETA-010,2026-08-22|SANDOWN,2026-08-22|SANDOWN|R3,2026-08-22T03:11:46Z,2026-08-22,Sandown Hillside,3,11,Urban Outlook,100.00,34.00,,,,,4.06,+737.4%,Scratched,LADBROKES_CANONICAL_MARKET_V1,2026-08-21T22:14:54+00:00,governed,scratched,SCRATCHED,LADBROKES_CANONICAL,,2026-08-22T03:11:46Z,,CATALOG_STATUS,false
BETA-010,2026-08-22|SANDOWN,2026-08-22|SANDOWN|R4,2026-08-22T03:11:46Z,2026-08-22,Sandown Hillside,4,1,Regal Zeus,71.72,12.00,,,,,4.42,+171.5%,Governed Price Context,LADBROKES_CANONICAL_MARKET_V1,2026-08-21T22:14:54+00:00,governed,current,MARKET_UNAVAILABLE,LADBROKES_CANONICAL,,2026-08-22T03:11:46Z,,NO_PROVIDER_MATCH,false
BETA-010,2026-08-22|SANDOWN,2026-08-22|SANDOWN|R4,2026-08-22T03:11:46Z,2026-08-22,Sandown Hillside,4,2,Run Harry Run,50.80,5.00,,,,,6.99,-28.5%,Scratched,LADBROKES_CANONICAL_MARKET_V1,2026-08-21T22:14:54+00:00,governed,scratched,SCRATCHED,LADBROKES_CANONICAL,,2026-08-22T03:11:46Z,,CATALOG_STATUS,false
BETA-010,2026-08-22|SANDOWN,2026-08-22|SANDOWN|R4,2026-08-22T03:11:46Z,2026-08-22,Sandown Hillside,4,3,Craig,51.37,6.50,,,,,6.89,-5.7%,Scratched,LADBROKES_CANONICAL_MARKET_V1,2026-08-21T22:14:54+00:00,governed,scratched,SCRATCHED,LADBROKES_CANONICAL,,2026-08-22T03:11:46Z,,CATALOG_STATUS,false
BETA-010,2026-08-22|SANDOWN,2026-08-22|SANDOWN|R4,2026-08-22T03:11:46Z,2026-08-22,Sandown Hillside,4,4,Freedom Rally,15.66,14.00,,,,,32.32,-56.7%,Governed Price Context,LADBROKES_CANONICAL_MARKET_V1,2026-08-21T22:14:54+00:00,governed,current,MARKET_UNAVAILABLE,LADBROKES_CANONICAL,,2026-08-22T03:11:46Z,,NO_PROVIDER_MATCH,false
BETA-010,2026-08-22|SANDOWN,2026-08-22|SANDOWN|R4,2026-08-22T03:11:46Z,2026-08-22,Sandown Hillside,4,5,First Chorus,79.10,2.80,,,,,3.88,-27.8%,Governed Price Context,LADBROKES_CANONICAL_MARKET_V1,2026-08-21T22:14:54+00:00,governed,current,MARKET_UNAVAILABLE,LADBROKES_CANONICAL,,2026-08-22T03:11:46Z,,NO_PROVIDER_MATCH,false
BETA-010,2026-08-22|SANDOWN,2026-08-22|SANDOWN|R4,2026-08-22T03:11:46Z,2026-08-22,Sandown Hillside,4,6,Justadeel,64.50,3.20,,,,,5.09,-37.1%,Governed Price Context,LADBROKES_CANONICAL_MARKET_V1,2026-08-21T22:14:54+00:00,governed,current,MARKET_UNAVAILABLE,LADBROKES_CANONICAL,,2026-08-22T03:11:46Z,,NO_PROVIDER_MATCH,false
BETA-010,2026-08-22|SANDOWN,2026-08-22|SANDOWN|R4,2026-08-22T03:11:46Z,2026-08-22,Sandown Hillside,4,7,Asva,,17.40,,,,,,,EDGEiQ Price Pending,LADBROKES_CANONICAL_MARKET_V1,2026-08-21T22:14:54+00:00,governed,current,MARKET_UNAVAILABLE,LADBROKES_CANONICAL,,2026-08-22T03:11:46Z,,NO_PROVIDER_MATCH,false
BETA-010,2026-08-22|SANDOWN,2026-08-22|SANDOWN|R4,2026-08-22T03:11:46Z,2026-08-22,Sandown Hillside,4,8,St Lawrence,,12.60,,,,,1441.71,-99.1%,Governed Price Context,LADBROKES_CANONICAL_MARKET_V1,2026-08-21T22:14:54+00:00,governed,current,MARKET_UNAVAILABLE,LADBROKES_CANONICAL,,2026-08-22T03:11:46Z,,NO_PROVIDER_MATCH,false
BETA-010,2026-08-22|SANDOWN,2026-08-22|SANDOWN|R5,2026-08-22T03:11:46Z,2026-08-22,Sandown Hillside,5,1,Unit Five,36.67,12.50,,,,,13.60,-8.1%,Scratched,LADBROKES_CANONICAL_MARKET_V1,2026-08-21T22:14:54+00:00,governed,scratched,SCRATCHED,LADBROKES_CANONICAL,,2026-08-22T03:11:46Z,,CATALOG_STATUS,false
BETA-010,2026-08-22|SANDOWN,2026-08-22|SANDOWN|R5,2026-08-22T03:11:46Z,2026-08-22,Sandown Hillside,5,2,Incognito,,3.30,,,,,,,EDGEiQ Price Pending,LADBROKES_CANONICAL_MARKET_V1,2026-08-21T22:14:54+00:00,governed,current,MARKET_UNAVAILABLE,LADBROKES_CANONICAL,,2026-08-22T03:11:46Z,,NO_PROVIDER_MATCH,false
BETA-010,2026-08-22|SANDOWN,2026-08-22|SANDOWN|R5,2026-08-22T03:11:46Z,2026-08-22,Sandown Hillside,5,3,Divine Dot,59.25,9.00,,,,,5.04,+78.6%,Governed Price Context,LADBROKES_CANONICAL_MARKET_V1,2026-08-21T22:14:54+00:00,governed,current,MARKET_UNAVAILABLE,LADBROKES_CANONICAL,,2026-08-22T03:11:46Z,,NO_PROVIDER_MATCH,false
BETA-010,2026-08-22|SANDOWN,2026-08-22|SANDOWN|R5,2026-08-22T03:11:46Z,2026-08-22,Sandown Hillside,5,4,Hellfire Jess,16.88,34.00,,,,,818.31,-95.8%,Scratched,LADBROKES_CANONICAL_MARKET_V1,2026-08-21T22:14:54+00:00,governed,scratched,SCRATCHED,LADBROKES_CANONICAL,,2026-08-22T03:11:46Z,,CATALOG_STATUS,false
BETA-010,2026-08-22|SANDOWN,2026-08-22|SANDOWN|R5,2026-08-22T03:11:46Z,2026-08-22,Sandown Hillside,5,5,Jacaranda,44.10,13.00,,,,,9.01,+44.3%,Governed Price Context,LADBROKES_CANONICAL_MARKET_V1,2026-08-21T22:14:54+00:00,governed,current,MARKET_UNAVAILABLE,LADBROKES_CANONICAL,,2026-08-22T03:11:46Z,,NO_PROVIDER_MATCH,false
BETA-010,2026-08-22|SANDOWN,2026-08-22|SANDOWN|R5,2026-08-22T03:11:46Z,2026-08-22,Sandown Hillside,5,6,Mull Of Kintyre,66.75,7.00,,,,,4.07,+72.0%,Scratched,LADBROKES_CANONICAL_MARKET_V1,2026-08-21T22:14:54+00:00,governed,scratched,SCRATCHED,LADBROKES_CANONICAL,,2026-08-22T03:11:46Z,,CATALOG_STATUS,false
BETA-010,2026-08-22|SANDOWN,2026-08-22|SANDOWN|R5,2026-08-22T03:11:46Z,2026-08-22,Sandown Hillside,5,7,One Day At A Time,34.95,10.00,,,,,15.29,-34.6%,Governed Price Context,LADBROKES_CANONICAL_MARKET_V1,2026-08-21T22:14:54+00:00,governed,current,MARKET_UNAVAILABLE,LADBROKES_CANONICAL,,2026-08-22T03:11:46Z,,NO_PROVIDER_MATCH,false
BETA-010,2026-08-22|SANDOWN,2026-08-22|SANDOWN|R5,2026-08-22T03:11:46Z,2026-08-22,Sandown Hillside,5,8,Oxley Tycoon,47.37,17.00,,,,,7.77,+118.8%,Governed Price Context,LADBROKES_CANONICAL_MARKET_V1,2026-08-21T22:14:54+00:00,governed,current,MARKET_UNAVAILABLE,LADBROKES_CANONICAL,,2026-08-22T03:11:46Z,,NO_PROVIDER_MATCH,false
BETA-010,2026-08-22|SANDOWN,2026-08-22|SANDOWN|R5,2026-08-22T03:11:46Z,2026-08-22,Sandown Hillside,5,9,Shooting Brake,46.25,9.50,,,,,8.16,+16.4%,Governed Price Context,LADBROKES_CANONICAL_MARKET_V1,2026-08-21T22:14:54+00:00,governed,current,MARKET_UNAVAILABLE,LADBROKES_CANONICAL,,2026-08-22T03:11:46Z,,NO_PROVIDER_MATCH,false
BETA-010,2026-08-22|SANDOWN,2026-08-22|SANDOWN|R5,2026-08-22T03:11:46Z,2026-08-22,Sandown Hillside,5,10,Somers Green,,14.50,,,,,,,EDGEiQ Price Pending,LADBROKES_CANONICAL_MARKET_V1,2026-08-21T22:14:54+00:00,governed,current,MARKET_UNAVAILABLE,LADBROKES_CANONICAL,,2026-08-22T03:11:46Z,,NO_PROVIDER_MATCH,false
BETA-010,2026-08-22|SANDOWN,2026-08-22|SANDOWN|R5,2026-08-22T03:11:46Z,2026-08-22,Sandown Hillside,5,11,Calamari Ring,19.12,10.10,,,,,166.68,-93.9%,Governed Price Context,LADBROKES_CANONICAL_MARKET_V1,2026-08-21T22:14:54+00:00,governed,current,MARKET_UNAVAILABLE,LADBROKES_CANONICAL,,2026-08-22T03:11:46Z,,NO_PROVIDER_MATCH,false
BETA-010,2026-08-22|SANDOWN,2026-08-22|SANDOWN|R5,2026-08-22T03:11:46Z,2026-08-22,Sandown Hillside,5,12,Buggsy,30.85,5.60,,,,,21.19,-73.6%,Governed Price Context,LADBROKES_CANONICAL_MARKET_V1,2026-08-21T22:14:54+00:00,governed,current,MARKET_UNAVAILABLE,LADBROKES_CANONICAL,,2026-08-22T03:11:46Z,,NO_PROVIDER_MATCH,false
BETA-010,2026-08-22|SANDOWN,2026-08-22|SANDOWN|R6,2026-08-22T03:11:46Z,2026-08-22,Sandown Hillside,6,1,Saluted,79.99,9.40,,,,,8.44,+11.4%,Governed Price Context,LADBROKES_CANONICAL_MARKET_V1,2026-08-21T22:14:54+00:00,governed,current,MARKET_UNAVAILABLE,LADBROKES_CANONICAL,,2026-08-22T03:11:46Z,,NO_PROVIDER_MATCH,false
BETA-010,2026-08-22|SANDOWN,2026-08-22|SANDOWN|R6,2026-08-22T03:11:46Z,2026-08-22,Sandown Hillside,6,2,Per Sempre,36.25,7.60,,,,,48.34,-84.3%,Governed Price Context,LADBROKES_CANONICAL_MARKET_V1,2026-08-21T22:14:54+00:00,governed,current,MARKET_UNAVAILABLE,LADBROKES_CANONICAL,,2026-08-22T03:11:46Z,,NO_PROVIDER_MATCH,false
BETA-010,2026-08-22|SANDOWN,2026-08-22|SANDOWN|R6,2026-08-22T03:11:46Z,2026-08-22,Sandown Hillside,6,3,She's My Ex,85.94,11.20,,,,,7.43,+50.7%,Scratched,LADBROKES_CANONICAL_MARKET_V1,2026-08-21T22:14:54+00:00,governed,scratched,SCRATCHED,LADBROKES_CANONICAL,,2026-08-22T03:11:46Z,,CATALOG_STATUS,false
BETA-010,2026-08-22|SANDOWN,2026-08-22|SANDOWN|R6,2026-08-22T03:11:46Z,2026-08-22,Sandown Hillside,6,4,Body Of Venus,66.04,67.00,,,,,12.04,+456.5%,Scratched,LADBROKES_CANONICAL_MARKET_V1,2026-08-21T22:14:54+00:00,governed,scratched,SCRATCHED,LADBROKES_CANONICAL,,2026-08-22T03:11:46Z,,CATALOG_STATUS,false
BETA-010,2026-08-22|SANDOWN,2026-08-22|SANDOWN|R6,2026-08-22T03:11:46Z,2026-08-22,Sandown Hillside,6,5,Mrs Archibald,72.35,23.10,,,,,10.14,+127.8%,Governed Price Context,LADBROKES_CANONICAL_MARKET_V1,2026-08-21T22:14:54+00:00,governed,current,MARKET_UNAVAILABLE,LADBROKES_CANONICAL,,2026-08-22T03:11:46Z,,NO_PROVIDER_MATCH,false
BETA-010,2026-08-22|SANDOWN,2026-08-22|SANDOWN|R6,2026-08-22T03:11:46Z,2026-08-22,Sandown Hillside,6,6,Semelle Rouge,47.64,32.00,,,,,23.84,+34.2%,Governed Price Context,LADBROKES_CANONICAL_MARKET_V1,2026-08-21T22:14:54+00:00,governed,current,MARKET_UNAVAILABLE,LADBROKES_CANONICAL,,2026-08-22T03:11:46Z,,NO_PROVIDER_MATCH,false
BETA-010,2026-08-22|SANDOWN,2026-08-22|SANDOWN|R6,2026-08-22T03:11:46Z,2026-08-22,Sandown Hillside,6,7,Vain Champagne,54.48,16.70,,,,,17.74,-5.9%,Scratched,LADBROKES_CANONICAL_MARKET_V1,2026-08-21T22:14:54+00:00,governed,scratched,SCRATCHED,LADBROKES_CANONICAL,,2026-08-22T03:11:46Z,,CATALOG_STATUS,false
BETA-010,2026-08-22|SANDOWN,2026-08-22|SANDOWN|R6,2026-08-22T03:11:46Z,2026-08-22,Sandown Hillside,6,8,No Limitation,43.30,4.80,,,,,29.94,-84.0%,Governed Price Context,LADBROKES_CANONICAL_MARKET_V1,2026-08-21T22:14:54+00:00,governed,current,MARKET_UNAVAILABLE,LADBROKES_CANONICAL,,2026-08-22T03:11:46Z,,NO_PROVIDER_MATCH,false
BETA-010,2026-08-22|SANDOWN,2026-08-22|SANDOWN|R6,2026-08-22T03:11:46Z,2026-08-22,Sandown Hillside,6,9,Silver Cliff,63.22,67.10,,,,,13.11,+411.8%,Governed Price Context,LADBROKES_CANONICAL_MARKET_V1,2026-08-21T22:14:54+00:00,governed,current,MARKET_UNAVAILABLE,LADBROKES_CANONICAL,,2026-08-22T03:11:46Z,,NO_PROVIDER_MATCH,false
BETA-010,2026-08-22|SANDOWN,2026-08-22|SANDOWN|R6,2026-08-22T03:11:46Z,2026-08-22,Sandown Hillside,6,10,Egerton,34.92,31.00,,,,,54.11,-42.7%,Scratched,LADBROKES_CANONICAL_MARKET_V1,2026-08-21T22:14:54+00:00,governed,scratched,SCRATCHED,LADBROKES_CANONICAL,,2026-08-22T03:11:46Z,,CATALOG_STATUS,false
BETA-010,2026-08-22|SANDOWN,2026-08-22|SANDOWN|R6,2026-08-22T03:11:46Z,2026-08-22,Sandown Hillside,6,11,Set Me Loose,31.75,3.90,,,,,74.20,-94.7%,Governed Price Context,LADBROKES_CANONICAL_MARKET_V1,2026-08-21T22:14:54+00:00,governed,current,MARKET_UNAVAILABLE,LADBROKES_CANONICAL,,2026-08-22T03:11:46Z,,NO_PROVIDER_MATCH,false
BETA-010,2026-08-22|SANDOWN,2026-08-22|SANDOWN|R6,2026-08-22T03:11:46Z,2026-08-22,Sandown Hillside,6,12,Wicked Storm,26.12,40.20,,,,,173.41,-76.8%,Scratched,LADBROKES_CANONICAL_MARKET_V1,2026-08-21T22:14:54+00:00,governed,scratched,SCRATCHED,LADBROKES_CANONICAL,,2026-08-22T03:11:46Z,,CATALOG_STATUS,false
BETA-010,2026-08-22|SANDOWN,2026-08-22|SANDOWN|R6,2026-08-22T03:11:46Z,2026-08-22,Sandown Hillside,6,13,Coco De Luxe,44.52,35.00,,,,,27.97,+25.1%,Scratched,LADBROKES_CANONICAL_MARKET_V1,2026-08-21T22:14:54+00:00,governed,scratched,SCRATCHED,LADBROKES_CANONICAL,,2026-08-22T03:11:46Z,,CATALOG_STATUS,false
BETA-010,2026-08-22|SANDOWN,2026-08-22|SANDOWN|R6,2026-08-22T03:11:46Z,2026-08-22,Sandown Hillside,6,14,Conscience,51.20,2.30,,,,,20.28,-88.7%,Governed Price Context,LADBROKES_CANONICAL_MARKET_V1,2026-08-21T22:14:54+00:00,governed,current,MARKET_UNAVAILABLE,LADBROKES_CANONICAL,,2026-08-22T03:11:46Z,,NO_PROVIDER_MATCH,false
BETA-010,2026-08-22|SANDOWN,2026-08-22|SANDOWN|R6,2026-08-22T03:11:46Z,2026-08-22,Sandown Hillside,6,15,Final Moment,82.75,13.00,,,,,7.95,+63.5%,Governed Price Context,LADBROKES_CANONICAL_MARKET_V1,2026-08-21T22:14:54+00:00,governed,current,MARKET_UNAVAILABLE,LADBROKES_CANONICAL,,2026-08-22T03:11:46Z,,NO_PROVIDER_MATCH,false
BETA-010,2026-08-22|SANDOWN,2026-08-22|SANDOWN|R6,2026-08-22T03:11:46Z,2026-08-22,Sandown Hillside,6,16,Miss Cotoletta,67.86,13.00,,,,,11.43,+13.7%,Governed Price Context,LADBROKES_CANONICAL_MARKET_V1,2026-08-21T22:14:54+00:00,governed,current,MARKET_UNAVAILABLE,LADBROKES_CANONICAL,,2026-08-22T03:11:46Z,,NO_PROVIDER_MATCH,false
BETA-010,2026-08-22|SANDOWN,2026-08-22|SANDOWN|R6,2026-08-22T03:11:46Z,2026-08-22,Sandown Hillside,6,17,All Pink,20.70,59.60,,,,,2136.52,-97.2%,Governed Price Context,LADBROKES_CANONICAL_MARKET_V1,2026-08-21T22:14:54+00:00,governed,current,MARKET_UNAVAILABLE,LADBROKES_CANONICAL,,2026-08-22T03:11:46Z,,NO_PROVIDER_MATCH,false
BETA-010,2026-08-22|SANDOWN,2026-08-22|SANDOWN|R7,2026-08-22T03:11:46Z,2026-08-22,Sandown Hillside,7,1,Hedged,67.35,7.20,,,,,6.89,+4.5%,Governed Price Context,LADBROKES_CANONICAL_MARKET_V1,2026-08-21T22:14:54+00:00,governed,current,MARKET_UNAVAILABLE,LADBROKES_CANONICAL,,2026-08-22T03:11:46Z,,NO_PROVIDER_MATCH,false
BETA-010,2026-08-22|SANDOWN,2026-08-22|SANDOWN|R7,2026-08-22T03:11:46Z,2026-08-22,Sandown Hillside,7,2,Ole Dancer,42.73,8.10,,,,,549.05,-98.5%,Scratched,LADBROKES_CANONICAL_MARKET_V1,2026-08-21T22:14:54+00:00,governed,scratched,SCRATCHED,LADBROKES_CANONICAL,,2026-08-22T03:11:46Z,,CATALOG_STATUS,false
BETA-010,2026-08-22|SANDOWN,2026-08-22|SANDOWN|R7,2026-08-22T03:11:46Z,2026-08-22,Sandown Hillside,7,3,Klabel,44.25,52.80,,,,,157.24,-66.4%,Governed Price Context,LADBROKES_CANONICAL_MARKET_V1,2026-08-21T22:14:54+00:00,governed,current,MARKET_UNAVAILABLE,LADBROKES_CANONICAL,,2026-08-22T03:11:46Z,,NO_PROVIDER_MATCH,false
BETA-010,2026-08-22|SANDOWN,2026-08-22|SANDOWN|R7,2026-08-22T03:11:46Z,2026-08-22,Sandown Hillside,7,4,Losesomewinmore,51.75,9.00,,,,,24.44,-63.2%,Governed Price Context,LADBROKES_CANONICAL_MARKET_V1,2026-08-21T22:14:54+00:00,governed,current,MARKET_UNAVAILABLE,LADBROKES_CANONICAL,,2026-08-22T03:11:46Z,,NO_PROVIDER_MATCH,false
BETA-010,2026-08-22|SANDOWN,2026-08-22|SANDOWN|R7,2026-08-22T03:11:46Z,2026-08-22,Sandown Hillside,7,5,Beast Mode,53.88,6.00,,,,,18.86,-68.2%,Governed Price Context,LADBROKES_CANONICAL_MARKET_V1,2026-08-21T22:14:54+00:00,governed,current,MARKET_UNAVAILABLE,LADBROKES_CANONICAL,,2026-08-22T03:11:46Z,,NO_PROVIDER_MATCH,false
BETA-010,2026-08-22|SANDOWN,2026-08-22|SANDOWN|R7,2026-08-22T03:11:46Z,2026-08-22,Sandown Hillside,7,6,Along The River,82.84,41.00,,,,,3.64,+1026.4%,Scratched,LADBROKES_CANONICAL_MARKET_V1,2026-08-21T22:14:54+00:00,governed,scratched,SCRATCHED,LADBROKES_CANONICAL,,2026-08-22T03:11:46Z,,CATALOG_STATUS,false
BETA-010,2026-08-22|SANDOWN,2026-08-22|SANDOWN|R7,2026-08-22T03:11:46Z,2026-08-22,Sandown Hillside,7,7,Cavalry Girl,74.18,2.60,,,,,5.00,-48.0%,Governed Price Context,LADBROKES_CANONICAL_MARKET_V1,2026-08-21T22:14:54+00:00,governed,current,MARKET_UNAVAILABLE,LADBROKES_CANONICAL,,2026-08-22T03:11:46Z,,NO_PROVIDER_MATCH,false
BETA-010,2026-08-22|SANDOWN,2026-08-22|SANDOWN|R7,2026-08-22T03:11:46Z,2026-08-22,Sandown Hillside,7,8,Stokke,56.88,26.00,,,,,14.00,+85.7%,Governed Price Context,LADBROKES_CANONICAL_MARKET_V1,2026-08-21T22:14:54+00:00,governed,current,MARKET_UNAVAILABLE,LADBROKES_CANONICAL,,2026-08-22T03:11:46Z,,NO_PROVIDER_MATCH,false
BETA-010,2026-08-22|SANDOWN,2026-08-22|SANDOWN|R7,2026-08-22T03:11:46Z,2026-08-22,Sandown Hillside,7,9,Extragalactic,65.20,7.70,,,,,7.75,-0.6%,Scratched,LADBROKES_CANONICAL_MARKET_V1,2026-08-21T22:14:54+00:00,governed,scratched,SCRATCHED,LADBROKES_CANONICAL,,2026-08-22T03:11:46Z,,CATALOG_STATUS,false
BETA-010,2026-08-22|SANDOWN,2026-08-22|SANDOWN|R7,2026-08-22T03:11:46Z,2026-08-22,Sandown Hillside,7,10,Bazaball Rewarded,53.88,17.20,,,,,18.86,-8.8%,Governed Price Context,LADBROKES_CANONICAL_MARKET_V1,2026-08-21T22:14:54+00:00,governed,current,MARKET_UNAVAILABLE,LADBROKES_CANONICAL,,2026-08-22T03:11:46Z,,NO_PROVIDER_MATCH,false
BETA-010,2026-08-22|SANDOWN,2026-08-22|SANDOWN|R7,2026-08-22T03:11:46Z,2026-08-22,Sandown Hillside,7,11,Signature Scent,48.55,7.30,,,,,41.07,-82.2%,Governed Price Context,LADBROKES_CANONICAL_MARKET_V1,2026-08-21T22:14:54+00:00,governed,current,MARKET_UNAVAILABLE,LADBROKES_CANONICAL,,2026-08-22T03:11:46Z,,NO_PROVIDER_MATCH,false
BETA-010,2026-08-22|SANDOWN,2026-08-22|SANDOWN|R8,2026-08-22T03:11:46Z,2026-08-22,Sandown Hillside,8,1,Carbonados,51.74,15.00,,,,,10.79,+39.0%,Governed Price Context,LADBROKES_CANONICAL_MARKET_V1,2026-08-21T22:14:54+00:00,governed,current,MARKET_UNAVAILABLE,LADBROKES_CANONICAL,,2026-08-22T03:11:46Z,,NO_PROVIDER_MATCH,false
BETA-010,2026-08-22|SANDOWN,2026-08-22|SANDOWN|R8,2026-08-22T03:11:46Z,2026-08-22,Sandown Hillside,8,2,Tennessee Bound,54.25,2.90,,,,,9.68,-70.0%,Governed Price Context,LADBROKES_CANONICAL_MARKET_V1,2026-08-21T22:14:54+00:00,governed,current,MARKET_UNAVAILABLE,LADBROKES_CANONICAL,,2026-08-22T03:11:46Z,,NO_PROVIDER_MATCH,false
BETA-010,2026-08-22|SANDOWN,2026-08-22|SANDOWN|R8,2026-08-22T03:11:46Z,2026-08-22,Sandown Hillside,8,3,Elouyou,48.50,11.00,,,,,12.58,-12.6%,Scratched,LADBROKES_CANONICAL_MARKET_V1,2026-08-21T22:14:54+00:00,governed,scratched,SCRATCHED,LADBROKES_CANONICAL,,2026-08-22T03:11:46Z,,CATALOG_STATUS,false
BETA-010,2026-08-22|SANDOWN,2026-08-22|SANDOWN|R8,2026-08-22T03:11:46Z,2026-08-22,Sandown Hillside,8,4,Piastri,44.12,11.00,,,,,16.00,-31.2%,Governed Price Context,LADBROKES_CANONICAL_MARKET_V1,2026-08-21T22:14:54+00:00,governed,current,MARKET_UNAVAILABLE,LADBROKES_CANONICAL,,2026-08-22T03:11:46Z,,NO_PROVIDER_MATCH,false
BETA-010,2026-08-22|SANDOWN,2026-08-22|SANDOWN|R8,2026-08-22T03:11:46Z,2026-08-22,Sandown Hillside,8,5,Betwitchery,54.27,19.00,,,,,9.67,+96.5%,Scratched,LADBROKES_CANONICAL_MARKET_V1,2026-08-21T22:14:54+00:00,governed,scratched,SCRATCHED,LADBROKES_CANONICAL,,2026-08-22T03:11:46Z,,CATALOG_STATUS,false
BETA-010,2026-08-22|SANDOWN,2026-08-22|SANDOWN|R8,2026-08-22T03:11:46Z,2026-08-22,Sandown Hillside,8,6,Moby Dick,48.75,7.30,,,,,12.43,-41.3%,Governed Price Context,LADBROKES_CANONICAL_MARKET_V1,2026-08-21T22:14:54+00:00,governed,current,MARKET_UNAVAILABLE,LADBROKES_CANONICAL,,2026-08-22T03:11:46Z,,NO_PROVIDER_MATCH,false
BETA-010,2026-08-22|SANDOWN,2026-08-22|SANDOWN|R8,2026-08-22T03:11:46Z,2026-08-22,Sandown Hillside,8,7,Gold Coast Belle,90.27,3.00,,,,,3.54,-15.3%,Governed Price Context,LADBROKES_CANONICAL_MARKET_V1,2026-08-21T22:14:54+00:00,governed,current,MARKET_UNAVAILABLE,LADBROKES_CANONICAL,,2026-08-22T03:11:46Z,,NO_PROVIDER_MATCH,false
BETA-010,2026-08-22|SANDOWN,2026-08-22|SANDOWN|R8,2026-08-22T03:11:46Z,2026-08-22,Sandown Hillside,8,8,Rhapsody Chic,22.65,28.70,,,,,1068.60,-97.3%,Governed Price Context,LADBROKES_CANONICAL_MARKET_V1,2026-08-21T22:14:54+00:00,governed,current,MARKET_UNAVAILABLE,LADBROKES_CANONICAL,,2026-08-22T03:11:46Z,,NO_PROVIDER_MATCH,false
BETA-010,2026-08-22|SANDOWN,2026-08-22|SANDOWN|R8,2026-08-22T03:11:46Z,2026-08-22,Sandown Hillside,8,9,Romantic Encounter,49.08,13.00,,,,,12.23,+6.3%,Governed Price Context,LADBROKES_CANONICAL_MARKET_V1,2026-08-21T22:14:54+00:00,governed,current,MARKET_UNAVAILABLE,LADBROKES_CANONICAL,,2026-08-22T03:11:46Z,,NO_PROVIDER_MATCH,false
BETA-010,2026-08-22|SANDOWN,2026-08-22|SANDOWN|R8,2026-08-22T03:11:46Z,2026-08-22,Sandown Hillside,8,10,Victorious Spirit,56.58,9.00,,,,,8.82,+2.0%,Scratched,LADBROKES_CANONICAL_MARKET_V1,2026-08-21T22:14:54+00:00,governed,scratched,SCRATCHED,LADBROKES_CANONICAL,,2026-08-22T03:11:46Z,,CATALOG_STATUS,false
BETA-010,2026-08-22|SANDOWN,2026-08-22|SANDOWN|R9,2026-08-22T03:11:46Z,2026-08-22,Sandown Hillside,9,1,The Pendragon,56.40,31.80,,,,,11.71,+171.6%,Scratched,LADBROKES_CANONICAL_MARKET_V1,2026-08-21T22:14:54+00:00,governed,scratched,SCRATCHED,LADBROKES_CANONICAL,,2026-08-22T03:11:46Z,,CATALOG_STATUS,false
BETA-010,2026-08-22|SANDOWN,2026-08-22|SANDOWN|R9,2026-08-22T03:11:46Z,2026-08-22,Sandown Hillside,9,2,Unbelievable,,16.00,,,,,,,Scratched,LADBROKES_CANONICAL_MARKET_V1,2026-08-21T22:14:54+00:00,governed,scratched,SCRATCHED,LADBROKES_CANONICAL,,2026-08-22T03:11:46Z,,CATALOG_STATUS,false
BETA-010,2026-08-22|SANDOWN,2026-08-22|SANDOWN|R9,2026-08-22T03:11:46Z,2026-08-22,Sandown Hillside,9,3,New York Hurricane,76.56,61.00,,,,,7.80,+682.1%,Scratched,LADBROKES_CANONICAL_MARKET_V1,2026-08-21T22:14:54+00:00,governed,scratched,SCRATCHED,LADBROKES_CANONICAL,,2026-08-22T03:11:46Z,,CATALOG_STATUS,false
BETA-010,2026-08-22|SANDOWN,2026-08-22|SANDOWN|R9,2026-08-22T03:11:46Z,2026-08-22,Sandown Hillside,9,4,Ziryab,63.76,57.10,,,,,9.95,+473.9%,Governed Price Context,LADBROKES_CANONICAL_MARKET_V1,2026-08-21T22:14:54+00:00,governed,current,MARKET_UNAVAILABLE,LADBROKES_CANONICAL,,2026-08-22T03:11:46Z,,NO_PROVIDER_MATCH,false
BETA-010,2026-08-22|SANDOWN,2026-08-22|SANDOWN|R9,2026-08-22T03:11:46Z,2026-08-22,Sandown Hillside,9,5,Makdane,70.00,11.90,,,,,8.78,+35.5%,Governed Price Context,LADBROKES_CANONICAL_MARKET_V1,2026-08-21T22:14:54+00:00,governed,current,MARKET_UNAVAILABLE,LADBROKES_CANONICAL,,2026-08-22T03:11:46Z,,NO_PROVIDER_MATCH,false
BETA-010,2026-08-22|SANDOWN,2026-08-22|SANDOWN|R9,2026-08-22T03:11:46Z,2026-08-22,Sandown Hillside,9,6,Farhh Flung,64.55,21.00,,,,,9.78,+114.7%,Scratched,LADBROKES_CANONICAL_MARKET_V1,2026-08-21T22:14:54+00:00,governed,scratched,SCRATCHED,LADBROKES_CANONICAL,,2026-08-22T03:11:46Z,,CATALOG_STATUS,false
BETA-010,2026-08-22|SANDOWN,2026-08-22|SANDOWN|R9,2026-08-22T03:11:46Z,2026-08-22,Sandown Hillside,9,7,Mukhtalif,9.68,6.20,,,,,113.40,-94.5%,Governed Price Context,LADBROKES_CANONICAL_MARKET_V1,2026-08-21T22:14:54+00:00,governed,current,MARKET_UNAVAILABLE,LADBROKES_CANONICAL,,2026-08-22T03:11:46Z,,NO_PROVIDER_MATCH,false
BETA-010,2026-08-22|SANDOWN,2026-08-22|SANDOWN|R9,2026-08-22T03:11:46Z,2026-08-22,Sandown Hillside,9,8,Somewhere,12.81,8.50,,,,,80.09,-89.4%,Governed Price Context,LADBROKES_CANONICAL_MARKET_V1,2026-08-21T22:14:54+00:00,governed,current,MARKET_UNAVAILABLE,LADBROKES_CANONICAL,,2026-08-22T03:11:46Z,,NO_PROVIDER_MATCH,false
BETA-010,2026-08-22|SANDOWN,2026-08-22|SANDOWN|R9,2026-08-22T03:11:46Z,2026-08-22,Sandown Hillside,9,9,Stay Silent,70.25,14.00,,,,,8.74,+60.2%,Governed Price Context,LADBROKES_CANONICAL_MARKET_V1,2026-08-21T22:14:54+00:00,governed,current,MARKET_UNAVAILABLE,LADBROKES_CANONICAL,,2026-08-22T03:11:46Z,,NO_PROVIDER_MATCH,false
BETA-010,2026-08-22|SANDOWN,2026-08-22|SANDOWN|R9,2026-08-22T03:11:46Z,2026-08-22,Sandown Hillside,9,10,Dictionary,45.16,75.60,,,,,15.71,+381.2%,Governed Price Context,LADBROKES_CANONICAL_MARKET_V1,2026-08-21T22:14:54+00:00,governed,current,MARKET_UNAVAILABLE,LADBROKES_CANONICAL,,2026-08-22T03:11:46Z,,NO_PROVIDER_MATCH,false
BETA-010,2026-08-22|SANDOWN,2026-08-22|SANDOWN|R9,2026-08-22T03:11:46Z,2026-08-22,Sandown Hillside,9,11,Furious,31.60,10.70,,,,,25.12,-57.4%,Governed Price Context,LADBROKES_CANONICAL_MARKET_V1,2026-08-21T22:14:54+00:00,governed,current,MARKET_UNAVAILABLE,LADBROKES_CANONICAL,,2026-08-22T03:11:46Z,,NO_PROVIDER_MATCH,false
BETA-010,2026-08-22|SANDOWN,2026-08-22|SANDOWN|R9,2026-08-22T03:11:46Z,2026-08-22,Sandown Hillside,9,12,Supernima,27.50,9.00,,,,,30.12,-70.1%,Governed Price Context,LADBROKES_CANONICAL_MARKET_V1,2026-08-21T22:14:54+00:00,governed,current,MARKET_UNAVAILABLE,LADBROKES_CANONICAL,,2026-08-22T03:11:46Z,,NO_PROVIDER_MATCH,false
BETA-010,2026-08-22|SANDOWN,2026-08-22|SANDOWN|R9,2026-08-22T03:11:46Z,2026-08-22,Sandown Hillside,9,13,Currawood,,71.00,,,,,,,Scratched,LADBROKES_CANONICAL_MARKET_V1,2026-08-21T22:14:54+00:00,governed,scratched,SCRATCHED,LADBROKES_CANONICAL,,2026-08-22T03:11:46Z,,CATALOG_STATUS,false
BETA-010,2026-08-22|SANDOWN,2026-08-22|SANDOWN|R9,2026-08-22T03:11:46Z,2026-08-22,Sandown Hillside,9,14,Just Too Fly,43.75,13.40,,,,,16.38,-18.2%,Governed Price Context,LADBROKES_CANONICAL_MARKET_V1,2026-08-21T22:14:54+00:00,governed,current,MARKET_UNAVAILABLE,LADBROKES_CANONICAL,,2026-08-22T03:11:46Z,,NO_PROVIDER_MATCH,false
BETA-010,2026-08-22|SANDOWN,2026-08-22|SANDOWN|R9,2026-08-22T03:11:46Z,2026-08-22,Sandown Hillside,9,15,Lovelycut,,10.60,,,,,2772.85,-99.6%,Governed Price Context,LADBROKES_CANONICAL_MARKET_V1,2026-08-21T22:14:54+00:00,governed,current,MARKET_UNAVAILABLE,LADBROKES_CANONICAL,,2026-08-22T03:11:46Z,,NO_PROVIDER_MATCH,false
BETA-010,2026-08-22|SANDOWN,2026-08-22|SANDOWN|R9,2026-08-22T03:11:46Z,2026-08-22,Sandown Hillside,9,16,Elsie May,13.45,69.20,,,,,75.35,-8.2%,Scratched,LADBROKES_CANONICAL_MARKET_V1,2026-08-21T22:14:54+00:00,governed,scratched,SCRATCHED,LADBROKES_CANONICAL,,2026-08-22T03:11:46Z,,CATALOG_STATUS,false
BETA-010,2026-08-22|SANDOWN,2026-08-22|SANDOWN|R9,2026-08-22T03:11:46Z,2026-08-22,Sandown Hillside,9,17,Castle On High,,19.00,,,,,2772.85,-99.3%,Governed Price Context,LADBROKES_CANONICAL_MARKET_V1,2026-08-21T22:14:54+00:00,governed,current,MARKET_UNAVAILABLE,LADBROKES_CANONICAL,,2026-08-22T03:11:46Z,,NO_PROVIDER_MATCH,false
BETA-010,2026-08-22|SANDOWN,2026-08-22|SANDOWN|R9,2026-08-22T03:11:46Z,2026-08-22,Sandown Hillside,9,18,Male Model,73.90,23.70,,,,,8.17,+190.1%,Governed Price Context,LADBROKES_CANONICAL_MARKET_V1,2026-08-21T22:14:54+00:00,governed,current,MARKET_UNAVAILABLE,LADBROKES_CANONICAL,,2026-08-22T03:11:46Z,,NO_PROVIDER_MATCH,false
BETA-010,2026-08-23|WANGARATTA,2026-08-23|WANGARATTA|R1,2026-08-22T03:11:46Z,2026-08-23,Wangaratta,1,1,All Too Swift,50.20,51.00,,,,,9.39,+443.1%,Governed Price Context,LADBROKES_CANONICAL_MARKET_V1,2026-08-21T22:14:54+00:00,governed,current,MARKET_UNAVAILABLE,LADBROKES_CANONICAL,,2026-08-22T03:11:46Z,,NO_PROVIDER_MATCH,false
BETA-010,2026-08-23|WANGARATTA,2026-08-23|WANGARATTA|R1,2026-08-22T03:11:46Z,2026-08-23,Wangaratta,1,2,Churchill Lane,76.44,17.00,,,,,5.37,+216.6%,Governed Price Context,LADBROKES_CANONICAL_MARKET_V1,2026-08-21T22:14:54+00:00,governed,current,MARKET_UNAVAILABLE,LADBROKES_CANONICAL,,2026-08-22T03:11:46Z,,NO_PROVIDER_MATCH,false
BETA-010,2026-08-23|WANGARATTA,2026-08-23|WANGARATTA|R1,2026-08-22T03:11:46Z,2026-08-23,Wangaratta,1,3,Determinato,48.90,3.80,,,,,9.72,-60.9%,Governed Price Context,LADBROKES_CANONICAL_MARKET_V1,2026-08-21T22:14:54+00:00,governed,current,MARKET_UNAVAILABLE,LADBROKES_CANONICAL,,2026-08-22T03:11:46Z,,NO_PROVIDER_MATCH,false
BETA-010,2026-08-23|WANGARATTA,2026-08-23|WANGARATTA|R1,2026-08-22T03:11:46Z,2026-08-23,Wangaratta,1,4,King Kauffo,34.79,23.00,,,,,15.23,+51.0%,Governed Price Context,LADBROKES_CANONICAL_MARKET_V1,2026-08-21T22:14:54+00:00,governed,current,MARKET_UNAVAILABLE,LADBROKES_CANONICAL,,2026-08-22T03:11:46Z,,NO_PROVIDER_MATCH,false
BETA-010,2026-08-23|WANGARATTA,2026-08-23|WANGARATTA|R1,2026-08-22T03:11:46Z,2026-08-23,Wangaratta,1,5,Masakari,54.35,4.40,,,,,8.45,-47.9%,Governed Price Context,LADBROKES_CANONICAL_MARKET_V1,2026-08-21T22:14:54+00:00,governed,current,MARKET_UNAVAILABLE,LADBROKES_CANONICAL,,2026-08-22T03:11:46Z,,NO_PROVIDER_MATCH,false
BETA-010,2026-08-23|WANGARATTA,2026-08-23|WANGARATTA|R1,2026-08-22T03:11:46Z,2026-08-23,Wangaratta,1,6,Prestige Zerprise,46.67,4.20,,,,,10.34,-59.4%,Governed Price Context,LADBROKES_CANONICAL_MARKET_V1,2026-08-21T22:14:54+00:00,governed,current,MARKET_UNAVAILABLE,LADBROKES_CANONICAL,,2026-08-22T03:11:46Z,,NO_PROVIDER_MATCH,false
BETA-010,2026-08-23|WANGARATTA,2026-08-23|WANGARATTA|R1,2026-08-22T03:11:46Z,2026-08-23,Wangaratta,1,7,Unoyaself,49.29,4.00,,,,,9.62,-58.4%,Governed Price Context,LADBROKES_CANONICAL_MARKET_V1,2026-08-21T22:14:54+00:00,governed,current,MARKET_UNAVAILABLE,LADBROKES_CANONICAL,,2026-08-22T03:11:46Z,,NO_PROVIDER_MATCH,false
BETA-010,2026-08-23|WANGARATTA,2026-08-23|WANGARATTA|R1,2026-08-22T03:11:46Z,2026-08-23,Wangaratta,1,8,Ive Got The Power,,61.00,,,,,1906.54,-96.8%,Governed Price Context,LADBROKES_CANONICAL_MARKET_V1,2026-08-21T22:14:54+00:00,governed,current,MARKET_UNAVAILABLE,LADBROKES_CANONICAL,,2026-08-22T03:11:46Z,,NO_PROVIDER_MATCH,false
BETA-010,2026-08-23|WANGARATTA,2026-08-23|WANGARATTA|R1,2026-08-22T03:11:46Z,2026-08-23,Wangaratta,1,9,Misil Beauty,,26.00,,,,,,,EDGEiQ Price Pending,LADBROKES_CANONICAL_MARKET_V1,2026-08-21T22:14:54+00:00,governed,current,MARKET_UNAVAILABLE,LADBROKES_CANONICAL,,2026-08-22T03:11:46Z,,NO_PROVIDER_MATCH,false
BETA-010,2026-08-23|WANGARATTA,2026-08-23|WANGARATTA|R1,2026-08-22T03:11:46Z,2026-08-23,Wangaratta,1,10,Pride Of Mandy,54.98,6.00,,,,,8.33,-28.0%,Scratched,LADBROKES_CANONICAL_MARKET_V1,2026-08-21T22:14:54+00:00,governed,scratched,SCRATCHED,LADBROKES_CANONICAL,,2026-08-22T03:11:46Z,,CATALOG_STATUS,false
BETA-010,2026-08-23|WANGARATTA,2026-08-23|WANGARATTA|R1,2026-08-22T03:11:46Z,2026-08-23,Wangaratta,1,11,Sharp Remark,,14.00,,,,,,,EDGEiQ Price Pending,LADBROKES_CANONICAL_MARKET_V1,2026-08-21T22:14:54+00:00,governed,current,MARKET_UNAVAILABLE,LADBROKES_CANONICAL,,2026-08-22T03:11:46Z,,NO_PROVIDER_MATCH,false
BETA-010,2026-08-23|WANGARATTA,2026-08-23|WANGARATTA|R1,2026-08-22T03:11:46Z,2026-08-23,Wangaratta,1,12,Shes A Good Cause,6.05,51.00,,,,,136.52,-62.6%,Governed Price Context,LADBROKES_CANONICAL_MARKET_V1,2026-08-21T22:14:54+00:00,governed,current,MARKET_UNAVAILABLE,LADBROKES_CANONICAL,,2026-08-22T03:11:46Z,,NO_PROVIDER_MATCH,false
BETA-010,2026-08-23|WANGARATTA,2026-08-23|WANGARATTA|R1,2026-08-22T03:11:46Z,2026-08-23,Wangaratta,1,13,Thinking Positive,44.94,15.00,,,,,10.87,+38.0%,Governed Price Context,LADBROKES_CANONICAL_MARKET_V1,2026-08-21T22:14:54+00:00,governed,current,MARKET_UNAVAILABLE,LADBROKES_CANONICAL,,2026-08-22T03:11:46Z,,NO_PROVIDER_MATCH,false
BETA-010,2026-08-23|WANGARATTA,2026-08-23|WANGARATTA|R2,2026-08-22T03:11:46Z,2026-08-23,Wangaratta,2,1,Barrett Reef,,81.00,,,,,,,EDGEiQ Price Pending,LADBROKES_CANONICAL_MARKET_V1,2026-08-21T22:14:54+00:00,governed,current,MARKET_UNAVAILABLE,LADBROKES_CANONICAL,,2026-08-22T03:11:46Z,,NO_PROVIDER_MATCH,false
BETA-010,2026-08-23|WANGARATTA,2026-08-23|WANGARATTA|R2,2026-08-22T03:11:46Z,2026-08-23,Wangaratta,2,2,Kokonda,59.40,4.00,,,,,7.20,-44.4%,Governed Price Context,LADBROKES_CANONICAL_MARKET_V1,2026-08-21T22:14:54+00:00,governed,current,MARKET_UNAVAILABLE,LADBROKES_CANONICAL,,2026-08-22T03:11:46Z,,NO_PROVIDER_MATCH,false
BETA-010,2026-08-23|WANGARATTA,2026-08-23|WANGARATTA|R2,2026-08-22T03:11:46Z,2026-08-23,Wangaratta,2,3,Skilled Sailor,73.32,26.00,,,,,4.80,+441.7%,Governed Price Context,LADBROKES_CANONICAL_MARKET_V1,2026-08-21T22:14:54+00:00,governed,current,MARKET_UNAVAILABLE,LADBROKES_CANONICAL,,2026-08-22T03:11:46Z,,NO_PROVIDER_MATCH,false
BETA-010,2026-08-23|WANGARATTA,2026-08-23|WANGARATTA|R2,2026-08-22T03:11:46Z,2026-08-23,Wangaratta,2,4,The Archer,28.48,19.00,,,,,54.82,-65.3%,Governed Price Context,LADBROKES_CANONICAL_MARKET_V1,2026-08-21T22:14:54+00:00,governed,current,MARKET_UNAVAILABLE,LADBROKES_CANONICAL,,2026-08-22T03:11:46Z,,NO_PROVIDER_MATCH,false
BETA-010,2026-08-23|WANGARATTA,2026-08-23|WANGARATTA|R2,2026-08-22T03:11:46Z,2026-08-23,Wangaratta,2,5,Cosmic Command,53.29,16.00,,,,,9.01,+77.6%,Governed Price Context,LADBROKES_CANONICAL_MARKET_V1,2026-08-21T22:14:54+00:00,governed,current,MARKET_UNAVAILABLE,LADBROKES_CANONICAL,,2026-08-22T03:11:46Z,,NO_PROVIDER_MATCH,false
BETA-010,2026-08-23|WANGARATTA,2026-08-23|WANGARATTA|R2,2026-08-22T03:11:46Z,2026-08-23,Wangaratta,2,6,Hot Spirit,47.87,18.00,,,,,11.43,+57.5%,Governed Price Context,LADBROKES_CANONICAL_MARKET_V1,2026-08-21T22:14:54+00:00,governed,current,MARKET_UNAVAILABLE,LADBROKES_CANONICAL,,2026-08-22T03:11:46Z,,NO_PROVIDER_MATCH,false
BETA-010,2026-08-23|WANGARATTA,2026-08-23|WANGARATTA|R2,2026-08-22T03:11:46Z,2026-08-23,Wangaratta,2,7,I'lluvyoulongtime,,126.00,,,,,,,EDGEiQ Price Pending,LADBROKES_CANONICAL_MARKET_V1,2026-08-21T22:14:54+00:00,governed,current,MARKET_UNAVAILABLE,LADBROKES_CANONICAL,,2026-08-22T03:11:46Z,,NO_PROVIDER_MATCH,false
BETA-010,2026-08-23|WANGARATTA,2026-08-23|WANGARATTA|R2,2026-08-22T03:11:46Z,2026-08-23,Wangaratta,2,8,I'mfallinforyou,57.21,12.00,,,,,7.77,+54.4%,Governed Price Context,LADBROKES_CANONICAL_MARKET_V1,2026-08-21T22:14:54+00:00,governed,current,MARKET_UNAVAILABLE,LADBROKES_CANONICAL,,2026-08-22T03:11:46Z,,NO_PROVIDER_MATCH,false
BETA-010,2026-08-23|WANGARATTA,2026-08-23|WANGARATTA|R2,2026-08-22T03:11:46Z,2026-08-23,Wangaratta,2,9,Sister's Run,20.64,23.00,,,,,1038.36,-97.8%,Governed Price Context,LADBROKES_CANONICAL_MARKET_V1,2026-08-21T22:14:54+00:00,governed,current,MARKET_UNAVAILABLE,LADBROKES_CANONICAL,,2026-08-22T03:11:46Z,,NO_PROVIDER_MATCH,false
BETA-010,2026-08-23|WANGARATTA,2026-08-23|WANGARATTA|R2,2026-08-22T03:11:46Z,2026-08-23,Wangaratta,2,10,Xuxa Kiss,50.83,5.50,,,,,9.99,-44.9%,Governed Price Context,LADBROKES_CANONICAL_MARKET_V1,2026-08-21T22:14:54+00:00,governed,current,MARKET_UNAVAILABLE,LADBROKES_CANONICAL,,2026-08-22T03:11:46Z,,NO_PROVIDER_MATCH,false
BETA-010,2026-08-23|WANGARATTA,2026-08-23|WANGARATTA|R2,2026-08-22T03:11:46Z,2026-08-23,Wangaratta,2,11,You Said What,22.01,4.40,,,,,323.46,-98.6%,Governed Price Context,LADBROKES_CANONICAL_MARKET_V1,2026-08-21T22:14:54+00:00,governed,current,MARKET_UNAVAILABLE,LADBROKES_CANONICAL,,2026-08-22T03:11:46Z,,NO_PROVIDER_MATCH,false
BETA-010,2026-08-23|WANGARATTA,2026-08-23|WANGARATTA|R2,2026-08-22T03:11:46Z,2026-08-23,Wangaratta,2,12,Gilgeous,,5.50,,,,,,,EDGEiQ Price Pending,LADBROKES_CANONICAL_MARKET_V1,2026-08-21T22:14:54+00:00,governed,current,MARKET_UNAVAILABLE,LADBROKES_CANONICAL,,2026-08-22T03:11:46Z,,NO_PROVIDER_MATCH,false
BETA-010,2026-08-23|WANGARATTA,2026-08-23|WANGARATTA|R2,2026-08-22T03:11:46Z,2026-08-23,Wangaratta,2,13,The Cellist,46.27,17.00,,,,,12.36,+37.5%,Governed Price Context,LADBROKES_CANONICAL_MARKET_V1,2026-08-21T22:14:54+00:00,governed,current,MARKET_UNAVAILABLE,LADBROKES_CANONICAL,,2026-08-22T03:11:46Z,,NO_PROVIDER_MATCH,false
BETA-010,2026-08-23|WANGARATTA,2026-08-23|WANGARATTA|R2,2026-08-22T03:11:46Z,2026-08-23,Wangaratta,2,14,Rock The Vendi,,14.00,,,,,,,Scratched,LADBROKES_CANONICAL_MARKET_V1,2026-08-21T22:14:54+00:00,governed,scratched,SCRATCHED,LADBROKES_CANONICAL,,2026-08-22T03:11:46Z,,CATALOG_STATUS,false
BETA-010,2026-08-23|WANGARATTA,2026-08-23|WANGARATTA|R2,2026-08-22T03:11:46Z,2026-08-23,Wangaratta,2,15,Fierce Ruby,,61.00,,,,,,,EDGEiQ Price Pending,LADBROKES_CANONICAL_MARKET_V1,2026-08-21T22:14:54+00:00,governed,current,MARKET_UNAVAILABLE,LADBROKES_CANONICAL,,2026-08-22T03:11:46Z,,NO_PROVIDER_MATCH,false
BETA-010,2026-08-23|WANGARATTA,2026-08-23|WANGARATTA|R2,2026-08-22T03:11:46Z,2026-08-23,Wangaratta,2,16,Aniketos,,126.00,,,,,,,EDGEiQ Price Pending,LADBROKES_CANONICAL_MARKET_V1,2026-08-21T22:14:54+00:00,governed,current,MARKET_UNAVAILABLE,LADBROKES_CANONICAL,,2026-08-22T03:11:46Z,,NO_PROVIDER_MATCH,false
BETA-010,2026-08-23|WANGARATTA,2026-08-23|WANGARATTA|R2,2026-08-22T03:11:46Z,2026-08-23,Wangaratta,2,17,Lull Us Away,31.29,126.00,,,,,37.75,+233.8%,Governed Price Context,LADBROKES_CANONICAL_MARKET_V1,2026-08-21T22:14:54+00:00,governed,current,MARKET_UNAVAILABLE,LADBROKES_CANONICAL,,2026-08-22T03:11:46Z,,NO_PROVIDER_MATCH,false
BETA-010,2026-08-23|WANGARATTA,2026-08-23|WANGARATTA|R2,2026-08-22T03:11:46Z,2026-08-23,Wangaratta,2,18,Okeah,49.79,71.00,,,,,10.45,+579.4%,Governed Price Context,LADBROKES_CANONICAL_MARKET_V1,2026-08-21T22:14:54+00:00,governed,current,MARKET_UNAVAILABLE,LADBROKES_CANONICAL,,2026-08-22T03:11:46Z,,NO_PROVIDER_MATCH,false
BETA-010,2026-08-23|WANGARATTA,2026-08-23|WANGARATTA|R3,2026-08-22T03:11:46Z,2026-08-23,Wangaratta,3,1,Adieu Grasse,38.41,41.00,,,,,6.46,+534.7%,Governed Price Context,LADBROKES_CANONICAL_MARKET_V1,2026-08-21T22:14:54+00:00,governed,current,MARKET_UNAVAILABLE,LADBROKES_CANONICAL,,2026-08-22T03:11:46Z,,NO_PROVIDER_MATCH,false
BETA-010,2026-08-23|WANGARATTA,2026-08-23|WANGARATTA|R3,2026-08-22T03:11:46Z,2026-08-23,Wangaratta,3,2,Flood The Bar,32.85,81.00,,,,,9.61,+742.9%,Governed Price Context,LADBROKES_CANONICAL_MARKET_V1,2026-08-21T22:14:54+00:00,governed,current,MARKET_UNAVAILABLE,LADBROKES_CANONICAL,,2026-08-22T03:11:46Z,,NO_PROVIDER_MATCH,false
BETA-010,2026-08-23|WANGARATTA,2026-08-23|WANGARATTA|R3,2026-08-22T03:11:46Z,2026-08-23,Wangaratta,3,3,Kensington City,20.10,11.00,,,,,75.78,-85.5%,Governed Price Context,LADBROKES_CANONICAL_MARKET_V1,2026-08-21T22:14:54+00:00,governed,current,MARKET_UNAVAILABLE,LADBROKES_CANONICAL,,2026-08-22T03:11:46Z,,NO_PROVIDER_MATCH,false
BETA-010,2026-08-23|WANGARATTA,2026-08-23|WANGARATTA|R3,2026-08-22T03:11:46Z,2026-08-23,Wangaratta,3,4,Opinion Leader,,19.00,,,,,,,EDGEiQ Price Pending,LADBROKES_CANONICAL_MARKET_V1,2026-08-21T22:14:54+00:00,governed,current,MARKET_UNAVAILABLE,LADBROKES_CANONICAL,,2026-08-22T03:11:46Z,,NO_PROVIDER_MATCH,false
BETA-010,2026-08-23|WANGARATTA,2026-08-23|WANGARATTA|R3,2026-08-22T03:11:46Z,2026-08-23,Wangaratta,3,5,Bourdeto,17.57,8.00,,,,,415.17,-98.1%,Governed Price Context,LADBROKES_CANONICAL_MARKET_V1,2026-08-21T22:14:54+00:00,governed,current,MARKET_UNAVAILABLE,LADBROKES_CANONICAL,,2026-08-22T03:11:46Z,,NO_PROVIDER_MATCH,false
BETA-010,2026-08-23|WANGARATTA,2026-08-23|WANGARATTA|R3,2026-08-22T03:11:46Z,2026-08-23,Wangaratta,3,6,He Xiangu,,23.00,,,,,,,EDGEiQ Price Pending,LADBROKES_CANONICAL_MARKET_V1,2026-08-21T22:14:54+00:00,governed,current,MARKET_UNAVAILABLE,LADBROKES_CANONICAL,,2026-08-22T03:11:46Z,,NO_PROVIDER_MATCH,false
BETA-010,2026-08-23|WANGARATTA,2026-08-23|WANGARATTA|R3,2026-08-22T03:11:46Z,2026-08-23,Wangaratta,3,7,Miss Navratilova,47.95,6.50,,,,,3.96,+64.1%,Governed Price Context,LADBROKES_CANONICAL_MARKET_V1,2026-08-21T22:14:54+00:00,governed,current,MARKET_UNAVAILABLE,LADBROKES_CANONICAL,,2026-08-22T03:11:46Z,,NO_PROVIDER_MATCH,false
BETA-010,2026-08-23|WANGARATTA,2026-08-23|WANGARATTA|R3,2026-08-22T03:11:46Z,2026-08-23,Wangaratta,3,8,Naughty Jamie,,7.50,,,,,,,EDGEiQ Price Pending,LADBROKES_CANONICAL_MARKET_V1,2026-08-21T22:14:54+00:00,governed,current,MARKET_UNAVAILABLE,LADBROKES_CANONICAL,,2026-08-22T03:11:46Z,,NO_PROVIDER_MATCH,false
BETA-010,2026-08-23|WANGARATTA,2026-08-23|WANGARATTA|R3,2026-08-22T03:11:46Z,2026-08-23,Wangaratta,3,9,Some Comfort,,17.00,,,,,,,EDGEiQ Price Pending,LADBROKES_CANONICAL_MARKET_V1,2026-08-21T22:14:54+00:00,governed,current,MARKET_UNAVAILABLE,LADBROKES_CANONICAL,,2026-08-22T03:11:46Z,,NO_PROVIDER_MATCH,false
BETA-010,2026-08-23|WANGARATTA,2026-08-23|WANGARATTA|R3,2026-08-22T03:11:46Z,2026-08-23,Wangaratta,3,10,Cha Ching King,,1.80,,,,,,,EDGEiQ Price Pending,LADBROKES_CANONICAL_MARKET_V1,2026-08-21T22:14:54+00:00,governed,current,MARKET_UNAVAILABLE,LADBROKES_CANONICAL,,2026-08-22T03:11:46Z,,NO_PROVIDER_MATCH,false
BETA-010,2026-08-23|WANGARATTA,2026-08-23|WANGARATTA|R3,2026-08-22T03:11:46Z,2026-08-23,Wangaratta,3,11,Tallingas Avanti,,19.00,,,,,,,EDGEiQ Price Pending,LADBROKES_CANONICAL_MARKET_V1,2026-08-21T22:14:54+00:00,governed,current,MARKET_UNAVAILABLE,LADBROKES_CANONICAL,,2026-08-22T03:11:46Z,,NO_PROVIDER_MATCH,false
BETA-010,2026-08-23|WANGARATTA,2026-08-23|WANGARATTA|R3,2026-08-22T03:11:46Z,2026-08-23,Wangaratta,3,12,Agoraphobic,66.54,8.50,,,,,2.11,+302.8%,Scratched,LADBROKES_CANONICAL_MARKET_V1,2026-08-21T22:14:54+00:00,governed,scratched,SCRATCHED,LADBROKES_CANONICAL,,2026-08-22T03:11:46Z,,CATALOG_STATUS,false
BETA-010,2026-08-23|WANGARATTA,2026-08-23|WANGARATTA|R4,2026-08-22T03:11:46Z,2026-08-23,Wangaratta,4,1,Brazen Martini,42.79,34.00,,,,,13.27,+156.2%,Governed Price Context,LADBROKES_CANONICAL_MARKET_V1,2026-08-21T22:14:54+00:00,governed,current,MARKET_UNAVAILABLE,LADBROKES_CANONICAL,,2026-08-22T03:11:46Z,,NO_PROVIDER_MATCH,false
BETA-010,2026-08-23|WANGARATTA,2026-08-23|WANGARATTA|R4,2026-08-22T03:11:46Z,2026-08-23,Wangaratta,4,2,Cries And Whispers,52.66,4.80,,,,,9.01,-46.7%,Governed Price Context,LADBROKES_CANONICAL_MARKET_V1,2026-08-21T22:14:54+00:00,governed,current,MARKET_UNAVAILABLE,LADBROKES_CANONICAL,,2026-08-22T03:11:46Z,,NO_PROVIDER_MATCH,false
BETA-010,2026-08-23|WANGARATTA,2026-08-23|WANGARATTA|R4,2026-08-22T03:11:46Z,2026-08-23,Wangaratta,4,3,Tallingas Wisdom,,16.00,,,,,,,EDGEiQ Price Pending,LADBROKES_CANONICAL_MARKET_V1,2026-08-21T22:14:54+00:00,governed,current,MARKET_UNAVAILABLE,LADBROKES_CANONICAL,,2026-08-22T03:11:46Z,,NO_PROVIDER_MATCH,false
BETA-010,2026-08-23|WANGARATTA,2026-08-23|WANGARATTA|R4,2026-08-22T03:11:46Z,2026-08-23,Wangaratta,4,4,True Beauty,,81.00,,,,,,,EDGEiQ Price Pending,LADBROKES_CANONICAL_MARKET_V1,2026-08-21T22:14:54+00:00,governed,current,MARKET_UNAVAILABLE,LADBROKES_CANONICAL,,2026-08-22T03:11:46Z,,NO_PROVIDER_MATCH,false
BETA-010,2026-08-23|WANGARATTA,2026-08-23|WANGARATTA|R4,2026-08-22T03:11:46Z,2026-08-23,Wangaratta,4,5,Ying Moon,,21.00,,,,,,,EDGEiQ Price Pending,LADBROKES_CANONICAL_MARKET_V1,2026-08-21T22:14:54+00:00,governed,current,MARKET_UNAVAILABLE,LADBROKES_CANONICAL,,2026-08-22T03:11:46Z,,NO_PROVIDER_MATCH,false
BETA-010,2026-08-23|WANGARATTA,2026-08-23|WANGARATTA|R4,2026-08-22T03:11:46Z,2026-08-23,Wangaratta,4,6,Blue Valentine,58.74,16.00,,,,,7.43,+115.3%,Governed Price Context,LADBROKES_CANONICAL_MARKET_V1,2026-08-21T22:14:54+00:00,governed,current,MARKET_UNAVAILABLE,LADBROKES_CANONICAL,,2026-08-22T03:11:46Z,,NO_PROVIDER_MATCH,false
BETA-010,2026-08-23|WANGARATTA,2026-08-23|WANGARATTA|R4,2026-08-22T03:11:46Z,2026-08-23,Wangaratta,4,7,Frosted Amber,54.92,10.00,,,,,8.36,+19.6%,Governed Price Context,LADBROKES_CANONICAL_MARKET_V1,2026-08-21T22:14:54+00:00,governed,current,MARKET_UNAVAILABLE,LADBROKES_CANONICAL,,2026-08-22T03:11:46Z,,NO_PROVIDER_MATCH,false
BETA-010,2026-08-23|WANGARATTA,2026-08-23|WANGARATTA|R4,2026-08-22T03:11:46Z,2026-08-23,Wangaratta,4,8,Groan,,19.00,,,,,,,EDGEiQ Price Pending,LADBROKES_CANONICAL_MARKET_V1,2026-08-21T22:14:54+00:00,governed,current,MARKET_UNAVAILABLE,LADBROKES_CANONICAL,,2026-08-22T03:11:46Z,,NO_PROVIDER_MATCH,false
BETA-010,2026-08-23|WANGARATTA,2026-08-23|WANGARATTA|R4,2026-08-22T03:11:46Z,2026-08-23,Wangaratta,4,9,Love Wine,,31.00,,,,,,,EDGEiQ Price Pending,LADBROKES_CANONICAL_MARKET_V1,2026-08-21T22:14:54+00:00,governed,current,MARKET_UNAVAILABLE,LADBROKES_CANONICAL,,2026-08-22T03:11:46Z,,NO_PROVIDER_MATCH,false
BETA-010,2026-08-23|WANGARATTA,2026-08-23|WANGARATTA|R4,2026-08-22T03:11:46Z,2026-08-23,Wangaratta,4,10,Shows No Shame,58.50,16.00,,,,,7.48,+113.9%,Governed Price Context,LADBROKES_CANONICAL_MARKET_V1,2026-08-21T22:14:54+00:00,governed,current,MARKET_UNAVAILABLE,LADBROKES_CANONICAL,,2026-08-22T03:11:46Z,,NO_PROVIDER_MATCH,false
BETA-010,2026-08-23|WANGARATTA,2026-08-23|WANGARATTA|R4,2026-08-22T03:11:46Z,2026-08-23,Wangaratta,4,11,Snitchy,30.73,8.50,,,,,26.83,-68.3%,Governed Price Context,LADBROKES_CANONICAL_MARKET_V1,2026-08-21T22:14:54+00:00,governed,current,MARKET_UNAVAILABLE,LADBROKES_CANONICAL,,2026-08-22T03:11:46Z,,NO_PROVIDER_MATCH,false
BETA-010,2026-08-23|WANGARATTA,2026-08-23|WANGARATTA|R4,2026-08-22T03:11:46Z,2026-08-23,Wangaratta,4,12,Cultural Interest,,7.00,,,,,,,EDGEiQ Price Pending,LADBROKES_CANONICAL_MARKET_V1,2026-08-21T22:14:54+00:00,governed,current,MARKET_UNAVAILABLE,LADBROKES_CANONICAL,,2026-08-22T03:11:46Z,,NO_PROVIDER_MATCH,false
BETA-010,2026-08-23|WANGARATTA,2026-08-23|WANGARATTA|R4,2026-08-22T03:11:46Z,2026-08-23,Wangaratta,4,13,Jourama,37.55,3.00,,,,,17.25,-82.6%,Governed Price Context,LADBROKES_CANONICAL_MARKET_V1,2026-08-21T22:14:54+00:00,governed,current,MARKET_UNAVAILABLE,LADBROKES_CANONICAL,,2026-08-22T03:11:46Z,,NO_PROVIDER_MATCH,false
BETA-010,2026-08-23|WANGARATTA,2026-08-23|WANGARATTA|R4,2026-08-22T03:11:46Z,2026-08-23,Wangaratta,4,14,Whimsy Smile,45.98,2.25,,,,,11.57,-80.6%,Scratched,LADBROKES_CANONICAL_MARKET_V1,2026-08-21T22:14:54+00:00,governed,scratched,SCRATCHED,LADBROKES_CANONICAL,,2026-08-22T03:11:46Z,,CATALOG_STATUS,false
BETA-010,2026-08-23|WANGARATTA,2026-08-23|WANGARATTA|R4,2026-08-22T03:11:46Z,2026-08-23,Wangaratta,4,15,Mulgowie,40.98,61.00,,,,,14.45,+322.1%,Governed Price Context,LADBROKES_CANONICAL_MARKET_V1,2026-08-21T22:14:54+00:00,governed,current,MARKET_UNAVAILABLE,LADBROKES_CANONICAL,,2026-08-22T03:11:46Z,,NO_PROVIDER_MATCH,false
BETA-010,2026-08-23|WANGARATTA,2026-08-23|WANGARATTA|R4,2026-08-22T03:11:46Z,2026-08-23,Wangaratta,4,16,Wunderlust,14.10,81.00,,,,,1291.02,-93.7%,Governed Price Context,LADBROKES_CANONICAL_MARKET_V1,2026-08-21T22:14:54+00:00,governed,current,MARKET_UNAVAILABLE,LADBROKES_CANONICAL,,2026-08-22T03:11:46Z,,NO_PROVIDER_MATCH,false
BETA-010,2026-08-23|WANGARATTA,2026-08-23|WANGARATTA|R4,2026-08-22T03:11:46Z,2026-08-23,Wangaratta,4,17,Rock It Fuel,26.43,51.00,,,,,39.14,+30.3%,Scratched,LADBROKES_CANONICAL_MARKET_V1,2026-08-21T22:14:54+00:00,governed,scratched,SCRATCHED,LADBROKES_CANONICAL,,2026-08-22T03:11:46Z,,CATALOG_STATUS,false
BETA-010,2026-08-23|WANGARATTA,2026-08-23|WANGARATTA|R4,2026-08-22T03:11:46Z,2026-08-23,Wangaratta,4,18,Coachella Lass,27.00,34.00,,,,,36.97,-8.0%,Governed Price Context,LADBROKES_CANONICAL_MARKET_V1,2026-08-21T22:14:54+00:00,governed,current,MARKET_UNAVAILABLE,LADBROKES_CANONICAL,,2026-08-22T03:11:46Z,,NO_PROVIDER_MATCH,false
BETA-010,2026-08-23|WANGARATTA,2026-08-23|WANGARATTA|R4,2026-08-22T03:11:46Z,2026-08-23,Wangaratta,4,19,Valorada,55.36,71.00,,,,,8.24,+761.7%,Governed Price Context,LADBROKES_CANONICAL_MARKET_V1,2026-08-21T22:14:54+00:00,governed,current,MARKET_UNAVAILABLE,LADBROKES_CANONICAL,,2026-08-22T03:11:46Z,,NO_PROVIDER_MATCH,false
BETA-010,2026-08-23|WANGARATTA,2026-08-23|WANGARATTA|R5,2026-08-22T03:11:46Z,2026-08-23,Wangaratta,5,1,Paparazzo,63.01,7.50,,,,,10.94,-31.4%,Governed Price Context,LADBROKES_CANONICAL_MARKET_V1,2026-08-21T22:14:54+00:00,governed,current,MARKET_UNAVAILABLE,LADBROKES_CANONICAL,,2026-08-22T03:11:46Z,,NO_PROVIDER_MATCH,false
BETA-010,2026-08-23|WANGARATTA,2026-08-23|WANGARATTA|R5,2026-08-22T03:11:46Z,2026-08-23,Wangaratta,5,2,Raven's Silver,49.10,6.00,,,,,24.04,-75.0%,Governed Price Context,LADBROKES_CANONICAL_MARKET_V1,2026-08-21T22:14:54+00:00,governed,current,MARKET_UNAVAILABLE,LADBROKES_CANONICAL,,2026-08-22T03:11:46Z,,NO_PROVIDER_MATCH,false
BETA-010,2026-08-23|WANGARATTA,2026-08-23|WANGARATTA|R5,2026-08-22T03:11:46Z,2026-08-23,Wangaratta,5,3,Chicago Blues,37.92,3.80,,,,,94.03,-96.0%,Governed Price Context,LADBROKES_CANONICAL_MARKET_V1,2026-08-21T22:14:54+00:00,governed,current,MARKET_UNAVAILABLE,LADBROKES_CANONICAL,,2026-08-22T03:11:46Z,,NO_PROVIDER_MATCH,false
BETA-010,2026-08-23|WANGARATTA,2026-08-23|WANGARATTA|R5,2026-08-22T03:11:46Z,2026-08-23,Wangaratta,5,4,Shelly's Legacy,80.89,14.00,,,,,5.96,+134.9%,Governed Price Context,LADBROKES_CANONICAL_MARKET_V1,2026-08-21T22:14:54+00:00,governed,current,MARKET_UNAVAILABLE,LADBROKES_CANONICAL,,2026-08-22T03:11:46Z,,NO_PROVIDER_MATCH,false
BETA-010,2026-08-23|WANGARATTA,2026-08-23|WANGARATTA|R5,2026-08-22T03:11:46Z,2026-08-23,Wangaratta,5,5,Moonbird,44.27,16.00,,,,,37.08,-56.9%,Governed Price Context,LADBROKES_CANONICAL_MARKET_V1,2026-08-21T22:14:54+00:00,governed,current,MARKET_UNAVAILABLE,LADBROKES_CANONICAL,,2026-08-22T03:11:46Z,,NO_PROVIDER_MATCH,false
BETA-010,2026-08-23|WANGARATTA,2026-08-23|WANGARATTA|R5,2026-08-22T03:11:46Z,2026-08-23,Wangaratta,5,6,Racetothebottom,42.73,8.00,,,,,44.14,-81.9%,Governed Price Context,LADBROKES_CANONICAL_MARKET_V1,2026-08-21T22:14:54+00:00,governed,current,MARKET_UNAVAILABLE,LADBROKES_CANONICAL,,2026-08-22T03:11:46Z,,NO_PROVIDER_MATCH,false
BETA-010,2026-08-23|WANGARATTA,2026-08-23|WANGARATTA|R5,2026-08-22T03:11:46Z,2026-08-23,Wangaratta,5,7,Kentahten,32.52,17.00,,,,,1152.35,-98.5%,Governed Price Context,LADBROKES_CANONICAL_MARKET_V1,2026-08-21T22:14:54+00:00,governed,current,MARKET_UNAVAILABLE,LADBROKES_CANONICAL,,2026-08-22T03:11:46Z,,NO_PROVIDER_MATCH,false
BETA-010,2026-08-23|WANGARATTA,2026-08-23|WANGARATTA|R5,2026-08-22T03:11:46Z,2026-08-23,Wangaratta,5,8,Listening Is Doing,66.53,13.00,,,,,9.48,+37.1%,Governed Price Context,LADBROKES_CANONICAL_MARKET_V1,2026-08-21T22:14:54+00:00,governed,current,MARKET_UNAVAILABLE,LADBROKES_CANONICAL,,2026-08-22T03:11:46Z,,NO_PROVIDER_MATCH,false
BETA-010,2026-08-23|WANGARATTA,2026-08-23|WANGARATTA|R5,2026-08-22T03:11:46Z,2026-08-23,Wangaratta,5,9,Meet Me Halfway,74.72,8.00,,,,,7.14,+12.0%,Scratched,LADBROKES_CANONICAL_MARKET_V1,2026-08-21T22:14:54+00:00,governed,scratched,SCRATCHED,LADBROKES_CANONICAL,,2026-08-22T03:11:46Z,,CATALOG_STATUS,false
BETA-010,2026-08-23|WANGARATTA,2026-08-23|WANGARATTA|R5,2026-08-22T03:11:46Z,2026-08-23,Wangaratta,5,10,Densetsu,82.21,23.00,,,,,5.75,+300.0%,Governed Price Context,LADBROKES_CANONICAL_MARKET_V1,2026-08-21T22:14:54+00:00,governed,current,MARKET_UNAVAILABLE,LADBROKES_CANONICAL,,2026-08-22T03:11:46Z,,NO_PROVIDER_MATCH,false
BETA-010,2026-08-23|WANGARATTA,2026-08-23|WANGARATTA|R5,2026-08-22T03:11:46Z,2026-08-23,Wangaratta,5,11,Novel Approach,51.96,12.00,,,,,19.61,-38.8%,Governed Price Context,LADBROKES_CANONICAL_MARKET_V1,2026-08-21T22:14:54+00:00,governed,current,MARKET_UNAVAILABLE,LADBROKES_CANONICAL,,2026-08-22T03:11:46Z,,NO_PROVIDER_MATCH,false
BETA-010,2026-08-23|WANGARATTA,2026-08-23|WANGARATTA|R5,2026-08-22T03:11:46Z,2026-08-23,Wangaratta,5,12,Raging Monkey,61.48,20.00,,,,,11.70,+70.9%,Governed Price Context,LADBROKES_CANONICAL_MARKET_V1,2026-08-21T22:14:54+00:00,governed,current,MARKET_UNAVAILABLE,LADBROKES_CANONICAL,,2026-08-22T03:11:46Z,,NO_PROVIDER_MATCH,false
BETA-010,2026-08-23|WANGARATTA,2026-08-23|WANGARATTA|R5,2026-08-22T03:11:46Z,2026-08-23,Wangaratta,5,13,Miss Himalaya,33.52,8.50,,,,,452.06,-98.1%,Governed Price Context,LADBROKES_CANONICAL_MARKET_V1,2026-08-21T22:14:54+00:00,governed,current,MARKET_UNAVAILABLE,LADBROKES_CANONICAL,,2026-08-22T03:11:46Z,,NO_PROVIDER_MATCH,false
BETA-010,2026-08-23|WANGARATTA,2026-08-23|WANGARATTA|R5,2026-08-22T03:11:46Z,2026-08-23,Wangaratta,5,14,Balgowan,60.14,34.00,,,,,12.45,+173.1%,Governed Price Context,LADBROKES_CANONICAL_MARKET_V1,2026-08-21T22:14:54+00:00,governed,current,MARKET_UNAVAILABLE,LADBROKES_CANONICAL,,2026-08-22T03:11:46Z,,NO_PROVIDER_MATCH,false
BETA-010,2026-08-23|WANGARATTA,2026-08-23|WANGARATTA|R6,2026-08-22T03:11:46Z,2026-08-23,Wangaratta,6,1,Sabertooth,56.35,9.50,,,,,13.62,-30.2%,Governed Price Context,LADBROKES_CANONICAL_MARKET_V1,2026-08-21T22:14:54+00:00,governed,current,MARKET_UNAVAILABLE,LADBROKES_CANONICAL,,2026-08-22T03:11:46Z,,NO_PROVIDER_MATCH,false
BETA-010,2026-08-23|WANGARATTA,2026-08-23|WANGARATTA|R6,2026-08-22T03:11:46Z,2026-08-23,Wangaratta,6,2,Black Adam,66.53,23.00,,,,,7.42,+210.0%,Governed Price Context,LADBROKES_CANONICAL_MARKET_V1,2026-08-21T22:14:54+00:00,governed,current,MARKET_UNAVAILABLE,LADBROKES_CANONICAL,,2026-08-22T03:11:46Z,,NO_PROVIDER_MATCH,false
BETA-010,2026-08-23|WANGARATTA,2026-08-23|WANGARATTA|R6,2026-08-22T03:11:46Z,2026-08-23,Wangaratta,6,3,Eire To The Jungle,68.28,21.00,,,,,6.84,+207.0%,Governed Price Context,LADBROKES_CANONICAL_MARKET_V1,2026-08-21T22:14:54+00:00,governed,current,MARKET_UNAVAILABLE,LADBROKES_CANONICAL,,2026-08-22T03:11:46Z,,NO_PROVIDER_MATCH,false
BETA-010,2026-08-23|WANGARATTA,2026-08-23|WANGARATTA|R6,2026-08-22T03:11:46Z,2026-08-23,Wangaratta,6,4,Jumpinmycar,52.42,7.50,,,,,19.02,-60.6%,Governed Price Context,LADBROKES_CANONICAL_MARKET_V1,2026-08-21T22:14:54+00:00,governed,current,MARKET_UNAVAILABLE,LADBROKES_CANONICAL,,2026-08-22T03:11:46Z,,NO_PROVIDER_MATCH,false
BETA-010,2026-08-23|WANGARATTA,2026-08-23|WANGARATTA|R6,2026-08-22T03:11:46Z,2026-08-23,Wangaratta,6,5,Royal Infantry,62.56,11.00,,,,,9.12,+20.6%,Governed Price Context,LADBROKES_CANONICAL_MARKET_V1,2026-08-21T22:14:54+00:00,governed,current,MARKET_UNAVAILABLE,LADBROKES_CANONICAL,,2026-08-22T03:11:46Z,,NO_PROVIDER_MATCH,false
BETA-010,2026-08-23|WANGARATTA,2026-08-23|WANGARATTA|R6,2026-08-22T03:11:46Z,2026-08-23,Wangaratta,6,6,Hell's Itch,50.71,35.00,,,,,22.68,+54.3%,Governed Price Context,LADBROKES_CANONICAL_MARKET_V1,2026-08-21T22:14:54+00:00,governed,current,MARKET_UNAVAILABLE,LADBROKES_CANONICAL,,2026-08-22T03:11:46Z,,NO_PROVIDER_MATCH,false
BETA-010,2026-08-23|WANGARATTA,2026-08-23|WANGARATTA|R6,2026-08-22T03:11:46Z,2026-08-23,Wangaratta,6,7,Lord Porchester,47.73,35.00,,,,,33.01,+6.0%,Governed Price Context,LADBROKES_CANONICAL_MARKET_V1,2026-08-21T22:14:54+00:00,governed,current,MARKET_UNAVAILABLE,LADBROKES_CANONICAL,,2026-08-22T03:11:46Z,,NO_PROVIDER_MATCH,false
BETA-010,2026-08-23|WANGARATTA,2026-08-23|WANGARATTA|R6,2026-08-22T03:11:46Z,2026-08-23,Wangaratta,6,8,Turnaquid,66.62,12.00,,,,,7.39,+62.4%,Governed Price Context,LADBROKES_CANONICAL_MARKET_V1,2026-08-21T22:14:54+00:00,governed,current,MARKET_UNAVAILABLE,LADBROKES_CANONICAL,,2026-08-22T03:11:46Z,,NO_PROVIDER_MATCH,false
BETA-010,2026-08-23|WANGARATTA,2026-08-23|WANGARATTA|R6,2026-08-22T03:11:46Z,2026-08-23,Wangaratta,6,9,Brutify,52.69,4.80,,,,,18.54,-74.1%,Governed Price Context,LADBROKES_CANONICAL_MARKET_V1,2026-08-21T22:14:54+00:00,governed,current,MARKET_UNAVAILABLE,LADBROKES_CANONICAL,,2026-08-22T03:11:46Z,,NO_PROVIDER_MATCH,false
BETA-010,2026-08-23|WANGARATTA,2026-08-23|WANGARATTA|R6,2026-08-22T03:11:46Z,2026-08-23,Wangaratta,6,10,Jingu Express,39.42,27.00,,,,,670.43,-96.0%,Governed Price Context,LADBROKES_CANONICAL_MARKET_V1,2026-08-21T22:14:54+00:00,governed,current,MARKET_UNAVAILABLE,LADBROKES_CANONICAL,,2026-08-22T03:11:46Z,,NO_PROVIDER_MATCH,false
BETA-010,2026-08-23|WANGARATTA,2026-08-23|WANGARATTA|R6,2026-08-22T03:11:46Z,2026-08-23,Wangaratta,6,11,King's Taj,50.90,29.00,,,,,22.22,+30.5%,Governed Price Context,LADBROKES_CANONICAL_MARKET_V1,2026-08-21T22:14:54+00:00,governed,current,MARKET_UNAVAILABLE,LADBROKES_CANONICAL,,2026-08-22T03:11:46Z,,NO_PROVIDER_MATCH,false
BETA-010,2026-08-23|WANGARATTA,2026-08-23|WANGARATTA|R6,2026-08-22T03:11:46Z,2026-08-23,Wangaratta,6,12,Karumba Girl,50.13,26.00,,,,,24.21,+7.4%,Governed Price Context,LADBROKES_CANONICAL_MARKET_V1,2026-08-21T22:14:54+00:00,governed,current,MARKET_UNAVAILABLE,LADBROKES_CANONICAL,,2026-08-22T03:11:46Z,,NO_PROVIDER_MATCH,false
BETA-010,2026-08-23|WANGARATTA,2026-08-23|WANGARATTA|R6,2026-08-22T03:11:46Z,2026-08-23,Wangaratta,6,13,Baby Blue,,4.20,,,,,,,EDGEiQ Price Pending,LADBROKES_CANONICAL_MARKET_V1,2026-08-21T22:14:54+00:00,governed,current,MARKET_UNAVAILABLE,LADBROKES_CANONICAL,,2026-08-22T03:11:46Z,,NO_PROVIDER_MATCH,false
BETA-010,2026-08-23|WANGARATTA,2026-08-23|WANGARATTA|R6,2026-08-22T03:11:46Z,2026-08-23,Wangaratta,6,14,Friendzoned,46.35,4.80,,,,,40.99,-88.3%,Governed Price Context,LADBROKES_CANONICAL_MARKET_V1,2026-08-21T22:14:54+00:00,governed,current,MARKET_UNAVAILABLE,LADBROKES_CANONICAL,,2026-08-22T03:11:46Z,,NO_PROVIDER_MATCH,false
BETA-010,2026-08-23|WANGARATTA,2026-08-23|WANGARATTA|R6,2026-08-22T03:11:46Z,2026-08-23,Wangaratta,6,15,Mishima,62.20,16.00,,,,,9.30,+72.0%,Governed Price Context,LADBROKES_CANONICAL_MARKET_V1,2026-08-21T22:14:54+00:00,governed,current,MARKET_UNAVAILABLE,LADBROKES_CANONICAL,,2026-08-22T03:11:46Z,,NO_PROVIDER_MATCH,false
BETA-010,2026-08-23|WANGARATTA,2026-08-23|WANGARATTA|R7,2026-08-22T03:11:46Z,2026-08-23,Wangaratta,7,1,Black Frost,2.60,41.00,,,,,3136.66,-98.7%,Governed Price Context,LADBROKES_CANONICAL_MARKET_V1,2026-08-21T22:14:54+00:00,governed,current,MARKET_UNAVAILABLE,LADBROKES_CANONICAL,,2026-08-22T03:11:46Z,,NO_PROVIDER_MATCH,false
BETA-010,2026-08-23|WANGARATTA,2026-08-23|WANGARATTA|R7,2026-08-22T03:11:46Z,2026-08-23,Wangaratta,7,2,Immortalised,56.23,12.00,,,,,14.16,-15.3%,Governed Price Context,LADBROKES_CANONICAL_MARKET_V1,2026-08-21T22:14:54+00:00,governed,current,MARKET_UNAVAILABLE,LADBROKES_CANONICAL,,2026-08-22T03:11:46Z,,NO_PROVIDER_MATCH,false
BETA-010,2026-08-23|WANGARATTA,2026-08-23|WANGARATTA|R7,2026-08-22T03:11:46Z,2026-08-23,Wangaratta,7,3,Boss Boy,61.68,13.00,,,,,12.45,+4.4%,Governed Price Context,LADBROKES_CANONICAL_MARKET_V1,2026-08-21T22:14:54+00:00,governed,current,MARKET_UNAVAILABLE,LADBROKES_CANONICAL,,2026-08-22T03:11:46Z,,NO_PROVIDER_MATCH,false
BETA-010,2026-08-23|WANGARATTA,2026-08-23|WANGARATTA|R7,2026-08-22T03:11:46Z,2026-08-23,Wangaratta,7,4,The Quiet Immortal,52.06,5.50,,,,,15.76,-65.1%,Governed Price Context,LADBROKES_CANONICAL_MARKET_V1,2026-08-21T22:14:54+00:00,governed,current,MARKET_UNAVAILABLE,LADBROKES_CANONICAL,,2026-08-22T03:11:46Z,,NO_PROVIDER_MATCH,false
BETA-010,2026-08-23|WANGARATTA,2026-08-23|WANGARATTA|R7,2026-08-22T03:11:46Z,2026-08-23,Wangaratta,7,5,Ataegina,51.79,7.00,,,,,15.87,-55.9%,Governed Price Context,LADBROKES_CANONICAL_MARKET_V1,2026-08-21T22:14:54+00:00,governed,current,MARKET_UNAVAILABLE,LADBROKES_CANONICAL,,2026-08-22T03:11:46Z,,NO_PROVIDER_MATCH,false
BETA-010,2026-08-23|WANGARATTA,2026-08-23|WANGARATTA|R7,2026-08-22T03:11:46Z,2026-08-23,Wangaratta,7,6,North Terrace,39.79,35.00,,,,,22.95,+52.5%,Governed Price Context,LADBROKES_CANONICAL_MARKET_V1,2026-08-21T22:14:54+00:00,governed,current,MARKET_UNAVAILABLE,LADBROKES_CANONICAL,,2026-08-22T03:11:46Z,,NO_PROVIDER_MATCH,false
BETA-010,2026-08-23|WANGARATTA,2026-08-23|WANGARATTA|R7,2026-08-22T03:11:46Z,2026-08-23,Wangaratta,7,7,Sheer Lunacy,72.70,16.00,,,,,9.92,+61.3%,Governed Price Context,LADBROKES_CANONICAL_MARKET_V1,2026-08-21T22:14:54+00:00,governed,current,MARKET_UNAVAILABLE,LADBROKES_CANONICAL,,2026-08-22T03:11:46Z,,NO_PROVIDER_MATCH,false
BETA-010,2026-08-23|WANGARATTA,2026-08-23|WANGARATTA|R7,2026-08-22T03:11:46Z,2026-08-23,Wangaratta,7,8,Venus Shock,45.22,12.00,,,,,19.18,-37.4%,Governed Price Context,LADBROKES_CANONICAL_MARKET_V1,2026-08-21T22:14:54+00:00,governed,current,MARKET_UNAVAILABLE,LADBROKES_CANONICAL,,2026-08-22T03:11:46Z,,NO_PROVIDER_MATCH,false
BETA-010,2026-08-23|WANGARATTA,2026-08-23|WANGARATTA|R7,2026-08-22T03:11:46Z,2026-08-23,Wangaratta,7,9,Jenni Intiba,55.00,7.00,,,,,14.60,-52.1%,Governed Price Context,LADBROKES_CANONICAL_MARKET_V1,2026-08-21T22:14:54+00:00,governed,current,MARKET_UNAVAILABLE,LADBROKES_CANONICAL,,2026-08-22T03:11:46Z,,NO_PROVIDER_MATCH,false
BETA-010,2026-08-23|WANGARATTA,2026-08-23|WANGARATTA|R7,2026-08-22T03:11:46Z,2026-08-23,Wangaratta,7,10,King Incanto,35.04,6.50,,,,,27.46,-76.3%,Governed Price Context,LADBROKES_CANONICAL_MARKET_V1,2026-08-21T22:14:54+00:00,governed,current,MARKET_UNAVAILABLE,LADBROKES_CANONICAL,,2026-08-22T03:11:46Z,,NO_PROVIDER_MATCH,false
BETA-010,2026-08-23|WANGARATTA,2026-08-23|WANGARATTA|R7,2026-08-22T03:11:46Z,2026-08-23,Wangaratta,7,11,Queen Of Cordoba,69.00,8.50,,,,,10.66,-20.3%,Governed Price Context,LADBROKES_CANONICAL_MARKET_V1,2026-08-21T22:14:54+00:00,governed,current,MARKET_UNAVAILABLE,LADBROKES_CANONICAL,,2026-08-22T03:11:46Z,,NO_PROVIDER_MATCH,false
BETA-010,2026-08-23|WANGARATTA,2026-08-23|WANGARATTA|R7,2026-08-22T03:11:46Z,2026-08-23,Wangaratta,7,12,Dance Lady,39.45,41.00,,,,,23.23,+76.5%,Governed Price Context,LADBROKES_CANONICAL_MARKET_V1,2026-08-21T22:14:54+00:00,governed,current,MARKET_UNAVAILABLE,LADBROKES_CANONICAL,,2026-08-22T03:11:46Z,,NO_PROVIDER_MATCH,false
BETA-010,2026-08-23|WANGARATTA,2026-08-23|WANGARATTA|R7,2026-08-22T03:11:46Z,2026-08-23,Wangaratta,7,13,Queen Amanjena,64.54,9.00,,,,,11.69,-23.0%,Governed Price Context,LADBROKES_CANONICAL_MARKET_V1,2026-08-21T22:14:54+00:00,governed,current,MARKET_UNAVAILABLE,LADBROKES_CANONICAL,,2026-08-22T03:11:46Z,,NO_PROVIDER_MATCH,false
BETA-010,2026-08-23|WANGARATTA,2026-08-23|WANGARATTA|R7,2026-08-22T03:11:46Z,2026-08-23,Wangaratta,7,14,Acheter,32.12,19.00,,,,,31.06,-38.8%,Governed Price Context,LADBROKES_CANONICAL_MARKET_V1,2026-08-21T22:14:54+00:00,governed,current,MARKET_UNAVAILABLE,LADBROKES_CANONICAL,,2026-08-22T03:11:46Z,,NO_PROVIDER_MATCH,false
BETA-010,2026-08-23|WANGARATTA,2026-08-23|WANGARATTA|R7,2026-08-22T03:11:46Z,2026-08-23,Wangaratta,7,15,Vision Thing,64.50,19.00,,,,,11.70,+62.4%,Governed Price Context,LADBROKES_CANONICAL_MARKET_V1,2026-08-21T22:14:54+00:00,governed,current,MARKET_UNAVAILABLE,LADBROKES_CANONICAL,,2026-08-22T03:11:46Z,,NO_PROVIDER_MATCH,false
BETA-010,2026-08-23|WANGARATTA,2026-08-23|WANGARATTA|R7,2026-08-22T03:11:46Z,2026-08-23,Wangaratta,7,16,Toronova,61.95,71.00,,,,,12.38,+473.5%,Governed Price Context,LADBROKES_CANONICAL_MARKET_V1,2026-08-21T22:14:54+00:00,governed,current,MARKET_UNAVAILABLE,LADBROKES_CANONICAL,,2026-08-22T03:11:46Z,,NO_PROVIDER_MATCH,false
BETA-010,2026-08-23|WANGARATTA,2026-08-23|WANGARATTA|R8,2026-08-22T03:11:46Z,2026-08-23,Wangaratta,8,1,Compressing,57.29,6.50,,,,,13.52,-51.9%,Governed Price Context,LADBROKES_CANONICAL_MARKET_V1,2026-08-21T22:14:54+00:00,governed,current,MARKET_UNAVAILABLE,LADBROKES_CANONICAL,,2026-08-22T03:11:46Z,,NO_PROVIDER_MATCH,false
BETA-010,2026-08-23|WANGARATTA,2026-08-23|WANGARATTA|R8,2026-08-22T03:11:46Z,2026-08-23,Wangaratta,8,2,Lightning Flash,57.36,4.80,,,,,13.49,-64.4%,Governed Price Context,LADBROKES_CANONICAL_MARKET_V1,2026-08-21T22:14:54+00:00,governed,current,MARKET_UNAVAILABLE,LADBROKES_CANONICAL,,2026-08-22T03:11:46Z,,NO_PROVIDER_MATCH,false
BETA-010,2026-08-23|WANGARATTA,2026-08-23|WANGARATTA|R8,2026-08-22T03:11:46Z,2026-08-23,Wangaratta,8,3,First Day,62.30,,,,,,11.63,,Scratched,LADBROKES_CANONICAL_MARKET_V1,2026-08-22T03:11:46Z,governed,scratched,SCRATCHED,LADBROKES_CANONICAL,,2026-08-22T03:11:46Z,,CATALOG_STATUS,false
BETA-010,2026-08-23|WANGARATTA,2026-08-23|WANGARATTA|R8,2026-08-22T03:11:46Z,2026-08-23,Wangaratta,8,4,Just Landed,59.85,19.00,,,,,12.49,+52.1%,Governed Price Context,LADBROKES_CANONICAL_MARKET_V1,2026-08-21T22:14:54+00:00,governed,current,MARKET_UNAVAILABLE,LADBROKES_CANONICAL,,2026-08-22T03:11:46Z,,NO_PROVIDER_MATCH,false
BETA-010,2026-08-23|WANGARATTA,2026-08-23|WANGARATTA|R8,2026-08-22T03:11:46Z,2026-08-23,Wangaratta,8,5,Stole Him,45.39,9.00,,,,,21.07,-57.3%,Governed Price Context,LADBROKES_CANONICAL_MARKET_V1,2026-08-21T22:14:54+00:00,governed,current,MARKET_UNAVAILABLE,LADBROKES_CANONICAL,,2026-08-22T03:11:46Z,,NO_PROVIDER_MATCH,false
BETA-010,2026-08-23|WANGARATTA,2026-08-23|WANGARATTA|R8,2026-08-22T03:11:46Z,2026-08-23,Wangaratta,8,6,Dandruff,33.51,51.00,,,,,40.95,+24.5%,Governed Price Context,LADBROKES_CANONICAL_MARKET_V1,2026-08-21T22:14:54+00:00,governed,current,MARKET_UNAVAILABLE,LADBROKES_CANONICAL,,2026-08-22T03:11:46Z,,NO_PROVIDER_MATCH,false
BETA-010,2026-08-23|WANGARATTA,2026-08-23|WANGARATTA|R8,2026-08-22T03:11:46Z,2026-08-23,Wangaratta,8,7,Zeaction,53.82,8.00,,,,,15.17,-47.3%,Governed Price Context,LADBROKES_CANONICAL_MARKET_V1,2026-08-21T22:14:54+00:00,governed,current,MARKET_UNAVAILABLE,LADBROKES_CANONICAL,,2026-08-22T03:11:46Z,,NO_PROVIDER_MATCH,false
BETA-010,2026-08-23|WANGARATTA,2026-08-23|WANGARATTA|R8,2026-08-22T03:11:46Z,2026-08-23,Wangaratta,8,8,Idling Behind,51.68,7.00,,,,,16.37,-57.2%,Governed Price Context,LADBROKES_CANONICAL_MARKET_V1,2026-08-21T22:14:54+00:00,governed,current,MARKET_UNAVAILABLE,LADBROKES_CANONICAL,,2026-08-22T03:11:46Z,,NO_PROVIDER_MATCH,false
BETA-010,2026-08-23|WANGARATTA,2026-08-23|WANGARATTA|R8,2026-08-22T03:11:46Z,2026-08-23,Wangaratta,8,9,Pro Velocity,46.92,9.50,,,,,19.73,-51.8%,Governed Price Context,LADBROKES_CANONICAL_MARKET_V1,2026-08-21T22:14:54+00:00,governed,current,MARKET_UNAVAILABLE,LADBROKES_CANONICAL,,2026-08-22T03:11:46Z,,NO_PROVIDER_MATCH,false
BETA-010,2026-08-23|WANGARATTA,2026-08-23|WANGARATTA|R8,2026-08-22T03:11:46Z,2026-08-23,Wangaratta,8,10,Azeola,68.38,15.00,,,,,9.88,+51.8%,Governed Price Context,LADBROKES_CANONICAL_MARKET_V1,2026-08-21T22:14:54+00:00,governed,current,MARKET_UNAVAILABLE,LADBROKES_CANONICAL,,2026-08-22T03:11:46Z,,NO_PROVIDER_MATCH,false
BETA-010,2026-08-23|WANGARATTA,2026-08-23|WANGARATTA|R8,2026-08-22T03:11:46Z,2026-08-23,Wangaratta,8,11,Mozzoni,49.79,7.00,,,,,17.58,-60.2%,Governed Price Context,LADBROKES_CANONICAL_MARKET_V1,2026-08-21T22:14:54+00:00,governed,current,MARKET_UNAVAILABLE,LADBROKES_CANONICAL,,2026-08-22T03:11:46Z,,NO_PROVIDER_MATCH,false
BETA-010,2026-08-23|WANGARATTA,2026-08-23|WANGARATTA|R8,2026-08-22T03:11:46Z,2026-08-23,Wangaratta,8,12,Proven Record,50.69,8.00,,,,,16.98,-52.9%,Governed Price Context,LADBROKES_CANONICAL_MARKET_V1,2026-08-21T22:14:54+00:00,governed,current,MARKET_UNAVAILABLE,LADBROKES_CANONICAL,,2026-08-22T03:11:46Z,,NO_PROVIDER_MATCH,false
BETA-010,2026-08-23|WANGARATTA,2026-08-23|WANGARATTA|R8,2026-08-22T03:11:46Z,2026-08-23,Wangaratta,8,13,Just Dance,47.22,31.00,,,,,19.48,+59.1%,Governed Price Context,LADBROKES_CANONICAL_MARKET_V1,2026-08-21T22:14:54+00:00,governed,current,MARKET_UNAVAILABLE,LADBROKES_CANONICAL,,2026-08-22T03:11:46Z,,NO_PROVIDER_MATCH,false
BETA-010,2026-08-23|WANGARATTA,2026-08-23|WANGARATTA|R8,2026-08-22T03:11:46Z,2026-08-23,Wangaratta,8,14,Opus,60.97,9.00,,,,,12.09,-25.6%,Governed Price Context,LADBROKES_CANONICAL_MARKET_V1,2026-08-21T22:14:54+00:00,governed,current,MARKET_UNAVAILABLE,LADBROKES_CANONICAL,,2026-08-22T03:11:46Z,,NO_PROVIDER_MATCH,false
BETA-010,2026-08-23|WANGARATTA,2026-08-23|WANGARATTA|R8,2026-08-22T03:11:46Z,2026-08-23,Wangaratta,8,15,Ideelistic,45.19,14.00,,,,,21.26,-34.1%,Governed Price Context,LADBROKES_CANONICAL_MARKET_V1,2026-08-21T22:14:54+00:00,governed,current,MARKET_UNAVAILABLE,LADBROKES_CANONICAL,,2026-08-22T03:11:46Z,,NO_PROVIDER_MATCH,false
BETA-010,2026-08-23|WANGARATTA,2026-08-23|WANGARATTA|R8,2026-08-22T03:11:46Z,2026-08-23,Wangaratta,8,16,Bearbrassblackfish,15.82,23.00,,,,,2132.15,-98.9%,Governed Price Context,LADBROKES_CANONICAL_MARKET_V1,2026-08-21T22:14:54+00:00,governed,current,MARKET_UNAVAILABLE,LADBROKES_CANONICAL,,2026-08-22T03:11:46Z,,NO_PROVIDER_MATCH,false
BETA-010,2026-08-23|WANGARATTA,2026-08-23|WANGARATTA|R8,2026-08-22T03:11:46Z,2026-08-23,Wangaratta,8,17,Mana Combat,36.54,13.00,,,,,33.44,-61.1%,Governed Price Context,LADBROKES_CANONICAL_MARKET_V1,2026-08-21T22:14:54+00:00,governed,current,MARKET_UNAVAILABLE,LADBROKES_CANONICAL,,2026-08-22T03:11:46Z,,NO_PROVIDER_MATCH,false
BETA-010,2026-08-23|WANGARATTA,2026-08-23|WANGARATTA|R8,2026-08-22T03:11:46Z,2026-08-23,Wangaratta,8,18,Sardius,22.93,67.00,,,,,126.58,-47.1%,Governed Price Context,LADBROKES_CANONICAL_MARKET_V1,2026-08-21T22:14:54+00:00,governed,current,MARKET_UNAVAILABLE,LADBROKES_CANONICAL,,2026-08-22T03:11:46Z,,NO_PROVIDER_MATCH,false
BETA-010,2026-08-24|PAKENHAM,2026-08-24|PAKENHAM|R1,2026-08-22T03:11:46Z,2026-08-24,Pakenham Synthetic,1,1,Bluejet,,,,,,,,,Pending Market,THREE_DAY_PRODUCT_CATALOG_V1,2026-08-22T03:11:46Z,unavailable,pending_market,MARKET_UNAVAILABLE,UNAVAILABLE,,2026-08-22T03:11:46Z,,MARKET_UNAVAILABLE,false
BETA-010,2026-08-24|PAKENHAM,2026-08-24|PAKENHAM|R1,2026-08-22T03:11:46Z,2026-08-24,Pakenham Synthetic,1,2,Doublet,,,,,,,1889.18,,Pending Market,THREE_DAY_PRODUCT_CATALOG_V1,2026-08-22T03:11:46Z,governed,current,MARKET_UNAVAILABLE,UNAVAILABLE,,2026-08-22T03:11:46Z,,MARKET_UNAVAILABLE,false
BETA-010,2026-08-24|PAKENHAM,2026-08-24|PAKENHAM|R1,2026-08-22T03:11:46Z,2026-08-24,Pakenham Synthetic,1,3,Dr Well,,,,,,,,,Pending Market,THREE_DAY_PRODUCT_CATALOG_V1,2026-08-22T03:11:46Z,unavailable,pending_market,MARKET_UNAVAILABLE,UNAVAILABLE,,2026-08-22T03:11:46Z,,MARKET_UNAVAILABLE,false
BETA-010,2026-08-24|PAKENHAM,2026-08-24|PAKENHAM|R1,2026-08-22T03:11:46Z,2026-08-24,Pakenham Synthetic,1,4,Hit Squad,59.98,,,,,,7.35,,Pending Market,THREE_DAY_PRODUCT_CATALOG_V1,2026-08-22T03:11:46Z,governed,current,MARKET_UNAVAILABLE,UNAVAILABLE,,2026-08-22T03:11:46Z,,MARKET_UNAVAILABLE,false
BETA-010,2026-08-24|PAKENHAM,2026-08-24|PAKENHAM|R1,2026-08-22T03:11:46Z,2026-08-24,Pakenham Synthetic,1,5,Marquisard,53.69,,,,,,8.51,,Pending Market,THREE_DAY_PRODUCT_CATALOG_V1,2026-08-22T03:11:46Z,governed,current,MARKET_UNAVAILABLE,UNAVAILABLE,,2026-08-22T03:11:46Z,,MARKET_UNAVAILABLE,false
BETA-010,2026-08-24|PAKENHAM,2026-08-24|PAKENHAM|R1,2026-08-22T03:11:46Z,2026-08-24,Pakenham Synthetic,1,6,Precambrian,53.00,,,,,,8.66,,Pending Market,THREE_DAY_PRODUCT_CATALOG_V1,2026-08-22T03:11:46Z,governed,current,MARKET_UNAVAILABLE,UNAVAILABLE,,2026-08-22T03:11:46Z,,MARKET_UNAVAILABLE,false
BETA-010,2026-08-24|PAKENHAM,2026-08-24|PAKENHAM|R1,2026-08-22T03:11:46Z,2026-08-24,Pakenham Synthetic,1,7,Vespasian,65.85,,,,,,6.49,,Pending Market,THREE_DAY_PRODUCT_CATALOG_V1,2026-08-22T03:11:46Z,governed,current,MARKET_UNAVAILABLE,UNAVAILABLE,,2026-08-22T03:11:46Z,,MARKET_UNAVAILABLE,false
BETA-010,2026-08-24|PAKENHAM,2026-08-24|PAKENHAM|R1,2026-08-22T03:11:46Z,2026-08-24,Pakenham Synthetic,1,8,Miss Shiino,51.14,,,,,,9.08,,Pending Market,THREE_DAY_PRODUCT_CATALOG_V1,2026-08-22T03:11:46Z,governed,current,MARKET_UNAVAILABLE,UNAVAILABLE,,2026-08-22T03:11:46Z,,MARKET_UNAVAILABLE,false
BETA-010,2026-08-24|PAKENHAM,2026-08-24|PAKENHAM|R1,2026-08-22T03:11:46Z,2026-08-24,Pakenham Synthetic,1,9,Rising Nine Top,27.55,,,,,,20.47,,Pending Market,THREE_DAY_PRODUCT_CATALOG_V1,2026-08-22T03:11:46Z,governed,current,MARKET_UNAVAILABLE,UNAVAILABLE,,2026-08-22T03:11:46Z,,MARKET_UNAVAILABLE,false
BETA-010,2026-08-24|PAKENHAM,2026-08-24|PAKENHAM|R1,2026-08-22T03:11:46Z,2026-08-24,Pakenham Synthetic,1,10,Tiger Fox,6.83,,,,,,117.51,,Pending Market,THREE_DAY_PRODUCT_CATALOG_V1,2026-08-22T03:11:46Z,governed,current,MARKET_UNAVAILABLE,UNAVAILABLE,,2026-08-22T03:11:46Z,,MARKET_UNAVAILABLE,false
BETA-010,2026-08-24|PAKENHAM,2026-08-24|PAKENHAM|R1,2026-08-22T03:11:46Z,2026-08-24,Pakenham Synthetic,1,11,Bobinette,,,,,,,,,Pending Market,THREE_DAY_PRODUCT_CATALOG_V1,2026-08-22T03:11:46Z,unavailable,pending_market,MARKET_UNAVAILABLE,UNAVAILABLE,,2026-08-22T03:11:46Z,,MARKET_UNAVAILABLE,false
BETA-010,2026-08-24|PAKENHAM,2026-08-24|PAKENHAM|R1,2026-08-22T03:11:46Z,2026-08-24,Pakenham Synthetic,1,12,Zoumania,47.57,,,,,,9.99,,Pending Market,THREE_DAY_PRODUCT_CATALOG_V1,2026-08-22T03:11:46Z,governed,current,MARKET_UNAVAILABLE,UNAVAILABLE,,2026-08-22T03:11:46Z,,MARKET_UNAVAILABLE,false
BETA-010,2026-08-24|PAKENHAM,2026-08-24|PAKENHAM|R1,2026-08-22T03:11:46Z,2026-08-24,Pakenham Synthetic,1,13,Diamond Storm,,,,,,,,,Pending Market,THREE_DAY_PRODUCT_CATALOG_V1,2026-08-22T03:11:46Z,unavailable,pending_market,MARKET_UNAVAILABLE,UNAVAILABLE,,2026-08-22T03:11:46Z,,MARKET_UNAVAILABLE,false
BETA-010,2026-08-24|PAKENHAM,2026-08-24|PAKENHAM|R1,2026-08-22T03:11:46Z,2026-08-24,Pakenham Synthetic,1,14,Ask The Captain,68.30,,,,,,6.18,,Pending Market,THREE_DAY_PRODUCT_CATALOG_V1,2026-08-22T03:11:46Z,governed,current,MARKET_UNAVAILABLE,UNAVAILABLE,,2026-08-22T03:11:46Z,,MARKET_UNAVAILABLE,false
BETA-010,2026-08-24|PAKENHAM,2026-08-24|PAKENHAM|R1,2026-08-22T03:11:46Z,2026-08-24,Pakenham Synthetic,1,15,Composite Action,26.83,,,,,,21.19,,Pending Market,THREE_DAY_PRODUCT_CATALOG_V1,2026-08-22T03:11:46Z,governed,current,MARKET_UNAVAILABLE,UNAVAILABLE,,2026-08-22T03:11:46Z,,MARKET_UNAVAILABLE,false
BETA-010,2026-08-24|PAKENHAM,2026-08-24|PAKENHAM|R2,2026-08-22T03:11:46Z,2026-08-24,Pakenham Synthetic,2,1,Aubaine,24.93,,,,,,96.89,,Pending Market,THREE_DAY_PRODUCT_CATALOG_V1,2026-08-22T03:11:46Z,governed,current,MARKET_UNAVAILABLE,UNAVAILABLE,,2026-08-22T03:11:46Z,,MARKET_UNAVAILABLE,false
BETA-010,2026-08-24|PAKENHAM,2026-08-24|PAKENHAM|R2,2026-08-22T03:11:46Z,2026-08-24,Pakenham Synthetic,2,2,Duperouzel,61.95,,,,,,9.34,,Pending Market,THREE_DAY_PRODUCT_CATALOG_V1,2026-08-22T03:11:46Z,governed,current,MARKET_UNAVAILABLE,UNAVAILABLE,,2026-08-22T03:11:46Z,,MARKET_UNAVAILABLE,false
BETA-010,2026-08-24|PAKENHAM,2026-08-24|PAKENHAM|R2,2026-08-22T03:11:46Z,2026-08-24,Pakenham Synthetic,2,3,Just Desserts,,,,,,,,,Pending Market,THREE_DAY_PRODUCT_CATALOG_V1,2026-08-22T03:11:46Z,unavailable,pending_market,MARKET_UNAVAILABLE,UNAVAILABLE,,2026-08-22T03:11:46Z,,MARKET_UNAVAILABLE,false
BETA-010,2026-08-24|PAKENHAM,2026-08-24|PAKENHAM|R2,2026-08-22T03:11:46Z,2026-08-24,Pakenham Synthetic,2,4,Lollie's Galore,65.61,,,,,,8.40,,Pending Market,THREE_DAY_PRODUCT_CATALOG_V1,2026-08-22T03:11:46Z,governed,current,MARKET_UNAVAILABLE,UNAVAILABLE,,2026-08-22T03:11:46Z,,MARKET_UNAVAILABLE,false
BETA-010,2026-08-24|PAKENHAM,2026-08-24|PAKENHAM|R2,2026-08-22T03:11:46Z,2026-08-24,Pakenham Synthetic,2,5,Mr Margolin,59.47,,,,,,10.08,,Pending Market,THREE_DAY_PRODUCT_CATALOG_V1,2026-08-22T03:11:46Z,governed,current,MARKET_UNAVAILABLE,UNAVAILABLE,,2026-08-22T03:11:46Z,,MARKET_UNAVAILABLE,false
BETA-010,2026-08-24|PAKENHAM,2026-08-24|PAKENHAM|R2,2026-08-22T03:11:46Z,2026-08-24,Pakenham Synthetic,2,6,Pete The Prophet,20.88,,,,,,253.41,,Pending Market,THREE_DAY_PRODUCT_CATALOG_V1,2026-08-22T03:11:46Z,governed,current,MARKET_UNAVAILABLE,UNAVAILABLE,,2026-08-22T03:11:46Z,,MARKET_UNAVAILABLE,false
BETA-010,2026-08-24|PAKENHAM,2026-08-24|PAKENHAM|R2,2026-08-22T03:11:46Z,2026-08-24,Pakenham Synthetic,2,7,Aurora's Belt,51.75,,,,,,13.21,,Pending Market,THREE_DAY_PRODUCT_CATALOG_V1,2026-08-22T03:11:46Z,governed,current,MARKET_UNAVAILABLE,UNAVAILABLE,,2026-08-22T03:11:46Z,,MARKET_UNAVAILABLE,false
BETA-010,2026-08-24|PAKENHAM,2026-08-24|PAKENHAM|R2,2026-08-22T03:11:46Z,2026-08-24,Pakenham Synthetic,2,8,Laurel Bay,49.88,,,,,,14.24,,Pending Market,THREE_DAY_PRODUCT_CATALOG_V1,2026-08-22T03:11:46Z,governed,current,MARKET_UNAVAILABLE,UNAVAILABLE,,2026-08-22T03:11:46Z,,MARKET_UNAVAILABLE,false
BETA-010,2026-08-24|PAKENHAM,2026-08-24|PAKENHAM|R2,2026-08-22T03:11:46Z,2026-08-24,Pakenham Synthetic,2,9,Tennessee Link,43.98,,,,,,18.59,,Pending Market,THREE_DAY_PRODUCT_CATALOG_V1,2026-08-22T03:11:46Z,governed,current,MARKET_UNAVAILABLE,UNAVAILABLE,,2026-08-22T03:11:46Z,,MARKET_UNAVAILABLE,false
BETA-010,2026-08-24|PAKENHAM,2026-08-24|PAKENHAM|R2,2026-08-22T03:11:46Z,2026-08-24,Pakenham Synthetic,2,10,Thinker,64.65,,,,,,8.63,,Pending Market,THREE_DAY_PRODUCT_CATALOG_V1,2026-08-22T03:11:46Z,governed,current,MARKET_UNAVAILABLE,UNAVAILABLE,,2026-08-22T03:11:46Z,,MARKET_UNAVAILABLE,false
BETA-010,2026-08-24|PAKENHAM,2026-08-24|PAKENHAM|R2,2026-08-22T03:11:46Z,2026-08-24,Pakenham Synthetic,2,11,Calabrisella Mia,,,,,,,,,Pending Market,THREE_DAY_PRODUCT_CATALOG_V1,2026-08-22T03:11:46Z,unavailable,pending_market,MARKET_UNAVAILABLE,UNAVAILABLE,,2026-08-22T03:11:46Z,,MARKET_UNAVAILABLE,false
BETA-010,2026-08-24|PAKENHAM,2026-08-24|PAKENHAM|R2,2026-08-22T03:11:46Z,2026-08-24,Pakenham Synthetic,2,12,Tears Of Happiness,72.12,,,,,,7.09,,Pending Market,THREE_DAY_PRODUCT_CATALOG_V1,2026-08-22T03:11:46Z,governed,current,MARKET_UNAVAILABLE,UNAVAILABLE,,2026-08-22T03:11:46Z,,MARKET_UNAVAILABLE,false
BETA-010,2026-08-24|PAKENHAM,2026-08-24|PAKENHAM|R2,2026-08-22T03:11:46Z,2026-08-24,Pakenham Synthetic,2,13,Challenging,,,,,,,,,Pending Market,THREE_DAY_PRODUCT_CATALOG_V1,2026-08-22T03:11:46Z,unavailable,pending_market,MARKET_UNAVAILABLE,UNAVAILABLE,,2026-08-22T03:11:46Z,,MARKET_UNAVAILABLE,false
BETA-010,2026-08-24|PAKENHAM,2026-08-24|PAKENHAM|R2,2026-08-22T03:11:46Z,2026-08-24,Pakenham Synthetic,2,14,Neville Bartos,37.73,,,,,,26.52,,Pending Market,THREE_DAY_PRODUCT_CATALOG_V1,2026-08-22T03:11:46Z,governed,current,MARKET_UNAVAILABLE,UNAVAILABLE,,2026-08-22T03:11:46Z,,MARKET_UNAVAILABLE,false
BETA-010,2026-08-24|PAKENHAM,2026-08-24|PAKENHAM|R2,2026-08-22T03:11:46Z,2026-08-24,Pakenham Synthetic,2,15,Torzannie,36.63,,,,,,28.55,,Pending Market,THREE_DAY_PRODUCT_CATALOG_V1,2026-08-22T03:11:46Z,governed,current,MARKET_UNAVAILABLE,UNAVAILABLE,,2026-08-22T03:11:46Z,,MARKET_UNAVAILABLE,false
BETA-010,2026-08-24|PAKENHAM,2026-08-24|PAKENHAM|R2,2026-08-22T03:11:46Z,2026-08-24,Pakenham Synthetic,2,16,Proffer,55.15,,,,,,11.65,,Pending Market,THREE_DAY_PRODUCT_CATALOG_V1,2026-08-22T03:11:46Z,governed,current,MARKET_UNAVAILABLE,UNAVAILABLE,,2026-08-22T03:11:46Z,,MARKET_UNAVAILABLE,false
BETA-010,2026-08-24|PAKENHAM,2026-08-24|PAKENHAM|R2,2026-08-22T03:11:46Z,2026-08-24,Pakenham Synthetic,2,17,Thinkimacelebrity,40.51,,,,,,22.38,,Pending Market,THREE_DAY_PRODUCT_CATALOG_V1,2026-08-22T03:11:46Z,governed,current,MARKET_UNAVAILABLE,UNAVAILABLE,,2026-08-22T03:11:46Z,,MARKET_UNAVAILABLE,false
BETA-010,2026-08-24|PAKENHAM,2026-08-24|PAKENHAM|R2,2026-08-22T03:11:46Z,2026-08-24,Pakenham Synthetic,2,18,Embodiment,17.98,,,,,,1591.34,,Pending Market,THREE_DAY_PRODUCT_CATALOG_V1,2026-08-22T03:11:46Z,governed,current,MARKET_UNAVAILABLE,UNAVAILABLE,,2026-08-22T03:11:46Z,,MARKET_UNAVAILABLE,false
BETA-010,2026-08-24|PAKENHAM,2026-08-24|PAKENHAM|R3,2026-08-22T03:11:46Z,2026-08-24,Pakenham Synthetic,3,1,No Ombrays,,,,,,,,,Pending Market,THREE_DAY_PRODUCT_CATALOG_V1,2026-08-22T03:11:46Z,unavailable,pending_market,MARKET_UNAVAILABLE,UNAVAILABLE,,2026-08-22T03:11:46Z,,MARKET_UNAVAILABLE,false
BETA-010,2026-08-24|PAKENHAM,2026-08-24|PAKENHAM|R3,2026-08-22T03:11:46Z,2026-08-24,Pakenham Synthetic,3,2,Rhencullen,,,,,,,,,Pending Market,THREE_DAY_PRODUCT_CATALOG_V1,2026-08-22T03:11:46Z,unavailable,pending_market,MARKET_UNAVAILABLE,UNAVAILABLE,,2026-08-22T03:11:46Z,,MARKET_UNAVAILABLE,false
BETA-010,2026-08-24|PAKENHAM,2026-08-24|PAKENHAM|R3,2026-08-22T03:11:46Z,2026-08-24,Pakenham Synthetic,3,3,Rock It Fuel,26.43,,,,,,6.53,,Scratched,THREE_DAY_PRODUCT_CATALOG_V1,2026-08-22T03:11:46Z,governed,scratched,MARKET_UNAVAILABLE,UNAVAILABLE,,2026-08-22T03:11:46Z,,MARKET_UNAVAILABLE,false
BETA-010,2026-08-24|PAKENHAM,2026-08-24|PAKENHAM|R3,2026-08-22T03:11:46Z,2026-08-24,Pakenham Synthetic,3,4,Alodie,8.12,,,,,,355.38,,Pending Market,THREE_DAY_PRODUCT_CATALOG_V1,2026-08-22T03:11:46Z,governed,current,MARKET_UNAVAILABLE,UNAVAILABLE,,2026-08-22T03:11:46Z,,MARKET_UNAVAILABLE,false
BETA-010,2026-08-24|PAKENHAM,2026-08-24|PAKENHAM|R3,2026-08-22T03:11:46Z,2026-08-24,Pakenham Synthetic,3,5,My Destiny,,,,,,,,,Pending Market,THREE_DAY_PRODUCT_CATALOG_V1,2026-08-22T03:11:46Z,unavailable,pending_market,MARKET_UNAVAILABLE,UNAVAILABLE,,2026-08-22T03:11:46Z,,MARKET_UNAVAILABLE,false
BETA-010,2026-08-24|PAKENHAM,2026-08-24|PAKENHAM|R3,2026-08-22T03:11:46Z,2026-08-24,Pakenham Synthetic,3,6,Spin Class,31.27,,,,,,4.83,,Pending Market,THREE_DAY_PRODUCT_CATALOG_V1,2026-08-22T03:11:46Z,governed,current,MARKET_UNAVAILABLE,UNAVAILABLE,,2026-08-22T03:11:46Z,,MARKET_UNAVAILABLE,false
BETA-010,2026-08-24|PAKENHAM,2026-08-24|PAKENHAM|R3,2026-08-22T03:11:46Z,2026-08-24,Pakenham Synthetic,3,7,Yellowknife,,,,,,,,,Pending Market,THREE_DAY_PRODUCT_CATALOG_V1,2026-08-22T03:11:46Z,unavailable,pending_market,MARKET_UNAVAILABLE,UNAVAILABLE,,2026-08-22T03:11:46Z,,MARKET_UNAVAILABLE,false
BETA-010,2026-08-24|PAKENHAM,2026-08-24|PAKENHAM|R3,2026-08-22T03:11:46Z,2026-08-24,Pakenham Synthetic,3,8,Independant Lad,,,,,,,,,Pending Market,THREE_DAY_PRODUCT_CATALOG_V1,2026-08-22T03:11:46Z,unavailable,pending_market,MARKET_UNAVAILABLE,UNAVAILABLE,,2026-08-22T03:11:46Z,,MARKET_UNAVAILABLE,false
BETA-010,2026-08-24|PAKENHAM,2026-08-24|PAKENHAM|R3,2026-08-22T03:11:46Z,2026-08-24,Pakenham Synthetic,3,9,Whyte Light,,,,,,,,,Pending Market,THREE_DAY_PRODUCT_CATALOG_V1,2026-08-22T03:11:46Z,unavailable,pending_market,MARKET_UNAVAILABLE,UNAVAILABLE,,2026-08-22T03:11:46Z,,MARKET_UNAVAILABLE,false
BETA-010,2026-08-24|PAKENHAM,2026-08-24|PAKENHAM|R3,2026-08-22T03:11:46Z,2026-08-24,Pakenham Synthetic,3,10,Aryna,50.61,,,,,,2.18,,Pending Market,THREE_DAY_PRODUCT_CATALOG_V1,2026-08-22T03:11:46Z,governed,current,MARKET_UNAVAILABLE,UNAVAILABLE,,2026-08-22T03:11:46Z,,MARKET_UNAVAILABLE,false
BETA-010,2026-08-24|PAKENHAM,2026-08-24|PAKENHAM|R3,2026-08-22T03:11:46Z,2026-08-24,Pakenham Synthetic,3,11,Pragmatic Lady,,,,,,,,,Pending Market,THREE_DAY_PRODUCT_CATALOG_V1,2026-08-22T03:11:46Z,unavailable,pending_market,MARKET_UNAVAILABLE,UNAVAILABLE,,2026-08-22T03:11:46Z,,MARKET_UNAVAILABLE,false
BETA-010,2026-08-24|PAKENHAM,2026-08-24|PAKENHAM|R3,2026-08-22T03:11:46Z,2026-08-24,Pakenham Synthetic,3,12,Veloce Grigio,,,,,,,,,Pending Market,THREE_DAY_PRODUCT_CATALOG_V1,2026-08-22T03:11:46Z,unavailable,pending_market,MARKET_UNAVAILABLE,UNAVAILABLE,,2026-08-22T03:11:46Z,,MARKET_UNAVAILABLE,false
BETA-010,2026-08-24|PAKENHAM,2026-08-24|PAKENHAM|R3,2026-08-22T03:11:46Z,2026-08-24,Pakenham Synthetic,3,13,Gemofsixteencarats,28.00,,,,,,5.88,,Pending Market,THREE_DAY_PRODUCT_CATALOG_V1,2026-08-22T03:11:46Z,governed,current,MARKET_UNAVAILABLE,UNAVAILABLE,,2026-08-22T03:11:46Z,,MARKET_UNAVAILABLE,false
BETA-010,2026-08-24|PAKENHAM,2026-08-24|PAKENHAM|R3,2026-08-22T03:11:46Z,2026-08-24,Pakenham Synthetic,3,14,Native Spirit,9.43,,,,,,115.44,,Pending Market,THREE_DAY_PRODUCT_CATALOG_V1,2026-08-22T03:11:46Z,governed,current,MARKET_UNAVAILABLE,UNAVAILABLE,,2026-08-22T03:11:46Z,,MARKET_UNAVAILABLE,false
BETA-010,2026-08-24|PAKENHAM,2026-08-24|PAKENHAM|R4,2026-08-22T03:11:46Z,2026-08-24,Pakenham Synthetic,4,1,Covert Mission,55.41,,,,,,7.82,,Pending Market,THREE_DAY_PRODUCT_CATALOG_V1,2026-08-22T03:11:46Z,governed,current,MARKET_UNAVAILABLE,UNAVAILABLE,,2026-08-22T03:11:46Z,,MARKET_UNAVAILABLE,false
BETA-010,2026-08-24|PAKENHAM,2026-08-24|PAKENHAM|R4,2026-08-22T03:11:46Z,2026-08-24,Pakenham Synthetic,4,2,Planet Mars,41.60,,,,,,13.34,,Pending Market,THREE_DAY_PRODUCT_CATALOG_V1,2026-08-22T03:11:46Z,governed,current,MARKET_UNAVAILABLE,UNAVAILABLE,,2026-08-22T03:11:46Z,,MARKET_UNAVAILABLE,false
BETA-010,2026-08-24|PAKENHAM,2026-08-24|PAKENHAM|R4,2026-08-22T03:11:46Z,2026-08-24,Pakenham Synthetic,4,3,Rock About,47.00,,,,,,10.55,,Pending Market,THREE_DAY_PRODUCT_CATALOG_V1,2026-08-22T03:11:46Z,governed,current,MARKET_UNAVAILABLE,UNAVAILABLE,,2026-08-22T03:11:46Z,,MARKET_UNAVAILABLE,false
BETA-010,2026-08-24|PAKENHAM,2026-08-24|PAKENHAM|R4,2026-08-22T03:11:46Z,2026-08-24,Pakenham Synthetic,4,4,Spiderman,31.04,,,,,,24.92,,Pending Market,THREE_DAY_PRODUCT_CATALOG_V1,2026-08-22T03:11:46Z,governed,current,MARKET_UNAVAILABLE,UNAVAILABLE,,2026-08-22T03:11:46Z,,MARKET_UNAVAILABLE,false
BETA-010,2026-08-24|PAKENHAM,2026-08-24|PAKENHAM|R4,2026-08-22T03:11:46Z,2026-08-24,Pakenham Synthetic,4,5,Miss Exceptional,36.67,,,,,,17.24,,Pending Market,THREE_DAY_PRODUCT_CATALOG_V1,2026-08-22T03:11:46Z,governed,current,MARKET_UNAVAILABLE,UNAVAILABLE,,2026-08-22T03:11:46Z,,MARKET_UNAVAILABLE,false
BETA-010,2026-08-24|PAKENHAM,2026-08-24|PAKENHAM|R4,2026-08-22T03:11:46Z,2026-08-24,Pakenham Synthetic,4,6,Myhomecomingqueen,53.87,,,,,,8.23,,Pending Market,THREE_DAY_PRODUCT_CATALOG_V1,2026-08-22T03:11:46Z,governed,current,MARKET_UNAVAILABLE,UNAVAILABLE,,2026-08-22T03:11:46Z,,MARKET_UNAVAILABLE,false
BETA-010,2026-08-24|PAKENHAM,2026-08-24|PAKENHAM|R4,2026-08-22T03:11:46Z,2026-08-24,Pakenham Synthetic,4,7,Wunderlust,14.10,,,,,,1227.79,,Pending Market,THREE_DAY_PRODUCT_CATALOG_V1,2026-08-22T03:11:46Z,governed,current,MARKET_UNAVAILABLE,UNAVAILABLE,,2026-08-22T03:11:46Z,,MARKET_UNAVAILABLE,false
BETA-010,2026-08-24|PAKENHAM,2026-08-24|PAKENHAM|R4,2026-08-22T03:11:46Z,2026-08-24,Pakenham Synthetic,4,8,Finardi,,,,,,,,,Pending Market,THREE_DAY_PRODUCT_CATALOG_V1,2026-08-22T03:11:46Z,unavailable,pending_market,MARKET_UNAVAILABLE,UNAVAILABLE,,2026-08-22T03:11:46Z,,MARKET_UNAVAILABLE,false
BETA-010,2026-08-24|PAKENHAM,2026-08-24|PAKENHAM|R4,2026-08-22T03:11:46Z,2026-08-24,Pakenham Synthetic,4,9,Master Dubois,20.15,,,,,,87.92,,Pending Market,THREE_DAY_PRODUCT_CATALOG_V1,2026-08-22T03:11:46Z,governed,current,MARKET_UNAVAILABLE,UNAVAILABLE,,2026-08-22T03:11:46Z,,MARKET_UNAVAILABLE,false
BETA-010,2026-08-24|PAKENHAM,2026-08-24|PAKENHAM|R4,2026-08-22T03:11:46Z,2026-08-24,Pakenham Synthetic,4,10,Written Empire,,,,,,,,,Pending Market,THREE_DAY_PRODUCT_CATALOG_V1,2026-08-22T03:11:46Z,unavailable,pending_market,MARKET_UNAVAILABLE,UNAVAILABLE,,2026-08-22T03:11:46Z,,MARKET_UNAVAILABLE,false
BETA-010,2026-08-24|PAKENHAM,2026-08-24|PAKENHAM|R4,2026-08-22T03:11:46Z,2026-08-24,Pakenham Synthetic,4,11,Nikitria,22.50,,,,,,59.62,,Pending Market,THREE_DAY_PRODUCT_CATALOG_V1,2026-08-22T03:11:46Z,governed,current,MARKET_UNAVAILABLE,UNAVAILABLE,,2026-08-22T03:11:46Z,,MARKET_UNAVAILABLE,false
BETA-010,2026-08-24|PAKENHAM,2026-08-24|PAKENHAM|R4,2026-08-22T03:11:46Z,2026-08-24,Pakenham Synthetic,4,12,Tag The Bride,74.81,,,,,,4.70,,Pending Market,THREE_DAY_PRODUCT_CATALOG_V1,2026-08-22T03:11:46Z,governed,current,MARKET_UNAVAILABLE,UNAVAILABLE,,2026-08-22T03:11:46Z,,MARKET_UNAVAILABLE,false
BETA-010,2026-08-24|PAKENHAM,2026-08-24|PAKENHAM|R4,2026-08-22T03:11:46Z,2026-08-24,Pakenham Synthetic,4,13,Moonlight Romance,47.95,,,,,,10.17,,Pending Market,THREE_DAY_PRODUCT_CATALOG_V1,2026-08-22T03:11:46Z,governed,current,MARKET_UNAVAILABLE,UNAVAILABLE,,2026-08-22T03:11:46Z,,MARKET_UNAVAILABLE,false
BETA-010,2026-08-24|PAKENHAM,2026-08-24|PAKENHAM|R4,2026-08-22T03:11:46Z,2026-08-24,Pakenham Synthetic,4,14,Mr Nipper,50.81,,,,,,9.14,,Pending Market,THREE_DAY_PRODUCT_CATALOG_V1,2026-08-22T03:11:46Z,governed,current,MARKET_UNAVAILABLE,UNAVAILABLE,,2026-08-22T03:11:46Z,,MARKET_UNAVAILABLE,false
BETA-010,2026-08-24|PAKENHAM,2026-08-24|PAKENHAM|R4,2026-08-22T03:11:46Z,2026-08-24,Pakenham Synthetic,4,15,Cowboykickedfive,28.70,,,,,,30.09,,Pending Market,THREE_DAY_PRODUCT_CATALOG_V1,2026-08-22T03:11:46Z,governed,current,MARKET_UNAVAILABLE,UNAVAILABLE,,2026-08-22T03:11:46Z,,MARKET_UNAVAILABLE,false
BETA-010,2026-08-24|PAKENHAM,2026-08-24|PAKENHAM|R5,2026-08-22T03:11:46Z,2026-08-24,Pakenham Synthetic,5,1,Deputy John Stone,48.22,,,,,,7.44,,Pending Market,THREE_DAY_PRODUCT_CATALOG_V1,2026-08-22T03:11:46Z,governed,current,MARKET_UNAVAILABLE,UNAVAILABLE,,2026-08-22T03:11:46Z,,MARKET_UNAVAILABLE,false
BETA-010,2026-08-24|PAKENHAM,2026-08-24|PAKENHAM|R5,2026-08-22T03:11:46Z,2026-08-24,Pakenham Synthetic,5,2,Graybach,,,,,,,,,Pending Market,THREE_DAY_PRODUCT_CATALOG_V1,2026-08-22T03:11:46Z,unavailable,pending_market,MARKET_UNAVAILABLE,UNAVAILABLE,,2026-08-22T03:11:46Z,,MARKET_UNAVAILABLE,false
BETA-010,2026-08-24|PAKENHAM,2026-08-24|PAKENHAM|R5,2026-08-22T03:11:46Z,2026-08-24,Pakenham Synthetic,5,3,Ottalaus,49.13,,,,,,7.26,,Pending Market,THREE_DAY_PRODUCT_CATALOG_V1,2026-08-22T03:11:46Z,governed,current,MARKET_UNAVAILABLE,UNAVAILABLE,,2026-08-22T03:11:46Z,,MARKET_UNAVAILABLE,false
BETA-010,2026-08-24|PAKENHAM,2026-08-24|PAKENHAM|R5,2026-08-22T03:11:46Z,2026-08-24,Pakenham Synthetic,5,4,Ziggy Bama,,,,,,,,,Pending Market,THREE_DAY_PRODUCT_CATALOG_V1,2026-08-22T03:11:46Z,unavailable,pending_market,MARKET_UNAVAILABLE,UNAVAILABLE,,2026-08-22T03:11:46Z,,MARKET_UNAVAILABLE,false
BETA-010,2026-08-24|PAKENHAM,2026-08-24|PAKENHAM|R5,2026-08-22T03:11:46Z,2026-08-24,Pakenham Synthetic,5,5,Seaticflash,,,,,,,,,Pending Market,THREE_DAY_PRODUCT_CATALOG_V1,2026-08-22T03:11:46Z,unavailable,pending_market,MARKET_UNAVAILABLE,UNAVAILABLE,,2026-08-22T03:11:46Z,,MARKET_UNAVAILABLE,false
BETA-010,2026-08-24|PAKENHAM,2026-08-24|PAKENHAM|R5,2026-08-22T03:11:46Z,2026-08-24,Pakenham Synthetic,5,6,The Troubleshooter,,,,,,,1432.19,,Pending Market,THREE_DAY_PRODUCT_CATALOG_V1,2026-08-22T03:11:46Z,governed,current,MARKET_UNAVAILABLE,UNAVAILABLE,,2026-08-22T03:11:46Z,,MARKET_UNAVAILABLE,false
BETA-010,2026-08-24|PAKENHAM,2026-08-24|PAKENHAM|R5,2026-08-22T03:11:46Z,2026-08-24,Pakenham Synthetic,5,7,Afterthegoldrush,,,,,,,,,Pending Market,THREE_DAY_PRODUCT_CATALOG_V1,2026-08-22T03:11:46Z,unavailable,pending_market,MARKET_UNAVAILABLE,UNAVAILABLE,,2026-08-22T03:11:46Z,,MARKET_UNAVAILABLE,false
BETA-010,2026-08-24|PAKENHAM,2026-08-24|PAKENHAM|R5,2026-08-22T03:11:46Z,2026-08-24,Pakenham Synthetic,5,8,Golden Cicada,,,,,,,,,Pending Market,THREE_DAY_PRODUCT_CATALOG_V1,2026-08-22T03:11:46Z,unavailable,pending_market,MARKET_UNAVAILABLE,UNAVAILABLE,,2026-08-22T03:11:46Z,,MARKET_UNAVAILABLE,false
BETA-010,2026-08-24|PAKENHAM,2026-08-24|PAKENHAM|R5,2026-08-22T03:11:46Z,2026-08-24,Pakenham Synthetic,5,9,Hopeful Champion,,,,,,,,,Pending Market,THREE_DAY_PRODUCT_CATALOG_V1,2026-08-22T03:11:46Z,unavailable,pending_market,MARKET_UNAVAILABLE,UNAVAILABLE,,2026-08-22T03:11:46Z,,MARKET_UNAVAILABLE,false
BETA-010,2026-08-24|PAKENHAM,2026-08-24|PAKENHAM|R5,2026-08-22T03:11:46Z,2026-08-24,Pakenham Synthetic,5,10,Nafsika,,,,,,,,,Pending Market,THREE_DAY_PRODUCT_CATALOG_V1,2026-08-22T03:11:46Z,unavailable,pending_market,MARKET_UNAVAILABLE,UNAVAILABLE,,2026-08-22T03:11:46Z,,MARKET_UNAVAILABLE,false
BETA-010,2026-08-24|PAKENHAM,2026-08-24|PAKENHAM|R5,2026-08-22T03:11:46Z,2026-08-24,Pakenham Synthetic,5,11,Roses For Rita,,,,,,,,,Pending Market,THREE_DAY_PRODUCT_CATALOG_V1,2026-08-22T03:11:46Z,unavailable,pending_market,MARKET_UNAVAILABLE,UNAVAILABLE,,2026-08-22T03:11:46Z,,MARKET_UNAVAILABLE,false
BETA-010,2026-08-24|PAKENHAM,2026-08-24|PAKENHAM|R5,2026-08-22T03:11:46Z,2026-08-24,Pakenham Synthetic,5,12,Sweet Kanzai,,,,,,,,,Pending Market,THREE_DAY_PRODUCT_CATALOG_V1,2026-08-22T03:11:46Z,unavailable,pending_market,MARKET_UNAVAILABLE,UNAVAILABLE,,2026-08-22T03:11:46Z,,MARKET_UNAVAILABLE,false
BETA-010,2026-08-24|PAKENHAM,2026-08-24|PAKENHAM|R5,2026-08-22T03:11:46Z,2026-08-24,Pakenham Synthetic,5,13,Dance The Boogie,49.10,,,,,,7.26,,Pending Market,THREE_DAY_PRODUCT_CATALOG_V1,2026-08-22T03:11:46Z,governed,current,MARKET_UNAVAILABLE,UNAVAILABLE,,2026-08-22T03:11:46Z,,MARKET_UNAVAILABLE,false
BETA-010,2026-08-24|PAKENHAM,2026-08-24|PAKENHAM|R5,2026-08-22T03:11:46Z,2026-08-24,Pakenham Synthetic,5,14,Flamingo Flyer,42.59,,,,,,8.77,,Pending Market,THREE_DAY_PRODUCT_CATALOG_V1,2026-08-22T03:11:46Z,governed,current,MARKET_UNAVAILABLE,UNAVAILABLE,,2026-08-22T03:11:46Z,,MARKET_UNAVAILABLE,false
BETA-010,2026-08-24|PAKENHAM,2026-08-24|PAKENHAM|R5,2026-08-22T03:11:46Z,2026-08-24,Pakenham Synthetic,5,15,Certain Impact,34.35,,,,,,11.63,,Pending Market,THREE_DAY_PRODUCT_CATALOG_V1,2026-08-22T03:11:46Z,governed,current,MARKET_UNAVAILABLE,UNAVAILABLE,,2026-08-22T03:11:46Z,,MARKET_UNAVAILABLE,false
BETA-010,2026-08-24|PAKENHAM,2026-08-24|PAKENHAM|R5,2026-08-22T03:11:46Z,2026-08-24,Pakenham Synthetic,5,16,Sheer Panic,47.08,,,,,,7.68,,Pending Market,THREE_DAY_PRODUCT_CATALOG_V1,2026-08-22T03:11:46Z,governed,current,MARKET_UNAVAILABLE,UNAVAILABLE,,2026-08-22T03:11:46Z,,MARKET_UNAVAILABLE,false
BETA-010,2026-08-24|PAKENHAM,2026-08-24|PAKENHAM|R5,2026-08-22T03:11:46Z,2026-08-24,Pakenham Synthetic,5,17,Immortal Diva,46.65,,,,,,7.77,,Pending Market,THREE_DAY_PRODUCT_CATALOG_V1,2026-08-22T03:11:46Z,governed,current,MARKET_UNAVAILABLE,UNAVAILABLE,,2026-08-22T03:11:46Z,,MARKET_UNAVAILABLE,false
BETA-010,2026-08-24|PAKENHAM,2026-08-24|PAKENHAM|R5,2026-08-22T03:11:46Z,2026-08-24,Pakenham Synthetic,5,18,Sneaky Russian,47.19,,,,,,7.66,,Pending Market,THREE_DAY_PRODUCT_CATALOG_V1,2026-08-22T03:11:46Z,governed,current,MARKET_UNAVAILABLE,UNAVAILABLE,,2026-08-22T03:11:46Z,,MARKET_UNAVAILABLE,false
BETA-010,2026-08-24|PAKENHAM,2026-08-24|PAKENHAM|R6,2026-08-22T03:11:46Z,2026-08-24,Pakenham Synthetic,6,1,Bold Print,54.94,,,,,,9.02,,Pending Market,THREE_DAY_PRODUCT_CATALOG_V1,2026-08-22T03:11:46Z,governed,current,MARKET_UNAVAILABLE,UNAVAILABLE,,2026-08-22T03:11:46Z,,MARKET_UNAVAILABLE,false
BETA-010,2026-08-24|PAKENHAM,2026-08-24|PAKENHAM|R6,2026-08-22T03:11:46Z,2026-08-24,Pakenham Synthetic,6,2,Watten Assett,65.63,,,,,,6.39,,Pending Market,THREE_DAY_PRODUCT_CATALOG_V1,2026-08-22T03:11:46Z,governed,current,MARKET_UNAVAILABLE,UNAVAILABLE,,2026-08-22T03:11:46Z,,MARKET_UNAVAILABLE,false
BETA-010,2026-08-24|PAKENHAM,2026-08-24|PAKENHAM|R6,2026-08-22T03:11:46Z,2026-08-24,Pakenham Synthetic,6,3,Machinist,51.33,,,,,,10.37,,Pending Market,THREE_DAY_PRODUCT_CATALOG_V1,2026-08-22T03:11:46Z,governed,current,MARKET_UNAVAILABLE,UNAVAILABLE,,2026-08-22T03:11:46Z,,MARKET_UNAVAILABLE,false
BETA-010,2026-08-24|PAKENHAM,2026-08-24|PAKENHAM|R6,2026-08-22T03:11:46Z,2026-08-24,Pakenham Synthetic,6,4,Elonia,54.70,,,,,,9.10,,Pending Market,THREE_DAY_PRODUCT_CATALOG_V1,2026-08-22T03:11:46Z,governed,current,MARKET_UNAVAILABLE,UNAVAILABLE,,2026-08-22T03:11:46Z,,MARKET_UNAVAILABLE,false
BETA-010,2026-08-24|PAKENHAM,2026-08-24|PAKENHAM|R6,2026-08-22T03:11:46Z,2026-08-24,Pakenham Synthetic,6,5,Asmita,74.58,,,,,,5.06,,Pending Market,THREE_DAY_PRODUCT_CATALOG_V1,2026-08-22T03:11:46Z,governed,current,MARKET_UNAVAILABLE,UNAVAILABLE,,2026-08-22T03:11:46Z,,MARKET_UNAVAILABLE,false
BETA-010,2026-08-24|PAKENHAM,2026-08-24|PAKENHAM|R6,2026-08-22T03:11:46Z,2026-08-24,Pakenham Synthetic,6,6,Eternal Joy,66.20,,,,,,6.29,,Pending Market,THREE_DAY_PRODUCT_CATALOG_V1,2026-08-22T03:11:46Z,governed,current,MARKET_UNAVAILABLE,UNAVAILABLE,,2026-08-22T03:11:46Z,,MARKET_UNAVAILABLE,false
BETA-010,2026-08-24|PAKENHAM,2026-08-24|PAKENHAM|R6,2026-08-22T03:11:46Z,2026-08-24,Pakenham Synthetic,6,7,Monsoon Reins,35.55,,,,,,24.75,,Pending Market,THREE_DAY_PRODUCT_CATALOG_V1,2026-08-22T03:11:46Z,governed,current,MARKET_UNAVAILABLE,UNAVAILABLE,,2026-08-22T03:11:46Z,,MARKET_UNAVAILABLE,false
BETA-010,2026-08-24|PAKENHAM,2026-08-24|PAKENHAM|R6,2026-08-22T03:11:46Z,2026-08-24,Pakenham Synthetic,6,8,Talk Of Dakota,19.12,,,,,,1172.62,,Pending Market,THREE_DAY_PRODUCT_CATALOG_V1,2026-08-22T03:11:46Z,governed,current,MARKET_UNAVAILABLE,UNAVAILABLE,,2026-08-22T03:11:46Z,,MARKET_UNAVAILABLE,false
BETA-010,2026-08-24|PAKENHAM,2026-08-24|PAKENHAM|R6,2026-08-22T03:11:46Z,2026-08-24,Pakenham Synthetic,6,9,Tartan Queen,59.16,,,,,,7.79,,Pending Market,THREE_DAY_PRODUCT_CATALOG_V1,2026-08-22T03:11:46Z,governed,current,MARKET_UNAVAILABLE,UNAVAILABLE,,2026-08-22T03:11:46Z,,MARKET_UNAVAILABLE,false
BETA-010,2026-08-24|PAKENHAM,2026-08-24|PAKENHAM|R7,2026-08-22T03:11:46Z,2026-08-24,Pakenham Synthetic,7,1,Magnardo,26.95,,,,,,75.15,,Pending Market,THREE_DAY_PRODUCT_CATALOG_V1,2026-08-22T03:11:46Z,governed,current,MARKET_UNAVAILABLE,UNAVAILABLE,,2026-08-22T03:11:46Z,,MARKET_UNAVAILABLE,false
BETA-010,2026-08-24|PAKENHAM,2026-08-24|PAKENHAM|R7,2026-08-22T03:11:46Z,2026-08-24,Pakenham Synthetic,7,2,King's Coronation,63.65,,,,,,5.70,,Pending Market,THREE_DAY_PRODUCT_CATALOG_V1,2026-08-22T03:11:46Z,governed,current,MARKET_UNAVAILABLE,UNAVAILABLE,,2026-08-22T03:11:46Z,,MARKET_UNAVAILABLE,false
BETA-010,2026-08-24|PAKENHAM,2026-08-24|PAKENHAM|R7,2026-08-22T03:11:46Z,2026-08-24,Pakenham Synthetic,7,3,Kingsbury,38.60,,,,,,18.47,,Pending Market,THREE_DAY_PRODUCT_CATALOG_V1,2026-08-22T03:11:46Z,governed,current,MARKET_UNAVAILABLE,UNAVAILABLE,,2026-08-22T03:11:46Z,,MARKET_UNAVAILABLE,false
BETA-010,2026-08-24|PAKENHAM,2026-08-24|PAKENHAM|R7,2026-08-22T03:11:46Z,2026-08-24,Pakenham Synthetic,7,4,Premium Return,53.21,,,,,,8.29,,Pending Market,THREE_DAY_PRODUCT_CATALOG_V1,2026-08-22T03:11:46Z,governed,current,MARKET_UNAVAILABLE,UNAVAILABLE,,2026-08-22T03:11:46Z,,MARKET_UNAVAILABLE,false
BETA-010,2026-08-24|PAKENHAM,2026-08-24|PAKENHAM|R7,2026-08-22T03:11:46Z,2026-08-24,Pakenham Synthetic,7,5,Flying Mean,58.75,,,,,,6.71,,Pending Market,THREE_DAY_PRODUCT_CATALOG_V1,2026-08-22T03:11:46Z,governed,current,MARKET_UNAVAILABLE,UNAVAILABLE,,2026-08-22T03:11:46Z,,MARKET_UNAVAILABLE,false
BETA-010,2026-08-24|PAKENHAM,2026-08-24|PAKENHAM|R7,2026-08-22T03:11:46Z,2026-08-24,Pakenham Synthetic,7,6,Starmae,74.23,,,,,,4.24,,Pending Market,THREE_DAY_PRODUCT_CATALOG_V1,2026-08-22T03:11:46Z,governed,current,MARKET_UNAVAILABLE,UNAVAILABLE,,2026-08-22T03:11:46Z,,MARKET_UNAVAILABLE,false
BETA-010,2026-08-24|PAKENHAM,2026-08-24|PAKENHAM|R7,2026-08-22T03:11:46Z,2026-08-24,Pakenham Synthetic,7,7,Magic Money,23.32,,,,,,233.80,,Pending Market,THREE_DAY_PRODUCT_CATALOG_V1,2026-08-22T03:11:46Z,governed,current,MARKET_UNAVAILABLE,UNAVAILABLE,,2026-08-22T03:11:46Z,,MARKET_UNAVAILABLE,false
BETA-010,2026-08-24|PAKENHAM,2026-08-24|PAKENHAM|R7,2026-08-22T03:11:46Z,2026-08-24,Pakenham Synthetic,7,8,Adiuro,47.85,,,,,,10.56,,Pending Market,THREE_DAY_PRODUCT_CATALOG_V1,2026-08-22T03:11:46Z,governed,current,MARKET_UNAVAILABLE,UNAVAILABLE,,2026-08-22T03:11:46Z,,MARKET_UNAVAILABLE,false
BETA-010,2026-08-24|PAKENHAM,2026-08-24|PAKENHAM|R7,2026-08-22T03:11:46Z,2026-08-24,Pakenham Synthetic,7,9,I'm Helro,44.12,,,,,,12.88,,Pending Market,THREE_DAY_PRODUCT_CATALOG_V1,2026-08-22T03:11:46Z,governed,current,MARKET_UNAVAILABLE,UNAVAILABLE,,2026-08-22T03:11:46Z,,MARKET_UNAVAILABLE,false
BETA-010,2026-08-24|PAKENHAM,2026-08-24|PAKENHAM|R7,2026-08-22T03:11:46Z,2026-08-24,Pakenham Synthetic,7,10,Dissalto,21.57,,,,,,916.11,,Pending Market,THREE_DAY_PRODUCT_CATALOG_V1,2026-08-22T03:11:46Z,governed,current,MARKET_UNAVAILABLE,UNAVAILABLE,,2026-08-22T03:11:46Z,,MARKET_UNAVAILABLE,false
BETA-010,2026-08-24|PAKENHAM,2026-08-24|PAKENHAM|R7,2026-08-22T03:11:46Z,2026-08-24,Pakenham Synthetic,7,11,Hot Chilli Mama,43.19,,,,,,13.60,,Pending Market,THREE_DAY_PRODUCT_CATALOG_V1,2026-08-22T03:11:46Z,governed,current,MARKET_UNAVAILABLE,UNAVAILABLE,,2026-08-22T03:11:46Z,,MARKET_UNAVAILABLE,false
BETA-010,2026-08-24|PAKENHAM,2026-08-24|PAKENHAM|R8,2026-08-22T03:11:46Z,2026-08-24,Pakenham Synthetic,8,1,Titan Of Choice,72.67,,,,,,10.36,,Pending Market,THREE_DAY_PRODUCT_CATALOG_V1,2026-08-22T03:11:46Z,governed,current,MARKET_UNAVAILABLE,UNAVAILABLE,,2026-08-22T03:11:46Z,,MARKET_UNAVAILABLE,false
BETA-010,2026-08-24|PAKENHAM,2026-08-24|PAKENHAM|R8,2026-08-22T03:11:46Z,2026-08-24,Pakenham Synthetic,8,2,My Time To Fly,,,,,,,,,Pending Market,THREE_DAY_PRODUCT_CATALOG_V1,2026-08-22T03:11:46Z,unavailable,pending_market,MARKET_UNAVAILABLE,UNAVAILABLE,,2026-08-22T03:11:46Z,,MARKET_UNAVAILABLE,false
BETA-010,2026-08-24|PAKENHAM,2026-08-24|PAKENHAM|R8,2026-08-22T03:11:46Z,2026-08-24,Pakenham Synthetic,8,3,Nama Dude,80.02,,,,,,8.17,,Pending Market,THREE_DAY_PRODUCT_CATALOG_V1,2026-08-22T03:11:46Z,governed,current,MARKET_UNAVAILABLE,UNAVAILABLE,,2026-08-22T03:11:46Z,,MARKET_UNAVAILABLE,false
BETA-010,2026-08-24|PAKENHAM,2026-08-24|PAKENHAM|R8,2026-08-22T03:11:46Z,2026-08-24,Pakenham Synthetic,8,4,Ancho,59.27,,,,,,18.56,,Pending Market,THREE_DAY_PRODUCT_CATALOG_V1,2026-08-22T03:11:46Z,governed,current,MARKET_UNAVAILABLE,UNAVAILABLE,,2026-08-22T03:11:46Z,,MARKET_UNAVAILABLE,false
BETA-010,2026-08-24|PAKENHAM,2026-08-24|PAKENHAM|R8,2026-08-22T03:11:46Z,2026-08-24,Pakenham Synthetic,8,5,Octane Reign,57.27,,,,,,20.79,,Pending Market,THREE_DAY_PRODUCT_CATALOG_V1,2026-08-22T03:11:46Z,governed,current,MARKET_UNAVAILABLE,UNAVAILABLE,,2026-08-22T03:11:46Z,,MARKET_UNAVAILABLE,false
BETA-010,2026-08-24|PAKENHAM,2026-08-24|PAKENHAM|R8,2026-08-22T03:11:46Z,2026-08-24,Pakenham Synthetic,8,6,You Never Can Tell,50.29,,,,,,34.03,,Pending Market,THREE_DAY_PRODUCT_CATALOG_V1,2026-08-22T03:11:46Z,governed,current,MARKET_UNAVAILABLE,UNAVAILABLE,,2026-08-22T03:11:46Z,,MARKET_UNAVAILABLE,false
BETA-010,2026-08-24|PAKENHAM,2026-08-24|PAKENHAM|R8,2026-08-22T03:11:46Z,2026-08-24,Pakenham Synthetic,8,7,Queen Of Tuscany,35.45,,,,,,1417.56,,Pending Market,THREE_DAY_PRODUCT_CATALOG_V1,2026-08-22T03:11:46Z,governed,current,MARKET_UNAVAILABLE,UNAVAILABLE,,2026-08-22T03:11:46Z,,MARKET_UNAVAILABLE,false
BETA-010,2026-08-24|PAKENHAM,2026-08-24|PAKENHAM|R8,2026-08-22T03:11:46Z,2026-08-24,Pakenham Synthetic,8,8,Lulu Darling,52.84,,,,,,27.82,,Pending Market,THREE_DAY_PRODUCT_CATALOG_V1,2026-08-22T03:11:46Z,governed,current,MARKET_UNAVAILABLE,UNAVAILABLE,,2026-08-22T03:11:46Z,,MARKET_UNAVAILABLE,false
BETA-010,2026-08-24|PAKENHAM,2026-08-24|PAKENHAM|R8,2026-08-22T03:11:46Z,2026-08-24,Pakenham Synthetic,8,9,Punic War,77.10,,,,,,8.94,,Pending Market,THREE_DAY_PRODUCT_CATALOG_V1,2026-08-22T03:11:46Z,governed,current,MARKET_UNAVAILABLE,UNAVAILABLE,,2026-08-22T03:11:46Z,,MARKET_UNAVAILABLE,false
BETA-010,2026-08-24|PAKENHAM,2026-08-24|PAKENHAM|R8,2026-08-22T03:11:46Z,2026-08-24,Pakenham Synthetic,8,10,Qubella,40.74,,,,,,118.40,,Pending Market,THREE_DAY_PRODUCT_CATALOG_V1,2026-08-22T03:11:46Z,governed,current,MARKET_UNAVAILABLE,UNAVAILABLE,,2026-08-22T03:11:46Z,,MARKET_UNAVAILABLE,false
BETA-010,2026-08-24|PAKENHAM,2026-08-24|PAKENHAM|R8,2026-08-22T03:11:46Z,2026-08-24,Pakenham Synthetic,8,11,Slate Ripper,72.31,,,,,,10.50,,Pending Market,THREE_DAY_PRODUCT_CATALOG_V1,2026-08-22T03:11:46Z,governed,current,MARKET_UNAVAILABLE,UNAVAILABLE,,2026-08-22T03:11:46Z,,MARKET_UNAVAILABLE,false
BETA-010,2026-08-24|PAKENHAM,2026-08-24|PAKENHAM|R8,2026-08-22T03:11:46Z,2026-08-24,Pakenham Synthetic,8,12,Dane On Tour,55.31,,,,,,23.47,,Pending Market,THREE_DAY_PRODUCT_CATALOG_V1,2026-08-22T03:11:46Z,governed,current,MARKET_UNAVAILABLE,UNAVAILABLE,,2026-08-22T03:11:46Z,,MARKET_UNAVAILABLE,false
BETA-010,2026-08-24|PAKENHAM,2026-08-24|PAKENHAM|R8,2026-08-22T03:11:46Z,2026-08-24,Pakenham Synthetic,8,13,Spirit Angel,74.72,,,,,,9.66,,Pending Market,THREE_DAY_PRODUCT_CATALOG_V1,2026-08-22T03:11:46Z,governed,current,MARKET_UNAVAILABLE,UNAVAILABLE,,2026-08-22T03:11:46Z,,MARKET_UNAVAILABLE,false
BETA-010,2026-08-24|PAKENHAM,2026-08-24|PAKENHAM|R8,2026-08-22T03:11:46Z,2026-08-24,Pakenham Synthetic,8,14,Scandoval,53.48,,,,,,26.56,,Pending Market,THREE_DAY_PRODUCT_CATALOG_V1,2026-08-22T03:11:46Z,governed,current,MARKET_UNAVAILABLE,UNAVAILABLE,,2026-08-22T03:11:46Z,,MARKET_UNAVAILABLE,false
BETA-010,2026-08-24|PAKENHAM,2026-08-24|PAKENHAM|R8,2026-08-22T03:11:46Z,2026-08-24,Pakenham Synthetic,8,15,Forest Jim,44.97,,,,,,59.13,,Pending Market,THREE_DAY_PRODUCT_CATALOG_V1,2026-08-22T03:11:46Z,governed,current,MARKET_UNAVAILABLE,UNAVAILABLE,,2026-08-22T03:11:46Z,,MARKET_UNAVAILABLE,false
BETA-010,2026-08-24|PAKENHAM,2026-08-24|PAKENHAM|R8,2026-08-22T03:11:46Z,2026-08-24,Pakenham Synthetic,8,16,Cuban Dawn,87.85,,,,,,6.60,,Pending Market,THREE_DAY_PRODUCT_CATALOG_V1,2026-08-22T03:11:46Z,governed,current,MARKET_UNAVAILABLE,UNAVAILABLE,,2026-08-22T03:11:46Z,,MARKET_UNAVAILABLE,false
BETA-010,2026-08-24|PAKENHAM,2026-08-24|PAKENHAM|R8,2026-08-22T03:11:46Z,2026-08-24,Pakenham Synthetic,8,17,Immortalised,56.23,,,,,,22.14,,Pending Market,THREE_DAY_PRODUCT_CATALOG_V1,2026-08-22T03:11:46Z,governed,current,MARKET_UNAVAILABLE,UNAVAILABLE,,2026-08-22T03:11:46Z,,MARKET_UNAVAILABLE,false
BETA-010,2026-08-24|PAKENHAM,2026-08-24|PAKENHAM|R9,2026-08-22T03:11:46Z,2026-08-24,Pakenham Synthetic,9,1,Sunsets,61.85,,,,,,15.81,,Pending Market,THREE_DAY_PRODUCT_CATALOG_V1,2026-08-22T03:11:46Z,governed,current,MARKET_UNAVAILABLE,UNAVAILABLE,,2026-08-22T03:11:46Z,,MARKET_UNAVAILABLE,false
BETA-010,2026-08-24|PAKENHAM,2026-08-24|PAKENHAM|R9,2026-08-22T03:11:46Z,2026-08-24,Pakenham Synthetic,9,2,Flash Feeling,65.45,,,,,,14.45,,Pending Market,THREE_DAY_PRODUCT_CATALOG_V1,2026-08-22T03:11:46Z,governed,current,MARKET_UNAVAILABLE,UNAVAILABLE,,2026-08-22T03:11:46Z,,MARKET_UNAVAILABLE,false
BETA-010,2026-08-24|PAKENHAM,2026-08-24|PAKENHAM|R9,2026-08-22T03:11:46Z,2026-08-24,Pakenham Synthetic,9,3,All So Clear,81.20,,,,,,10.35,,Pending Market,THREE_DAY_PRODUCT_CATALOG_V1,2026-08-22T03:11:46Z,governed,current,MARKET_UNAVAILABLE,UNAVAILABLE,,2026-08-22T03:11:46Z,,MARKET_UNAVAILABLE,false
BETA-010,2026-08-24|PAKENHAM,2026-08-24|PAKENHAM|R9,2026-08-22T03:11:46Z,2026-08-24,Pakenham Synthetic,9,4,Dragoon,57.45,,,,,,17.79,,Pending Market,THREE_DAY_PRODUCT_CATALOG_V1,2026-08-22T03:11:46Z,governed,current,MARKET_UNAVAILABLE,UNAVAILABLE,,2026-08-22T03:11:46Z,,MARKET_UNAVAILABLE,false
BETA-010,2026-08-24|PAKENHAM,2026-08-24|PAKENHAM|R9,2026-08-22T03:11:46Z,2026-08-24,Pakenham Synthetic,9,5,Euphoric,10.29,,,,,,3324.80,,Pending Market,THREE_DAY_PRODUCT_CATALOG_V1,2026-08-22T03:11:46Z,governed,current,MARKET_UNAVAILABLE,UNAVAILABLE,,2026-08-22T03:11:46Z,,MARKET_UNAVAILABLE,false
BETA-010,2026-08-24|PAKENHAM,2026-08-24|PAKENHAM|R9,2026-08-22T03:11:46Z,2026-08-24,Pakenham Synthetic,9,6,Urban Outlook,100.00,,,,,,7.57,,Pending Market,THREE_DAY_PRODUCT_CATALOG_V1,2026-08-22T03:11:46Z,governed,current,MARKET_UNAVAILABLE,UNAVAILABLE,,2026-08-22T03:11:46Z,,MARKET_UNAVAILABLE,false
BETA-010,2026-08-24|PAKENHAM,2026-08-24|PAKENHAM|R9,2026-08-22T03:11:46Z,2026-08-24,Pakenham Synthetic,9,7,Eagle Angel,45.22,,,,,,26.42,,Pending Market,THREE_DAY_PRODUCT_CATALOG_V1,2026-08-22T03:11:46Z,governed,current,MARKET_UNAVAILABLE,UNAVAILABLE,,2026-08-22T03:11:46Z,,MARKET_UNAVAILABLE,false
BETA-010,2026-08-24|PAKENHAM,2026-08-24|PAKENHAM|R9,2026-08-22T03:11:46Z,2026-08-24,Pakenham Synthetic,9,8,Hot Too Go,66.91,,,,,,13.96,,Pending Market,THREE_DAY_PRODUCT_CATALOG_V1,2026-08-22T03:11:46Z,governed,current,MARKET_UNAVAILABLE,UNAVAILABLE,,2026-08-22T03:11:46Z,,MARKET_UNAVAILABLE,false
BETA-010,2026-08-24|PAKENHAM,2026-08-24|PAKENHAM|R9,2026-08-22T03:11:46Z,2026-08-24,Pakenham Synthetic,9,9,Saveadateforme,62.42,,,,,,15.58,,Pending Market,THREE_DAY_PRODUCT_CATALOG_V1,2026-08-22T03:11:46Z,governed,current,MARKET_UNAVAILABLE,UNAVAILABLE,,2026-08-22T03:11:46Z,,MARKET_UNAVAILABLE,false
BETA-010,2026-08-24|PAKENHAM,2026-08-24|PAKENHAM|R9,2026-08-22T03:11:46Z,2026-08-24,Pakenham Synthetic,9,10,Furtherest Point,100.00,,,,,,7.57,,Pending Market,THREE_DAY_PRODUCT_CATALOG_V1,2026-08-22T03:11:46Z,governed,current,MARKET_UNAVAILABLE,UNAVAILABLE,,2026-08-22T03:11:46Z,,MARKET_UNAVAILABLE,false
BETA-010,2026-08-24|PAKENHAM,2026-08-24|PAKENHAM|R9,2026-08-22T03:11:46Z,2026-08-24,Pakenham Synthetic,9,11,Nothingelsematters,47.49,,,,,,24.32,,Pending Market,THREE_DAY_PRODUCT_CATALOG_V1,2026-08-22T03:11:46Z,governed,current,MARKET_UNAVAILABLE,UNAVAILABLE,,2026-08-22T03:11:46Z,,MARKET_UNAVAILABLE,false
BETA-010,2026-08-24|PAKENHAM,2026-08-24|PAKENHAM|R9,2026-08-22T03:11:46Z,2026-08-24,Pakenham Synthetic,9,12,Wolfoffitroystreet,63.00,,,,,,15.35,,Pending Market,THREE_DAY_PRODUCT_CATALOG_V1,2026-08-22T03:11:46Z,governed,current,MARKET_UNAVAILABLE,UNAVAILABLE,,2026-08-22T03:11:46Z,,MARKET_UNAVAILABLE,false
BETA-010,2026-08-24|PAKENHAM,2026-08-24|PAKENHAM|R9,2026-08-22T03:11:46Z,2026-08-24,Pakenham Synthetic,9,13,She's A Con,60.08,,,,,,16.56,,Pending Market,THREE_DAY_PRODUCT_CATALOG_V1,2026-08-22T03:11:46Z,governed,current,MARKET_UNAVAILABLE,UNAVAILABLE,,2026-08-22T03:11:46Z,,MARKET_UNAVAILABLE,false
BETA-010,2026-08-24|PAKENHAM,2026-08-24|PAKENHAM|R9,2026-08-22T03:11:46Z,2026-08-24,Pakenham Synthetic,9,14,Just Dance,47.22,,,,,,24.55,,Pending Market,THREE_DAY_PRODUCT_CATALOG_V1,2026-08-22T03:11:46Z,governed,current,MARKET_UNAVAILABLE,UNAVAILABLE,,2026-08-22T03:11:46Z,,MARKET_UNAVAILABLE,false
BETA-010,2026-08-24|PAKENHAM,2026-08-24|PAKENHAM|R9,2026-08-22T03:11:46Z,2026-08-24,Pakenham Synthetic,9,15,El Sordo,65.39,,,,,,14.48,,Pending Market,THREE_DAY_PRODUCT_CATALOG_V1,2026-08-22T03:11:46Z,governed,current,MARKET_UNAVAILABLE,UNAVAILABLE,,2026-08-22T03:11:46Z,,MARKET_UNAVAILABLE,false
