race_entry_epi_component_id,race_entry_id,race_id,race_date,epi_component_code,component_source_fact_name,component_source_fact_id,component_source_value_field,component_source_evidence_sha256,raw_component_value,field_population_count,field_component_mean,field_component_population_standard_deviation,unbounded_normalised_component_value,capped_normalised_component_value,authorised_component_weight,weighted_component_value,epi_parameter_id,epi_component_normalisation_parameter_id,epi_component_publication_decision,epi_component_reconciliation_decision,epi_component_status,race_entry_epi_component_evidence_sha256,source_lineage,builder_version,contract_version,built_at_utc
REEC-CUR-328ECC7BDFB2FA2D0F703577,99524602380,EIQD-DDBEBDD438E1E95BF9FCC89E,2026-07-26,HISTORICAL_PERFORMANCE,edgeiq_form_guide_enriched_v2,REPP-CUR-979EE5BB9AD75C3E1E48FAFA,formMomentum,18addb87330805a9eca1c8f67491654f01c7a400debfbc970c090e969f361b8c,8.0,5,4.760000,3.132156,1.034431,1.034431,0.500000,0.517216,EPIP1-14578898B157ACE77DF0A29F,LIVE_FORM_GUIDE_CURRENT_COMPONENT_NORMALISATION,EPI_COMPONENT_PUBLISHED,EPI_COMPONENT_RECONCILED,GOVERNED_RACE_ENTRY_EPI_COMPONENT,d1ec0dc57cbe3c1c3b98243fa9a4e7673520573d09714d5461847a819acb1a4c,RA_TO_RCOM_BRIDGE|LIVE_FORM_GUIDE_CURRENT_INPUTS,edgeiq_ra_to_rcom_bridge_current_performance_rebuild_v1,1.0.0,2026-07-30T00:00:00Z
REEC-CUR-3193110B2ED538CBC99A62D1,99548453820,EIQD-DDBEBDD438E1E95BF9FCC89E,2026-07-26,HISTORICAL_PERFORMANCE,edgeiq_form_guide_enriched_v2,REPP-CUR-223E493B921478DDF921C2CD,formMomentum,255e01c94d1dd381b1ebe9cec13a850ae2be56bdd575c45a5d8abd4c6c418297,-0.3,5,4.760000,3.132156,-1.615501,-1.615501,0.500000,-0.807750,EPIP1-14578898B157ACE77DF0A29F,LIVE_FORM_GUIDE_CURRENT_COMPONENT_NORMALISATION,EPI_COMPONENT_PUBLISHED,EPI_COMPONENT_RECONCILED,GOVERNED_RACE_ENTRY_EPI_COMPONENT,18d62910c1c1f565f6e19b04a1abf3630581f12cb8c94f28d083678aa1b3ff72,RA_TO_RCOM_BRIDGE|LIVE_FORM_GUIDE_CURRENT_INPUTS,edgeiq_ra_to_rcom_bridge_current_performance_rebuild_v1,1.0.0,2026-07-30T00:00:00Z
REEC-CUR-8C5DB8194D5DEA339834FB22,99552973440,EIQD-DDBEBDD438E1E95BF9FCC89E,2026-07-26,HISTORICAL_PERFORMANCE,edgeiq_form_guide_enriched_v2,REPP-CUR-82640A380B1B724692E9AB35,formMomentum,f1d980430e7ea0a91b0d22c43ec1fab4f533dacc608b7ff89e0e88c56a6808b9,8.0,5,4.760000,3.132156,1.034431,1.034431,0.500000,0.517216,EPIP1-14578898B157ACE77DF0A29F,LIVE_FORM_GUIDE_CURRENT_COMPONENT_NORMALISATION,EPI_COMPONENT_PUBLISHED,EPI_COMPONENT_RECONCILED,GOVERNED_RACE_ENTRY_EPI_COMPONENT,5b768710dfe51172f062760a245694d64a8d2e38fa73e951c608b6cf11b03a69,RA_TO_RCOM_BRIDGE|LIVE_FORM_GUIDE_CURRENT_INPUTS,edgeiq_ra_to_rcom_bridge_current_performance_rebuild_v1,1.0.0,2026-07-30T00:00:00Z
REEC-CUR-46728E03252A1D82967DACC0,99561620220,EIQD-DDBEBDD438E1E95BF9FCC89E,2026-07-26,HISTORICAL_PERFORMANCE,edgeiq_form_guide_enriched_v2,REPP-CUR-80940E5EE86CE15313F8A0F3,formMomentum,d3c6a9a4d6fbf3b8ff055f05bd45e95c2f69ac650b1cf62d0bcb761dd012e150,4.9,5,4.760000,3.132156,0.044698,0.044698,0.500000,0.022349,EPIP1-14578898B157ACE77DF0A29F,LIVE_FORM_GUIDE_CURRENT_COMPONENT_NORMALISATION,EPI_COMPONENT_PUBLISHED,EPI_COMPONENT_RECONCILED,GOVERNED_RACE_ENTRY_EPI_COMPONENT,05e0c5d5011346b2e0d3e34afce46eeea16132519d377d7bf4781fa2099a9a33,RA_TO_RCOM_BRIDGE|LIVE_FORM_GUIDE_CURRENT_INPUTS,edgeiq_ra_to_rcom_bridge_current_performance_rebuild_v1,1.0.0,2026-07-30T00:00:00Z
REEC-CUR-06FE91DAD03687A1C232085F,99563360970,EIQD-DDBEBDD438E1E95BF9FCC89E,2026-07-26,HISTORICAL_PERFORMANCE,edgeiq_form_guide_enriched_v2,REPP-CUR-8A4B8ED8D046CCA2F00C77B0,formMomentum,b60797a14978398487da990911deb16b9eda0a606d309a23c67aece0109d6c26,3.2,5,4.760000,3.132156,-0.498060,-0.498060,0.500000,-0.249030,EPIP1-14578898B157ACE77DF0A29F,LIVE_FORM_GUIDE_CURRENT_COMPONENT_NORMALISATION,EPI_COMPONENT_PUBLISHED,EPI_COMPONENT_RECONCILED,GOVERNED_RACE_ENTRY_EPI_COMPONENT,6dd54f98f37f3e930fce20902fd00587d0d5d9bc83c476b501bad1bb80144e4d,RA_TO_RCOM_BRIDGE|LIVE_FORM_GUIDE_CURRENT_INPUTS,edgeiq_ra_to_rcom_bridge_current_performance_rebuild_v1,1.0.0,2026-07-30T00:00:00Z
REEC-CUR-50818493AFD538B694DC60A4,99569893530,EIQD-EB9F8134D5BF682C7A99C9D3,2026-07-26,HISTORICAL_PERFORMANCE,edgeiq_form_guide_enriched_v2,REPP-CUR-9DFC3CAF3072DFBD16CB5804,formMomentum,5eeccbb6a5abfff4cf31a97b974cb88d5f86712b6a4718a9ccd932fe1578149b,-2.8,6,0.183333,4.890268,-0.610055,-0.610055,0.500000,-0.305028,EPIP1-14578898B157ACE77DF0A29F,LIVE_FORM_GUIDE_CURRENT_COMPONENT_NORMALISATION,EPI_COMPONENT_PUBLISHED,EPI_COMPONENT_RECONCILED,GOVERNED_RACE_ENTRY_EPI_COMPONENT,6c1bf617b34503d4ead9d47c350dd8ff8b00313acfe64a3f89e22b4c9c06c742,RA_TO_RCOM_BRIDGE|LIVE_FORM_GUIDE_CURRENT_INPUTS,edgeiq_ra_to_rcom_bridge_current_performance_rebuild_v1,1.0.0,2026-07-30T00:00:00Z
REEC-CUR-D979A423728437FFCFC841C7,99564437070,EIQD-EB9F8134D5BF682C7A99C9D3,2026-07-26,HISTORICAL_PERFORMANCE,edgeiq_form_guide_enriched_v2,REPP-CUR-5A3BA3817F23A2014F61843B,formMomentum,329bc43f5802772e78b32f30632e573452555def25aa086e3400d78625eec855,1.6,6,0.183333,4.890268,0.289691,0.289691,0.500000,0.144846,EPIP1-14578898B157ACE77DF0A29F,LIVE_FORM_GUIDE_CURRENT_COMPONENT_NORMALISATION,EPI_COMPONENT_PUBLISHED,EPI_COMPONENT_RECONCILED,GOVERNED_RACE_ENTRY_EPI_COMPONENT,38f08da65cfb78186cea91cd9c1215b6d2d441ca1c27c59de8881b471e3b0786,RA_TO_RCOM_BRIDGE|LIVE_FORM_GUIDE_CURRENT_INPUTS,edgeiq_ra_to_rcom_bridge_current_performance_rebuild_v1,1.0.0,2026-07-30T00:00:00Z
REEC-CUR-5414ADAC1D45620823524534,99517158300,EIQD-EB9F8134D5BF682C7A99C9D3,2026-07-26,HISTORICAL_PERFORMANCE,edgeiq_form_guide_enriched_v2,REPP-CUR-0BBAE4246B474ADE9FBBB564,formMomentum,f36687332476a51d1b75bac7b6345836305571d1454c923281afca2602f5f5cc,0.0,6,0.183333,4.890268,-0.037489,-0.037489,0.500000,-0.018745,EPIP1-14578898B157ACE77DF0A29F,LIVE_FORM_GUIDE_CURRENT_COMPONENT_NORMALISATION,EPI_COMPONENT_PUBLISHED,EPI_COMPONENT_RECONCILED,GOVERNED_RACE_ENTRY_EPI_COMPONENT,64a29f971ab1b529dc768b4ccd2c96a9b90a22a2d5c41dba6db25f5b585995b9,RA_TO_RCOM_BRIDGE|LIVE_FORM_GUIDE_CURRENT_INPUTS,edgeiq_ra_to_rcom_bridge_current_performance_rebuild_v1,1.0.0,2026-07-30T00:00:00Z
REEC-CUR-6F1968CE8E368C8C143BC5D5,99560892270,EIQD-EB9F8134D5BF682C7A99C9D3,2026-07-26,HISTORICAL_PERFORMANCE,edgeiq_form_guide_enriched_v2,REPP-CUR-5CA55073B3348905E988B176,formMomentum,9ac634fc60e4cf4e47835175f0db8d9f71405274a23029f50baa15a6ff967ec9,8.0,6,0.183333,4.890268,1.598413,1.598413,0.500000,0.799206,EPIP1-14578898B157ACE77DF0A29F,LIVE_FORM_GUIDE_CURRENT_COMPONENT_NORMALISATION,EPI_COMPONENT_PUBLISHED,EPI_COMPONENT_RECONCILED,GOVERNED_RACE_ENTRY_EPI_COMPONENT,1815cde24697629e8774a5a250628caa19fcd718c6fca863c6c2a1ee3eeaab73,RA_TO_RCOM_BRIDGE|LIVE_FORM_GUIDE_CURRENT_INPUTS,edgeiq_ra_to_rcom_bridge_current_performance_rebuild_v1,1.0.0,2026-07-30T00:00:00Z
REEC-CUR-90128268F734BA12AE74A7F6,99529248600,EIQD-EB9F8134D5BF682C7A99C9D3,2026-07-26,HISTORICAL_PERFORMANCE,edgeiq_form_guide_enriched_v2,REPP-CUR-70525351F21C7806C32130DE,formMomentum,84cb5f44ff55a81e6b9df6a08a54c283dd3eb6b0c38f16884126319564820549,-8.0,6,0.183333,4.890268,-1.673392,-1.673392,0.500000,-0.836696,EPIP1-14578898B157ACE77DF0A29F,LIVE_FORM_GUIDE_CURRENT_COMPONENT_NORMALISATION,EPI_COMPONENT_PUBLISHED,EPI_COMPONENT_RECONCILED,GOVERNED_RACE_ENTRY_EPI_COMPONENT,c712e3a1f06d08bf7ebeea7ed099515efea8d0dc37888acbd3347e44ed2537ba,RA_TO_RCOM_BRIDGE|LIVE_FORM_GUIDE_CURRENT_INPUTS,edgeiq_ra_to_rcom_bridge_current_performance_rebuild_v1,1.0.0,2026-07-30T00:00:00Z
REEC-CUR-FFCB3943AC53D06E7FEF4F0E,99568159110,EIQD-EB9F8134D5BF682C7A99C9D3,2026-07-26,HISTORICAL_PERFORMANCE,edgeiq_form_guide_enriched_v2,REPP-CUR-208BF20BF0B96D162F524536,formMomentum,3ea7926f834ca6e9b6759040e3229e80864b46a44d02ad4cd6950932062b7a22,2.3,6,0.183333,4.890268,0.432832,0.432832,0.500000,0.216416,EPIP1-14578898B157ACE77DF0A29F,LIVE_FORM_GUIDE_CURRENT_COMPONENT_NORMALISATION,EPI_COMPONENT_PUBLISHED,EPI_COMPONENT_RECONCILED,GOVERNED_RACE_ENTRY_EPI_COMPONENT,b3d872b5c3de18b6fc33322c17e7ead11a16a3a2637d43598147807a76ced8f9,RA_TO_RCOM_BRIDGE|LIVE_FORM_GUIDE_CURRENT_INPUTS,edgeiq_ra_to_rcom_bridge_current_performance_rebuild_v1,1.0.0,2026-07-30T00:00:00Z
REEC-CUR-C816A7D88B5AC545AC16C202,99528640920,EIQD-C37EA5A90D5C022617026D89,2026-07-26,HISTORICAL_PERFORMANCE,edgeiq_form_guide_enriched_v2,REPP-CUR-F514EFAB64C32843EC4CA2FB,formMomentum,0fd32cdcca65a32a77b608ddd6993ca048256a35fba2cd2b1a145da2a761ba81,-0.6,4,-1.950000,0.963068,1.401770,1.401770,0.500000,0.700885,EPIP1-14578898B157ACE77DF0A29F,LIVE_FORM_GUIDE_CURRENT_COMPONENT_NORMALISATION,EPI_COMPONENT_PUBLISHED,EPI_COMPONENT_RECONCILED,GOVERNED_RACE_ENTRY_EPI_COMPONENT,7e46afc76c869894a5b555a1bbf6da9bbda5dc18c603b2bbfd4d24e7231bf87f,RA_TO_RCOM_BRIDGE|LIVE_FORM_GUIDE_CURRENT_INPUTS,edgeiq_ra_to_rcom_bridge_current_performance_rebuild_v1,1.0.0,2026-07-30T00:00:00Z
REEC-CUR-08A5BFA6273DAB70ABFC6262,99539117070,EIQD-C37EA5A90D5C022617026D89,2026-07-26,HISTORICAL_PERFORMANCE,edgeiq_form_guide_enriched_v2,REPP-CUR-DFE369B4554332817AB93E13,formMomentum,f71ffa9ed7d9ee008f968ac7bbc4319ea644f0e7fab8f1673356ecff930ad222,-1.6,4,-1.950000,0.963068,0.363422,0.363422,0.500000,0.181711,EPIP1-14578898B157ACE77DF0A29F,LIVE_FORM_GUIDE_CURRENT_COMPONENT_NORMALISATION,EPI_COMPONENT_PUBLISHED,EPI_COMPONENT_RECONCILED,GOVERNED_RACE_ENTRY_EPI_COMPONENT,6c2bf0882e4a00f8ea762a29d215a0bb4100bf6bf9934e7f8df45672c1df0c0f,RA_TO_RCOM_BRIDGE|LIVE_FORM_GUIDE_CURRENT_INPUTS,edgeiq_ra_to_rcom_bridge_current_performance_rebuild_v1,1.0.0,2026-07-30T00:00:00Z
REEC-CUR-7E05905A199935514123EABF,99524001030,EIQD-C37EA5A90D5C022617026D89,2026-07-26,HISTORICAL_PERFORMANCE,edgeiq_form_guide_enriched_v2,REPP-CUR-4D041B9FD6C88373559D9462,formMomentum,a7244a5122de167365fd61ec388951e916f6d3670a36623b3c381d83e69e2bf7,-3.2,4,-1.950000,0.963068,-1.297935,-1.297935,0.500000,-0.648968,EPIP1-14578898B157ACE77DF0A29F,LIVE_FORM_GUIDE_CURRENT_COMPONENT_NORMALISATION,EPI_COMPONENT_PUBLISHED,EPI_COMPONENT_RECONCILED,GOVERNED_RACE_ENTRY_EPI_COMPONENT,1097b836102da8f7da4bcf6da5732181af564970335f8fea129338dcd6322386,RA_TO_RCOM_BRIDGE|LIVE_FORM_GUIDE_CURRENT_INPUTS,edgeiq_ra_to_rcom_bridge_current_performance_rebuild_v1,1.0.0,2026-07-30T00:00:00Z
REEC-CUR-783CA040719FE3E1A0D446CD,99509910450,EIQD-C37EA5A90D5C022617026D89,2026-07-26,HISTORICAL_PERFORMANCE,edgeiq_form_guide_enriched_v2,REPP-CUR-14098598AE6A6A8443EF6F6A,formMomentum,786f60b57e31a7c128b2351a338e8f2e671454d80fd40b1bfde0eb608b351528,-2.4,4,-1.950000,0.963068,-0.467257,-0.467257,0.500000,-0.233628,EPIP1-14578898B157ACE77DF0A29F,LIVE_FORM_GUIDE_CURRENT_COMPONENT_NORMALISATION,EPI_COMPONENT_PUBLISHED,EPI_COMPONENT_RECONCILED,GOVERNED_RACE_ENTRY_EPI_COMPONENT,a53c0ab14c52e704c9921e85c20726d8c7c9a076616f20599bee846d52e0dcb9,RA_TO_RCOM_BRIDGE|LIVE_FORM_GUIDE_CURRENT_INPUTS,edgeiq_ra_to_rcom_bridge_current_performance_rebuild_v1,1.0.0,2026-07-30T00:00:00Z
REEC-CUR-9EBB28C857204F84584A79DE,99533413740,EIQD-681F212AA6AA39D5B3E39D91,2026-07-26,HISTORICAL_PERFORMANCE,edgeiq_form_guide_enriched_v2,REPP-CUR-E11F11D0126B053250ECAF65,formMomentum,542d8d7be048b84d6a5700baa17a1a7dc1e65f819cf908f0a7fa6e86453f79b7,0.5,6,-1.116667,5.556803,0.290935,0.290935,0.500000,0.145467,EPIP1-14578898B157ACE77DF0A29F,LIVE_FORM_GUIDE_CURRENT_COMPONENT_NORMALISATION,EPI_COMPONENT_PUBLISHED,EPI_COMPONENT_RECONCILED,GOVERNED_RACE_ENTRY_EPI_COMPONENT,e2c03d08e0684f4eadff04751e6444c91834b6bd5c918364dbbc1ae08f982ccb,RA_TO_RCOM_BRIDGE|LIVE_FORM_GUIDE_CURRENT_INPUTS,edgeiq_ra_to_rcom_bridge_current_performance_rebuild_v1,1.0.0,2026-07-30T00:00:00Z
REEC-CUR-F7779EA316A281952C0FE977,99561139140,EIQD-681F212AA6AA39D5B3E39D91,2026-07-26,HISTORICAL_PERFORMANCE,edgeiq_form_guide_enriched_v2,REPP-CUR-66AAD5EF41F1B7E8484D57DF,formMomentum,0440a36092e6f9ff1395dc2022f836ccac097b2d67be47b304ea1a29e65044cb,0.1,6,-1.116667,5.556803,0.218951,0.218951,0.500000,0.109475,EPIP1-14578898B157ACE77DF0A29F,LIVE_FORM_GUIDE_CURRENT_COMPONENT_NORMALISATION,EPI_COMPONENT_PUBLISHED,EPI_COMPONENT_RECONCILED,GOVERNED_RACE_ENTRY_EPI_COMPONENT,9494459db349e648b6ef31c768f34852f83ef459515217781128f1a1e02a4d8b,RA_TO_RCOM_BRIDGE|LIVE_FORM_GUIDE_CURRENT_INPUTS,edgeiq_ra_to_rcom_bridge_current_performance_rebuild_v1,1.0.0,2026-07-30T00:00:00Z
REEC-CUR-9528E0E9A59AD383A760E25D,99557518380,EIQD-681F212AA6AA39D5B3E39D91,2026-07-26,HISTORICAL_PERFORMANCE,edgeiq_form_guide_enriched_v2,REPP-CUR-CEB050B59B91CA03B41EE86D,formMomentum,1e62b23cfe8f9208f39bc071102eda8bcb818955493fab614a6209320e310ec8,0.7,6,-1.116667,5.556803,0.326927,0.326927,0.500000,0.163463,EPIP1-14578898B157ACE77DF0A29F,LIVE_FORM_GUIDE_CURRENT_COMPONENT_NORMALISATION,EPI_COMPONENT_PUBLISHED,EPI_COMPONENT_RECONCILED,GOVERNED_RACE_ENTRY_EPI_COMPONENT,50980499b7f4b92795fa02598e4ea1147561338975d493c9dc695fdb41ec77f9,RA_TO_RCOM_BRIDGE|LIVE_FORM_GUIDE_CURRENT_INPUTS,edgeiq_ra_to_rcom_bridge_current_performance_rebuild_v1,1.0.0,2026-07-30T00:00:00Z
REEC-CUR-484B12020F18BE05F4FC6827,99565804350,EIQD-681F212AA6AA39D5B3E39D91,2026-07-26,HISTORICAL_PERFORMANCE,edgeiq_form_guide_enriched_v2,REPP-CUR-0F477F97779AE5FE8F5012AA,formMomentum,e35451f65c288715a4182991b04bf84c5b78d64e882d3fc7b9fcb537dfc73b33,8.0,6,-1.116667,5.556803,1.640632,1.640632,0.500000,0.820316,EPIP1-14578898B157ACE77DF0A29F,LIVE_FORM_GUIDE_CURRENT_COMPONENT_NORMALISATION,EPI_COMPONENT_PUBLISHED,EPI_COMPONENT_RECONCILED,GOVERNED_RACE_ENTRY_EPI_COMPONENT,fa9654a20be1bcfd673f70cc96e91d313487f86038c0f4d6ad39cdcd52168da1,RA_TO_RCOM_BRIDGE|LIVE_FORM_GUIDE_CURRENT_INPUTS,edgeiq_ra_to_rcom_bridge_current_performance_rebuild_v1,1.0.0,2026-07-30T00:00:00Z
REEC-CUR-7AF5BDE6D82926D52CA7C183,99558398250,EIQD-681F212AA6AA39D5B3E39D91,2026-07-26,HISTORICAL_PERFORMANCE,edgeiq_form_guide_enriched_v2,REPP-CUR-09D332CF4EAF99EDA2A65275,formMomentum,fc8e71be9fe8e42c90af810c8714db4cf03e7e61699de156fe3e364b5d71b0d2,-8.0,6,-1.116667,5.556803,-1.238722,-1.238722,0.500000,-0.619361,EPIP1-14578898B157ACE77DF0A29F,LIVE_FORM_GUIDE_CURRENT_COMPONENT_NORMALISATION,EPI_COMPONENT_PUBLISHED,EPI_COMPONENT_RECONCILED,GOVERNED_RACE_ENTRY_EPI_COMPONENT,270b67859e75c2141c844df9accb4572591ca5b5f814e3570c18e7aee8ee6af1,RA_TO_RCOM_BRIDGE|LIVE_FORM_GUIDE_CURRENT_INPUTS,edgeiq_ra_to_rcom_bridge_current_performance_rebuild_v1,1.0.0,2026-07-30T00:00:00Z
REEC-CUR-AF236BE69D424EE74827F32B,99523121160,EIQD-681F212AA6AA39D5B3E39D91,2026-07-26,HISTORICAL_PERFORMANCE,edgeiq_form_guide_enriched_v2,REPP-CUR-AA6121202FE697CD2DB3FD2B,formMomentum,a642e2cda7735de78e32475a9023bb2dc95fa0be40cf8fd92b45b2ca1cb1bd30,-8.0,6,-1.116667,5.556803,-1.238722,-1.238722,0.500000,-0.619361,EPIP1-14578898B157ACE77DF0A29F,LIVE_FORM_GUIDE_CURRENT_COMPONENT_NORMALISATION,EPI_COMPONENT_PUBLISHED,EPI_COMPONENT_RECONCILED,GOVERNED_RACE_ENTRY_EPI_COMPONENT,d57914829c9d70a7c705e1e666354a71375c2cd16bc10f2d1e5905f1be450020,RA_TO_RCOM_BRIDGE|LIVE_FORM_GUIDE_CURRENT_INPUTS,edgeiq_ra_to_rcom_bridge_current_performance_rebuild_v1,1.0.0,2026-07-30T00:00:00Z
REEC-CUR-4073FCEC479D960190CEBF86,99566348730,EIQD-0F448166A5F621EF7D40F74C,2026-07-26,HISTORICAL_PERFORMANCE,edgeiq_form_guide_enriched_v2,REPP-CUR-F7E3F87DBF2E4EA4D1DA979F,formMomentum,bf440b88ed5760d49e64a90a4ea9ee17d426c12956ad0801178a64a3035116b2,-8.0,8,2.000000,7.745967,-1.290994,-1.290994,0.500000,-0.645497,EPIP1-14578898B157ACE77DF0A29F,LIVE_FORM_GUIDE_CURRENT_COMPONENT_NORMALISATION,EPI_COMPONENT_PUBLISHED,EPI_COMPONENT_RECONCILED,GOVERNED_RACE_ENTRY_EPI_COMPONENT,abbb7b7b083108d26618201121db563c3d0880a70b37667c57daeea13b5608e5,RA_TO_RCOM_BRIDGE|LIVE_FORM_GUIDE_CURRENT_INPUTS,edgeiq_ra_to_rcom_bridge_current_performance_rebuild_v1,1.0.0,2026-07-30T00:00:00Z
REEC-CUR-33E8444D78C6174561A8524D,99559860480,EIQD-0F448166A5F621EF7D40F74C,2026-07-26,HISTORICAL_PERFORMANCE,edgeiq_form_guide_enriched_v2,REPP-CUR-000913C90B017D2C6FFAEA95,formMomentum,db08405603fc8666c20d1057eabef02a541ec349277ff83b8f8f2a73978f272d,-8.0,8,2.000000,7.745967,-1.290994,-1.290994,0.500000,-0.645497,EPIP1-14578898B157ACE77DF0A29F,LIVE_FORM_GUIDE_CURRENT_COMPONENT_NORMALISATION,EPI_COMPONENT_PUBLISHED,EPI_COMPONENT_RECONCILED,GOVERNED_RACE_ENTRY_EPI_COMPONENT,6b8a725e7206cfdc9f3fc4ba0ae938741df9575e3c35d0f113c5dd0d514c3054,RA_TO_RCOM_BRIDGE|LIVE_FORM_GUIDE_CURRENT_INPUTS,edgeiq_ra_to_rcom_bridge_current_performance_rebuild_v1,1.0.0,2026-07-30T00:00:00Z
REEC-CUR-C972A12EF67B728FDC8D461E,99567975540,EIQD-0F448166A5F621EF7D40F74C,2026-07-26,HISTORICAL_PERFORMANCE,edgeiq_form_guide_enriched_v2,REPP-CUR-BB5A3256FEDA900EE7FB0814,formMomentum,51fdfb40e43aa60f210ab62f3348af996868a044a1d312eb9ee33ee8dcb3f22e,8.0,8,2.000000,7.745967,0.774597,0.774597,0.500000,0.387298,EPIP1-14578898B157ACE77DF0A29F,LIVE_FORM_GUIDE_CURRENT_COMPONENT_NORMALISATION,EPI_COMPONENT_PUBLISHED,EPI_COMPONENT_RECONCILED,GOVERNED_RACE_ENTRY_EPI_COMPONENT,faa83825ad789b32f2fff6e06a2a0f8889ed3b3f247958b85c306d12fe70dcb4,RA_TO_RCOM_BRIDGE|LIVE_FORM_GUIDE_CURRENT_INPUTS,edgeiq_ra_to_rcom_bridge_current_performance_rebuild_v1,1.0.0,2026-07-30T00:00:00Z
REEC-CUR-37822AAC96C03CBC495465F4,99568937700,EIQD-0F448166A5F621EF7D40F74C,2026-07-26,HISTORICAL_PERFORMANCE,edgeiq_form_guide_enriched_v2,REPP-CUR-9F676067422B2C2888313460,formMomentum,75fc6e7ffda0ce52fbca86b67b7da9717bc698495f76945ad5f47d52305ba98e,8.0,8,2.000000,7.745967,0.774597,0.774597,0.500000,0.387298,EPIP1-14578898B157ACE77DF0A29F,LIVE_FORM_GUIDE_CURRENT_COMPONENT_NORMALISATION,EPI_COMPONENT_PUBLISHED,EPI_COMPONENT_RECONCILED,GOVERNED_RACE_ENTRY_EPI_COMPONENT,835f66b1f14e5832279853b0dddeefbea5af7665243ef43f83268cf4c8c59599,RA_TO_RCOM_BRIDGE|LIVE_FORM_GUIDE_CURRENT_INPUTS,edgeiq_ra_to_rcom_bridge_current_performance_rebuild_v1,1.0.0,2026-07-30T00:00:00Z
REEC-CUR-D4F4A9A45DED9788364D4EE0,99515208660,EIQD-0F448166A5F621EF7D40F74C,2026-07-26,HISTORICAL_PERFORMANCE,edgeiq_form_guide_enriched_v2,REPP-CUR-AB616D71FE35989A2E44D559,formMomentum,5122010b4b0cc40a89610d4b503f06aee126684ad940c5559efb7e9b20263151,-8.0,8,2.000000,7.745967,-1.290994,-1.290994,0.500000,-0.645497,EPIP1-14578898B157ACE77DF0A29F,LIVE_FORM_GUIDE_CURRENT_COMPONENT_NORMALISATION,EPI_COMPONENT_PUBLISHED,EPI_COMPONENT_RECONCILED,GOVERNED_RACE_ENTRY_EPI_COMPONENT,93fb1400215af5ad9e72ea09737644561d0b0fb4e38527e0752f0d8287b34534,RA_TO_RCOM_BRIDGE|LIVE_FORM_GUIDE_CURRENT_INPUTS,edgeiq_ra_to_rcom_bridge_current_performance_rebuild_v1,1.0.0,2026-07-30T00:00:00Z
REEC-CUR-AC097D032279FAA4041A6299,99549884400,EIQD-0F448166A5F621EF7D40F74C,2026-07-26,HISTORICAL_PERFORMANCE,edgeiq_form_guide_enriched_v2,REPP-CUR-CE27EEE320972726FE09F685,formMomentum,b2ce588eea4440e01169e04330ce2aaad1fc5bc53b15b7b4dcc1e830606ffa2c,8.0,8,2.000000,7.745967,0.774597,0.774597,0.500000,0.387298,EPIP1-14578898B157ACE77DF0A29F,LIVE_FORM_GUIDE_CURRENT_COMPONENT_NORMALISATION,EPI_COMPONENT_PUBLISHED,EPI_COMPONENT_RECONCILED,GOVERNED_RACE_ENTRY_EPI_COMPONENT,a5c3ec780c51b8857329084c7c4ff40cd8c15e3b72cb97bf90c7e2e0e9a01999,RA_TO_RCOM_BRIDGE|LIVE_FORM_GUIDE_CURRENT_INPUTS,edgeiq_ra_to_rcom_bridge_current_performance_rebuild_v1,1.0.0,2026-07-30T00:00:00Z
REEC-CUR-03F8CD4293B8177E42880D5C,99542680860,EIQD-0F448166A5F621EF7D40F74C,2026-07-26,HISTORICAL_PERFORMANCE,edgeiq_form_guide_enriched_v2,REPP-CUR-1FB30F7571CD56504F75AE09,formMomentum,5db67a17360ad6c3819d5bab8a22defd333a97625ec887da4489b2bd9f44b0f2,8.0,8,2.000000,7.745967,0.774597,0.774597,0.500000,0.387298,EPIP1-14578898B157ACE77DF0A29F,LIVE_FORM_GUIDE_CURRENT_COMPONENT_NORMALISATION,EPI_COMPONENT_PUBLISHED,EPI_COMPONENT_RECONCILED,GOVERNED_RACE_ENTRY_EPI_COMPONENT,3c6635eb91a49696f56594e91cb0fe6647906ac63b6330c8c28f565ffee46dbe,RA_TO_RCOM_BRIDGE|LIVE_FORM_GUIDE_CURRENT_INPUTS,edgeiq_ra_to_rcom_bridge_current_performance_rebuild_v1,1.0.0,2026-07-30T00:00:00Z
REEC-CUR-8EDEC8D3425B7D4572469DCA,99529254930,EIQD-0F448166A5F621EF7D40F74C,2026-07-26,HISTORICAL_PERFORMANCE,edgeiq_form_guide_enriched_v2,REPP-CUR-538803C742553ADE138ECE7D,formMomentum,1682db622461edf069869eb837022599f606f4cf9891304479e806eccffa0812,8.0,8,2.000000,7.745967,0.774597,0.774597,0.500000,0.387298,EPIP1-14578898B157ACE77DF0A29F,LIVE_FORM_GUIDE_CURRENT_COMPONENT_NORMALISATION,EPI_COMPONENT_PUBLISHED,EPI_COMPONENT_RECONCILED,GOVERNED_RACE_ENTRY_EPI_COMPONENT,6c82dab6fc62e119b654d9351858fbea20f33a3b28d2d7080a32ce4f60b61a3a,RA_TO_RCOM_BRIDGE|LIVE_FORM_GUIDE_CURRENT_INPUTS,edgeiq_ra_to_rcom_bridge_current_performance_rebuild_v1,1.0.0,2026-07-30T00:00:00Z
REEC-CUR-4E9817F59C17C53E57CE874B,99568184430,EIQD-2FCDF559A4AC5AD65AC8B286,2026-07-26,HISTORICAL_PERFORMANCE,edgeiq_form_guide_enriched_v2,REPP-CUR-6A533180CBA7CBC0F3D1EB79,formMomentum,8be79898600335ea16a2c9acbedd5a65e997ad09d17032fae534a81261a36395,-8.0,9,-0.366667,7.133333,-1.070093,-1.070093,0.500000,-0.535047,EPIP1-14578898B157ACE77DF0A29F,LIVE_FORM_GUIDE_CURRENT_COMPONENT_NORMALISATION,EPI_COMPONENT_PUBLISHED,EPI_COMPONENT_RECONCILED,GOVERNED_RACE_ENTRY_EPI_COMPONENT,30a36c3a8e7b09f62e8f9b0e2b1a8afbed8c9ba864a6e2faab1b3fcdf3aea6b1,RA_TO_RCOM_BRIDGE|LIVE_FORM_GUIDE_CURRENT_INPUTS,edgeiq_ra_to_rcom_bridge_current_performance_rebuild_v1,1.0.0,2026-07-30T00:00:00Z
REEC-CUR-F31A9C59ADBD6C3DCC69E1F4,99554973720,EIQD-2FCDF559A4AC5AD65AC8B286,2026-07-26,HISTORICAL_PERFORMANCE,edgeiq_form_guide_enriched_v2,REPP-CUR-8E9CA0178E3C25F57EDADFDE,formMomentum,321cede0048c9e131bfddfc201df0125c8a29a51d2ef47048b3af77f4db543cf,2.1,9,-0.366667,7.133333,0.345794,0.345794,0.500000,0.172897,EPIP1-14578898B157ACE77DF0A29F,LIVE_FORM_GUIDE_CURRENT_COMPONENT_NORMALISATION,EPI_COMPONENT_PUBLISHED,EPI_COMPONENT_RECONCILED,GOVERNED_RACE_ENTRY_EPI_COMPONENT,01b01f4acc0d816cffb80832e013aa04c56d1d5def7d414ce97dce92d5c76a66,RA_TO_RCOM_BRIDGE|LIVE_FORM_GUIDE_CURRENT_INPUTS,edgeiq_ra_to_rcom_bridge_current_performance_rebuild_v1,1.0.0,2026-07-30T00:00:00Z
REEC-CUR-30DC0537E5FD9CCCC5568CCC,99515474520,EIQD-2FCDF559A4AC5AD65AC8B286,2026-07-26,HISTORICAL_PERFORMANCE,edgeiq_form_guide_enriched_v2,REPP-CUR-E30F9503AAB93DE94BE20E96,formMomentum,1cfb0b7cd96fde533065148756f2b0f2e472ea9c047ffa5ca1e3c9096f82276b,-8.0,9,-0.366667,7.133333,-1.070093,-1.070093,0.500000,-0.535047,EPIP1-14578898B157ACE77DF0A29F,LIVE_FORM_GUIDE_CURRENT_COMPONENT_NORMALISATION,EPI_COMPONENT_PUBLISHED,EPI_COMPONENT_RECONCILED,GOVERNED_RACE_ENTRY_EPI_COMPONENT,f6aa145e0760c8a8157b96733affb7efc8df47d53ed8504bd8e240cfd93562d8,RA_TO_RCOM_BRIDGE|LIVE_FORM_GUIDE_CURRENT_INPUTS,edgeiq_ra_to_rcom_bridge_current_performance_rebuild_v1,1.0.0,2026-07-30T00:00:00Z
REEC-CUR-3C162A8C65DB87B066C3B532,99564633300,EIQD-2FCDF559A4AC5AD65AC8B286,2026-07-26,HISTORICAL_PERFORMANCE,edgeiq_form_guide_enriched_v2,REPP-CUR-6F9AFFEB71B7BA45D5AE10A0,formMomentum,89f358eb6d108bf42755cd8a51063dd3a0769171c388e023df9d27368200b783,8.0,9,-0.366667,7.133333,1.172897,1.172897,0.500000,0.586449,EPIP1-14578898B157ACE77DF0A29F,LIVE_FORM_GUIDE_CURRENT_COMPONENT_NORMALISATION,EPI_COMPONENT_PUBLISHED,EPI_COMPONENT_RECONCILED,GOVERNED_RACE_ENTRY_EPI_COMPONENT,bcadbae7347582fa9265e6eec26d52e4bd85cc4ee3aedfeaf30ce494033e0acb,RA_TO_RCOM_BRIDGE|LIVE_FORM_GUIDE_CURRENT_INPUTS,edgeiq_ra_to_rcom_bridge_current_performance_rebuild_v1,1.0.0,2026-07-30T00:00:00Z
REEC-CUR-1DDB73519C8C881F0875C65C,99558391920,EIQD-2FCDF559A4AC5AD65AC8B286,2026-07-26,HISTORICAL_PERFORMANCE,edgeiq_form_guide_enriched_v2,REPP-CUR-FD5DB836BD2A772A518833C1,formMomentum,78a1b6d40262643f8f8d41a63ce5dc3a4b67bf86358db690837c9eee20b7667e,8.0,9,-0.366667,7.133333,1.172897,1.172897,0.500000,0.586449,EPIP1-14578898B157ACE77DF0A29F,LIVE_FORM_GUIDE_CURRENT_COMPONENT_NORMALISATION,EPI_COMPONENT_PUBLISHED,EPI_COMPONENT_RECONCILED,GOVERNED_RACE_ENTRY_EPI_COMPONENT,65d94258523a80b9be3d1c4b4ce1a511ce06923f5877fc190cadf1f55f7d0427,RA_TO_RCOM_BRIDGE|LIVE_FORM_GUIDE_CURRENT_INPUTS,edgeiq_ra_to_rcom_bridge_current_performance_rebuild_v1,1.0.0,2026-07-30T00:00:00Z
REEC-CUR-352C31265DC5AA7F7F02C81F,99476412090,EIQD-2FCDF559A4AC5AD65AC8B286,2026-07-26,HISTORICAL_PERFORMANCE,edgeiq_form_guide_enriched_v2,REPP-CUR-767AAE90C21A4B5489DE597F,formMomentum,9ee3aab001c12fa50dc34fca974d02727393d578b1316cc3141bacc50317609e,-8.0,9,-0.366667,7.133333,-1.070093,-1.070093,0.500000,-0.535047,EPIP1-14578898B157ACE77DF0A29F,LIVE_FORM_GUIDE_CURRENT_COMPONENT_NORMALISATION,EPI_COMPONENT_PUBLISHED,EPI_COMPONENT_RECONCILED,GOVERNED_RACE_ENTRY_EPI_COMPONENT,999888f6d8587aab7370d77e1cab2813b09441a6858cb682785a63059c71fac6,RA_TO_RCOM_BRIDGE|LIVE_FORM_GUIDE_CURRENT_INPUTS,edgeiq_ra_to_rcom_bridge_current_performance_rebuild_v1,1.0.0,2026-07-30T00:00:00Z
REEC-CUR-F6EC9E21FC741137353AB04F,99537287700,EIQD-2FCDF559A4AC5AD65AC8B286,2026-07-26,HISTORICAL_PERFORMANCE,edgeiq_form_guide_enriched_v2,REPP-CUR-1E53CB4FF9F200543F3FD697,formMomentum,a85820142cce9a491943d6548faa3be7571757ac4452be448b897a409d6631a9,8.0,9,-0.366667,7.133333,1.172897,1.172897,0.500000,0.586449,EPIP1-14578898B157ACE77DF0A29F,LIVE_FORM_GUIDE_CURRENT_COMPONENT_NORMALISATION,EPI_COMPONENT_PUBLISHED,EPI_COMPONENT_RECONCILED,GOVERNED_RACE_ENTRY_EPI_COMPONENT,9b094cf3a8b4a2567ec86cf8a73755e0451c903800f3c6d0e60679f858e2571f,RA_TO_RCOM_BRIDGE|LIVE_FORM_GUIDE_CURRENT_INPUTS,edgeiq_ra_to_rcom_bridge_current_performance_rebuild_v1,1.0.0,2026-07-30T00:00:00Z
REEC-CUR-AE67E9553E1628116EF3AAEB,99567177960,EIQD-2FCDF559A4AC5AD65AC8B286,2026-07-26,HISTORICAL_PERFORMANCE,edgeiq_form_guide_enriched_v2,REPP-CUR-4E4908FFF19AA95EDB89D452,formMomentum,4044a0d400417a4e8d0619c2caca4e35a24addb73fdb54fbd35f60c6710951fb,2.6,9,-0.366667,7.133333,0.415888,0.415888,0.500000,0.207944,EPIP1-14578898B157ACE77DF0A29F,LIVE_FORM_GUIDE_CURRENT_COMPONENT_NORMALISATION,EPI_COMPONENT_PUBLISHED,EPI_COMPONENT_RECONCILED,GOVERNED_RACE_ENTRY_EPI_COMPONENT,e08b4d3b0aa8d9949936bedb7e09aa90d14f474dc48c1c7c43b9d9df22756108,RA_TO_RCOM_BRIDGE|LIVE_FORM_GUIDE_CURRENT_INPUTS,edgeiq_ra_to_rcom_bridge_current_performance_rebuild_v1,1.0.0,2026-07-30T00:00:00Z
REEC-CUR-8901F73B6383123DBD5D946C,99561449310,EIQD-2FCDF559A4AC5AD65AC8B286,2026-07-26,HISTORICAL_PERFORMANCE,edgeiq_form_guide_enriched_v2,REPP-CUR-2E54246F6166735865510233,formMomentum,11316f462fc0d3749b14bd141987bc5e3e4138c685d599095d9bd2834a97d0ed,-8.0,9,-0.366667,7.133333,-1.070093,-1.070093,0.500000,-0.535047,EPIP1-14578898B157ACE77DF0A29F,LIVE_FORM_GUIDE_CURRENT_COMPONENT_NORMALISATION,EPI_COMPONENT_PUBLISHED,EPI_COMPONENT_RECONCILED,GOVERNED_RACE_ENTRY_EPI_COMPONENT,92cafcca7a1de6cacddfb4538580604a647f226a18220969280b6eb17f7d6b21,RA_TO_RCOM_BRIDGE|LIVE_FORM_GUIDE_CURRENT_INPUTS,edgeiq_ra_to_rcom_bridge_current_performance_rebuild_v1,1.0.0,2026-07-30T00:00:00Z
REEC-CUR-945DD40D35C65D780BE9EEFA,99541687050,EIQD-58926116CE3730E5DB18A856,2026-07-26,HISTORICAL_PERFORMANCE,edgeiq_form_guide_enriched_v2,REPP-CUR-E7EA8A66E7700D4FC77B36EA,formMomentum,094ea721f6667ff76a903c6c03f59e2c34cc9837641175d0ab3c1a349e1dc6c2,8.0,13,3.246154,5.489517,0.865986,0.865986,0.500000,0.432993,EPIP1-14578898B157ACE77DF0A29F,LIVE_FORM_GUIDE_CURRENT_COMPONENT_NORMALISATION,EPI_COMPONENT_PUBLISHED,EPI_COMPONENT_RECONCILED,GOVERNED_RACE_ENTRY_EPI_COMPONENT,bdda131281eaf550ce030f9daa5ed97e01294ae38d0c32300ca85fab257d33b3,RA_TO_RCOM_BRIDGE|LIVE_FORM_GUIDE_CURRENT_INPUTS,edgeiq_ra_to_rcom_bridge_current_performance_rebuild_v1,1.0.0,2026-07-30T00:00:00Z
REEC-CUR-155BE0A32F2D0E2F93FE40BF,99559088220,EIQD-58926116CE3730E5DB18A856,2026-07-26,HISTORICAL_PERFORMANCE,edgeiq_form_guide_enriched_v2,REPP-CUR-0865C1D4F682A5984947D4ED,formMomentum,30ad72f2b7cc058abaeba565432d5675d5cfb25742a7923c6a288bedd18c5d2d,-8.0,13,3.246154,5.489517,-2.048660,-2.048660,0.500000,-1.024330,EPIP1-14578898B157ACE77DF0A29F,LIVE_FORM_GUIDE_CURRENT_COMPONENT_NORMALISATION,EPI_COMPONENT_PUBLISHED,EPI_COMPONENT_RECONCILED,GOVERNED_RACE_ENTRY_EPI_COMPONENT,62df7a220d885e9484e28c7f7c4c40f669fc7e0d4a0f8f1b56fd6bd62f6aed99,RA_TO_RCOM_BRIDGE|LIVE_FORM_GUIDE_CURRENT_INPUTS,edgeiq_ra_to_rcom_bridge_current_performance_rebuild_v1,1.0.0,2026-07-30T00:00:00Z
REEC-CUR-C9F3C8E207E0746E5EC5A0F8,99566000580,EIQD-58926116CE3730E5DB18A856,2026-07-26,HISTORICAL_PERFORMANCE,edgeiq_form_guide_enriched_v2,REPP-CUR-1891CD76531F9B21795C78C0,formMomentum,1dbb6ae53521d9a7032b350bd11fded0c9b5dc0df1fea8dcad3b470be62b364b,8.0,13,3.246154,5.489517,0.865986,0.865986,0.500000,0.432993,EPIP1-14578898B157ACE77DF0A29F,LIVE_FORM_GUIDE_CURRENT_COMPONENT_NORMALISATION,EPI_COMPONENT_PUBLISHED,EPI_COMPONENT_RECONCILED,GOVERNED_RACE_ENTRY_EPI_COMPONENT,2cc1e6fcdd7f548760fd86eada676496f7d60c4792f1189767d3b39d76334a94,RA_TO_RCOM_BRIDGE|LIVE_FORM_GUIDE_CURRENT_INPUTS,edgeiq_ra_to_rcom_bridge_current_performance_rebuild_v1,1.0.0,2026-07-30T00:00:00Z
REEC-CUR-8024EC6A31E3CBE742BED7CC,99555467460,EIQD-58926116CE3730E5DB18A856,2026-07-26,HISTORICAL_PERFORMANCE,edgeiq_form_guide_enriched_v2,REPP-CUR-B9603B3004E9A08DB2075A7C,formMomentum,9ab6e68ab84a1192d2ba441f5b129504231135041700f2e1829a2bf80625ae16,-0.8,13,3.246154,5.489517,-0.737069,-0.737069,0.500000,-0.368535,EPIP1-14578898B157ACE77DF0A29F,LIVE_FORM_GUIDE_CURRENT_COMPONENT_NORMALISATION,EPI_COMPONENT_PUBLISHED,EPI_COMPONENT_RECONCILED,GOVERNED_RACE_ENTRY_EPI_COMPONENT,0fc579c622f6c1af85a9c7146ce628b78355b40eb8ca82e0e593d892de5057f3,RA_TO_RCOM_BRIDGE|LIVE_FORM_GUIDE_CURRENT_INPUTS,edgeiq_ra_to_rcom_bridge_current_performance_rebuild_v1,1.0.0,2026-07-30T00:00:00Z
REEC-CUR-3A4B7AD177CF68E66543854B,99500681310,EIQD-58926116CE3730E5DB18A856,2026-07-26,HISTORICAL_PERFORMANCE,edgeiq_form_guide_enriched_v2,REPP-CUR-5F8BF28EEAD5DE8649A053DB,formMomentum,786bad54b54a144153fcf4fcc4aad610b1af9615de2982540b7b756c8277ee8d,-1.8,13,3.246154,5.489517,-0.919235,-0.919235,0.500000,-0.459617,EPIP1-14578898B157ACE77DF0A29F,LIVE_FORM_GUIDE_CURRENT_COMPONENT_NORMALISATION,EPI_COMPONENT_PUBLISHED,EPI_COMPONENT_RECONCILED,GOVERNED_RACE_ENTRY_EPI_COMPONENT,d6b9f8ba2b1055bd3b200d806aa3515977767b5b075605d93e0320944b5e3a0d,RA_TO_RCOM_BRIDGE|LIVE_FORM_GUIDE_CURRENT_INPUTS,edgeiq_ra_to_rcom_bridge_current_performance_rebuild_v1,1.0.0,2026-07-30T00:00:00Z
REEC-CUR-CAC68E82809506F390B32776,99500687640,EIQD-58926116CE3730E5DB18A856,2026-07-26,HISTORICAL_PERFORMANCE,edgeiq_form_guide_enriched_v2,REPP-CUR-C398ACFE48D50737A9807FC7,formMomentum,9dc7e0b0af9aec23963a2772d076d845d368f5b58543d2ed377ac0202ec21aca,8.0,13,3.246154,5.489517,0.865986,0.865986,0.500000,0.432993,EPIP1-14578898B157ACE77DF0A29F,LIVE_FORM_GUIDE_CURRENT_COMPONENT_NORMALISATION,EPI_COMPONENT_PUBLISHED,EPI_COMPONENT_RECONCILED,GOVERNED_RACE_ENTRY_EPI_COMPONENT,58787c60062902a1e56f99686b5145fc306033b02bd1aff7713d8fb208f81295,RA_TO_RCOM_BRIDGE|LIVE_FORM_GUIDE_CURRENT_INPUTS,edgeiq_ra_to_rcom_bridge_current_performance_rebuild_v1,1.0.0,2026-07-30T00:00:00Z
REEC-CUR-5CA33B37C3615E1E2CAE2596,99490350750,EIQD-58926116CE3730E5DB18A856,2026-07-26,HISTORICAL_PERFORMANCE,edgeiq_form_guide_enriched_v2,REPP-CUR-DC00A39CBE72D92771B3DA89,formMomentum,6fdac0af46fd545f8ed6e3cd6b34718e02ee0404068507e8781eda0dd9f05401,-1.9,13,3.246154,5.489517,-0.937451,-0.937451,0.500000,-0.468726,EPIP1-14578898B157ACE77DF0A29F,LIVE_FORM_GUIDE_CURRENT_COMPONENT_NORMALISATION,EPI_COMPONENT_PUBLISHED,EPI_COMPONENT_RECONCILED,GOVERNED_RACE_ENTRY_EPI_COMPONENT,da9bd6d44bd2c373ce68f63e4c7af0b76e0c21b1f8e8c3b40421599183c7ed81,RA_TO_RCOM_BRIDGE|LIVE_FORM_GUIDE_CURRENT_INPUTS,edgeiq_ra_to_rcom_bridge_current_performance_rebuild_v1,1.0.0,2026-07-30T00:00:00Z
REEC-CUR-FE2EC57AE899CD81673B8C25,99567633720,EIQD-58926116CE3730E5DB18A856,2026-07-26,HISTORICAL_PERFORMANCE,edgeiq_form_guide_enriched_v2,REPP-CUR-460A7CA8A3EA87EE65D9038E,formMomentum,ee4fd2dc2dd3d64d39eb79c28e84bf87324d0a7cdb6f10e24c857e026314758c,1.4,13,3.246154,5.489517,-0.336305,-0.336305,0.500000,-0.168153,EPIP1-14578898B157ACE77DF0A29F,LIVE_FORM_GUIDE_CURRENT_COMPONENT_NORMALISATION,EPI_COMPONENT_PUBLISHED,EPI_COMPONENT_RECONCILED,GOVERNED_RACE_ENTRY_EPI_COMPONENT,89f739802127431a7f8a842b54aa4d08ed798f6968d14b3392d8ff66a27ef517,RA_TO_RCOM_BRIDGE|LIVE_FORM_GUIDE_CURRENT_INPUTS,edgeiq_ra_to_rcom_bridge_current_performance_rebuild_v1,1.0.0,2026-07-30T00:00:00Z
REEC-CUR-5BAF0B5BD23670D621FFD956,99564956130,EIQD-58926116CE3730E5DB18A856,2026-07-26,HISTORICAL_PERFORMANCE,edgeiq_form_guide_enriched_v2,REPP-CUR-DBA28E15C4C21FB8D35C1422,formMomentum,4cca20b43a73255d01af4c6283f7e7d004df400b7d24179ed25f507a70afac9e,8.0,13,3.246154,5.489517,0.865986,0.865986,0.500000,0.432993,EPIP1-14578898B157ACE77DF0A29F,LIVE_FORM_GUIDE_CURRENT_COMPONENT_NORMALISATION,EPI_COMPONENT_PUBLISHED,EPI_COMPONENT_RECONCILED,GOVERNED_RACE_ENTRY_EPI_COMPONENT,bd7c12a56212553e5d2eec65aeac772ab987104200627a6becfe7ef73f81710a,RA_TO_RCOM_BRIDGE|LIVE_FORM_GUIDE_CURRENT_INPUTS,edgeiq_ra_to_rcom_bridge_current_performance_rebuild_v1,1.0.0,2026-07-30T00:00:00Z
REEC-CUR-7FBC9BC3725E647B8F58DA60,99569906190,EIQD-58926116CE3730E5DB18A856,2026-07-26,HISTORICAL_PERFORMANCE,edgeiq_form_guide_enriched_v2,REPP-CUR-80E531BC65058BA372934F1F,formMomentum,7998cc250f1717c8fa4168e7134e3f98b434e20a78347482eb183012c9ff5d59,8.0,13,3.246154,5.489517,0.865986,0.865986,0.500000,0.432993,EPIP1-14578898B157ACE77DF0A29F,LIVE_FORM_GUIDE_CURRENT_COMPONENT_NORMALISATION,EPI_COMPONENT_PUBLISHED,EPI_COMPONENT_RECONCILED,GOVERNED_RACE_ENTRY_EPI_COMPONENT,e6a2b0d10e2bbe474e3d58fed9c30a8bf2ce8af80731cdc74d3d1006d1591143,RA_TO_RCOM_BRIDGE|LIVE_FORM_GUIDE_CURRENT_INPUTS,edgeiq_ra_to_rcom_bridge_current_performance_rebuild_v1,1.0.0,2026-07-30T00:00:00Z
REEC-CUR-4C675FA4945E08E57E58D2DA,99515158020,EIQD-58926116CE3730E5DB18A856,2026-07-26,HISTORICAL_PERFORMANCE,edgeiq_form_guide_enriched_v2,REPP-CUR-D74C67AF751B41829339028B,formMomentum,5ba413ebc1539d31a2b4eaa855e714b484306e9f83f991aa88e3eafa1647e168,8.0,13,3.246154,5.489517,0.865986,0.865986,0.500000,0.432993,EPIP1-14578898B157ACE77DF0A29F,LIVE_FORM_GUIDE_CURRENT_COMPONENT_NORMALISATION,EPI_COMPONENT_PUBLISHED,EPI_COMPONENT_RECONCILED,GOVERNED_RACE_ENTRY_EPI_COMPONENT,885f6e4a4768da1c05c7c2188aba270653e515e504a28a7ef81ca1102ddc8230,RA_TO_RCOM_BRIDGE|LIVE_FORM_GUIDE_CURRENT_INPUTS,edgeiq_ra_to_rcom_bridge_current_performance_rebuild_v1,1.0.0,2026-07-30T00:00:00Z
REEC-CUR-73F43F46326B9E074E1F2544,99550023660,EIQD-58926116CE3730E5DB18A856,2026-07-26,HISTORICAL_PERFORMANCE,edgeiq_form_guide_enriched_v2,REPP-CUR-0F2D0C2A069529372A3E6DBA,formMomentum,7581757650dba555081fb8d22ce4be7a4d38d595fbcd60dc24cf6d39abe3f5dc,8.0,13,3.246154,5.489517,0.865986,0.865986,0.500000,0.432993,EPIP1-14578898B157ACE77DF0A29F,LIVE_FORM_GUIDE_CURRENT_COMPONENT_NORMALISATION,EPI_COMPONENT_PUBLISHED,EPI_COMPONENT_RECONCILED,GOVERNED_RACE_ENTRY_EPI_COMPONENT,040f2961cefaa4722b15d265143510baeaaaa1c239bf91ce6bf964a09b426433,RA_TO_RCOM_BRIDGE|LIVE_FORM_GUIDE_CURRENT_INPUTS,edgeiq_ra_to_rcom_bridge_current_performance_rebuild_v1,1.0.0,2026-07-30T00:00:00Z
REEC-CUR-8B4008E4050F2FB1852F8D56,99533128890,EIQD-58926116CE3730E5DB18A856,2026-07-26,HISTORICAL_PERFORMANCE,edgeiq_form_guide_enriched_v2,REPP-CUR-149DDC21CF127475B9D88056,formMomentum,37d56a986710f0e1831117a92df36944e921df0518dea3848e6a286f527638bf,-2.7,13,3.246154,5.489517,-1.083184,-1.083184,0.500000,-0.541592,EPIP1-14578898B157ACE77DF0A29F,LIVE_FORM_GUIDE_CURRENT_COMPONENT_NORMALISATION,EPI_COMPONENT_PUBLISHED,EPI_COMPONENT_RECONCILED,GOVERNED_RACE_ENTRY_EPI_COMPONENT,52fccd0811a2ff2e753509eee8ad6dc12676a42af55e53d6fac583664c8c765d,RA_TO_RCOM_BRIDGE|LIVE_FORM_GUIDE_CURRENT_INPUTS,edgeiq_ra_to_rcom_bridge_current_performance_rebuild_v1,1.0.0,2026-07-30T00:00:00Z
REEC-CUR-DC765C2AE4868F01510C5C8A,99524602380,EIQD-DDBEBDD438E1E95BF9FCC89E,2026-07-26,SUITABILITY,edgeiq_form_guide_enriched_v2,RESA-CUR-417ECFAE3702E1C046D8CB77,suitability,5e61b079c9abb172912c789d3b42a319b323a94d546892d3726a47d0b86ec0fa,49.8,5,53.140000,2.788261,-1.197879,-1.197879,0.300000,-0.359364,EPIP1-14578898B157ACE77DF0A29F,LIVE_FORM_GUIDE_CURRENT_COMPONENT_NORMALISATION,EPI_COMPONENT_PUBLISHED,EPI_COMPONENT_RECONCILED,GOVERNED_RACE_ENTRY_EPI_COMPONENT,403f19c5c9d11369a2b72edc25bf7d16864e7f3f1504febe3b742389bba00c73,RA_TO_RCOM_BRIDGE|LIVE_FORM_GUIDE_CURRENT_INPUTS,edgeiq_ra_to_rcom_bridge_current_performance_rebuild_v1,1.0.0,2026-07-30T00:00:00Z
REEC-CUR-03E3E967A68D48A656625134,99548453820,EIQD-DDBEBDD438E1E95BF9FCC89E,2026-07-26,SUITABILITY,edgeiq_form_guide_enriched_v2,RESA-CUR-BB82186F1F8AB5139C548E3D,suitability,67effae1bdbb2b1c1abd7939c00296255f9c41883a35e8cf1d8ec5f6410cf0a4,54.9,5,53.140000,2.788261,0.631218,0.631218,0.300000,0.189365,EPIP1-14578898B157ACE77DF0A29F,LIVE_FORM_GUIDE_CURRENT_COMPONENT_NORMALISATION,EPI_COMPONENT_PUBLISHED,EPI_COMPONENT_RECONCILED,GOVERNED_RACE_ENTRY_EPI_COMPONENT,a80691c0c799d332b50f06d869cc79062bffc0453606fad67397c754486333b7,RA_TO_RCOM_BRIDGE|LIVE_FORM_GUIDE_CURRENT_INPUTS,edgeiq_ra_to_rcom_bridge_current_performance_rebuild_v1,1.0.0,2026-07-30T00:00:00Z
REEC-CUR-702F215746AB34F9BB8BA661,99552973440,EIQD-DDBEBDD438E1E95BF9FCC89E,2026-07-26,SUITABILITY,edgeiq_form_guide_enriched_v2,RESA-CUR-93346F977ECC756826E43E70,suitability,55e24b5a4c8cba35ddaa8e404c1c09cb092a871484ced833ddf812902b83afdf,57.4,5,53.140000,2.788261,1.527834,1.527834,0.300000,0.458350,EPIP1-14578898B157ACE77DF0A29F,LIVE_FORM_GUIDE_CURRENT_COMPONENT_NORMALISATION,EPI_COMPONENT_PUBLISHED,EPI_COMPONENT_RECONCILED,GOVERNED_RACE_ENTRY_EPI_COMPONENT,1db84baf0f21d7ad35d7194f19862951979c6c9500dd64b678c0ffa38826dbad,RA_TO_RCOM_BRIDGE|LIVE_FORM_GUIDE_CURRENT_INPUTS,edgeiq_ra_to_rcom_bridge_current_performance_rebuild_v1,1.0.0,2026-07-30T00:00:00Z
REEC-CUR-83D9F2D1DBAB0C3274A584F4,99561620220,EIQD-DDBEBDD438E1E95BF9FCC89E,2026-07-26,SUITABILITY,edgeiq_form_guide_enriched_v2,RESA-CUR-ED8105C7E07EB5CB41322E83,suitability,54982cda35d57e9a1295d01867d1da35109f7b2b029a6ab60d6dcd6e3c8e39a4,50.6,5,53.140000,2.788261,-0.910962,-0.910962,0.300000,-0.273289,EPIP1-14578898B157ACE77DF0A29F,LIVE_FORM_GUIDE_CURRENT_COMPONENT_NORMALISATION,EPI_COMPONENT_PUBLISHED,EPI_COMPONENT_RECONCILED,GOVERNED_RACE_ENTRY_EPI_COMPONENT,81a03369612c3fbd9ce1005d764c860a3bfade4075515283bfd06548f5ee487e,RA_TO_RCOM_BRIDGE|LIVE_FORM_GUIDE_CURRENT_INPUTS,edgeiq_ra_to_rcom_bridge_current_performance_rebuild_v1,1.0.0,2026-07-30T00:00:00Z
REEC-CUR-28E399707EDB3BA81BAC8D44,99563360970,EIQD-DDBEBDD438E1E95BF9FCC89E,2026-07-26,SUITABILITY,edgeiq_form_guide_enriched_v2,RESA-CUR-E1324D2257DAA599A7BA3AE6,suitability,e8cdf44349ab9325d9ab0a501128352f0ab07b4bfcefce1f1de26c0cf39c4c21,53.0,5,53.140000,2.788261,-0.050211,-0.050211,0.300000,-0.015063,EPIP1-14578898B157ACE77DF0A29F,LIVE_FORM_GUIDE_CURRENT_COMPONENT_NORMALISATION,EPI_COMPONENT_PUBLISHED,EPI_COMPONENT_RECONCILED,GOVERNED_RACE_ENTRY_EPI_COMPONENT,c840252e27748632a33d7e863abe6e688dce753062cfd1c18e1387a6ad3d4cee,RA_TO_RCOM_BRIDGE|LIVE_FORM_GUIDE_CURRENT_INPUTS,edgeiq_ra_to_rcom_bridge_current_performance_rebuild_v1,1.0.0,2026-07-30T00:00:00Z
REEC-CUR-7B9F25965E50845F3E1DD6DC,99569893530,EIQD-EB9F8134D5BF682C7A99C9D3,2026-07-26,SUITABILITY,edgeiq_form_guide_enriched_v2,RESA-CUR-28571844F1E234A62463414F,suitability,8777e5f4bdb4bdd2f581b660615ee1cc72736c4d360b09fb5904bdff7f02f6d6,52.6,6,52.333333,2.314927,0.115194,0.115194,0.300000,0.034558,EPIP1-14578898B157ACE77DF0A29F,LIVE_FORM_GUIDE_CURRENT_COMPONENT_NORMALISATION,EPI_COMPONENT_PUBLISHED,EPI_COMPONENT_RECONCILED,GOVERNED_RACE_ENTRY_EPI_COMPONENT,a6ccfc4ba42ce8699674d43a577a9d752584bacbc28615769088da5406ace0a4,RA_TO_RCOM_BRIDGE|LIVE_FORM_GUIDE_CURRENT_INPUTS,edgeiq_ra_to_rcom_bridge_current_performance_rebuild_v1,1.0.0,2026-07-30T00:00:00Z
REEC-CUR-47185B346220FA25EF78310A,99564437070,EIQD-EB9F8134D5BF682C7A99C9D3,2026-07-26,SUITABILITY,edgeiq_form_guide_enriched_v2,RESA-CUR-F81472FFC18277F1C1BDDC17,suitability,649b4ab68d5d91bcbf8d285938b41005436383fcf04a8ffae1ec2688687e1eaf,53.2,6,52.333333,2.314927,0.374382,0.374382,0.300000,0.112315,EPIP1-14578898B157ACE77DF0A29F,LIVE_FORM_GUIDE_CURRENT_COMPONENT_NORMALISATION,EPI_COMPONENT_PUBLISHED,EPI_COMPONENT_RECONCILED,GOVERNED_RACE_ENTRY_EPI_COMPONENT,f42042d8741a7dc81902dbb1f02b56eea1e6bd01fb51a509273bb11abe9bfccb,RA_TO_RCOM_BRIDGE|LIVE_FORM_GUIDE_CURRENT_INPUTS,edgeiq_ra_to_rcom_bridge_current_performance_rebuild_v1,1.0.0,2026-07-30T00:00:00Z
REEC-CUR-C3DE6CCF75426D656CF8255F,99517158300,EIQD-EB9F8134D5BF682C7A99C9D3,2026-07-26,SUITABILITY,edgeiq_form_guide_enriched_v2,RESA-CUR-8163069B86F66E61DE4D7597,suitability,2ef1cde0f9c48fe70ae2734d5a8b92e9dc43f765168f82fd8944b87f06e09262,48.9,6,52.333333,2.314927,-1.483128,-1.483128,0.300000,-0.444938,EPIP1-14578898B157ACE77DF0A29F,LIVE_FORM_GUIDE_CURRENT_COMPONENT_NORMALISATION,EPI_COMPONENT_PUBLISHED,EPI_COMPONENT_RECONCILED,GOVERNED_RACE_ENTRY_EPI_COMPONENT,385b2791c45d8907daf8fd8fc66be9b89153eee0abc7a1ab5eec1841d8861abb,RA_TO_RCOM_BRIDGE|LIVE_FORM_GUIDE_CURRENT_INPUTS,edgeiq_ra_to_rcom_bridge_current_performance_rebuild_v1,1.0.0,2026-07-30T00:00:00Z
REEC-CUR-3429CBEDE5BB167AB3D2F351,99560892270,EIQD-EB9F8134D5BF682C7A99C9D3,2026-07-26,SUITABILITY,edgeiq_form_guide_enriched_v2,RESA-CUR-5069C5C7AC34DF0220AEFA32,suitability,f2979ec062c9c643fe32122b8c9ea158d29dfbb1e475cdc423734ce3ce4b4528,50.6,6,52.333333,2.314927,-0.748764,-0.748764,0.300000,-0.224629,EPIP1-14578898B157ACE77DF0A29F,LIVE_FORM_GUIDE_CURRENT_COMPONENT_NORMALISATION,EPI_COMPONENT_PUBLISHED,EPI_COMPONENT_RECONCILED,GOVERNED_RACE_ENTRY_EPI_COMPONENT,b6ae825f711986466ae57190f6f5fc85529f48a32a08f7cbbc46a7bcd4a5699c,RA_TO_RCOM_BRIDGE|LIVE_FORM_GUIDE_CURRENT_INPUTS,edgeiq_ra_to_rcom_bridge_current_performance_rebuild_v1,1.0.0,2026-07-30T00:00:00Z
REEC-CUR-EF2DDF9FFD27452D9CF67E2F,99529248600,EIQD-EB9F8134D5BF682C7A99C9D3,2026-07-26,SUITABILITY,edgeiq_form_guide_enriched_v2,RESA-CUR-6636CB4E2CB48CBB93BAF73D,suitability,31b789176cdf201259265a923f3c5570bfc60574be59b39394d9ce6ba0fb5ac9,52.3,6,52.333333,2.314927,-0.014399,-0.014399,0.300000,-0.004320,EPIP1-14578898B157ACE77DF0A29F,LIVE_FORM_GUIDE_CURRENT_COMPONENT_NORMALISATION,EPI_COMPONENT_PUBLISHED,EPI_COMPONENT_RECONCILED,GOVERNED_RACE_ENTRY_EPI_COMPONENT,c463b1e295335d6fde3637a7e17a8c6cd8628ab11239a324d976322793b44e43,RA_TO_RCOM_BRIDGE|LIVE_FORM_GUIDE_CURRENT_INPUTS,edgeiq_ra_to_rcom_bridge_current_performance_rebuild_v1,1.0.0,2026-07-30T00:00:00Z
REEC-CUR-5698831718B27209452F4E86,99568159110,EIQD-EB9F8134D5BF682C7A99C9D3,2026-07-26,SUITABILITY,edgeiq_form_guide_enriched_v2,RESA-CUR-4A55C84114D7A2F177CBDA11,suitability,725d1d2cd55ca7a0b655b768adf6f9f606891970490906dc82ca99c86dcd95f6,56.4,6,52.333333,2.314927,1.756715,1.756715,0.300000,0.527014,EPIP1-14578898B157ACE77DF0A29F,LIVE_FORM_GUIDE_CURRENT_COMPONENT_NORMALISATION,EPI_COMPONENT_PUBLISHED,EPI_COMPONENT_RECONCILED,GOVERNED_RACE_ENTRY_EPI_COMPONENT,4eb9cf7437ea79bbf45eba5e46b95e67a307428e7106b7962e298e39acb90ec8,RA_TO_RCOM_BRIDGE|LIVE_FORM_GUIDE_CURRENT_INPUTS,edgeiq_ra_to_rcom_bridge_current_performance_rebuild_v1,1.0.0,2026-07-30T00:00:00Z
REEC-CUR-4F70D44130DC92833E3D1E62,99528640920,EIQD-C37EA5A90D5C022617026D89,2026-07-26,SUITABILITY,edgeiq_form_guide_enriched_v2,RESA-CUR-D852EAC2D6468C290F0F1B3C,suitability,f0bfe2587938937ec8bb237bad55eea0c403246a8844709560bf655283fd8040,52.4,4,48.750000,2.434646,1.499191,1.499191,0.300000,0.449757,EPIP1-14578898B157ACE77DF0A29F,LIVE_FORM_GUIDE_CURRENT_COMPONENT_NORMALISATION,EPI_COMPONENT_PUBLISHED,EPI_COMPONENT_RECONCILED,GOVERNED_RACE_ENTRY_EPI_COMPONENT,24d90b9e8d212708c51ae019c0a322c823b50a2d55fc61e78ea156d4f4242245,RA_TO_RCOM_BRIDGE|LIVE_FORM_GUIDE_CURRENT_INPUTS,edgeiq_ra_to_rcom_bridge_current_performance_rebuild_v1,1.0.0,2026-07-30T00:00:00Z
REEC-CUR-DA2754319CD6EF8B62DAD534,99539117070,EIQD-C37EA5A90D5C022617026D89,2026-07-26,SUITABILITY,edgeiq_form_guide_enriched_v2,RESA-CUR-45C551AC6A93FBFDB50F043F,suitability,7fe083978d7dfe5df6157505d368ede6d8026a19a2a45b2d2642675bc529fb40,49.4,4,48.750000,2.434646,0.266979,0.266979,0.300000,0.080094,EPIP1-14578898B157ACE77DF0A29F,LIVE_FORM_GUIDE_CURRENT_COMPONENT_NORMALISATION,EPI_COMPONENT_PUBLISHED,EPI_COMPONENT_RECONCILED,GOVERNED_RACE_ENTRY_EPI_COMPONENT,613ef183540c706c7832b0167a848a0456ed837004ea41ecc3cc1b258ca0b7e4,RA_TO_RCOM_BRIDGE|LIVE_FORM_GUIDE_CURRENT_INPUTS,edgeiq_ra_to_rcom_bridge_current_performance_rebuild_v1,1.0.0,2026-07-30T00:00:00Z
REEC-CUR-9765FA5557952434A11D9F52,99524001030,EIQD-C37EA5A90D5C022617026D89,2026-07-26,SUITABILITY,edgeiq_form_guide_enriched_v2,RESA-CUR-9F423D8DD9E8EDDFAF73D35C,suitability,0680eac377e54a789d1e7f7504ccd0d26dfbf2426f32b7ec48f05991442f8909,46.0,4,48.750000,2.434646,-1.129528,-1.129528,0.300000,-0.338858,EPIP1-14578898B157ACE77DF0A29F,LIVE_FORM_GUIDE_CURRENT_COMPONENT_NORMALISATION,EPI_COMPONENT_PUBLISHED,EPI_COMPONENT_RECONCILED,GOVERNED_RACE_ENTRY_EPI_COMPONENT,866bd26be1009600a37e165fe676d116f42e45364fbeabc5f2013568c9a26652,RA_TO_RCOM_BRIDGE|LIVE_FORM_GUIDE_CURRENT_INPUTS,edgeiq_ra_to_rcom_bridge_current_performance_rebuild_v1,1.0.0,2026-07-30T00:00:00Z
REEC-CUR-A4F721410C5B7DB281C0AC95,99509910450,EIQD-C37EA5A90D5C022617026D89,2026-07-26,SUITABILITY,edgeiq_form_guide_enriched_v2,RESA-CUR-830F45A71D6F1D643AB899B0,suitability,e883946f2eba2f36ace77c6fe0788ce2fb7c9285d561f37a74163e4e75ac3797,47.2,4,48.750000,2.434646,-0.636643,-0.636643,0.300000,-0.190993,EPIP1-14578898B157ACE77DF0A29F,LIVE_FORM_GUIDE_CURRENT_COMPONENT_NORMALISATION,EPI_COMPONENT_PUBLISHED,EPI_COMPONENT_RECONCILED,GOVERNED_RACE_ENTRY_EPI_COMPONENT,5f544ad4f8a3b4b9db194159a5704a818ee7582a298a91529b9a6b39d392569b,RA_TO_RCOM_BRIDGE|LIVE_FORM_GUIDE_CURRENT_INPUTS,edgeiq_ra_to_rcom_bridge_current_performance_rebuild_v1,1.0.0,2026-07-30T00:00:00Z
REEC-CUR-34CA9FD915BD5D13E644DA4E,99533413740,EIQD-681F212AA6AA39D5B3E39D91,2026-07-26,SUITABILITY,edgeiq_form_guide_enriched_v2,RESA-CUR-21465D010F3CB2115211DFE6,suitability,0057e9c4dfadcd359e9ffb95b41fd68bc94c0aa28f4a5319dec1fbfef72bef41,53.8,6,58.716667,5.657861,-0.868997,-0.868997,0.300000,-0.260699,EPIP1-14578898B157ACE77DF0A29F,LIVE_FORM_GUIDE_CURRENT_COMPONENT_NORMALISATION,EPI_COMPONENT_PUBLISHED,EPI_COMPONENT_RECONCILED,GOVERNED_RACE_ENTRY_EPI_COMPONENT,c1560ea4181e14651435bd34f2325720edfe596352b3c74cea4d7b0e9a053071,RA_TO_RCOM_BRIDGE|LIVE_FORM_GUIDE_CURRENT_INPUTS,edgeiq_ra_to_rcom_bridge_current_performance_rebuild_v1,1.0.0,2026-07-30T00:00:00Z
REEC-CUR-2515EB618DC1C4409CF3D38F,99561139140,EIQD-681F212AA6AA39D5B3E39D91,2026-07-26,SUITABILITY,edgeiq_form_guide_enriched_v2,RESA-CUR-0BDBA88EA53F1B1696A529D1,suitability,1d65ebe1f2fa967e078d58b765a1151e37cbf8b8850a7668e0177c3b1a669afd,58.0,6,58.716667,5.657861,-0.126667,-0.126667,0.300000,-0.038000,EPIP1-14578898B157ACE77DF0A29F,LIVE_FORM_GUIDE_CURRENT_COMPONENT_NORMALISATION,EPI_COMPONENT_PUBLISHED,EPI_COMPONENT_RECONCILED,GOVERNED_RACE_ENTRY_EPI_COMPONENT,99a34fda9fdbd7a69b79458bd996dad48f4d37062039750e80619bfc5efd4f05,RA_TO_RCOM_BRIDGE|LIVE_FORM_GUIDE_CURRENT_INPUTS,edgeiq_ra_to_rcom_bridge_current_performance_rebuild_v1,1.0.0,2026-07-30T00:00:00Z
REEC-CUR-D64F63C1898A812DD241FB7F,99557518380,EIQD-681F212AA6AA39D5B3E39D91,2026-07-26,SUITABILITY,edgeiq_form_guide_enriched_v2,RESA-CUR-5D458DD2869D012A8564C4E1,suitability,624c827518881ef49321d70caaf44c545fdeab6a332c1338d59a1ffa91037fd7,62.3,6,58.716667,5.657861,0.633337,0.633337,0.300000,0.190001,EPIP1-14578898B157ACE77DF0A29F,LIVE_FORM_GUIDE_CURRENT_COMPONENT_NORMALISATION,EPI_COMPONENT_PUBLISHED,EPI_COMPONENT_RECONCILED,GOVERNED_RACE_ENTRY_EPI_COMPONENT,25b709c7ccf441682fe6248f6ff966c7b7bc80268138ce8ab6ca03b60a1facba,RA_TO_RCOM_BRIDGE|LIVE_FORM_GUIDE_CURRENT_INPUTS,edgeiq_ra_to_rcom_bridge_current_performance_rebuild_v1,1.0.0,2026-07-30T00:00:00Z
REEC-CUR-5465D1B1E2EB2B9C5D7FBF43,99565804350,EIQD-681F212AA6AA39D5B3E39D91,2026-07-26,SUITABILITY,edgeiq_form_guide_enriched_v2,RESA-CUR-FE8DC4D18FC49AF8C86C8C30,suitability,5441deb8f0efe023087c84816feb71d720889bd659c33b25f432780235587fdc,69.3,6,58.716667,5.657861,1.870554,1.870554,0.300000,0.561166,EPIP1-14578898B157ACE77DF0A29F,LIVE_FORM_GUIDE_CURRENT_COMPONENT_NORMALISATION,EPI_COMPONENT_PUBLISHED,EPI_COMPONENT_RECONCILED,GOVERNED_RACE_ENTRY_EPI_COMPONENT,c0c8d6204b4b50b01ab0c59892dcdca226c4f1165236492e661b6a9439d32d52,RA_TO_RCOM_BRIDGE|LIVE_FORM_GUIDE_CURRENT_INPUTS,edgeiq_ra_to_rcom_bridge_current_performance_rebuild_v1,1.0.0,2026-07-30T00:00:00Z
REEC-CUR-BC6020A5F6A8AB59F69D54C3,99558398250,EIQD-681F212AA6AA39D5B3E39D91,2026-07-26,SUITABILITY,edgeiq_form_guide_enriched_v2,RESA-CUR-2D05B6A6B9072A209F8F181C,suitability,d0e45618a7d02d721490eda2cc64fa6fb41619a54d1844bfe22085f53f3b8a83,52.7,6,58.716667,5.657861,-1.063417,-1.063417,0.300000,-0.319025,EPIP1-14578898B157ACE77DF0A29F,LIVE_FORM_GUIDE_CURRENT_COMPONENT_NORMALISATION,EPI_COMPONENT_PUBLISHED,EPI_COMPONENT_RECONCILED,GOVERNED_RACE_ENTRY_EPI_COMPONENT,e5c4924e9e5183af7056600d77f9951912c9d9e1a0ef0287f627da22cbb07070,RA_TO_RCOM_BRIDGE|LIVE_FORM_GUIDE_CURRENT_INPUTS,edgeiq_ra_to_rcom_bridge_current_performance_rebuild_v1,1.0.0,2026-07-30T00:00:00Z
REEC-CUR-38DBD10861C48E15CCB087DA,99523121160,EIQD-681F212AA6AA39D5B3E39D91,2026-07-26,SUITABILITY,edgeiq_form_guide_enriched_v2,RESA-CUR-8BF831F6CE1E8EE8706C308D,suitability,c2e96c1a14577b5658522296b02819d5c8c4dd090875b96dc5fe6b5df0f9a139,56.2,6,58.716667,5.657861,-0.444809,-0.444809,0.300000,-0.133443,EPIP1-14578898B157ACE77DF0A29F,LIVE_FORM_GUIDE_CURRENT_COMPONENT_NORMALISATION,EPI_COMPONENT_PUBLISHED,EPI_COMPONENT_RECONCILED,GOVERNED_RACE_ENTRY_EPI_COMPONENT,cab5f67d993bf4147bfa67e59b0b06ce3bb387f767388854e7f87d746b813e1c,RA_TO_RCOM_BRIDGE|LIVE_FORM_GUIDE_CURRENT_INPUTS,edgeiq_ra_to_rcom_bridge_current_performance_rebuild_v1,1.0.0,2026-07-30T00:00:00Z
REEC-CUR-2C5601C2E3C672D03A74974C,99566348730,EIQD-0F448166A5F621EF7D40F74C,2026-07-26,SUITABILITY,edgeiq_form_guide_enriched_v2,RESA-CUR-EEC41B51FAD742AE0C1D0B06,suitability,d000ee2f2a4cb24e060800c2c5432e9382a57fa0b88090bb6a961d1d751220b1,74.1,8,57.675000,6.541550,2.510873,2.510873,0.300000,0.753262,EPIP1-14578898B157ACE77DF0A29F,LIVE_FORM_GUIDE_CURRENT_COMPONENT_NORMALISATION,EPI_COMPONENT_PUBLISHED,EPI_COMPONENT_RECONCILED,GOVERNED_RACE_ENTRY_EPI_COMPONENT,c936355ad8c19ec53130b9a4b6a43ffb0460ca7ab0b9bd45d3400adc2395933f,RA_TO_RCOM_BRIDGE|LIVE_FORM_GUIDE_CURRENT_INPUTS,edgeiq_ra_to_rcom_bridge_current_performance_rebuild_v1,1.0.0,2026-07-30T00:00:00Z
REEC-CUR-1293ECF444FC3002D4EE6621,99559860480,EIQD-0F448166A5F621EF7D40F74C,2026-07-26,SUITABILITY,edgeiq_form_guide_enriched_v2,RESA-CUR-69674A4BE149083532A4CC7F,suitability,0445bfccafe55b4ecf3571ef36d6c57235fb28b7a3b0fea2ea57e66775876798,50.6,8,57.675000,6.541550,-1.081548,-1.081548,0.300000,-0.324464,EPIP1-14578898B157ACE77DF0A29F,LIVE_FORM_GUIDE_CURRENT_COMPONENT_NORMALISATION,EPI_COMPONENT_PUBLISHED,EPI_COMPONENT_RECONCILED,GOVERNED_RACE_ENTRY_EPI_COMPONENT,dceba5ee3b65e5797da4d5984e6cb145a6e00842374f4dcde3c69a2cc92821dd,RA_TO_RCOM_BRIDGE|LIVE_FORM_GUIDE_CURRENT_INPUTS,edgeiq_ra_to_rcom_bridge_current_performance_rebuild_v1,1.0.0,2026-07-30T00:00:00Z
REEC-CUR-91BB6A808F20CC2AF32BFC91,99567975540,EIQD-0F448166A5F621EF7D40F74C,2026-07-26,SUITABILITY,edgeiq_form_guide_enriched_v2,RESA-CUR-0C329968B4C67E4A23D12F0A,suitability,7a62c4b960a5e17e8b767c2da9131e5b00bda0772fa05c69419b0ec148378ffe,55.5,8,57.675000,6.541550,-0.332490,-0.332490,0.300000,-0.099747,EPIP1-14578898B157ACE77DF0A29F,LIVE_FORM_GUIDE_CURRENT_COMPONENT_NORMALISATION,EPI_COMPONENT_PUBLISHED,EPI_COMPONENT_RECONCILED,GOVERNED_RACE_ENTRY_EPI_COMPONENT,9559e46931c7ac17a809986a186f57a58be919c29018305aa4163ee62b9fbd8c,RA_TO_RCOM_BRIDGE|LIVE_FORM_GUIDE_CURRENT_INPUTS,edgeiq_ra_to_rcom_bridge_current_performance_rebuild_v1,1.0.0,2026-07-30T00:00:00Z
REEC-CUR-891A8E91BD41E62056A29B5B,99568937700,EIQD-0F448166A5F621EF7D40F74C,2026-07-26,SUITABILITY,edgeiq_form_guide_enriched_v2,RESA-CUR-C7B3BFA5CC8003D7D37DD045,suitability,bd016efd95619f55cbdedee202519c309518df9666eb1a7f94b796a36305898f,54.6,8,57.675000,6.541550,-0.470072,-0.470072,0.300000,-0.141022,EPIP1-14578898B157ACE77DF0A29F,LIVE_FORM_GUIDE_CURRENT_COMPONENT_NORMALISATION,EPI_COMPONENT_PUBLISHED,EPI_COMPONENT_RECONCILED,GOVERNED_RACE_ENTRY_EPI_COMPONENT,585babc3456d76d0c00b8970c74766f69efe0b386acd8608931fff1195f8053d,RA_TO_RCOM_BRIDGE|LIVE_FORM_GUIDE_CURRENT_INPUTS,edgeiq_ra_to_rcom_bridge_current_performance_rebuild_v1,1.0.0,2026-07-30T00:00:00Z
REEC-CUR-B3254236310A957A656E50B8,99515208660,EIQD-0F448166A5F621EF7D40F74C,2026-07-26,SUITABILITY,edgeiq_form_guide_enriched_v2,RESA-CUR-71E04CD422928EA66A5B52E2,suitability,c99b47df9a3e66f49cd068f806bdeed0d85f3a531b814004afbd2a980613d7bf,58.1,8,57.675000,6.541550,0.064969,0.064969,0.300000,0.019491,EPIP1-14578898B157ACE77DF0A29F,LIVE_FORM_GUIDE_CURRENT_COMPONENT_NORMALISATION,EPI_COMPONENT_PUBLISHED,EPI_COMPONENT_RECONCILED,GOVERNED_RACE_ENTRY_EPI_COMPONENT,e8b8796d330b8cbc3e445fa8cdb3b40f99c86666b344a0f5b81d601784df0b29,RA_TO_RCOM_BRIDGE|LIVE_FORM_GUIDE_CURRENT_INPUTS,edgeiq_ra_to_rcom_bridge_current_performance_rebuild_v1,1.0.0,2026-07-30T00:00:00Z
REEC-CUR-273527F64C9D72BC5BFE4347,99549884400,EIQD-0F448166A5F621EF7D40F74C,2026-07-26,SUITABILITY,edgeiq_form_guide_enriched_v2,RESA-CUR-9A9B89B39DE5AA0AE3603468,suitability,e19ea694c37a7a79edfb94de6c9d3bf0ad461ec0684a2e87d00771b92fa000b3,55.3,8,57.675000,6.541550,-0.363064,-0.363064,0.300000,-0.108919,EPIP1-14578898B157ACE77DF0A29F,LIVE_FORM_GUIDE_CURRENT_COMPONENT_NORMALISATION,EPI_COMPONENT_PUBLISHED,EPI_COMPONENT_RECONCILED,GOVERNED_RACE_ENTRY_EPI_COMPONENT,1e988b93592511b6f74fef24f88c1dbd151acde6031c176a0c2aa6c0d9ae1911,RA_TO_RCOM_BRIDGE|LIVE_FORM_GUIDE_CURRENT_INPUTS,edgeiq_ra_to_rcom_bridge_current_performance_rebuild_v1,1.0.0,2026-07-30T00:00:00Z
REEC-CUR-B891B921019A75B97C43F31E,99542680860,EIQD-0F448166A5F621EF7D40F74C,2026-07-26,SUITABILITY,edgeiq_form_guide_enriched_v2,RESA-CUR-BD7B15DE42D819DB33B03C2B,suitability,2de7e8bb549809f34f5837ec52ea6ceebac9a6e22b38e62407e3539000f8dda7,56.9,8,57.675000,6.541550,-0.118473,-0.118473,0.300000,-0.035542,EPIP1-14578898B157ACE77DF0A29F,LIVE_FORM_GUIDE_CURRENT_COMPONENT_NORMALISATION,EPI_COMPONENT_PUBLISHED,EPI_COMPONENT_RECONCILED,GOVERNED_RACE_ENTRY_EPI_COMPONENT,4860e4c66e246d4a32a2b1bdf0b5f58788c0cd9c45190aadd195604353939ca7,RA_TO_RCOM_BRIDGE|LIVE_FORM_GUIDE_CURRENT_INPUTS,edgeiq_ra_to_rcom_bridge_current_performance_rebuild_v1,1.0.0,2026-07-30T00:00:00Z
REEC-CUR-EDD0BB6E4FA6432494C80FAC,99529254930,EIQD-0F448166A5F621EF7D40F74C,2026-07-26,SUITABILITY,edgeiq_form_guide_enriched_v2,RESA-CUR-DE1F085239AE817622D7523B,suitability,b75909e6bb7d45309c341ad13aa179e0babd0c25f5a8d6cbb57d70041e089d40,56.3,8,57.675000,6.541550,-0.210195,-0.210195,0.300000,-0.063058,EPIP1-14578898B157ACE77DF0A29F,LIVE_FORM_GUIDE_CURRENT_COMPONENT_NORMALISATION,EPI_COMPONENT_PUBLISHED,EPI_COMPONENT_RECONCILED,GOVERNED_RACE_ENTRY_EPI_COMPONENT,57f29ffd9dd88bea92ab749b09ced31685912674ee1e4cc1e0105adcc605978a,RA_TO_RCOM_BRIDGE|LIVE_FORM_GUIDE_CURRENT_INPUTS,edgeiq_ra_to_rcom_bridge_current_performance_rebuild_v1,1.0.0,2026-07-30T00:00:00Z
REEC-CUR-564130E6BEAC9590DEFA8B5D,99568184430,EIQD-2FCDF559A4AC5AD65AC8B286,2026-07-26,SUITABILITY,edgeiq_form_guide_enriched_v2,RESA-CUR-1095313BED308CB635368385,suitability,dcc4344c0cbba283386cb03fbd8d750b720712f963019b61280479892cb68dce,57.6,9,56.766667,3.349295,0.248809,0.248809,0.300000,0.074643,EPIP1-14578898B157ACE77DF0A29F,LIVE_FORM_GUIDE_CURRENT_COMPONENT_NORMALISATION,EPI_COMPONENT_PUBLISHED,EPI_COMPONENT_RECONCILED,GOVERNED_RACE_ENTRY_EPI_COMPONENT,5ced2f057e1def20272a7afa72d7b7b6e0af0202ff8f9594cf35c833dda9adfe,RA_TO_RCOM_BRIDGE|LIVE_FORM_GUIDE_CURRENT_INPUTS,edgeiq_ra_to_rcom_bridge_current_performance_rebuild_v1,1.0.0,2026-07-30T00:00:00Z
REEC-CUR-348CB4D53320F898EC462A91,99554973720,EIQD-2FCDF559A4AC5AD65AC8B286,2026-07-26,SUITABILITY,edgeiq_form_guide_enriched_v2,RESA-CUR-99ACB6B58C5C66A7268C34E7,suitability,940af6fcca834f3306c73d824e5d8e5b1c296c97a6e227c93a130e8ce20f8eae,49.9,9,56.766667,3.349295,-2.050183,-2.050183,0.300000,-0.615055,EPIP1-14578898B157ACE77DF0A29F,LIVE_FORM_GUIDE_CURRENT_COMPONENT_NORMALISATION,EPI_COMPONENT_PUBLISHED,EPI_COMPONENT_RECONCILED,GOVERNED_RACE_ENTRY_EPI_COMPONENT,fc65c9163eadeb3c6421d2d53ed3d33e6d456f543ee9c4203a833b8ee9550f6c,RA_TO_RCOM_BRIDGE|LIVE_FORM_GUIDE_CURRENT_INPUTS,edgeiq_ra_to_rcom_bridge_current_performance_rebuild_v1,1.0.0,2026-07-30T00:00:00Z
REEC-CUR-C2BD8AD412C80AC86365913D,99515474520,EIQD-2FCDF559A4AC5AD65AC8B286,2026-07-26,SUITABILITY,edgeiq_form_guide_enriched_v2,RESA-CUR-660385CC198AD2F51821850B,suitability,a121b6f51b3f489ecea76e76276f74aad0801febc107bd96abaeb0e867f3f5d2,57.4,9,56.766667,3.349295,0.189095,0.189095,0.300000,0.056728,EPIP1-14578898B157ACE77DF0A29F,LIVE_FORM_GUIDE_CURRENT_COMPONENT_NORMALISATION,EPI_COMPONENT_PUBLISHED,EPI_COMPONENT_RECONCILED,GOVERNED_RACE_ENTRY_EPI_COMPONENT,55930a7523254c4b314d3895af95803a809ae18b62ed1d6818b5143c4adadcdf,RA_TO_RCOM_BRIDGE|LIVE_FORM_GUIDE_CURRENT_INPUTS,edgeiq_ra_to_rcom_bridge_current_performance_rebuild_v1,1.0.0,2026-07-30T00:00:00Z
REEC-CUR-869C0D74D4486CA403329C8D,99564633300,EIQD-2FCDF559A4AC5AD65AC8B286,2026-07-26,SUITABILITY,edgeiq_form_guide_enriched_v2,RESA-CUR-A20D4807993D42D94EFAD0B5,suitability,35f8638d51a2ed5d3d4906c4d30269d73b58a64c738a07c4eafd5aeea0873498,59.5,9,56.766667,3.349295,0.816092,0.816092,0.300000,0.244828,EPIP1-14578898B157ACE77DF0A29F,LIVE_FORM_GUIDE_CURRENT_COMPONENT_NORMALISATION,EPI_COMPONENT_PUBLISHED,EPI_COMPONENT_RECONCILED,GOVERNED_RACE_ENTRY_EPI_COMPONENT,a57551955c8842b6b978e1d6b4607d0333abca523d6619492df53af270015d8c,RA_TO_RCOM_BRIDGE|LIVE_FORM_GUIDE_CURRENT_INPUTS,edgeiq_ra_to_rcom_bridge_current_performance_rebuild_v1,1.0.0,2026-07-30T00:00:00Z
REEC-CUR-1AE51CA5DFB6455637F65C6C,99558391920,EIQD-2FCDF559A4AC5AD65AC8B286,2026-07-26,SUITABILITY,edgeiq_form_guide_enriched_v2,RESA-CUR-08F6B7CFC46D16293A2AE366,suitability,7569f21e5ae7013d3d454335e01768df36f740e6939ab0f12e69f0f6cd19a89d,58.5,9,56.766667,3.349295,0.517522,0.517522,0.300000,0.155257,EPIP1-14578898B157ACE77DF0A29F,LIVE_FORM_GUIDE_CURRENT_COMPONENT_NORMALISATION,EPI_COMPONENT_PUBLISHED,EPI_COMPONENT_RECONCILED,GOVERNED_RACE_ENTRY_EPI_COMPONENT,1f318101a5c9cbc1fce1a54d036d1244bb49d45ac74ce2af8e748b581cdb1ccc,RA_TO_RCOM_BRIDGE|LIVE_FORM_GUIDE_CURRENT_INPUTS,edgeiq_ra_to_rcom_bridge_current_performance_rebuild_v1,1.0.0,2026-07-30T00:00:00Z
REEC-CUR-6E2DC12E554EE36C41F55C74,99476412090,EIQD-2FCDF559A4AC5AD65AC8B286,2026-07-26,SUITABILITY,edgeiq_form_guide_enriched_v2,RESA-CUR-0DAF560CEBC7C1F0B8B59829,suitability,e78b57d511b275b5b6459c0a272a2c99d8497e107449338e8eda94998b91c866,51.6,9,56.766667,3.349295,-1.542613,-1.542613,0.300000,-0.462784,EPIP1-14578898B157ACE77DF0A29F,LIVE_FORM_GUIDE_CURRENT_COMPONENT_NORMALISATION,EPI_COMPONENT_PUBLISHED,EPI_COMPONENT_RECONCILED,GOVERNED_RACE_ENTRY_EPI_COMPONENT,c01bbd795ee2e2886ace44ecbf06686141169cb78eaf017cd4732f1d95ccd57b,RA_TO_RCOM_BRIDGE|LIVE_FORM_GUIDE_CURRENT_INPUTS,edgeiq_ra_to_rcom_bridge_current_performance_rebuild_v1,1.0.0,2026-07-30T00:00:00Z
REEC-CUR-8F0D6F4C606390FB9791322F,99537287700,EIQD-2FCDF559A4AC5AD65AC8B286,2026-07-26,SUITABILITY,edgeiq_form_guide_enriched_v2,RESA-CUR-5AB8F72ADD73C9A0324A720C,suitability,a608486aa1a56d6486e7afb89d1549aa56e7c65a5542ba0605fea85cd9800e16,60.0,9,56.766667,3.349295,0.965377,0.965377,0.300000,0.289613,EPIP1-14578898B157ACE77DF0A29F,LIVE_FORM_GUIDE_CURRENT_COMPONENT_NORMALISATION,EPI_COMPONENT_PUBLISHED,EPI_COMPONENT_RECONCILED,GOVERNED_RACE_ENTRY_EPI_COMPONENT,88fb4e612f05b371b0ca623b257d61b44741b40f71f0ce3e150086d32035d839,RA_TO_RCOM_BRIDGE|LIVE_FORM_GUIDE_CURRENT_INPUTS,edgeiq_ra_to_rcom_bridge_current_performance_rebuild_v1,1.0.0,2026-07-30T00:00:00Z
REEC-CUR-9377F90CD1B181250F908C79,99567177960,EIQD-2FCDF559A4AC5AD65AC8B286,2026-07-26,SUITABILITY,edgeiq_form_guide_enriched_v2,RESA-CUR-5B4CE6F00F3F7ACE51ECD289,suitability,0d49e32f14a39395d557cdc07eb640d077904f1cb8a28fd8c9ab6e6970c20607,58.9,9,56.766667,3.349295,0.636950,0.636950,0.300000,0.191085,EPIP1-14578898B157ACE77DF0A29F,LIVE_FORM_GUIDE_CURRENT_COMPONENT_NORMALISATION,EPI_COMPONENT_PUBLISHED,EPI_COMPONENT_RECONCILED,GOVERNED_RACE_ENTRY_EPI_COMPONENT,cf0f41629c7bb379e62d1cc9065c4e15318874050626206e43e14b25f6b8be75,RA_TO_RCOM_BRIDGE|LIVE_FORM_GUIDE_CURRENT_INPUTS,edgeiq_ra_to_rcom_bridge_current_performance_rebuild_v1,1.0.0,2026-07-30T00:00:00Z
REEC-CUR-3CFC44F7028099B559C48B19,99561449310,EIQD-2FCDF559A4AC5AD65AC8B286,2026-07-26,SUITABILITY,edgeiq_form_guide_enriched_v2,RESA-CUR-5741B08B50B49FB0F9AE932E,suitability,d4ef48566382d7a226c461f5e1039390d4a205fcf845fa4e6301b5d73306848d,57.5,9,56.766667,3.349295,0.218952,0.218952,0.300000,0.065685,EPIP1-14578898B157ACE77DF0A29F,LIVE_FORM_GUIDE_CURRENT_COMPONENT_NORMALISATION,EPI_COMPONENT_PUBLISHED,EPI_COMPONENT_RECONCILED,GOVERNED_RACE_ENTRY_EPI_COMPONENT,b929dbb19920fea1462e659e0a7a34e286ddf74b8f58367c99563d35129b3f26,RA_TO_RCOM_BRIDGE|LIVE_FORM_GUIDE_CURRENT_INPUTS,edgeiq_ra_to_rcom_bridge_current_performance_rebuild_v1,1.0.0,2026-07-30T00:00:00Z
REEC-CUR-CC96A0DB345260AF3BA92DA6,99541687050,EIQD-58926116CE3730E5DB18A856,2026-07-26,SUITABILITY,edgeiq_form_guide_enriched_v2,RESA-CUR-9CB8984DD2F4CA16E19D9FBC,suitability,ca9134cf8840d3d8d6150952bb0546bb867b76e039243bb3fe8f857eb4661c0d,49.4,13,54.784615,4.196491,-1.283123,-1.283123,0.300000,-0.384937,EPIP1-14578898B157ACE77DF0A29F,LIVE_FORM_GUIDE_CURRENT_COMPONENT_NORMALISATION,EPI_COMPONENT_PUBLISHED,EPI_COMPONENT_RECONCILED,GOVERNED_RACE_ENTRY_EPI_COMPONENT,adba910da5a1cb26d7aa0f7597906bd53e403b76b19e691b44929a4094eb7104,RA_TO_RCOM_BRIDGE|LIVE_FORM_GUIDE_CURRENT_INPUTS,edgeiq_ra_to_rcom_bridge_current_performance_rebuild_v1,1.0.0,2026-07-30T00:00:00Z
REEC-CUR-75BEEC6DFA1051C8C7BBBDFF,99559088220,EIQD-58926116CE3730E5DB18A856,2026-07-26,SUITABILITY,edgeiq_form_guide_enriched_v2,RESA-CUR-865872B431EDE76E1B47E8CF,suitability,2559fa3052601aaa5763aa14b9d6ce228b6ed7316534dcdf0073ed69ec763bc0,53.0,13,54.784615,4.196491,-0.425264,-0.425264,0.300000,-0.127579,EPIP1-14578898B157ACE77DF0A29F,LIVE_FORM_GUIDE_CURRENT_COMPONENT_NORMALISATION,EPI_COMPONENT_PUBLISHED,EPI_COMPONENT_RECONCILED,GOVERNED_RACE_ENTRY_EPI_COMPONENT,9f673c4ecdf0d3a6021f21f49adb1de5345f4706ea247960577def8a94bf1968,RA_TO_RCOM_BRIDGE|LIVE_FORM_GUIDE_CURRENT_INPUTS,edgeiq_ra_to_rcom_bridge_current_performance_rebuild_v1,1.0.0,2026-07-30T00:00:00Z
REEC-CUR-070A5B01D5AF4CC0E02F9CF4,99566000580,EIQD-58926116CE3730E5DB18A856,2026-07-26,SUITABILITY,edgeiq_form_guide_enriched_v2,RESA-CUR-E62E8657DE0A4B332BAE2142,suitability,b4f8d72e73a997e05e15d2240b78243659feea20613c240d6fb6f632a13db114,50.5,13,54.784615,4.196491,-1.021000,-1.021000,0.300000,-0.306300,EPIP1-14578898B157ACE77DF0A29F,LIVE_FORM_GUIDE_CURRENT_COMPONENT_NORMALISATION,EPI_COMPONENT_PUBLISHED,EPI_COMPONENT_RECONCILED,GOVERNED_RACE_ENTRY_EPI_COMPONENT,76a0ab64d248d1cb7c012f4f3a20f74b6c0a4b19c3de276ce70cd7bdb351b9d5,RA_TO_RCOM_BRIDGE|LIVE_FORM_GUIDE_CURRENT_INPUTS,edgeiq_ra_to_rcom_bridge_current_performance_rebuild_v1,1.0.0,2026-07-30T00:00:00Z
REEC-CUR-7F16643C408B77DFEB764567,99555467460,EIQD-58926116CE3730E5DB18A856,2026-07-26,SUITABILITY,edgeiq_form_guide_enriched_v2,RESA-CUR-A9433136EC6912115AD1456B,suitability,08cef9ba2cfc8ff55b31dc0a13f1aa61b86ab36536b9af6cf5ee2332f4c34236,55.2,13,54.784615,4.196491,0.098984,0.098984,0.300000,0.029695,EPIP1-14578898B157ACE77DF0A29F,LIVE_FORM_GUIDE_CURRENT_COMPONENT_NORMALISATION,EPI_COMPONENT_PUBLISHED,EPI_COMPONENT_RECONCILED,GOVERNED_RACE_ENTRY_EPI_COMPONENT,af06a45d1d25714c7185f9630f0c61ea2cce8c70067e266c245691a4d8d095e8,RA_TO_RCOM_BRIDGE|LIVE_FORM_GUIDE_CURRENT_INPUTS,edgeiq_ra_to_rcom_bridge_current_performance_rebuild_v1,1.0.0,2026-07-30T00:00:00Z
REEC-CUR-3B5564A265F31302950DC307,99500681310,EIQD-58926116CE3730E5DB18A856,2026-07-26,SUITABILITY,edgeiq_form_guide_enriched_v2,RESA-CUR-D05164EA60523FD20D6561D4,suitability,4d4b4588ea9e31995e8b85f14503e4e861af711f6f69f5972d07e1fd95ca7cee,50.8,13,54.784615,4.196491,-0.949511,-0.949511,0.300000,-0.284853,EPIP1-14578898B157ACE77DF0A29F,LIVE_FORM_GUIDE_CURRENT_COMPONENT_NORMALISATION,EPI_COMPONENT_PUBLISHED,EPI_COMPONENT_RECONCILED,GOVERNED_RACE_ENTRY_EPI_COMPONENT,6476519b56825f998aeddc1c7312f0db172358a0b316aa65b72f75acf20e5374,RA_TO_RCOM_BRIDGE|LIVE_FORM_GUIDE_CURRENT_INPUTS,edgeiq_ra_to_rcom_bridge_current_performance_rebuild_v1,1.0.0,2026-07-30T00:00:00Z
REEC-CUR-67CCBBD6EB3DEB924EDA4570,99500687640,EIQD-58926116CE3730E5DB18A856,2026-07-26,SUITABILITY,edgeiq_form_guide_enriched_v2,RESA-CUR-F6C803A7CD32A784DEA1B7A9,suitability,81ba59713c1eeb7c8c246b7305106aa2a1e507006f079023a8cabb82905dde31,57.3,13,54.784615,4.196491,0.599402,0.599402,0.300000,0.179821,EPIP1-14578898B157ACE77DF0A29F,LIVE_FORM_GUIDE_CURRENT_COMPONENT_NORMALISATION,EPI_COMPONENT_PUBLISHED,EPI_COMPONENT_RECONCILED,GOVERNED_RACE_ENTRY_EPI_COMPONENT,fae700880d7d5b38f33bfa31da96c8ec49e00da69f1d2898b5e12bca5884e485,RA_TO_RCOM_BRIDGE|LIVE_FORM_GUIDE_CURRENT_INPUTS,edgeiq_ra_to_rcom_bridge_current_performance_rebuild_v1,1.0.0,2026-07-30T00:00:00Z
REEC-CUR-E1FC073397EDD75CD4A51C37,99490350750,EIQD-58926116CE3730E5DB18A856,2026-07-26,SUITABILITY,edgeiq_form_guide_enriched_v2,RESA-CUR-C0B3B174EF0631BC5C712EF1,suitability,db53beeaee6c85f94c63be3fba1fef578936cbe080dafeb54c18a73de1862281,51.6,13,54.784615,4.196491,-0.758876,-0.758876,0.300000,-0.227663,EPIP1-14578898B157ACE77DF0A29F,LIVE_FORM_GUIDE_CURRENT_COMPONENT_NORMALISATION,EPI_COMPONENT_PUBLISHED,EPI_COMPONENT_RECONCILED,GOVERNED_RACE_ENTRY_EPI_COMPONENT,e8c9842e3d948c94c2d3fce490d12b3c134e7851a4d782ddc049a3830f3d69d0,RA_TO_RCOM_BRIDGE|LIVE_FORM_GUIDE_CURRENT_INPUTS,edgeiq_ra_to_rcom_bridge_current_performance_rebuild_v1,1.0.0,2026-07-30T00:00:00Z
REEC-CUR-6F90D0BE8D337A3FFF38D191,99567633720,EIQD-58926116CE3730E5DB18A856,2026-07-26,SUITABILITY,edgeiq_form_guide_enriched_v2,RESA-CUR-3AB2A10CE0734DD6A0D48CB0,suitability,045d1cceae4038acb774fcb5db424b41c910c92ca33a63e5e8e1293e9d558214,52.7,13,54.784615,4.196491,-0.496752,-0.496752,0.300000,-0.149026,EPIP1-14578898B157ACE77DF0A29F,LIVE_FORM_GUIDE_CURRENT_COMPONENT_NORMALISATION,EPI_COMPONENT_PUBLISHED,EPI_COMPONENT_RECONCILED,GOVERNED_RACE_ENTRY_EPI_COMPONENT,09681bc6e88edf40a27f82273bc36214a16ecc9da91b964ee9aff20226c415d8,RA_TO_RCOM_BRIDGE|LIVE_FORM_GUIDE_CURRENT_INPUTS,edgeiq_ra_to_rcom_bridge_current_performance_rebuild_v1,1.0.0,2026-07-30T00:00:00Z
REEC-CUR-8D5B1DF81F8618F94FEF279D,99564956130,EIQD-58926116CE3730E5DB18A856,2026-07-26,SUITABILITY,edgeiq_form_guide_enriched_v2,RESA-CUR-67E3B2B58A19B728FFCE081E,suitability,770fea844c30545579a46d3a7f0f32c14929da7dbb028d5b30ec57fbf04affdf,61.7,13,54.784615,4.196491,1.647897,1.647897,0.300000,0.494369,EPIP1-14578898B157ACE77DF0A29F,LIVE_FORM_GUIDE_CURRENT_COMPONENT_NORMALISATION,EPI_COMPONENT_PUBLISHED,EPI_COMPONENT_RECONCILED,GOVERNED_RACE_ENTRY_EPI_COMPONENT,b3859c2ffb7f83e048d0c37715ecd472ae3a602a8337ab3d345b1edbab9ff53f,RA_TO_RCOM_BRIDGE|LIVE_FORM_GUIDE_CURRENT_INPUTS,edgeiq_ra_to_rcom_bridge_current_performance_rebuild_v1,1.0.0,2026-07-30T00:00:00Z
REEC-CUR-4FE9A81CC8B1E319B219961E,99569906190,EIQD-58926116CE3730E5DB18A856,2026-07-26,SUITABILITY,edgeiq_form_guide_enriched_v2,RESA-CUR-36161F309EEBE67E81F95FBD,suitability,23a046d7817be238e7ed917b7b474902dd505bf8e94db7d3c37b44acdb577bd0,56.0,13,54.784615,4.196491,0.289619,0.289619,0.300000,0.086886,EPIP1-14578898B157ACE77DF0A29F,LIVE_FORM_GUIDE_CURRENT_COMPONENT_NORMALISATION,EPI_COMPONENT_PUBLISHED,EPI_COMPONENT_RECONCILED,GOVERNED_RACE_ENTRY_EPI_COMPONENT,4525c189b43dee8e34e32e6f88e704e18ed21f4db4137cc4d06d0355b404a508,RA_TO_RCOM_BRIDGE|LIVE_FORM_GUIDE_CURRENT_INPUTS,edgeiq_ra_to_rcom_bridge_current_performance_rebuild_v1,1.0.0,2026-07-30T00:00:00Z
REEC-CUR-BF5B93FA73678AC812489592,99515158020,EIQD-58926116CE3730E5DB18A856,2026-07-26,SUITABILITY,edgeiq_form_guide_enriched_v2,RESA-CUR-1936C6E5661FA382A2AAE438,suitability,2369fc9c07e8802560d7e97d35419b052997d3414beb03db80eb03f7950d800d,52.0,13,54.784615,4.196491,-0.663558,-0.663558,0.300000,-0.199067,EPIP1-14578898B157ACE77DF0A29F,LIVE_FORM_GUIDE_CURRENT_COMPONENT_NORMALISATION,EPI_COMPONENT_PUBLISHED,EPI_COMPONENT_RECONCILED,GOVERNED_RACE_ENTRY_EPI_COMPONENT,cdd2a83222c48d01a3c7ceb38b1860398479ff54e091e2d104950629fbc10224,RA_TO_RCOM_BRIDGE|LIVE_FORM_GUIDE_CURRENT_INPUTS,edgeiq_ra_to_rcom_bridge_current_performance_rebuild_v1,1.0.0,2026-07-30T00:00:00Z
REEC-CUR-2CF65D100DD30C2D8A7F5520,99550023660,EIQD-58926116CE3730E5DB18A856,2026-07-26,SUITABILITY,edgeiq_form_guide_enriched_v2,RESA-CUR-03120AF38214616341C18121,suitability,cf1986ad4dbe75db32381e49a403238877bc270f1262c373d03415d4861618e0,62.9,13,54.784615,4.196491,1.933850,1.933850,0.300000,0.580155,EPIP1-14578898B157ACE77DF0A29F,LIVE_FORM_GUIDE_CURRENT_COMPONENT_NORMALISATION,EPI_COMPONENT_PUBLISHED,EPI_COMPONENT_RECONCILED,GOVERNED_RACE_ENTRY_EPI_COMPONENT,84a8305c3d1d94e4e057cb4c1ff7ffa22a46aa609fac2900b0bbeda87fa7f2f3,RA_TO_RCOM_BRIDGE|LIVE_FORM_GUIDE_CURRENT_INPUTS,edgeiq_ra_to_rcom_bridge_current_performance_rebuild_v1,1.0.0,2026-07-30T00:00:00Z
REEC-CUR-E9EBB0605A969BAD35F52E82,99533128890,EIQD-58926116CE3730E5DB18A856,2026-07-26,SUITABILITY,edgeiq_form_guide_enriched_v2,RESA-CUR-402CDDFE455E2F260F48D2D1,suitability,a9df746e0a7a1c1e24ca359bfc34c35abc3e4b531df825dd7b55f1902633cfbc,59.1,13,54.784615,4.196491,1.028332,1.028332,0.300000,0.308500,EPIP1-14578898B157ACE77DF0A29F,LIVE_FORM_GUIDE_CURRENT_COMPONENT_NORMALISATION,EPI_COMPONENT_PUBLISHED,EPI_COMPONENT_RECONCILED,GOVERNED_RACE_ENTRY_EPI_COMPONENT,dd96e9a53672cf9d2f3a4a80c1b2e5f8e8c88c07d400548b89671035baa345e1,RA_TO_RCOM_BRIDGE|LIVE_FORM_GUIDE_CURRENT_INPUTS,edgeiq_ra_to_rcom_bridge_current_performance_rebuild_v1,1.0.0,2026-07-30T00:00:00Z
REEC-CUR-4FE780F500628ED5A68A57AA,99524602380,EIQD-DDBEBDD438E1E95BF9FCC89E,2026-07-26,RACE_CONTEXT,edgeiq_daily_official_results_fact_v1,RECTX-CUR-37555DA975B4C38618E1880C,barrier,f64483c59f0e46c460c859b9e90c215f3ef2154a2774b21513a9ea36429638db,4,5,5.600000,1.854724,-0.862662,-0.862662,0.200000,-0.172532,EPIP1-14578898B157ACE77DF0A29F,LIVE_FORM_GUIDE_CURRENT_COMPONENT_NORMALISATION,EPI_COMPONENT_PUBLISHED,EPI_COMPONENT_RECONCILED,GOVERNED_RACE_ENTRY_EPI_COMPONENT,69a5a28e367ae0923d0a5e0426907c9bf453f6b13c2c690132a9e3a90edf7741,RA_TO_RCOM_BRIDGE|LIVE_FORM_GUIDE_CURRENT_INPUTS,edgeiq_ra_to_rcom_bridge_current_performance_rebuild_v1,1.0.0,2026-07-30T00:00:00Z
REEC-CUR-0124B91E0F61BA6D29F697E0,99548453820,EIQD-DDBEBDD438E1E95BF9FCC89E,2026-07-26,RACE_CONTEXT,edgeiq_daily_official_results_fact_v1,RECTX-CUR-378D5D738EE2A0DAE10A91D5,barrier,70fc193bfe0f2bb7a4898e5ac904edb10a6819201984e8de3dd9ad6ca2294e64,6,5,5.600000,1.854724,0.215666,0.215666,0.200000,0.043133,EPIP1-14578898B157ACE77DF0A29F,LIVE_FORM_GUIDE_CURRENT_COMPONENT_NORMALISATION,EPI_COMPONENT_PUBLISHED,EPI_COMPONENT_RECONCILED,GOVERNED_RACE_ENTRY_EPI_COMPONENT,1c136bbe072afe8d8377ad16aa841154fda6a9674dd9148afaa8ef06fd863112,RA_TO_RCOM_BRIDGE|LIVE_FORM_GUIDE_CURRENT_INPUTS,edgeiq_ra_to_rcom_bridge_current_performance_rebuild_v1,1.0.0,2026-07-30T00:00:00Z
REEC-CUR-B01D4562675915AD2B4AD85B,99552973440,EIQD-DDBEBDD438E1E95BF9FCC89E,2026-07-26,RACE_CONTEXT,edgeiq_daily_official_results_fact_v1,RECTX-CUR-1E6352E080C2A179B1B69468,barrier,e540b6b59380dbaceaf79aaf8dfbd53823a8a5c6afca0b3aceedf179acf51f4f,7,5,5.600000,1.854724,0.754829,0.754829,0.200000,0.150966,EPIP1-14578898B157ACE77DF0A29F,LIVE_FORM_GUIDE_CURRENT_COMPONENT_NORMALISATION,EPI_COMPONENT_PUBLISHED,EPI_COMPONENT_RECONCILED,GOVERNED_RACE_ENTRY_EPI_COMPONENT,ce41a78a8ab9dad39efef08ca3847c0c383363bf803604f7b8dacb74ac67b7f6,RA_TO_RCOM_BRIDGE|LIVE_FORM_GUIDE_CURRENT_INPUTS,edgeiq_ra_to_rcom_bridge_current_performance_rebuild_v1,1.0.0,2026-07-30T00:00:00Z
REEC-CUR-A187D58291CCD0891964ABF6,99561620220,EIQD-DDBEBDD438E1E95BF9FCC89E,2026-07-26,RACE_CONTEXT,edgeiq_daily_official_results_fact_v1,RECTX-CUR-12AD89563168410C0052F018,barrier,7c4d82154ed9ae1d4d25be20c4fe0df1005a0651c58dc834e3a59ee19b8ef851,8,5,5.600000,1.854724,1.293993,1.293993,0.200000,0.258799,EPIP1-14578898B157ACE77DF0A29F,LIVE_FORM_GUIDE_CURRENT_COMPONENT_NORMALISATION,EPI_COMPONENT_PUBLISHED,EPI_COMPONENT_RECONCILED,GOVERNED_RACE_ENTRY_EPI_COMPONENT,1126fbc3c7493448bbad34bdf34d1461f936ca32a90b4ce809c46429b88f2ac2,RA_TO_RCOM_BRIDGE|LIVE_FORM_GUIDE_CURRENT_INPUTS,edgeiq_ra_to_rcom_bridge_current_performance_rebuild_v1,1.0.0,2026-07-30T00:00:00Z
REEC-CUR-24943F2FDE957068F07BADAF,99563360970,EIQD-DDBEBDD438E1E95BF9FCC89E,2026-07-26,RACE_CONTEXT,edgeiq_daily_official_results_fact_v1,RECTX-CUR-B2DCE9188121D435B406A3CA,barrier,774cf91a66926440f5262f5e154b5d90959e2d61a866a0e68e5e1c8a0608bd62,3,5,5.600000,1.854724,-1.401826,-1.401826,0.200000,-0.280365,EPIP1-14578898B157ACE77DF0A29F,LIVE_FORM_GUIDE_CURRENT_COMPONENT_NORMALISATION,EPI_COMPONENT_PUBLISHED,EPI_COMPONENT_RECONCILED,GOVERNED_RACE_ENTRY_EPI_COMPONENT,1d6ba568021f3788eb22c9a4de87397ea8f11f4d6ad621102d955988d44725c9,RA_TO_RCOM_BRIDGE|LIVE_FORM_GUIDE_CURRENT_INPUTS,edgeiq_ra_to_rcom_bridge_current_performance_rebuild_v1,1.0.0,2026-07-30T00:00:00Z
REEC-CUR-87B2FA2F2BDE596DEADEAE2A,99569893530,EIQD-EB9F8134D5BF682C7A99C9D3,2026-07-26,RACE_CONTEXT,edgeiq_daily_official_results_fact_v1,RECTX-CUR-7383029A5761BE12C613F995,barrier,e43eb1b211118263bcb280b8931909044fc6fcdd4496fe46db7370386c45a422,3,6,4.833333,3.023060,-0.606450,-0.606450,0.200000,-0.121290,EPIP1-14578898B157ACE77DF0A29F,LIVE_FORM_GUIDE_CURRENT_COMPONENT_NORMALISATION,EPI_COMPONENT_PUBLISHED,EPI_COMPONENT_RECONCILED,GOVERNED_RACE_ENTRY_EPI_COMPONENT,d5c25a2fbb671b1485eb920b80a2a3ca72bb1a42affe0c1424abfb459a522428,RA_TO_RCOM_BRIDGE|LIVE_FORM_GUIDE_CURRENT_INPUTS,edgeiq_ra_to_rcom_bridge_current_performance_rebuild_v1,1.0.0,2026-07-30T00:00:00Z
REEC-CUR-2ACEE1BEB079CFA02E01DFB4,99564437070,EIQD-EB9F8134D5BF682C7A99C9D3,2026-07-26,RACE_CONTEXT,edgeiq_daily_official_results_fact_v1,RECTX-CUR-BDB41C9464B1DE8432A8930C,barrier,b01410e7d68b1d699c91aa0f6b0941acffbe9add30b52c9b05cfadc08993a1ab,1,6,4.833333,3.023060,-1.268031,-1.268031,0.200000,-0.253606,EPIP1-14578898B157ACE77DF0A29F,LIVE_FORM_GUIDE_CURRENT_COMPONENT_NORMALISATION,EPI_COMPONENT_PUBLISHED,EPI_COMPONENT_RECONCILED,GOVERNED_RACE_ENTRY_EPI_COMPONENT,6d99f98ac47f89accae0d13c6b676dff0edc4fb4b561de8a003fde71e7c01d76,RA_TO_RCOM_BRIDGE|LIVE_FORM_GUIDE_CURRENT_INPUTS,edgeiq_ra_to_rcom_bridge_current_performance_rebuild_v1,1.0.0,2026-07-30T00:00:00Z
REEC-CUR-F4756F75304EED4183588D41,99517158300,EIQD-EB9F8134D5BF682C7A99C9D3,2026-07-26,RACE_CONTEXT,edgeiq_daily_official_results_fact_v1,RECTX-CUR-CDACE1DEE1009BA6F94C26BE,barrier,639034edb92aea15a2f98e8960eed8b84c9e663a88acece0337a61720c2d0992,6,6,4.833333,3.023060,0.385922,0.385922,0.200000,0.077184,EPIP1-14578898B157ACE77DF0A29F,LIVE_FORM_GUIDE_CURRENT_COMPONENT_NORMALISATION,EPI_COMPONENT_PUBLISHED,EPI_COMPONENT_RECONCILED,GOVERNED_RACE_ENTRY_EPI_COMPONENT,8be01f93b5c936d0f89f088ed95d644d9f1b0e2b8f7279adaad4382d6ab57042,RA_TO_RCOM_BRIDGE|LIVE_FORM_GUIDE_CURRENT_INPUTS,edgeiq_ra_to_rcom_bridge_current_performance_rebuild_v1,1.0.0,2026-07-30T00:00:00Z
REEC-CUR-7C1F63848B8CB39EB8242D47,99560892270,EIQD-EB9F8134D5BF682C7A99C9D3,2026-07-26,RACE_CONTEXT,edgeiq_daily_official_results_fact_v1,RECTX-CUR-3BC828CDB138D30FDA5275E4,barrier,3ccbdc50680e85e5fb614716139477f571d1ae8321fe7f80eec3ff4bbd7dbefd,8,6,4.833333,3.023060,1.047504,1.047504,0.200000,0.209501,EPIP1-14578898B157ACE77DF0A29F,LIVE_FORM_GUIDE_CURRENT_COMPONENT_NORMALISATION,EPI_COMPONENT_PUBLISHED,EPI_COMPONENT_RECONCILED,GOVERNED_RACE_ENTRY_EPI_COMPONENT,81dce55d92a61df55e21e2f27f5b40d8c218d619761e24fba27822cf42559354,RA_TO_RCOM_BRIDGE|LIVE_FORM_GUIDE_CURRENT_INPUTS,edgeiq_ra_to_rcom_bridge_current_performance_rebuild_v1,1.0.0,2026-07-30T00:00:00Z
REEC-CUR-5814066A3431979B862E874B,99529248600,EIQD-EB9F8134D5BF682C7A99C9D3,2026-07-26,RACE_CONTEXT,edgeiq_daily_official_results_fact_v1,RECTX-CUR-B9BFE59B96BE07891D82E2FD,barrier,66bffdcd5216e511293335310fb2e3ce9d479097955e4925049f0e5179977212,2,6,4.833333,3.023060,-0.937240,-0.937240,0.200000,-0.187448,EPIP1-14578898B157ACE77DF0A29F,LIVE_FORM_GUIDE_CURRENT_COMPONENT_NORMALISATION,EPI_COMPONENT_PUBLISHED,EPI_COMPONENT_RECONCILED,GOVERNED_RACE_ENTRY_EPI_COMPONENT,4d2b6eb6c6a9e5db33704ef55b879d1b58dacc8726f98bf5acc4c4c775fe5803,RA_TO_RCOM_BRIDGE|LIVE_FORM_GUIDE_CURRENT_INPUTS,edgeiq_ra_to_rcom_bridge_current_performance_rebuild_v1,1.0.0,2026-07-30T00:00:00Z
REEC-CUR-0C3D5A74E3190F8047744436,99568159110,EIQD-EB9F8134D5BF682C7A99C9D3,2026-07-26,RACE_CONTEXT,edgeiq_daily_official_results_fact_v1,RECTX-CUR-23DE4CB970C7416E0FC3C110,barrier,bb6d81cd333262bd88bb3919d4b60a25e0154817aa6830691ad56fe53ce9bf71,9,6,4.833333,3.023060,1.378295,1.378295,0.200000,0.275659,EPIP1-14578898B157ACE77DF0A29F,LIVE_FORM_GUIDE_CURRENT_COMPONENT_NORMALISATION,EPI_COMPONENT_PUBLISHED,EPI_COMPONENT_RECONCILED,GOVERNED_RACE_ENTRY_EPI_COMPONENT,6397b87d12eecee5e1b19f662df7ded9d8d33390330f4766d0cf4448f11e4b06,RA_TO_RCOM_BRIDGE|LIVE_FORM_GUIDE_CURRENT_INPUTS,edgeiq_ra_to_rcom_bridge_current_performance_rebuild_v1,1.0.0,2026-07-30T00:00:00Z
REEC-CUR-7DFABF9D12E5BCA0E5DD4632,99528640920,EIQD-C37EA5A90D5C022617026D89,2026-07-26,RACE_CONTEXT,edgeiq_daily_official_results_fact_v1,RECTX-CUR-A12D89907EEF171FC1CCC25A,barrier,18d1f11b5f947dd5864a4e5118a187922d938cc728e82d0f319241b99baec845,7,4,10.500000,2.291288,-1.527525,-1.527525,0.200000,-0.305505,EPIP1-14578898B157ACE77DF0A29F,LIVE_FORM_GUIDE_CURRENT_COMPONENT_NORMALISATION,EPI_COMPONENT_PUBLISHED,EPI_COMPONENT_RECONCILED,GOVERNED_RACE_ENTRY_EPI_COMPONENT,880a65951ad099d8215fc9303018c448e68ec19dca511db2b46571371bbab536,RA_TO_RCOM_BRIDGE|LIVE_FORM_GUIDE_CURRENT_INPUTS,edgeiq_ra_to_rcom_bridge_current_performance_rebuild_v1,1.0.0,2026-07-30T00:00:00Z
REEC-CUR-8ACDF6EE89492E9CB8816232,99539117070,EIQD-C37EA5A90D5C022617026D89,2026-07-26,RACE_CONTEXT,edgeiq_daily_official_results_fact_v1,RECTX-CUR-9DC7D9F7328A6EC6A1BD418C,barrier,7aeb5967b3dde08d1c3380083af5472b3f8ee152ea888156935881f63abfd2d3,12,4,10.500000,2.291288,0.654654,0.654654,0.200000,0.130931,EPIP1-14578898B157ACE77DF0A29F,LIVE_FORM_GUIDE_CURRENT_COMPONENT_NORMALISATION,EPI_COMPONENT_PUBLISHED,EPI_COMPONENT_RECONCILED,GOVERNED_RACE_ENTRY_EPI_COMPONENT,16974016c49c250fb6d6590facd3dbe4001c6506c9f91c702ad5e8eb8225e5c8,RA_TO_RCOM_BRIDGE|LIVE_FORM_GUIDE_CURRENT_INPUTS,edgeiq_ra_to_rcom_bridge_current_performance_rebuild_v1,1.0.0,2026-07-30T00:00:00Z
REEC-CUR-4B4B653E0F5AC88908542150,99524001030,EIQD-C37EA5A90D5C022617026D89,2026-07-26,RACE_CONTEXT,edgeiq_daily_official_results_fact_v1,RECTX-CUR-41449025349F31D5CDB54753,barrier,7e0f5b196a3311af69ebafe8fcc7fcafaa1e9b14f5aa9716b0520f288ca8a286,13,4,10.500000,2.291288,1.091089,1.091089,0.200000,0.218218,EPIP1-14578898B157ACE77DF0A29F,LIVE_FORM_GUIDE_CURRENT_COMPONENT_NORMALISATION,EPI_COMPONENT_PUBLISHED,EPI_COMPONENT_RECONCILED,GOVERNED_RACE_ENTRY_EPI_COMPONENT,0a92b9800f7e7fb953f72e564efc0d171cd72de2d03c75333e6875017dcf8d39,RA_TO_RCOM_BRIDGE|LIVE_FORM_GUIDE_CURRENT_INPUTS,edgeiq_ra_to_rcom_bridge_current_performance_rebuild_v1,1.0.0,2026-07-30T00:00:00Z
REEC-CUR-62B6C20AF694235C5A4B5E97,99509910450,EIQD-C37EA5A90D5C022617026D89,2026-07-26,RACE_CONTEXT,edgeiq_daily_official_results_fact_v1,RECTX-CUR-22C25128E60056AB715C9FFF,barrier,bfd8f8e90c1322c06fd05adefac2bbc171bcbc0c509dddda2b5a90f21542f800,10,4,10.500000,2.291288,-0.218218,-0.218218,0.200000,-0.043644,EPIP1-14578898B157ACE77DF0A29F,LIVE_FORM_GUIDE_CURRENT_COMPONENT_NORMALISATION,EPI_COMPONENT_PUBLISHED,EPI_COMPONENT_RECONCILED,GOVERNED_RACE_ENTRY_EPI_COMPONENT,bfc4446d81b31bf916d98adff282f50adc5831cbb8fbc8410f510e538475f4b4,RA_TO_RCOM_BRIDGE|LIVE_FORM_GUIDE_CURRENT_INPUTS,edgeiq_ra_to_rcom_bridge_current_performance_rebuild_v1,1.0.0,2026-07-30T00:00:00Z
REEC-CUR-E9D7B03408C61CDEC1F8115D,99533413740,EIQD-681F212AA6AA39D5B3E39D91,2026-07-26,RACE_CONTEXT,edgeiq_daily_official_results_fact_v1,RECTX-CUR-D5B8410D768BFC01F83F9F81,barrier,376e33450f2fd16b53997759d51b44ea8e25dc03c3427924f35bad5c6da73300,6,6,3.500000,1.707825,1.463850,1.463850,0.200000,0.292770,EPIP1-14578898B157ACE77DF0A29F,LIVE_FORM_GUIDE_CURRENT_COMPONENT_NORMALISATION,EPI_COMPONENT_PUBLISHED,EPI_COMPONENT_RECONCILED,GOVERNED_RACE_ENTRY_EPI_COMPONENT,d873305b82903a671645be1085ad55f7e94501e9ef403ae0a72dd6981a0ab30b,RA_TO_RCOM_BRIDGE|LIVE_FORM_GUIDE_CURRENT_INPUTS,edgeiq_ra_to_rcom_bridge_current_performance_rebuild_v1,1.0.0,2026-07-30T00:00:00Z
REEC-CUR-C7D2FAED0751252269957F49,99561139140,EIQD-681F212AA6AA39D5B3E39D91,2026-07-26,RACE_CONTEXT,edgeiq_daily_official_results_fact_v1,RECTX-CUR-1BCAF3D04B3ABEEB50A11826,barrier,4812c71f01152f4447a2a75bded5f02ebb64ce438f134b7157a4644a50819414,1,6,3.500000,1.707825,-1.463850,-1.463850,0.200000,-0.292770,EPIP1-14578898B157ACE77DF0A29F,LIVE_FORM_GUIDE_CURRENT_COMPONENT_NORMALISATION,EPI_COMPONENT_PUBLISHED,EPI_COMPONENT_RECONCILED,GOVERNED_RACE_ENTRY_EPI_COMPONENT,54ca3eef405f134193c341a6523da3457669fb44384d96b50b10750cba1a58e1,RA_TO_RCOM_BRIDGE|LIVE_FORM_GUIDE_CURRENT_INPUTS,edgeiq_ra_to_rcom_bridge_current_performance_rebuild_v1,1.0.0,2026-07-30T00:00:00Z
REEC-CUR-9FFB398A743D498645270188,99557518380,EIQD-681F212AA6AA39D5B3E39D91,2026-07-26,RACE_CONTEXT,edgeiq_daily_official_results_fact_v1,RECTX-CUR-A92EF7B295016D655408642C,barrier,cc948669a12b0d25f4528d76dc1ef9996ca9e2a80c38fb7cdda6e3c35420847e,3,6,3.500000,1.707825,-0.292770,-0.292770,0.200000,-0.058554,EPIP1-14578898B157ACE77DF0A29F,LIVE_FORM_GUIDE_CURRENT_COMPONENT_NORMALISATION,EPI_COMPONENT_PUBLISHED,EPI_COMPONENT_RECONCILED,GOVERNED_RACE_ENTRY_EPI_COMPONENT,f226d5f190108530ce49f6a963f4844962b559984b32de3e986c3e3abd478311,RA_TO_RCOM_BRIDGE|LIVE_FORM_GUIDE_CURRENT_INPUTS,edgeiq_ra_to_rcom_bridge_current_performance_rebuild_v1,1.0.0,2026-07-30T00:00:00Z
REEC-CUR-F848897EE994140D72C13CB6,99565804350,EIQD-681F212AA6AA39D5B3E39D91,2026-07-26,RACE_CONTEXT,edgeiq_daily_official_results_fact_v1,RECTX-CUR-3FC9700890B422C361CEE064,barrier,6c9999323de6e6748df45626f4bb4777ef2068c2127aaa00ea97fd5f8e52efb3,2,6,3.500000,1.707825,-0.878310,-0.878310,0.200000,-0.175662,EPIP1-14578898B157ACE77DF0A29F,LIVE_FORM_GUIDE_CURRENT_COMPONENT_NORMALISATION,EPI_COMPONENT_PUBLISHED,EPI_COMPONENT_RECONCILED,GOVERNED_RACE_ENTRY_EPI_COMPONENT,8db5a8041e6dc94767323e718215d5b7d75ea0d335cd9b8a8fc448475d892416,RA_TO_RCOM_BRIDGE|LIVE_FORM_GUIDE_CURRENT_INPUTS,edgeiq_ra_to_rcom_bridge_current_performance_rebuild_v1,1.0.0,2026-07-30T00:00:00Z
REEC-CUR-6D25E5B64EAA25DFA2836ED1,99558398250,EIQD-681F212AA6AA39D5B3E39D91,2026-07-26,RACE_CONTEXT,edgeiq_daily_official_results_fact_v1,RECTX-CUR-E6CCFA9A5E28EDE56E7A8C75,barrier,4af239173bf37ff7c80574407e839d2fe6e5d1eeafee76a605ca557e27a8ca30,5,6,3.500000,1.707825,0.878310,0.878310,0.200000,0.175662,EPIP1-14578898B157ACE77DF0A29F,LIVE_FORM_GUIDE_CURRENT_COMPONENT_NORMALISATION,EPI_COMPONENT_PUBLISHED,EPI_COMPONENT_RECONCILED,GOVERNED_RACE_ENTRY_EPI_COMPONENT,a68af0b0a634e0ab5d31d8eb9725e7b7908c113c024b8212ca3be0d2e812c3cb,RA_TO_RCOM_BRIDGE|LIVE_FORM_GUIDE_CURRENT_INPUTS,edgeiq_ra_to_rcom_bridge_current_performance_rebuild_v1,1.0.0,2026-07-30T00:00:00Z
REEC-CUR-7329AE94BEE51CA65D599516,99523121160,EIQD-681F212AA6AA39D5B3E39D91,2026-07-26,RACE_CONTEXT,edgeiq_daily_official_results_fact_v1,RECTX-CUR-0DABA0D5E79F543E0814B2D0,barrier,bc8c2323950d7adbc147b85d27afdc5aba3fd867ff6b596f2daedb730269ac73,4,6,3.500000,1.707825,0.292770,0.292770,0.200000,0.058554,EPIP1-14578898B157ACE77DF0A29F,LIVE_FORM_GUIDE_CURRENT_COMPONENT_NORMALISATION,EPI_COMPONENT_PUBLISHED,EPI_COMPONENT_RECONCILED,GOVERNED_RACE_ENTRY_EPI_COMPONENT,0a5022c25350546e01c95b676fb54cad8a5dab09802acded31115767cf97c1e0,RA_TO_RCOM_BRIDGE|LIVE_FORM_GUIDE_CURRENT_INPUTS,edgeiq_ra_to_rcom_bridge_current_performance_rebuild_v1,1.0.0,2026-07-30T00:00:00Z
REEC-CUR-FAFC8FA175AB6D22AA9C5CE8,99566348730,EIQD-0F448166A5F621EF7D40F74C,2026-07-26,RACE_CONTEXT,edgeiq_daily_official_results_fact_v1,RECTX-CUR-D7579707DA3C0521EBC36D43,barrier,18428c46c04eac4b70cb1917b01ca003ca9ed7449eb5ed05d36328e369d3a576,8,8,4.500000,2.291288,1.527525,1.527525,0.200000,0.305505,EPIP1-14578898B157ACE77DF0A29F,LIVE_FORM_GUIDE_CURRENT_COMPONENT_NORMALISATION,EPI_COMPONENT_PUBLISHED,EPI_COMPONENT_RECONCILED,GOVERNED_RACE_ENTRY_EPI_COMPONENT,1b81e3a7d89153002695ed49adbf087579d2543f934c039208448e913207162b,RA_TO_RCOM_BRIDGE|LIVE_FORM_GUIDE_CURRENT_INPUTS,edgeiq_ra_to_rcom_bridge_current_performance_rebuild_v1,1.0.0,2026-07-30T00:00:00Z
REEC-CUR-B28E0DAA1D08175193CF5A8E,99559860480,EIQD-0F448166A5F621EF7D40F74C,2026-07-26,RACE_CONTEXT,edgeiq_daily_official_results_fact_v1,RECTX-CUR-55CF5C9CE5379385CFB936AE,barrier,30cfc1ea354ba337a1b44db8a86aef4f43cbdd0d196c3d386e71925bcef06d12,2,8,4.500000,2.291288,-1.091089,-1.091089,0.200000,-0.218218,EPIP1-14578898B157ACE77DF0A29F,LIVE_FORM_GUIDE_CURRENT_COMPONENT_NORMALISATION,EPI_COMPONENT_PUBLISHED,EPI_COMPONENT_RECONCILED,GOVERNED_RACE_ENTRY_EPI_COMPONENT,32d8206766362e17f6eab2f0637ec10c044798554d88358a9f38130cf19e59b1,RA_TO_RCOM_BRIDGE|LIVE_FORM_GUIDE_CURRENT_INPUTS,edgeiq_ra_to_rcom_bridge_current_performance_rebuild_v1,1.0.0,2026-07-30T00:00:00Z
REEC-CUR-2333C7AAFC148888FDCFF37C,99567975540,EIQD-0F448166A5F621EF7D40F74C,2026-07-26,RACE_CONTEXT,edgeiq_daily_official_results_fact_v1,RECTX-CUR-E5FA385454EC46A7FC03021E,barrier,d419343ceb4e69e810edc0988c51bbec8a5d03eaf9a2e89e803d386da928ee46,1,8,4.500000,2.291288,-1.527525,-1.527525,0.200000,-0.305505,EPIP1-14578898B157ACE77DF0A29F,LIVE_FORM_GUIDE_CURRENT_COMPONENT_NORMALISATION,EPI_COMPONENT_PUBLISHED,EPI_COMPONENT_RECONCILED,GOVERNED_RACE_ENTRY_EPI_COMPONENT,daa0be9e6917507aea4a61256efa8d42e73e5da176d35a46e50ee8610b7202c0,RA_TO_RCOM_BRIDGE|LIVE_FORM_GUIDE_CURRENT_INPUTS,edgeiq_ra_to_rcom_bridge_current_performance_rebuild_v1,1.0.0,2026-07-30T00:00:00Z
REEC-CUR-FF64D1C5719594A1816415B9,99568937700,EIQD-0F448166A5F621EF7D40F74C,2026-07-26,RACE_CONTEXT,edgeiq_daily_official_results_fact_v1,RECTX-CUR-2E70130A55A3E900077E9117,barrier,22c076f523e35cb2a2f928bc7a1718e614a755a456960305949788c88877b87a,6,8,4.500000,2.291288,0.654654,0.654654,0.200000,0.130931,EPIP1-14578898B157ACE77DF0A29F,LIVE_FORM_GUIDE_CURRENT_COMPONENT_NORMALISATION,EPI_COMPONENT_PUBLISHED,EPI_COMPONENT_RECONCILED,GOVERNED_RACE_ENTRY_EPI_COMPONENT,19b048399541a9a0be399190fe9bb81030635e35b5411e8d811c12fb255f7f01,RA_TO_RCOM_BRIDGE|LIVE_FORM_GUIDE_CURRENT_INPUTS,edgeiq_ra_to_rcom_bridge_current_performance_rebuild_v1,1.0.0,2026-07-30T00:00:00Z
REEC-CUR-3A4B324A3AEA9F115598B3B1,99515208660,EIQD-0F448166A5F621EF7D40F74C,2026-07-26,RACE_CONTEXT,edgeiq_daily_official_results_fact_v1,RECTX-CUR-87928352E0DFCAD4DBFECCE1,barrier,8660fcfc9de83ed3bf1b96d5d2aa3ef657cafed8cf4c75d33a426180cb0212d1,5,8,4.500000,2.291288,0.218218,0.218218,0.200000,0.043644,EPIP1-14578898B157ACE77DF0A29F,LIVE_FORM_GUIDE_CURRENT_COMPONENT_NORMALISATION,EPI_COMPONENT_PUBLISHED,EPI_COMPONENT_RECONCILED,GOVERNED_RACE_ENTRY_EPI_COMPONENT,f177d16853e3359bf84531dc11b9a539e0c1c341a6f481c68e5b3f56d2b095c7,RA_TO_RCOM_BRIDGE|LIVE_FORM_GUIDE_CURRENT_INPUTS,edgeiq_ra_to_rcom_bridge_current_performance_rebuild_v1,1.0.0,2026-07-30T00:00:00Z
REEC-CUR-2D4E0736FB2A17F5DB851A66,99549884400,EIQD-0F448166A5F621EF7D40F74C,2026-07-26,RACE_CONTEXT,edgeiq_daily_official_results_fact_v1,RECTX-CUR-5292EE516AC2A55350FBDFCF,barrier,266dae579557d74077e21c618844d9e259faf1801702cbbf17c5ced5e88ea7ee,4,8,4.500000,2.291288,-0.218218,-0.218218,0.200000,-0.043644,EPIP1-14578898B157ACE77DF0A29F,LIVE_FORM_GUIDE_CURRENT_COMPONENT_NORMALISATION,EPI_COMPONENT_PUBLISHED,EPI_COMPONENT_RECONCILED,GOVERNED_RACE_ENTRY_EPI_COMPONENT,3d53f51c21a69d3e45f19166039cf2786e7578fc2dce5e6ccb57e9acd5a59e42,RA_TO_RCOM_BRIDGE|LIVE_FORM_GUIDE_CURRENT_INPUTS,edgeiq_ra_to_rcom_bridge_current_performance_rebuild_v1,1.0.0,2026-07-30T00:00:00Z
REEC-CUR-C75AC2580C6A49B2607F1588,99542680860,EIQD-0F448166A5F621EF7D40F74C,2026-07-26,RACE_CONTEXT,edgeiq_daily_official_results_fact_v1,RECTX-CUR-F6052A0D33F999E21BEBE313,barrier,7bd32012957f03a4deee76f60a57c3902dee6033a849e69a5a786000a4f2e19b,3,8,4.500000,2.291288,-0.654654,-0.654654,0.200000,-0.130931,EPIP1-14578898B157ACE77DF0A29F,LIVE_FORM_GUIDE_CURRENT_COMPONENT_NORMALISATION,EPI_COMPONENT_PUBLISHED,EPI_COMPONENT_RECONCILED,GOVERNED_RACE_ENTRY_EPI_COMPONENT,2ab43f9f7705f0bc83919d688328bac89e47eb29fe2dcac9de2af187ce281c6c,RA_TO_RCOM_BRIDGE|LIVE_FORM_GUIDE_CURRENT_INPUTS,edgeiq_ra_to_rcom_bridge_current_performance_rebuild_v1,1.0.0,2026-07-30T00:00:00Z
REEC-CUR-9F696C2E8B02ADBF3CBBFA4F,99529254930,EIQD-0F448166A5F621EF7D40F74C,2026-07-26,RACE_CONTEXT,edgeiq_daily_official_results_fact_v1,RECTX-CUR-D044418C16447C57248479F9,barrier,93b7da31771074b60d728e5993bb05f5f7c8a3dd53eca617df0ea8e5785b900c,7,8,4.500000,2.291288,1.091089,1.091089,0.200000,0.218218,EPIP1-14578898B157ACE77DF0A29F,LIVE_FORM_GUIDE_CURRENT_COMPONENT_NORMALISATION,EPI_COMPONENT_PUBLISHED,EPI_COMPONENT_RECONCILED,GOVERNED_RACE_ENTRY_EPI_COMPONENT,ca8af976018a58d81bb3076d6ef9a149e029f8eead36af886d91125ac36d3fec,RA_TO_RCOM_BRIDGE|LIVE_FORM_GUIDE_CURRENT_INPUTS,edgeiq_ra_to_rcom_bridge_current_performance_rebuild_v1,1.0.0,2026-07-30T00:00:00Z
REEC-CUR-8D98FCFF1137D4357C5D8586,99568184430,EIQD-2FCDF559A4AC5AD65AC8B286,2026-07-26,RACE_CONTEXT,edgeiq_daily_official_results_fact_v1,RECTX-CUR-0AF30482D9821CDE756C4321,barrier,d21b5963e6060a4b75837290d7802b094daec699f57ad691331e447c5ad15ad1,3,9,6.000000,2.581989,-1.161895,-1.161895,0.200000,-0.232379,EPIP1-14578898B157ACE77DF0A29F,LIVE_FORM_GUIDE_CURRENT_COMPONENT_NORMALISATION,EPI_COMPONENT_PUBLISHED,EPI_COMPONENT_RECONCILED,GOVERNED_RACE_ENTRY_EPI_COMPONENT,5ab87ab3f6ebdaa2c297eef8502d4173acadd5959a71b63e6d5cdf6d98e758d6,RA_TO_RCOM_BRIDGE|LIVE_FORM_GUIDE_CURRENT_INPUTS,edgeiq_ra_to_rcom_bridge_current_performance_rebuild_v1,1.0.0,2026-07-30T00:00:00Z
REEC-CUR-75693AC421F6D8630C777071,99554973720,EIQD-2FCDF559A4AC5AD65AC8B286,2026-07-26,RACE_CONTEXT,edgeiq_daily_official_results_fact_v1,RECTX-CUR-AEE8ACF3A34B7316994A7146,barrier,54c61585d7696a6ab9fba88e8b7f87a765ca53863df87fe5363131a37798732f,5,9,6.000000,2.581989,-0.387298,-0.387298,0.200000,-0.077460,EPIP1-14578898B157ACE77DF0A29F,LIVE_FORM_GUIDE_CURRENT_COMPONENT_NORMALISATION,EPI_COMPONENT_PUBLISHED,EPI_COMPONENT_RECONCILED,GOVERNED_RACE_ENTRY_EPI_COMPONENT,f3c30b2375ac2ec5da5e634a0de5168a4bc65420ed01cd76868c630ad5b22ce3,RA_TO_RCOM_BRIDGE|LIVE_FORM_GUIDE_CURRENT_INPUTS,edgeiq_ra_to_rcom_bridge_current_performance_rebuild_v1,1.0.0,2026-07-30T00:00:00Z
REEC-CUR-5DD9D056D67D84BA3BBFEFE3,99515474520,EIQD-2FCDF559A4AC5AD65AC8B286,2026-07-26,RACE_CONTEXT,edgeiq_daily_official_results_fact_v1,RECTX-CUR-902B3218D6574ACE287FFF1E,barrier,2e7468c97b7c56d780a39362ea62c865eec6c50fd2f8e705e9657fccccc1abf0,8,9,6.000000,2.581989,0.774597,0.774597,0.200000,0.154919,EPIP1-14578898B157ACE77DF0A29F,LIVE_FORM_GUIDE_CURRENT_COMPONENT_NORMALISATION,EPI_COMPONENT_PUBLISHED,EPI_COMPONENT_RECONCILED,GOVERNED_RACE_ENTRY_EPI_COMPONENT,cb84383398c9736c8982416328403a03a0c9919d7cf4eb39b2b588acdbc705d5,RA_TO_RCOM_BRIDGE|LIVE_FORM_GUIDE_CURRENT_INPUTS,edgeiq_ra_to_rcom_bridge_current_performance_rebuild_v1,1.0.0,2026-07-30T00:00:00Z
REEC-CUR-204A7551E118EC1D4C59E6CE,99564633300,EIQD-2FCDF559A4AC5AD65AC8B286,2026-07-26,RACE_CONTEXT,edgeiq_daily_official_results_fact_v1,RECTX-CUR-96E5ED9260D24CF56C7484A3,barrier,46d639180b237d05081550c79366a6fddfd1dd8668cb003ff940068ef84d659b,10,9,6.000000,2.581989,1.549193,1.549193,0.200000,0.309839,EPIP1-14578898B157ACE77DF0A29F,LIVE_FORM_GUIDE_CURRENT_COMPONENT_NORMALISATION,EPI_COMPONENT_PUBLISHED,EPI_COMPONENT_RECONCILED,GOVERNED_RACE_ENTRY_EPI_COMPONENT,22143862f2c9607352caa6eee5b0ad663b819dc487d96594ec04352479a977f3,RA_TO_RCOM_BRIDGE|LIVE_FORM_GUIDE_CURRENT_INPUTS,edgeiq_ra_to_rcom_bridge_current_performance_rebuild_v1,1.0.0,2026-07-30T00:00:00Z
REEC-CUR-2E23CDD094E3BFF0C5586345,99558391920,EIQD-2FCDF559A4AC5AD65AC8B286,2026-07-26,RACE_CONTEXT,edgeiq_daily_official_results_fact_v1,RECTX-CUR-EC843D59A1FEE3FD267EAB51,barrier,284b930c42005fd2929cc5154dfa212537a848b8401c1e01bdf25a52040b5881,6,9,6.000000,2.581989,0.000000,0.000000,0.200000,0.000000,EPIP1-14578898B157ACE77DF0A29F,LIVE_FORM_GUIDE_CURRENT_COMPONENT_NORMALISATION,EPI_COMPONENT_PUBLISHED,EPI_COMPONENT_RECONCILED,GOVERNED_RACE_ENTRY_EPI_COMPONENT,4abf92aebea266cdc91751f586eeab9574452912162379995c3f741d7b00f370,RA_TO_RCOM_BRIDGE|LIVE_FORM_GUIDE_CURRENT_INPUTS,edgeiq_ra_to_rcom_bridge_current_performance_rebuild_v1,1.0.0,2026-07-30T00:00:00Z
REEC-CUR-AE95B72E836D2E4EA11CF74C,99476412090,EIQD-2FCDF559A4AC5AD65AC8B286,2026-07-26,RACE_CONTEXT,edgeiq_daily_official_results_fact_v1,RECTX-CUR-B11B45A3A0851237F75436D7,barrier,e8683da7138044142b68bc4cb448a38d20512859190330756d58b4e334f8ef81,9,9,6.000000,2.581989,1.161895,1.161895,0.200000,0.232379,EPIP1-14578898B157ACE77DF0A29F,LIVE_FORM_GUIDE_CURRENT_COMPONENT_NORMALISATION,EPI_COMPONENT_PUBLISHED,EPI_COMPONENT_RECONCILED,GOVERNED_RACE_ENTRY_EPI_COMPONENT,47ba7b82073489023f2584f8f3e4f66cb8a0531af767b852c31642959486bc9a,RA_TO_RCOM_BRIDGE|LIVE_FORM_GUIDE_CURRENT_INPUTS,edgeiq_ra_to_rcom_bridge_current_performance_rebuild_v1,1.0.0,2026-07-30T00:00:00Z
REEC-CUR-44ABC7DD50E6CEA59E80D367,99537287700,EIQD-2FCDF559A4AC5AD65AC8B286,2026-07-26,RACE_CONTEXT,edgeiq_daily_official_results_fact_v1,RECTX-CUR-75C58DB6226220E6A8D6293E,barrier,4992a6cdf3498d61e216704a6a1715d602471426548cc47e9a4a4a7220e47843,2,9,6.000000,2.581989,-1.549193,-1.549193,0.200000,-0.309839,EPIP1-14578898B157ACE77DF0A29F,LIVE_FORM_GUIDE_CURRENT_COMPONENT_NORMALISATION,EPI_COMPONENT_PUBLISHED,EPI_COMPONENT_RECONCILED,GOVERNED_RACE_ENTRY_EPI_COMPONENT,beed029c6ee9ee3e631afdc12454290c9a20d862763d19a9742436aa3fa950d9,RA_TO_RCOM_BRIDGE|LIVE_FORM_GUIDE_CURRENT_INPUTS,edgeiq_ra_to_rcom_bridge_current_performance_rebuild_v1,1.0.0,2026-07-30T00:00:00Z
REEC-CUR-800CA0B4C8BE6C5D2A75DB64,99567177960,EIQD-2FCDF559A4AC5AD65AC8B286,2026-07-26,RACE_CONTEXT,edgeiq_daily_official_results_fact_v1,RECTX-CUR-E579D8FBB9A97AC0F2F18B47,barrier,3df4cf603df6c8a76ce3152126a0ef1d1bba01d69a7adca45f85f39fb0ab09e0,7,9,6.000000,2.581989,0.387298,0.387298,0.200000,0.077460,EPIP1-14578898B157ACE77DF0A29F,LIVE_FORM_GUIDE_CURRENT_COMPONENT_NORMALISATION,EPI_COMPONENT_PUBLISHED,EPI_COMPONENT_RECONCILED,GOVERNED_RACE_ENTRY_EPI_COMPONENT,03a53ccc6baced3b7f1a1af900f415234ca9468972d163d951b94e0f387bb2c5,RA_TO_RCOM_BRIDGE|LIVE_FORM_GUIDE_CURRENT_INPUTS,edgeiq_ra_to_rcom_bridge_current_performance_rebuild_v1,1.0.0,2026-07-30T00:00:00Z
REEC-CUR-3399B2EB3CBEF319ACB66640,99561449310,EIQD-2FCDF559A4AC5AD65AC8B286,2026-07-26,RACE_CONTEXT,edgeiq_daily_official_results_fact_v1,RECTX-CUR-9526A61EA5B9CE9DCE1A36BB,barrier,8c9ea16a555dbc151e89b2f1f5817f3c81252219f7ed881f96628a1690ff0327,4,9,6.000000,2.581989,-0.774597,-0.774597,0.200000,-0.154919,EPIP1-14578898B157ACE77DF0A29F,LIVE_FORM_GUIDE_CURRENT_COMPONENT_NORMALISATION,EPI_COMPONENT_PUBLISHED,EPI_COMPONENT_RECONCILED,GOVERNED_RACE_ENTRY_EPI_COMPONENT,9766b4935c31247e4204fa28b9ad9109f73b845a68a28695af8fadad07804215,RA_TO_RCOM_BRIDGE|LIVE_FORM_GUIDE_CURRENT_INPUTS,edgeiq_ra_to_rcom_bridge_current_performance_rebuild_v1,1.0.0,2026-07-30T00:00:00Z
REEC-CUR-22E8EDEF1E6E00254F9575D1,99541687050,EIQD-58926116CE3730E5DB18A856,2026-07-26,RACE_CONTEXT,edgeiq_daily_official_results_fact_v1,RECTX-CUR-8E3CC3CCF17B76AD8CE38D98,barrier,4818fc4301c59122c1a221b919e41f70d2ad07dc19af16882c2ec8c1719ba04d,10,13,7.615385,4.160963,0.573092,0.573092,0.200000,0.114618,EPIP1-14578898B157ACE77DF0A29F,LIVE_FORM_GUIDE_CURRENT_COMPONENT_NORMALISATION,EPI_COMPONENT_PUBLISHED,EPI_COMPONENT_RECONCILED,GOVERNED_RACE_ENTRY_EPI_COMPONENT,f3ec69dcc7c6e0923f311fb56f8683f5a208e44771a7a7d7fc527da03ba7f117,RA_TO_RCOM_BRIDGE|LIVE_FORM_GUIDE_CURRENT_INPUTS,edgeiq_ra_to_rcom_bridge_current_performance_rebuild_v1,1.0.0,2026-07-30T00:00:00Z
REEC-CUR-CE4C5AD0CF338C0791507265,99559088220,EIQD-58926116CE3730E5DB18A856,2026-07-26,RACE_CONTEXT,edgeiq_daily_official_results_fact_v1,RECTX-CUR-F607FA87454E7C97CABC0310,barrier,bee686f121724e6771178cb5e3b4e33d3dd64f9b21b9f0eca1c21b7660260ac2,7,13,7.615385,4.160963,-0.147895,-0.147895,0.200000,-0.029579,EPIP1-14578898B157ACE77DF0A29F,LIVE_FORM_GUIDE_CURRENT_COMPONENT_NORMALISATION,EPI_COMPONENT_PUBLISHED,EPI_COMPONENT_RECONCILED,GOVERNED_RACE_ENTRY_EPI_COMPONENT,65903bce0324d4a78bd61c0b5ff03b3ff1204090824e0e6734857af40b7ce2f6,RA_TO_RCOM_BRIDGE|LIVE_FORM_GUIDE_CURRENT_INPUTS,edgeiq_ra_to_rcom_bridge_current_performance_rebuild_v1,1.0.0,2026-07-30T00:00:00Z
REEC-CUR-349470B378DEC5D2FFDD4783,99566000580,EIQD-58926116CE3730E5DB18A856,2026-07-26,RACE_CONTEXT,edgeiq_daily_official_results_fact_v1,RECTX-CUR-5E3A078F5ED0BAC1F16193B8,barrier,a838c3174d6aa7d9caf60922f47e25ea93fb430792ee3e26306616ab0c92c218,12,13,7.615385,4.160963,1.053750,1.053750,0.200000,0.210750,EPIP1-14578898B157ACE77DF0A29F,LIVE_FORM_GUIDE_CURRENT_COMPONENT_NORMALISATION,EPI_COMPONENT_PUBLISHED,EPI_COMPONENT_RECONCILED,GOVERNED_RACE_ENTRY_EPI_COMPONENT,dd1a35a1c3e282ed6dc7a182692a2823ebad5ff7b4d7f2c19320b89d5e0287bb,RA_TO_RCOM_BRIDGE|LIVE_FORM_GUIDE_CURRENT_INPUTS,edgeiq_ra_to_rcom_bridge_current_performance_rebuild_v1,1.0.0,2026-07-30T00:00:00Z
REEC-CUR-29FF43A021C576B7217B6202,99555467460,EIQD-58926116CE3730E5DB18A856,2026-07-26,RACE_CONTEXT,edgeiq_daily_official_results_fact_v1,RECTX-CUR-93B0EA6E0D3817F5ED5D6132,barrier,e5605359751f07e87199a812e0c3a7d71e3f27babcda97e1bf0a94610463a96b,1,13,7.615385,4.160963,-1.589869,-1.589869,0.200000,-0.317974,EPIP1-14578898B157ACE77DF0A29F,LIVE_FORM_GUIDE_CURRENT_COMPONENT_NORMALISATION,EPI_COMPONENT_PUBLISHED,EPI_COMPONENT_RECONCILED,GOVERNED_RACE_ENTRY_EPI_COMPONENT,482ede43c35aad2ab0533c01ca4f7b6b61c0887362f6a50d5df506d1c14d178c,RA_TO_RCOM_BRIDGE|LIVE_FORM_GUIDE_CURRENT_INPUTS,edgeiq_ra_to_rcom_bridge_current_performance_rebuild_v1,1.0.0,2026-07-30T00:00:00Z
REEC-CUR-5C98C323237A4A8601E415A1,99500681310,EIQD-58926116CE3730E5DB18A856,2026-07-26,RACE_CONTEXT,edgeiq_daily_official_results_fact_v1,RECTX-CUR-456924054B32E259FA33D087,barrier,fc0db8cadb21898da6a649302179328e95c441b5fc4c920c6fa1cdc035a09ee6,13,13,7.615385,4.160963,1.294079,1.294079,0.200000,0.258816,EPIP1-14578898B157ACE77DF0A29F,LIVE_FORM_GUIDE_CURRENT_COMPONENT_NORMALISATION,EPI_COMPONENT_PUBLISHED,EPI_COMPONENT_RECONCILED,GOVERNED_RACE_ENTRY_EPI_COMPONENT,99d944a998f929d0aac181f913d912efb699c08a3a6ca0644febf0189ebbafb4,RA_TO_RCOM_BRIDGE|LIVE_FORM_GUIDE_CURRENT_INPUTS,edgeiq_ra_to_rcom_bridge_current_performance_rebuild_v1,1.0.0,2026-07-30T00:00:00Z
REEC-CUR-FAEDE093D64657005D152C81,99500687640,EIQD-58926116CE3730E5DB18A856,2026-07-26,RACE_CONTEXT,edgeiq_daily_official_results_fact_v1,RECTX-CUR-BAFA128AB53522FC8D8EC02B,barrier,aa535867149042002eadac5754ba92ae5d3931002d529d0ce47b7dbef5769cb3,5,13,7.615385,4.160963,-0.628553,-0.628553,0.200000,-0.125711,EPIP1-14578898B157ACE77DF0A29F,LIVE_FORM_GUIDE_CURRENT_COMPONENT_NORMALISATION,EPI_COMPONENT_PUBLISHED,EPI_COMPONENT_RECONCILED,GOVERNED_RACE_ENTRY_EPI_COMPONENT,9515d80298f688edc691013d54ccf7cc2e88d156be5485fd8533a9d5bb18dd68,RA_TO_RCOM_BRIDGE|LIVE_FORM_GUIDE_CURRENT_INPUTS,edgeiq_ra_to_rcom_bridge_current_performance_rebuild_v1,1.0.0,2026-07-30T00:00:00Z
REEC-CUR-3A6DB703B84427BC44363E3E,99490350750,EIQD-58926116CE3730E5DB18A856,2026-07-26,RACE_CONTEXT,edgeiq_daily_official_results_fact_v1,RECTX-CUR-0BECB6459B98F737E6F1E8FD,barrier,5899d2fd545fe5d5311ca3e10b96a4693fb4a068523bf2a8c436e3015982679f,2,13,7.615385,4.160963,-1.349540,-1.349540,0.200000,-0.269908,EPIP1-14578898B157ACE77DF0A29F,LIVE_FORM_GUIDE_CURRENT_COMPONENT_NORMALISATION,EPI_COMPONENT_PUBLISHED,EPI_COMPONENT_RECONCILED,GOVERNED_RACE_ENTRY_EPI_COMPONENT,663afb4a198a43a7c7c5446a248a00279e6fc120bf2cff2050e401186b2c52a8,RA_TO_RCOM_BRIDGE|LIVE_FORM_GUIDE_CURRENT_INPUTS,edgeiq_ra_to_rcom_bridge_current_performance_rebuild_v1,1.0.0,2026-07-30T00:00:00Z
REEC-CUR-3A2037E7EF02B28B7AA6AB24,99567633720,EIQD-58926116CE3730E5DB18A856,2026-07-26,RACE_CONTEXT,edgeiq_daily_official_results_fact_v1,RECTX-CUR-0DE1EEA223175B3211354B2B,barrier,6e3a8f6ebfd4f2a81c7f5445812d541ba14c785fd33406b03a6ff67073c41efe,8,13,7.615385,4.160963,0.092434,0.092434,0.200000,0.018487,EPIP1-14578898B157ACE77DF0A29F,LIVE_FORM_GUIDE_CURRENT_COMPONENT_NORMALISATION,EPI_COMPONENT_PUBLISHED,EPI_COMPONENT_RECONCILED,GOVERNED_RACE_ENTRY_EPI_COMPONENT,6cd476e80bdaa564482a682bc388cd7870f2da77a9ebd9d8cc0c2d56109fb9c0,RA_TO_RCOM_BRIDGE|LIVE_FORM_GUIDE_CURRENT_INPUTS,edgeiq_ra_to_rcom_bridge_current_performance_rebuild_v1,1.0.0,2026-07-30T00:00:00Z
REEC-CUR-8197219782D94772CB41CE8D,99564956130,EIQD-58926116CE3730E5DB18A856,2026-07-26,RACE_CONTEXT,edgeiq_daily_official_results_fact_v1,RECTX-CUR-CB7EE4D6E8117A20B99BCF1A,barrier,89450bfd410c0d3f2a107912079c7ba2aa00bdc1c996ffdb302280bd30e6e0a1,3,13,7.615385,4.160963,-1.109211,-1.109211,0.200000,-0.221842,EPIP1-14578898B157ACE77DF0A29F,LIVE_FORM_GUIDE_CURRENT_COMPONENT_NORMALISATION,EPI_COMPONENT_PUBLISHED,EPI_COMPONENT_RECONCILED,GOVERNED_RACE_ENTRY_EPI_COMPONENT,2890fd505c5ed1358fb8bae75b4a19d20cbb4f2d74177aff27a9721fe712171d,RA_TO_RCOM_BRIDGE|LIVE_FORM_GUIDE_CURRENT_INPUTS,edgeiq_ra_to_rcom_bridge_current_performance_rebuild_v1,1.0.0,2026-07-30T00:00:00Z
REEC-CUR-B5A3127D346B832DA3BA33B6,99569906190,EIQD-58926116CE3730E5DB18A856,2026-07-26,RACE_CONTEXT,edgeiq_daily_official_results_fact_v1,RECTX-CUR-13C475BFB0498764A99C4EE5,barrier,4b7191f95901765648ffd2193ef18d1aaa27fc0bff98e01b068019e36813ff5c,9,13,7.615385,4.160963,0.332763,0.332763,0.200000,0.066553,EPIP1-14578898B157ACE77DF0A29F,LIVE_FORM_GUIDE_CURRENT_COMPONENT_NORMALISATION,EPI_COMPONENT_PUBLISHED,EPI_COMPONENT_RECONCILED,GOVERNED_RACE_ENTRY_EPI_COMPONENT,d518d64b72e727b39d8a88c6db296675132fe7e45a0a64183850a6a967ca09a2,RA_TO_RCOM_BRIDGE|LIVE_FORM_GUIDE_CURRENT_INPUTS,edgeiq_ra_to_rcom_bridge_current_performance_rebuild_v1,1.0.0,2026-07-30T00:00:00Z
REEC-CUR-C1F7F425A7A9F17950D04673,99515158020,EIQD-58926116CE3730E5DB18A856,2026-07-26,RACE_CONTEXT,edgeiq_daily_official_results_fact_v1,RECTX-CUR-9D6B58BD465991850448B515,barrier,2c11a529ef73db78f4d5fda337f8a28fd913ebda27a5abc57abb5e50c535cd3b,14,13,7.615385,4.160963,1.534408,1.534408,0.200000,0.306882,EPIP1-14578898B157ACE77DF0A29F,LIVE_FORM_GUIDE_CURRENT_COMPONENT_NORMALISATION,EPI_COMPONENT_PUBLISHED,EPI_COMPONENT_RECONCILED,GOVERNED_RACE_ENTRY_EPI_COMPONENT,27420b8ecff52002a53d22d9eb9c61bcf3f4d21b3a6ba53cf5fff32de8c457f3,RA_TO_RCOM_BRIDGE|LIVE_FORM_GUIDE_CURRENT_INPUTS,edgeiq_ra_to_rcom_bridge_current_performance_rebuild_v1,1.0.0,2026-07-30T00:00:00Z
REEC-CUR-6706DB5E0D3F6F49FDC56F60,99550023660,EIQD-58926116CE3730E5DB18A856,2026-07-26,RACE_CONTEXT,edgeiq_daily_official_results_fact_v1,RECTX-CUR-97DC47EC15829372C1C8930D,barrier,f19b5d57fb653c2f4e4cf034361582f976085586c3732d738636aff94746208c,4,13,7.615385,4.160963,-0.868882,-0.868882,0.200000,-0.173776,EPIP1-14578898B157ACE77DF0A29F,LIVE_FORM_GUIDE_CURRENT_COMPONENT_NORMALISATION,EPI_COMPONENT_PUBLISHED,EPI_COMPONENT_RECONCILED,GOVERNED_RACE_ENTRY_EPI_COMPONENT,cc3f94cb7ba484ffa9237b22b6a06f037e629bf1e837ec2f75860da1f4de2807,RA_TO_RCOM_BRIDGE|LIVE_FORM_GUIDE_CURRENT_INPUTS,edgeiq_ra_to_rcom_bridge_current_performance_rebuild_v1,1.0.0,2026-07-30T00:00:00Z
REEC-CUR-DA7904E7FDE72E68500FF53F,99533128890,EIQD-58926116CE3730E5DB18A856,2026-07-26,RACE_CONTEXT,edgeiq_daily_official_results_fact_v1,RECTX-CUR-FBBD2C2887A69C47EEA89FED,barrier,00988ac4a69a881ef8472b460a951c6066236dcfbfade59c4bd78a236b32de96,11,13,7.615385,4.160963,0.813421,0.813421,0.200000,0.162684,EPIP1-14578898B157ACE77DF0A29F,LIVE_FORM_GUIDE_CURRENT_COMPONENT_NORMALISATION,EPI_COMPONENT_PUBLISHED,EPI_COMPONENT_RECONCILED,GOVERNED_RACE_ENTRY_EPI_COMPONENT,c9dcf08eee1acc75d1c9a4ff2aff09fa8023687883b8f39d41d4a781567467e1,RA_TO_RCOM_BRIDGE|LIVE_FORM_GUIDE_CURRENT_INPUTS,edgeiq_ra_to_rcom_bridge_current_performance_rebuild_v1,1.0.0,2026-07-30T00:00:00Z
