standard_time_id,benchmark_group_id,benchmark_group_basis,track_name,official_distance_metres,course_name,course_name_status,surface,surface_status,track_condition,track_condition_status,standard_time_method,standard_time_seconds,sample_observation_count,sample_minimum_time_seconds,sample_maximum_time_seconds,minimum_required_sample,standard_time_status,source_group_dimension_sha256,source_membership_sha256,standard_time_evidence_sha256,source_accumulation_builder_version,builder_version,contract_version,built_at_utc
STFR-EC2374ED981DD8A4B84C5A8B,BGFR-4B6C3E49F7034C84995EBBE1,TRACK_DISTANCE_SURFACE_CONDITION,ALEXANDRA,1300,,NOT_AVAILABLE_IN_SOURCE,TURF,AVAILABLE_BY_GOVERNED_SURFACE_RESOLVER,GOOD,AVAILABLE,MEDIAN_WINNER_RACE_TIME_SECONDS_RECOVERED_TIMING_MIN20,78.005000,20,76.760000,81.890000,20,AVAILABLE,4b6c3e49f7034c84995ebbe1,54ec8beee4320a200d571aea573fa55a9ef85dd7aa0b968c2fe1bb7045aba6eb,473a30c55e87a0906f80585d478e930fc9d166487c53d9650f1f51314da79cfc,EDGEIQ_TIMING_WAREHOUSE_RECOVERY_V1,edgeiq_standard_time_recovered_v1.0.0,1.0.0,2026-07-30T07:43:47Z
STFR-ED3E9C807FB7916F51F94266,BGFR-57380D835999A8030962F61D,TRACK_DISTANCE_SURFACE_CONDITION,APIAM BENDIGO,1000,,NOT_AVAILABLE_IN_SOURCE,TURF,AVAILABLE_BY_GOVERNED_SURFACE_RESOLVER,GOOD,AVAILABLE,MEDIAN_WINNER_RACE_TIME_SECONDS_RECOVERED_TIMING_MIN20,57.705000,48,56.920000,59.200000,20,AVAILABLE,57380d835999a8030962f61d,14aee1c9fe6aed8d7df0a83d919b7418beb378c341edc76853dd46b1455660d4,492334eaec63c9e19454826bfd014674aa8a08488e17c386202a29ec7136268c,EDGEIQ_TIMING_WAREHOUSE_RECOVERY_V1,edgeiq_standard_time_recovered_v1.0.0,1.0.0,2026-07-30T07:43:47Z
STFR-B4EA6035FD9838CFEEB057AA,BGFR-6E09E848FBD0229A54BFE930,TRACK_DISTANCE_SURFACE_CONDITION,APIAM BENDIGO,1100,,NOT_AVAILABLE_IN_SOURCE,TURF,AVAILABLE_BY_GOVERNED_SURFACE_RESOLVER,GOOD,AVAILABLE,MEDIAN_WINNER_RACE_TIME_SECONDS_RECOVERED_TIMING_MIN20,63.970000,51,62.260000,65.210000,20,AVAILABLE,6e09e848fbd0229a54bfe930,28bac8f2cf7b31fe1582d84756f21dea6ec0bcc92d08430e3b7aa542af842cbd,e59648ac6f576be8466432cb1a5b854d55b2d9d712cf21fa1433ea54ba63a14e,EDGEIQ_TIMING_WAREHOUSE_RECOVERY_V1,edgeiq_standard_time_recovered_v1.0.0,1.0.0,2026-07-30T07:43:47Z
STFR-877136A38A7BAA4B288C3D14,BGFR-794D65F978ADAE447B3E27B5,TRACK_DISTANCE_SURFACE_CONDITION,APIAM BENDIGO,1100,,NOT_AVAILABLE_IN_SOURCE,TURF,AVAILABLE_BY_GOVERNED_SURFACE_RESOLVER,SOFT,AVAILABLE,MEDIAN_WINNER_RACE_TIME_SECONDS_RECOVERED_TIMING_MIN20,65.120000,25,63.490000,66.450000,20,AVAILABLE,794d65f978adae447b3e27b5,9522b81744fa31d0b68bcf2e5cc9cbb7665c040b8697c1af796593b312b23df6,28cbfe6b6a164e8cc7c6ca8bc334248005e91f1c977746a4753ba4d0c6f8c958,EDGEIQ_TIMING_WAREHOUSE_RECOVERY_V1,edgeiq_standard_time_recovered_v1.0.0,1.0.0,2026-07-30T07:43:47Z
STFR-0AE18BEA7DE6A77E7A2764BC,BGFR-90574ED4553EC49270D6CDF7,TRACK_DISTANCE_SURFACE_CONDITION,APIAM BENDIGO,1300,,NOT_AVAILABLE_IN_SOURCE,TURF,AVAILABLE_BY_GOVERNED_SURFACE_RESOLVER,GOOD,AVAILABLE,MEDIAN_WINNER_RACE_TIME_SECONDS_RECOVERED_TIMING_MIN20,77.340000,61,76.150000,78.810000,20,AVAILABLE,90574ed4553ec49270d6cdf7,2e43682c396bcf3e930e95691636a23ef2e109b4e3645d184a14428116ea7de4,6ee441bef7f1785e00259fceeba93667c408bf5146a255b85156873e97c10381,EDGEIQ_TIMING_WAREHOUSE_RECOVERY_V1,edgeiq_standard_time_recovered_v1.0.0,1.0.0,2026-07-30T07:43:47Z
STFR-3F1CB69916E33F610B472D26,BGFR-148531485358A2B3270E5AD2,TRACK_DISTANCE_SURFACE_CONDITION,APIAM BENDIGO,1300,,NOT_AVAILABLE_IN_SOURCE,TURF,AVAILABLE_BY_GOVERNED_SURFACE_RESOLVER,SOFT,AVAILABLE,MEDIAN_WINNER_RACE_TIME_SECONDS_RECOVERED_TIMING_MIN20,79.220000,23,76.990000,80.700000,20,AVAILABLE,148531485358a2b3270e5ad2,dd44580e831825f8a8d7e8a91cd472a0aacbf0b373a2d5028284c2f0ce844a62,6fbf22b85d01b5c4ac999797f7f847a55bbecd14d02e3c5ab6b7bcaaf913fbab,EDGEIQ_TIMING_WAREHOUSE_RECOVERY_V1,edgeiq_standard_time_recovered_v1.0.0,1.0.0,2026-07-30T07:43:47Z
STFR-CDF836F76458DA368787C699,BGFR-01FA7FE16861697FCC3F8E9F,TRACK_DISTANCE_SURFACE_CONDITION,APIAM BENDIGO,1400,,NOT_AVAILABLE_IN_SOURCE,TURF,AVAILABLE_BY_GOVERNED_SURFACE_RESOLVER,GOOD,AVAILABLE,MEDIAN_WINNER_RACE_TIME_SECONDS_RECOVERED_TIMING_MIN20,83.610000,33,82.620000,85.830000,20,AVAILABLE,01fa7fe16861697fcc3f8e9f,3e8adde5f731d348bc029ae840caeaeb3f3efc75961406395d7210950261caca,dc90232aa80ef3c846cdec8bcc7f34268eabdc2ddf74a4d9b225fb0db81e45e3,EDGEIQ_TIMING_WAREHOUSE_RECOVERY_V1,edgeiq_standard_time_recovered_v1.0.0,1.0.0,2026-07-30T07:43:47Z
STFR-4AFDBE4E61C3A1466BBA4318,BGFR-0BEB57437E33FF6F25BE4A1E,TRACK_DISTANCE_SURFACE_CONDITION,APIAM BENDIGO,1600,,NOT_AVAILABLE_IN_SOURCE,TURF,AVAILABLE_BY_GOVERNED_SURFACE_RESOLVER,GOOD,AVAILABLE,MEDIAN_WINNER_RACE_TIME_SECONDS_RECOVERED_TIMING_MIN20,96.550000,43,94.900000,99.110000,20,AVAILABLE,0beb57437e33ff6f25be4a1e,48def420e8c8126568332b503bb7b312eac77f82c5400fb02c9cfba88a0d95ce,d796111a3348b987199aa23bb3005187ee8087457c8b0952215ab9a19bbf2917,EDGEIQ_TIMING_WAREHOUSE_RECOVERY_V1,edgeiq_standard_time_recovered_v1.0.0,1.0.0,2026-07-30T07:43:47Z
STFR-8F697BE3952A3EE4E9254760,BGFR-A80413D1EA4BEB07D69C33AA,TRACK_DISTANCE_SURFACE_CONDITION,APIAM BENDIGO,2400,,NOT_AVAILABLE_IN_SOURCE,TURF,AVAILABLE_BY_GOVERNED_SURFACE_RESOLVER,GOOD,AVAILABLE,MEDIAN_WINNER_RACE_TIME_SECONDS_RECOVERED_TIMING_MIN20,151.210000,21,147.820000,153.380000,20,AVAILABLE,a80413d1ea4beb07d69c33aa,99827e31cb173591b097b8b0e4ffd5837476bfb85d9bd39191d42ee9f8ce4ef0,b0b7a624fbde5aa3276781dfce78110e77da673357184b2893874229dca830ee,EDGEIQ_TIMING_WAREHOUSE_RECOVERY_V1,edgeiq_standard_time_recovered_v1.0.0,1.0.0,2026-07-30T07:43:47Z
STFR-841A1090287C794E0BF4710A,BGFR-6B8D722F1664EC032ABC2B0C,TRACK_DISTANCE_SURFACE_CONDITION,ARARAT,1100,,NOT_AVAILABLE_IN_SOURCE,TURF,AVAILABLE_BY_GOVERNED_SURFACE_RESOLVER,GOOD,AVAILABLE,MEDIAN_WINNER_RACE_TIME_SECONDS_RECOVERED_TIMING_MIN20,64.625000,152,61.910000,66.670000,20,AVAILABLE,6b8d722f1664ec032abc2b0c,1527d31d1e913750ef377c06d68767ac7b1065abcf3aedb30cd7b16a327eab6f,47ae8b04d0ef4f5fd041cc37fb28bd53eb32f0770b0db33f22dc5c2dc48e8e52,EDGEIQ_TIMING_WAREHOUSE_RECOVERY_V1,edgeiq_standard_time_recovered_v1.0.0,1.0.0,2026-07-30T07:43:47Z
STFR-553C8510158BEEFF97CAFAE9,BGFR-4643796012B725C54793BA71,TRACK_DISTANCE_SURFACE_CONDITION,ARARAT,1100,,NOT_AVAILABLE_IN_SOURCE,TURF,AVAILABLE_BY_GOVERNED_SURFACE_RESOLVER,SOFT,AVAILABLE,MEDIAN_WINNER_RACE_TIME_SECONDS_RECOVERED_TIMING_MIN20,65.230000,37,63.140000,68.110000,20,AVAILABLE,4643796012b725c54793ba71,150c195e1a3c74216444125bf4a08ba07d1e85f5034c838815ae8e6e12d6d85d,f810b2267f2a76d32ac08a55b5c859bc8144020b7079aa30c0ce7eb877cb4eb9,EDGEIQ_TIMING_WAREHOUSE_RECOVERY_V1,edgeiq_standard_time_recovered_v1.0.0,1.0.0,2026-07-30T07:43:47Z
STFR-0A12BF2B2DF9A810820D5EA4,BGFR-1A3B741FFF338A0C380BE71E,TRACK_DISTANCE_SURFACE_CONDITION,ARARAT,1200,,NOT_AVAILABLE_IN_SOURCE,TURF,AVAILABLE_BY_GOVERNED_SURFACE_RESOLVER,GOOD,AVAILABLE,MEDIAN_WINNER_RACE_TIME_SECONDS_RECOVERED_TIMING_MIN20,70.450000,21,68.420000,72.170000,20,AVAILABLE,1a3b741fff338a0c380be71e,e95887b24fa60460e036dfe577f5277e508cc08efeab89bcd676ce7689e0d904,e6d415576ef9d08ad0a3042bd70de6b55f36a607623a6a2eca62b5f801207d2c,EDGEIQ_TIMING_WAREHOUSE_RECOVERY_V1,edgeiq_standard_time_recovered_v1.0.0,1.0.0,2026-07-30T07:43:47Z
STFR-C1CF03B3E8977E441D137DCA,BGFR-A33D81D8FAE69001969A32EE,TRACK_DISTANCE_SURFACE_CONDITION,ARARAT,1300,,NOT_AVAILABLE_IN_SOURCE,TURF,AVAILABLE_BY_GOVERNED_SURFACE_RESOLVER,GOOD,AVAILABLE,MEDIAN_WINNER_RACE_TIME_SECONDS_RECOVERED_TIMING_MIN20,77.540000,75,75.570000,79.230000,20,AVAILABLE,a33d81d8fae69001969a32ee,3dca13931c88a4c473697d39f15bf813931e12f3a45c3eec68d473b8b63f9641,41a5a0fcc11db4632a3ccbc626ffe4e59af5982f404a1438c648be066a1518e6,EDGEIQ_TIMING_WAREHOUSE_RECOVERY_V1,edgeiq_standard_time_recovered_v1.0.0,1.0.0,2026-07-30T07:43:47Z
STFR-B58C0926AAE1F899F5B45BD4,BGFR-64574CD67CC5BDD27BEA93DD,TRACK_DISTANCE_SURFACE_CONDITION,ARARAT,1310,,NOT_AVAILABLE_IN_SOURCE,TURF,AVAILABLE_BY_GOVERNED_SURFACE_RESOLVER,GOOD,AVAILABLE,MEDIAN_WINNER_RACE_TIME_SECONDS_RECOVERED_TIMING_MIN20,78.000000,77,76.200000,80.100000,20,AVAILABLE,64574cd67cc5bdd27bea93dd,f5504074b3aa70993c1f533428b6e1e815a8cc722d690dd3d89ea1e32465c0b1,56183e0e1480e4b3d572bfcb7809e9c0dcfede0f56b3644a4f010e65ff1ed1dc,EDGEIQ_TIMING_WAREHOUSE_RECOVERY_V1,edgeiq_standard_time_recovered_v1.0.0,1.0.0,2026-07-30T07:43:47Z
STFR-FC0453E9E03153FCA56738C7,BGFR-0361EC1B4AA8606D13444B14,TRACK_DISTANCE_SURFACE_CONDITION,ARARAT,1310,,NOT_AVAILABLE_IN_SOURCE,TURF,AVAILABLE_BY_GOVERNED_SURFACE_RESOLVER,SOFT,AVAILABLE,MEDIAN_WINNER_RACE_TIME_SECONDS_RECOVERED_TIMING_MIN20,79.910000,27,75.940000,81.930000,20,AVAILABLE,0361ec1b4aa8606d13444b14,779419129cb896b7c05a6a8511235e27e28d4e8448cba746c84fc4d27484c3e3,b18464a2a4547182d71734ff35db7f0f7513477906c283907a7ee48046ec58a9,EDGEIQ_TIMING_WAREHOUSE_RECOVERY_V1,edgeiq_standard_time_recovered_v1.0.0,1.0.0,2026-07-30T07:43:47Z
STFR-FF2382150B727136451C674C,BGFR-3FEECE8D5176EE335D52CD87,TRACK_DISTANCE_SURFACE_CONDITION,ARARAT,1600,,NOT_AVAILABLE_IN_SOURCE,TURF,AVAILABLE_BY_GOVERNED_SURFACE_RESOLVER,GOOD,AVAILABLE,MEDIAN_WINNER_RACE_TIME_SECONDS_RECOVERED_TIMING_MIN20,96.630000,126,92.660000,100.230000,20,AVAILABLE,3feece8d5176ee335d52cd87,8e89409e7ff3f1fc471f9e6f4b6119f4d8428b1f815aa12d1de484a5612e900c,0822ea32b038b9aa57918f386bd5ca3689a330315420da2036bf8e65e07fbe30,EDGEIQ_TIMING_WAREHOUSE_RECOVERY_V1,edgeiq_standard_time_recovered_v1.0.0,1.0.0,2026-07-30T07:43:47Z
STFR-7A1F84F206EDC4E571DA601B,BGFR-C5013672E928DFBAF1393F56,TRACK_DISTANCE_SURFACE_CONDITION,ARARAT,1600,,NOT_AVAILABLE_IN_SOURCE,TURF,AVAILABLE_BY_GOVERNED_SURFACE_RESOLVER,SOFT,AVAILABLE,MEDIAN_WINNER_RACE_TIME_SECONDS_RECOVERED_TIMING_MIN20,98.920000,43,95.890000,101.580000,20,AVAILABLE,c5013672e928dfbaf1393f56,34f4bd0cd22f08d007f12dfcf5bcebbf680a103d5d8f568bd1642d85333cb5ef,33d4a52a581dc19621f604534def3de31eba4baf20d804aaa75258a401748f0b,EDGEIQ_TIMING_WAREHOUSE_RECOVERY_V1,edgeiq_standard_time_recovered_v1.0.0,1.0.0,2026-07-30T07:43:47Z
STFR-B50191ED73F9668D0C7ACB84,BGFR-9A7FFABDFE05C6227EF222AF,TRACK_DISTANCE_SURFACE_CONDITION,ARARAT,2000,,NOT_AVAILABLE_IN_SOURCE,TURF,AVAILABLE_BY_GOVERNED_SURFACE_RESOLVER,GOOD,AVAILABLE,MEDIAN_WINNER_RACE_TIME_SECONDS_RECOVERED_TIMING_MIN20,124.050000,80,119.810000,127.000000,20,AVAILABLE,9a7ffabdfe05c6227ef222af,5e50085582cc33302246c804eaefb229743a3bd9058fa30f4c448cab3f140e05,87f8155250f17b918b3ab8f8c8f64d0f28a8923c9afd1ce4d2083db0582a6d4d,EDGEIQ_TIMING_WAREHOUSE_RECOVERY_V1,edgeiq_standard_time_recovered_v1.0.0,1.0.0,2026-07-30T07:43:47Z
STFR-C0CA6249142D665E9BC2032A,BGFR-64F50FF385970F876674F299,TRACK_DISTANCE_SURFACE_CONDITION,ARARAT,2000,,NOT_AVAILABLE_IN_SOURCE,TURF,AVAILABLE_BY_GOVERNED_SURFACE_RESOLVER,SOFT,AVAILABLE,MEDIAN_WINNER_RACE_TIME_SECONDS_RECOVERED_TIMING_MIN20,125.400000,26,121.070000,131.260000,20,AVAILABLE,64f50ff385970f876674f299,7c64276dc37a6eaa33a08b42793e2cc5f74c9afb85bd7a057287cdd61257a873,2cd32350cbe13ae543c56a250df5daa7676e1c81daf3fcc6d33289d1afb1ebc3,EDGEIQ_TIMING_WAREHOUSE_RECOVERY_V1,edgeiq_standard_time_recovered_v1.0.0,1.0.0,2026-07-30T07:43:47Z
STFR-20BA6C4201528DDA8C991322,BGFR-922779F74950728A0F06DD75,TRACK_DISTANCE_SURFACE_CONDITION,ARARAT,2200,,NOT_AVAILABLE_IN_SOURCE,TURF,AVAILABLE_BY_GOVERNED_SURFACE_RESOLVER,GOOD,AVAILABLE,MEDIAN_WINNER_RACE_TIME_SECONDS_RECOVERED_TIMING_MIN20,138.060000,20,135.840000,140.510000,20,AVAILABLE,922779f74950728a0f06dd75,65f4ecbd619ac75ce1854d3a7bcbc37238b5d8bb50890bd397de57fa871817b1,b0fc57b36ca062e6a435fc7ae561775d3a3ab5edc160754de7c17b96afa10865,EDGEIQ_TIMING_WAREHOUSE_RECOVERY_V1,edgeiq_standard_time_recovered_v1.0.0,1.0.0,2026-07-30T07:43:47Z
STFR-B91AC35F8E14D4E4E153467D,BGFR-0E40ABF2FF690C036BD1DCF8,TRACK_DISTANCE_SURFACE_CONDITION,BALNARRING,1200,,NOT_AVAILABLE_IN_SOURCE,TURF,AVAILABLE_BY_GOVERNED_SURFACE_RESOLVER,GOOD,AVAILABLE,MEDIAN_WINNER_RACE_TIME_SECONDS_RECOVERED_TIMING_MIN20,73.080000,20,71.970000,80.690000,20,AVAILABLE,0e40abf2ff690c036bd1dcf8,77fc9142ebef3ba03d56a6aaa60a20aaa3da45b2224f7967b11f0033547ee861,ade67c77160e26a0d04fdd2c9c1cce650dea6c0bdc92c07f416068a1edd27537,EDGEIQ_TIMING_WAREHOUSE_RECOVERY_V1,edgeiq_standard_time_recovered_v1.0.0,1.0.0,2026-07-30T07:43:47Z
STFR-BE1D592C546C146DE0B35301,BGFR-4124D415FECBA325052AD31B,TRACK_DISTANCE_SURFACE_CONDITION,BALNARRING,1600,,NOT_AVAILABLE_IN_SOURCE,TURF,AVAILABLE_BY_GOVERNED_SURFACE_RESOLVER,GOOD,AVAILABLE,MEDIAN_WINNER_RACE_TIME_SECONDS_RECOVERED_TIMING_MIN20,99.840000,23,96.840000,112.230000,20,AVAILABLE,4124d415fecba325052ad31b,d18a37a81014fd75e1f9ddb618bf43dd9428e1c52751ce891f7791c1233a26d3,b0338b845131ec39119993a68a040046f8970f0701176a136c1ff3a1c1a37b8b,EDGEIQ_TIMING_WAREHOUSE_RECOVERY_V1,edgeiq_standard_time_recovered_v1.0.0,1.0.0,2026-07-30T07:43:47Z
STFR-25C4C1168C9C35E41BE128D6,BGFR-74FFFEE07C28A7C51816448C,TRACK_DISTANCE_SURFACE_CONDITION,BENDIGO,1000,,NOT_AVAILABLE_IN_SOURCE,TURF,AVAILABLE_BY_GOVERNED_SURFACE_RESOLVER,GOOD,AVAILABLE,MEDIAN_WINNER_RACE_TIME_SECONDS_RECOVERED_TIMING_MIN20,58.000000,231,56.480000,62.530000,20,AVAILABLE,74fffee07c28a7c51816448c,ddb1e9bc0e4f8f41abbccb5dae777c0e6f5d954d82567ded74f898d92a90f3c3,5023199cc368bc5f70f356836ebd2dbba40d6cde75a91017c1b85046ff6d1758,EDGEIQ_TIMING_WAREHOUSE_RECOVERY_V1,edgeiq_standard_time_recovered_v1.0.0,1.0.0,2026-07-30T07:43:47Z
STFR-49DA5EC0B69EDD4E88DABDAB,BGFR-4DEEEC6D52A008947648D252,TRACK_DISTANCE_SURFACE_CONDITION,BENDIGO,1000,,NOT_AVAILABLE_IN_SOURCE,TURF,AVAILABLE_BY_GOVERNED_SURFACE_RESOLVER,HEAVY,AVAILABLE,MEDIAN_WINNER_RACE_TIME_SECONDS_RECOVERED_TIMING_MIN20,60.130000,39,58.650000,62.490000,20,AVAILABLE,4deeec6d52a008947648d252,48a016e79ff355f90120921fbe3d8654d5a3ae0c30b6cc741044ca58477bdbb0,c854fea32a126805086a59c4fe0da9203cad8e2b8303c1b7c3d9540f23a0e604,EDGEIQ_TIMING_WAREHOUSE_RECOVERY_V1,edgeiq_standard_time_recovered_v1.0.0,1.0.0,2026-07-30T07:43:47Z
STFR-4F2E7C389FA23A4228A24FFD,BGFR-FD8C38E5358909E09D0B864D,TRACK_DISTANCE_SURFACE_CONDITION,BENDIGO,1000,,NOT_AVAILABLE_IN_SOURCE,TURF,AVAILABLE_BY_GOVERNED_SURFACE_RESOLVER,SOFT,AVAILABLE,MEDIAN_WINNER_RACE_TIME_SECONDS_RECOVERED_TIMING_MIN20,58.980000,109,56.920000,65.530000,20,AVAILABLE,fd8c38e5358909e09d0b864d,05265bb9eec3bcabe676d0b9ab593b76674c6d25a965f0f53823904645bfde57,d87a0de39980ac90b788d639ee41ceaaa0987716a674e79b2d3ba79818a29cc0,EDGEIQ_TIMING_WAREHOUSE_RECOVERY_V1,edgeiq_standard_time_recovered_v1.0.0,1.0.0,2026-07-30T07:43:47Z
STFR-FA2036F7AA5FB4E88E49D514,BGFR-991FCEA03E27BE6A843C79CA,TRACK_DISTANCE_SURFACE_CONDITION,BENDIGO,1100,,NOT_AVAILABLE_IN_SOURCE,TURF,AVAILABLE_BY_GOVERNED_SURFACE_RESOLVER,GOOD,AVAILABLE,MEDIAN_WINNER_RACE_TIME_SECONDS_RECOVERED_TIMING_MIN20,64.305000,340,61.630000,66.500000,20,AVAILABLE,991fcea03e27be6a843c79ca,bc63f0b037424a2ec72b230da2b56c8fa98793109d481929eb1d0edf766483e8,df4f1025320131912e777f569165451d959a0e79f9211324f6efacd220846a7c,EDGEIQ_TIMING_WAREHOUSE_RECOVERY_V1,edgeiq_standard_time_recovered_v1.0.0,1.0.0,2026-07-30T07:43:47Z
STFR-53DC867D4376850E4A385930,BGFR-E5F8A50F0098D78A040193DE,TRACK_DISTANCE_SURFACE_CONDITION,BENDIGO,1100,,NOT_AVAILABLE_IN_SOURCE,TURF,AVAILABLE_BY_GOVERNED_SURFACE_RESOLVER,HEAVY,AVAILABLE,MEDIAN_WINNER_RACE_TIME_SECONDS_RECOVERED_TIMING_MIN20,66.760000,62,64.330000,68.590000,20,AVAILABLE,e5f8a50f0098d78a040193de,5abd45031de120b9525845f35087983a9d949da7d81c36ee7cb93a396de753dd,583b2a250a30472b899ae916305ece520b7dbe17fe1b3ae1f0e928d7c43052be,EDGEIQ_TIMING_WAREHOUSE_RECOVERY_V1,edgeiq_standard_time_recovered_v1.0.0,1.0.0,2026-07-30T07:43:47Z
STFR-74815E94674C041749D13E8B,BGFR-2A671FDFE5D11CF53FB1149E,TRACK_DISTANCE_SURFACE_CONDITION,BENDIGO,1100,,NOT_AVAILABLE_IN_SOURCE,TURF,AVAILABLE_BY_GOVERNED_SURFACE_RESOLVER,SOFT,AVAILABLE,MEDIAN_WINNER_RACE_TIME_SECONDS_RECOVERED_TIMING_MIN20,65.260000,151,63.000000,67.490000,20,AVAILABLE,2a671fdfe5d11cf53fb1149e,ad3b4a32092f830b733f648f8ceb8f77ce5dcc6a895f86ece8cce9efd6169d49,cec374c1d65626e559423b3f4176110fe2d8ee3e814ac5bde0bc0917228d7fc3,EDGEIQ_TIMING_WAREHOUSE_RECOVERY_V1,edgeiq_standard_time_recovered_v1.0.0,1.0.0,2026-07-30T07:43:47Z
STFR-E9DCF315C006987553C29ACB,BGFR-5946D2DD04B3A8B57899B600,TRACK_DISTANCE_SURFACE_CONDITION,BENDIGO,1300,,NOT_AVAILABLE_IN_SOURCE,TURF,AVAILABLE_BY_GOVERNED_SURFACE_RESOLVER,GOOD,AVAILABLE,MEDIAN_WINNER_RACE_TIME_SECONDS_RECOVERED_TIMING_MIN20,77.800000,349,75.200000,85.170000,20,AVAILABLE,5946d2dd04b3a8b57899b600,141d43c4d615b3bf40fba1db916d64bb4d2565f47f0714c3d3fd98642c1d4fbd,1dde83d834ffa0333b2ce08bb00c5f94a7deccb0a461294055f7bf7069405199,EDGEIQ_TIMING_WAREHOUSE_RECOVERY_V1,edgeiq_standard_time_recovered_v1.0.0,1.0.0,2026-07-30T07:43:47Z
STFR-D7998FAD5E8DBE0F4E551A0F,BGFR-FDE2BB7B75DFC5D77CED9568,TRACK_DISTANCE_SURFACE_CONDITION,BENDIGO,1300,,NOT_AVAILABLE_IN_SOURCE,TURF,AVAILABLE_BY_GOVERNED_SURFACE_RESOLVER,HEAVY,AVAILABLE,MEDIAN_WINNER_RACE_TIME_SECONDS_RECOVERED_TIMING_MIN20,80.740000,44,78.590000,86.690000,20,AVAILABLE,fde2bb7b75dfc5d77ced9568,20986fa11b6d18b187372fc4ce4762a74517031c60f34fe42dafeb804b1b6b56,e3efb4e53675f2c8ac03a1ad51bccdfdff5574a3606221063e909da8918fcee9,EDGEIQ_TIMING_WAREHOUSE_RECOVERY_V1,edgeiq_standard_time_recovered_v1.0.0,1.0.0,2026-07-30T07:43:47Z
STFR-C30ED8A0C10369253E69A6C9,BGFR-6B6EA49B662A9715ECA4324D,TRACK_DISTANCE_SURFACE_CONDITION,BENDIGO,1300,,NOT_AVAILABLE_IN_SOURCE,TURF,AVAILABLE_BY_GOVERNED_SURFACE_RESOLVER,SOFT,AVAILABLE,MEDIAN_WINNER_RACE_TIME_SECONDS_RECOVERED_TIMING_MIN20,79.185000,154,76.240000,84.820000,20,AVAILABLE,6b6ea49b662a9715eca4324d,82f54c5b4f14d07c4f23b4e66e1d5bee40a6b205fbae367392a277b5c9a08e9a,c72055ac114ed2af6de3161c5beacbbea625f9fa67fabcf3d7ae54874381c0f8,EDGEIQ_TIMING_WAREHOUSE_RECOVERY_V1,edgeiq_standard_time_recovered_v1.0.0,1.0.0,2026-07-30T07:43:47Z
STFR-05AD589E901601CD9F62E94F,BGFR-5D4810A1089AE8DB3BD8D7FA,TRACK_DISTANCE_SURFACE_CONDITION,BENDIGO,1400,,NOT_AVAILABLE_IN_SOURCE,TURF,AVAILABLE_BY_GOVERNED_SURFACE_RESOLVER,GOOD,AVAILABLE,MEDIAN_WINNER_RACE_TIME_SECONDS_RECOVERED_TIMING_MIN20,84.205000,382,81.520000,86.580000,20,AVAILABLE,5d4810a1089ae8db3bd8d7fa,0c214cea1ebcecd83347dbf46fd6fd262af6a7abe4b6c7857f956193e612f9e9,ffce06a0617afdfe8646d3ee0cbc0f57d93aca736531327347cff7d668dbede2,EDGEIQ_TIMING_WAREHOUSE_RECOVERY_V1,edgeiq_standard_time_recovered_v1.0.0,1.0.0,2026-07-30T07:43:47Z
STFR-56B50169BFD0738ABA9865AB,BGFR-23B97391B32833C3576302B0,TRACK_DISTANCE_SURFACE_CONDITION,BENDIGO,1400,,NOT_AVAILABLE_IN_SOURCE,TURF,AVAILABLE_BY_GOVERNED_SURFACE_RESOLVER,HEAVY,AVAILABLE,MEDIAN_WINNER_RACE_TIME_SECONDS_RECOVERED_TIMING_MIN20,87.535000,58,85.000000,90.480000,20,AVAILABLE,23b97391b32833c3576302b0,12c7efe2c837a1e1bf183dceabd74d047d08d1cf4bbe3fca2328b6e529769543,a5fa6bb65f35ba9e4dc4a317150f6f454851cb79025b4041fd8d026666ae9c61,EDGEIQ_TIMING_WAREHOUSE_RECOVERY_V1,edgeiq_standard_time_recovered_v1.0.0,1.0.0,2026-07-30T07:43:47Z
STFR-7D8B8A189BD7D37B80E370E1,BGFR-E1DBFBC06902457FDDD7D963,TRACK_DISTANCE_SURFACE_CONDITION,BENDIGO,1400,,NOT_AVAILABLE_IN_SOURCE,TURF,AVAILABLE_BY_GOVERNED_SURFACE_RESOLVER,SOFT,AVAILABLE,MEDIAN_WINNER_RACE_TIME_SECONDS_RECOVERED_TIMING_MIN20,85.590000,165,83.290000,88.480000,20,AVAILABLE,e1dbfbc06902457fddd7d963,d5e56da5bf5df6062478c1f8c445f9456149360b323d7fabb0f22d1a394bc550,2e127025f40fd6f6637a0a079ef9551e03fa19b85c0d4b4944c5de23039193a0,EDGEIQ_TIMING_WAREHOUSE_RECOVERY_V1,edgeiq_standard_time_recovered_v1.0.0,1.0.0,2026-07-30T07:43:47Z
STFR-87B9FE67FC82854F82E1CF59,BGFR-B38AD57E488F0A9606A7A265,TRACK_DISTANCE_SURFACE_CONDITION,BENDIGO,1500,,NOT_AVAILABLE_IN_SOURCE,TURF,AVAILABLE_BY_GOVERNED_SURFACE_RESOLVER,GOOD,AVAILABLE,MEDIAN_WINNER_RACE_TIME_SECONDS_RECOVERED_TIMING_MIN20,90.690000,47,89.030000,93.140000,20,AVAILABLE,b38ad57e488f0a9606a7a265,c0515d3557be2021505ce5b7f025407a040cae4e3137405933ee02d0efc06a3d,94f3988d02af668ff3f373c8b5cc218d59488e375425eefecd8cf28b882e02a5,EDGEIQ_TIMING_WAREHOUSE_RECOVERY_V1,edgeiq_standard_time_recovered_v1.0.0,1.0.0,2026-07-30T07:43:47Z
STFR-3014532F8B3E0B13638B9436,BGFR-504C91594CFAA2891B0A8B10,TRACK_DISTANCE_SURFACE_CONDITION,BENDIGO,1500,,NOT_AVAILABLE_IN_SOURCE,TURF,AVAILABLE_BY_GOVERNED_SURFACE_RESOLVER,SOFT,AVAILABLE,MEDIAN_WINNER_RACE_TIME_SECONDS_RECOVERED_TIMING_MIN20,91.930000,34,89.750000,95.310000,20,AVAILABLE,504c91594cfaa2891b0a8b10,dbb4a3243e7f8baad7eca66372d49cbf5fd9d84a6bc24cb8da49be9fd4ca0221,037d739dd2bbb41659884b8cff28ab34eb004661656143f9ebf477bfffc9bab8,EDGEIQ_TIMING_WAREHOUSE_RECOVERY_V1,edgeiq_standard_time_recovered_v1.0.0,1.0.0,2026-07-30T07:43:47Z
STFR-00AEB61D282E8C20A5368C2B,BGFR-E267ABBF9A198499C2BA0CC4,TRACK_DISTANCE_SURFACE_CONDITION,BENDIGO,1600,,NOT_AVAILABLE_IN_SOURCE,TURF,AVAILABLE_BY_GOVERNED_SURFACE_RESOLVER,GOOD,AVAILABLE,MEDIAN_WINNER_RACE_TIME_SECONDS_RECOVERED_TIMING_MIN20,96.945000,374,93.790000,100.810000,20,AVAILABLE,e267abbf9a198499c2ba0cc4,2d915bb3cae739e0cd12b540c1245aee06b9c7f25f320a5df8b63ad031dd55b1,a0dd00ba72c5104b55c946c877116ed26a2b8bdd50de0a1fcc45c084a4d0e9c1,EDGEIQ_TIMING_WAREHOUSE_RECOVERY_V1,edgeiq_standard_time_recovered_v1.0.0,1.0.0,2026-07-30T07:43:47Z
STFR-06A24C26D1C59F22E93D0EAB,BGFR-B304787B1F41AAB91EDAA10A,TRACK_DISTANCE_SURFACE_CONDITION,BENDIGO,1600,,NOT_AVAILABLE_IN_SOURCE,TURF,AVAILABLE_BY_GOVERNED_SURFACE_RESOLVER,HEAVY,AVAILABLE,MEDIAN_WINNER_RACE_TIME_SECONDS_RECOVERED_TIMING_MIN20,100.990000,66,98.260000,104.890000,20,AVAILABLE,b304787b1f41aab91edaa10a,846330475d0b8dc058d7ef7116484f9081e8c3a951251d0c5c78fe33266739a8,2ca5acf80489d647cc516b3273dfeb42775b5b6bff42a2a6ca17a5f709527bc1,EDGEIQ_TIMING_WAREHOUSE_RECOVERY_V1,edgeiq_standard_time_recovered_v1.0.0,1.0.0,2026-07-30T07:43:47Z
STFR-450AFB0F394BD225292CEABF,BGFR-6BDE77A16675099C2F0D7271,TRACK_DISTANCE_SURFACE_CONDITION,BENDIGO,1600,,NOT_AVAILABLE_IN_SOURCE,TURF,AVAILABLE_BY_GOVERNED_SURFACE_RESOLVER,SOFT,AVAILABLE,MEDIAN_WINNER_RACE_TIME_SECONDS_RECOVERED_TIMING_MIN20,98.890000,173,95.710000,101.540000,20,AVAILABLE,6bde77a16675099c2f0d7271,f84d737578e397e2384f646f0fd8d8aaea623ba102249444a209eaaec6cc3f7e,70ff931a4f2decef56cc2398454b702cf054f69a1430d9dd1de5d852fe505eb9,EDGEIQ_TIMING_WAREHOUSE_RECOVERY_V1,edgeiq_standard_time_recovered_v1.0.0,1.0.0,2026-07-30T07:43:47Z
STFR-650F10B017434CAEA899A38C,BGFR-F0D8489347EB747E3E3F76E5,TRACK_DISTANCE_SURFACE_CONDITION,BENDIGO,2200,,NOT_AVAILABLE_IN_SOURCE,TURF,AVAILABLE_BY_GOVERNED_SURFACE_RESOLVER,GOOD,AVAILABLE,MEDIAN_WINNER_RACE_TIME_SECONDS_RECOVERED_TIMING_MIN20,138.620000,112,134.210000,142.770000,20,AVAILABLE,f0d8489347eb747e3e3f76e5,7365fc18e9ef21ed146f1a19e6119be84a0de61774f4d9bb8d2c3cd87e19a42a,18f9683020ebb9acff911970e26249731ba1baaf77973052520fe744d6adf2b1,EDGEIQ_TIMING_WAREHOUSE_RECOVERY_V1,edgeiq_standard_time_recovered_v1.0.0,1.0.0,2026-07-30T07:43:47Z
STFR-99E3D7B3CC629B930023A927,BGFR-0AADAA10EE4271A80FC5B1D4,TRACK_DISTANCE_SURFACE_CONDITION,BENDIGO,2200,,NOT_AVAILABLE_IN_SOURCE,TURF,AVAILABLE_BY_GOVERNED_SURFACE_RESOLVER,SOFT,AVAILABLE,MEDIAN_WINNER_RACE_TIME_SECONDS_RECOVERED_TIMING_MIN20,140.740000,35,137.230000,145.770000,20,AVAILABLE,0aadaa10ee4271a80fc5b1d4,358728186aa2c7a911b19026dcca5a9e4a1233a7e33c03883723fc061b697dce,f7087946a10bd89f1a23a08933af61feeb7ad4a455540f6579a4cc0da4ba445c,EDGEIQ_TIMING_WAREHOUSE_RECOVERY_V1,edgeiq_standard_time_recovered_v1.0.0,1.0.0,2026-07-30T07:43:47Z
STFR-109E734EE4FD274172DC5E85,BGFR-4D3040EE3436A2B756094E0A,TRACK_DISTANCE_SURFACE_CONDITION,BENDIGO,2400,,NOT_AVAILABLE_IN_SOURCE,TURF,AVAILABLE_BY_GOVERNED_SURFACE_RESOLVER,GOOD,AVAILABLE,MEDIAN_WINNER_RACE_TIME_SECONDS_RECOVERED_TIMING_MIN20,151.840000,166,147.410000,157.940000,20,AVAILABLE,4d3040ee3436a2b756094e0a,d6720b6afa38d1da5e0162bf85f50128de82bac61251a23f72b41bab2fe15652,19438394e342e67bfe6696aec99e53fc3a8f3828dadc65f9df11b60d2342e615,EDGEIQ_TIMING_WAREHOUSE_RECOVERY_V1,edgeiq_standard_time_recovered_v1.0.0,1.0.0,2026-07-30T07:43:47Z
STFR-AE3A881C2F0E0054DCB99A62,BGFR-88382A33650B336EF1E70E73,TRACK_DISTANCE_SURFACE_CONDITION,BENDIGO,2400,,NOT_AVAILABLE_IN_SOURCE,TURF,AVAILABLE_BY_GOVERNED_SURFACE_RESOLVER,HEAVY,AVAILABLE,MEDIAN_WINNER_RACE_TIME_SECONDS_RECOVERED_TIMING_MIN20,158.280000,31,153.880000,163.510000,20,AVAILABLE,88382a33650b336ef1e70e73,add865c1332b33edb7fd22f19695bb41fb32ac7c723ecd4d7ed17e8769f91f19,2fcca69dc9c30e87b6e297c8a54ef384e0c57e67f446b7383c04e875ff9eeb36,EDGEIQ_TIMING_WAREHOUSE_RECOVERY_V1,edgeiq_standard_time_recovered_v1.0.0,1.0.0,2026-07-30T07:43:47Z
STFR-0B86296D72D06F6BD09B75AF,BGFR-2AAFC97DDDB5A8EB4B3D296C,TRACK_DISTANCE_SURFACE_CONDITION,BENDIGO,2400,,NOT_AVAILABLE_IN_SOURCE,TURF,AVAILABLE_BY_GOVERNED_SURFACE_RESOLVER,SOFT,AVAILABLE,MEDIAN_WINNER_RACE_TIME_SECONDS_RECOVERED_TIMING_MIN20,154.290000,77,150.320000,160.880000,20,AVAILABLE,2aafc97dddb5a8eb4b3d296c,967580819c5e48138329738ac3d595bf2eeefb896cf559d2d21c9f41d34b2d3e,1cab29188a3333d0cdcc1571813f71d5d6858539d80dccc4278cb835d66ad203,EDGEIQ_TIMING_WAREHOUSE_RECOVERY_V1,edgeiq_standard_time_recovered_v1.0.0,1.0.0,2026-07-30T07:43:47Z
STFR-4D925BED7CFFE250BB295F65,BGFR-0B1C0E4020F859B747FA3D0F,TRACK_DISTANCE_SURFACE_CONDITION,BENDIGO,900,,NOT_AVAILABLE_IN_SOURCE,TURF,AVAILABLE_BY_GOVERNED_SURFACE_RESOLVER,GOOD,AVAILABLE,MEDIAN_WINNER_RACE_TIME_SECONDS_RECOVERED_TIMING_MIN20,52.140000,26,51.070000,53.770000,20,AVAILABLE,0b1c0e4020f859b747fa3d0f,bdcb68f6cc842be1fb08695fbe3203c3213bbbb999a3b1e88e8fac6ea51f37ce,672f23a9dd578887c23b2a26c40e4b0584c84ab68d34118c8d35592a27039415,EDGEIQ_TIMING_WAREHOUSE_RECOVERY_V1,edgeiq_standard_time_recovered_v1.0.0,1.0.0,2026-07-30T07:43:47Z
STFR-BDBE2589AC4F828940F18B96,BGFR-4D88B7C008A929BC7B60D51C,TRACK_DISTANCE_SURFACE_CONDITION,BET365 BAIRNSDALE,1000,,NOT_AVAILABLE_IN_SOURCE,TURF,AVAILABLE_BY_GOVERNED_SURFACE_RESOLVER,GOOD,AVAILABLE,MEDIAN_WINNER_RACE_TIME_SECONDS_RECOVERED_TIMING_MIN20,58.820000,116,57.490000,60.200000,20,AVAILABLE,4d88b7c008a929bc7b60d51c,605c75a4c905d2cbaefff0314b3593a14f9cee84cc50824559849a25520f6238,3179f9e245b3a9cf2875eeedefb19360b5adbe2e9b0a48f02f3f65ebc701c050,EDGEIQ_TIMING_WAREHOUSE_RECOVERY_V1,edgeiq_standard_time_recovered_v1.0.0,1.0.0,2026-07-30T07:43:47Z
STFR-20CE6E24295C1D649B416813,BGFR-74DC885D6EFE251CAD2FC576,TRACK_DISTANCE_SURFACE_CONDITION,BET365 BAIRNSDALE,1000,,NOT_AVAILABLE_IN_SOURCE,TURF,AVAILABLE_BY_GOVERNED_SURFACE_RESOLVER,SOFT,AVAILABLE,MEDIAN_WINNER_RACE_TIME_SECONDS_RECOVERED_TIMING_MIN20,59.410000,63,57.560000,61.370000,20,AVAILABLE,74dc885d6efe251cad2fc576,9d0d78e8e30f6db6da1d34bb6bec9c563b4a37c676fda256a2b6232267fdacdf,a4d790aefc121914b9792157be9b46e905ade02ecae91105da0a28de5355f931,EDGEIQ_TIMING_WAREHOUSE_RECOVERY_V1,edgeiq_standard_time_recovered_v1.0.0,1.0.0,2026-07-30T07:43:47Z
STFR-F0D9D4A47C6C9458E10CE3DE,BGFR-9E3FFBDC0FAA2C730A8FE158,TRACK_DISTANCE_SURFACE_CONDITION,BET365 BAIRNSDALE,1100,,NOT_AVAILABLE_IN_SOURCE,TURF,AVAILABLE_BY_GOVERNED_SURFACE_RESOLVER,GOOD,AVAILABLE,MEDIAN_WINNER_RACE_TIME_SECONDS_RECOVERED_TIMING_MIN20,65.000000,50,62.850000,67.040000,20,AVAILABLE,9e3ffbdc0faa2c730a8fe158,7edc10532192e365bfb3c1b704bf5fdcbb84972c07d9538ea0b7865348a2043e,3df08e7c3c29fecb1d5daaac4ef7ca3e88175e75033fc4509a51ed890391b1e7,EDGEIQ_TIMING_WAREHOUSE_RECOVERY_V1,edgeiq_standard_time_recovered_v1.0.0,1.0.0,2026-07-30T07:43:47Z
STFR-1EA015BAC1463B72B780114F,BGFR-0AAEDA2BB533963D4CFCDCE7,TRACK_DISTANCE_SURFACE_CONDITION,BET365 BAIRNSDALE,1100,,NOT_AVAILABLE_IN_SOURCE,TURF,AVAILABLE_BY_GOVERNED_SURFACE_RESOLVER,SOFT,AVAILABLE,MEDIAN_WINNER_RACE_TIME_SECONDS_RECOVERED_TIMING_MIN20,65.390000,25,64.430000,67.950000,20,AVAILABLE,0aaeda2bb533963d4cfcdce7,753559253d128180330ed99cce6295cde4058c503539be960fe6c3e1bd242c2e,8ae870970d2754c37d52783677b6f6e7fc0e80fd382a68c325dd48c537f830cf,EDGEIQ_TIMING_WAREHOUSE_RECOVERY_V1,edgeiq_standard_time_recovered_v1.0.0,1.0.0,2026-07-30T07:43:47Z
STFR-A983DB554B41C5CEF562A0D5,BGFR-C6C08ABEC4B5D665D77C042A,TRACK_DISTANCE_SURFACE_CONDITION,BET365 BAIRNSDALE,1200,,NOT_AVAILABLE_IN_SOURCE,TURF,AVAILABLE_BY_GOVERNED_SURFACE_RESOLVER,GOOD,AVAILABLE,MEDIAN_WINNER_RACE_TIME_SECONDS_RECOVERED_TIMING_MIN20,71.650000,256,69.370000,73.790000,20,AVAILABLE,c6c08abec4b5d665d77c042a,538ccacd09364b1f76b5de0d05e1bb714836784fed82f785bc4c8e533d48ee5d,aa360ccfd864f1b673f09c362bfb095f173c91da8e6a894eb22674bfa65fa53c,EDGEIQ_TIMING_WAREHOUSE_RECOVERY_V1,edgeiq_standard_time_recovered_v1.0.0,1.0.0,2026-07-30T07:43:47Z
STFR-090C7AD6CAE0AD18A27E292D,BGFR-1ECB7C1087E31832CD453A71,TRACK_DISTANCE_SURFACE_CONDITION,BET365 BAIRNSDALE,1200,,NOT_AVAILABLE_IN_SOURCE,TURF,AVAILABLE_BY_GOVERNED_SURFACE_RESOLVER,SOFT,AVAILABLE,MEDIAN_WINNER_RACE_TIME_SECONDS_RECOVERED_TIMING_MIN20,72.710000,132,70.300000,74.900000,20,AVAILABLE,1ecb7c1087e31832cd453a71,28a2578e3e0875f11c5c65686e03dc1e8f5c9ce8759393b39c867198a5bd1378,9b06d295a2b508a19d5fd6ab695cb7f2901abe8b5119ee67e2f07277e6046eec,EDGEIQ_TIMING_WAREHOUSE_RECOVERY_V1,edgeiq_standard_time_recovered_v1.0.0,1.0.0,2026-07-30T07:43:47Z
STFR-8F999636A60CFAF5FEB1787A,BGFR-12F3AB32F3D3BCA81F5D2E4A,TRACK_DISTANCE_SURFACE_CONDITION,BET365 BAIRNSDALE,1500,,NOT_AVAILABLE_IN_SOURCE,TURF,AVAILABLE_BY_GOVERNED_SURFACE_RESOLVER,GOOD,AVAILABLE,MEDIAN_WINNER_RACE_TIME_SECONDS_RECOVERED_TIMING_MIN20,91.525000,22,89.640000,94.350000,20,AVAILABLE,12f3ab32f3d3bca81f5d2e4a,f1b9fda27a03cd05599d20e78374f6f04ef49e874322c224909b4581146e2732,b994b2132274320eecf22ecb285ff112fff2d760c628d998bb4493d7e7d46eb0,EDGEIQ_TIMING_WAREHOUSE_RECOVERY_V1,edgeiq_standard_time_recovered_v1.0.0,1.0.0,2026-07-30T07:43:47Z
STFR-388AFB09327ADD6D9633F9C9,BGFR-432465650FE4AD011D0C8AE7,TRACK_DISTANCE_SURFACE_CONDITION,BET365 BAIRNSDALE,1600,,NOT_AVAILABLE_IN_SOURCE,TURF,AVAILABLE_BY_GOVERNED_SURFACE_RESOLVER,GOOD,AVAILABLE,MEDIAN_WINNER_RACE_TIME_SECONDS_RECOVERED_TIMING_MIN20,98.360000,206,95.450000,101.670000,20,AVAILABLE,432465650fe4ad011d0c8ae7,f3e0ae0226519e9da967410cbd34964af9f2716670890797edbc2707f305cad0,a27049fb4eaa845d61495c442205c5c632cc2eb21b1b54d029455fa3a35aab34,EDGEIQ_TIMING_WAREHOUSE_RECOVERY_V1,edgeiq_standard_time_recovered_v1.0.0,1.0.0,2026-07-30T07:43:47Z
STFR-A944C6B5C301CCAE6C32EDE8,BGFR-1BE3915502BA5D88A7025761,TRACK_DISTANCE_SURFACE_CONDITION,BET365 BAIRNSDALE,1600,,NOT_AVAILABLE_IN_SOURCE,TURF,AVAILABLE_BY_GOVERNED_SURFACE_RESOLVER,SOFT,AVAILABLE,MEDIAN_WINNER_RACE_TIME_SECONDS_RECOVERED_TIMING_MIN20,99.700000,115,96.250000,105.200000,20,AVAILABLE,1be3915502ba5d88a7025761,d1703646e2b6c0d15d096d3f945a12bd030dbeab008dd865fbb2e887a88d3df3,dfdd09fcfca5ff62b8107c9fd26730a6d4fb026dde1999c91eacf0e1854b47a5,EDGEIQ_TIMING_WAREHOUSE_RECOVERY_V1,edgeiq_standard_time_recovered_v1.0.0,1.0.0,2026-07-30T07:43:47Z
STFR-B7EB1ACC1C8568D239435F4F,BGFR-FC85AFD85922BC9E41DBF166,TRACK_DISTANCE_SURFACE_CONDITION,BET365 BAIRNSDALE,2000,,NOT_AVAILABLE_IN_SOURCE,TURF,AVAILABLE_BY_GOVERNED_SURFACE_RESOLVER,GOOD,AVAILABLE,MEDIAN_WINNER_RACE_TIME_SECONDS_RECOVERED_TIMING_MIN20,125.585000,24,123.180000,129.440000,20,AVAILABLE,fc85afd85922bc9e41dbf166,3e9d3214729a898083cc1f72da055c82935ed7bb3f715546bb92184f0f4b5d80,73d8ed729846a1c535aa688330d34562966a2d706add52be9b48b76e24f59bcd,EDGEIQ_TIMING_WAREHOUSE_RECOVERY_V1,edgeiq_standard_time_recovered_v1.0.0,1.0.0,2026-07-30T07:43:47Z
STFR-BDBEDC05D00677B78BB4E816,BGFR-94F68D03E0D8B54EF1983851,TRACK_DISTANCE_SURFACE_CONDITION,BET365 BAIRNSDALE,2150,,NOT_AVAILABLE_IN_SOURCE,TURF,AVAILABLE_BY_GOVERNED_SURFACE_RESOLVER,GOOD,AVAILABLE,MEDIAN_WINNER_RACE_TIME_SECONDS_RECOVERED_TIMING_MIN20,134.830000,38,133.260000,139.180000,20,AVAILABLE,94f68d03e0d8b54ef1983851,84f6219eecafd537ffd89d7b90ebf41d178a1d69305b3d9892d24abf9020e739,21d5035a2b0201862a82ff06cad357e01afe5a46e50bc8e738fb13300d1d22ff,EDGEIQ_TIMING_WAREHOUSE_RECOVERY_V1,edgeiq_standard_time_recovered_v1.0.0,1.0.0,2026-07-30T07:43:47Z
STFR-B3A2CE5976AD271D5DA0B39E,BGFR-11A9F54BCFEADF647ED30FD8,TRACK_DISTANCE_SURFACE_CONDITION,BET365 BAIRNSDALE,2200,,NOT_AVAILABLE_IN_SOURCE,TURF,AVAILABLE_BY_GOVERNED_SURFACE_RESOLVER,GOOD,AVAILABLE,MEDIAN_WINNER_RACE_TIME_SECONDS_RECOVERED_TIMING_MIN20,139.300000,59,136.230000,142.650000,20,AVAILABLE,11a9f54bcfeadf647ed30fd8,905d8f2ce47b88a4fd52664e9c07a13f07e8df5c62d908ed83e06238f0fc7fb4,03908482d44aaa6b02ab7c3970266ccd0ec9f321ef430d5b233387c503c47f6c,EDGEIQ_TIMING_WAREHOUSE_RECOVERY_V1,edgeiq_standard_time_recovered_v1.0.0,1.0.0,2026-07-30T07:43:47Z
STFR-734BC9585E5441DE8CFC30D0,BGFR-FA17FA622CA4A6313EC79061,TRACK_DISTANCE_SURFACE_CONDITION,BET365 BAIRNSDALE,2200,,NOT_AVAILABLE_IN_SOURCE,TURF,AVAILABLE_BY_GOVERNED_SURFACE_RESOLVER,SOFT,AVAILABLE,MEDIAN_WINNER_RACE_TIME_SECONDS_RECOVERED_TIMING_MIN20,140.525000,28,137.180000,144.750000,20,AVAILABLE,fa17fa622ca4a6313ec79061,2fd93cc7d3ec0dfeba96ba9f834a8b6dbc209faa91e3bb1196b7e96d96e687ef,5ce7a6897463c5b291cc1e94d3176f37d87f3e66a3156025cc25e2af84c1d434,EDGEIQ_TIMING_WAREHOUSE_RECOVERY_V1,edgeiq_standard_time_recovered_v1.0.0,1.0.0,2026-07-30T07:43:47Z
STFR-3D5E5074D6B8F85378CD0F1A,BGFR-55E2C26D885B354CC77B5CAB,TRACK_DISTANCE_SURFACE_CONDITION,BET365 BENALLA,1106,,NOT_AVAILABLE_IN_SOURCE,TURF,AVAILABLE_BY_GOVERNED_SURFACE_RESOLVER,GOOD,AVAILABLE,MEDIAN_WINNER_RACE_TIME_SECONDS_RECOVERED_TIMING_MIN20,64.825000,22,63.380000,66.500000,20,AVAILABLE,55e2c26d885b354cc77b5cab,bec3cd406f14224a40180cda39e8c9e0a92c4e77cce19a38b8a9c3cba53cdba6,ee93e78f404f72ec7968be24c1236b710beca73bf5b0ba15d600598c9d3b75d2,EDGEIQ_TIMING_WAREHOUSE_RECOVERY_V1,edgeiq_standard_time_recovered_v1.0.0,1.0.0,2026-07-30T07:43:47Z
STFR-944CFD3B146889E451E7DA29,BGFR-EAF2EDC8DCA17682721DB3B5,TRACK_DISTANCE_SURFACE_CONDITION,BET365 BENALLA,1206,,NOT_AVAILABLE_IN_SOURCE,TURF,AVAILABLE_BY_GOVERNED_SURFACE_RESOLVER,GOOD,AVAILABLE,MEDIAN_WINNER_RACE_TIME_SECONDS_RECOVERED_TIMING_MIN20,70.900000,25,69.660000,73.200000,20,AVAILABLE,eaf2edc8dca17682721db3b5,2be2708a4e59151b73bdcf2d3bc92789df579fe964939359f730d705326f241c,09f7357750f606869c08bc58f778e37204f5a1880f827a488c771e9bb4c4077a,EDGEIQ_TIMING_WAREHOUSE_RECOVERY_V1,edgeiq_standard_time_recovered_v1.0.0,1.0.0,2026-07-30T07:43:47Z
STFR-17477DA9A8035CAD26FEDC38,BGFR-5DE099BA769797A87753CEB8,TRACK_DISTANCE_SURFACE_CONDITION,BET365 BENALLA,1406,,NOT_AVAILABLE_IN_SOURCE,TURF,AVAILABLE_BY_GOVERNED_SURFACE_RESOLVER,GOOD,AVAILABLE,MEDIAN_WINNER_RACE_TIME_SECONDS_RECOVERED_TIMING_MIN20,83.825000,34,82.340000,85.960000,20,AVAILABLE,5de099ba769797a87753ceb8,32d6db57a7120a36cc6068bba862f3b644a347193368264e4a10689e5bfa7ade,8b01834afe986b5941820b96a1ebdaaa9c63f8af1ab315cdcf2616f01d342a30,EDGEIQ_TIMING_WAREHOUSE_RECOVERY_V1,edgeiq_standard_time_recovered_v1.0.0,1.0.0,2026-07-30T07:43:47Z
STFR-912C7742D53ED62EF0AC3EF5,BGFR-BA6EFA57BAC6E4CBA1FFB3EF,TRACK_DISTANCE_SURFACE_CONDITION,BET365 BENALLA,1606,,NOT_AVAILABLE_IN_SOURCE,TURF,AVAILABLE_BY_GOVERNED_SURFACE_RESOLVER,GOOD,AVAILABLE,MEDIAN_WINNER_RACE_TIME_SECONDS_RECOVERED_TIMING_MIN20,97.860000,27,94.790000,100.450000,20,AVAILABLE,ba6efa57bac6e4cba1ffb3ef,a59a5803ba3b435ed132870119c6544aa1d72356a70e5c545c2d002b60623fba,2b2ba488c74a5c3583d27b4ca24dd9d133eaa038725fb590bca32f5334427279,EDGEIQ_TIMING_WAREHOUSE_RECOVERY_V1,edgeiq_standard_time_recovered_v1.0.0,1.0.0,2026-07-30T07:43:47Z
STFR-1F63F3F00A8566EB6F15946F,BGFR-E4A491BB3BFD119AE065CC24,TRACK_DISTANCE_SURFACE_CONDITION,BET365 ECHUCA,1000,,NOT_AVAILABLE_IN_SOURCE,TURF,AVAILABLE_BY_GOVERNED_SURFACE_RESOLVER,GOOD,AVAILABLE,MEDIAN_WINNER_RACE_TIME_SECONDS_RECOVERED_TIMING_MIN20,58.900000,157,57.120000,60.800000,20,AVAILABLE,e4a491bb3bfd119ae065cc24,68ac8e32e68bcbb28d630c005fbaf5837196e959d8ff2f775ca857abb9ab86fa,f4cd4360405c44e81f37a9de6696f5bae08636a754f9b6a28ee9872d5d9610f9,EDGEIQ_TIMING_WAREHOUSE_RECOVERY_V1,edgeiq_standard_time_recovered_v1.0.0,1.0.0,2026-07-30T07:43:47Z
STFR-2C02349E6C35DADADDBEB26D,BGFR-8DC7FCD85113B0D45B4BE0E8,TRACK_DISTANCE_SURFACE_CONDITION,BET365 ECHUCA,1000,,NOT_AVAILABLE_IN_SOURCE,TURF,AVAILABLE_BY_GOVERNED_SURFACE_RESOLVER,SOFT,AVAILABLE,MEDIAN_WINNER_RACE_TIME_SECONDS_RECOVERED_TIMING_MIN20,59.880000,68,58.120000,62.270000,20,AVAILABLE,8dc7fcd85113b0d45b4be0e8,e0e2609628bf79cc41f8cf31255c8aef9718a87e98b0a200f389d832a220b644,3d4edd6c9ceb5dcfdd001af16fa6c2690a5d47bc6a61bb5bc1cf3174934e0b12,EDGEIQ_TIMING_WAREHOUSE_RECOVERY_V1,edgeiq_standard_time_recovered_v1.0.0,1.0.0,2026-07-30T07:43:47Z
STFR-47D11A249B6865A2036686A3,BGFR-B5EDB6035F8C1DA2E28EA243,TRACK_DISTANCE_SURFACE_CONDITION,BET365 ECHUCA,1009,,NOT_AVAILABLE_IN_SOURCE,TURF,AVAILABLE_BY_GOVERNED_SURFACE_RESOLVER,GOOD,AVAILABLE,MEDIAN_WINNER_RACE_TIME_SECONDS_RECOVERED_TIMING_MIN20,59.550000,31,56.950000,61.320000,20,AVAILABLE,b5edb6035f8c1da2e28ea243,d93cea418f3db387c8e76b7daa2c1e66662226dbd2a63c70a7b38438c2808ace,0a3cc14706e04ebbad304a5da5c74b8ecfec9f47b802d75754023022ea44d06f,EDGEIQ_TIMING_WAREHOUSE_RECOVERY_V1,edgeiq_standard_time_recovered_v1.0.0,1.0.0,2026-07-30T07:43:47Z
STFR-32566A701FC495755CD2136A,BGFR-1DD4FF8D75F9282D99EC81E7,TRACK_DISTANCE_SURFACE_CONDITION,BET365 ECHUCA,1100,,NOT_AVAILABLE_IN_SOURCE,TURF,AVAILABLE_BY_GOVERNED_SURFACE_RESOLVER,GOOD,AVAILABLE,MEDIAN_WINNER_RACE_TIME_SECONDS_RECOVERED_TIMING_MIN20,65.265000,86,63.690000,67.640000,20,AVAILABLE,1dd4ff8d75f9282d99ec81e7,831601dc0a761e42777a9bfe9edd2aa62d0c3f45017d7fd5557b04f947bdf0df,13abb2b0c06d0095881108cc783268729ce30d4b836b4fee5d86abb3f53a53d4,EDGEIQ_TIMING_WAREHOUSE_RECOVERY_V1,edgeiq_standard_time_recovered_v1.0.0,1.0.0,2026-07-30T07:43:47Z
STFR-C1D585EFAE1673390F980110,BGFR-24295DBCAB16A9198912CBC8,TRACK_DISTANCE_SURFACE_CONDITION,BET365 ECHUCA,1100,,NOT_AVAILABLE_IN_SOURCE,TURF,AVAILABLE_BY_GOVERNED_SURFACE_RESOLVER,SOFT,AVAILABLE,MEDIAN_WINNER_RACE_TIME_SECONDS_RECOVERED_TIMING_MIN20,66.795000,54,64.670000,68.890000,20,AVAILABLE,24295dbcab16a9198912cbc8,e348e1229db0711839c4c8f74a372127b9ae7ee89e389622396123ce63f51da5,54a3dcd606a9cfd72648242ae07f8c93ef32625dcf923cb9863ff9be584d8b38,EDGEIQ_TIMING_WAREHOUSE_RECOVERY_V1,edgeiq_standard_time_recovered_v1.0.0,1.0.0,2026-07-30T07:43:47Z
STFR-B3B2891394E47545694FD801,BGFR-2784EA97DB64884F50FEAC9B,TRACK_DISTANCE_SURFACE_CONDITION,BET365 ECHUCA,1200,,NOT_AVAILABLE_IN_SOURCE,TURF,AVAILABLE_BY_GOVERNED_SURFACE_RESOLVER,GOOD,AVAILABLE,MEDIAN_WINNER_RACE_TIME_SECONDS_RECOVERED_TIMING_MIN20,71.870000,230,70.040000,74.380000,20,AVAILABLE,2784ea97db64884f50feac9b,27219f7a32d57538069155139192d8aa40f3a987f722c903c63fdfc38842593c,75cabf617b743a8c2ec6b931a624d772327c25dc3686e5afd3117eda001a3ec5,EDGEIQ_TIMING_WAREHOUSE_RECOVERY_V1,edgeiq_standard_time_recovered_v1.0.0,1.0.0,2026-07-30T07:43:47Z
STFR-C411B805BB995B90D3AEBF98,BGFR-93612DB1C9EE07C2651C76F4,TRACK_DISTANCE_SURFACE_CONDITION,BET365 ECHUCA,1200,,NOT_AVAILABLE_IN_SOURCE,TURF,AVAILABLE_BY_GOVERNED_SURFACE_RESOLVER,HEAVY,AVAILABLE,MEDIAN_WINNER_RACE_TIME_SECONDS_RECOVERED_TIMING_MIN20,75.970000,23,73.650000,79.540000,20,AVAILABLE,93612db1c9ee07c2651c76f4,74b4d13abf6b1fe72d19f9831e9f2213d2390e1d5dfe7f2024cdffa4517a94b7,52cbce50df94ca53e6f0dd7eab524325169b35770ed20d6ab8f3b6be4143dcf9,EDGEIQ_TIMING_WAREHOUSE_RECOVERY_V1,edgeiq_standard_time_recovered_v1.0.0,1.0.0,2026-07-30T07:43:47Z
STFR-744585C923C2B5D955F88AE5,BGFR-192180E3B81F2B8DA26B95B8,TRACK_DISTANCE_SURFACE_CONDITION,BET365 ECHUCA,1200,,NOT_AVAILABLE_IN_SOURCE,TURF,AVAILABLE_BY_GOVERNED_SURFACE_RESOLVER,SOFT,AVAILABLE,MEDIAN_WINNER_RACE_TIME_SECONDS_RECOVERED_TIMING_MIN20,73.320000,111,71.210000,76.320000,20,AVAILABLE,192180e3b81f2b8da26b95b8,262a580998e6caeb66b1810df83c019252fc684c5fb83295810f9b81f04a0904,d251e7c905772546b825dc868eae644fa1857f93bbe1e9e402050bf67dac481b,EDGEIQ_TIMING_WAREHOUSE_RECOVERY_V1,edgeiq_standard_time_recovered_v1.0.0,1.0.0,2026-07-30T07:43:47Z
STFR-72CC29D4DE3D4B3AD0101514,BGFR-92D83D692CDA7A27BF1564D4,TRACK_DISTANCE_SURFACE_CONDITION,BET365 ECHUCA,1209,,NOT_AVAILABLE_IN_SOURCE,TURF,AVAILABLE_BY_GOVERNED_SURFACE_RESOLVER,GOOD,AVAILABLE,MEDIAN_WINNER_RACE_TIME_SECONDS_RECOVERED_TIMING_MIN20,72.195000,44,70.010000,74.830000,20,AVAILABLE,92d83d692cda7a27bf1564d4,a8ac8d57530cf888eac26888113db4c25d1703ba81f38b8d3a2432a868bc6e3d,33edf9e9f07718e2527e02274d33061193b05eeb60f48d48850d0c4846de4444,EDGEIQ_TIMING_WAREHOUSE_RECOVERY_V1,edgeiq_standard_time_recovered_v1.0.0,1.0.0,2026-07-30T07:43:47Z
STFR-4FE5ED1B23EA957CD13B302A,BGFR-088D0353957BCA8068CEEF07,TRACK_DISTANCE_SURFACE_CONDITION,BET365 ECHUCA,1209,,NOT_AVAILABLE_IN_SOURCE,TURF,AVAILABLE_BY_GOVERNED_SURFACE_RESOLVER,SOFT,AVAILABLE,MEDIAN_WINNER_RACE_TIME_SECONDS_RECOVERED_TIMING_MIN20,73.435000,24,71.060000,76.730000,20,AVAILABLE,088d0353957bca8068ceef07,849f05d0272902bf79052fb2508cc719273b467b6f5b756f336982a83ed597ea,e7811771ebcb589327241fa1061f001306b86d122c946db7d86e270ad1cdf711,EDGEIQ_TIMING_WAREHOUSE_RECOVERY_V1,edgeiq_standard_time_recovered_v1.0.0,1.0.0,2026-07-30T07:43:47Z
STFR-862684CACF8B8E70B1F11444,BGFR-4542DD57F588821A1C0B274E,TRACK_DISTANCE_SURFACE_CONDITION,BET365 ECHUCA,1300,,NOT_AVAILABLE_IN_SOURCE,TURF,AVAILABLE_BY_GOVERNED_SURFACE_RESOLVER,GOOD,AVAILABLE,MEDIAN_WINNER_RACE_TIME_SECONDS_RECOVERED_TIMING_MIN20,78.925000,34,76.610000,81.250000,20,AVAILABLE,4542dd57f588821a1c0b274e,e1f4deab5a160e09a6e07edebdef553d176f02fb9a9536b66ff64b8786f5c61e,0b13874879e1015095dc36139ecfae3c02b8bb9afc26640d885e2161fa33762d,EDGEIQ_TIMING_WAREHOUSE_RECOVERY_V1,edgeiq_standard_time_recovered_v1.0.0,1.0.0,2026-07-30T07:43:47Z
STFR-D1ACB5CF88901524F28E1FE6,BGFR-DF7C083188B16C20E0FE61A8,TRACK_DISTANCE_SURFACE_CONDITION,BET365 ECHUCA,1300,,NOT_AVAILABLE_IN_SOURCE,TURF,AVAILABLE_BY_GOVERNED_SURFACE_RESOLVER,SOFT,AVAILABLE,MEDIAN_WINNER_RACE_TIME_SECONDS_RECOVERED_TIMING_MIN20,79.875000,22,78.390000,81.630000,20,AVAILABLE,df7c083188b16c20e0fe61a8,1be4ca1915d576f5a05304538cb9cdcee679fbfff5648955a781140174133952,1326e8b7e6e14da3f2fd9fb9e8d2b60a4888675474d4fb27fa546fd487ecadb1,EDGEIQ_TIMING_WAREHOUSE_RECOVERY_V1,edgeiq_standard_time_recovered_v1.0.0,1.0.0,2026-07-30T07:43:47Z
STFR-D56A2AC793F0986536020106,BGFR-EE3744E778FD93563A3D2864,TRACK_DISTANCE_SURFACE_CONDITION,BET365 ECHUCA,1400,,NOT_AVAILABLE_IN_SOURCE,TURF,AVAILABLE_BY_GOVERNED_SURFACE_RESOLVER,GOOD,AVAILABLE,MEDIAN_WINNER_RACE_TIME_SECONDS_RECOVERED_TIMING_MIN20,85.060000,279,81.790000,88.000000,20,AVAILABLE,ee3744e778fd93563a3d2864,ebb7970e8a904366db5b47b9f7bc4a94b12020d21c994884892ca7d8a35dda8e,627e11c3708b6244c8fc8fbf9b75ae580bd3b77fb8746d7c070b2380e8775b0b,EDGEIQ_TIMING_WAREHOUSE_RECOVERY_V1,edgeiq_standard_time_recovered_v1.0.0,1.0.0,2026-07-30T07:43:47Z
STFR-00CD8316BFB01C4C348BFE34,BGFR-EBB65A7789346917E4BA81DF,TRACK_DISTANCE_SURFACE_CONDITION,BET365 ECHUCA,1400,,NOT_AVAILABLE_IN_SOURCE,TURF,AVAILABLE_BY_GOVERNED_SURFACE_RESOLVER,HEAVY,AVAILABLE,MEDIAN_WINNER_RACE_TIME_SECONDS_RECOVERED_TIMING_MIN20,89.535000,34,86.770000,95.180000,20,AVAILABLE,ebb65a7789346917e4ba81df,d69965e724a1f50a417b3b0ac0d916df41866700d513e4af0ec2b9c6cefee189,2956eb10764e2db526c26e32df8352b5d496f7008ea11f9c32aa29a47a576072,EDGEIQ_TIMING_WAREHOUSE_RECOVERY_V1,edgeiq_standard_time_recovered_v1.0.0,1.0.0,2026-07-30T07:43:47Z
STFR-2137A821107CB7908EE2BB55,BGFR-487443554985A5838FCF6D05,TRACK_DISTANCE_SURFACE_CONDITION,BET365 ECHUCA,1400,,NOT_AVAILABLE_IN_SOURCE,TURF,AVAILABLE_BY_GOVERNED_SURFACE_RESOLVER,SOFT,AVAILABLE,MEDIAN_WINNER_RACE_TIME_SECONDS_RECOVERED_TIMING_MIN20,87.010000,109,83.860000,90.970000,20,AVAILABLE,487443554985a5838fcf6d05,4e402c7f5c00249bd697bd1b2f17b32653b108f63eede9c130e8a839c18be47b,0e42eaa729dd816d13cf432f2f06bc8c6b260b6deb52555384b20ac462873350,EDGEIQ_TIMING_WAREHOUSE_RECOVERY_V1,edgeiq_standard_time_recovered_v1.0.0,1.0.0,2026-07-30T07:43:47Z
STFR-B67976DBAC6288D5DC3FB50D,BGFR-50E5D721F34DC78AF3F5579E,TRACK_DISTANCE_SURFACE_CONDITION,BET365 ECHUCA,1412,,NOT_AVAILABLE_IN_SOURCE,TURF,AVAILABLE_BY_GOVERNED_SURFACE_RESOLVER,GOOD,AVAILABLE,MEDIAN_WINNER_RACE_TIME_SECONDS_RECOVERED_TIMING_MIN20,85.330000,55,83.080000,88.070000,20,AVAILABLE,50e5d721f34dc78af3f5579e,5a79de7b753355dafb302ed7456b684d50bef0813beb027aef1e540086af9f3b,91980bf00bbf05d4c6f54972d050af7ce0995b8b45c07319e375d2cdba9c5ac8,EDGEIQ_TIMING_WAREHOUSE_RECOVERY_V1,edgeiq_standard_time_recovered_v1.0.0,1.0.0,2026-07-30T07:43:47Z
STFR-3E27AF448FF939AE0372F405,BGFR-AD737502E2DC9BD336BCB349,TRACK_DISTANCE_SURFACE_CONDITION,BET365 ECHUCA,1412,,NOT_AVAILABLE_IN_SOURCE,TURF,AVAILABLE_BY_GOVERNED_SURFACE_RESOLVER,SOFT,AVAILABLE,MEDIAN_WINNER_RACE_TIME_SECONDS_RECOVERED_TIMING_MIN20,87.425000,26,84.190000,90.240000,20,AVAILABLE,ad737502e2dc9bd336bcb349,8b770402bca299a358e5baef1b8d4e882bf75182e434e31bd7ec31b49737ace9,feb8dbdd8ce5899d64d21ee838ae8b39b9e2e8a8574ce0e56da19eb6e7cd1440,EDGEIQ_TIMING_WAREHOUSE_RECOVERY_V1,edgeiq_standard_time_recovered_v1.0.0,1.0.0,2026-07-30T07:43:47Z
STFR-16BCAF510A1B8CBA522F68B4,BGFR-24D41D8D340DFEB5641B7C37,TRACK_DISTANCE_SURFACE_CONDITION,BET365 ECHUCA,1600,,NOT_AVAILABLE_IN_SOURCE,TURF,AVAILABLE_BY_GOVERNED_SURFACE_RESOLVER,GOOD,AVAILABLE,MEDIAN_WINNER_RACE_TIME_SECONDS_RECOVERED_TIMING_MIN20,99.175000,180,96.190000,102.900000,20,AVAILABLE,24d41d8d340dfeb5641b7c37,d7868690aec19e5f964423307b416c2f07542532a9afd503d29bdf84d5f27bd0,e582aab446f8b4a7d8781386b130e5a8a99ab82c7038bf5e09a3479c8cc989cd,EDGEIQ_TIMING_WAREHOUSE_RECOVERY_V1,edgeiq_standard_time_recovered_v1.0.0,1.0.0,2026-07-30T07:43:47Z
STFR-5284DE7DA3F5BBA1C92BF61D,BGFR-8A26F1BA92A66B61397B633C,TRACK_DISTANCE_SURFACE_CONDITION,BET365 ECHUCA,1600,,NOT_AVAILABLE_IN_SOURCE,TURF,AVAILABLE_BY_GOVERNED_SURFACE_RESOLVER,SOFT,AVAILABLE,MEDIAN_WINNER_RACE_TIME_SECONDS_RECOVERED_TIMING_MIN20,101.000000,79,98.000000,104.460000,20,AVAILABLE,8a26f1ba92a66b61397b633c,d9681a038d2af5f97a562957a13cefbe6074a1ab952e757c4e0e169fd446486c,848d8e4d9b74d66d75c19dfbda9718ba0ed6874eec4e8848ffe894f213fdead2,EDGEIQ_TIMING_WAREHOUSE_RECOVERY_V1,edgeiq_standard_time_recovered_v1.0.0,1.0.0,2026-07-30T07:43:47Z
STFR-2AC7D76ABB917D87E15DCD60,BGFR-588CCB660877424BF8C544E1,TRACK_DISTANCE_SURFACE_CONDITION,BET365 ECHUCA,1618,,NOT_AVAILABLE_IN_SOURCE,TURF,AVAILABLE_BY_GOVERNED_SURFACE_RESOLVER,GOOD,AVAILABLE,MEDIAN_WINNER_RACE_TIME_SECONDS_RECOVERED_TIMING_MIN20,99.635000,30,97.410000,101.590000,20,AVAILABLE,588ccb660877424bf8c544e1,33df7da2c4ccb20288acf415b6010194d38bac1799f7117236c658f74a12808a,07cdecdaa01b615081f3d3c019ea61a98edf30db68b215aa63759e0510f92a21,EDGEIQ_TIMING_WAREHOUSE_RECOVERY_V1,edgeiq_standard_time_recovered_v1.0.0,1.0.0,2026-07-30T07:43:47Z
STFR-36525B8B759B53EFC8F4567F,BGFR-57E8F50D8CEF10F8630B836A,TRACK_DISTANCE_SURFACE_CONDITION,BET365 ECHUCA,2100,,NOT_AVAILABLE_IN_SOURCE,TURF,AVAILABLE_BY_GOVERNED_SURFACE_RESOLVER,GOOD,AVAILABLE,MEDIAN_WINNER_RACE_TIME_SECONDS_RECOVERED_TIMING_MIN20,133.720000,113,129.210000,138.300000,20,AVAILABLE,57e8f50d8cef10f8630b836a,6a52b52d58931466d37eb94981b8c190f1636d7b01bdf9fdaf1a1cdcf1332421,f3da6508928993b96594c8d453f7ce719af3022a21e97942b008f689789d84f1,EDGEIQ_TIMING_WAREHOUSE_RECOVERY_V1,edgeiq_standard_time_recovered_v1.0.0,1.0.0,2026-07-30T07:43:47Z
STFR-09627CEE1565338DCB84E387,BGFR-D053A766F81EB6C20C19AEE3,TRACK_DISTANCE_SURFACE_CONDITION,BET365 ECHUCA,2100,,NOT_AVAILABLE_IN_SOURCE,TURF,AVAILABLE_BY_GOVERNED_SURFACE_RESOLVER,SOFT,AVAILABLE,MEDIAN_WINNER_RACE_TIME_SECONDS_RECOVERED_TIMING_MIN20,136.200000,55,132.200000,140.430000,20,AVAILABLE,d053a766f81eb6c20c19aee3,ac421aafba958f12a25afe480a0c08b14d176523d71a4f240287a207c85c9783,75c959232b4105b2d756330cc492cc83fe39d9644061aaa92dd5ecda4443cd31,EDGEIQ_TIMING_WAREHOUSE_RECOVERY_V1,edgeiq_standard_time_recovered_v1.0.0,1.0.0,2026-07-30T07:43:47Z
STFR-9DB5790207DF1D6CA06DF5D1,BGFR-3B8335DCA08C48EDE64EA6E2,TRACK_DISTANCE_SURFACE_CONDITION,BET365 ECHUCA,2124,,NOT_AVAILABLE_IN_SOURCE,TURF,AVAILABLE_BY_GOVERNED_SURFACE_RESOLVER,GOOD,AVAILABLE,MEDIAN_WINNER_RACE_TIME_SECONDS_RECOVERED_TIMING_MIN20,133.870000,23,131.100000,138.320000,20,AVAILABLE,3b8335dca08c48ede64ea6e2,16653b6e542ad7e7339e0dcf6683c948f9aa73465857e1b5376eb977a8ce4d60,83dfe1ad7a2cbf7f8ed53db626aaf442d44d0852ff40225ff7a9ce9a60c33590,EDGEIQ_TIMING_WAREHOUSE_RECOVERY_V1,edgeiq_standard_time_recovered_v1.0.0,1.0.0,2026-07-30T07:43:47Z
STFR-F611EF7999018D7592A0C6C4,BGFR-BDD6BA8D5AA96808B102644C,TRACK_DISTANCE_SURFACE_CONDITION,BET365 GEELONG,1100,,NOT_AVAILABLE_IN_SOURCE,TURF,AVAILABLE_BY_GOVERNED_SURFACE_RESOLVER,GOOD,AVAILABLE,MEDIAN_WINNER_RACE_TIME_SECONDS_RECOVERED_TIMING_MIN20,64.910000,85,63.440000,66.770000,20,AVAILABLE,bdd6ba8d5aa96808b102644c,2c08661b598ec044c21fcf7bc399817ebe9f40c9e19eafe517fb661121107814,8f33cb46f2539a04d92a12495038931ee499dfb88840c6e9f3840a04efc73201,EDGEIQ_TIMING_WAREHOUSE_RECOVERY_V1,edgeiq_standard_time_recovered_v1.0.0,1.0.0,2026-07-30T07:43:47Z
STFR-AC8C288303745BEF8BABCEB5,BGFR-CA054890F9412084399832DD,TRACK_DISTANCE_SURFACE_CONDITION,BET365 GEELONG,1100,,NOT_AVAILABLE_IN_SOURCE,TURF,AVAILABLE_BY_GOVERNED_SURFACE_RESOLVER,SOFT,AVAILABLE,MEDIAN_WINNER_RACE_TIME_SECONDS_RECOVERED_TIMING_MIN20,65.855000,34,63.510000,68.390000,20,AVAILABLE,ca054890f9412084399832dd,896bd82ea9dc141d085f2d452e3a590ef74280613aa1d8f5439a20f898e7eb74,4bbdf3c6a5533e23d9ba4b83ea5656dc5713104efdd690f557c689bb5a86cd46,EDGEIQ_TIMING_WAREHOUSE_RECOVERY_V1,edgeiq_standard_time_recovered_v1.0.0,1.0.0,2026-07-30T07:43:47Z
STFR-640A375A2A8A2340D478D289,BGFR-BB981E25FFD5A706DD757F73,TRACK_DISTANCE_SURFACE_CONDITION,BET365 GEELONG,1112,,NOT_AVAILABLE_IN_SOURCE,TURF,AVAILABLE_BY_GOVERNED_SURFACE_RESOLVER,GOOD,AVAILABLE,MEDIAN_WINNER_RACE_TIME_SECONDS_RECOVERED_TIMING_MIN20,65.890000,23,64.450000,66.880000,20,AVAILABLE,bb981e25ffd5a706dd757f73,1ffc61b77efc2c2a690df960023476920c9463865eb8881a32f025ce0f3ef683,0f4937862a0e9cbf00bc9c4c6632c58fe336b7add33dfc32c880ecd234d2f621,EDGEIQ_TIMING_WAREHOUSE_RECOVERY_V1,edgeiq_standard_time_recovered_v1.0.0,1.0.0,2026-07-30T07:43:47Z
STFR-A43AA9C49138281E668F033C,BGFR-17633406F039E41342EB2EDC,TRACK_DISTANCE_SURFACE_CONDITION,BET365 GEELONG,1125,,NOT_AVAILABLE_IN_SOURCE,TURF,AVAILABLE_BY_GOVERNED_SURFACE_RESOLVER,GOOD,AVAILABLE,MEDIAN_WINNER_RACE_TIME_SECONDS_RECOVERED_TIMING_MIN20,66.070000,23,65.180000,68.020000,20,AVAILABLE,17633406f039e41342eb2edc,b76c799186f74cac1c5bac2f344acd21be6676099edc1c064dad951fa3737a56,dbbf2efe9dfc2e1dde6da9a85ebd766b5a397ff3339520e33685d331dcbd32d6,EDGEIQ_TIMING_WAREHOUSE_RECOVERY_V1,edgeiq_standard_time_recovered_v1.0.0,1.0.0,2026-07-30T07:43:47Z
STFR-C01D75DFBA37C9CDC24114DD,BGFR-32EB3A7BB98D907E6271D4CC,TRACK_DISTANCE_SURFACE_CONDITION,BET365 GEELONG,1130,,NOT_AVAILABLE_IN_SOURCE,TURF,AVAILABLE_BY_GOVERNED_SURFACE_RESOLVER,GOOD,AVAILABLE,MEDIAN_WINNER_RACE_TIME_SECONDS_RECOVERED_TIMING_MIN20,66.350000,25,65.710000,68.190000,20,AVAILABLE,32eb3a7bb98d907e6271d4cc,8da261661ecc40fda24274dd92c1cd46c6e2aa396bdc1c94b34e5d27ac3da3ea,d24fc150879e383dd7bf0a32096444fb4e88f7b2904a3f64936c477735cdfd7e,EDGEIQ_TIMING_WAREHOUSE_RECOVERY_V1,edgeiq_standard_time_recovered_v1.0.0,1.0.0,2026-07-30T07:43:47Z
STFR-6FEE3F4AD8A83D678435E256,BGFR-E581B25004427FCFDE9DE003,TRACK_DISTANCE_SURFACE_CONDITION,BET365 GEELONG,1140,,NOT_AVAILABLE_IN_SOURCE,TURF,AVAILABLE_BY_GOVERNED_SURFACE_RESOLVER,GOOD,AVAILABLE,MEDIAN_WINNER_RACE_TIME_SECONDS_RECOVERED_TIMING_MIN20,66.510000,28,65.700000,68.260000,20,AVAILABLE,e581b25004427fcfde9de003,c8cd5425d6507bb40356ff732356da2f27dbd04444c3a882def1316ccf6c3913,560968d0d69244ab0dbccf04caad9302b43e45c2bf9db967ea89c03893d3cffa,EDGEIQ_TIMING_WAREHOUSE_RECOVERY_V1,edgeiq_standard_time_recovered_v1.0.0,1.0.0,2026-07-30T07:43:47Z
STFR-DEA83DA3E12B0CF37B4C8740,BGFR-5905D185510362ABDB9181AC,TRACK_DISTANCE_SURFACE_CONDITION,BET365 GEELONG,1200,,NOT_AVAILABLE_IN_SOURCE,TURF,AVAILABLE_BY_GOVERNED_SURFACE_RESOLVER,GOOD,AVAILABLE,MEDIAN_WINNER_RACE_TIME_SECONDS_RECOVERED_TIMING_MIN20,71.490000,132,68.950000,73.380000,20,AVAILABLE,5905d185510362abdb9181ac,b40b5e502cc671ac23b9c1ee22a534615f0ecfefcbde0840e8dd10b383372831,068fcf5416c924489cec7822c8ae4e0321f94b1e4766723fb0844e13360bea82,EDGEIQ_TIMING_WAREHOUSE_RECOVERY_V1,edgeiq_standard_time_recovered_v1.0.0,1.0.0,2026-07-30T07:43:47Z
STFR-DDB0A33C5E30A29983891A76,BGFR-AE5B37112FF8561D1FE163D8,TRACK_DISTANCE_SURFACE_CONDITION,BET365 GEELONG,1200,,NOT_AVAILABLE_IN_SOURCE,TURF,AVAILABLE_BY_GOVERNED_SURFACE_RESOLVER,SOFT,AVAILABLE,MEDIAN_WINNER_RACE_TIME_SECONDS_RECOVERED_TIMING_MIN20,72.595000,38,70.550000,75.180000,20,AVAILABLE,ae5b37112ff8561d1fe163d8,02a72412723ac747b210c9d648bab8350428756896b87945b6cf2aaf53860f72,d9d26fc38b4a3195dce0f16f0d8d15d7ece87b70c79c49f8cfc1b91f76c99422,EDGEIQ_TIMING_WAREHOUSE_RECOVERY_V1,edgeiq_standard_time_recovered_v1.0.0,1.0.0,2026-07-30T07:43:47Z
STFR-2647F33F4A40657D01BA53FF,BGFR-DD5AF803C24F10FDECB2DBF5,TRACK_DISTANCE_SURFACE_CONDITION,BET365 GEELONG,1212,,NOT_AVAILABLE_IN_SOURCE,TURF,AVAILABLE_BY_GOVERNED_SURFACE_RESOLVER,GOOD,AVAILABLE,MEDIAN_WINNER_RACE_TIME_SECONDS_RECOVERED_TIMING_MIN20,72.260000,39,70.140000,73.930000,20,AVAILABLE,dd5af803c24f10fdecb2dbf5,624675e8deb6b56f05b45afef6ff5dbd7cf09d2cb2ac403a6e748c1a21870bb1,84890ca4b511d6043d90b6a63d34fef2fed7efa8a2cd690a4f46569d6de6af6f,EDGEIQ_TIMING_WAREHOUSE_RECOVERY_V1,edgeiq_standard_time_recovered_v1.0.0,1.0.0,2026-07-30T07:43:47Z
STFR-9EB6D84C545D7B412302D63F,BGFR-2EA023AB282837A7A6C7839C,TRACK_DISTANCE_SURFACE_CONDITION,BET365 GEELONG,1212,,NOT_AVAILABLE_IN_SOURCE,TURF,AVAILABLE_BY_GOVERNED_SURFACE_RESOLVER,SOFT,AVAILABLE,MEDIAN_WINNER_RACE_TIME_SECONDS_RECOVERED_TIMING_MIN20,73.425000,26,71.700000,75.240000,20,AVAILABLE,2ea023ab282837a7a6c7839c,abf413aa82ed3ea9420ebda162a902c522ef5f52f41fe1a5b3c36fa33a07216b,80aabd97e9baac7585b9cbd47e78d4c49d2cc93c50fe94e46c06c48ffb613e01,EDGEIQ_TIMING_WAREHOUSE_RECOVERY_V1,edgeiq_standard_time_recovered_v1.0.0,1.0.0,2026-07-30T07:43:47Z
STFR-5ADDAF3783E63F468395699A,BGFR-7C15FE51E66FA67BAE94D64F,TRACK_DISTANCE_SURFACE_CONDITION,BET365 GEELONG,1225,,NOT_AVAILABLE_IN_SOURCE,TURF,AVAILABLE_BY_GOVERNED_SURFACE_RESOLVER,SOFT,AVAILABLE,MEDIAN_WINNER_RACE_TIME_SECONDS_RECOVERED_TIMING_MIN20,73.910000,21,72.220000,76.880000,20,AVAILABLE,7c15fe51e66fa67bae94d64f,14cfa64151db3967c54b823cd3c52b0a060999b7a8c4341f55f3eb106b82ba9a,d4adc45652800d4b9a8b9865cacdc1a15f40ac16bc52332b2d6e23b8e6893fe1,EDGEIQ_TIMING_WAREHOUSE_RECOVERY_V1,edgeiq_standard_time_recovered_v1.0.0,1.0.0,2026-07-30T07:43:47Z
STFR-74B257E5ADB070A99AD5FF8E,BGFR-64F0D45475AEA671C2BD0D8F,TRACK_DISTANCE_SURFACE_CONDITION,BET365 GEELONG,1235,,NOT_AVAILABLE_IN_SOURCE,TURF,AVAILABLE_BY_GOVERNED_SURFACE_RESOLVER,GOOD,AVAILABLE,MEDIAN_WINNER_RACE_TIME_SECONDS_RECOVERED_TIMING_MIN20,73.350000,23,72.250000,74.880000,20,AVAILABLE,64f0d45475aea671c2bd0d8f,ff87c7b49497a4cdc5ff8bc935aa64b36dff99d3db4e25c10a4501dd1e72b787,b473b55a913a4f2afcc2e3ea4540a803e44345ed720e17473df4e741c13ecb37,EDGEIQ_TIMING_WAREHOUSE_RECOVERY_V1,edgeiq_standard_time_recovered_v1.0.0,1.0.0,2026-07-30T07:43:47Z
STFR-AB7208C0A92D106368DBF65F,BGFR-852981417751C2FB266C1A89,TRACK_DISTANCE_SURFACE_CONDITION,BET365 GEELONG,1240,,NOT_AVAILABLE_IN_SOURCE,TURF,AVAILABLE_BY_GOVERNED_SURFACE_RESOLVER,GOOD,AVAILABLE,MEDIAN_WINNER_RACE_TIME_SECONDS_RECOVERED_TIMING_MIN20,73.340000,27,72.040000,75.740000,20,AVAILABLE,852981417751c2fb266c1a89,f220fa4615ca0e31f7a93dd2b8bfaa3a23c862cb928e211ab3095c552840f9d8,e38d4887fcbc2f5b302640e2ad0cac6f6b2c21e55e72da75b2cfdc3e5378b0f1,EDGEIQ_TIMING_WAREHOUSE_RECOVERY_V1,edgeiq_standard_time_recovered_v1.0.0,1.0.0,2026-07-30T07:43:47Z
STFR-0B87C4D7063DE89114BB5C88,BGFR-7119D48768442A8B4D62A6CA,TRACK_DISTANCE_SURFACE_CONDITION,BET365 GEELONG,1300,,NOT_AVAILABLE_IN_SOURCE,TURF,AVAILABLE_BY_GOVERNED_SURFACE_RESOLVER,GOOD,AVAILABLE,MEDIAN_WINNER_RACE_TIME_SECONDS_RECOVERED_TIMING_MIN20,77.960000,73,76.680000,81.090000,20,AVAILABLE,7119d48768442a8b4d62a6ca,b1be105c563d3fd14844f8e682852163e0b0354c8bff99be1293ad6b39b796c8,1ed7fcf6c24e44800ea3da835daae936310f7bdd73d22de3a5efba44c998ae34,EDGEIQ_TIMING_WAREHOUSE_RECOVERY_V1,edgeiq_standard_time_recovered_v1.0.0,1.0.0,2026-07-30T07:43:47Z
STFR-D23372E8CF1400903FCE05A0,BGFR-CAF6775D67A1DF61973F2B18,TRACK_DISTANCE_SURFACE_CONDITION,BET365 GEELONG,1300,,NOT_AVAILABLE_IN_SOURCE,TURF,AVAILABLE_BY_GOVERNED_SURFACE_RESOLVER,SOFT,AVAILABLE,MEDIAN_WINNER_RACE_TIME_SECONDS_RECOVERED_TIMING_MIN20,79.765000,24,76.880000,82.840000,20,AVAILABLE,caf6775d67a1df61973f2b18,d81857867fc25ddfcb1ec26146bf0c2aab41e7075f486175e788fe08f625b66e,39c710f87aed83195ee52ad395dd1af690e4ff8971298737f56ba40b885e35dc,EDGEIQ_TIMING_WAREHOUSE_RECOVERY_V1,edgeiq_standard_time_recovered_v1.0.0,1.0.0,2026-07-30T07:43:47Z
STFR-701A51490223DE5CF37AF301,BGFR-1D41C43941F10596BF63C7E9,TRACK_DISTANCE_SURFACE_CONDITION,BET365 GEELONG,1312,,NOT_AVAILABLE_IN_SOURCE,TURF,AVAILABLE_BY_GOVERNED_SURFACE_RESOLVER,GOOD,AVAILABLE,MEDIAN_WINNER_RACE_TIME_SECONDS_RECOVERED_TIMING_MIN20,78.960000,21,76.790000,84.110000,20,AVAILABLE,1d41c43941f10596bf63c7e9,4c9876e1134561c7279e1b24ccc89f7737a6f0661bc8cfeae9163bde05f35378,075522056c104886c072ded99c2155bda5a54935300977adee718f051b3b8e47,EDGEIQ_TIMING_WAREHOUSE_RECOVERY_V1,edgeiq_standard_time_recovered_v1.0.0,1.0.0,2026-07-30T07:43:47Z
STFR-3516E13E1B18D18BFDAB7DD0,BGFR-8D7F8DE0C5489E14323618D1,TRACK_DISTANCE_SURFACE_CONDITION,BET365 GEELONG,1325,,NOT_AVAILABLE_IN_SOURCE,TURF,AVAILABLE_BY_GOVERNED_SURFACE_RESOLVER,GOOD,AVAILABLE,MEDIAN_WINNER_RACE_TIME_SECONDS_RECOVERED_TIMING_MIN20,79.080000,21,78.110000,81.480000,20,AVAILABLE,8d7f8de0c5489e14323618d1,44afd8c7d62dbd644f176f3c87d5a2856815ee06281f76969f19ad1ea24a9ed5,9fd8e98c92d50b0f6f03f9ba0e8963e185f30af1c354956138749ed5057c05c7,EDGEIQ_TIMING_WAREHOUSE_RECOVERY_V1,edgeiq_standard_time_recovered_v1.0.0,1.0.0,2026-07-30T07:43:47Z
STFR-A6495E767E826D2CF028EE74,BGFR-4B465A6E398440FB93E1D74B,TRACK_DISTANCE_SURFACE_CONDITION,BET365 GEELONG,1400,,NOT_AVAILABLE_IN_SOURCE,TURF,AVAILABLE_BY_GOVERNED_SURFACE_RESOLVER,GOOD,AVAILABLE,MEDIAN_WINNER_RACE_TIME_SECONDS_RECOVERED_TIMING_MIN20,84.490000,100,82.140000,86.330000,20,AVAILABLE,4b465a6e398440fb93e1d74b,d504cb621efac434541165229c4082fbd1fca5f4d43d8f4c0b6218c68dcb015a,141daa41499b592e3686b2f28d05171de8060c67127b3483c954d213496a0bf7,EDGEIQ_TIMING_WAREHOUSE_RECOVERY_V1,edgeiq_standard_time_recovered_v1.0.0,1.0.0,2026-07-30T07:43:47Z
STFR-0D45197E7867DB51A5F5B0D0,BGFR-2FDFEB81D3A860A7B4ED86ED,TRACK_DISTANCE_SURFACE_CONDITION,BET365 GEELONG,1400,,NOT_AVAILABLE_IN_SOURCE,TURF,AVAILABLE_BY_GOVERNED_SURFACE_RESOLVER,SOFT,AVAILABLE,MEDIAN_WINNER_RACE_TIME_SECONDS_RECOVERED_TIMING_MIN20,86.260000,27,83.740000,88.860000,20,AVAILABLE,2fdfeb81d3a860a7b4ed86ed,fdb5544226e1c09a8f0e3849661e1962564ccdcb711e0c3b9fb0c37f6a426f3f,af8494c3a7dceed6fb43ecd76b97d53b934ffeb65e91895e6930baece227eb3d,EDGEIQ_TIMING_WAREHOUSE_RECOVERY_V1,edgeiq_standard_time_recovered_v1.0.0,1.0.0,2026-07-30T07:43:47Z
STFR-C6C4471F6812F00DA07DE1B2,BGFR-4DBC0B8730CB63B01DB81863,TRACK_DISTANCE_SURFACE_CONDITION,BET365 GEELONG,1412,,NOT_AVAILABLE_IN_SOURCE,TURF,AVAILABLE_BY_GOVERNED_SURFACE_RESOLVER,GOOD,AVAILABLE,MEDIAN_WINNER_RACE_TIME_SECONDS_RECOVERED_TIMING_MIN20,84.600000,34,83.130000,87.840000,20,AVAILABLE,4dbc0b8730cb63b01db81863,653399ff02153c3bd0ba9594f2be5d22e7cab576f94d6114d0ba7fedcaf42717,cc57cdc4d0c2c598c5969e4729afe1d548afbd1f191ca8c3678284b81f634050,EDGEIQ_TIMING_WAREHOUSE_RECOVERY_V1,edgeiq_standard_time_recovered_v1.0.0,1.0.0,2026-07-30T07:43:47Z
STFR-8E028BAA85E6AE9F07D9210E,BGFR-C908560B80A7FE9E86CB2B27,TRACK_DISTANCE_SURFACE_CONDITION,BET365 GEELONG,1418,,NOT_AVAILABLE_IN_SOURCE,TURF,AVAILABLE_BY_GOVERNED_SURFACE_RESOLVER,GOOD,AVAILABLE,MEDIAN_WINNER_RACE_TIME_SECONDS_RECOVERED_TIMING_MIN20,85.390000,23,83.990000,86.510000,20,AVAILABLE,c908560b80a7fe9e86cb2b27,bc214041a798a0c35c1033ce851e4ee5af8be8193d965394c8bcf8c37f64d7c0,d3e85937ee188c6a11e101b2c7af4fe5b56c567070ab1a3e1de99475ce014e86,EDGEIQ_TIMING_WAREHOUSE_RECOVERY_V1,edgeiq_standard_time_recovered_v1.0.0,1.0.0,2026-07-30T07:43:47Z
STFR-BD3A313CF03F22CEC8C5EAAA,BGFR-8B7B1F5227794D4354D97772,TRACK_DISTANCE_SURFACE_CONDITION,BET365 GEELONG,1425,,NOT_AVAILABLE_IN_SOURCE,TURF,AVAILABLE_BY_GOVERNED_SURFACE_RESOLVER,GOOD,AVAILABLE,MEDIAN_WINNER_RACE_TIME_SECONDS_RECOVERED_TIMING_MIN20,85.830000,20,84.640000,88.480000,20,AVAILABLE,8b7b1f5227794d4354d97772,602df29e4f686dc95696c67b3b09735c07c1634b3908541e48851c8394db5722,535bacf421c0ab86f124d443ae005bea4424b37c5c7bf6e1fc586621027e736e,EDGEIQ_TIMING_WAREHOUSE_RECOVERY_V1,edgeiq_standard_time_recovered_v1.0.0,1.0.0,2026-07-30T07:43:47Z
STFR-989507A79949507A92BD31F1,BGFR-F5F5F5D3BE3E5BF5C2BF900E,TRACK_DISTANCE_SURFACE_CONDITION,BET365 GEELONG,1435,,NOT_AVAILABLE_IN_SOURCE,TURF,AVAILABLE_BY_GOVERNED_SURFACE_RESOLVER,GOOD,AVAILABLE,MEDIAN_WINNER_RACE_TIME_SECONDS_RECOVERED_TIMING_MIN20,86.745000,24,84.580000,88.550000,20,AVAILABLE,f5f5f5d3be3e5bf5c2bf900e,16f42b11f2b7cc844e51013433a49a9a61ff123a8c187312dd5cfac50735cd51,bbc48ed8e6d6307d0448b05c8c1432122484fdb72a50ba03fc12ff7102e9618b,EDGEIQ_TIMING_WAREHOUSE_RECOVERY_V1,edgeiq_standard_time_recovered_v1.0.0,1.0.0,2026-07-30T07:43:47Z
STFR-BFB327CF3570232CA3C030EC,BGFR-9E10577EAE874E6854A4BCEC,TRACK_DISTANCE_SURFACE_CONDITION,BET365 GEELONG,1440,,NOT_AVAILABLE_IN_SOURCE,TURF,AVAILABLE_BY_GOVERNED_SURFACE_RESOLVER,GOOD,AVAILABLE,MEDIAN_WINNER_RACE_TIME_SECONDS_RECOVERED_TIMING_MIN20,86.550000,23,84.760000,88.730000,20,AVAILABLE,9e10577eae874e6854a4bcec,9f8846a94c928efcb644134f6d06a16bea069697f8a7b348033bf829cb65c8f0,cc2cf9bf797079257428b6afaeead54b53dc0bcf971a619664f9957ce2163646,EDGEIQ_TIMING_WAREHOUSE_RECOVERY_V1,edgeiq_standard_time_recovered_v1.0.0,1.0.0,2026-07-30T07:43:47Z
STFR-8FF25EF293CC83DB326982E4,BGFR-C2007A2EE407335A276B64E8,TRACK_DISTANCE_SURFACE_CONDITION,BET365 GEELONG,1500,,NOT_AVAILABLE_IN_SOURCE,TURF,AVAILABLE_BY_GOVERNED_SURFACE_RESOLVER,GOOD,AVAILABLE,MEDIAN_WINNER_RACE_TIME_SECONDS_RECOVERED_TIMING_MIN20,91.460000,55,89.400000,93.490000,20,AVAILABLE,c2007a2ee407335a276b64e8,855fb4c23875bdeb9917adc3d7406c10cfb29b4a3858f2361c7cd47a2bab7060,dcd4c7c8df167765f192368b9c7f15223fc00107d6339efafe454aae1d43fe07,EDGEIQ_TIMING_WAREHOUSE_RECOVERY_V1,edgeiq_standard_time_recovered_v1.0.0,1.0.0,2026-07-30T07:43:47Z
STFR-513A23BA0D38BE5532647EA7,BGFR-10D71BE044F01E4A50A24743,TRACK_DISTANCE_SURFACE_CONDITION,BET365 GEELONG,1500,,NOT_AVAILABLE_IN_SOURCE,TURF,AVAILABLE_BY_GOVERNED_SURFACE_RESOLVER,SOFT,AVAILABLE,MEDIAN_WINNER_RACE_TIME_SECONDS_RECOVERED_TIMING_MIN20,92.460000,21,90.640000,95.040000,20,AVAILABLE,10d71be044f01e4a50a24743,6601ff5787e4403e1f96234ff48cce989fddf0e4e81c4ce4a33743597b1d28f1,79a15f8f53fda156d23f10ccb150b1d7a6d19929ab082323932ff54fdd366906,EDGEIQ_TIMING_WAREHOUSE_RECOVERY_V1,edgeiq_standard_time_recovered_v1.0.0,1.0.0,2026-07-30T07:43:47Z
STFR-E40681AEC5807C1B4709E8BB,BGFR-A69687E93638F9F77D198E55,TRACK_DISTANCE_SURFACE_CONDITION,BET365 GEELONG,1700,,NOT_AVAILABLE_IN_SOURCE,TURF,AVAILABLE_BY_GOVERNED_SURFACE_RESOLVER,GOOD,AVAILABLE,MEDIAN_WINNER_RACE_TIME_SECONDS_RECOVERED_TIMING_MIN20,104.050000,121,101.190000,107.370000,20,AVAILABLE,a69687e93638f9f77d198e55,3651d51f9091b9c1e1ff58933d4e737fb7ef5a3f75f691b27f886d1053558794,f88fa9ca6316a326b610ca88f06253a2172110ce56abd314d2b69269b0e1c12f,EDGEIQ_TIMING_WAREHOUSE_RECOVERY_V1,edgeiq_standard_time_recovered_v1.0.0,1.0.0,2026-07-30T07:43:47Z
STFR-08534558BE5814B9A4F4DFA7,BGFR-2735741E18BAAF2C9D694A17,TRACK_DISTANCE_SURFACE_CONDITION,BET365 GEELONG,1700,,NOT_AVAILABLE_IN_SOURCE,TURF,AVAILABLE_BY_GOVERNED_SURFACE_RESOLVER,SOFT,AVAILABLE,MEDIAN_WINNER_RACE_TIME_SECONDS_RECOVERED_TIMING_MIN20,106.280000,34,103.170000,109.480000,20,AVAILABLE,2735741e18baaf2c9d694a17,15ae389038e8a6bc10857cfd3638959bd4632937fe2fe7cdf0ea1126c0af42c3,08368647e822ff8f9ba6ce909396ab028e5d16feeb0e006013df67f32ccefcf5,EDGEIQ_TIMING_WAREHOUSE_RECOVERY_V1,edgeiq_standard_time_recovered_v1.0.0,1.0.0,2026-07-30T07:43:47Z
STFR-99A44CEE1B032C7D7E6E7A15,BGFR-AF8644A88FF86CDCE2DE365A,TRACK_DISTANCE_SURFACE_CONDITION,BET365 GEELONG,1715,,NOT_AVAILABLE_IN_SOURCE,TURF,AVAILABLE_BY_GOVERNED_SURFACE_RESOLVER,GOOD,AVAILABLE,MEDIAN_WINNER_RACE_TIME_SECONDS_RECOVERED_TIMING_MIN20,104.850000,38,102.670000,108.290000,20,AVAILABLE,af8644a88ff86cdce2de365a,1d71af868af870649af020085895bbdd720262048eb1e630b915e53f198b89de,c8dedea299360337bb0b8673e48cb2ecbcf60612f8f5bac41a5e5ec3ca351f53,EDGEIQ_TIMING_WAREHOUSE_RECOVERY_V1,edgeiq_standard_time_recovered_v1.0.0,1.0.0,2026-07-30T07:43:47Z
STFR-2615CD90339B3C3B9E4C1816,BGFR-ABB3A4C7AB275C2BA90B7165,TRACK_DISTANCE_SURFACE_CONDITION,BET365 GEELONG,1715,,NOT_AVAILABLE_IN_SOURCE,TURF,AVAILABLE_BY_GOVERNED_SURFACE_RESOLVER,SOFT,AVAILABLE,MEDIAN_WINNER_RACE_TIME_SECONDS_RECOVERED_TIMING_MIN20,107.250000,21,104.360000,109.020000,20,AVAILABLE,abb3a4c7ab275c2ba90b7165,564d69322111f9ad7193a54ce687736245e575a844155ac303c7531736a1304d,a9062a8e7d46693fe5e65eb13d63eb48796aff572d1c8bf4afdc0bd82d1606ee,EDGEIQ_TIMING_WAREHOUSE_RECOVERY_V1,edgeiq_standard_time_recovered_v1.0.0,1.0.0,2026-07-30T07:43:47Z
STFR-D6D30C04E29907E87E1F0517,BGFR-6A82CDB1EBAD97CFDB2D2DE0,TRACK_DISTANCE_SURFACE_CONDITION,BET365 GEELONG,1720,,NOT_AVAILABLE_IN_SOURCE,TURF,AVAILABLE_BY_GOVERNED_SURFACE_RESOLVER,GOOD,AVAILABLE,MEDIAN_WINNER_RACE_TIME_SECONDS_RECOVERED_TIMING_MIN20,105.355000,24,103.020000,108.000000,20,AVAILABLE,6a82cdb1ebad97cfdb2d2de0,09a5d97c7fb5c32f72b7a794331760b8859fd4db4f18e35d13e5259ecbd42a68,d49bb92fcafb4bc3c9f00243450a5859071d4190638538439a38fbfece22b8d2,EDGEIQ_TIMING_WAREHOUSE_RECOVERY_V1,edgeiq_standard_time_recovered_v1.0.0,1.0.0,2026-07-30T07:43:47Z
STFR-C2527255D78C2C4E312D4367,BGFR-32CD1EFA03C6ACE549EBB9FF,TRACK_DISTANCE_SURFACE_CONDITION,BET365 GEELONG,1733,,NOT_AVAILABLE_IN_SOURCE,TURF,AVAILABLE_BY_GOVERNED_SURFACE_RESOLVER,GOOD,AVAILABLE,MEDIAN_WINNER_RACE_TIME_SECONDS_RECOVERED_TIMING_MIN20,106.690000,23,104.820000,110.140000,20,AVAILABLE,32cd1efa03c6ace549ebb9ff,f01eeb8d24e4f32e3ed93d81fa914d6c961f4bac7a3c4ef53f97842ea13d51ec,78f817b8ed6a7d6f4481e9e4450f8e5f10f188517e429880aa9617e6e4740b47,EDGEIQ_TIMING_WAREHOUSE_RECOVERY_V1,edgeiq_standard_time_recovered_v1.0.0,1.0.0,2026-07-30T07:43:47Z
STFR-AF9ED75A4671667F27468D4D,BGFR-0F0809F29167D74F129EA66B,TRACK_DISTANCE_SURFACE_CONDITION,BET365 GEELONG,1733,,NOT_AVAILABLE_IN_SOURCE,TURF,AVAILABLE_BY_GOVERNED_SURFACE_RESOLVER,SOFT,AVAILABLE,MEDIAN_WINNER_RACE_TIME_SECONDS_RECOVERED_TIMING_MIN20,107.740000,21,104.270000,110.450000,20,AVAILABLE,0f0809f29167d74f129ea66b,26a3c55aa4d1cba07525dd19d4a670bb87df1abadd479a6625f80e5a00b951c8,acf7a7ff02f057f22d33b6940b61522b57acd20c5cc047fe1e167397173ab9e2,EDGEIQ_TIMING_WAREHOUSE_RECOVERY_V1,edgeiq_standard_time_recovered_v1.0.0,1.0.0,2026-07-30T07:43:47Z
STFR-B07D5F77E3EDE44308797350,BGFR-024B9207B30635A17F0592A0,TRACK_DISTANCE_SURFACE_CONDITION,BET365 GEELONG,1750,,NOT_AVAILABLE_IN_SOURCE,TURF,AVAILABLE_BY_GOVERNED_SURFACE_RESOLVER,GOOD,AVAILABLE,MEDIAN_WINNER_RACE_TIME_SECONDS_RECOVERED_TIMING_MIN20,107.360000,29,105.170000,109.570000,20,AVAILABLE,024b9207b30635a17f0592a0,f52561e96c0a1ea76715143f25f7c6de600bd35fb4458546e3677ebfd438050b,6e0e1bf355de74754d11d05a5c1bce029735646e6be202aae560529bdd1f7a95,EDGEIQ_TIMING_WAREHOUSE_RECOVERY_V1,edgeiq_standard_time_recovered_v1.0.0,1.0.0,2026-07-30T07:43:47Z
STFR-54138A073989959B8BB26952,BGFR-B271DBDD2B1664483AEA5506,TRACK_DISTANCE_SURFACE_CONDITION,BET365 GEELONG,1755,,NOT_AVAILABLE_IN_SOURCE,TURF,AVAILABLE_BY_GOVERNED_SURFACE_RESOLVER,GOOD,AVAILABLE,MEDIAN_WINNER_RACE_TIME_SECONDS_RECOVERED_TIMING_MIN20,107.200000,35,105.260000,110.200000,20,AVAILABLE,b271dbdd2b1664483aea5506,999c9040d436e1a0ea3275ea4384b698efad901073eed4f0123a28baf70d835a,aee49ffac4c1ed522a20eca2c4bf4d0ca9c6a5b0574f4856eb5597566315c334,EDGEIQ_TIMING_WAREHOUSE_RECOVERY_V1,edgeiq_standard_time_recovered_v1.0.0,1.0.0,2026-07-30T07:43:47Z
STFR-47F15A029ECCE1BBAED74B1E,BGFR-1A7F052086891D440A1B63F4,TRACK_DISTANCE_SURFACE_CONDITION,BET365 GEELONG,2200,,NOT_AVAILABLE_IN_SOURCE,TURF,AVAILABLE_BY_GOVERNED_SURFACE_RESOLVER,GOOD,AVAILABLE,MEDIAN_WINNER_RACE_TIME_SECONDS_RECOVERED_TIMING_MIN20,138.360000,41,133.640000,142.290000,20,AVAILABLE,1a7f052086891d440a1b63f4,f3abfd9b9fb1763eab16aa37f6acb23d55f20e04b8338738a538caa084b5480e,723212a48a37efacc99204e4afdc3f5c324b052541f32f52fea70ab83f6ef9fe,EDGEIQ_TIMING_WAREHOUSE_RECOVERY_V1,edgeiq_standard_time_recovered_v1.0.0,1.0.0,2026-07-30T07:43:47Z
STFR-D61F7414656B4BF52B3A89EE,BGFR-D99382961B7078EC16D62325,TRACK_DISTANCE_SURFACE_CONDITION,BET365 GEELONG,2200,,NOT_AVAILABLE_IN_SOURCE,TURF,AVAILABLE_BY_GOVERNED_SURFACE_RESOLVER,SOFT,AVAILABLE,MEDIAN_WINNER_RACE_TIME_SECONDS_RECOVERED_TIMING_MIN20,141.520000,22,134.540000,144.320000,20,AVAILABLE,d99382961b7078ec16d62325,fb5b9842a972612d6936d31e445a2bee7ab634921d4ddaf640936125bcfb6584,164dc28c5ef4507081c493d99f53b32754a987783abcda6f6b3b25ebdce1b3c3,EDGEIQ_TIMING_WAREHOUSE_RECOVERY_V1,edgeiq_standard_time_recovered_v1.0.0,1.0.0,2026-07-30T07:43:47Z
STFR-76FA7DE196831776A8D6B79A,BGFR-9F3453AEA0157A33A17F2D71,TRACK_DISTANCE_SURFACE_CONDITION,BET365 GEELONG,2400,,NOT_AVAILABLE_IN_SOURCE,TURF,AVAILABLE_BY_GOVERNED_SURFACE_RESOLVER,GOOD,AVAILABLE,MEDIAN_WINNER_RACE_TIME_SECONDS_RECOVERED_TIMING_MIN20,151.490000,49,145.920000,157.010000,20,AVAILABLE,9f3453aea0157a33a17f2d71,11e7d015c846be69e9a667fd29f8d0b8abf0db15ebdc259a0c87081e56ec6118,8994235fde6a48af3c084cce693b2639625fcc357b15f9a98c39bde8ebc52fa3,EDGEIQ_TIMING_WAREHOUSE_RECOVERY_V1,edgeiq_standard_time_recovered_v1.0.0,1.0.0,2026-07-30T07:43:47Z
STFR-C1E24D1E5B56125A1BCBCB3B,BGFR-FBE71F862AF7C2FD9964F905,TRACK_DISTANCE_SURFACE_CONDITION,BET365 GEELONG SYNTHETIC,1000,,NOT_AVAILABLE_IN_SOURCE,AUSTRALIAN_SYNTHETIC,AVAILABLE_BY_GOVERNED_SURFACE_RESOLVER,UNKNOWN,AVAILABLE,MEDIAN_WINNER_RACE_TIME_SECONDS_RECOVERED_TIMING_MIN20,58.710000,235,56.930000,60.460000,20,AVAILABLE,fbe71f862af7c2fd9964f905,16e67202f7db610383fb9a2b4219e96c14596f68aa9c8d669b5efae15f74bbe7,7ac9295e10f0b58a2aded1398f66a1b100d907bccb03f0940dce068b7606caf5,EDGEIQ_TIMING_WAREHOUSE_RECOVERY_V1,edgeiq_standard_time_recovered_v1.0.0,1.0.0,2026-07-30T07:43:47Z
STFR-025B23B1335ED315404D3982,BGFR-4AA615161989654D79B9495F,TRACK_DISTANCE_SURFACE_CONDITION,BET365 GEELONG SYNTHETIC,1100,,NOT_AVAILABLE_IN_SOURCE,AUSTRALIAN_SYNTHETIC,AVAILABLE_BY_GOVERNED_SURFACE_RESOLVER,UNKNOWN,AVAILABLE,MEDIAN_WINNER_RACE_TIME_SECONDS_RECOVERED_TIMING_MIN20,65.130000,239,62.910000,67.380000,20,AVAILABLE,4aa615161989654d79b9495f,ffd706900b1f118d9f70b5c4d829558370654ab1868688fed3a93ee18a5643d9,7448d159d129d78ec0180ab9004a9f07dfdc9858cac0b4540836735b280a7524,EDGEIQ_TIMING_WAREHOUSE_RECOVERY_V1,edgeiq_standard_time_recovered_v1.0.0,1.0.0,2026-07-30T07:43:47Z
STFR-9A948674A74ED83D0688FA6B,BGFR-556C831B5CE850E2A77F46ED,TRACK_DISTANCE_SURFACE_CONDITION,BET365 GEELONG SYNTHETIC,1200,,NOT_AVAILABLE_IN_SOURCE,AUSTRALIAN_SYNTHETIC,AVAILABLE_BY_GOVERNED_SURFACE_RESOLVER,UNKNOWN,AVAILABLE,MEDIAN_WINNER_RACE_TIME_SECONDS_RECOVERED_TIMING_MIN20,71.730000,290,69.560000,74.470000,20,AVAILABLE,556c831b5ce850e2a77f46ed,a3ee866e1f31d45ac06486721983b6344ec6e7c00adb3057ee468dcd59562b52,b2dfb5c3a8217577618815cdc76617c2c9911a660f9e14d5f0039f323c66b390,EDGEIQ_TIMING_WAREHOUSE_RECOVERY_V1,edgeiq_standard_time_recovered_v1.0.0,1.0.0,2026-07-30T07:43:47Z
STFR-E0588463DE55A98BAE1345ED,BGFR-B4E95F07F9CE490981F397CB,TRACK_DISTANCE_SURFACE_CONDITION,BET365 GEELONG SYNTHETIC,1300,,NOT_AVAILABLE_IN_SOURCE,AUSTRALIAN_SYNTHETIC,AVAILABLE_BY_GOVERNED_SURFACE_RESOLVER,UNKNOWN,AVAILABLE,MEDIAN_WINNER_RACE_TIME_SECONDS_RECOVERED_TIMING_MIN20,78.190000,433,75.480000,82.430000,20,AVAILABLE,b4e95f07f9ce490981f397cb,8892f9531588d73b16f4208c5a82aefd4776de653ca323d767b6b6ad9dcac887,f46198995c6e9bfa28e7bcdabf675b787de91efbb83e0ece1e646bf7350ef4de,EDGEIQ_TIMING_WAREHOUSE_RECOVERY_V1,edgeiq_standard_time_recovered_v1.0.0,1.0.0,2026-07-30T07:43:47Z
STFR-E653125910EAFD4FE6CC361E,BGFR-DA434BE3570CB3ED887085D6,TRACK_DISTANCE_SURFACE_CONDITION,BET365 GEELONG SYNTHETIC,1550,,NOT_AVAILABLE_IN_SOURCE,AUSTRALIAN_SYNTHETIC,AVAILABLE_BY_GOVERNED_SURFACE_RESOLVER,UNKNOWN,AVAILABLE,MEDIAN_WINNER_RACE_TIME_SECONDS_RECOVERED_TIMING_MIN20,96.055000,28,93.830000,99.010000,20,AVAILABLE,da434be3570cb3ed887085d6,cad7cd09d5e18ee6745925396c6fc7ea7020d84e8af1ead19a9a1bd9f7067e7a,da410ce4cb7e29aac2ca6f6a8cb9158753dcb601d7b4585c3231e6602f37d99b,EDGEIQ_TIMING_WAREHOUSE_RECOVERY_V1,edgeiq_standard_time_recovered_v1.0.0,1.0.0,2026-07-30T07:43:47Z
STFR-61A3AE9FAD9F6DE4CE99F5DD,BGFR-D588034C3E22F1B6D54CEB8D,TRACK_DISTANCE_SURFACE_CONDITION,BET365 GEELONG SYNTHETIC,1900,,NOT_AVAILABLE_IN_SOURCE,AUSTRALIAN_SYNTHETIC,AVAILABLE_BY_GOVERNED_SURFACE_RESOLVER,UNKNOWN,AVAILABLE,MEDIAN_WINNER_RACE_TIME_SECONDS_RECOVERED_TIMING_MIN20,118.685000,170,114.840000,122.730000,20,AVAILABLE,d588034c3e22f1b6d54ceb8d,8daa83b37bb3a44af5ffa48a6debbca934c73e894fd53fa2c23aa672ef104d68,555950a7fe47f83d64e14264aa41e18b6be9c557d9c07dd0e013cdea3c8ac74c,EDGEIQ_TIMING_WAREHOUSE_RECOVERY_V1,edgeiq_standard_time_recovered_v1.0.0,1.0.0,2026-07-30T07:43:47Z
STFR-05C167EE39A79BACE51CE30D,BGFR-24DBEC7AE94257D814383BA1,TRACK_DISTANCE_SURFACE_CONDITION,BET365 GEELONG SYNTHETIC,2000,,NOT_AVAILABLE_IN_SOURCE,AUSTRALIAN_SYNTHETIC,AVAILABLE_BY_GOVERNED_SURFACE_RESOLVER,UNKNOWN,AVAILABLE,MEDIAN_WINNER_RACE_TIME_SECONDS_RECOVERED_TIMING_MIN20,125.070000,98,120.660000,131.710000,20,AVAILABLE,24dbec7ae94257d814383ba1,cc436e3dc0365d06e665da03c8f7baa8a97eaf0116ffc9fcb4f581820d6784cb,4511dbc275bdfb8e260c0f9ee231bfff806e373ee59540d5c5bafd63cffc1391,EDGEIQ_TIMING_WAREHOUSE_RECOVERY_V1,edgeiq_standard_time_recovered_v1.0.0,1.0.0,2026-07-30T07:43:47Z
STFR-561E687A25382A0859284969,BGFR-ABF3CBB6A0C682D0FD162B96,TRACK_DISTANCE_SURFACE_CONDITION,BET365 GEELONG SYNTHETIC,2100,,NOT_AVAILABLE_IN_SOURCE,AUSTRALIAN_SYNTHETIC,AVAILABLE_BY_GOVERNED_SURFACE_RESOLVER,UNKNOWN,AVAILABLE,MEDIAN_WINNER_RACE_TIME_SECONDS_RECOVERED_TIMING_MIN20,131.390000,29,128.780000,134.500000,20,AVAILABLE,abf3cbb6a0c682d0fd162b96,65f4edbca2f3c656a8bfbf0480334604856f99a59a931942a7b485ce34f859f0,bd65e1715fda4a971fc35f5e21b7914fcce5e677305b020e97f9c7056e854e57,EDGEIQ_TIMING_WAREHOUSE_RECOVERY_V1,edgeiq_standard_time_recovered_v1.0.0,1.0.0,2026-07-30T07:43:47Z
STFR-1D795B41853EAA99718464E5,BGFR-AD8AE51FAC1B179A47F4441D,TRACK_DISTANCE_SURFACE_CONDITION,BET365 GEELONG SYNTHETIC,2200,,NOT_AVAILABLE_IN_SOURCE,AUSTRALIAN_SYNTHETIC,AVAILABLE_BY_GOVERNED_SURFACE_RESOLVER,UNKNOWN,AVAILABLE,MEDIAN_WINNER_RACE_TIME_SECONDS_RECOVERED_TIMING_MIN20,138.550000,85,134.200000,143.450000,20,AVAILABLE,ad8ae51fac1b179a47f4441d,23c0d762ec4e1e9821a4c6dbd9c0ed3d5226b92a5e0071a560811e580b2c2dfe,be621bf803e374629abd80d4577411c38577d526b73d128379b18f8e40103f4a,EDGEIQ_TIMING_WAREHOUSE_RECOVERY_V1,edgeiq_standard_time_recovered_v1.0.0,1.0.0,2026-07-30T07:43:47Z
STFR-286723B48416F58B5691F2CA,BGFR-93CDE4512F83AE438CB37F76,TRACK_DISTANCE_SURFACE_CONDITION,BET365 MILDURA,1000,,NOT_AVAILABLE_IN_SOURCE,TURF,AVAILABLE_BY_GOVERNED_SURFACE_RESOLVER,GOOD,AVAILABLE,MEDIAN_WINNER_RACE_TIME_SECONDS_RECOVERED_TIMING_MIN20,59.500000,113,57.910000,61.920000,20,AVAILABLE,93cde4512f83ae438cb37f76,598b91bca46abaa105625f7b411baa69aaccf03ccea91132c817a7ea0697186c,e1f9949a43344e9f9b24ee7bbecee0aef3c36839c15917ec1397cb69ee0b200f,EDGEIQ_TIMING_WAREHOUSE_RECOVERY_V1,edgeiq_standard_time_recovered_v1.0.0,1.0.0,2026-07-30T07:43:47Z
STFR-4CC33CE726C5B7715562B43D,BGFR-66B8E55DFA384E914BABC758,TRACK_DISTANCE_SURFACE_CONDITION,BET365 MILDURA,1000,,NOT_AVAILABLE_IN_SOURCE,TURF,AVAILABLE_BY_GOVERNED_SURFACE_RESOLVER,SOFT,AVAILABLE,MEDIAN_WINNER_RACE_TIME_SECONDS_RECOVERED_TIMING_MIN20,60.410000,27,59.120000,62.210000,20,AVAILABLE,66b8e55dfa384e914babc758,95769a7250bd46f839eccdbe4cb97965c33f6d4a3318e3ec1d8e0e160f788a1f,3003f83d9d4ab29c2284b66b56bab35e07900dc0bfbad77620af4dd8edbe9446,EDGEIQ_TIMING_WAREHOUSE_RECOVERY_V1,edgeiq_standard_time_recovered_v1.0.0,1.0.0,2026-07-30T07:43:47Z
STFR-0F66718FA9CDDFC900496C13,BGFR-EE0D36E07A28ADAE4079021F,TRACK_DISTANCE_SURFACE_CONDITION,BET365 MILDURA,1100,,NOT_AVAILABLE_IN_SOURCE,TURF,AVAILABLE_BY_GOVERNED_SURFACE_RESOLVER,GOOD,AVAILABLE,MEDIAN_WINNER_RACE_TIME_SECONDS_RECOVERED_TIMING_MIN20,65.580000,115,64.330000,67.940000,20,AVAILABLE,ee0d36e07a28adae4079021f,d5a3d1fa5f7e574f5338eeb8db24896329db6264f4d7d48a86968a46271adfcc,4d404d5cfb29f045f0fd6f62dc67a098a45fbdcac2859c9f8aa1f48cf0017e3c,EDGEIQ_TIMING_WAREHOUSE_RECOVERY_V1,edgeiq_standard_time_recovered_v1.0.0,1.0.0,2026-07-30T07:43:47Z
STFR-B9000F0EA2590236A06FFFF2,BGFR-D85E04AC6F287B4E2C4BDDCC,TRACK_DISTANCE_SURFACE_CONDITION,BET365 MILDURA,1100,,NOT_AVAILABLE_IN_SOURCE,TURF,AVAILABLE_BY_GOVERNED_SURFACE_RESOLVER,SOFT,AVAILABLE,MEDIAN_WINNER_RACE_TIME_SECONDS_RECOVERED_TIMING_MIN20,66.780000,38,65.190000,69.150000,20,AVAILABLE,d85e04ac6f287b4e2c4bddcc,fc97f13af7fe6060d4cfbbef60b5d4b3520bd5261b063d94ef277101932d852c,99e18fb7dfbab0b7039863a66097cb3a2d298e4381af3a5365f0aaa86f1f2cb0,EDGEIQ_TIMING_WAREHOUSE_RECOVERY_V1,edgeiq_standard_time_recovered_v1.0.0,1.0.0,2026-07-30T07:43:47Z
STFR-62FAE2015B3C0DF3E1CF1C5B,BGFR-D28B8FE329472E00A0ADF3D9,TRACK_DISTANCE_SURFACE_CONDITION,BET365 MILDURA,1200,,NOT_AVAILABLE_IN_SOURCE,TURF,AVAILABLE_BY_GOVERNED_SURFACE_RESOLVER,GOOD,AVAILABLE,MEDIAN_WINNER_RACE_TIME_SECONDS_RECOVERED_TIMING_MIN20,72.165000,206,70.170000,74.530000,20,AVAILABLE,d28b8fe329472e00a0adf3d9,379274e55178a3dffc354cb433b64402b10145d630214874d5fb8a8eae01be21,66b440d4a5c71714468b266202fed1f93c7ed45a2e81e86757ccf82210f07e32,EDGEIQ_TIMING_WAREHOUSE_RECOVERY_V1,edgeiq_standard_time_recovered_v1.0.0,1.0.0,2026-07-30T07:43:47Z
STFR-CF53F6012A22E554022E8495,BGFR-D169A0B36992F72B1896BE98,TRACK_DISTANCE_SURFACE_CONDITION,BET365 MILDURA,1200,,NOT_AVAILABLE_IN_SOURCE,TURF,AVAILABLE_BY_GOVERNED_SURFACE_RESOLVER,SOFT,AVAILABLE,MEDIAN_WINNER_RACE_TIME_SECONDS_RECOVERED_TIMING_MIN20,73.445000,54,71.670000,76.460000,20,AVAILABLE,d169a0b36992f72b1896be98,30df8bff208dfd2c8f958d4f48ea48bbd802986ef1fd5f8c64a59f050317f9a8,191ba48caacf1fc24fa8458e85f02305ffa5b71e63ee1a324001e791495d427b,EDGEIQ_TIMING_WAREHOUSE_RECOVERY_V1,edgeiq_standard_time_recovered_v1.0.0,1.0.0,2026-07-30T07:43:47Z
STFR-C0D66B075244FF444DFDCE95,BGFR-2673BD453EC950DE06801EF9,TRACK_DISTANCE_SURFACE_CONDITION,BET365 MILDURA,1300,,NOT_AVAILABLE_IN_SOURCE,TURF,AVAILABLE_BY_GOVERNED_SURFACE_RESOLVER,GOOD,AVAILABLE,MEDIAN_WINNER_RACE_TIME_SECONDS_RECOVERED_TIMING_MIN20,78.450000,38,76.740000,80.910000,20,AVAILABLE,2673bd453ec950de06801ef9,0eb02ad16242a23a5d0632e06daf5b826bd42bedefe8938cc7642137f975266f,2e112288b752c661f7934d662a83656ddc5f7b92eb5d00142047c1bb11b53f36,EDGEIQ_TIMING_WAREHOUSE_RECOVERY_V1,edgeiq_standard_time_recovered_v1.0.0,1.0.0,2026-07-30T07:43:47Z
STFR-4905517246DB798885DBCE52,BGFR-FCF4F53E7A7737D1C7163261,TRACK_DISTANCE_SURFACE_CONDITION,BET365 MILDURA,1400,,NOT_AVAILABLE_IN_SOURCE,TURF,AVAILABLE_BY_GOVERNED_SURFACE_RESOLVER,GOOD,AVAILABLE,MEDIAN_WINNER_RACE_TIME_SECONDS_RECOVERED_TIMING_MIN20,84.920000,258,82.240000,88.140000,20,AVAILABLE,fcf4f53e7a7737d1c7163261,5e93bf519cbce98ff1076899f69bf6bce449ef1239ed6ed9cc7e10b53912aadb,bc518bd6fe60df39ba2660e445293205b870454b1980aabf403fa8b2a7b7ab89,EDGEIQ_TIMING_WAREHOUSE_RECOVERY_V1,edgeiq_standard_time_recovered_v1.0.0,1.0.0,2026-07-30T07:43:47Z
STFR-0E95FF81881BB494051D6C06,BGFR-51958054C6BFBFC1D3349534,TRACK_DISTANCE_SURFACE_CONDITION,BET365 MILDURA,1400,,NOT_AVAILABLE_IN_SOURCE,TURF,AVAILABLE_BY_GOVERNED_SURFACE_RESOLVER,SOFT,AVAILABLE,MEDIAN_WINNER_RACE_TIME_SECONDS_RECOVERED_TIMING_MIN20,86.450000,66,83.950000,89.340000,20,AVAILABLE,51958054c6bfbfc1d3349534,6866a0b84a6ae1ab1db2f88dc83289a9f657e4f3f8377e9b9098f6338ac28c08,a1cf1edd2f055cdcbca3e261d37a3937a6eb650105fe2475339f86b0ada8f958,EDGEIQ_TIMING_WAREHOUSE_RECOVERY_V1,edgeiq_standard_time_recovered_v1.0.0,1.0.0,2026-07-30T07:43:47Z
STFR-7FDD5DBBF87514B276FFFD2F,BGFR-0FF291596F46B6B8DC9382BD,TRACK_DISTANCE_SURFACE_CONDITION,BET365 MILDURA,1800,,NOT_AVAILABLE_IN_SOURCE,TURF,AVAILABLE_BY_GOVERNED_SURFACE_RESOLVER,GOOD,AVAILABLE,MEDIAN_WINNER_RACE_TIME_SECONDS_RECOVERED_TIMING_MIN20,113.555000,120,110.250000,121.030000,20,AVAILABLE,0ff291596f46b6b8dc9382bd,1801a0095c4d23b41d3bdf348b6a745e323ed73f8f0c869fc78eb2a10cda2bf2,acdc1453e79581c4453f1aede5e21396e7e547db8ca6833b5794af9f75c7f59b,EDGEIQ_TIMING_WAREHOUSE_RECOVERY_V1,edgeiq_standard_time_recovered_v1.0.0,1.0.0,2026-07-30T07:43:47Z
STFR-79A944E8BF25313170E9402C,BGFR-CD0398066FBEF558B9BCC0B9,TRACK_DISTANCE_SURFACE_CONDITION,BET365 MILDURA,1800,,NOT_AVAILABLE_IN_SOURCE,TURF,AVAILABLE_BY_GOVERNED_SURFACE_RESOLVER,SOFT,AVAILABLE,MEDIAN_WINNER_RACE_TIME_SECONDS_RECOVERED_TIMING_MIN20,115.930000,31,112.530000,119.480000,20,AVAILABLE,cd0398066fbef558b9bcc0b9,4ffe12d0fbbd33e9622bada4a177a791d2b8fdebe81859238a19b0081c54006e,05e73874dd2fdd8996e4ab1212a9e60c966e3e0a5cb686599aa0ed07fe493c00,EDGEIQ_TIMING_WAREHOUSE_RECOVERY_V1,edgeiq_standard_time_recovered_v1.0.0,1.0.0,2026-07-30T07:43:47Z
STFR-B3BC9CA974CA21D4DF88121E,BGFR-5E49DE07BDDBE7D0FE8CCB2B,TRACK_DISTANCE_SURFACE_CONDITION,BET365 MILDURA,2000,,NOT_AVAILABLE_IN_SOURCE,TURF,AVAILABLE_BY_GOVERNED_SURFACE_RESOLVER,GOOD,AVAILABLE,MEDIAN_WINNER_RACE_TIME_SECONDS_RECOVERED_TIMING_MIN20,126.910000,69,123.750000,131.290000,20,AVAILABLE,5e49de07bddbe7d0fe8ccb2b,164552f4ffcbcef9f1487300d4ebeae88765e7c146653d0763d781c766143bfe,a87d729b1a27a97c61280fb22cf5d2525ed5ffaae81fa12a3b4e0798b958c67b,EDGEIQ_TIMING_WAREHOUSE_RECOVERY_V1,edgeiq_standard_time_recovered_v1.0.0,1.0.0,2026-07-30T07:43:47Z
STFR-60831D27BED520329E49A2CD,BGFR-01D1276FEF8D76500D30CA12,TRACK_DISTANCE_SURFACE_CONDITION,BET365 MILDURA,2000,,NOT_AVAILABLE_IN_SOURCE,TURF,AVAILABLE_BY_GOVERNED_SURFACE_RESOLVER,SOFT,AVAILABLE,MEDIAN_WINNER_RACE_TIME_SECONDS_RECOVERED_TIMING_MIN20,129.185000,24,126.550000,131.880000,20,AVAILABLE,01d1276fef8d76500d30ca12,7e37819c906d1bbe01d5402a016b1b4b910713f19d71d1e2c6fff4ac09906f94,2cd81765f6a7abfeb962072cd02ebbc58cca89f6f44b670789ab9ffdaafea8b0,EDGEIQ_TIMING_WAREHOUSE_RECOVERY_V1,edgeiq_standard_time_recovered_v1.0.0,1.0.0,2026-07-30T07:43:47Z
STFR-69755394A696C7BCD8B35327,BGFR-6D384097F2358D39D64AE121,TRACK_DISTANCE_SURFACE_CONDITION,BET365 PARK KYNETON,1100,,NOT_AVAILABLE_IN_SOURCE,TURF,AVAILABLE_BY_GOVERNED_SURFACE_RESOLVER,GOOD,AVAILABLE,MEDIAN_WINNER_RACE_TIME_SECONDS_RECOVERED_TIMING_MIN20,65.180000,132,63.250000,67.920000,20,AVAILABLE,6d384097f2358d39d64ae121,932f31a5d82d2d8515680ee6f4231da5f0879817ec77ab0a439eb6107f7300c9,97d97c500f71d33e0afc08f5567e6375630737bae33ed93b2f62c5c0ca88a654,EDGEIQ_TIMING_WAREHOUSE_RECOVERY_V1,edgeiq_standard_time_recovered_v1.0.0,1.0.0,2026-07-30T07:43:47Z
STFR-80193D81475C886A81248DF5,BGFR-142361E25AAD706D10D269F6,TRACK_DISTANCE_SURFACE_CONDITION,BET365 PARK KYNETON,1100,,NOT_AVAILABLE_IN_SOURCE,TURF,AVAILABLE_BY_GOVERNED_SURFACE_RESOLVER,SOFT,AVAILABLE,MEDIAN_WINNER_RACE_TIME_SECONDS_RECOVERED_TIMING_MIN20,66.340000,41,64.030000,69.390000,20,AVAILABLE,142361e25aad706d10d269f6,0981e70e32d03914a59fbe50f793e3df0a94290a50df28318a710f0945e93503,b67ea4c0e96afbdfbeab233fb277663abf36ec6d214f4ef01f28f108b2efe4b0,EDGEIQ_TIMING_WAREHOUSE_RECOVERY_V1,edgeiq_standard_time_recovered_v1.0.0,1.0.0,2026-07-30T07:43:47Z
STFR-B4B59F5227C7083B0C0E5614,BGFR-771E852C78A2DB49163A0A7C,TRACK_DISTANCE_SURFACE_CONDITION,BET365 PARK KYNETON,1112,,NOT_AVAILABLE_IN_SOURCE,TURF,AVAILABLE_BY_GOVERNED_SURFACE_RESOLVER,GOOD,AVAILABLE,MEDIAN_WINNER_RACE_TIME_SECONDS_RECOVERED_TIMING_MIN20,65.900000,67,64.350000,67.390000,20,AVAILABLE,771e852c78a2db49163a0a7c,0cb483e8426a9c82c3abf2cb5e2a759d9dd36d0547a8a38d5ba08bebef439bde,b69a59ad5b23d522e853d43264cabdc07508b92f9eee76e95fc06ee5488dcc1a,EDGEIQ_TIMING_WAREHOUSE_RECOVERY_V1,edgeiq_standard_time_recovered_v1.0.0,1.0.0,2026-07-30T07:43:47Z
STFR-6FA82B44C07AC8B18D017D4B,BGFR-F1AAB2F1922C210F1306219B,TRACK_DISTANCE_SURFACE_CONDITION,BET365 PARK KYNETON,1112,,NOT_AVAILABLE_IN_SOURCE,TURF,AVAILABLE_BY_GOVERNED_SURFACE_RESOLVER,SOFT,AVAILABLE,MEDIAN_WINNER_RACE_TIME_SECONDS_RECOVERED_TIMING_MIN20,67.090000,23,65.110000,69.570000,20,AVAILABLE,f1aab2f1922c210f1306219b,d46c623914027a5e5fb2049646bdd63020912e56a074771c8329a4c5c8a2ab0f,0b1a81e37af13450ac9b451ec2e8bf3c2357c9b42c9740641dd36935c3ee9cc3,EDGEIQ_TIMING_WAREHOUSE_RECOVERY_V1,edgeiq_standard_time_recovered_v1.0.0,1.0.0,2026-07-30T07:43:47Z
STFR-9FEA61FD7EF96D1BD554939E,BGFR-218DD46BFF8A4D604F0260E4,TRACK_DISTANCE_SURFACE_CONDITION,BET365 PARK KYNETON,1118,,NOT_AVAILABLE_IN_SOURCE,TURF,AVAILABLE_BY_GOVERNED_SURFACE_RESOLVER,GOOD,AVAILABLE,MEDIAN_WINNER_RACE_TIME_SECONDS_RECOVERED_TIMING_MIN20,66.350000,29,65.540000,67.420000,20,AVAILABLE,218dd46bff8a4d604f0260e4,cba015cfa32da82a27046dbf3eb1faaf24a61a6b6852a6638065ac7560602849,0bbdb34577736c4ff5d425caa422f68e920041075d70e8aef196caa39d1523af,EDGEIQ_TIMING_WAREHOUSE_RECOVERY_V1,edgeiq_standard_time_recovered_v1.0.0,1.0.0,2026-07-30T07:43:47Z
STFR-8F3B6E87EFB64B556E29D215,BGFR-D1F539246D5F6BE06A5F0E00,TRACK_DISTANCE_SURFACE_CONDITION,BET365 PARK KYNETON,1200,,NOT_AVAILABLE_IN_SOURCE,TURF,AVAILABLE_BY_GOVERNED_SURFACE_RESOLVER,GOOD,AVAILABLE,MEDIAN_WINNER_RACE_TIME_SECONDS_RECOVERED_TIMING_MIN20,71.505000,198,69.550000,74.890000,20,AVAILABLE,d1f539246d5f6be06a5f0e00,ad10cbdbe6dff4eaefcc5e576fd1d298e513c8881ceb67a016ab72d10f710db3,dd92ac1d22dcaa146e6a37095feec55500379b79798b507dba5623b003be5868,EDGEIQ_TIMING_WAREHOUSE_RECOVERY_V1,edgeiq_standard_time_recovered_v1.0.0,1.0.0,2026-07-30T07:43:47Z
STFR-C98174C4ACD0B2E82577AA6E,BGFR-7952AF3F74B07B7C468990E3,TRACK_DISTANCE_SURFACE_CONDITION,BET365 PARK KYNETON,1200,,NOT_AVAILABLE_IN_SOURCE,TURF,AVAILABLE_BY_GOVERNED_SURFACE_RESOLVER,SOFT,AVAILABLE,MEDIAN_WINNER_RACE_TIME_SECONDS_RECOVERED_TIMING_MIN20,73.280000,78,69.690000,77.030000,20,AVAILABLE,7952af3f74b07b7c468990e3,046e98cd4cd3f8fbe6ccb8349e98615ef73fd8b75745316999efc49cdf017b2b,03f2b908b5d5a0a87b177566234ced719c0a3129a09b26ff79d83cad96b87ef8,EDGEIQ_TIMING_WAREHOUSE_RECOVERY_V1,edgeiq_standard_time_recovered_v1.0.0,1.0.0,2026-07-30T07:43:47Z
STFR-3BC6AA722C5FF55A5731960A,BGFR-5DE19168DEFEF0BBD04245C1,TRACK_DISTANCE_SURFACE_CONDITION,BET365 PARK KYNETON,1203,,NOT_AVAILABLE_IN_SOURCE,TURF,AVAILABLE_BY_GOVERNED_SURFACE_RESOLVER,GOOD,AVAILABLE,MEDIAN_WINNER_RACE_TIME_SECONDS_RECOVERED_TIMING_MIN20,71.440000,25,69.690000,72.170000,20,AVAILABLE,5de19168defef0bbd04245c1,e9d54ff0a747372ece37da4784fddc3d24574dc4b312468b6859431844117ddb,edbe74be1f8b3d392c52d5a0da5e4be76458157a1f3ff2c72c7a0a390119d2a0,EDGEIQ_TIMING_WAREHOUSE_RECOVERY_V1,edgeiq_standard_time_recovered_v1.0.0,1.0.0,2026-07-30T07:43:47Z
STFR-4612FE0308A64F860BC1018F,BGFR-7C9C9A460B8095239EC6DAE1,TRACK_DISTANCE_SURFACE_CONDITION,BET365 PARK KYNETON,1212,,NOT_AVAILABLE_IN_SOURCE,TURF,AVAILABLE_BY_GOVERNED_SURFACE_RESOLVER,GOOD,AVAILABLE,MEDIAN_WINNER_RACE_TIME_SECONDS_RECOVERED_TIMING_MIN20,72.595000,58,70.600000,73.950000,20,AVAILABLE,7c9c9a460b8095239ec6dae1,428ed60d1bc1f93833005d345bce53c2616f565c54459d6eaf448dcf99879bd5,2e86093e8e6bacf19cbba24b891df01ec6c93d49a3af40344ad075d71b104db3,EDGEIQ_TIMING_WAREHOUSE_RECOVERY_V1,edgeiq_standard_time_recovered_v1.0.0,1.0.0,2026-07-30T07:43:47Z
STFR-D1EAA1961C74433B8B799997,BGFR-E065D2B0430991ABC9B9CA50,TRACK_DISTANCE_SURFACE_CONDITION,BET365 PARK KYNETON,1212,,NOT_AVAILABLE_IN_SOURCE,TURF,AVAILABLE_BY_GOVERNED_SURFACE_RESOLVER,SOFT,AVAILABLE,MEDIAN_WINNER_RACE_TIME_SECONDS_RECOVERED_TIMING_MIN20,73.560000,27,72.240000,76.610000,20,AVAILABLE,e065d2b0430991abc9b9ca50,f2e30e8fffd4f27c4ceb4fc926c4c44e81ab4d6378ad8264f897a1e810722984,50e709fa8162c6d2a170fef6aa1bbb1b20ab0393b8021c149456b4ea4f9d8576,EDGEIQ_TIMING_WAREHOUSE_RECOVERY_V1,edgeiq_standard_time_recovered_v1.0.0,1.0.0,2026-07-30T07:43:47Z
STFR-F82F1AC0FEED1CE92A6D7CD4,BGFR-40A661003C0E7F1B1F5F2F77,TRACK_DISTANCE_SURFACE_CONDITION,BET365 PARK KYNETON,1218,,NOT_AVAILABLE_IN_SOURCE,TURF,AVAILABLE_BY_GOVERNED_SURFACE_RESOLVER,GOOD,AVAILABLE,MEDIAN_WINNER_RACE_TIME_SECONDS_RECOVERED_TIMING_MIN20,72.830000,26,71.670000,74.280000,20,AVAILABLE,40a661003c0e7f1b1f5f2f77,b6d72525a0658b2e506961bc2089d4f18d6faa9ba7a78ad8165adde49c49aca7,e6a2c015348d539868aa6eba0e6c5de2ae63c7635df2689aa7357a813485b59a,EDGEIQ_TIMING_WAREHOUSE_RECOVERY_V1,edgeiq_standard_time_recovered_v1.0.0,1.0.0,2026-07-30T07:43:47Z
STFR-07CA42A214B700CCA621D1AC,BGFR-BEA7F9DC945BABEAAE45D93C,TRACK_DISTANCE_SURFACE_CONDITION,BET365 PARK KYNETON,1450,,NOT_AVAILABLE_IN_SOURCE,TURF,AVAILABLE_BY_GOVERNED_SURFACE_RESOLVER,GOOD,AVAILABLE,MEDIAN_WINNER_RACE_TIME_SECONDS_RECOVERED_TIMING_MIN20,88.565000,196,85.830000,92.420000,20,AVAILABLE,bea7f9dc945babeaae45d93c,e90df995f47e6601d20fe5eed310d837811888925704e7f1ffd9ca23be3f72ef,a0ec908fdde3f13e067fb4f06371e80f929553bd5afb7cc900a8a4703f547b0a,EDGEIQ_TIMING_WAREHOUSE_RECOVERY_V1,edgeiq_standard_time_recovered_v1.0.0,1.0.0,2026-07-30T07:43:47Z
STFR-DFE5F639D0497A182241F7B8,BGFR-EFE1A1E0E559FEC4E4A41A48,TRACK_DISTANCE_SURFACE_CONDITION,BET365 PARK KYNETON,1450,,NOT_AVAILABLE_IN_SOURCE,TURF,AVAILABLE_BY_GOVERNED_SURFACE_RESOLVER,HEAVY,AVAILABLE,MEDIAN_WINNER_RACE_TIME_SECONDS_RECOVERED_TIMING_MIN20,93.270000,21,90.790000,99.200000,20,AVAILABLE,efe1a1e0e559fec4e4a41a48,b3480261328809aa4f418fca848712da3905237194da74cda9db5fd8960cfd13,6ea5808888bf089bdc44971474988219603109c6a4c2e4148a9bb480d0cd9b3d,EDGEIQ_TIMING_WAREHOUSE_RECOVERY_V1,edgeiq_standard_time_recovered_v1.0.0,1.0.0,2026-07-30T07:43:47Z
STFR-4530C2EA3FCA6DC4D3916B5A,BGFR-FE16D079535AC655800E4849,TRACK_DISTANCE_SURFACE_CONDITION,BET365 PARK KYNETON,1450,,NOT_AVAILABLE_IN_SOURCE,TURF,AVAILABLE_BY_GOVERNED_SURFACE_RESOLVER,SOFT,AVAILABLE,MEDIAN_WINNER_RACE_TIME_SECONDS_RECOVERED_TIMING_MIN20,90.390000,77,86.980000,94.250000,20,AVAILABLE,fe16d079535ac655800e4849,dbfe53773894d7fd18a660a2713a12f1f5ccb6f77a873b92d096f0809293c4df,2012905794c43c162ed706df5512a1d0bdafc1cdfa9bfd44f3f256a9b694f442,EDGEIQ_TIMING_WAREHOUSE_RECOVERY_V1,edgeiq_standard_time_recovered_v1.0.0,1.0.0,2026-07-30T07:43:47Z
STFR-10334AC5243E04D3D308070B,BGFR-C5D4024D14E43F9BA56731CF,TRACK_DISTANCE_SURFACE_CONDITION,BET365 PARK KYNETON,1454,,NOT_AVAILABLE_IN_SOURCE,TURF,AVAILABLE_BY_GOVERNED_SURFACE_RESOLVER,GOOD,AVAILABLE,MEDIAN_WINNER_RACE_TIME_SECONDS_RECOVERED_TIMING_MIN20,88.500000,25,86.850000,90.620000,20,AVAILABLE,c5d4024d14e43f9ba56731cf,2c2beb8258b9772699e3f0d74b94956fc1722160acd2d79054dfb2c195c0af1d,a938addb2ba08f420f9a2877b95e0a107228e82ada6eb5018074c0e022f43320,EDGEIQ_TIMING_WAREHOUSE_RECOVERY_V1,edgeiq_standard_time_recovered_v1.0.0,1.0.0,2026-07-30T07:43:47Z
STFR-B22302B9CBCE6BFBA2E9E4AC,BGFR-E7BE2807419047CA2B847D62,TRACK_DISTANCE_SURFACE_CONDITION,BET365 PARK KYNETON,1469,,NOT_AVAILABLE_IN_SOURCE,TURF,AVAILABLE_BY_GOVERNED_SURFACE_RESOLVER,GOOD,AVAILABLE,MEDIAN_WINNER_RACE_TIME_SECONDS_RECOVERED_TIMING_MIN20,89.905000,86,87.040000,92.350000,20,AVAILABLE,e7be2807419047ca2b847d62,bcf0036f090da289d2085eb498bcb783d8dc2e585a1faca0274b80509b15782b,fd29b22f8d5ae4c3ccc4512016a343186320f5270003d291b6cd8342af23b88e,EDGEIQ_TIMING_WAREHOUSE_RECOVERY_V1,edgeiq_standard_time_recovered_v1.0.0,1.0.0,2026-07-30T07:43:47Z
STFR-FA83866F19C2BE4F53CE03E1,BGFR-90848212B228CD62D13D2594,TRACK_DISTANCE_SURFACE_CONDITION,BET365 PARK KYNETON,1469,,NOT_AVAILABLE_IN_SOURCE,TURF,AVAILABLE_BY_GOVERNED_SURFACE_RESOLVER,SOFT,AVAILABLE,MEDIAN_WINNER_RACE_TIME_SECONDS_RECOVERED_TIMING_MIN20,91.080000,41,87.670000,93.940000,20,AVAILABLE,90848212b228cd62d13d2594,4d896337348b4c1aedc864ab74a8294ba42a39bea17a4fa3454e30e719572473,abb5ae027beb97a5889f584bf257475af9a322da83a62d69cebe3821d05b8b4f,EDGEIQ_TIMING_WAREHOUSE_RECOVERY_V1,edgeiq_standard_time_recovered_v1.0.0,1.0.0,2026-07-30T07:43:47Z
STFR-A21D57FD91B9B2C2A79A29AD,BGFR-BB77668FA373535BE43B4DAF,TRACK_DISTANCE_SURFACE_CONDITION,BET365 PARK KYNETON,1479,,NOT_AVAILABLE_IN_SOURCE,TURF,AVAILABLE_BY_GOVERNED_SURFACE_RESOLVER,GOOD,AVAILABLE,MEDIAN_WINNER_RACE_TIME_SECONDS_RECOVERED_TIMING_MIN20,90.010000,39,88.210000,93.610000,20,AVAILABLE,bb77668fa373535be43b4daf,624a7e099f3f64370da43433ae9e2fccd9b03826dbfb1eae22a60399f7682629,d8c4b648d62abbdac73ce25d6d8520fcebe11925e7db5f17348886602f1d4d96,EDGEIQ_TIMING_WAREHOUSE_RECOVERY_V1,edgeiq_standard_time_recovered_v1.0.0,1.0.0,2026-07-30T07:43:47Z
STFR-5950053A01615A9C2BC554EF,BGFR-DBB3245D66D805B1E2C0B181,TRACK_DISTANCE_SURFACE_CONDITION,BET365 PARK KYNETON,1850,,NOT_AVAILABLE_IN_SOURCE,TURF,AVAILABLE_BY_GOVERNED_SURFACE_RESOLVER,GOOD,AVAILABLE,MEDIAN_WINNER_RACE_TIME_SECONDS_RECOVERED_TIMING_MIN20,116.290000,167,113.370000,122.460000,20,AVAILABLE,dbb3245d66d805b1e2c0b181,91627b93e8f4512a0f489fe2fa3776b5e4b75402ca7303473525061b2970bf8f,51f8b9b4ce965c59c4a0e1b0dcc31c9d5e6e39cce7b86908974f24d79072ddbe,EDGEIQ_TIMING_WAREHOUSE_RECOVERY_V1,edgeiq_standard_time_recovered_v1.0.0,1.0.0,2026-07-30T07:43:47Z
STFR-96F2F5D70FA86341EB9AD153,BGFR-2F2E1C1D84089D1B946B10D7,TRACK_DISTANCE_SURFACE_CONDITION,BET365 PARK KYNETON,1850,,NOT_AVAILABLE_IN_SOURCE,TURF,AVAILABLE_BY_GOVERNED_SURFACE_RESOLVER,SOFT,AVAILABLE,MEDIAN_WINNER_RACE_TIME_SECONDS_RECOVERED_TIMING_MIN20,118.470000,64,114.590000,123.330000,20,AVAILABLE,2f2e1c1d84089d1b946b10d7,234067d053c464032ae58e6639e9e084b62a7d6354fa1215ebc749c139cf93a0,e8d58c9299784c3acf9c8050726db51eae0e026de844c95da7f5822da13dac37,EDGEIQ_TIMING_WAREHOUSE_RECOVERY_V1,edgeiq_standard_time_recovered_v1.0.0,1.0.0,2026-07-30T07:43:47Z
STFR-C5B9507DBFB757B78BBC7786,BGFR-1940024E2120281CBADDE6EE,TRACK_DISTANCE_SURFACE_CONDITION,BET365 PARK KYNETON,1856,,NOT_AVAILABLE_IN_SOURCE,TURF,AVAILABLE_BY_GOVERNED_SURFACE_RESOLVER,GOOD,AVAILABLE,MEDIAN_WINNER_RACE_TIME_SECONDS_RECOVERED_TIMING_MIN20,116.350000,23,113.760000,120.260000,20,AVAILABLE,1940024e2120281cbadde6ee,c965349c7fc8afae84ef41cc887e00bf8c31818f3f229e58b6f5745c52317435,90e23a301d9de33d08808078b62fecbfa95c2fc980aac7ec31619f6d96da2d53,EDGEIQ_TIMING_WAREHOUSE_RECOVERY_V1,edgeiq_standard_time_recovered_v1.0.0,1.0.0,2026-07-30T07:43:47Z
STFR-0DFD7469219D4C6ED6DF6F5D,BGFR-3BE3CE50C2276D60F4739ED2,TRACK_DISTANCE_SURFACE_CONDITION,BET365 PARK KYNETON,1875,,NOT_AVAILABLE_IN_SOURCE,TURF,AVAILABLE_BY_GOVERNED_SURFACE_RESOLVER,GOOD,AVAILABLE,MEDIAN_WINNER_RACE_TIME_SECONDS_RECOVERED_TIMING_MIN20,117.735000,64,115.600000,120.260000,20,AVAILABLE,3be3ce50c2276d60f4739ed2,99f818f2879ec6b401ab3267672426e153f9182caa97a088cd3517b5d251d67d,df3a65b6e606a7df888b0dffa09e3029358bc9e1090d410e2173066be09675c1,EDGEIQ_TIMING_WAREHOUSE_RECOVERY_V1,edgeiq_standard_time_recovered_v1.0.0,1.0.0,2026-07-30T07:43:47Z
STFR-8500FD110EBFE4041457DC9B,BGFR-4277B85099FBBBBC43F5384E,TRACK_DISTANCE_SURFACE_CONDITION,BET365 PARK KYNETON,1875,,NOT_AVAILABLE_IN_SOURCE,TURF,AVAILABLE_BY_GOVERNED_SURFACE_RESOLVER,SOFT,AVAILABLE,MEDIAN_WINNER_RACE_TIME_SECONDS_RECOVERED_TIMING_MIN20,118.760000,24,115.530000,122.360000,20,AVAILABLE,4277b85099fbbbbc43f5384e,ad7379756bc8271981fd9df8b5e25e744d2fdb8401aa06d0869798641eedb028,0bb5ee0fdcc0b8cf8542f2e883c96dca3c03fb5aff05ae1b1bcae7e16d95c0f8,EDGEIQ_TIMING_WAREHOUSE_RECOVERY_V1,edgeiq_standard_time_recovered_v1.0.0,1.0.0,2026-07-30T07:43:47Z
STFR-09A8AAEE88B6D7AA1599BB77,BGFR-E6C802B3B48E66FFF4449021,TRACK_DISTANCE_SURFACE_CONDITION,BET365 PARK KYNETON,1887,,NOT_AVAILABLE_IN_SOURCE,TURF,AVAILABLE_BY_GOVERNED_SURFACE_RESOLVER,GOOD,AVAILABLE,MEDIAN_WINNER_RACE_TIME_SECONDS_RECOVERED_TIMING_MIN20,117.830000,29,116.470000,121.480000,20,AVAILABLE,e6c802b3b48e66fff4449021,19d5cdca5333e1d827cadef859b3d065dce395aeddfed8894deb4a30a1303ceb,a4305a2f5a654751090a03744fedca1df5cd37e103c54a7b612e5d5e0949057a,EDGEIQ_TIMING_WAREHOUSE_RECOVERY_V1,edgeiq_standard_time_recovered_v1.0.0,1.0.0,2026-07-30T07:43:47Z
STFR-B0C3FCB85491B71B7DF2B0A8,BGFR-8A7DABBBB105A0208197552F,TRACK_DISTANCE_SURFACE_CONDITION,BET365 PARK KYNETON,2000,,NOT_AVAILABLE_IN_SOURCE,TURF,AVAILABLE_BY_GOVERNED_SURFACE_RESOLVER,GOOD,AVAILABLE,MEDIAN_WINNER_RACE_TIME_SECONDS_RECOVERED_TIMING_MIN20,125.425000,52,121.860000,129.510000,20,AVAILABLE,8a7dabbbb105a0208197552f,c69106820db067ecbc69af16a9cf2f0a0da3eea1b78807e190adcbb43fce96cb,d12b5a10038c9b34e6c6a5c297c64d278876266e830630a615c2b50c57f5704f,EDGEIQ_TIMING_WAREHOUSE_RECOVERY_V1,edgeiq_standard_time_recovered_v1.0.0,1.0.0,2026-07-30T07:43:47Z
STFR-D175984A5C2118F4D1E7A909,BGFR-6FFD94B7BF6DAA95269E1DB1,TRACK_DISTANCE_SURFACE_CONDITION,BET365 PARK WODONGA,1100,,NOT_AVAILABLE_IN_SOURCE,TURF,AVAILABLE_BY_GOVERNED_SURFACE_RESOLVER,GOOD,AVAILABLE,MEDIAN_WINNER_RACE_TIME_SECONDS_RECOVERED_TIMING_MIN20,64.970000,28,63.820000,67.650000,20,AVAILABLE,6ffd94b7bf6daa95269e1db1,1c63e25959a49296d0d61efd5e1535aa3a1b3b7c25be6b809ddd997996f3a76f,b883ab64b1729ca5019a8d01a5059731c049e9a684d3b1a0088a2bfa69aa35d8,EDGEIQ_TIMING_WAREHOUSE_RECOVERY_V1,edgeiq_standard_time_recovered_v1.0.0,1.0.0,2026-07-30T07:43:47Z
STFR-39791A93F886776CD0F1E531,BGFR-5F8A34A41EDEE8233890D083,TRACK_DISTANCE_SURFACE_CONDITION,BET365 PARK WODONGA,1100,,NOT_AVAILABLE_IN_SOURCE,TURF,AVAILABLE_BY_GOVERNED_SURFACE_RESOLVER,SOFT,AVAILABLE,MEDIAN_WINNER_RACE_TIME_SECONDS_RECOVERED_TIMING_MIN20,66.330000,23,64.650000,68.140000,20,AVAILABLE,5f8a34a41edee8233890d083,3df7ca7534e63067f934c18dfa89f9b49ee43af1a302fd263c407dc407a2cd1e,f0cec4c7b21131e37b704e5503623b5d5b4a8d28d1033fc48bfbb8fb6f3f08f7,EDGEIQ_TIMING_WAREHOUSE_RECOVERY_V1,edgeiq_standard_time_recovered_v1.0.0,1.0.0,2026-07-30T07:43:47Z
STFR-EE1FF38B1A73C78A05442872,BGFR-4FCC398D5BE2C42D96FE6F1D,TRACK_DISTANCE_SURFACE_CONDITION,BET365 PARK WODONGA,1300,,NOT_AVAILABLE_IN_SOURCE,TURF,AVAILABLE_BY_GOVERNED_SURFACE_RESOLVER,GOOD,AVAILABLE,MEDIAN_WINNER_RACE_TIME_SECONDS_RECOVERED_TIMING_MIN20,76.935000,22,75.910000,79.710000,20,AVAILABLE,4fcc398d5be2c42d96fe6f1d,783fb89ebd8383ab6eab640e4071b3608f01fcaa81511f68d6dbbd9ebd58dbce,83994b4c4f3d580ff58df29de2a2a3d96b85706cb06e44bc7afa10e5a7d7db0b,EDGEIQ_TIMING_WAREHOUSE_RECOVERY_V1,edgeiq_standard_time_recovered_v1.0.0,1.0.0,2026-07-30T07:43:47Z
STFR-0DFD18BF271EF10AC3E1E77C,BGFR-712E551496308659E2AF85C8,TRACK_DISTANCE_SURFACE_CONDITION,BET365 PARK WODONGA,1590,,NOT_AVAILABLE_IN_SOURCE,TURF,AVAILABLE_BY_GOVERNED_SURFACE_RESOLVER,GOOD,AVAILABLE,MEDIAN_WINNER_RACE_TIME_SECONDS_RECOVERED_TIMING_MIN20,95.800000,26,93.430000,98.740000,20,AVAILABLE,712e551496308659e2af85c8,95a03992a1de2511e0331d7303064e0462d2f4d61468e56a9029d9d2cce51070,2ff44441c62a433e7d1b427244d74c73bdd3b0e2b2b34d826e0ca779d5848154,EDGEIQ_TIMING_WAREHOUSE_RECOVERY_V1,edgeiq_standard_time_recovered_v1.0.0,1.0.0,2026-07-30T07:43:47Z
STFR-E727CDD1F994AE39908676A8,BGFR-657820780B3D5884969F165F,TRACK_DISTANCE_SURFACE_CONDITION,BET365 SEYMOUR,1000,,NOT_AVAILABLE_IN_SOURCE,TURF,AVAILABLE_BY_GOVERNED_SURFACE_RESOLVER,GOOD,AVAILABLE,MEDIAN_WINNER_RACE_TIME_SECONDS_RECOVERED_TIMING_MIN20,58.370000,23,56.840000,61.420000,20,AVAILABLE,657820780b3d5884969f165f,272431258d62c2e60834f2e780533e613118db204fb086e816da93a2589b10b6,53d64e850b7bd497e0060ac78142ddb87a1fd9bdf4d3f7eb52debbb42ff830eb,EDGEIQ_TIMING_WAREHOUSE_RECOVERY_V1,edgeiq_standard_time_recovered_v1.0.0,1.0.0,2026-07-30T07:43:47Z
STFR-6EF7DAA57F40CEF5DE29ACFB,BGFR-F3B1811E5E6BB3530594DA89,TRACK_DISTANCE_SURFACE_CONDITION,BET365 SEYMOUR,1000,,NOT_AVAILABLE_IN_SOURCE,TURF,AVAILABLE_BY_GOVERNED_SURFACE_RESOLVER,SOFT,AVAILABLE,MEDIAN_WINNER_RACE_TIME_SECONDS_RECOVERED_TIMING_MIN20,59.135000,28,57.820000,60.260000,20,AVAILABLE,f3b1811e5e6bb3530594da89,b2f31b3377da471542ee54df638e7ae465d81d33b778e1985ffbdbc14e10a391,c2416ed4889e3b07d0f9b24ee46eb0addc57413885f4b98fae179017e4d60c47,EDGEIQ_TIMING_WAREHOUSE_RECOVERY_V1,edgeiq_standard_time_recovered_v1.0.0,1.0.0,2026-07-30T07:43:47Z
STFR-82CBB1EA8EDDDA4BA014D2F6,BGFR-EFB42FBC836F807F8EAF4FC1,TRACK_DISTANCE_SURFACE_CONDITION,BET365 SEYMOUR,1200,,NOT_AVAILABLE_IN_SOURCE,TURF,AVAILABLE_BY_GOVERNED_SURFACE_RESOLVER,GOOD,AVAILABLE,MEDIAN_WINNER_RACE_TIME_SECONDS_RECOVERED_TIMING_MIN20,70.835000,22,69.430000,71.780000,20,AVAILABLE,efb42fbc836f807f8eaf4fc1,83b88ce3d5d79b46e1a516ff47c1247ce3f975d6a3047140c21f774c5609c16d,8c050262eb0d3d2cbf76d47c8ec24002b1360e73394761fa32195dc3fa48a228,EDGEIQ_TIMING_WAREHOUSE_RECOVERY_V1,edgeiq_standard_time_recovered_v1.0.0,1.0.0,2026-07-30T07:43:47Z
STFR-DD1AC7DFCDBEB07844966654,BGFR-99F8C76E43BAB80350B63C65,TRACK_DISTANCE_SURFACE_CONDITION,BET365 SEYMOUR,1200,,NOT_AVAILABLE_IN_SOURCE,TURF,AVAILABLE_BY_GOVERNED_SURFACE_RESOLVER,SOFT,AVAILABLE,MEDIAN_WINNER_RACE_TIME_SECONDS_RECOVERED_TIMING_MIN20,71.910000,34,70.230000,73.270000,20,AVAILABLE,99f8c76e43bab80350b63c65,79f8ea94f045d71fcb53816e313301129e6fc277b7f29136ce59c4329a843bfa,2d8d9b90164082ffd6fc7f3068aa2be21d79651a5baaef4885fc856731293648,EDGEIQ_TIMING_WAREHOUSE_RECOVERY_V1,edgeiq_standard_time_recovered_v1.0.0,1.0.0,2026-07-30T07:43:47Z
STFR-284172453DD821D5567B0204,BGFR-6C586F420F4EA558F75C1BCB,TRACK_DISTANCE_SURFACE_CONDITION,BET365 SEYMOUR,1300,,NOT_AVAILABLE_IN_SOURCE,TURF,AVAILABLE_BY_GOVERNED_SURFACE_RESOLVER,GOOD,AVAILABLE,MEDIAN_WINNER_RACE_TIME_SECONDS_RECOVERED_TIMING_MIN20,77.535000,20,76.340000,79.430000,20,AVAILABLE,6c586f420f4ea558f75c1bcb,f1fe281a7a7558ceac1015324f0d2cf1a1920f6666749a4a7b6718caf224edb9,4d51ed35795cff62b3b32b8b55a6e8a3ff2664f2413322db2f822504fb66bc85,EDGEIQ_TIMING_WAREHOUSE_RECOVERY_V1,edgeiq_standard_time_recovered_v1.0.0,1.0.0,2026-07-30T07:43:47Z
STFR-8C3CD5B0111FA680235CC503,BGFR-9AB9807BCA87AF8F6E48DE66,TRACK_DISTANCE_SURFACE_CONDITION,BET365 SEYMOUR,1600,,NOT_AVAILABLE_IN_SOURCE,TURF,AVAILABLE_BY_GOVERNED_SURFACE_RESOLVER,GOOD,AVAILABLE,MEDIAN_WINNER_RACE_TIME_SECONDS_RECOVERED_TIMING_MIN20,97.300000,26,95.410000,98.970000,20,AVAILABLE,9ab9807bca87af8f6e48de66,d5b934e38ba3dd9dbb441d2deed2219348b9004171a42ba63d61b5fa504186b4,91906b398ee47b8b7e72265b24878b215100547ccc3f391dbe90384f3ec19237,EDGEIQ_TIMING_WAREHOUSE_RECOVERY_V1,edgeiq_standard_time_recovered_v1.0.0,1.0.0,2026-07-30T07:43:47Z
STFR-AA26B3C91FCBE8E56D7C8E74,BGFR-FD7E2FA3A61DF79878CE4F98,TRACK_DISTANCE_SURFACE_CONDITION,BET365 SEYMOUR,1600,,NOT_AVAILABLE_IN_SOURCE,TURF,AVAILABLE_BY_GOVERNED_SURFACE_RESOLVER,SOFT,AVAILABLE,MEDIAN_WINNER_RACE_TIME_SECONDS_RECOVERED_TIMING_MIN20,98.685000,32,96.370000,101.870000,20,AVAILABLE,fd7e2fa3a61df79878ce4f98,0c3c359c018460896959586b24f6cce962ed47969fb701317bef211a4c110769,abe51fd03f3210a06530a9aee330d1c217cb79bfd9c74de13e4d78af14bbe819,EDGEIQ_TIMING_WAREHOUSE_RECOVERY_V1,edgeiq_standard_time_recovered_v1.0.0,1.0.0,2026-07-30T07:43:47Z
STFR-5F0106DFE751E96A560FF1B9,BGFR-1906CC245F925F621ED7366C,TRACK_DISTANCE_SURFACE_CONDITION,BET365 TERANG,1400,,NOT_AVAILABLE_IN_SOURCE,TURF,AVAILABLE_BY_GOVERNED_SURFACE_RESOLVER,GOOD,AVAILABLE,MEDIAN_WINNER_RACE_TIME_SECONDS_RECOVERED_TIMING_MIN20,83.985000,24,82.280000,85.120000,20,AVAILABLE,1906cc245f925f621ed7366c,9b5aeab80c36a8f4676dcef06cbb7e10712eda9b5fbf05c7cd6387dff6ee4105,3071a3cb3d5a68fb3b22bc4414f5c791d26e994b076c1b97d056dd18eee7e349,EDGEIQ_TIMING_WAREHOUSE_RECOVERY_V1,edgeiq_standard_time_recovered_v1.0.0,1.0.0,2026-07-30T07:43:47Z
STFR-CD6B2DA8551B0F8D5FE9AC38,BGFR-455F8D1C0DD9A9956131CD86,TRACK_DISTANCE_SURFACE_CONDITION,CASTERTON,1100,,NOT_AVAILABLE_IN_SOURCE,TURF,AVAILABLE_BY_GOVERNED_SURFACE_RESOLVER,SOFT,AVAILABLE,MEDIAN_WINNER_RACE_TIME_SECONDS_RECOVERED_TIMING_MIN20,66.540000,20,65.010000,68.180000,20,AVAILABLE,455f8d1c0dd9a9956131cd86,edc0a3658dcc7520a607e8d99474d97e43ca71642b0fc19c94e36186515ce330,951a5947d62645755e0cdd8ffe4304ee44e18fb02111b1686643ca5ba6ae95d8,EDGEIQ_TIMING_WAREHOUSE_RECOVERY_V1,edgeiq_standard_time_recovered_v1.0.0,1.0.0,2026-07-30T07:43:47Z
STFR-6EA66E9BAC5B1476685F146F,BGFR-F43A7BD2155BFE882E9FBD9F,TRACK_DISTANCE_SURFACE_CONDITION,CASTERTON,1200,,NOT_AVAILABLE_IN_SOURCE,TURF,AVAILABLE_BY_GOVERNED_SURFACE_RESOLVER,GOOD,AVAILABLE,MEDIAN_WINNER_RACE_TIME_SECONDS_RECOVERED_TIMING_MIN20,71.790000,23,70.410000,73.600000,20,AVAILABLE,f43a7bd2155bfe882e9fbd9f,a7ea3fb647e270aee3775ad518425eec53d56e44421c7fcd8ada5f5905509cd1,8267c7bf4f15990b391b25dd368d1d559b5b96309e2f738dac9903455381807a,EDGEIQ_TIMING_WAREHOUSE_RECOVERY_V1,edgeiq_standard_time_recovered_v1.0.0,1.0.0,2026-07-30T07:43:47Z
STFR-C0D954BDB13B462886E31453,BGFR-705669C95FE1CB40CF742893,TRACK_DISTANCE_SURFACE_CONDITION,CASTERTON,1200,,NOT_AVAILABLE_IN_SOURCE,TURF,AVAILABLE_BY_GOVERNED_SURFACE_RESOLVER,HEAVY,AVAILABLE,MEDIAN_WINNER_RACE_TIME_SECONDS_RECOVERED_TIMING_MIN20,74.555000,28,72.670000,76.310000,20,AVAILABLE,705669c95fe1cb40cf742893,3c3a0e8138fb45562675687f7d2d5436446cfe6e219366719d74d6872fb3de1a,21658d1c729ebae275531c41e01ea9acd1449144b643255cab6eb00a23623ac0,EDGEIQ_TIMING_WAREHOUSE_RECOVERY_V1,edgeiq_standard_time_recovered_v1.0.0,1.0.0,2026-07-30T07:43:47Z
STFR-70D3A15303B86B85B924F4E2,BGFR-6C0F2249C16AFCFE901E9A8D,TRACK_DISTANCE_SURFACE_CONDITION,CASTERTON,1200,,NOT_AVAILABLE_IN_SOURCE,TURF,AVAILABLE_BY_GOVERNED_SURFACE_RESOLVER,SOFT,AVAILABLE,MEDIAN_WINNER_RACE_TIME_SECONDS_RECOVERED_TIMING_MIN20,73.030000,90,71.030000,76.210000,20,AVAILABLE,6c0f2249c16afcfe901e9a8d,d904d6c56890f68f4ccc0d77c95b602c9460d22d3cbeb73555953aa57a32d402,19158fa654a64144f17487d30c47a322e92b1a6eaa3abecb94835241ebc783bb,EDGEIQ_TIMING_WAREHOUSE_RECOVERY_V1,edgeiq_standard_time_recovered_v1.0.0,1.0.0,2026-07-30T07:43:47Z
STFR-468987FE32580ED30C7080AF,BGFR-C3C8DB011F5925C1014460DB,TRACK_DISTANCE_SURFACE_CONDITION,CASTERTON,1400,,NOT_AVAILABLE_IN_SOURCE,TURF,AVAILABLE_BY_GOVERNED_SURFACE_RESOLVER,GOOD,AVAILABLE,MEDIAN_WINNER_RACE_TIME_SECONDS_RECOVERED_TIMING_MIN20,84.640000,31,82.730000,87.580000,20,AVAILABLE,c3c8db011f5925c1014460db,84454bb3f7c8930723250d99793c8b8738200cc854990731c488dc0a25696b3a,bae28fc37a665fa993bf3d26f60049b079db774881be900aeaa214346d9849ee,EDGEIQ_TIMING_WAREHOUSE_RECOVERY_V1,edgeiq_standard_time_recovered_v1.0.0,1.0.0,2026-07-30T07:43:47Z
STFR-D54D2B08020D6D58A859DD9A,BGFR-CB553CB5301CC8005FA6D0C2,TRACK_DISTANCE_SURFACE_CONDITION,CASTERTON,1400,,NOT_AVAILABLE_IN_SOURCE,TURF,AVAILABLE_BY_GOVERNED_SURFACE_RESOLVER,HEAVY,AVAILABLE,MEDIAN_WINNER_RACE_TIME_SECONDS_RECOVERED_TIMING_MIN20,87.230000,34,84.990000,89.860000,20,AVAILABLE,cb553cb5301cc8005fa6d0c2,653afcc64d9917ab4f06c4e580fa5d207eff9be50dfa052b44636caf4d146694,dada9eb970b027b81fefea71d718a99ed0cd9fe14adb16a4cb9cf08b35e7e212,EDGEIQ_TIMING_WAREHOUSE_RECOVERY_V1,edgeiq_standard_time_recovered_v1.0.0,1.0.0,2026-07-30T07:43:47Z
STFR-A3E4DB735AEBD83231A9037C,BGFR-552FE9E2B6C4B181EEA2F6EC,TRACK_DISTANCE_SURFACE_CONDITION,CASTERTON,1400,,NOT_AVAILABLE_IN_SOURCE,TURF,AVAILABLE_BY_GOVERNED_SURFACE_RESOLVER,SOFT,AVAILABLE,MEDIAN_WINNER_RACE_TIME_SECONDS_RECOVERED_TIMING_MIN20,86.060000,103,81.800000,88.570000,20,AVAILABLE,552fe9e2b6c4b181eea2f6ec,277eb86be91825f124390948a335747126f279192d829780e289885cb5635a13,6c76c551b8645d3923f6039c70554e70caec87659ecfa210efb01fb496e58793,EDGEIQ_TIMING_WAREHOUSE_RECOVERY_V1,edgeiq_standard_time_recovered_v1.0.0,1.0.0,2026-07-30T07:43:47Z
STFR-F0B3688D4D9A082A598A57CE,BGFR-AC5652712A8E68665663E461,TRACK_DISTANCE_SURFACE_CONDITION,CASTERTON,1800,,NOT_AVAILABLE_IN_SOURCE,TURF,AVAILABLE_BY_GOVERNED_SURFACE_RESOLVER,GOOD,AVAILABLE,MEDIAN_WINNER_RACE_TIME_SECONDS_RECOVERED_TIMING_MIN20,112.480000,24,110.100000,114.930000,20,AVAILABLE,ac5652712a8e68665663e461,83dd89e960a0a61e47f06ce14e70a577b849fe92d272b682937289246a8a481f,83966a913ba47f9bb69730187291d94dd02355a9cf11f417881bcb0df30d97fb,EDGEIQ_TIMING_WAREHOUSE_RECOVERY_V1,edgeiq_standard_time_recovered_v1.0.0,1.0.0,2026-07-30T07:43:47Z
STFR-12C5C8BBF0B1712653853C56,BGFR-20F86D3FC88A41CE472F6210,TRACK_DISTANCE_SURFACE_CONDITION,CASTERTON,1800,,NOT_AVAILABLE_IN_SOURCE,TURF,AVAILABLE_BY_GOVERNED_SURFACE_RESOLVER,SOFT,AVAILABLE,MEDIAN_WINNER_RACE_TIME_SECONDS_RECOVERED_TIMING_MIN20,114.260000,65,111.430000,118.510000,20,AVAILABLE,20f86d3fc88a41ce472f6210,80c127a4b8b566dbc471e86267fbeac9a0c64469a4d03745b450ee1ea2c025cb,fe2a459292afd4b4c085941dbb9679bf4edca2adbd60ca2a93cb3a4e101caa1e,EDGEIQ_TIMING_WAREHOUSE_RECOVERY_V1,edgeiq_standard_time_recovered_v1.0.0,1.0.0,2026-07-30T07:43:47Z
STFR-4F09CA1C2592EDEF5F9C993A,BGFR-F54441BE56E73BF351E93194,TRACK_DISTANCE_SURFACE_CONDITION,CASTERTON,2000,,NOT_AVAILABLE_IN_SOURCE,TURF,AVAILABLE_BY_GOVERNED_SURFACE_RESOLVER,SOFT,AVAILABLE,MEDIAN_WINNER_RACE_TIME_SECONDS_RECOVERED_TIMING_MIN20,126.950000,61,123.460000,133.300000,20,AVAILABLE,f54441be56e73bf351e93194,3188de830f7c3094cf8000ee63c252f87650edf99a6a672108e57f69cefbfc2e,fc6f002b76867783293aaf16eadbcdfd03009c6b21b830960c55a08d2fc76a70,EDGEIQ_TIMING_WAREHOUSE_RECOVERY_V1,edgeiq_standard_time_recovered_v1.0.0,1.0.0,2026-07-30T07:43:47Z
STFR-A05BC292D5FECB191551F6AE,BGFR-21B078F3D93CAF9B7C8857BD,TRACK_DISTANCE_SURFACE_CONDITION,CASTERTON,3000,,NOT_AVAILABLE_IN_SOURCE,TURF,AVAILABLE_BY_GOVERNED_SURFACE_RESOLVER,SOFT,AVAILABLE,MEDIAN_WINNER_RACE_TIME_SECONDS_RECOVERED_TIMING_MIN20,204.880000,23,200.640000,210.980000,20,AVAILABLE,21b078f3d93caf9b7c8857bd,811b3a6f319bb26bfc4ca7fa0e40bb38ce90c9ecb5b2f824f575e7b7b9322084,ebdbfcf79ba9de81c761599de722135ff2e3002a81d00693ee00010203140224,EDGEIQ_TIMING_WAREHOUSE_RECOVERY_V1,edgeiq_standard_time_recovered_v1.0.0,1.0.0,2026-07-30T07:43:47Z
STFR-829BA4192CCB53F1550CD738,BGFR-9CE2A242FDB626DCB1CB2C6A,TRACK_DISTANCE_SURFACE_CONDITION,CASTERTON,3480,,NOT_AVAILABLE_IN_SOURCE,TURF,AVAILABLE_BY_GOVERNED_SURFACE_RESOLVER,SOFT,AVAILABLE,MEDIAN_WINNER_RACE_TIME_SECONDS_RECOVERED_TIMING_MIN20,236.535000,26,231.380000,240.280000,20,AVAILABLE,9ce2a242fdb626dcb1cb2c6a,bd9cd6e9bd2eab65fcbbeb77f124bd44c22509f598cd7876d9ec171415854614,0efa8d5789d4f366952686f1f41b4587933e7cb91c877724d6f10d12e883d7be,EDGEIQ_TIMING_WAREHOUSE_RECOVERY_V1,edgeiq_standard_time_recovered_v1.0.0,1.0.0,2026-07-30T07:43:47Z
STFR-AD4B426B7257295F6A7D22C6,BGFR-DA2BF328CB1F9D170F4DD255,TRACK_DISTANCE_SURFACE_CONDITION,CASTERTON,3500,,NOT_AVAILABLE_IN_SOURCE,TURF,AVAILABLE_BY_GOVERNED_SURFACE_RESOLVER,SOFT,AVAILABLE,MEDIAN_WINNER_RACE_TIME_SECONDS_RECOVERED_TIMING_MIN20,237.045000,22,233.830000,243.310000,20,AVAILABLE,da2bf328cb1f9d170f4dd255,e942bf311e8f936c000af2e4ac51df1682cefe663a0e12680154db93b1842ab0,93da28d971f895b5ead4e0fc501b43bb21e9964b5ae7dc86d3a20d75d553faeb,EDGEIQ_TIMING_WAREHOUSE_RECOVERY_V1,edgeiq_standard_time_recovered_v1.0.0,1.0.0,2026-07-30T07:43:47Z
STFR-302E5CDE7CC7B261A0C4CC38,BGFR-BE6938B551C06F0EFDB8F5B0,TRACK_DISTANCE_SURFACE_CONDITION,CASTERTON,3800,,NOT_AVAILABLE_IN_SOURCE,TURF,AVAILABLE_BY_GOVERNED_SURFACE_RESOLVER,SOFT,AVAILABLE,MEDIAN_WINNER_RACE_TIME_SECONDS_RECOVERED_TIMING_MIN20,278.765000,46,268.840000,290.610000,20,AVAILABLE,be6938b551c06f0efdb8f5b0,5ce3bf7eee8a149605de172f43a21cc9ee4e04b52bfaf6e9d52993e90a51d94e,c4f0079532ecdfbc4262771306764a08d310de65983bbcd2bac7f18e8402e4dd,EDGEIQ_TIMING_WAREHOUSE_RECOVERY_V1,edgeiq_standard_time_recovered_v1.0.0,1.0.0,2026-07-30T07:43:47Z
STFR-FBF85B59C4F0D9A8E7CADC6A,BGFR-47F4337586F2B2821BDE5A22,TRACK_DISTANCE_SURFACE_CONDITION,CAULFIELD,1000,,NOT_AVAILABLE_IN_SOURCE,TURF,AVAILABLE_BY_GOVERNED_SURFACE_RESOLVER,GOOD,AVAILABLE,MEDIAN_WINNER_RACE_TIME_SECONDS_RECOVERED_TIMING_MIN20,57.655000,184,56.000000,59.870000,20,AVAILABLE,47f4337586f2b2821bde5a22,df73d0f61f25246401951ac9cdad8cf23dc78ff876318a48f7e7caccc0941f02,56abbdee00f4b47ec3053d8b3a1453342795c7c40e3736f9e5e0b265a6b61a7c,EDGEIQ_TIMING_WAREHOUSE_RECOVERY_V1,edgeiq_standard_time_recovered_v1.0.0,1.0.0,2026-07-30T07:43:47Z
STFR-93993ECE3A91132B1958CC5F,BGFR-F5D66437A18D0EE486E60E90,TRACK_DISTANCE_SURFACE_CONDITION,CAULFIELD,1000,,NOT_AVAILABLE_IN_SOURCE,TURF,AVAILABLE_BY_GOVERNED_SURFACE_RESOLVER,SOFT,AVAILABLE,MEDIAN_WINNER_RACE_TIME_SECONDS_RECOVERED_TIMING_MIN20,58.725000,62,56.750000,60.580000,20,AVAILABLE,f5d66437a18d0ee486e60e90,519eecad8acd2dbde6ad4a9ebfe1d50985a74742e29397b882050587363af01e,6105ea5d56c2c08940fbb9481fd5149e6539c072f16fe2ba444a7f36231050f2,EDGEIQ_TIMING_WAREHOUSE_RECOVERY_V1,edgeiq_standard_time_recovered_v1.0.0,1.0.0,2026-07-30T07:43:47Z
STFR-719EDADE9925AFA704A5723A,BGFR-02A295F97E08DF8BB82F2DD5,TRACK_DISTANCE_SURFACE_CONDITION,CAULFIELD,1100,,NOT_AVAILABLE_IN_SOURCE,TURF,AVAILABLE_BY_GOVERNED_SURFACE_RESOLVER,FIRM,AVAILABLE,MEDIAN_WINNER_RACE_TIME_SECONDS_RECOVERED_TIMING_MIN20,63.390000,26,61.970000,65.090000,20,AVAILABLE,02a295f97e08df8bb82f2dd5,6a1fabb8435bf1d32e92a062e95e52b11200f559a35f767ae7df3b7e081afa1a,d77560ad89a787df691f967061d0f1f2b67106b0ed61adb0e4ff2a687e2d9299,EDGEIQ_TIMING_WAREHOUSE_RECOVERY_V1,edgeiq_standard_time_recovered_v1.0.0,1.0.0,2026-07-30T07:43:47Z
STFR-74F963750F039ECB864B9B4B,BGFR-46725A57B3BFA239674A0FED,TRACK_DISTANCE_SURFACE_CONDITION,CAULFIELD,1100,,NOT_AVAILABLE_IN_SOURCE,TURF,AVAILABLE_BY_GOVERNED_SURFACE_RESOLVER,GOOD,AVAILABLE,MEDIAN_WINNER_RACE_TIME_SECONDS_RECOVERED_TIMING_MIN20,63.570000,407,61.730000,65.960000,20,AVAILABLE,46725a57b3bfa239674a0fed,79568b196f589c90eb661bcf14797afd7fe6c674ff16af419b587a3be833956c,46973708cb2d4354c4a6af09f043c55497280bd47cd920381ff70cbe2141bb89,EDGEIQ_TIMING_WAREHOUSE_RECOVERY_V1,edgeiq_standard_time_recovered_v1.0.0,1.0.0,2026-07-30T07:43:47Z
STFR-D040CDDFEE53B51F0BE3C3CA,BGFR-D44A2365C3B02B5DBD88DD71,TRACK_DISTANCE_SURFACE_CONDITION,CAULFIELD,1100,,NOT_AVAILABLE_IN_SOURCE,TURF,AVAILABLE_BY_GOVERNED_SURFACE_RESOLVER,HEAVY,AVAILABLE,MEDIAN_WINNER_RACE_TIME_SECONDS_RECOVERED_TIMING_MIN20,66.160000,39,63.950000,68.680000,20,AVAILABLE,d44a2365c3b02b5dbd88dd71,9bd5cf15fe9eee47ec35ff70f1c4226b75a3fd2b056771a26d47d9393587bb26,930088e5bf4715bbfa97f500c043a58f5a76d183fe09f25ec4ff96402d0a8aa6,EDGEIQ_TIMING_WAREHOUSE_RECOVERY_V1,edgeiq_standard_time_recovered_v1.0.0,1.0.0,2026-07-30T07:43:47Z
STFR-2915E844777D1D8E7B57A744,BGFR-A94F6AF06EF2FD65EC806D11,TRACK_DISTANCE_SURFACE_CONDITION,CAULFIELD,1100,,NOT_AVAILABLE_IN_SOURCE,TURF,AVAILABLE_BY_GOVERNED_SURFACE_RESOLVER,SOFT,AVAILABLE,MEDIAN_WINNER_RACE_TIME_SECONDS_RECOVERED_TIMING_MIN20,64.685000,140,63.020000,67.520000,20,AVAILABLE,a94f6af06ef2fd65ec806d11,547ee362658dfa11c84ba198541c2092522b83b7104d137c00a11e719f047201,2be247e8967e91672dce9fdc61e1de8e11c50310a41d77242443e4b82af59206,EDGEIQ_TIMING_WAREHOUSE_RECOVERY_V1,edgeiq_standard_time_recovered_v1.0.0,1.0.0,2026-07-30T07:43:47Z
STFR-49A1433B32948DEAB508B73E,BGFR-28BEA35169BCA46A32E73D26,TRACK_DISTANCE_SURFACE_CONDITION,CAULFIELD,1200,,NOT_AVAILABLE_IN_SOURCE,TURF,AVAILABLE_BY_GOVERNED_SURFACE_RESOLVER,FIRM,AVAILABLE,MEDIAN_WINNER_RACE_TIME_SECONDS_RECOVERED_TIMING_MIN20,69.780000,33,68.990000,71.290000,20,AVAILABLE,28bea35169bca46a32e73d26,ed5b99729ca5073b30b55cd465934adeed49818343caa84d9ee91e5ae9be2edd,cc0b9bfbd21e662eff00492866db2bab562a0c730986fa04f4b5c8cf9432817b,EDGEIQ_TIMING_WAREHOUSE_RECOVERY_V1,edgeiq_standard_time_recovered_v1.0.0,1.0.0,2026-07-30T07:43:47Z
STFR-BE27E0E62CB7B650977B1CD4,BGFR-07DE7545C3CD63A0A563CCF7,TRACK_DISTANCE_SURFACE_CONDITION,CAULFIELD,1200,,NOT_AVAILABLE_IN_SOURCE,TURF,AVAILABLE_BY_GOVERNED_SURFACE_RESOLVER,GOOD,AVAILABLE,MEDIAN_WINNER_RACE_TIME_SECONDS_RECOVERED_TIMING_MIN20,70.015000,494,67.740000,72.410000,20,AVAILABLE,07de7545c3cd63a0a563ccf7,3f931945c55e025654cd03b61019444eeb73d225bd08b97b528f4a2f1195f8f6,6e6ead5e45c141af18f5086a85df2f47d5d0d326acfabdb8e4bbc5dc75377419,EDGEIQ_TIMING_WAREHOUSE_RECOVERY_V1,edgeiq_standard_time_recovered_v1.0.0,1.0.0,2026-07-30T07:43:47Z
STFR-4C301A5B724ADCAF54779127,BGFR-D894A6664CD761248F1AB990,TRACK_DISTANCE_SURFACE_CONDITION,CAULFIELD,1200,,NOT_AVAILABLE_IN_SOURCE,TURF,AVAILABLE_BY_GOVERNED_SURFACE_RESOLVER,HEAVY,AVAILABLE,MEDIAN_WINNER_RACE_TIME_SECONDS_RECOVERED_TIMING_MIN20,73.070000,36,69.780000,74.720000,20,AVAILABLE,d894a6664cd761248f1ab990,4342010990e8e38361220b4aa822ed028033061b7ea3fb5be4e5837c3b593148,9e58dc40e62cfd3f753406884b12809ad534db91648ee1b4791726df96fcfd64,EDGEIQ_TIMING_WAREHOUSE_RECOVERY_V1,edgeiq_standard_time_recovered_v1.0.0,1.0.0,2026-07-30T07:43:47Z
STFR-58287C6E9BCD472990DB008C,BGFR-C3F2016016DF2E07E73ACCC7,TRACK_DISTANCE_SURFACE_CONDITION,CAULFIELD,1200,,NOT_AVAILABLE_IN_SOURCE,TURF,AVAILABLE_BY_GOVERNED_SURFACE_RESOLVER,SOFT,AVAILABLE,MEDIAN_WINNER_RACE_TIME_SECONDS_RECOVERED_TIMING_MIN20,71.150000,164,69.020000,73.770000,20,AVAILABLE,c3f2016016df2e07e73accc7,05ba82ff6d74a74b6be9405b112dcedf8c755e5fdc0986c47835f84b88255c96,66412e34af4bd1645c4b73f023863ecc9a96153692787916683e9b86becd9cac,EDGEIQ_TIMING_WAREHOUSE_RECOVERY_V1,edgeiq_standard_time_recovered_v1.0.0,1.0.0,2026-07-30T07:43:47Z
STFR-EA7320E18DE7D4E8C46A59ED,BGFR-96A30910DC7BDD899A2FCA9F,TRACK_DISTANCE_SURFACE_CONDITION,CAULFIELD,1400,,NOT_AVAILABLE_IN_SOURCE,TURF,AVAILABLE_BY_GOVERNED_SURFACE_RESOLVER,FIRM,AVAILABLE,MEDIAN_WINNER_RACE_TIME_SECONDS_RECOVERED_TIMING_MIN20,83.390000,44,81.900000,86.370000,20,AVAILABLE,96a30910dc7bdd899a2fca9f,81d2a6b857ed22084ee5740eb0704a3c34f19d29d08de63a295880b6389fabf1,0a20b594501e5f0a947a48a6d81dc772c8f4b5c2a280bf1d60306d16abe4801c,EDGEIQ_TIMING_WAREHOUSE_RECOVERY_V1,edgeiq_standard_time_recovered_v1.0.0,1.0.0,2026-07-30T07:43:47Z
STFR-0EB692CBC89B403424C410D8,BGFR-E4E0383F31156F6305BE14FF,TRACK_DISTANCE_SURFACE_CONDITION,CAULFIELD,1400,,NOT_AVAILABLE_IN_SOURCE,TURF,AVAILABLE_BY_GOVERNED_SURFACE_RESOLVER,GOOD,AVAILABLE,MEDIAN_WINNER_RACE_TIME_SECONDS_RECOVERED_TIMING_MIN20,83.505000,624,81.070000,87.570000,20,AVAILABLE,e4e0383f31156f6305be14ff,2252d6ac6840053023642cdde652592e853ce0b6b1f19ce9179a63e09383af6e,5cafd4749bc8d38961ae873ba761dbddfc59e7f7d2be2f39e28493aba993cf97,EDGEIQ_TIMING_WAREHOUSE_RECOVERY_V1,edgeiq_standard_time_recovered_v1.0.0,1.0.0,2026-07-30T07:43:47Z
STFR-3135AE545A827C7318C9B334,BGFR-315E1E94D1E800AB3E6A7663,TRACK_DISTANCE_SURFACE_CONDITION,CAULFIELD,1400,,NOT_AVAILABLE_IN_SOURCE,TURF,AVAILABLE_BY_GOVERNED_SURFACE_RESOLVER,HEAVY,AVAILABLE,MEDIAN_WINNER_RACE_TIME_SECONDS_RECOVERED_TIMING_MIN20,86.900000,55,82.360000,89.450000,20,AVAILABLE,315e1e94d1e800ab3e6a7663,d9e3d66a3e019d9a2ea33fed4a5af454978bd64b815d18ce7ca809f8d773f12b,28a59d8e18059807ae3faac3da0873ee938f13a77151de663adeed8c4c007646,EDGEIQ_TIMING_WAREHOUSE_RECOVERY_V1,edgeiq_standard_time_recovered_v1.0.0,1.0.0,2026-07-30T07:43:47Z
STFR-A1C75EBCBC18C36ECE52296A,BGFR-407A0539816F00747D700A42,TRACK_DISTANCE_SURFACE_CONDITION,CAULFIELD,1400,,NOT_AVAILABLE_IN_SOURCE,TURF,AVAILABLE_BY_GOVERNED_SURFACE_RESOLVER,SOFT,AVAILABLE,MEDIAN_WINNER_RACE_TIME_SECONDS_RECOVERED_TIMING_MIN20,84.900000,200,82.740000,89.540000,20,AVAILABLE,407a0539816f00747d700a42,910e918dad7dbbea4d48625a15e2a244360b3895149eb1308b823d4b50f05367,d23185adb2e8bc94d002c76abc15f23fc73f60ef65c83f4ca043730afeb3a21e,EDGEIQ_TIMING_WAREHOUSE_RECOVERY_V1,edgeiq_standard_time_recovered_v1.0.0,1.0.0,2026-07-30T07:43:47Z
STFR-73EA4E9ED1C6E546A0C036AD,BGFR-8CC8EC29D0533307200FF927,TRACK_DISTANCE_SURFACE_CONDITION,CAULFIELD,1440,,NOT_AVAILABLE_IN_SOURCE,TURF,AVAILABLE_BY_GOVERNED_SURFACE_RESOLVER,GOOD,AVAILABLE,MEDIAN_WINNER_RACE_TIME_SECONDS_RECOVERED_TIMING_MIN20,86.910000,42,84.320000,89.540000,20,AVAILABLE,8cc8ec29d0533307200ff927,5b7b62a6db5bc1fbb4e35c1371fe6e3a66d441c28e3de9734e186b306ac14ca9,b8a141ef9641af9278db55036a5c6a551de38d94fae15b27036d22574612c211,EDGEIQ_TIMING_WAREHOUSE_RECOVERY_V1,edgeiq_standard_time_recovered_v1.0.0,1.0.0,2026-07-30T07:43:47Z
STFR-B9F160FC3977A7A0E797B5DD,BGFR-407E834F8897E5A37BC9DAFE,TRACK_DISTANCE_SURFACE_CONDITION,CAULFIELD,1440,,NOT_AVAILABLE_IN_SOURCE,TURF,AVAILABLE_BY_GOVERNED_SURFACE_RESOLVER,SOFT,AVAILABLE,MEDIAN_WINNER_RACE_TIME_SECONDS_RECOVERED_TIMING_MIN20,88.050000,25,85.920000,90.360000,20,AVAILABLE,407e834f8897e5a37bc9dafe,10453bf4f92c8e653d88f70cdf6200ebeb194ed6e0fb147a83e4061a2bff363d,2dbf18123bf0376aca621b882f4f0a53c3bd056ed97c29a91976b9c1fd9d7f17,EDGEIQ_TIMING_WAREHOUSE_RECOVERY_V1,edgeiq_standard_time_recovered_v1.0.0,1.0.0,2026-07-30T07:43:47Z
STFR-AACD38D1726FF5C3845AEEBD,BGFR-184B3D9D93114EAC24BB156E,TRACK_DISTANCE_SURFACE_CONDITION,CAULFIELD,1600,,NOT_AVAILABLE_IN_SOURCE,TURF,AVAILABLE_BY_GOVERNED_SURFACE_RESOLVER,GOOD,AVAILABLE,MEDIAN_WINNER_RACE_TIME_SECONDS_RECOVERED_TIMING_MIN20,97.160000,306,94.280000,101.280000,20,AVAILABLE,184b3d9d93114eac24bb156e,0f2209e8bbd25acef4bdd0506c1c90ce26ee09c4eb34ef5d815d1025e0b575e3,2351d81ada1a0c9b669400ebd5c6145da9efb0b49a173ee66bc410cc5c860c6d,EDGEIQ_TIMING_WAREHOUSE_RECOVERY_V1,edgeiq_standard_time_recovered_v1.0.0,1.0.0,2026-07-30T07:43:47Z
STFR-A7E087D6C47F90CF3DAD160A,BGFR-816C579F57E4920833397904,TRACK_DISTANCE_SURFACE_CONDITION,CAULFIELD,1600,,NOT_AVAILABLE_IN_SOURCE,TURF,AVAILABLE_BY_GOVERNED_SURFACE_RESOLVER,SOFT,AVAILABLE,MEDIAN_WINNER_RACE_TIME_SECONDS_RECOVERED_TIMING_MIN20,98.440000,95,95.840000,102.170000,20,AVAILABLE,816c579f57e4920833397904,b054d3106a80aae37843293901b0e457f28a0e66815799ad88ddf697a7cdb15c,e0235f02c8ce8ea1d25b36ac112262ff5d3300002ad19c8deb50821e3f2f19a5,EDGEIQ_TIMING_WAREHOUSE_RECOVERY_V1,edgeiq_standard_time_recovered_v1.0.0,1.0.0,2026-07-30T07:43:47Z
STFR-194377FADED531305D0182E0,BGFR-73501669A7DA39FDE433A737,TRACK_DISTANCE_SURFACE_CONDITION,CAULFIELD,1700,,NOT_AVAILABLE_IN_SOURCE,TURF,AVAILABLE_BY_GOVERNED_SURFACE_RESOLVER,GOOD,AVAILABLE,MEDIAN_WINNER_RACE_TIME_SECONDS_RECOVERED_TIMING_MIN20,103.745000,64,101.420000,106.130000,20,AVAILABLE,73501669a7da39fde433a737,2df1bf28e3ef525f743cd00b1a1628834c81eae98e52deaeb7e2e260b2e757fb,cda94edf2e664d0f19a6a896c8c7f408d5cba160c210f5a253f88f8ff7b9d46b,EDGEIQ_TIMING_WAREHOUSE_RECOVERY_V1,edgeiq_standard_time_recovered_v1.0.0,1.0.0,2026-07-30T07:43:47Z
STFR-019FB76975619D80BB551493,BGFR-53DD5DD713B3DCA3FB55E19A,TRACK_DISTANCE_SURFACE_CONDITION,CAULFIELD,1700,,NOT_AVAILABLE_IN_SOURCE,TURF,AVAILABLE_BY_GOVERNED_SURFACE_RESOLVER,SOFT,AVAILABLE,MEDIAN_WINNER_RACE_TIME_SECONDS_RECOVERED_TIMING_MIN20,105.430000,25,102.960000,107.250000,20,AVAILABLE,53dd5dd713b3dca3fb55e19a,6b2ce979a259d48b257855054cd3f80769bfa4695e87bc69394012eb8f648692,22728ca12ff838377283bf793df6196f766d4f73bc0570470cb5e7824381841b,EDGEIQ_TIMING_WAREHOUSE_RECOVERY_V1,edgeiq_standard_time_recovered_v1.0.0,1.0.0,2026-07-30T07:43:47Z
STFR-4C6CA66B4A3A600D18AF2B1F,BGFR-B3CCD10D95298F981C4D9CA3,TRACK_DISTANCE_SURFACE_CONDITION,CAULFIELD,1800,,NOT_AVAILABLE_IN_SOURCE,TURF,AVAILABLE_BY_GOVERNED_SURFACE_RESOLVER,GOOD,AVAILABLE,MEDIAN_WINNER_RACE_TIME_SECONDS_RECOVERED_TIMING_MIN20,109.610000,133,107.190000,112.740000,20,AVAILABLE,b3ccd10d95298f981c4d9ca3,bcb859fbfd1944d04a2d01acbb1f19ba5b93c2ec32f7fdd77b33ffdb00e178a9,b4f1668d98af895b306a095bc0c1d56cb4a1442ad26f1e190fdf24e7ed5c38f9,EDGEIQ_TIMING_WAREHOUSE_RECOVERY_V1,edgeiq_standard_time_recovered_v1.0.0,1.0.0,2026-07-30T07:43:47Z
STFR-F341FAAC6BFC86CE6CD16615,BGFR-87F35AD6AEFC26B4150B3BEB,TRACK_DISTANCE_SURFACE_CONDITION,CAULFIELD,1800,,NOT_AVAILABLE_IN_SOURCE,TURF,AVAILABLE_BY_GOVERNED_SURFACE_RESOLVER,SOFT,AVAILABLE,MEDIAN_WINNER_RACE_TIME_SECONDS_RECOVERED_TIMING_MIN20,111.920000,49,109.010000,114.700000,20,AVAILABLE,87f35ad6aefc26b4150b3beb,57249072610d1c92c1bc326df940e9ec9d0d9029a82834dd1fedf72c007aba8a,89009f72a2f65a8cc6868575bb140f083a44569109e987198b2b23df056e4bc6,EDGEIQ_TIMING_WAREHOUSE_RECOVERY_V1,edgeiq_standard_time_recovered_v1.0.0,1.0.0,2026-07-30T07:43:47Z
STFR-E1CDCF6DC27B56B72E424C80,BGFR-23035C666928E36AC821E3BF,TRACK_DISTANCE_SURFACE_CONDITION,CAULFIELD,2000,,NOT_AVAILABLE_IN_SOURCE,TURF,AVAILABLE_BY_GOVERNED_SURFACE_RESOLVER,GOOD,AVAILABLE,MEDIAN_WINNER_RACE_TIME_SECONDS_RECOVERED_TIMING_MIN20,123.000000,263,120.330000,126.750000,20,AVAILABLE,23035c666928e36ac821e3bf,77c5319f613bc2a6318fe510cdd99d6e6a266ad1734ca35adda73031ebfbc59a,d8a05bb7651fa059d5fbc546bce03763a0ec6e20ce540fb062d0c1a96b97a766,EDGEIQ_TIMING_WAREHOUSE_RECOVERY_V1,edgeiq_standard_time_recovered_v1.0.0,1.0.0,2026-07-30T07:43:47Z
STFR-0D3D0F3A1D230FDFDF048FA1,BGFR-30D25B16337A2B1A81A3768E,TRACK_DISTANCE_SURFACE_CONDITION,CAULFIELD,2000,,NOT_AVAILABLE_IN_SOURCE,TURF,AVAILABLE_BY_GOVERNED_SURFACE_RESOLVER,SOFT,AVAILABLE,MEDIAN_WINNER_RACE_TIME_SECONDS_RECOVERED_TIMING_MIN20,125.460000,84,122.300000,128.420000,20,AVAILABLE,30d25b16337a2b1a81a3768e,8cd959010ed2cbc5cc3bb9d58809dc03addb87a8318e91638e7300bcb96355ca,5b9cd2882c9e107fe0a79a84fc7b446518a8ddfdb182a9276d6dfb64bee2bfab,EDGEIQ_TIMING_WAREHOUSE_RECOVERY_V1,edgeiq_standard_time_recovered_v1.0.0,1.0.0,2026-07-30T07:43:47Z
STFR-0246B5213DC10E3BB8411989,BGFR-1C6934D699AD7BE259E2AD88,TRACK_DISTANCE_SURFACE_CONDITION,CAULFIELD,2400,,NOT_AVAILABLE_IN_SOURCE,TURF,AVAILABLE_BY_GOVERNED_SURFACE_RESOLVER,GOOD,AVAILABLE,MEDIAN_WINNER_RACE_TIME_SECONDS_RECOVERED_TIMING_MIN20,149.980000,75,145.320000,156.180000,20,AVAILABLE,1c6934d699ad7be259e2ad88,731b6be249c34a234c67b68035b557cc5f538a3ec43e31874c341d4dc7026150,aacb6946a428e3d946958f7310ec6b56a50ecbb217c7e39bcda7ff8a8e23b319,EDGEIQ_TIMING_WAREHOUSE_RECOVERY_V1,edgeiq_standard_time_recovered_v1.0.0,1.0.0,2026-07-30T07:43:47Z
STFR-CF75B7FE14CB59041760F2FC,BGFR-8F081992BA62501AB7FBCF70,TRACK_DISTANCE_SURFACE_CONDITION,CAULFIELD,2400,,NOT_AVAILABLE_IN_SOURCE,TURF,AVAILABLE_BY_GOVERNED_SURFACE_RESOLVER,SOFT,AVAILABLE,MEDIAN_WINNER_RACE_TIME_SECONDS_RECOVERED_TIMING_MIN20,152.065000,38,149.560000,156.020000,20,AVAILABLE,8f081992ba62501ab7fbcf70,6cf88d255491e5f51c60e03ed6a8965b2a568d1a6e86723be22cba49693ca9c2,165e1b66885c7646c29ee2417d923c3a366e3e804b06333ddf9494e84c25c34e,EDGEIQ_TIMING_WAREHOUSE_RECOVERY_V1,edgeiq_standard_time_recovered_v1.0.0,1.0.0,2026-07-30T07:43:47Z
STFR-44CDF296855D02F34FF21E77,BGFR-B66471640F6253F852329A10,TRACK_DISTANCE_SURFACE_CONDITION,CAULFIELD HEATH,1000,,NOT_AVAILABLE_IN_SOURCE,TURF,AVAILABLE_BY_GOVERNED_SURFACE_RESOLVER,GOOD,AVAILABLE,MEDIAN_WINNER_RACE_TIME_SECONDS_RECOVERED_TIMING_MIN20,58.300000,69,56.700000,63.400000,20,AVAILABLE,b66471640f6253f852329a10,22173489cf359371489b131dfd34393dc21504b684cb0b47d436408fa19bb09e,aba31eda2a0795b04bd610401cdb9c4c08b3edbab0503ada13d184abbd1d51c1,EDGEIQ_TIMING_WAREHOUSE_RECOVERY_V1,edgeiq_standard_time_recovered_v1.0.0,1.0.0,2026-07-30T07:43:47Z
STFR-8C644579EE8616A37871BEDD,BGFR-1220F2F4993F9A03E889F9A9,TRACK_DISTANCE_SURFACE_CONDITION,CAULFIELD HEATH,1000,,NOT_AVAILABLE_IN_SOURCE,TURF,AVAILABLE_BY_GOVERNED_SURFACE_RESOLVER,UNKNOWN,AVAILABLE,MEDIAN_WINNER_RACE_TIME_SECONDS_RECOVERED_TIMING_MIN20,60.060000,38,57.530000,63.180000,20,AVAILABLE,1220f2f4993f9a03e889f9a9,fc0b7c422f99ba19a5cca5f79de388aecf7e4991c0c83d9617ff741a70326f6a,e86fb4f22611c860d8f48fc42459a05cbf4531cd4f321f06c07f96e985fca46c,EDGEIQ_TIMING_WAREHOUSE_RECOVERY_V1,edgeiq_standard_time_recovered_v1.0.0,1.0.0,2026-07-30T07:43:47Z
STFR-7C63239F588C2CE751CF9A89,BGFR-91ABA4E1D235C2681883B396,TRACK_DISTANCE_SURFACE_CONDITION,CAULFIELD HEATH,1200,,NOT_AVAILABLE_IN_SOURCE,TURF,AVAILABLE_BY_GOVERNED_SURFACE_RESOLVER,GOOD,AVAILABLE,MEDIAN_WINNER_RACE_TIME_SECONDS_RECOVERED_TIMING_MIN20,70.230000,37,68.900000,71.420000,20,AVAILABLE,91aba4e1d235c2681883b396,ce6a9f29aa128e6ea8ae5cb5c89be1f758b98afa850b60a4fc54e6005e06c280,8a3883ecec81fe57e2393cb4b3c99400e6309c5c077c83e18c2613cb60166d54,EDGEIQ_TIMING_WAREHOUSE_RECOVERY_V1,edgeiq_standard_time_recovered_v1.0.0,1.0.0,2026-07-30T07:43:47Z
STFR-4D7CD5499BB852D2C013C154,BGFR-9718A6E5FA1655D48C4545FE,TRACK_DISTANCE_SURFACE_CONDITION,CAULFIELD HEATH,1500,,NOT_AVAILABLE_IN_SOURCE,TURF,AVAILABLE_BY_GOVERNED_SURFACE_RESOLVER,GOOD,AVAILABLE,MEDIAN_WINNER_RACE_TIME_SECONDS_RECOVERED_TIMING_MIN20,91.200000,30,89.010000,96.520000,20,AVAILABLE,9718a6e5fa1655d48c4545fe,411c1aadc8305540bdcdd7ed524cddb9489818227dd1032ab9cc2994f6743350,f52e01f54844507638b4f53c02476608c1afe1a21f4c2c16b23eefa1dee187e4,EDGEIQ_TIMING_WAREHOUSE_RECOVERY_V1,edgeiq_standard_time_recovered_v1.0.0,1.0.0,2026-07-30T07:43:47Z
STFR-0359193C1619E2835403B0C4,BGFR-0214B31AE61335231DEC9FBE,TRACK_DISTANCE_SURFACE_CONDITION,CAULFIELD HEATH,1600,,NOT_AVAILABLE_IN_SOURCE,TURF,AVAILABLE_BY_GOVERNED_SURFACE_RESOLVER,GOOD,AVAILABLE,MEDIAN_WINNER_RACE_TIME_SECONDS_RECOVERED_TIMING_MIN20,97.570000,21,95.890000,100.010000,20,AVAILABLE,0214b31ae61335231dec9fbe,a3cd9077dfd2d3f6239999b5094b15e68cc4bf5217d94c859465f5e60ac3945a,19381d2735c495ce5f5a866a1c0ca7c4a2a1e07c9887c85802cce2b3d0f1582a,EDGEIQ_TIMING_WAREHOUSE_RECOVERY_V1,edgeiq_standard_time_recovered_v1.0.0,1.0.0,2026-07-30T07:43:47Z
STFR-A4D7AD451C8206CE81F2200C,BGFR-4E4860261978CD4BEA070048,TRACK_DISTANCE_SURFACE_CONDITION,CAULFIELD HEATH,1800,,NOT_AVAILABLE_IN_SOURCE,TURF,AVAILABLE_BY_GOVERNED_SURFACE_RESOLVER,GOOD,AVAILABLE,MEDIAN_WINNER_RACE_TIME_SECONDS_RECOVERED_TIMING_MIN20,110.685000,26,109.190000,114.430000,20,AVAILABLE,4e4860261978cd4bea070048,0376af3b7f7cb73785f7463eec4afc091d6dc3992fb7d51340e5a52c1eed3440,e7f4ba82a7ffbe7f00d62411b28102678dbc64bf0d655c60e44f9965d4cf335b,EDGEIQ_TIMING_WAREHOUSE_RECOVERY_V1,edgeiq_standard_time_recovered_v1.0.0,1.0.0,2026-07-30T07:43:47Z
STFR-E13CCDF9CA9E32E7E0E66AFB,BGFR-8EFCF03C11A3BD9FCF884325,TRACK_DISTANCE_SURFACE_CONDITION,CAULFIELD HEATH,800,,NOT_AVAILABLE_IN_SOURCE,TURF,AVAILABLE_BY_GOVERNED_SURFACE_RESOLVER,GOOD,AVAILABLE,MEDIAN_WINNER_RACE_TIME_SECONDS_RECOVERED_TIMING_MIN20,46.940000,20,46.350000,48.180000,20,AVAILABLE,8efcf03c11a3bd9fcf884325,ccb4067207218d29b921d20deb7541aade1dfdc9705e6dd4f67e7691bf99fd70,67f620781c97f10c319d7cde5e9d129f37f6cc85de30946f447eb1c647890428,EDGEIQ_TIMING_WAREHOUSE_RECOVERY_V1,edgeiq_standard_time_recovered_v1.0.0,1.0.0,2026-07-30T07:43:47Z
STFR-CBD6C65AA5D894F06B6B9284,BGFR-2D0A15B76A6D51459C4236D2,TRACK_DISTANCE_SURFACE_CONDITION,CAULFIELD HEATH,800,,NOT_AVAILABLE_IN_SOURCE,TURF,AVAILABLE_BY_GOVERNED_SURFACE_RESOLVER,UNKNOWN,AVAILABLE,MEDIAN_WINNER_RACE_TIME_SECONDS_RECOVERED_TIMING_MIN20,47.235000,54,44.770000,49.370000,20,AVAILABLE,2d0a15b76a6d51459c4236d2,c3214ec414b36d5f6dcbac960d6a92cf857882ee62af1594534e2ec49b8867de,3584468cb4a1e1ee1aa4df2cfc77f5dbc9832a3f9e58dc04afd2b81d0e49393b,EDGEIQ_TIMING_WAREHOUSE_RECOVERY_V1,edgeiq_standard_time_recovered_v1.0.0,1.0.0,2026-07-30T07:43:47Z
STFR-48B7406AE41CF62C604AF03C,BGFR-B0D374724651337DE6620FA0,TRACK_DISTANCE_SURFACE_CONDITION,COLAC,1000,,NOT_AVAILABLE_IN_SOURCE,TURF,AVAILABLE_BY_GOVERNED_SURFACE_RESOLVER,GOOD,AVAILABLE,MEDIAN_WINNER_RACE_TIME_SECONDS_RECOVERED_TIMING_MIN20,58.690000,39,56.960000,60.060000,20,AVAILABLE,b0d374724651337de6620fa0,3a37ea90f03ba9de8ca920b4a6a99f5ab635d40bbad9c0373ccb7cbf3089a7be,c3050460ebeebe6add3e4fb1f9777be4cc365267220c2452ae108baa332eeec8,EDGEIQ_TIMING_WAREHOUSE_RECOVERY_V1,edgeiq_standard_time_recovered_v1.0.0,1.0.0,2026-07-30T07:43:47Z
STFR-C172C802CFC7149A69FF8196,BGFR-8963E842FD4D6E100BB1A011,TRACK_DISTANCE_SURFACE_CONDITION,COLAC,1100,,NOT_AVAILABLE_IN_SOURCE,TURF,AVAILABLE_BY_GOVERNED_SURFACE_RESOLVER,GOOD,AVAILABLE,MEDIAN_WINNER_RACE_TIME_SECONDS_RECOVERED_TIMING_MIN20,65.180000,43,63.770000,66.710000,20,AVAILABLE,8963e842fd4d6e100bb1a011,bed15a66d266c43d3a8a1f8a3468c5b837ed0da948ec0b83ed465a650574e077,8fc4cc451c9cba907104afb71eea3a21ea5554780d513080fc9a3572ea63596f,EDGEIQ_TIMING_WAREHOUSE_RECOVERY_V1,edgeiq_standard_time_recovered_v1.0.0,1.0.0,2026-07-30T07:43:47Z
STFR-9A6D10E1A4382EB5F4625BBC,BGFR-CFEAE1DC0CD607DABE4A5354,TRACK_DISTANCE_SURFACE_CONDITION,COLAC,1100,,NOT_AVAILABLE_IN_SOURCE,TURF,AVAILABLE_BY_GOVERNED_SURFACE_RESOLVER,SOFT,AVAILABLE,MEDIAN_WINNER_RACE_TIME_SECONDS_RECOVERED_TIMING_MIN20,66.095000,34,65.000000,69.040000,20,AVAILABLE,cfeae1dc0cd607dabe4a5354,8f573d2270b518361dd3f2f926fa096a9d6b43663b8ecc7ab2114ebaa227d471,635c59fdb15962414fa074a3503bce532dcbdbaf249abe631c403c20ab404211,EDGEIQ_TIMING_WAREHOUSE_RECOVERY_V1,edgeiq_standard_time_recovered_v1.0.0,1.0.0,2026-07-30T07:43:47Z
STFR-0911CFDC3A8D4EBE7654DAA7,BGFR-DF860E7737CEC7245492A7F1,TRACK_DISTANCE_SURFACE_CONDITION,COLAC,1200,,NOT_AVAILABLE_IN_SOURCE,TURF,AVAILABLE_BY_GOVERNED_SURFACE_RESOLVER,GOOD,AVAILABLE,MEDIAN_WINNER_RACE_TIME_SECONDS_RECOVERED_TIMING_MIN20,71.710000,77,70.070000,76.850000,20,AVAILABLE,df860e7737cec7245492a7f1,02f772a1a450a9fefb57d78393451ad0d224a3fae85920c86a5c1d8c33124c57,31d54de0c5f23fdb855b050e29a36eb22e6c2efccd250060c502e03b2f4fd2c4,EDGEIQ_TIMING_WAREHOUSE_RECOVERY_V1,edgeiq_standard_time_recovered_v1.0.0,1.0.0,2026-07-30T07:43:47Z
STFR-298B1DA64B6004D01F948F4A,BGFR-05E2232FD9EAD542DB29297C,TRACK_DISTANCE_SURFACE_CONDITION,COLAC,1200,,NOT_AVAILABLE_IN_SOURCE,TURF,AVAILABLE_BY_GOVERNED_SURFACE_RESOLVER,HEAVY,AVAILABLE,MEDIAN_WINNER_RACE_TIME_SECONDS_RECOVERED_TIMING_MIN20,75.005000,20,71.880000,78.990000,20,AVAILABLE,05e2232fd9ead542db29297c,d21a8e0baa0bbaadf5cd51e78eabc1003259b0b720854fd1336a38e39e56e8e2,0be15954a7144e6111e3c9b8f9ec7b7b7f53c981f1959b0e5404df91ca0bc657,EDGEIQ_TIMING_WAREHOUSE_RECOVERY_V1,edgeiq_standard_time_recovered_v1.0.0,1.0.0,2026-07-30T07:43:47Z
STFR-B262B82095A673AAEA6E2E11,BGFR-A967781A30C8F53EE3250928,TRACK_DISTANCE_SURFACE_CONDITION,COLAC,1200,,NOT_AVAILABLE_IN_SOURCE,TURF,AVAILABLE_BY_GOVERNED_SURFACE_RESOLVER,SOFT,AVAILABLE,MEDIAN_WINNER_RACE_TIME_SECONDS_RECOVERED_TIMING_MIN20,73.330000,48,71.170000,76.650000,20,AVAILABLE,a967781a30c8f53ee3250928,b1d45572c5e071e9faa5ed1a9d0d07bfebd9dffb3d59a7059240a402cc852a68,4c0643708195fdfc6a1b68a036c07f7b402af710eeee16ed6dc583730d6df24c,EDGEIQ_TIMING_WAREHOUSE_RECOVERY_V1,edgeiq_standard_time_recovered_v1.0.0,1.0.0,2026-07-30T07:43:47Z
STFR-83A9B10551EF2ADBA73184BB,BGFR-F9258C0C5CEEC434EDBB55C6,TRACK_DISTANCE_SURFACE_CONDITION,COLAC,1600,,NOT_AVAILABLE_IN_SOURCE,TURF,AVAILABLE_BY_GOVERNED_SURFACE_RESOLVER,GOOD,AVAILABLE,MEDIAN_WINNER_RACE_TIME_SECONDS_RECOVERED_TIMING_MIN20,99.035000,88,96.290000,102.980000,20,AVAILABLE,f9258c0c5ceec434edbb55c6,5655cdc2e17634fff35d83f9bb685bc4abc634e73ab6fe1021a62497a024cde1,c870a969e1387482352e981a3d51f5e5ef505753b1370da5d022fcb598540014,EDGEIQ_TIMING_WAREHOUSE_RECOVERY_V1,edgeiq_standard_time_recovered_v1.0.0,1.0.0,2026-07-30T07:43:47Z
STFR-BA664D8F8A3A665D50DB5D2C,BGFR-648B5F6229C28F7D73BB6555,TRACK_DISTANCE_SURFACE_CONDITION,COLAC,1600,,NOT_AVAILABLE_IN_SOURCE,TURF,AVAILABLE_BY_GOVERNED_SURFACE_RESOLVER,HEAVY,AVAILABLE,MEDIAN_WINNER_RACE_TIME_SECONDS_RECOVERED_TIMING_MIN20,104.855000,24,102.010000,111.890000,20,AVAILABLE,648b5f6229c28f7d73bb6555,e69d7acb7e36f55658f02c37cdfd18749097ced687d619814227035f8a500a9c,f0789689c2f421bcc33523c134d047f4841f7b2274a2dee9f1aa41406f36e01d,EDGEIQ_TIMING_WAREHOUSE_RECOVERY_V1,edgeiq_standard_time_recovered_v1.0.0,1.0.0,2026-07-30T07:43:47Z
STFR-045D53C897B48C7DA2FE6DB8,BGFR-780DD1A285C2C0F2A08AD265,TRACK_DISTANCE_SURFACE_CONDITION,COLAC,1600,,NOT_AVAILABLE_IN_SOURCE,TURF,AVAILABLE_BY_GOVERNED_SURFACE_RESOLVER,SOFT,AVAILABLE,MEDIAN_WINNER_RACE_TIME_SECONDS_RECOVERED_TIMING_MIN20,101.210000,57,97.600000,107.070000,20,AVAILABLE,780dd1a285c2c0f2a08ad265,de105a02dd651c68778da6a41efcf2b70157aa51691e4b8773c5d1bb7896e131,b782c6794b882096e901809dfc9ecf57ce22233b60c21ca0a9cbb02d5c293ed7,EDGEIQ_TIMING_WAREHOUSE_RECOVERY_V1,edgeiq_standard_time_recovered_v1.0.0,1.0.0,2026-07-30T07:43:47Z
STFR-F768D0F4B4B0CA18655F02CB,BGFR-C61E1657995BD5FD516A1889,TRACK_DISTANCE_SURFACE_CONDITION,COLAC,2000,,NOT_AVAILABLE_IN_SOURCE,TURF,AVAILABLE_BY_GOVERNED_SURFACE_RESOLVER,GOOD,AVAILABLE,MEDIAN_WINNER_RACE_TIME_SECONDS_RECOVERED_TIMING_MIN20,125.005000,66,121.960000,133.830000,20,AVAILABLE,c61e1657995bd5fd516a1889,1805500028f605b02432b7faf20830d9e1742617bb4abd634369e5414aa5687e,192a71f785a28681bd06412fe68550ee837cf6e490efbc5ef7d29cc0d98ba332,EDGEIQ_TIMING_WAREHOUSE_RECOVERY_V1,edgeiq_standard_time_recovered_v1.0.0,1.0.0,2026-07-30T07:43:47Z
STFR-EB5756BAE6298CFBAD02629C,BGFR-B6F550C1640D5D025F57C980,TRACK_DISTANCE_SURFACE_CONDITION,COLAC,2000,,NOT_AVAILABLE_IN_SOURCE,TURF,AVAILABLE_BY_GOVERNED_SURFACE_RESOLVER,SOFT,AVAILABLE,MEDIAN_WINNER_RACE_TIME_SECONDS_RECOVERED_TIMING_MIN20,127.500000,33,124.140000,134.700000,20,AVAILABLE,b6f550c1640d5d025f57c980,2a78e91cd33baf8072152d5119a6a8e0194126265134161c2eb8414ba7a38f4d,521325d0c2dfb7d0bb1b661a919cc8973fc0005757871a92966e0a1208392ae7,EDGEIQ_TIMING_WAREHOUSE_RECOVERY_V1,edgeiq_standard_time_recovered_v1.0.0,1.0.0,2026-07-30T07:43:47Z
STFR-529F6779B5B76C182015FEA1,BGFR-EBBC31480A381AA75B5E8193,TRACK_DISTANCE_SURFACE_CONDITION,CRANBOURNE,1000,,NOT_AVAILABLE_IN_SOURCE,TURF,AVAILABLE_BY_GOVERNED_SURFACE_RESOLVER,GOOD,AVAILABLE,MEDIAN_WINNER_RACE_TIME_SECONDS_RECOVERED_TIMING_MIN20,58.880000,287,57.440000,60.620000,20,AVAILABLE,ebbc31480a381aa75b5e8193,a1941c39cec0d598ee04c92f57b0c8d1aad1147c1a8737f3879b306c3cf5d7c6,e8aa828f9658cc8fa00396960b42f60462855a014ebf79e9b0bb4e9273de625a,EDGEIQ_TIMING_WAREHOUSE_RECOVERY_V1,edgeiq_standard_time_recovered_v1.0.0,1.0.0,2026-07-30T07:43:47Z
STFR-DD2F4396B8DBCCACB51B97E9,BGFR-A51B49C9DB6FBEF7F3E4B16E,TRACK_DISTANCE_SURFACE_CONDITION,CRANBOURNE,1000,,NOT_AVAILABLE_IN_SOURCE,TURF,AVAILABLE_BY_GOVERNED_SURFACE_RESOLVER,HEAVY,AVAILABLE,MEDIAN_WINNER_RACE_TIME_SECONDS_RECOVERED_TIMING_MIN20,62.240000,80,59.590000,64.800000,20,AVAILABLE,a51b49c9db6fbef7f3e4b16e,e84656cc708326fdc0852243cc89f66783a09ba8a1fe3ad681690fa3ad436d7b,1c4d9ccdb58f866214ed6eda0d2c93595b4c6472a6ba8ff67ddc631063d1d266,EDGEIQ_TIMING_WAREHOUSE_RECOVERY_V1,edgeiq_standard_time_recovered_v1.0.0,1.0.0,2026-07-30T07:43:47Z
STFR-CF2CC9CFF2609079C7CE2134,BGFR-35095FB6AA2764F798B22FF3,TRACK_DISTANCE_SURFACE_CONDITION,CRANBOURNE,1000,,NOT_AVAILABLE_IN_SOURCE,TURF,AVAILABLE_BY_GOVERNED_SURFACE_RESOLVER,SOFT,AVAILABLE,MEDIAN_WINNER_RACE_TIME_SECONDS_RECOVERED_TIMING_MIN20,59.670000,185,57.670000,62.310000,20,AVAILABLE,35095fb6aa2764f798b22ff3,24c2db9dd55c40672ec94b0fa2e3949f40558a47b5796d2723e1405c92d2b974,6d16b3f3f6f8117460ebc55469db011caf74c7481e4636ed583fc70c2581748e,EDGEIQ_TIMING_WAREHOUSE_RECOVERY_V1,edgeiq_standard_time_recovered_v1.0.0,1.0.0,2026-07-30T07:43:47Z
STFR-C963DBC53A8F375A6EF18DFD,BGFR-555D1067895A83D509D65EBA,TRACK_DISTANCE_SURFACE_CONDITION,CRANBOURNE,1200,,NOT_AVAILABLE_IN_SOURCE,TURF,AVAILABLE_BY_GOVERNED_SURFACE_RESOLVER,GOOD,AVAILABLE,MEDIAN_WINNER_RACE_TIME_SECONDS_RECOVERED_TIMING_MIN20,71.920000,384,69.710000,74.560000,20,AVAILABLE,555d1067895a83d509d65eba,7ca5d387b8bcbc51c56cab731f6ac0718486c4d860269b22a8bf39b4c0899729,f8f045c0144951964e5632a2279b5958cf5e13f543e5c2a32be238d742b01ff1,EDGEIQ_TIMING_WAREHOUSE_RECOVERY_V1,edgeiq_standard_time_recovered_v1.0.0,1.0.0,2026-07-30T07:43:47Z
STFR-FD5D6064E7C935DD650751E9,BGFR-B4C0ADB4D76E4AE1EB9CBCFF,TRACK_DISTANCE_SURFACE_CONDITION,CRANBOURNE,1200,,NOT_AVAILABLE_IN_SOURCE,TURF,AVAILABLE_BY_GOVERNED_SURFACE_RESOLVER,HEAVY,AVAILABLE,MEDIAN_WINNER_RACE_TIME_SECONDS_RECOVERED_TIMING_MIN20,75.870000,137,72.600000,80.190000,20,AVAILABLE,b4c0adb4d76e4ae1eb9cbcff,e0882dfd2cf3e935db5d01d72a5be2a20a5544d00fbc3f5450321d288f93cc57,ee3d68aa69cedebaefd75c89c574cdede20719e72e660317789edeba927a9189,EDGEIQ_TIMING_WAREHOUSE_RECOVERY_V1,edgeiq_standard_time_recovered_v1.0.0,1.0.0,2026-07-30T07:43:47Z
STFR-55C621629B748B1744C022F5,BGFR-2CF7B7F6ACDB6D0C7CEC38E6,TRACK_DISTANCE_SURFACE_CONDITION,CRANBOURNE,1200,,NOT_AVAILABLE_IN_SOURCE,TURF,AVAILABLE_BY_GOVERNED_SURFACE_RESOLVER,SOFT,AVAILABLE,MEDIAN_WINNER_RACE_TIME_SECONDS_RECOVERED_TIMING_MIN20,73.450000,223,71.120000,77.690000,20,AVAILABLE,2cf7b7f6acdb6d0c7cec38e6,fbb6d0cb812344174a4392076bec5894417a5cfaa88eadbbd9c0e1d0c71a692d,24e121f5ae01338b352f6ec686d76530541827037e4fe1331c7797a1689281e2,EDGEIQ_TIMING_WAREHOUSE_RECOVERY_V1,edgeiq_standard_time_recovered_v1.0.0,1.0.0,2026-07-30T07:43:47Z
STFR-F14031FE1A5B94E75EE02826,BGFR-640D0E15C3C5130A47DA2EF4,TRACK_DISTANCE_SURFACE_CONDITION,CRANBOURNE,1300,,NOT_AVAILABLE_IN_SOURCE,TURF,AVAILABLE_BY_GOVERNED_SURFACE_RESOLVER,GOOD,AVAILABLE,MEDIAN_WINNER_RACE_TIME_SECONDS_RECOVERED_TIMING_MIN20,78.360000,168,76.510000,81.150000,20,AVAILABLE,640d0e15c3c5130a47da2ef4,953fb4d72f26ae8513c220ef5c9337c56185fa7e607d011b82d7c155ba1f730a,de2c41c171c74ced769e77b28fff5aa187a8290dd7c8674709785c7652436e16,EDGEIQ_TIMING_WAREHOUSE_RECOVERY_V1,edgeiq_standard_time_recovered_v1.0.0,1.0.0,2026-07-30T07:43:47Z
STFR-9850432FD5261D6F20D29A71,BGFR-49E68CF2B79B29FCEA29239D,TRACK_DISTANCE_SURFACE_CONDITION,CRANBOURNE,1300,,NOT_AVAILABLE_IN_SOURCE,TURF,AVAILABLE_BY_GOVERNED_SURFACE_RESOLVER,HEAVY,AVAILABLE,MEDIAN_WINNER_RACE_TIME_SECONDS_RECOVERED_TIMING_MIN20,82.355000,44,80.420000,86.070000,20,AVAILABLE,49e68cf2b79b29fcea29239d,92555584fbb5ad32fc653759486f61c19b0beb6290a3bb20c3b924188af4f6eb,6a0d410916d5d9233e44c8fbf79cbf8b631ea8462fe42b73d8f44a7420d629f7,EDGEIQ_TIMING_WAREHOUSE_RECOVERY_V1,edgeiq_standard_time_recovered_v1.0.0,1.0.0,2026-07-30T07:43:47Z
STFR-0F110A238D4A018F1FF126C2,BGFR-174F30A5CB7C45F5BD806643,TRACK_DISTANCE_SURFACE_CONDITION,CRANBOURNE,1300,,NOT_AVAILABLE_IN_SOURCE,TURF,AVAILABLE_BY_GOVERNED_SURFACE_RESOLVER,SOFT,AVAILABLE,MEDIAN_WINNER_RACE_TIME_SECONDS_RECOVERED_TIMING_MIN20,79.585000,118,77.440000,82.640000,20,AVAILABLE,174f30a5cb7c45f5bd806643,edcfdb1683ad6fc338536fd1726337411cf0ec39753ffbbfb204bdeb3ed77bce,b4776500b4db8adcae862d4f3f9e8645b5f78d9e301abe7f83d9a1673e0bc272,EDGEIQ_TIMING_WAREHOUSE_RECOVERY_V1,edgeiq_standard_time_recovered_v1.0.0,1.0.0,2026-07-30T07:43:47Z
STFR-03515CBDE3C7F83BD5FF4C7A,BGFR-0D4DFF929F9FB5997667AEB1,TRACK_DISTANCE_SURFACE_CONDITION,CRANBOURNE,1400,,NOT_AVAILABLE_IN_SOURCE,TURF,AVAILABLE_BY_GOVERNED_SURFACE_RESOLVER,GOOD,AVAILABLE,MEDIAN_WINNER_RACE_TIME_SECONDS_RECOVERED_TIMING_MIN20,85.030000,383,81.590000,89.550000,20,AVAILABLE,0d4dff929f9fb5997667aeb1,1693d8b02c7eeabae83edfa9217888f51abae9323beb77226341205ef5257d61,4441d2efcd2acbad3aadfcdad751d3f040a85ac1d5304daea1fd8af7cecf42b9,EDGEIQ_TIMING_WAREHOUSE_RECOVERY_V1,edgeiq_standard_time_recovered_v1.0.0,1.0.0,2026-07-30T07:43:47Z
STFR-E64EB1A649BD85AE70BB3065,BGFR-E3C99F4396C488804D407A79,TRACK_DISTANCE_SURFACE_CONDITION,CRANBOURNE,1400,,NOT_AVAILABLE_IN_SOURCE,TURF,AVAILABLE_BY_GOVERNED_SURFACE_RESOLVER,HEAVY,AVAILABLE,MEDIAN_WINNER_RACE_TIME_SECONDS_RECOVERED_TIMING_MIN20,89.945000,120,86.050000,93.690000,20,AVAILABLE,e3c99f4396c488804d407a79,ba4121090c5357946322bd18f03d0108a5f0473aefea37b68c93443c31c4ad09,cc1d622981c6c378431524152cd65a3239d733a88e2a67ad9e21b955f3c4af24,EDGEIQ_TIMING_WAREHOUSE_RECOVERY_V1,edgeiq_standard_time_recovered_v1.0.0,1.0.0,2026-07-30T07:43:47Z
STFR-D06BB5E972CFE81294F43A57,BGFR-FB00A0277745450C126BF143,TRACK_DISTANCE_SURFACE_CONDITION,CRANBOURNE,1400,,NOT_AVAILABLE_IN_SOURCE,TURF,AVAILABLE_BY_GOVERNED_SURFACE_RESOLVER,SOFT,AVAILABLE,MEDIAN_WINNER_RACE_TIME_SECONDS_RECOVERED_TIMING_MIN20,86.640000,245,83.470000,90.850000,20,AVAILABLE,fb00a0277745450c126bf143,882ba6fd9188679cd97600b90f114f678e5bc8d2a8ba3319b5bf3f6491e97da6,6cc70401016bcf570d879f09535ae85c77cdc75cf09b0220d54b4f3ff14948a9,EDGEIQ_TIMING_WAREHOUSE_RECOVERY_V1,edgeiq_standard_time_recovered_v1.0.0,1.0.0,2026-07-30T07:43:47Z
STFR-A689321D36D64A1976D86013,BGFR-2A0D933F24628523F61F6BAB,TRACK_DISTANCE_SURFACE_CONDITION,CRANBOURNE,1500,,NOT_AVAILABLE_IN_SOURCE,TURF,AVAILABLE_BY_GOVERNED_SURFACE_RESOLVER,GOOD,AVAILABLE,MEDIAN_WINNER_RACE_TIME_SECONDS_RECOVERED_TIMING_MIN20,92.250000,63,90.550000,94.930000,20,AVAILABLE,2a0d933f24628523f61f6bab,ceb4e5f3470e581404a7ce95682aab3992eb69ca13cc5860af5ee2d1d03a2694,3d11ddcb36a56b0466f9acf49cb116b316e0dd71ffb902925f12710e6a9be689,EDGEIQ_TIMING_WAREHOUSE_RECOVERY_V1,edgeiq_standard_time_recovered_v1.0.0,1.0.0,2026-07-30T07:43:47Z
STFR-459EEBCA43AF3D0297615757,BGFR-A2431564D1001B740683267A,TRACK_DISTANCE_SURFACE_CONDITION,CRANBOURNE,1500,,NOT_AVAILABLE_IN_SOURCE,TURF,AVAILABLE_BY_GOVERNED_SURFACE_RESOLVER,HEAVY,AVAILABLE,MEDIAN_WINNER_RACE_TIME_SECONDS_RECOVERED_TIMING_MIN20,96.695000,26,93.750000,101.700000,20,AVAILABLE,a2431564d1001b740683267a,41eb7f5c7bde1f9a72d8c0d34507d68f122ac1a1bedf58f6b406f1bf1c619859,f000d9b5eb52327a36da0f8df47a54635fa3af0b706c763881f67cce005099c7,EDGEIQ_TIMING_WAREHOUSE_RECOVERY_V1,edgeiq_standard_time_recovered_v1.0.0,1.0.0,2026-07-30T07:43:47Z
STFR-6F6CB2F3C0A6ED6B5BB31051,BGFR-C4BD13678F23BECA06ED187A,TRACK_DISTANCE_SURFACE_CONDITION,CRANBOURNE,1500,,NOT_AVAILABLE_IN_SOURCE,TURF,AVAILABLE_BY_GOVERNED_SURFACE_RESOLVER,SOFT,AVAILABLE,MEDIAN_WINNER_RACE_TIME_SECONDS_RECOVERED_TIMING_MIN20,92.930000,33,91.270000,97.280000,20,AVAILABLE,c4bd13678f23beca06ed187a,6519bcb59ea1c94964d0c2eb2f542f5db60a798b17ced4edccaed3b32055aec3,658724c047b985a74a182efb49221d62debebf080da316b56d9f0216d8efa850,EDGEIQ_TIMING_WAREHOUSE_RECOVERY_V1,edgeiq_standard_time_recovered_v1.0.0,1.0.0,2026-07-30T07:43:47Z
STFR-463134D85993398F49CC7C74,BGFR-443E90F3F54A5F7267B49920,TRACK_DISTANCE_SURFACE_CONDITION,CRANBOURNE,1600,,NOT_AVAILABLE_IN_SOURCE,TURF,AVAILABLE_BY_GOVERNED_SURFACE_RESOLVER,GOOD,AVAILABLE,MEDIAN_WINNER_RACE_TIME_SECONDS_RECOVERED_TIMING_MIN20,98.270000,261,95.810000,104.560000,20,AVAILABLE,443e90f3f54a5f7267b49920,3fe0872a0973992b7f23845c8ef8ba62840dccdf04067c143d0d748c71ac97f7,f4f7e625666c80c315ee1845365f15373e705f98085c477e7acd6e6b1c15cea2,EDGEIQ_TIMING_WAREHOUSE_RECOVERY_V1,edgeiq_standard_time_recovered_v1.0.0,1.0.0,2026-07-30T07:43:47Z
STFR-AE7E7EB5E1B9209DE52AA394,BGFR-995E1174DF170AC53C014419,TRACK_DISTANCE_SURFACE_CONDITION,CRANBOURNE,1600,,NOT_AVAILABLE_IN_SOURCE,TURF,AVAILABLE_BY_GOVERNED_SURFACE_RESOLVER,HEAVY,AVAILABLE,MEDIAN_WINNER_RACE_TIME_SECONDS_RECOVERED_TIMING_MIN20,103.580000,82,99.900000,109.230000,20,AVAILABLE,995e1174df170ac53c014419,d01dac59be848e0423d7a12cb8774e0e691cac9cbc2c8221ba6789e029b3de78,e4c85a3e019b74e7eda1a104d0d1cb33ce444a33bec0d60013c62bc4e6f8bab1,EDGEIQ_TIMING_WAREHOUSE_RECOVERY_V1,edgeiq_standard_time_recovered_v1.0.0,1.0.0,2026-07-30T07:43:47Z
STFR-2CA24C4F784E7AD9EC9477E7,BGFR-25C2993679B576881DACEF45,TRACK_DISTANCE_SURFACE_CONDITION,CRANBOURNE,1600,,NOT_AVAILABLE_IN_SOURCE,TURF,AVAILABLE_BY_GOVERNED_SURFACE_RESOLVER,SOFT,AVAILABLE,MEDIAN_WINNER_RACE_TIME_SECONDS_RECOVERED_TIMING_MIN20,100.070000,169,96.630000,103.330000,20,AVAILABLE,25c2993679b576881dacef45,a6647dddcb41d68519f4633a56f85c377b9027c8d051ed32397c64727b23d17e,9d4f5ad74609be35f091b30e2b56c1a2d29a336fe9b55073a78080065c4b6c6f,EDGEIQ_TIMING_WAREHOUSE_RECOVERY_V1,edgeiq_standard_time_recovered_v1.0.0,1.0.0,2026-07-30T07:43:47Z
STFR-E5A0FE6FABC232EF9A7EFF10,BGFR-178382594F1C30932C26183E,TRACK_DISTANCE_SURFACE_CONDITION,CRANBOURNE,2025,,NOT_AVAILABLE_IN_SOURCE,TURF,AVAILABLE_BY_GOVERNED_SURFACE_RESOLVER,GOOD,AVAILABLE,MEDIAN_WINNER_RACE_TIME_SECONDS_RECOVERED_TIMING_MIN20,127.190000,159,122.630000,131.740000,20,AVAILABLE,178382594f1c30932c26183e,65dd227038b8866faf8acdc0bb47ec078890e0f50794974578986b79b3276f58,620df9b9cf01ccee8f6faa9cfa043e6f435101f0cb9acbca7fac11f14cf66429,EDGEIQ_TIMING_WAREHOUSE_RECOVERY_V1,edgeiq_standard_time_recovered_v1.0.0,1.0.0,2026-07-30T07:43:47Z
STFR-4192777520E367429C4293EE,BGFR-164C126F85DA256E2A179A27,TRACK_DISTANCE_SURFACE_CONDITION,CRANBOURNE,2025,,NOT_AVAILABLE_IN_SOURCE,TURF,AVAILABLE_BY_GOVERNED_SURFACE_RESOLVER,HEAVY,AVAILABLE,MEDIAN_WINNER_RACE_TIME_SECONDS_RECOVERED_TIMING_MIN20,133.480000,61,129.140000,139.770000,20,AVAILABLE,164c126f85da256e2a179a27,3f0b1e64e1724e3074dbc70a6a5341f9a6dd405edeec18869d589d4c1f022a89,14fbd718fd7c0ff2854e89f0bf680218d0b32dc0af52e6eb9c907c9e3910edaa,EDGEIQ_TIMING_WAREHOUSE_RECOVERY_V1,edgeiq_standard_time_recovered_v1.0.0,1.0.0,2026-07-30T07:43:47Z
STFR-868E71E35B37F8AF7F4D980A,BGFR-210F50DB18EFD5A8781F7434,TRACK_DISTANCE_SURFACE_CONDITION,CRANBOURNE,2025,,NOT_AVAILABLE_IN_SOURCE,TURF,AVAILABLE_BY_GOVERNED_SURFACE_RESOLVER,SOFT,AVAILABLE,MEDIAN_WINNER_RACE_TIME_SECONDS_RECOVERED_TIMING_MIN20,129.200000,127,124.690000,134.180000,20,AVAILABLE,210f50db18efd5a8781f7434,b64437400d1dee0ce3f54dc250b39bb170d9b4851c44c1915b6a0abf74c024fc,fbaecc184b56b5c5acf7cf1089ca9e707f873456e865f04ed9cf17c83774f770,EDGEIQ_TIMING_WAREHOUSE_RECOVERY_V1,edgeiq_standard_time_recovered_v1.0.0,1.0.0,2026-07-30T07:43:47Z
STFR-A7D8F683CF19E3D655A3EB13,BGFR-DEFB4A5C355BA8B19B34BFA0,TRACK_DISTANCE_SURFACE_CONDITION,CRANBOURNE,2060,,NOT_AVAILABLE_IN_SOURCE,TURF,AVAILABLE_BY_GOVERNED_SURFACE_RESOLVER,GOOD,AVAILABLE,MEDIAN_WINNER_RACE_TIME_SECONDS_RECOVERED_TIMING_MIN20,130.490000,39,127.750000,133.210000,20,AVAILABLE,defb4a5c355ba8b19b34bfa0,a3a5fc76df568b4b10f2759a4f034fefa82709c4b66e5acb0c76a18b89759aef,fbbbcee4a6c2f65d08eef678b9226595a9bf2a5153a229af29d8e53766082970,EDGEIQ_TIMING_WAREHOUSE_RECOVERY_V1,edgeiq_standard_time_recovered_v1.0.0,1.0.0,2026-07-30T07:43:47Z
STFR-DFBB19E52FA6B965C906668D,BGFR-E5BD084761F31A8E635B4C56,TRACK_DISTANCE_SURFACE_CONDITION,CRANBOURNE,2080,,NOT_AVAILABLE_IN_SOURCE,TURF,AVAILABLE_BY_GOVERNED_SURFACE_RESOLVER,GOOD,AVAILABLE,MEDIAN_WINNER_RACE_TIME_SECONDS_RECOVERED_TIMING_MIN20,130.730000,27,127.680000,134.200000,20,AVAILABLE,e5bd084761f31a8e635b4c56,e00134698b1b3ff73c25a28159166798046873fb976c9ce1bd0c6b647eb73a6e,33f289b44992f13b42a4db0c5597fe6a3a93d40493110594bd30bbdacfa27810,EDGEIQ_TIMING_WAREHOUSE_RECOVERY_V1,edgeiq_standard_time_recovered_v1.0.0,1.0.0,2026-07-30T07:43:47Z
STFR-9162EE5AC09A59E4080E83C0,BGFR-6AFF3677F5AA146040BDE85C,TRACK_DISTANCE_SURFACE_CONDITION,CRANBOURNE-TRN,800,,NOT_AVAILABLE_IN_SOURCE,TURF,AVAILABLE_BY_GOVERNED_SURFACE_RESOLVER,SOFT,AVAILABLE,MEDIAN_WINNER_RACE_TIME_SECONDS_RECOVERED_TIMING_MIN20,46.460000,23,45.900000,48.760000,20,AVAILABLE,6aff3677f5aa146040bde85c,631197ef45ddaf752cb79d46b2e0223d9eb5cf0f9b87ef7d69cfb6472dc9ea01,3a12eec6452e1d32c461e38f037b1bd1d81e8bb72895e176d777f085a634e906,EDGEIQ_TIMING_WAREHOUSE_RECOVERY_V1,edgeiq_standard_time_recovered_v1.0.0,1.0.0,2026-07-30T07:43:47Z
STFR-A5590C6B7E2DFB21296A34ED,BGFR-1B5FA3DE9F0A382418F38FC5,TRACK_DISTANCE_SURFACE_CONDITION,FLEMINGTON,1000,,NOT_AVAILABLE_IN_SOURCE,TURF,AVAILABLE_BY_GOVERNED_SURFACE_RESOLVER,GOOD,AVAILABLE,MEDIAN_WINNER_RACE_TIME_SECONDS_RECOVERED_TIMING_MIN20,57.540000,277,55.420000,59.680000,20,AVAILABLE,1b5fa3de9f0a382418f38fc5,03f4df957467b35793dd0d7699e83c07a039f22be3ef498e655a94d00be4f53a,b76bab4e16771da99b24310f818c476201bcb97c05b3f58a8bae4f9e343d2f2e,EDGEIQ_TIMING_WAREHOUSE_RECOVERY_V1,edgeiq_standard_time_recovered_v1.0.0,1.0.0,2026-07-30T07:43:47Z
STFR-5ABB08CD370E1DF4F17D75A0,BGFR-5F3FC88466DCD5FF530ABC10,TRACK_DISTANCE_SURFACE_CONDITION,FLEMINGTON,1000,,NOT_AVAILABLE_IN_SOURCE,TURF,AVAILABLE_BY_GOVERNED_SURFACE_RESOLVER,SOFT,AVAILABLE,MEDIAN_WINNER_RACE_TIME_SECONDS_RECOVERED_TIMING_MIN20,58.315000,96,56.490000,60.710000,20,AVAILABLE,5f3fc88466dcd5ff530abc10,54945bd90215eb0db51ab6aeb16c74e0f66d6955cdff041bde6cf66dce0f7c0a,e1d786c3fd2ac84e72a676da3f2e9731431e421782cb276bfaa603710bee5aad,EDGEIQ_TIMING_WAREHOUSE_RECOVERY_V1,edgeiq_standard_time_recovered_v1.0.0,1.0.0,2026-07-30T07:43:47Z
STFR-6585ED18199470FF1AF6A09F,BGFR-8211EA6E38133A6C0A70583B,TRACK_DISTANCE_SURFACE_CONDITION,FLEMINGTON,1100,,NOT_AVAILABLE_IN_SOURCE,TURF,AVAILABLE_BY_GOVERNED_SURFACE_RESOLVER,GOOD,AVAILABLE,MEDIAN_WINNER_RACE_TIME_SECONDS_RECOVERED_TIMING_MIN20,63.640000,249,62.150000,66.410000,20,AVAILABLE,8211ea6e38133a6c0a70583b,8d5d5b07804fb6da12ffd2ce056efb8867b8e1f2f820611d35ee73bf99a755d2,684eb04d48f8bd7235eda6285234c0a302ede3fbd18b42b8eee63a51f44eda9e,EDGEIQ_TIMING_WAREHOUSE_RECOVERY_V1,edgeiq_standard_time_recovered_v1.0.0,1.0.0,2026-07-30T07:43:47Z
STFR-2F5C856A3270DF4BAADDBFF4,BGFR-B1A8EB5B13C0B46689D74CB3,TRACK_DISTANCE_SURFACE_CONDITION,FLEMINGTON,1100,,NOT_AVAILABLE_IN_SOURCE,TURF,AVAILABLE_BY_GOVERNED_SURFACE_RESOLVER,SOFT,AVAILABLE,MEDIAN_WINNER_RACE_TIME_SECONDS_RECOVERED_TIMING_MIN20,64.690000,75,63.110000,66.490000,20,AVAILABLE,b1a8eb5b13c0b46689d74cb3,9bf16d87e7ce3cd3fd012184bc8be8d4144897a695794a9bbe368084ce9fbbcb,4854a9ff915d9232a1daa5296865f25ee2a2e9507795a4ae616ba71c372e28b8,EDGEIQ_TIMING_WAREHOUSE_RECOVERY_V1,edgeiq_standard_time_recovered_v1.0.0,1.0.0,2026-07-30T07:43:47Z
STFR-E2CB14BAE4D58A875C6B1826,BGFR-176308F425AD6BFA5F2CBC63,TRACK_DISTANCE_SURFACE_CONDITION,FLEMINGTON,1200,,NOT_AVAILABLE_IN_SOURCE,TURF,AVAILABLE_BY_GOVERNED_SURFACE_RESOLVER,GOOD,AVAILABLE,MEDIAN_WINNER_RACE_TIME_SECONDS_RECOVERED_TIMING_MIN20,69.810000,342,67.170000,73.070000,20,AVAILABLE,176308f425ad6bfa5f2cbc63,e633d2ceeb8fa2e46425aede0893b2214f46e72c184a85239c0f2853b4db5993,6245d15da7940ea1bad39f35801344cea89b987efa3292edee67a28c7f07fd50,EDGEIQ_TIMING_WAREHOUSE_RECOVERY_V1,edgeiq_standard_time_recovered_v1.0.0,1.0.0,2026-07-30T07:43:47Z
STFR-5DE791646584CCD6DA646ED2,BGFR-7669E0715FFD394A50C74D4A,TRACK_DISTANCE_SURFACE_CONDITION,FLEMINGTON,1200,,NOT_AVAILABLE_IN_SOURCE,TURF,AVAILABLE_BY_GOVERNED_SURFACE_RESOLVER,HEAVY,AVAILABLE,MEDIAN_WINNER_RACE_TIME_SECONDS_RECOVERED_TIMING_MIN20,71.870000,31,69.760000,74.040000,20,AVAILABLE,7669e0715ffd394a50c74d4a,cb017b2b457e072ab07415c1e9a45fd3600a06c909a439b16b27509708daf995,8ced52fe0946e35289a43a4b526bbcddac9ba76cb6b351017ccea0d8eaca23f9,EDGEIQ_TIMING_WAREHOUSE_RECOVERY_V1,edgeiq_standard_time_recovered_v1.0.0,1.0.0,2026-07-30T07:43:47Z
STFR-A67C10F72E1C6E5F5BA47755,BGFR-20CD1AF0EB7401398AC5C3D1,TRACK_DISTANCE_SURFACE_CONDITION,FLEMINGTON,1200,,NOT_AVAILABLE_IN_SOURCE,TURF,AVAILABLE_BY_GOVERNED_SURFACE_RESOLVER,SOFT,AVAILABLE,MEDIAN_WINNER_RACE_TIME_SECONDS_RECOVERED_TIMING_MIN20,70.555000,130,68.620000,73.490000,20,AVAILABLE,20cd1af0eb7401398ac5c3d1,049a5596cbab128a98dbe06077cbac4c44950f716c8cadc4bef9f84b1b2a5675,4d038716cbe9618e9841e6a7160e5935a97e4299203ccaa1d2066d3d654c3e82,EDGEIQ_TIMING_WAREHOUSE_RECOVERY_V1,edgeiq_standard_time_recovered_v1.0.0,1.0.0,2026-07-30T07:43:47Z
STFR-DBB558765139E77D90AB6997,BGFR-C415AE4B8BF2CE5801AFCDD4,TRACK_DISTANCE_SURFACE_CONDITION,FLEMINGTON,1400,,NOT_AVAILABLE_IN_SOURCE,TURF,AVAILABLE_BY_GOVERNED_SURFACE_RESOLVER,GOOD,AVAILABLE,MEDIAN_WINNER_RACE_TIME_SECONDS_RECOVERED_TIMING_MIN20,82.965000,512,80.900000,86.420000,20,AVAILABLE,c415ae4b8bf2ce5801afcdd4,66686691e727b15c30024199e0ca77de632404290a288775ec8ab09409a8f5d5,145dddfac755a73fd80c55b718e818a7878d86e8cb55d8c42d1cdb69a06f44bf,EDGEIQ_TIMING_WAREHOUSE_RECOVERY_V1,edgeiq_standard_time_recovered_v1.0.0,1.0.0,2026-07-30T07:43:47Z
STFR-AAAFFB8D2709AA71ACA5B344,BGFR-4E16FCF7B39EB46171C79D2B,TRACK_DISTANCE_SURFACE_CONDITION,FLEMINGTON,1400,,NOT_AVAILABLE_IN_SOURCE,TURF,AVAILABLE_BY_GOVERNED_SURFACE_RESOLVER,HEAVY,AVAILABLE,MEDIAN_WINNER_RACE_TIME_SECONDS_RECOVERED_TIMING_MIN20,86.020000,33,83.090000,88.740000,20,AVAILABLE,4e16fcf7b39eb46171c79d2b,93966e67470d91f3f122478b7b36761682b284dc197d78cbb71564c609c9e09f,504db3b8452a8bfc00c01ec6be0945be12f8af9acdf2381f167993a7a5cf6947,EDGEIQ_TIMING_WAREHOUSE_RECOVERY_V1,edgeiq_standard_time_recovered_v1.0.0,1.0.0,2026-07-30T07:43:47Z
STFR-628EE6B31C686309BAFEC74E,BGFR-C8BDD9E54D464148835E3513,TRACK_DISTANCE_SURFACE_CONDITION,FLEMINGTON,1400,,NOT_AVAILABLE_IN_SOURCE,TURF,AVAILABLE_BY_GOVERNED_SURFACE_RESOLVER,SOFT,AVAILABLE,MEDIAN_WINNER_RACE_TIME_SECONDS_RECOVERED_TIMING_MIN20,84.315000,140,82.470000,87.250000,20,AVAILABLE,c8bdd9e54d464148835e3513,8cabe17da66b4fcf59f9c8052db3a6ad02dc5c3b7ed5b3f047c5a7c83b8c99a0,ff240bdefd1cc6f9c832ad3d8264258609172c70e8d6550270c139df5bd4c7a8,EDGEIQ_TIMING_WAREHOUSE_RECOVERY_V1,edgeiq_standard_time_recovered_v1.0.0,1.0.0,2026-07-30T07:43:47Z
STFR-4E473F4BFF6E41742103CBA4,BGFR-48FE34B56B2A03B07FD3B5EE,TRACK_DISTANCE_SURFACE_CONDITION,FLEMINGTON,1410,,NOT_AVAILABLE_IN_SOURCE,TURF,AVAILABLE_BY_GOVERNED_SURFACE_RESOLVER,GOOD,AVAILABLE,MEDIAN_WINNER_RACE_TIME_SECONDS_RECOVERED_TIMING_MIN20,83.870000,87,82.020000,86.610000,20,AVAILABLE,48fe34b56b2a03b07fd3b5ee,a43df98b91506ffa4ded429c32f5e967d800fda29be32d14e893e49cedee29c9,e96f450ce4b8c397ee2c42379f793f0ec5a460dcc5fc16262affa838ff2e4152,EDGEIQ_TIMING_WAREHOUSE_RECOVERY_V1,edgeiq_standard_time_recovered_v1.0.0,1.0.0,2026-07-30T07:43:47Z
STFR-F572D1ADFF27BE130C1A72CC,BGFR-0E5B378A5B1AA093468D7D43,TRACK_DISTANCE_SURFACE_CONDITION,FLEMINGTON,1410,,NOT_AVAILABLE_IN_SOURCE,TURF,AVAILABLE_BY_GOVERNED_SURFACE_RESOLVER,SOFT,AVAILABLE,MEDIAN_WINNER_RACE_TIME_SECONDS_RECOVERED_TIMING_MIN20,85.115000,62,83.170000,88.080000,20,AVAILABLE,0e5b378a5b1aa093468d7d43,95f9be01468518802f09ed246d9a3290e7c5bbb94a1fd94dbc1abf86892f2ef8,c7a3d5f04ef66e9e3acbbb0f6dd04c779b1a4bdeedf9e451bf9eb48b7157f2da,EDGEIQ_TIMING_WAREHOUSE_RECOVERY_V1,edgeiq_standard_time_recovered_v1.0.0,1.0.0,2026-07-30T07:43:47Z
STFR-8FD40D4997F327ED94E202FC,BGFR-A6586C219B2170EB5B66AA5C,TRACK_DISTANCE_SURFACE_CONDITION,FLEMINGTON,1420,,NOT_AVAILABLE_IN_SOURCE,TURF,AVAILABLE_BY_GOVERNED_SURFACE_RESOLVER,GOOD,AVAILABLE,MEDIAN_WINNER_RACE_TIME_SECONDS_RECOVERED_TIMING_MIN20,84.620000,55,82.720000,86.210000,20,AVAILABLE,a6586c219b2170eb5b66aa5c,3ef1f7322dbccab1cc78b6748907413da1d8fa1e3ccb160c6764a6850aed69e2,5af6d4079336c4f0501bc1ac2073e270c944a93eab7115ccc0eeb894e9eb6959,EDGEIQ_TIMING_WAREHOUSE_RECOVERY_V1,edgeiq_standard_time_recovered_v1.0.0,1.0.0,2026-07-30T07:43:47Z
STFR-07D11465050E0C1D5682ED18,BGFR-1A876B077B7EF190ABAEB2F0,TRACK_DISTANCE_SURFACE_CONDITION,FLEMINGTON,1420,,NOT_AVAILABLE_IN_SOURCE,TURF,AVAILABLE_BY_GOVERNED_SURFACE_RESOLVER,SOFT,AVAILABLE,MEDIAN_WINNER_RACE_TIME_SECONDS_RECOVERED_TIMING_MIN20,85.740000,27,83.440000,87.940000,20,AVAILABLE,1a876b077b7ef190abaeb2f0,c170c141e8158ceeb10be5ce55f44ed89e6ea59245b49bf57a57aead49c01101,f3eac08ddbf7a9b49afb8a776cfcde15e20b02e91cf0874952ade0db7632894f,EDGEIQ_TIMING_WAREHOUSE_RECOVERY_V1,edgeiq_standard_time_recovered_v1.0.0,1.0.0,2026-07-30T07:43:47Z
STFR-06648FF58E7C959C732B0996,BGFR-17139D6190A28D6096715ABF,TRACK_DISTANCE_SURFACE_CONDITION,FLEMINGTON,1600,,NOT_AVAILABLE_IN_SOURCE,TURF,AVAILABLE_BY_GOVERNED_SURFACE_RESOLVER,GOOD,AVAILABLE,MEDIAN_WINNER_RACE_TIME_SECONDS_RECOVERED_TIMING_MIN20,96.270000,296,93.490000,99.890000,20,AVAILABLE,17139d6190a28d6096715abf,72dd8a2b22dcaf266296a2a8240977f05f47bdfca1cf8c75d12869f48fd09444,81fece53d5b856dd0b45731f9adf4c701bc87e406c1fefb4e58b6b1041303fbd,EDGEIQ_TIMING_WAREHOUSE_RECOVERY_V1,edgeiq_standard_time_recovered_v1.0.0,1.0.0,2026-07-30T07:43:47Z
STFR-DE75A34D592F5B0B9674FA34,BGFR-48EA40471CFD521ADB5865D2,TRACK_DISTANCE_SURFACE_CONDITION,FLEMINGTON,1600,,NOT_AVAILABLE_IN_SOURCE,TURF,AVAILABLE_BY_GOVERNED_SURFACE_RESOLVER,SOFT,AVAILABLE,MEDIAN_WINNER_RACE_TIME_SECONDS_RECOVERED_TIMING_MIN20,97.970000,98,95.560000,101.980000,20,AVAILABLE,48ea40471cfd521adb5865d2,e6a1338642c4bf227b9ab3dba50528679771209adc487099a73ae1cdc9a0be63,f5d3375e8911d8d58b6e3bf6fba6a206729ce212abbd6c3a38ae055b43bffa77,EDGEIQ_TIMING_WAREHOUSE_RECOVERY_V1,edgeiq_standard_time_recovered_v1.0.0,1.0.0,2026-07-30T07:43:47Z
STFR-DEC17CC51FA6281524D2BFCB,BGFR-02E9D2E08BB3108BB96BABF0,TRACK_DISTANCE_SURFACE_CONDITION,FLEMINGTON,1610,,NOT_AVAILABLE_IN_SOURCE,TURF,AVAILABLE_BY_GOVERNED_SURFACE_RESOLVER,GOOD,AVAILABLE,MEDIAN_WINNER_RACE_TIME_SECONDS_RECOVERED_TIMING_MIN20,97.440000,22,96.090000,101.140000,20,AVAILABLE,02e9d2e08bb3108bb96babf0,b20f7cd8590f34e4da366ddf7acdd57ffbe3e48fd46dd2b35bfab3ba1a5b67b6,96b37cd6c894f167713e87580caadaa42bff5ed64ed8b04d091b65d1fea172b7,EDGEIQ_TIMING_WAREHOUSE_RECOVERY_V1,edgeiq_standard_time_recovered_v1.0.0,1.0.0,2026-07-30T07:43:47Z
STFR-B2B7EB5692DF9BA31C4DC60E,BGFR-0F9F857E1BFDC1FAFDEFF9B6,TRACK_DISTANCE_SURFACE_CONDITION,FLEMINGTON,1700,,NOT_AVAILABLE_IN_SOURCE,TURF,AVAILABLE_BY_GOVERNED_SURFACE_RESOLVER,GOOD,AVAILABLE,MEDIAN_WINNER_RACE_TIME_SECONDS_RECOVERED_TIMING_MIN20,103.150000,87,100.830000,105.780000,20,AVAILABLE,0f9f857e1bfdc1fafdeff9b6,f5eca72b452e9e847893f1147587fd5ed086abc602ce236036532f3991af3a57,8e2ff983d8593ff44a1689764d598f7a71e56ad03457bf9f48f6ff86f9b76fa4,EDGEIQ_TIMING_WAREHOUSE_RECOVERY_V1,edgeiq_standard_time_recovered_v1.0.0,1.0.0,2026-07-30T07:43:47Z
STFR-2E94B7D3EB4F39F310237D4E,BGFR-72C930C75E56C73F117DB816,TRACK_DISTANCE_SURFACE_CONDITION,FLEMINGTON,1700,,NOT_AVAILABLE_IN_SOURCE,TURF,AVAILABLE_BY_GOVERNED_SURFACE_RESOLVER,SOFT,AVAILABLE,MEDIAN_WINNER_RACE_TIME_SECONDS_RECOVERED_TIMING_MIN20,104.245000,26,102.880000,108.390000,20,AVAILABLE,72c930c75e56c73f117db816,6758884bd6029b3e347ba35ca3c88c2c3e4f5d8a440220c1cfc28c2f14bf6dd6,fc117ad42982a407d97d5155ced4d7256fa0c3fc0d807ed1e85d1f74dd466896,EDGEIQ_TIMING_WAREHOUSE_RECOVERY_V1,edgeiq_standard_time_recovered_v1.0.0,1.0.0,2026-07-30T07:43:47Z
STFR-D88E4E915CFB51EF6FA7944C,BGFR-74A02DAC5459FC61B1AA72D8,TRACK_DISTANCE_SURFACE_CONDITION,FLEMINGTON,1800,,NOT_AVAILABLE_IN_SOURCE,TURF,AVAILABLE_BY_GOVERNED_SURFACE_RESOLVER,GOOD,AVAILABLE,MEDIAN_WINNER_RACE_TIME_SECONDS_RECOVERED_TIMING_MIN20,109.730000,150,107.540000,116.760000,20,AVAILABLE,74a02dac5459fc61b1aa72d8,09a0f52922cb61db658177aeb15aaeffc0923fa1e0028749db34466f7bc0b167,b8e3b9157525115ea25d1c7f90762f24f8cac5431b799bf340149bf79333704a,EDGEIQ_TIMING_WAREHOUSE_RECOVERY_V1,edgeiq_standard_time_recovered_v1.0.0,1.0.0,2026-07-30T07:43:47Z
STFR-8C5FB4CC23A4C6D79437C7F6,BGFR-A907E47C9069B1884A464909,TRACK_DISTANCE_SURFACE_CONDITION,FLEMINGTON,1800,,NOT_AVAILABLE_IN_SOURCE,TURF,AVAILABLE_BY_GOVERNED_SURFACE_RESOLVER,SOFT,AVAILABLE,MEDIAN_WINNER_RACE_TIME_SECONDS_RECOVERED_TIMING_MIN20,111.290000,47,108.920000,114.810000,20,AVAILABLE,a907e47c9069b1884a464909,af05b4c01c27ce3cd49e524822e97f50bd0006f36dc47977041543a2e4b744cb,14ee485ccf75728f6d7f0c25839d9208a991f8a31b5351e2c3361c562162463d,EDGEIQ_TIMING_WAREHOUSE_RECOVERY_V1,edgeiq_standard_time_recovered_v1.0.0,1.0.0,2026-07-30T07:43:47Z
STFR-219EEB97E85EFA1DF76B08D4,BGFR-9E60E5CC063928451974EF0F,TRACK_DISTANCE_SURFACE_CONDITION,FLEMINGTON,2000,,NOT_AVAILABLE_IN_SOURCE,TURF,AVAILABLE_BY_GOVERNED_SURFACE_RESOLVER,GOOD,AVAILABLE,MEDIAN_WINNER_RACE_TIME_SECONDS_RECOVERED_TIMING_MIN20,122.720000,302,118.730000,126.300000,20,AVAILABLE,9e60e5cc063928451974ef0f,18bd0e417a5807ea5bb8fa918f8de301936a9f0e021490a287673de8deb04c61,a436666c88ae0551f11f3217b1eee0ca29bb447e59a6265642433972cb00adf6,EDGEIQ_TIMING_WAREHOUSE_RECOVERY_V1,edgeiq_standard_time_recovered_v1.0.0,1.0.0,2026-07-30T07:43:47Z
STFR-83C384606D705ED025BB2E08,BGFR-6F66A23B45857996539AF83F,TRACK_DISTANCE_SURFACE_CONDITION,FLEMINGTON,2000,,NOT_AVAILABLE_IN_SOURCE,TURF,AVAILABLE_BY_GOVERNED_SURFACE_RESOLVER,HEAVY,AVAILABLE,MEDIAN_WINNER_RACE_TIME_SECONDS_RECOVERED_TIMING_MIN20,126.810000,25,123.450000,131.330000,20,AVAILABLE,6f66a23b45857996539af83f,ebed610bf6e7cddb146dcfad5865fa7644eac4779b042cb466723c9ab384e7ee,b1dcf2d401a4f6eb87498c3a7f10cfec0fdc103e62cf1e7f88ab36b88b80a870,EDGEIQ_TIMING_WAREHOUSE_RECOVERY_V1,edgeiq_standard_time_recovered_v1.0.0,1.0.0,2026-07-30T07:43:47Z
STFR-173BB92826D1A10CC12FDA4B,BGFR-F8211343947D9563044577D8,TRACK_DISTANCE_SURFACE_CONDITION,FLEMINGTON,2000,,NOT_AVAILABLE_IN_SOURCE,TURF,AVAILABLE_BY_GOVERNED_SURFACE_RESOLVER,SOFT,AVAILABLE,MEDIAN_WINNER_RACE_TIME_SECONDS_RECOVERED_TIMING_MIN20,124.575000,112,121.460000,129.440000,20,AVAILABLE,f8211343947d9563044577d8,b1e12654098e83bb317ea31f33a1aa0e9becfc5f25082b57e43930b5a8db2227,4cdf10d26856a41b72107bd5a3d180d0c95bf0bf437156be9d72c65f68c5bf5a,EDGEIQ_TIMING_WAREHOUSE_RECOVERY_V1,edgeiq_standard_time_recovered_v1.0.0,1.0.0,2026-07-30T07:43:47Z
STFR-F67F8725CD2ECD72E8FD4773,BGFR-02DDF99B61B97F5295DE7A13,TRACK_DISTANCE_SURFACE_CONDITION,FLEMINGTON,2500,,NOT_AVAILABLE_IN_SOURCE,TURF,AVAILABLE_BY_GOVERNED_SURFACE_RESOLVER,GOOD,AVAILABLE,MEDIAN_WINNER_RACE_TIME_SECONDS_RECOVERED_TIMING_MIN20,157.220000,95,153.810000,162.740000,20,AVAILABLE,02ddf99b61b97f5295de7a13,8955e11ceddd431b033e306aa323be52a5748375655ff919a1e517705a7ac351,3075b158f5334813a7f83669907b2b8ecaaaff71dc29b5062e6f6d787d71bccd,EDGEIQ_TIMING_WAREHOUSE_RECOVERY_V1,edgeiq_standard_time_recovered_v1.0.0,1.0.0,2026-07-30T07:43:47Z
STFR-37FFD3C99FB66980FCA96310,BGFR-42AEA4CE5BD49B6D62A93104,TRACK_DISTANCE_SURFACE_CONDITION,FLEMINGTON,2500,,NOT_AVAILABLE_IN_SOURCE,TURF,AVAILABLE_BY_GOVERNED_SURFACE_RESOLVER,SOFT,AVAILABLE,MEDIAN_WINNER_RACE_TIME_SECONDS_RECOVERED_TIMING_MIN20,159.090000,35,155.860000,164.750000,20,AVAILABLE,42aea4ce5bd49b6d62a93104,613585f8c2db656acaa7115cdac8d4f30023add7befcc01c6fe2f1ddd194dfaf,ba17f3acfe5711e64aa141329464a3763e55dfc9c833829b3c88a04db702da5b,EDGEIQ_TIMING_WAREHOUSE_RECOVERY_V1,edgeiq_standard_time_recovered_v1.0.0,1.0.0,2026-07-30T07:43:47Z
STFR-E6FC103A526268B1404B2C6D,BGFR-CA8D1465504D98311616E84A,TRACK_DISTANCE_SURFACE_CONDITION,FLEMINGTON,2520,,NOT_AVAILABLE_IN_SOURCE,TURF,AVAILABLE_BY_GOVERNED_SURFACE_RESOLVER,GOOD,AVAILABLE,MEDIAN_WINNER_RACE_TIME_SECONDS_RECOVERED_TIMING_MIN20,158.710000,22,155.660000,162.100000,20,AVAILABLE,ca8d1465504d98311616e84a,e9e5323d1b34c647761ddccb9069ef7c319da6778c3f2a4ffb9df43f3c48639e,e7bebc06ed909ddf694545a6ceb70d692995bd044b43b511543f73545fa9c50f,EDGEIQ_TIMING_WAREHOUSE_RECOVERY_V1,edgeiq_standard_time_recovered_v1.0.0,1.0.0,2026-07-30T07:43:47Z
STFR-0F381DA43164D20D8DF40DD5,BGFR-DAD375B9D311ABC41BA998AC,TRACK_DISTANCE_SURFACE_CONDITION,FLEMINGTON,2600,,NOT_AVAILABLE_IN_SOURCE,TURF,AVAILABLE_BY_GOVERNED_SURFACE_RESOLVER,GOOD,AVAILABLE,MEDIAN_WINNER_RACE_TIME_SECONDS_RECOVERED_TIMING_MIN20,165.050000,31,161.420000,172.590000,20,AVAILABLE,dad375b9d311abc41ba998ac,af24d527fc72ebebf9ab23bbf9d209764d59c4311f2ace9066b97b9fefae5852,5a24b5968bde98097d2a894017d54b7c2fc51e400f99b55c2b09bd93424ce85d,EDGEIQ_TIMING_WAREHOUSE_RECOVERY_V1,edgeiq_standard_time_recovered_v1.0.0,1.0.0,2026-07-30T07:43:47Z
STFR-60EA2D01DBCD08C1700E951B,BGFR-924797FCDFFC40A7440236B6,TRACK_DISTANCE_SURFACE_CONDITION,FLEMINGTON,2800,,NOT_AVAILABLE_IN_SOURCE,TURF,AVAILABLE_BY_GOVERNED_SURFACE_RESOLVER,GOOD,AVAILABLE,MEDIAN_WINNER_RACE_TIME_SECONDS_RECOVERED_TIMING_MIN20,176.660000,43,172.400000,183.630000,20,AVAILABLE,924797fcdffc40a7440236b6,0d89f55c95ae352748f266d9e11738579f810c1fdda0e5f87c3986935203fc5c,4bf682f90ca97335701ddb23b9d41127b99b65855f7b8b813463049ab3d12893,EDGEIQ_TIMING_WAREHOUSE_RECOVERY_V1,edgeiq_standard_time_recovered_v1.0.0,1.0.0,2026-07-30T07:43:47Z
STFR-886C02AE081E505979DC97B1,BGFR-B47639E500B1448EA5FB2D9D,TRACK_DISTANCE_SURFACE_CONDITION,FLEMINGTON,2800,,NOT_AVAILABLE_IN_SOURCE,TURF,AVAILABLE_BY_GOVERNED_SURFACE_RESOLVER,SOFT,AVAILABLE,MEDIAN_WINNER_RACE_TIME_SECONDS_RECOVERED_TIMING_MIN20,179.100000,23,173.660000,185.870000,20,AVAILABLE,b47639e500b1448ea5fb2d9d,3d786c1b5a94bd4dc1534ac012eeab30308743f9434ac5825758f20ace4ca072,9f550bfa069e944b4e0b096997e5e3c274ab9dd995acaacd1b8520b2e49954c5,EDGEIQ_TIMING_WAREHOUSE_RECOVERY_V1,edgeiq_standard_time_recovered_v1.0.0,1.0.0,2026-07-30T07:43:47Z
STFR-8899BDF4B0E0C0C372F24D44,BGFR-D8DB42D06EF7F64A4A23F352,TRACK_DISTANCE_SURFACE_CONDITION,FLEMINGTON,3200,,NOT_AVAILABLE_IN_SOURCE,TURF,AVAILABLE_BY_GOVERNED_SURFACE_RESOLVER,GOOD,AVAILABLE,MEDIAN_WINNER_RACE_TIME_SECONDS_RECOVERED_TIMING_MIN20,203.325000,28,197.340000,215.770000,20,AVAILABLE,d8db42d06ef7f64a4a23f352,46d61bfb248525e8210c330d5b65d1bec5549d17e36564b0064ddfbc7ecddec4,b9c02bdc2a8ab5eaaf71118021ba194c87907de62044623b3feca400c43c1547,EDGEIQ_TIMING_WAREHOUSE_RECOVERY_V1,edgeiq_standard_time_recovered_v1.0.0,1.0.0,2026-07-30T07:43:47Z
STFR-DC58BE784CE53FB5F845C34B,BGFR-C52E7A41E7554A7F76C39411,TRACK_DISTANCE_SURFACE_CONDITION,HAMILTON,1100,,NOT_AVAILABLE_IN_SOURCE,TURF,AVAILABLE_BY_GOVERNED_SURFACE_RESOLVER,GOOD,AVAILABLE,MEDIAN_WINNER_RACE_TIME_SECONDS_RECOVERED_TIMING_MIN20,65.035000,64,62.680000,67.420000,20,AVAILABLE,c52e7a41e7554a7f76c39411,f58a0da594b90f5a7057f05d08e01df71bba121ba39e97ff767f1c1af27c8581,8e11825ce692aeb7d7285f645ef455357f85cf4e7c7dbe14053a22a22b99c68e,EDGEIQ_TIMING_WAREHOUSE_RECOVERY_V1,edgeiq_standard_time_recovered_v1.0.0,1.0.0,2026-07-30T07:43:47Z
STFR-3E474921690605041F7CD958,BGFR-96AF61792DCF355066690602,TRACK_DISTANCE_SURFACE_CONDITION,HAMILTON,1100,,NOT_AVAILABLE_IN_SOURCE,TURF,AVAILABLE_BY_GOVERNED_SURFACE_RESOLVER,HEAVY,AVAILABLE,MEDIAN_WINNER_RACE_TIME_SECONDS_RECOVERED_TIMING_MIN20,68.190000,42,65.540000,70.690000,20,AVAILABLE,96af61792dcf355066690602,109266e4d1b2d690d3bc0e76f71827137b233a362fbceb244c6d8a33f698aebc,683c4e07c2e299dd796ea9b43876a7267a7f90efc1452fd1a149157e0cb4ce05,EDGEIQ_TIMING_WAREHOUSE_RECOVERY_V1,edgeiq_standard_time_recovered_v1.0.0,1.0.0,2026-07-30T07:43:47Z
STFR-68B16F074DB0812D5DF23408,BGFR-0E8608F57AA281331BEEE8FD,TRACK_DISTANCE_SURFACE_CONDITION,HAMILTON,1100,,NOT_AVAILABLE_IN_SOURCE,TURF,AVAILABLE_BY_GOVERNED_SURFACE_RESOLVER,SOFT,AVAILABLE,MEDIAN_WINNER_RACE_TIME_SECONDS_RECOVERED_TIMING_MIN20,66.045000,60,64.160000,68.400000,20,AVAILABLE,0e8608f57aa281331beee8fd,cc6bfca3c8cc09d1b10d96c750d87ab2f639796045fff39bbb11a3cf9ad84372,c642608ce471876b42320bd07c2b289e3f6f6da907361049b408e525a911fcc0,EDGEIQ_TIMING_WAREHOUSE_RECOVERY_V1,edgeiq_standard_time_recovered_v1.0.0,1.0.0,2026-07-30T07:43:47Z
STFR-CA40004865BFEEA2FE8BFCCD,BGFR-DDE8306D1DCC6E61D77E6CC6,TRACK_DISTANCE_SURFACE_CONDITION,HAMILTON,1200,,NOT_AVAILABLE_IN_SOURCE,TURF,AVAILABLE_BY_GOVERNED_SURFACE_RESOLVER,GOOD,AVAILABLE,MEDIAN_WINNER_RACE_TIME_SECONDS_RECOVERED_TIMING_MIN20,71.885000,98,69.750000,74.330000,20,AVAILABLE,dde8306d1dcc6e61d77e6cc6,b6a936b904d87115b984b609f4a34ab845e090e49ceb071ded53f46fba069fb4,8854f5eb0e503ad6d64a41b5443dc92655808a40b3558ab3d5b9c474b036b5c6,EDGEIQ_TIMING_WAREHOUSE_RECOVERY_V1,edgeiq_standard_time_recovered_v1.0.0,1.0.0,2026-07-30T07:43:47Z
STFR-E962DC819C2E72DA4E3FFA7F,BGFR-53DA7F4091AB5A28C91BD4B1,TRACK_DISTANCE_SURFACE_CONDITION,HAMILTON,1200,,NOT_AVAILABLE_IN_SOURCE,TURF,AVAILABLE_BY_GOVERNED_SURFACE_RESOLVER,HEAVY,AVAILABLE,MEDIAN_WINNER_RACE_TIME_SECONDS_RECOVERED_TIMING_MIN20,74.780000,54,72.370000,79.010000,20,AVAILABLE,53da7f4091ab5a28c91bd4b1,490352c04cf425c5db9d4baa15897cad8bc8aa87f725d420538374ac96f572f0,408956395a461b7c3c94ab82b3aca08f5bd488e8caf7022dbb06f0a75b181789,EDGEIQ_TIMING_WAREHOUSE_RECOVERY_V1,edgeiq_standard_time_recovered_v1.0.0,1.0.0,2026-07-30T07:43:47Z
STFR-DE69A0EA2F101C80090F4B11,BGFR-40F16E6B7C2062F09AAECE8C,TRACK_DISTANCE_SURFACE_CONDITION,HAMILTON,1200,,NOT_AVAILABLE_IN_SOURCE,TURF,AVAILABLE_BY_GOVERNED_SURFACE_RESOLVER,SOFT,AVAILABLE,MEDIAN_WINNER_RACE_TIME_SECONDS_RECOVERED_TIMING_MIN20,72.585000,68,70.110000,75.790000,20,AVAILABLE,40f16e6b7c2062f09aaece8c,2b8a26e8fbba13b601a127bad9bdf5517a89b9e17bf54d400d99aa42a819fe7e,93c6e5cb2fe2215be79169fe1377ac2c8f4963a05b04d8a7bda57053151d92b3,EDGEIQ_TIMING_WAREHOUSE_RECOVERY_V1,edgeiq_standard_time_recovered_v1.0.0,1.0.0,2026-07-30T07:43:47Z
STFR-E43F9F0EF9678D57587EA9DC,BGFR-E6EC5B4D63865CB8F39CA5EE,TRACK_DISTANCE_SURFACE_CONDITION,HAMILTON,1400,,NOT_AVAILABLE_IN_SOURCE,TURF,AVAILABLE_BY_GOVERNED_SURFACE_RESOLVER,GOOD,AVAILABLE,MEDIAN_WINNER_RACE_TIME_SECONDS_RECOVERED_TIMING_MIN20,83.990000,98,82.370000,87.570000,20,AVAILABLE,e6ec5b4d63865cb8f39ca5ee,3053999e34471acc86ccc347184d4a29c838fb0da5ce6630249d09b6b29a2e3f,8765ab863eaf0a308a495f0c19876301eed42e221214568872a2f64394c0efee,EDGEIQ_TIMING_WAREHOUSE_RECOVERY_V1,edgeiq_standard_time_recovered_v1.0.0,1.0.0,2026-07-30T07:43:47Z
STFR-3EC80A38833399DCB4E13DF5,BGFR-B425274C63642BD1CD9D0228,TRACK_DISTANCE_SURFACE_CONDITION,HAMILTON,1400,,NOT_AVAILABLE_IN_SOURCE,TURF,AVAILABLE_BY_GOVERNED_SURFACE_RESOLVER,HEAVY,AVAILABLE,MEDIAN_WINNER_RACE_TIME_SECONDS_RECOVERED_TIMING_MIN20,88.335000,50,85.070000,90.890000,20,AVAILABLE,b425274c63642bd1cd9d0228,0b1f1f565e91815fb5bd6de2ab871d8c7deae48d99a35788406fee2ab89d0ca5,ee319b42233fd5dd863592fa3c88b02548c4d988a52ba40842be2879c5330cc5,EDGEIQ_TIMING_WAREHOUSE_RECOVERY_V1,edgeiq_standard_time_recovered_v1.0.0,1.0.0,2026-07-30T07:43:47Z
STFR-95653D64510F94569F5A6884,BGFR-1370E94F96F923D820C5DDC6,TRACK_DISTANCE_SURFACE_CONDITION,HAMILTON,1400,,NOT_AVAILABLE_IN_SOURCE,TURF,AVAILABLE_BY_GOVERNED_SURFACE_RESOLVER,SOFT,AVAILABLE,MEDIAN_WINNER_RACE_TIME_SECONDS_RECOVERED_TIMING_MIN20,85.355000,78,82.930000,88.120000,20,AVAILABLE,1370e94f96f923d820c5ddc6,0ba4439ae6c3f879dcf359ec95a1355ba05ab302ad81255b8519ff146a9d8074,f333db3cec70a5e92683e8bbd4dde60d28998a5e98366c110e7d5374151ba59d,EDGEIQ_TIMING_WAREHOUSE_RECOVERY_V1,edgeiq_standard_time_recovered_v1.0.0,1.0.0,2026-07-30T07:43:47Z
STFR-D91FE0F1B3AE31197F747198,BGFR-F118DB5643DF9A1B2FC4FA16,TRACK_DISTANCE_SURFACE_CONDITION,HAMILTON,1600,,NOT_AVAILABLE_IN_SOURCE,TURF,AVAILABLE_BY_GOVERNED_SURFACE_RESOLVER,GOOD,AVAILABLE,MEDIAN_WINNER_RACE_TIME_SECONDS_RECOVERED_TIMING_MIN20,99.030000,104,96.610000,104.900000,20,AVAILABLE,f118db5643df9a1b2fc4fa16,74d76bca848452060fcbaaefa957788c69f7189607c218d9fb493e8ddd0aa5b6,2c1984d95a500d45a80289061fc693c22dcd2c5a4c86c5534c5b004504173e17,EDGEIQ_TIMING_WAREHOUSE_RECOVERY_V1,edgeiq_standard_time_recovered_v1.0.0,1.0.0,2026-07-30T07:43:47Z
STFR-84D6DFD2ACFBA767D69EE904,BGFR-B37D3F49EDF3C79BEB362782,TRACK_DISTANCE_SURFACE_CONDITION,HAMILTON,1600,,NOT_AVAILABLE_IN_SOURCE,TURF,AVAILABLE_BY_GOVERNED_SURFACE_RESOLVER,HEAVY,AVAILABLE,MEDIAN_WINNER_RACE_TIME_SECONDS_RECOVERED_TIMING_MIN20,103.645000,60,100.580000,107.920000,20,AVAILABLE,b37d3f49edf3c79beb362782,fcfafcafbf2b2b50f0cdba718f0fbbd114f0b05212b1ea315fa82d9106c84047,aecbf558563d550f5aa0e06bfb1ab38bfc37f6111eb27d704ac77ba1ee770193,EDGEIQ_TIMING_WAREHOUSE_RECOVERY_V1,edgeiq_standard_time_recovered_v1.0.0,1.0.0,2026-07-30T07:43:47Z
STFR-7C251EBC5C062CD1D41C2BD6,BGFR-2420480E8E6932FA971BEDC5,TRACK_DISTANCE_SURFACE_CONDITION,HAMILTON,1600,,NOT_AVAILABLE_IN_SOURCE,TURF,AVAILABLE_BY_GOVERNED_SURFACE_RESOLVER,SOFT,AVAILABLE,MEDIAN_WINNER_RACE_TIME_SECONDS_RECOVERED_TIMING_MIN20,100.610000,64,97.460000,108.860000,20,AVAILABLE,2420480e8e6932fa971bedc5,af619de19ecbe9b28c63d49d517809bc859b26901fcf40f491d7cac521851635,639bd1ceba19dcaf6b05d352b11dbb752cc54f9db8a6b54dc9c7187f01e2eb86,EDGEIQ_TIMING_WAREHOUSE_RECOVERY_V1,edgeiq_standard_time_recovered_v1.0.0,1.0.0,2026-07-30T07:43:47Z
STFR-1A065535323CADC67F3D764D,BGFR-65DD96E6AF765DCDFB331390,TRACK_DISTANCE_SURFACE_CONDITION,HAMILTON,2200,,NOT_AVAILABLE_IN_SOURCE,TURF,AVAILABLE_BY_GOVERNED_SURFACE_RESOLVER,GOOD,AVAILABLE,MEDIAN_WINNER_RACE_TIME_SECONDS_RECOVERED_TIMING_MIN20,140.130000,61,136.390000,146.710000,20,AVAILABLE,65dd96e6af765dcdfb331390,ae67f4b2cf29b82e2172c6e64d4e820252dd83ba8df73b7cfc051c5753fc2b08,f03139c61072301d89bae10dbfea1c9a303790f3f73ef4c650c571c562ee0e15,EDGEIQ_TIMING_WAREHOUSE_RECOVERY_V1,edgeiq_standard_time_recovered_v1.0.0,1.0.0,2026-07-30T07:43:47Z
STFR-750A3C600BDF8A7C2C13C85B,BGFR-DD44D1B7517F6D214BD5D7AF,TRACK_DISTANCE_SURFACE_CONDITION,HAMILTON,2200,,NOT_AVAILABLE_IN_SOURCE,TURF,AVAILABLE_BY_GOVERNED_SURFACE_RESOLVER,HEAVY,AVAILABLE,MEDIAN_WINNER_RACE_TIME_SECONDS_RECOVERED_TIMING_MIN20,148.440000,28,140.180000,154.950000,20,AVAILABLE,dd44d1b7517f6d214bd5d7af,f57e44a4bf0f971c3a22dab2ed1b40a92be4d29af3e1e0801833daf4401d429c,dd4baf482a7e93091e9480c89b5bb98bbf155a40e35fccb644d740fce4d0cbe3,EDGEIQ_TIMING_WAREHOUSE_RECOVERY_V1,edgeiq_standard_time_recovered_v1.0.0,1.0.0,2026-07-30T07:43:47Z
STFR-751FEDAC3C34FEB0D45038C8,BGFR-81374D00CC417EF92F3FDADF,TRACK_DISTANCE_SURFACE_CONDITION,HAMILTON,2200,,NOT_AVAILABLE_IN_SOURCE,TURF,AVAILABLE_BY_GOVERNED_SURFACE_RESOLVER,SOFT,AVAILABLE,MEDIAN_WINNER_RACE_TIME_SECONDS_RECOVERED_TIMING_MIN20,142.345000,48,137.180000,149.980000,20,AVAILABLE,81374d00cc417ef92f3fdadf,8d938de4e0a4b80bf27e38d8a111c9627dc41bd132033b0353019a639c6bd0c8,edb1d5632a64cda30b914a6cb3c1747932660cc0fc75bb154b0eedfcda8d94fd,EDGEIQ_TIMING_WAREHOUSE_RECOVERY_V1,edgeiq_standard_time_recovered_v1.0.0,1.0.0,2026-07-30T07:43:47Z
STFR-A7AB1592007111B10F88EC78,BGFR-92A225EBE88F1E507A2824B6,TRACK_DISTANCE_SURFACE_CONDITION,HAMILTON,3200,,NOT_AVAILABLE_IN_SOURCE,TURF,AVAILABLE_BY_GOVERNED_SURFACE_RESOLVER,HEAVY,AVAILABLE,MEDIAN_WINNER_RACE_TIME_SECONDS_RECOVERED_TIMING_MIN20,232.110000,37,221.030000,245.960000,20,AVAILABLE,92a225ebe88f1e507a2824b6,d59237901c2ffd394fd807d5f067a8a9c84ec7d45d3f205866248e6e93a6cd2a,ce91689433b4da2522970e640811a48e6e81dbd8d7507118078b4b1a7c251c6d,EDGEIQ_TIMING_WAREHOUSE_RECOVERY_V1,edgeiq_standard_time_recovered_v1.0.0,1.0.0,2026-07-30T07:43:47Z
STFR-B5DAB88B54AA058CAE5082FF,BGFR-2959E3BCB4B6B17ADCC5E9B6,TRACK_DISTANCE_SURFACE_CONDITION,HAMILTON,3200,,NOT_AVAILABLE_IN_SOURCE,TURF,AVAILABLE_BY_GOVERNED_SURFACE_RESOLVER,SOFT,AVAILABLE,MEDIAN_WINNER_RACE_TIME_SECONDS_RECOVERED_TIMING_MIN20,225.090000,25,217.240000,243.150000,20,AVAILABLE,2959e3bcb4b6b17adcc5e9b6,15aacd49e48e74e359ba1cb18f4661270db33c7835cd22c216bf6fbdaefb7fcb,a45f9e92c283cd39f5cd82b67b38770da258883f92b6f950cec4ff2d822673dc,EDGEIQ_TIMING_WAREHOUSE_RECOVERY_V1,edgeiq_standard_time_recovered_v1.0.0,1.0.0,2026-07-30T07:43:47Z
STFR-4E99C792FE699B704563F9D6,BGFR-2B22F0DAA14AFC4069324CEE,TRACK_DISTANCE_SURFACE_CONDITION,HEALESVILLE,1000,,NOT_AVAILABLE_IN_SOURCE,TURF,AVAILABLE_BY_GOVERNED_SURFACE_RESOLVER,GOOD,AVAILABLE,MEDIAN_WINNER_RACE_TIME_SECONDS_RECOVERED_TIMING_MIN20,58.220000,21,57.300000,59.820000,20,AVAILABLE,2b22f0daa14afc4069324cee,71c923bd656aaf3f3af5f8bab19b47c6fe30d20f11f8bfe31c65dea4af975b37,2ce98826033346596d60892a3ea63a367a28e23b8b8acbef80d007dc50706766,EDGEIQ_TIMING_WAREHOUSE_RECOVERY_V1,edgeiq_standard_time_recovered_v1.0.0,1.0.0,2026-07-30T07:43:47Z
STFR-27AA82BC04F4FED8389CA836,BGFR-A77DE9037F4A757D0488D3E3,TRACK_DISTANCE_SURFACE_CONDITION,HEALESVILLE,1200,,NOT_AVAILABLE_IN_SOURCE,TURF,AVAILABLE_BY_GOVERNED_SURFACE_RESOLVER,GOOD,AVAILABLE,MEDIAN_WINNER_RACE_TIME_SECONDS_RECOVERED_TIMING_MIN20,73.650000,23,72.210000,77.140000,20,AVAILABLE,a77de9037f4a757d0488d3e3,0063b7b9682e1eb32172b6ba29df59467ece1601638e8d95a7c323ad34bf1171,2674774afcc2fbac8ec9f31b99cff1e90f747bfc70c63c01a12c39fa2041d17e,EDGEIQ_TIMING_WAREHOUSE_RECOVERY_V1,edgeiq_standard_time_recovered_v1.0.0,1.0.0,2026-07-30T07:43:47Z
STFR-CFD57B4C9C78659F9374447E,BGFR-ADF499D2D23AEAE7FEFBF4CD,TRACK_DISTANCE_SURFACE_CONDITION,HEALESVILLE,1650,,NOT_AVAILABLE_IN_SOURCE,TURF,AVAILABLE_BY_GOVERNED_SURFACE_RESOLVER,GOOD,AVAILABLE,MEDIAN_WINNER_RACE_TIME_SECONDS_RECOVERED_TIMING_MIN20,104.410000,23,102.210000,110.190000,20,AVAILABLE,adf499d2d23aeae7fefbf4cd,f83eed78110cbff1ba1434c6744131b92ec175630df05e19bfded4bde2fa1b32,482770a0b8549f150849670a6e58011474669739206b6a7db80b0f900a6cfff7,EDGEIQ_TIMING_WAREHOUSE_RECOVERY_V1,edgeiq_standard_time_recovered_v1.0.0,1.0.0,2026-07-30T07:43:47Z
STFR-A199487A076ACC66E6A20C8A,BGFR-965AFD20DBFCFE8C75DAB482,TRACK_DISTANCE_SURFACE_CONDITION,HORSHAM,1400,,NOT_AVAILABLE_IN_SOURCE,TURF,AVAILABLE_BY_GOVERNED_SURFACE_RESOLVER,GOOD,AVAILABLE,MEDIAN_WINNER_RACE_TIME_SECONDS_RECOVERED_TIMING_MIN20,84.095000,20,83.030000,88.050000,20,AVAILABLE,965afd20dbfcfe8c75dab482,e98447fa7b859409e9bea53f9f7792903dc25106462ae43ba4be9c6ea860d5b9,493faf417def21aa3001ac693878c2ecc0921d50f01d3ef13545030d3d58ea94,EDGEIQ_TIMING_WAREHOUSE_RECOVERY_V1,edgeiq_standard_time_recovered_v1.0.0,1.0.0,2026-07-30T07:43:47Z
STFR-F1776DFDA893FF9E0F6FB281,BGFR-2C40DCBC297F96AB73545011,TRACK_DISTANCE_SURFACE_CONDITION,LADBROKES PARK HILLSIDE,1000,,NOT_AVAILABLE_IN_SOURCE,TURF,AVAILABLE_BY_GOVERNED_SURFACE_RESOLVER,GOOD,AVAILABLE,MEDIAN_WINNER_RACE_TIME_SECONDS_RECOVERED_TIMING_MIN20,57.130000,164,54.670000,60.010000,20,AVAILABLE,2c40dcbc297f96ab73545011,b66e5705a471ff05030416e0ea67bd092bf01ee517484585fdbec4b6a1c79cc1,5de7739ddf2c92495ae05c776f27c3e64ebb4f81164343f6dbea930afa0658b5,EDGEIQ_TIMING_WAREHOUSE_RECOVERY_V1,edgeiq_standard_time_recovered_v1.0.0,1.0.0,2026-07-30T07:43:47Z
STFR-787839044A7C688CF68D165D,BGFR-57A85895F45B892C835A5661,TRACK_DISTANCE_SURFACE_CONDITION,LADBROKES PARK HILLSIDE,1000,,NOT_AVAILABLE_IN_SOURCE,TURF,AVAILABLE_BY_GOVERNED_SURFACE_RESOLVER,HEAVY,AVAILABLE,MEDIAN_WINNER_RACE_TIME_SECONDS_RECOVERED_TIMING_MIN20,59.630000,59,58.040000,60.730000,20,AVAILABLE,57a85895f45b892c835a5661,6b82986bf6efa1e85accdac0edf6d71c99982db82f824ab4f9bd18ab7962c51c,6fecef0b94d0d00f31fff1a1629102b5c9be0bb89c158592cc0f03ba9388053f,EDGEIQ_TIMING_WAREHOUSE_RECOVERY_V1,edgeiq_standard_time_recovered_v1.0.0,1.0.0,2026-07-30T07:43:47Z
STFR-E31AB759BCD1E5816A153733,BGFR-BBD90F3AE4E2A1928ACBDABA,TRACK_DISTANCE_SURFACE_CONDITION,LADBROKES PARK HILLSIDE,1000,,NOT_AVAILABLE_IN_SOURCE,TURF,AVAILABLE_BY_GOVERNED_SURFACE_RESOLVER,SOFT,AVAILABLE,MEDIAN_WINNER_RACE_TIME_SECONDS_RECOVERED_TIMING_MIN20,58.120000,91,56.090000,60.240000,20,AVAILABLE,bbd90f3ae4e2a1928acbdaba,e2e71f96f5bcf340405b1a231b107a42242698c37c667ce54606da55400cccb3,ec77c85ff5a80a6c93e861cbb046e9a397694e030fa613eae4bf87c2d571296e,EDGEIQ_TIMING_WAREHOUSE_RECOVERY_V1,edgeiq_standard_time_recovered_v1.0.0,1.0.0,2026-07-30T07:43:47Z
STFR-45624EAB57DAB2DA6500009D,BGFR-9CEE219C1D139B8AEE86401A,TRACK_DISTANCE_SURFACE_CONDITION,LADBROKES PARK HILLSIDE,1300,,NOT_AVAILABLE_IN_SOURCE,TURF,AVAILABLE_BY_GOVERNED_SURFACE_RESOLVER,GOOD,AVAILABLE,MEDIAN_WINNER_RACE_TIME_SECONDS_RECOVERED_TIMING_MIN20,77.520000,109,75.910000,79.930000,20,AVAILABLE,9cee219c1d139b8aee86401a,f72348e9e4bbef4f7f17a31411718742f8afd6e35a0f5379347a32ad0551c781,1730488cb8b2d2ab599b7667a80825310672fb391205cb0454cad125f90cdcd7,EDGEIQ_TIMING_WAREHOUSE_RECOVERY_V1,edgeiq_standard_time_recovered_v1.0.0,1.0.0,2026-07-30T07:43:47Z
STFR-A2DFB8A30D3D07A0616FEE78,BGFR-7BA5BA43BC53D594E2B3C2FD,TRACK_DISTANCE_SURFACE_CONDITION,LADBROKES PARK HILLSIDE,1300,,NOT_AVAILABLE_IN_SOURCE,TURF,AVAILABLE_BY_GOVERNED_SURFACE_RESOLVER,HEAVY,AVAILABLE,MEDIAN_WINNER_RACE_TIME_SECONDS_RECOVERED_TIMING_MIN20,81.690000,37,79.390000,84.210000,20,AVAILABLE,7ba5ba43bc53d594e2b3c2fd,42c19c4b09b254d0881e417fef9829403a55a460cdd775b439044e8c2078f302,d6fbdcc30593e4d71dd1faa9c363198a6339a45c56c7ea1bed1ab3516dbb329f,EDGEIQ_TIMING_WAREHOUSE_RECOVERY_V1,edgeiq_standard_time_recovered_v1.0.0,1.0.0,2026-07-30T07:43:47Z
STFR-DDBFE547846EB743DD1366CF,BGFR-DC0125B7E14F88496E8F1737,TRACK_DISTANCE_SURFACE_CONDITION,LADBROKES PARK HILLSIDE,1300,,NOT_AVAILABLE_IN_SOURCE,TURF,AVAILABLE_BY_GOVERNED_SURFACE_RESOLVER,SOFT,AVAILABLE,MEDIAN_WINNER_RACE_TIME_SECONDS_RECOVERED_TIMING_MIN20,78.930000,75,77.090000,82.280000,20,AVAILABLE,dc0125b7e14f88496e8f1737,5389beaaf38ca76a3b10ce6bd53531e9ef2479d83d2e6b14a5edfaeaa43ad62d,4da763072e8b89e5609f411b51ca954efd89a8a1f61796836b3f59e2245b8d03,EDGEIQ_TIMING_WAREHOUSE_RECOVERY_V1,edgeiq_standard_time_recovered_v1.0.0,1.0.0,2026-07-30T07:43:47Z
STFR-185068D189530E48753533CA,BGFR-3D7883E7E994A485E6236BA4,TRACK_DISTANCE_SURFACE_CONDITION,LADBROKES PARK HILLSIDE,1400,,NOT_AVAILABLE_IN_SOURCE,TURF,AVAILABLE_BY_GOVERNED_SURFACE_RESOLVER,GOOD,AVAILABLE,MEDIAN_WINNER_RACE_TIME_SECONDS_RECOVERED_TIMING_MIN20,84.130000,93,82.520000,87.510000,20,AVAILABLE,3d7883e7e994a485e6236ba4,141a7a83c013999f033698aa6b03d835c5419532dbe10367d87bdb712357f2e9,c3d6d979e58cc52c3979b1c5771d9c2dc276edb2afad9cc5b6d6c9d192c01a58,EDGEIQ_TIMING_WAREHOUSE_RECOVERY_V1,edgeiq_standard_time_recovered_v1.0.0,1.0.0,2026-07-30T07:43:47Z
STFR-10943233D4636EF2492FB1D0,BGFR-E8B18050A788DE9D0B7CB1F0,TRACK_DISTANCE_SURFACE_CONDITION,LADBROKES PARK HILLSIDE,1400,,NOT_AVAILABLE_IN_SOURCE,TURF,AVAILABLE_BY_GOVERNED_SURFACE_RESOLVER,HEAVY,AVAILABLE,MEDIAN_WINNER_RACE_TIME_SECONDS_RECOVERED_TIMING_MIN20,89.090000,34,87.210000,91.030000,20,AVAILABLE,e8b18050a788de9d0b7cb1f0,8335f93eed04a2e98dcd65493b8a51850c4d1bab74868415391888f2e09d20c0,9eb56ca24fbacc93ed2d6f2b387361173871c5eeaa747b4aa58ef049231d3c44,EDGEIQ_TIMING_WAREHOUSE_RECOVERY_V1,edgeiq_standard_time_recovered_v1.0.0,1.0.0,2026-07-30T07:43:47Z
STFR-BD48A70C8A3934055462E3D1,BGFR-5E892A448327EECAC7BD8165,TRACK_DISTANCE_SURFACE_CONDITION,LADBROKES PARK HILLSIDE,1400,,NOT_AVAILABLE_IN_SOURCE,TURF,AVAILABLE_BY_GOVERNED_SURFACE_RESOLVER,SOFT,AVAILABLE,MEDIAN_WINNER_RACE_TIME_SECONDS_RECOVERED_TIMING_MIN20,85.820000,72,83.370000,88.520000,20,AVAILABLE,5e892a448327eecac7bd8165,b7514dde7bdbb991c893e9cfaa3f236e0de86ed93f3ed40ca3f84ac44529ccf9,94cb0482f7944793374ca0a3d762c4a8d14ea27d13981b6e44753c4c9bf29d0e,EDGEIQ_TIMING_WAREHOUSE_RECOVERY_V1,edgeiq_standard_time_recovered_v1.0.0,1.0.0,2026-07-30T07:43:47Z
STFR-2CFFCF5DCDDCFA2966CA70C0,BGFR-0A7D617B8D63B79D6EAD676C,TRACK_DISTANCE_SURFACE_CONDITION,LADBROKES PARK HILLSIDE,1500,,NOT_AVAILABLE_IN_SOURCE,TURF,AVAILABLE_BY_GOVERNED_SURFACE_RESOLVER,GOOD,AVAILABLE,MEDIAN_WINNER_RACE_TIME_SECONDS_RECOVERED_TIMING_MIN20,90.700000,41,88.790000,93.370000,20,AVAILABLE,0a7d617b8d63b79d6ead676c,dfcf8b573e4a59b7936d5aa0ff26849eb42c2fe6de20badeec7610a18df6a65c,bd5ec5e7974c0ba0bad104b2ba0445004785291e10f6eb644449256db010b63d,EDGEIQ_TIMING_WAREHOUSE_RECOVERY_V1,edgeiq_standard_time_recovered_v1.0.0,1.0.0,2026-07-30T07:43:47Z
STFR-7CAFE12C859F30C9E701BBA1,BGFR-1E65FBDD567CA417D5D8FB61,TRACK_DISTANCE_SURFACE_CONDITION,LADBROKES PARK HILLSIDE,1600,,NOT_AVAILABLE_IN_SOURCE,TURF,AVAILABLE_BY_GOVERNED_SURFACE_RESOLVER,GOOD,AVAILABLE,MEDIAN_WINNER_RACE_TIME_SECONDS_RECOVERED_TIMING_MIN20,97.630000,67,95.170000,100.830000,20,AVAILABLE,1e65fbdd567ca417d5d8fb61,13315e6c183c0ff63ce24cdbbcfa733d2a3b3e29e3972e63706acd051132b1f4,969ce0029b3a2f439bf64cec3dcfcc0d30b5bb06c6c375c264c2b6830fcceaf5,EDGEIQ_TIMING_WAREHOUSE_RECOVERY_V1,edgeiq_standard_time_recovered_v1.0.0,1.0.0,2026-07-30T07:43:47Z
STFR-3A02B9757C55477D4D3C2A9B,BGFR-02109E19FE0CC17F54EBF754,TRACK_DISTANCE_SURFACE_CONDITION,LADBROKES PARK HILLSIDE,1600,,NOT_AVAILABLE_IN_SOURCE,TURF,AVAILABLE_BY_GOVERNED_SURFACE_RESOLVER,HEAVY,AVAILABLE,MEDIAN_WINNER_RACE_TIME_SECONDS_RECOVERED_TIMING_MIN20,103.220000,23,101.290000,106.270000,20,AVAILABLE,02109e19fe0cc17f54ebf754,bc1e0b0ef836380f2b7115d577d5333746a0bc0d917b031fbb70887c21ab4691,0f06f5c4501cc09261645cf24ed04d26d222608fc91064083c8b2a5a2954888b,EDGEIQ_TIMING_WAREHOUSE_RECOVERY_V1,edgeiq_standard_time_recovered_v1.0.0,1.0.0,2026-07-30T07:43:47Z
STFR-77D6B49EF41AFB327BEA9DD7,BGFR-F623E525DE8979B465ACE663,TRACK_DISTANCE_SURFACE_CONDITION,LADBROKES PARK HILLSIDE,1600,,NOT_AVAILABLE_IN_SOURCE,TURF,AVAILABLE_BY_GOVERNED_SURFACE_RESOLVER,SOFT,AVAILABLE,MEDIAN_WINNER_RACE_TIME_SECONDS_RECOVERED_TIMING_MIN20,99.460000,42,97.370000,101.790000,20,AVAILABLE,f623e525de8979b465ace663,55ab5030a6f6ddf23216d855e7a1c4c7adbd23cb2b70ce8d6282a2cbe44c219b,b22456af6348a2945618490dde76818ff883141f0d4a72210cfd04a2c40b5d17,EDGEIQ_TIMING_WAREHOUSE_RECOVERY_V1,edgeiq_standard_time_recovered_v1.0.0,1.0.0,2026-07-30T07:43:47Z
STFR-362F26560929D0C927872730,BGFR-162C26975DE657A12BDF26BB,TRACK_DISTANCE_SURFACE_CONDITION,LADBROKES PARK HILLSIDE,1800,,NOT_AVAILABLE_IN_SOURCE,TURF,AVAILABLE_BY_GOVERNED_SURFACE_RESOLVER,GOOD,AVAILABLE,MEDIAN_WINNER_RACE_TIME_SECONDS_RECOVERED_TIMING_MIN20,110.220000,89,108.260000,115.900000,20,AVAILABLE,162c26975de657a12bdf26bb,fc3bd1ba6995e7813da04a538374a525097ad5f4fa322145af21d9adc8edf612,c9296b3e2628ffee63d46235c1089c6812ed0521c7d1b3e85414119f85d09c68,EDGEIQ_TIMING_WAREHOUSE_RECOVERY_V1,edgeiq_standard_time_recovered_v1.0.0,1.0.0,2026-07-30T07:43:47Z
STFR-391362FD07FB4E74307AFE1F,BGFR-DBC71E6F77DD97945FC8531B,TRACK_DISTANCE_SURFACE_CONDITION,LADBROKES PARK HILLSIDE,1800,,NOT_AVAILABLE_IN_SOURCE,TURF,AVAILABLE_BY_GOVERNED_SURFACE_RESOLVER,HEAVY,AVAILABLE,MEDIAN_WINNER_RACE_TIME_SECONDS_RECOVERED_TIMING_MIN20,116.275000,26,112.780000,120.220000,20,AVAILABLE,dbc71e6f77dd97945fc8531b,c690c08e98447e0f41d9c97a0a1bd4ddcd38c2dff9a6a65d2164a52f1118b0e2,c316a7ede322c0568fab58e93b5dc19e8a4998e656e15e618cd8e6ec53924a8f,EDGEIQ_TIMING_WAREHOUSE_RECOVERY_V1,edgeiq_standard_time_recovered_v1.0.0,1.0.0,2026-07-30T07:43:47Z
STFR-2D655F105DFB7DAD524BB8D4,BGFR-B9A94CF40FC7B4629CDBAAE3,TRACK_DISTANCE_SURFACE_CONDITION,LADBROKES PARK HILLSIDE,1800,,NOT_AVAILABLE_IN_SOURCE,TURF,AVAILABLE_BY_GOVERNED_SURFACE_RESOLVER,SOFT,AVAILABLE,MEDIAN_WINNER_RACE_TIME_SECONDS_RECOVERED_TIMING_MIN20,112.570000,53,108.910000,115.290000,20,AVAILABLE,b9a94cf40fc7b4629cdbaae3,95d9d427cd40efb828227a1c254488b430acae5c0edbbf56c18552be4e8e3467,30702939a17fd5f27e0b6d1c0e3dde00aff14a2c97a2b99e80b6ecf997d3cfdd,EDGEIQ_TIMING_WAREHOUSE_RECOVERY_V1,edgeiq_standard_time_recovered_v1.0.0,1.0.0,2026-07-30T07:43:47Z
STFR-C70D5B0F6CA5E93E2288C39F,BGFR-55109BF91D81A06D1D997888,TRACK_DISTANCE_SURFACE_CONDITION,LADBROKES PARK HILLSIDE,2400,,NOT_AVAILABLE_IN_SOURCE,TURF,AVAILABLE_BY_GOVERNED_SURFACE_RESOLVER,GOOD,AVAILABLE,MEDIAN_WINNER_RACE_TIME_SECONDS_RECOVERED_TIMING_MIN20,151.620000,45,148.130000,156.460000,20,AVAILABLE,55109bf91d81a06d1d997888,08d5a2f4ca8753c6f8f0d1ff049f9507f068147bae3e5967ebdea848a5e44c11,a6931dc8326fecd716237ad04f536015dbca2da31337db72c4fa27fa7603cc25,EDGEIQ_TIMING_WAREHOUSE_RECOVERY_V1,edgeiq_standard_time_recovered_v1.0.0,1.0.0,2026-07-30T07:43:47Z
STFR-9EE041EFB8861C2B06E691E8,BGFR-40846FCF7AEC1630FE87E675,TRACK_DISTANCE_SURFACE_CONDITION,LADBROKES PARK HILLSIDE,2400,,NOT_AVAILABLE_IN_SOURCE,TURF,AVAILABLE_BY_GOVERNED_SURFACE_RESOLVER,SOFT,AVAILABLE,MEDIAN_WINNER_RACE_TIME_SECONDS_RECOVERED_TIMING_MIN20,155.015000,34,150.190000,159.190000,20,AVAILABLE,40846fcf7aec1630fe87e675,e52f5eb677d0166b59ae3e849cc57f3b60a185a0ba643ca36660507fbde7c6ba,12304f8d3011f8a8c741a2d767ff23e24ba8ca7a04fa7e66798c34a26dbc6c84,EDGEIQ_TIMING_WAREHOUSE_RECOVERY_V1,edgeiq_standard_time_recovered_v1.0.0,1.0.0,2026-07-30T07:43:47Z
STFR-E3FCEE8AF8F883E84C032DC3,BGFR-8A84D4BF8D8D8FED646DA18C,TRACK_DISTANCE_SURFACE_CONDITION,LADBROKES PARK LAKESIDE,1200,,NOT_AVAILABLE_IN_SOURCE,TURF,AVAILABLE_BY_GOVERNED_SURFACE_RESOLVER,GOOD,AVAILABLE,MEDIAN_WINNER_RACE_TIME_SECONDS_RECOVERED_TIMING_MIN20,71.100000,85,68.970000,73.540000,20,AVAILABLE,8a84d4bf8d8d8fed646da18c,81c7458ecd34d88d605ef24a4ca6bced1ce9a958dd57998efb762e8887fc1e6d,167f6b0b01a45db92049cf5dd3fb11d185c296728b773788163a6a0f940c24a7,EDGEIQ_TIMING_WAREHOUSE_RECOVERY_V1,edgeiq_standard_time_recovered_v1.0.0,1.0.0,2026-07-30T07:43:47Z
STFR-07190D6BD904AF1E80F7F65B,BGFR-7D5F3786D2302B627F7ABA98,TRACK_DISTANCE_SURFACE_CONDITION,LADBROKES PARK LAKESIDE,1200,,NOT_AVAILABLE_IN_SOURCE,TURF,AVAILABLE_BY_GOVERNED_SURFACE_RESOLVER,HEAVY,AVAILABLE,MEDIAN_WINNER_RACE_TIME_SECONDS_RECOVERED_TIMING_MIN20,75.195000,28,73.420000,77.020000,20,AVAILABLE,7d5f3786d2302b627f7aba98,8098f1dd80fd3da7e93a62024fa553af8f907e004f157fa33d898b5cd7d393b2,dc9f4a11ddd09723c0e28bb40f10cfcbe1591720384acdbe535e5f29d3401886,EDGEIQ_TIMING_WAREHOUSE_RECOVERY_V1,edgeiq_standard_time_recovered_v1.0.0,1.0.0,2026-07-30T07:43:47Z
STFR-8070FEC44359C58F26E29454,BGFR-9E533FCC370BE5D7B13B4FEA,TRACK_DISTANCE_SURFACE_CONDITION,LADBROKES PARK LAKESIDE,1200,,NOT_AVAILABLE_IN_SOURCE,TURF,AVAILABLE_BY_GOVERNED_SURFACE_RESOLVER,SOFT,AVAILABLE,MEDIAN_WINNER_RACE_TIME_SECONDS_RECOVERED_TIMING_MIN20,72.700000,100,70.470000,75.450000,20,AVAILABLE,9e533fcc370be5d7b13b4fea,4c9879e3167251cb9e94c5fba0c95cef62edba428d8c4bd580eedb8a75ca3250,62eefe0b4f0706c484b0a4959f93ced37f40678703e76fc6b314f65074d32272,EDGEIQ_TIMING_WAREHOUSE_RECOVERY_V1,edgeiq_standard_time_recovered_v1.0.0,1.0.0,2026-07-30T07:43:47Z
STFR-C064894A023668D6AF741317,BGFR-906424739ED4E7151AEBB9D0,TRACK_DISTANCE_SURFACE_CONDITION,LADBROKES PARK LAKESIDE,1300,,NOT_AVAILABLE_IN_SOURCE,TURF,AVAILABLE_BY_GOVERNED_SURFACE_RESOLVER,GOOD,AVAILABLE,MEDIAN_WINNER_RACE_TIME_SECONDS_RECOVERED_TIMING_MIN20,77.930000,20,75.940000,80.230000,20,AVAILABLE,906424739ed4e7151aebb9d0,6898fd1c0645abf736b424fefa78a9d90f1ad517779b4a92ffe98753d59350d9,65f2e4e8061e3791962ef741d9885766572d5dd48ce9cbabe9eabc89470b5f8a,EDGEIQ_TIMING_WAREHOUSE_RECOVERY_V1,edgeiq_standard_time_recovered_v1.0.0,1.0.0,2026-07-30T07:43:47Z
STFR-27590C2FA7FAF39A70243D96,BGFR-ADCB64CE0434907184335869,TRACK_DISTANCE_SURFACE_CONDITION,LADBROKES PARK LAKESIDE,1400,,NOT_AVAILABLE_IN_SOURCE,TURF,AVAILABLE_BY_GOVERNED_SURFACE_RESOLVER,GOOD,AVAILABLE,MEDIAN_WINNER_RACE_TIME_SECONDS_RECOVERED_TIMING_MIN20,84.190000,57,82.000000,86.480000,20,AVAILABLE,adcb64ce0434907184335869,a99a8db5044d4c38f682f01ae962209788781479584f284a3298ace3543d4c59,e66285c1560a38b471a9a029a2ad8b65cb6420208ea7eb3ac9ab123a8c26bc4c,EDGEIQ_TIMING_WAREHOUSE_RECOVERY_V1,edgeiq_standard_time_recovered_v1.0.0,1.0.0,2026-07-30T07:43:47Z
STFR-3649ADAEE076685FB7B8182C,BGFR-3F24FC29FF0B09898ACEF23B,TRACK_DISTANCE_SURFACE_CONDITION,LADBROKES PARK LAKESIDE,1400,,NOT_AVAILABLE_IN_SOURCE,TURF,AVAILABLE_BY_GOVERNED_SURFACE_RESOLVER,HEAVY,AVAILABLE,MEDIAN_WINNER_RACE_TIME_SECONDS_RECOVERED_TIMING_MIN20,88.840000,23,86.440000,91.770000,20,AVAILABLE,3f24fc29ff0b09898acef23b,c4668e4922c6a15d380f80a9e1c57c9bd79c37ca46ec98c5f8da4a392e602509,0b2faeff5ef736829e1a487cec59ab20db6af4f51015cd6cdb7850ba3be9f9f2,EDGEIQ_TIMING_WAREHOUSE_RECOVERY_V1,edgeiq_standard_time_recovered_v1.0.0,1.0.0,2026-07-30T07:43:47Z
STFR-DB221A5E5C7CFCCE339D6DC7,BGFR-F85A89D4D492304B5B75A524,TRACK_DISTANCE_SURFACE_CONDITION,LADBROKES PARK LAKESIDE,1400,,NOT_AVAILABLE_IN_SOURCE,TURF,AVAILABLE_BY_GOVERNED_SURFACE_RESOLVER,SOFT,AVAILABLE,MEDIAN_WINNER_RACE_TIME_SECONDS_RECOVERED_TIMING_MIN20,86.050000,62,82.780000,88.370000,20,AVAILABLE,f85a89d4d492304b5b75a524,096472453a242ac50afb20677d27f0cda3caff34f16f77b7bbb7e7fc98a85109,038e12c8f001a0bd016753fc6b53f5ddc5fb41f9277ea27ec78a8be1135c890f,EDGEIQ_TIMING_WAREHOUSE_RECOVERY_V1,edgeiq_standard_time_recovered_v1.0.0,1.0.0,2026-07-30T07:43:47Z
STFR-C9D5570F1373DF6E34914C7A,BGFR-A5BDB33429974D7F6BD39DC4,TRACK_DISTANCE_SURFACE_CONDITION,LADBROKES PARK LAKESIDE,1600,,NOT_AVAILABLE_IN_SOURCE,TURF,AVAILABLE_BY_GOVERNED_SURFACE_RESOLVER,GOOD,AVAILABLE,MEDIAN_WINNER_RACE_TIME_SECONDS_RECOVERED_TIMING_MIN20,97.310000,46,94.870000,99.880000,20,AVAILABLE,a5bdb33429974d7f6bd39dc4,b4392c3456b5ed0199fafd42ba54a20d067ab841600cf826b37d8f1a500d9e69,a8e66ac4fb25f18901d89500a8e4332a3db48086e958ba345af89cd3b4eca4a4,EDGEIQ_TIMING_WAREHOUSE_RECOVERY_V1,edgeiq_standard_time_recovered_v1.0.0,1.0.0,2026-07-30T07:43:47Z
STFR-051ACC1ECD8B063900BE15B9,BGFR-4520E87E69EC8A4A6762B1A1,TRACK_DISTANCE_SURFACE_CONDITION,LADBROKES PARK LAKESIDE,1600,,NOT_AVAILABLE_IN_SOURCE,TURF,AVAILABLE_BY_GOVERNED_SURFACE_RESOLVER,SOFT,AVAILABLE,MEDIAN_WINNER_RACE_TIME_SECONDS_RECOVERED_TIMING_MIN20,99.535000,60,96.730000,104.210000,20,AVAILABLE,4520e87e69ec8a4a6762b1a1,47fb77b19663f8d3328576dfc50f7a3d43b7a6697bf940f005273b68599ddcf7,8b8982db836416d333ad09c0f78531cc17e5d9e5899d3f44fc92eca05acffe00,EDGEIQ_TIMING_WAREHOUSE_RECOVERY_V1,edgeiq_standard_time_recovered_v1.0.0,1.0.0,2026-07-30T07:43:47Z
STFR-71FC6CC7F1FB5E595441CBE4,BGFR-F75383758B348004B03BC218,TRACK_DISTANCE_SURFACE_CONDITION,LADBROKES PARK LAKESIDE,2100,,NOT_AVAILABLE_IN_SOURCE,TURF,AVAILABLE_BY_GOVERNED_SURFACE_RESOLVER,GOOD,AVAILABLE,MEDIAN_WINNER_RACE_TIME_SECONDS_RECOVERED_TIMING_MIN20,131.965000,30,127.520000,136.040000,20,AVAILABLE,f75383758b348004b03bc218,bf75b0c12805b5a6c3c71fa686ba1e4b95b14647119d2d785afba1fac1b561f3,612fa8fee914062720ebb55950bea8f8e744bfadba46298ba8ca71473267b3d6,EDGEIQ_TIMING_WAREHOUSE_RECOVERY_V1,edgeiq_standard_time_recovered_v1.0.0,1.0.0,2026-07-30T07:43:47Z
STFR-A10DFADFBEA71E769D10A513,BGFR-5C8F202C2A676BC8C88F126E,TRACK_DISTANCE_SURFACE_CONDITION,LADBROKES PARK LAKESIDE,2100,,NOT_AVAILABLE_IN_SOURCE,TURF,AVAILABLE_BY_GOVERNED_SURFACE_RESOLVER,SOFT,AVAILABLE,MEDIAN_WINNER_RACE_TIME_SECONDS_RECOVERED_TIMING_MIN20,134.595000,42,130.860000,139.340000,20,AVAILABLE,5c8f202c2a676bc8c88f126e,299501463c483bbdce75e8dc98517ded384bb45884f88e7435d162a3831845c9,be08c80a1a26066f0e1a6f79d791b8f4439d77bf089e5c01c5081bf3980b0f4d,EDGEIQ_TIMING_WAREHOUSE_RECOVERY_V1,edgeiq_standard_time_recovered_v1.0.0,1.0.0,2026-07-30T07:43:47Z
STFR-64A05609EDF5F7BA8B1F4198,BGFR-0DB7E8803D3BEF077FE33E24,TRACK_DISTANCE_SURFACE_CONDITION,MOE,1000,,NOT_AVAILABLE_IN_SOURCE,TURF,AVAILABLE_BY_GOVERNED_SURFACE_RESOLVER,GOOD,AVAILABLE,MEDIAN_WINNER_RACE_TIME_SECONDS_RECOVERED_TIMING_MIN20,59.550000,50,57.870000,60.470000,20,AVAILABLE,0db7e8803d3bef077fe33e24,ea7169d7d96d0a5a5620d7046f6c85f77dbb6801648407dafc6d27133771ba4b,81aedb123dfa03df086b07a498a5deddac159de2da85158bc4883d61296c0a90,EDGEIQ_TIMING_WAREHOUSE_RECOVERY_V1,edgeiq_standard_time_recovered_v1.0.0,1.0.0,2026-07-30T07:43:47Z
STFR-C859155434C7A790ABF755F4,BGFR-E294987D1962EA13AFBCE477,TRACK_DISTANCE_SURFACE_CONDITION,MOE,1000,,NOT_AVAILABLE_IN_SOURCE,TURF,AVAILABLE_BY_GOVERNED_SURFACE_RESOLVER,HEAVY,AVAILABLE,MEDIAN_WINNER_RACE_TIME_SECONDS_RECOVERED_TIMING_MIN20,62.120000,37,59.910000,64.470000,20,AVAILABLE,e294987d1962ea13afbce477,6851c1c0ff17b525a92f363392f2668d2acbc2244b2c509a7485a9ca9ac0f6bd,a64a6f8c9380b8fec09ec6a00816fe82ead9426c6cf7ad6fb5b6ab0932bdd504,EDGEIQ_TIMING_WAREHOUSE_RECOVERY_V1,edgeiq_standard_time_recovered_v1.0.0,1.0.0,2026-07-30T07:43:47Z
STFR-504940898F016303D2115291,BGFR-C8BE69BBD6DED85220032C72,TRACK_DISTANCE_SURFACE_CONDITION,MOE,1000,,NOT_AVAILABLE_IN_SOURCE,TURF,AVAILABLE_BY_GOVERNED_SURFACE_RESOLVER,SOFT,AVAILABLE,MEDIAN_WINNER_RACE_TIME_SECONDS_RECOVERED_TIMING_MIN20,60.265000,58,58.410000,62.340000,20,AVAILABLE,c8be69bbd6ded85220032c72,0fbc3b969004dabb3e22c45aba1c2480bc8546f1ffa7944a786a001688e8c669,a77dd8da2df5042a791f1aad9f287a68e36554987b3b43cbbea67b415eaf7f30,EDGEIQ_TIMING_WAREHOUSE_RECOVERY_V1,edgeiq_standard_time_recovered_v1.0.0,1.0.0,2026-07-30T07:43:47Z
STFR-74D67114C833F8CCFE48DFD4,BGFR-99C805C4409D6137C295EF36,TRACK_DISTANCE_SURFACE_CONDITION,MOE,1100,,NOT_AVAILABLE_IN_SOURCE,TURF,AVAILABLE_BY_GOVERNED_SURFACE_RESOLVER,GOOD,AVAILABLE,MEDIAN_WINNER_RACE_TIME_SECONDS_RECOVERED_TIMING_MIN20,66.630000,68,65.180000,68.830000,20,AVAILABLE,99c805c4409d6137c295ef36,3f3ce520cc3b9e27ebbb8d9cc520e4cde458e929d95aed4bfed1f2f399a6f32e,d3089037f9404457ed0aa889c0563767726bf7c26e7d62888306ae29f03891c2,EDGEIQ_TIMING_WAREHOUSE_RECOVERY_V1,edgeiq_standard_time_recovered_v1.0.0,1.0.0,2026-07-30T07:43:47Z
STFR-A36FEC09E04D92A794C06E4A,BGFR-B4BB734271869294E6C6257F,TRACK_DISTANCE_SURFACE_CONDITION,MOE,1100,,NOT_AVAILABLE_IN_SOURCE,TURF,AVAILABLE_BY_GOVERNED_SURFACE_RESOLVER,HEAVY,AVAILABLE,MEDIAN_WINNER_RACE_TIME_SECONDS_RECOVERED_TIMING_MIN20,69.220000,37,67.100000,72.420000,20,AVAILABLE,b4bb734271869294e6c6257f,ebe1e88b868a882eb958bce18704276af911f4d64a116aeca122d502dd3b1e4d,9a195d569a99e71e115c1e710c3cead5ec0d719a9c14de4c5c378d842097c83a,EDGEIQ_TIMING_WAREHOUSE_RECOVERY_V1,edgeiq_standard_time_recovered_v1.0.0,1.0.0,2026-07-30T07:43:47Z
STFR-C5252E9486B491FF5841F205,BGFR-7DA60D1612F3C971405A9E9E,TRACK_DISTANCE_SURFACE_CONDITION,MOE,1100,,NOT_AVAILABLE_IN_SOURCE,TURF,AVAILABLE_BY_GOVERNED_SURFACE_RESOLVER,SOFT,AVAILABLE,MEDIAN_WINNER_RACE_TIME_SECONDS_RECOVERED_TIMING_MIN20,67.650000,77,65.330000,71.300000,20,AVAILABLE,7da60d1612f3c971405a9e9e,fe98bcfaaba151f4820844144e38b3580bf29b3d7ca522b48fa5e9419c9252c3,b6ef576d67d228fe8de9d0b856a7c1f95f0218b26a877289377e2bdfef9eea5f,EDGEIQ_TIMING_WAREHOUSE_RECOVERY_V1,edgeiq_standard_time_recovered_v1.0.0,1.0.0,2026-07-30T07:43:47Z
STFR-9F8CE13179F5CA6EF116313C,BGFR-350D939C449092626DD6D3F8,TRACK_DISTANCE_SURFACE_CONDITION,MOE,1200,,NOT_AVAILABLE_IN_SOURCE,TURF,AVAILABLE_BY_GOVERNED_SURFACE_RESOLVER,GOOD,AVAILABLE,MEDIAN_WINNER_RACE_TIME_SECONDS_RECOVERED_TIMING_MIN20,72.830000,139,70.770000,75.000000,20,AVAILABLE,350d939c449092626dd6d3f8,e68dc31a79289a6827dbd02e106f55ba8f6e88c2310c5906ec9b268c1f843c5a,ac47b5b6c92865f788480a8cef9ae196ab21f66a8b191d82d95d05263bd73c16,EDGEIQ_TIMING_WAREHOUSE_RECOVERY_V1,edgeiq_standard_time_recovered_v1.0.0,1.0.0,2026-07-30T07:43:47Z
STFR-C19DB82E393E68E3D2A081E3,BGFR-4DE0C1E85110C3CD5B398FB3,TRACK_DISTANCE_SURFACE_CONDITION,MOE,1200,,NOT_AVAILABLE_IN_SOURCE,TURF,AVAILABLE_BY_GOVERNED_SURFACE_RESOLVER,HEAVY,AVAILABLE,MEDIAN_WINNER_RACE_TIME_SECONDS_RECOVERED_TIMING_MIN20,76.420000,99,73.920000,78.360000,20,AVAILABLE,4de0c1e85110c3cd5b398fb3,1861e4b6db37a7138912d16d270ee196658c25d6fd7ab88a407ff8f9b9f493fb,6b5d92cba8ec7c93633bb23239039d704473a55495ab8e7801a688b10af10754,EDGEIQ_TIMING_WAREHOUSE_RECOVERY_V1,edgeiq_standard_time_recovered_v1.0.0,1.0.0,2026-07-30T07:43:47Z
STFR-697ADAD0FEF07A32E1E365A8,BGFR-07DE210299E8B1C5959AFC38,TRACK_DISTANCE_SURFACE_CONDITION,MOE,1200,,NOT_AVAILABLE_IN_SOURCE,TURF,AVAILABLE_BY_GOVERNED_SURFACE_RESOLVER,SOFT,AVAILABLE,MEDIAN_WINNER_RACE_TIME_SECONDS_RECOVERED_TIMING_MIN20,73.970000,147,71.650000,77.100000,20,AVAILABLE,07de210299e8b1c5959afc38,26333c8bebb19efce0e9e1243aa30aa76d4939c061c3f481897174839fdb5c14,376dfbfd8951ecb7c7e4a4050d85883e992ea3ae878f192817e044188f634863,EDGEIQ_TIMING_WAREHOUSE_RECOVERY_V1,edgeiq_standard_time_recovered_v1.0.0,1.0.0,2026-07-30T07:43:47Z
STFR-37A90BDA0315D044BE37431A,BGFR-6DB863EABDB7E2A3D6DCF3E9,TRACK_DISTANCE_SURFACE_CONDITION,MOE,1208,,NOT_AVAILABLE_IN_SOURCE,TURF,AVAILABLE_BY_GOVERNED_SURFACE_RESOLVER,HEAVY,AVAILABLE,MEDIAN_WINNER_RACE_TIME_SECONDS_RECOVERED_TIMING_MIN20,76.485000,26,74.910000,78.760000,20,AVAILABLE,6db863eabdb7e2a3d6dcf3e9,528ec9ee7838e5fa74b2ab2eaa5848ebe3cb62f9c5a3c59602e8a99de0a50881,2848235702d5c25f5c51987d04211c2098f82126b20882c6b172d2beafba93eb,EDGEIQ_TIMING_WAREHOUSE_RECOVERY_V1,edgeiq_standard_time_recovered_v1.0.0,1.0.0,2026-07-30T07:43:47Z
STFR-80FF57A4E8029AB3E39AFD53,BGFR-237F6CA8BEF46303B3865374,TRACK_DISTANCE_SURFACE_CONDITION,MOE,1214,,NOT_AVAILABLE_IN_SOURCE,TURF,AVAILABLE_BY_GOVERNED_SURFACE_RESOLVER,GOOD,AVAILABLE,MEDIAN_WINNER_RACE_TIME_SECONDS_RECOVERED_TIMING_MIN20,73.910000,24,72.830000,74.810000,20,AVAILABLE,237f6ca8bef46303b3865374,a52bd72227651c9a502683a2aef46e7700ee6f0af4e5838b863ce5b0df85fbcb,0861f825e48bdaab0e6a175ac484551a77e9fa5122b766e94dba27f8be597a05,EDGEIQ_TIMING_WAREHOUSE_RECOVERY_V1,edgeiq_standard_time_recovered_v1.0.0,1.0.0,2026-07-30T07:43:47Z
STFR-3FE14653A162519FD64098B8,BGFR-86F297F55BD1C22901E86B52,TRACK_DISTANCE_SURFACE_CONDITION,MOE,1214,,NOT_AVAILABLE_IN_SOURCE,TURF,AVAILABLE_BY_GOVERNED_SURFACE_RESOLVER,SOFT,AVAILABLE,MEDIAN_WINNER_RACE_TIME_SECONDS_RECOVERED_TIMING_MIN20,75.230000,21,74.150000,76.650000,20,AVAILABLE,86f297f55bd1c22901e86b52,d17719c84f9bc32ec60737cc452203352a78337222aa7d5be8bf8edc539fa8f6,009430e0894dbe1d0a7e614304ff381b356f53777deac4552d3ae998b830767a,EDGEIQ_TIMING_WAREHOUSE_RECOVERY_V1,edgeiq_standard_time_recovered_v1.0.0,1.0.0,2026-07-30T07:43:47Z
STFR-0C00F2916D9B8E25A163B415,BGFR-9F1359CEE5E257B7A8B0FED5,TRACK_DISTANCE_SURFACE_CONDITION,MOE,1217,,NOT_AVAILABLE_IN_SOURCE,TURF,AVAILABLE_BY_GOVERNED_SURFACE_RESOLVER,SOFT,AVAILABLE,MEDIAN_WINNER_RACE_TIME_SECONDS_RECOVERED_TIMING_MIN20,75.620000,36,74.730000,77.240000,20,AVAILABLE,9f1359cee5e257b7a8b0fed5,28c2833b71a269b24fde1d9360901eb9d70c1fdf5bccaeb11bd5e9d60ca3e4db,20e271f42c897088e2a6f54300757b909c88d3a9466ac1f89f23076dbead1f76,EDGEIQ_TIMING_WAREHOUSE_RECOVERY_V1,edgeiq_standard_time_recovered_v1.0.0,1.0.0,2026-07-30T07:43:47Z
STFR-A38CF7552D428344ECF7A595,BGFR-5D9F1A57A7A7A491B82035A2,TRACK_DISTANCE_SURFACE_CONDITION,MOE,1600,,NOT_AVAILABLE_IN_SOURCE,TURF,AVAILABLE_BY_GOVERNED_SURFACE_RESOLVER,GOOD,AVAILABLE,MEDIAN_WINNER_RACE_TIME_SECONDS_RECOVERED_TIMING_MIN20,98.770000,148,96.520000,102.580000,20,AVAILABLE,5d9f1a57a7a7a491b82035a2,ae5fb89f6483cc3266116912bdf44a296a66366f6c39aad4579d3979dc1a578a,3ebd18dd1012357345689f196bb06be2348c032cb4dde251a47399dfc882c443,EDGEIQ_TIMING_WAREHOUSE_RECOVERY_V1,edgeiq_standard_time_recovered_v1.0.0,1.0.0,2026-07-30T07:43:47Z
STFR-3C64C1718A990A537675C3C7,BGFR-85933288DD72736C6F6EFD4B,TRACK_DISTANCE_SURFACE_CONDITION,MOE,1600,,NOT_AVAILABLE_IN_SOURCE,TURF,AVAILABLE_BY_GOVERNED_SURFACE_RESOLVER,HEAVY,AVAILABLE,MEDIAN_WINNER_RACE_TIME_SECONDS_RECOVERED_TIMING_MIN20,103.590000,87,99.410000,107.610000,20,AVAILABLE,85933288dd72736c6f6efd4b,8c11a2eb3195438e5bf0f735312d1c0b2db549fa577e2116204eba6f2eda3656,81e464b3cf10bca9ee76a14fd3e7294f0f40e7e920cf26925976d0d8f024b9a3,EDGEIQ_TIMING_WAREHOUSE_RECOVERY_V1,edgeiq_standard_time_recovered_v1.0.0,1.0.0,2026-07-30T07:43:47Z
STFR-4E6678EF21B853CD23235292,BGFR-0D07CCF7E13E5A4C15C3C207,TRACK_DISTANCE_SURFACE_CONDITION,MOE,1600,,NOT_AVAILABLE_IN_SOURCE,TURF,AVAILABLE_BY_GOVERNED_SURFACE_RESOLVER,SOFT,AVAILABLE,MEDIAN_WINNER_RACE_TIME_SECONDS_RECOVERED_TIMING_MIN20,100.320000,157,96.770000,105.340000,20,AVAILABLE,0d07ccf7e13e5a4c15c3c207,4c73ff6ab36cb9ed4439460d995dd23b75f0ad33b99362f4a82f96c4c41ecdc5,14c62110846198ca40738297ae45962c3639ee04f96816afaef74d36fbc0ff1e,EDGEIQ_TIMING_WAREHOUSE_RECOVERY_V1,edgeiq_standard_time_recovered_v1.0.0,1.0.0,2026-07-30T07:43:47Z
STFR-7B575FCD630A31ACCF2BEB38,BGFR-64E13F341471075AAF86357A,TRACK_DISTANCE_SURFACE_CONDITION,MOE,1614,,NOT_AVAILABLE_IN_SOURCE,TURF,AVAILABLE_BY_GOVERNED_SURFACE_RESOLVER,HEAVY,AVAILABLE,MEDIAN_WINNER_RACE_TIME_SECONDS_RECOVERED_TIMING_MIN20,104.810000,25,102.010000,106.660000,20,AVAILABLE,64e13f341471075aaf86357a,8ec697e1951b455d0b43f3c38fb4f5370d2ed500961da792a721db0ac01b333d,7b13c802705ae73ec9f000ae6c2d6297d9c8d019f618df0c7b109cc7459da2b6,EDGEIQ_TIMING_WAREHOUSE_RECOVERY_V1,edgeiq_standard_time_recovered_v1.0.0,1.0.0,2026-07-30T07:43:47Z
STFR-0FD7AE050111810D3515C340,BGFR-B071D4986C913B6C70C78582,TRACK_DISTANCE_SURFACE_CONDITION,MOE,1623,,NOT_AVAILABLE_IN_SOURCE,TURF,AVAILABLE_BY_GOVERNED_SURFACE_RESOLVER,GOOD,AVAILABLE,MEDIAN_WINNER_RACE_TIME_SECONDS_RECOVERED_TIMING_MIN20,100.370000,23,99.170000,102.510000,20,AVAILABLE,b071d4986c913b6c70c78582,15834a2eca8564925605540d7244fdbebe6beea1c4da76b18d418249b4c19257,5dd94def936a7f86cb6658e271a3686888398db03b2e7a648fa25397d40c4400,EDGEIQ_TIMING_WAREHOUSE_RECOVERY_V1,edgeiq_standard_time_recovered_v1.0.0,1.0.0,2026-07-30T07:43:47Z
STFR-1B987C92E2AF1F9D759BCD59,BGFR-EFC12510C2B17B0FD6C2EAAD,TRACK_DISTANCE_SURFACE_CONDITION,MOE,1628,,NOT_AVAILABLE_IN_SOURCE,TURF,AVAILABLE_BY_GOVERNED_SURFACE_RESOLVER,HEAVY,AVAILABLE,MEDIAN_WINNER_RACE_TIME_SECONDS_RECOVERED_TIMING_MIN20,105.110000,21,103.490000,107.530000,20,AVAILABLE,efc12510c2b17b0fd6c2eaad,6b44be0bec801edc420f65b66a7b4b14c70d61e1ebc764545961ce0033653f8f,0bb98c3473fedc4b32e746304704f5c5decc449b1b8224f10e4e9fcedf04d328,EDGEIQ_TIMING_WAREHOUSE_RECOVERY_V1,edgeiq_standard_time_recovered_v1.0.0,1.0.0,2026-07-30T07:43:47Z
STFR-F99CCFD8DBCBF682D37A25B5,BGFR-EFB5F273673642F8358F5BC0,TRACK_DISTANCE_SURFACE_CONDITION,MOE,1628,,NOT_AVAILABLE_IN_SOURCE,TURF,AVAILABLE_BY_GOVERNED_SURFACE_RESOLVER,SOFT,AVAILABLE,MEDIAN_WINNER_RACE_TIME_SECONDS_RECOVERED_TIMING_MIN20,103.140000,32,101.510000,105.220000,20,AVAILABLE,efb5f273673642f8358f5bc0,31766bb3620cbc17bdde54565bd732c36be2be81951228a42aac1b7d358e73fc,e03133cba4f8baed6dc62ad28c649297dedb2c85bf3aeb15060ca52e8f26f5b9,EDGEIQ_TIMING_WAREHOUSE_RECOVERY_V1,edgeiq_standard_time_recovered_v1.0.0,1.0.0,2026-07-30T07:43:47Z
STFR-8FAAFC17209D5514F5DCEC87,BGFR-1D88CBD0176FE518ACAB8F13,TRACK_DISTANCE_SURFACE_CONDITION,MOE,2050,,NOT_AVAILABLE_IN_SOURCE,TURF,AVAILABLE_BY_GOVERNED_SURFACE_RESOLVER,GOOD,AVAILABLE,MEDIAN_WINNER_RACE_TIME_SECONDS_RECOVERED_TIMING_MIN20,128.890000,63,124.410000,134.910000,20,AVAILABLE,1d88cbd0176fe518acab8f13,6faa0199ce6779ae76f7ddff596393b86331bfe13ef07f10ba83d3434e6253c4,02c188ade6dd3343a104b83a519fdc1b0bd6b0e163fb13622a8e105edc71b96e,EDGEIQ_TIMING_WAREHOUSE_RECOVERY_V1,edgeiq_standard_time_recovered_v1.0.0,1.0.0,2026-07-30T07:43:47Z
STFR-BAE40C343A2F6BE369C0D9C2,BGFR-0FE08F4AEAE501AFE70ECCCA,TRACK_DISTANCE_SURFACE_CONDITION,MOE,2050,,NOT_AVAILABLE_IN_SOURCE,TURF,AVAILABLE_BY_GOVERNED_SURFACE_RESOLVER,HEAVY,AVAILABLE,MEDIAN_WINNER_RACE_TIME_SECONDS_RECOVERED_TIMING_MIN20,135.620000,59,128.330000,143.090000,20,AVAILABLE,0fe08f4aeae501afe70eccca,1586b9a960d9395e30c0ce62449c6bd18a4b0dee6a41ed9d862a61cbca6a4ea9,623e50484e4e1a2283899e345ed2e80b0e2c28782b1900ba634d04c6f37eaa13,EDGEIQ_TIMING_WAREHOUSE_RECOVERY_V1,edgeiq_standard_time_recovered_v1.0.0,1.0.0,2026-07-30T07:43:47Z
STFR-724A37C1C28D404FBA001062,BGFR-9CE596B8329E08E253DE818A,TRACK_DISTANCE_SURFACE_CONDITION,MOE,2050,,NOT_AVAILABLE_IN_SOURCE,TURF,AVAILABLE_BY_GOVERNED_SURFACE_RESOLVER,SOFT,AVAILABLE,MEDIAN_WINNER_RACE_TIME_SECONDS_RECOVERED_TIMING_MIN20,130.275000,80,125.220000,135.120000,20,AVAILABLE,9ce596b8329e08e253de818a,3ff49476d38fac479074fc04bc9ec06b2275f729b8b07abe5aa6769a337568f6,3fe635fa9de909dd39528209695ebfae5d6d9f11596502c48a9b7a98106df2bf,EDGEIQ_TIMING_WAREHOUSE_RECOVERY_V1,edgeiq_standard_time_recovered_v1.0.0,1.0.0,2026-07-30T07:43:47Z
STFR-3B412F9C6078FEDBE258382B,BGFR-3AA6EAD9454EC4CFCB1F319B,TRACK_DISTANCE_SURFACE_CONDITION,MOE,2400,,NOT_AVAILABLE_IN_SOURCE,TURF,AVAILABLE_BY_GOVERNED_SURFACE_RESOLVER,GOOD,AVAILABLE,MEDIAN_WINNER_RACE_TIME_SECONDS_RECOVERED_TIMING_MIN20,155.340000,22,150.300000,160.500000,20,AVAILABLE,3aa6ead9454ec4cfcb1f319b,1c8e2c7c250e6ae5b11ca2c1391f525bff81964daa3251deb960e52ced1e4346,cfcaef9013744e5eb3f006c35eea95c73681b4f710857d5b3b8350573c7e8684,EDGEIQ_TIMING_WAREHOUSE_RECOVERY_V1,edgeiq_standard_time_recovered_v1.0.0,1.0.0,2026-07-30T07:43:47Z
STFR-A4B8BE32AAAE7E7FA58EB0AC,BGFR-ABEB12992AF5013C531B6B11,TRACK_DISTANCE_SURFACE_CONDITION,MORNINGTON,1000,,NOT_AVAILABLE_IN_SOURCE,TURF,AVAILABLE_BY_GOVERNED_SURFACE_RESOLVER,GOOD,AVAILABLE,MEDIAN_WINNER_RACE_TIME_SECONDS_RECOVERED_TIMING_MIN20,58.810000,268,56.800000,61.250000,20,AVAILABLE,abeb12992af5013c531b6b11,e5983c2d10b19bc88f43dcb76c1d79a224083a40df9ef143671d0967162aa0cc,370366762dfcaf93f7f792701134fccb74ced6fd4b7e2324f54e02fe5454fc43,EDGEIQ_TIMING_WAREHOUSE_RECOVERY_V1,edgeiq_standard_time_recovered_v1.0.0,1.0.0,2026-07-30T07:43:47Z
STFR-8D812E509B2C9BDB806EA734,BGFR-43A2C14E7ABB8DF7483ABD09,TRACK_DISTANCE_SURFACE_CONDITION,MORNINGTON,1000,,NOT_AVAILABLE_IN_SOURCE,TURF,AVAILABLE_BY_GOVERNED_SURFACE_RESOLVER,HEAVY,AVAILABLE,MEDIAN_WINNER_RACE_TIME_SECONDS_RECOVERED_TIMING_MIN20,62.100000,57,59.240000,64.240000,20,AVAILABLE,43a2c14e7abb8df7483abd09,da28d77395fa05d090b5514dd645cc34b5ad0f4779f52bbb40b4a3eaa4a8d98c,a44e102d1ea31cbb5d011c2dd9178befd7d7eabb9b72123539d4e45394367f68,EDGEIQ_TIMING_WAREHOUSE_RECOVERY_V1,edgeiq_standard_time_recovered_v1.0.0,1.0.0,2026-07-30T07:43:47Z
STFR-84C560D868E4CC6E62986123,BGFR-0B964A58EF434FB0A0F4AC25,TRACK_DISTANCE_SURFACE_CONDITION,MORNINGTON,1000,,NOT_AVAILABLE_IN_SOURCE,TURF,AVAILABLE_BY_GOVERNED_SURFACE_RESOLVER,SOFT,AVAILABLE,MEDIAN_WINNER_RACE_TIME_SECONDS_RECOVERED_TIMING_MIN20,59.775000,114,57.210000,62.220000,20,AVAILABLE,0b964a58ef434fb0a0f4ac25,41aa47ea240949e5c9f5e918e633bc183d5322529820505f1e884c750268fec3,609698a587ebc3df79134fd7b6313020a9d524d71a57709af7c27dad9122cd96,EDGEIQ_TIMING_WAREHOUSE_RECOVERY_V1,edgeiq_standard_time_recovered_v1.0.0,1.0.0,2026-07-30T07:43:47Z
STFR-9AF96C482F0BECF8ED6BE2DD,BGFR-F53F712906F73A0E5947E8E9,TRACK_DISTANCE_SURFACE_CONDITION,MORNINGTON,1200,,NOT_AVAILABLE_IN_SOURCE,TURF,AVAILABLE_BY_GOVERNED_SURFACE_RESOLVER,GOOD,AVAILABLE,MEDIAN_WINNER_RACE_TIME_SECONDS_RECOVERED_TIMING_MIN20,71.530000,473,69.060000,74.320000,20,AVAILABLE,f53f712906f73a0e5947e8e9,0045f51b7b5300d5bcc892ce06043a33bf5a1a75b730b29ac1d132a3f5339fc6,8e9dc012a4b6132a0066a29ab3e27fc47928cb2fdab5d52449da02301004e95d,EDGEIQ_TIMING_WAREHOUSE_RECOVERY_V1,edgeiq_standard_time_recovered_v1.0.0,1.0.0,2026-07-30T07:43:47Z
STFR-E663D5236C8CD7B990F99246,BGFR-5AEDFDE16E7B8CBEFB25AFD8,TRACK_DISTANCE_SURFACE_CONDITION,MORNINGTON,1200,,NOT_AVAILABLE_IN_SOURCE,TURF,AVAILABLE_BY_GOVERNED_SURFACE_RESOLVER,HEAVY,AVAILABLE,MEDIAN_WINNER_RACE_TIME_SECONDS_RECOVERED_TIMING_MIN20,75.520000,138,71.790000,79.110000,20,AVAILABLE,5aedfde16e7b8cbefb25afd8,f5c19f5bb63a423092606acc180a19dd2c520ca4f988933e9822b8510d8579bb,5fa2767708880840ada57a3079e64cb3edba513cc7a42bed78ec9be1a99c3be2,EDGEIQ_TIMING_WAREHOUSE_RECOVERY_V1,edgeiq_standard_time_recovered_v1.0.0,1.0.0,2026-07-30T07:43:47Z
STFR-830DBA06A53766B763054FA6,BGFR-21680CAFA1B85D74810437AD,TRACK_DISTANCE_SURFACE_CONDITION,MORNINGTON,1200,,NOT_AVAILABLE_IN_SOURCE,TURF,AVAILABLE_BY_GOVERNED_SURFACE_RESOLVER,SOFT,AVAILABLE,MEDIAN_WINNER_RACE_TIME_SECONDS_RECOVERED_TIMING_MIN20,72.700000,207,70.160000,75.600000,20,AVAILABLE,21680cafa1b85d74810437ad,00c26095efbd6d9c8d72c3e0c52f2bc21cc59dbb0c625bf6257526462a3708d3,7e84494ea7fe361e9bd4afb8f1d1625d8e92100764ce6c8116ae4b36c037b481,EDGEIQ_TIMING_WAREHOUSE_RECOVERY_V1,edgeiq_standard_time_recovered_v1.0.0,1.0.0,2026-07-30T07:43:47Z
STFR-BCCB05E33A91386BE0FA0D13,BGFR-444F6D78106352EAB386297F,TRACK_DISTANCE_SURFACE_CONDITION,MORNINGTON,1210,,NOT_AVAILABLE_IN_SOURCE,TURF,AVAILABLE_BY_GOVERNED_SURFACE_RESOLVER,GOOD,AVAILABLE,MEDIAN_WINNER_RACE_TIME_SECONDS_RECOVERED_TIMING_MIN20,72.260000,20,71.680000,73.100000,20,AVAILABLE,444f6d78106352eab386297f,965ab27083d2ffb38162457a6fd07b6629ba575f2aaa300847abc130912e80cb,f28314402c14c54a5333960f98e134e3156a62eaa1cf77564cb85b62a0790d45,EDGEIQ_TIMING_WAREHOUSE_RECOVERY_V1,edgeiq_standard_time_recovered_v1.0.0,1.0.0,2026-07-30T07:43:47Z
STFR-5B550D6DF72533E25B8350D5,BGFR-2FAFB29A4E52E76E1E897D2B,TRACK_DISTANCE_SURFACE_CONDITION,MORNINGTON,1220,,NOT_AVAILABLE_IN_SOURCE,TURF,AVAILABLE_BY_GOVERNED_SURFACE_RESOLVER,HEAVY,AVAILABLE,MEDIAN_WINNER_RACE_TIME_SECONDS_RECOVERED_TIMING_MIN20,77.210000,23,75.230000,79.210000,20,AVAILABLE,2fafb29a4e52e76e1e897d2b,fbfe57e22a4aee4511e97a1f811b34824aedc643cffcb5310bdb900f1d58ce47,07173f1be52779b55feb81ad1aa5b62677c77d038782ccd20936710d675db6e5,EDGEIQ_TIMING_WAREHOUSE_RECOVERY_V1,edgeiq_standard_time_recovered_v1.0.0,1.0.0,2026-07-30T07:43:47Z
STFR-4396612E734273A1AA3E6A19,BGFR-8D8BF56913E0758F5624AABD,TRACK_DISTANCE_SURFACE_CONDITION,MORNINGTON,1223,,NOT_AVAILABLE_IN_SOURCE,TURF,AVAILABLE_BY_GOVERNED_SURFACE_RESOLVER,GOOD,AVAILABLE,MEDIAN_WINNER_RACE_TIME_SECONDS_RECOVERED_TIMING_MIN20,73.370000,25,71.350000,74.650000,20,AVAILABLE,8d8bf56913e0758f5624aabd,054b50e120023ff62b7e1eb01b1e786290e5457a120b2731e880eabfb3d83243,376a3c22ca20d4d31e5f47ad1fe96dbf9baf09c4656d36956e2e0925737624d3,EDGEIQ_TIMING_WAREHOUSE_RECOVERY_V1,edgeiq_standard_time_recovered_v1.0.0,1.0.0,2026-07-30T07:43:47Z
STFR-93E411B50F3998B74A409EEE,BGFR-96CE6D332F0699B6ED7F6060,TRACK_DISTANCE_SURFACE_CONDITION,MORNINGTON,1500,,NOT_AVAILABLE_IN_SOURCE,TURF,AVAILABLE_BY_GOVERNED_SURFACE_RESOLVER,GOOD,AVAILABLE,MEDIAN_WINNER_RACE_TIME_SECONDS_RECOVERED_TIMING_MIN20,92.030000,339,89.290000,96.150000,20,AVAILABLE,96ce6d332f0699b6ed7f6060,c78ff730dd400700f1014a91a2d406c7ed9269ff2520bd80623949757b7d4cea,9811dfbe2a78011c1068a3ac97fcc3eb1d887fe39f6a79271563cea9f2fa7d34,EDGEIQ_TIMING_WAREHOUSE_RECOVERY_V1,edgeiq_standard_time_recovered_v1.0.0,1.0.0,2026-07-30T07:43:47Z
STFR-1C65CB9AC0700C8706EAB68B,BGFR-F252D127E7DA68771F64B3EA,TRACK_DISTANCE_SURFACE_CONDITION,MORNINGTON,1500,,NOT_AVAILABLE_IN_SOURCE,TURF,AVAILABLE_BY_GOVERNED_SURFACE_RESOLVER,HEAVY,AVAILABLE,MEDIAN_WINNER_RACE_TIME_SECONDS_RECOVERED_TIMING_MIN20,97.820000,115,92.420000,101.590000,20,AVAILABLE,f252d127e7da68771f64b3ea,e7a993169207431186199dea62db041e98c8650b308fdb4a42a2f49d7ce03e7b,c2814ad6ff2b4ef7004547358facc4e5030e4827fd30c53a56b68267dd6289af,EDGEIQ_TIMING_WAREHOUSE_RECOVERY_V1,edgeiq_standard_time_recovered_v1.0.0,1.0.0,2026-07-30T07:43:47Z
STFR-5E467FE1C11D05B9E94E0533,BGFR-9A0D3223D834A9E3602DA823,TRACK_DISTANCE_SURFACE_CONDITION,MORNINGTON,1500,,NOT_AVAILABLE_IN_SOURCE,TURF,AVAILABLE_BY_GOVERNED_SURFACE_RESOLVER,SOFT,AVAILABLE,MEDIAN_WINNER_RACE_TIME_SECONDS_RECOVERED_TIMING_MIN20,93.500000,137,90.030000,96.460000,20,AVAILABLE,9a0d3223d834a9e3602da823,67d45636aeb75f2dfd5d400a883ae14ae478d5c726d6d08c6fad1cb2718c9650,594ce4fb7415f1b3457d841001ed187d248ec128770f803a47a861fad4b2b7ab,EDGEIQ_TIMING_WAREHOUSE_RECOVERY_V1,edgeiq_standard_time_recovered_v1.0.0,1.0.0,2026-07-30T07:43:47Z
STFR-83C9E55C2D400CE054E43C1F,BGFR-05B7642B61F5A9002ADA7962,TRACK_DISTANCE_SURFACE_CONDITION,MORNINGTON,1600,,NOT_AVAILABLE_IN_SOURCE,TURF,AVAILABLE_BY_GOVERNED_SURFACE_RESOLVER,GOOD,AVAILABLE,MEDIAN_WINNER_RACE_TIME_SECONDS_RECOVERED_TIMING_MIN20,98.040000,66,94.810000,102.690000,20,AVAILABLE,05b7642b61f5a9002ada7962,4ec0d2ff9cac842749a72a4c908571db68eb990a041e22d1c67fcbe7b98cae2b,e6744e4e74377f93a4f071fe25c0cb87898f09095b7bb87f8649b88dcffa1e5f,EDGEIQ_TIMING_WAREHOUSE_RECOVERY_V1,edgeiq_standard_time_recovered_v1.0.0,1.0.0,2026-07-30T07:43:47Z
STFR-8C03A14CBC67756756F1B4DD,BGFR-54AB1577D51AC90F68B3E053,TRACK_DISTANCE_SURFACE_CONDITION,MORNINGTON,1600,,NOT_AVAILABLE_IN_SOURCE,TURF,AVAILABLE_BY_GOVERNED_SURFACE_RESOLVER,SOFT,AVAILABLE,MEDIAN_WINNER_RACE_TIME_SECONDS_RECOVERED_TIMING_MIN20,99.060000,26,96.650000,103.080000,20,AVAILABLE,54ab1577d51ac90f68b3e053,03ec75e4a399ccd3b6271a8f4131c6d12638805b65252d5cc791239feccbf98e,138e0cfbb6b0d90da26ddbd5d350dbb2ba60231753197c01a99ad14c45ebda66,EDGEIQ_TIMING_WAREHOUSE_RECOVERY_V1,edgeiq_standard_time_recovered_v1.0.0,1.0.0,2026-07-30T07:43:47Z
STFR-3A6A4E51087E58E5DE095E0F,BGFR-1506E5B4FAEF19A8486A8231,TRACK_DISTANCE_SURFACE_CONDITION,MORNINGTON,2000,,NOT_AVAILABLE_IN_SOURCE,TURF,AVAILABLE_BY_GOVERNED_SURFACE_RESOLVER,GOOD,AVAILABLE,MEDIAN_WINNER_RACE_TIME_SECONDS_RECOVERED_TIMING_MIN20,126.810000,108,123.070000,131.800000,20,AVAILABLE,1506e5b4faef19a8486a8231,428a6928dc6207b1a2f579c0a1b163f8c4b6ff77e6bde9b3fe036bfc91e054ac,a551501bbcc332b0b57ce61f7ee3fbe8a62a5d1e181e8a95e72eeef823716eb0,EDGEIQ_TIMING_WAREHOUSE_RECOVERY_V1,edgeiq_standard_time_recovered_v1.0.0,1.0.0,2026-07-30T07:43:47Z
STFR-69656F9EF4D69952D84BEF38,BGFR-1FC48DCC2FC97A7218F6A636,TRACK_DISTANCE_SURFACE_CONDITION,MORNINGTON,2000,,NOT_AVAILABLE_IN_SOURCE,TURF,AVAILABLE_BY_GOVERNED_SURFACE_RESOLVER,HEAVY,AVAILABLE,MEDIAN_WINNER_RACE_TIME_SECONDS_RECOVERED_TIMING_MIN20,134.190000,43,127.680000,139.910000,20,AVAILABLE,1fc48dcc2fc97a7218f6a636,ce50bb86b70a2af3f2369b88ccdc51dd2dbfdbb19b95712d91a4571e5917b929,ec88813e1997874605e5877e3c0e46bb0025029c60ba56b837036d94a3aa7898,EDGEIQ_TIMING_WAREHOUSE_RECOVERY_V1,edgeiq_standard_time_recovered_v1.0.0,1.0.0,2026-07-30T07:43:47Z
STFR-51F60EC4992B19F3C538EC49,BGFR-3DDF19AC8C490C19E696F826,TRACK_DISTANCE_SURFACE_CONDITION,MORNINGTON,2000,,NOT_AVAILABLE_IN_SOURCE,TURF,AVAILABLE_BY_GOVERNED_SURFACE_RESOLVER,SOFT,AVAILABLE,MEDIAN_WINNER_RACE_TIME_SECONDS_RECOVERED_TIMING_MIN20,128.645000,52,123.270000,132.150000,20,AVAILABLE,3ddf19ac8c490c19e696f826,4ba7cbf3c39e35e4aac211f705a2e39551d92f50a949187106584a754117b5a2,60e4ef25b68603aaf8d98482227ddc68047f88075ff98da3ec9309ebea1e2755,EDGEIQ_TIMING_WAREHOUSE_RECOVERY_V1,edgeiq_standard_time_recovered_v1.0.0,1.0.0,2026-07-30T07:43:47Z
STFR-6B18A340AE48B27B0165C68A,BGFR-4A03830F59C24C68D61C4EAF,TRACK_DISTANCE_SURFACE_CONDITION,MORNINGTON,2050,,NOT_AVAILABLE_IN_SOURCE,TURF,AVAILABLE_BY_GOVERNED_SURFACE_RESOLVER,GOOD,AVAILABLE,MEDIAN_WINNER_RACE_TIME_SECONDS_RECOVERED_TIMING_MIN20,130.160000,23,128.160000,131.630000,20,AVAILABLE,4a03830f59c24c68d61c4eaf,7130c2ef937a17f4f76a8e095cbee84e282b9869d2ef446c27efa1a71953e13f,7e7b82257935c3fc85a59c05905dcbcdaba5d74df15b3bebfbe9748dc819a301,EDGEIQ_TIMING_WAREHOUSE_RECOVERY_V1,edgeiq_standard_time_recovered_v1.0.0,1.0.0,2026-07-30T07:43:47Z
STFR-36AF23BB5BEC9666F5962A99,BGFR-3BA3F584197BEB3A4D45AAB0,TRACK_DISTANCE_SURFACE_CONDITION,MORNINGTON,2400,,NOT_AVAILABLE_IN_SOURCE,TURF,AVAILABLE_BY_GOVERNED_SURFACE_RESOLVER,GOOD,AVAILABLE,MEDIAN_WINNER_RACE_TIME_SECONDS_RECOVERED_TIMING_MIN20,152.585000,66,147.150000,162.660000,20,AVAILABLE,3ba3f584197beb3a4d45aab0,aa9a4a4b4ef64c77cd9f4195fc720c98ce72fc7875681ac7d508863570f8d799,adc8c2b1b8ae920c59eabaf45f2b5054643d7349446e43235efd0ed143ccf870,EDGEIQ_TIMING_WAREHOUSE_RECOVERY_V1,edgeiq_standard_time_recovered_v1.0.0,1.0.0,2026-07-30T07:43:47Z
STFR-6E1FC4BF9521BBC5C0949A72,BGFR-F56775C8CC857C7B0C4D0C7E,TRACK_DISTANCE_SURFACE_CONDITION,MORNINGTON,2400,,NOT_AVAILABLE_IN_SOURCE,TURF,AVAILABLE_BY_GOVERNED_SURFACE_RESOLVER,SOFT,AVAILABLE,MEDIAN_WINNER_RACE_TIME_SECONDS_RECOVERED_TIMING_MIN20,155.815000,22,147.150000,160.980000,20,AVAILABLE,f56775c8cc857c7b0c4d0c7e,14bf803497d78bed7370a69b24de8584109c7189f691231aadca777269fb3111,7654a994579e05f39ac1d57900dbe6d24259baa25f041fcc83325362bfc23b35,EDGEIQ_TIMING_WAREHOUSE_RECOVERY_V1,edgeiq_standard_time_recovered_v1.0.0,1.0.0,2026-07-30T07:43:47Z
STFR-88A074E76C9F0FDF8C0FD8A7,BGFR-5A79CB650FF97FF1099462A1,TRACK_DISTANCE_SURFACE_CONDITION,PAKENHAM,1000,,NOT_AVAILABLE_IN_SOURCE,TURF,AVAILABLE_BY_GOVERNED_SURFACE_RESOLVER,GOOD,AVAILABLE,MEDIAN_WINNER_RACE_TIME_SECONDS_RECOVERED_TIMING_MIN20,58.400000,76,57.250000,60.370000,20,AVAILABLE,5a79cb650ff97ff1099462a1,e7d69220baaec589ecc518fdb7f10beca32e78e0a74ac76fcd29419df9ac1754,91246b2d962728bf6e7a0499739290e0ec9bde6a81c2b5b516d62f6ec1147d0d,EDGEIQ_TIMING_WAREHOUSE_RECOVERY_V1,edgeiq_standard_time_recovered_v1.0.0,1.0.0,2026-07-30T07:43:47Z
STFR-BD15F22AD17B0F67EBC35A3C,BGFR-B77992017AB75B00C78A3980,TRACK_DISTANCE_SURFACE_CONDITION,PAKENHAM,1000,,NOT_AVAILABLE_IN_SOURCE,TURF,AVAILABLE_BY_GOVERNED_SURFACE_RESOLVER,HEAVY,AVAILABLE,MEDIAN_WINNER_RACE_TIME_SECONDS_RECOVERED_TIMING_MIN20,60.305000,26,58.190000,61.940000,20,AVAILABLE,b77992017ab75b00c78a3980,040e287c04476a86304d50833e9d9e463420f26b21c161b6c4913095ff1f422f,8496bd4a5f4099ecab928e41bc14ea6f7ecd63ceae2a0d2e631ff8e9f30f967d,EDGEIQ_TIMING_WAREHOUSE_RECOVERY_V1,edgeiq_standard_time_recovered_v1.0.0,1.0.0,2026-07-30T07:43:47Z
STFR-CDB8BDDEBF3C690505C018EB,BGFR-8EFE2E34B4CC4AC3267DBA0C,TRACK_DISTANCE_SURFACE_CONDITION,PAKENHAM,1000,,NOT_AVAILABLE_IN_SOURCE,TURF,AVAILABLE_BY_GOVERNED_SURFACE_RESOLVER,SOFT,AVAILABLE,MEDIAN_WINNER_RACE_TIME_SECONDS_RECOVERED_TIMING_MIN20,59.075000,68,57.440000,61.700000,20,AVAILABLE,8efe2e34b4cc4ac3267dba0c,9db7fe4e5d3503fcbce120a2931f87914369b5488ff1865eb5e3104618f36edd,c527c95e342074f3b775283f5db36b74f465c646c75eb7a81693d28594877f99,EDGEIQ_TIMING_WAREHOUSE_RECOVERY_V1,edgeiq_standard_time_recovered_v1.0.0,1.0.0,2026-07-30T07:43:47Z
STFR-5FEDF9F71FB766BCC8B8DE8B,BGFR-BEFEE920A29D0706A230B12D,TRACK_DISTANCE_SURFACE_CONDITION,PAKENHAM,1008,,NOT_AVAILABLE_IN_SOURCE,TURF,AVAILABLE_BY_GOVERNED_SURFACE_RESOLVER,GOOD,AVAILABLE,MEDIAN_WINNER_RACE_TIME_SECONDS_RECOVERED_TIMING_MIN20,58.760000,25,57.730000,59.700000,20,AVAILABLE,befee920a29d0706a230b12d,7185f219ac4c55ad616097b03f1a246850851cc2abf9d09970b7975e3c9f21dc,929c77d4e5d86a4e97767108b49da9931fde821fea7b9bbdfd5edaf6b247b948,EDGEIQ_TIMING_WAREHOUSE_RECOVERY_V1,edgeiq_standard_time_recovered_v1.0.0,1.0.0,2026-07-30T07:43:47Z
STFR-0FADEB1090D05DAA1E9C1D82,BGFR-DD51615BECB37D1E44509DC7,TRACK_DISTANCE_SURFACE_CONDITION,PAKENHAM,1008,,NOT_AVAILABLE_IN_SOURCE,TURF,AVAILABLE_BY_GOVERNED_SURFACE_RESOLVER,SOFT,AVAILABLE,MEDIAN_WINNER_RACE_TIME_SECONDS_RECOVERED_TIMING_MIN20,59.330000,22,57.890000,60.840000,20,AVAILABLE,dd51615becb37d1e44509dc7,61dd30d7e1ba15a1634af6edabaf728e22feb6ddac4f7f4726c9a09250b08a95,7968ac32428319204a8c0414f1a8a3f50da84ef4c74ccee51b319b7efdffd724,EDGEIQ_TIMING_WAREHOUSE_RECOVERY_V1,edgeiq_standard_time_recovered_v1.0.0,1.0.0,2026-07-30T07:43:47Z
STFR-4CC7D72320C076F7B17421AE,BGFR-7EC3F4D3C5A681F5528A86A8,TRACK_DISTANCE_SURFACE_CONDITION,PAKENHAM,1300,,NOT_AVAILABLE_IN_SOURCE,TURF,AVAILABLE_BY_GOVERNED_SURFACE_RESOLVER,GOOD,AVAILABLE,MEDIAN_WINNER_RACE_TIME_SECONDS_RECOVERED_TIMING_MIN20,79.445000,78,77.670000,81.220000,20,AVAILABLE,7ec3f4d3c5a681f5528a86a8,5e43548259e4c00363df2ba33ae4cfd226ad6fb8ae008a7d89c73e99c3f3cb0d,39f11bb3c793a11a7772916830a636f204a6e0b61982416a901a825f2d1759bd,EDGEIQ_TIMING_WAREHOUSE_RECOVERY_V1,edgeiq_standard_time_recovered_v1.0.0,1.0.0,2026-07-30T07:43:47Z
STFR-30772E0864A573B0B09676E8,BGFR-990C0883CC18A44A4D15279E,TRACK_DISTANCE_SURFACE_CONDITION,PAKENHAM,1300,,NOT_AVAILABLE_IN_SOURCE,TURF,AVAILABLE_BY_GOVERNED_SURFACE_RESOLVER,HEAVY,AVAILABLE,MEDIAN_WINNER_RACE_TIME_SECONDS_RECOVERED_TIMING_MIN20,81.635000,28,80.370000,83.700000,20,AVAILABLE,990c0883cc18a44a4d15279e,914e6facdb74c394651e956be9ed6fc66a499145c5acfc5fbe9be7a7b42634f8,d7faadb9e7e8049d8007a8d122eabb42c835a1f2a20304dd1d65eeb5f58fc44a,EDGEIQ_TIMING_WAREHOUSE_RECOVERY_V1,edgeiq_standard_time_recovered_v1.0.0,1.0.0,2026-07-30T07:43:47Z
STFR-3E4185DBA9F30D6ABC8E2E7D,BGFR-ABAE19F707E01CE24A0BD845,TRACK_DISTANCE_SURFACE_CONDITION,PAKENHAM,1300,,NOT_AVAILABLE_IN_SOURCE,TURF,AVAILABLE_BY_GOVERNED_SURFACE_RESOLVER,SOFT,AVAILABLE,MEDIAN_WINNER_RACE_TIME_SECONDS_RECOVERED_TIMING_MIN20,81.130000,51,78.530000,83.810000,20,AVAILABLE,abae19f707e01ce24a0bd845,8af445542742fcc7ee0f7d6df7de4ea5c2982204e3307b9041055beee66ff17f,dbc849ce8e04ac2f1b25727df3a55f4200d1ac68a6f08d704ddf989f95413838,EDGEIQ_TIMING_WAREHOUSE_RECOVERY_V1,edgeiq_standard_time_recovered_v1.0.0,1.0.0,2026-07-30T07:43:47Z
STFR-085DE48123024ABCCA2147AE,BGFR-710C65610E850BF977E98FBD,TRACK_DISTANCE_SURFACE_CONDITION,PAKENHAM,1314,,NOT_AVAILABLE_IN_SOURCE,TURF,AVAILABLE_BY_GOVERNED_SURFACE_RESOLVER,GOOD,AVAILABLE,MEDIAN_WINNER_RACE_TIME_SECONDS_RECOVERED_TIMING_MIN20,79.930000,25,78.690000,81.100000,20,AVAILABLE,710c65610e850bf977e98fbd,e73f85dace7a53aca464209907c2d2d9f004069124f01d2f17dcdf01c174f002,4b9ba93f70f7e8375b9e8211810e21a6f746355675df45941c642a9fa08a0c20,EDGEIQ_TIMING_WAREHOUSE_RECOVERY_V1,edgeiq_standard_time_recovered_v1.0.0,1.0.0,2026-07-30T07:43:47Z
STFR-ECCE0E6E00F81EC41BFC304C,BGFR-23ABC7CF8105C49B66848D4B,TRACK_DISTANCE_SURFACE_CONDITION,PAKENHAM,1400,,NOT_AVAILABLE_IN_SOURCE,TURF,AVAILABLE_BY_GOVERNED_SURFACE_RESOLVER,GOOD,AVAILABLE,MEDIAN_WINNER_RACE_TIME_SECONDS_RECOVERED_TIMING_MIN20,85.765000,70,84.090000,88.100000,20,AVAILABLE,23abc7cf8105c49b66848d4b,8c70424d063783985d440470400656855e26791de169a97129ad0c1c431a87ee,1b12b9aba55f0ea880dce3d7961c015a9e714a2c4aff22d6f315d89ff32c9e05,EDGEIQ_TIMING_WAREHOUSE_RECOVERY_V1,edgeiq_standard_time_recovered_v1.0.0,1.0.0,2026-07-30T07:43:47Z
STFR-5A007F974C35121D33269C4A,BGFR-41877769511C61FDB8DA043E,TRACK_DISTANCE_SURFACE_CONDITION,PAKENHAM,1400,,NOT_AVAILABLE_IN_SOURCE,TURF,AVAILABLE_BY_GOVERNED_SURFACE_RESOLVER,SOFT,AVAILABLE,MEDIAN_WINNER_RACE_TIME_SECONDS_RECOVERED_TIMING_MIN20,87.065000,74,83.660000,89.860000,20,AVAILABLE,41877769511c61fdb8da043e,86c90ec31bd6b070d6bd439c872884edf9e4cb34b70a2a2002ab1050e83bfa3a,50b2178610aafb780ab8bbe578f5ecd99b47183f00a1656b4d90ab05c145992c,EDGEIQ_TIMING_WAREHOUSE_RECOVERY_V1,edgeiq_standard_time_recovered_v1.0.0,1.0.0,2026-07-30T07:43:47Z
STFR-854B0B90D854157FEFFF4C83,BGFR-C94124685EC5596A08DD4C36,TRACK_DISTANCE_SURFACE_CONDITION,PAKENHAM,1414,,NOT_AVAILABLE_IN_SOURCE,TURF,AVAILABLE_BY_GOVERNED_SURFACE_RESOLVER,GOOD,AVAILABLE,MEDIAN_WINNER_RACE_TIME_SECONDS_RECOVERED_TIMING_MIN20,86.445000,22,83.860000,87.900000,20,AVAILABLE,c94124685ec5596a08dd4c36,1cb75d467f9cbec21a812b00401b07522e2e0029f2f9c8ac02c008d4501d13d5,c212a3b67d0ec3feb9ee3299cfe5b388483517dbeb06ec8a3035822ca58d2b9b,EDGEIQ_TIMING_WAREHOUSE_RECOVERY_V1,edgeiq_standard_time_recovered_v1.0.0,1.0.0,2026-07-30T07:43:47Z
STFR-109807F189A9491BB042403F,BGFR-DE2FAA3B75EFF1BDB0D5B957,TRACK_DISTANCE_SURFACE_CONDITION,PAKENHAM,1414,,NOT_AVAILABLE_IN_SOURCE,TURF,AVAILABLE_BY_GOVERNED_SURFACE_RESOLVER,SOFT,AVAILABLE,MEDIAN_WINNER_RACE_TIME_SECONDS_RECOVERED_TIMING_MIN20,87.285000,30,84.640000,89.840000,20,AVAILABLE,de2faa3b75eff1bdb0d5b957,3b00ac37b13bfa4deb97fc956b7fd2472bd238731a0d5cd02824ec623cc1027d,8e48f549af7180f1e506c84dddbf6e64f650770f4c1ee554e07c13a5531008e3,EDGEIQ_TIMING_WAREHOUSE_RECOVERY_V1,edgeiq_standard_time_recovered_v1.0.0,1.0.0,2026-07-30T07:43:47Z
STFR-68B11A20DE7CC251268ED53D,BGFR-F73BF90908E8D026F00BB210,TRACK_DISTANCE_SURFACE_CONDITION,PAKENHAM,1750,,NOT_AVAILABLE_IN_SOURCE,TURF,AVAILABLE_BY_GOVERNED_SURFACE_RESOLVER,GOOD,AVAILABLE,MEDIAN_WINNER_RACE_TIME_SECONDS_RECOVERED_TIMING_MIN20,110.175000,94,107.130000,115.680000,20,AVAILABLE,f73bf90908e8d026f00bb210,ea70ab6c13ba4b6798777536eb85987a43b9740d93acf4ec6c93302961c2b7f8,f5d530e0627843e511ad8a9202881ce6aa3cffe5a3c6254e9d6d2420bfcb089b,EDGEIQ_TIMING_WAREHOUSE_RECOVERY_V1,edgeiq_standard_time_recovered_v1.0.0,1.0.0,2026-07-30T07:43:47Z
STFR-0BFADDD822D3F250FF871FB2,BGFR-C6FC0211CA5F5467CFCB8334,TRACK_DISTANCE_SURFACE_CONDITION,PAKENHAM,1750,,NOT_AVAILABLE_IN_SOURCE,TURF,AVAILABLE_BY_GOVERNED_SURFACE_RESOLVER,HEAVY,AVAILABLE,MEDIAN_WINNER_RACE_TIME_SECONDS_RECOVERED_TIMING_MIN20,113.800000,23,112.090000,118.450000,20,AVAILABLE,c6fc0211ca5f5467cfcb8334,7aabbae49cf8312b20d5173aabba85759b2bb7ab42b8ede2011aac82a42fbc0a,2e2a07ea6f294cdd75c8c2110109aaa2577324556a9422bff405e4f4a207cff8,EDGEIQ_TIMING_WAREHOUSE_RECOVERY_V1,edgeiq_standard_time_recovered_v1.0.0,1.0.0,2026-07-30T07:43:47Z
STFR-BD90E3324A63F825F0B9EB21,BGFR-04B29741D2FEA8CA5B101FAB,TRACK_DISTANCE_SURFACE_CONDITION,PAKENHAM,1750,,NOT_AVAILABLE_IN_SOURCE,TURF,AVAILABLE_BY_GOVERNED_SURFACE_RESOLVER,SOFT,AVAILABLE,MEDIAN_WINNER_RACE_TIME_SECONDS_RECOVERED_TIMING_MIN20,111.075000,74,107.730000,117.950000,20,AVAILABLE,04b29741d2fea8ca5b101fab,de20c663a284436f50c418b3ff37e4d4dd7cd561ce102e0892bdb97f18df39c3,b1fc336402f11aaf882017c7c662cfbfc994a858faece0755961ece85492aa32,EDGEIQ_TIMING_WAREHOUSE_RECOVERY_V1,edgeiq_standard_time_recovered_v1.0.0,1.0.0,2026-07-30T07:43:47Z
STFR-CB352D6BF20A7C2821F9CA25,BGFR-A89A720040E05E824BDEBA32,TRACK_DISTANCE_SURFACE_CONDITION,PAKENHAM,1770,,NOT_AVAILABLE_IN_SOURCE,TURF,AVAILABLE_BY_GOVERNED_SURFACE_RESOLVER,GOOD,AVAILABLE,MEDIAN_WINNER_RACE_TIME_SECONDS_RECOVERED_TIMING_MIN20,110.570000,25,108.590000,113.000000,20,AVAILABLE,a89a720040e05e824bdeba32,73ec8e1ae6ab623eac825dba5d149ede007f683485d089d37082b47be4bdeef8,6f19e27ba47bac816f4b02508cd7dd3057295d0406060a996ac8f147c66267b4,EDGEIQ_TIMING_WAREHOUSE_RECOVERY_V1,edgeiq_standard_time_recovered_v1.0.0,1.0.0,2026-07-30T07:43:47Z
STFR-812D92D664CDA75C3272CA92,BGFR-636D72D0F36FB91B508D23CA,TRACK_DISTANCE_SURFACE_CONDITION,PAKENHAM,1770,,NOT_AVAILABLE_IN_SOURCE,TURF,AVAILABLE_BY_GOVERNED_SURFACE_RESOLVER,SOFT,AVAILABLE,MEDIAN_WINNER_RACE_TIME_SECONDS_RECOVERED_TIMING_MIN20,112.330000,29,108.660000,115.060000,20,AVAILABLE,636d72d0f36fb91b508d23ca,3281bcfd242d6659bf05b5f98c7ca165b77a136b94bfa668315111981b96e61e,5f20f8859388eabede0ccaa9d3bd7a0e5b636076494a60a948c1c524df9f5364,EDGEIQ_TIMING_WAREHOUSE_RECOVERY_V1,edgeiq_standard_time_recovered_v1.0.0,1.0.0,2026-07-30T07:43:47Z
STFR-777AAFA8CFAF6E5592505549,BGFR-A3AA153341AA7A8AC3BE8EF1,TRACK_DISTANCE_SURFACE_CONDITION,PAKENHAM,2400,,NOT_AVAILABLE_IN_SOURCE,TURF,AVAILABLE_BY_GOVERNED_SURFACE_RESOLVER,GOOD,AVAILABLE,MEDIAN_WINNER_RACE_TIME_SECONDS_RECOVERED_TIMING_MIN20,153.410000,21,149.640000,159.260000,20,AVAILABLE,a3aa153341aa7a8ac3be8ef1,934e5a62567b08aa645f3d97896fa0325ac7d1443cf9072eb0edad74222678d5,e8ebc6d2a2857b31a72a3956d670425c819ed0d00dfc8d467581070e6e038888,EDGEIQ_TIMING_WAREHOUSE_RECOVERY_V1,edgeiq_standard_time_recovered_v1.0.0,1.0.0,2026-07-30T07:43:47Z
STFR-90EF99ED3D5C5E34DC8F8AA3,BGFR-F204499AC273A3CF7479297F,TRACK_DISTANCE_SURFACE_CONDITION,SALE,1000,,NOT_AVAILABLE_IN_SOURCE,TURF,AVAILABLE_BY_GOVERNED_SURFACE_RESOLVER,GOOD,AVAILABLE,MEDIAN_WINNER_RACE_TIME_SECONDS_RECOVERED_TIMING_MIN20,58.735000,62,57.120000,60.340000,20,AVAILABLE,f204499ac273a3cf7479297f,ff9e22ccc4cd7e69360a980281e5cfa944d260bfd45d57f221b819ddfe4007d7,c4bf8dfdd225a96166f88b229149e4ccf20c3e0a5b2faf35fb96335e7c71ad3e,EDGEIQ_TIMING_WAREHOUSE_RECOVERY_V1,edgeiq_standard_time_recovered_v1.0.0,1.0.0,2026-07-30T07:43:47Z
STFR-49AE380AB735F354D4684FE6,BGFR-5871EFD44A0B67632871D173,TRACK_DISTANCE_SURFACE_CONDITION,SALE,1000,,NOT_AVAILABLE_IN_SOURCE,TURF,AVAILABLE_BY_GOVERNED_SURFACE_RESOLVER,SOFT,AVAILABLE,MEDIAN_WINNER_RACE_TIME_SECONDS_RECOVERED_TIMING_MIN20,59.335000,54,56.190000,61.710000,20,AVAILABLE,5871efd44a0b67632871d173,d591c18b100e52659b50d41b5f21eb006e5478bac5d547fe658a7636cc7da20d,8aa7419f90432227b5d5096d741b28c6005041f6bd3519bc669c7d35bfbb882c,EDGEIQ_TIMING_WAREHOUSE_RECOVERY_V1,edgeiq_standard_time_recovered_v1.0.0,1.0.0,2026-07-30T07:43:47Z
STFR-0B7317A8A8A64321A474F37E,BGFR-277A3BFA105E5AA80B4557BC,TRACK_DISTANCE_SURFACE_CONDITION,SALE,1100,,NOT_AVAILABLE_IN_SOURCE,TURF,AVAILABLE_BY_GOVERNED_SURFACE_RESOLVER,GOOD,AVAILABLE,MEDIAN_WINNER_RACE_TIME_SECONDS_RECOVERED_TIMING_MIN20,64.315000,102,62.550000,67.640000,20,AVAILABLE,277a3bfa105e5aa80b4557bc,e7d55a566de5ef481ebec1a7c1d80da52b85b31054bfb90b9804d0809b4b9d1a,4ef1fc4d9fb06f5e07254c5a0513529852bdfa01e44d04f96a8168f2b5908b50,EDGEIQ_TIMING_WAREHOUSE_RECOVERY_V1,edgeiq_standard_time_recovered_v1.0.0,1.0.0,2026-07-30T07:43:47Z
STFR-26024958281CAE52D73BC022,BGFR-67DB8D5D4022137DC8061A5A,TRACK_DISTANCE_SURFACE_CONDITION,SALE,1100,,NOT_AVAILABLE_IN_SOURCE,TURF,AVAILABLE_BY_GOVERNED_SURFACE_RESOLVER,HEAVY,AVAILABLE,MEDIAN_WINNER_RACE_TIME_SECONDS_RECOVERED_TIMING_MIN20,67.580000,21,65.140000,68.960000,20,AVAILABLE,67db8d5d4022137dc8061a5a,468ed0af2dad3ac9ade5114cd25de3a85e2946f49c6e108c13e52bed3a38ab2a,f6fe063a7f3b3d9dd764bc75dc999e53d08fb013c2e7c3a93f512ea9df40c305,EDGEIQ_TIMING_WAREHOUSE_RECOVERY_V1,edgeiq_standard_time_recovered_v1.0.0,1.0.0,2026-07-30T07:43:47Z
STFR-90CC4E96586059757802F048,BGFR-8258CD4150AF7CD4C5F37208,TRACK_DISTANCE_SURFACE_CONDITION,SALE,1100,,NOT_AVAILABLE_IN_SOURCE,TURF,AVAILABLE_BY_GOVERNED_SURFACE_RESOLVER,SOFT,AVAILABLE,MEDIAN_WINNER_RACE_TIME_SECONDS_RECOVERED_TIMING_MIN20,65.235000,58,62.270000,67.710000,20,AVAILABLE,8258cd4150af7cd4c5f37208,fd3790d79f06ac7a2e47e06d5d2b35a44146ce95850d278e19f73e6879d62ae2,b06a77e891ba2333b1bd86ee90f3be41284e4874f5972bce7fe7dd9149d7dee2,EDGEIQ_TIMING_WAREHOUSE_RECOVERY_V1,edgeiq_standard_time_recovered_v1.0.0,1.0.0,2026-07-30T07:43:47Z
STFR-BC6E608FF04F134FB7FE43A8,BGFR-CE4D877727942E330CF17EF5,TRACK_DISTANCE_SURFACE_CONDITION,SALE,1113,,NOT_AVAILABLE_IN_SOURCE,TURF,AVAILABLE_BY_GOVERNED_SURFACE_RESOLVER,GOOD,AVAILABLE,MEDIAN_WINNER_RACE_TIME_SECONDS_RECOVERED_TIMING_MIN20,65.290000,21,63.840000,66.500000,20,AVAILABLE,ce4d877727942e330cf17ef5,824af15c070f23063c3aefb505e22ec753b6751d713b1f4a5698c41995c44c65,4f26bc7de3983896767e584dc33aac2c12ffc3b3de62b208da24ad787e245106,EDGEIQ_TIMING_WAREHOUSE_RECOVERY_V1,edgeiq_standard_time_recovered_v1.0.0,1.0.0,2026-07-30T07:43:47Z
STFR-E590955860A156ECC4D51010,BGFR-DB0486F9A3F8623DBCEEE750,TRACK_DISTANCE_SURFACE_CONDITION,SALE,1200,,NOT_AVAILABLE_IN_SOURCE,TURF,AVAILABLE_BY_GOVERNED_SURFACE_RESOLVER,GOOD,AVAILABLE,MEDIAN_WINNER_RACE_TIME_SECONDS_RECOVERED_TIMING_MIN20,70.760000,230,68.690000,72.940000,20,AVAILABLE,db0486f9a3f8623dbceee750,ae58aa0f31201db587021d870c03310ae6226b1e86532c50bf55c69412bde873,82387e2cc0888afb55d15dc6871832bab9fa0d60840843e618a5149b50ecaa34,EDGEIQ_TIMING_WAREHOUSE_RECOVERY_V1,edgeiq_standard_time_recovered_v1.0.0,1.0.0,2026-07-30T07:43:47Z
STFR-206B472594DDE6AEC3637172,BGFR-C1711986FEC65653D929569E,TRACK_DISTANCE_SURFACE_CONDITION,SALE,1200,,NOT_AVAILABLE_IN_SOURCE,TURF,AVAILABLE_BY_GOVERNED_SURFACE_RESOLVER,HEAVY,AVAILABLE,MEDIAN_WINNER_RACE_TIME_SECONDS_RECOVERED_TIMING_MIN20,73.755000,26,72.200000,76.640000,20,AVAILABLE,c1711986fec65653d929569e,211dd34450a6e4c02836b6f34e5941903bdd0a9c178774a62415c3ab420399ec,5a04a58286b3c8d8d7c07b0ae0bc27d9673a8a466121f41dfcc2b81e92901d88,EDGEIQ_TIMING_WAREHOUSE_RECOVERY_V1,edgeiq_standard_time_recovered_v1.0.0,1.0.0,2026-07-30T07:43:47Z
STFR-60A0B5732547D5D490B9ABA1,BGFR-24D5867FAB2E80061C01AED3,TRACK_DISTANCE_SURFACE_CONDITION,SALE,1200,,NOT_AVAILABLE_IN_SOURCE,TURF,AVAILABLE_BY_GOVERNED_SURFACE_RESOLVER,SOFT,AVAILABLE,MEDIAN_WINNER_RACE_TIME_SECONDS_RECOVERED_TIMING_MIN20,71.790000,143,68.040000,75.110000,20,AVAILABLE,24d5867fab2e80061c01aed3,c622f585285441563aa2d8ee10e2cf7f606b7752fe3b51a14818d55e01a60fd6,8a3f1afb6f48c232296cb844dd23c2dbde5d95e648918a060a4683d75e387ced,EDGEIQ_TIMING_WAREHOUSE_RECOVERY_V1,edgeiq_standard_time_recovered_v1.0.0,1.0.0,2026-07-30T07:43:47Z
STFR-FE41356A80855C4E1061C3D9,BGFR-EB3DB50A6C92EBF3EB42898A,TRACK_DISTANCE_SURFACE_CONDITION,SALE,1206,,NOT_AVAILABLE_IN_SOURCE,TURF,AVAILABLE_BY_GOVERNED_SURFACE_RESOLVER,GOOD,AVAILABLE,MEDIAN_WINNER_RACE_TIME_SECONDS_RECOVERED_TIMING_MIN20,70.890000,29,68.950000,72.930000,20,AVAILABLE,eb3db50a6c92ebf3eb42898a,358234b1d9e58881240ce9cd128bdc18344ca7d39fea815c3a87916345202e50,fb4ac33f3140c33b04fa7dae5685b5dc0cd7f11a18225eab8ea08aba43e5ab93,EDGEIQ_TIMING_WAREHOUSE_RECOVERY_V1,edgeiq_standard_time_recovered_v1.0.0,1.0.0,2026-07-30T07:43:47Z
STFR-9F3092F8EEC6A4CB018DC171,BGFR-BEFAF64FEB401EEEB11DED40,TRACK_DISTANCE_SURFACE_CONDITION,SALE,1208,,NOT_AVAILABLE_IN_SOURCE,TURF,AVAILABLE_BY_GOVERNED_SURFACE_RESOLVER,GOOD,AVAILABLE,MEDIAN_WINNER_RACE_TIME_SECONDS_RECOVERED_TIMING_MIN20,70.985000,28,69.750000,72.390000,20,AVAILABLE,befaf64feb401eeeb11ded40,7844ce56fe0fa218f5aa0f6ee2f2e63955dc15e76689aaec9571ef63f6557e14,773b292bcf38cdb4479f1e82feb32f2c196fd8d0a632f2d0f99db91283011631,EDGEIQ_TIMING_WAREHOUSE_RECOVERY_V1,edgeiq_standard_time_recovered_v1.0.0,1.0.0,2026-07-30T07:43:47Z
STFR-64B534172EF792826AB0481B,BGFR-0B6AC5F1962443023477A414,TRACK_DISTANCE_SURFACE_CONDITION,SALE,1210,,NOT_AVAILABLE_IN_SOURCE,TURF,AVAILABLE_BY_GOVERNED_SURFACE_RESOLVER,GOOD,AVAILABLE,MEDIAN_WINNER_RACE_TIME_SECONDS_RECOVERED_TIMING_MIN20,71.530000,42,69.950000,74.000000,20,AVAILABLE,0b6ac5f1962443023477a414,bef37d08ee59783a8a92036b70fbc0b8687168ebcd347b3ef891f60720eb88b6,6bf70b8d9051c3dab44144e35481d819cf6c1fc772843340774be1fb4ae663ac,EDGEIQ_TIMING_WAREHOUSE_RECOVERY_V1,edgeiq_standard_time_recovered_v1.0.0,1.0.0,2026-07-30T07:43:47Z
STFR-C8A082A3B04A292B289E12D3,BGFR-7050E52073F120F4B50A0D4C,TRACK_DISTANCE_SURFACE_CONDITION,SALE,1210,,NOT_AVAILABLE_IN_SOURCE,TURF,AVAILABLE_BY_GOVERNED_SURFACE_RESOLVER,SOFT,AVAILABLE,MEDIAN_WINNER_RACE_TIME_SECONDS_RECOVERED_TIMING_MIN20,72.650000,26,70.240000,74.720000,20,AVAILABLE,7050e52073f120f4b50a0d4c,eb6af99299df01cca7b0f0d847dcd0a02f3bd8039114111a31e9800e878a3bed,36922c2cfddf629438080022de4971cb6dbdd7397913f535aafdcf276c12a562,EDGEIQ_TIMING_WAREHOUSE_RECOVERY_V1,edgeiq_standard_time_recovered_v1.0.0,1.0.0,2026-07-30T07:43:47Z
STFR-FDB9CF10E7D2B08772795E00,BGFR-5C3BEF29FB6BF6548A1F57D5,TRACK_DISTANCE_SURFACE_CONDITION,SALE,1213,,NOT_AVAILABLE_IN_SOURCE,TURF,AVAILABLE_BY_GOVERNED_SURFACE_RESOLVER,GOOD,AVAILABLE,MEDIAN_WINNER_RACE_TIME_SECONDS_RECOVERED_TIMING_MIN20,71.360000,21,70.620000,72.660000,20,AVAILABLE,5c3bef29fb6bf6548a1f57d5,7e1d547d39b862895f2d166dfd20eb13d760009b1f0e7307d5aa544f55fdd0f9,c8bcbfa4d62d74a48c212f6f337606ff201337fe70d5f5a433ad3cd409766033,EDGEIQ_TIMING_WAREHOUSE_RECOVERY_V1,edgeiq_standard_time_recovered_v1.0.0,1.0.0,2026-07-30T07:43:47Z
STFR-DBB5B8DB2BD76E7D1519FD10,BGFR-91AAE4C0187EBBB6A31FA9F6,TRACK_DISTANCE_SURFACE_CONDITION,SALE,1213,,NOT_AVAILABLE_IN_SOURCE,TURF,AVAILABLE_BY_GOVERNED_SURFACE_RESOLVER,SOFT,AVAILABLE,MEDIAN_WINNER_RACE_TIME_SECONDS_RECOVERED_TIMING_MIN20,72.130000,22,70.640000,74.090000,20,AVAILABLE,91aae4c0187ebbb6a31fa9f6,1862dba0803839baa80a88eed561a93a12c492ce054a2af8fe9b2e0a472f34fe,c4cd32e483b967dbe3e5ce8132e077d790229d54888a07faf8c837bfef8f8543,EDGEIQ_TIMING_WAREHOUSE_RECOVERY_V1,edgeiq_standard_time_recovered_v1.0.0,1.0.0,2026-07-30T07:43:47Z
STFR-431265C5868BC361015DD585,BGFR-981398DA70A9587B4CFC27D7,TRACK_DISTANCE_SURFACE_CONDITION,SALE,1400,,NOT_AVAILABLE_IN_SOURCE,TURF,AVAILABLE_BY_GOVERNED_SURFACE_RESOLVER,GOOD,AVAILABLE,MEDIAN_WINNER_RACE_TIME_SECONDS_RECOVERED_TIMING_MIN20,85.190000,225,82.770000,89.330000,20,AVAILABLE,981398da70a9587b4cfc27d7,bbd5e1456e2ebe6410150340f034ffca73c2fe28108cc595e894c949c3a8aae8,d4de4c1f0bda84480b293d1a8b78e5a6c4ad83a162ffc43b4cd166fea6ba167a,EDGEIQ_TIMING_WAREHOUSE_RECOVERY_V1,edgeiq_standard_time_recovered_v1.0.0,1.0.0,2026-07-30T07:43:47Z
STFR-43ED40DE0B60C783748E9686,BGFR-2D10CCB52498656727F96DCC,TRACK_DISTANCE_SURFACE_CONDITION,SALE,1400,,NOT_AVAILABLE_IN_SOURCE,TURF,AVAILABLE_BY_GOVERNED_SURFACE_RESOLVER,HEAVY,AVAILABLE,MEDIAN_WINNER_RACE_TIME_SECONDS_RECOVERED_TIMING_MIN20,88.450000,31,85.400000,93.040000,20,AVAILABLE,2d10ccb52498656727f96dcc,82249552488a8c031525afc85e97111bbfae4afbc5fd09be104d4f22700b27f0,1d8f1c6fc2a51339a0545c9ee46d215149a4747558226869cf60c1498381b201,EDGEIQ_TIMING_WAREHOUSE_RECOVERY_V1,edgeiq_standard_time_recovered_v1.0.0,1.0.0,2026-07-30T07:43:47Z
STFR-A673D6AA03AA45F8407C65F0,BGFR-3CB4BE93152A7BF4669CCE3C,TRACK_DISTANCE_SURFACE_CONDITION,SALE,1400,,NOT_AVAILABLE_IN_SOURCE,TURF,AVAILABLE_BY_GOVERNED_SURFACE_RESOLVER,SOFT,AVAILABLE,MEDIAN_WINNER_RACE_TIME_SECONDS_RECOVERED_TIMING_MIN20,86.135000,114,83.230000,90.100000,20,AVAILABLE,3cb4be93152a7bf4669cce3c,1b72786ac8498cc5769e802600bd1000f9ecbfbd5cf2aedea2611c847a5284ce,d0922b9b54fdcc6b78e4ba0c28bc4ac61a3aa61dbae6828e05d65e0c235620aa,EDGEIQ_TIMING_WAREHOUSE_RECOVERY_V1,edgeiq_standard_time_recovered_v1.0.0,1.0.0,2026-07-30T07:43:47Z
STFR-416A1C629B14C8FBB72AA26C,BGFR-327746D47799FD63DF6DAA5C,TRACK_DISTANCE_SURFACE_CONDITION,SALE,1411,,NOT_AVAILABLE_IN_SOURCE,TURF,AVAILABLE_BY_GOVERNED_SURFACE_RESOLVER,GOOD,AVAILABLE,MEDIAN_WINNER_RACE_TIME_SECONDS_RECOVERED_TIMING_MIN20,85.860000,27,84.340000,88.200000,20,AVAILABLE,327746d47799fd63df6daa5c,c67506ba9f285a3ec8c9e929e902563038801eb3adc8617cba19590281543b45,b265c43adf4bcf4f0eda72eef1a6fb55f74fd8ff66d2dd8a7ce4b4d1ce54c1e9,EDGEIQ_TIMING_WAREHOUSE_RECOVERY_V1,edgeiq_standard_time_recovered_v1.0.0,1.0.0,2026-07-30T07:43:47Z
STFR-DFEC4DB07F0EC1F9305B6E45,BGFR-D286D00B3D98451D9DDECB73,TRACK_DISTANCE_SURFACE_CONDITION,SALE,1415,,NOT_AVAILABLE_IN_SOURCE,TURF,AVAILABLE_BY_GOVERNED_SURFACE_RESOLVER,GOOD,AVAILABLE,MEDIAN_WINNER_RACE_TIME_SECONDS_RECOVERED_TIMING_MIN20,85.970000,23,85.200000,88.000000,20,AVAILABLE,d286d00b3d98451d9ddecb73,be7dadc9587528360cd92e3f4978c1a2b0a1924a777f5f92c69ed204a933d42f,904e50d4bd85e5ecad5806fe218faf1193cb946d90f02b06ae181ff54821e4b2,EDGEIQ_TIMING_WAREHOUSE_RECOVERY_V1,edgeiq_standard_time_recovered_v1.0.0,1.0.0,2026-07-30T07:43:47Z
STFR-19276D933F3FFFE4689B9D9D,BGFR-5C6CE7734D51FBB9C0FBC0AA,TRACK_DISTANCE_SURFACE_CONDITION,SALE,1500,,NOT_AVAILABLE_IN_SOURCE,TURF,AVAILABLE_BY_GOVERNED_SURFACE_RESOLVER,GOOD,AVAILABLE,MEDIAN_WINNER_RACE_TIME_SECONDS_RECOVERED_TIMING_MIN20,91.515000,60,89.710000,94.050000,20,AVAILABLE,5c6ce7734d51fbb9c0fbc0aa,43c2bc8e4ebd4a2e21a13a8893b29d5cc8b7a37271dbf4071b8022b80d8001d2,58ad1f908d8b99b6b808749f1aef0e7d81d4b7fa99f558d5d52e9cfe4239d838,EDGEIQ_TIMING_WAREHOUSE_RECOVERY_V1,edgeiq_standard_time_recovered_v1.0.0,1.0.0,2026-07-30T07:43:47Z
STFR-C3975E3E3020A51B204B98EF,BGFR-31787869DB3654B17EF2FD2A,TRACK_DISTANCE_SURFACE_CONDITION,SALE,1500,,NOT_AVAILABLE_IN_SOURCE,TURF,AVAILABLE_BY_GOVERNED_SURFACE_RESOLVER,SOFT,AVAILABLE,MEDIAN_WINNER_RACE_TIME_SECONDS_RECOVERED_TIMING_MIN20,93.020000,25,91.210000,94.690000,20,AVAILABLE,31787869db3654b17ef2fd2a,2865648977f97a60cefcbd876d0ac451de48fca8aa7d8a31c152bcc9ba854162,94affa969595f4575d9f2011e2592b287680fbfb59957e106c28f6b22960e12e,EDGEIQ_TIMING_WAREHOUSE_RECOVERY_V1,edgeiq_standard_time_recovered_v1.0.0,1.0.0,2026-07-30T07:43:47Z
STFR-5752FD039A6579353E2F0CA7,BGFR-67E24887C4E9ED352F9E33C0,TRACK_DISTANCE_SURFACE_CONDITION,SALE,1600,,NOT_AVAILABLE_IN_SOURCE,TURF,AVAILABLE_BY_GOVERNED_SURFACE_RESOLVER,GOOD,AVAILABLE,MEDIAN_WINNER_RACE_TIME_SECONDS_RECOVERED_TIMING_MIN20,97.870000,75,95.030000,101.360000,20,AVAILABLE,67e24887c4e9ed352f9e33c0,03f37902367c5b8a7001217bf97aeed65ebc0a84b8fa6e59a88f45132efe420a,7136a939d66fafe03515e89608dd0734fdc3f22015d213ff3ec05bf53379d351,EDGEIQ_TIMING_WAREHOUSE_RECOVERY_V1,edgeiq_standard_time_recovered_v1.0.0,1.0.0,2026-07-30T07:43:47Z
STFR-545F8DA805F972433D387412,BGFR-94758E5F8DDB46FEB79851B1,TRACK_DISTANCE_SURFACE_CONDITION,SALE,1600,,NOT_AVAILABLE_IN_SOURCE,TURF,AVAILABLE_BY_GOVERNED_SURFACE_RESOLVER,SOFT,AVAILABLE,MEDIAN_WINNER_RACE_TIME_SECONDS_RECOVERED_TIMING_MIN20,99.225000,40,95.740000,103.770000,20,AVAILABLE,94758e5f8ddb46feb79851b1,5a66ee0690948e098a5f13a5e0dfc2f491a12a2c2f1cb64896c7a8b6b3e8e957,db57790ec49e9c3d47f4307df3e9189ed4b509e26d7a15aeb8df7a1a49467e63,EDGEIQ_TIMING_WAREHOUSE_RECOVERY_V1,edgeiq_standard_time_recovered_v1.0.0,1.0.0,2026-07-30T07:43:47Z
STFR-890B025A5A6903B55E65DD2C,BGFR-FA22B2712EBC2CC6F971825F,TRACK_DISTANCE_SURFACE_CONDITION,SALE,1700,,NOT_AVAILABLE_IN_SOURCE,TURF,AVAILABLE_BY_GOVERNED_SURFACE_RESOLVER,GOOD,AVAILABLE,MEDIAN_WINNER_RACE_TIME_SECONDS_RECOVERED_TIMING_MIN20,104.565000,112,101.690000,108.130000,20,AVAILABLE,fa22b2712ebc2cc6f971825f,4cc72e566620fd904d7e0141539623d408a923cd150988ca4f55bdbf2ee3ed7a,11f6f6d2685e2b698973cc5b0b74c92c1c72f2f8c4fe4572ba148b04b94d3a30,EDGEIQ_TIMING_WAREHOUSE_RECOVERY_V1,edgeiq_standard_time_recovered_v1.0.0,1.0.0,2026-07-30T07:43:47Z
STFR-73889347EEBF0C74E3C588B1,BGFR-56F3EC6B53013317AD77797F,TRACK_DISTANCE_SURFACE_CONDITION,SALE,1700,,NOT_AVAILABLE_IN_SOURCE,TURF,AVAILABLE_BY_GOVERNED_SURFACE_RESOLVER,SOFT,AVAILABLE,MEDIAN_WINNER_RACE_TIME_SECONDS_RECOVERED_TIMING_MIN20,106.090000,48,102.750000,109.740000,20,AVAILABLE,56f3ec6b53013317ad77797f,d457cb2a4e6b5250a2a61936436b436d85ba784c0446db8d1f9b5e27f823d0cc,a9a42577928a03544d2e793ef3fe937e9ddf3885b54eef53980710d09c74e257,EDGEIQ_TIMING_WAREHOUSE_RECOVERY_V1,edgeiq_standard_time_recovered_v1.0.0,1.0.0,2026-07-30T07:43:47Z
STFR-D76AB262E48B00CB7B2B1A65,BGFR-64A6EC8B15312266EF6F665E,TRACK_DISTANCE_SURFACE_CONDITION,SALE,1717,,NOT_AVAILABLE_IN_SOURCE,TURF,AVAILABLE_BY_GOVERNED_SURFACE_RESOLVER,GOOD,AVAILABLE,MEDIAN_WINNER_RACE_TIME_SECONDS_RECOVERED_TIMING_MIN20,106.035000,36,104.320000,107.330000,20,AVAILABLE,64a6ec8b15312266ef6f665e,7db2510eb60d909a476c421c9c4256b75cdeb9f140225f792322f0c5bf0e92ca,a7ac30a8b66e9f8e908b0bb50b2ebb2a843a8deb5ad41ec38e787a31d478f679,EDGEIQ_TIMING_WAREHOUSE_RECOVERY_V1,edgeiq_standard_time_recovered_v1.0.0,1.0.0,2026-07-30T07:43:47Z
STFR-09F9E44E5E94747E321987A4,BGFR-352BC2BBA4E2DAD7D53CB539,TRACK_DISTANCE_SURFACE_CONDITION,SALE,1717,,NOT_AVAILABLE_IN_SOURCE,TURF,AVAILABLE_BY_GOVERNED_SURFACE_RESOLVER,SOFT,AVAILABLE,MEDIAN_WINNER_RACE_TIME_SECONDS_RECOVERED_TIMING_MIN20,106.810000,36,103.770000,108.910000,20,AVAILABLE,352bc2bba4e2dad7d53cb539,954c3ac3babee25acef8c701a585cf6bc3210b3b76df8e1061442bd672ab38f6,242fd6898562276f9845684b2be6e8e809330939b56dc58d87b8460880215fb3,EDGEIQ_TIMING_WAREHOUSE_RECOVERY_V1,edgeiq_standard_time_recovered_v1.0.0,1.0.0,2026-07-30T07:43:47Z
STFR-D4330F26E37F9AC96815D2FF,BGFR-F868B59C9DB25F8A655DA11C,TRACK_DISTANCE_SURFACE_CONDITION,SALE,2200,,NOT_AVAILABLE_IN_SOURCE,TURF,AVAILABLE_BY_GOVERNED_SURFACE_RESOLVER,GOOD,AVAILABLE,MEDIAN_WINNER_RACE_TIME_SECONDS_RECOVERED_TIMING_MIN20,139.145000,76,136.330000,146.570000,20,AVAILABLE,f868b59c9db25f8a655da11c,9b34b7818ac3e6bc289c1693d07916e8ecca64817e538be3d7cc385170393954,6b41a4ad14a21e642917583357d29ee325a94bb81436a7b2841ae55b80fa9ae8,EDGEIQ_TIMING_WAREHOUSE_RECOVERY_V1,edgeiq_standard_time_recovered_v1.0.0,1.0.0,2026-07-30T07:43:47Z
STFR-FEBFFF0B4BEA9ED001B720FA,BGFR-1E1CC19A83F29BCEA21C33E9,TRACK_DISTANCE_SURFACE_CONDITION,SALE,2200,,NOT_AVAILABLE_IN_SOURCE,TURF,AVAILABLE_BY_GOVERNED_SURFACE_RESOLVER,SOFT,AVAILABLE,MEDIAN_WINNER_RACE_TIME_SECONDS_RECOVERED_TIMING_MIN20,140.845000,50,136.140000,145.830000,20,AVAILABLE,1e1cc19a83f29bcea21c33e9,0d0d5aa154c73c46a9e6e7209ccb238ad74a0c2428b458cef177c0b82991f7dd,e5c7c610454d51bc86ea0b889637163af1d1687f3497574fbbddf457c93ee70d,EDGEIQ_TIMING_WAREHOUSE_RECOVERY_V1,edgeiq_standard_time_recovered_v1.0.0,1.0.0,2026-07-30T07:43:47Z
STFR-E3F098F712E57EE30EC58039,BGFR-EC5C984BC99E49B96BBC8631,TRACK_DISTANCE_SURFACE_CONDITION,SANDOWN,1000,,NOT_AVAILABLE_IN_SOURCE,TURF,AVAILABLE_BY_GOVERNED_SURFACE_RESOLVER,GOOD,AVAILABLE,MEDIAN_WINNER_RACE_TIME_SECONDS_RECOVERED_TIMING_MIN20,56.475000,36,54.500000,57.460000,20,AVAILABLE,ec5c984bc99e49b96bbc8631,32976947f889d96362ab01a546b1690b0b4ce164a0aa128309cd5e9438678745,ccbee5d1d429b1a52ed031b837dc5fd56b15eaefb30207165aa2da149ddc99aa,EDGEIQ_TIMING_WAREHOUSE_RECOVERY_V1,edgeiq_standard_time_recovered_v1.0.0,1.0.0,2026-07-30T07:43:47Z
STFR-33594449BE5C8D8E38636D7D,BGFR-9A19D8ABCF51EBAA104920EC,TRACK_DISTANCE_SURFACE_CONDITION,SANDOWN,1000,,NOT_AVAILABLE_IN_SOURCE,TURF,AVAILABLE_BY_GOVERNED_SURFACE_RESOLVER,SOFT,AVAILABLE,MEDIAN_WINNER_RACE_TIME_SECONDS_RECOVERED_TIMING_MIN20,58.100000,27,55.950000,59.420000,20,AVAILABLE,9a19d8abcf51ebaa104920ec,75ff69d9a13fd00d799395aea29465aec8d419fe8f02cda8756a7556b220447a,f17697902191d30a512a55af62f036ee017d85dc35c27e511a9cb24cd65f1485,EDGEIQ_TIMING_WAREHOUSE_RECOVERY_V1,edgeiq_standard_time_recovered_v1.0.0,1.0.0,2026-07-30T07:43:47Z
STFR-114AEF86874F643AB562CF60,BGFR-0855428679A5FAE4AD8A5F56,TRACK_DISTANCE_SURFACE_CONDITION,SANDOWN,1200,,NOT_AVAILABLE_IN_SOURCE,TURF,AVAILABLE_BY_GOVERNED_SURFACE_RESOLVER,GOOD,AVAILABLE,MEDIAN_WINNER_RACE_TIME_SECONDS_RECOVERED_TIMING_MIN20,70.550000,86,69.300000,72.710000,20,AVAILABLE,0855428679a5fae4ad8a5f56,90f9e368046f7d8f224e4f96e03561d70c878393a8b655157226c4b6adcf95c9,f680d23f1e7cd51d606e638e895ca290d8efd375698ea7af8f6edc45c062c316,EDGEIQ_TIMING_WAREHOUSE_RECOVERY_V1,edgeiq_standard_time_recovered_v1.0.0,1.0.0,2026-07-30T07:43:47Z
STFR-BE247A84C91F11D0AFC34718,BGFR-023C90903578602D6F39B414,TRACK_DISTANCE_SURFACE_CONDITION,SANDOWN,1200,,NOT_AVAILABLE_IN_SOURCE,TURF,AVAILABLE_BY_GOVERNED_SURFACE_RESOLVER,SOFT,AVAILABLE,MEDIAN_WINNER_RACE_TIME_SECONDS_RECOVERED_TIMING_MIN20,72.695000,34,71.080000,74.440000,20,AVAILABLE,023c90903578602d6f39b414,d37f522154c20433b9b09efb78a440e85f66685dd6ec999048e5d28c0ef9284b,d39c5dbb77093b430394fb77606ad2e6c046dadcb03b2f065b196c9fc71da16c,EDGEIQ_TIMING_WAREHOUSE_RECOVERY_V1,edgeiq_standard_time_recovered_v1.0.0,1.0.0,2026-07-30T07:43:47Z
STFR-AD73163A2704D86B4BE8C04B,BGFR-2A4FFAA155A499B78F9BE8A5,TRACK_DISTANCE_SURFACE_CONDITION,SANDOWN,1300,,NOT_AVAILABLE_IN_SOURCE,TURF,AVAILABLE_BY_GOVERNED_SURFACE_RESOLVER,GOOD,AVAILABLE,MEDIAN_WINNER_RACE_TIME_SECONDS_RECOVERED_TIMING_MIN20,77.290000,25,75.710000,78.800000,20,AVAILABLE,2a4ffaa155a499b78f9be8a5,f3dc99c840c003b5ae1ad4204c0b45a5c96e92acd957fdd5badc487d436be441,32ff9a7cb029c5eaf36e86dc7321b2579d21c8c14129d496cb8108343476a3f0,EDGEIQ_TIMING_WAREHOUSE_RECOVERY_V1,edgeiq_standard_time_recovered_v1.0.0,1.0.0,2026-07-30T07:43:47Z
STFR-66D764501282BB9AB399E355,BGFR-2D4744F1001BEBFBF1471ACA,TRACK_DISTANCE_SURFACE_CONDITION,SANDOWN,1300,,NOT_AVAILABLE_IN_SOURCE,TURF,AVAILABLE_BY_GOVERNED_SURFACE_RESOLVER,SOFT,AVAILABLE,MEDIAN_WINNER_RACE_TIME_SECONDS_RECOVERED_TIMING_MIN20,79.005000,20,77.840000,80.610000,20,AVAILABLE,2d4744f1001bebfbf1471aca,a6a8b2d6ed8224f1b86fde345308138e0d9f48fbb188bb0878d1d6441699d8dd,c27a2e42b0c78959dcc940f6a9806c07ed3cb4faa2faa4fada8f1de196422ff5,EDGEIQ_TIMING_WAREHOUSE_RECOVERY_V1,edgeiq_standard_time_recovered_v1.0.0,1.0.0,2026-07-30T07:43:47Z
STFR-D878565ACBED0746022E638E,BGFR-6C800371712BB43D2271DA5D,TRACK_DISTANCE_SURFACE_CONDITION,SANDOWN,1400,,NOT_AVAILABLE_IN_SOURCE,TURF,AVAILABLE_BY_GOVERNED_SURFACE_RESOLVER,GOOD,AVAILABLE,MEDIAN_WINNER_RACE_TIME_SECONDS_RECOVERED_TIMING_MIN20,83.620000,53,81.410000,85.570000,20,AVAILABLE,6c800371712bb43d2271da5d,67888654d072c8837ee3d314a8773bffceb4eb50807e24559c2ad6600fd66a97,17400d47b78547bf5aa5e720ef1c1bc07a2c27be74c28566090eaff192eb5a44,EDGEIQ_TIMING_WAREHOUSE_RECOVERY_V1,edgeiq_standard_time_recovered_v1.0.0,1.0.0,2026-07-30T07:43:47Z
STFR-D4AFFFC4A661ECF22F3FB0A9,BGFR-971DFFE0C6D3CA53202969D8,TRACK_DISTANCE_SURFACE_CONDITION,SANDOWN,1400,,NOT_AVAILABLE_IN_SOURCE,TURF,AVAILABLE_BY_GOVERNED_SURFACE_RESOLVER,SOFT,AVAILABLE,MEDIAN_WINNER_RACE_TIME_SECONDS_RECOVERED_TIMING_MIN20,85.500000,29,83.310000,88.360000,20,AVAILABLE,971dffe0c6d3ca53202969d8,0cda6d8f77f34cd0782e81f51c6c396128c932ef4e4c0ef7c1b8e6cedc17a607,3dbb1627a87709ca073b68ab31a60cfaf3e2276fe03a27c11b50beed342c1e60,EDGEIQ_TIMING_WAREHOUSE_RECOVERY_V1,edgeiq_standard_time_recovered_v1.0.0,1.0.0,2026-07-30T07:43:47Z
STFR-E6DA13DF2E7BEFE7FF8DE977,BGFR-1B0C393ECB3FEB80DFD83594,TRACK_DISTANCE_SURFACE_CONDITION,SANDOWN,1600,,NOT_AVAILABLE_IN_SOURCE,TURF,AVAILABLE_BY_GOVERNED_SURFACE_RESOLVER,GOOD,AVAILABLE,MEDIAN_WINNER_RACE_TIME_SECONDS_RECOVERED_TIMING_MIN20,96.710000,57,93.630000,100.420000,20,AVAILABLE,1b0c393ecb3feb80dfd83594,c5a4cd093b9b12b80a0bb46dfce1c2e7897f209029555dfb12ff47d31ce62af3,5c8fa2bce8076e6fdb540695d7fd9f344a10922d0d76baf7de70c3e9d3b9f816,EDGEIQ_TIMING_WAREHOUSE_RECOVERY_V1,edgeiq_standard_time_recovered_v1.0.0,1.0.0,2026-07-30T07:43:47Z
STFR-117475854AD5831960D712CF,BGFR-5FED8AB891991D0B151B9C8A,TRACK_DISTANCE_SURFACE_CONDITION,SANDOWN,1600,,NOT_AVAILABLE_IN_SOURCE,TURF,AVAILABLE_BY_GOVERNED_SURFACE_RESOLVER,SOFT,AVAILABLE,MEDIAN_WINNER_RACE_TIME_SECONDS_RECOVERED_TIMING_MIN20,99.430000,35,96.220000,103.300000,20,AVAILABLE,5fed8ab891991d0b151b9c8a,7153a4325286d75db11dbd2c83bb52cb5016c3349f872788080e4a97c36c196c,20a3535b3b7ec4fa55be8b3ed555015b206ff47a95be9b483c3433bd45d8d07c,EDGEIQ_TIMING_WAREHOUSE_RECOVERY_V1,edgeiq_standard_time_recovered_v1.0.0,1.0.0,2026-07-30T07:43:47Z
STFR-AC5AA72ED51CE62F584045A7,BGFR-D1B1B18A9B8A7D5BB9374CA9,TRACK_DISTANCE_SURFACE_CONDITION,SEYMOUR,1000,,NOT_AVAILABLE_IN_SOURCE,TURF,AVAILABLE_BY_GOVERNED_SURFACE_RESOLVER,GOOD,AVAILABLE,MEDIAN_WINNER_RACE_TIME_SECONDS_RECOVERED_TIMING_MIN20,58.215000,78,56.750000,60.630000,20,AVAILABLE,d1b1b18a9b8a7d5bb9374ca9,012194365b93a04bfe5889e49414c013323219204741843178831709b0a5f19f,f7716d06c0a17bf73103f43ab6fee9e29fabfbd5c055a1b225ee97f7f1d38b71,EDGEIQ_TIMING_WAREHOUSE_RECOVERY_V1,edgeiq_standard_time_recovered_v1.0.0,1.0.0,2026-07-30T07:43:47Z
STFR-FCF9373445E330FE47CA8814,BGFR-227694B54631F2485979A43C,TRACK_DISTANCE_SURFACE_CONDITION,SEYMOUR,1000,,NOT_AVAILABLE_IN_SOURCE,TURF,AVAILABLE_BY_GOVERNED_SURFACE_RESOLVER,SOFT,AVAILABLE,MEDIAN_WINNER_RACE_TIME_SECONDS_RECOVERED_TIMING_MIN20,58.830000,33,57.050000,60.000000,20,AVAILABLE,227694b54631f2485979a43c,2864c49158c080a43d0dbfdccbd66bef5e6a5ad08ac48f66251d80cf19601801,ba121308af5db19710129170c40dcf316dde566f8ecc89445e96882d16fa53ab,EDGEIQ_TIMING_WAREHOUSE_RECOVERY_V1,edgeiq_standard_time_recovered_v1.0.0,1.0.0,2026-07-30T07:43:47Z
STFR-08A85F121AC3DAE537E1C526,BGFR-A5262DB737A5A50A99ED3F47,TRACK_DISTANCE_SURFACE_CONDITION,SEYMOUR,1009,,NOT_AVAILABLE_IN_SOURCE,TURF,AVAILABLE_BY_GOVERNED_SURFACE_RESOLVER,GOOD,AVAILABLE,MEDIAN_WINNER_RACE_TIME_SECONDS_RECOVERED_TIMING_MIN20,58.325000,38,56.890000,59.700000,20,AVAILABLE,a5262db737a5a50a99ed3f47,31b1ede2bf963895599e0ff9d079fa6ab86c26dff940af1fb72843e540303bac,3a13ac35c53a0178862d4944343af6f49d0798637cf86e01e51bcc336b6fedbe,EDGEIQ_TIMING_WAREHOUSE_RECOVERY_V1,edgeiq_standard_time_recovered_v1.0.0,1.0.0,2026-07-30T07:43:47Z
STFR-587602F7132E9540D2B2D5E7,BGFR-FF5B4C9CA3C8598D78483A8E,TRACK_DISTANCE_SURFACE_CONDITION,SEYMOUR,1100,,NOT_AVAILABLE_IN_SOURCE,TURF,AVAILABLE_BY_GOVERNED_SURFACE_RESOLVER,GOOD,AVAILABLE,MEDIAN_WINNER_RACE_TIME_SECONDS_RECOVERED_TIMING_MIN20,64.630000,67,63.390000,67.760000,20,AVAILABLE,ff5b4c9ca3c8598d78483a8e,0ba3c2e2f7faef1cee5a61d1cb78fbfb93ab386736070ceb9e9e476f92527c35,1fd84cdf8e8b6d5fb0a2b2d9e835f034c74209426b67c7449a9dffd926674f01,EDGEIQ_TIMING_WAREHOUSE_RECOVERY_V1,edgeiq_standard_time_recovered_v1.0.0,1.0.0,2026-07-30T07:43:47Z
STFR-F3702612F4FD7E5EE0383FEA,BGFR-34DB3CDD642D111B4BF27B5C,TRACK_DISTANCE_SURFACE_CONDITION,SEYMOUR,1100,,NOT_AVAILABLE_IN_SOURCE,TURF,AVAILABLE_BY_GOVERNED_SURFACE_RESOLVER,SOFT,AVAILABLE,MEDIAN_WINNER_RACE_TIME_SECONDS_RECOVERED_TIMING_MIN20,65.355000,38,63.640000,67.180000,20,AVAILABLE,34db3cdd642d111b4bf27b5c,687167f93b45b1eebb962230a609fada5be93aa733a4feba5051ae3b3a898ece,d9fce5efdf10fc6c228f04f626b05b539ad0b12ca7c0acd385832be1b995f80b,EDGEIQ_TIMING_WAREHOUSE_RECOVERY_V1,edgeiq_standard_time_recovered_v1.0.0,1.0.0,2026-07-30T07:43:47Z
STFR-4F415E726A57DF8645CA8CDF,BGFR-00CF5138BFD09E838B3DD5A2,TRACK_DISTANCE_SURFACE_CONDITION,SEYMOUR,1109,,NOT_AVAILABLE_IN_SOURCE,TURF,AVAILABLE_BY_GOVERNED_SURFACE_RESOLVER,GOOD,AVAILABLE,MEDIAN_WINNER_RACE_TIME_SECONDS_RECOVERED_TIMING_MIN20,64.590000,29,63.500000,65.960000,20,AVAILABLE,00cf5138bfd09e838b3dd5a2,7f4a13f585303636caf6138efd546158fdac49bd583c7232bfc382fa923f9980,985fa9938c390257efa8afe69e3e239d7254fdc5e80e507d17074ef90e477fe3,EDGEIQ_TIMING_WAREHOUSE_RECOVERY_V1,edgeiq_standard_time_recovered_v1.0.0,1.0.0,2026-07-30T07:43:47Z
STFR-2420B6971DC718C9BDAC7FEE,BGFR-9DAFE343FC063A9635E6EEDF,TRACK_DISTANCE_SURFACE_CONDITION,SEYMOUR,1200,,NOT_AVAILABLE_IN_SOURCE,TURF,AVAILABLE_BY_GOVERNED_SURFACE_RESOLVER,GOOD,AVAILABLE,MEDIAN_WINNER_RACE_TIME_SECONDS_RECOVERED_TIMING_MIN20,70.780000,123,68.830000,73.090000,20,AVAILABLE,9dafe343fc063a9635e6eedf,db82f3283d5f173d1f80cdd68cb54d72b514b456565ba8ded720d765646d27c5,8532af0056e5362efcb02306f548884b85f12ed104c48bcea5cdb4bddbad7aaf,EDGEIQ_TIMING_WAREHOUSE_RECOVERY_V1,edgeiq_standard_time_recovered_v1.0.0,1.0.0,2026-07-30T07:43:47Z
STFR-3517D80F13AD402FDD8C742C,BGFR-E8653371B760F552E1E0BB72,TRACK_DISTANCE_SURFACE_CONDITION,SEYMOUR,1200,,NOT_AVAILABLE_IN_SOURCE,TURF,AVAILABLE_BY_GOVERNED_SURFACE_RESOLVER,SOFT,AVAILABLE,MEDIAN_WINNER_RACE_TIME_SECONDS_RECOVERED_TIMING_MIN20,71.830000,50,70.020000,73.190000,20,AVAILABLE,e8653371b760f552e1e0bb72,60456f49914c0cecedf4cd3edadebce220156acde2b5d8ce617fa79939ce30b9,14578b55bcce18a21b9219a66b83d459c2713b66ed10436bf4cef3c4b61741c4,EDGEIQ_TIMING_WAREHOUSE_RECOVERY_V1,edgeiq_standard_time_recovered_v1.0.0,1.0.0,2026-07-30T07:43:47Z
STFR-A69906BCB1BA799D27E93665,BGFR-51E40AE7666666CF0D75CCC8,TRACK_DISTANCE_SURFACE_CONDITION,SEYMOUR,1209,,NOT_AVAILABLE_IN_SOURCE,TURF,AVAILABLE_BY_GOVERNED_SURFACE_RESOLVER,GOOD,AVAILABLE,MEDIAN_WINNER_RACE_TIME_SECONDS_RECOVERED_TIMING_MIN20,70.835000,38,69.270000,72.580000,20,AVAILABLE,51e40ae7666666cf0d75ccc8,f8db29cbac656c51d741e2f62b3de2c67c84a6a4353241e2e4a72b3cfb6ea1a5,83bbe0f9c6a4f4f5f2af018bb9b3333e29d4e7eebd2240849af00af6b4efd32c,EDGEIQ_TIMING_WAREHOUSE_RECOVERY_V1,edgeiq_standard_time_recovered_v1.0.0,1.0.0,2026-07-30T07:43:47Z
STFR-2367F406200029B6C7F4A8E1,BGFR-062CAB1BE8BA79FB960BBD45,TRACK_DISTANCE_SURFACE_CONDITION,SEYMOUR,1300,,NOT_AVAILABLE_IN_SOURCE,TURF,AVAILABLE_BY_GOVERNED_SURFACE_RESOLVER,GOOD,AVAILABLE,MEDIAN_WINNER_RACE_TIME_SECONDS_RECOVERED_TIMING_MIN20,77.090000,111,75.250000,79.330000,20,AVAILABLE,062cab1be8ba79fb960bbd45,3e3acddac67622422e3554b7b6599e5a15a1c2e33586089b67010ee654638003,f697f2069050607e3132d8206d4c1f269690522f6b9ccf7459d7eada5d1e9947,EDGEIQ_TIMING_WAREHOUSE_RECOVERY_V1,edgeiq_standard_time_recovered_v1.0.0,1.0.0,2026-07-30T07:43:47Z
STFR-3EBB8C222FB8AC1BC36626A5,BGFR-F720966CB60397BEA7EAE312,TRACK_DISTANCE_SURFACE_CONDITION,SEYMOUR,1300,,NOT_AVAILABLE_IN_SOURCE,TURF,AVAILABLE_BY_GOVERNED_SURFACE_RESOLVER,SOFT,AVAILABLE,MEDIAN_WINNER_RACE_TIME_SECONDS_RECOVERED_TIMING_MIN20,78.265000,52,76.220000,80.700000,20,AVAILABLE,f720966cb60397bea7eae312,6668d4ca95aca1b431a94f73995cca4a64631115ef541c267d276eafa6cbb6d0,d7c0f391e018a8b30ed1e422d45106a50fcaad7307eb95473167f185ac9debea,EDGEIQ_TIMING_WAREHOUSE_RECOVERY_V1,edgeiq_standard_time_recovered_v1.0.0,1.0.0,2026-07-30T07:43:47Z
STFR-28CE38264F0A023A1C3D6951,BGFR-E7A11CAA43B29E8547BC9BD0,TRACK_DISTANCE_SURFACE_CONDITION,SEYMOUR,1309,,NOT_AVAILABLE_IN_SOURCE,TURF,AVAILABLE_BY_GOVERNED_SURFACE_RESOLVER,GOOD,AVAILABLE,MEDIAN_WINNER_RACE_TIME_SECONDS_RECOVERED_TIMING_MIN20,77.250000,55,75.810000,79.310000,20,AVAILABLE,e7a11caa43b29e8547bc9bd0,656819c2d52d8e80786bcaef7059df096e89acce7f46d1d64e49457053421c8e,c641435529fea0ca3cfbf9bd70bbc84cb9e20c343468da45f4825c09abd0b8c1,EDGEIQ_TIMING_WAREHOUSE_RECOVERY_V1,edgeiq_standard_time_recovered_v1.0.0,1.0.0,2026-07-30T07:43:47Z
STFR-97E54161AAF93A48E2289294,BGFR-0D45C1F949FE1B2AD4F96B9A,TRACK_DISTANCE_SURFACE_CONDITION,SEYMOUR,1400,,NOT_AVAILABLE_IN_SOURCE,TURF,AVAILABLE_BY_GOVERNED_SURFACE_RESOLVER,GOOD,AVAILABLE,MEDIAN_WINNER_RACE_TIME_SECONDS_RECOVERED_TIMING_MIN20,84.720000,97,82.670000,86.770000,20,AVAILABLE,0d45c1f949fe1b2ad4f96b9a,2545d753cff057efd2d6568e0789565746f762149f5b0c68457fcf05b12b6e2c,97728f8dca4160545333af8b72aa10d8fb99d5a877e9d432b5638dbcaf0f3d46,EDGEIQ_TIMING_WAREHOUSE_RECOVERY_V1,edgeiq_standard_time_recovered_v1.0.0,1.0.0,2026-07-30T07:43:47Z
STFR-E0F7CE61825F2677AF005178,BGFR-736A761E1354AE9B78913D1F,TRACK_DISTANCE_SURFACE_CONDITION,SEYMOUR,1400,,NOT_AVAILABLE_IN_SOURCE,TURF,AVAILABLE_BY_GOVERNED_SURFACE_RESOLVER,SOFT,AVAILABLE,MEDIAN_WINNER_RACE_TIME_SECONDS_RECOVERED_TIMING_MIN20,86.040000,28,84.410000,87.310000,20,AVAILABLE,736a761e1354ae9b78913d1f,215edd11918d57d127cbf1f565239f2c8676bf66c53305488d06a43605cf30a6,f43e6d78ac2284a5ed7fafde0ee4ff848ea2f7c9ac3770095da75daddb4f314f,EDGEIQ_TIMING_WAREHOUSE_RECOVERY_V1,edgeiq_standard_time_recovered_v1.0.0,1.0.0,2026-07-30T07:43:47Z
STFR-46906CAFF7ACF6845261E3FE,BGFR-BDA2D0756066337755F40BD0,TRACK_DISTANCE_SURFACE_CONDITION,SEYMOUR,1412,,NOT_AVAILABLE_IN_SOURCE,TURF,AVAILABLE_BY_GOVERNED_SURFACE_RESOLVER,GOOD,AVAILABLE,MEDIAN_WINNER_RACE_TIME_SECONDS_RECOVERED_TIMING_MIN20,85.620000,41,83.380000,86.900000,20,AVAILABLE,bda2d0756066337755f40bd0,24608699764fdb315b3a4e8083f8c98b517fb7f8f376091dd8665de4e2134e1b,62bef77b2f5aabba7fb8fc2a5d5f8185af90bb7fbd66278035167f1bbc156875,EDGEIQ_TIMING_WAREHOUSE_RECOVERY_V1,edgeiq_standard_time_recovered_v1.0.0,1.0.0,2026-07-30T07:43:47Z
STFR-7133BCFBB7C33F9539D1FD1B,BGFR-18ED7CCD0801B680EB40C4D3,TRACK_DISTANCE_SURFACE_CONDITION,SEYMOUR,1600,,NOT_AVAILABLE_IN_SOURCE,TURF,AVAILABLE_BY_GOVERNED_SURFACE_RESOLVER,GOOD,AVAILABLE,MEDIAN_WINNER_RACE_TIME_SECONDS_RECOVERED_TIMING_MIN20,97.760000,130,94.380000,99.850000,20,AVAILABLE,18ed7ccd0801b680eb40c4d3,185366c6d2c92ded139ec508fcb0464fd08eae27a587d6180d3cb5285fc17cb9,5807fbb2a56e5a96a143c31dce5df1100d3c01fad6efc5b9780eb6ad6f05dbb2,EDGEIQ_TIMING_WAREHOUSE_RECOVERY_V1,edgeiq_standard_time_recovered_v1.0.0,1.0.0,2026-07-30T07:43:47Z
STFR-E3D3089FA30128326A00F846,BGFR-6AA902E843BE5A2AF66DBE63,TRACK_DISTANCE_SURFACE_CONDITION,SEYMOUR,1600,,NOT_AVAILABLE_IN_SOURCE,TURF,AVAILABLE_BY_GOVERNED_SURFACE_RESOLVER,SOFT,AVAILABLE,MEDIAN_WINNER_RACE_TIME_SECONDS_RECOVERED_TIMING_MIN20,99.330000,59,95.770000,101.880000,20,AVAILABLE,6aa902e843be5a2af66dbe63,3a01cad1c0e5cb43335f5f8add4215d52119f794a059f1367b920c7fd5357dae,df9acbe6beb50979dc1d9f8680ec3f49e687a046048a862b1c3c44689cdfdfab,EDGEIQ_TIMING_WAREHOUSE_RECOVERY_V1,edgeiq_standard_time_recovered_v1.0.0,1.0.0,2026-07-30T07:43:47Z
STFR-8B73D0AE48371C39036ADFDE,BGFR-C159B6F5C671E8823CCC5841,TRACK_DISTANCE_SURFACE_CONDITION,SEYMOUR,1612,,NOT_AVAILABLE_IN_SOURCE,TURF,AVAILABLE_BY_GOVERNED_SURFACE_RESOLVER,GOOD,AVAILABLE,MEDIAN_WINNER_RACE_TIME_SECONDS_RECOVERED_TIMING_MIN20,99.105000,44,96.920000,101.490000,20,AVAILABLE,c159b6f5c671e8823ccc5841,c324d035ae52edf994c979fad5059aedc6721024a0cc8bcf3a14cb612ba82ae5,79e2f1441850b5dd25990107eca73108c13c21a3472790f915c21a00703251aa,EDGEIQ_TIMING_WAREHOUSE_RECOVERY_V1,edgeiq_standard_time_recovered_v1.0.0,1.0.0,2026-07-30T07:43:47Z
STFR-583CEEDA24047B1439463E97,BGFR-AF0904649EC23F9A324BCF1D,TRACK_DISTANCE_SURFACE_CONDITION,SEYMOUR,2000,,NOT_AVAILABLE_IN_SOURCE,TURF,AVAILABLE_BY_GOVERNED_SURFACE_RESOLVER,GOOD,AVAILABLE,MEDIAN_WINNER_RACE_TIME_SECONDS_RECOVERED_TIMING_MIN20,125.365000,56,122.960000,131.410000,20,AVAILABLE,af0904649ec23f9a324bcf1d,970b75d1d2e75445f0a7a48bbe9363e0768282e073cc3f2917de3e532b39b848,e18d8403e19767e737c698116671293ff9ee983da4980805c99302c3d4e6ced3,EDGEIQ_TIMING_WAREHOUSE_RECOVERY_V1,edgeiq_standard_time_recovered_v1.0.0,1.0.0,2026-07-30T07:43:47Z
STFR-0FF8E3E46BE1CAEB168C35A5,BGFR-622B690008B0A45C9EC5E48F,TRACK_DISTANCE_SURFACE_CONDITION,SEYMOUR,2000,,NOT_AVAILABLE_IN_SOURCE,TURF,AVAILABLE_BY_GOVERNED_SURFACE_RESOLVER,SOFT,AVAILABLE,MEDIAN_WINNER_RACE_TIME_SECONDS_RECOVERED_TIMING_MIN20,128.125000,22,125.950000,131.590000,20,AVAILABLE,622b690008b0a45c9ec5e48f,76e3e1477c3167651d61b9c47b3dbabfb4483a532d1a1d042cba7c3eac205598,4a800407f391ea661d95bda496fc4d0ef84b37dd8108159c1933b068138f9ab1,EDGEIQ_TIMING_WAREHOUSE_RECOVERY_V1,edgeiq_standard_time_recovered_v1.0.0,1.0.0,2026-07-30T07:43:47Z
STFR-A6D13B0DFF259DE2D619D49F,BGFR-FDE7841BEC53709686A9B1AE,TRACK_DISTANCE_SURFACE_CONDITION,SEYMOUR,2015,,NOT_AVAILABLE_IN_SOURCE,TURF,AVAILABLE_BY_GOVERNED_SURFACE_RESOLVER,GOOD,AVAILABLE,MEDIAN_WINNER_RACE_TIME_SECONDS_RECOVERED_TIMING_MIN20,126.840000,35,124.680000,130.740000,20,AVAILABLE,fde7841bec53709686a9b1ae,701481eb1b726b7c36db51b740b49f96cd8650112f91f4bb8871d6a655e443d5,4dab8fff92958690d250728c9e635338bf41179708e47cd2567227bc2100c047,EDGEIQ_TIMING_WAREHOUSE_RECOVERY_V1,edgeiq_standard_time_recovered_v1.0.0,1.0.0,2026-07-30T07:43:47Z
STFR-495C9A2A264A4FB25307E5AB,BGFR-4920EC29184F724DC594DD92,TRACK_DISTANCE_SURFACE_CONDITION,SEYMOUR,2200,,NOT_AVAILABLE_IN_SOURCE,TURF,AVAILABLE_BY_GOVERNED_SURFACE_RESOLVER,GOOD,AVAILABLE,MEDIAN_WINNER_RACE_TIME_SECONDS_RECOVERED_TIMING_MIN20,138.700000,40,135.700000,142.350000,20,AVAILABLE,4920ec29184f724dc594dd92,beeb00ae7acd806bb18b3fe0754337b4af18e18cc7e81a75c7dd8b3ed203c4e9,a6fd66ea5138d6316af5a2ce2bfff862fa3def30c5a3cf20f23778cad9d4eafa,EDGEIQ_TIMING_WAREHOUSE_RECOVERY_V1,edgeiq_standard_time_recovered_v1.0.0,1.0.0,2026-07-30T07:43:47Z
STFR-D237951D16693302762CD2CA,BGFR-2D492EDACE80616DFC7739FF,TRACK_DISTANCE_SURFACE_CONDITION,SOUTHSIDE CRANBOURNE,1000,,NOT_AVAILABLE_IN_SOURCE,TURF,AVAILABLE_BY_GOVERNED_SURFACE_RESOLVER,GOOD,AVAILABLE,MEDIAN_WINNER_RACE_TIME_SECONDS_RECOVERED_TIMING_MIN20,58.410000,26,57.480000,59.430000,20,AVAILABLE,2d492edace80616dfc7739ff,02f4016282a4465285eb8807d321bda855b00935b8b03dfa1ee7bb03c5de5c97,ab9459bf0e2fff4eaf583d48d4ec7f8dec22ea6d814f6f7f6b048909815603b0,EDGEIQ_TIMING_WAREHOUSE_RECOVERY_V1,edgeiq_standard_time_recovered_v1.0.0,1.0.0,2026-07-30T07:43:47Z
STFR-05A777F72E3A28F9725D9312,BGFR-409A11050E5E76200E1FF841,TRACK_DISTANCE_SURFACE_CONDITION,SOUTHSIDE CRANBOURNE,1200,,NOT_AVAILABLE_IN_SOURCE,TURF,AVAILABLE_BY_GOVERNED_SURFACE_RESOLVER,GOOD,AVAILABLE,MEDIAN_WINNER_RACE_TIME_SECONDS_RECOVERED_TIMING_MIN20,71.120000,37,69.820000,73.610000,20,AVAILABLE,409a11050e5e76200e1ff841,9b18f5a6b1afa747e6aaef85bb9263489571e37fd619ed4be66e5246946d9df2,01137e37ac13e2da014d5528ad4884855f1bffc59e0940448bdaf1d4b4e42653,EDGEIQ_TIMING_WAREHOUSE_RECOVERY_V1,edgeiq_standard_time_recovered_v1.0.0,1.0.0,2026-07-30T07:43:47Z
STFR-F0CD977D9602612038EFCF08,BGFR-8E1A935E551844EDF17CE656,TRACK_DISTANCE_SURFACE_CONDITION,SOUTHSIDE CRANBOURNE,1400,,NOT_AVAILABLE_IN_SOURCE,TURF,AVAILABLE_BY_GOVERNED_SURFACE_RESOLVER,GOOD,AVAILABLE,MEDIAN_WINNER_RACE_TIME_SECONDS_RECOVERED_TIMING_MIN20,84.240000,21,82.340000,85.450000,20,AVAILABLE,8e1a935e551844edf17ce656,e7697302e7ffb1c3027e9ec10ad2e18b9c15d4371ed41bf871ac3d70c3091c28,fe4715747fd5fffd517af7039699aaee96e59cfcb644e4b49d0f7fc3481a5974,EDGEIQ_TIMING_WAREHOUSE_RECOVERY_V1,edgeiq_standard_time_recovered_v1.0.0,1.0.0,2026-07-30T07:43:47Z
STFR-F5E011BC20A3F916F79801A5,BGFR-61678EC206B583EC5A5B483D,TRACK_DISTANCE_SURFACE_CONDITION,SOUTHSIDE CRANBOURNE,1600,,NOT_AVAILABLE_IN_SOURCE,TURF,AVAILABLE_BY_GOVERNED_SURFACE_RESOLVER,GOOD,AVAILABLE,MEDIAN_WINNER_RACE_TIME_SECONDS_RECOVERED_TIMING_MIN20,97.700000,26,94.890000,103.180000,20,AVAILABLE,61678ec206b583ec5a5b483d,01703acd17c57a7d819f2d9300f4e90c2de09f046acad87e09068eae327c8ce1,d54179d3cd904250d7c5b6eddcc82437b8389c72177c8a1953d3cc69978adea3,EDGEIQ_TIMING_WAREHOUSE_RECOVERY_V1,edgeiq_standard_time_recovered_v1.0.0,1.0.0,2026-07-30T07:43:47Z
STFR-FE564689CAF5C8243986E8E7,BGFR-83E8036252F0D5B78C72CE6C,TRACK_DISTANCE_SURFACE_CONDITION,SOUTHSIDE PAKENHAM,1200,,NOT_AVAILABLE_IN_SOURCE,TURF,AVAILABLE_BY_GOVERNED_SURFACE_RESOLVER,SOFT,AVAILABLE,MEDIAN_WINNER_RACE_TIME_SECONDS_RECOVERED_TIMING_MIN20,71.230000,25,69.030000,72.980000,20,AVAILABLE,83e8036252f0d5b78c72ce6c,f3ee9b2b359f250cedbc4ae2e2dd3514e4fa0301f8f4889f92d9ac52a6c663a1,5b8d9cf9da458ff6336da12d293777d001939f00108ada080c5815263418e609,EDGEIQ_TIMING_WAREHOUSE_RECOVERY_V1,edgeiq_standard_time_recovered_v1.0.0,1.0.0,2026-07-30T07:43:47Z
STFR-0B02F6F2D622DA56AA314703,BGFR-F773F2B469885FC437D1E355,TRACK_DISTANCE_SURFACE_CONDITION,SOUTHSIDE PAKENHAM,1400,,NOT_AVAILABLE_IN_SOURCE,TURF,AVAILABLE_BY_GOVERNED_SURFACE_RESOLVER,GOOD,AVAILABLE,MEDIAN_WINNER_RACE_TIME_SECONDS_RECOVERED_TIMING_MIN20,85.120000,27,83.450000,87.130000,20,AVAILABLE,f773f2b469885fc437d1e355,4a7269d1da260c35802748969e470b257f25c0622ed600c1b9da6a8e0db22dff,d146264280e8ead20d04104d94ce1a72099cb6c7573bd2aab17747530114c439,EDGEIQ_TIMING_WAREHOUSE_RECOVERY_V1,edgeiq_standard_time_recovered_v1.0.0,1.0.0,2026-07-30T07:43:47Z
STFR-3FA29AB5C44FF366F46066B1,BGFR-FA52F7C30D9FA9682E52EC96,TRACK_DISTANCE_SURFACE_CONDITION,SOUTHSIDE PAKENHAM,1400,,NOT_AVAILABLE_IN_SOURCE,TURF,AVAILABLE_BY_GOVERNED_SURFACE_RESOLVER,SOFT,AVAILABLE,MEDIAN_WINNER_RACE_TIME_SECONDS_RECOVERED_TIMING_MIN20,87.115000,32,82.920000,91.200000,20,AVAILABLE,fa52f7c30d9fa9682e52ec96,0fea51a9c186b0b2f5635bd08f37363d90acad302168a2267fb47d056ddc8591,c68e10ded16160af7df2c675de857a6fc6870d38082b3578a448953463c115cf,EDGEIQ_TIMING_WAREHOUSE_RECOVERY_V1,edgeiq_standard_time_recovered_v1.0.0,1.0.0,2026-07-30T07:43:47Z
STFR-EA7BCF38E9F9BEF15880606A,BGFR-D797D387336C3EB234C1BAE9,TRACK_DISTANCE_SURFACE_CONDITION,SPORTSBET SANDOWN HILLSIDE,1000,,NOT_AVAILABLE_IN_SOURCE,TURF,AVAILABLE_BY_GOVERNED_SURFACE_RESOLVER,GOOD,AVAILABLE,MEDIAN_WINNER_RACE_TIME_SECONDS_RECOVERED_TIMING_MIN20,57.090000,41,55.280000,58.700000,20,AVAILABLE,d797d387336c3eb234c1bae9,7a42bc5c56cb6ce5c67090c8f84f7190971e3afd60bd1efc892b57816591d6d0,04a78d1bb5507e5a7e0b54113643f333b0c8b16416327fc7283a81776e2be998,EDGEIQ_TIMING_WAREHOUSE_RECOVERY_V1,edgeiq_standard_time_recovered_v1.0.0,1.0.0,2026-07-30T07:43:47Z
STFR-FEC4A8242E4F561E8901EC08,BGFR-41CBA483643D143BCDB7F7A6,TRACK_DISTANCE_SURFACE_CONDITION,SPORTSBET SANDOWN HILLSIDE,1000,,NOT_AVAILABLE_IN_SOURCE,TURF,AVAILABLE_BY_GOVERNED_SURFACE_RESOLVER,SOFT,AVAILABLE,MEDIAN_WINNER_RACE_TIME_SECONDS_RECOVERED_TIMING_MIN20,57.370000,31,56.230000,58.890000,20,AVAILABLE,41cba483643d143bcdb7f7a6,2d100526a035b6ab6f79837cd1dc6396ccd12456f20d7836f4fa891dc5e49635,f628aca78c7ef4943eeba745f866fc2d0ee93ce852a256112998646d3c5d207b,EDGEIQ_TIMING_WAREHOUSE_RECOVERY_V1,edgeiq_standard_time_recovered_v1.0.0,1.0.0,2026-07-30T07:43:47Z
STFR-05527F8CD9F03F4607854387,BGFR-7FD9C486544C46CFF65506BA,TRACK_DISTANCE_SURFACE_CONDITION,SPORTSBET SANDOWN HILLSIDE,1300,,NOT_AVAILABLE_IN_SOURCE,TURF,AVAILABLE_BY_GOVERNED_SURFACE_RESOLVER,GOOD,AVAILABLE,MEDIAN_WINNER_RACE_TIME_SECONDS_RECOVERED_TIMING_MIN20,77.375000,40,75.810000,78.870000,20,AVAILABLE,7fd9c486544c46cff65506ba,38daf0ac899b351a72dcba08597db8598e379d3a38ac13cef046af7a6eec2fe2,35d321f741010474af3ed875defaa8a4dac3bb292fd3f3457681310426b45027,EDGEIQ_TIMING_WAREHOUSE_RECOVERY_V1,edgeiq_standard_time_recovered_v1.0.0,1.0.0,2026-07-30T07:43:47Z
STFR-90E58F5FF0216486BDEFFB11,BGFR-B1B16EC7C055B9C6C1576699,TRACK_DISTANCE_SURFACE_CONDITION,SPORTSBET SANDOWN HILLSIDE,1300,,NOT_AVAILABLE_IN_SOURCE,TURF,AVAILABLE_BY_GOVERNED_SURFACE_RESOLVER,SOFT,AVAILABLE,MEDIAN_WINNER_RACE_TIME_SECONDS_RECOVERED_TIMING_MIN20,78.240000,23,77.180000,79.700000,20,AVAILABLE,b1b16ec7c055b9c6c1576699,c271b07a7fe6fbd24a2c033e0bd98c71ba556d159c91fa0315895fa652512e96,ac85d244da7378ccfea72694d773ef9a910ba4d9273a86deb2c45e89f5d05c6e,EDGEIQ_TIMING_WAREHOUSE_RECOVERY_V1,edgeiq_standard_time_recovered_v1.0.0,1.0.0,2026-07-30T07:43:47Z
STFR-5257398C2641C4A86D0CBCE3,BGFR-C23607B06F75E7B6FAA238FF,TRACK_DISTANCE_SURFACE_CONDITION,SPORTSBET SANDOWN HILLSIDE,1400,,NOT_AVAILABLE_IN_SOURCE,TURF,AVAILABLE_BY_GOVERNED_SURFACE_RESOLVER,GOOD,AVAILABLE,MEDIAN_WINNER_RACE_TIME_SECONDS_RECOVERED_TIMING_MIN20,84.330000,32,82.750000,86.430000,20,AVAILABLE,c23607b06f75e7b6faa238ff,db9036368c1db183535c16fce574b0697938526babd2d813726f79503a5d128c,247d98b6b459e6b65c5fcd4c355a988692da1afc04aefa835abd519fd60c4f03,EDGEIQ_TIMING_WAREHOUSE_RECOVERY_V1,edgeiq_standard_time_recovered_v1.0.0,1.0.0,2026-07-30T07:43:47Z
STFR-BEF1965503F041AC9D9548D4,BGFR-CADC171297AA5987AA87747A,TRACK_DISTANCE_SURFACE_CONDITION,SPORTSBET SANDOWN HILLSIDE,1400,,NOT_AVAILABLE_IN_SOURCE,TURF,AVAILABLE_BY_GOVERNED_SURFACE_RESOLVER,SOFT,AVAILABLE,MEDIAN_WINNER_RACE_TIME_SECONDS_RECOVERED_TIMING_MIN20,84.640000,34,83.410000,88.570000,20,AVAILABLE,cadc171297aa5987aa87747a,5ba65fc51c73079722d9cdc5fdc54fba4c929709afc96c08b0215cf171b5ff5d,5418cd93a2fa588513cd52e44b89c5da0a1ca3c60dd2b64b4ed3b2ba15e8c3c8,EDGEIQ_TIMING_WAREHOUSE_RECOVERY_V1,edgeiq_standard_time_recovered_v1.0.0,1.0.0,2026-07-30T07:43:47Z
STFR-594FE145DA6E4AD491B5C330,BGFR-5BB29488AAB9D2E046100012,TRACK_DISTANCE_SURFACE_CONDITION,SPORTSBET SANDOWN HILLSIDE,1500,,NOT_AVAILABLE_IN_SOURCE,TURF,AVAILABLE_BY_GOVERNED_SURFACE_RESOLVER,GOOD,AVAILABLE,MEDIAN_WINNER_RACE_TIME_SECONDS_RECOVERED_TIMING_MIN20,90.890000,21,88.640000,92.770000,20,AVAILABLE,5bb29488aab9d2e046100012,87d58ca42e15de679358558c731fd6d72a7b0e60d26e972e5585c96cbc85f7b9,c74aa7e1d17bd8a4f608a467dc46fb3b8899258ea12169d7e71a146be6dce5af,EDGEIQ_TIMING_WAREHOUSE_RECOVERY_V1,edgeiq_standard_time_recovered_v1.0.0,1.0.0,2026-07-30T07:43:47Z
STFR-C920ED5310B4AD0299A62522,BGFR-CE13557849F7406C1BCA02FE,TRACK_DISTANCE_SURFACE_CONDITION,SPORTSBET SANDOWN HILLSIDE,1600,,NOT_AVAILABLE_IN_SOURCE,TURF,AVAILABLE_BY_GOVERNED_SURFACE_RESOLVER,SOFT,AVAILABLE,MEDIAN_WINNER_RACE_TIME_SECONDS_RECOVERED_TIMING_MIN20,98.170000,21,96.550000,100.530000,20,AVAILABLE,ce13557849f7406c1bca02fe,c28d31cbd44ce6e4efc534e5098913c0ddd5609fc45a3ce2d4e54c2b7dd508af,0b12792cc1b7fbf809242679eaf0f56ec67dee50542f2dc18c39dfb351b98003,EDGEIQ_TIMING_WAREHOUSE_RECOVERY_V1,edgeiq_standard_time_recovered_v1.0.0,1.0.0,2026-07-30T07:43:47Z
STFR-B7E02AD80C223F8AAA9E0A6F,BGFR-9622745598EABDCAA5A82597,TRACK_DISTANCE_SURFACE_CONDITION,SPORTSBET SANDOWN HILLSIDE,1800,,NOT_AVAILABLE_IN_SOURCE,TURF,AVAILABLE_BY_GOVERNED_SURFACE_RESOLVER,GOOD,AVAILABLE,MEDIAN_WINNER_RACE_TIME_SECONDS_RECOVERED_TIMING_MIN20,110.625000,24,107.680000,112.860000,20,AVAILABLE,9622745598eabdcaa5a82597,93a9ab3cc6678b9bd2c376b01606996e78b0b98d3febc91fe4a3a7996607ee5d,017d201faf948bedcac7b0064fbf3aa14142c555b7a8fc96e594d5bd98787ae4,EDGEIQ_TIMING_WAREHOUSE_RECOVERY_V1,edgeiq_standard_time_recovered_v1.0.0,1.0.0,2026-07-30T07:43:47Z
STFR-DFC3CFE07AED85A0F197A36E,BGFR-E2E2592E7FD8ADAAD7D6AA78,TRACK_DISTANCE_SURFACE_CONDITION,SPORTSBET SANDOWN LAKESIDE,1200,,NOT_AVAILABLE_IN_SOURCE,TURF,AVAILABLE_BY_GOVERNED_SURFACE_RESOLVER,GOOD,AVAILABLE,MEDIAN_WINNER_RACE_TIME_SECONDS_RECOVERED_TIMING_MIN20,71.055000,52,70.240000,73.280000,20,AVAILABLE,e2e2592e7fd8adaad7d6aa78,db49d8d7ce64845c2a6be595c9d497e65c75bcaefeed798d3210c9fb7435ecb9,44239a7c80332c8f9cf535003a628ef2e2d2d839320e8d96d7f493b0e895d973,EDGEIQ_TIMING_WAREHOUSE_RECOVERY_V1,edgeiq_standard_time_recovered_v1.0.0,1.0.0,2026-07-30T07:43:47Z
STFR-0593F007394666C806523FFC,BGFR-713AF22DA9816DC5B09CBF01,TRACK_DISTANCE_SURFACE_CONDITION,SPORTSBET SANDOWN LAKESIDE,1200,,NOT_AVAILABLE_IN_SOURCE,TURF,AVAILABLE_BY_GOVERNED_SURFACE_RESOLVER,SOFT,AVAILABLE,MEDIAN_WINNER_RACE_TIME_SECONDS_RECOVERED_TIMING_MIN20,72.430000,23,70.480000,74.730000,20,AVAILABLE,713af22da9816dc5b09cbf01,e556df9b1aab4a6a881085d4edc9138928f16a1afe749c4d90a1d963ed798bfa,d35867a09d1c0a0df8253d02322a6185fcd9dc7c2425cbccf67d230757412427,EDGEIQ_TIMING_WAREHOUSE_RECOVERY_V1,edgeiq_standard_time_recovered_v1.0.0,1.0.0,2026-07-30T07:43:47Z
STFR-3AAFF028B5CED7CFE393C954,BGFR-E78D6163F47A0E5147A9A026,TRACK_DISTANCE_SURFACE_CONDITION,SPORTSBET SANDOWN LAKESIDE,1400,,NOT_AVAILABLE_IN_SOURCE,TURF,AVAILABLE_BY_GOVERNED_SURFACE_RESOLVER,GOOD,AVAILABLE,MEDIAN_WINNER_RACE_TIME_SECONDS_RECOVERED_TIMING_MIN20,84.630000,44,82.720000,86.370000,20,AVAILABLE,e78d6163f47a0e5147a9a026,2af1222da39207a265cc6ee5ea8541742a72a790d0eab73a51be679ecde3cb60,0ed766bde1c849ef10d56c87e7b76c666c7c0da638c605df1e211c77c1a44465,EDGEIQ_TIMING_WAREHOUSE_RECOVERY_V1,edgeiq_standard_time_recovered_v1.0.0,1.0.0,2026-07-30T07:43:47Z
STFR-8F10E3FC67555E2DCD8B473C,BGFR-7889D7E763B63DCD0AFA8557,TRACK_DISTANCE_SURFACE_CONDITION,SPORTSBET SANDOWN LAKESIDE,1600,,NOT_AVAILABLE_IN_SOURCE,TURF,AVAILABLE_BY_GOVERNED_SURFACE_RESOLVER,GOOD,AVAILABLE,MEDIAN_WINNER_RACE_TIME_SECONDS_RECOVERED_TIMING_MIN20,97.090000,25,95.260000,101.670000,20,AVAILABLE,7889d7e763b63dcd0afa8557,b2012c955144cbc9d4ec232a61aa2f4d59ec42fa9044d807a7c17668dcac7a27,11f391af7e30e4cb9aeedc36c87a669526e9b133d8edaba807255eca611252e5,EDGEIQ_TIMING_WAREHOUSE_RECOVERY_V1,edgeiq_standard_time_recovered_v1.0.0,1.0.0,2026-07-30T07:43:47Z
STFR-6C38FB87887C25860F88C3B5,BGFR-4631F9E7FE7C9FAF041DBC56,TRACK_DISTANCE_SURFACE_CONDITION,SPORTSBET-BALLARAT,1000,,NOT_AVAILABLE_IN_SOURCE,TURF,AVAILABLE_BY_GOVERNED_SURFACE_RESOLVER,GOOD,AVAILABLE,MEDIAN_WINNER_RACE_TIME_SECONDS_RECOVERED_TIMING_MIN20,58.450000,209,56.440000,61.250000,20,AVAILABLE,4631f9e7fe7c9faf041dbc56,946bf0613d99125478400afe5c1975c3918010c021259907fe937aa522b4b4d4,5bd4082444be26328597257bd843a927f61e30c62088284a86e7ea2d0394fced,EDGEIQ_TIMING_WAREHOUSE_RECOVERY_V1,edgeiq_standard_time_recovered_v1.0.0,1.0.0,2026-07-30T07:43:47Z
STFR-8FC60762A2611ACC8172445E,BGFR-7C488D688081B3210E95112A,TRACK_DISTANCE_SURFACE_CONDITION,SPORTSBET-BALLARAT,1000,,NOT_AVAILABLE_IN_SOURCE,TURF,AVAILABLE_BY_GOVERNED_SURFACE_RESOLVER,HEAVY,AVAILABLE,MEDIAN_WINNER_RACE_TIME_SECONDS_RECOVERED_TIMING_MIN20,62.445000,72,57.940000,68.100000,20,AVAILABLE,7c488d688081b3210e95112a,2309b770a2bc474e74c38c143a6849a296ed204584bb76bd880a37654a4953ac,55f4d7c4fc3fb77fb47766ca9d422eee15f8d020f74c7e2e6000f20b8b5861c6,EDGEIQ_TIMING_WAREHOUSE_RECOVERY_V1,edgeiq_standard_time_recovered_v1.0.0,1.0.0,2026-07-30T07:43:47Z
STFR-4B987CE775C80EC3E6C6CEA4,BGFR-687960FAA025E2898D7C4545,TRACK_DISTANCE_SURFACE_CONDITION,SPORTSBET-BALLARAT,1000,,NOT_AVAILABLE_IN_SOURCE,TURF,AVAILABLE_BY_GOVERNED_SURFACE_RESOLVER,SOFT,AVAILABLE,MEDIAN_WINNER_RACE_TIME_SECONDS_RECOVERED_TIMING_MIN20,59.910000,105,56.940000,61.940000,20,AVAILABLE,687960faa025e2898d7c4545,931d1e3f55dffd2c30205fc2c1fc8666c9dfcc887156c69f957a54d7626107fd,ff1227ec071eb51637a707235d58cfed9ba31df60dbd821a52cac9d6f1954528,EDGEIQ_TIMING_WAREHOUSE_RECOVERY_V1,edgeiq_standard_time_recovered_v1.0.0,1.0.0,2026-07-30T07:43:47Z
STFR-9AA76F6745292B1390485F9B,BGFR-6BC568C494CDD85CE0F504E1,TRACK_DISTANCE_SURFACE_CONDITION,SPORTSBET-BALLARAT,1100,,NOT_AVAILABLE_IN_SOURCE,TURF,AVAILABLE_BY_GOVERNED_SURFACE_RESOLVER,GOOD,AVAILABLE,MEDIAN_WINNER_RACE_TIME_SECONDS_RECOVERED_TIMING_MIN20,64.770000,204,61.520000,67.560000,20,AVAILABLE,6bc568c494cdd85ce0f504e1,ad61067f6ae95e82dff379bfc7f56273fab2a1dbd87b483be4d77bee3e52637b,01d518b95bc9b90830cd4b130a2cbaba1ed83c515874037b0f0cf018ce0c6ec3,EDGEIQ_TIMING_WAREHOUSE_RECOVERY_V1,edgeiq_standard_time_recovered_v1.0.0,1.0.0,2026-07-30T07:43:47Z
STFR-33A593A32B53B40CA9D4671E,BGFR-08CE6453E7CEACFE72F29F61,TRACK_DISTANCE_SURFACE_CONDITION,SPORTSBET-BALLARAT,1100,,NOT_AVAILABLE_IN_SOURCE,TURF,AVAILABLE_BY_GOVERNED_SURFACE_RESOLVER,HEAVY,AVAILABLE,MEDIAN_WINNER_RACE_TIME_SECONDS_RECOVERED_TIMING_MIN20,68.250000,67,64.850000,71.810000,20,AVAILABLE,08ce6453e7ceacfe72f29f61,05a5a67d1c33e089cd35c87750fde9123d4a87e697c98ec5a7fc509a6a8917f9,a6502a147c3e417a2c55d390a62d38677e0f83c3a27ac0b60cf563d652637a4b,EDGEIQ_TIMING_WAREHOUSE_RECOVERY_V1,edgeiq_standard_time_recovered_v1.0.0,1.0.0,2026-07-30T07:43:47Z
STFR-C4658D706817F00DDF9EF312,BGFR-65D53D4A1D34CBBA4C40BC59,TRACK_DISTANCE_SURFACE_CONDITION,SPORTSBET-BALLARAT,1100,,NOT_AVAILABLE_IN_SOURCE,TURF,AVAILABLE_BY_GOVERNED_SURFACE_RESOLVER,SOFT,AVAILABLE,MEDIAN_WINNER_RACE_TIME_SECONDS_RECOVERED_TIMING_MIN20,65.900000,86,63.310000,68.980000,20,AVAILABLE,65d53d4a1d34cbba4c40bc59,ce59d173034e4a531173d9d85dd39613c577f4ba95af5cce42495cac3298e1c0,3c628026b0009dc337b470a724289ee314e8aa1e5328a081c63fc661fe74043f,EDGEIQ_TIMING_WAREHOUSE_RECOVERY_V1,edgeiq_standard_time_recovered_v1.0.0,1.0.0,2026-07-30T07:43:47Z
STFR-89C295D8DC62D66D6BD2DB19,BGFR-BED4492CF9E2C85AD7EB6F17,TRACK_DISTANCE_SURFACE_CONDITION,SPORTSBET-BALLARAT,1200,,NOT_AVAILABLE_IN_SOURCE,TURF,AVAILABLE_BY_GOVERNED_SURFACE_RESOLVER,GOOD,AVAILABLE,MEDIAN_WINNER_RACE_TIME_SECONDS_RECOVERED_TIMING_MIN20,71.490000,417,69.050000,74.920000,20,AVAILABLE,bed4492cf9e2c85ad7eb6f17,dedbf364e7b22597340b89eecfbbe9266506c90de42e9f5040cee7b0f3523d7d,ebf0fe2c244665e7342e5a9385870c8f405e038e3c43867c992bf0b8c8f02cb9,EDGEIQ_TIMING_WAREHOUSE_RECOVERY_V1,edgeiq_standard_time_recovered_v1.0.0,1.0.0,2026-07-30T07:43:47Z
STFR-3166EFD93730F07C5976A74A,BGFR-D9B4592D58DBDA86A1D09A3F,TRACK_DISTANCE_SURFACE_CONDITION,SPORTSBET-BALLARAT,1200,,NOT_AVAILABLE_IN_SOURCE,TURF,AVAILABLE_BY_GOVERNED_SURFACE_RESOLVER,HEAVY,AVAILABLE,MEDIAN_WINNER_RACE_TIME_SECONDS_RECOVERED_TIMING_MIN20,76.000000,168,71.360000,83.140000,20,AVAILABLE,d9b4592d58dbda86a1d09a3f,fb463ea053fb6ff4b63fcfcb955cd836b64e2d6b69d5180555fb99154e9a3a1b,9ad2521e99965c9c4644d6e88aa5cd2aa25247b6573a1293065b52aee88ab9cd,EDGEIQ_TIMING_WAREHOUSE_RECOVERY_V1,edgeiq_standard_time_recovered_v1.0.0,1.0.0,2026-07-30T07:43:47Z
STFR-61802EFBA7BEEC1B06A8D525,BGFR-FC0FC3EB29B641ECC9F04F5E,TRACK_DISTANCE_SURFACE_CONDITION,SPORTSBET-BALLARAT,1200,,NOT_AVAILABLE_IN_SOURCE,TURF,AVAILABLE_BY_GOVERNED_SURFACE_RESOLVER,SOFT,AVAILABLE,MEDIAN_WINNER_RACE_TIME_SECONDS_RECOVERED_TIMING_MIN20,72.900000,202,68.940000,77.960000,20,AVAILABLE,fc0fc3eb29b641ecc9f04f5e,8ecb86033abb55cc9ff358c1ed0e08cf41e080aa504efcb463fec9308b79621b,b630002196e60aab928738167ccc61f4deec098c95275f12c2be6c613d57aa91,EDGEIQ_TIMING_WAREHOUSE_RECOVERY_V1,edgeiq_standard_time_recovered_v1.0.0,1.0.0,2026-07-30T07:43:47Z
STFR-7B56CE911C94AFC922F43BAE,BGFR-23DFE83E065F8B4637823029,TRACK_DISTANCE_SURFACE_CONDITION,SPORTSBET-BALLARAT,1400,,NOT_AVAILABLE_IN_SOURCE,TURF,AVAILABLE_BY_GOVERNED_SURFACE_RESOLVER,GOOD,AVAILABLE,MEDIAN_WINNER_RACE_TIME_SECONDS_RECOVERED_TIMING_MIN20,85.760000,388,81.640000,88.830000,20,AVAILABLE,23dfe83e065f8b4637823029,9dfe2853aa133cd15a0ebdc365ae51c02809ea786a0e5faa1f386032fbb762d1,e791326955ab4bf5af4dca76dbf4190973585ba04312518d50c16a1762b015e1,EDGEIQ_TIMING_WAREHOUSE_RECOVERY_V1,edgeiq_standard_time_recovered_v1.0.0,1.0.0,2026-07-30T07:43:47Z
STFR-805F9C47DD7ECE6F45F33D24,BGFR-F44ABA9C83847F7200510236,TRACK_DISTANCE_SURFACE_CONDITION,SPORTSBET-BALLARAT,1400,,NOT_AVAILABLE_IN_SOURCE,TURF,AVAILABLE_BY_GOVERNED_SURFACE_RESOLVER,HEAVY,AVAILABLE,MEDIAN_WINNER_RACE_TIME_SECONDS_RECOVERED_TIMING_MIN20,90.730000,159,85.900000,96.890000,20,AVAILABLE,f44aba9c83847f7200510236,0c2011517d03eecd226bbefb453b12694ea67d06c87ee91673137c74def578e7,b2a5db49c7f6c930647dc5a1f8c7311fde5ae557bb9b84d99df1fe7b30a80099,EDGEIQ_TIMING_WAREHOUSE_RECOVERY_V1,edgeiq_standard_time_recovered_v1.0.0,1.0.0,2026-07-30T07:43:47Z
STFR-D0AB49BCD6D1184447E1D895,BGFR-2A9ED83827B8709D7AA79F37,TRACK_DISTANCE_SURFACE_CONDITION,SPORTSBET-BALLARAT,1400,,NOT_AVAILABLE_IN_SOURCE,TURF,AVAILABLE_BY_GOVERNED_SURFACE_RESOLVER,SOFT,AVAILABLE,MEDIAN_WINNER_RACE_TIME_SECONDS_RECOVERED_TIMING_MIN20,87.310000,206,83.370000,90.960000,20,AVAILABLE,2a9ed83827b8709d7aa79f37,cb9792ff5c8c3b9da64121452593dd058a1880f0fb3e01b2d6321452b13bddff,de73feeff024a7cb29c5fb2bd68fea6e530b8faf8822ea8c55f3aef072a4bfea,EDGEIQ_TIMING_WAREHOUSE_RECOVERY_V1,edgeiq_standard_time_recovered_v1.0.0,1.0.0,2026-07-30T07:43:47Z
STFR-EA01B87E1BCF91DB636EEDEF,BGFR-CA8D46CF6E4C2AA091DFE4D9,TRACK_DISTANCE_SURFACE_CONDITION,SPORTSBET-BALLARAT,1500,,NOT_AVAILABLE_IN_SOURCE,TURF,AVAILABLE_BY_GOVERNED_SURFACE_RESOLVER,GOOD,AVAILABLE,MEDIAN_WINNER_RACE_TIME_SECONDS_RECOVERED_TIMING_MIN20,92.780000,53,90.500000,95.380000,20,AVAILABLE,ca8d46cf6e4c2aa091dfe4d9,6e3eabea14527bc5454c5ae2736d4d444f8883506d174f76391a94a7e0e9bc4c,625a57f477c04ae63829ec6282bf535401309e764811388d39dc186e8b8cacf6,EDGEIQ_TIMING_WAREHOUSE_RECOVERY_V1,edgeiq_standard_time_recovered_v1.0.0,1.0.0,2026-07-30T07:43:47Z
STFR-224FF0F377EB331AFE84F0B6,BGFR-E631D2F6EB524D4C45D6F40F,TRACK_DISTANCE_SURFACE_CONDITION,SPORTSBET-BALLARAT,1500,,NOT_AVAILABLE_IN_SOURCE,TURF,AVAILABLE_BY_GOVERNED_SURFACE_RESOLVER,HEAVY,AVAILABLE,MEDIAN_WINNER_RACE_TIME_SECONDS_RECOVERED_TIMING_MIN20,98.280000,28,93.790000,101.350000,20,AVAILABLE,e631d2f6eb524d4c45d6f40f,2ef52061482830ee70ef5e48d4ef494043654e1feab011e8b751e17860e26fda,80911cf73d27a23aa67bf2c947de26267859380324bd7f4db3a47a77cc57d4c4,EDGEIQ_TIMING_WAREHOUSE_RECOVERY_V1,edgeiq_standard_time_recovered_v1.0.0,1.0.0,2026-07-30T07:43:47Z
STFR-D1BBA232A09D11883DCF2B84,BGFR-B7274F79942B9D3EB53C0664,TRACK_DISTANCE_SURFACE_CONDITION,SPORTSBET-BALLARAT,1500,,NOT_AVAILABLE_IN_SOURCE,TURF,AVAILABLE_BY_GOVERNED_SURFACE_RESOLVER,SOFT,AVAILABLE,MEDIAN_WINNER_RACE_TIME_SECONDS_RECOVERED_TIMING_MIN20,94.375000,38,91.890000,99.180000,20,AVAILABLE,b7274f79942b9d3eb53c0664,2cf1ab71010d3aa3c335e30bc5d5348d0851a17b570e5f36f5711e741ab27af9,71dff9dc4d8fe3b9c23cbc5075d929feb64c8a192f58e75f4060c133f01de13b,EDGEIQ_TIMING_WAREHOUSE_RECOVERY_V1,edgeiq_standard_time_recovered_v1.0.0,1.0.0,2026-07-30T07:43:47Z
STFR-1DC02AEA23F94DD4CEDDDA7D,BGFR-2D512755F3D45692C87636FB,TRACK_DISTANCE_SURFACE_CONDITION,SPORTSBET-BALLARAT,1600,,NOT_AVAILABLE_IN_SOURCE,TURF,AVAILABLE_BY_GOVERNED_SURFACE_RESOLVER,GOOD,AVAILABLE,MEDIAN_WINNER_RACE_TIME_SECONDS_RECOVERED_TIMING_MIN20,99.825000,342,96.760000,103.600000,20,AVAILABLE,2d512755f3d45692c87636fb,a2774b754875f3d27b883fc1bda351bbc86e27b8d9bd545fe173c283bb17d142,a4d0075b743105a53d0d5144651d06db1c3c66f9f4ad8a238e0d4b2cef14d014,EDGEIQ_TIMING_WAREHOUSE_RECOVERY_V1,edgeiq_standard_time_recovered_v1.0.0,1.0.0,2026-07-30T07:43:47Z
STFR-B27AD30CDF3FA5AFC3FC0E27,BGFR-67B895DC7CE0386840DC5261,TRACK_DISTANCE_SURFACE_CONDITION,SPORTSBET-BALLARAT,1600,,NOT_AVAILABLE_IN_SOURCE,TURF,AVAILABLE_BY_GOVERNED_SURFACE_RESOLVER,HEAVY,AVAILABLE,MEDIAN_WINNER_RACE_TIME_SECONDS_RECOVERED_TIMING_MIN20,105.500000,114,99.490000,113.590000,20,AVAILABLE,67b895dc7ce0386840dc5261,3af8b7d126d112ff91678b2be035e0d4e31d8cfecea7a79c2838eef29bab060f,9b2ee8d02ab36a02b55c51cbaeb2a40029dd0789401e4c5dd05bd542c7f3f814,EDGEIQ_TIMING_WAREHOUSE_RECOVERY_V1,edgeiq_standard_time_recovered_v1.0.0,1.0.0,2026-07-30T07:43:47Z
STFR-41074BCA3A4DF6C88F065681,BGFR-D200C6460FFC3404DE09CB2D,TRACK_DISTANCE_SURFACE_CONDITION,SPORTSBET-BALLARAT,1600,,NOT_AVAILABLE_IN_SOURCE,TURF,AVAILABLE_BY_GOVERNED_SURFACE_RESOLVER,SOFT,AVAILABLE,MEDIAN_WINNER_RACE_TIME_SECONDS_RECOVERED_TIMING_MIN20,101.455000,168,96.600000,106.840000,20,AVAILABLE,d200c6460ffc3404de09cb2d,6690563137a4d6caa826011cb34085c0d35da59b4f1deb7f2233bb4d066278fb,73474edcdaccc2e291fae4910016176fc52fafcdef1641eee3d4a008f59b7365,EDGEIQ_TIMING_WAREHOUSE_RECOVERY_V1,edgeiq_standard_time_recovered_v1.0.0,1.0.0,2026-07-30T07:43:47Z
STFR-2112BACECD47500551052C81,BGFR-39D078D90318229D84287C41,TRACK_DISTANCE_SURFACE_CONDITION,SPORTSBET-BALLARAT,2000,,NOT_AVAILABLE_IN_SOURCE,TURF,AVAILABLE_BY_GOVERNED_SURFACE_RESOLVER,GOOD,AVAILABLE,MEDIAN_WINNER_RACE_TIME_SECONDS_RECOVERED_TIMING_MIN20,125.605000,100,121.130000,129.290000,20,AVAILABLE,39d078d90318229d84287c41,2dceeaa6d41c960ea79487ea3dcab1aa7409d3ac000c0715ac64bdf7f4d8af04,797178af577a1c1879959e0951794640eeab92d61cdcdd07003838745aa4d88c,EDGEIQ_TIMING_WAREHOUSE_RECOVERY_V1,edgeiq_standard_time_recovered_v1.0.0,1.0.0,2026-07-30T07:43:47Z
STFR-B7C5BF2BEDBE358F067DA8CA,BGFR-99A7B1F17DDB57D6F17FC1B6,TRACK_DISTANCE_SURFACE_CONDITION,SPORTSBET-BALLARAT,2000,,NOT_AVAILABLE_IN_SOURCE,TURF,AVAILABLE_BY_GOVERNED_SURFACE_RESOLVER,HEAVY,AVAILABLE,MEDIAN_WINNER_RACE_TIME_SECONDS_RECOVERED_TIMING_MIN20,131.690000,40,127.660000,138.260000,20,AVAILABLE,99a7b1f17ddb57d6f17fc1b6,70b1f51dc41b7cdb8de170b2855638b5930e105834c4c4e55e974e66641a3269,1950a17aaeb234473e7f8d65751ca67c2af5d8ed50a114259e9e016de0710c38,EDGEIQ_TIMING_WAREHOUSE_RECOVERY_V1,edgeiq_standard_time_recovered_v1.0.0,1.0.0,2026-07-30T07:43:47Z
STFR-11BC0DCDA2238FF2F79B2697,BGFR-9D99EE56805D9291C46D9EBC,TRACK_DISTANCE_SURFACE_CONDITION,SPORTSBET-BALLARAT,2000,,NOT_AVAILABLE_IN_SOURCE,TURF,AVAILABLE_BY_GOVERNED_SURFACE_RESOLVER,SOFT,AVAILABLE,MEDIAN_WINNER_RACE_TIME_SECONDS_RECOVERED_TIMING_MIN20,127.840000,58,122.580000,135.160000,20,AVAILABLE,9d99ee56805d9291c46d9ebc,cea6e69b6b5bc2a658c2905457efc7814c7063b251c7f099708af864009e1414,8bedc266b8b4a3bdf68c2e0b4235cef9d1dd63cb32b3ac9a2e706028d38d8683,EDGEIQ_TIMING_WAREHOUSE_RECOVERY_V1,edgeiq_standard_time_recovered_v1.0.0,1.0.0,2026-07-30T07:43:47Z
STFR-5BC28B0527180C268B14E09E,BGFR-9D6A6DEC75FCBF6445E4E0CA,TRACK_DISTANCE_SURFACE_CONDITION,SPORTSBET-BALLARAT,2200,,NOT_AVAILABLE_IN_SOURCE,TURF,AVAILABLE_BY_GOVERNED_SURFACE_RESOLVER,GOOD,AVAILABLE,MEDIAN_WINNER_RACE_TIME_SECONDS_RECOVERED_TIMING_MIN20,138.170000,78,134.000000,144.200000,20,AVAILABLE,9d6a6dec75fcbf6445e4e0ca,8420139209a0a412e2e018210c6d0aac8d0eceea3ec340ec20b706d6cb508e3e,6bdd1743012d62b8a9d39b28064473e7f75c2ed18e814bf8879231566efad661,EDGEIQ_TIMING_WAREHOUSE_RECOVERY_V1,edgeiq_standard_time_recovered_v1.0.0,1.0.0,2026-07-30T07:43:47Z
STFR-592BCFFCFF8BB827791BB59E,BGFR-05A2640A912A461FD8671DB9,TRACK_DISTANCE_SURFACE_CONDITION,SPORTSBET-BALLARAT,2200,,NOT_AVAILABLE_IN_SOURCE,TURF,AVAILABLE_BY_GOVERNED_SURFACE_RESOLVER,HEAVY,AVAILABLE,MEDIAN_WINNER_RACE_TIME_SECONDS_RECOVERED_TIMING_MIN20,147.230000,34,141.410000,161.620000,20,AVAILABLE,05a2640a912a461fd8671db9,f1c6bab26778de3bda035e39d76f3e760a244f73f701af539b4780d2c7b5b082,a42347955f3190a8158abe5f0385b02e3b102fd8974e0ad9d8d0508253159283,EDGEIQ_TIMING_WAREHOUSE_RECOVERY_V1,edgeiq_standard_time_recovered_v1.0.0,1.0.0,2026-07-30T07:43:47Z
STFR-BE686FEECBF9A262D120BB49,BGFR-8B53851271B3F2B98B8FC9CF,TRACK_DISTANCE_SURFACE_CONDITION,SPORTSBET-BALLARAT,2200,,NOT_AVAILABLE_IN_SOURCE,TURF,AVAILABLE_BY_GOVERNED_SURFACE_RESOLVER,SOFT,AVAILABLE,MEDIAN_WINNER_RACE_TIME_SECONDS_RECOVERED_TIMING_MIN20,142.375000,34,137.230000,147.710000,20,AVAILABLE,8b53851271b3f2b98b8fc9cf,cae5273f3cb9acc084dfe72a894cf15895f8c75ceea35fe8e5a76367a3492c06,68c1e7226857cf4b831eb49f2fe915566899c6f563fc0e066713e3d4b15f6987,EDGEIQ_TIMING_WAREHOUSE_RECOVERY_V1,edgeiq_standard_time_recovered_v1.0.0,1.0.0,2026-07-30T07:43:47Z
STFR-10F6ACB110D57B1BA2593D78,BGFR-F2970A27930C4FA41101A5F1,TRACK_DISTANCE_SURFACE_CONDITION,SPORTSBET-BALLARAT,2300,,NOT_AVAILABLE_IN_SOURCE,TURF,AVAILABLE_BY_GOVERNED_SURFACE_RESOLVER,GOOD,AVAILABLE,MEDIAN_WINNER_RACE_TIME_SECONDS_RECOVERED_TIMING_MIN20,147.000000,22,142.620000,154.620000,20,AVAILABLE,f2970a27930c4fa41101a5f1,561607f8f0118127273f9e703163e4638864c9a7782d97c1878ef5c45bb67e38,6f4815de08b86cdd40dc26b5c7f7e1456ffc7f74cbbed2f99d4a913e0bada3b6,EDGEIQ_TIMING_WAREHOUSE_RECOVERY_V1,edgeiq_standard_time_recovered_v1.0.0,1.0.0,2026-07-30T07:43:47Z
STFR-A15A49676BF8F489A4CAC0E5,BGFR-AAC91EBA8BFD74B38F71521E,TRACK_DISTANCE_SURFACE_CONDITION,SPORTSBET-BALLARAT,3200,,NOT_AVAILABLE_IN_SOURCE,TURF,AVAILABLE_BY_GOVERNED_SURFACE_RESOLVER,HEAVY,AVAILABLE,MEDIAN_WINNER_RACE_TIME_SECONDS_RECOVERED_TIMING_MIN20,234.550000,25,223.740000,251.780000,20,AVAILABLE,aac91eba8bfd74b38f71521e,08866333f935d474a90f54d474162460b83707befe652c9e38ac81bfc9328a9d,b809d0741020a7a0a3ab0c4eb6088f2e8ce6af62576c6d01e376c349e51f88f3,EDGEIQ_TIMING_WAREHOUSE_RECOVERY_V1,edgeiq_standard_time_recovered_v1.0.0,1.0.0,2026-07-30T07:43:47Z
STFR-3A7AFCEE82C536F7ED2D14ED,BGFR-A453484E9BDFC8946FC98C1E,TRACK_DISTANCE_SURFACE_CONDITION,SPORTSBET-BALLARAT,900,,NOT_AVAILABLE_IN_SOURCE,TURF,AVAILABLE_BY_GOVERNED_SURFACE_RESOLVER,UNKNOWN,AVAILABLE,MEDIAN_WINNER_RACE_TIME_SECONDS_RECOVERED_TIMING_MIN20,53.685000,22,51.870000,55.560000,20,AVAILABLE,a453484e9bdfc8946fc98c1e,8657800e0eebe37ad1002374ef391a6c278b7ab34eeee6d093f495d1dbfd4f1d,247915321f5528d63c9856d3159cb29f4deb8889e3d4559181aabe3d6aa34e71,EDGEIQ_TIMING_WAREHOUSE_RECOVERY_V1,edgeiq_standard_time_recovered_v1.0.0,1.0.0,2026-07-30T07:43:47Z
STFR-23A3B368798845E4AAA56DB2,BGFR-2443382C9D3F455CDE7BF801,TRACK_DISTANCE_SURFACE_CONDITION,SPORTSBET-BALLARAT SYNTHETIC,1000,,NOT_AVAILABLE_IN_SOURCE,AUSTRALIAN_SYNTHETIC,AVAILABLE_BY_GOVERNED_SURFACE_RESOLVER,STANDARD_SYNTHETIC,AVAILABLE,MEDIAN_WINNER_RACE_TIME_SECONDS_RECOVERED_TIMING_MIN20,59.240000,59,58.020000,61.080000,20,AVAILABLE,2443382c9d3f455cde7bf801,2888335aa3963f9209b1148488e7cba1f97fdf3485261d8521ee37d8081ef40f,7e2b98f3f09285cff428c3eaf32b41b69742906cf8003314988bd9b1de730826,EDGEIQ_TIMING_WAREHOUSE_RECOVERY_V1,edgeiq_standard_time_recovered_v1.0.0,1.0.0,2026-07-30T07:43:47Z
STFR-6E987954DDBA8DE610EB33C6,BGFR-22243BC71596FF4351943467,TRACK_DISTANCE_SURFACE_CONDITION,SPORTSBET-BALLARAT SYNTHETIC,1000,,NOT_AVAILABLE_IN_SOURCE,AUSTRALIAN_SYNTHETIC,AVAILABLE_BY_GOVERNED_SURFACE_RESOLVER,UNKNOWN,AVAILABLE,MEDIAN_WINNER_RACE_TIME_SECONDS_RECOVERED_TIMING_MIN20,59.340000,79,57.930000,60.890000,20,AVAILABLE,22243bc71596ff4351943467,4b72f988f45a2f6baa9b9a4fa5fec28e685aaab1b80f9000d6f2cc1cd6a7ea30,da7461f9e67ca0b58154e3dded8f1cf97ce56b3bb8f7f687b28eaf96e6916d98,EDGEIQ_TIMING_WAREHOUSE_RECOVERY_V1,edgeiq_standard_time_recovered_v1.0.0,1.0.0,2026-07-30T07:43:47Z
STFR-D504B909459D971FFB4FCE14,BGFR-89F7A29D4189C53723B2D0F3,TRACK_DISTANCE_SURFACE_CONDITION,SPORTSBET-BALLARAT SYNTHETIC,1100,,NOT_AVAILABLE_IN_SOURCE,AUSTRALIAN_SYNTHETIC,AVAILABLE_BY_GOVERNED_SURFACE_RESOLVER,STANDARD_SYNTHETIC,AVAILABLE,MEDIAN_WINNER_RACE_TIME_SECONDS_RECOVERED_TIMING_MIN20,65.650000,35,64.490000,67.510000,20,AVAILABLE,89f7a29d4189c53723b2d0f3,45ad6b4712505db1e24fea1495edb85436184e03bf7aedea8104ade4a0d714ac,b911a315958a095bbcd82d12d3a95e64983eada53bdab4c782845fb266febcd0,EDGEIQ_TIMING_WAREHOUSE_RECOVERY_V1,edgeiq_standard_time_recovered_v1.0.0,1.0.0,2026-07-30T07:43:47Z
STFR-5AF1B11F638A171AF78CFB3E,BGFR-6290FF44EB07B4E1D8F2E504,TRACK_DISTANCE_SURFACE_CONDITION,SPORTSBET-BALLARAT SYNTHETIC,1100,,NOT_AVAILABLE_IN_SOURCE,AUSTRALIAN_SYNTHETIC,AVAILABLE_BY_GOVERNED_SURFACE_RESOLVER,UNKNOWN,AVAILABLE,MEDIAN_WINNER_RACE_TIME_SECONDS_RECOVERED_TIMING_MIN20,65.805000,60,64.250000,67.800000,20,AVAILABLE,6290ff44eb07b4e1d8f2e504,6de82be3bf818accfc3a4bddbd2b5f644c7a963eace30a5e4578ea3696380963,5c1c5e859c13fb9bc0da53a487cb6a36ed30434fd8d47cab9d435f935b997c7d,EDGEIQ_TIMING_WAREHOUSE_RECOVERY_V1,edgeiq_standard_time_recovered_v1.0.0,1.0.0,2026-07-30T07:43:47Z
STFR-93F4D299C87790485D1721B1,BGFR-FAF82878EF6ED765ED036BA6,TRACK_DISTANCE_SURFACE_CONDITION,SPORTSBET-BALLARAT SYNTHETIC,1200,,NOT_AVAILABLE_IN_SOURCE,AUSTRALIAN_SYNTHETIC,AVAILABLE_BY_GOVERNED_SURFACE_RESOLVER,STANDARD_SYNTHETIC,AVAILABLE,MEDIAN_WINNER_RACE_TIME_SECONDS_RECOVERED_TIMING_MIN20,72.370000,75,70.570000,74.480000,20,AVAILABLE,faf82878ef6ed765ed036ba6,60dc8766fbb057a65540b5f8046037c9701b31c44192c1aae8acb88ca87874f6,e08898ef952a316b7ffe313bd2f0d8688e8228d6b23bb9318d948814872dc669,EDGEIQ_TIMING_WAREHOUSE_RECOVERY_V1,edgeiq_standard_time_recovered_v1.0.0,1.0.0,2026-07-30T07:43:47Z
STFR-CA2A9E5D22A97BA7678E697E,BGFR-213824AF67D830D3AF6C4D38,TRACK_DISTANCE_SURFACE_CONDITION,SPORTSBET-BALLARAT SYNTHETIC,1200,,NOT_AVAILABLE_IN_SOURCE,AUSTRALIAN_SYNTHETIC,AVAILABLE_BY_GOVERNED_SURFACE_RESOLVER,UNKNOWN,AVAILABLE,MEDIAN_WINNER_RACE_TIME_SECONDS_RECOVERED_TIMING_MIN20,72.815000,148,71.120000,75.530000,20,AVAILABLE,213824af67d830d3af6c4d38,1881ff26a8d4f6462658235681b167b5e62c33b86a043c6089196d91debc00fa,d22e5e6bc0468a656ab7f38919ffc119c88cd7e88ee092bfccdd7654b397a0a5,EDGEIQ_TIMING_WAREHOUSE_RECOVERY_V1,edgeiq_standard_time_recovered_v1.0.0,1.0.0,2026-07-30T07:43:47Z
STFR-2FFD4815D87105423D4D1888,BGFR-295B543D1C46418301255A21,TRACK_DISTANCE_SURFACE_CONDITION,SPORTSBET-BALLARAT SYNTHETIC,1400,,NOT_AVAILABLE_IN_SOURCE,AUSTRALIAN_SYNTHETIC,AVAILABLE_BY_GOVERNED_SURFACE_RESOLVER,STANDARD_SYNTHETIC,AVAILABLE,MEDIAN_WINNER_RACE_TIME_SECONDS_RECOVERED_TIMING_MIN20,85.530000,53,82.730000,87.130000,20,AVAILABLE,295b543d1c46418301255a21,4015fcf58533099264b41820f9021a69e97508536aed316d6176e2d80d2a5f8f,23d17901efe5f346152f12350f88ba28fda4b37dfa5bb179c52f4aba13345970,EDGEIQ_TIMING_WAREHOUSE_RECOVERY_V1,edgeiq_standard_time_recovered_v1.0.0,1.0.0,2026-07-30T07:43:47Z
STFR-7DC11130F707A786E6F880F3,BGFR-FDBB2FA26AF8E4048FE11F83,TRACK_DISTANCE_SURFACE_CONDITION,SPORTSBET-BALLARAT SYNTHETIC,1400,,NOT_AVAILABLE_IN_SOURCE,AUSTRALIAN_SYNTHETIC,AVAILABLE_BY_GOVERNED_SURFACE_RESOLVER,UNKNOWN,AVAILABLE,MEDIAN_WINNER_RACE_TIME_SECONDS_RECOVERED_TIMING_MIN20,85.685000,114,83.440000,88.990000,20,AVAILABLE,fdbb2fa26af8e4048fe11f83,f79fcce8edb4179f7955e22512bb7a4371251e42009ba9871ad837b5b572281c,86e7dd9cfb80030c17896a4f2823f7feda6640e548790dc7661780dbcdd75f4c,EDGEIQ_TIMING_WAREHOUSE_RECOVERY_V1,edgeiq_standard_time_recovered_v1.0.0,1.0.0,2026-07-30T07:43:47Z
STFR-082960B58239E30B9DFE21C6,BGFR-FD147E7E0693C36891D1702D,TRACK_DISTANCE_SURFACE_CONDITION,SPORTSBET-BALLARAT SYNTHETIC,1500,,NOT_AVAILABLE_IN_SOURCE,AUSTRALIAN_SYNTHETIC,AVAILABLE_BY_GOVERNED_SURFACE_RESOLVER,STANDARD_SYNTHETIC,AVAILABLE,MEDIAN_WINNER_RACE_TIME_SECONDS_RECOVERED_TIMING_MIN20,91.550000,52,90.100000,93.400000,20,AVAILABLE,fd147e7e0693c36891d1702d,472855527f9233db63e8691d8d78ad4d0bfb9bb6c9ed0afac6e38c80e3a641e4,5bd87bea818d976a87d56e0bb8ddbe62fee6986c0212457eb4445f1bf3e6d2cd,EDGEIQ_TIMING_WAREHOUSE_RECOVERY_V1,edgeiq_standard_time_recovered_v1.0.0,1.0.0,2026-07-30T07:43:47Z
STFR-3C0525CE1D847D47BBE75409,BGFR-D13DAA78FA36F4E299D8DF7B,TRACK_DISTANCE_SURFACE_CONDITION,SPORTSBET-BALLARAT SYNTHETIC,1500,,NOT_AVAILABLE_IN_SOURCE,AUSTRALIAN_SYNTHETIC,AVAILABLE_BY_GOVERNED_SURFACE_RESOLVER,UNKNOWN,AVAILABLE,MEDIAN_WINNER_RACE_TIME_SECONDS_RECOVERED_TIMING_MIN20,92.390000,99,90.230000,95.100000,20,AVAILABLE,d13daa78fa36f4e299d8df7b,e0ec3651a763e74c11d5f687f5f723aa2a9914f808e92045ff1d50c3fbfd6c4b,960ddbeb77c0074f19a6d3eb7d9e12839bef68fb78d74fecbd85ec20ca7bd58a,EDGEIQ_TIMING_WAREHOUSE_RECOVERY_V1,edgeiq_standard_time_recovered_v1.0.0,1.0.0,2026-07-30T07:43:47Z
STFR-32401BB243A62BC26E97576B,BGFR-78107FD69CD6F32F3BA06523,TRACK_DISTANCE_SURFACE_CONDITION,SPORTSBET-BALLARAT SYNTHETIC,2100,,NOT_AVAILABLE_IN_SOURCE,AUSTRALIAN_SYNTHETIC,AVAILABLE_BY_GOVERNED_SURFACE_RESOLVER,STANDARD_SYNTHETIC,AVAILABLE,MEDIAN_WINNER_RACE_TIME_SECONDS_RECOVERED_TIMING_MIN20,131.575000,28,129.050000,135.070000,20,AVAILABLE,78107fd69cd6f32f3ba06523,ff9c64f42aea459086581b2d3487e32051d441ec170045b646aba9f2c1e00f85,cf2b4bcb643e9bd22db23ff098e15967c96fb908c727deef352f9a18335a9161,EDGEIQ_TIMING_WAREHOUSE_RECOVERY_V1,edgeiq_standard_time_recovered_v1.0.0,1.0.0,2026-07-30T07:43:47Z
STFR-51071A5AD8B0169E7D700412,BGFR-1CC079F3998BFB7FCD757958,TRACK_DISTANCE_SURFACE_CONDITION,SPORTSBET-BALLARAT SYNTHETIC,2100,,NOT_AVAILABLE_IN_SOURCE,AUSTRALIAN_SYNTHETIC,AVAILABLE_BY_GOVERNED_SURFACE_RESOLVER,UNKNOWN,AVAILABLE,MEDIAN_WINNER_RACE_TIME_SECONDS_RECOVERED_TIMING_MIN20,132.405000,46,129.670000,137.770000,20,AVAILABLE,1cc079f3998bfb7fcd757958,7966b4bdb47f27fe0ab75fa87ddc2201595a86250c3069fcc68d3b8dbf37360b,4c33873cd950c7eb70c6f9cc163495c94102bdd4294e93307946fe563ca5932c,EDGEIQ_TIMING_WAREHOUSE_RECOVERY_V1,edgeiq_standard_time_recovered_v1.0.0,1.0.0,2026-07-30T07:43:47Z
STFR-C67306000544DBBF4D190F6C,BGFR-BE8B19DB7AE088933D455DF8,TRACK_DISTANCE_SURFACE_CONDITION,SPORTSBET-PAKENHAM,1000,,NOT_AVAILABLE_IN_SOURCE,TURF,AVAILABLE_BY_GOVERNED_SURFACE_RESOLVER,GOOD,AVAILABLE,MEDIAN_WINNER_RACE_TIME_SECONDS_RECOVERED_TIMING_MIN20,57.940000,45,56.410000,59.150000,20,AVAILABLE,be8b19db7ae088933d455df8,0ec939642b7f5c5231ebae4129b12994c83c58d37f88909da6fea9c211b9543f,b4d9d21f5922be5967fd3f6bf6b854a74cace2b2fba50b03845b4cd5f969a916,EDGEIQ_TIMING_WAREHOUSE_RECOVERY_V1,edgeiq_standard_time_recovered_v1.0.0,1.0.0,2026-07-30T07:43:47Z
STFR-140B57ECFFCC5F1AEC49ADBD,BGFR-63A06B329FDE339682373A07,TRACK_DISTANCE_SURFACE_CONDITION,SPORTSBET-PAKENHAM,1200,,NOT_AVAILABLE_IN_SOURCE,TURF,AVAILABLE_BY_GOVERNED_SURFACE_RESOLVER,GOOD,AVAILABLE,MEDIAN_WINNER_RACE_TIME_SECONDS_RECOVERED_TIMING_MIN20,71.070000,141,68.710000,74.000000,20,AVAILABLE,63a06b329fde339682373a07,8ea9d5b1c6b67edb2ea2f72ca230b827a2d55ca53674957cdc31cfb02852ad6b,9e45c26dbebd2fa533b12654d570dcf0a44d2a16e70ecfd90dab3260435cae4e,EDGEIQ_TIMING_WAREHOUSE_RECOVERY_V1,edgeiq_standard_time_recovered_v1.0.0,1.0.0,2026-07-30T07:43:47Z
STFR-1A75FBC5A8C429F40AB0909E,BGFR-E3EAF26BA23A625199A3E0BA,TRACK_DISTANCE_SURFACE_CONDITION,SPORTSBET-PAKENHAM,1200,,NOT_AVAILABLE_IN_SOURCE,TURF,AVAILABLE_BY_GOVERNED_SURFACE_RESOLVER,SOFT,AVAILABLE,MEDIAN_WINNER_RACE_TIME_SECONDS_RECOVERED_TIMING_MIN20,72.915000,104,69.760000,75.770000,20,AVAILABLE,e3eaf26ba23a625199a3e0ba,06dc184e42614434013a628725b319d4db60f6ae512f0bb9575aa65414db2427,ccadab4706492a2b02525678f8072b124372a7d0b65a25ab275e74f1b492a264,EDGEIQ_TIMING_WAREHOUSE_RECOVERY_V1,edgeiq_standard_time_recovered_v1.0.0,1.0.0,2026-07-30T07:43:47Z
STFR-2AD2A479710A4C0E7F815DE6,BGFR-D4E82392CA7A32DB69AC114E,TRACK_DISTANCE_SURFACE_CONDITION,SPORTSBET-PAKENHAM,1400,,NOT_AVAILABLE_IN_SOURCE,TURF,AVAILABLE_BY_GOVERNED_SURFACE_RESOLVER,GOOD,AVAILABLE,MEDIAN_WINNER_RACE_TIME_SECONDS_RECOVERED_TIMING_MIN20,85.510000,167,83.300000,88.030000,20,AVAILABLE,d4e82392ca7a32db69ac114e,04e878641deeaea1c6ce040a3e1d4cd48fb5f07bf7abb9c04aab6bb31b44bfa6,fad7285a4d059d941948e88c17b7546f160137d056b3403290e51b33198ee383,EDGEIQ_TIMING_WAREHOUSE_RECOVERY_V1,edgeiq_standard_time_recovered_v1.0.0,1.0.0,2026-07-30T07:43:47Z
STFR-FA2C041EFE374472B699E0A0,BGFR-3D1B2799C1A4C505A6EE3ADD,TRACK_DISTANCE_SURFACE_CONDITION,SPORTSBET-PAKENHAM,1400,,NOT_AVAILABLE_IN_SOURCE,TURF,AVAILABLE_BY_GOVERNED_SURFACE_RESOLVER,SOFT,AVAILABLE,MEDIAN_WINNER_RACE_TIME_SECONDS_RECOVERED_TIMING_MIN20,86.800000,89,84.520000,88.890000,20,AVAILABLE,3d1b2799c1a4c505a6ee3add,867903a71bb43e821455668b2e9cee8ccf04895f77d9bd815f9c8e7b63401aa0,5f29a00ac4a8b499bb2973ce42aea41b0449d5dadc01a33a657fdc56191006ee,EDGEIQ_TIMING_WAREHOUSE_RECOVERY_V1,edgeiq_standard_time_recovered_v1.0.0,1.0.0,2026-07-30T07:43:47Z
STFR-A46E032F980ADDCEA507B326,BGFR-2EC87734526B12430E2E3E7C,TRACK_DISTANCE_SURFACE_CONDITION,SPORTSBET-PAKENHAM,1600,,NOT_AVAILABLE_IN_SOURCE,TURF,AVAILABLE_BY_GOVERNED_SURFACE_RESOLVER,GOOD,AVAILABLE,MEDIAN_WINNER_RACE_TIME_SECONDS_RECOVERED_TIMING_MIN20,99.400000,117,97.440000,102.480000,20,AVAILABLE,2ec87734526b12430e2e3e7c,9bdb6e21e2be5fb9ab54160ec8c597014960cd74703ba1feb71a268bf845e934,4c74fefd2f2cf20c6c5394e3b27fa281cad860ac070683a44d398fbf7404810a,EDGEIQ_TIMING_WAREHOUSE_RECOVERY_V1,edgeiq_standard_time_recovered_v1.0.0,1.0.0,2026-07-30T07:43:47Z
STFR-3C29406A1C54C10D637E3C4E,BGFR-680C8690A2E3493C25DB9450,TRACK_DISTANCE_SURFACE_CONDITION,SPORTSBET-PAKENHAM,1600,,NOT_AVAILABLE_IN_SOURCE,TURF,AVAILABLE_BY_GOVERNED_SURFACE_RESOLVER,SOFT,AVAILABLE,MEDIAN_WINNER_RACE_TIME_SECONDS_RECOVERED_TIMING_MIN20,100.880000,69,97.530000,103.690000,20,AVAILABLE,680c8690a2e3493c25db9450,df5db79d58874606115db9c8616387122ada6dce8aa1ad72d2ead5ef3717fb2b,6bc979d61dd0268d3ffa676f4aff3d058f55bcdd042a55d79a91c487e3627178,EDGEIQ_TIMING_WAREHOUSE_RECOVERY_V1,edgeiq_standard_time_recovered_v1.0.0,1.0.0,2026-07-30T07:43:47Z
STFR-D597ED2188527A20463C953F,BGFR-5149F831108AB815AB440D2A,TRACK_DISTANCE_SURFACE_CONDITION,SPORTSBET-PAKENHAM SYNTHETIC,1000,,NOT_AVAILABLE_IN_SOURCE,AUSTRALIAN_SYNTHETIC,AVAILABLE_BY_GOVERNED_SURFACE_RESOLVER,STANDARD_SYNTHETIC,AVAILABLE,MEDIAN_WINNER_RACE_TIME_SECONDS_RECOVERED_TIMING_MIN20,58.375000,40,57.220000,60.840000,20,AVAILABLE,5149f831108ab815ab440d2a,427da5737fe368c9431c3612d8e4b1838836147746d68a4c33569d4ec9942630,75bfa8a46b9b0856bcab026fcba85e4664b9aa3349ce5c1db0103408d8e1f936,EDGEIQ_TIMING_WAREHOUSE_RECOVERY_V1,edgeiq_standard_time_recovered_v1.0.0,1.0.0,2026-07-30T07:43:47Z
STFR-76E9AA8F55B743683DF77AA8,BGFR-09114752773A841DFB359554,TRACK_DISTANCE_SURFACE_CONDITION,SPORTSBET-PAKENHAM SYNTHETIC,1000,,NOT_AVAILABLE_IN_SOURCE,AUSTRALIAN_SYNTHETIC,AVAILABLE_BY_GOVERNED_SURFACE_RESOLVER,UNKNOWN,AVAILABLE,MEDIAN_WINNER_RACE_TIME_SECONDS_RECOVERED_TIMING_MIN20,58.555000,26,57.240000,60.070000,20,AVAILABLE,09114752773a841dfb359554,7884f5be0c0fe9f548acc03cd3fe9ec1f027b13e1df4eb5fd7c10bcac0ce5e1b,cc0f8149c9e2c30b774fc4ccd75c34ebc50a7df2f076ec34be0c23716bcb9830,EDGEIQ_TIMING_WAREHOUSE_RECOVERY_V1,edgeiq_standard_time_recovered_v1.0.0,1.0.0,2026-07-30T07:43:47Z
STFR-9D951006E56CAD76C609E4AA,BGFR-3403A136CE6C005BC2E43EF4,TRACK_DISTANCE_SURFACE_CONDITION,SPORTSBET-PAKENHAM SYNTHETIC,1100,,NOT_AVAILABLE_IN_SOURCE,AUSTRALIAN_SYNTHETIC,AVAILABLE_BY_GOVERNED_SURFACE_RESOLVER,UNKNOWN,AVAILABLE,MEDIAN_WINNER_RACE_TIME_SECONDS_RECOVERED_TIMING_MIN20,65.035000,22,63.860000,66.190000,20,AVAILABLE,3403a136ce6c005bc2e43ef4,7642d1df659db8d7156aefb488ea018aec5b04b07b26b0663200e173b647641b,6a2df4c7805af417257b6107d8304b23a33c40e5c61a7d1db4ec121e32185bba,EDGEIQ_TIMING_WAREHOUSE_RECOVERY_V1,edgeiq_standard_time_recovered_v1.0.0,1.0.0,2026-07-30T07:43:47Z
STFR-49013B741F237E6DDF7F12E2,BGFR-B1899E5C16B42EDAAD2516E8,TRACK_DISTANCE_SURFACE_CONDITION,SPORTSBET-PAKENHAM SYNTHETIC,1200,,NOT_AVAILABLE_IN_SOURCE,AUSTRALIAN_SYNTHETIC,AVAILABLE_BY_GOVERNED_SURFACE_RESOLVER,STANDARD_SYNTHETIC,AVAILABLE,MEDIAN_WINNER_RACE_TIME_SECONDS_RECOVERED_TIMING_MIN20,71.040000,51,69.540000,72.880000,20,AVAILABLE,b1899e5c16b42edaad2516e8,12946f607fc705fb83d5c09298cfb7f8c43915aac88715852eceac5e501a19a8,6eebedf71f777071c9dc55f77095022298b38008480db8e47220877252e0bf3b,EDGEIQ_TIMING_WAREHOUSE_RECOVERY_V1,edgeiq_standard_time_recovered_v1.0.0,1.0.0,2026-07-30T07:43:47Z
STFR-FD4F12732ADB8F2C0DB5BFD3,BGFR-111F1BFFBB574207F25B9A6C,TRACK_DISTANCE_SURFACE_CONDITION,SPORTSBET-PAKENHAM SYNTHETIC,1200,,NOT_AVAILABLE_IN_SOURCE,AUSTRALIAN_SYNTHETIC,AVAILABLE_BY_GOVERNED_SURFACE_RESOLVER,UNKNOWN,AVAILABLE,MEDIAN_WINNER_RACE_TIME_SECONDS_RECOVERED_TIMING_MIN20,71.760000,60,70.050000,74.150000,20,AVAILABLE,111f1bffbb574207f25b9a6c,3ff3d44699da8251e99c305e77384d333903aabcb69a80c8967657049beb1431,e6e76d148bc8e2a82eaa04cf621feff6d7121c439ba8af155d327a04a35f323e,EDGEIQ_TIMING_WAREHOUSE_RECOVERY_V1,edgeiq_standard_time_recovered_v1.0.0,1.0.0,2026-07-30T07:43:47Z
STFR-CF63B1948FA3ABFA83335632,BGFR-3DBD227235C12F48F8C167FB,TRACK_DISTANCE_SURFACE_CONDITION,SPORTSBET-PAKENHAM SYNTHETIC,1400,,NOT_AVAILABLE_IN_SOURCE,AUSTRALIAN_SYNTHETIC,AVAILABLE_BY_GOVERNED_SURFACE_RESOLVER,STANDARD_SYNTHETIC,AVAILABLE,MEDIAN_WINNER_RACE_TIME_SECONDS_RECOVERED_TIMING_MIN20,84.620000,57,82.100000,86.890000,20,AVAILABLE,3dbd227235c12f48f8c167fb,6bba234fa0045410dceb0209018bd5652bb19c56b22cb6c92cf6e42a23117a29,9c3bdd402985a45428c703d53a4c55fda29a55ef24c158a436ac67f29bff185c,EDGEIQ_TIMING_WAREHOUSE_RECOVERY_V1,edgeiq_standard_time_recovered_v1.0.0,1.0.0,2026-07-30T07:43:47Z
STFR-7181B0562A3F2750B122B53E,BGFR-EC306593914D2C4416216AA0,TRACK_DISTANCE_SURFACE_CONDITION,SPORTSBET-PAKENHAM SYNTHETIC,1400,,NOT_AVAILABLE_IN_SOURCE,AUSTRALIAN_SYNTHETIC,AVAILABLE_BY_GOVERNED_SURFACE_RESOLVER,UNKNOWN,AVAILABLE,MEDIAN_WINNER_RACE_TIME_SECONDS_RECOVERED_TIMING_MIN20,85.305000,58,82.810000,88.240000,20,AVAILABLE,ec306593914d2c4416216aa0,8b7078f839fa037b2c0977bd71eb0a5148aa82ff335079228d53eca0df955e7a,09a8c176d48a5610ceb3e77652203d2d4bf1e05b4efd5d6c1349c9018eb59bcc,EDGEIQ_TIMING_WAREHOUSE_RECOVERY_V1,edgeiq_standard_time_recovered_v1.0.0,1.0.0,2026-07-30T07:43:47Z
STFR-38193857435E2C3FD6D33B3A,BGFR-6B6034902C1307636DEAFE80,TRACK_DISTANCE_SURFACE_CONDITION,SPORTSBET-PAKENHAM SYNTHETIC,1600,,NOT_AVAILABLE_IN_SOURCE,AUSTRALIAN_SYNTHETIC,AVAILABLE_BY_GOVERNED_SURFACE_RESOLVER,STANDARD_SYNTHETIC,AVAILABLE,MEDIAN_WINNER_RACE_TIME_SECONDS_RECOVERED_TIMING_MIN20,97.970000,49,95.300000,100.820000,20,AVAILABLE,6b6034902c1307636deafe80,384409820fa5a7ae7ab1fb18bbbcce4ac9c66ba955bbfe3eecc9f7a929a2bbe2,48be051790bf5a83312109e3853a42cc0d986328fce10b90ede6a21e93e0bde4,EDGEIQ_TIMING_WAREHOUSE_RECOVERY_V1,edgeiq_standard_time_recovered_v1.0.0,1.0.0,2026-07-30T07:43:47Z
STFR-6148D093415B7E9ED74B895C,BGFR-8CFCF9B4A8C870CB43D2268F,TRACK_DISTANCE_SURFACE_CONDITION,SPORTSBET-PAKENHAM SYNTHETIC,1600,,NOT_AVAILABLE_IN_SOURCE,AUSTRALIAN_SYNTHETIC,AVAILABLE_BY_GOVERNED_SURFACE_RESOLVER,UNKNOWN,AVAILABLE,MEDIAN_WINNER_RACE_TIME_SECONDS_RECOVERED_TIMING_MIN20,98.130000,47,96.130000,100.600000,20,AVAILABLE,8cfcf9b4a8c870cb43d2268f,2f0f374cc73390f6d0aa53e2e4a6a416153e313d78ef61a31a75515839163cb7,1cc899b0edab1f9a2641bd84b199057eda197b999bfb380f206d1d4fef4aede6,EDGEIQ_TIMING_WAREHOUSE_RECOVERY_V1,edgeiq_standard_time_recovered_v1.0.0,1.0.0,2026-07-30T07:43:47Z
STFR-4AF3A4FCD516B9AAEF9D18BF,BGFR-CAD7FA11BF5098655EE43419,TRACK_DISTANCE_SURFACE_CONDITION,SPORTSBET-PAKENHAM SYNTHETIC,2200,,NOT_AVAILABLE_IN_SOURCE,AUSTRALIAN_SYNTHETIC,AVAILABLE_BY_GOVERNED_SURFACE_RESOLVER,STANDARD_SYNTHETIC,AVAILABLE,MEDIAN_WINNER_RACE_TIME_SECONDS_RECOVERED_TIMING_MIN20,137.720000,23,134.750000,141.160000,20,AVAILABLE,cad7fa11bf5098655ee43419,e57c877209f1125ab1f150245fdb2c841793f11b22b1f19c60d4e146c0d04c2f,afa5624750c7b0d2b36f209f23496043e1cb415a1fa575a00cc1e4485e8318a9,EDGEIQ_TIMING_WAREHOUSE_RECOVERY_V1,edgeiq_standard_time_recovered_v1.0.0,1.0.0,2026-07-30T07:43:47Z
STFR-332A1FF789FCB46603E0120D,BGFR-94FADCDB5F5BC9024C2D858D,TRACK_DISTANCE_SURFACE_CONDITION,SPORTSBET-PAKENHAM SYNTHETIC,2200,,NOT_AVAILABLE_IN_SOURCE,AUSTRALIAN_SYNTHETIC,AVAILABLE_BY_GOVERNED_SURFACE_RESOLVER,UNKNOWN,AVAILABLE,MEDIAN_WINNER_RACE_TIME_SECONDS_RECOVERED_TIMING_MIN20,138.535000,26,135.800000,141.650000,20,AVAILABLE,94fadcdb5f5bc9024c2d858d,c7a21861eeaa1490cfbf297295af9ef68d07ab0107aadf284fe0d437f34e0d73,5fe7f8cb34aaae103af6c09b9d3d97a9dab6ebdeb91f70678810ac78d51c6174,EDGEIQ_TIMING_WAREHOUSE_RECOVERY_V1,edgeiq_standard_time_recovered_v1.0.0,1.0.0,2026-07-30T07:43:47Z
STFR-7640E26E2BA961D752A4EF37,BGFR-83536E88F9FB488E127D1389,TRACK_DISTANCE_SURFACE_CONDITION,SPORTSBET-PAKENHAM SYNTHETIC,750,,NOT_AVAILABLE_IN_SOURCE,AUSTRALIAN_SYNTHETIC,AVAILABLE_BY_GOVERNED_SURFACE_RESOLVER,STANDARD_SYNTHETIC,AVAILABLE,MEDIAN_WINNER_RACE_TIME_SECONDS_RECOVERED_TIMING_MIN20,43.600000,20,42.550000,45.940000,20,AVAILABLE,83536e88f9fb488e127d1389,e24730fa9ddd74e56db68d866f4e4002f1132f8a5eefc679c6becb5cce329adc,b84aeef6dbc5d20fea3ffb29eb271cfdf9c49538e04843ee8606b926ca47ccee,EDGEIQ_TIMING_WAREHOUSE_RECOVERY_V1,edgeiq_standard_time_recovered_v1.0.0,1.0.0,2026-07-30T07:43:47Z
STFR-8927D982AED1C4345B1186CB,BGFR-6D002B918E0609FE2164F13A,TRACK_DISTANCE_SURFACE_CONDITION,SPORTSBET-WANGARATTA,1000,,NOT_AVAILABLE_IN_SOURCE,TURF,AVAILABLE_BY_GOVERNED_SURFACE_RESOLVER,GOOD,AVAILABLE,MEDIAN_WINNER_RACE_TIME_SECONDS_RECOVERED_TIMING_MIN20,57.560000,27,56.510000,58.890000,20,AVAILABLE,6d002b918e0609fe2164f13a,399e0318f1e0759c7e7bfc552287a58fac9c822efead9669f786ff4cc1b006ca,ea618c98da1cef4b4eb543bb53a43cf1064c5d2534587643aefbeba4c2b87dc1,EDGEIQ_TIMING_WAREHOUSE_RECOVERY_V1,edgeiq_standard_time_recovered_v1.0.0,1.0.0,2026-07-30T07:43:47Z
STFR-5F1D180BABA03785BF6220F9,BGFR-7DA7C7C398E6A587BE2E50EE,TRACK_DISTANCE_SURFACE_CONDITION,SPORTSBET-WANGARATTA,1100,,NOT_AVAILABLE_IN_SOURCE,TURF,AVAILABLE_BY_GOVERNED_SURFACE_RESOLVER,GOOD,AVAILABLE,MEDIAN_WINNER_RACE_TIME_SECONDS_RECOVERED_TIMING_MIN20,64.250000,23,63.180000,66.280000,20,AVAILABLE,7da7c7c398e6a587be2e50ee,d91c52350d03b0f43ee45f31fb98cbc16f3928336e507eb197fb94015cace7bb,f44f53f3311e86ee9c4f2325e52ce3c9f12d0dcd8fcb3845a47e5a9463f72523,EDGEIQ_TIMING_WAREHOUSE_RECOVERY_V1,edgeiq_standard_time_recovered_v1.0.0,1.0.0,2026-07-30T07:43:47Z
STFR-05EA31546C728E324753E1FA,BGFR-349200EF38A3718C95CFDF35,TRACK_DISTANCE_SURFACE_CONDITION,SPORTSBET-WANGARATTA,1170,,NOT_AVAILABLE_IN_SOURCE,TURF,AVAILABLE_BY_GOVERNED_SURFACE_RESOLVER,GOOD,AVAILABLE,MEDIAN_WINNER_RACE_TIME_SECONDS_RECOVERED_TIMING_MIN20,68.470000,49,67.550000,70.530000,20,AVAILABLE,349200ef38a3718c95cfdf35,6983a5f72c4521a6757e9ba8f6922145df963e7cb53018ce7e6f28c14b6bbb33,efb48d6dd93d5d641230d44630f437a028bcef456a0638a321fbe7cdcbe11151,EDGEIQ_TIMING_WAREHOUSE_RECOVERY_V1,edgeiq_standard_time_recovered_v1.0.0,1.0.0,2026-07-30T07:43:47Z
STFR-1EA22D8F6C5E2FF3E3205D0E,BGFR-ADBF7FB04F5171956E4BC5E1,TRACK_DISTANCE_SURFACE_CONDITION,SPORTSBET-WANGARATTA,1300,,NOT_AVAILABLE_IN_SOURCE,TURF,AVAILABLE_BY_GOVERNED_SURFACE_RESOLVER,GOOD,AVAILABLE,MEDIAN_WINNER_RACE_TIME_SECONDS_RECOVERED_TIMING_MIN20,77.670000,44,76.450000,79.320000,20,AVAILABLE,adbf7fb04f5171956e4bc5e1,0e62efcc26a099d696b80c41aba66337c0612c95f823726956acf38e9c0e921d,85531b52fdb331fa4c318bc8628051eed00374be7a0f383f41e7c6e170e091e5,EDGEIQ_TIMING_WAREHOUSE_RECOVERY_V1,edgeiq_standard_time_recovered_v1.0.0,1.0.0,2026-07-30T07:43:47Z
STFR-AF810014F6C8F3E301DD5967,BGFR-AFECD141BEA87442919AC9C0,TRACK_DISTANCE_SURFACE_CONDITION,SPORTSBET-WANGARATTA,1300,,NOT_AVAILABLE_IN_SOURCE,TURF,AVAILABLE_BY_GOVERNED_SURFACE_RESOLVER,SOFT,AVAILABLE,MEDIAN_WINNER_RACE_TIME_SECONDS_RECOVERED_TIMING_MIN20,78.905000,22,77.260000,80.770000,20,AVAILABLE,afecd141bea87442919ac9c0,ad6341636cc1c3b01a838deccc00b4673c0ceac8373dce4ad16c3ec676408d67,395a8875a4c88f7daf9e1c9bfd3acde69c36e986517b6b9c70aa0cc9bb4d2cac,EDGEIQ_TIMING_WAREHOUSE_RECOVERY_V1,edgeiq_standard_time_recovered_v1.0.0,1.0.0,2026-07-30T07:43:47Z
STFR-2F77F673C41B0EB98923663B,BGFR-0E8AC9706EE8735F32B53776,TRACK_DISTANCE_SURFACE_CONDITION,SPORTSBET-WANGARATTA,1400,,NOT_AVAILABLE_IN_SOURCE,TURF,AVAILABLE_BY_GOVERNED_SURFACE_RESOLVER,GOOD,AVAILABLE,MEDIAN_WINNER_RACE_TIME_SECONDS_RECOVERED_TIMING_MIN20,84.180000,41,82.400000,86.060000,20,AVAILABLE,0e8ac9706ee8735f32b53776,5802acce314fefed2bf6f40af67afc7b65cf553907bea6097d280c54bdae10d7,3d65767104d027497588445bd6049bf12d22ba5d850069ff6f1cdc1aab02e4fb,EDGEIQ_TIMING_WAREHOUSE_RECOVERY_V1,edgeiq_standard_time_recovered_v1.0.0,1.0.0,2026-07-30T07:43:47Z
STFR-88CDFB91E8F384B958F0CF8D,BGFR-C0584C80DE29CA8B2B542505,TRACK_DISTANCE_SURFACE_CONDITION,SPORTSBET-WANGARATTA,1590,,NOT_AVAILABLE_IN_SOURCE,TURF,AVAILABLE_BY_GOVERNED_SURFACE_RESOLVER,GOOD,AVAILABLE,MEDIAN_WINNER_RACE_TIME_SECONDS_RECOVERED_TIMING_MIN20,96.545000,52,94.750000,99.070000,20,AVAILABLE,c0584c80de29ca8b2b542505,e8ffda97b53c1cd88f2e3dd9cbbf132fb870f736850d183ba614fd7a525a0e77,f7c79c10ffe4a851f2d090c0501b864a7311f3cf2f2ec13bafbaf877e8bd4243,EDGEIQ_TIMING_WAREHOUSE_RECOVERY_V1,edgeiq_standard_time_recovered_v1.0.0,1.0.0,2026-07-30T07:43:47Z
STFR-A10C3060A420DB232DCC98AF,BGFR-E545540074AB0914D054E595,TRACK_DISTANCE_SURFACE_CONDITION,SPORTSBET-WANGARATTA,1590,,NOT_AVAILABLE_IN_SOURCE,TURF,AVAILABLE_BY_GOVERNED_SURFACE_RESOLVER,SOFT,AVAILABLE,MEDIAN_WINNER_RACE_TIME_SECONDS_RECOVERED_TIMING_MIN20,98.180000,24,96.550000,101.030000,20,AVAILABLE,e545540074ab0914d054e595,f2dbb69082b3b77deb8bd8fb073872532cb32f2cc8fa2ec3883061001ea1b2bb,f1b59c529eda35c25e289fb9266c1fe7b94871b95823d80c5148e71370468ce8,EDGEIQ_TIMING_WAREHOUSE_RECOVERY_V1,edgeiq_standard_time_recovered_v1.0.0,1.0.0,2026-07-30T07:43:47Z
STFR-E4B62203AF8088032852D48C,BGFR-64C894A7FA8E590A209EB979,TRACK_DISTANCE_SURFACE_CONDITION,SPORTSBET-WANGARATTA,2000,,NOT_AVAILABLE_IN_SOURCE,TURF,AVAILABLE_BY_GOVERNED_SURFACE_RESOLVER,GOOD,AVAILABLE,MEDIAN_WINNER_RACE_TIME_SECONDS_RECOVERED_TIMING_MIN20,125.805000,44,122.680000,128.980000,20,AVAILABLE,64c894a7fa8e590a209eb979,1485e168db7b88a0dea9236a240631caeffc74ecb4a3757cfce2648bdfb22233,bb1983358d9b2c29d711ffbef84c5631d0dd14c7fe2b819545b78f6e6d72d4f1,EDGEIQ_TIMING_WAREHOUSE_RECOVERY_V1,edgeiq_standard_time_recovered_v1.0.0,1.0.0,2026-07-30T07:43:47Z
STFR-33F72ECA8B04030FD43DA221,BGFR-CFE2A9494CE09F4875734A51,TRACK_DISTANCE_SURFACE_CONDITION,SPORTSBET-WANGARATTA,900,,NOT_AVAILABLE_IN_SOURCE,TURF,AVAILABLE_BY_GOVERNED_SURFACE_RESOLVER,UNKNOWN,AVAILABLE,MEDIAN_WINNER_RACE_TIME_SECONDS_RECOVERED_TIMING_MIN20,53.820000,31,51.340000,56.940000,20,AVAILABLE,cfe2a9494ce09f4875734a51,6c63d3ffbad178daf3e8ded2d1c4a5dbf2e94909d92d1ad166660733cc4199b0,dcf85a879bcc9283d2d91fcba5b787ca86c086fdb643d95c6a0660a397e25319,EDGEIQ_TIMING_WAREHOUSE_RECOVERY_V1,edgeiq_standard_time_recovered_v1.0.0,1.0.0,2026-07-30T07:43:47Z
STFR-2CC047D468ABCCC970D18CC2,BGFR-EBE1473DCEDDE68C5A49CCAE,TRACK_DISTANCE_SURFACE_CONDITION,STAWELL,1100,,NOT_AVAILABLE_IN_SOURCE,TURF,AVAILABLE_BY_GOVERNED_SURFACE_RESOLVER,GOOD,AVAILABLE,MEDIAN_WINNER_RACE_TIME_SECONDS_RECOVERED_TIMING_MIN20,65.160000,126,63.430000,66.910000,20,AVAILABLE,ebe1473dcedde68c5a49ccae,62078fa009192c4cc17f945b2d1c2571afa6739c59042d79fcd94c2d9f2afa3f,4e545f418abd8d13217667858b839a976fc38a70582f0e16bd7802eca4e2f29f,EDGEIQ_TIMING_WAREHOUSE_RECOVERY_V1,edgeiq_standard_time_recovered_v1.0.0,1.0.0,2026-07-30T07:43:47Z
STFR-A9450DA4CF91F52AC7DA0542,BGFR-470A3D75D9C2EA92F0F804D3,TRACK_DISTANCE_SURFACE_CONDITION,STAWELL,1100,,NOT_AVAILABLE_IN_SOURCE,TURF,AVAILABLE_BY_GOVERNED_SURFACE_RESOLVER,SOFT,AVAILABLE,MEDIAN_WINNER_RACE_TIME_SECONDS_RECOVERED_TIMING_MIN20,66.050000,45,64.560000,68.010000,20,AVAILABLE,470a3d75d9c2ea92f0f804d3,560d892fa6e7e45635dc314686f497f184bfce86321fb8e9c5f6a37c9fde9755,2aca0037c4d19c5b6c2d74d92e0923b7af767b4643c6b1445ea521eae9a329d5,EDGEIQ_TIMING_WAREHOUSE_RECOVERY_V1,edgeiq_standard_time_recovered_v1.0.0,1.0.0,2026-07-30T07:43:47Z
STFR-B1C95B06C3E73FA7EB826A66,BGFR-EFF62421E92427150752662F,TRACK_DISTANCE_SURFACE_CONDITION,STAWELL,1300,,NOT_AVAILABLE_IN_SOURCE,TURF,AVAILABLE_BY_GOVERNED_SURFACE_RESOLVER,GOOD,AVAILABLE,MEDIAN_WINNER_RACE_TIME_SECONDS_RECOVERED_TIMING_MIN20,78.665000,152,76.580000,82.010000,20,AVAILABLE,eff62421e92427150752662f,d232e5fbd486fdfb3da79d324f71e3b52fdf75d0f325e876e960b3e52d59c1e6,9dfd19f5deac0aa300937b0ccde0e21bffb2b064eaa8921709b28d13beb28438,EDGEIQ_TIMING_WAREHOUSE_RECOVERY_V1,edgeiq_standard_time_recovered_v1.0.0,1.0.0,2026-07-30T07:43:47Z
STFR-081947CAF7982B2A1008BD88,BGFR-6D915F523F9A3664CEA4A783,TRACK_DISTANCE_SURFACE_CONDITION,STAWELL,1300,,NOT_AVAILABLE_IN_SOURCE,TURF,AVAILABLE_BY_GOVERNED_SURFACE_RESOLVER,SOFT,AVAILABLE,MEDIAN_WINNER_RACE_TIME_SECONDS_RECOVERED_TIMING_MIN20,80.090000,41,77.770000,82.320000,20,AVAILABLE,6d915f523f9a3664cea4a783,3985d3cfdcf7a5cae0f6063bb3e8a26387c65e1c17b6b5ee9fed23993dda9dd4,51b64bdc9cbfa82de267cecebac490a3a9445e5f583bcdd6e184607e6f838495,EDGEIQ_TIMING_WAREHOUSE_RECOVERY_V1,edgeiq_standard_time_recovered_v1.0.0,1.0.0,2026-07-30T07:43:47Z
STFR-896CB9EA064FB4B45A8657AB,BGFR-449BCFAA46DDE7CA57E18C96,TRACK_DISTANCE_SURFACE_CONDITION,STAWELL,1600,,NOT_AVAILABLE_IN_SOURCE,TURF,AVAILABLE_BY_GOVERNED_SURFACE_RESOLVER,GOOD,AVAILABLE,MEDIAN_WINNER_RACE_TIME_SECONDS_RECOVERED_TIMING_MIN20,98.970000,95,97.410000,102.330000,20,AVAILABLE,449bcfaa46dde7ca57e18c96,4612e6f767a0410ee1008b5006d93604e11ded298857fd86b69351066c9924d7,3660d62a78d3130b5231dae9b18f00abc8d657429d57908f4042606c7b45bdc4,EDGEIQ_TIMING_WAREHOUSE_RECOVERY_V1,edgeiq_standard_time_recovered_v1.0.0,1.0.0,2026-07-30T07:43:47Z
STFR-B2FFC215770A0116B72CD3EE,BGFR-2C518CF51A7491BD3DF06307,TRACK_DISTANCE_SURFACE_CONDITION,STAWELL,1600,,NOT_AVAILABLE_IN_SOURCE,TURF,AVAILABLE_BY_GOVERNED_SURFACE_RESOLVER,SOFT,AVAILABLE,MEDIAN_WINNER_RACE_TIME_SECONDS_RECOVERED_TIMING_MIN20,101.090000,29,98.970000,104.730000,20,AVAILABLE,2c518cf51a7491bd3df06307,5718681da78321033db296b3e41f53826225628aee2205b8a64ad5dfb938bdb6,569117865b333974f2ed42cf3c0000c02e5246d145c208ca4d4e7b6712764c80,EDGEIQ_TIMING_WAREHOUSE_RECOVERY_V1,edgeiq_standard_time_recovered_v1.0.0,1.0.0,2026-07-30T07:43:47Z
STFR-361D5A86A973A15F69A0070D,BGFR-B2A9D28077631DE162183F57,TRACK_DISTANCE_SURFACE_CONDITION,STAWELL,2000,,NOT_AVAILABLE_IN_SOURCE,TURF,AVAILABLE_BY_GOVERNED_SURFACE_RESOLVER,GOOD,AVAILABLE,MEDIAN_WINNER_RACE_TIME_SECONDS_RECOVERED_TIMING_MIN20,125.160000,84,121.880000,131.490000,20,AVAILABLE,b2a9d28077631de162183f57,1d24a510a4e00c73c40c976a693c61a0cf3019d856ca2caa7d986bf7dc0a9192,14546caebd304317f7f755f4f70fb1da5359637cfe47f5a6bfe2290c4d04f5c5,EDGEIQ_TIMING_WAREHOUSE_RECOVERY_V1,edgeiq_standard_time_recovered_v1.0.0,1.0.0,2026-07-30T07:43:47Z
STFR-F80EC85CE09CB2008B469C6D,BGFR-E94427178843AD52782CF818,TRACK_DISTANCE_SURFACE_CONDITION,STAWELL,2000,,NOT_AVAILABLE_IN_SOURCE,TURF,AVAILABLE_BY_GOVERNED_SURFACE_RESOLVER,SOFT,AVAILABLE,MEDIAN_WINNER_RACE_TIME_SECONDS_RECOVERED_TIMING_MIN20,127.020000,23,123.180000,130.840000,20,AVAILABLE,e94427178843ad52782cf818,6e4ee1ea8832745347afb3c00988ac20c20b59965a74ecbeb391b7b4e80b6267,4341b867378b0678edaf927117d95bc8f3117fc4bf403944d723edbf7f4cb0ce,EDGEIQ_TIMING_WAREHOUSE_RECOVERY_V1,edgeiq_standard_time_recovered_v1.0.0,1.0.0,2026-07-30T07:43:47Z
STFR-1B7BF17160C3EDBA1B6D827B,BGFR-6B802C35F35D00D77D5FA0AB,TRACK_DISTANCE_SURFACE_CONDITION,STONY CREEK,1100,,NOT_AVAILABLE_IN_SOURCE,TURF,AVAILABLE_BY_GOVERNED_SURFACE_RESOLVER,GOOD,AVAILABLE,MEDIAN_WINNER_RACE_TIME_SECONDS_RECOVERED_TIMING_MIN20,66.445000,20,65.430000,67.450000,20,AVAILABLE,6b802c35f35d00d77d5fa0ab,0c4041a35a17c204a7a7b916380ad2d93717359a64bfc49550038cd38a13b5cf,91abc6fc51bf53f61a543469798a17ddbe6be34f6d1bb7246556d39cfb865faf,EDGEIQ_TIMING_WAREHOUSE_RECOVERY_V1,edgeiq_standard_time_recovered_v1.0.0,1.0.0,2026-07-30T07:43:47Z
STFR-7BFCDAC64771BD1D4C0EE91D,BGFR-E016C03C0B8043BD9E0D71E9,TRACK_DISTANCE_SURFACE_CONDITION,SWAN HILL,1000,,NOT_AVAILABLE_IN_SOURCE,TURF,AVAILABLE_BY_GOVERNED_SURFACE_RESOLVER,GOOD,AVAILABLE,MEDIAN_WINNER_RACE_TIME_SECONDS_RECOVERED_TIMING_MIN20,56.735000,130,55.040000,58.900000,20,AVAILABLE,e016c03c0b8043bd9e0d71e9,fd1ec23218dd4949156a358c3afbc06d16fe302a250eef214a7176aae150537c,bb76cb77ea67fde4dc0aff281189e2a804d22a84a85262066a8af158ee247d77,EDGEIQ_TIMING_WAREHOUSE_RECOVERY_V1,edgeiq_standard_time_recovered_v1.0.0,1.0.0,2026-07-30T07:43:47Z
STFR-D70EC82A568702F0B24B34A5,BGFR-9E4EC62ED0128945CBEEB896,TRACK_DISTANCE_SURFACE_CONDITION,SWAN HILL,1000,,NOT_AVAILABLE_IN_SOURCE,TURF,AVAILABLE_BY_GOVERNED_SURFACE_RESOLVER,SOFT,AVAILABLE,MEDIAN_WINNER_RACE_TIME_SECONDS_RECOVERED_TIMING_MIN20,58.310000,30,56.520000,60.900000,20,AVAILABLE,9e4ec62ed0128945cbeeb896,8651891eba5bba6227186f9fa6c0243b3eaaaad441779d513dab9a4e128d3b2e,df9276a148ff91041d1369f2d0b0d49b2cbaffea18d6a0274a6be955409fa78e,EDGEIQ_TIMING_WAREHOUSE_RECOVERY_V1,edgeiq_standard_time_recovered_v1.0.0,1.0.0,2026-07-30T07:43:47Z
STFR-FB46AEDD3EAE5397BF30750D,BGFR-E4C16EA72BB52E1167C839EF,TRACK_DISTANCE_SURFACE_CONDITION,SWAN HILL,1200,,NOT_AVAILABLE_IN_SOURCE,TURF,AVAILABLE_BY_GOVERNED_SURFACE_RESOLVER,GOOD,AVAILABLE,MEDIAN_WINNER_RACE_TIME_SECONDS_RECOVERED_TIMING_MIN20,71.390000,207,69.090000,74.590000,20,AVAILABLE,e4c16ea72bb52e1167c839ef,ad3bd3bc6c22ae55f91ab4db87583c20fced36b7b7e850202965aeb2c39fa5bb,3844be235929956e9326ae43043d148152c7521537b3b316c2461ab50fa0c6b0,EDGEIQ_TIMING_WAREHOUSE_RECOVERY_V1,edgeiq_standard_time_recovered_v1.0.0,1.0.0,2026-07-30T07:43:47Z
STFR-DEA0FE37103E787FFDBA0775,BGFR-BC620FCB88340A9D3AE68A08,TRACK_DISTANCE_SURFACE_CONDITION,SWAN HILL,1200,,NOT_AVAILABLE_IN_SOURCE,TURF,AVAILABLE_BY_GOVERNED_SURFACE_RESOLVER,SOFT,AVAILABLE,MEDIAN_WINNER_RACE_TIME_SECONDS_RECOVERED_TIMING_MIN20,73.100000,83,71.080000,74.860000,20,AVAILABLE,bc620fcb88340a9d3ae68a08,fabcdc9c2a9959c278a8e14c06af8848250a5b53bfe9063f0923efb509e69e0c,67b95e2b8bf717ff0fa9d47d1b78109239d3f02fd457be52cc9357510c554b89,EDGEIQ_TIMING_WAREHOUSE_RECOVERY_V1,edgeiq_standard_time_recovered_v1.0.0,1.0.0,2026-07-30T07:43:47Z
STFR-17FC8752C1418E586E1DDD36,BGFR-86D28206CD4B4E74B7E4D357,TRACK_DISTANCE_SURFACE_CONDITION,SWAN HILL,1300,,NOT_AVAILABLE_IN_SOURCE,TURF,AVAILABLE_BY_GOVERNED_SURFACE_RESOLVER,GOOD,AVAILABLE,MEDIAN_WINNER_RACE_TIME_SECONDS_RECOVERED_TIMING_MIN20,77.340000,237,75.070000,80.330000,20,AVAILABLE,86d28206cd4b4e74b7e4d357,4edddafe081bbcea13965f23d1915b02e6b3878b8196c38ea89fb82c10dc081e,5a46b044ddf3ffc9831fa0c30643ba8350e31a437eca8f1ceda683e52ad11277,EDGEIQ_TIMING_WAREHOUSE_RECOVERY_V1,edgeiq_standard_time_recovered_v1.0.0,1.0.0,2026-07-30T07:43:47Z
STFR-6280F366A2255EEF68DF8E0D,BGFR-678A507FD7419D159C4B5861,TRACK_DISTANCE_SURFACE_CONDITION,SWAN HILL,1300,,NOT_AVAILABLE_IN_SOURCE,TURF,AVAILABLE_BY_GOVERNED_SURFACE_RESOLVER,SOFT,AVAILABLE,MEDIAN_WINNER_RACE_TIME_SECONDS_RECOVERED_TIMING_MIN20,79.275000,68,77.010000,82.180000,20,AVAILABLE,678a507fd7419d159c4b5861,95862f82ce2fa41e4c3e0c7074165f14d54a588cd11c751dee7bc8f3549a9f9a,b14d3a3d0669e4371072732d6858845c7b9aef414879c66595da1312becb7eb6,EDGEIQ_TIMING_WAREHOUSE_RECOVERY_V1,edgeiq_standard_time_recovered_v1.0.0,1.0.0,2026-07-30T07:43:47Z
STFR-2B476EFE5D238F4393EC6046,BGFR-CAABF9B3CED603B22F931629,TRACK_DISTANCE_SURFACE_CONDITION,SWAN HILL,1600,,NOT_AVAILABLE_IN_SOURCE,TURF,AVAILABLE_BY_GOVERNED_SURFACE_RESOLVER,GOOD,AVAILABLE,MEDIAN_WINNER_RACE_TIME_SECONDS_RECOVERED_TIMING_MIN20,98.120000,327,94.500000,101.830000,20,AVAILABLE,caabf9b3ced603b22f931629,33b8a43b8744dc0826183014791fec365d2c9ba3d57f77f91763c22e23b1fae5,42acc550fc5b3a3c34387a687219837a9990952c18a7fbd68b4cefe955090e05,EDGEIQ_TIMING_WAREHOUSE_RECOVERY_V1,edgeiq_standard_time_recovered_v1.0.0,1.0.0,2026-07-30T07:43:47Z
STFR-E43AE0D1EBE04D766212CF7D,BGFR-727F8235E952B1299BF7F965,TRACK_DISTANCE_SURFACE_CONDITION,SWAN HILL,1600,,NOT_AVAILABLE_IN_SOURCE,TURF,AVAILABLE_BY_GOVERNED_SURFACE_RESOLVER,SOFT,AVAILABLE,MEDIAN_WINNER_RACE_TIME_SECONDS_RECOVERED_TIMING_MIN20,100.360000,95,96.530000,105.540000,20,AVAILABLE,727f8235e952b1299bf7f965,4f7a87a766c8f3109b25726320f6169634e1936977c5e83f3ef60b7883a81833,84dc90a4f3fe78cad349832c285707f2629d1940fc46affcb83f0a9b2bc9d80f,EDGEIQ_TIMING_WAREHOUSE_RECOVERY_V1,edgeiq_standard_time_recovered_v1.0.0,1.0.0,2026-07-30T07:43:47Z
STFR-C6B47EE4FA5FA57EAACE76CB,BGFR-00F72C54AAC27632DE759103,TRACK_DISTANCE_SURFACE_CONDITION,SWAN HILL,2100,,NOT_AVAILABLE_IN_SOURCE,TURF,AVAILABLE_BY_GOVERNED_SURFACE_RESOLVER,GOOD,AVAILABLE,MEDIAN_WINNER_RACE_TIME_SECONDS_RECOVERED_TIMING_MIN20,132.140000,94,129.040000,137.710000,20,AVAILABLE,00f72c54aac27632de759103,aa51f5fff505377c3d4930611d3b864b4c143995f53b358d73de204cf501b795,00601fe6ed70c9e5819be87d8f2c816f7562040e2e563792607f118439aef7da,EDGEIQ_TIMING_WAREHOUSE_RECOVERY_V1,edgeiq_standard_time_recovered_v1.0.0,1.0.0,2026-07-30T07:43:47Z
STFR-AA2C55B1D776C1CD51188833,BGFR-28B0DB9A79BF999AB663771F,TRACK_DISTANCE_SURFACE_CONDITION,SWAN HILL,2100,,NOT_AVAILABLE_IN_SOURCE,TURF,AVAILABLE_BY_GOVERNED_SURFACE_RESOLVER,SOFT,AVAILABLE,MEDIAN_WINNER_RACE_TIME_SECONDS_RECOVERED_TIMING_MIN20,135.085000,40,130.680000,139.780000,20,AVAILABLE,28b0db9a79bf999ab663771f,69c940a3f634a3dc74c6bc068e0188741ba4831b896948f11e9aa24f6f47c3f0,ad84eb53e2d951f9a939209360e656688ab80e9d168a3b911199960e271fa867,EDGEIQ_TIMING_WAREHOUSE_RECOVERY_V1,edgeiq_standard_time_recovered_v1.0.0,1.0.0,2026-07-30T07:43:47Z
STFR-C794ABE4770218507AEC78D7,BGFR-FA66A8397488A74A3BAB9D9A,TRACK_DISTANCE_SURFACE_CONDITION,SWAN HILL,2400,,NOT_AVAILABLE_IN_SOURCE,TURF,AVAILABLE_BY_GOVERNED_SURFACE_RESOLVER,GOOD,AVAILABLE,MEDIAN_WINNER_RACE_TIME_SECONDS_RECOVERED_TIMING_MIN20,157.040000,43,153.170000,163.050000,20,AVAILABLE,fa66a8397488a74a3bab9d9a,7c4430bc4b80240666359f4df61e781e64efbf4280f967670609b04f0ab897b0,e70bb1e5169985962e1cc51c547fb12dcb257e9bd84e9b4d7a1827b26df2bf90,EDGEIQ_TIMING_WAREHOUSE_RECOVERY_V1,edgeiq_standard_time_recovered_v1.0.0,1.0.0,2026-07-30T07:43:47Z
STFR-B59E34EC92D065F836420AC3,BGFR-8D7A4B669A539587D4A7BF89,TRACK_DISTANCE_SURFACE_CONDITION,SWAN HILL,975,,NOT_AVAILABLE_IN_SOURCE,TURF,AVAILABLE_BY_GOVERNED_SURFACE_RESOLVER,GOOD,AVAILABLE,MEDIAN_WINNER_RACE_TIME_SECONDS_RECOVERED_TIMING_MIN20,56.995000,170,54.890000,59.750000,20,AVAILABLE,8d7a4b669a539587d4a7bf89,dbde7aed5be68c5fbb2809a06a0638f9a06283c4b7227e50ce09cd998e5be0b6,102428a1420d2fc3d6dcb0eba5616e8ed3d7853556e2fbb1a8f9d5b4fa2ccc07,EDGEIQ_TIMING_WAREHOUSE_RECOVERY_V1,edgeiq_standard_time_recovered_v1.0.0,1.0.0,2026-07-30T07:43:47Z
STFR-D29B1E54166C0195E69ECF62,BGFR-272958FE8E4D5D5C95BEEEC8,TRACK_DISTANCE_SURFACE_CONDITION,SWAN HILL,975,,NOT_AVAILABLE_IN_SOURCE,TURF,AVAILABLE_BY_GOVERNED_SURFACE_RESOLVER,SOFT,AVAILABLE,MEDIAN_WINNER_RACE_TIME_SECONDS_RECOVERED_TIMING_MIN20,58.325000,50,56.480000,59.340000,20,AVAILABLE,272958fe8e4d5d5c95beeec8,26ba0b926f2198cce67e30eb0b4c2c6e39135ef067b1b69f490798aa6eb37942,58fd8baea116070cde098c35e12534b094308cf465953838a42ce3953e845a0b,EDGEIQ_TIMING_WAREHOUSE_RECOVERY_V1,edgeiq_standard_time_recovered_v1.0.0,1.0.0,2026-07-30T07:43:47Z
STFR-C87B256B4D3A777CA4DA3D03,BGFR-62E23C246C3A1EC00161979B,TRACK_DISTANCE_SURFACE_CONDITION,TATURA,1450,,NOT_AVAILABLE_IN_SOURCE,TURF,AVAILABLE_BY_GOVERNED_SURFACE_RESOLVER,GOOD,AVAILABLE,MEDIAN_WINNER_RACE_TIME_SECONDS_RECOVERED_TIMING_MIN20,87.840000,20,86.050000,89.470000,20,AVAILABLE,62e23c246c3a1ec00161979b,bb4cca3727c9842ab78bd284d0ddc2a4ed582340000be367ed1bfb9c73e1f422,02e4045d31a00b597fcf8f46e927d4c00f544594cc1f1997d79e5e155dc40c06,EDGEIQ_TIMING_WAREHOUSE_RECOVERY_V1,edgeiq_standard_time_recovered_v1.0.0,1.0.0,2026-07-30T07:43:47Z
STFR-09417590E006174E02A23B81,BGFR-DB539E1AA96DBFF98E9DDE00,TRACK_DISTANCE_SURFACE_CONDITION,TATURA,850,,NOT_AVAILABLE_IN_SOURCE,TURF,AVAILABLE_BY_GOVERNED_SURFACE_RESOLVER,UNKNOWN,AVAILABLE,MEDIAN_WINNER_RACE_TIME_SECONDS_RECOVERED_TIMING_MIN20,51.250000,27,49.900000,52.040000,20,AVAILABLE,db539e1aa96dbff98e9dde00,790c0fc2fd5e25d18070a43c6749c31d336630b9ea1640296a6d2fa8d7b784e8,f0c8869096686b988b3e011183c76e5870d5ee3b30e29b32c0d73cdaa6c09d43,EDGEIQ_TIMING_WAREHOUSE_RECOVERY_V1,edgeiq_standard_time_recovered_v1.0.0,1.0.0,2026-07-30T07:43:47Z
STFR-62004C3CDCCF97CD2FCADF32,BGFR-4F529C7349E35E6351D626D3,TRACK_DISTANCE_SURFACE_CONDITION,TERANG,1000,,NOT_AVAILABLE_IN_SOURCE,TURF,AVAILABLE_BY_GOVERNED_SURFACE_RESOLVER,GOOD,AVAILABLE,MEDIAN_WINNER_RACE_TIME_SECONDS_RECOVERED_TIMING_MIN20,57.805000,104,55.960000,60.590000,20,AVAILABLE,4f529c7349e35e6351d626d3,bf42b6a911363a72146064f81d9c03e6b8b15ae0e1203a21fd04e8081c1c2425,de7f522e349f930f09ad08b04502394cb92205774fb9c3103df0ee20b74a173d,EDGEIQ_TIMING_WAREHOUSE_RECOVERY_V1,edgeiq_standard_time_recovered_v1.0.0,1.0.0,2026-07-30T07:43:47Z
STFR-3327DC4591344174FEB5FB26,BGFR-1BFDEA13DB575285A6A35E84,TRACK_DISTANCE_SURFACE_CONDITION,TERANG,1000,,NOT_AVAILABLE_IN_SOURCE,TURF,AVAILABLE_BY_GOVERNED_SURFACE_RESOLVER,SOFT,AVAILABLE,MEDIAN_WINNER_RACE_TIME_SECONDS_RECOVERED_TIMING_MIN20,58.920000,45,57.070000,60.980000,20,AVAILABLE,1bfdea13db575285a6a35e84,7093bb54bf8512467d05dfcef70c092d2bf4124b51db17a0c758151889c5bb31,d341b05f1bbf0a219d9f8d53fa3a7b587aed73d78a582d7f6284d55b21559b4b,EDGEIQ_TIMING_WAREHOUSE_RECOVERY_V1,edgeiq_standard_time_recovered_v1.0.0,1.0.0,2026-07-30T07:43:47Z
STFR-8E5BCF23E5A86FCB386754A0,BGFR-51CD45544AF7822D6D6BB2F2,TRACK_DISTANCE_SURFACE_CONDITION,TERANG,1200,,NOT_AVAILABLE_IN_SOURCE,TURF,AVAILABLE_BY_GOVERNED_SURFACE_RESOLVER,GOOD,AVAILABLE,MEDIAN_WINNER_RACE_TIME_SECONDS_RECOVERED_TIMING_MIN20,71.280000,107,69.550000,74.330000,20,AVAILABLE,51cd45544af7822d6d6bb2f2,eeaa76f972bc399bb20f452c4a5521e1798c3d1af22f24fe666d6615a31b47db,a14b82b03f24af96c9885232606c3e9703f0684b1c006f749795259429c7bb95,EDGEIQ_TIMING_WAREHOUSE_RECOVERY_V1,edgeiq_standard_time_recovered_v1.0.0,1.0.0,2026-07-30T07:43:47Z
STFR-43BBE01DAB043678B69B93EB,BGFR-031C00F01354805D7F11203D,TRACK_DISTANCE_SURFACE_CONDITION,TERANG,1200,,NOT_AVAILABLE_IN_SOURCE,TURF,AVAILABLE_BY_GOVERNED_SURFACE_RESOLVER,SOFT,AVAILABLE,MEDIAN_WINNER_RACE_TIME_SECONDS_RECOVERED_TIMING_MIN20,72.520000,51,70.490000,74.720000,20,AVAILABLE,031c00f01354805d7f11203d,3a0115ff969d6d180380466099a2de673346fecbf986e553a64499f305cea265,94acb9a05083c45514796ec4e2f2022400b14a3bc82e4ac1c11ffba5464b3ba5,EDGEIQ_TIMING_WAREHOUSE_RECOVERY_V1,edgeiq_standard_time_recovered_v1.0.0,1.0.0,2026-07-30T07:43:47Z
STFR-6B8A53226ACECA1973A7982E,BGFR-777BF5AD44EA84CFC43C9E4E,TRACK_DISTANCE_SURFACE_CONDITION,TERANG,1400,,NOT_AVAILABLE_IN_SOURCE,TURF,AVAILABLE_BY_GOVERNED_SURFACE_RESOLVER,GOOD,AVAILABLE,MEDIAN_WINNER_RACE_TIME_SECONDS_RECOVERED_TIMING_MIN20,84.295000,152,82.080000,87.640000,20,AVAILABLE,777bf5ad44ea84cfc43c9e4e,4d7cfae123cf01be28f56b30347b4f4e544803e982c3c2ad1e881158143a51ee,7eb6b657deb9983edddb7dc50755686387eb280ea2c6a43153cf8e036c50acd6,EDGEIQ_TIMING_WAREHOUSE_RECOVERY_V1,edgeiq_standard_time_recovered_v1.0.0,1.0.0,2026-07-30T07:43:47Z
STFR-E44FD4A24271B161B01E0A02,BGFR-7096E45A5547938349F91E9C,TRACK_DISTANCE_SURFACE_CONDITION,TERANG,1400,,NOT_AVAILABLE_IN_SOURCE,TURF,AVAILABLE_BY_GOVERNED_SURFACE_RESOLVER,SOFT,AVAILABLE,MEDIAN_WINNER_RACE_TIME_SECONDS_RECOVERED_TIMING_MIN20,85.890000,56,83.030000,87.630000,20,AVAILABLE,7096e45a5547938349f91e9c,6f7892e12b40689ac47e12d4da310a73afa013913a77ceab021b8731de012f49,5ca157c2ed0eb2815f6d754ab149375a36f3dbaa9aad55265ecb8e908e76ca2a,EDGEIQ_TIMING_WAREHOUSE_RECOVERY_V1,edgeiq_standard_time_recovered_v1.0.0,1.0.0,2026-07-30T07:43:47Z
STFR-6CE6E098C6B0A2A06414610D,BGFR-7DD96CB1A7AB1E77C2CAD642,TRACK_DISTANCE_SURFACE_CONDITION,TERANG,1406,,NOT_AVAILABLE_IN_SOURCE,TURF,AVAILABLE_BY_GOVERNED_SURFACE_RESOLVER,GOOD,AVAILABLE,MEDIAN_WINNER_RACE_TIME_SECONDS_RECOVERED_TIMING_MIN20,84.750000,23,82.920000,87.700000,20,AVAILABLE,7dd96cb1a7ab1e77c2cad642,0c4140d45e3f6b87c1f976d86bf0867f30693fa0101a2adbe1ecf50227106bd2,062b28a5977d622652aaecf608501da92c7a876b92f4eb46285c1447760653eb,EDGEIQ_TIMING_WAREHOUSE_RECOVERY_V1,edgeiq_standard_time_recovered_v1.0.0,1.0.0,2026-07-30T07:43:47Z
STFR-F89029AE5904343EA9FFBA15,BGFR-956428B1E7FF4A7C740D7B4B,TRACK_DISTANCE_SURFACE_CONDITION,TERANG,1600,,NOT_AVAILABLE_IN_SOURCE,TURF,AVAILABLE_BY_GOVERNED_SURFACE_RESOLVER,GOOD,AVAILABLE,MEDIAN_WINNER_RACE_TIME_SECONDS_RECOVERED_TIMING_MIN20,97.380000,67,95.020000,99.790000,20,AVAILABLE,956428b1e7ff4a7c740d7b4b,d19156410a564729222d6c3b2e651ce365a0e54d0e9f54179bc1f400a8d172f5,2579ee2f3992191a4c05e341b47b0d3dc2b5dcab275cca8ffcd2ef1dd0d6cc80,EDGEIQ_TIMING_WAREHOUSE_RECOVERY_V1,edgeiq_standard_time_recovered_v1.0.0,1.0.0,2026-07-30T07:43:47Z
STFR-17153B2EE6320490ED8E2586,BGFR-D868A8AB1FC7A0A8C2AFB181,TRACK_DISTANCE_SURFACE_CONDITION,TERANG,1600,,NOT_AVAILABLE_IN_SOURCE,TURF,AVAILABLE_BY_GOVERNED_SURFACE_RESOLVER,SOFT,AVAILABLE,MEDIAN_WINNER_RACE_TIME_SECONDS_RECOVERED_TIMING_MIN20,99.170000,28,95.760000,103.880000,20,AVAILABLE,d868a8ab1fc7a0a8c2afb181,e57f340d8e84cb31e610794f3d817a47331897e4c4a4955aa234e38f0cdf556c,6648f1a34dfc1a137efe91011790680febcb16de48396cbd75555598b7999d78,EDGEIQ_TIMING_WAREHOUSE_RECOVERY_V1,edgeiq_standard_time_recovered_v1.0.0,1.0.0,2026-07-30T07:43:47Z
STFR-1198505C78F0DD11C2E20DBC,BGFR-89FBFDC52F5A00B981EA433D,TRACK_DISTANCE_SURFACE_CONDITION,TERANG,1850,,NOT_AVAILABLE_IN_SOURCE,TURF,AVAILABLE_BY_GOVERNED_SURFACE_RESOLVER,GOOD,AVAILABLE,MEDIAN_WINNER_RACE_TIME_SECONDS_RECOVERED_TIMING_MIN20,114.145000,64,111.670000,117.130000,20,AVAILABLE,89fbfdc52f5a00b981ea433d,ee33c8faa34128df5deb748df5efb99dadf9d2b234237e0b3cb6fe5472710b6c,35a5271a07bf1658dc1ce2de2e5d6937a0ef648d91b7bd9fa362d221c59174bc,EDGEIQ_TIMING_WAREHOUSE_RECOVERY_V1,edgeiq_standard_time_recovered_v1.0.0,1.0.0,2026-07-30T07:43:47Z
STFR-D4C26C2B68444BFB1EF910F8,BGFR-F58090138E2513C6500C3E9F,TRACK_DISTANCE_SURFACE_CONDITION,TERANG,1850,,NOT_AVAILABLE_IN_SOURCE,TURF,AVAILABLE_BY_GOVERNED_SURFACE_RESOLVER,SOFT,AVAILABLE,MEDIAN_WINNER_RACE_TIME_SECONDS_RECOVERED_TIMING_MIN20,116.990000,28,113.730000,119.630000,20,AVAILABLE,f58090138e2513c6500c3e9f,b48dbcb947b86a506786bcb8a805ab77566b90c48d3732c5278ec58bb5c45ed1,851f1eeaa05f37acabd41ed1e019134bca905efe9125dd9dd4c7bd79952d977c,EDGEIQ_TIMING_WAREHOUSE_RECOVERY_V1,edgeiq_standard_time_recovered_v1.0.0,1.0.0,2026-07-30T07:43:47Z
STFR-16C2097E14B02B606870D757,BGFR-392BC22146E24909C453A69C,TRACK_DISTANCE_SURFACE_CONDITION,TERANG,2150,,NOT_AVAILABLE_IN_SOURCE,TURF,AVAILABLE_BY_GOVERNED_SURFACE_RESOLVER,GOOD,AVAILABLE,MEDIAN_WINNER_RACE_TIME_SECONDS_RECOVERED_TIMING_MIN20,134.965000,34,131.850000,143.750000,20,AVAILABLE,392bc22146e24909c453a69c,ae9516d35405f89b70d5e1bba7c57e6d9b3423de440a5a3accc380544e392bb3,caa45fbd3563e8ca172ee82e5f181ab47af78524c5666403c8dfe0aff498281d,EDGEIQ_TIMING_WAREHOUSE_RECOVERY_V1,edgeiq_standard_time_recovered_v1.0.0,1.0.0,2026-07-30T07:43:47Z
STFR-BA3643D9FB815B85295C5937,BGFR-877BCBC92FB9A990D073CC3A,TRACK_DISTANCE_SURFACE_CONDITION,THE VALLEY,1000,,NOT_AVAILABLE_IN_SOURCE,TURF,AVAILABLE_BY_GOVERNED_SURFACE_RESOLVER,GOOD,AVAILABLE,MEDIAN_WINNER_RACE_TIME_SECONDS_RECOVERED_TIMING_MIN20,58.750000,405,56.470000,60.490000,20,AVAILABLE,877bcbc92fb9a990d073cc3a,4164d3bd8282b9007696b2dd832fda80851f5837e3c57939b32a2e568274e08b,96ebe5839c4aeb564063de3281ab0a6de67649a1b562b4687262d9967417b36f,EDGEIQ_TIMING_WAREHOUSE_RECOVERY_V1,edgeiq_standard_time_recovered_v1.0.0,1.0.0,2026-07-30T07:43:47Z
STFR-4A19F0BC4E3D11E51A04D512,BGFR-5B8F0402169F490B6E8FDD72,TRACK_DISTANCE_SURFACE_CONDITION,THE VALLEY,1000,,NOT_AVAILABLE_IN_SOURCE,TURF,AVAILABLE_BY_GOVERNED_SURFACE_RESOLVER,HEAVY,AVAILABLE,MEDIAN_WINNER_RACE_TIME_SECONDS_RECOVERED_TIMING_MIN20,61.695000,24,57.740000,63.350000,20,AVAILABLE,5b8f0402169f490b6e8fdd72,b3efced7241aaae9d6e73233d1b447daffe514d292eedb47b832e3208bd02b31,c34836368fef3beaf7ea8ba1196a286c731765309cb19a2080ca941487aa791b,EDGEIQ_TIMING_WAREHOUSE_RECOVERY_V1,edgeiq_standard_time_recovered_v1.0.0,1.0.0,2026-07-30T07:43:47Z
STFR-B0CBD08225CC07626F38BA13,BGFR-5C20E22599A2F9231A9B6571,TRACK_DISTANCE_SURFACE_CONDITION,THE VALLEY,1000,,NOT_AVAILABLE_IN_SOURCE,TURF,AVAILABLE_BY_GOVERNED_SURFACE_RESOLVER,SOFT,AVAILABLE,MEDIAN_WINNER_RACE_TIME_SECONDS_RECOVERED_TIMING_MIN20,59.920000,221,57.740000,62.240000,20,AVAILABLE,5c20e22599a2f9231a9b6571,584737e447994c4c7c9d1c87f7906ce87c4eee38d4b974024e4af84fbd4566e3,0b371a30cebcbb33a445f579569bb72e1f89b1b4d9438851a5bb2976d16f6ce2,EDGEIQ_TIMING_WAREHOUSE_RECOVERY_V1,edgeiq_standard_time_recovered_v1.0.0,1.0.0,2026-07-30T07:43:47Z
STFR-AD82163189DF8643E212EC5C,BGFR-6EA6767F8FCE487DFC76EF1F,TRACK_DISTANCE_SURFACE_CONDITION,THE VALLEY,1200,,NOT_AVAILABLE_IN_SOURCE,TURF,AVAILABLE_BY_GOVERNED_SURFACE_RESOLVER,GOOD,AVAILABLE,MEDIAN_WINNER_RACE_TIME_SECONDS_RECOVERED_TIMING_MIN20,71.140000,694,68.770000,74.550000,20,AVAILABLE,6ea6767f8fce487dfc76ef1f,689a8c06b1e91ab44a50b142488b7a9183e0fb1652c9885ac9965da55b12f9c8,c1490f900bf9ce20a977b714321199a40e772903cb766013ee4728f16bcf83b8,EDGEIQ_TIMING_WAREHOUSE_RECOVERY_V1,edgeiq_standard_time_recovered_v1.0.0,1.0.0,2026-07-30T07:43:47Z
STFR-E90345B9192A982B8E5FD42E,BGFR-4035386A69C1E6D6058E2C3F,TRACK_DISTANCE_SURFACE_CONDITION,THE VALLEY,1200,,NOT_AVAILABLE_IN_SOURCE,TURF,AVAILABLE_BY_GOVERNED_SURFACE_RESOLVER,HEAVY,AVAILABLE,MEDIAN_WINNER_RACE_TIME_SECONDS_RECOVERED_TIMING_MIN20,74.650000,22,70.550000,76.100000,20,AVAILABLE,4035386a69c1e6d6058e2c3f,997410196fc26a15b33c279e2dcf79237658a0763e4dad4aeac19e0cc1f472a0,06753d14c0447fa4c72a88db7a731c0c53bfc7e20817417e4d9dd51a4e0bc6fd,EDGEIQ_TIMING_WAREHOUSE_RECOVERY_V1,edgeiq_standard_time_recovered_v1.0.0,1.0.0,2026-07-30T07:43:47Z
STFR-FC9E95E13D719455BB7341B2,BGFR-5F1EF395AD51E0E604567EC1,TRACK_DISTANCE_SURFACE_CONDITION,THE VALLEY,1200,,NOT_AVAILABLE_IN_SOURCE,TURF,AVAILABLE_BY_GOVERNED_SURFACE_RESOLVER,SOFT,AVAILABLE,MEDIAN_WINNER_RACE_TIME_SECONDS_RECOVERED_TIMING_MIN20,72.770000,343,69.750000,75.700000,20,AVAILABLE,5f1ef395ad51e0e604567ec1,67391c48bc418b9ed01b1c43bfcebcbf21fe7640f997a966b89170cc4c674bd7,ca0713e34f2a87492b8134e54def73f6209615d7295c12329c76e958a0695259,EDGEIQ_TIMING_WAREHOUSE_RECOVERY_V1,edgeiq_standard_time_recovered_v1.0.0,1.0.0,2026-07-30T07:43:47Z
STFR-2F06E5B34E7B3F5527204437,BGFR-AA35229D22A021FE245491CB,TRACK_DISTANCE_SURFACE_CONDITION,THE VALLEY,1500,,NOT_AVAILABLE_IN_SOURCE,TURF,AVAILABLE_BY_GOVERNED_SURFACE_RESOLVER,GOOD,AVAILABLE,MEDIAN_WINNER_RACE_TIME_SECONDS_RECOVERED_TIMING_MIN20,91.090000,85,88.870000,93.920000,20,AVAILABLE,aa35229d22a021fe245491cb,49d76a8590cacc2da8b82f5e62de7092edcb2a6253beafe89fe55c9e71a35e2f,ca995f16497aa3f4246ba9f90914b076f053d3680a843bca8adb4cdb0321a82c,EDGEIQ_TIMING_WAREHOUSE_RECOVERY_V1,edgeiq_standard_time_recovered_v1.0.0,1.0.0,2026-07-30T07:43:47Z
STFR-F2B51A9DA61EEFEEE6791215,BGFR-54EF25081C76644D687EB4A4,TRACK_DISTANCE_SURFACE_CONDITION,THE VALLEY,1500,,NOT_AVAILABLE_IN_SOURCE,TURF,AVAILABLE_BY_GOVERNED_SURFACE_RESOLVER,SOFT,AVAILABLE,MEDIAN_WINNER_RACE_TIME_SECONDS_RECOVERED_TIMING_MIN20,93.360000,41,90.240000,96.910000,20,AVAILABLE,54ef25081c76644d687eb4a4,d66bd301b16cf20c2858201dd91982a28b3d46e83da2ba076347d960568a8ae6,a2f35d5573431264d6ce16986ab29b02e5d99931165ccc061c88b358516e0ab3,EDGEIQ_TIMING_WAREHOUSE_RECOVERY_V1,edgeiq_standard_time_recovered_v1.0.0,1.0.0,2026-07-30T07:43:47Z
STFR-5D0F6178F5935B6E4A66A407,BGFR-2790593B2DBC173B7E704BD7,TRACK_DISTANCE_SURFACE_CONDITION,THE VALLEY,1514,,NOT_AVAILABLE_IN_SOURCE,TURF,AVAILABLE_BY_GOVERNED_SURFACE_RESOLVER,GOOD,AVAILABLE,MEDIAN_WINNER_RACE_TIME_SECONDS_RECOVERED_TIMING_MIN20,92.280000,27,90.800000,93.840000,20,AVAILABLE,2790593b2dbc173b7e704bd7,c3ee6017d1e0633444bd853a6ba9686e92ddc9a3af65bb4aeab12ddb3e9cd289,d46165e4847933e929843285bbca1b0a101b257e5a8dc665ace686ce949788a9,EDGEIQ_TIMING_WAREHOUSE_RECOVERY_V1,edgeiq_standard_time_recovered_v1.0.0,1.0.0,2026-07-30T07:43:47Z
STFR-8FFE244B91E15BEF3B19F469,BGFR-E40E941753A78A1093D5B6C4,TRACK_DISTANCE_SURFACE_CONDITION,THE VALLEY,1519,,NOT_AVAILABLE_IN_SOURCE,TURF,AVAILABLE_BY_GOVERNED_SURFACE_RESOLVER,GOOD,AVAILABLE,MEDIAN_WINNER_RACE_TIME_SECONDS_RECOVERED_TIMING_MIN20,92.410000,21,90.050000,94.370000,20,AVAILABLE,e40e941753a78a1093d5b6c4,9bfd93622957c9d6a1ef874d4c4a894068fcee682792680eacc7fa9f12ae69b2,0387c127d99dd298a74cb373dd230e02ea30a201e6504edea035e9470e2e20c3,EDGEIQ_TIMING_WAREHOUSE_RECOVERY_V1,edgeiq_standard_time_recovered_v1.0.0,1.0.0,2026-07-30T07:43:47Z
STFR-0296426170AB3090DEA27C04,BGFR-2588E810501E182953ADCF24,TRACK_DISTANCE_SURFACE_CONDITION,THE VALLEY,1523,,NOT_AVAILABLE_IN_SOURCE,TURF,AVAILABLE_BY_GOVERNED_SURFACE_RESOLVER,GOOD,AVAILABLE,MEDIAN_WINNER_RACE_TIME_SECONDS_RECOVERED_TIMING_MIN20,92.660000,21,91.260000,95.100000,20,AVAILABLE,2588e810501e182953adcf24,ee7c98e1ad5edff3eca2e901214271b1d479891c1ea41cf925c5f0c3c76a4888,04f081e80c7897bbad6604bef882e5d6515e3fc5cad38947f96bf63b882d39e9,EDGEIQ_TIMING_WAREHOUSE_RECOVERY_V1,edgeiq_standard_time_recovered_v1.0.0,1.0.0,2026-07-30T07:43:47Z
STFR-D37E673241CAC6C9D3451363,BGFR-1D996368EC47015C402B7A58,TRACK_DISTANCE_SURFACE_CONDITION,THE VALLEY,1533,,NOT_AVAILABLE_IN_SOURCE,TURF,AVAILABLE_BY_GOVERNED_SURFACE_RESOLVER,GOOD,AVAILABLE,MEDIAN_WINNER_RACE_TIME_SECONDS_RECOVERED_TIMING_MIN20,93.395000,66,90.260000,95.330000,20,AVAILABLE,1d996368ec47015c402b7a58,b70c7185e24c41318783d40936ae5410a2efd7009359dd45a18065b1fa26303b,1f5bcec9910d25f6123c33ad818ea065ee4f15c2daaccb31bb7f66901cb322e7,EDGEIQ_TIMING_WAREHOUSE_RECOVERY_V1,edgeiq_standard_time_recovered_v1.0.0,1.0.0,2026-07-30T07:43:47Z
STFR-3692657590F347E8DDD6AACA,BGFR-FF5AD0782FFD6A1BE9448FE1,TRACK_DISTANCE_SURFACE_CONDITION,THE VALLEY,1533,,NOT_AVAILABLE_IN_SOURCE,TURF,AVAILABLE_BY_GOVERNED_SURFACE_RESOLVER,SOFT,AVAILABLE,MEDIAN_WINNER_RACE_TIME_SECONDS_RECOVERED_TIMING_MIN20,95.390000,23,93.400000,98.070000,20,AVAILABLE,ff5ad0782ffd6a1be9448fe1,43096838470a6cf441b7c7e9bd4d9c3bbc5fbaf73e549c3df9e8e95365bf84ad,3316b0e4300b79832d1f1dc97d560102a8b69e66426777a3393ad86e7fbad102,EDGEIQ_TIMING_WAREHOUSE_RECOVERY_V1,edgeiq_standard_time_recovered_v1.0.0,1.0.0,2026-07-30T07:43:47Z
STFR-6278B0588A3C732E9EC49C59,BGFR-72D1896953C79EE331325AE2,TRACK_DISTANCE_SURFACE_CONDITION,THE VALLEY,1600,,NOT_AVAILABLE_IN_SOURCE,TURF,AVAILABLE_BY_GOVERNED_SURFACE_RESOLVER,GOOD,AVAILABLE,MEDIAN_WINNER_RACE_TIME_SECONDS_RECOVERED_TIMING_MIN20,97.370000,462,94.370000,101.160000,20,AVAILABLE,72d1896953c79ee331325ae2,b43d43991bd2c612db572d73a871fc29d686f9f104b59ff3a5e9d4d4b36346f6,dd4c16b4d08c692eaab7d99db905929a9018ee6ce41091f294e83eb3af06a791,EDGEIQ_TIMING_WAREHOUSE_RECOVERY_V1,edgeiq_standard_time_recovered_v1.0.0,1.0.0,2026-07-30T07:43:47Z
STFR-BE7F677C8076D3954D7E414B,BGFR-4AC9D1B5E126A0F63B8A36E3,TRACK_DISTANCE_SURFACE_CONDITION,THE VALLEY,1600,,NOT_AVAILABLE_IN_SOURCE,TURF,AVAILABLE_BY_GOVERNED_SURFACE_RESOLVER,HEAVY,AVAILABLE,MEDIAN_WINNER_RACE_TIME_SECONDS_RECOVERED_TIMING_MIN20,101.720000,28,96.040000,106.090000,20,AVAILABLE,4ac9d1b5e126a0f63b8a36e3,504e900543eec35555d03db3b08de90ab44ad852aa028eb70f578f1ee56fe13a,77c31e63ae49c9e8f28d32d457618c09bce4353d659147d13ddbb0774f50bd34,EDGEIQ_TIMING_WAREHOUSE_RECOVERY_V1,edgeiq_standard_time_recovered_v1.0.0,1.0.0,2026-07-30T07:43:47Z
STFR-9887E0372BDC076427AC4FFB,BGFR-7F28C0D1B08E49E9BD937219,TRACK_DISTANCE_SURFACE_CONDITION,THE VALLEY,1600,,NOT_AVAILABLE_IN_SOURCE,TURF,AVAILABLE_BY_GOVERNED_SURFACE_RESOLVER,SOFT,AVAILABLE,MEDIAN_WINNER_RACE_TIME_SECONDS_RECOVERED_TIMING_MIN20,99.370000,239,95.960000,104.350000,20,AVAILABLE,7f28c0d1b08e49e9bd937219,aa1a1be44afbe061759617c1d2e3f3c5400b269a7e6ab7a739245bddbca0b1f3,270caa2cda9e9d429d00b37fa95f9a0c6ebeef4a7d368c9b827b397d69406173,EDGEIQ_TIMING_WAREHOUSE_RECOVERY_V1,edgeiq_standard_time_recovered_v1.0.0,1.0.0,2026-07-30T07:43:47Z
STFR-5017CE80ACB82234AB7CDB42,BGFR-0F3AE8CB23398F32789813A6,TRACK_DISTANCE_SURFACE_CONDITION,THE VALLEY,2040,,NOT_AVAILABLE_IN_SOURCE,TURF,AVAILABLE_BY_GOVERNED_SURFACE_RESOLVER,GOOD,AVAILABLE,MEDIAN_WINNER_RACE_TIME_SECONDS_RECOVERED_TIMING_MIN20,127.080000,329,121.070000,132.950000,20,AVAILABLE,0f3ae8cb23398f32789813a6,582e9b381e78228c560ff611bf075f567f620dec40e1785a4cadfe3f7de16750,39fa06433dc7fd297520aab2aeda715c9b77da6c2417e8cced620823b13c337c,EDGEIQ_TIMING_WAREHOUSE_RECOVERY_V1,edgeiq_standard_time_recovered_v1.0.0,1.0.0,2026-07-30T07:43:47Z
STFR-DDD44D8860B27756B51D4879,BGFR-CB2A8FF34EFB3FFE8AAFA718,TRACK_DISTANCE_SURFACE_CONDITION,THE VALLEY,2040,,NOT_AVAILABLE_IN_SOURCE,TURF,AVAILABLE_BY_GOVERNED_SURFACE_RESOLVER,SOFT,AVAILABLE,MEDIAN_WINNER_RACE_TIME_SECONDS_RECOVERED_TIMING_MIN20,129.880000,182,125.280000,136.060000,20,AVAILABLE,cb2a8ff34efb3ffe8aafa718,671fcca39b0e38687fc7e4b6246225699aeec7b01ffe847691cce132a4dd4bfc,06f2f17b558457c1992a137f164a4e797b86d3c7ec15d4123b61ec958b224d2c,EDGEIQ_TIMING_WAREHOUSE_RECOVERY_V1,edgeiq_standard_time_recovered_v1.0.0,1.0.0,2026-07-30T07:43:47Z
STFR-9FA7F75AB0D3F27D71C74A10,BGFR-1C2B9EB210341B18E5D5985F,TRACK_DISTANCE_SURFACE_CONDITION,THE VALLEY,2500,,NOT_AVAILABLE_IN_SOURCE,TURF,AVAILABLE_BY_GOVERNED_SURFACE_RESOLVER,GOOD,AVAILABLE,MEDIAN_WINNER_RACE_TIME_SECONDS_RECOVERED_TIMING_MIN20,158.320000,104,154.370000,162.470000,20,AVAILABLE,1c2b9eb210341b18e5d5985f,10f19b5c9a6d0ab211b41645451ecb32b5acc66cbfaf665d1935130b9d6008cb,674ec28619dbd223a2061008889625c37d470ae92897286ced24c28be5bbf4c0,EDGEIQ_TIMING_WAREHOUSE_RECOVERY_V1,edgeiq_standard_time_recovered_v1.0.0,1.0.0,2026-07-30T07:43:47Z
STFR-07023DD990A1008AA757E1B5,BGFR-E37C1D616A1A48BC7D8C6DB4,TRACK_DISTANCE_SURFACE_CONDITION,THE VALLEY,2500,,NOT_AVAILABLE_IN_SOURCE,TURF,AVAILABLE_BY_GOVERNED_SURFACE_RESOLVER,SOFT,AVAILABLE,MEDIAN_WINNER_RACE_TIME_SECONDS_RECOVERED_TIMING_MIN20,160.930000,36,156.560000,167.800000,20,AVAILABLE,e37c1d616a1a48bc7d8c6db4,82830a72a506cd694e9f8479fc0e1a157935f12c09f34b8bcade441e5875f41e,67a30234ecb69fdd33296d60ff8836584c7673e944157d326c7c7f25b445e6ed,EDGEIQ_TIMING_WAREHOUSE_RECOVERY_V1,edgeiq_standard_time_recovered_v1.0.0,1.0.0,2026-07-30T07:43:47Z
STFR-B88C75DEC01CF07B7A747CDD,BGFR-F54D2CC3E91C218266C03C7B,TRACK_DISTANCE_SURFACE_CONDITION,THE VALLEY,3000,,NOT_AVAILABLE_IN_SOURCE,TURF,AVAILABLE_BY_GOVERNED_SURFACE_RESOLVER,GOOD,AVAILABLE,MEDIAN_WINNER_RACE_TIME_SECONDS_RECOVERED_TIMING_MIN20,192.085000,94,188.950000,199.540000,20,AVAILABLE,f54d2cc3e91c218266c03c7b,b9fbdabfd339df299b21e4a9d24690bad7823d030d539926e56fc4a2f79bab5b,0692444b4d1cb968e289e0df4e6e962d4353d9029c25862abe455f0740d4f255,EDGEIQ_TIMING_WAREHOUSE_RECOVERY_V1,edgeiq_standard_time_recovered_v1.0.0,1.0.0,2026-07-30T07:43:47Z
STFR-6CD8A2976FBC16D50F44F972,BGFR-355795326CDB66976F3806D8,TRACK_DISTANCE_SURFACE_CONDITION,THE VALLEY,3000,,NOT_AVAILABLE_IN_SOURCE,TURF,AVAILABLE_BY_GOVERNED_SURFACE_RESOLVER,SOFT,AVAILABLE,MEDIAN_WINNER_RACE_TIME_SECONDS_RECOVERED_TIMING_MIN20,195.540000,41,190.310000,202.240000,20,AVAILABLE,355795326cdb66976f3806d8,ae6d173137bfd032ff321d0db02bbc4380a15e0418abc8e5ed731c4a4817aa66,732c8ae8a4c36cefeff63f6e3c09cf1e4f6008ac1533d71d4f46b5112b58cff4,EDGEIQ_TIMING_WAREHOUSE_RECOVERY_V1,edgeiq_standard_time_recovered_v1.0.0,1.0.0,2026-07-30T07:43:47Z
STFR-361F5369EB2B6EB8BB60580E,BGFR-BADF3D814CCC77C14755BB77,TRACK_DISTANCE_SURFACE_CONDITION,THE VALLEY,3200,,NOT_AVAILABLE_IN_SOURCE,TURF,AVAILABLE_BY_GOVERNED_SURFACE_RESOLVER,SOFT,AVAILABLE,MEDIAN_WINNER_RACE_TIME_SECONDS_RECOVERED_TIMING_MIN20,223.020000,42,215.410000,239.150000,20,AVAILABLE,badf3d814ccc77c14755bb77,3205cfedf6df855eca100c71f74ca201be6ef7ce378f43fd0d7fbae25a15e178,6d71e14b1e35425a21500dee1330d6126a8fd4f4e0d4d082ad615acd8ddf9308,EDGEIQ_TIMING_WAREHOUSE_RECOVERY_V1,edgeiq_standard_time_recovered_v1.0.0,1.0.0,2026-07-30T07:43:47Z
STFR-E3ED5DFBC543CB0D93761701,BGFR-90FACA9AA61C5C70D096EEA9,TRACK_DISTANCE_SURFACE_CONDITION,THE VALLEY,955,,NOT_AVAILABLE_IN_SOURCE,TURF,AVAILABLE_BY_GOVERNED_SURFACE_RESOLVER,GOOD,AVAILABLE,MEDIAN_WINNER_RACE_TIME_SECONDS_RECOVERED_TIMING_MIN20,55.560000,104,54.640000,56.890000,20,AVAILABLE,90faca9aa61c5c70d096eea9,60e54d39b43e2ffae83f595b62020218c2a39fafeacafb9c1a81be3ba0864b98,7893ad3b03823c691d15960591cbfc185479c57fa077043edff800e27e463519,EDGEIQ_TIMING_WAREHOUSE_RECOVERY_V1,edgeiq_standard_time_recovered_v1.0.0,1.0.0,2026-07-30T07:43:47Z
STFR-4EE8EB9E9BF7245EC409C630,BGFR-4D962907DDC3786F76AFE09C,TRACK_DISTANCE_SURFACE_CONDITION,TRARALGON,1100,,NOT_AVAILABLE_IN_SOURCE,TURF,AVAILABLE_BY_GOVERNED_SURFACE_RESOLVER,GOOD,AVAILABLE,MEDIAN_WINNER_RACE_TIME_SECONDS_RECOVERED_TIMING_MIN20,64.945000,64,63.450000,68.440000,20,AVAILABLE,4d962907ddc3786f76afe09c,8ed0c21e9f17d344aa1597ab0aedd1508ba4f978661013f569b7fb640b790607,3ca4d65a0ccc88e6f847679d48633fa7684eecd6f927cdab0451687c3fd8f27e,EDGEIQ_TIMING_WAREHOUSE_RECOVERY_V1,edgeiq_standard_time_recovered_v1.0.0,1.0.0,2026-07-30T07:43:47Z
STFR-74AD76A34AD7BDD7FB032221,BGFR-F4BF8EA4770F7C2F2D1FCCA8,TRACK_DISTANCE_SURFACE_CONDITION,TRARALGON,1100,,NOT_AVAILABLE_IN_SOURCE,TURF,AVAILABLE_BY_GOVERNED_SURFACE_RESOLVER,HEAVY,AVAILABLE,MEDIAN_WINNER_RACE_TIME_SECONDS_RECOVERED_TIMING_MIN20,67.775000,22,66.140000,128.900000,20,AVAILABLE,f4bf8ea4770f7c2f2d1fcca8,1e1d5a441fa9a38559aa833983df693a5bd1848fb0886710b663b09024562a17,41d1a9e2ebae0720bb75c4ca56a405d0035608d1125a4b979de157987a421628,EDGEIQ_TIMING_WAREHOUSE_RECOVERY_V1,edgeiq_standard_time_recovered_v1.0.0,1.0.0,2026-07-30T07:43:47Z
STFR-E9CA5DCCB55FA3CE895F2273,BGFR-575E8C9A650242A5E99C57DA,TRACK_DISTANCE_SURFACE_CONDITION,TRARALGON,1100,,NOT_AVAILABLE_IN_SOURCE,TURF,AVAILABLE_BY_GOVERNED_SURFACE_RESOLVER,SOFT,AVAILABLE,MEDIAN_WINNER_RACE_TIME_SECONDS_RECOVERED_TIMING_MIN20,65.530000,39,64.170000,67.850000,20,AVAILABLE,575e8c9a650242a5e99c57da,e442bc12f6d329de0714b1cecffdce0ea3c69455b9266da62fc0b1036950cce1,a2eeaacd6f952a70e3af640ece017bc7b8ecc21a5958e58c150e7ee16a98791a,EDGEIQ_TIMING_WAREHOUSE_RECOVERY_V1,edgeiq_standard_time_recovered_v1.0.0,1.0.0,2026-07-30T07:43:47Z
STFR-1C4C52ED71B7C066A8F8A504,BGFR-3F4B5505E1489E3328F9D485,TRACK_DISTANCE_SURFACE_CONDITION,TRARALGON,1200,,NOT_AVAILABLE_IN_SOURCE,TURF,AVAILABLE_BY_GOVERNED_SURFACE_RESOLVER,GOOD,AVAILABLE,MEDIAN_WINNER_RACE_TIME_SECONDS_RECOVERED_TIMING_MIN20,71.190000,41,69.650000,73.280000,20,AVAILABLE,3f4b5505e1489e3328f9d485,84152d19eadf9b7f96a146f308aa94b47664109d2761b991a30e8e2a2d6c56f4,1602759070c04af5095c79f475a4089a88d6151195ca5163bc98c3a921a54ec6,EDGEIQ_TIMING_WAREHOUSE_RECOVERY_V1,edgeiq_standard_time_recovered_v1.0.0,1.0.0,2026-07-30T07:43:47Z
STFR-1677D3F24F46AD904D71A6B4,BGFR-9718DDE1728E2921F18CFF5F,TRACK_DISTANCE_SURFACE_CONDITION,TRARALGON,1200,,NOT_AVAILABLE_IN_SOURCE,TURF,AVAILABLE_BY_GOVERNED_SURFACE_RESOLVER,SOFT,AVAILABLE,MEDIAN_WINNER_RACE_TIME_SECONDS_RECOVERED_TIMING_MIN20,71.890000,23,71.090000,74.110000,20,AVAILABLE,9718dde1728e2921f18cff5f,d941608cf91370a5d513605e430c97d1c96d6e2c65a7e2cba344e52a53a56ee9,d8fb14855ebc1c4d6390473da9b12f018a3c3031a31e3bb740135b72cda5a277,EDGEIQ_TIMING_WAREHOUSE_RECOVERY_V1,edgeiq_standard_time_recovered_v1.0.0,1.0.0,2026-07-30T07:43:47Z
STFR-05BC0AFB3711B7EFFACC2363,BGFR-D942E13D521DD235BA827D34,TRACK_DISTANCE_SURFACE_CONDITION,TRARALGON,1430,,NOT_AVAILABLE_IN_SOURCE,TURF,AVAILABLE_BY_GOVERNED_SURFACE_RESOLVER,GOOD,AVAILABLE,MEDIAN_WINNER_RACE_TIME_SECONDS_RECOVERED_TIMING_MIN20,86.550000,86,84.430000,88.810000,20,AVAILABLE,d942e13d521dd235ba827d34,de5dfef940bc7e7ad88d43f07a87bdacfd99f024f65e41686ea0f127e2cf8494,10d32dcab0a622bc34f6a877db65e9a75259f01459ca771e8d7e8220db8240d6,EDGEIQ_TIMING_WAREHOUSE_RECOVERY_V1,edgeiq_standard_time_recovered_v1.0.0,1.0.0,2026-07-30T07:43:47Z
STFR-F33B8DCF68CA6E8C1C01238B,BGFR-B337AA5B7B659FD08C2E9EE5,TRACK_DISTANCE_SURFACE_CONDITION,TRARALGON,1430,,NOT_AVAILABLE_IN_SOURCE,TURF,AVAILABLE_BY_GOVERNED_SURFACE_RESOLVER,HEAVY,AVAILABLE,MEDIAN_WINNER_RACE_TIME_SECONDS_RECOVERED_TIMING_MIN20,90.550000,22,87.970000,92.180000,20,AVAILABLE,b337aa5b7b659fd08c2e9ee5,326eff6aaf8f1486ec2d6a9d1f20dbbebd94150c0e4583a595c970c7853241d2,66bbc6849e4a27e90b7614b3815d4bc6568039785c6a7be5b1a895f87410988a,EDGEIQ_TIMING_WAREHOUSE_RECOVERY_V1,edgeiq_standard_time_recovered_v1.0.0,1.0.0,2026-07-30T07:43:47Z
STFR-7A93E1EA1058D80AB1BA547D,BGFR-D4051DF8146C414CDC7301E4,TRACK_DISTANCE_SURFACE_CONDITION,TRARALGON,1430,,NOT_AVAILABLE_IN_SOURCE,TURF,AVAILABLE_BY_GOVERNED_SURFACE_RESOLVER,SOFT,AVAILABLE,MEDIAN_WINNER_RACE_TIME_SECONDS_RECOVERED_TIMING_MIN20,87.690000,39,86.000000,91.430000,20,AVAILABLE,d4051df8146c414cdc7301e4,b2bcc334ec193612f9448356af70addaf6a2c9fe999fa2c6a68322b7fa4a084a,e23525190ac4c48963ba30fb95d7993eced75466ccde7d6162670aee217b6256,EDGEIQ_TIMING_WAREHOUSE_RECOVERY_V1,edgeiq_standard_time_recovered_v1.0.0,1.0.0,2026-07-30T07:43:47Z
STFR-3F0EEC9753FC3A01C6B94B21,BGFR-5A6B25EAF346A06EA5168582,TRACK_DISTANCE_SURFACE_CONDITION,TRARALGON,1900,,NOT_AVAILABLE_IN_SOURCE,TURF,AVAILABLE_BY_GOVERNED_SURFACE_RESOLVER,GOOD,AVAILABLE,MEDIAN_WINNER_RACE_TIME_SECONDS_RECOVERED_TIMING_MIN20,119.720000,67,117.000000,124.780000,20,AVAILABLE,5a6b25eaf346a06ea5168582,73cee94b932b4635a774cdad9780e57c69f1ca15da73b3d93d16e136207ce66d,800e2fa2dc90435be010f0dd32a557477a505f2ea2cae7fa677bfdf54a568fcc,EDGEIQ_TIMING_WAREHOUSE_RECOVERY_V1,edgeiq_standard_time_recovered_v1.0.0,1.0.0,2026-07-30T07:43:47Z
STFR-E3277C6FCCDF6C70864158A1,BGFR-2C0FF21D2761054571A25AA5,TRACK_DISTANCE_SURFACE_CONDITION,TRARALGON,1900,,NOT_AVAILABLE_IN_SOURCE,TURF,AVAILABLE_BY_GOVERNED_SURFACE_RESOLVER,SOFT,AVAILABLE,MEDIAN_WINNER_RACE_TIME_SECONDS_RECOVERED_TIMING_MIN20,120.120000,35,117.110000,124.610000,20,AVAILABLE,2c0ff21d2761054571a25aa5,8c85d931b636bf47ed99abe78129f6d650790be7e8f5f6458cb71b3a6dcf2ad6,654058bf28e54e29622553d20a37c9ebde24a0b1b0d825c5be26d4843aeb4b6e,EDGEIQ_TIMING_WAREHOUSE_RECOVERY_V1,edgeiq_standard_time_recovered_v1.0.0,1.0.0,2026-07-30T07:43:47Z
STFR-82EFD07565DBE5A5A628AC41,BGFR-914D2E3197F6CF84AAA5434A,TRACK_DISTANCE_SURFACE_CONDITION,WANGARATTA,1000,,NOT_AVAILABLE_IN_SOURCE,TURF,AVAILABLE_BY_GOVERNED_SURFACE_RESOLVER,GOOD,AVAILABLE,MEDIAN_WINNER_RACE_TIME_SECONDS_RECOVERED_TIMING_MIN20,58.350000,97,56.220000,59.990000,20,AVAILABLE,914d2e3197f6cf84aaa5434a,b0efc03fe945c9d06848f231aee2721bb7b460ff5303cf011b11eb0e859b25e2,71da5e3138afa87385a497b746235f819c18887beec9ad52db4760d1b69b529d,EDGEIQ_TIMING_WAREHOUSE_RECOVERY_V1,edgeiq_standard_time_recovered_v1.0.0,1.0.0,2026-07-30T07:43:47Z
STFR-F54C0ACFAE6376596144C954,BGFR-879E0528C7EC92D15567BFE3,TRACK_DISTANCE_SURFACE_CONDITION,WANGARATTA,1000,,NOT_AVAILABLE_IN_SOURCE,TURF,AVAILABLE_BY_GOVERNED_SURFACE_RESOLVER,SOFT,AVAILABLE,MEDIAN_WINNER_RACE_TIME_SECONDS_RECOVERED_TIMING_MIN20,59.310000,30,56.890000,61.180000,20,AVAILABLE,879e0528c7ec92d15567bfe3,ffcfc40d468697df5cf0ef04e3f675406863158720b920bf49e44139ee098156,e00933f2783d70384d383aced171fcba8935e6594cc3f9c61ef8f27bf1bb31a2,EDGEIQ_TIMING_WAREHOUSE_RECOVERY_V1,edgeiq_standard_time_recovered_v1.0.0,1.0.0,2026-07-30T07:43:47Z
STFR-0E8D096E83B22E5052F4653F,BGFR-DAE29C77D518B403EE302043,TRACK_DISTANCE_SURFACE_CONDITION,WANGARATTA,1100,,NOT_AVAILABLE_IN_SOURCE,TURF,AVAILABLE_BY_GOVERNED_SURFACE_RESOLVER,GOOD,AVAILABLE,MEDIAN_WINNER_RACE_TIME_SECONDS_RECOVERED_TIMING_MIN20,64.520000,53,63.150000,66.120000,20,AVAILABLE,dae29c77d518b403ee302043,4d22d6208e7a14e1d4e66519d049e0f34f6bd5c190a85b11aae39ced28ef2d9b,63d706ae6b99458687cd8e03a275f6bb1b84a26b9aff16cbfc6824cce28555f5,EDGEIQ_TIMING_WAREHOUSE_RECOVERY_V1,edgeiq_standard_time_recovered_v1.0.0,1.0.0,2026-07-30T07:43:47Z
STFR-951E8B281A51A15414491069,BGFR-A10D372E3CE1B850508B973D,TRACK_DISTANCE_SURFACE_CONDITION,WANGARATTA,1100,,NOT_AVAILABLE_IN_SOURCE,TURF,AVAILABLE_BY_GOVERNED_SURFACE_RESOLVER,SOFT,AVAILABLE,MEDIAN_WINNER_RACE_TIME_SECONDS_RECOVERED_TIMING_MIN20,65.680000,33,63.910000,67.320000,20,AVAILABLE,a10d372e3ce1b850508b973d,e894ec9b139e0533bc2e4a798bcbdacd6efeab1221d7b99c0a9e29e4c1c97e61,3731afe866cbae98665d84eb7ecc91f19d2a7f4bb59909c83b6a099ccd354136,EDGEIQ_TIMING_WAREHOUSE_RECOVERY_V1,edgeiq_standard_time_recovered_v1.0.0,1.0.0,2026-07-30T07:43:47Z
STFR-F2F19215CF230B5DC355A196,BGFR-1AADFA2840807B9D38487FCE,TRACK_DISTANCE_SURFACE_CONDITION,WANGARATTA,1170,,NOT_AVAILABLE_IN_SOURCE,TURF,AVAILABLE_BY_GOVERNED_SURFACE_RESOLVER,GOOD,AVAILABLE,MEDIAN_WINNER_RACE_TIME_SECONDS_RECOVERED_TIMING_MIN20,69.330000,159,67.190000,71.450000,20,AVAILABLE,1aadfa2840807b9d38487fce,c3ee88e8294d06e0da6c5885b853042764c4e7deac369928cdbe4dd105eaa7b6,5d3d104139a8acc18b88ce1824d3c5cd431819388faafcba4a33cf275d35ae2a,EDGEIQ_TIMING_WAREHOUSE_RECOVERY_V1,edgeiq_standard_time_recovered_v1.0.0,1.0.0,2026-07-30T07:43:47Z
STFR-4A4E9B47926A072950E7FD47,BGFR-7A2BC34D8F76DF703964C2B6,TRACK_DISTANCE_SURFACE_CONDITION,WANGARATTA,1170,,NOT_AVAILABLE_IN_SOURCE,TURF,AVAILABLE_BY_GOVERNED_SURFACE_RESOLVER,HEAVY,AVAILABLE,MEDIAN_WINNER_RACE_TIME_SECONDS_RECOVERED_TIMING_MIN20,72.035000,22,70.960000,75.160000,20,AVAILABLE,7a2bc34d8f76df703964c2b6,bfb4e4ff8d8fd2c8288083d1d5931829008a88e30a1e2f5c44275a131741a803,6ece1690b24eff73816d1d4e5bd3ca4f594d5704a41ae19f0bcc40d219c40221,EDGEIQ_TIMING_WAREHOUSE_RECOVERY_V1,edgeiq_standard_time_recovered_v1.0.0,1.0.0,2026-07-30T07:43:47Z
STFR-80A76E548FD91CB03EA39DC8,BGFR-FC4109563FB158A990E94201,TRACK_DISTANCE_SURFACE_CONDITION,WANGARATTA,1170,,NOT_AVAILABLE_IN_SOURCE,TURF,AVAILABLE_BY_GOVERNED_SURFACE_RESOLVER,SOFT,AVAILABLE,MEDIAN_WINNER_RACE_TIME_SECONDS_RECOVERED_TIMING_MIN20,70.400000,78,68.140000,72.000000,20,AVAILABLE,fc4109563fb158a990e94201,f064bbc14752fca995ff547af9ed72d0c45eb21382d915ce8394874650548ee9,d9f48d1845746342aa0ac2fbf4683ac07506412ede3e796933deb960ebc5326b,EDGEIQ_TIMING_WAREHOUSE_RECOVERY_V1,edgeiq_standard_time_recovered_v1.0.0,1.0.0,2026-07-30T07:43:47Z
STFR-FD217B40A2A32DCFF43679F1,BGFR-6901AB94A618B57478C56AE8,TRACK_DISTANCE_SURFACE_CONDITION,WANGARATTA,1180,,NOT_AVAILABLE_IN_SOURCE,TURF,AVAILABLE_BY_GOVERNED_SURFACE_RESOLVER,GOOD,AVAILABLE,MEDIAN_WINNER_RACE_TIME_SECONDS_RECOVERED_TIMING_MIN20,69.540000,45,67.690000,70.960000,20,AVAILABLE,6901ab94a618b57478c56ae8,8e6449553e16b346cd4bbb5215a412362dbb052041190eb8e988a4c09994bc6f,29233325bb9fdd2def182b62beffdcb4576ee8a9519fd46a87b6bde3f5478869,EDGEIQ_TIMING_WAREHOUSE_RECOVERY_V1,edgeiq_standard_time_recovered_v1.0.0,1.0.0,2026-07-30T07:43:47Z
STFR-469081E7EC3960C1B92025E5,BGFR-26C7DF43DAEA24B3E8FDF999,TRACK_DISTANCE_SURFACE_CONDITION,WANGARATTA,1300,,NOT_AVAILABLE_IN_SOURCE,TURF,AVAILABLE_BY_GOVERNED_SURFACE_RESOLVER,GOOD,AVAILABLE,MEDIAN_WINNER_RACE_TIME_SECONDS_RECOVERED_TIMING_MIN20,77.940000,65,75.800000,81.120000,20,AVAILABLE,26c7df43daea24b3e8fdf999,167512bbc762efe10d2a451e40fb04605718fc8f48f6096a46d33b6981243c37,7caeaa36a1198710efa7e26489f7ee60766a978f83dbe69ca76e38cb4d469775,EDGEIQ_TIMING_WAREHOUSE_RECOVERY_V1,edgeiq_standard_time_recovered_v1.0.0,1.0.0,2026-07-30T07:43:47Z
STFR-40137CD5B21C2E28F9CA46AE,BGFR-A496EED25654518FE29F171B,TRACK_DISTANCE_SURFACE_CONDITION,WANGARATTA,1300,,NOT_AVAILABLE_IN_SOURCE,TURF,AVAILABLE_BY_GOVERNED_SURFACE_RESOLVER,SOFT,AVAILABLE,MEDIAN_WINNER_RACE_TIME_SECONDS_RECOVERED_TIMING_MIN20,79.280000,39,77.570000,81.470000,20,AVAILABLE,a496eed25654518fe29f171b,d8cf5e935001337c5b48d4c408f7da2d646f0d7457987ce5cea6339495b36ce3,e64e5b30df625e8f1aa8cdc7ebe15108926bdbd54be1bbefdad6cf2dd6933001,EDGEIQ_TIMING_WAREHOUSE_RECOVERY_V1,edgeiq_standard_time_recovered_v1.0.0,1.0.0,2026-07-30T07:43:47Z
STFR-B7322F1BD73240260A8109B5,BGFR-5A1BE7BB17E64E209C10EB0F,TRACK_DISTANCE_SURFACE_CONDITION,WANGARATTA,1400,,NOT_AVAILABLE_IN_SOURCE,TURF,AVAILABLE_BY_GOVERNED_SURFACE_RESOLVER,GOOD,AVAILABLE,MEDIAN_WINNER_RACE_TIME_SECONDS_RECOVERED_TIMING_MIN20,84.530000,155,82.220000,87.980000,20,AVAILABLE,5a1be7bb17e64e209c10eb0f,c77faae43a1d8bd33ba1ee78a027403668ef2f1f2ecbbcb2c9c4a043d6b34213,6f4606b1884109e2ddc2620f13ee766877478641bdc251ae2530f68aaf81fb70,EDGEIQ_TIMING_WAREHOUSE_RECOVERY_V1,edgeiq_standard_time_recovered_v1.0.0,1.0.0,2026-07-30T07:43:47Z
STFR-73356F96BF01BCBFA5AA2367,BGFR-1FA67259DA371897B111C10E,TRACK_DISTANCE_SURFACE_CONDITION,WANGARATTA,1400,,NOT_AVAILABLE_IN_SOURCE,TURF,AVAILABLE_BY_GOVERNED_SURFACE_RESOLVER,HEAVY,AVAILABLE,MEDIAN_WINNER_RACE_TIME_SECONDS_RECOVERED_TIMING_MIN20,88.560000,34,85.700000,91.940000,20,AVAILABLE,1fa67259da371897b111c10e,80df174298f2da50b77286768b31c5042df0668bbb8fadb796005994caac90b1,22acdd547eefc5cbd9fca4ff2e542ea57113088869ad909674ac57c079d625ff,EDGEIQ_TIMING_WAREHOUSE_RECOVERY_V1,edgeiq_standard_time_recovered_v1.0.0,1.0.0,2026-07-30T07:43:47Z
STFR-EEF4FD3B08A69C72E2109658,BGFR-450F8CC6B3F020F5C3ADC779,TRACK_DISTANCE_SURFACE_CONDITION,WANGARATTA,1400,,NOT_AVAILABLE_IN_SOURCE,TURF,AVAILABLE_BY_GOVERNED_SURFACE_RESOLVER,SOFT,AVAILABLE,MEDIAN_WINNER_RACE_TIME_SECONDS_RECOVERED_TIMING_MIN20,86.260000,65,83.960000,88.180000,20,AVAILABLE,450f8cc6b3f020f5c3adc779,15f2133e1a6e4ad5f66b242d729154812c49eaf25023140b2bd479c298068462,e85eea0bdbc58437c0029b8a2d331b7ba69cde68264efbcfced8a1474e530b83,EDGEIQ_TIMING_WAREHOUSE_RECOVERY_V1,edgeiq_standard_time_recovered_v1.0.0,1.0.0,2026-07-30T07:43:47Z
STFR-FA039F9CC2327AB4E5BEC5CE,BGFR-EAE59992E467D454327AAD35,TRACK_DISTANCE_SURFACE_CONDITION,WANGARATTA,1590,,NOT_AVAILABLE_IN_SOURCE,TURF,AVAILABLE_BY_GOVERNED_SURFACE_RESOLVER,GOOD,AVAILABLE,MEDIAN_WINNER_RACE_TIME_SECONDS_RECOVERED_TIMING_MIN20,96.930000,43,95.500000,99.290000,20,AVAILABLE,eae59992e467d454327aad35,562585e03cefcd5096bb8a2504f25e8ed2184d595c924be9d5b846591529e69b,03bb2ffea3703a145e9cd9d2c7ff38cbdbd7a88821711115cb7472504befdb7c,EDGEIQ_TIMING_WAREHOUSE_RECOVERY_V1,edgeiq_standard_time_recovered_v1.0.0,1.0.0,2026-07-30T07:43:47Z
STFR-38AC5D7F147AEF0F7554D80D,BGFR-F0264E9AB0B5487725E0DCE0,TRACK_DISTANCE_SURFACE_CONDITION,WANGARATTA,1590,,NOT_AVAILABLE_IN_SOURCE,TURF,AVAILABLE_BY_GOVERNED_SURFACE_RESOLVER,SOFT,AVAILABLE,MEDIAN_WINNER_RACE_TIME_SECONDS_RECOVERED_TIMING_MIN20,98.910000,31,97.040000,102.280000,20,AVAILABLE,f0264e9ab0b5487725e0dce0,0bd338d18d6d6c9507d5d6c8941a83fcf0dbe74cf23b393e18be424b84c7ed9a,44021cefaeeb1ec6bed88f262562dade78caad44660202ec9bc9b8a7eca10427,EDGEIQ_TIMING_WAREHOUSE_RECOVERY_V1,edgeiq_standard_time_recovered_v1.0.0,1.0.0,2026-07-30T07:43:47Z
STFR-F07519AB8F3C863E2A2E925B,BGFR-307D34B2F40A251C94C3B9EB,TRACK_DISTANCE_SURFACE_CONDITION,WANGARATTA,1600,,NOT_AVAILABLE_IN_SOURCE,TURF,AVAILABLE_BY_GOVERNED_SURFACE_RESOLVER,GOOD,AVAILABLE,MEDIAN_WINNER_RACE_TIME_SECONDS_RECOVERED_TIMING_MIN20,97.800000,115,94.130000,102.240000,20,AVAILABLE,307d34b2f40a251c94c3b9eb,91527be4b92c8d8cc79130c2b51ce0ed7b0ac8140aa8424b9acbc9e6d197f1a6,b5eb8f0deaa8d2082461b226352acb226a1daa74f964e5080ab23871e5805234,EDGEIQ_TIMING_WAREHOUSE_RECOVERY_V1,edgeiq_standard_time_recovered_v1.0.0,1.0.0,2026-07-30T07:43:47Z
STFR-05DC0FEFE3393C8A9856DE8D,BGFR-99C832AB2EED46A8073DBD7B,TRACK_DISTANCE_SURFACE_CONDITION,WANGARATTA,1600,,NOT_AVAILABLE_IN_SOURCE,TURF,AVAILABLE_BY_GOVERNED_SURFACE_RESOLVER,SOFT,AVAILABLE,MEDIAN_WINNER_RACE_TIME_SECONDS_RECOVERED_TIMING_MIN20,99.525000,42,97.440000,102.920000,20,AVAILABLE,99c832ab2eed46a8073dbd7b,c962c74118dfa730c9a0f297c0e1fc8f8f061fa8733e8adc4bf499a0d931c20c,9763e07da0315eee78f86981d0511950093f824a1f4cf521f580053cd6e57f5f,EDGEIQ_TIMING_WAREHOUSE_RECOVERY_V1,edgeiq_standard_time_recovered_v1.0.0,1.0.0,2026-07-30T07:43:47Z
STFR-6B0B833DFC28BD7595BE9FC9,BGFR-52480728C492BF65061B55B1,TRACK_DISTANCE_SURFACE_CONDITION,WANGARATTA,2000,,NOT_AVAILABLE_IN_SOURCE,TURF,AVAILABLE_BY_GOVERNED_SURFACE_RESOLVER,GOOD,AVAILABLE,MEDIAN_WINNER_RACE_TIME_SECONDS_RECOVERED_TIMING_MIN20,126.340000,27,122.720000,132.700000,20,AVAILABLE,52480728c492bf65061b55b1,24f9bced65d47b45619447ec0952eebda7a0606eca0db00b93c88edfa4c0da99,96f19fd1228bdd97f609f59542b764d8476c948b9e1cff688ae4f660e90d89b1,EDGEIQ_TIMING_WAREHOUSE_RECOVERY_V1,edgeiq_standard_time_recovered_v1.0.0,1.0.0,2026-07-30T07:43:47Z
STFR-7313C79A5051A28AF0C90936,BGFR-7867F883A98F2C8C78333E45,TRACK_DISTANCE_SURFACE_CONDITION,WANGARATTA,2010,,NOT_AVAILABLE_IN_SOURCE,TURF,AVAILABLE_BY_GOVERNED_SURFACE_RESOLVER,GOOD,AVAILABLE,MEDIAN_WINNER_RACE_TIME_SECONDS_RECOVERED_TIMING_MIN20,127.195000,72,123.650000,132.980000,20,AVAILABLE,7867f883a98f2c8c78333e45,1e67fbd898bce1e49df2be279e6f2f024dd785f59190776959f32984baf60269,54bd6d02f6c79fc98c43f811227ef61a296d62ea5366eeb60420c31f946a2635,EDGEIQ_TIMING_WAREHOUSE_RECOVERY_V1,edgeiq_standard_time_recovered_v1.0.0,1.0.0,2026-07-30T07:43:47Z
STFR-23370FF1058A9D00D028DBF9,BGFR-57323BCFDD1DD10B1031FFED,TRACK_DISTANCE_SURFACE_CONDITION,WANGARATTA,2010,,NOT_AVAILABLE_IN_SOURCE,TURF,AVAILABLE_BY_GOVERNED_SURFACE_RESOLVER,SOFT,AVAILABLE,MEDIAN_WINNER_RACE_TIME_SECONDS_RECOVERED_TIMING_MIN20,127.560000,21,124.800000,131.380000,20,AVAILABLE,57323bcfdd1dd10b1031ffed,07d5b58989b54b9a87fbcdf16670cfcc1ed356c1a83b3e9afcf61ef8f95c9f24,18474038856a1515b1b9c0b954add99b17c6109c2f2d24f31b6853f5e612578c,EDGEIQ_TIMING_WAREHOUSE_RECOVERY_V1,edgeiq_standard_time_recovered_v1.0.0,1.0.0,2026-07-30T07:43:47Z
STFR-5D9459EBFD0FBFE773727DFF,BGFR-4D52E328C7E5B7D9E4C98D55,TRACK_DISTANCE_SURFACE_CONDITION,WARRACKNABEAL,1200,,NOT_AVAILABLE_IN_SOURCE,TURF,AVAILABLE_BY_GOVERNED_SURFACE_RESOLVER,SOFT,AVAILABLE,MEDIAN_WINNER_RACE_TIME_SECONDS_RECOVERED_TIMING_MIN20,71.970000,22,70.590000,73.060000,20,AVAILABLE,4d52e328c7e5b7d9e4c98d55,3ff984a246d3c9690fbfc8694cd640a1d75b59515b6fa04dbc27f1da6999b9db,82c18c981731ef30d57ef6d883afdaf533d37b34ac9fb3869f6d888059da3917,EDGEIQ_TIMING_WAREHOUSE_RECOVERY_V1,edgeiq_standard_time_recovered_v1.0.0,1.0.0,2026-07-30T07:43:47Z
STFR-7705B3DCD6FF8B96262E4ADF,BGFR-B1DCD5E0510B56D826B34247,TRACK_DISTANCE_SURFACE_CONDITION,WARRNAMBOOL,1000,,NOT_AVAILABLE_IN_SOURCE,TURF,AVAILABLE_BY_GOVERNED_SURFACE_RESOLVER,GOOD,AVAILABLE,MEDIAN_WINNER_RACE_TIME_SECONDS_RECOVERED_TIMING_MIN20,58.780000,89,57.360000,60.580000,20,AVAILABLE,b1dcd5e0510b56d826b34247,df21cd77240d33d419ab5900fdf4a42068ff8b61791cddc0d6ed3d92e5d56dca,7f8a87e6cfa802d3c72f4e87d8a811b5a3dfffdcf0f4599b2ef70d69d9f241a4,EDGEIQ_TIMING_WAREHOUSE_RECOVERY_V1,edgeiq_standard_time_recovered_v1.0.0,1.0.0,2026-07-30T07:43:47Z
STFR-491F9498EF4F3EF744DFA16E,BGFR-8BB56C7EBD2329621330157D,TRACK_DISTANCE_SURFACE_CONDITION,WARRNAMBOOL,1000,,NOT_AVAILABLE_IN_SOURCE,TURF,AVAILABLE_BY_GOVERNED_SURFACE_RESOLVER,HEAVY,AVAILABLE,MEDIAN_WINNER_RACE_TIME_SECONDS_RECOVERED_TIMING_MIN20,61.520000,50,59.190000,63.330000,20,AVAILABLE,8bb56c7ebd2329621330157d,7e4cb37b9e144a1d9d0970cf78c540b884ca28342ebd781cd60134f18b1ce9ba,59e44655ea5419b722c0c4975afacae4a1fb9716981a2ce0361cd6dbb2ee8d2e,EDGEIQ_TIMING_WAREHOUSE_RECOVERY_V1,edgeiq_standard_time_recovered_v1.0.0,1.0.0,2026-07-30T07:43:47Z
STFR-606C039D17C22A7DD3C9A94A,BGFR-7602CB5674E3F6CA0428E336,TRACK_DISTANCE_SURFACE_CONDITION,WARRNAMBOOL,1000,,NOT_AVAILABLE_IN_SOURCE,TURF,AVAILABLE_BY_GOVERNED_SURFACE_RESOLVER,SOFT,AVAILABLE,MEDIAN_WINNER_RACE_TIME_SECONDS_RECOVERED_TIMING_MIN20,59.430000,70,57.680000,61.830000,20,AVAILABLE,7602cb5674e3f6ca0428e336,abab1284028f8e39a91d839fbf4d3612b875f545c00cf3f5ca2818d58e828908,0b6339caf2598817f77fc4379d234ac066fe57f4df60e4b43cc18e23969f1de7,EDGEIQ_TIMING_WAREHOUSE_RECOVERY_V1,edgeiq_standard_time_recovered_v1.0.0,1.0.0,2026-07-30T07:43:47Z
STFR-05A1FB18F97192EF529792A9,BGFR-43141521AAE36FC16C3D2ECE,TRACK_DISTANCE_SURFACE_CONDITION,WARRNAMBOOL,1100,,NOT_AVAILABLE_IN_SOURCE,TURF,AVAILABLE_BY_GOVERNED_SURFACE_RESOLVER,GOOD,AVAILABLE,MEDIAN_WINNER_RACE_TIME_SECONDS_RECOVERED_TIMING_MIN20,64.885000,112,63.210000,67.010000,20,AVAILABLE,43141521aae36fc16c3d2ece,e0fc586b7daf910111f9e6e865e89853ccb780507a3bee1bca830ee6d2378939,24abb101fd1d276a6c93f96e0f3c1ec812b5a404f776eccb25fbf78bf4aa6039,EDGEIQ_TIMING_WAREHOUSE_RECOVERY_V1,edgeiq_standard_time_recovered_v1.0.0,1.0.0,2026-07-30T07:43:47Z
STFR-068639F0F5ADFA8EC6BBF97A,BGFR-F1167D974D4161BE18CBE17C,TRACK_DISTANCE_SURFACE_CONDITION,WARRNAMBOOL,1100,,NOT_AVAILABLE_IN_SOURCE,TURF,AVAILABLE_BY_GOVERNED_SURFACE_RESOLVER,HEAVY,AVAILABLE,MEDIAN_WINNER_RACE_TIME_SECONDS_RECOVERED_TIMING_MIN20,68.230000,53,66.090000,72.170000,20,AVAILABLE,f1167d974d4161be18cbe17c,c34b4e447d6a0f164fbe2a775c965dc709cb30f124730055396ff31b37c0abf7,25d0cd29739ada550aeb91b3b544954068958edc5b6a98bb24942cd7a63dfeff,EDGEIQ_TIMING_WAREHOUSE_RECOVERY_V1,edgeiq_standard_time_recovered_v1.0.0,1.0.0,2026-07-30T07:43:47Z
STFR-782D5C9313B55AB9AEE85318,BGFR-95516E1A6AFBCF9EE14F3234,TRACK_DISTANCE_SURFACE_CONDITION,WARRNAMBOOL,1100,,NOT_AVAILABLE_IN_SOURCE,TURF,AVAILABLE_BY_GOVERNED_SURFACE_RESOLVER,SOFT,AVAILABLE,MEDIAN_WINNER_RACE_TIME_SECONDS_RECOVERED_TIMING_MIN20,66.120000,89,64.060000,68.010000,20,AVAILABLE,95516e1a6afbcf9ee14f3234,ab825725307a8bc519f911ca0f0a79ce96fccd53967d87daa8414511b6d89791,151ba20fd85c7c6e0a53ee31b2993ee901c1ab0d7d8e5b56d83b91bf825fbf4a,EDGEIQ_TIMING_WAREHOUSE_RECOVERY_V1,edgeiq_standard_time_recovered_v1.0.0,1.0.0,2026-07-30T07:43:47Z
STFR-B1854633E98779BD2FA0E7A1,BGFR-2DFE11836BD81DCA404E3564,TRACK_DISTANCE_SURFACE_CONDITION,WARRNAMBOOL,1200,,NOT_AVAILABLE_IN_SOURCE,TURF,AVAILABLE_BY_GOVERNED_SURFACE_RESOLVER,GOOD,AVAILABLE,MEDIAN_WINNER_RACE_TIME_SECONDS_RECOVERED_TIMING_MIN20,71.420000,165,69.560000,74.450000,20,AVAILABLE,2dfe11836bd81dca404e3564,9104bd7eb2ac8a7a3428517d5f9723f06b76441c925954ca64e5e5252fff16f3,e0c41cc583b3c74d51c9afd3cbab25c9be2d19c58717202163e81b1920a8d574,EDGEIQ_TIMING_WAREHOUSE_RECOVERY_V1,edgeiq_standard_time_recovered_v1.0.0,1.0.0,2026-07-30T07:43:47Z
STFR-C61F9CE149D02F5EFF495862,BGFR-7D3E107238EEEDD0F601BB40,TRACK_DISTANCE_SURFACE_CONDITION,WARRNAMBOOL,1200,,NOT_AVAILABLE_IN_SOURCE,TURF,AVAILABLE_BY_GOVERNED_SURFACE_RESOLVER,HEAVY,AVAILABLE,MEDIAN_WINNER_RACE_TIME_SECONDS_RECOVERED_TIMING_MIN20,75.135000,102,71.910000,78.400000,20,AVAILABLE,7d3e107238eeedd0f601bb40,f739ef3d7c082ccd7585134c1696671cb14ea91d9fa70459b39e68748879fa53,c1eaa6d2a802e11798b7bd7e9b63d84c7c4e94a7eeecfc6fe5a869a5107e315e,EDGEIQ_TIMING_WAREHOUSE_RECOVERY_V1,edgeiq_standard_time_recovered_v1.0.0,1.0.0,2026-07-30T07:43:47Z
STFR-18137A2EA0D50C7F23390457,BGFR-38DBDEBF15EE0D82B1981151,TRACK_DISTANCE_SURFACE_CONDITION,WARRNAMBOOL,1200,,NOT_AVAILABLE_IN_SOURCE,TURF,AVAILABLE_BY_GOVERNED_SURFACE_RESOLVER,SOFT,AVAILABLE,MEDIAN_WINNER_RACE_TIME_SECONDS_RECOVERED_TIMING_MIN20,72.610000,158,70.210000,76.080000,20,AVAILABLE,38dbdebf15ee0d82b1981151,54922256107d31d5b8ddc876fbdd2ac1fe64681b8aeae878663b9c3cb57b0941,66952a674779faf35dabe1ff0851767d73aa8e4702ccb3f69fde94e49985d8ac,EDGEIQ_TIMING_WAREHOUSE_RECOVERY_V1,edgeiq_standard_time_recovered_v1.0.0,1.0.0,2026-07-30T07:43:47Z
STFR-2E0AFF46614D1EABCFD7776C,BGFR-F17223EE3521F20CE7B51F70,TRACK_DISTANCE_SURFACE_CONDITION,WARRNAMBOOL,1300,,NOT_AVAILABLE_IN_SOURCE,TURF,AVAILABLE_BY_GOVERNED_SURFACE_RESOLVER,GOOD,AVAILABLE,MEDIAN_WINNER_RACE_TIME_SECONDS_RECOVERED_TIMING_MIN20,77.790000,73,75.540000,80.720000,20,AVAILABLE,f17223ee3521f20ce7b51f70,2e842b3ed82cf8c331c59e79ada3323375fd3ec00c7a162d0e3b8f66e86d155d,e3f05e1d434a25cad347509cfed75eb0445b8916d8118eaa0bd7c5f7ad3de636,EDGEIQ_TIMING_WAREHOUSE_RECOVERY_V1,edgeiq_standard_time_recovered_v1.0.0,1.0.0,2026-07-30T07:43:47Z
STFR-9B34AA85F23483800600A58C,BGFR-E2088E2F547F0470C30A06B3,TRACK_DISTANCE_SURFACE_CONDITION,WARRNAMBOOL,1300,,NOT_AVAILABLE_IN_SOURCE,TURF,AVAILABLE_BY_GOVERNED_SURFACE_RESOLVER,HEAVY,AVAILABLE,MEDIAN_WINNER_RACE_TIME_SECONDS_RECOVERED_TIMING_MIN20,81.560000,41,79.970000,85.750000,20,AVAILABLE,e2088e2f547f0470c30a06b3,fb07f925ea81728c3d399b4833658da275389800fac1942493bbc52b2010e81b,de6f0bc923fd0417af1618bfa35bce38c35e5ca1a447204a533fd58b97d10a44,EDGEIQ_TIMING_WAREHOUSE_RECOVERY_V1,edgeiq_standard_time_recovered_v1.0.0,1.0.0,2026-07-30T07:43:47Z
STFR-33A2AB046E0FA75749D71B07,BGFR-FFD366E7F4F073208024692F,TRACK_DISTANCE_SURFACE_CONDITION,WARRNAMBOOL,1300,,NOT_AVAILABLE_IN_SOURCE,TURF,AVAILABLE_BY_GOVERNED_SURFACE_RESOLVER,SOFT,AVAILABLE,MEDIAN_WINNER_RACE_TIME_SECONDS_RECOVERED_TIMING_MIN20,79.375000,70,77.350000,82.250000,20,AVAILABLE,ffd366e7f4f073208024692f,fd3b23ed07c760be0a05ba57d8fc151f1e9120989813433ba1f5c3a7b3584f74,751e087c29db48d7af994eb622cf52c878382d22f6634790fcd777ca7c107aa5,EDGEIQ_TIMING_WAREHOUSE_RECOVERY_V1,edgeiq_standard_time_recovered_v1.0.0,1.0.0,2026-07-30T07:43:47Z
STFR-76EA9201CB1700B91A9BCAB0,BGFR-CAC07E192337C663ED9CBCE2,TRACK_DISTANCE_SURFACE_CONDITION,WARRNAMBOOL,1400,,NOT_AVAILABLE_IN_SOURCE,TURF,AVAILABLE_BY_GOVERNED_SURFACE_RESOLVER,GOOD,AVAILABLE,MEDIAN_WINNER_RACE_TIME_SECONDS_RECOVERED_TIMING_MIN20,83.970000,234,80.820000,86.960000,20,AVAILABLE,cac07e192337c663ed9cbce2,3bddeabf39f0fae0ff03117055ac4074598e301eaef9bc270433b56809188337,2d129ee1fe08e971ae44b2be9ba352f96c9ee70c257087995cce48eb8b43b937,EDGEIQ_TIMING_WAREHOUSE_RECOVERY_V1,edgeiq_standard_time_recovered_v1.0.0,1.0.0,2026-07-30T07:43:47Z
STFR-6CE96011A7EA6563D60E3C7A,BGFR-A29451D007BFEAE1B43C9605,TRACK_DISTANCE_SURFACE_CONDITION,WARRNAMBOOL,1400,,NOT_AVAILABLE_IN_SOURCE,TURF,AVAILABLE_BY_GOVERNED_SURFACE_RESOLVER,HEAVY,AVAILABLE,MEDIAN_WINNER_RACE_TIME_SECONDS_RECOVERED_TIMING_MIN20,88.680000,153,85.180000,92.880000,20,AVAILABLE,a29451d007bfeae1b43c9605,dd45d37da2c2fc481060ce2ea27c663bc6e07feadfebe278a5514c79b6512428,9de6d2801d409e0a8773fa22da7d2c634328eb971d03c13130a204cd49f357ca,EDGEIQ_TIMING_WAREHOUSE_RECOVERY_V1,edgeiq_standard_time_recovered_v1.0.0,1.0.0,2026-07-30T07:43:47Z
STFR-28118C873A013D5AF3C426EC,BGFR-EFC6B78CFDCC719C59836178,TRACK_DISTANCE_SURFACE_CONDITION,WARRNAMBOOL,1400,,NOT_AVAILABLE_IN_SOURCE,TURF,AVAILABLE_BY_GOVERNED_SURFACE_RESOLVER,SOFT,AVAILABLE,MEDIAN_WINNER_RACE_TIME_SECONDS_RECOVERED_TIMING_MIN20,85.475000,214,82.370000,88.860000,20,AVAILABLE,efc6b78cfdcc719c59836178,3604ab6f332fb406e93c984bded66dc6a41945d7e40b22910425eedc8733bd30,ec250608452d54553c03d0e4064b8d68c66ac3aba266c2c931ae126bb07ed2d8,EDGEIQ_TIMING_WAREHOUSE_RECOVERY_V1,edgeiq_standard_time_recovered_v1.0.0,1.0.0,2026-07-30T07:43:47Z
STFR-D987BBB1F85C66ACFDAC7EEF,BGFR-EDEBFBA3140050949CB301D5,TRACK_DISTANCE_SURFACE_CONDITION,WARRNAMBOOL,1700,,NOT_AVAILABLE_IN_SOURCE,TURF,AVAILABLE_BY_GOVERNED_SURFACE_RESOLVER,GOOD,AVAILABLE,MEDIAN_WINNER_RACE_TIME_SECONDS_RECOVERED_TIMING_MIN20,104.210000,209,101.160000,107.330000,20,AVAILABLE,edebfba3140050949cb301d5,8856091ab0169f8a314619c8a5f85cc0a2aafdaa9a1550eda41e0c23da42f0fa,b5b8ce94d993eb20e463fd50e72d189f475bd4d6cce737d8b32659227e125051,EDGEIQ_TIMING_WAREHOUSE_RECOVERY_V1,edgeiq_standard_time_recovered_v1.0.0,1.0.0,2026-07-30T07:43:47Z
STFR-6024B72108641A26162DD0D0,BGFR-A17B1CEA091FB051FE7EE0DF,TRACK_DISTANCE_SURFACE_CONDITION,WARRNAMBOOL,1700,,NOT_AVAILABLE_IN_SOURCE,TURF,AVAILABLE_BY_GOVERNED_SURFACE_RESOLVER,HEAVY,AVAILABLE,MEDIAN_WINNER_RACE_TIME_SECONDS_RECOVERED_TIMING_MIN20,109.980000,125,104.290000,117.180000,20,AVAILABLE,a17b1cea091fb051fe7ee0df,8c3a6989f4380a3f8a99c329eae897984485b8e2e55aba0cf16c174d79d9a45d,20b240d0cd9f83c70ca8243d8c7b8a9e5235a42f0a3eb41972381f7c39676f2e,EDGEIQ_TIMING_WAREHOUSE_RECOVERY_V1,edgeiq_standard_time_recovered_v1.0.0,1.0.0,2026-07-30T07:43:47Z
STFR-18B6470FA3B091FF567C961C,BGFR-205D46A41704E27021D03A56,TRACK_DISTANCE_SURFACE_CONDITION,WARRNAMBOOL,1700,,NOT_AVAILABLE_IN_SOURCE,TURF,AVAILABLE_BY_GOVERNED_SURFACE_RESOLVER,SOFT,AVAILABLE,MEDIAN_WINNER_RACE_TIME_SECONDS_RECOVERED_TIMING_MIN20,106.215000,182,102.150000,110.850000,20,AVAILABLE,205d46a41704e27021d03a56,e757ae11b0cfa764adda3957486056b8a6ebc904e10968f251d0095fe94fa3c6,a19fc3ba3ec3ee93198e63703afd978a376da98803ca98b6c771030739843a1f,EDGEIQ_TIMING_WAREHOUSE_RECOVERY_V1,edgeiq_standard_time_recovered_v1.0.0,1.0.0,2026-07-30T07:43:47Z
STFR-DAB1134984AF4F75F2554F50,BGFR-16C580DBF3411B1BD1672DAB,TRACK_DISTANCE_SURFACE_CONDITION,WARRNAMBOOL,2000,,NOT_AVAILABLE_IN_SOURCE,TURF,AVAILABLE_BY_GOVERNED_SURFACE_RESOLVER,GOOD,AVAILABLE,MEDIAN_WINNER_RACE_TIME_SECONDS_RECOVERED_TIMING_MIN20,126.310000,43,123.470000,130.980000,20,AVAILABLE,16c580dbf3411b1bd1672dab,c864799c867f376839d24dc23e1007977f85a868b6b75a529562c48d1d7e2ef6,4757c88bac91282fbb4746b41a74060ac79802348e6362669408a806ead32576,EDGEIQ_TIMING_WAREHOUSE_RECOVERY_V1,edgeiq_standard_time_recovered_v1.0.0,1.0.0,2026-07-30T07:43:47Z
STFR-05917745C33B64B15055B514,BGFR-8688262ED5A9EDDB5E72431A,TRACK_DISTANCE_SURFACE_CONDITION,WARRNAMBOOL,2000,,NOT_AVAILABLE_IN_SOURCE,TURF,AVAILABLE_BY_GOVERNED_SURFACE_RESOLVER,HEAVY,AVAILABLE,MEDIAN_WINNER_RACE_TIME_SECONDS_RECOVERED_TIMING_MIN20,133.060000,36,127.460000,140.740000,20,AVAILABLE,8688262ed5a9eddb5e72431a,33889013f42c9573e8135ef7631aafb026d5f460f619274444406a99371b93ca,16c15046afa531f72365b7438f5a80f3fecc0ef29d04fa73fdeda4a1d4da1427,EDGEIQ_TIMING_WAREHOUSE_RECOVERY_V1,edgeiq_standard_time_recovered_v1.0.0,1.0.0,2026-07-30T07:43:47Z
STFR-DB52ACE7FAE48CFE68DD2430,BGFR-03B9C85F2B2A45FEEE141BE3,TRACK_DISTANCE_SURFACE_CONDITION,WARRNAMBOOL,2000,,NOT_AVAILABLE_IN_SOURCE,TURF,AVAILABLE_BY_GOVERNED_SURFACE_RESOLVER,SOFT,AVAILABLE,MEDIAN_WINNER_RACE_TIME_SECONDS_RECOVERED_TIMING_MIN20,127.540000,52,124.560000,132.090000,20,AVAILABLE,03b9c85f2b2a45feee141be3,37d025c9f0f80d2e600a07ca037260231a046105c0fef09cd1630018e39dccef,7a6975f800a23923dd4796455791401e685d714f1fcd0743fe3baca904721ef9,EDGEIQ_TIMING_WAREHOUSE_RECOVERY_V1,edgeiq_standard_time_recovered_v1.0.0,1.0.0,2026-07-30T07:43:47Z
STFR-98F5593D5DCB2AB3C5AE5A75,BGFR-26670988EEF5AF1F48EEFC87,TRACK_DISTANCE_SURFACE_CONDITION,WARRNAMBOOL,2350,,NOT_AVAILABLE_IN_SOURCE,TURF,AVAILABLE_BY_GOVERNED_SURFACE_RESOLVER,GOOD,AVAILABLE,MEDIAN_WINNER_RACE_TIME_SECONDS_RECOVERED_TIMING_MIN20,149.000000,35,146.790000,157.270000,20,AVAILABLE,26670988eef5af1f48eefc87,c3d097eb12589c988c2fe731d7536163c1a4b9a81825f10e82b8b202564d5e6a,90b156042c842ab73690e6153f99966661337ca0998b35866e6dc1ba2dbaf766,EDGEIQ_TIMING_WAREHOUSE_RECOVERY_V1,edgeiq_standard_time_recovered_v1.0.0,1.0.0,2026-07-30T07:43:47Z
STFR-55349CF4A00C2EE3C669A285,BGFR-A72C6C5E2724DD716D30DE56,TRACK_DISTANCE_SURFACE_CONDITION,WARRNAMBOOL,2350,,NOT_AVAILABLE_IN_SOURCE,TURF,AVAILABLE_BY_GOVERNED_SURFACE_RESOLVER,HEAVY,AVAILABLE,MEDIAN_WINNER_RACE_TIME_SECONDS_RECOVERED_TIMING_MIN20,157.510000,27,151.560000,168.190000,20,AVAILABLE,a72c6c5e2724dd716d30de56,459e8a1d8d5d68f253f624483f56dbc2d9a6ae6f2bf3a4e6c8f3e9f1d9dd9c00,bb82d26a7e377a033d9b8615f27776a3a17ea7cf076d66dd0eb731e980a1f923,EDGEIQ_TIMING_WAREHOUSE_RECOVERY_V1,edgeiq_standard_time_recovered_v1.0.0,1.0.0,2026-07-30T07:43:47Z
STFR-4927503091DB93E61E460580,BGFR-754C36F788EF665365AB350E,TRACK_DISTANCE_SURFACE_CONDITION,WARRNAMBOOL,2350,,NOT_AVAILABLE_IN_SOURCE,TURF,AVAILABLE_BY_GOVERNED_SURFACE_RESOLVER,SOFT,AVAILABLE,MEDIAN_WINNER_RACE_TIME_SECONDS_RECOVERED_TIMING_MIN20,150.690000,43,146.770000,162.990000,20,AVAILABLE,754c36f788ef665365ab350e,42ad55bcfab384e3ac9023e4df37a89842b61c03e0e5ff5e4f1c0256943b41d8,1816be84f6e59f6c4fa90e221643e84f5421c551045d90353ad24772455ea19a,EDGEIQ_TIMING_WAREHOUSE_RECOVERY_V1,edgeiq_standard_time_recovered_v1.0.0,1.0.0,2026-07-30T07:43:47Z
STFR-5C0014C40000537085063FA2,BGFR-0C98DDAD9AA58D0193C57038,TRACK_DISTANCE_SURFACE_CONDITION,WARRNAMBOOL,3100,,NOT_AVAILABLE_IN_SOURCE,TURF,AVAILABLE_BY_GOVERNED_SURFACE_RESOLVER,SOFT,AVAILABLE,MEDIAN_WINNER_RACE_TIME_SECONDS_RECOVERED_TIMING_MIN20,207.980000,23,203.060000,212.550000,20,AVAILABLE,0c98ddad9aa58d0193c57038,3d482be7a1fa373ca6bc5aa570a08e60c40c9113a7820b495898fecefd7314cc,5153c56b33d4bc5fdb9ba19d2ff95522a2287d9fe9bfc7c5acf684be696622e1,EDGEIQ_TIMING_WAREHOUSE_RECOVERY_V1,edgeiq_standard_time_recovered_v1.0.0,1.0.0,2026-07-30T07:43:47Z
STFR-439F012068939B3B726069EE,BGFR-98A1338B4703DB509945BC0B,TRACK_DISTANCE_SURFACE_CONDITION,WARRNAMBOOL,3200,,NOT_AVAILABLE_IN_SOURCE,TURF,AVAILABLE_BY_GOVERNED_SURFACE_RESOLVER,HEAVY,AVAILABLE,MEDIAN_WINNER_RACE_TIME_SECONDS_RECOVERED_TIMING_MIN20,231.390000,77,220.140000,242.930000,20,AVAILABLE,98a1338b4703db509945bc0b,f7226b0d752e55186d9b1180f0c3e9558e38fa9f50f3702cf2564cee09aebf2a,c911c7b6e52c5971ac369d585e220c9ca4175e7e390276ba2f8012e09a745f0b,EDGEIQ_TIMING_WAREHOUSE_RECOVERY_V1,edgeiq_standard_time_recovered_v1.0.0,1.0.0,2026-07-30T07:43:47Z
STFR-D8FC8BF6D85106BE22542778,BGFR-EDBAC02B4E0B30C98BE45826,TRACK_DISTANCE_SURFACE_CONDITION,WARRNAMBOOL,3200,,NOT_AVAILABLE_IN_SOURCE,TURF,AVAILABLE_BY_GOVERNED_SURFACE_RESOLVER,SOFT,AVAILABLE,MEDIAN_WINNER_RACE_TIME_SECONDS_RECOVERED_TIMING_MIN20,222.060000,70,211.530000,237.780000,20,AVAILABLE,edbac02b4e0b30c98be45826,0de9a1956b8600f9eea4735b3cca8ce7027facc0430adb5cd022f47ee65aa9ad,c0b0abd4731074f62b1cf089f83f38bc8146674ce499bafd5b8ffd5761c26483,EDGEIQ_TIMING_WAREHOUSE_RECOVERY_V1,edgeiq_standard_time_recovered_v1.0.0,1.0.0,2026-07-30T07:43:47Z
STFR-CB4DDCB820945F82D25E7D16,BGFR-9B6AE806802C19D1DA891961,TRACK_DISTANCE_SURFACE_CONDITION,WARRNAMBOOL,3450,,NOT_AVAILABLE_IN_SOURCE,TURF,AVAILABLE_BY_GOVERNED_SURFACE_RESOLVER,HEAVY,AVAILABLE,MEDIAN_WINNER_RACE_TIME_SECONDS_RECOVERED_TIMING_MIN20,259.010000,50,242.890000,276.150000,20,AVAILABLE,9b6ae806802c19d1da891961,d557eb2162c4d753984922d7bc3f742587f9881c165c05dc3a59e7372e55924d,6369850c43b5f8f053f789b3fed26d8317610a392416bfef856b27ce6786b994,EDGEIQ_TIMING_WAREHOUSE_RECOVERY_V1,edgeiq_standard_time_recovered_v1.0.0,1.0.0,2026-07-30T07:43:47Z
STFR-C96F6783E4AD5158963E444F,BGFR-513F5E7DB570BDD4EBC9A60E,TRACK_DISTANCE_SURFACE_CONDITION,WARRNAMBOOL,3450,,NOT_AVAILABLE_IN_SOURCE,TURF,AVAILABLE_BY_GOVERNED_SURFACE_RESOLVER,SOFT,AVAILABLE,MEDIAN_WINNER_RACE_TIME_SECONDS_RECOVERED_TIMING_MIN20,247.380000,56,235.470000,265.690000,20,AVAILABLE,513f5e7db570bdd4ebc9a60e,cfc666ef1cb8dadde37a5fe07c951117314d4f6252dd0f26d93b61abd0d1b6b2,bb4f35bc78871a9da667d6bcc9d44ca2b4fe526a995824e446098b292f7c5c21,EDGEIQ_TIMING_WAREHOUSE_RECOVERY_V1,edgeiq_standard_time_recovered_v1.0.0,1.0.0,2026-07-30T07:43:47Z
STFR-70E69CF259BE4B7196691D22,BGFR-ECC0AD449A5704907FF12AFE,TRACK_DISTANCE_SURFACE_CONDITION,WODONGA,1100,,NOT_AVAILABLE_IN_SOURCE,TURF,AVAILABLE_BY_GOVERNED_SURFACE_RESOLVER,GOOD,AVAILABLE,MEDIAN_WINNER_RACE_TIME_SECONDS_RECOVERED_TIMING_MIN20,65.540000,93,63.800000,69.070000,20,AVAILABLE,ecc0ad449a5704907ff12afe,40942b24ef64fb73d4c70dc43e62f7432a394a2025bf91bb27bf9e31174aa3f0,6c7effbe4919b45eeabaa29c33dffb7e9a38093cf7d7d2717452f9fdc5159c48,EDGEIQ_TIMING_WAREHOUSE_RECOVERY_V1,edgeiq_standard_time_recovered_v1.0.0,1.0.0,2026-07-30T07:43:47Z
STFR-B038D64C90C58D6B50B9829B,BGFR-E52875D893B6126860E88CC1,TRACK_DISTANCE_SURFACE_CONDITION,WODONGA,1100,,NOT_AVAILABLE_IN_SOURCE,TURF,AVAILABLE_BY_GOVERNED_SURFACE_RESOLVER,SOFT,AVAILABLE,MEDIAN_WINNER_RACE_TIME_SECONDS_RECOVERED_TIMING_MIN20,66.575000,40,65.540000,68.560000,20,AVAILABLE,e52875d893b6126860e88cc1,2cf6369428e8c97fa542061a0f89a5a1570781bdb911d41e9fa71e5f6447df4e,518b3d9b3fbcd3e0edd97c9a3b95792ce54011165629fee06818f651128cc0fe,EDGEIQ_TIMING_WAREHOUSE_RECOVERY_V1,edgeiq_standard_time_recovered_v1.0.0,1.0.0,2026-07-30T07:43:47Z
STFR-D1F1F5F047573DDC9C2D4902,BGFR-62CCF9E43BE82020CE9AEB75,TRACK_DISTANCE_SURFACE_CONDITION,WODONGA,1200,,NOT_AVAILABLE_IN_SOURCE,TURF,AVAILABLE_BY_GOVERNED_SURFACE_RESOLVER,GOOD,AVAILABLE,MEDIAN_WINNER_RACE_TIME_SECONDS_RECOVERED_TIMING_MIN20,71.885000,96,69.620000,74.970000,20,AVAILABLE,62ccf9e43be82020ce9aeb75,eb62fb21decaacd96706e7266ec2b5a486816cded0cfbd43cb79d1b737ce55dc,7544a3e70e674a9e80341fe82b70e86218dc09afb96b2a195a85e1e99806bd71,EDGEIQ_TIMING_WAREHOUSE_RECOVERY_V1,edgeiq_standard_time_recovered_v1.0.0,1.0.0,2026-07-30T07:43:47Z
STFR-E9EB072B3D867054B5B40ABE,BGFR-5BD61538E9D2D7C74B7276E9,TRACK_DISTANCE_SURFACE_CONDITION,WODONGA,1200,,NOT_AVAILABLE_IN_SOURCE,TURF,AVAILABLE_BY_GOVERNED_SURFACE_RESOLVER,SOFT,AVAILABLE,MEDIAN_WINNER_RACE_TIME_SECONDS_RECOVERED_TIMING_MIN20,72.545000,60,70.920000,75.210000,20,AVAILABLE,5bd61538e9d2d7c74b7276e9,27b635ddca897c76cc5c51c956bebedf77afd5b19a06eab5c375ceeaebf3fc6d,87579903bc187afbad487460898bc33a852529de23c3ef72033e25db794b7474,EDGEIQ_TIMING_WAREHOUSE_RECOVERY_V1,edgeiq_standard_time_recovered_v1.0.0,1.0.0,2026-07-30T07:43:47Z
STFR-E2C678C21EC48FEDEEBC48E6,BGFR-EDBD8D9CE37D931E2CAE254A,TRACK_DISTANCE_SURFACE_CONDITION,WODONGA,1300,,NOT_AVAILABLE_IN_SOURCE,TURF,AVAILABLE_BY_GOVERNED_SURFACE_RESOLVER,GOOD,AVAILABLE,MEDIAN_WINNER_RACE_TIME_SECONDS_RECOVERED_TIMING_MIN20,77.955000,36,75.570000,79.970000,20,AVAILABLE,edbd8d9ce37d931e2cae254a,7ea489756ec107e88f70bd69fce87f8fb25602c703b6b52e2d37fd9f2b933cc4,13bba5a731e4ed7776bdb781cfe7df023023a6fa08c394f67644fdb74ab2b05f,EDGEIQ_TIMING_WAREHOUSE_RECOVERY_V1,edgeiq_standard_time_recovered_v1.0.0,1.0.0,2026-07-30T07:43:47Z
STFR-C4C07B2E35D90C23494B7CB5,BGFR-6B5FC91E39A38DEF8D70AA28,TRACK_DISTANCE_SURFACE_CONDITION,WODONGA,1300,,NOT_AVAILABLE_IN_SOURCE,TURF,AVAILABLE_BY_GOVERNED_SURFACE_RESOLVER,SOFT,AVAILABLE,MEDIAN_WINNER_RACE_TIME_SECONDS_RECOVERED_TIMING_MIN20,79.340000,23,78.270000,81.060000,20,AVAILABLE,6b5fc91e39a38def8d70aa28,f3bec6d4c5190b4f8a96714e3ff260327023739b45875e1b78bcc2390a508027,94aeed61ca64ffcfc2b34fb92a6b449070a369b7f19bb64b2a01ea9ce1eb5fb8,EDGEIQ_TIMING_WAREHOUSE_RECOVERY_V1,edgeiq_standard_time_recovered_v1.0.0,1.0.0,2026-07-30T07:43:47Z
STFR-CBA58ACC3AD1737698635C7B,BGFR-83883AB51C49EF2407A0754D,TRACK_DISTANCE_SURFACE_CONDITION,WODONGA,1400,,NOT_AVAILABLE_IN_SOURCE,TURF,AVAILABLE_BY_GOVERNED_SURFACE_RESOLVER,GOOD,AVAILABLE,MEDIAN_WINNER_RACE_TIME_SECONDS_RECOVERED_TIMING_MIN20,84.490000,98,82.120000,89.050000,20,AVAILABLE,83883ab51c49ef2407a0754d,3daa84fc44b8a32c4b616fd032c53a8652b32484f66abfa42db5e60d1ce1e737,690204b308e99e2cd234496fabcaeb8371a44cb091f4ae873ff643c49743fa71,EDGEIQ_TIMING_WAREHOUSE_RECOVERY_V1,edgeiq_standard_time_recovered_v1.0.0,1.0.0,2026-07-30T07:43:47Z
STFR-E043B73DF11C5A833B43EF4D,BGFR-9B532397B22176E43670C856,TRACK_DISTANCE_SURFACE_CONDITION,WODONGA,1400,,NOT_AVAILABLE_IN_SOURCE,TURF,AVAILABLE_BY_GOVERNED_SURFACE_RESOLVER,SOFT,AVAILABLE,MEDIAN_WINNER_RACE_TIME_SECONDS_RECOVERED_TIMING_MIN20,86.190000,46,83.760000,88.210000,20,AVAILABLE,9b532397b22176e43670c856,347c310d1ca09dcfd56df56bd7961932e19ca21918e75b9ebe94ea2805057695,d59a2b42904c37ee2a838935c61c87f724624b4f13e10b81ceb1bd20e85d4dd7,EDGEIQ_TIMING_WAREHOUSE_RECOVERY_V1,edgeiq_standard_time_recovered_v1.0.0,1.0.0,2026-07-30T07:43:47Z
STFR-CBF2D6B365DAE1B8F989787C,BGFR-D6CB18BDA068628A1DB80168,TRACK_DISTANCE_SURFACE_CONDITION,WODONGA,1590,,NOT_AVAILABLE_IN_SOURCE,TURF,AVAILABLE_BY_GOVERNED_SURFACE_RESOLVER,GOOD,AVAILABLE,MEDIAN_WINNER_RACE_TIME_SECONDS_RECOVERED_TIMING_MIN20,96.810000,42,93.650000,100.550000,20,AVAILABLE,d6cb18bda068628a1db80168,ede8e122b0b94676f56c8dd657889cd6f9b76de9a8d452f84e8f82533b468aa9,b8ad74480bf301b3a93e6c8e3e238bed29e92a622adce619393b5167522471c1,EDGEIQ_TIMING_WAREHOUSE_RECOVERY_V1,edgeiq_standard_time_recovered_v1.0.0,1.0.0,2026-07-30T07:43:47Z
STFR-521171A874EC059BF8A142FB,BGFR-FB8FC8DA190DD1899165265F,TRACK_DISTANCE_SURFACE_CONDITION,WODONGA,1590,,NOT_AVAILABLE_IN_SOURCE,TURF,AVAILABLE_BY_GOVERNED_SURFACE_RESOLVER,SOFT,AVAILABLE,MEDIAN_WINNER_RACE_TIME_SECONDS_RECOVERED_TIMING_MIN20,99.260000,28,96.700000,101.230000,20,AVAILABLE,fb8fc8da190dd1899165265f,30e59a012be6de4aa3d1befed12a5a33a7c81025223565e9c194ffc410cc6b3c,44fe53926893c9073624ae9101339097ef3d00c55d69ef553b0f022ae409bad0,EDGEIQ_TIMING_WAREHOUSE_RECOVERY_V1,edgeiq_standard_time_recovered_v1.0.0,1.0.0,2026-07-30T07:43:47Z
STFR-7B777D6D8C7CC781164DFF81,BGFR-E6C2A78FC82C3FBCCEF34020,TRACK_DISTANCE_SURFACE_CONDITION,WODONGA,1600,,NOT_AVAILABLE_IN_SOURCE,TURF,AVAILABLE_BY_GOVERNED_SURFACE_RESOLVER,GOOD,AVAILABLE,MEDIAN_WINNER_RACE_TIME_SECONDS_RECOVERED_TIMING_MIN20,97.040000,50,94.800000,99.410000,20,AVAILABLE,e6c2a78fc82c3fbccef34020,e6a45cf121d3e79a990f436de2abc2e9e2d8428b81f20e431edcb27d723725e6,5aa372e8c6443c98e6d526ef45ffe94f207285d43e037f4fda5adad67b281899,EDGEIQ_TIMING_WAREHOUSE_RECOVERY_V1,edgeiq_standard_time_recovered_v1.0.0,1.0.0,2026-07-30T07:43:47Z
STFR-2D9932B8BB480F3D872FB4FC,BGFR-7B541C2AE7F8E72FEE46741B,TRACK_DISTANCE_SURFACE_CONDITION,WODONGA,1600,,NOT_AVAILABLE_IN_SOURCE,TURF,AVAILABLE_BY_GOVERNED_SURFACE_RESOLVER,SOFT,AVAILABLE,MEDIAN_WINNER_RACE_TIME_SECONDS_RECOVERED_TIMING_MIN20,98.620000,24,96.250000,102.010000,20,AVAILABLE,7b541c2ae7f8e72fee46741b,dce4d7be5ff89977141192e1fe9c73ed074da28ca244ab702960bab19ee7a064,32093cc43b89295cc9c41520a3faa28c57d0a00c5da73592fc84f57de2be88ec,EDGEIQ_TIMING_WAREHOUSE_RECOVERY_V1,edgeiq_standard_time_recovered_v1.0.0,1.0.0,2026-07-30T07:43:47Z
STFR-FD46C0B30FFCE864E8DA178C,BGFR-C7170190AF2DEDB1A32E7A4F,TRACK_DISTANCE_SURFACE_CONDITION,WODONGA,2050,,NOT_AVAILABLE_IN_SOURCE,TURF,AVAILABLE_BY_GOVERNED_SURFACE_RESOLVER,GOOD,AVAILABLE,MEDIAN_WINNER_RACE_TIME_SECONDS_RECOVERED_TIMING_MIN20,126.410000,40,123.970000,132.430000,20,AVAILABLE,c7170190af2dedb1a32e7a4f,ae90668e520fe755a1c1d323573000e34f488f0692f550d7d1ddcd8a4df97229,df10e18d144a52e7e0657b6ec802b98d86de76e630f10d0c1c20e9afe1533e78,EDGEIQ_TIMING_WAREHOUSE_RECOVERY_V1,edgeiq_standard_time_recovered_v1.0.0,1.0.0,2026-07-30T07:43:47Z
STFR-DC98D47CAF9F0C30254D2EFD,BGFR-D5C24255D06E63A5AAEDA2E8,TRACK_DISTANCE_SURFACE_CONDITION,WODONGA,2050,,NOT_AVAILABLE_IN_SOURCE,TURF,AVAILABLE_BY_GOVERNED_SURFACE_RESOLVER,SOFT,AVAILABLE,MEDIAN_WINNER_RACE_TIME_SECONDS_RECOVERED_TIMING_MIN20,128.665000,20,125.450000,130.160000,20,AVAILABLE,d5c24255d06e63a5aaeda2e8,cb43b70abb958e67164c50c0d125eb6d7279eaf8f07a3e484eac0c2ee4d2571d,7b4f99d743302673ac8f8c9ef76e16d4c57c1b72d2f85e22ee42cc8640fb52e2,EDGEIQ_TIMING_WAREHOUSE_RECOVERY_V1,edgeiq_standard_time_recovered_v1.0.0,1.0.0,2026-07-30T07:43:47Z
STFR-A5EC7866B66A65DFAB170F14,BGFR-4CC55576EA7026B0755F3B21,TRACK_DISTANCE_SURFACE_CONDITION,WOOLAMAI,1008,,NOT_AVAILABLE_IN_SOURCE,TURF,AVAILABLE_BY_GOVERNED_SURFACE_RESOLVER,GOOD,AVAILABLE,MEDIAN_WINNER_RACE_TIME_SECONDS_RECOVERED_TIMING_MIN20,61.450000,31,59.970000,63.120000,20,AVAILABLE,4cc55576ea7026b0755f3b21,95a3c4e42e14bfb58321763958a331b65a4c66491e1d29af3604f920ed08128b,55d9f744d979cd960ddb2c0363e29ce2370697431fe25fc9890bfa4fcb60f3e3,EDGEIQ_TIMING_WAREHOUSE_RECOVERY_V1,edgeiq_standard_time_recovered_v1.0.0,1.0.0,2026-07-30T07:43:47Z
STFR-1B0EB4BD8BA9F80AB1E83595,BGFR-5D302F23954C506A288CEC83,TRACK_DISTANCE_SURFACE_CONDITION,WOOLAMAI,1608,,NOT_AVAILABLE_IN_SOURCE,TURF,AVAILABLE_BY_GOVERNED_SURFACE_RESOLVER,GOOD,AVAILABLE,MEDIAN_WINNER_RACE_TIME_SECONDS_RECOVERED_TIMING_MIN20,104.870000,25,102.260000,114.370000,20,AVAILABLE,5d302f23954c506a288cec83,365dc84841b346a6849f6e83c143f2a58d1afe2e7b661f747647927e9d47ed08,07981b2cc6ef6b3c147d37aadcc2ceaed6a6a59054d237d23cc688b3a834e415,EDGEIQ_TIMING_WAREHOUSE_RECOVERY_V1,edgeiq_standard_time_recovered_v1.0.0,1.0.0,2026-07-30T07:43:47Z
