race_entry_suitability_id,canonical_race_id,canonical_runner_id,canonical_horse_id,canonical_horse_name,historical_canonical_horse_id,historical_identity_resolution_status,historical_identity_resolution_method,race_date,canonical_track,race_distance_metres,surface_group,track_condition_number,barrier,weight_kg,historical_observation_count,horse_historical_performance_mean,track_match_count,track_suitability_delta,track_suitability_status,distance_match_count,distance_suitability_delta,distance_suitability_status,surface_match_count,surface_suitability_delta,surface_suitability_status,track_condition_match_count,track_condition_suitability_delta,track_condition_suitability_status,barrier_match_count,barrier_suitability_delta,barrier_suitability_status,weight_match_count,weight_suitability_delta,weight_suitability_status,available_component_count,suitability_composite_delta,suitability_status,suitability_reason_code,source_race_context_evidence_sha256,source_historical_observation_ids_sha256,suitability_builder_version,suitability_method_version,race_entry_suitability_evidence_sha256
dbcbf1aedeeeddbeba5f0edd81119a89c107d259e2e343b8be37b7397220477e,RACE|2026-07-24|ECHUCA|R1|2100M|2026-07-24T02:35:00+00:00,RCOM_HORSE_5325978,RCOM_HORSE_5325978,All The Moves,,IDENTITY_UNRESOLVED,,2026-07-24,ECHUCA,2100,TURF,9,7,59.5,0,,0,,INSUFFICIENT_MATCHED_HISTORY,0,,INSUFFICIENT_MATCHED_HISTORY,0,,INSUFFICIENT_MATCHED_HISTORY,0,,INSUFFICIENT_MATCHED_HISTORY,0,,INSUFFICIENT_MATCHED_HISTORY,0,,INSUFFICIENT_MATCHED_HISTORY,0,,SUITABILITY_NOT_APPLICABLE_ENTRY_INACTIVE,SCRATCHED_ENTRY,18936c9c2337a9793e1fdd3e8689fd7fe911aede24871a1f2aabe4a00012e5d1,4f53cda18c2baa0c0354bb5f9a3ecbe5ed12ab4d8e11ba873c2f11161202b945,EDGEIQ_RACE_ENTRY_SUITABILITY_V2,EMPIRICAL_CONTEXT_DELTA_STRICTLY_PRIOR_V1_1,753bcba8b1eea4e082786ad720216e10cb39db00ab416f28eb518c657c26b46e
1df2c42267738e52edce8010fc65a5dba240c8613ac5676adf9a349febc3e26f,RACE|2026-07-24|ECHUCA|R1|2100M|2026-07-24T02:35:00+00:00,RCOM_HORSE_5344877,RCOM_HORSE_5344877,Gentoo,,IDENTITY_UNRESOLVED,,2026-07-24,ECHUCA,2100,TURF,9,3,59.5,0,,0,,INSUFFICIENT_MATCHED_HISTORY,0,,INSUFFICIENT_MATCHED_HISTORY,0,,INSUFFICIENT_MATCHED_HISTORY,0,,INSUFFICIENT_MATCHED_HISTORY,0,,INSUFFICIENT_MATCHED_HISTORY,0,,INSUFFICIENT_MATCHED_HISTORY,0,,SUITABILITY_NOT_APPLICABLE_ENTRY_INACTIVE,SCRATCHED_ENTRY,72b9fa0a50b88b4db64228ee2349950b7bbfc7f151a0a6c50eaa8b25de4c6c9c,4f53cda18c2baa0c0354bb5f9a3ecbe5ed12ab4d8e11ba873c2f11161202b945,EDGEIQ_RACE_ENTRY_SUITABILITY_V2,EMPIRICAL_CONTEXT_DELTA_STRICTLY_PRIOR_V1_1,18d4ccd1be24d8f1f13cefb991f0b97fd3c4e35aea30e41a8d2efc49f373c929
036e5f4bab3fe1cc34c014047e3838304e7f8ce834da22f33be3dcb301b83d49,RACE|2026-07-24|ECHUCA|R1|2100M|2026-07-24T02:35:00+00:00,RCOM_HORSE_5347308,RCOM_HORSE_5347308,Gaelic Kiwi,,IDENTITY_UNRESOLVED,,2026-07-24,ECHUCA,2100,TURF,9,5,59.5,0,,0,,INSUFFICIENT_MATCHED_HISTORY,0,,INSUFFICIENT_MATCHED_HISTORY,0,,INSUFFICIENT_MATCHED_HISTORY,0,,INSUFFICIENT_MATCHED_HISTORY,0,,INSUFFICIENT_MATCHED_HISTORY,0,,INSUFFICIENT_MATCHED_HISTORY,0,,SUITABILITY_UNAVAILABLE,HISTORICAL_IDENTITY_UNRESOLVED,f7b4618a858b809205f3f58fac7207eeae8e95058980c165b5329f56cfc4503b,4f53cda18c2baa0c0354bb5f9a3ecbe5ed12ab4d8e11ba873c2f11161202b945,EDGEIQ_RACE_ENTRY_SUITABILITY_V2,EMPIRICAL_CONTEXT_DELTA_STRICTLY_PRIOR_V1_1,0594e69534232af7c144011176c752b38d7285a82122a3da71470e8d2a17fc29
ff1958ccf79958191e25150baac2c76f1eb4611a33f12e0cbbd76e68685f19dc,RACE|2026-07-24|ECHUCA|R1|2100M|2026-07-24T02:35:00+00:00,RCOM_HORSE_5347643,RCOM_HORSE_5347643,King Of Savoy,,IDENTITY_UNRESOLVED,,2026-07-24,ECHUCA,2100,TURF,9,6,59.5,0,,0,,INSUFFICIENT_MATCHED_HISTORY,0,,INSUFFICIENT_MATCHED_HISTORY,0,,INSUFFICIENT_MATCHED_HISTORY,0,,INSUFFICIENT_MATCHED_HISTORY,0,,INSUFFICIENT_MATCHED_HISTORY,0,,INSUFFICIENT_MATCHED_HISTORY,0,,SUITABILITY_UNAVAILABLE,HISTORICAL_IDENTITY_UNRESOLVED,381354694231265b10c4202f381bfbd60a9ad05026dd2af9c17e4addfbb90101,4f53cda18c2baa0c0354bb5f9a3ecbe5ed12ab4d8e11ba873c2f11161202b945,EDGEIQ_RACE_ENTRY_SUITABILITY_V2,EMPIRICAL_CONTEXT_DELTA_STRICTLY_PRIOR_V1_1,7ab012b23e1ec7fecfb2f114b5fa334d51a18f668a236ad68d067c9c31571fd9
e416442195880747cac210da5b27456a0283b352227fb8cffd280862cb69f723,RACE|2026-07-24|ECHUCA|R1|2100M|2026-07-24T02:35:00+00:00,RCOM_HORSE_5350266,RCOM_HORSE_5350266,Ate Iron,,IDENTITY_UNRESOLVED,,2026-07-24,ECHUCA,2100,TURF,9,4,59.5,0,,0,,INSUFFICIENT_MATCHED_HISTORY,0,,INSUFFICIENT_MATCHED_HISTORY,0,,INSUFFICIENT_MATCHED_HISTORY,0,,INSUFFICIENT_MATCHED_HISTORY,0,,INSUFFICIENT_MATCHED_HISTORY,0,,INSUFFICIENT_MATCHED_HISTORY,0,,SUITABILITY_UNAVAILABLE,HISTORICAL_IDENTITY_UNRESOLVED,07c7c4a66e77896763ce186e14a92d3f141570d9ff7133092200c8d839b273e2,4f53cda18c2baa0c0354bb5f9a3ecbe5ed12ab4d8e11ba873c2f11161202b945,EDGEIQ_RACE_ENTRY_SUITABILITY_V2,EMPIRICAL_CONTEXT_DELTA_STRICTLY_PRIOR_V1_1,fb12e7478a9a08c8e4fa9542ada12a0024867a741f8b9bee88630ec973556d97
cbeea8a7d0a6c467460e9a05183137a7ba735a02c95ef8da68f2bd3c984ae3f6,RACE|2026-07-24|ECHUCA|R1|2100M|2026-07-24T02:35:00+00:00,RCOM_HORSE_5350367,RCOM_HORSE_5350367,Camegitchee,,IDENTITY_UNRESOLVED,,2026-07-24,ECHUCA,2100,TURF,9,2,57.5,0,,0,,INSUFFICIENT_MATCHED_HISTORY,0,,INSUFFICIENT_MATCHED_HISTORY,0,,INSUFFICIENT_MATCHED_HISTORY,0,,INSUFFICIENT_MATCHED_HISTORY,0,,INSUFFICIENT_MATCHED_HISTORY,0,,INSUFFICIENT_MATCHED_HISTORY,0,,SUITABILITY_UNAVAILABLE,HISTORICAL_IDENTITY_UNRESOLVED,102861e1a0ee5535f6cae458b5bc569e95a776086b3de7512abde3ef4ac4ffa7,4f53cda18c2baa0c0354bb5f9a3ecbe5ed12ab4d8e11ba873c2f11161202b945,EDGEIQ_RACE_ENTRY_SUITABILITY_V2,EMPIRICAL_CONTEXT_DELTA_STRICTLY_PRIOR_V1_1,6b90b02630e7604875c58ed695177b2ff91e06872ae230f10fa9b23731a396c5
52be189c2146cb5c8cc3b5ebbc938600411e1a6c74f84404b30c595871c672d9,RACE|2026-07-24|ECHUCA|R1|2100M|2026-07-24T02:35:00+00:00,RCOM_HORSE_5350396,RCOM_HORSE_5350396,Lyttelton,,IDENTITY_UNRESOLVED,,2026-07-24,ECHUCA,2100,TURF,9,8,59.5,0,,0,,INSUFFICIENT_MATCHED_HISTORY,0,,INSUFFICIENT_MATCHED_HISTORY,0,,INSUFFICIENT_MATCHED_HISTORY,0,,INSUFFICIENT_MATCHED_HISTORY,0,,INSUFFICIENT_MATCHED_HISTORY,0,,INSUFFICIENT_MATCHED_HISTORY,0,,SUITABILITY_UNAVAILABLE,HISTORICAL_IDENTITY_UNRESOLVED,91abdee1dceac5e631165cc28a2706d6c76941ef28a4e5e21c5266667bbf71a3,4f53cda18c2baa0c0354bb5f9a3ecbe5ed12ab4d8e11ba873c2f11161202b945,EDGEIQ_RACE_ENTRY_SUITABILITY_V2,EMPIRICAL_CONTEXT_DELTA_STRICTLY_PRIOR_V1_1,c145d4e60d4dc11383b082a7692622699514874ea8bdb08eeade8fc1fc5c543a
a8e5e817bdfa623816139fb23d4cd4660c84be6e9e2a09b904ecb87254eca0c7,RACE|2026-07-24|ECHUCA|R1|2100M|2026-07-24T02:35:00+00:00,RCOM_HORSE_5354147,RCOM_HORSE_5354147,Knights Emperor,,IDENTITY_UNRESOLVED,,2026-07-24,ECHUCA,2100,TURF,9,1,59.5,0,,0,,INSUFFICIENT_MATCHED_HISTORY,0,,INSUFFICIENT_MATCHED_HISTORY,0,,INSUFFICIENT_MATCHED_HISTORY,0,,INSUFFICIENT_MATCHED_HISTORY,0,,INSUFFICIENT_MATCHED_HISTORY,0,,INSUFFICIENT_MATCHED_HISTORY,0,,SUITABILITY_UNAVAILABLE,HISTORICAL_IDENTITY_UNRESOLVED,ac51a778e8fd776105776106a51087e43ac064c2c924c29ac1d65f522fcec7c9,4f53cda18c2baa0c0354bb5f9a3ecbe5ed12ab4d8e11ba873c2f11161202b945,EDGEIQ_RACE_ENTRY_SUITABILITY_V2,EMPIRICAL_CONTEXT_DELTA_STRICTLY_PRIOR_V1_1,a6a4f9afeee7d8eff616fe4f5da886cc6a099238d16a87567ede78024ed3cdde
93f7cefcb8850f75452654ff7aec77472514cbde3da6b4fb9e4857193182cbaf,RACE|2026-07-24|ECHUCA|R2|1000M|2026-07-24T03:10:00+00:00,RCOM_HORSE_5362688,RCOM_HORSE_5362688,Divine Nurture,,IDENTITY_UNRESOLVED,,2026-07-24,ECHUCA,1000,TURF,9,1,58,0,,0,,INSUFFICIENT_MATCHED_HISTORY,0,,INSUFFICIENT_MATCHED_HISTORY,0,,INSUFFICIENT_MATCHED_HISTORY,0,,INSUFFICIENT_MATCHED_HISTORY,0,,INSUFFICIENT_MATCHED_HISTORY,0,,INSUFFICIENT_MATCHED_HISTORY,0,,SUITABILITY_UNAVAILABLE,HISTORICAL_IDENTITY_UNRESOLVED,d72dd9d1799d692c07a29f8b031628efb145e8dccc809f970c616ca91d7b2704,4f53cda18c2baa0c0354bb5f9a3ecbe5ed12ab4d8e11ba873c2f11161202b945,EDGEIQ_RACE_ENTRY_SUITABILITY_V2,EMPIRICAL_CONTEXT_DELTA_STRICTLY_PRIOR_V1_1,2d3b3e11b37891bbbabc9f37174a4301582bda05efe06826fbf3201792eb00ff
f43ac788c6a7079b897662ad306a1902f1b395a9a71745dd40c8780d0b10e981,RACE|2026-07-24|ECHUCA|R2|1000M|2026-07-24T03:10:00+00:00,RCOM_HORSE_5364057,RCOM_HORSE_5364057,Dirty Harry,,IDENTITY_UNRESOLVED,,2026-07-24,ECHUCA,1000,TURF,9,5,58,0,,0,,INSUFFICIENT_MATCHED_HISTORY,0,,INSUFFICIENT_MATCHED_HISTORY,0,,INSUFFICIENT_MATCHED_HISTORY,0,,INSUFFICIENT_MATCHED_HISTORY,0,,INSUFFICIENT_MATCHED_HISTORY,0,,INSUFFICIENT_MATCHED_HISTORY,0,,SUITABILITY_UNAVAILABLE,HISTORICAL_IDENTITY_UNRESOLVED,2770512e0c877fe66505c640e6dccc728bf3871e14b54d1f14f80d1f8744e2e0,4f53cda18c2baa0c0354bb5f9a3ecbe5ed12ab4d8e11ba873c2f11161202b945,EDGEIQ_RACE_ENTRY_SUITABILITY_V2,EMPIRICAL_CONTEXT_DELTA_STRICTLY_PRIOR_V1_1,1a8171f4dd351d9cc4bf6f3cf46f1d246fae46cc154eccdd2e7ffd90cabbbd3e
3e3b0eaaa7878be9f8ebe7045cf95c472529741b447f22b612215e27d913eec2,RACE|2026-07-24|ECHUCA|R2|1000M|2026-07-24T03:10:00+00:00,RCOM_HORSE_5365022,RCOM_HORSE_5365022,Good Feel,,IDENTITY_UNRESOLVED,,2026-07-24,ECHUCA,1000,TURF,9,4,58,0,,0,,INSUFFICIENT_MATCHED_HISTORY,0,,INSUFFICIENT_MATCHED_HISTORY,0,,INSUFFICIENT_MATCHED_HISTORY,0,,INSUFFICIENT_MATCHED_HISTORY,0,,INSUFFICIENT_MATCHED_HISTORY,0,,INSUFFICIENT_MATCHED_HISTORY,0,,SUITABILITY_UNAVAILABLE,HISTORICAL_IDENTITY_UNRESOLVED,24b15bb6c453f29a3d5692ee6bb37916cf0bb3025edf8442bb02df29d6c7bebf,4f53cda18c2baa0c0354bb5f9a3ecbe5ed12ab4d8e11ba873c2f11161202b945,EDGEIQ_RACE_ENTRY_SUITABILITY_V2,EMPIRICAL_CONTEXT_DELTA_STRICTLY_PRIOR_V1_1,7ef99221c99ae0730cb20177c1dc59746e963cacf1f7af99c356c2ef5570abce
8496a341b0e5db2d94d6385a1dfdd02ca3b55bd552a5b8a7b1c40fc8c4ddab15,RACE|2026-07-24|ECHUCA|R2|1000M|2026-07-24T03:10:00+00:00,RCOM_HORSE_5366181,RCOM_HORSE_5366181,Epponnee Rae,,IDENTITY_UNRESOLVED,,2026-07-24,ECHUCA,1000,TURF,9,8,56,0,,0,,INSUFFICIENT_MATCHED_HISTORY,0,,INSUFFICIENT_MATCHED_HISTORY,0,,INSUFFICIENT_MATCHED_HISTORY,0,,INSUFFICIENT_MATCHED_HISTORY,0,,INSUFFICIENT_MATCHED_HISTORY,0,,INSUFFICIENT_MATCHED_HISTORY,0,,SUITABILITY_UNAVAILABLE,HISTORICAL_IDENTITY_UNRESOLVED,0b7239cca8010055b4222506df3316a4579071ef44c99a94deef768f6c4a774e,4f53cda18c2baa0c0354bb5f9a3ecbe5ed12ab4d8e11ba873c2f11161202b945,EDGEIQ_RACE_ENTRY_SUITABILITY_V2,EMPIRICAL_CONTEXT_DELTA_STRICTLY_PRIOR_V1_1,43a0a8b80217324daa735d0f074abf3dc915ac8286b5015181c88bd03716e30a
38ebe788253d3176546e9a651bcd30ca0aafcd1f00268481bd9c4610150e2141,RACE|2026-07-24|ECHUCA|R2|1000M|2026-07-24T03:10:00+00:00,RCOM_HORSE_5367059,RCOM_HORSE_5367059,Royalty Rules,,IDENTITY_UNRESOLVED,,2026-07-24,ECHUCA,1000,TURF,9,10,58,0,,0,,INSUFFICIENT_MATCHED_HISTORY,0,,INSUFFICIENT_MATCHED_HISTORY,0,,INSUFFICIENT_MATCHED_HISTORY,0,,INSUFFICIENT_MATCHED_HISTORY,0,,INSUFFICIENT_MATCHED_HISTORY,0,,INSUFFICIENT_MATCHED_HISTORY,0,,SUITABILITY_UNAVAILABLE,HISTORICAL_IDENTITY_UNRESOLVED,3b52d5b267ef07203c2f37a1bf3007dfc135d682b89a95f9c4dd93b7fa91fe06,4f53cda18c2baa0c0354bb5f9a3ecbe5ed12ab4d8e11ba873c2f11161202b945,EDGEIQ_RACE_ENTRY_SUITABILITY_V2,EMPIRICAL_CONTEXT_DELTA_STRICTLY_PRIOR_V1_1,808616d14efb587bcb08d54588623809f0b592cbf8f2d45b2e2151c29024a7dc
0bfb73323e1fed89128c7f93a9aef4c7586a13ce12fbfb52c908c47622de8752,RACE|2026-07-24|ECHUCA|R2|1000M|2026-07-24T03:10:00+00:00,RCOM_HORSE_5367549,RCOM_HORSE_5367549,Brazen Madonna,,IDENTITY_UNRESOLVED,,2026-07-24,ECHUCA,1000,TURF,9,3,56,0,,0,,INSUFFICIENT_MATCHED_HISTORY,0,,INSUFFICIENT_MATCHED_HISTORY,0,,INSUFFICIENT_MATCHED_HISTORY,0,,INSUFFICIENT_MATCHED_HISTORY,0,,INSUFFICIENT_MATCHED_HISTORY,0,,INSUFFICIENT_MATCHED_HISTORY,0,,SUITABILITY_UNAVAILABLE,HISTORICAL_IDENTITY_UNRESOLVED,18b31719ed6377749f061eacf3a46d3749ce96d585ae2ec86b64c886db110325,4f53cda18c2baa0c0354bb5f9a3ecbe5ed12ab4d8e11ba873c2f11161202b945,EDGEIQ_RACE_ENTRY_SUITABILITY_V2,EMPIRICAL_CONTEXT_DELTA_STRICTLY_PRIOR_V1_1,24e10a1bfc19464ca23f98b60b310f6b0dd877d22768680a8e89fe9ed6cb1219
91cbb19a0148e6f16198a8b73394180c74f8e06b7037206ddb7d27f85055cfc7,RACE|2026-07-24|ECHUCA|R2|1000M|2026-07-24T03:10:00+00:00,RCOM_HORSE_5368329,RCOM_HORSE_5368329,Inside Word,,IDENTITY_UNRESOLVED,,2026-07-24,ECHUCA,1000,TURF,9,6,58,0,,0,,INSUFFICIENT_MATCHED_HISTORY,0,,INSUFFICIENT_MATCHED_HISTORY,0,,INSUFFICIENT_MATCHED_HISTORY,0,,INSUFFICIENT_MATCHED_HISTORY,0,,INSUFFICIENT_MATCHED_HISTORY,0,,INSUFFICIENT_MATCHED_HISTORY,0,,SUITABILITY_UNAVAILABLE,HISTORICAL_IDENTITY_UNRESOLVED,cdb7d05351ff26ed69f72a85cd47785d5fb362140e0bfed76acdac6aa90f0e32,4f53cda18c2baa0c0354bb5f9a3ecbe5ed12ab4d8e11ba873c2f11161202b945,EDGEIQ_RACE_ENTRY_SUITABILITY_V2,EMPIRICAL_CONTEXT_DELTA_STRICTLY_PRIOR_V1_1,a302c57da3b33004f4fc6d5f2b6a9cbe646fe789d42a80e65d536614b9e8f387
53d86f9e17b648af235e503248b33306afc0516a41bc7b51367d4f55d0fd8080,RACE|2026-07-24|ECHUCA|R2|1000M|2026-07-24T03:10:00+00:00,RCOM_HORSE_5371382,RCOM_HORSE_5371382,Imperial Valley,,IDENTITY_UNRESOLVED,,2026-07-24,ECHUCA,1000,TURF,9,2,58,0,,0,,INSUFFICIENT_MATCHED_HISTORY,0,,INSUFFICIENT_MATCHED_HISTORY,0,,INSUFFICIENT_MATCHED_HISTORY,0,,INSUFFICIENT_MATCHED_HISTORY,0,,INSUFFICIENT_MATCHED_HISTORY,0,,INSUFFICIENT_MATCHED_HISTORY,0,,SUITABILITY_UNAVAILABLE,HISTORICAL_IDENTITY_UNRESOLVED,14c9e2e27967c066134d778697fe0d27bbc1bbcc923586b500efe3eeb94e92cd,4f53cda18c2baa0c0354bb5f9a3ecbe5ed12ab4d8e11ba873c2f11161202b945,EDGEIQ_RACE_ENTRY_SUITABILITY_V2,EMPIRICAL_CONTEXT_DELTA_STRICTLY_PRIOR_V1_1,c2496584b35c549678adb40b12026c1ca74310a0922e1733196894bb6e2f2e7d
161c5c2a6c60175f13dcef0720f71a3c9aaa4101da3d4ffb35d22cedcada725f,RACE|2026-07-24|ECHUCA|R2|1000M|2026-07-24T03:10:00+00:00,RCOM_HORSE_5371664,RCOM_HORSE_5371664,Somers Green,,IDENTITY_UNRESOLVED,,2026-07-24,ECHUCA,1000,TURF,9,7,56,0,,0,,INSUFFICIENT_MATCHED_HISTORY,0,,INSUFFICIENT_MATCHED_HISTORY,0,,INSUFFICIENT_MATCHED_HISTORY,0,,INSUFFICIENT_MATCHED_HISTORY,0,,INSUFFICIENT_MATCHED_HISTORY,0,,INSUFFICIENT_MATCHED_HISTORY,0,,SUITABILITY_UNAVAILABLE,HISTORICAL_IDENTITY_UNRESOLVED,89dff07e86627d711e3234903084fff77a855c8d3b02c4a2983bd9eb4a6167b9,4f53cda18c2baa0c0354bb5f9a3ecbe5ed12ab4d8e11ba873c2f11161202b945,EDGEIQ_RACE_ENTRY_SUITABILITY_V2,EMPIRICAL_CONTEXT_DELTA_STRICTLY_PRIOR_V1_1,b487ec3a47d6c265d5937f00ea030d62ba34117f76d2c71b998eac470dc6a092
8d2d29033b1d936b1f635c78d6ec28494d77258f6956361a75ad6f94e12a4a8a,RACE|2026-07-24|ECHUCA|R2|1000M|2026-07-24T03:10:00+00:00,RCOM_HORSE_5372271,RCOM_HORSE_5372271,Myhro's Ruler,,IDENTITY_UNRESOLVED,,2026-07-24,ECHUCA,1000,TURF,9,9,58,0,,0,,INSUFFICIENT_MATCHED_HISTORY,0,,INSUFFICIENT_MATCHED_HISTORY,0,,INSUFFICIENT_MATCHED_HISTORY,0,,INSUFFICIENT_MATCHED_HISTORY,0,,INSUFFICIENT_MATCHED_HISTORY,0,,INSUFFICIENT_MATCHED_HISTORY,0,,SUITABILITY_UNAVAILABLE,HISTORICAL_IDENTITY_UNRESOLVED,9e950885b1f004d9735330f3b2a3f1efba9b0c03858f6de23f9c8f7b5fd6224c,4f53cda18c2baa0c0354bb5f9a3ecbe5ed12ab4d8e11ba873c2f11161202b945,EDGEIQ_RACE_ENTRY_SUITABILITY_V2,EMPIRICAL_CONTEXT_DELTA_STRICTLY_PRIOR_V1_1,bacc0490e61d91949e2b881b3ad0c6304475f42a6a4158e10e360732a03c7581
a338dac2b30d4c692ad0ef1fee675d08145c8f64b7d3119b1f8bbac85f835040,RACE|2026-07-24|ECHUCA|R3|1600M|2026-07-24T03:45:00+00:00,RCOM_HORSE_5329743,RCOM_HORSE_5329743,Harry Caviar,,IDENTITY_UNRESOLVED,,2026-07-24,ECHUCA,1600,TURF,9,4,59.5,0,,0,,INSUFFICIENT_MATCHED_HISTORY,0,,INSUFFICIENT_MATCHED_HISTORY,0,,INSUFFICIENT_MATCHED_HISTORY,0,,INSUFFICIENT_MATCHED_HISTORY,0,,INSUFFICIENT_MATCHED_HISTORY,0,,INSUFFICIENT_MATCHED_HISTORY,0,,SUITABILITY_UNAVAILABLE,HISTORICAL_IDENTITY_UNRESOLVED,ad745c9cced6d38cba8ec1eb3f3beeb340516c106eb114dc0647c31c92378c84,4f53cda18c2baa0c0354bb5f9a3ecbe5ed12ab4d8e11ba873c2f11161202b945,EDGEIQ_RACE_ENTRY_SUITABILITY_V2,EMPIRICAL_CONTEXT_DELTA_STRICTLY_PRIOR_V1_1,12e0dd913e9dcfe754528deba71cad2d5e2b1b96b017cf1b60079e5bb90bbb0f
4451e0e9900c48a408c3ae084cb9ba045d158e718cdc2646ac8d157bd9bb340b,RACE|2026-07-24|ECHUCA|R3|1600M|2026-07-24T03:45:00+00:00,RCOM_HORSE_5341984,RCOM_HORSE_5341984,Embodiment,,IDENTITY_UNRESOLVED,,2026-07-24,ECHUCA,1600,TURF,9,6,57.5,0,,0,,INSUFFICIENT_MATCHED_HISTORY,0,,INSUFFICIENT_MATCHED_HISTORY,0,,INSUFFICIENT_MATCHED_HISTORY,0,,INSUFFICIENT_MATCHED_HISTORY,0,,INSUFFICIENT_MATCHED_HISTORY,0,,INSUFFICIENT_MATCHED_HISTORY,0,,SUITABILITY_UNAVAILABLE,HISTORICAL_IDENTITY_UNRESOLVED,175d3b4fe63c3749b85f77ad2c308389babfc7172af3b0d823525e5133633ac0,4f53cda18c2baa0c0354bb5f9a3ecbe5ed12ab4d8e11ba873c2f11161202b945,EDGEIQ_RACE_ENTRY_SUITABILITY_V2,EMPIRICAL_CONTEXT_DELTA_STRICTLY_PRIOR_V1_1,cca2caa792520e4236faf42d29da8e14a11664c5be35379c25b5b4b06dd9b1ab
b592f8ed261345f79186b16edc1f2606b82cd8e2c350c6dd0dac5285b6bde96c,RACE|2026-07-24|ECHUCA|R3|1600M|2026-07-24T03:45:00+00:00,RCOM_HORSE_5346997,RCOM_HORSE_5346997,Churchill Lane,,IDENTITY_UNRESOLVED,,2026-07-24,ECHUCA,1600,TURF,9,3,59.5,0,,0,,INSUFFICIENT_MATCHED_HISTORY,0,,INSUFFICIENT_MATCHED_HISTORY,0,,INSUFFICIENT_MATCHED_HISTORY,0,,INSUFFICIENT_MATCHED_HISTORY,0,,INSUFFICIENT_MATCHED_HISTORY,0,,INSUFFICIENT_MATCHED_HISTORY,0,,SUITABILITY_UNAVAILABLE,HISTORICAL_IDENTITY_UNRESOLVED,4c90ed7f4330429c1464d58342d19ff4e24f0de5b7f5301662b84b0f721e30d4,4f53cda18c2baa0c0354bb5f9a3ecbe5ed12ab4d8e11ba873c2f11161202b945,EDGEIQ_RACE_ENTRY_SUITABILITY_V2,EMPIRICAL_CONTEXT_DELTA_STRICTLY_PRIOR_V1_1,ff4d08dc7244463ffda09adaa6972e08d3f5e7acc8a523c36a74a9ccf062e064
b5dee4618801028e4f6e0c95614a286affdf3ecd681fe69030c7f1d3284b4a55,RACE|2026-07-24|ECHUCA|R3|1600M|2026-07-24T03:45:00+00:00,RCOM_HORSE_5348942,RCOM_HORSE_5348942,Misil Beauty,,IDENTITY_UNRESOLVED,,2026-07-24,ECHUCA,1600,TURF,9,9,57.5,0,,0,,INSUFFICIENT_MATCHED_HISTORY,0,,INSUFFICIENT_MATCHED_HISTORY,0,,INSUFFICIENT_MATCHED_HISTORY,0,,INSUFFICIENT_MATCHED_HISTORY,0,,INSUFFICIENT_MATCHED_HISTORY,0,,INSUFFICIENT_MATCHED_HISTORY,0,,SUITABILITY_UNAVAILABLE,HISTORICAL_IDENTITY_UNRESOLVED,ba4efa5d0e06639c440959d4dd2dabdb93e80aaf282bf9ae3061f72e52ad130f,4f53cda18c2baa0c0354bb5f9a3ecbe5ed12ab4d8e11ba873c2f11161202b945,EDGEIQ_RACE_ENTRY_SUITABILITY_V2,EMPIRICAL_CONTEXT_DELTA_STRICTLY_PRIOR_V1_1,6d5072c42d77f64531cfd22becb3fcf29fdc93c65b311a3db7b8ef0b9e22f0de
3fe75010a883c858915789131b5bf0e64b90ab33ee68a96537541050037b26dc,RACE|2026-07-24|ECHUCA|R3|1600M|2026-07-24T03:45:00+00:00,RCOM_HORSE_5349329,RCOM_HORSE_5349329,New Prospect,,IDENTITY_UNRESOLVED,,2026-07-24,ECHUCA,1600,TURF,9,8,59.5,0,,0,,INSUFFICIENT_MATCHED_HISTORY,0,,INSUFFICIENT_MATCHED_HISTORY,0,,INSUFFICIENT_MATCHED_HISTORY,0,,INSUFFICIENT_MATCHED_HISTORY,0,,INSUFFICIENT_MATCHED_HISTORY,0,,INSUFFICIENT_MATCHED_HISTORY,0,,SUITABILITY_UNAVAILABLE,HISTORICAL_IDENTITY_UNRESOLVED,4b62a55d028c64a6ae586cafbdd9b2eea2bc37393c3cd2c200620a9f9e2516b0,4f53cda18c2baa0c0354bb5f9a3ecbe5ed12ab4d8e11ba873c2f11161202b945,EDGEIQ_RACE_ENTRY_SUITABILITY_V2,EMPIRICAL_CONTEXT_DELTA_STRICTLY_PRIOR_V1_1,4c91a3f84305afd075e156ca70b3497a805fa1c50ff61887a4ded51a05c24140
3a49cbbfd9eeadabf4e408a2d03c9e2fdad1a9f5c021cb51b2387e1525bb02e7,RACE|2026-07-24|ECHUCA|R3|1600M|2026-07-24T03:45:00+00:00,RCOM_HORSE_5349444,RCOM_HORSE_5349444,Unoyaself,,IDENTITY_UNRESOLVED,,2026-07-24,ECHUCA,1600,TURF,9,7,59.5,0,,0,,INSUFFICIENT_MATCHED_HISTORY,0,,INSUFFICIENT_MATCHED_HISTORY,0,,INSUFFICIENT_MATCHED_HISTORY,0,,INSUFFICIENT_MATCHED_HISTORY,0,,INSUFFICIENT_MATCHED_HISTORY,0,,INSUFFICIENT_MATCHED_HISTORY,0,,SUITABILITY_NOT_APPLICABLE_ENTRY_INACTIVE,SCRATCHED_ENTRY,1ff307e7c3b3287ae1ca7676660648db1828efe95b8cc4c82a6128c6a773dfc8,4f53cda18c2baa0c0354bb5f9a3ecbe5ed12ab4d8e11ba873c2f11161202b945,EDGEIQ_RACE_ENTRY_SUITABILITY_V2,EMPIRICAL_CONTEXT_DELTA_STRICTLY_PRIOR_V1_1,a1a2133cb7a886837394588d08be61b4a64ce70772ddc2879b778da3babe8e0a
c0008f3c64118eb640d7dc733f1745a7453002977463612611ad59f7cbab623c,RACE|2026-07-24|ECHUCA|R3|1600M|2026-07-24T03:45:00+00:00,RCOM_HORSE_5350119,RCOM_HORSE_5350119,Colour Circle,,IDENTITY_UNRESOLVED,,2026-07-24,ECHUCA,1600,TURF,9,5,59.5,0,,0,,INSUFFICIENT_MATCHED_HISTORY,0,,INSUFFICIENT_MATCHED_HISTORY,0,,INSUFFICIENT_MATCHED_HISTORY,0,,INSUFFICIENT_MATCHED_HISTORY,0,,INSUFFICIENT_MATCHED_HISTORY,0,,INSUFFICIENT_MATCHED_HISTORY,0,,SUITABILITY_UNAVAILABLE,HISTORICAL_IDENTITY_UNRESOLVED,9fdf831ba8b757c66cfaf7f7baef614cbeb570a602b08320e0244ce137d240e2,4f53cda18c2baa0c0354bb5f9a3ecbe5ed12ab4d8e11ba873c2f11161202b945,EDGEIQ_RACE_ENTRY_SUITABILITY_V2,EMPIRICAL_CONTEXT_DELTA_STRICTLY_PRIOR_V1_1,5e039928dbbb99d30320dab62f5eb798149b60c55e2b4c33764e5c8e5181348c
56418e2dbaa791b353d260263895a837917a5a3a39febcec188455c0c0f685c6,RACE|2026-07-24|ECHUCA|R3|1600M|2026-07-24T03:45:00+00:00,RCOM_HORSE_5355786,RCOM_HORSE_5355786,Caitlin's Punch,,IDENTITY_UNRESOLVED,,2026-07-24,ECHUCA,1600,TURF,9,1,57.5,0,,0,,INSUFFICIENT_MATCHED_HISTORY,0,,INSUFFICIENT_MATCHED_HISTORY,0,,INSUFFICIENT_MATCHED_HISTORY,0,,INSUFFICIENT_MATCHED_HISTORY,0,,INSUFFICIENT_MATCHED_HISTORY,0,,INSUFFICIENT_MATCHED_HISTORY,0,,SUITABILITY_UNAVAILABLE,HISTORICAL_IDENTITY_UNRESOLVED,ffef72c6b11b12bc174685a711eddd1f6cc7ce3ec2a285361332b7db84c86829,4f53cda18c2baa0c0354bb5f9a3ecbe5ed12ab4d8e11ba873c2f11161202b945,EDGEIQ_RACE_ENTRY_SUITABILITY_V2,EMPIRICAL_CONTEXT_DELTA_STRICTLY_PRIOR_V1_1,fce30e68d758f9b17b9952a0f9835d449135fe2b99e9b48f76d2e237444c27cd
f0c469b991070e9524a697dd9f8af67c9a81e32d00db22e8ff04441431b6d244,RACE|2026-07-24|ECHUCA|R3|1600M|2026-07-24T03:45:00+00:00,RCOM_HORSE_5372796,RCOM_HORSE_5372796,Master Fox,,IDENTITY_UNRESOLVED,,2026-07-24,ECHUCA,1600,TURF,9,2,59.5,0,,0,,INSUFFICIENT_MATCHED_HISTORY,0,,INSUFFICIENT_MATCHED_HISTORY,0,,INSUFFICIENT_MATCHED_HISTORY,0,,INSUFFICIENT_MATCHED_HISTORY,0,,INSUFFICIENT_MATCHED_HISTORY,0,,INSUFFICIENT_MATCHED_HISTORY,0,,SUITABILITY_UNAVAILABLE,HISTORICAL_IDENTITY_UNRESOLVED,6a419a1a4bb05587eda7f74ea1df94cad338072917633cd2081a5a545e9551d7,4f53cda18c2baa0c0354bb5f9a3ecbe5ed12ab4d8e11ba873c2f11161202b945,EDGEIQ_RACE_ENTRY_SUITABILITY_V2,EMPIRICAL_CONTEXT_DELTA_STRICTLY_PRIOR_V1_1,81ca1f9613e77b7809068a16d01d5d76d0b775a3aa67573ca3e8633ef2f589b2
5d82edd4cee4145391a9fa295e8619ffc4819bd7b53f01663353426a679592c6,RACE|2026-07-24|ECHUCA|R4|1400M|2026-07-24T04:20:00+00:00,RCOM_HORSE_5321255,RCOM_HORSE_5321255,Iberian Lynx,,IDENTITY_UNRESOLVED,,2026-07-24,ECHUCA,1400,TURF,9,13,59.5,0,,0,,INSUFFICIENT_MATCHED_HISTORY,0,,INSUFFICIENT_MATCHED_HISTORY,0,,INSUFFICIENT_MATCHED_HISTORY,0,,INSUFFICIENT_MATCHED_HISTORY,0,,INSUFFICIENT_MATCHED_HISTORY,0,,INSUFFICIENT_MATCHED_HISTORY,0,,SUITABILITY_UNAVAILABLE,HISTORICAL_IDENTITY_UNRESOLVED,2495eab81215bcca7d4c493176e974b922e3f2eb7ba3bff8755825733e76b018,4f53cda18c2baa0c0354bb5f9a3ecbe5ed12ab4d8e11ba873c2f11161202b945,EDGEIQ_RACE_ENTRY_SUITABILITY_V2,EMPIRICAL_CONTEXT_DELTA_STRICTLY_PRIOR_V1_1,ffbcc0351bb0f0129d7bc4ab03b4f35c0f0c113fb5555327e16b1acfdb1589f3
f0140372bdd261ab43c1378e9e9fab770fa5acc2138a13ac572542cf232d5919,RACE|2026-07-24|ECHUCA|R4|1400M|2026-07-24T04:20:00+00:00,RCOM_HORSE_5332810,RCOM_HORSE_5332810,Captain Sparrow,,IDENTITY_UNRESOLVED,,2026-07-24,ECHUCA,1400,TURF,9,6,59.5,0,,0,,INSUFFICIENT_MATCHED_HISTORY,0,,INSUFFICIENT_MATCHED_HISTORY,0,,INSUFFICIENT_MATCHED_HISTORY,0,,INSUFFICIENT_MATCHED_HISTORY,0,,INSUFFICIENT_MATCHED_HISTORY,0,,INSUFFICIENT_MATCHED_HISTORY,0,,SUITABILITY_UNAVAILABLE,HISTORICAL_IDENTITY_UNRESOLVED,151df721be4280fb6b7223141b507e506e83b48608ceef66a796c60397a595a4,4f53cda18c2baa0c0354bb5f9a3ecbe5ed12ab4d8e11ba873c2f11161202b945,EDGEIQ_RACE_ENTRY_SUITABILITY_V2,EMPIRICAL_CONTEXT_DELTA_STRICTLY_PRIOR_V1_1,b5bf9e240216911be23dd62665b2ba5f51b2e83d766d06c022ed6d7e972f0fdd
fa8c4cd570746344e6dbceef8fde85a2e1d4f54d05abb57e6ab7b2b7d40c2a7a,RACE|2026-07-24|ECHUCA|R4|1400M|2026-07-24T04:20:00+00:00,RCOM_HORSE_5334905,RCOM_HORSE_5334905,You Said What,,IDENTITY_UNRESOLVED,,2026-07-24,ECHUCA,1400,TURF,9,3,57.5,0,,0,,INSUFFICIENT_MATCHED_HISTORY,0,,INSUFFICIENT_MATCHED_HISTORY,0,,INSUFFICIENT_MATCHED_HISTORY,0,,INSUFFICIENT_MATCHED_HISTORY,0,,INSUFFICIENT_MATCHED_HISTORY,0,,INSUFFICIENT_MATCHED_HISTORY,0,,SUITABILITY_UNAVAILABLE,HISTORICAL_IDENTITY_UNRESOLVED,2b71b58a08ec6e019994eb0aedc432be0401b5ef228a6f36a52d54ff11aeb91a,4f53cda18c2baa0c0354bb5f9a3ecbe5ed12ab4d8e11ba873c2f11161202b945,EDGEIQ_RACE_ENTRY_SUITABILITY_V2,EMPIRICAL_CONTEXT_DELTA_STRICTLY_PRIOR_V1_1,9721d515552c0bec68430c6de9bcd4369b7b6006e6c7bb77a74da3553999f3fb
b697f52d5b0683355daa330e524813f7b8bdb468f1d59ba2b9a6dcaae6332245,RACE|2026-07-24|ECHUCA|R4|1400M|2026-07-24T04:20:00+00:00,RCOM_HORSE_5340534,RCOM_HORSE_5340534,King Kauffo,,IDENTITY_UNRESOLVED,,2026-07-24,ECHUCA,1400,TURF,9,11,59.5,0,,0,,INSUFFICIENT_MATCHED_HISTORY,0,,INSUFFICIENT_MATCHED_HISTORY,0,,INSUFFICIENT_MATCHED_HISTORY,0,,INSUFFICIENT_MATCHED_HISTORY,0,,INSUFFICIENT_MATCHED_HISTORY,0,,INSUFFICIENT_MATCHED_HISTORY,0,,SUITABILITY_UNAVAILABLE,HISTORICAL_IDENTITY_UNRESOLVED,65c29a51f21095c3ea0e4df8eaf3635768312868c9fabf6ea6811f18e11a55a9,4f53cda18c2baa0c0354bb5f9a3ecbe5ed12ab4d8e11ba873c2f11161202b945,EDGEIQ_RACE_ENTRY_SUITABILITY_V2,EMPIRICAL_CONTEXT_DELTA_STRICTLY_PRIOR_V1_1,ebe850bca6771d8f070c206eee963ac5b856f61319148f1ae03891d58aa99e06
6f7fa61bfb3d2a1470651e3ffdfde2a97a25973a3d872208667dff02dbc750b3,RACE|2026-07-24|ECHUCA|R4|1400M|2026-07-24T04:20:00+00:00,RCOM_HORSE_5340890,RCOM_HORSE_5340890,I'lberidin'shotgun,,IDENTITY_UNRESOLVED,,2026-07-24,ECHUCA,1400,TURF,9,12,59.5,0,,0,,INSUFFICIENT_MATCHED_HISTORY,0,,INSUFFICIENT_MATCHED_HISTORY,0,,INSUFFICIENT_MATCHED_HISTORY,0,,INSUFFICIENT_MATCHED_HISTORY,0,,INSUFFICIENT_MATCHED_HISTORY,0,,INSUFFICIENT_MATCHED_HISTORY,0,,SUITABILITY_UNAVAILABLE,HISTORICAL_IDENTITY_UNRESOLVED,558c75d0c01a08cc5548bc95abede1effef62213889b4b8f010ff207ee11f853,4f53cda18c2baa0c0354bb5f9a3ecbe5ed12ab4d8e11ba873c2f11161202b945,EDGEIQ_RACE_ENTRY_SUITABILITY_V2,EMPIRICAL_CONTEXT_DELTA_STRICTLY_PRIOR_V1_1,1d73230c9267d32f691a8bab66f39017454655ce08cf8327269f1755c209e98e
db35f6ee7658ed28563a295f579563ab1e39f7401996c611955dff31e3823cb7,RACE|2026-07-24|ECHUCA|R4|1400M|2026-07-24T04:20:00+00:00,RCOM_HORSE_5343573,RCOM_HORSE_5343573,Lollie's Galore,,IDENTITY_UNRESOLVED,,2026-07-24,ECHUCA,1400,TURF,9,9,59.5,0,,0,,INSUFFICIENT_MATCHED_HISTORY,0,,INSUFFICIENT_MATCHED_HISTORY,0,,INSUFFICIENT_MATCHED_HISTORY,0,,INSUFFICIENT_MATCHED_HISTORY,0,,INSUFFICIENT_MATCHED_HISTORY,0,,INSUFFICIENT_MATCHED_HISTORY,0,,SUITABILITY_UNAVAILABLE,HISTORICAL_IDENTITY_UNRESOLVED,85cc6bf0fb4fc10a5c162adb028c6354cc6d01df1321ec1055125473c1822c6e,4f53cda18c2baa0c0354bb5f9a3ecbe5ed12ab4d8e11ba873c2f11161202b945,EDGEIQ_RACE_ENTRY_SUITABILITY_V2,EMPIRICAL_CONTEXT_DELTA_STRICTLY_PRIOR_V1_1,445e8fb294232fdbaadccbe4fe42b01a58526276668f21393b9b6833065cbd21
dd0a795e8b3aeb745059e17cee75fb2724b535c5a1723ca7a6ffe233dcf756c4,RACE|2026-07-24|ECHUCA|R4|1400M|2026-07-24T04:20:00+00:00,RCOM_HORSE_5344413,RCOM_HORSE_5344413,True Beauty,,IDENTITY_UNRESOLVED,,2026-07-24,ECHUCA,1400,TURF,9,8,59.5,0,,0,,INSUFFICIENT_MATCHED_HISTORY,0,,INSUFFICIENT_MATCHED_HISTORY,0,,INSUFFICIENT_MATCHED_HISTORY,0,,INSUFFICIENT_MATCHED_HISTORY,0,,INSUFFICIENT_MATCHED_HISTORY,0,,INSUFFICIENT_MATCHED_HISTORY,0,,SUITABILITY_UNAVAILABLE,HISTORICAL_IDENTITY_UNRESOLVED,0d3cb7d3b059e1924ef41cf1548f12a3796babad9d0bf581d207623d4a07798d,4f53cda18c2baa0c0354bb5f9a3ecbe5ed12ab4d8e11ba873c2f11161202b945,EDGEIQ_RACE_ENTRY_SUITABILITY_V2,EMPIRICAL_CONTEXT_DELTA_STRICTLY_PRIOR_V1_1,240c9f913fd9cffc0b62e6772bd517c494fbe107765cc3b07dffb0f2b328473b
5fd32f71e6db9a51c1dae3128d9b5e722bce957082f94e974f460e61f489eddf,RACE|2026-07-24|ECHUCA|R4|1400M|2026-07-24T04:20:00+00:00,RCOM_HORSE_5345652,RCOM_HORSE_5345652,Prestige Zerprise,,IDENTITY_UNRESOLVED,,2026-07-24,ECHUCA,1400,TURF,9,7,59.5,0,,0,,INSUFFICIENT_MATCHED_HISTORY,0,,INSUFFICIENT_MATCHED_HISTORY,0,,INSUFFICIENT_MATCHED_HISTORY,0,,INSUFFICIENT_MATCHED_HISTORY,0,,INSUFFICIENT_MATCHED_HISTORY,0,,INSUFFICIENT_MATCHED_HISTORY,0,,SUITABILITY_UNAVAILABLE,HISTORICAL_IDENTITY_UNRESOLVED,9c87470813b64024c2cbe315cbf15e23cf2dd182cee2e7ee981cd268cc288f7c,4f53cda18c2baa0c0354bb5f9a3ecbe5ed12ab4d8e11ba873c2f11161202b945,EDGEIQ_RACE_ENTRY_SUITABILITY_V2,EMPIRICAL_CONTEXT_DELTA_STRICTLY_PRIOR_V1_1,70b66bce34e91909b84c4e7007a5be2db10100b57a0926d7f6734ea27d8fa21a
7faf7e34c928ce265907006ddbc74f9d47c70669f945397e702b7c84cd316208,RACE|2026-07-24|ECHUCA|R4|1400M|2026-07-24T04:20:00+00:00,RCOM_HORSE_5347302,RCOM_HORSE_5347302,Aurora's Belt,,IDENTITY_UNRESOLVED,,2026-07-24,ECHUCA,1400,TURF,9,2,57.5,0,,0,,INSUFFICIENT_MATCHED_HISTORY,0,,INSUFFICIENT_MATCHED_HISTORY,0,,INSUFFICIENT_MATCHED_HISTORY,0,,INSUFFICIENT_MATCHED_HISTORY,0,,INSUFFICIENT_MATCHED_HISTORY,0,,INSUFFICIENT_MATCHED_HISTORY,0,,SUITABILITY_UNAVAILABLE,HISTORICAL_IDENTITY_UNRESOLVED,07ed7bad92d2f77d4ab3add61031ec5cd9a16e732bd499e0cef812783e7db704,4f53cda18c2baa0c0354bb5f9a3ecbe5ed12ab4d8e11ba873c2f11161202b945,EDGEIQ_RACE_ENTRY_SUITABILITY_V2,EMPIRICAL_CONTEXT_DELTA_STRICTLY_PRIOR_V1_1,cfb5cbbf9eaab997d26894ab31afc4b62584c6d3aadbc7db541b242ea0121a68
949397f00b8af382e327dd913eb3e315aef74dac87d664722b2529f45c8f6b9a,RACE|2026-07-24|ECHUCA|R4|1400M|2026-07-24T04:20:00+00:00,RCOM_HORSE_5348430,RCOM_HORSE_5348430,Valda Warrior,,IDENTITY_UNRESOLVED,,2026-07-24,ECHUCA,1400,TURF,9,5,57.5,0,,0,,INSUFFICIENT_MATCHED_HISTORY,0,,INSUFFICIENT_MATCHED_HISTORY,0,,INSUFFICIENT_MATCHED_HISTORY,0,,INSUFFICIENT_MATCHED_HISTORY,0,,INSUFFICIENT_MATCHED_HISTORY,0,,INSUFFICIENT_MATCHED_HISTORY,0,,SUITABILITY_UNAVAILABLE,HISTORICAL_IDENTITY_UNRESOLVED,fa246329dc2eb00022010e7024e63730656b98e331162bedf50eef7fd980d5ea,4f53cda18c2baa0c0354bb5f9a3ecbe5ed12ab4d8e11ba873c2f11161202b945,EDGEIQ_RACE_ENTRY_SUITABILITY_V2,EMPIRICAL_CONTEXT_DELTA_STRICTLY_PRIOR_V1_1,ebd7c5ec8bc4d59135ca79bbd53da2f7979216a8a740ba17e8f45df437858fe4
60ac08c77b6e3601b19399fee6790d14c95ee1c4579bc0b3abade9a7be7f4a9c,RACE|2026-07-24|ECHUCA|R4|1400M|2026-07-24T04:20:00+00:00,RCOM_HORSE_5348516,RCOM_HORSE_5348516,Ernie,,IDENTITY_UNRESOLVED,,2026-07-24,ECHUCA,1400,TURF,9,10,57.5,0,,0,,INSUFFICIENT_MATCHED_HISTORY,0,,INSUFFICIENT_MATCHED_HISTORY,0,,INSUFFICIENT_MATCHED_HISTORY,0,,INSUFFICIENT_MATCHED_HISTORY,0,,INSUFFICIENT_MATCHED_HISTORY,0,,INSUFFICIENT_MATCHED_HISTORY,0,,SUITABILITY_NOT_APPLICABLE_ENTRY_INACTIVE,SCRATCHED_ENTRY,de0d3c24dcbc53cecd4632b80f927d958732d71ee3b9fc619f22b68ec72c858c,4f53cda18c2baa0c0354bb5f9a3ecbe5ed12ab4d8e11ba873c2f11161202b945,EDGEIQ_RACE_ENTRY_SUITABILITY_V2,EMPIRICAL_CONTEXT_DELTA_STRICTLY_PRIOR_V1_1,496072056b26afbca8740829fef2779cc7d66b4f74a195de4233d056729c9c14
e3ec22f4f7187c651b69afbffd775d6d459e833012f9e8f0f377da77222bd77f,RACE|2026-07-24|ECHUCA|R4|1400M|2026-07-24T04:20:00+00:00,RCOM_HORSE_5348718,RCOM_HORSE_5348718,Written Order,,IDENTITY_UNRESOLVED,,2026-07-24,ECHUCA,1400,TURF,9,1,59.5,0,,0,,INSUFFICIENT_MATCHED_HISTORY,0,,INSUFFICIENT_MATCHED_HISTORY,0,,INSUFFICIENT_MATCHED_HISTORY,0,,INSUFFICIENT_MATCHED_HISTORY,0,,INSUFFICIENT_MATCHED_HISTORY,0,,INSUFFICIENT_MATCHED_HISTORY,0,,SUITABILITY_UNAVAILABLE,HISTORICAL_IDENTITY_UNRESOLVED,d7b46e99869414ffc778897aa245ba1bec9b89a863369f042b046223b30bacdf,4f53cda18c2baa0c0354bb5f9a3ecbe5ed12ab4d8e11ba873c2f11161202b945,EDGEIQ_RACE_ENTRY_SUITABILITY_V2,EMPIRICAL_CONTEXT_DELTA_STRICTLY_PRIOR_V1_1,aa1bdd7b39f366b96a701c70cc78f42bc6807caab12eb487a149328dc3917ab9
9ffb63033445c0fc39d710ea5174a7bcb0cf08ef65105b955753bed6dffda660,RACE|2026-07-24|ECHUCA|R4|1400M|2026-07-24T04:20:00+00:00,RCOM_HORSE_5354499,RCOM_HORSE_5354499,Boulderoo,,IDENTITY_UNRESOLVED,,2026-07-24,ECHUCA,1400,TURF,9,16,59.5,0,,0,,INSUFFICIENT_MATCHED_HISTORY,0,,INSUFFICIENT_MATCHED_HISTORY,0,,INSUFFICIENT_MATCHED_HISTORY,0,,INSUFFICIENT_MATCHED_HISTORY,0,,INSUFFICIENT_MATCHED_HISTORY,0,,INSUFFICIENT_MATCHED_HISTORY,0,,SUITABILITY_UNAVAILABLE,HISTORICAL_IDENTITY_UNRESOLVED,030b4d39ef06d45ecaedcfe27a48f70af3712c9463f8cdee21142d9e5fdfd293,4f53cda18c2baa0c0354bb5f9a3ecbe5ed12ab4d8e11ba873c2f11161202b945,EDGEIQ_RACE_ENTRY_SUITABILITY_V2,EMPIRICAL_CONTEXT_DELTA_STRICTLY_PRIOR_V1_1,184fee6a3c56e575da4a542f7f2a8cd67b45ee5eba6a0a47b8863824c72e7eeb
12247e41eaafd88f34c872b67ffad4ca25639596676df3f0b0145eac2eae34cc,RACE|2026-07-24|ECHUCA|R4|1400M|2026-07-24T04:20:00+00:00,RCOM_HORSE_5355405,RCOM_HORSE_5355405,Azulita,,IDENTITY_UNRESOLVED,,2026-07-24,ECHUCA,1400,TURF,9,4,57.5,0,,0,,INSUFFICIENT_MATCHED_HISTORY,0,,INSUFFICIENT_MATCHED_HISTORY,0,,INSUFFICIENT_MATCHED_HISTORY,0,,INSUFFICIENT_MATCHED_HISTORY,0,,INSUFFICIENT_MATCHED_HISTORY,0,,INSUFFICIENT_MATCHED_HISTORY,0,,SUITABILITY_UNAVAILABLE,HISTORICAL_IDENTITY_UNRESOLVED,276bf06c26045bd1c001933129d2d45704a76537b23f7128d0994167bea11885,4f53cda18c2baa0c0354bb5f9a3ecbe5ed12ab4d8e11ba873c2f11161202b945,EDGEIQ_RACE_ENTRY_SUITABILITY_V2,EMPIRICAL_CONTEXT_DELTA_STRICTLY_PRIOR_V1_1,5f1432f09bd93fb1438168eda8561a85a8c5786b33fdf79294e632185689d783
844fbf4c8cebc4b384e5681d6fcc86ee8ef4e754608f65582828483c1639d538,RACE|2026-07-24|ECHUCA|R4|1400M|2026-07-24T04:20:00+00:00,RCOM_HORSE_5367642,RCOM_HORSE_5367642,Aurum Star,,IDENTITY_UNRESOLVED,,2026-07-24,ECHUCA,1400,TURF,9,15,57,0,,0,,INSUFFICIENT_MATCHED_HISTORY,0,,INSUFFICIENT_MATCHED_HISTORY,0,,INSUFFICIENT_MATCHED_HISTORY,0,,INSUFFICIENT_MATCHED_HISTORY,0,,INSUFFICIENT_MATCHED_HISTORY,0,,INSUFFICIENT_MATCHED_HISTORY,0,,SUITABILITY_UNAVAILABLE,HISTORICAL_IDENTITY_UNRESOLVED,eb621d040e87ec73d42b9f4a54d5138b51321e8f7c69fac8505bce16108cce33,4f53cda18c2baa0c0354bb5f9a3ecbe5ed12ab4d8e11ba873c2f11161202b945,EDGEIQ_RACE_ENTRY_SUITABILITY_V2,EMPIRICAL_CONTEXT_DELTA_STRICTLY_PRIOR_V1_1,c6acfbc3cef2c8cc8180fe557e4e1bd99b943bf1c2c28a41ca6107d1a93c7cf2
8c3f72d5e1b7b5b20e1ebd53e4e9a95c613036660ff020feb5b8e40918cb9d20,RACE|2026-07-24|ECHUCA|R4|1400M|2026-07-24T04:20:00+00:00,RCOM_HORSE_5379932,RCOM_HORSE_5379932,Vanvitelli,,IDENTITY_UNRESOLVED,,2026-07-24,ECHUCA,1400,TURF,9,14,59.5,0,,0,,INSUFFICIENT_MATCHED_HISTORY,0,,INSUFFICIENT_MATCHED_HISTORY,0,,INSUFFICIENT_MATCHED_HISTORY,0,,INSUFFICIENT_MATCHED_HISTORY,0,,INSUFFICIENT_MATCHED_HISTORY,0,,INSUFFICIENT_MATCHED_HISTORY,0,,SUITABILITY_UNAVAILABLE,HISTORICAL_IDENTITY_UNRESOLVED,989c2e67fabab2690b4388a77142a03e3ae1af60addd9af4345d286068b66ec9,4f53cda18c2baa0c0354bb5f9a3ecbe5ed12ab4d8e11ba873c2f11161202b945,EDGEIQ_RACE_ENTRY_SUITABILITY_V2,EMPIRICAL_CONTEXT_DELTA_STRICTLY_PRIOR_V1_1,4dae8905fafc67412f0306d80e4067a3a43adbdab17175af734ae3c4a2147b4c
ff5b60772f0a7daa725cf7c940ed0e648e086a5a37fb2406b6a1475b02f57493,RACE|2026-07-24|ECHUCA|R5|1400M|2026-07-24T04:55:00+00:00,RCOM_HORSE_5287216,RCOM_HORSE_5287216,Bow Ribbon,,IDENTITY_UNRESOLVED,,2026-07-24,ECHUCA,1400,TURF,9,11,58,0,,0,,INSUFFICIENT_MATCHED_HISTORY,0,,INSUFFICIENT_MATCHED_HISTORY,0,,INSUFFICIENT_MATCHED_HISTORY,0,,INSUFFICIENT_MATCHED_HISTORY,0,,INSUFFICIENT_MATCHED_HISTORY,0,,INSUFFICIENT_MATCHED_HISTORY,0,,SUITABILITY_UNAVAILABLE,HISTORICAL_IDENTITY_UNRESOLVED,93509de52e1b6e7afd497590e730d030787bdd17d3663ce6d5b3b58c2015db50,4f53cda18c2baa0c0354bb5f9a3ecbe5ed12ab4d8e11ba873c2f11161202b945,EDGEIQ_RACE_ENTRY_SUITABILITY_V2,EMPIRICAL_CONTEXT_DELTA_STRICTLY_PRIOR_V1_1,3ccc90b663aa306f2235d33d22594c3f7c974c30a16247ffa2a6fc241374bebd
62fb13640585161ce6335c70462d663d0ae18418bb0b2dbc990b74a318cd7e33,RACE|2026-07-24|ECHUCA|R5|1400M|2026-07-24T04:55:00+00:00,RCOM_HORSE_5290327,RCOM_HORSE_5290327,Everett,,IDENTITY_UNRESOLVED,,2026-07-24,ECHUCA,1400,TURF,9,16,56,0,,0,,INSUFFICIENT_MATCHED_HISTORY,0,,INSUFFICIENT_MATCHED_HISTORY,0,,INSUFFICIENT_MATCHED_HISTORY,0,,INSUFFICIENT_MATCHED_HISTORY,0,,INSUFFICIENT_MATCHED_HISTORY,0,,INSUFFICIENT_MATCHED_HISTORY,0,,SUITABILITY_UNAVAILABLE,HISTORICAL_IDENTITY_UNRESOLVED,c5f1bd8e44480c2ff2f7daf2695e8fe6daea677b33cb621ae7c12cccaf731b41,4f53cda18c2baa0c0354bb5f9a3ecbe5ed12ab4d8e11ba873c2f11161202b945,EDGEIQ_RACE_ENTRY_SUITABILITY_V2,EMPIRICAL_CONTEXT_DELTA_STRICTLY_PRIOR_V1_1,5cb8a3abbc9c8e3d61f0036911716ae44ddd080756ecfc9a0a7cce48b22bf4e4
f6a9177d660fa894836a4cc90b6de0a878f195423e9d7e4128f2db23c2d0679d,RACE|2026-07-24|ECHUCA|R5|1400M|2026-07-24T04:55:00+00:00,RCOM_HORSE_5311700,RCOM_HORSE_5311700,Boulder Jack,,IDENTITY_UNRESOLVED,,2026-07-24,ECHUCA,1400,TURF,9,5,61.5,0,,0,,INSUFFICIENT_MATCHED_HISTORY,0,,INSUFFICIENT_MATCHED_HISTORY,0,,INSUFFICIENT_MATCHED_HISTORY,0,,INSUFFICIENT_MATCHED_HISTORY,0,,INSUFFICIENT_MATCHED_HISTORY,0,,INSUFFICIENT_MATCHED_HISTORY,0,,SUITABILITY_UNAVAILABLE,HISTORICAL_IDENTITY_UNRESOLVED,8dd00d4fd4fd8b213dad630a54c88d11d390eecc9ffbb69d30633b3b54789fb4,4f53cda18c2baa0c0354bb5f9a3ecbe5ed12ab4d8e11ba873c2f11161202b945,EDGEIQ_RACE_ENTRY_SUITABILITY_V2,EMPIRICAL_CONTEXT_DELTA_STRICTLY_PRIOR_V1_1,25c4a2cf47709920b85a4ccebdfe71fa6ed7f62b4e47d389e9d0ab11556b99a4
a57409b1be5f35e038f7e2aefdcc61ffadcd982c866509469d031c7c3fab88fd,RACE|2026-07-24|ECHUCA|R5|1400M|2026-07-24T04:55:00+00:00,RCOM_HORSE_5313443,RCOM_HORSE_5313443,Amore Lunare,,IDENTITY_UNRESOLVED,,2026-07-24,ECHUCA,1400,TURF,9,9,57,0,,0,,INSUFFICIENT_MATCHED_HISTORY,0,,INSUFFICIENT_MATCHED_HISTORY,0,,INSUFFICIENT_MATCHED_HISTORY,0,,INSUFFICIENT_MATCHED_HISTORY,0,,INSUFFICIENT_MATCHED_HISTORY,0,,INSUFFICIENT_MATCHED_HISTORY,0,,SUITABILITY_UNAVAILABLE,HISTORICAL_IDENTITY_UNRESOLVED,4099963e69be728afac1683150d96c9075ad5772a5064c00148912f45596f7ac,4f53cda18c2baa0c0354bb5f9a3ecbe5ed12ab4d8e11ba873c2f11161202b945,EDGEIQ_RACE_ENTRY_SUITABILITY_V2,EMPIRICAL_CONTEXT_DELTA_STRICTLY_PRIOR_V1_1,30fa21e4ec9d6a3c57b42b08aa7b6ad20b2af40e47b9aaf31c59a605625ae870
d6d13d54b6962211fbbd60453101c21903ee44c4a966f3db35d1a8f985b9aeb7,RACE|2026-07-24|ECHUCA|R5|1400M|2026-07-24T04:55:00+00:00,RCOM_HORSE_5316452,RCOM_HORSE_5316452,Quello Dorato,,IDENTITY_UNRESOLVED,,2026-07-24,ECHUCA,1400,TURF,9,6,61.5,0,,0,,INSUFFICIENT_MATCHED_HISTORY,0,,INSUFFICIENT_MATCHED_HISTORY,0,,INSUFFICIENT_MATCHED_HISTORY,0,,INSUFFICIENT_MATCHED_HISTORY,0,,INSUFFICIENT_MATCHED_HISTORY,0,,INSUFFICIENT_MATCHED_HISTORY,0,,SUITABILITY_UNAVAILABLE,HISTORICAL_IDENTITY_UNRESOLVED,6e2d03dfdeff97fa38cbef2111b030c6033570ab11e835c3f08707602131fac8,4f53cda18c2baa0c0354bb5f9a3ecbe5ed12ab4d8e11ba873c2f11161202b945,EDGEIQ_RACE_ENTRY_SUITABILITY_V2,EMPIRICAL_CONTEXT_DELTA_STRICTLY_PRIOR_V1_1,a4454f38e1aefe2bad9b243f8cf1fca17ed5a7ede14f0bb44fa69281a5984ec2
591c59924b8493189570d7ff871515a772e993abc120d8b53624a32be715f32b,RACE|2026-07-24|ECHUCA|R5|1400M|2026-07-24T04:55:00+00:00,RCOM_HORSE_5326507,RCOM_HORSE_5326507,Pharoah's Glory,,IDENTITY_UNRESOLVED,,2026-07-24,ECHUCA,1400,TURF,9,13,60.5,0,,0,,INSUFFICIENT_MATCHED_HISTORY,0,,INSUFFICIENT_MATCHED_HISTORY,0,,INSUFFICIENT_MATCHED_HISTORY,0,,INSUFFICIENT_MATCHED_HISTORY,0,,INSUFFICIENT_MATCHED_HISTORY,0,,INSUFFICIENT_MATCHED_HISTORY,0,,SUITABILITY_UNAVAILABLE,HISTORICAL_IDENTITY_UNRESOLVED,39f3d0b0718711ffdac2ca7af20b4acf889c12afef9d21529fd24734a3910f63,4f53cda18c2baa0c0354bb5f9a3ecbe5ed12ab4d8e11ba873c2f11161202b945,EDGEIQ_RACE_ENTRY_SUITABILITY_V2,EMPIRICAL_CONTEXT_DELTA_STRICTLY_PRIOR_V1_1,60150c9a3d42dcb494c8f1b7a73935f21c31c835d4218ff079bbe39fa8220359
954d976c90f94229d425ec91624c9dace70bb01485ca5559871bd99cf78a9997,RACE|2026-07-24|ECHUCA|R5|1400M|2026-07-24T04:55:00+00:00,RCOM_HORSE_5327241,RCOM_HORSE_5327241,Aloysius,,IDENTITY_UNRESOLVED,,2026-07-24,ECHUCA,1400,TURF,9,3,60,0,,0,,INSUFFICIENT_MATCHED_HISTORY,0,,INSUFFICIENT_MATCHED_HISTORY,0,,INSUFFICIENT_MATCHED_HISTORY,0,,INSUFFICIENT_MATCHED_HISTORY,0,,INSUFFICIENT_MATCHED_HISTORY,0,,INSUFFICIENT_MATCHED_HISTORY,0,,SUITABILITY_UNAVAILABLE,HISTORICAL_IDENTITY_UNRESOLVED,27609c46f774938bd44a2948ce1c00968a443676882b6d17731aa98d081f339c,4f53cda18c2baa0c0354bb5f9a3ecbe5ed12ab4d8e11ba873c2f11161202b945,EDGEIQ_RACE_ENTRY_SUITABILITY_V2,EMPIRICAL_CONTEXT_DELTA_STRICTLY_PRIOR_V1_1,3636f30a42a13d227e8059fabfe7ea0e001feaf4f468a53f139804591cf43c94
82f071faa9ba1cc65a022de88e412f59b92c40f47588d6b832b5d8d98155a351,RACE|2026-07-24|ECHUCA|R5|1400M|2026-07-24T04:55:00+00:00,RCOM_HORSE_5329050,RCOM_HORSE_5329050,Captain Barbossa,,IDENTITY_UNRESOLVED,,2026-07-24,ECHUCA,1400,TURF,9,1,58.5,0,,0,,INSUFFICIENT_MATCHED_HISTORY,0,,INSUFFICIENT_MATCHED_HISTORY,0,,INSUFFICIENT_MATCHED_HISTORY,0,,INSUFFICIENT_MATCHED_HISTORY,0,,INSUFFICIENT_MATCHED_HISTORY,0,,INSUFFICIENT_MATCHED_HISTORY,0,,SUITABILITY_NOT_APPLICABLE_ENTRY_INACTIVE,SCRATCHED_ENTRY,12b8845c0cd328d34b4bd276e818617558284b7b8ffcfac158bab5298e49c49d,4f53cda18c2baa0c0354bb5f9a3ecbe5ed12ab4d8e11ba873c2f11161202b945,EDGEIQ_RACE_ENTRY_SUITABILITY_V2,EMPIRICAL_CONTEXT_DELTA_STRICTLY_PRIOR_V1_1,52be0062460c44ab7ca7051c68acf0db6eb4fff1982258dc15d1021aa44dffa8
8c9a0275b5bbb8c9079b862e5dec742e0bf4fea913754ebae35c6ec2e3174bd3,RACE|2026-07-24|ECHUCA|R5|1400M|2026-07-24T04:55:00+00:00,RCOM_HORSE_5330581,RCOM_HORSE_5330581,Square Deal,,IDENTITY_UNRESOLVED,,2026-07-24,ECHUCA,1400,TURF,9,2,61,0,,0,,INSUFFICIENT_MATCHED_HISTORY,0,,INSUFFICIENT_MATCHED_HISTORY,0,,INSUFFICIENT_MATCHED_HISTORY,0,,INSUFFICIENT_MATCHED_HISTORY,0,,INSUFFICIENT_MATCHED_HISTORY,0,,INSUFFICIENT_MATCHED_HISTORY,0,,SUITABILITY_UNAVAILABLE,HISTORICAL_IDENTITY_UNRESOLVED,3619846f0e06df1f76a8ebc239e7b4d4c88b8fba3b986a20786cd84970ffda31,4f53cda18c2baa0c0354bb5f9a3ecbe5ed12ab4d8e11ba873c2f11161202b945,EDGEIQ_RACE_ENTRY_SUITABILITY_V2,EMPIRICAL_CONTEXT_DELTA_STRICTLY_PRIOR_V1_1,635c9b12d3dd93d32e81b9b4841652b47e7eb09e95347ba917a26db91fb73fac
76a89fa99b08c1805f89c5a0d09ddf8f32f662604fd536950de3163e2ba09fcb,RACE|2026-07-24|ECHUCA|R5|1400M|2026-07-24T04:55:00+00:00,RCOM_HORSE_5331354,RCOM_HORSE_5331354,Aka Daka,,IDENTITY_UNRESOLVED,,2026-07-24,ECHUCA,1400,TURF,9,4,62,0,,0,,INSUFFICIENT_MATCHED_HISTORY,0,,INSUFFICIENT_MATCHED_HISTORY,0,,INSUFFICIENT_MATCHED_HISTORY,0,,INSUFFICIENT_MATCHED_HISTORY,0,,INSUFFICIENT_MATCHED_HISTORY,0,,INSUFFICIENT_MATCHED_HISTORY,0,,SUITABILITY_UNAVAILABLE,HISTORICAL_IDENTITY_UNRESOLVED,f195d6c96272460ea0ed66beef3a7504b814eb364a8fb4b803ded92c244129f7,4f53cda18c2baa0c0354bb5f9a3ecbe5ed12ab4d8e11ba873c2f11161202b945,EDGEIQ_RACE_ENTRY_SUITABILITY_V2,EMPIRICAL_CONTEXT_DELTA_STRICTLY_PRIOR_V1_1,d65cf191a43ae6974f622f7e7d64e5bfcd074f432e293f159b9c1c4a48371970
98d428184a8b6d7150b44be6df8b76ae1d892fcf4ed45e355f699a575ecafc6c,RACE|2026-07-24|ECHUCA|R5|1400M|2026-07-24T04:55:00+00:00,RCOM_HORSE_5333769,RCOM_HORSE_5333769,Forrest Gump,,IDENTITY_UNRESOLVED,,2026-07-24,ECHUCA,1400,TURF,9,12,62.5,0,,0,,INSUFFICIENT_MATCHED_HISTORY,0,,INSUFFICIENT_MATCHED_HISTORY,0,,INSUFFICIENT_MATCHED_HISTORY,0,,INSUFFICIENT_MATCHED_HISTORY,0,,INSUFFICIENT_MATCHED_HISTORY,0,,INSUFFICIENT_MATCHED_HISTORY,0,,SUITABILITY_UNAVAILABLE,HISTORICAL_IDENTITY_UNRESOLVED,8b66bd3338dbe7fdf701b0d721c7dbac49ec42fc9f26f97cc5613dc34f410650,4f53cda18c2baa0c0354bb5f9a3ecbe5ed12ab4d8e11ba873c2f11161202b945,EDGEIQ_RACE_ENTRY_SUITABILITY_V2,EMPIRICAL_CONTEXT_DELTA_STRICTLY_PRIOR_V1_1,d36430166015a81893ffcd23836d31a9f70bbc84a2aec5dcbdad1cadd301b786
5d18f6e843f793b630c08638e5e1331626bab7ef01e3d63873b13aaf46bb073a,RACE|2026-07-24|ECHUCA|R5|1400M|2026-07-24T04:55:00+00:00,RCOM_HORSE_5333998,RCOM_HORSE_5333998,Cosmic Charger,,IDENTITY_UNRESOLVED,,2026-07-24,ECHUCA,1400,TURF,9,14,62,0,,0,,INSUFFICIENT_MATCHED_HISTORY,0,,INSUFFICIENT_MATCHED_HISTORY,0,,INSUFFICIENT_MATCHED_HISTORY,0,,INSUFFICIENT_MATCHED_HISTORY,0,,INSUFFICIENT_MATCHED_HISTORY,0,,INSUFFICIENT_MATCHED_HISTORY,0,,SUITABILITY_UNAVAILABLE,HISTORICAL_IDENTITY_UNRESOLVED,f9b1e629a9f6f8d2984101de014065fd64449ecf0299cf752c674f91b4aa563f,4f53cda18c2baa0c0354bb5f9a3ecbe5ed12ab4d8e11ba873c2f11161202b945,EDGEIQ_RACE_ENTRY_SUITABILITY_V2,EMPIRICAL_CONTEXT_DELTA_STRICTLY_PRIOR_V1_1,8196536bc0fbb50c964c5788d246a797295701a8c28c7911c8869943b5251141
2ebccc8066701a6f4f8cfd9e0ab368f9272d943b032d33932ce126213d6c9e6d,RACE|2026-07-24|ECHUCA|R5|1400M|2026-07-24T04:55:00+00:00,RCOM_HORSE_5336973,RCOM_HORSE_5336973,Never A Thought,,IDENTITY_UNRESOLVED,,2026-07-24,ECHUCA,1400,TURF,9,8,59.5,0,,0,,INSUFFICIENT_MATCHED_HISTORY,0,,INSUFFICIENT_MATCHED_HISTORY,0,,INSUFFICIENT_MATCHED_HISTORY,0,,INSUFFICIENT_MATCHED_HISTORY,0,,INSUFFICIENT_MATCHED_HISTORY,0,,INSUFFICIENT_MATCHED_HISTORY,0,,SUITABILITY_UNAVAILABLE,HISTORICAL_IDENTITY_UNRESOLVED,2ba3e7cffcbf5351b51e9d5a5695bff74265bf2006984408bcbfed08fecc289d,4f53cda18c2baa0c0354bb5f9a3ecbe5ed12ab4d8e11ba873c2f11161202b945,EDGEIQ_RACE_ENTRY_SUITABILITY_V2,EMPIRICAL_CONTEXT_DELTA_STRICTLY_PRIOR_V1_1,058af26e5c0dd2d916bad49311e5750fc2b4ad5dae0b1891f15420a673770f1f
91254c7e38c8114da2e5bdc0c6c0ac03b221950a5e2bd1c6c763e7fc37d77188,RACE|2026-07-24|ECHUCA|R5|1400M|2026-07-24T04:55:00+00:00,RCOM_HORSE_5340559,RCOM_HORSE_5340559,Prestige Ole,,IDENTITY_UNRESOLVED,,2026-07-24,ECHUCA,1400,TURF,9,15,62.5,0,,0,,INSUFFICIENT_MATCHED_HISTORY,0,,INSUFFICIENT_MATCHED_HISTORY,0,,INSUFFICIENT_MATCHED_HISTORY,0,,INSUFFICIENT_MATCHED_HISTORY,0,,INSUFFICIENT_MATCHED_HISTORY,0,,INSUFFICIENT_MATCHED_HISTORY,0,,SUITABILITY_UNAVAILABLE,HISTORICAL_IDENTITY_UNRESOLVED,90b0c7a0377ada48dcc8205af85e726d79d9d346e54f08b13ec6447f13e38776,4f53cda18c2baa0c0354bb5f9a3ecbe5ed12ab4d8e11ba873c2f11161202b945,EDGEIQ_RACE_ENTRY_SUITABILITY_V2,EMPIRICAL_CONTEXT_DELTA_STRICTLY_PRIOR_V1_1,752fb5ef73f2d7af87172a19532e7550f994297916f9227699b62556ad488a90
42173d84c8fd128b055ee0667d7ea7cff5a384ef510e2254ad2a94dc30954b4c,RACE|2026-07-24|ECHUCA|R5|1400M|2026-07-24T04:55:00+00:00,RCOM_HORSE_5342544,RCOM_HORSE_5342544,Rydell High,,IDENTITY_UNRESOLVED,,2026-07-24,ECHUCA,1400,TURF,9,10,54,0,,0,,INSUFFICIENT_MATCHED_HISTORY,0,,INSUFFICIENT_MATCHED_HISTORY,0,,INSUFFICIENT_MATCHED_HISTORY,0,,INSUFFICIENT_MATCHED_HISTORY,0,,INSUFFICIENT_MATCHED_HISTORY,0,,INSUFFICIENT_MATCHED_HISTORY,0,,SUITABILITY_UNAVAILABLE,HISTORICAL_IDENTITY_UNRESOLVED,ac5a2fc850ae888569dd0881d580085674bd2a00511f0e4e0a0c5f3bc12111e8,4f53cda18c2baa0c0354bb5f9a3ecbe5ed12ab4d8e11ba873c2f11161202b945,EDGEIQ_RACE_ENTRY_SUITABILITY_V2,EMPIRICAL_CONTEXT_DELTA_STRICTLY_PRIOR_V1_1,ea00ce748711898454079a1f4b02ed8f3736edf2aab861fbe2d30447b42c93f3
c47d09e7feb33a20dbbe9241d1b83ef7705d735314fd1214b9b665c9b3015cac,RACE|2026-07-24|ECHUCA|R5|1400M|2026-07-24T04:55:00+00:00,RCOM_HORSE_5345581,RCOM_HORSE_5345581,Charlecote Mill,,IDENTITY_UNRESOLVED,,2026-07-24,ECHUCA,1400,TURF,9,7,58,0,,0,,INSUFFICIENT_MATCHED_HISTORY,0,,INSUFFICIENT_MATCHED_HISTORY,0,,INSUFFICIENT_MATCHED_HISTORY,0,,INSUFFICIENT_MATCHED_HISTORY,0,,INSUFFICIENT_MATCHED_HISTORY,0,,INSUFFICIENT_MATCHED_HISTORY,0,,SUITABILITY_UNAVAILABLE,HISTORICAL_IDENTITY_UNRESOLVED,fa30200e06fff0cae6da653790b00396025bf89d4b6c599e0dccbb7a70ec815c,4f53cda18c2baa0c0354bb5f9a3ecbe5ed12ab4d8e11ba873c2f11161202b945,EDGEIQ_RACE_ENTRY_SUITABILITY_V2,EMPIRICAL_CONTEXT_DELTA_STRICTLY_PRIOR_V1_1,49765c125492b09fccf51f985e8ba32c9038b9645f53a1b49760be02aedcf5c0
7a8e34fd44091fe98bcee3701cf5b23fe322b98af4190b4433bec4bb4310bfbb,RACE|2026-07-24|ECHUCA|R6|1600M|2026-07-24T05:30:00+00:00,RCOM_HORSE_5290018,RCOM_HORSE_5290018,Dashing Donkey,,IDENTITY_UNRESOLVED,,2026-07-24,ECHUCA,1600,TURF,9,6,54,0,,0,,INSUFFICIENT_MATCHED_HISTORY,0,,INSUFFICIENT_MATCHED_HISTORY,0,,INSUFFICIENT_MATCHED_HISTORY,0,,INSUFFICIENT_MATCHED_HISTORY,0,,INSUFFICIENT_MATCHED_HISTORY,0,,INSUFFICIENT_MATCHED_HISTORY,0,,SUITABILITY_UNAVAILABLE,HISTORICAL_IDENTITY_UNRESOLVED,075ae601da2b348dc7c6433dc0b9460266821e6e13d04c1e6758eef1fb9c2a97,4f53cda18c2baa0c0354bb5f9a3ecbe5ed12ab4d8e11ba873c2f11161202b945,EDGEIQ_RACE_ENTRY_SUITABILITY_V2,EMPIRICAL_CONTEXT_DELTA_STRICTLY_PRIOR_V1_1,9ec25115b48965761d3e9327ebb499257acedca72fb861c5d1637a3dacaeea44
8c6aa68d3fa4c642912a963d14628bfaa27fc9349391416e3031907db8228574,RACE|2026-07-24|ECHUCA|R6|1600M|2026-07-24T05:30:00+00:00,RCOM_HORSE_5311514,RCOM_HORSE_5311514,Mickio,,IDENTITY_UNRESOLVED,,2026-07-24,ECHUCA,1600,TURF,9,1,60,0,,0,,INSUFFICIENT_MATCHED_HISTORY,0,,INSUFFICIENT_MATCHED_HISTORY,0,,INSUFFICIENT_MATCHED_HISTORY,0,,INSUFFICIENT_MATCHED_HISTORY,0,,INSUFFICIENT_MATCHED_HISTORY,0,,INSUFFICIENT_MATCHED_HISTORY,0,,SUITABILITY_UNAVAILABLE,HISTORICAL_IDENTITY_UNRESOLVED,235f6bcb34c619ca0723e70eee25c3c3fa08bbf09500e5103c08d0bba959fa22,4f53cda18c2baa0c0354bb5f9a3ecbe5ed12ab4d8e11ba873c2f11161202b945,EDGEIQ_RACE_ENTRY_SUITABILITY_V2,EMPIRICAL_CONTEXT_DELTA_STRICTLY_PRIOR_V1_1,c9fff97e4058d1dc1eaf683982d1554bed7cd7202a8050df8e340ae5a3d40aa9
16373d5ad81a326af3ac8daf07969b668a60254713c5348ae19fa0837f210f05,RACE|2026-07-24|ECHUCA|R6|1600M|2026-07-24T05:30:00+00:00,RCOM_HORSE_5315290,RCOM_HORSE_5315290,Azeola,,IDENTITY_UNRESOLVED,,2026-07-24,ECHUCA,1600,TURF,9,11,56,0,,0,,INSUFFICIENT_MATCHED_HISTORY,0,,INSUFFICIENT_MATCHED_HISTORY,0,,INSUFFICIENT_MATCHED_HISTORY,0,,INSUFFICIENT_MATCHED_HISTORY,0,,INSUFFICIENT_MATCHED_HISTORY,0,,INSUFFICIENT_MATCHED_HISTORY,0,,SUITABILITY_UNAVAILABLE,HISTORICAL_IDENTITY_UNRESOLVED,e9b2cbc5430b057b7307fac3048b6f1dacf76d7d7dcca6e037e583210ebcbf7a,4f53cda18c2baa0c0354bb5f9a3ecbe5ed12ab4d8e11ba873c2f11161202b945,EDGEIQ_RACE_ENTRY_SUITABILITY_V2,EMPIRICAL_CONTEXT_DELTA_STRICTLY_PRIOR_V1_1,e367df5c019b06538adff5d8aa91736cdf39164d8ae3d9ad04424e7f6c529291
de2928e733311f9db8714d3f0d98b55778286bd860222698acbeddb342512d51,RACE|2026-07-24|ECHUCA|R6|1600M|2026-07-24T05:30:00+00:00,RCOM_HORSE_5323696,RCOM_HORSE_5323696,Sunshine Jenni,,IDENTITY_UNRESOLVED,,2026-07-24,ECHUCA,1600,TURF,9,9,57,0,,0,,INSUFFICIENT_MATCHED_HISTORY,0,,INSUFFICIENT_MATCHED_HISTORY,0,,INSUFFICIENT_MATCHED_HISTORY,0,,INSUFFICIENT_MATCHED_HISTORY,0,,INSUFFICIENT_MATCHED_HISTORY,0,,INSUFFICIENT_MATCHED_HISTORY,0,,SUITABILITY_UNAVAILABLE,HISTORICAL_IDENTITY_UNRESOLVED,7036f63e8fc06e77dbb03683a88bff02bc5d5b6d383fc7a0304a0cd64f31d40e,4f53cda18c2baa0c0354bb5f9a3ecbe5ed12ab4d8e11ba873c2f11161202b945,EDGEIQ_RACE_ENTRY_SUITABILITY_V2,EMPIRICAL_CONTEXT_DELTA_STRICTLY_PRIOR_V1_1,165e46634779c263b829866dfa89c69e0e7f5d50d33b3786a1e6f0ae6808bebf
74f205099896fd404ac2470fb056e824ded541415d38247ec5d294f77fab155c,RACE|2026-07-24|ECHUCA|R6|1600M|2026-07-24T05:30:00+00:00,RCOM_HORSE_5324004,RCOM_HORSE_5324004,Ollandia Beach,,IDENTITY_UNRESOLVED,,2026-07-24,ECHUCA,1600,TURF,9,7,61.5,0,,0,,INSUFFICIENT_MATCHED_HISTORY,0,,INSUFFICIENT_MATCHED_HISTORY,0,,INSUFFICIENT_MATCHED_HISTORY,0,,INSUFFICIENT_MATCHED_HISTORY,0,,INSUFFICIENT_MATCHED_HISTORY,0,,INSUFFICIENT_MATCHED_HISTORY,0,,SUITABILITY_UNAVAILABLE,HISTORICAL_IDENTITY_UNRESOLVED,8cf6f1a5c6096274548b1636b5f4e792addcd54d6e66520561d4940742c0b333,4f53cda18c2baa0c0354bb5f9a3ecbe5ed12ab4d8e11ba873c2f11161202b945,EDGEIQ_RACE_ENTRY_SUITABILITY_V2,EMPIRICAL_CONTEXT_DELTA_STRICTLY_PRIOR_V1_1,1165be9dc8a906935be70921ba1bdbb3e5a080e7e60b82e376c16634586bee2f
f4f0e1193ebebfabd463254625eea8227af9fe6fd0f667275373ee2b62baf571,RACE|2026-07-24|ECHUCA|R6|1600M|2026-07-24T05:30:00+00:00,RCOM_HORSE_5324818,RCOM_HORSE_5324818,Queen Of Cordoba,,IDENTITY_UNRESOLVED,,2026-07-24,ECHUCA,1600,TURF,9,2,57,0,,0,,INSUFFICIENT_MATCHED_HISTORY,0,,INSUFFICIENT_MATCHED_HISTORY,0,,INSUFFICIENT_MATCHED_HISTORY,0,,INSUFFICIENT_MATCHED_HISTORY,0,,INSUFFICIENT_MATCHED_HISTORY,0,,INSUFFICIENT_MATCHED_HISTORY,0,,SUITABILITY_UNAVAILABLE,HISTORICAL_IDENTITY_UNRESOLVED,8f714e2a069b926c59e95372591858fed5fa402d9405e57295ab6bda266dd5ea,4f53cda18c2baa0c0354bb5f9a3ecbe5ed12ab4d8e11ba873c2f11161202b945,EDGEIQ_RACE_ENTRY_SUITABILITY_V2,EMPIRICAL_CONTEXT_DELTA_STRICTLY_PRIOR_V1_1,4e10870e13791debd1c7e814a35d8bf7b7079a3ae124e9db04b67675d4b5d3c7
575962e6ef4ce635e17d457e6f559548ec95e2462fd4154a91cd8246261a619e,RACE|2026-07-24|ECHUCA|R6|1600M|2026-07-24T05:30:00+00:00,RCOM_HORSE_5326056,RCOM_HORSE_5326056,Tel Aviv,,IDENTITY_UNRESOLVED,,2026-07-24,ECHUCA,1600,TURF,9,3,58.5,0,,0,,INSUFFICIENT_MATCHED_HISTORY,0,,INSUFFICIENT_MATCHED_HISTORY,0,,INSUFFICIENT_MATCHED_HISTORY,0,,INSUFFICIENT_MATCHED_HISTORY,0,,INSUFFICIENT_MATCHED_HISTORY,0,,INSUFFICIENT_MATCHED_HISTORY,0,,SUITABILITY_UNAVAILABLE,HISTORICAL_IDENTITY_UNRESOLVED,ecde8290c1bca99b82fb9cc0b3db2e0f3a06be1a509b8ad710d3b30a72f51b99,4f53cda18c2baa0c0354bb5f9a3ecbe5ed12ab4d8e11ba873c2f11161202b945,EDGEIQ_RACE_ENTRY_SUITABILITY_V2,EMPIRICAL_CONTEXT_DELTA_STRICTLY_PRIOR_V1_1,73c3748ba7e1d9e578e31f7af2c252918df3d31184df36a7cbcbfb39a0143ab3
a69e53860f199e4f3cb4a247cdc672f9cb0bbf7871cc053c8dc02f9907839af8,RACE|2026-07-24|ECHUCA|R6|1600M|2026-07-24T05:30:00+00:00,RCOM_HORSE_5330870,RCOM_HORSE_5330870,Ziggy Starcraft,,IDENTITY_UNRESOLVED,,2026-07-24,ECHUCA,1600,TURF,9,10,54,0,,0,,INSUFFICIENT_MATCHED_HISTORY,0,,INSUFFICIENT_MATCHED_HISTORY,0,,INSUFFICIENT_MATCHED_HISTORY,0,,INSUFFICIENT_MATCHED_HISTORY,0,,INSUFFICIENT_MATCHED_HISTORY,0,,INSUFFICIENT_MATCHED_HISTORY,0,,SUITABILITY_UNAVAILABLE,HISTORICAL_IDENTITY_UNRESOLVED,eb923a0ad4e29cb3c3d0a9e1c0b64dd4d5ed723ea3f8ace8ad323696dd51d3fa,4f53cda18c2baa0c0354bb5f9a3ecbe5ed12ab4d8e11ba873c2f11161202b945,EDGEIQ_RACE_ENTRY_SUITABILITY_V2,EMPIRICAL_CONTEXT_DELTA_STRICTLY_PRIOR_V1_1,a3841dc00df671a8ba1e17028f87a9c652ef25f3e3303bdc8c862c13fd22e3b4
3832d922d37753889bbe1f0187e0c5835834d0be3c3597e86a3ed19c7de01f9c,RACE|2026-07-24|ECHUCA|R6|1600M|2026-07-24T05:30:00+00:00,RCOM_HORSE_5332809,RCOM_HORSE_5332809,Pick Wisely,,IDENTITY_UNRESOLVED,,2026-07-24,ECHUCA,1600,TURF,9,8,58,0,,0,,INSUFFICIENT_MATCHED_HISTORY,0,,INSUFFICIENT_MATCHED_HISTORY,0,,INSUFFICIENT_MATCHED_HISTORY,0,,INSUFFICIENT_MATCHED_HISTORY,0,,INSUFFICIENT_MATCHED_HISTORY,0,,INSUFFICIENT_MATCHED_HISTORY,0,,SUITABILITY_UNAVAILABLE,HISTORICAL_IDENTITY_UNRESOLVED,8cb08984dfaf7a2a02dd2e5e89bbd5c2084eaab2c876ba8d1ba87383c46dcf19,4f53cda18c2baa0c0354bb5f9a3ecbe5ed12ab4d8e11ba873c2f11161202b945,EDGEIQ_RACE_ENTRY_SUITABILITY_V2,EMPIRICAL_CONTEXT_DELTA_STRICTLY_PRIOR_V1_1,f7909b7390bc93d86efc93a54b5d6fa326e9acca105a25321ed793e72ca85323
9df7d67e8c28950b8f8365db3ccc6a492d1bd312473cb3e74acc4c125de0b97d,RACE|2026-07-24|ECHUCA|R6|1600M|2026-07-24T05:30:00+00:00,RCOM_HORSE_5344538,RCOM_HORSE_5344538,Rookery Nook,,IDENTITY_UNRESOLVED,,2026-07-24,ECHUCA,1600,TURF,9,5,59,0,,0,,INSUFFICIENT_MATCHED_HISTORY,0,,INSUFFICIENT_MATCHED_HISTORY,0,,INSUFFICIENT_MATCHED_HISTORY,0,,INSUFFICIENT_MATCHED_HISTORY,0,,INSUFFICIENT_MATCHED_HISTORY,0,,INSUFFICIENT_MATCHED_HISTORY,0,,SUITABILITY_UNAVAILABLE,HISTORICAL_IDENTITY_UNRESOLVED,900d3c77bf459b81dcf5ddf239279092f25f383817e5d4a1285f471dfd72336c,4f53cda18c2baa0c0354bb5f9a3ecbe5ed12ab4d8e11ba873c2f11161202b945,EDGEIQ_RACE_ENTRY_SUITABILITY_V2,EMPIRICAL_CONTEXT_DELTA_STRICTLY_PRIOR_V1_1,8312018343a3408c93f3dfee177eeafa158434cc2bcd6075f96d4a629c02b520
58c7f417048ceb88bada2c90e20beec4adb21e26f081a1154d00c46c9ed12652,RACE|2026-07-24|ECHUCA|R6|1600M|2026-07-24T05:30:00+00:00,RCOM_HORSE_5346437,RCOM_HORSE_5346437,Kiss My Rock,,IDENTITY_UNRESOLVED,,2026-07-24,ECHUCA,1600,TURF,9,4,60,0,,0,,INSUFFICIENT_MATCHED_HISTORY,0,,INSUFFICIENT_MATCHED_HISTORY,0,,INSUFFICIENT_MATCHED_HISTORY,0,,INSUFFICIENT_MATCHED_HISTORY,0,,INSUFFICIENT_MATCHED_HISTORY,0,,INSUFFICIENT_MATCHED_HISTORY,0,,SUITABILITY_UNAVAILABLE,HISTORICAL_IDENTITY_UNRESOLVED,d7ad40f9ad92f174376239cfc95c654d97fd906452be606b0d9c5d00c430d8ad,4f53cda18c2baa0c0354bb5f9a3ecbe5ed12ab4d8e11ba873c2f11161202b945,EDGEIQ_RACE_ENTRY_SUITABILITY_V2,EMPIRICAL_CONTEXT_DELTA_STRICTLY_PRIOR_V1_1,4247dde243caff424ce946ff3eb854eec5d6325bd58d3252a9172536891ee44c
eef1c934374e37f694b4d5762e193ecb58cf048a16e01e5ad84a799e5dda4d7d,RACE|2026-07-24|ECHUCA|R7|1000M|2026-07-24T06:10:00+00:00,RCOM_HORSE_5041024,RCOM_HORSE_5041024,Raging Monkey,,IDENTITY_UNRESOLVED,,2026-07-24,ECHUCA,1000,TURF,9,11,57.5,0,,0,,INSUFFICIENT_MATCHED_HISTORY,0,,INSUFFICIENT_MATCHED_HISTORY,0,,INSUFFICIENT_MATCHED_HISTORY,0,,INSUFFICIENT_MATCHED_HISTORY,0,,INSUFFICIENT_MATCHED_HISTORY,0,,INSUFFICIENT_MATCHED_HISTORY,0,,SUITABILITY_UNAVAILABLE,HISTORICAL_IDENTITY_UNRESOLVED,91fafd898f2d696e82f5d1011d849fa3a9049da22c33de057126df40bf11da91,4f53cda18c2baa0c0354bb5f9a3ecbe5ed12ab4d8e11ba873c2f11161202b945,EDGEIQ_RACE_ENTRY_SUITABILITY_V2,EMPIRICAL_CONTEXT_DELTA_STRICTLY_PRIOR_V1_1,de431a87117d77669105f71df8c986117786c9d4612adc4731d4a44e2fd80b76
ce66e853f7d8e7ae8b69fe19f2c00e8994d796804afe718c133508514f0f26e8,RACE|2026-07-24|ECHUCA|R7|1000M|2026-07-24T06:10:00+00:00,RCOM_HORSE_5269524,RCOM_HORSE_5269524,Wind Dreamer,,IDENTITY_UNRESOLVED,,2026-07-24,ECHUCA,1000,TURF,9,8,54,0,,0,,INSUFFICIENT_MATCHED_HISTORY,0,,INSUFFICIENT_MATCHED_HISTORY,0,,INSUFFICIENT_MATCHED_HISTORY,0,,INSUFFICIENT_MATCHED_HISTORY,0,,INSUFFICIENT_MATCHED_HISTORY,0,,INSUFFICIENT_MATCHED_HISTORY,0,,SUITABILITY_UNAVAILABLE,HISTORICAL_IDENTITY_UNRESOLVED,27fb44c018ffca8232bbc1419026c326a7b267cabc45944a4b0ab1b4e6424924,4f53cda18c2baa0c0354bb5f9a3ecbe5ed12ab4d8e11ba873c2f11161202b945,EDGEIQ_RACE_ENTRY_SUITABILITY_V2,EMPIRICAL_CONTEXT_DELTA_STRICTLY_PRIOR_V1_1,e4dbe41715e4b97956bb3215137051d8c334d3b4ac5c68f0b34cf43ca6e99ccc
76847b77157b1dd31aceb61bc4a5d82c541aa1a3c8a318748bf13c4508f5ab87,RACE|2026-07-24|ECHUCA|R7|1000M|2026-07-24T06:10:00+00:00,RCOM_HORSE_5282705,RCOM_HORSE_5282705,Per Ivy,,IDENTITY_UNRESOLVED,,2026-07-24,ECHUCA,1000,TURF,9,5,62,0,,0,,INSUFFICIENT_MATCHED_HISTORY,0,,INSUFFICIENT_MATCHED_HISTORY,0,,INSUFFICIENT_MATCHED_HISTORY,0,,INSUFFICIENT_MATCHED_HISTORY,0,,INSUFFICIENT_MATCHED_HISTORY,0,,INSUFFICIENT_MATCHED_HISTORY,0,,SUITABILITY_UNAVAILABLE,HISTORICAL_IDENTITY_UNRESOLVED,fb65b1be16cfba49f9a1d4f90a56443bc915c312a64e04daa0a47fec30196092,4f53cda18c2baa0c0354bb5f9a3ecbe5ed12ab4d8e11ba873c2f11161202b945,EDGEIQ_RACE_ENTRY_SUITABILITY_V2,EMPIRICAL_CONTEXT_DELTA_STRICTLY_PRIOR_V1_1,d49f7b4b5b76025f0a57fc2e1a53d4d0418af51b2c0444a1036052b528da6fb9
eba5352d9f494d049ac1cf0592ac9086fd04b219b4ebd953b9ecd20cb0af16bc,RACE|2026-07-24|ECHUCA|R7|1000M|2026-07-24T06:10:00+00:00,RCOM_HORSE_5293267,RCOM_HORSE_5293267,Mutsuhito,,IDENTITY_UNRESOLVED,,2026-07-24,ECHUCA,1000,TURF,9,6,59,0,,0,,INSUFFICIENT_MATCHED_HISTORY,0,,INSUFFICIENT_MATCHED_HISTORY,0,,INSUFFICIENT_MATCHED_HISTORY,0,,INSUFFICIENT_MATCHED_HISTORY,0,,INSUFFICIENT_MATCHED_HISTORY,0,,INSUFFICIENT_MATCHED_HISTORY,0,,SUITABILITY_UNAVAILABLE,HISTORICAL_IDENTITY_UNRESOLVED,126981fad909902f47d3e60171fbef0129f2be488d4c5dff0f3f67335f924d30,4f53cda18c2baa0c0354bb5f9a3ecbe5ed12ab4d8e11ba873c2f11161202b945,EDGEIQ_RACE_ENTRY_SUITABILITY_V2,EMPIRICAL_CONTEXT_DELTA_STRICTLY_PRIOR_V1_1,61476b166025eaa9cccba1a31c79daf979155b1783d667c26769e2fb38716a2f
9429c425b5b1a062f01b2fa05fc9392b7bce788c8447d2ef1786e7618ef7066e,RACE|2026-07-24|ECHUCA|R7|1000M|2026-07-24T06:10:00+00:00,RCOM_HORSE_5305577,RCOM_HORSE_5305577,Needawinna,,IDENTITY_UNRESOLVED,,2026-07-24,ECHUCA,1000,TURF,9,9,58.5,0,,0,,INSUFFICIENT_MATCHED_HISTORY,0,,INSUFFICIENT_MATCHED_HISTORY,0,,INSUFFICIENT_MATCHED_HISTORY,0,,INSUFFICIENT_MATCHED_HISTORY,0,,INSUFFICIENT_MATCHED_HISTORY,0,,INSUFFICIENT_MATCHED_HISTORY,0,,SUITABILITY_UNAVAILABLE,HISTORICAL_IDENTITY_UNRESOLVED,2d37721f3914698ea9b1175f2c5c13cdfe33bdb7817b1010db736bf6ffab7deb,4f53cda18c2baa0c0354bb5f9a3ecbe5ed12ab4d8e11ba873c2f11161202b945,EDGEIQ_RACE_ENTRY_SUITABILITY_V2,EMPIRICAL_CONTEXT_DELTA_STRICTLY_PRIOR_V1_1,00888bcff09e2f206dc21bd82f4ed36cda4d8bcb56de7df6adfa7fb63ba050ea
3b58865d5caa0d3a7009e08d4bc2c7993d3e4e860cfb5444ea981c10edb54a87,RACE|2026-07-24|ECHUCA|R7|1000M|2026-07-24T06:10:00+00:00,RCOM_HORSE_5305645,RCOM_HORSE_5305645,College Dropout,,IDENTITY_UNRESOLVED,,2026-07-24,ECHUCA,1000,TURF,9,10,54,0,,0,,INSUFFICIENT_MATCHED_HISTORY,0,,INSUFFICIENT_MATCHED_HISTORY,0,,INSUFFICIENT_MATCHED_HISTORY,0,,INSUFFICIENT_MATCHED_HISTORY,0,,INSUFFICIENT_MATCHED_HISTORY,0,,INSUFFICIENT_MATCHED_HISTORY,0,,SUITABILITY_UNAVAILABLE,HISTORICAL_IDENTITY_UNRESOLVED,c0d1d72fdede58fbc1938efe3a694c94027fbad350364640c4944d5bb4fed4d7,4f53cda18c2baa0c0354bb5f9a3ecbe5ed12ab4d8e11ba873c2f11161202b945,EDGEIQ_RACE_ENTRY_SUITABILITY_V2,EMPIRICAL_CONTEXT_DELTA_STRICTLY_PRIOR_V1_1,d9475b484568e7f5dcf541249a9e437654c66be596a732259f7712154d9c6aa4
9cdf3d96a78e685c7004ba9c3287ef74d9338ef16da9012429fd2fd7c306ba45,RACE|2026-07-24|ECHUCA|R7|1000M|2026-07-24T06:10:00+00:00,RCOM_HORSE_5309341,RCOM_HORSE_5309341,Redemption Time,,IDENTITY_UNRESOLVED,,2026-07-24,ECHUCA,1000,TURF,9,2,56,0,,0,,INSUFFICIENT_MATCHED_HISTORY,0,,INSUFFICIENT_MATCHED_HISTORY,0,,INSUFFICIENT_MATCHED_HISTORY,0,,INSUFFICIENT_MATCHED_HISTORY,0,,INSUFFICIENT_MATCHED_HISTORY,0,,INSUFFICIENT_MATCHED_HISTORY,0,,SUITABILITY_UNAVAILABLE,HISTORICAL_IDENTITY_UNRESOLVED,89c1a18a6ed9f3c67996d9b4508979a78593a242e869e90c55f51b319a0e2dc2,4f53cda18c2baa0c0354bb5f9a3ecbe5ed12ab4d8e11ba873c2f11161202b945,EDGEIQ_RACE_ENTRY_SUITABILITY_V2,EMPIRICAL_CONTEXT_DELTA_STRICTLY_PRIOR_V1_1,b7cb1a2c42a4c26a5bc5ee5b33c430bede80d62ed03eb854e273c971392140ee
5a7d47138980935aeea4a1c5beaf4116641ae57f88f6a96604ac0472bedca9d7,RACE|2026-07-24|ECHUCA|R7|1000M|2026-07-24T06:10:00+00:00,RCOM_HORSE_5323035,RCOM_HORSE_5323035,Lack Of Restraint,,IDENTITY_UNRESOLVED,,2026-07-24,ECHUCA,1000,TURF,9,3,59,0,,0,,INSUFFICIENT_MATCHED_HISTORY,0,,INSUFFICIENT_MATCHED_HISTORY,0,,INSUFFICIENT_MATCHED_HISTORY,0,,INSUFFICIENT_MATCHED_HISTORY,0,,INSUFFICIENT_MATCHED_HISTORY,0,,INSUFFICIENT_MATCHED_HISTORY,0,,SUITABILITY_UNAVAILABLE,HISTORICAL_IDENTITY_UNRESOLVED,309f008cbbe623898582381aaf455013f5319e9501f06c5aa4c37221cb04e51b,4f53cda18c2baa0c0354bb5f9a3ecbe5ed12ab4d8e11ba873c2f11161202b945,EDGEIQ_RACE_ENTRY_SUITABILITY_V2,EMPIRICAL_CONTEXT_DELTA_STRICTLY_PRIOR_V1_1,9a315bb1288c4a3edaed6765fa1e1a6ddb9a5cb0691cb79346a6c7139023f964
9ce1b1de48820a3300d6d0c3dd06cd94326da675e795dabe8b48bbeb0f4f8c6c,RACE|2026-07-24|ECHUCA|R7|1000M|2026-07-24T06:10:00+00:00,RCOM_HORSE_5327328,RCOM_HORSE_5327328,Dismantle,,IDENTITY_UNRESOLVED,,2026-07-24,ECHUCA,1000,TURF,9,1,60,0,,0,,INSUFFICIENT_MATCHED_HISTORY,0,,INSUFFICIENT_MATCHED_HISTORY,0,,INSUFFICIENT_MATCHED_HISTORY,0,,INSUFFICIENT_MATCHED_HISTORY,0,,INSUFFICIENT_MATCHED_HISTORY,0,,INSUFFICIENT_MATCHED_HISTORY,0,,SUITABILITY_UNAVAILABLE,HISTORICAL_IDENTITY_UNRESOLVED,2a837f170004891cae28cc1edc965d4242ca3b23186990e7e2fef08504d4a6d9,4f53cda18c2baa0c0354bb5f9a3ecbe5ed12ab4d8e11ba873c2f11161202b945,EDGEIQ_RACE_ENTRY_SUITABILITY_V2,EMPIRICAL_CONTEXT_DELTA_STRICTLY_PRIOR_V1_1,770eea492b4673fd83db8da445ec350bd14ff3c9048fb3aa5d9b256edaf571ca
1e6793571da9a942cc001fa1caeed6f1b571e12ae2f6e0b9ba42b1519f7f93fe,RACE|2026-07-24|ECHUCA|R7|1000M|2026-07-24T06:10:00+00:00,RCOM_HORSE_5331059,RCOM_HORSE_5331059,Deep Joy,,IDENTITY_UNRESOLVED,,2026-07-24,ECHUCA,1000,TURF,9,4,54,0,,0,,INSUFFICIENT_MATCHED_HISTORY,0,,INSUFFICIENT_MATCHED_HISTORY,0,,INSUFFICIENT_MATCHED_HISTORY,0,,INSUFFICIENT_MATCHED_HISTORY,0,,INSUFFICIENT_MATCHED_HISTORY,0,,INSUFFICIENT_MATCHED_HISTORY,0,,SUITABILITY_UNAVAILABLE,HISTORICAL_IDENTITY_UNRESOLVED,b03797c0e9e8d226e05dc0f7f630fab54996789d0a709e3cee11239fce4e77df,4f53cda18c2baa0c0354bb5f9a3ecbe5ed12ab4d8e11ba873c2f11161202b945,EDGEIQ_RACE_ENTRY_SUITABILITY_V2,EMPIRICAL_CONTEXT_DELTA_STRICTLY_PRIOR_V1_1,35bdf5b060f87e87601d3c65ffa645ecf0a01e6bb9ed1374ada5e0c672eb17f7
08884d437f2b840a55c2fe755183526e87905e433307fb5621a600980c3860a0,RACE|2026-07-24|ECHUCA|R7|1000M|2026-07-24T06:10:00+00:00,RCOM_HORSE_5333279,RCOM_HORSE_5333279,Gina's A Star,,IDENTITY_UNRESOLVED,,2026-07-24,ECHUCA,1000,TURF,9,7,60.5,0,,0,,INSUFFICIENT_MATCHED_HISTORY,0,,INSUFFICIENT_MATCHED_HISTORY,0,,INSUFFICIENT_MATCHED_HISTORY,0,,INSUFFICIENT_MATCHED_HISTORY,0,,INSUFFICIENT_MATCHED_HISTORY,0,,INSUFFICIENT_MATCHED_HISTORY,0,,SUITABILITY_UNAVAILABLE,HISTORICAL_IDENTITY_UNRESOLVED,559c09cda01bfb46289fafb87d2950e7fe4be899b6071714c149c33aa79fdc6e,4f53cda18c2baa0c0354bb5f9a3ecbe5ed12ab4d8e11ba873c2f11161202b945,EDGEIQ_RACE_ENTRY_SUITABILITY_V2,EMPIRICAL_CONTEXT_DELTA_STRICTLY_PRIOR_V1_1,13dd9496f33be51ec461913063d0aeab4115c90429c4ea2879c67ca6fd747902
e8c64a4fb75f94555a219e44d588aca9d1a9136493f8b2309289d6b01ea87ec0,RACE|2026-07-24|ECHUCA|R8|1200M|2026-07-24T06:50:00+00:00,RCOM_HORSE_5245551,RCOM_HORSE_5245551,Danerich Dan,,IDENTITY_UNRESOLVED,,2026-07-24,ECHUCA,1200,TURF,9,12,57.5,0,,0,,INSUFFICIENT_MATCHED_HISTORY,0,,INSUFFICIENT_MATCHED_HISTORY,0,,INSUFFICIENT_MATCHED_HISTORY,0,,INSUFFICIENT_MATCHED_HISTORY,0,,INSUFFICIENT_MATCHED_HISTORY,0,,INSUFFICIENT_MATCHED_HISTORY,0,,SUITABILITY_UNAVAILABLE,HISTORICAL_IDENTITY_UNRESOLVED,1edda9c5424853ed82b775647fba244f703a235ecf58d4b1a42dcd7a5a754080,4f53cda18c2baa0c0354bb5f9a3ecbe5ed12ab4d8e11ba873c2f11161202b945,EDGEIQ_RACE_ENTRY_SUITABILITY_V2,EMPIRICAL_CONTEXT_DELTA_STRICTLY_PRIOR_V1_1,9c8b6b4d318763c72bcb752cf1a8195e2e79be80a4e1c71101cf58aef2fe6d71
d2460029c55d9b0442390c5f7f80f4b342152749d8fa36a92ad5f59af5a58f45,RACE|2026-07-24|ECHUCA|R8|1200M|2026-07-24T06:50:00+00:00,RCOM_HORSE_5263352,RCOM_HORSE_5263352,Ellmaknifico,,IDENTITY_UNRESOLVED,,2026-07-24,ECHUCA,1200,TURF,9,1,55.5,0,,0,,INSUFFICIENT_MATCHED_HISTORY,0,,INSUFFICIENT_MATCHED_HISTORY,0,,INSUFFICIENT_MATCHED_HISTORY,0,,INSUFFICIENT_MATCHED_HISTORY,0,,INSUFFICIENT_MATCHED_HISTORY,0,,INSUFFICIENT_MATCHED_HISTORY,0,,SUITABILITY_UNAVAILABLE,HISTORICAL_IDENTITY_UNRESOLVED,7b7b2f9255b34d1488347f0522567a122038135d42d3b0d3218ac77ee1a8c87e,4f53cda18c2baa0c0354bb5f9a3ecbe5ed12ab4d8e11ba873c2f11161202b945,EDGEIQ_RACE_ENTRY_SUITABILITY_V2,EMPIRICAL_CONTEXT_DELTA_STRICTLY_PRIOR_V1_1,a1f384f1a98813ce0321beb82817f273e1026e13e1d39fc0d2c76aba0874ae68
f03c7b257a2e4bf867ca6bd6fe4ffd82a7de523bc94edf721fb93a806274d495,RACE|2026-07-24|ECHUCA|R8|1200M|2026-07-24T06:50:00+00:00,RCOM_HORSE_5268993,RCOM_HORSE_5268993,Kentahten,,IDENTITY_UNRESOLVED,,2026-07-24,ECHUCA,1200,TURF,9,16,58.5,0,,0,,INSUFFICIENT_MATCHED_HISTORY,0,,INSUFFICIENT_MATCHED_HISTORY,0,,INSUFFICIENT_MATCHED_HISTORY,0,,INSUFFICIENT_MATCHED_HISTORY,0,,INSUFFICIENT_MATCHED_HISTORY,0,,INSUFFICIENT_MATCHED_HISTORY,0,,SUITABILITY_UNAVAILABLE,HISTORICAL_IDENTITY_UNRESOLVED,f2d3c270493850f48a6fd9fb06fc47620addd267ad69fc275951cd01db770ca6,4f53cda18c2baa0c0354bb5f9a3ecbe5ed12ab4d8e11ba873c2f11161202b945,EDGEIQ_RACE_ENTRY_SUITABILITY_V2,EMPIRICAL_CONTEXT_DELTA_STRICTLY_PRIOR_V1_1,f971a3dc0e851359502cfa38b965d4db29c80151c4c03d7eb35988bdb7dfe6f7
79bd1e5fce625421ce8e60c9a222c1247fe1fd29985fb51feec8f4e936f7b9ab,RACE|2026-07-24|ECHUCA|R8|1200M|2026-07-24T06:50:00+00:00,RCOM_HORSE_5291437,RCOM_HORSE_5291437,Powerbound,,IDENTITY_UNRESOLVED,,2026-07-24,ECHUCA,1200,TURF,9,5,65.5,0,,0,,INSUFFICIENT_MATCHED_HISTORY,0,,INSUFFICIENT_MATCHED_HISTORY,0,,INSUFFICIENT_MATCHED_HISTORY,0,,INSUFFICIENT_MATCHED_HISTORY,0,,INSUFFICIENT_MATCHED_HISTORY,0,,INSUFFICIENT_MATCHED_HISTORY,0,,SUITABILITY_UNAVAILABLE,HISTORICAL_IDENTITY_UNRESOLVED,b15b56761e0dee384b12ada1eaa1efcc4eec25b6296d2467625136b453ce863e,4f53cda18c2baa0c0354bb5f9a3ecbe5ed12ab4d8e11ba873c2f11161202b945,EDGEIQ_RACE_ENTRY_SUITABILITY_V2,EMPIRICAL_CONTEXT_DELTA_STRICTLY_PRIOR_V1_1,6dcce5071c275d98adfdc1de6e88c8828c8e8828bb7b2d91c56738ac65014f35
dd633796f0b40b178d2b4ceec0979bc646064370a927efc642b3140bc1ff2a76,RACE|2026-07-24|ECHUCA|R8|1200M|2026-07-24T06:50:00+00:00,RCOM_HORSE_5291851,RCOM_HORSE_5291851,Tapo,,IDENTITY_UNRESOLVED,,2026-07-24,ECHUCA,1200,TURF,9,11,64.5,0,,0,,INSUFFICIENT_MATCHED_HISTORY,0,,INSUFFICIENT_MATCHED_HISTORY,0,,INSUFFICIENT_MATCHED_HISTORY,0,,INSUFFICIENT_MATCHED_HISTORY,0,,INSUFFICIENT_MATCHED_HISTORY,0,,INSUFFICIENT_MATCHED_HISTORY,0,,SUITABILITY_UNAVAILABLE,HISTORICAL_IDENTITY_UNRESOLVED,06f70283a78ab3604333837be1d68aaf0155a1dd455dbbcddac243cd30f8169f,4f53cda18c2baa0c0354bb5f9a3ecbe5ed12ab4d8e11ba873c2f11161202b945,EDGEIQ_RACE_ENTRY_SUITABILITY_V2,EMPIRICAL_CONTEXT_DELTA_STRICTLY_PRIOR_V1_1,ab93e6e26b1b94f1d88741c26acde009111e1eae1585b6d5ea7ace39536d1dea
ed09606f17c86ff05f92b23729f9f7736f7c3239b1fcc12f734800b39ef31bd8,RACE|2026-07-24|ECHUCA|R8|1200M|2026-07-24T06:50:00+00:00,RCOM_HORSE_5299312,RCOM_HORSE_5299312,Sub Gauge,,IDENTITY_UNRESOLVED,,2026-07-24,ECHUCA,1200,TURF,9,3,64,0,,0,,INSUFFICIENT_MATCHED_HISTORY,0,,INSUFFICIENT_MATCHED_HISTORY,0,,INSUFFICIENT_MATCHED_HISTORY,0,,INSUFFICIENT_MATCHED_HISTORY,0,,INSUFFICIENT_MATCHED_HISTORY,0,,INSUFFICIENT_MATCHED_HISTORY,0,,SUITABILITY_UNAVAILABLE,HISTORICAL_IDENTITY_UNRESOLVED,23ba12e33d737eb5af77db7283882d4a462182035934c34720680258d386468e,4f53cda18c2baa0c0354bb5f9a3ecbe5ed12ab4d8e11ba873c2f11161202b945,EDGEIQ_RACE_ENTRY_SUITABILITY_V2,EMPIRICAL_CONTEXT_DELTA_STRICTLY_PRIOR_V1_1,d7813c8885720c148e01e9e7f8c5ccd30f459bb5d971c564f359e2b71e5e1d05
679feb4eb56bc59a2b12f5172863b9aaed0af14a15b22ef9ccda1f440605d4ef,RACE|2026-07-24|ECHUCA|R8|1200M|2026-07-24T06:50:00+00:00,RCOM_HORSE_5304809,RCOM_HORSE_5304809,Royal Infantry,,IDENTITY_UNRESOLVED,,2026-07-24,ECHUCA,1200,TURF,9,17,61.5,0,,0,,INSUFFICIENT_MATCHED_HISTORY,0,,INSUFFICIENT_MATCHED_HISTORY,0,,INSUFFICIENT_MATCHED_HISTORY,0,,INSUFFICIENT_MATCHED_HISTORY,0,,INSUFFICIENT_MATCHED_HISTORY,0,,INSUFFICIENT_MATCHED_HISTORY,0,,SUITABILITY_UNAVAILABLE,HISTORICAL_IDENTITY_UNRESOLVED,5d17e532176432cbfa9f930203d56e51e7e3834684bbde4e61f28479ac6d76f8,4f53cda18c2baa0c0354bb5f9a3ecbe5ed12ab4d8e11ba873c2f11161202b945,EDGEIQ_RACE_ENTRY_SUITABILITY_V2,EMPIRICAL_CONTEXT_DELTA_STRICTLY_PRIOR_V1_1,a161e6ce73095c275b7fe61121d86dc040abcd1bcbd4e6d45cd3e31062ba6d21
fdc38ecbc072f7055cc0a5e57445e20a48e39bda5cca62a93e5decc58e8adbe9,RACE|2026-07-24|ECHUCA|R8|1200M|2026-07-24T06:50:00+00:00,RCOM_HORSE_5306061,RCOM_HORSE_5306061,Stellar Mofeed,,IDENTITY_UNRESOLVED,,2026-07-24,ECHUCA,1200,TURF,9,14,60.5,0,,0,,INSUFFICIENT_MATCHED_HISTORY,0,,INSUFFICIENT_MATCHED_HISTORY,0,,INSUFFICIENT_MATCHED_HISTORY,0,,INSUFFICIENT_MATCHED_HISTORY,0,,INSUFFICIENT_MATCHED_HISTORY,0,,INSUFFICIENT_MATCHED_HISTORY,0,,SUITABILITY_UNAVAILABLE,HISTORICAL_IDENTITY_UNRESOLVED,99079502817c8b4580f8746ce3d79b8e24f79222b956e07056634f3e4d99fe0b,4f53cda18c2baa0c0354bb5f9a3ecbe5ed12ab4d8e11ba873c2f11161202b945,EDGEIQ_RACE_ENTRY_SUITABILITY_V2,EMPIRICAL_CONTEXT_DELTA_STRICTLY_PRIOR_V1_1,c371a46fedc729a7f9c18d945b4fba4d88a1704758364db7d8a71edbcf0b619a
9db3f2f5d5277da74ff85635eab08032ca497404e3455eaeca8d23051ad1b513,RACE|2026-07-24|ECHUCA|R8|1200M|2026-07-24T06:50:00+00:00,RCOM_HORSE_5317176,RCOM_HORSE_5317176,Tomanado,,IDENTITY_UNRESOLVED,,2026-07-24,ECHUCA,1200,TURF,9,13,59,0,,0,,INSUFFICIENT_MATCHED_HISTORY,0,,INSUFFICIENT_MATCHED_HISTORY,0,,INSUFFICIENT_MATCHED_HISTORY,0,,INSUFFICIENT_MATCHED_HISTORY,0,,INSUFFICIENT_MATCHED_HISTORY,0,,INSUFFICIENT_MATCHED_HISTORY,0,,SUITABILITY_UNAVAILABLE,HISTORICAL_IDENTITY_UNRESOLVED,2906ec60cf8b9a0ae6bf0bc71d4ed19101ed663be61d24cd0440fdb150e3c21f,4f53cda18c2baa0c0354bb5f9a3ecbe5ed12ab4d8e11ba873c2f11161202b945,EDGEIQ_RACE_ENTRY_SUITABILITY_V2,EMPIRICAL_CONTEXT_DELTA_STRICTLY_PRIOR_V1_1,9e9671481fa0c0220a86b2fda8c9c948fe88c6497044c8d6f738782fc5742aeb
d2f513cda003d67d1cdffab416d196c628001bd670363a08db79d83ff48c8888,RACE|2026-07-24|ECHUCA|R8|1200M|2026-07-24T06:50:00+00:00,RCOM_HORSE_5321441,RCOM_HORSE_5321441,Reasonable Point,,IDENTITY_UNRESOLVED,,2026-07-24,ECHUCA,1200,TURF,9,18,59,0,,0,,INSUFFICIENT_MATCHED_HISTORY,0,,INSUFFICIENT_MATCHED_HISTORY,0,,INSUFFICIENT_MATCHED_HISTORY,0,,INSUFFICIENT_MATCHED_HISTORY,0,,INSUFFICIENT_MATCHED_HISTORY,0,,INSUFFICIENT_MATCHED_HISTORY,0,,SUITABILITY_UNAVAILABLE,HISTORICAL_IDENTITY_UNRESOLVED,458dabb75ac708b33615a0453806616908ec88b9752bd679d4359e404d53e06a,4f53cda18c2baa0c0354bb5f9a3ecbe5ed12ab4d8e11ba873c2f11161202b945,EDGEIQ_RACE_ENTRY_SUITABILITY_V2,EMPIRICAL_CONTEXT_DELTA_STRICTLY_PRIOR_V1_1,7b16b664008a18674afdfae11576079080e83153f7fec96c451087c5c20eec8a
1f4b3a39fe05ec743a1ce3fdc3d28f5279b93c4c27431518f5e0983b3bba936c,RACE|2026-07-24|ECHUCA|R8|1200M|2026-07-24T06:50:00+00:00,RCOM_HORSE_5324742,RCOM_HORSE_5324742,Triple Triple,RCOM_HORSE_5324742,IDENTITY_RESOLVED,CANONICAL_ID_EXACT,2026-07-24,ECHUCA,1200,TURF,9,8,62,7,-1.417024714286,0,,INSUFFICIENT_MATCHED_HISTORY,0,,INSUFFICIENT_MATCHED_HISTORY,0,,INSUFFICIENT_MATCHED_HISTORY,0,,INSUFFICIENT_MATCHED_HISTORY,0,,INSUFFICIENT_MATCHED_HISTORY,0,,INSUFFICIENT_MATCHED_HISTORY,0,,SUITABILITY_UNAVAILABLE,NO_MATCHED_CONTEXT_COMPONENTS,5a560211aa62d306c927cffb23266f65797b010841cebd1d602c24d28a3f90f0,b7c7b8dc9a3658d01e0520f5f78d502120392127ea77a737688c034dda9c81c7,EDGEIQ_RACE_ENTRY_SUITABILITY_V2,EMPIRICAL_CONTEXT_DELTA_STRICTLY_PRIOR_V1_1,6f60ec271df78e925f1bc03802d4e694feeee6c8a747d90bd4a5ed0ef036372c
30721675921b18fdb5985b99915cb4963f3c3c695c4cc807b8d0a071e0a68a42,RACE|2026-07-24|ECHUCA|R8|1200M|2026-07-24T06:50:00+00:00,RCOM_HORSE_5324989,RCOM_HORSE_5324989,Colt Forty Five,,IDENTITY_UNRESOLVED,,2026-07-24,ECHUCA,1200,TURF,9,15,62,0,,0,,INSUFFICIENT_MATCHED_HISTORY,0,,INSUFFICIENT_MATCHED_HISTORY,0,,INSUFFICIENT_MATCHED_HISTORY,0,,INSUFFICIENT_MATCHED_HISTORY,0,,INSUFFICIENT_MATCHED_HISTORY,0,,INSUFFICIENT_MATCHED_HISTORY,0,,SUITABILITY_UNAVAILABLE,HISTORICAL_IDENTITY_UNRESOLVED,2b98506df90c2b81d2f517793f4ae056bea3b1053b3841405114c5737a24dedd,4f53cda18c2baa0c0354bb5f9a3ecbe5ed12ab4d8e11ba873c2f11161202b945,EDGEIQ_RACE_ENTRY_SUITABILITY_V2,EMPIRICAL_CONTEXT_DELTA_STRICTLY_PRIOR_V1_1,14ec3d104de783c2576fbec7ebe2030789a4068f22b17dcadb629ba5cb85f332
b2e1e4dc11eff4dcaa38e303ab740130275711ae113861b730dc926835177721,RACE|2026-07-24|ECHUCA|R8|1200M|2026-07-24T06:50:00+00:00,RCOM_HORSE_5328114,RCOM_HORSE_5328114,Bark,,IDENTITY_UNRESOLVED,,2026-07-24,ECHUCA,1200,TURF,9,7,62.5,0,,0,,INSUFFICIENT_MATCHED_HISTORY,0,,INSUFFICIENT_MATCHED_HISTORY,0,,INSUFFICIENT_MATCHED_HISTORY,0,,INSUFFICIENT_MATCHED_HISTORY,0,,INSUFFICIENT_MATCHED_HISTORY,0,,INSUFFICIENT_MATCHED_HISTORY,0,,SUITABILITY_UNAVAILABLE,HISTORICAL_IDENTITY_UNRESOLVED,c6510c475a2f0ff45f643c19778bad5ff61b4930f28b04bfc134ef6ed7d8733b,4f53cda18c2baa0c0354bb5f9a3ecbe5ed12ab4d8e11ba873c2f11161202b945,EDGEIQ_RACE_ENTRY_SUITABILITY_V2,EMPIRICAL_CONTEXT_DELTA_STRICTLY_PRIOR_V1_1,4f79c15d7ce7fc6bfd3d1197673e25f096b12c0676c060ec629ed0cc71cf0ad7
7bd25465e723171052a0a0b966056efc3e7894c0bb085ae193005e124146caae,RACE|2026-07-24|ECHUCA|R8|1200M|2026-07-24T06:50:00+00:00,RCOM_HORSE_5329196,RCOM_HORSE_5329196,Friendzoned,,IDENTITY_UNRESOLVED,,2026-07-24,ECHUCA,1200,TURF,9,10,59,0,,0,,INSUFFICIENT_MATCHED_HISTORY,0,,INSUFFICIENT_MATCHED_HISTORY,0,,INSUFFICIENT_MATCHED_HISTORY,0,,INSUFFICIENT_MATCHED_HISTORY,0,,INSUFFICIENT_MATCHED_HISTORY,0,,INSUFFICIENT_MATCHED_HISTORY,0,,SUITABILITY_UNAVAILABLE,HISTORICAL_IDENTITY_UNRESOLVED,59ac013a29f27742527d58899b5f22d9bec3cf6edf88ffcc68b4acb5fd283b3c,4f53cda18c2baa0c0354bb5f9a3ecbe5ed12ab4d8e11ba873c2f11161202b945,EDGEIQ_RACE_ENTRY_SUITABILITY_V2,EMPIRICAL_CONTEXT_DELTA_STRICTLY_PRIOR_V1_1,e0aee3a1449b26f7ab9bbd2b62334599506a21d42c8c841730050da8000e8ed5
ff2f6e64536e31174445758ad1eb92cb9b90645390ccafd9fe00637ce2be817a,RACE|2026-07-24|ECHUCA|R8|1200M|2026-07-24T06:50:00+00:00,RCOM_HORSE_5330442,RCOM_HORSE_5330442,Blondie's Toronado,,IDENTITY_UNRESOLVED,,2026-07-24,ECHUCA,1200,TURF,9,19,61.5,0,,0,,INSUFFICIENT_MATCHED_HISTORY,0,,INSUFFICIENT_MATCHED_HISTORY,0,,INSUFFICIENT_MATCHED_HISTORY,0,,INSUFFICIENT_MATCHED_HISTORY,0,,INSUFFICIENT_MATCHED_HISTORY,0,,INSUFFICIENT_MATCHED_HISTORY,0,,SUITABILITY_UNAVAILABLE,HISTORICAL_IDENTITY_UNRESOLVED,c0ae88a6486e308f231e7cfa5b7fe4a38b4ede3920113ee99d921d6087874e61,4f53cda18c2baa0c0354bb5f9a3ecbe5ed12ab4d8e11ba873c2f11161202b945,EDGEIQ_RACE_ENTRY_SUITABILITY_V2,EMPIRICAL_CONTEXT_DELTA_STRICTLY_PRIOR_V1_1,ee99349b2ecac4ce81b22e62b368ab5b7a2f23b6cec5c7f5bf325ccb0db8f279
f261766a005a9fcd47fbf391c34fab1382f481d7495390d3cef3a972605bd16e,RACE|2026-07-24|ECHUCA|R8|1200M|2026-07-24T06:50:00+00:00,RCOM_HORSE_5331598,RCOM_HORSE_5331598,Toyz In Zouland,,IDENTITY_UNRESOLVED,,2026-07-24,ECHUCA,1200,TURF,9,6,58.5,0,,0,,INSUFFICIENT_MATCHED_HISTORY,0,,INSUFFICIENT_MATCHED_HISTORY,0,,INSUFFICIENT_MATCHED_HISTORY,0,,INSUFFICIENT_MATCHED_HISTORY,0,,INSUFFICIENT_MATCHED_HISTORY,0,,INSUFFICIENT_MATCHED_HISTORY,0,,SUITABILITY_UNAVAILABLE,HISTORICAL_IDENTITY_UNRESOLVED,284aa872d1faca70b7db03e2f6a424207ffd225b71fe05f976bb3be3df874b13,4f53cda18c2baa0c0354bb5f9a3ecbe5ed12ab4d8e11ba873c2f11161202b945,EDGEIQ_RACE_ENTRY_SUITABILITY_V2,EMPIRICAL_CONTEXT_DELTA_STRICTLY_PRIOR_V1_1,de4d376836e420d9180dfb4c93f0ef701d9ea3f0a6290d88aa73d567743f924b
8428d21183c80b67d058a395de4061adab15bac5722f6bb3403692d06f0fe3a9,RACE|2026-07-24|ECHUCA|R8|1200M|2026-07-24T06:50:00+00:00,RCOM_HORSE_5342299,RCOM_HORSE_5342299,Shelly's Legacy,,IDENTITY_UNRESOLVED,,2026-07-24,ECHUCA,1200,TURF,9,2,62,0,,0,,INSUFFICIENT_MATCHED_HISTORY,0,,INSUFFICIENT_MATCHED_HISTORY,0,,INSUFFICIENT_MATCHED_HISTORY,0,,INSUFFICIENT_MATCHED_HISTORY,0,,INSUFFICIENT_MATCHED_HISTORY,0,,INSUFFICIENT_MATCHED_HISTORY,0,,SUITABILITY_UNAVAILABLE,HISTORICAL_IDENTITY_UNRESOLVED,5374813774401025d8cf464643f60f668df66cbb8f20b15f3214598527124d9f,4f53cda18c2baa0c0354bb5f9a3ecbe5ed12ab4d8e11ba873c2f11161202b945,EDGEIQ_RACE_ENTRY_SUITABILITY_V2,EMPIRICAL_CONTEXT_DELTA_STRICTLY_PRIOR_V1_1,09718a010bba1122daeb2a46e0cbea765942de41b49787600edc28442e565338
f99dc198e89d20bf3df9b3a2112e42b5054d80ba6f746edf5aefaabae619c3fd,RACE|2026-07-24|ECHUCA|R8|1200M|2026-07-24T06:50:00+00:00,RCOM_HORSE_5343728,RCOM_HORSE_5343728,Prevention,,IDENTITY_UNRESOLVED,,2026-07-24,ECHUCA,1200,TURF,9,4,59.5,0,,0,,INSUFFICIENT_MATCHED_HISTORY,0,,INSUFFICIENT_MATCHED_HISTORY,0,,INSUFFICIENT_MATCHED_HISTORY,0,,INSUFFICIENT_MATCHED_HISTORY,0,,INSUFFICIENT_MATCHED_HISTORY,0,,INSUFFICIENT_MATCHED_HISTORY,0,,SUITABILITY_UNAVAILABLE,HISTORICAL_IDENTITY_UNRESOLVED,d163eaa1aa395fd0566a754b7c3a85638476d41286621a79077515776a467e58,4f53cda18c2baa0c0354bb5f9a3ecbe5ed12ab4d8e11ba873c2f11161202b945,EDGEIQ_RACE_ENTRY_SUITABILITY_V2,EMPIRICAL_CONTEXT_DELTA_STRICTLY_PRIOR_V1_1,5337afe0db729d7ff4ea8f480acc8b419ec9e3bb65955a358f1a8e17fd714ba7
7ef0c4f7e4dbc47b0fd3bcce6cf69dc3bd9074c15fafbf701fe2e7a55ebf8821,RACE|2026-07-24|ECHUCA|R8|1200M|2026-07-24T06:50:00+00:00,RCOM_HORSE_5348376,RCOM_HORSE_5348376,Sweatband,,IDENTITY_UNRESOLVED,,2026-07-24,ECHUCA,1200,TURF,9,9,61,0,,0,,INSUFFICIENT_MATCHED_HISTORY,0,,INSUFFICIENT_MATCHED_HISTORY,0,,INSUFFICIENT_MATCHED_HISTORY,0,,INSUFFICIENT_MATCHED_HISTORY,0,,INSUFFICIENT_MATCHED_HISTORY,0,,INSUFFICIENT_MATCHED_HISTORY,0,,SUITABILITY_UNAVAILABLE,HISTORICAL_IDENTITY_UNRESOLVED,df4658bdb92ca1750b08d449c0cac249924d247a55abcb5cd48f240feebab53c,4f53cda18c2baa0c0354bb5f9a3ecbe5ed12ab4d8e11ba873c2f11161202b945,EDGEIQ_RACE_ENTRY_SUITABILITY_V2,EMPIRICAL_CONTEXT_DELTA_STRICTLY_PRIOR_V1_1,5ce911048064e4f82611462439a5d144bc5389decc970185ad90598dddd6fc75
bdf2204bff3ad3722d37aa54448068fa564f4f2e001f4bb9d102359bc6b95d7a,RACE|2026-07-24|ECHUCA|R8|1200M|2026-07-24T06:50:00+00:00,RCOM_HORSE_5349505,RCOM_HORSE_5349505,Celestial Zara,,IDENTITY_UNRESOLVED,,2026-07-24,ECHUCA,1200,TURF,9,20,61,0,,0,,INSUFFICIENT_MATCHED_HISTORY,0,,INSUFFICIENT_MATCHED_HISTORY,0,,INSUFFICIENT_MATCHED_HISTORY,0,,INSUFFICIENT_MATCHED_HISTORY,0,,INSUFFICIENT_MATCHED_HISTORY,0,,INSUFFICIENT_MATCHED_HISTORY,0,,SUITABILITY_UNAVAILABLE,HISTORICAL_IDENTITY_UNRESOLVED,cf77ea3ef2f91b0e3e6d688599a805ae7de70fb4e6a0dff2413a1125d5570660,4f53cda18c2baa0c0354bb5f9a3ecbe5ed12ab4d8e11ba873c2f11161202b945,EDGEIQ_RACE_ENTRY_SUITABILITY_V2,EMPIRICAL_CONTEXT_DELTA_STRICTLY_PRIOR_V1_1,e990b0e17b1ee9f03980604ad5098d67a1c5300307612ac69cc32c3eb71adb29
39aa109445ee45482e280d7f25ac1e399c7a917f61460270c51a4dfd6fc93f11,RACE|2026-07-25|CAULFIELD|R1|1200M|2026-07-25T02:10:00+00:00,RCOM_HORSE_5305680,RCOM_HORSE_5305680,Divine Thoughts,,IDENTITY_UNRESOLVED,,2026-07-25,CAULFIELD,1200,TURF,6,6,59.5,0,,0,,INSUFFICIENT_MATCHED_HISTORY,0,,INSUFFICIENT_MATCHED_HISTORY,0,,INSUFFICIENT_MATCHED_HISTORY,0,,INSUFFICIENT_MATCHED_HISTORY,0,,INSUFFICIENT_MATCHED_HISTORY,0,,INSUFFICIENT_MATCHED_HISTORY,0,,SUITABILITY_UNAVAILABLE,HISTORICAL_IDENTITY_UNRESOLVED,a1395e7d76379f95b0ae64ac84a7459431821d0f9cd5b2c89461dbff8b5db915,4f53cda18c2baa0c0354bb5f9a3ecbe5ed12ab4d8e11ba873c2f11161202b945,EDGEIQ_RACE_ENTRY_SUITABILITY_V2,EMPIRICAL_CONTEXT_DELTA_STRICTLY_PRIOR_V1_1,d8cb4b0098d40343985f18416077a2bfd64cff539d4cac4b6043ee88d4dc9cf0
006bce86f1437b5fb237dfe51ea4767a8a856734ec14158f880a78c80449c043,RACE|2026-07-25|CAULFIELD|R1|1200M|2026-07-25T02:10:00+00:00,RCOM_HORSE_5306215,RCOM_HORSE_5306215,Happy Link,,IDENTITY_UNRESOLVED,,2026-07-25,CAULFIELD,1200,TURF,6,1,56.5,0,,0,,INSUFFICIENT_MATCHED_HISTORY,0,,INSUFFICIENT_MATCHED_HISTORY,0,,INSUFFICIENT_MATCHED_HISTORY,0,,INSUFFICIENT_MATCHED_HISTORY,0,,INSUFFICIENT_MATCHED_HISTORY,0,,INSUFFICIENT_MATCHED_HISTORY,0,,SUITABILITY_UNAVAILABLE,HISTORICAL_IDENTITY_UNRESOLVED,a737fe9d28df2b479478c36bde93a0e8a4c89de3ce98b141dc6730b6b7dcb46a,4f53cda18c2baa0c0354bb5f9a3ecbe5ed12ab4d8e11ba873c2f11161202b945,EDGEIQ_RACE_ENTRY_SUITABILITY_V2,EMPIRICAL_CONTEXT_DELTA_STRICTLY_PRIOR_V1_1,28ab3cc89810064608ef78ad603d21ae8ea53204ce91f2e34f099ec6b5526782
ea624614731d964536e591f764f9f82e0a6ebe762ca6db92c13256a7ed2d7328,RACE|2026-07-25|CAULFIELD|R1|1200M|2026-07-25T02:10:00+00:00,RCOM_HORSE_5307187,RCOM_HORSE_5307187,Takeko,,IDENTITY_UNRESOLVED,,2026-07-25,CAULFIELD,1200,TURF,6,4,62,0,,0,,INSUFFICIENT_MATCHED_HISTORY,0,,INSUFFICIENT_MATCHED_HISTORY,0,,INSUFFICIENT_MATCHED_HISTORY,0,,INSUFFICIENT_MATCHED_HISTORY,0,,INSUFFICIENT_MATCHED_HISTORY,0,,INSUFFICIENT_MATCHED_HISTORY,0,,SUITABILITY_UNAVAILABLE,HISTORICAL_IDENTITY_UNRESOLVED,a9797796b7d18cbe43172589c497299669a0c7817846e3fcc60251fe24492884,4f53cda18c2baa0c0354bb5f9a3ecbe5ed12ab4d8e11ba873c2f11161202b945,EDGEIQ_RACE_ENTRY_SUITABILITY_V2,EMPIRICAL_CONTEXT_DELTA_STRICTLY_PRIOR_V1_1,71599f3d36ce341184aa8c0c5b1c46630d8257388ac1e33e150933aefe91bcf4
d1a2306a7b74471eb0a5b1638ff4a97bfbd6c20bba618d42879d14205c918566,RACE|2026-07-25|CAULFIELD|R1|1200M|2026-07-25T02:10:00+00:00,RCOM_HORSE_5323787,RCOM_HORSE_5323787,Sun Setting,,IDENTITY_UNRESOLVED,,2026-07-25,CAULFIELD,1200,TURF,6,5,58,0,,0,,INSUFFICIENT_MATCHED_HISTORY,0,,INSUFFICIENT_MATCHED_HISTORY,0,,INSUFFICIENT_MATCHED_HISTORY,0,,INSUFFICIENT_MATCHED_HISTORY,0,,INSUFFICIENT_MATCHED_HISTORY,0,,INSUFFICIENT_MATCHED_HISTORY,0,,SUITABILITY_UNAVAILABLE,HISTORICAL_IDENTITY_UNRESOLVED,dd26d9287bdabadbf229da5e16529e721487f4edf0b46ff335909a6d6da878cf,4f53cda18c2baa0c0354bb5f9a3ecbe5ed12ab4d8e11ba873c2f11161202b945,EDGEIQ_RACE_ENTRY_SUITABILITY_V2,EMPIRICAL_CONTEXT_DELTA_STRICTLY_PRIOR_V1_1,d79f053be8844ffaf8d68b91e5f8c7b5dd8bcca1c27606c4ac795a451a2b917a
f55f9d5f5542d18a67bc0fd7f634c5c29f5287125435096498f8e4e4380fc561,RACE|2026-07-25|CAULFIELD|R1|1200M|2026-07-25T02:10:00+00:00,RCOM_HORSE_5324511,RCOM_HORSE_5324511,Glasgow Lass,,IDENTITY_UNRESOLVED,,2026-07-25,CAULFIELD,1200,TURF,6,8,61,0,,0,,INSUFFICIENT_MATCHED_HISTORY,0,,INSUFFICIENT_MATCHED_HISTORY,0,,INSUFFICIENT_MATCHED_HISTORY,0,,INSUFFICIENT_MATCHED_HISTORY,0,,INSUFFICIENT_MATCHED_HISTORY,0,,INSUFFICIENT_MATCHED_HISTORY,0,,SUITABILITY_UNAVAILABLE,HISTORICAL_IDENTITY_UNRESOLVED,a8580be4c35f528bbe3771b25641038652590b76a81359b4f9b888b5c5837cac,4f53cda18c2baa0c0354bb5f9a3ecbe5ed12ab4d8e11ba873c2f11161202b945,EDGEIQ_RACE_ENTRY_SUITABILITY_V2,EMPIRICAL_CONTEXT_DELTA_STRICTLY_PRIOR_V1_1,2c441b87f7691f0e78a01b74d928262b2beb7d6692df36dc3eb6b901fdca359a
40bd435151f3c0fc6bf82859a05d3ad181c1422e8567fdb3b704282c0838b51d,RACE|2026-07-25|CAULFIELD|R1|1200M|2026-07-25T02:10:00+00:00,RCOM_HORSE_5333591,RCOM_HORSE_5333591,Vain Champagne,,IDENTITY_UNRESOLVED,,2026-07-25,CAULFIELD,1200,TURF,6,9,58,0,,0,,INSUFFICIENT_MATCHED_HISTORY,0,,INSUFFICIENT_MATCHED_HISTORY,0,,INSUFFICIENT_MATCHED_HISTORY,0,,INSUFFICIENT_MATCHED_HISTORY,0,,INSUFFICIENT_MATCHED_HISTORY,0,,INSUFFICIENT_MATCHED_HISTORY,0,,SUITABILITY_UNAVAILABLE,HISTORICAL_IDENTITY_UNRESOLVED,960dc1e56cf88e8c232245b8caef47150896aea6c179592eaacf3c69a5345073,4f53cda18c2baa0c0354bb5f9a3ecbe5ed12ab4d8e11ba873c2f11161202b945,EDGEIQ_RACE_ENTRY_SUITABILITY_V2,EMPIRICAL_CONTEXT_DELTA_STRICTLY_PRIOR_V1_1,40a8ca45fe99e34f970a0e90b754666fcb30d199066363f587487b6c61c79a8a
bbeb5ee3f30d363a116572ea76090ddb1f3f3f0418ff9d99a71a09b67b12e339,RACE|2026-07-25|CAULFIELD|R1|1200M|2026-07-25T02:10:00+00:00,RCOM_HORSE_5334975,RCOM_HORSE_5334975,Royal Lass,,IDENTITY_UNRESOLVED,,2026-07-25,CAULFIELD,1200,TURF,6,3,59.5,0,,0,,INSUFFICIENT_MATCHED_HISTORY,0,,INSUFFICIENT_MATCHED_HISTORY,0,,INSUFFICIENT_MATCHED_HISTORY,0,,INSUFFICIENT_MATCHED_HISTORY,0,,INSUFFICIENT_MATCHED_HISTORY,0,,INSUFFICIENT_MATCHED_HISTORY,0,,SUITABILITY_UNAVAILABLE,HISTORICAL_IDENTITY_UNRESOLVED,41f0459daeb0b60e658875ab029bb13ad1d8bbe1d428e927ca11026fd383ee8b,4f53cda18c2baa0c0354bb5f9a3ecbe5ed12ab4d8e11ba873c2f11161202b945,EDGEIQ_RACE_ENTRY_SUITABILITY_V2,EMPIRICAL_CONTEXT_DELTA_STRICTLY_PRIOR_V1_1,d8f3b1ae67e7ecd7d7dffd4ce062a4b15a15ef3b05cee712a8ccb2bfa57cdf2f
1a6dcc68cd3ba49796af63d990cc017a9df4c03393325a040f7087c8d0236a97,RACE|2026-07-25|CAULFIELD|R1|1200M|2026-07-25T02:10:00+00:00,RCOM_HORSE_5341390,RCOM_HORSE_5341390,Custom,,IDENTITY_UNRESOLVED,,2026-07-25,CAULFIELD,1200,TURF,6,7,59.5,0,,0,,INSUFFICIENT_MATCHED_HISTORY,0,,INSUFFICIENT_MATCHED_HISTORY,0,,INSUFFICIENT_MATCHED_HISTORY,0,,INSUFFICIENT_MATCHED_HISTORY,0,,INSUFFICIENT_MATCHED_HISTORY,0,,INSUFFICIENT_MATCHED_HISTORY,0,,SUITABILITY_UNAVAILABLE,HISTORICAL_IDENTITY_UNRESOLVED,aa72deb74bf8318139bfa39295ffffc179e4a157adad5c214358a2ef6e8318d9,4f53cda18c2baa0c0354bb5f9a3ecbe5ed12ab4d8e11ba873c2f11161202b945,EDGEIQ_RACE_ENTRY_SUITABILITY_V2,EMPIRICAL_CONTEXT_DELTA_STRICTLY_PRIOR_V1_1,fa2314fe8bb3ad8a7922b6edfb9b47443386305a3cae4a2f4af3cbe936e2909a
22a2229ab272ed85026192bc63e15bfd4030af23526a88663597623fbb95319a,RACE|2026-07-25|CAULFIELD|R1|1200M|2026-07-25T02:10:00+00:00,RCOM_HORSE_5345772,RCOM_HORSE_5345772,Mystery 'N' Drama,,IDENTITY_UNRESOLVED,,2026-07-25,CAULFIELD,1200,TURF,6,10,59,0,,0,,INSUFFICIENT_MATCHED_HISTORY,0,,INSUFFICIENT_MATCHED_HISTORY,0,,INSUFFICIENT_MATCHED_HISTORY,0,,INSUFFICIENT_MATCHED_HISTORY,0,,INSUFFICIENT_MATCHED_HISTORY,0,,INSUFFICIENT_MATCHED_HISTORY,0,,SUITABILITY_UNAVAILABLE,HISTORICAL_IDENTITY_UNRESOLVED,bb8f7f5bb9941643cae8ff6ea9de9347e10025b3c30cab36ddcfbf0c6627919c,4f53cda18c2baa0c0354bb5f9a3ecbe5ed12ab4d8e11ba873c2f11161202b945,EDGEIQ_RACE_ENTRY_SUITABILITY_V2,EMPIRICAL_CONTEXT_DELTA_STRICTLY_PRIOR_V1_1,1cfeffa1e7e8b021f7bab0b9baf927d9282dae844720cd8961486bf9b273ad1b
27b3ce0070cce01d3a8dbed6c5b8e27929556234e69f150180de3e84efbc3a04,RACE|2026-07-25|CAULFIELD|R1|1200M|2026-07-25T02:10:00+00:00,RCOM_HORSE_5350996,RCOM_HORSE_5350996,Recuperato,,IDENTITY_UNRESOLVED,,2026-07-25,CAULFIELD,1200,TURF,6,2,59.5,0,,0,,INSUFFICIENT_MATCHED_HISTORY,0,,INSUFFICIENT_MATCHED_HISTORY,0,,INSUFFICIENT_MATCHED_HISTORY,0,,INSUFFICIENT_MATCHED_HISTORY,0,,INSUFFICIENT_MATCHED_HISTORY,0,,INSUFFICIENT_MATCHED_HISTORY,0,,SUITABILITY_UNAVAILABLE,HISTORICAL_IDENTITY_UNRESOLVED,079c1955722a1b35d13c0d7000ba9e21c16f91b4d7343d9d01ab82177ec6d887,4f53cda18c2baa0c0354bb5f9a3ecbe5ed12ab4d8e11ba873c2f11161202b945,EDGEIQ_RACE_ENTRY_SUITABILITY_V2,EMPIRICAL_CONTEXT_DELTA_STRICTLY_PRIOR_V1_1,5646289e8f865f133b2bd024d398a3d716e7bd28cfa68a97f10593d45f2444d6
cfe3340d7be6e357ac2517776a8b4ea6cd9845e02ffcb677faed1c14e073ab4a,RACE|2026-07-25|CAULFIELD|R2|1100M|2026-07-25T02:45:00+00:00,RCOM_HORSE_5360092,RCOM_HORSE_5360092,Ghana's Akan,,IDENTITY_UNRESOLVED,,2026-07-25,CAULFIELD,1100,TURF,6,11,59,0,,0,,INSUFFICIENT_MATCHED_HISTORY,0,,INSUFFICIENT_MATCHED_HISTORY,0,,INSUFFICIENT_MATCHED_HISTORY,0,,INSUFFICIENT_MATCHED_HISTORY,0,,INSUFFICIENT_MATCHED_HISTORY,0,,INSUFFICIENT_MATCHED_HISTORY,0,,SUITABILITY_UNAVAILABLE,HISTORICAL_IDENTITY_UNRESOLVED,7427feafb816325ce83c4fa7a7e3dfd9a149f98f529e9b02705470ad153bd73f,4f53cda18c2baa0c0354bb5f9a3ecbe5ed12ab4d8e11ba873c2f11161202b945,EDGEIQ_RACE_ENTRY_SUITABILITY_V2,EMPIRICAL_CONTEXT_DELTA_STRICTLY_PRIOR_V1_1,5e95a99abf51cabe610c6c45c7c711f685f2559f4e26703b1b0955ad95916203
c06b2a64a7db1d223ee623f466210c0b5ef451723ec85f447bcdc1eb4a7f873d,RACE|2026-07-25|CAULFIELD|R2|1100M|2026-07-25T02:45:00+00:00,RCOM_HORSE_5363346,RCOM_HORSE_5363346,Resolutely,,IDENTITY_UNRESOLVED,,2026-07-25,CAULFIELD,1100,TURF,6,5,54,0,,0,,INSUFFICIENT_MATCHED_HISTORY,0,,INSUFFICIENT_MATCHED_HISTORY,0,,INSUFFICIENT_MATCHED_HISTORY,0,,INSUFFICIENT_MATCHED_HISTORY,0,,INSUFFICIENT_MATCHED_HISTORY,0,,INSUFFICIENT_MATCHED_HISTORY,0,,SUITABILITY_UNAVAILABLE,HISTORICAL_IDENTITY_UNRESOLVED,99f89532325a5b2f400acbfe69f966275cf1d5f08f448dcafe057685ae9695f9,4f53cda18c2baa0c0354bb5f9a3ecbe5ed12ab4d8e11ba873c2f11161202b945,EDGEIQ_RACE_ENTRY_SUITABILITY_V2,EMPIRICAL_CONTEXT_DELTA_STRICTLY_PRIOR_V1_1,3a096d7a0fd5db3d9b2bfbd2174788987935d58759fcfac1bdf71cc073a2cef8
d4defb39e1086d0513239cac96893420e0d3997f8de4b20c9c3a2269792d76d3,RACE|2026-07-25|CAULFIELD|R2|1100M|2026-07-25T02:45:00+00:00,RCOM_HORSE_5363723,RCOM_HORSE_5363723,Stakes,,IDENTITY_UNRESOLVED,,2026-07-25,CAULFIELD,1100,TURF,6,8,55,0,,0,,INSUFFICIENT_MATCHED_HISTORY,0,,INSUFFICIENT_MATCHED_HISTORY,0,,INSUFFICIENT_MATCHED_HISTORY,0,,INSUFFICIENT_MATCHED_HISTORY,0,,INSUFFICIENT_MATCHED_HISTORY,0,,INSUFFICIENT_MATCHED_HISTORY,0,,SUITABILITY_UNAVAILABLE,HISTORICAL_IDENTITY_UNRESOLVED,435250802e1409a1752af12cadd908432504ad97b81335adb99ce6bee36585bf,4f53cda18c2baa0c0354bb5f9a3ecbe5ed12ab4d8e11ba873c2f11161202b945,EDGEIQ_RACE_ENTRY_SUITABILITY_V2,EMPIRICAL_CONTEXT_DELTA_STRICTLY_PRIOR_V1_1,09812d3735ec5dad45f4b4bfb29c7ae0d1ec0d9eb13250eea93d3c4323c1c23c
3ec3b9368549807a58a1dda0e6549b139216503e89ef6561ccad633a213e6b25,RACE|2026-07-25|CAULFIELD|R2|1100M|2026-07-25T02:45:00+00:00,RCOM_HORSE_5363793,RCOM_HORSE_5363793,No Confetti,,IDENTITY_UNRESOLVED,,2026-07-25,CAULFIELD,1100,TURF,6,3,54,0,,0,,INSUFFICIENT_MATCHED_HISTORY,0,,INSUFFICIENT_MATCHED_HISTORY,0,,INSUFFICIENT_MATCHED_HISTORY,0,,INSUFFICIENT_MATCHED_HISTORY,0,,INSUFFICIENT_MATCHED_HISTORY,0,,INSUFFICIENT_MATCHED_HISTORY,0,,SUITABILITY_UNAVAILABLE,HISTORICAL_IDENTITY_UNRESOLVED,d056b2fd8aba4a3ff3de51d5500f840c3eb6b13f68a637f4fe26cc283ab39420,4f53cda18c2baa0c0354bb5f9a3ecbe5ed12ab4d8e11ba873c2f11161202b945,EDGEIQ_RACE_ENTRY_SUITABILITY_V2,EMPIRICAL_CONTEXT_DELTA_STRICTLY_PRIOR_V1_1,83159ad97d4330320bd529403550d82cd8606ec53dc11e4fb2cc98995297d333
a9cc2360843901b536638a68fc34e1feeebf654f5cd9618061e7a433a9472791,RACE|2026-07-25|CAULFIELD|R2|1100M|2026-07-25T02:45:00+00:00,RCOM_HORSE_5363965,RCOM_HORSE_5363965,Orchid Sky,,IDENTITY_UNRESOLVED,,2026-07-25,CAULFIELD,1100,TURF,6,1,54,0,,0,,INSUFFICIENT_MATCHED_HISTORY,0,,INSUFFICIENT_MATCHED_HISTORY,0,,INSUFFICIENT_MATCHED_HISTORY,0,,INSUFFICIENT_MATCHED_HISTORY,0,,INSUFFICIENT_MATCHED_HISTORY,0,,INSUFFICIENT_MATCHED_HISTORY,0,,SUITABILITY_UNAVAILABLE,HISTORICAL_IDENTITY_UNRESOLVED,c1e966b1d25474a31b959e7d0da0dd73d4d51e4aca46d397c6f0f2c6799c8d69,4f53cda18c2baa0c0354bb5f9a3ecbe5ed12ab4d8e11ba873c2f11161202b945,EDGEIQ_RACE_ENTRY_SUITABILITY_V2,EMPIRICAL_CONTEXT_DELTA_STRICTLY_PRIOR_V1_1,9b971fa5ab039ca2cc408de7e74fde984dd6bbd9bd36c64a765848528164f437
c69bf9f95158312fbf7eac74d1de6a3ea051799dd3deb5422bec97749f86dac3,RACE|2026-07-25|CAULFIELD|R2|1100M|2026-07-25T02:45:00+00:00,RCOM_HORSE_5364962,RCOM_HORSE_5364962,Brazen Panda,,IDENTITY_UNRESOLVED,,2026-07-25,CAULFIELD,1100,TURF,6,9,54,0,,0,,INSUFFICIENT_MATCHED_HISTORY,0,,INSUFFICIENT_MATCHED_HISTORY,0,,INSUFFICIENT_MATCHED_HISTORY,0,,INSUFFICIENT_MATCHED_HISTORY,0,,INSUFFICIENT_MATCHED_HISTORY,0,,INSUFFICIENT_MATCHED_HISTORY,0,,SUITABILITY_UNAVAILABLE,HISTORICAL_IDENTITY_UNRESOLVED,e37a212f85e573d9bc4f924480a6be8df1d81de6b1056f4212a16c533bee2194,4f53cda18c2baa0c0354bb5f9a3ecbe5ed12ab4d8e11ba873c2f11161202b945,EDGEIQ_RACE_ENTRY_SUITABILITY_V2,EMPIRICAL_CONTEXT_DELTA_STRICTLY_PRIOR_V1_1,3771df18e36a9ae3a73194e43e824eb4eef9698fd19010c98ca9afb3d1b52cb2
faa17de03aa70e355bc423b3e6d115bad8392932dc5973c8dcc9f7dce62d9341,RACE|2026-07-25|CAULFIELD|R2|1100M|2026-07-25T02:45:00+00:00,RCOM_HORSE_5365269,RCOM_HORSE_5365269,Milsons Point,,IDENTITY_UNRESOLVED,,2026-07-25,CAULFIELD,1100,TURF,6,10,58,0,,0,,INSUFFICIENT_MATCHED_HISTORY,0,,INSUFFICIENT_MATCHED_HISTORY,0,,INSUFFICIENT_MATCHED_HISTORY,0,,INSUFFICIENT_MATCHED_HISTORY,0,,INSUFFICIENT_MATCHED_HISTORY,0,,INSUFFICIENT_MATCHED_HISTORY,0,,SUITABILITY_UNAVAILABLE,HISTORICAL_IDENTITY_UNRESOLVED,7112529445f403166e45e9901a9277339f729d14f41b9e64784ac3275b72be05,4f53cda18c2baa0c0354bb5f9a3ecbe5ed12ab4d8e11ba873c2f11161202b945,EDGEIQ_RACE_ENTRY_SUITABILITY_V2,EMPIRICAL_CONTEXT_DELTA_STRICTLY_PRIOR_V1_1,28838e832037e4df748ac85b60bad5f402c0554d7290292ffb597e4fe22f9641
1ef58bc177ee975e8b01a61e1fb4cb0a1c3a0c7fa0ea054a809027d083369c34,RACE|2026-07-25|CAULFIELD|R2|1100M|2026-07-25T02:45:00+00:00,RCOM_HORSE_5367886,RCOM_HORSE_5367886,Doubt Time,,IDENTITY_UNRESOLVED,,2026-07-25,CAULFIELD,1100,TURF,6,6,54,0,,0,,INSUFFICIENT_MATCHED_HISTORY,0,,INSUFFICIENT_MATCHED_HISTORY,0,,INSUFFICIENT_MATCHED_HISTORY,0,,INSUFFICIENT_MATCHED_HISTORY,0,,INSUFFICIENT_MATCHED_HISTORY,0,,INSUFFICIENT_MATCHED_HISTORY,0,,SUITABILITY_UNAVAILABLE,HISTORICAL_IDENTITY_UNRESOLVED,a881778cf240fc9ea4ad6d95ba494f7edda7aadd25f6589e4cf4ffe191903e27,4f53cda18c2baa0c0354bb5f9a3ecbe5ed12ab4d8e11ba873c2f11161202b945,EDGEIQ_RACE_ENTRY_SUITABILITY_V2,EMPIRICAL_CONTEXT_DELTA_STRICTLY_PRIOR_V1_1,3857bc7d2ce225f21de840d8e77cd6b0de28b50fc297a836becb69cbe1ab1217
d39e2ae156ac1455ed33889195e3bf5321972b238b1506345fc9333a52dcf56d,RACE|2026-07-25|CAULFIELD|R2|1100M|2026-07-25T02:45:00+00:00,RCOM_HORSE_5367954,RCOM_HORSE_5367954,Jacaranda,,IDENTITY_UNRESOLVED,,2026-07-25,CAULFIELD,1100,TURF,6,12,54,0,,0,,INSUFFICIENT_MATCHED_HISTORY,0,,INSUFFICIENT_MATCHED_HISTORY,0,,INSUFFICIENT_MATCHED_HISTORY,0,,INSUFFICIENT_MATCHED_HISTORY,0,,INSUFFICIENT_MATCHED_HISTORY,0,,INSUFFICIENT_MATCHED_HISTORY,0,,SUITABILITY_UNAVAILABLE,HISTORICAL_IDENTITY_UNRESOLVED,1e53c24181bb1cbf91d25e6eec687b9abb492c3a2fb5c470ea5af4ee58b79d04,4f53cda18c2baa0c0354bb5f9a3ecbe5ed12ab4d8e11ba873c2f11161202b945,EDGEIQ_RACE_ENTRY_SUITABILITY_V2,EMPIRICAL_CONTEXT_DELTA_STRICTLY_PRIOR_V1_1,20e96d0ec91292e79b8c7d9386f8d81947e870334d404ee4e4fc7618b445415f
5bd04e274e13e14a0372285ea8d87b0e2df564ca0028751d3ea67dc948f51304,RACE|2026-07-25|CAULFIELD|R2|1100M|2026-07-25T02:45:00+00:00,RCOM_HORSE_5374949,RCOM_HORSE_5374949,Rebel Tuesday,,IDENTITY_UNRESOLVED,,2026-07-25,CAULFIELD,1100,TURF,6,2,57,0,,0,,INSUFFICIENT_MATCHED_HISTORY,0,,INSUFFICIENT_MATCHED_HISTORY,0,,INSUFFICIENT_MATCHED_HISTORY,0,,INSUFFICIENT_MATCHED_HISTORY,0,,INSUFFICIENT_MATCHED_HISTORY,0,,INSUFFICIENT_MATCHED_HISTORY,0,,SUITABILITY_UNAVAILABLE,HISTORICAL_IDENTITY_UNRESOLVED,1074b0724700e8e93d10a94a31066da4692cc0d24af50320cf36da1781746cf9,4f53cda18c2baa0c0354bb5f9a3ecbe5ed12ab4d8e11ba873c2f11161202b945,EDGEIQ_RACE_ENTRY_SUITABILITY_V2,EMPIRICAL_CONTEXT_DELTA_STRICTLY_PRIOR_V1_1,354eb7f25a48a5f6be7478bb29ccb767f094874ec011eea8a69db98ba90e292f
f8537ccf67d6009cfcba020c26d46ff92664c6bcca77b1f477b9c2c0b27a4536,RACE|2026-07-25|CAULFIELD|R2|1100M|2026-07-25T02:45:00+00:00,RCOM_HORSE_5375515,RCOM_HORSE_5375515,Brazen Dechambeau,,IDENTITY_UNRESOLVED,,2026-07-25,CAULFIELD,1100,TURF,6,7,55,0,,0,,INSUFFICIENT_MATCHED_HISTORY,0,,INSUFFICIENT_MATCHED_HISTORY,0,,INSUFFICIENT_MATCHED_HISTORY,0,,INSUFFICIENT_MATCHED_HISTORY,0,,INSUFFICIENT_MATCHED_HISTORY,0,,INSUFFICIENT_MATCHED_HISTORY,0,,SUITABILITY_UNAVAILABLE,HISTORICAL_IDENTITY_UNRESOLVED,8776b02cb3967a0e5439c575a3aee0cc559c3a4dfacc21d8e2459984782358f7,4f53cda18c2baa0c0354bb5f9a3ecbe5ed12ab4d8e11ba873c2f11161202b945,EDGEIQ_RACE_ENTRY_SUITABILITY_V2,EMPIRICAL_CONTEXT_DELTA_STRICTLY_PRIOR_V1_1,f4043e079b8de5e0fac1345067fc57cb9cb85e1cd3e64d02f5daa18d06e12848
e4bf1b47c0d8ea0c2f83f6a69e90b48b2e9e2a3b4576f0e37958ae1d7f916eed,RACE|2026-07-25|CAULFIELD|R2|1100M|2026-07-25T02:45:00+00:00,RCOM_HORSE_5377061,RCOM_HORSE_5377061,Torture,,IDENTITY_UNRESOLVED,,2026-07-25,CAULFIELD,1100,TURF,6,4,58,0,,0,,INSUFFICIENT_MATCHED_HISTORY,0,,INSUFFICIENT_MATCHED_HISTORY,0,,INSUFFICIENT_MATCHED_HISTORY,0,,INSUFFICIENT_MATCHED_HISTORY,0,,INSUFFICIENT_MATCHED_HISTORY,0,,INSUFFICIENT_MATCHED_HISTORY,0,,SUITABILITY_UNAVAILABLE,HISTORICAL_IDENTITY_UNRESOLVED,fbb509f8fee6b77523922b728067afeb0451ae59c0cf00235f47f24f67aeb46f,4f53cda18c2baa0c0354bb5f9a3ecbe5ed12ab4d8e11ba873c2f11161202b945,EDGEIQ_RACE_ENTRY_SUITABILITY_V2,EMPIRICAL_CONTEXT_DELTA_STRICTLY_PRIOR_V1_1,1007ede2131b1c069aec235109aac6e43d5931708836a525338be4e230c07f84
9869f6f8692a495bda5e492640df59903d07ec6607f01abdbabcdb4ae3a29a76,RACE|2026-07-25|CAULFIELD|R3|1100M|2026-07-25T03:20:00+00:00,RCOM_HORSE_5269409,RCOM_HORSE_5269409,Luna Cat,,IDENTITY_UNRESOLVED,,2026-07-25,CAULFIELD,1100,TURF,6,7,55.5,0,,0,,INSUFFICIENT_MATCHED_HISTORY,0,,INSUFFICIENT_MATCHED_HISTORY,0,,INSUFFICIENT_MATCHED_HISTORY,0,,INSUFFICIENT_MATCHED_HISTORY,0,,INSUFFICIENT_MATCHED_HISTORY,0,,INSUFFICIENT_MATCHED_HISTORY,0,,SUITABILITY_UNAVAILABLE,HISTORICAL_IDENTITY_UNRESOLVED,410ec75ed298ca9e0b63c5efb79c37605eb527c7697fd06927250f1f9ab08bf5,4f53cda18c2baa0c0354bb5f9a3ecbe5ed12ab4d8e11ba873c2f11161202b945,EDGEIQ_RACE_ENTRY_SUITABILITY_V2,EMPIRICAL_CONTEXT_DELTA_STRICTLY_PRIOR_V1_1,2bb9100c21c9d8f74d63c20ad3d6e7935036d7df90f2487468cc9d278b159bbe
a67abaa2cbf27823fcf1f4c78a3d67cfd90bc186ce2540d0a05d3bd0859f0f6c,RACE|2026-07-25|CAULFIELD|R3|1100M|2026-07-25T03:20:00+00:00,RCOM_HORSE_5308657,RCOM_HORSE_5308657,Apache Song,,IDENTITY_UNRESOLVED,,2026-07-25,CAULFIELD,1100,TURF,6,2,55.5,0,,0,,INSUFFICIENT_MATCHED_HISTORY,0,,INSUFFICIENT_MATCHED_HISTORY,0,,INSUFFICIENT_MATCHED_HISTORY,0,,INSUFFICIENT_MATCHED_HISTORY,0,,INSUFFICIENT_MATCHED_HISTORY,0,,INSUFFICIENT_MATCHED_HISTORY,0,,SUITABILITY_UNAVAILABLE,HISTORICAL_IDENTITY_UNRESOLVED,2c1b64450a249d73fcfece301ce36617d93216808a5fac77c074bc3db58f3d79,4f53cda18c2baa0c0354bb5f9a3ecbe5ed12ab4d8e11ba873c2f11161202b945,EDGEIQ_RACE_ENTRY_SUITABILITY_V2,EMPIRICAL_CONTEXT_DELTA_STRICTLY_PRIOR_V1_1,be4bf1fd36697253f112747a4c241a96c58e9247763602e9414852d136711040
8b2eb45bea37e2bcbce5e9134f0e0b5ad0af29fa0fbfce57805e82c46bf966a3,RACE|2026-07-25|CAULFIELD|R3|1100M|2026-07-25T03:20:00+00:00,RCOM_HORSE_5321490,RCOM_HORSE_5321490,Salsa Fellow,,IDENTITY_UNRESOLVED,,2026-07-25,CAULFIELD,1100,TURF,6,3,59,0,,0,,INSUFFICIENT_MATCHED_HISTORY,0,,INSUFFICIENT_MATCHED_HISTORY,0,,INSUFFICIENT_MATCHED_HISTORY,0,,INSUFFICIENT_MATCHED_HISTORY,0,,INSUFFICIENT_MATCHED_HISTORY,0,,INSUFFICIENT_MATCHED_HISTORY,0,,SUITABILITY_UNAVAILABLE,HISTORICAL_IDENTITY_UNRESOLVED,9822f18563aea61d44102ad4d374d79f23a1a6b18b5086518889035167d396d3,4f53cda18c2baa0c0354bb5f9a3ecbe5ed12ab4d8e11ba873c2f11161202b945,EDGEIQ_RACE_ENTRY_SUITABILITY_V2,EMPIRICAL_CONTEXT_DELTA_STRICTLY_PRIOR_V1_1,71b41e09f9edf9b71392342d9120e37fcfb44e8282c4569f58cda56be9b6ded9
fe7b7ae5655f86aabf5bee958156051b467ab43bab8e8755d1a055c3e050c350,RACE|2026-07-25|CAULFIELD|R3|1100M|2026-07-25T03:20:00+00:00,RCOM_HORSE_5322946,RCOM_HORSE_5322946,Dancing Storm,,IDENTITY_UNRESOLVED,,2026-07-25,CAULFIELD,1100,TURF,6,4,54.5,0,,0,,INSUFFICIENT_MATCHED_HISTORY,0,,INSUFFICIENT_MATCHED_HISTORY,0,,INSUFFICIENT_MATCHED_HISTORY,0,,INSUFFICIENT_MATCHED_HISTORY,0,,INSUFFICIENT_MATCHED_HISTORY,0,,INSUFFICIENT_MATCHED_HISTORY,0,,SUITABILITY_UNAVAILABLE,HISTORICAL_IDENTITY_UNRESOLVED,cd298ed27577cf4cb5b71bb1b7c115fe68d11ad7dd002fe86d5e38f5f2e42715,4f53cda18c2baa0c0354bb5f9a3ecbe5ed12ab4d8e11ba873c2f11161202b945,EDGEIQ_RACE_ENTRY_SUITABILITY_V2,EMPIRICAL_CONTEXT_DELTA_STRICTLY_PRIOR_V1_1,802ba41c5b387870c42948882b9cb13403608afbc7635a3ceed01aa19f530fe9
852aa446f83f1631956814a946fac116bc8262926c85249affda25a647206f72,RACE|2026-07-25|CAULFIELD|R3|1100M|2026-07-25T03:20:00+00:00,RCOM_HORSE_5323179,RCOM_HORSE_5323179,Behaviour,,IDENTITY_UNRESOLVED,,2026-07-25,CAULFIELD,1100,TURF,6,8,54,0,,0,,INSUFFICIENT_MATCHED_HISTORY,0,,INSUFFICIENT_MATCHED_HISTORY,0,,INSUFFICIENT_MATCHED_HISTORY,0,,INSUFFICIENT_MATCHED_HISTORY,0,,INSUFFICIENT_MATCHED_HISTORY,0,,INSUFFICIENT_MATCHED_HISTORY,0,,SUITABILITY_UNAVAILABLE,HISTORICAL_IDENTITY_UNRESOLVED,c4abf1ebf3cd7492cfae60f9a5022ada5d8a8cd136c4b4d94b7a1e51a21572d5,4f53cda18c2baa0c0354bb5f9a3ecbe5ed12ab4d8e11ba873c2f11161202b945,EDGEIQ_RACE_ENTRY_SUITABILITY_V2,EMPIRICAL_CONTEXT_DELTA_STRICTLY_PRIOR_V1_1,c0a3bbcafc66a8667fbdb50ad0dff3439b9369dd96ba1f6d1fdd0ce5d4bdf4fe
1a9a3aeb6db52cdac4a514bbc90fd43847ffa9274c05c51f46907095dc06de48,RACE|2026-07-25|CAULFIELD|R3|1100M|2026-07-25T03:20:00+00:00,RCOM_HORSE_5326945,RCOM_HORSE_5326945,Vestas,,IDENTITY_UNRESOLVED,,2026-07-25,CAULFIELD,1100,TURF,6,6,58,0,,0,,INSUFFICIENT_MATCHED_HISTORY,0,,INSUFFICIENT_MATCHED_HISTORY,0,,INSUFFICIENT_MATCHED_HISTORY,0,,INSUFFICIENT_MATCHED_HISTORY,0,,INSUFFICIENT_MATCHED_HISTORY,0,,INSUFFICIENT_MATCHED_HISTORY,0,,SUITABILITY_UNAVAILABLE,HISTORICAL_IDENTITY_UNRESOLVED,fd52a2ac70d825e4ada06553bc9779462d3e1aca80e73b7a98e96f69f6588da0,4f53cda18c2baa0c0354bb5f9a3ecbe5ed12ab4d8e11ba873c2f11161202b945,EDGEIQ_RACE_ENTRY_SUITABILITY_V2,EMPIRICAL_CONTEXT_DELTA_STRICTLY_PRIOR_V1_1,6380c6bdf7aa4524fa39c39559edf2b50679ea8293fea952fda3ab4707c89780
eb1b76ffee7a7f9135997ba611ee610bd1e9d919f49ecd85c3e1fb67696f08e3,RACE|2026-07-25|CAULFIELD|R3|1100M|2026-07-25T03:20:00+00:00,RCOM_HORSE_5332081,RCOM_HORSE_5332081,Butternut Princess,,IDENTITY_UNRESOLVED,,2026-07-25,CAULFIELD,1100,TURF,6,5,54.5,0,,0,,INSUFFICIENT_MATCHED_HISTORY,0,,INSUFFICIENT_MATCHED_HISTORY,0,,INSUFFICIENT_MATCHED_HISTORY,0,,INSUFFICIENT_MATCHED_HISTORY,0,,INSUFFICIENT_MATCHED_HISTORY,0,,INSUFFICIENT_MATCHED_HISTORY,0,,SUITABILITY_UNAVAILABLE,HISTORICAL_IDENTITY_UNRESOLVED,77e26f4c49649771eba981da47725ad16870d6aa6945ac9bfe9090cea6b607ff,4f53cda18c2baa0c0354bb5f9a3ecbe5ed12ab4d8e11ba873c2f11161202b945,EDGEIQ_RACE_ENTRY_SUITABILITY_V2,EMPIRICAL_CONTEXT_DELTA_STRICTLY_PRIOR_V1_1,fcdcba485a84cdaad61d4bf48ed377bd09615626450a7f1131ad20ece9f59440
e354ab5c9eb51367b023829382aeb974c59ed2e4de7f61bf4cea5cbd3a088b09,RACE|2026-07-25|CAULFIELD|R3|1100M|2026-07-25T03:20:00+00:00,RCOM_HORSE_5333616,RCOM_HORSE_5333616,Tennessee Bound,,IDENTITY_UNRESOLVED,,2026-07-25,CAULFIELD,1100,TURF,6,1,57.5,0,,0,,INSUFFICIENT_MATCHED_HISTORY,0,,INSUFFICIENT_MATCHED_HISTORY,0,,INSUFFICIENT_MATCHED_HISTORY,0,,INSUFFICIENT_MATCHED_HISTORY,0,,INSUFFICIENT_MATCHED_HISTORY,0,,INSUFFICIENT_MATCHED_HISTORY,0,,SUITABILITY_UNAVAILABLE,HISTORICAL_IDENTITY_UNRESOLVED,31e18c5091ec772e86093cd9807999d7ee77e76a3869c02f174e5e615185cf5e,4f53cda18c2baa0c0354bb5f9a3ecbe5ed12ab4d8e11ba873c2f11161202b945,EDGEIQ_RACE_ENTRY_SUITABILITY_V2,EMPIRICAL_CONTEXT_DELTA_STRICTLY_PRIOR_V1_1,60ae2352fe1f8f6b233e1625d2fce5d58258ec6c982698592ce3f479743f977c
c2779585d08e8cdc218d0fee2f26806f5e2a2051709d2f70f3529a0780e8f325,RACE|2026-07-25|CAULFIELD|R4|1100M|2026-07-25T03:55:00+00:00,RCOM_HORSE_5343116,RCOM_HORSE_5343116,Talladega Girl,,IDENTITY_UNRESOLVED,,2026-07-25,CAULFIELD,1100,TURF,6,8,53,0,,0,,INSUFFICIENT_MATCHED_HISTORY,0,,INSUFFICIENT_MATCHED_HISTORY,0,,INSUFFICIENT_MATCHED_HISTORY,0,,INSUFFICIENT_MATCHED_HISTORY,0,,INSUFFICIENT_MATCHED_HISTORY,0,,INSUFFICIENT_MATCHED_HISTORY,0,,SUITABILITY_UNAVAILABLE,HISTORICAL_IDENTITY_UNRESOLVED,f8f8e44cf3621d361001c0d0af7eb0660205c1dbda95b997c1ab1e4f596fe144,4f53cda18c2baa0c0354bb5f9a3ecbe5ed12ab4d8e11ba873c2f11161202b945,EDGEIQ_RACE_ENTRY_SUITABILITY_V2,EMPIRICAL_CONTEXT_DELTA_STRICTLY_PRIOR_V1_1,4a02ea8fd9718de3abb727eb09586896e7b342fe97fff09902d9eead5898eb52
1e6a7bb9a791f371194bab95572250df8c670e4ad6929f589d665a97dc9b9447,RACE|2026-07-25|CAULFIELD|R4|1100M|2026-07-25T03:55:00+00:00,RCOM_HORSE_5343302,RCOM_HORSE_5343302,Farcited,,IDENTITY_UNRESOLVED,,2026-07-25,CAULFIELD,1100,TURF,6,2,56.5,0,,0,,INSUFFICIENT_MATCHED_HISTORY,0,,INSUFFICIENT_MATCHED_HISTORY,0,,INSUFFICIENT_MATCHED_HISTORY,0,,INSUFFICIENT_MATCHED_HISTORY,0,,INSUFFICIENT_MATCHED_HISTORY,0,,INSUFFICIENT_MATCHED_HISTORY,0,,SUITABILITY_UNAVAILABLE,HISTORICAL_IDENTITY_UNRESOLVED,45279c5fa66e1a36c5301663b1353a43b384c7e4d85304b0195c563830a740fb,4f53cda18c2baa0c0354bb5f9a3ecbe5ed12ab4d8e11ba873c2f11161202b945,EDGEIQ_RACE_ENTRY_SUITABILITY_V2,EMPIRICAL_CONTEXT_DELTA_STRICTLY_PRIOR_V1_1,0d8db2007431851e0609730b51676b95ee7e9faa767d48163e7b3aaf794fd671
dd597b5829014748a44230f8362dbc37333c5d53d77c516e1bcf914bc5a3f365,RACE|2026-07-25|CAULFIELD|R4|1100M|2026-07-25T03:55:00+00:00,RCOM_HORSE_5343839,RCOM_HORSE_5343839,Afterberna,,IDENTITY_UNRESOLVED,,2026-07-25,CAULFIELD,1100,TURF,6,4,56.5,0,,0,,INSUFFICIENT_MATCHED_HISTORY,0,,INSUFFICIENT_MATCHED_HISTORY,0,,INSUFFICIENT_MATCHED_HISTORY,0,,INSUFFICIENT_MATCHED_HISTORY,0,,INSUFFICIENT_MATCHED_HISTORY,0,,INSUFFICIENT_MATCHED_HISTORY,0,,SUITABILITY_UNAVAILABLE,HISTORICAL_IDENTITY_UNRESOLVED,5c608c78329eab31db701fd2bc1896830f2bb6cbbb6db855da1d9c4d1d5b7e06,4f53cda18c2baa0c0354bb5f9a3ecbe5ed12ab4d8e11ba873c2f11161202b945,EDGEIQ_RACE_ENTRY_SUITABILITY_V2,EMPIRICAL_CONTEXT_DELTA_STRICTLY_PRIOR_V1_1,04129504e4357e3a7683e898efd4f155c13d5fb2fdaa6382214d74637742b559
cd46f3ea5ead6a01edf0cbda898f80fd21289a59af35dda286b5d3bbca58d33b,RACE|2026-07-25|CAULFIELD|R4|1100M|2026-07-25T03:55:00+00:00,RCOM_HORSE_5344093,RCOM_HORSE_5344093,Prince Tycoon,,IDENTITY_UNRESOLVED,,2026-07-25,CAULFIELD,1100,TURF,6,9,59.5,0,,0,,INSUFFICIENT_MATCHED_HISTORY,0,,INSUFFICIENT_MATCHED_HISTORY,0,,INSUFFICIENT_MATCHED_HISTORY,0,,INSUFFICIENT_MATCHED_HISTORY,0,,INSUFFICIENT_MATCHED_HISTORY,0,,INSUFFICIENT_MATCHED_HISTORY,0,,SUITABILITY_UNAVAILABLE,HISTORICAL_IDENTITY_UNRESOLVED,d1035c24ac886a8adcd15b0e6434fcfc6ba163df138d74ad71ed5a1b5501383c,4f53cda18c2baa0c0354bb5f9a3ecbe5ed12ab4d8e11ba873c2f11161202b945,EDGEIQ_RACE_ENTRY_SUITABILITY_V2,EMPIRICAL_CONTEXT_DELTA_STRICTLY_PRIOR_V1_1,2ea0c98831242c99a278980db31e0077c8be698147b42cc05743abed06fcc90e
1d5e0966e95404f7dd81bf3209bda6fcbe1246b7e9dffd306306117e4a15b005,RACE|2026-07-25|CAULFIELD|R4|1100M|2026-07-25T03:55:00+00:00,RCOM_HORSE_5345774,RCOM_HORSE_5345774,Signature Scent,,IDENTITY_UNRESOLVED,,2026-07-25,CAULFIELD,1100,TURF,6,6,59.5,0,,0,,INSUFFICIENT_MATCHED_HISTORY,0,,INSUFFICIENT_MATCHED_HISTORY,0,,INSUFFICIENT_MATCHED_HISTORY,0,,INSUFFICIENT_MATCHED_HISTORY,0,,INSUFFICIENT_MATCHED_HISTORY,0,,INSUFFICIENT_MATCHED_HISTORY,0,,SUITABILITY_UNAVAILABLE,HISTORICAL_IDENTITY_UNRESOLVED,7ea1f3d69f510bb3b3deb5082f45bd478610f323aa923217969e71dc063757f2,4f53cda18c2baa0c0354bb5f9a3ecbe5ed12ab4d8e11ba873c2f11161202b945,EDGEIQ_RACE_ENTRY_SUITABILITY_V2,EMPIRICAL_CONTEXT_DELTA_STRICTLY_PRIOR_V1_1,f01d79b2ea4300ccc18266c5af903f4cda3f960d3ce087208bda7ad4ffdcb047
78e55f4015b7c120a90e32e796f58aae0b97618001bdbc0afd5f43cc90410041,RACE|2026-07-25|CAULFIELD|R4|1100M|2026-07-25T03:55:00+00:00,RCOM_HORSE_5346114,RCOM_HORSE_5346114,Pacific Glamour,,IDENTITY_UNRESOLVED,,2026-07-25,CAULFIELD,1100,TURF,6,10,53,0,,0,,INSUFFICIENT_MATCHED_HISTORY,0,,INSUFFICIENT_MATCHED_HISTORY,0,,INSUFFICIENT_MATCHED_HISTORY,0,,INSUFFICIENT_MATCHED_HISTORY,0,,INSUFFICIENT_MATCHED_HISTORY,0,,INSUFFICIENT_MATCHED_HISTORY,0,,SUITABILITY_UNAVAILABLE,HISTORICAL_IDENTITY_UNRESOLVED,cd90481ea7b78b705af00715106866f8d87d4ae9205edcfed7c6e5d3fbcaf5a4,4f53cda18c2baa0c0354bb5f9a3ecbe5ed12ab4d8e11ba873c2f11161202b945,EDGEIQ_RACE_ENTRY_SUITABILITY_V2,EMPIRICAL_CONTEXT_DELTA_STRICTLY_PRIOR_V1_1,eb30271b969d637bc0ec8db8a0eba1340c964dc3df7982686d2719241ef1f28e
cb27c9bc5c027a929161f0433d846525283ec9dc48250f3b9d5a7f8e85f31db2,RACE|2026-07-25|CAULFIELD|R4|1100M|2026-07-25T03:55:00+00:00,RCOM_HORSE_5346537,RCOM_HORSE_5346537,Express Class,,IDENTITY_UNRESOLVED,,2026-07-25,CAULFIELD,1100,TURF,6,12,56.5,0,,0,,INSUFFICIENT_MATCHED_HISTORY,0,,INSUFFICIENT_MATCHED_HISTORY,0,,INSUFFICIENT_MATCHED_HISTORY,0,,INSUFFICIENT_MATCHED_HISTORY,0,,INSUFFICIENT_MATCHED_HISTORY,0,,INSUFFICIENT_MATCHED_HISTORY,0,,SUITABILITY_UNAVAILABLE,HISTORICAL_IDENTITY_UNRESOLVED,2a6b91b03a0921cff4edf01919b3d42b56311ec732d0e0c56c3eb282408e31ec,4f53cda18c2baa0c0354bb5f9a3ecbe5ed12ab4d8e11ba873c2f11161202b945,EDGEIQ_RACE_ENTRY_SUITABILITY_V2,EMPIRICAL_CONTEXT_DELTA_STRICTLY_PRIOR_V1_1,ca5541f30c1c5f03dd37f6c803d11eb93e1a90d2f5aa054df380f6b072638751
c9c0b4c26d48f81976f08bc9d1a48a18f9ce97b4fe193e1c9bddaa4e0a49edd3,RACE|2026-07-25|CAULFIELD|R4|1100M|2026-07-25T03:55:00+00:00,RCOM_HORSE_5347491,RCOM_HORSE_5347491,Beautiful Bevy,,IDENTITY_UNRESOLVED,,2026-07-25,CAULFIELD,1100,TURF,6,5,53,0,,0,,INSUFFICIENT_MATCHED_HISTORY,0,,INSUFFICIENT_MATCHED_HISTORY,0,,INSUFFICIENT_MATCHED_HISTORY,0,,INSUFFICIENT_MATCHED_HISTORY,0,,INSUFFICIENT_MATCHED_HISTORY,0,,INSUFFICIENT_MATCHED_HISTORY,0,,SUITABILITY_UNAVAILABLE,HISTORICAL_IDENTITY_UNRESOLVED,6649e705ff8e8fa85ec46807306caf3ac4fff2b34b0b7bd8255732512b2ee643,4f53cda18c2baa0c0354bb5f9a3ecbe5ed12ab4d8e11ba873c2f11161202b945,EDGEIQ_RACE_ENTRY_SUITABILITY_V2,EMPIRICAL_CONTEXT_DELTA_STRICTLY_PRIOR_V1_1,405162e6cd002c7fc1b7773df704ff27d7c4dc9f8cfd21230b9419c6557ccfde
d45b4ad4f17fae483d171f3e03fa0b9bd9901fc1edb1756df278a3ef3cee5318,RACE|2026-07-25|CAULFIELD|R4|1100M|2026-07-25T03:55:00+00:00,RCOM_HORSE_5349820,RCOM_HORSE_5349820,Snow Mercy,,IDENTITY_UNRESOLVED,,2026-07-25,CAULFIELD,1100,TURF,6,11,60,0,,0,,INSUFFICIENT_MATCHED_HISTORY,0,,INSUFFICIENT_MATCHED_HISTORY,0,,INSUFFICIENT_MATCHED_HISTORY,0,,INSUFFICIENT_MATCHED_HISTORY,0,,INSUFFICIENT_MATCHED_HISTORY,0,,INSUFFICIENT_MATCHED_HISTORY,0,,SUITABILITY_UNAVAILABLE,HISTORICAL_IDENTITY_UNRESOLVED,4bab5cdcbefa25319bc94d34c51ec96342733305054310c22820a20de9a51665,4f53cda18c2baa0c0354bb5f9a3ecbe5ed12ab4d8e11ba873c2f11161202b945,EDGEIQ_RACE_ENTRY_SUITABILITY_V2,EMPIRICAL_CONTEXT_DELTA_STRICTLY_PRIOR_V1_1,ec62801da84f18571855514222f6243207f857b92f7adafc77c15f35c03cde41
3919f316e4fa6e562a0f9a092745fb742742dc0c96174a0d53136008fb254883,RACE|2026-07-25|CAULFIELD|R4|1100M|2026-07-25T03:55:00+00:00,RCOM_HORSE_5350327,RCOM_HORSE_5350327,Final Moment,,IDENTITY_UNRESOLVED,,2026-07-25,CAULFIELD,1100,TURF,6,3,53,0,,0,,INSUFFICIENT_MATCHED_HISTORY,0,,INSUFFICIENT_MATCHED_HISTORY,0,,INSUFFICIENT_MATCHED_HISTORY,0,,INSUFFICIENT_MATCHED_HISTORY,0,,INSUFFICIENT_MATCHED_HISTORY,0,,INSUFFICIENT_MATCHED_HISTORY,0,,SUITABILITY_UNAVAILABLE,HISTORICAL_IDENTITY_UNRESOLVED,54959d63ea4710b5f65d223bd9cb21ae6725246682b3087c9bca56bdcc26d4a3,4f53cda18c2baa0c0354bb5f9a3ecbe5ed12ab4d8e11ba873c2f11161202b945,EDGEIQ_RACE_ENTRY_SUITABILITY_V2,EMPIRICAL_CONTEXT_DELTA_STRICTLY_PRIOR_V1_1,8d8655b63508937f858b1a646c189af0a60b7034ac774394288df468b30fc04d
d0f3b1f8964e60ed6f414e3fdc7407747159f3e0d9f19f060c4c70cecb22091b,RACE|2026-07-25|CAULFIELD|R4|1100M|2026-07-25T03:55:00+00:00,RCOM_HORSE_5352405,RCOM_HORSE_5352405,Logam,,IDENTITY_UNRESOLVED,,2026-07-25,CAULFIELD,1100,TURF,6,13,54,0,,0,,INSUFFICIENT_MATCHED_HISTORY,0,,INSUFFICIENT_MATCHED_HISTORY,0,,INSUFFICIENT_MATCHED_HISTORY,0,,INSUFFICIENT_MATCHED_HISTORY,0,,INSUFFICIENT_MATCHED_HISTORY,0,,INSUFFICIENT_MATCHED_HISTORY,0,,SUITABILITY_UNAVAILABLE,HISTORICAL_IDENTITY_UNRESOLVED,aca136e27ff7ddc203dbbb996b22eb5c42c048259da0e79e7a438d6c356061da,4f53cda18c2baa0c0354bb5f9a3ecbe5ed12ab4d8e11ba873c2f11161202b945,EDGEIQ_RACE_ENTRY_SUITABILITY_V2,EMPIRICAL_CONTEXT_DELTA_STRICTLY_PRIOR_V1_1,23aaaaa37446558b587818e06f8efae6509c013f77f01821b65a829dfdb27078
a1f468f8c0bd7faa8244da0a53f835f3567fd743e14cfeede24e7ca2e1a34d55,RACE|2026-07-25|CAULFIELD|R4|1100M|2026-07-25T03:55:00+00:00,RCOM_HORSE_5353850,RCOM_HORSE_5353850,The Benchmark,,IDENTITY_UNRESOLVED,,2026-07-25,CAULFIELD,1100,TURF,6,7,54,0,,0,,INSUFFICIENT_MATCHED_HISTORY,0,,INSUFFICIENT_MATCHED_HISTORY,0,,INSUFFICIENT_MATCHED_HISTORY,0,,INSUFFICIENT_MATCHED_HISTORY,0,,INSUFFICIENT_MATCHED_HISTORY,0,,INSUFFICIENT_MATCHED_HISTORY,0,,SUITABILITY_UNAVAILABLE,HISTORICAL_IDENTITY_UNRESOLVED,fdcb84c6289fb14a72148cd2fa31c2c42545abee7a1c41f54cdea4fc9b845906,4f53cda18c2baa0c0354bb5f9a3ecbe5ed12ab4d8e11ba873c2f11161202b945,EDGEIQ_RACE_ENTRY_SUITABILITY_V2,EMPIRICAL_CONTEXT_DELTA_STRICTLY_PRIOR_V1_1,2c887e7bffe7fdfbe149bc8718c0590c2907b9d1c5ee868691a059bb91fd902b
f3321e583f451354b96cb690376d881ea243a600f17f2e406b0a772c46f27e69,RACE|2026-07-25|CAULFIELD|R4|1100M|2026-07-25T03:55:00+00:00,RCOM_HORSE_5356998,RCOM_HORSE_5356998,Jenni The Ninja,,IDENTITY_UNRESOLVED,,2026-07-25,CAULFIELD,1100,TURF,6,14,54,0,,0,,INSUFFICIENT_MATCHED_HISTORY,0,,INSUFFICIENT_MATCHED_HISTORY,0,,INSUFFICIENT_MATCHED_HISTORY,0,,INSUFFICIENT_MATCHED_HISTORY,0,,INSUFFICIENT_MATCHED_HISTORY,0,,INSUFFICIENT_MATCHED_HISTORY,0,,SUITABILITY_UNAVAILABLE,HISTORICAL_IDENTITY_UNRESOLVED,8d0f463b188af889395495cfc9f832c00d1ce19cd155e35ff1edf1a51f5f42f3,4f53cda18c2baa0c0354bb5f9a3ecbe5ed12ab4d8e11ba873c2f11161202b945,EDGEIQ_RACE_ENTRY_SUITABILITY_V2,EMPIRICAL_CONTEXT_DELTA_STRICTLY_PRIOR_V1_1,903cb1b3695e0721affe0b3521531e6ff200118fbbe42317cec19396e8d9893f
8118c1c422c3f4d9cbdd0a605f8825178fda043d79957fb5494ba0029c4e8651,RACE|2026-07-25|CAULFIELD|R4|1100M|2026-07-25T03:55:00+00:00,RCOM_HORSE_5360565,RCOM_HORSE_5360565,Nightime Star,,IDENTITY_UNRESOLVED,,2026-07-25,CAULFIELD,1100,TURF,6,1,54,0,,0,,INSUFFICIENT_MATCHED_HISTORY,0,,INSUFFICIENT_MATCHED_HISTORY,0,,INSUFFICIENT_MATCHED_HISTORY,0,,INSUFFICIENT_MATCHED_HISTORY,0,,INSUFFICIENT_MATCHED_HISTORY,0,,INSUFFICIENT_MATCHED_HISTORY,0,,SUITABILITY_UNAVAILABLE,HISTORICAL_IDENTITY_UNRESOLVED,9fc3085d9451d2f3ebaaee20605798b4f7cc4e229cb03baa2462d72a8f0d655d,4f53cda18c2baa0c0354bb5f9a3ecbe5ed12ab4d8e11ba873c2f11161202b945,EDGEIQ_RACE_ENTRY_SUITABILITY_V2,EMPIRICAL_CONTEXT_DELTA_STRICTLY_PRIOR_V1_1,43206285d298ef66254cf5cccdc63ccc71013edc240599313f94cadd80527492
e32deeb3f198a91f61df4cd488aa526aebf6d94bdb457691d2a2f4705512fd91,RACE|2026-07-25|CAULFIELD|R5|1600M|2026-07-25T04:30:00+00:00,RCOM_HORSE_5251812,RCOM_HORSE_5251812,Rumbled Again,,IDENTITY_UNRESOLVED,,2026-07-25,CAULFIELD,1600,TURF,6,2,54.5,0,,0,,INSUFFICIENT_MATCHED_HISTORY,0,,INSUFFICIENT_MATCHED_HISTORY,0,,INSUFFICIENT_MATCHED_HISTORY,0,,INSUFFICIENT_MATCHED_HISTORY,0,,INSUFFICIENT_MATCHED_HISTORY,0,,INSUFFICIENT_MATCHED_HISTORY,0,,SUITABILITY_UNAVAILABLE,HISTORICAL_IDENTITY_UNRESOLVED,5fdcf1fdc42bf55c76df284c3f17abd6d1761d36c4420cdefbaf3c9108ab088b,4f53cda18c2baa0c0354bb5f9a3ecbe5ed12ab4d8e11ba873c2f11161202b945,EDGEIQ_RACE_ENTRY_SUITABILITY_V2,EMPIRICAL_CONTEXT_DELTA_STRICTLY_PRIOR_V1_1,efa802f1221210123091e394f8d202fc887f3cd80593fcd6c296d7f9a6149412
7b00a03d7b246b3e55b0e0641edaf10edeb579a5b9cf26ae584bb55f7205c825,RACE|2026-07-25|CAULFIELD|R5|1600M|2026-07-25T04:30:00+00:00,RCOM_HORSE_5280364,RCOM_HORSE_5280364,Jimmy The Bear,,IDENTITY_UNRESOLVED,,2026-07-25,CAULFIELD,1600,TURF,6,3,62,0,,0,,INSUFFICIENT_MATCHED_HISTORY,0,,INSUFFICIENT_MATCHED_HISTORY,0,,INSUFFICIENT_MATCHED_HISTORY,0,,INSUFFICIENT_MATCHED_HISTORY,0,,INSUFFICIENT_MATCHED_HISTORY,0,,INSUFFICIENT_MATCHED_HISTORY,0,,SUITABILITY_UNAVAILABLE,HISTORICAL_IDENTITY_UNRESOLVED,0e545441e62a130ba841401feb5cf56eec11ed311f7e8ee4cc5c8de6bb501686,4f53cda18c2baa0c0354bb5f9a3ecbe5ed12ab4d8e11ba873c2f11161202b945,EDGEIQ_RACE_ENTRY_SUITABILITY_V2,EMPIRICAL_CONTEXT_DELTA_STRICTLY_PRIOR_V1_1,35f33bfb7856d5b3264210b3f02648216b1b5d959e436eb1ff4f6798702f2005
b16341da8722e0161698612d0141111b32c3140b4578bc36f23ab4b3d4519701,RACE|2026-07-25|CAULFIELD|R5|1600M|2026-07-25T04:30:00+00:00,RCOM_HORSE_5295675,RCOM_HORSE_5295675,Magnaspin,,IDENTITY_UNRESOLVED,,2026-07-25,CAULFIELD,1600,TURF,6,8,58,0,,0,,INSUFFICIENT_MATCHED_HISTORY,0,,INSUFFICIENT_MATCHED_HISTORY,0,,INSUFFICIENT_MATCHED_HISTORY,0,,INSUFFICIENT_MATCHED_HISTORY,0,,INSUFFICIENT_MATCHED_HISTORY,0,,INSUFFICIENT_MATCHED_HISTORY,0,,SUITABILITY_UNAVAILABLE,HISTORICAL_IDENTITY_UNRESOLVED,d5d675975b909d353c9ae1a28bb2522cc113aa8090845b57ea51e0baaabebecd,4f53cda18c2baa0c0354bb5f9a3ecbe5ed12ab4d8e11ba873c2f11161202b945,EDGEIQ_RACE_ENTRY_SUITABILITY_V2,EMPIRICAL_CONTEXT_DELTA_STRICTLY_PRIOR_V1_1,a62b9ffce8ef37e316edc27629bfb9ab7e300c0d116eb2f9d97cc5f68295d6c8
dc2a12af75e2a4818cf6ae13db2088ff1d3d8e5045037b1c7edec61c592f1a10,RACE|2026-07-25|CAULFIELD|R5|1600M|2026-07-25T04:30:00+00:00,RCOM_HORSE_5303794,RCOM_HORSE_5303794,Seafall,,IDENTITY_UNRESOLVED,,2026-07-25,CAULFIELD,1600,TURF,6,1,56,0,,0,,INSUFFICIENT_MATCHED_HISTORY,0,,INSUFFICIENT_MATCHED_HISTORY,0,,INSUFFICIENT_MATCHED_HISTORY,0,,INSUFFICIENT_MATCHED_HISTORY,0,,INSUFFICIENT_MATCHED_HISTORY,0,,INSUFFICIENT_MATCHED_HISTORY,0,,SUITABILITY_UNAVAILABLE,HISTORICAL_IDENTITY_UNRESOLVED,aeee908f94a9e18b090eec057ed9b319daa39b07a679391ba07adabab1a89121,4f53cda18c2baa0c0354bb5f9a3ecbe5ed12ab4d8e11ba873c2f11161202b945,EDGEIQ_RACE_ENTRY_SUITABILITY_V2,EMPIRICAL_CONTEXT_DELTA_STRICTLY_PRIOR_V1_1,7755447528a68a889c4c820cab0632160ea2da25dfc251301101cca7c28a0081
e4d8e6b296afdece53e11fc4cd7fa8647ca62f5aa3a7e89b8a4454d604f918fc,RACE|2026-07-25|CAULFIELD|R5|1600M|2026-07-25T04:30:00+00:00,RCOM_HORSE_5308967,RCOM_HORSE_5308967,Detonator Jack,,IDENTITY_UNRESOLVED,,2026-07-25,CAULFIELD,1600,TURF,6,7,61,0,,0,,INSUFFICIENT_MATCHED_HISTORY,0,,INSUFFICIENT_MATCHED_HISTORY,0,,INSUFFICIENT_MATCHED_HISTORY,0,,INSUFFICIENT_MATCHED_HISTORY,0,,INSUFFICIENT_MATCHED_HISTORY,0,,INSUFFICIENT_MATCHED_HISTORY,0,,SUITABILITY_UNAVAILABLE,HISTORICAL_IDENTITY_UNRESOLVED,e574a7ae6fe0010f31ca2abfb8f82f8d3a474cdf40454f32d5e71bd8969ddab3,4f53cda18c2baa0c0354bb5f9a3ecbe5ed12ab4d8e11ba873c2f11161202b945,EDGEIQ_RACE_ENTRY_SUITABILITY_V2,EMPIRICAL_CONTEXT_DELTA_STRICTLY_PRIOR_V1_1,cea2bb0c0e9b6675e932f34f1f1a71b95fdadf11dc6cc5757a80509b86f1d848
9c9abbdf8aaee083d0d0f9312dd372c766cf2f3b5d1a0a1c2997321e4c37ac53,RACE|2026-07-25|CAULFIELD|R5|1600M|2026-07-25T04:30:00+00:00,RCOM_HORSE_5311051,RCOM_HORSE_5311051,Tuff Tu Mus,,IDENTITY_UNRESOLVED,,2026-07-25,CAULFIELD,1600,TURF,6,4,55.5,0,,0,,INSUFFICIENT_MATCHED_HISTORY,0,,INSUFFICIENT_MATCHED_HISTORY,0,,INSUFFICIENT_MATCHED_HISTORY,0,,INSUFFICIENT_MATCHED_HISTORY,0,,INSUFFICIENT_MATCHED_HISTORY,0,,INSUFFICIENT_MATCHED_HISTORY,0,,SUITABILITY_UNAVAILABLE,HISTORICAL_IDENTITY_UNRESOLVED,0f2ada01f437130a533a810b864904944dc03f30ef1a48cdc7506dc4c8b5c1f2,4f53cda18c2baa0c0354bb5f9a3ecbe5ed12ab4d8e11ba873c2f11161202b945,EDGEIQ_RACE_ENTRY_SUITABILITY_V2,EMPIRICAL_CONTEXT_DELTA_STRICTLY_PRIOR_V1_1,6dd086e932220fbc53621e5d7f81dff1b78da579596c80728bb9ab630fd48383
dbc55514b53fe5caefbf7b07adf9ca46f0ebb284ef5dadf8fc4ea7538f28ebda,RACE|2026-07-25|CAULFIELD|R5|1600M|2026-07-25T04:30:00+00:00,RCOM_HORSE_5316795,RCOM_HORSE_5316795,St Lawrence,,IDENTITY_UNRESOLVED,,2026-07-25,CAULFIELD,1600,TURF,6,9,55,0,,0,,INSUFFICIENT_MATCHED_HISTORY,0,,INSUFFICIENT_MATCHED_HISTORY,0,,INSUFFICIENT_MATCHED_HISTORY,0,,INSUFFICIENT_MATCHED_HISTORY,0,,INSUFFICIENT_MATCHED_HISTORY,0,,INSUFFICIENT_MATCHED_HISTORY,0,,SUITABILITY_UNAVAILABLE,HISTORICAL_IDENTITY_UNRESOLVED,269581f1a53710aec234562c419d116e074d626140813286195d71d4126fb44e,4f53cda18c2baa0c0354bb5f9a3ecbe5ed12ab4d8e11ba873c2f11161202b945,EDGEIQ_RACE_ENTRY_SUITABILITY_V2,EMPIRICAL_CONTEXT_DELTA_STRICTLY_PRIOR_V1_1,e3bd9ae74a6b5c3271c8e7416f1fb2f83a99946f182eae008695e55cb845879c
b455927e299eb0c35e7602d59bd3ff9ee53c6b70ef6e1a5523e8ba3415c00de7,RACE|2026-07-25|CAULFIELD|R5|1600M|2026-07-25T04:30:00+00:00,RCOM_HORSE_5338334,RCOM_HORSE_5338334,First Chorus,,IDENTITY_UNRESOLVED,,2026-07-25,CAULFIELD,1600,TURF,6,6,53,0,,0,,INSUFFICIENT_MATCHED_HISTORY,0,,INSUFFICIENT_MATCHED_HISTORY,0,,INSUFFICIENT_MATCHED_HISTORY,0,,INSUFFICIENT_MATCHED_HISTORY,0,,INSUFFICIENT_MATCHED_HISTORY,0,,INSUFFICIENT_MATCHED_HISTORY,0,,SUITABILITY_UNAVAILABLE,HISTORICAL_IDENTITY_UNRESOLVED,25e206017d6288a85e5488dff5191966390c038420aebced583b67adbda9f040,4f53cda18c2baa0c0354bb5f9a3ecbe5ed12ab4d8e11ba873c2f11161202b945,EDGEIQ_RACE_ENTRY_SUITABILITY_V2,EMPIRICAL_CONTEXT_DELTA_STRICTLY_PRIOR_V1_1,0b44e16bd76c2df2b6fe875d36495740a8d1ce022e86bbf79fc881e98a8d2362
c684e85e7cbd3b491c7944383aefcbe94b0309cdd09d7c14d4f06620f25a8c76,RACE|2026-07-25|CAULFIELD|R5|1600M|2026-07-25T04:30:00+00:00,RCOM_HORSE_5356259,RCOM_HORSE_5356259,Unlimited,,IDENTITY_UNRESOLVED,,2026-07-25,CAULFIELD,1600,TURF,6,5,56.5,0,,0,,INSUFFICIENT_MATCHED_HISTORY,0,,INSUFFICIENT_MATCHED_HISTORY,0,,INSUFFICIENT_MATCHED_HISTORY,0,,INSUFFICIENT_MATCHED_HISTORY,0,,INSUFFICIENT_MATCHED_HISTORY,0,,INSUFFICIENT_MATCHED_HISTORY,0,,SUITABILITY_UNAVAILABLE,HISTORICAL_IDENTITY_UNRESOLVED,a2b5f150b1198dc8b2d562653c7c25f7038346120a15c5130c9e9ede86ac7c0a,4f53cda18c2baa0c0354bb5f9a3ecbe5ed12ab4d8e11ba873c2f11161202b945,EDGEIQ_RACE_ENTRY_SUITABILITY_V2,EMPIRICAL_CONTEXT_DELTA_STRICTLY_PRIOR_V1_1,cb8cf7255f609b6f432b5b0eaefcae178203d978483328932dbe0480c32f9045
ea4246059b291537642e972c37a0983591f71263bb51feb84160996e1e754f1f,RACE|2026-07-25|CAULFIELD|R6|2400M|2026-07-25T05:10:00+00:00,RCOM_HORSE_5339958,RCOM_HORSE_5339958,Pressurised,,IDENTITY_UNRESOLVED,,2026-07-25,CAULFIELD,2400,TURF,6,6,54,0,,0,,INSUFFICIENT_MATCHED_HISTORY,0,,INSUFFICIENT_MATCHED_HISTORY,0,,INSUFFICIENT_MATCHED_HISTORY,0,,INSUFFICIENT_MATCHED_HISTORY,0,,INSUFFICIENT_MATCHED_HISTORY,0,,INSUFFICIENT_MATCHED_HISTORY,0,,SUITABILITY_UNAVAILABLE,HISTORICAL_IDENTITY_UNRESOLVED,92dd87572438311858845c3f2ca1a1ae4f58c1a2d6603687b84f1176848834bd,4f53cda18c2baa0c0354bb5f9a3ecbe5ed12ab4d8e11ba873c2f11161202b945,EDGEIQ_RACE_ENTRY_SUITABILITY_V2,EMPIRICAL_CONTEXT_DELTA_STRICTLY_PRIOR_V1_1,095a8a5c5e7b9c241c433351b57f1e34328f3ecfe157f8040d0ff0d4e3d7e3b0
e40f1f16630954eeec6752a9b9b34c86f91e249fd6b86e096d84d326ca596b88,RACE|2026-07-25|CAULFIELD|R6|2400M|2026-07-25T05:10:00+00:00,RCOM_HORSE_5340527,RCOM_HORSE_5340527,Dirnaseer,,IDENTITY_UNRESOLVED,,2026-07-25,CAULFIELD,2400,TURF,6,7,57.5,0,,0,,INSUFFICIENT_MATCHED_HISTORY,0,,INSUFFICIENT_MATCHED_HISTORY,0,,INSUFFICIENT_MATCHED_HISTORY,0,,INSUFFICIENT_MATCHED_HISTORY,0,,INSUFFICIENT_MATCHED_HISTORY,0,,INSUFFICIENT_MATCHED_HISTORY,0,,SUITABILITY_UNAVAILABLE,HISTORICAL_IDENTITY_UNRESOLVED,b19156c560210ea160b468636e1fb9a28d259c6a6fd5fe50c417d223b8b35fb5,4f53cda18c2baa0c0354bb5f9a3ecbe5ed12ab4d8e11ba873c2f11161202b945,EDGEIQ_RACE_ENTRY_SUITABILITY_V2,EMPIRICAL_CONTEXT_DELTA_STRICTLY_PRIOR_V1_1,99804bba070f8adbbaa644550d4cc37c0e81e498e35de6b0046345ca74ada852
30b96538479e8bac5c9061c0e99abae84faaeb66aab081e433e17d1bcee9b25e,RACE|2026-07-25|CAULFIELD|R6|2400M|2026-07-25T05:10:00+00:00,RCOM_HORSE_5345758,RCOM_HORSE_5345758,Decalogue,,IDENTITY_UNRESOLVED,,2026-07-25,CAULFIELD,2400,TURF,6,4,60,0,,0,,INSUFFICIENT_MATCHED_HISTORY,0,,INSUFFICIENT_MATCHED_HISTORY,0,,INSUFFICIENT_MATCHED_HISTORY,0,,INSUFFICIENT_MATCHED_HISTORY,0,,INSUFFICIENT_MATCHED_HISTORY,0,,INSUFFICIENT_MATCHED_HISTORY,0,,SUITABILITY_UNAVAILABLE,HISTORICAL_IDENTITY_UNRESOLVED,fc235a949f7f735b3c84a46dc93d17f7832f987de943f141f82c81b187d268fb,4f53cda18c2baa0c0354bb5f9a3ecbe5ed12ab4d8e11ba873c2f11161202b945,EDGEIQ_RACE_ENTRY_SUITABILITY_V2,EMPIRICAL_CONTEXT_DELTA_STRICTLY_PRIOR_V1_1,d7948ff56e0714250ed198247923ebb789e45024297f3473ad38986625b2a36f
0d49d07fcc90a123511735f069a4d717e83ebd2e26728d6e6fc64d8fb6dbb12e,RACE|2026-07-25|CAULFIELD|R6|2400M|2026-07-25T05:10:00+00:00,RCOM_HORSE_5346815,RCOM_HORSE_5346815,Menthon,,IDENTITY_UNRESOLVED,,2026-07-25,CAULFIELD,2400,TURF,6,10,54.5,0,,0,,INSUFFICIENT_MATCHED_HISTORY,0,,INSUFFICIENT_MATCHED_HISTORY,0,,INSUFFICIENT_MATCHED_HISTORY,0,,INSUFFICIENT_MATCHED_HISTORY,0,,INSUFFICIENT_MATCHED_HISTORY,0,,INSUFFICIENT_MATCHED_HISTORY,0,,SUITABILITY_UNAVAILABLE,HISTORICAL_IDENTITY_UNRESOLVED,1661cb7041f23f366b60a67acbf1dbb262e6a706ae297e0a8909d9701303ccbe,4f53cda18c2baa0c0354bb5f9a3ecbe5ed12ab4d8e11ba873c2f11161202b945,EDGEIQ_RACE_ENTRY_SUITABILITY_V2,EMPIRICAL_CONTEXT_DELTA_STRICTLY_PRIOR_V1_1,8c4187d853557281a8d54ca809b7880f4ee36d527602ae89e7ba81c6023bfcd1
51d487d41e9d3d2533d18e36b01853bc2145fda368d83c31cbcc1fe5335fa827,RACE|2026-07-25|CAULFIELD|R6|2400M|2026-07-25T05:10:00+00:00,RCOM_HORSE_5347458,RCOM_HORSE_5347458,Our Chief,,IDENTITY_UNRESOLVED,,2026-07-25,CAULFIELD,2400,TURF,6,8,56.5,0,,0,,INSUFFICIENT_MATCHED_HISTORY,0,,INSUFFICIENT_MATCHED_HISTORY,0,,INSUFFICIENT_MATCHED_HISTORY,0,,INSUFFICIENT_MATCHED_HISTORY,0,,INSUFFICIENT_MATCHED_HISTORY,0,,INSUFFICIENT_MATCHED_HISTORY,0,,SUITABILITY_UNAVAILABLE,HISTORICAL_IDENTITY_UNRESOLVED,4aa89e36b27103abd9ea08c4e30be3f150cd0b65237a3fffb04ad78239529cd6,4f53cda18c2baa0c0354bb5f9a3ecbe5ed12ab4d8e11ba873c2f11161202b945,EDGEIQ_RACE_ENTRY_SUITABILITY_V2,EMPIRICAL_CONTEXT_DELTA_STRICTLY_PRIOR_V1_1,ac2e27eddc9c4b8bc73c770fb7ced2a7bf84babecff2fccc6076c4dc87cd69a8
d634772988361235ce7a70606f532d64aaf6386593c8e0911a451006a332d0bd,RACE|2026-07-25|CAULFIELD|R6|2400M|2026-07-25T05:10:00+00:00,RCOM_HORSE_5347607,RCOM_HORSE_5347607,Brillantezza,,IDENTITY_UNRESOLVED,,2026-07-25,CAULFIELD,2400,TURF,6,11,57,0,,0,,INSUFFICIENT_MATCHED_HISTORY,0,,INSUFFICIENT_MATCHED_HISTORY,0,,INSUFFICIENT_MATCHED_HISTORY,0,,INSUFFICIENT_MATCHED_HISTORY,0,,INSUFFICIENT_MATCHED_HISTORY,0,,INSUFFICIENT_MATCHED_HISTORY,0,,SUITABILITY_UNAVAILABLE,HISTORICAL_IDENTITY_UNRESOLVED,f220bf601c5ce833f9d997679f4959feb96fa075bc311cc19e090e8f994507e2,4f53cda18c2baa0c0354bb5f9a3ecbe5ed12ab4d8e11ba873c2f11161202b945,EDGEIQ_RACE_ENTRY_SUITABILITY_V2,EMPIRICAL_CONTEXT_DELTA_STRICTLY_PRIOR_V1_1,5ae96cc287b3371db5da98f78dd587288bc0f82860b7df80d5be786200dfb330
be62822bf96353ed41e343201d823b8a9878a126727295b455e7e483fc6cc729,RACE|2026-07-25|CAULFIELD|R6|2400M|2026-07-25T05:10:00+00:00,RCOM_HORSE_5347671,RCOM_HORSE_5347671,Harbour Town,,IDENTITY_UNRESOLVED,,2026-07-25,CAULFIELD,2400,TURF,6,9,55.5,0,,0,,INSUFFICIENT_MATCHED_HISTORY,0,,INSUFFICIENT_MATCHED_HISTORY,0,,INSUFFICIENT_MATCHED_HISTORY,0,,INSUFFICIENT_MATCHED_HISTORY,0,,INSUFFICIENT_MATCHED_HISTORY,0,,INSUFFICIENT_MATCHED_HISTORY,0,,SUITABILITY_UNAVAILABLE,HISTORICAL_IDENTITY_UNRESOLVED,0f818f50f53bdab7bfd0edbf04ca43cffc07bfd85e19871a58ab950280df5d37,4f53cda18c2baa0c0354bb5f9a3ecbe5ed12ab4d8e11ba873c2f11161202b945,EDGEIQ_RACE_ENTRY_SUITABILITY_V2,EMPIRICAL_CONTEXT_DELTA_STRICTLY_PRIOR_V1_1,2f8854de2525f0d884ec0f930a1986239bcb4c2db4b21aba13c4c11cbe4587d1
0b15a9a85afb56024552cf1fa216baad855b58c8f142a42d403a6fb5a3257404,RACE|2026-07-25|CAULFIELD|R6|2400M|2026-07-25T05:10:00+00:00,RCOM_HORSE_5352448,RCOM_HORSE_5352448,Kings Reflection,,IDENTITY_UNRESOLVED,,2026-07-25,CAULFIELD,2400,TURF,6,2,54.5,0,,0,,INSUFFICIENT_MATCHED_HISTORY,0,,INSUFFICIENT_MATCHED_HISTORY,0,,INSUFFICIENT_MATCHED_HISTORY,0,,INSUFFICIENT_MATCHED_HISTORY,0,,INSUFFICIENT_MATCHED_HISTORY,0,,INSUFFICIENT_MATCHED_HISTORY,0,,SUITABILITY_UNAVAILABLE,HISTORICAL_IDENTITY_UNRESOLVED,930fcfa6e4fc6c3cf8aed4193d43090f2c6516d6ed0f7b3c2682b3b63ebd2847,4f53cda18c2baa0c0354bb5f9a3ecbe5ed12ab4d8e11ba873c2f11161202b945,EDGEIQ_RACE_ENTRY_SUITABILITY_V2,EMPIRICAL_CONTEXT_DELTA_STRICTLY_PRIOR_V1_1,c4422e1d3268e91604caedb3eef03c2309024b7f4068bb30e9db812cefa8f8ca
139872f117bea3cca415afb72c7088294c4ebb9fb91e531bdcf9dcc97cea0cf7,RACE|2026-07-25|CAULFIELD|R6|2400M|2026-07-25T05:10:00+00:00,RCOM_HORSE_5372898,RCOM_HORSE_5372898,Don't Doubt Dare,,IDENTITY_UNRESOLVED,,2026-07-25,CAULFIELD,2400,TURF,6,3,53,0,,0,,INSUFFICIENT_MATCHED_HISTORY,0,,INSUFFICIENT_MATCHED_HISTORY,0,,INSUFFICIENT_MATCHED_HISTORY,0,,INSUFFICIENT_MATCHED_HISTORY,0,,INSUFFICIENT_MATCHED_HISTORY,0,,INSUFFICIENT_MATCHED_HISTORY,0,,SUITABILITY_UNAVAILABLE,HISTORICAL_IDENTITY_UNRESOLVED,18fa035284546e7f3c04961072496fa9d7a9bea8ae2f9408a157f251dbee27cb,4f53cda18c2baa0c0354bb5f9a3ecbe5ed12ab4d8e11ba873c2f11161202b945,EDGEIQ_RACE_ENTRY_SUITABILITY_V2,EMPIRICAL_CONTEXT_DELTA_STRICTLY_PRIOR_V1_1,ee7de86bc36a1832dcf64e2bd6d55e83b0880727453e3c3ef1fb19e563f735c0
e0cbf305f2d37023eac033f28b436dd7272a69a13e8873e4fcf045751db8e8fe,RACE|2026-07-25|CAULFIELD|R6|2400M|2026-07-25T05:10:00+00:00,RCOM_HORSE_5382500,RCOM_HORSE_5382500,Engine Of War,,IDENTITY_UNRESOLVED,,2026-07-25,CAULFIELD,2400,TURF,6,1,56.5,0,,0,,INSUFFICIENT_MATCHED_HISTORY,0,,INSUFFICIENT_MATCHED_HISTORY,0,,INSUFFICIENT_MATCHED_HISTORY,0,,INSUFFICIENT_MATCHED_HISTORY,0,,INSUFFICIENT_MATCHED_HISTORY,0,,INSUFFICIENT_MATCHED_HISTORY,0,,SUITABILITY_UNAVAILABLE,HISTORICAL_IDENTITY_UNRESOLVED,6d4e96e9890bc751ab2e55782a4193cf5c0e574c175acf6df9b4c97297d07946,4f53cda18c2baa0c0354bb5f9a3ecbe5ed12ab4d8e11ba873c2f11161202b945,EDGEIQ_RACE_ENTRY_SUITABILITY_V2,EMPIRICAL_CONTEXT_DELTA_STRICTLY_PRIOR_V1_1,0a169b01357e3eed879a8be8db3fa90dd3325270096e943f6ccba0a11765ccb6
f480f91902b37538ff768d49030b46052984158491d877a0d4d1b809840e213b,RACE|2026-07-25|CAULFIELD|R6|2400M|2026-07-25T05:10:00+00:00,RCOM_HORSE_5388911,RCOM_HORSE_5388911,Ferrario,,IDENTITY_UNRESOLVED,,2026-07-25,CAULFIELD,2400,TURF,6,5,53.5,0,,0,,INSUFFICIENT_MATCHED_HISTORY,0,,INSUFFICIENT_MATCHED_HISTORY,0,,INSUFFICIENT_MATCHED_HISTORY,0,,INSUFFICIENT_MATCHED_HISTORY,0,,INSUFFICIENT_MATCHED_HISTORY,0,,INSUFFICIENT_MATCHED_HISTORY,0,,SUITABILITY_UNAVAILABLE,HISTORICAL_IDENTITY_UNRESOLVED,e396ff169f5f88c7c24d4959bca223ac5f6b2a5a20c6716cd847ba933be3bf8e,4f53cda18c2baa0c0354bb5f9a3ecbe5ed12ab4d8e11ba873c2f11161202b945,EDGEIQ_RACE_ENTRY_SUITABILITY_V2,EMPIRICAL_CONTEXT_DELTA_STRICTLY_PRIOR_V1_1,b6d97e06fc473753b01c6e35e1e69c8d74e6acb4d1f611dd7132cfdbc4ff3dc6
d2422600a5cb574ab6d131bd0103d4aa9d3f4f4c556c2a90568733eaf603aa60,RACE|2026-07-25|CAULFIELD|R7|1200M|2026-07-25T05:50:00+00:00,RCOM_HORSE_5286543,RCOM_HORSE_5286543,Recommendation,,IDENTITY_UNRESOLVED,,2026-07-25,CAULFIELD,1200,TURF,6,9,58.5,0,,0,,INSUFFICIENT_MATCHED_HISTORY,0,,INSUFFICIENT_MATCHED_HISTORY,0,,INSUFFICIENT_MATCHED_HISTORY,0,,INSUFFICIENT_MATCHED_HISTORY,0,,INSUFFICIENT_MATCHED_HISTORY,0,,INSUFFICIENT_MATCHED_HISTORY,0,,SUITABILITY_UNAVAILABLE,HISTORICAL_IDENTITY_UNRESOLVED,3e215a94707505c90170b8322ce6d5f8bb48eab14baa1959a065f80c607ba038,4f53cda18c2baa0c0354bb5f9a3ecbe5ed12ab4d8e11ba873c2f11161202b945,EDGEIQ_RACE_ENTRY_SUITABILITY_V2,EMPIRICAL_CONTEXT_DELTA_STRICTLY_PRIOR_V1_1,637f45d8e61b3605fc9679d0632db78c4aecd77ea0dcc8a39aa89fd680c822b0
bfbf4666acc6fe2d87d9d6aa9caee257891a22bd3912c535ad7ba6c9d38f07eb,RACE|2026-07-25|CAULFIELD|R7|1200M|2026-07-25T05:50:00+00:00,RCOM_HORSE_5286834,RCOM_HORSE_5286834,Aztec Ruler,,IDENTITY_UNRESOLVED,,2026-07-25,CAULFIELD,1200,TURF,6,3,58.5,0,,0,,INSUFFICIENT_MATCHED_HISTORY,0,,INSUFFICIENT_MATCHED_HISTORY,0,,INSUFFICIENT_MATCHED_HISTORY,0,,INSUFFICIENT_MATCHED_HISTORY,0,,INSUFFICIENT_MATCHED_HISTORY,0,,INSUFFICIENT_MATCHED_HISTORY,0,,SUITABILITY_UNAVAILABLE,HISTORICAL_IDENTITY_UNRESOLVED,541e5d378fa88feb4b2ed7e91f2e281fc86c618a02bcb601520c3e64bb5da92c,4f53cda18c2baa0c0354bb5f9a3ecbe5ed12ab4d8e11ba873c2f11161202b945,EDGEIQ_RACE_ENTRY_SUITABILITY_V2,EMPIRICAL_CONTEXT_DELTA_STRICTLY_PRIOR_V1_1,2b98482487880cea1e9753bf3de0b5165d17d8984125fb86ed72a04b764c6a9f
85b3c5e65449452e9f34001b3c155af895b9913a8d59d0a2a16d07ded284f88a,RACE|2026-07-25|CAULFIELD|R7|1200M|2026-07-25T05:50:00+00:00,RCOM_HORSE_5288542,RCOM_HORSE_5288542,Zou Sensation,,IDENTITY_UNRESOLVED,,2026-07-25,CAULFIELD,1200,TURF,6,8,58.5,0,,0,,INSUFFICIENT_MATCHED_HISTORY,0,,INSUFFICIENT_MATCHED_HISTORY,0,,INSUFFICIENT_MATCHED_HISTORY,0,,INSUFFICIENT_MATCHED_HISTORY,0,,INSUFFICIENT_MATCHED_HISTORY,0,,INSUFFICIENT_MATCHED_HISTORY,0,,SUITABILITY_UNAVAILABLE,HISTORICAL_IDENTITY_UNRESOLVED,f552a14e226bb046e2cf3cf47f1ebed654605a7a1d49d471426cec9114ef85b9,4f53cda18c2baa0c0354bb5f9a3ecbe5ed12ab4d8e11ba873c2f11161202b945,EDGEIQ_RACE_ENTRY_SUITABILITY_V2,EMPIRICAL_CONTEXT_DELTA_STRICTLY_PRIOR_V1_1,53e7c8aab5f2749dd6a593ccbbba51e4154697f617e64b8b8b55f62677462e88
2a1f15331763669b4412ab811deeb79c82aad810dbc8b1693a626c9a9dd2e275,RACE|2026-07-25|CAULFIELD|R7|1200M|2026-07-25T05:50:00+00:00,RCOM_HORSE_5304588,RCOM_HORSE_5304588,Cosmic Crusader,,IDENTITY_UNRESOLVED,,2026-07-25,CAULFIELD,1200,TURF,6,1,58.5,0,,0,,INSUFFICIENT_MATCHED_HISTORY,0,,INSUFFICIENT_MATCHED_HISTORY,0,,INSUFFICIENT_MATCHED_HISTORY,0,,INSUFFICIENT_MATCHED_HISTORY,0,,INSUFFICIENT_MATCHED_HISTORY,0,,INSUFFICIENT_MATCHED_HISTORY,0,,SUITABILITY_UNAVAILABLE,HISTORICAL_IDENTITY_UNRESOLVED,408e8aa1eac57feb969de761f8f197d8029be69580f18d37c414911f84cfe701,4f53cda18c2baa0c0354bb5f9a3ecbe5ed12ab4d8e11ba873c2f11161202b945,EDGEIQ_RACE_ENTRY_SUITABILITY_V2,EMPIRICAL_CONTEXT_DELTA_STRICTLY_PRIOR_V1_1,df137294352ee66f80c343a70f0259ed85004fa1c433a094b7f544acb9357cbb
16d94280309eaae1710d0b16a269b688587ad6444be17fd9bdde90f4804ac5a3,RACE|2026-07-25|CAULFIELD|R7|1200M|2026-07-25T05:50:00+00:00,RCOM_HORSE_5306095,RCOM_HORSE_5306095,Samangu,,IDENTITY_UNRESOLVED,,2026-07-25,CAULFIELD,1200,TURF,6,4,56.5,0,,0,,INSUFFICIENT_MATCHED_HISTORY,0,,INSUFFICIENT_MATCHED_HISTORY,0,,INSUFFICIENT_MATCHED_HISTORY,0,,INSUFFICIENT_MATCHED_HISTORY,0,,INSUFFICIENT_MATCHED_HISTORY,0,,INSUFFICIENT_MATCHED_HISTORY,0,,SUITABILITY_UNAVAILABLE,HISTORICAL_IDENTITY_UNRESOLVED,2cc404bb9c9a80034cb26623d66d59d716bd0d52c120b2a3aa3cce7d4c1fe3f8,4f53cda18c2baa0c0354bb5f9a3ecbe5ed12ab4d8e11ba873c2f11161202b945,EDGEIQ_RACE_ENTRY_SUITABILITY_V2,EMPIRICAL_CONTEXT_DELTA_STRICTLY_PRIOR_V1_1,b33963155fabdbfeff92696bc2e2e23c65114859abc3d78ef662a1c41dab68d0
124b4d2497c1ac4305a17e314841ad7b49be5d17712fc7bd852ab8a7ef5053ab,RACE|2026-07-25|CAULFIELD|R7|1200M|2026-07-25T05:50:00+00:00,RCOM_HORSE_5309013,RCOM_HORSE_5309013,Title Fighter,,IDENTITY_UNRESOLVED,,2026-07-25,CAULFIELD,1200,TURF,6,7,58.5,0,,0,,INSUFFICIENT_MATCHED_HISTORY,0,,INSUFFICIENT_MATCHED_HISTORY,0,,INSUFFICIENT_MATCHED_HISTORY,0,,INSUFFICIENT_MATCHED_HISTORY,0,,INSUFFICIENT_MATCHED_HISTORY,0,,INSUFFICIENT_MATCHED_HISTORY,0,,SUITABILITY_UNAVAILABLE,HISTORICAL_IDENTITY_UNRESOLVED,d83f56a7ed0750222b93d5e7c68983ce1f4edac2d04c07abd44579f96093eb0c,4f53cda18c2baa0c0354bb5f9a3ecbe5ed12ab4d8e11ba873c2f11161202b945,EDGEIQ_RACE_ENTRY_SUITABILITY_V2,EMPIRICAL_CONTEXT_DELTA_STRICTLY_PRIOR_V1_1,067b813c9031990689dee06da6b1894c6aba48ea175a75498ef83328ec97b19a
6e59967979e5cbc5c6714ffc896c751e74a6d30b2a93f6c9e63b43f1cb9817f5,RACE|2026-07-25|CAULFIELD|R7|1200M|2026-07-25T05:50:00+00:00,RCOM_HORSE_5311692,RCOM_HORSE_5311692,Watchme Win,,IDENTITY_UNRESOLVED,,2026-07-25,CAULFIELD,1200,TURF,6,6,58.5,0,,0,,INSUFFICIENT_MATCHED_HISTORY,0,,INSUFFICIENT_MATCHED_HISTORY,0,,INSUFFICIENT_MATCHED_HISTORY,0,,INSUFFICIENT_MATCHED_HISTORY,0,,INSUFFICIENT_MATCHED_HISTORY,0,,INSUFFICIENT_MATCHED_HISTORY,0,,SUITABILITY_UNAVAILABLE,HISTORICAL_IDENTITY_UNRESOLVED,2d4b01f246d0fc9e35a7e1a32505f873cf5154d033d78829a568985597620ce4,4f53cda18c2baa0c0354bb5f9a3ecbe5ed12ab4d8e11ba873c2f11161202b945,EDGEIQ_RACE_ENTRY_SUITABILITY_V2,EMPIRICAL_CONTEXT_DELTA_STRICTLY_PRIOR_V1_1,290358694f74a24b8159b00bbe89351d48fbb3558ade76990730991b634e859a
050f9780659f5ac6d6f0a7709fd83eb61a8ac30eee91f782e36bff97f3083ff8,RACE|2026-07-25|CAULFIELD|R7|1200M|2026-07-25T05:50:00+00:00,RCOM_HORSE_5313226,RCOM_HORSE_5313226,Miraval Rose,,IDENTITY_UNRESOLVED,,2026-07-25,CAULFIELD,1200,TURF,6,2,56.5,0,,0,,INSUFFICIENT_MATCHED_HISTORY,0,,INSUFFICIENT_MATCHED_HISTORY,0,,INSUFFICIENT_MATCHED_HISTORY,0,,INSUFFICIENT_MATCHED_HISTORY,0,,INSUFFICIENT_MATCHED_HISTORY,0,,INSUFFICIENT_MATCHED_HISTORY,0,,SUITABILITY_UNAVAILABLE,HISTORICAL_IDENTITY_UNRESOLVED,7eaab471296dc7365c81156e7960e81ed6643e6b18e5abdbb2128098d069bfaf,4f53cda18c2baa0c0354bb5f9a3ecbe5ed12ab4d8e11ba873c2f11161202b945,EDGEIQ_RACE_ENTRY_SUITABILITY_V2,EMPIRICAL_CONTEXT_DELTA_STRICTLY_PRIOR_V1_1,39252c350fc03fce3ba5921fb243332e5fc759824460d0a45533800b895e7886
ae416707578626c3c1e7ce75969b2262a68c4ad285127f76670c0dde3ed08b6e,RACE|2026-07-25|CAULFIELD|R7|1200M|2026-07-25T05:50:00+00:00,RCOM_HORSE_5323630,RCOM_HORSE_5323630,Winnasedge,,IDENTITY_UNRESOLVED,,2026-07-25,CAULFIELD,1200,TURF,6,5,58.5,0,,0,,INSUFFICIENT_MATCHED_HISTORY,0,,INSUFFICIENT_MATCHED_HISTORY,0,,INSUFFICIENT_MATCHED_HISTORY,0,,INSUFFICIENT_MATCHED_HISTORY,0,,INSUFFICIENT_MATCHED_HISTORY,0,,INSUFFICIENT_MATCHED_HISTORY,0,,SUITABILITY_UNAVAILABLE,HISTORICAL_IDENTITY_UNRESOLVED,121d74456ed53429d1b02060d5ad72db4174b9b563fbe7730cad974acb3d5015,4f53cda18c2baa0c0354bb5f9a3ecbe5ed12ab4d8e11ba873c2f11161202b945,EDGEIQ_RACE_ENTRY_SUITABILITY_V2,EMPIRICAL_CONTEXT_DELTA_STRICTLY_PRIOR_V1_1,d9c15a8f18d3d61ff6d41f01593e674ce4256839f4e1b04892c1e906ee30a7bb
f435df1fd2ae8cfe00c631dc6a7c5c08de9a228af5f454cc64fa37f85668c2f9,RACE|2026-07-25|CAULFIELD|R8|2000M|2026-07-25T06:25:00+00:00,RCOM_HORSE_5266226,RCOM_HORSE_5266226,Station One,,IDENTITY_UNRESOLVED,,2026-07-25,CAULFIELD,2000,TURF,6,8,59.5,0,,0,,INSUFFICIENT_MATCHED_HISTORY,0,,INSUFFICIENT_MATCHED_HISTORY,0,,INSUFFICIENT_MATCHED_HISTORY,0,,INSUFFICIENT_MATCHED_HISTORY,0,,INSUFFICIENT_MATCHED_HISTORY,0,,INSUFFICIENT_MATCHED_HISTORY,0,,SUITABILITY_UNAVAILABLE,HISTORICAL_IDENTITY_UNRESOLVED,feba321f4f28e0b7ace917fd25eea304d138b67eed20e29b1dbc4954fb92aed2,4f53cda18c2baa0c0354bb5f9a3ecbe5ed12ab4d8e11ba873c2f11161202b945,EDGEIQ_RACE_ENTRY_SUITABILITY_V2,EMPIRICAL_CONTEXT_DELTA_STRICTLY_PRIOR_V1_1,a51151325bb02d1ba0fe7e0a85c6266d5c0ebeec467071170cca0b595e1c8022
eb94474888bd80f35fff6409185e9fca90b8179b859a825b60978e912e84fee4,RACE|2026-07-25|CAULFIELD|R8|2000M|2026-07-25T06:25:00+00:00,RCOM_HORSE_5266967,RCOM_HORSE_5266967,Belle Savoir,,IDENTITY_UNRESOLVED,,2026-07-25,CAULFIELD,2000,TURF,6,10,56,0,,0,,INSUFFICIENT_MATCHED_HISTORY,0,,INSUFFICIENT_MATCHED_HISTORY,0,,INSUFFICIENT_MATCHED_HISTORY,0,,INSUFFICIENT_MATCHED_HISTORY,0,,INSUFFICIENT_MATCHED_HISTORY,0,,INSUFFICIENT_MATCHED_HISTORY,0,,SUITABILITY_UNAVAILABLE,HISTORICAL_IDENTITY_UNRESOLVED,51f75ef186a9086b345bdf54a76651c4238d582c89694917532d9be3344dd1c0,4f53cda18c2baa0c0354bb5f9a3ecbe5ed12ab4d8e11ba873c2f11161202b945,EDGEIQ_RACE_ENTRY_SUITABILITY_V2,EMPIRICAL_CONTEXT_DELTA_STRICTLY_PRIOR_V1_1,a1b72dd1eaf198efebd81aedb1f86268d2fc86834d2b4cecf294e947223c3c67
4e9d34bd583d00f04da1485a003d6eb7d6ab1ea482f734dd00d16e3c51625ae9,RACE|2026-07-25|CAULFIELD|R8|2000M|2026-07-25T06:25:00+00:00,RCOM_HORSE_5289137,RCOM_HORSE_5289137,Test The Law,,IDENTITY_UNRESOLVED,,2026-07-25,CAULFIELD,2000,TURF,6,14,58,0,,0,,INSUFFICIENT_MATCHED_HISTORY,0,,INSUFFICIENT_MATCHED_HISTORY,0,,INSUFFICIENT_MATCHED_HISTORY,0,,INSUFFICIENT_MATCHED_HISTORY,0,,INSUFFICIENT_MATCHED_HISTORY,0,,INSUFFICIENT_MATCHED_HISTORY,0,,SUITABILITY_UNAVAILABLE,HISTORICAL_IDENTITY_UNRESOLVED,8ef83e3b118a2a1cef6b5e1767b7b292d5e9c59b6fff572173e22146e93b917d,4f53cda18c2baa0c0354bb5f9a3ecbe5ed12ab4d8e11ba873c2f11161202b945,EDGEIQ_RACE_ENTRY_SUITABILITY_V2,EMPIRICAL_CONTEXT_DELTA_STRICTLY_PRIOR_V1_1,0cf552bf218a455ee176382f4bd8db9469db7089b1b66891b40046ee308cfc67
03d2558c8b3a668fdd5de6152b09079b7db9576562bc6b06382078c0a421c69f,RACE|2026-07-25|CAULFIELD|R8|2000M|2026-07-25T06:25:00+00:00,RCOM_HORSE_5309649,RCOM_HORSE_5309649,Crimson Vine,,IDENTITY_UNRESOLVED,,2026-07-25,CAULFIELD,2000,TURF,6,6,57.5,0,,0,,INSUFFICIENT_MATCHED_HISTORY,0,,INSUFFICIENT_MATCHED_HISTORY,0,,INSUFFICIENT_MATCHED_HISTORY,0,,INSUFFICIENT_MATCHED_HISTORY,0,,INSUFFICIENT_MATCHED_HISTORY,0,,INSUFFICIENT_MATCHED_HISTORY,0,,SUITABILITY_UNAVAILABLE,HISTORICAL_IDENTITY_UNRESOLVED,ac9b8962dc4ee4645af050a6561757897098a97687fedafccef0c1b0ce854036,4f53cda18c2baa0c0354bb5f9a3ecbe5ed12ab4d8e11ba873c2f11161202b945,EDGEIQ_RACE_ENTRY_SUITABILITY_V2,EMPIRICAL_CONTEXT_DELTA_STRICTLY_PRIOR_V1_1,1f88377e6e6898c02d2118b75c6ba45ab1d175fa0ed3cada551963aa324fc618
c699ea56f8304f5fed3dda27c25df00ade7971e9193e8cc72b34e9abdeae44b9,RACE|2026-07-25|CAULFIELD|R8|2000M|2026-07-25T06:25:00+00:00,RCOM_HORSE_5309932,RCOM_HORSE_5309932,Makdane,,IDENTITY_UNRESOLVED,,2026-07-25,CAULFIELD,2000,TURF,6,13,60,0,,0,,INSUFFICIENT_MATCHED_HISTORY,0,,INSUFFICIENT_MATCHED_HISTORY,0,,INSUFFICIENT_MATCHED_HISTORY,0,,INSUFFICIENT_MATCHED_HISTORY,0,,INSUFFICIENT_MATCHED_HISTORY,0,,INSUFFICIENT_MATCHED_HISTORY,0,,SUITABILITY_UNAVAILABLE,HISTORICAL_IDENTITY_UNRESOLVED,74d8c1f5fdb6cdc4b197869cb7ae94ec97ae7e657df3b818b1b3e4eec0c23c23,4f53cda18c2baa0c0354bb5f9a3ecbe5ed12ab4d8e11ba873c2f11161202b945,EDGEIQ_RACE_ENTRY_SUITABILITY_V2,EMPIRICAL_CONTEXT_DELTA_STRICTLY_PRIOR_V1_1,7b83c995414ae8fbc18d688ea9f3ed10120250640c34586e772314d9728f9d05
10b0f7e1338cf7e176c66814a0e89b2908c6e008b92fc7ddd25eca4b29140269,RACE|2026-07-25|CAULFIELD|R8|2000M|2026-07-25T06:25:00+00:00,RCOM_HORSE_5311674,RCOM_HORSE_5311674,Beach Pad,,IDENTITY_UNRESOLVED,,2026-07-25,CAULFIELD,2000,TURF,6,7,56.5,0,,0,,INSUFFICIENT_MATCHED_HISTORY,0,,INSUFFICIENT_MATCHED_HISTORY,0,,INSUFFICIENT_MATCHED_HISTORY,0,,INSUFFICIENT_MATCHED_HISTORY,0,,INSUFFICIENT_MATCHED_HISTORY,0,,INSUFFICIENT_MATCHED_HISTORY,0,,SUITABILITY_UNAVAILABLE,HISTORICAL_IDENTITY_UNRESOLVED,30e9d3f99fed041b80b490be70ab71f7851abc33374f524bf6b6a1332ed02861,4f53cda18c2baa0c0354bb5f9a3ecbe5ed12ab4d8e11ba873c2f11161202b945,EDGEIQ_RACE_ENTRY_SUITABILITY_V2,EMPIRICAL_CONTEXT_DELTA_STRICTLY_PRIOR_V1_1,209024c0b4e4a50a4deefbfc6610bf6676a22252977c77be0fadc3d732882372
4f846528975771fd722e8966d954b5cee9e0a592398bc8cf9cf1b8f0770764ed,RACE|2026-07-25|CAULFIELD|R8|2000M|2026-07-25T06:25:00+00:00,RCOM_HORSE_5313865,RCOM_HORSE_5313865,Diwali,,IDENTITY_UNRESOLVED,,2026-07-25,CAULFIELD,2000,TURF,6,1,60,0,,0,,INSUFFICIENT_MATCHED_HISTORY,0,,INSUFFICIENT_MATCHED_HISTORY,0,,INSUFFICIENT_MATCHED_HISTORY,0,,INSUFFICIENT_MATCHED_HISTORY,0,,INSUFFICIENT_MATCHED_HISTORY,0,,INSUFFICIENT_MATCHED_HISTORY,0,,SUITABILITY_UNAVAILABLE,HISTORICAL_IDENTITY_UNRESOLVED,9100d68c0f6a9b09d936c0cfef5eaaaae3bf8dab69c5e2e8d0a0ca42939b55f6,4f53cda18c2baa0c0354bb5f9a3ecbe5ed12ab4d8e11ba873c2f11161202b945,EDGEIQ_RACE_ENTRY_SUITABILITY_V2,EMPIRICAL_CONTEXT_DELTA_STRICTLY_PRIOR_V1_1,bf51b0bfca1e0c402b4ed874355f3907e8625cc4ed1d504a35eb8e8a5210c4b8
652e1fab22b79ed59a99bf09ccdb9790d3177c701afd277ebca745f385cbd4bd,RACE|2026-07-25|CAULFIELD|R8|2000M|2026-07-25T06:25:00+00:00,RCOM_HORSE_5338777,RCOM_HORSE_5338777,Oraqua,,IDENTITY_UNRESOLVED,,2026-07-25,CAULFIELD,2000,TURF,6,11,53.5,0,,0,,INSUFFICIENT_MATCHED_HISTORY,0,,INSUFFICIENT_MATCHED_HISTORY,0,,INSUFFICIENT_MATCHED_HISTORY,0,,INSUFFICIENT_MATCHED_HISTORY,0,,INSUFFICIENT_MATCHED_HISTORY,0,,INSUFFICIENT_MATCHED_HISTORY,0,,SUITABILITY_UNAVAILABLE,HISTORICAL_IDENTITY_UNRESOLVED,37732996895bf208c7d774141fce9317593002e141de8d97e9948f5cd584913e,4f53cda18c2baa0c0354bb5f9a3ecbe5ed12ab4d8e11ba873c2f11161202b945,EDGEIQ_RACE_ENTRY_SUITABILITY_V2,EMPIRICAL_CONTEXT_DELTA_STRICTLY_PRIOR_V1_1,bcfc99175f7f56c05cf275ef063395eacbacbc6a008510986ce2cd02f11363e8
fca73dbb2c0c0f5976d31607aa0d4f299246036641a40a659f3e5b3beafd1999,RACE|2026-07-25|CAULFIELD|R8|2000M|2026-07-25T06:25:00+00:00,RCOM_HORSE_5342388,RCOM_HORSE_5342388,Leonchroi,,IDENTITY_UNRESOLVED,,2026-07-25,CAULFIELD,2000,TURF,6,5,53.5,0,,0,,INSUFFICIENT_MATCHED_HISTORY,0,,INSUFFICIENT_MATCHED_HISTORY,0,,INSUFFICIENT_MATCHED_HISTORY,0,,INSUFFICIENT_MATCHED_HISTORY,0,,INSUFFICIENT_MATCHED_HISTORY,0,,INSUFFICIENT_MATCHED_HISTORY,0,,SUITABILITY_UNAVAILABLE,HISTORICAL_IDENTITY_UNRESOLVED,fdf045a2ec398fc43b1eeac36d3e1dd897341e587f4ffbbcc779464d3fad2026,4f53cda18c2baa0c0354bb5f9a3ecbe5ed12ab4d8e11ba873c2f11161202b945,EDGEIQ_RACE_ENTRY_SUITABILITY_V2,EMPIRICAL_CONTEXT_DELTA_STRICTLY_PRIOR_V1_1,aadc7dd58d56b5e6d69e40e3e8eee7789b14aff43af0660949ee6162bbc1f3db
3dd2cf16250ce7646c59095742dd89ad3cab62c087b4d814922a8c293d2c3287,RACE|2026-07-25|CAULFIELD|R8|2000M|2026-07-25T06:25:00+00:00,RCOM_HORSE_5348150,RCOM_HORSE_5348150,Aftermath,,IDENTITY_UNRESOLVED,,2026-07-25,CAULFIELD,2000,TURF,6,12,59,0,,0,,INSUFFICIENT_MATCHED_HISTORY,0,,INSUFFICIENT_MATCHED_HISTORY,0,,INSUFFICIENT_MATCHED_HISTORY,0,,INSUFFICIENT_MATCHED_HISTORY,0,,INSUFFICIENT_MATCHED_HISTORY,0,,INSUFFICIENT_MATCHED_HISTORY,0,,SUITABILITY_UNAVAILABLE,HISTORICAL_IDENTITY_UNRESOLVED,54fe158b7aa6a00dcb8dd45794126dae4022a02aefbfc965eaf0718dcccf8af6,4f53cda18c2baa0c0354bb5f9a3ecbe5ed12ab4d8e11ba873c2f11161202b945,EDGEIQ_RACE_ENTRY_SUITABILITY_V2,EMPIRICAL_CONTEXT_DELTA_STRICTLY_PRIOR_V1_1,7c1fbd957fd0ad224c1ed247aca2759eaf757577cf6fcda0bc86a9e0557538b0
e2773631768bbf494717bb90307b600fb9d3858967561c598f65ffba74998096,RACE|2026-07-25|CAULFIELD|R8|2000M|2026-07-25T06:25:00+00:00,RCOM_HORSE_5350812,RCOM_HORSE_5350812,Savour The Dream,,IDENTITY_UNRESOLVED,,2026-07-25,CAULFIELD,2000,TURF,6,9,58,0,,0,,INSUFFICIENT_MATCHED_HISTORY,0,,INSUFFICIENT_MATCHED_HISTORY,0,,INSUFFICIENT_MATCHED_HISTORY,0,,INSUFFICIENT_MATCHED_HISTORY,0,,INSUFFICIENT_MATCHED_HISTORY,0,,INSUFFICIENT_MATCHED_HISTORY,0,,SUITABILITY_UNAVAILABLE,HISTORICAL_IDENTITY_UNRESOLVED,e36a2182d7bb26298d4f7af85561786fe4037193a0bc059fa64a341786ac6809,4f53cda18c2baa0c0354bb5f9a3ecbe5ed12ab4d8e11ba873c2f11161202b945,EDGEIQ_RACE_ENTRY_SUITABILITY_V2,EMPIRICAL_CONTEXT_DELTA_STRICTLY_PRIOR_V1_1,447dcec8cde6dd087ccdf96619d52141a991418b14d1ba468f76dadd47b98c91
4eb8b118aff8abf8ab23deea1d5b6d17a39d08ece5c95664a55e122a6ee2e92f,RACE|2026-07-25|CAULFIELD|R8|2000M|2026-07-25T06:25:00+00:00,RCOM_HORSE_5356122,RCOM_HORSE_5356122,Amleto,,IDENTITY_UNRESOLVED,,2026-07-25,CAULFIELD,2000,TURF,6,15,56,0,,0,,INSUFFICIENT_MATCHED_HISTORY,0,,INSUFFICIENT_MATCHED_HISTORY,0,,INSUFFICIENT_MATCHED_HISTORY,0,,INSUFFICIENT_MATCHED_HISTORY,0,,INSUFFICIENT_MATCHED_HISTORY,0,,INSUFFICIENT_MATCHED_HISTORY,0,,SUITABILITY_UNAVAILABLE,HISTORICAL_IDENTITY_UNRESOLVED,a9d94888ea9b14eaf3b1e1fa8a5474efc61c79877380ce60e0ac8cc49f210b20,4f53cda18c2baa0c0354bb5f9a3ecbe5ed12ab4d8e11ba873c2f11161202b945,EDGEIQ_RACE_ENTRY_SUITABILITY_V2,EMPIRICAL_CONTEXT_DELTA_STRICTLY_PRIOR_V1_1,f3d433dd8b645db578c2e0ac52263d415321f9c32d713177a009da44e9cfa2ea
7f9f7b527dafd9f7506126c940b5e996a6937b1fd6b53d17af95509b439bf842,RACE|2026-07-25|CAULFIELD|R8|2000M|2026-07-25T06:25:00+00:00,RCOM_HORSE_5357149,RCOM_HORSE_5357149,Stop The Rock,,IDENTITY_UNRESOLVED,,2026-07-25,CAULFIELD,2000,TURF,6,4,59,0,,0,,INSUFFICIENT_MATCHED_HISTORY,0,,INSUFFICIENT_MATCHED_HISTORY,0,,INSUFFICIENT_MATCHED_HISTORY,0,,INSUFFICIENT_MATCHED_HISTORY,0,,INSUFFICIENT_MATCHED_HISTORY,0,,INSUFFICIENT_MATCHED_HISTORY,0,,SUITABILITY_UNAVAILABLE,HISTORICAL_IDENTITY_UNRESOLVED,d63880fdd6cd7daf9a264737af451d9fc81c8b18a6a1527ece4eb46508642a32,4f53cda18c2baa0c0354bb5f9a3ecbe5ed12ab4d8e11ba873c2f11161202b945,EDGEIQ_RACE_ENTRY_SUITABILITY_V2,EMPIRICAL_CONTEXT_DELTA_STRICTLY_PRIOR_V1_1,2224a2b3af935ef48774156a21e381e00db2cfd9c7483907056bfee66c697003
0ff8eab8c6f07f9ac4509316dc4d95eb63b9efadd13cfd1ad0e302acb1d29015,RACE|2026-07-25|CAULFIELD|R8|2000M|2026-07-25T06:25:00+00:00,RCOM_HORSE_5370452,RCOM_HORSE_5370452,Prince Eric,,IDENTITY_UNRESOLVED,,2026-07-25,CAULFIELD,2000,TURF,6,3,60,0,,0,,INSUFFICIENT_MATCHED_HISTORY,0,,INSUFFICIENT_MATCHED_HISTORY,0,,INSUFFICIENT_MATCHED_HISTORY,0,,INSUFFICIENT_MATCHED_HISTORY,0,,INSUFFICIENT_MATCHED_HISTORY,0,,INSUFFICIENT_MATCHED_HISTORY,0,,SUITABILITY_UNAVAILABLE,HISTORICAL_IDENTITY_UNRESOLVED,5f246f11b4b8d7eb5067f9cea06155547632b60bc25557fdf9402a8345666f20,4f53cda18c2baa0c0354bb5f9a3ecbe5ed12ab4d8e11ba873c2f11161202b945,EDGEIQ_RACE_ENTRY_SUITABILITY_V2,EMPIRICAL_CONTEXT_DELTA_STRICTLY_PRIOR_V1_1,8eb4ffe348474f05957aee897943441ad5bb2741215413106cef618e6d232d3c
f5547f052a0a3c56b8a79405ec71d425c41040d19a035b688d5df7a35360c173,RACE|2026-07-25|CAULFIELD|R8|2000M|2026-07-25T06:25:00+00:00,RCOM_HORSE_5392900,RCOM_HORSE_5392900,Aeolian,,IDENTITY_UNRESOLVED,,2026-07-25,CAULFIELD,2000,TURF,6,2,53,0,,0,,INSUFFICIENT_MATCHED_HISTORY,0,,INSUFFICIENT_MATCHED_HISTORY,0,,INSUFFICIENT_MATCHED_HISTORY,0,,INSUFFICIENT_MATCHED_HISTORY,0,,INSUFFICIENT_MATCHED_HISTORY,0,,INSUFFICIENT_MATCHED_HISTORY,0,,SUITABILITY_UNAVAILABLE,HISTORICAL_IDENTITY_UNRESOLVED,1e0e9f426fc0b45a6654159c44e1891e1288ba1bdbef5f99f7bc8dcb2ba5e35c,4f53cda18c2baa0c0354bb5f9a3ecbe5ed12ab4d8e11ba873c2f11161202b945,EDGEIQ_RACE_ENTRY_SUITABILITY_V2,EMPIRICAL_CONTEXT_DELTA_STRICTLY_PRIOR_V1_1,0af16d32b30141456be6175912910f8af7b839f4564514fe811527db0ccfbaac
632465d464bd049b3221b0d0c6c635f000f9897b6a00219d3b73626c90c01408,RACE|2026-07-25|CAULFIELD|R9|1400M|2026-07-25T06:55:00+00:00,RCOM_HORSE_5341015,RCOM_HORSE_5341015,Hotei Senshi,,IDENTITY_UNRESOLVED,,2026-07-25,CAULFIELD,1400,TURF,6,8,53,0,,0,,INSUFFICIENT_MATCHED_HISTORY,0,,INSUFFICIENT_MATCHED_HISTORY,0,,INSUFFICIENT_MATCHED_HISTORY,0,,INSUFFICIENT_MATCHED_HISTORY,0,,INSUFFICIENT_MATCHED_HISTORY,0,,INSUFFICIENT_MATCHED_HISTORY,0,,SUITABILITY_UNAVAILABLE,HISTORICAL_IDENTITY_UNRESOLVED,633e743eb1fce7087be4beab6d6f36336fa16b9b0042c39ee5f18618a410f27a,4f53cda18c2baa0c0354bb5f9a3ecbe5ed12ab4d8e11ba873c2f11161202b945,EDGEIQ_RACE_ENTRY_SUITABILITY_V2,EMPIRICAL_CONTEXT_DELTA_STRICTLY_PRIOR_V1_1,e7e3c7b290b48f5e269bfc4852dac910f002ae12503e657949cd699184449796
bf360eed10e480a1f55e8cf96d061346e25785b2d77269400fe8c63426605692,RACE|2026-07-25|CAULFIELD|R9|1400M|2026-07-25T06:55:00+00:00,RCOM_HORSE_5341386,RCOM_HORSE_5341386,Falset Star,,IDENTITY_UNRESOLVED,,2026-07-25,CAULFIELD,1400,TURF,6,15,53,0,,0,,INSUFFICIENT_MATCHED_HISTORY,0,,INSUFFICIENT_MATCHED_HISTORY,0,,INSUFFICIENT_MATCHED_HISTORY,0,,INSUFFICIENT_MATCHED_HISTORY,0,,INSUFFICIENT_MATCHED_HISTORY,0,,INSUFFICIENT_MATCHED_HISTORY,0,,SUITABILITY_UNAVAILABLE,HISTORICAL_IDENTITY_UNRESOLVED,f20d047b72c24ae4a83216f44756e3065374692f1e991a54d88d1f34de35b7a4,4f53cda18c2baa0c0354bb5f9a3ecbe5ed12ab4d8e11ba873c2f11161202b945,EDGEIQ_RACE_ENTRY_SUITABILITY_V2,EMPIRICAL_CONTEXT_DELTA_STRICTLY_PRIOR_V1_1,84506c6d54bb04764fb398cdee4e46f484c7b44d5449d47a3ab1f67ff191d8ba
c3918a382ed8bf67a8fbce06c52e9c47e7a6376b8d7bfda84a6768e05594aa77,RACE|2026-07-25|CAULFIELD|R9|1400M|2026-07-25T06:55:00+00:00,RCOM_HORSE_5342833,RCOM_HORSE_5342833,Barking Mad,,IDENTITY_UNRESOLVED,,2026-07-25,CAULFIELD,1400,TURF,6,9,55,0,,0,,INSUFFICIENT_MATCHED_HISTORY,0,,INSUFFICIENT_MATCHED_HISTORY,0,,INSUFFICIENT_MATCHED_HISTORY,0,,INSUFFICIENT_MATCHED_HISTORY,0,,INSUFFICIENT_MATCHED_HISTORY,0,,INSUFFICIENT_MATCHED_HISTORY,0,,SUITABILITY_UNAVAILABLE,HISTORICAL_IDENTITY_UNRESOLVED,3101d8c525c9dd86fe8ace89dc8d09f187766793af96bca987599d68af072dfb,4f53cda18c2baa0c0354bb5f9a3ecbe5ed12ab4d8e11ba873c2f11161202b945,EDGEIQ_RACE_ENTRY_SUITABILITY_V2,EMPIRICAL_CONTEXT_DELTA_STRICTLY_PRIOR_V1_1,f081f1df8a4d8d656aa9222cb04ac444803f7df5a1ab9db30cfb1e0fc242488b
aca016aeb28fbb249f83155e7ca5b0a35d80f409d0fbddb086541b6ad6948bfe,RACE|2026-07-25|CAULFIELD|R9|1400M|2026-07-25T06:55:00+00:00,RCOM_HORSE_5344269,RCOM_HORSE_5344269,Jenni Gone Bonkers,,IDENTITY_UNRESOLVED,,2026-07-25,CAULFIELD,1400,TURF,6,4,56,0,,0,,INSUFFICIENT_MATCHED_HISTORY,0,,INSUFFICIENT_MATCHED_HISTORY,0,,INSUFFICIENT_MATCHED_HISTORY,0,,INSUFFICIENT_MATCHED_HISTORY,0,,INSUFFICIENT_MATCHED_HISTORY,0,,INSUFFICIENT_MATCHED_HISTORY,0,,SUITABILITY_UNAVAILABLE,HISTORICAL_IDENTITY_UNRESOLVED,c89302d916848bfaaed455c417696a18482a9e84fb838e88c287d60cea413373,4f53cda18c2baa0c0354bb5f9a3ecbe5ed12ab4d8e11ba873c2f11161202b945,EDGEIQ_RACE_ENTRY_SUITABILITY_V2,EMPIRICAL_CONTEXT_DELTA_STRICTLY_PRIOR_V1_1,1571dfe09e648daba004517bc91efa8741a2a1ae9b071b8aad33e61595f2a64e
780af28d88741e0ce4fb982f01c0bc8741c65c821912220610ba57b666494c77,RACE|2026-07-25|CAULFIELD|R9|1400M|2026-07-25T06:55:00+00:00,RCOM_HORSE_5346423,RCOM_HORSE_5346423,Just Too Fly,,IDENTITY_UNRESOLVED,,2026-07-25,CAULFIELD,1400,TURF,6,7,60,0,,0,,INSUFFICIENT_MATCHED_HISTORY,0,,INSUFFICIENT_MATCHED_HISTORY,0,,INSUFFICIENT_MATCHED_HISTORY,0,,INSUFFICIENT_MATCHED_HISTORY,0,,INSUFFICIENT_MATCHED_HISTORY,0,,INSUFFICIENT_MATCHED_HISTORY,0,,SUITABILITY_UNAVAILABLE,HISTORICAL_IDENTITY_UNRESOLVED,e24b0de598795543ffb9c9b47abf106dab0c32c2a5378f3c53afac0d69cdf6f1,4f53cda18c2baa0c0354bb5f9a3ecbe5ed12ab4d8e11ba873c2f11161202b945,EDGEIQ_RACE_ENTRY_SUITABILITY_V2,EMPIRICAL_CONTEXT_DELTA_STRICTLY_PRIOR_V1_1,6a005afe5d81e5301628fbcf346f7fedb5b62fbd37b090986a1eaf005dc128ba
a5a4a3e74b062e19743498590098e41d1bc91885b3d4bfcfe49448f13c878b32,RACE|2026-07-25|CAULFIELD|R9|1400M|2026-07-25T06:55:00+00:00,RCOM_HORSE_5348523,RCOM_HORSE_5348523,Ludlum,,IDENTITY_UNRESOLVED,,2026-07-25,CAULFIELD,1400,TURF,6,3,54.5,0,,0,,INSUFFICIENT_MATCHED_HISTORY,0,,INSUFFICIENT_MATCHED_HISTORY,0,,INSUFFICIENT_MATCHED_HISTORY,0,,INSUFFICIENT_MATCHED_HISTORY,0,,INSUFFICIENT_MATCHED_HISTORY,0,,INSUFFICIENT_MATCHED_HISTORY,0,,SUITABILITY_UNAVAILABLE,HISTORICAL_IDENTITY_UNRESOLVED,0d151d47204ab4b62e60ef7d3bbb0974f1ed23988749cb9d8ab8588bb18ac9b6,4f53cda18c2baa0c0354bb5f9a3ecbe5ed12ab4d8e11ba873c2f11161202b945,EDGEIQ_RACE_ENTRY_SUITABILITY_V2,EMPIRICAL_CONTEXT_DELTA_STRICTLY_PRIOR_V1_1,742178a759658fc4157d8c28eb3cc18a90513338a0abc501f29daa766f8a414b
b50189698f7f1deb30621eb5ae3ab6356ea7cd0a76da928d11b4679e4859ccd1,RACE|2026-07-25|CAULFIELD|R9|1400M|2026-07-25T06:55:00+00:00,RCOM_HORSE_5348554,RCOM_HORSE_5348554,Itazura,,IDENTITY_UNRESOLVED,,2026-07-25,CAULFIELD,1400,TURF,6,12,56,0,,0,,INSUFFICIENT_MATCHED_HISTORY,0,,INSUFFICIENT_MATCHED_HISTORY,0,,INSUFFICIENT_MATCHED_HISTORY,0,,INSUFFICIENT_MATCHED_HISTORY,0,,INSUFFICIENT_MATCHED_HISTORY,0,,INSUFFICIENT_MATCHED_HISTORY,0,,SUITABILITY_NOT_APPLICABLE_ENTRY_INACTIVE,SCRATCHED_ENTRY,95be7c121d6d3b5815542314d0df351b74b397592b7afb76de2646b3367acb68,4f53cda18c2baa0c0354bb5f9a3ecbe5ed12ab4d8e11ba873c2f11161202b945,EDGEIQ_RACE_ENTRY_SUITABILITY_V2,EMPIRICAL_CONTEXT_DELTA_STRICTLY_PRIOR_V1_1,03b62e6b8a615880a95a9aa618e8088ffef9c19ab1775e7c10c874b093c57d23
1ee3af57089182fc634720b3f175a4e6dec068c71451346607bf8ffe6fcc6946,RACE|2026-07-25|CAULFIELD|R9|1400M|2026-07-25T06:55:00+00:00,RCOM_HORSE_5348797,RCOM_HORSE_5348797,Centu Cavaddi,,IDENTITY_UNRESOLVED,,2026-07-25,CAULFIELD,1400,TURF,6,13,54.5,0,,0,,INSUFFICIENT_MATCHED_HISTORY,0,,INSUFFICIENT_MATCHED_HISTORY,0,,INSUFFICIENT_MATCHED_HISTORY,0,,INSUFFICIENT_MATCHED_HISTORY,0,,INSUFFICIENT_MATCHED_HISTORY,0,,INSUFFICIENT_MATCHED_HISTORY,0,,SUITABILITY_UNAVAILABLE,HISTORICAL_IDENTITY_UNRESOLVED,22795d6b385d7afd6a2e3830759b184973f9b9d95bfc343ecf9936012ac4d4ea,4f53cda18c2baa0c0354bb5f9a3ecbe5ed12ab4d8e11ba873c2f11161202b945,EDGEIQ_RACE_ENTRY_SUITABILITY_V2,EMPIRICAL_CONTEXT_DELTA_STRICTLY_PRIOR_V1_1,18d5f365b00c0afbf167a1c486c64bdc6849d518e6a0f4c9e572ed5dcb5f2a8d
c72cce201a66c26fee1d5c43448a36b48afaee4cd432ea283af5d377b85159ba,RACE|2026-07-25|CAULFIELD|R9|1400M|2026-07-25T06:55:00+00:00,RCOM_HORSE_5349193,RCOM_HORSE_5349193,Lauberhorn,,IDENTITY_UNRESOLVED,,2026-07-25,CAULFIELD,1400,TURF,6,11,55,0,,0,,INSUFFICIENT_MATCHED_HISTORY,0,,INSUFFICIENT_MATCHED_HISTORY,0,,INSUFFICIENT_MATCHED_HISTORY,0,,INSUFFICIENT_MATCHED_HISTORY,0,,INSUFFICIENT_MATCHED_HISTORY,0,,INSUFFICIENT_MATCHED_HISTORY,0,,SUITABILITY_UNAVAILABLE,HISTORICAL_IDENTITY_UNRESOLVED,c86d7324f70dab60936573870d7f119c7b75ed06fafc8c91513d75b79df6adb7,4f53cda18c2baa0c0354bb5f9a3ecbe5ed12ab4d8e11ba873c2f11161202b945,EDGEIQ_RACE_ENTRY_SUITABILITY_V2,EMPIRICAL_CONTEXT_DELTA_STRICTLY_PRIOR_V1_1,5ee4af444c82fc803095b7dea3607f72aa9d5e266ae18197a78d9846f7f68676
d605c9ba051256db2c4299551eb00d38228d562171d87e81581459456621333a,RACE|2026-07-25|CAULFIELD|R9|1400M|2026-07-25T06:55:00+00:00,RCOM_HORSE_5350092,RCOM_HORSE_5350092,Blankfield,,IDENTITY_UNRESOLVED,,2026-07-25,CAULFIELD,1400,TURF,6,14,54.5,0,,0,,INSUFFICIENT_MATCHED_HISTORY,0,,INSUFFICIENT_MATCHED_HISTORY,0,,INSUFFICIENT_MATCHED_HISTORY,0,,INSUFFICIENT_MATCHED_HISTORY,0,,INSUFFICIENT_MATCHED_HISTORY,0,,INSUFFICIENT_MATCHED_HISTORY,0,,SUITABILITY_UNAVAILABLE,HISTORICAL_IDENTITY_UNRESOLVED,9416a4fd4ba621d0d151b7fee7d99c7e716813b56cd699f827e4fb19b005d42a,4f53cda18c2baa0c0354bb5f9a3ecbe5ed12ab4d8e11ba873c2f11161202b945,EDGEIQ_RACE_ENTRY_SUITABILITY_V2,EMPIRICAL_CONTEXT_DELTA_STRICTLY_PRIOR_V1_1,43aac9e66ad67bbe144cb7bf80cdee1105eaca629f11bf28c38a510114ea0eba
402d2f6aafc13b91ba986f75573fd7fab62c7912c1f0d7c2174064bfee5be6b6,RACE|2026-07-25|CAULFIELD|R9|1400M|2026-07-25T06:55:00+00:00,RCOM_HORSE_5351215,RCOM_HORSE_5351215,Celtics,,IDENTITY_UNRESOLVED,,2026-07-25,CAULFIELD,1400,TURF,6,2,55.5,0,,0,,INSUFFICIENT_MATCHED_HISTORY,0,,INSUFFICIENT_MATCHED_HISTORY,0,,INSUFFICIENT_MATCHED_HISTORY,0,,INSUFFICIENT_MATCHED_HISTORY,0,,INSUFFICIENT_MATCHED_HISTORY,0,,INSUFFICIENT_MATCHED_HISTORY,0,,SUITABILITY_UNAVAILABLE,HISTORICAL_IDENTITY_UNRESOLVED,c3687b9610c071f83266440309c48f54286efdc8d750f4a464cd8836ee6750cf,4f53cda18c2baa0c0354bb5f9a3ecbe5ed12ab4d8e11ba873c2f11161202b945,EDGEIQ_RACE_ENTRY_SUITABILITY_V2,EMPIRICAL_CONTEXT_DELTA_STRICTLY_PRIOR_V1_1,04859b684c28920d9d1ab41bd642526fbe5e0e49bd9d5659a39001ab8fdf3c3d
e81ed312b6187e17b64526e212e0e4a318e7105960e99a54fd6062652dc68260,RACE|2026-07-25|CAULFIELD|R9|1400M|2026-07-25T06:55:00+00:00,RCOM_HORSE_5353008,RCOM_HORSE_5353008,Shares,,IDENTITY_UNRESOLVED,,2026-07-25,CAULFIELD,1400,TURF,6,5,54,0,,0,,INSUFFICIENT_MATCHED_HISTORY,0,,INSUFFICIENT_MATCHED_HISTORY,0,,INSUFFICIENT_MATCHED_HISTORY,0,,INSUFFICIENT_MATCHED_HISTORY,0,,INSUFFICIENT_MATCHED_HISTORY,0,,INSUFFICIENT_MATCHED_HISTORY,0,,SUITABILITY_UNAVAILABLE,HISTORICAL_IDENTITY_UNRESOLVED,7c2187a2f64d9366126927fa649bc82cf234ca19735d7ed4729ea0f0bd0ea9f2,4f53cda18c2baa0c0354bb5f9a3ecbe5ed12ab4d8e11ba873c2f11161202b945,EDGEIQ_RACE_ENTRY_SUITABILITY_V2,EMPIRICAL_CONTEXT_DELTA_STRICTLY_PRIOR_V1_1,3ac5fbf3ed972b16e0d5b029d8daa8d3ff106d968bb74f6aa7a042841ed37c6f
d939e159166a4208cdcc27467275c2e151aa20129c11a8a44239d0d968f22fd2,RACE|2026-07-25|CAULFIELD|R9|1400M|2026-07-25T06:55:00+00:00,RCOM_HORSE_5358101,RCOM_HORSE_5358101,Magnetic Chess,,IDENTITY_UNRESOLVED,,2026-07-25,CAULFIELD,1400,TURF,6,10,54,0,,0,,INSUFFICIENT_MATCHED_HISTORY,0,,INSUFFICIENT_MATCHED_HISTORY,0,,INSUFFICIENT_MATCHED_HISTORY,0,,INSUFFICIENT_MATCHED_HISTORY,0,,INSUFFICIENT_MATCHED_HISTORY,0,,INSUFFICIENT_MATCHED_HISTORY,0,,SUITABILITY_UNAVAILABLE,HISTORICAL_IDENTITY_UNRESOLVED,3b0a5f8c9039cb6e8010ef15e3df6c994676fc7d0e6fbb2dd53a7b94c4dcbfce,4f53cda18c2baa0c0354bb5f9a3ecbe5ed12ab4d8e11ba873c2f11161202b945,EDGEIQ_RACE_ENTRY_SUITABILITY_V2,EMPIRICAL_CONTEXT_DELTA_STRICTLY_PRIOR_V1_1,572cc86f04b0edac1b7c5729697ab40ae0c748310fd4645dbb01da71df881ebf
84a8c3a144b97e04b2b59b68b8c23f1c99eed58ecfd8c36936224def6016ba04,RACE|2026-07-25|CAULFIELD|R9|1400M|2026-07-25T06:55:00+00:00,RCOM_HORSE_5376607,RCOM_HORSE_5376607,Cruiserweight,,IDENTITY_UNRESOLVED,,2026-07-25,CAULFIELD,1400,TURF,6,6,58.5,0,,0,,INSUFFICIENT_MATCHED_HISTORY,0,,INSUFFICIENT_MATCHED_HISTORY,0,,INSUFFICIENT_MATCHED_HISTORY,0,,INSUFFICIENT_MATCHED_HISTORY,0,,INSUFFICIENT_MATCHED_HISTORY,0,,INSUFFICIENT_MATCHED_HISTORY,0,,SUITABILITY_UNAVAILABLE,HISTORICAL_IDENTITY_UNRESOLVED,06e21b5e4c77320805dd91b40ef784ba14e994ab9820aec79f412a6d01cf800b,4f53cda18c2baa0c0354bb5f9a3ecbe5ed12ab4d8e11ba873c2f11161202b945,EDGEIQ_RACE_ENTRY_SUITABILITY_V2,EMPIRICAL_CONTEXT_DELTA_STRICTLY_PRIOR_V1_1,c35cf4746d911639203986adc4a378b3b107f00b50d002d6d8f61dd33157b89f
b30d36cffd9f8f131474fe5ae8ae935ca476543dd864794f0a9bdbb163be23aa,RACE|2026-07-25|CAULFIELD|R9|1400M|2026-07-25T06:55:00+00:00,RCOM_HORSE_5378192,RCOM_HORSE_5378192,Mahershala,,IDENTITY_UNRESOLVED,,2026-07-25,CAULFIELD,1400,TURF,6,1,55.5,0,,0,,INSUFFICIENT_MATCHED_HISTORY,0,,INSUFFICIENT_MATCHED_HISTORY,0,,INSUFFICIENT_MATCHED_HISTORY,0,,INSUFFICIENT_MATCHED_HISTORY,0,,INSUFFICIENT_MATCHED_HISTORY,0,,INSUFFICIENT_MATCHED_HISTORY,0,,SUITABILITY_UNAVAILABLE,HISTORICAL_IDENTITY_UNRESOLVED,f69f45848c800d81b7dcd29958a8c1767fa887e20ed18da876d79b141b9f61cf,4f53cda18c2baa0c0354bb5f9a3ecbe5ed12ab4d8e11ba873c2f11161202b945,EDGEIQ_RACE_ENTRY_SUITABILITY_V2,EMPIRICAL_CONTEXT_DELTA_STRICTLY_PRIOR_V1_1,1e93b70309198975f08e30970aa20559f08bee3b9266d7d4c3dc457812ad9d10
