race_entry_horse_rating_snapshot_id,canonical_race_id,canonical_runner_id,canonical_horse_id,canonical_horse_name,race_date,selected_horse_performance_rating_id,selected_rating_as_of_date,selected_horse_performance_rating_value,rating_age_days,eligible_prior_rating_count,first_eligible_rating_date,latest_eligible_rating_date,lowest_eligible_rating_value,highest_eligible_rating_value,average_eligible_rating_value,horse_performance_rating_method,horse_performance_rating_model_version,race_entry_horse_rating_snapshot_status,race_entry_horse_rating_snapshot_reason_code,source_race_entry_evidence_sha256,source_selected_rating_evidence_sha256,source_eligible_rating_ids_sha256,snapshot_builder_version,snapshot_method_version,race_entry_horse_rating_snapshot_evidence_sha256
618a2c320f6b14dadfd469f3ea6c50ffdc63e9850958ea0c57bab09d120f96d5,RACE|2026-07-24|ECHUCA|R1|2100M|2026-07-24T02:35:00+00:00,RCOM_HORSE_5325978,RCOM_HORSE_5325978,All The Moves,2026-07-24,,,,,0,,,,,,,,ENTRY_INACTIVE,SCRATCHED_OR_WITHDRAWN,f811e8cbf674ca6eb706cf42738f223ed9c72b0f4d5cc375836ec60028f420d7,,4f53cda18c2baa0c0354bb5f9a3ecbe5ed12ab4d8e11ba873c2f11161202b945,EDGEIQ_RACE_ENTRY_HORSE_RATING_SNAPSHOT_V2,STRICTLY_PRIOR_LATEST_GOVERNED_HORSE_RATING_V1,b9418eb60397930e60eae1c58ae0540dd3b6e2650d0d5bfef816b430f3e37105
e762367e78f25d175479ab341f186181044c6f45861fae4185a52f95e7f15d69,RACE|2026-07-24|ECHUCA|R1|2100M|2026-07-24T02:35:00+00:00,RCOM_HORSE_5344877,RCOM_HORSE_5344877,Gentoo,2026-07-24,,,,,0,,,,,,,,ENTRY_INACTIVE,SCRATCHED_OR_WITHDRAWN,a6e2bd1c43f8278fe2da491cedf85b16ba63d8c1ee2c1833173609ba5d29182b,,4f53cda18c2baa0c0354bb5f9a3ecbe5ed12ab4d8e11ba873c2f11161202b945,EDGEIQ_RACE_ENTRY_HORSE_RATING_SNAPSHOT_V2,STRICTLY_PRIOR_LATEST_GOVERNED_HORSE_RATING_V1,eaf506d1a4512595472b2de9abd7edb0b47d4a98428271542424f47ba7465a65
bb7a258224deb743989486e5021b3303871f6434aadab6fcaa53e8501d1d6f32,RACE|2026-07-24|ECHUCA|R1|2100M|2026-07-24T02:35:00+00:00,RCOM_HORSE_5347308,RCOM_HORSE_5347308,Gaelic Kiwi,2026-07-24,,,,,0,,,,,,,,SNAPSHOT_UNAVAILABLE,NO_GOVERNED_HISTORICAL_RATING,60ed0ac480e98b5d5a65a246bd87441b0b017b358ee42d256666aaaa470b9a42,,4f53cda18c2baa0c0354bb5f9a3ecbe5ed12ab4d8e11ba873c2f11161202b945,EDGEIQ_RACE_ENTRY_HORSE_RATING_SNAPSHOT_V2,STRICTLY_PRIOR_LATEST_GOVERNED_HORSE_RATING_V1,ab2d5f6346e20a2c7b8aba0cd140c29da2f259b3777cc727f376b864c2b5fdd5
81a56216a93403b54d8d98e7b9684ea406690922fba15ef608a908bacf61b74e,RACE|2026-07-24|ECHUCA|R1|2100M|2026-07-24T02:35:00+00:00,RCOM_HORSE_5347643,RCOM_HORSE_5347643,King Of Savoy,2026-07-24,,,,,0,,,,,,,,SNAPSHOT_UNAVAILABLE,NO_GOVERNED_HISTORICAL_RATING,1ba6358913c00ddfca56e118861bae47bc2aa5c68405efe72b1676815321905f,,4f53cda18c2baa0c0354bb5f9a3ecbe5ed12ab4d8e11ba873c2f11161202b945,EDGEIQ_RACE_ENTRY_HORSE_RATING_SNAPSHOT_V2,STRICTLY_PRIOR_LATEST_GOVERNED_HORSE_RATING_V1,1612f09c4e0e284c94d55736e05a13c345efa83b4b4e1192c7bedc23bd25a1f4
f342339a67d910b2ee707ff3effcae4fa7e2f067ddad3db9608e70a64bf4dcb0,RACE|2026-07-24|ECHUCA|R1|2100M|2026-07-24T02:35:00+00:00,RCOM_HORSE_5350266,RCOM_HORSE_5350266,Ate Iron,2026-07-24,,,,,0,,,,,,,,SNAPSHOT_UNAVAILABLE,NO_GOVERNED_HISTORICAL_RATING,3ddafcba67351488fac8c9aa842d71e7bc34283eaf25f76c7d0d8ba2f34f71e2,,4f53cda18c2baa0c0354bb5f9a3ecbe5ed12ab4d8e11ba873c2f11161202b945,EDGEIQ_RACE_ENTRY_HORSE_RATING_SNAPSHOT_V2,STRICTLY_PRIOR_LATEST_GOVERNED_HORSE_RATING_V1,767135690a875edca3f46ed2ab08c76589b9ed10bff7771ccff73d46e268cff3
44c487e0e69600fe47688089b221f6a418ed8fdad036c81b86ab1f309b03887f,RACE|2026-07-24|ECHUCA|R1|2100M|2026-07-24T02:35:00+00:00,RCOM_HORSE_5350367,RCOM_HORSE_5350367,Camegitchee,2026-07-24,,,,,0,,,,,,,,SNAPSHOT_UNAVAILABLE,NO_GOVERNED_HISTORICAL_RATING,99277ecb9945b7fce273688120f6387ff9d8f8d58e0247dadc5abf47649bebf7,,4f53cda18c2baa0c0354bb5f9a3ecbe5ed12ab4d8e11ba873c2f11161202b945,EDGEIQ_RACE_ENTRY_HORSE_RATING_SNAPSHOT_V2,STRICTLY_PRIOR_LATEST_GOVERNED_HORSE_RATING_V1,f4f0f70eb2916f7709a6285ca5ad59baf6901bc47d892a040bc9817726ad58c6
e89e3c87a99f3fe323738c911546ddb86b9d76c3e5790cd46666639bfcf0a9b6,RACE|2026-07-24|ECHUCA|R1|2100M|2026-07-24T02:35:00+00:00,RCOM_HORSE_5350396,RCOM_HORSE_5350396,Lyttelton,2026-07-24,,,,,0,,,,,,,,SNAPSHOT_UNAVAILABLE,NO_GOVERNED_HISTORICAL_RATING,0bdbbe80ba7392b894d0cc44579bfdf00798009d96a48c279a630c2c57a9a9ee,,4f53cda18c2baa0c0354bb5f9a3ecbe5ed12ab4d8e11ba873c2f11161202b945,EDGEIQ_RACE_ENTRY_HORSE_RATING_SNAPSHOT_V2,STRICTLY_PRIOR_LATEST_GOVERNED_HORSE_RATING_V1,8c2842762dc5d58ac7f89e8e60a55a709e614ae42ff33eafc86d4b23d592afc4
b360c60d7f55110547ea8ac44a648e92e9a3c5807d989fc4ff978ff57f46f554,RACE|2026-07-24|ECHUCA|R1|2100M|2026-07-24T02:35:00+00:00,RCOM_HORSE_5354147,RCOM_HORSE_5354147,Knights Emperor,2026-07-24,,,,,0,,,,,,,,SNAPSHOT_UNAVAILABLE,NO_GOVERNED_HISTORICAL_RATING,6b06c372df3f677e821758de553172a2a0027a7f9d80f3b91ca3df6ccc458580,,4f53cda18c2baa0c0354bb5f9a3ecbe5ed12ab4d8e11ba873c2f11161202b945,EDGEIQ_RACE_ENTRY_HORSE_RATING_SNAPSHOT_V2,STRICTLY_PRIOR_LATEST_GOVERNED_HORSE_RATING_V1,0561b52f2805626db6f7032ae305b36f378195ab8370db6453949cf529a02ca6
56977406697cdb77b593314814610c351358dfda64c9b3c56844822736718263,RACE|2026-07-24|ECHUCA|R2|1000M|2026-07-24T03:10:00+00:00,RCOM_HORSE_5362688,RCOM_HORSE_5362688,Divine Nurture,2026-07-24,,,,,0,,,,,,,,SNAPSHOT_UNAVAILABLE,NO_GOVERNED_HISTORICAL_RATING,be7b3996008b232ffdd8293bcf971e1273e59a57e8245fa6e92f9acd31aaf88b,,4f53cda18c2baa0c0354bb5f9a3ecbe5ed12ab4d8e11ba873c2f11161202b945,EDGEIQ_RACE_ENTRY_HORSE_RATING_SNAPSHOT_V2,STRICTLY_PRIOR_LATEST_GOVERNED_HORSE_RATING_V1,ee79b798073feb23e5ba94e777de08dd1d6087d51e96d824fdbbd392c33b3e97
48edcad8784f9e20d121a13ed5f10723a1757952a8618b62b686c8432e644c7a,RACE|2026-07-24|ECHUCA|R2|1000M|2026-07-24T03:10:00+00:00,RCOM_HORSE_5364057,RCOM_HORSE_5364057,Dirty Harry,2026-07-24,,,,,0,,,,,,,,SNAPSHOT_UNAVAILABLE,NO_GOVERNED_HISTORICAL_RATING,b39b352f047d043a38bd5a3e62c6c7f836c310de6e11e9ca396951d37a2f960d,,4f53cda18c2baa0c0354bb5f9a3ecbe5ed12ab4d8e11ba873c2f11161202b945,EDGEIQ_RACE_ENTRY_HORSE_RATING_SNAPSHOT_V2,STRICTLY_PRIOR_LATEST_GOVERNED_HORSE_RATING_V1,38e111129e398329f2b022cd8d051b9dca103ad20bb061a1e807ea590568a4b4
d48603f1fbc2109a8ecdde3898c50bf16ad406b0017805c6d9a8787011de854e,RACE|2026-07-24|ECHUCA|R2|1000M|2026-07-24T03:10:00+00:00,RCOM_HORSE_5365022,RCOM_HORSE_5365022,Good Feel,2026-07-24,,,,,0,,,,,,,,SNAPSHOT_UNAVAILABLE,NO_GOVERNED_HISTORICAL_RATING,336235df5eec9fd80384841d69f7ccf1a6a88441c8fa1d4ee493b98a1f50b475,,4f53cda18c2baa0c0354bb5f9a3ecbe5ed12ab4d8e11ba873c2f11161202b945,EDGEIQ_RACE_ENTRY_HORSE_RATING_SNAPSHOT_V2,STRICTLY_PRIOR_LATEST_GOVERNED_HORSE_RATING_V1,b90f282c5ca3a0e377af9c9d5d7e2f7ba5b6e87764793b89e434b03dada885c4
1661870fba4234fdc36fc3a04c6edafeec958f05d8f073c1ff988447e2997df8,RACE|2026-07-24|ECHUCA|R2|1000M|2026-07-24T03:10:00+00:00,RCOM_HORSE_5366181,RCOM_HORSE_5366181,Epponnee Rae,2026-07-24,,,,,0,,,,,,,,SNAPSHOT_UNAVAILABLE,NO_GOVERNED_HISTORICAL_RATING,2681b655414c824c35cd900f5069ea9dde5d68b451d364e9ad18d01ad591ae77,,4f53cda18c2baa0c0354bb5f9a3ecbe5ed12ab4d8e11ba873c2f11161202b945,EDGEIQ_RACE_ENTRY_HORSE_RATING_SNAPSHOT_V2,STRICTLY_PRIOR_LATEST_GOVERNED_HORSE_RATING_V1,30c69ad3f035d8c5f75f4a299418a261d994fc4ab8f86c56a17a635f14ab3cce
90d66bd84bec71c40289795dd0d2c042ffb18961ca3d4793fe3d7f6f257b6346,RACE|2026-07-24|ECHUCA|R2|1000M|2026-07-24T03:10:00+00:00,RCOM_HORSE_5367059,RCOM_HORSE_5367059,Royalty Rules,2026-07-24,,,,,0,,,,,,,,SNAPSHOT_UNAVAILABLE,NO_GOVERNED_HISTORICAL_RATING,347ef3e7b8da00c35b44641c9a8a46ffbb25667ec84cd02c66ddb21df8c721d4,,4f53cda18c2baa0c0354bb5f9a3ecbe5ed12ab4d8e11ba873c2f11161202b945,EDGEIQ_RACE_ENTRY_HORSE_RATING_SNAPSHOT_V2,STRICTLY_PRIOR_LATEST_GOVERNED_HORSE_RATING_V1,58ac253ae4d50bc324639b71492897ef3ccd1001f2b3c98d484c3fdeb42bce50
5dd6c72c0a1c9c3b25b78bfe4143d0e2bbd1e9344d7b29356fb8a3cf2747a587,RACE|2026-07-24|ECHUCA|R2|1000M|2026-07-24T03:10:00+00:00,RCOM_HORSE_5367549,RCOM_HORSE_5367549,Brazen Madonna,2026-07-24,,,,,0,,,,,,,,SNAPSHOT_UNAVAILABLE,NO_GOVERNED_HISTORICAL_RATING,8b86f765753c461cf10f513aa31e726a0b4cf397e67131a96a869f5605b6dcb0,,4f53cda18c2baa0c0354bb5f9a3ecbe5ed12ab4d8e11ba873c2f11161202b945,EDGEIQ_RACE_ENTRY_HORSE_RATING_SNAPSHOT_V2,STRICTLY_PRIOR_LATEST_GOVERNED_HORSE_RATING_V1,14d9e1ae2a582bff3d5f48ee85de8cab11cc8a5d5447c03e6a0c9338a525c45b
5ffe07bba450e840fce1d2ae69aaef5526cdb843c0a7efdfd54e7dca563fa8a8,RACE|2026-07-24|ECHUCA|R2|1000M|2026-07-24T03:10:00+00:00,RCOM_HORSE_5368329,RCOM_HORSE_5368329,Inside Word,2026-07-24,,,,,0,,,,,,,,SNAPSHOT_UNAVAILABLE,NO_GOVERNED_HISTORICAL_RATING,2e7b84266311cf4a981a9c08511bd3f6e2f3dba761925136817244b59c55fe41,,4f53cda18c2baa0c0354bb5f9a3ecbe5ed12ab4d8e11ba873c2f11161202b945,EDGEIQ_RACE_ENTRY_HORSE_RATING_SNAPSHOT_V2,STRICTLY_PRIOR_LATEST_GOVERNED_HORSE_RATING_V1,65de6e55a169e775d8ff70690e47480363377ee0b3425991ef94771ed1ba1dd0
70e857fe072fa87e3136d76ec2a92c0e7c9ae2a7e1d9dd49f3f7e1f0ad85e996,RACE|2026-07-24|ECHUCA|R2|1000M|2026-07-24T03:10:00+00:00,RCOM_HORSE_5371382,RCOM_HORSE_5371382,Imperial Valley,2026-07-24,,,,,0,,,,,,,,SNAPSHOT_UNAVAILABLE,NO_GOVERNED_HISTORICAL_RATING,b1313f8b6a52da095fd06b4f6cdb111af9eeaf37ccce9cc93a073ee7fa345e1c,,4f53cda18c2baa0c0354bb5f9a3ecbe5ed12ab4d8e11ba873c2f11161202b945,EDGEIQ_RACE_ENTRY_HORSE_RATING_SNAPSHOT_V2,STRICTLY_PRIOR_LATEST_GOVERNED_HORSE_RATING_V1,a581e788ade29684772e6f8790b9ac53a6bdfa0c78353784218217ad98f371c6
d0be83d75899b6a8ac9c27bcc59e98e9a986add9931d054438edace74eef31be,RACE|2026-07-24|ECHUCA|R2|1000M|2026-07-24T03:10:00+00:00,RCOM_HORSE_5371664,RCOM_HORSE_5371664,Somers Green,2026-07-24,,,,,0,,,,,,,,SNAPSHOT_UNAVAILABLE,NO_GOVERNED_HISTORICAL_RATING,dfed1b0d932cc94c2e6a5a3b4fcf153ec30d09ad32a1b4713d807cf95fd1f59d,,4f53cda18c2baa0c0354bb5f9a3ecbe5ed12ab4d8e11ba873c2f11161202b945,EDGEIQ_RACE_ENTRY_HORSE_RATING_SNAPSHOT_V2,STRICTLY_PRIOR_LATEST_GOVERNED_HORSE_RATING_V1,303773a5d01b34b7a8341f6a245a007b8f080f17e5963ada45d8fbb23ddfb48b
e84fcd1f0d88bdfa7d1346854a959b9e0218001a49846858ac80dc625201b33b,RACE|2026-07-24|ECHUCA|R2|1000M|2026-07-24T03:10:00+00:00,RCOM_HORSE_5372271,RCOM_HORSE_5372271,Myhro's Ruler,2026-07-24,,,,,0,,,,,,,,SNAPSHOT_UNAVAILABLE,NO_GOVERNED_HISTORICAL_RATING,7d6192eb081e41c7a3d58fe8358f5b3ed70b0f613f87ef733a997e8692e99a89,,4f53cda18c2baa0c0354bb5f9a3ecbe5ed12ab4d8e11ba873c2f11161202b945,EDGEIQ_RACE_ENTRY_HORSE_RATING_SNAPSHOT_V2,STRICTLY_PRIOR_LATEST_GOVERNED_HORSE_RATING_V1,de7fef197861c89cfc86c8ab8bd472b3de158830684ff9419ba0c27fe18472f4
b72102d0664eb2b028a61187ef754358409bc62c931a3cccc895257003ba2e49,RACE|2026-07-24|ECHUCA|R3|1600M|2026-07-24T03:45:00+00:00,RCOM_HORSE_5329743,RCOM_HORSE_5329743,Harry Caviar,2026-07-24,,,,,0,,,,,,,,SNAPSHOT_UNAVAILABLE,NO_GOVERNED_HISTORICAL_RATING,d0e28ba4835de5c4637a0004ee61192cf125cec03fc785e6108b4169364e08cc,,4f53cda18c2baa0c0354bb5f9a3ecbe5ed12ab4d8e11ba873c2f11161202b945,EDGEIQ_RACE_ENTRY_HORSE_RATING_SNAPSHOT_V2,STRICTLY_PRIOR_LATEST_GOVERNED_HORSE_RATING_V1,88eaeb34b8a422b5e1bf9fce4742c1179152a47730b94c687d2917fa48b190b3
8e796d8784e34baa4187f5da5052d265f4d0e11a93c735fbc2dca0de92ec764f,RACE|2026-07-24|ECHUCA|R3|1600M|2026-07-24T03:45:00+00:00,RCOM_HORSE_5341984,RCOM_HORSE_5341984,Embodiment,2026-07-24,,,,,0,,,,,,,,SNAPSHOT_UNAVAILABLE,NO_GOVERNED_HISTORICAL_RATING,0e4b77d8b3d4d5bcc5ce8f70e9f115e797103317d0541999aeec245a5394eea7,,4f53cda18c2baa0c0354bb5f9a3ecbe5ed12ab4d8e11ba873c2f11161202b945,EDGEIQ_RACE_ENTRY_HORSE_RATING_SNAPSHOT_V2,STRICTLY_PRIOR_LATEST_GOVERNED_HORSE_RATING_V1,26b2fc3a1b745da6f830696303b716ad41d6582be3a01d2ea9a756aca8d29dde
acfbecf2d6a1404a2f275d696b9fb3cc11930d19720935a9915aaf46f35e24cd,RACE|2026-07-24|ECHUCA|R3|1600M|2026-07-24T03:45:00+00:00,RCOM_HORSE_5346997,RCOM_HORSE_5346997,Churchill Lane,2026-07-24,,,,,0,,,,,,,,SNAPSHOT_UNAVAILABLE,NO_GOVERNED_HISTORICAL_RATING,9a76548d05cebec5587ec268cf4c68d3277dc4626118f2c219307d1560744df4,,4f53cda18c2baa0c0354bb5f9a3ecbe5ed12ab4d8e11ba873c2f11161202b945,EDGEIQ_RACE_ENTRY_HORSE_RATING_SNAPSHOT_V2,STRICTLY_PRIOR_LATEST_GOVERNED_HORSE_RATING_V1,2ba0ff8e6606272951ffd635b2744cf6026bf8207d7524553b67124e0ef1f49b
6dc46daed1b47464e5e4f377fb474dc2213d5b1b17c26bb553b2efe26c81622c,RACE|2026-07-24|ECHUCA|R3|1600M|2026-07-24T03:45:00+00:00,RCOM_HORSE_5348942,RCOM_HORSE_5348942,Misil Beauty,2026-07-24,,,,,0,,,,,,,,SNAPSHOT_UNAVAILABLE,NO_GOVERNED_HISTORICAL_RATING,8b94d6c3caae4b96b72f901eeb3eef8e28de4c27e46a69cb577e261aa703f645,,4f53cda18c2baa0c0354bb5f9a3ecbe5ed12ab4d8e11ba873c2f11161202b945,EDGEIQ_RACE_ENTRY_HORSE_RATING_SNAPSHOT_V2,STRICTLY_PRIOR_LATEST_GOVERNED_HORSE_RATING_V1,9636a0f7b25d7bf7ff8a13448508ca077d8cd0dd264da7b9666d68d53fb5ff22
edb59e58d2fc7cd736836e4ed44de39b6d95273fb41ee0d7fca63170fb68bbab,RACE|2026-07-24|ECHUCA|R3|1600M|2026-07-24T03:45:00+00:00,RCOM_HORSE_5349329,RCOM_HORSE_5349329,New Prospect,2026-07-24,,,,,0,,,,,,,,SNAPSHOT_UNAVAILABLE,NO_GOVERNED_HISTORICAL_RATING,c290e06ebb6decacf1146f9197ddbe87d476417acc8befb4262a4560b7712a45,,4f53cda18c2baa0c0354bb5f9a3ecbe5ed12ab4d8e11ba873c2f11161202b945,EDGEIQ_RACE_ENTRY_HORSE_RATING_SNAPSHOT_V2,STRICTLY_PRIOR_LATEST_GOVERNED_HORSE_RATING_V1,b87bd005673459dfbc62a50e7b0291e5ea17f6707ecb6ae0767a8894b4bef924
f6b9507a25f1b8a8557f36cc322c1bd777ad5f4ce01c25dce159c4af5c472cdc,RACE|2026-07-24|ECHUCA|R3|1600M|2026-07-24T03:45:00+00:00,RCOM_HORSE_5349444,RCOM_HORSE_5349444,Unoyaself,2026-07-24,,,,,0,,,,,,,,ENTRY_INACTIVE,SCRATCHED_OR_WITHDRAWN,bd3e0dec230e281b45d9e9c1724290d67c647e0c7c585a0319062be68941fb30,,4f53cda18c2baa0c0354bb5f9a3ecbe5ed12ab4d8e11ba873c2f11161202b945,EDGEIQ_RACE_ENTRY_HORSE_RATING_SNAPSHOT_V2,STRICTLY_PRIOR_LATEST_GOVERNED_HORSE_RATING_V1,3d351b1df4890f71fab668ed43dc1ffc99e98bae20ff5ac4dbf3eaeee6ebccb6
f8cd6ea156d8e354f46c7a00202212904dda8e3e7f0f455a74fc6fae9e1b7d29,RACE|2026-07-24|ECHUCA|R3|1600M|2026-07-24T03:45:00+00:00,RCOM_HORSE_5350119,RCOM_HORSE_5350119,Colour Circle,2026-07-24,,,,,0,,,,,,,,SNAPSHOT_UNAVAILABLE,NO_GOVERNED_HISTORICAL_RATING,3552594d546d9dc4fb8c56dae979af677640f944cc98f6c10c6d118971dd7ab4,,4f53cda18c2baa0c0354bb5f9a3ecbe5ed12ab4d8e11ba873c2f11161202b945,EDGEIQ_RACE_ENTRY_HORSE_RATING_SNAPSHOT_V2,STRICTLY_PRIOR_LATEST_GOVERNED_HORSE_RATING_V1,468b20cc158333899f9103d652ebe40500ede76d2ecde63ac0c14cf9a9210e2d
29f9ec9bcc85166b2b327a97648d6f9f95e8543918501f83bf595c0776fa6689,RACE|2026-07-24|ECHUCA|R3|1600M|2026-07-24T03:45:00+00:00,RCOM_HORSE_5355786,RCOM_HORSE_5355786,Caitlin's Punch,2026-07-24,,,,,0,,,,,,,,SNAPSHOT_UNAVAILABLE,NO_GOVERNED_HISTORICAL_RATING,0eb94ccf7ad5b2ca3599d8a9f5a5dc4accf6cccf0455bce2e082c0c4a5851335,,4f53cda18c2baa0c0354bb5f9a3ecbe5ed12ab4d8e11ba873c2f11161202b945,EDGEIQ_RACE_ENTRY_HORSE_RATING_SNAPSHOT_V2,STRICTLY_PRIOR_LATEST_GOVERNED_HORSE_RATING_V1,119c51cbee958eac2323bad9416127814afb10d44919257aafff7e37b7ecbd47
88054debfaa2611a9ef59e21069b87a1de85a7b055d3aa362e966bdb306fee93,RACE|2026-07-24|ECHUCA|R3|1600M|2026-07-24T03:45:00+00:00,RCOM_HORSE_5372796,RCOM_HORSE_5372796,Master Fox,2026-07-24,,,,,0,,,,,,,,SNAPSHOT_UNAVAILABLE,NO_GOVERNED_HISTORICAL_RATING,ae8becc08f08b382b0234f6b016f85ad45fbb38f9f95b996e975cf957f0335dc,,4f53cda18c2baa0c0354bb5f9a3ecbe5ed12ab4d8e11ba873c2f11161202b945,EDGEIQ_RACE_ENTRY_HORSE_RATING_SNAPSHOT_V2,STRICTLY_PRIOR_LATEST_GOVERNED_HORSE_RATING_V1,fe59896afd9a88b0f51f65daf1b57a8f907e09036604c650955fb8a7d60c61df
f02b4caaada91995858a36dbd06b3f5a18767a465ee01b3d4d85b26c3c8eb2f6,RACE|2026-07-24|ECHUCA|R4|1400M|2026-07-24T04:20:00+00:00,RCOM_HORSE_5321255,RCOM_HORSE_5321255,Iberian Lynx,2026-07-24,,,,,0,,,,,,,,SNAPSHOT_UNAVAILABLE,NO_GOVERNED_HISTORICAL_RATING,6e9e4b4e81daad6a359265afa2d79c7952462ee75bcd56a75a4d155e241fdb18,,4f53cda18c2baa0c0354bb5f9a3ecbe5ed12ab4d8e11ba873c2f11161202b945,EDGEIQ_RACE_ENTRY_HORSE_RATING_SNAPSHOT_V2,STRICTLY_PRIOR_LATEST_GOVERNED_HORSE_RATING_V1,fbb8098f32abb82a9f3480c90c2d93e395d349d77bb837e8deea6208dc9fc46e
c7a433ac4161852f561979f7021ceee508f5c40d9c0b59d933ab4dc1e63c6d8e,RACE|2026-07-24|ECHUCA|R4|1400M|2026-07-24T04:20:00+00:00,RCOM_HORSE_5332810,RCOM_HORSE_5332810,Captain Sparrow,2026-07-24,,,,,0,,,,,,,,SNAPSHOT_UNAVAILABLE,NO_GOVERNED_HISTORICAL_RATING,9ba737643a1b4eacc148d150fd5b54fec4e12abae72bc2fef5f35be005e4e1d7,,4f53cda18c2baa0c0354bb5f9a3ecbe5ed12ab4d8e11ba873c2f11161202b945,EDGEIQ_RACE_ENTRY_HORSE_RATING_SNAPSHOT_V2,STRICTLY_PRIOR_LATEST_GOVERNED_HORSE_RATING_V1,0c13cee4a938c8605a247c7a5c77798a63cf487b4e6d057faa72fbf7eb33b2ac
c2566bf1423bfd3f8eb193cd5207173b5662d9de6c10ba93362b7bd8e6e800a4,RACE|2026-07-24|ECHUCA|R4|1400M|2026-07-24T04:20:00+00:00,RCOM_HORSE_5334905,RCOM_HORSE_5334905,You Said What,2026-07-24,,,,,0,,,,,,,,SNAPSHOT_UNAVAILABLE,NO_GOVERNED_HISTORICAL_RATING,46a7596490981867273b16f78be56f5187af4ea19c0f36822e9688d11da6d9f4,,4f53cda18c2baa0c0354bb5f9a3ecbe5ed12ab4d8e11ba873c2f11161202b945,EDGEIQ_RACE_ENTRY_HORSE_RATING_SNAPSHOT_V2,STRICTLY_PRIOR_LATEST_GOVERNED_HORSE_RATING_V1,8581b3399348bc1eecc0ed297e684472a5b39118aacf405101deca0648d96cfa
c9d85274d6b00215bdbc430f11bae5b320fc07efcd2f89ba57484b35caf00df4,RACE|2026-07-24|ECHUCA|R4|1400M|2026-07-24T04:20:00+00:00,RCOM_HORSE_5340534,RCOM_HORSE_5340534,King Kauffo,2026-07-24,,,,,0,,,,,,,,SNAPSHOT_UNAVAILABLE,NO_GOVERNED_HISTORICAL_RATING,877cb9d2f522b5477124753c2d937bd53c2a3b29571eaac8ffd1421b059c5fc5,,4f53cda18c2baa0c0354bb5f9a3ecbe5ed12ab4d8e11ba873c2f11161202b945,EDGEIQ_RACE_ENTRY_HORSE_RATING_SNAPSHOT_V2,STRICTLY_PRIOR_LATEST_GOVERNED_HORSE_RATING_V1,b34b9d4982e6534a58d818eb2bf991c9e54ba4ecada7db25821fee8bee3f2afd
663bda4cb66252e7c1c0df324284bcc85f273970aadf8c72018f6f1dce9254fb,RACE|2026-07-24|ECHUCA|R4|1400M|2026-07-24T04:20:00+00:00,RCOM_HORSE_5340890,RCOM_HORSE_5340890,I'lberidin'shotgun,2026-07-24,,,,,0,,,,,,,,SNAPSHOT_UNAVAILABLE,NO_GOVERNED_HISTORICAL_RATING,fc543b257d8966b140ad6a779bb1f2bf4e96f28ed1bcff149a530fb630fd1a0c,,4f53cda18c2baa0c0354bb5f9a3ecbe5ed12ab4d8e11ba873c2f11161202b945,EDGEIQ_RACE_ENTRY_HORSE_RATING_SNAPSHOT_V2,STRICTLY_PRIOR_LATEST_GOVERNED_HORSE_RATING_V1,9b92cb1a4ebeea033e9d8b81255d2fa952deb787bb600e99a04cd8fae22bc561
78ba3ecdcbd5f4f9eab52ad14b4c2c489762da94a2d1bb802dccac1862a8fd72,RACE|2026-07-24|ECHUCA|R4|1400M|2026-07-24T04:20:00+00:00,RCOM_HORSE_5343573,RCOM_HORSE_5343573,Lollie's Galore,2026-07-24,,,,,0,,,,,,,,SNAPSHOT_UNAVAILABLE,NO_GOVERNED_HISTORICAL_RATING,02ea6982e5c484c8d28ecddee84b6e1b3ab69ca785ee35489d16d9c917b1a15f,,4f53cda18c2baa0c0354bb5f9a3ecbe5ed12ab4d8e11ba873c2f11161202b945,EDGEIQ_RACE_ENTRY_HORSE_RATING_SNAPSHOT_V2,STRICTLY_PRIOR_LATEST_GOVERNED_HORSE_RATING_V1,302ff715a26d3ccb551084c22a6cffa623837def246af433e955fb78af2d610e
f9eb61b089786defed981d467a82f74d529f50bbe01ff60f53324d9f758411b1,RACE|2026-07-24|ECHUCA|R4|1400M|2026-07-24T04:20:00+00:00,RCOM_HORSE_5344413,RCOM_HORSE_5344413,True Beauty,2026-07-24,,,,,0,,,,,,,,SNAPSHOT_UNAVAILABLE,NO_GOVERNED_HISTORICAL_RATING,2a258e94799822686f13bf3b6bfa099f666def87c9863ba70811b6cb4e5f22dc,,4f53cda18c2baa0c0354bb5f9a3ecbe5ed12ab4d8e11ba873c2f11161202b945,EDGEIQ_RACE_ENTRY_HORSE_RATING_SNAPSHOT_V2,STRICTLY_PRIOR_LATEST_GOVERNED_HORSE_RATING_V1,7dde6703c01de9460f72ddd83385afa71146c1bc4b2106aa78bdc585f2164d57
4c07eea6d2a838814e2e690a935423f5a7596a982db208f0ce7029fb25ffe62b,RACE|2026-07-24|ECHUCA|R4|1400M|2026-07-24T04:20:00+00:00,RCOM_HORSE_5345652,RCOM_HORSE_5345652,Prestige Zerprise,2026-07-24,,,,,0,,,,,,,,SNAPSHOT_UNAVAILABLE,NO_GOVERNED_HISTORICAL_RATING,6ca9e658a1c0ef4957fc42b583e85230817870e75b34d89859fd741192c27114,,4f53cda18c2baa0c0354bb5f9a3ecbe5ed12ab4d8e11ba873c2f11161202b945,EDGEIQ_RACE_ENTRY_HORSE_RATING_SNAPSHOT_V2,STRICTLY_PRIOR_LATEST_GOVERNED_HORSE_RATING_V1,c4ceaf04be6af24e2c572dd9ef4d111d5076c1550232f7ffa9d7aae810b460ea
b241e976c3844fb310ec70a74e87ecda5ba99885f872a9d80f2747eadd1238c9,RACE|2026-07-24|ECHUCA|R4|1400M|2026-07-24T04:20:00+00:00,RCOM_HORSE_5347302,RCOM_HORSE_5347302,Aurora's Belt,2026-07-24,,,,,0,,,,,,,,SNAPSHOT_UNAVAILABLE,NO_GOVERNED_HISTORICAL_RATING,8279c8837c1b94e3df95f8472b8d6d4d2ef2e4baa5f4f5c1f97361e0ee87e929,,4f53cda18c2baa0c0354bb5f9a3ecbe5ed12ab4d8e11ba873c2f11161202b945,EDGEIQ_RACE_ENTRY_HORSE_RATING_SNAPSHOT_V2,STRICTLY_PRIOR_LATEST_GOVERNED_HORSE_RATING_V1,53d32819eacf5253233647254b09cc45e5c49e33ca67525730920320a3e372c6
9a4daccfbfc580425e39add85278d47a4fcf856127a34055b22d6accfa567630,RACE|2026-07-24|ECHUCA|R4|1400M|2026-07-24T04:20:00+00:00,RCOM_HORSE_5348430,RCOM_HORSE_5348430,Valda Warrior,2026-07-24,,,,,0,,,,,,,,SNAPSHOT_UNAVAILABLE,NO_GOVERNED_HISTORICAL_RATING,dc63211adf5274e3253144e5726b397bc4b7e56672197cd8e8899aef5d5d4bf5,,4f53cda18c2baa0c0354bb5f9a3ecbe5ed12ab4d8e11ba873c2f11161202b945,EDGEIQ_RACE_ENTRY_HORSE_RATING_SNAPSHOT_V2,STRICTLY_PRIOR_LATEST_GOVERNED_HORSE_RATING_V1,23d35e9ed72a00c2e30c3a1d843fb2c9e75f41e5a195f6d87b58b549c7f87b03
90f84f4b5d67c39d3e24028804a47bf74523e9d0d4d2b6bfcb00bdca12ef4191,RACE|2026-07-24|ECHUCA|R4|1400M|2026-07-24T04:20:00+00:00,RCOM_HORSE_5348516,RCOM_HORSE_5348516,Ernie,2026-07-24,,,,,0,,,,,,,,ENTRY_INACTIVE,SCRATCHED_OR_WITHDRAWN,0d197b481bd775c960af2d7e5bf6031782c2032db3aacedeb760067d0c9d5d0d,,4f53cda18c2baa0c0354bb5f9a3ecbe5ed12ab4d8e11ba873c2f11161202b945,EDGEIQ_RACE_ENTRY_HORSE_RATING_SNAPSHOT_V2,STRICTLY_PRIOR_LATEST_GOVERNED_HORSE_RATING_V1,385c29b9006c99d58c8e10ae8e4395648d5d777a584be50979a401b358e66396
2be96097cac811b23d27e3271a122e76522d54b23aad2b0c0e167801889b3c5a,RACE|2026-07-24|ECHUCA|R4|1400M|2026-07-24T04:20:00+00:00,RCOM_HORSE_5348718,RCOM_HORSE_5348718,Written Order,2026-07-24,,,,,0,,,,,,,,SNAPSHOT_UNAVAILABLE,NO_GOVERNED_HISTORICAL_RATING,7a566abb9cf36f365d23dbbac75aee8a2876f09bdf792a7e0065c128713ba778,,4f53cda18c2baa0c0354bb5f9a3ecbe5ed12ab4d8e11ba873c2f11161202b945,EDGEIQ_RACE_ENTRY_HORSE_RATING_SNAPSHOT_V2,STRICTLY_PRIOR_LATEST_GOVERNED_HORSE_RATING_V1,d7e4768796629cf953072336dddab1481c9184f52d4c86688dce1f6b6faa87c6
da9cea497079bc190dd03b939214123759ba8d2e8300b451ea2c88f4c6b2a58a,RACE|2026-07-24|ECHUCA|R4|1400M|2026-07-24T04:20:00+00:00,RCOM_HORSE_5354499,RCOM_HORSE_5354499,Boulderoo,2026-07-24,,,,,0,,,,,,,,SNAPSHOT_UNAVAILABLE,NO_GOVERNED_HISTORICAL_RATING,cd55aa502f10f487cb1827b2d151421ac2187194e0d48939cb029688b5145477,,4f53cda18c2baa0c0354bb5f9a3ecbe5ed12ab4d8e11ba873c2f11161202b945,EDGEIQ_RACE_ENTRY_HORSE_RATING_SNAPSHOT_V2,STRICTLY_PRIOR_LATEST_GOVERNED_HORSE_RATING_V1,bc46906f00b25531ac666bb3feb4480d975665d6e6392d7fc23de1c86b6c0b39
0f74cbd13008c20a25def20da45867217fe8683eca8bb4a3463a389ac78ccff2,RACE|2026-07-24|ECHUCA|R4|1400M|2026-07-24T04:20:00+00:00,RCOM_HORSE_5355405,RCOM_HORSE_5355405,Azulita,2026-07-24,,,,,0,,,,,,,,SNAPSHOT_UNAVAILABLE,NO_GOVERNED_HISTORICAL_RATING,4dd1fcec3976d7d042dd1a4a144bd08d8034ded3035eea13ca0828857e601560,,4f53cda18c2baa0c0354bb5f9a3ecbe5ed12ab4d8e11ba873c2f11161202b945,EDGEIQ_RACE_ENTRY_HORSE_RATING_SNAPSHOT_V2,STRICTLY_PRIOR_LATEST_GOVERNED_HORSE_RATING_V1,6b7484fdbca9cd6e7d5d7607b253ea77a608a1a9dff704f23a79d7ae3f0a5a3a
ea06a1821e99b66a5617a5831d73802320611f418a9f511fd175c5ab6811bd0d,RACE|2026-07-24|ECHUCA|R4|1400M|2026-07-24T04:20:00+00:00,RCOM_HORSE_5367642,RCOM_HORSE_5367642,Aurum Star,2026-07-24,,,,,0,,,,,,,,SNAPSHOT_UNAVAILABLE,NO_GOVERNED_HISTORICAL_RATING,b8088ceba5cc28e17ddb67b244e2cf19039f577750eaf22ec53c32a5d63a57bd,,4f53cda18c2baa0c0354bb5f9a3ecbe5ed12ab4d8e11ba873c2f11161202b945,EDGEIQ_RACE_ENTRY_HORSE_RATING_SNAPSHOT_V2,STRICTLY_PRIOR_LATEST_GOVERNED_HORSE_RATING_V1,9627cc5b564e09a3c32f8976d5c5cabd24809a5c5135f34b65c24829f4d8a578
f9b231bb3fe07b1eb5e08f97dccb07e94889302e40d160eac805a59ba06e4965,RACE|2026-07-24|ECHUCA|R4|1400M|2026-07-24T04:20:00+00:00,RCOM_HORSE_5379932,RCOM_HORSE_5379932,Vanvitelli,2026-07-24,,,,,0,,,,,,,,SNAPSHOT_UNAVAILABLE,NO_GOVERNED_HISTORICAL_RATING,50dfce73347285ad8fc3317419dd2f138901a2be601dc82f2c79122e75d5d8f2,,4f53cda18c2baa0c0354bb5f9a3ecbe5ed12ab4d8e11ba873c2f11161202b945,EDGEIQ_RACE_ENTRY_HORSE_RATING_SNAPSHOT_V2,STRICTLY_PRIOR_LATEST_GOVERNED_HORSE_RATING_V1,1b7c37137d1c0915b8da71ef53e3268d253f4c01b6fabf250dffaf147af7026e
2f4a160782b19fd0440c1d2182aace495f0996f26dce8d585db11ee3bb24fe35,RACE|2026-07-24|ECHUCA|R5|1400M|2026-07-24T04:55:00+00:00,RCOM_HORSE_5287216,RCOM_HORSE_5287216,Bow Ribbon,2026-07-24,,,,,0,,,,,,,,SNAPSHOT_UNAVAILABLE,NO_GOVERNED_HISTORICAL_RATING,5b8f0916289fccc55249d00b7e2f6f7c8df9007d37849495fb022cec5297645f,,4f53cda18c2baa0c0354bb5f9a3ecbe5ed12ab4d8e11ba873c2f11161202b945,EDGEIQ_RACE_ENTRY_HORSE_RATING_SNAPSHOT_V2,STRICTLY_PRIOR_LATEST_GOVERNED_HORSE_RATING_V1,e309c9be8c2b214d396be195352fec54b571b39c5ea267b0c26731e00727e75d
6cb8cc2aef3b6c25b05d490ed10c1d8470441a3c6d14d0190711578664c5a6ae,RACE|2026-07-24|ECHUCA|R5|1400M|2026-07-24T04:55:00+00:00,RCOM_HORSE_5290327,RCOM_HORSE_5290327,Everett,2026-07-24,,,,,0,,,,,,,,SNAPSHOT_UNAVAILABLE,NO_GOVERNED_HISTORICAL_RATING,1016bbeb9970c2628cb0ff6ecf203988a0ba411f520d9f7ee5ea22c8f70ac49e,,4f53cda18c2baa0c0354bb5f9a3ecbe5ed12ab4d8e11ba873c2f11161202b945,EDGEIQ_RACE_ENTRY_HORSE_RATING_SNAPSHOT_V2,STRICTLY_PRIOR_LATEST_GOVERNED_HORSE_RATING_V1,35d6359628eb70fd381ccd3cca3b5cc26f54ea2c06c23e82ca3af0e0a5e6361b
542df3dce58061c02e6f89a2f335450bb5c41b4ffebe8ebe82e6a11e6e377863,RACE|2026-07-24|ECHUCA|R5|1400M|2026-07-24T04:55:00+00:00,RCOM_HORSE_5311700,RCOM_HORSE_5311700,Boulder Jack,2026-07-24,,,,,0,,,,,,,,SNAPSHOT_UNAVAILABLE,NO_GOVERNED_HISTORICAL_RATING,2e9a92d7a4a7261f6333ce60d6aa74ff302604c1eba58bfe86e8ee9d455dbe1c,,4f53cda18c2baa0c0354bb5f9a3ecbe5ed12ab4d8e11ba873c2f11161202b945,EDGEIQ_RACE_ENTRY_HORSE_RATING_SNAPSHOT_V2,STRICTLY_PRIOR_LATEST_GOVERNED_HORSE_RATING_V1,cb1a7ff32e76357b6aab69598ccf7a101f0a1add8949b70d6bb123ad03fd09a9
1cf08924310dde91020230673e493c4dca5fef966620397a0e6ebee1528c0e6c,RACE|2026-07-24|ECHUCA|R5|1400M|2026-07-24T04:55:00+00:00,RCOM_HORSE_5313443,RCOM_HORSE_5313443,Amore Lunare,2026-07-24,,,,,0,,,,,,,,SNAPSHOT_UNAVAILABLE,NO_GOVERNED_HISTORICAL_RATING,3c2338e9d1d6a05c203aeba56ba23c54c356207da77d5498dc132d4b9cb9505b,,4f53cda18c2baa0c0354bb5f9a3ecbe5ed12ab4d8e11ba873c2f11161202b945,EDGEIQ_RACE_ENTRY_HORSE_RATING_SNAPSHOT_V2,STRICTLY_PRIOR_LATEST_GOVERNED_HORSE_RATING_V1,3d321e6bf56918c2424445396f971087b29fd2cd4dc50d877ffa358e795ec84c
325f59cf57bac59e4d55700604ad7f2a267a7d0667119143b0cc33874102c78e,RACE|2026-07-24|ECHUCA|R5|1400M|2026-07-24T04:55:00+00:00,RCOM_HORSE_5316452,RCOM_HORSE_5316452,Quello Dorato,2026-07-24,,,,,0,,,,,,,,SNAPSHOT_UNAVAILABLE,NO_GOVERNED_HISTORICAL_RATING,b5621a8713eb6d65781e26dcc3d1bde0ed01248497be4e17e12af97065c4cb27,,4f53cda18c2baa0c0354bb5f9a3ecbe5ed12ab4d8e11ba873c2f11161202b945,EDGEIQ_RACE_ENTRY_HORSE_RATING_SNAPSHOT_V2,STRICTLY_PRIOR_LATEST_GOVERNED_HORSE_RATING_V1,cd26bd23f8307b2fa7c536907bba30c5ce18aebde1da2b0cbb4a787ab40e64d2
46e1fd6a7c033d76b1606a501f782ba96b5a953b580f4ed610fe0bdd23d27d1a,RACE|2026-07-24|ECHUCA|R5|1400M|2026-07-24T04:55:00+00:00,RCOM_HORSE_5326507,RCOM_HORSE_5326507,Pharoah's Glory,2026-07-24,,,,,0,,,,,,,,SNAPSHOT_UNAVAILABLE,NO_GOVERNED_HISTORICAL_RATING,88b10623b8046e0c721c0012ab4831ebc25e6b1917ec23e68df4b5478eced963,,4f53cda18c2baa0c0354bb5f9a3ecbe5ed12ab4d8e11ba873c2f11161202b945,EDGEIQ_RACE_ENTRY_HORSE_RATING_SNAPSHOT_V2,STRICTLY_PRIOR_LATEST_GOVERNED_HORSE_RATING_V1,6aea75be31ab5c00b2e8fd9e5c992b40617b6ed9ff6659fa772cb5c0f261b113
6559da202e64d8468a1db290925fa60599cb485ed4b7a965fdfa71fc0079b2aa,RACE|2026-07-24|ECHUCA|R5|1400M|2026-07-24T04:55:00+00:00,RCOM_HORSE_5327241,RCOM_HORSE_5327241,Aloysius,2026-07-24,,,,,0,,,,,,,,SNAPSHOT_UNAVAILABLE,NO_GOVERNED_HISTORICAL_RATING,e610cea9e609ad722d00d877089137009f4fdc339eec160be0ac647c97e75d9b,,4f53cda18c2baa0c0354bb5f9a3ecbe5ed12ab4d8e11ba873c2f11161202b945,EDGEIQ_RACE_ENTRY_HORSE_RATING_SNAPSHOT_V2,STRICTLY_PRIOR_LATEST_GOVERNED_HORSE_RATING_V1,7d515bf56c9e4f68d254a25c74a94e5ec8b913c14d21fad5fdf6ca71dce61197
dd96d07aa91d3f874dd876ce37ab351ada29378dd9c527542d94c1a9d990b078,RACE|2026-07-24|ECHUCA|R5|1400M|2026-07-24T04:55:00+00:00,RCOM_HORSE_5329050,RCOM_HORSE_5329050,Captain Barbossa,2026-07-24,,,,,0,,,,,,,,ENTRY_INACTIVE,SCRATCHED_OR_WITHDRAWN,4827397ee09fcadf16bb0566ed6700b0568ce80fc1ef85b2c8f7fe06c92d9a87,,4f53cda18c2baa0c0354bb5f9a3ecbe5ed12ab4d8e11ba873c2f11161202b945,EDGEIQ_RACE_ENTRY_HORSE_RATING_SNAPSHOT_V2,STRICTLY_PRIOR_LATEST_GOVERNED_HORSE_RATING_V1,0d00afbafc50f90e0a23be9355157c4c78135d20aaf3f334c8a342db88f409d5
99b77f586897be050934964669775631b32b24a9a4572f7acc44d50b13ab6c6a,RACE|2026-07-24|ECHUCA|R5|1400M|2026-07-24T04:55:00+00:00,RCOM_HORSE_5330581,RCOM_HORSE_5330581,Square Deal,2026-07-24,,,,,0,,,,,,,,SNAPSHOT_UNAVAILABLE,NO_GOVERNED_HISTORICAL_RATING,6063664664f79f041a9da863cb79f3eabd83fdf4a7d6f4dd4b189e23b0bb7a73,,4f53cda18c2baa0c0354bb5f9a3ecbe5ed12ab4d8e11ba873c2f11161202b945,EDGEIQ_RACE_ENTRY_HORSE_RATING_SNAPSHOT_V2,STRICTLY_PRIOR_LATEST_GOVERNED_HORSE_RATING_V1,1a42677d63cc86960e4fd3b0e0f8c6ea4f9971f4872c642cf5cd839c83be3e02
5c7a418295af68d572cbef788d8422f2d4276a34374a93dfdb91e03acc3fbfa5,RACE|2026-07-24|ECHUCA|R5|1400M|2026-07-24T04:55:00+00:00,RCOM_HORSE_5331354,RCOM_HORSE_5331354,Aka Daka,2026-07-24,,,,,0,,,,,,,,SNAPSHOT_UNAVAILABLE,NO_GOVERNED_HISTORICAL_RATING,ba5b6204642234013244abe289121cb8fe54e6218249c21fadf0351a9c96b2bf,,4f53cda18c2baa0c0354bb5f9a3ecbe5ed12ab4d8e11ba873c2f11161202b945,EDGEIQ_RACE_ENTRY_HORSE_RATING_SNAPSHOT_V2,STRICTLY_PRIOR_LATEST_GOVERNED_HORSE_RATING_V1,9e6b6643b2c0002651fce43b69a688af3804b1578e0da71fe7746934aa975185
3b19a62c611ba99f3377d1f43b8817941ec592360e547fbd0aed3ce6f7875a8a,RACE|2026-07-24|ECHUCA|R5|1400M|2026-07-24T04:55:00+00:00,RCOM_HORSE_5333769,RCOM_HORSE_5333769,Forrest Gump,2026-07-24,,,,,0,,,,,,,,SNAPSHOT_UNAVAILABLE,NO_GOVERNED_HISTORICAL_RATING,a78cd4dc16218e692a5cf58bfe4ff88487cb118158c4ec43eda56309cba6ebea,,4f53cda18c2baa0c0354bb5f9a3ecbe5ed12ab4d8e11ba873c2f11161202b945,EDGEIQ_RACE_ENTRY_HORSE_RATING_SNAPSHOT_V2,STRICTLY_PRIOR_LATEST_GOVERNED_HORSE_RATING_V1,b7e93f0d5c85f43acdbca12536078e297e9b233af8b1a2b1ce85fb24b6cf9c9a
b0f98d6a89af175dc2e28e6f522d0ef1a619aeaeb36b3fc4746ad08c5d8e642d,RACE|2026-07-24|ECHUCA|R5|1400M|2026-07-24T04:55:00+00:00,RCOM_HORSE_5333998,RCOM_HORSE_5333998,Cosmic Charger,2026-07-24,,,,,0,,,,,,,,SNAPSHOT_UNAVAILABLE,NO_GOVERNED_HISTORICAL_RATING,e116971ac859a3a074dad5c56ac7cd32b1821da64856d1b776eb53bfc099361a,,4f53cda18c2baa0c0354bb5f9a3ecbe5ed12ab4d8e11ba873c2f11161202b945,EDGEIQ_RACE_ENTRY_HORSE_RATING_SNAPSHOT_V2,STRICTLY_PRIOR_LATEST_GOVERNED_HORSE_RATING_V1,78faf5e3f20562dc07430fee276a66badc0630d8e681869504755a8b60219251
572ba1d6e883db4bc0c322a74d771e94f4cfec78a2c7a601caff7a128d31eb84,RACE|2026-07-24|ECHUCA|R5|1400M|2026-07-24T04:55:00+00:00,RCOM_HORSE_5336973,RCOM_HORSE_5336973,Never A Thought,2026-07-24,,,,,0,,,,,,,,SNAPSHOT_UNAVAILABLE,NO_GOVERNED_HISTORICAL_RATING,7776cf755a7659dc48988b41b6a60e6e0d7e4971cb6392cb36992c44a8fbf37e,,4f53cda18c2baa0c0354bb5f9a3ecbe5ed12ab4d8e11ba873c2f11161202b945,EDGEIQ_RACE_ENTRY_HORSE_RATING_SNAPSHOT_V2,STRICTLY_PRIOR_LATEST_GOVERNED_HORSE_RATING_V1,f823dbd67e85d9aee381dc88c9da4af7d7a836e96a23f08261d34590e708e4bc
25614e7277d087c08fbe24a9eeb4d277ebdd3417d587992b691ff33994bc9918,RACE|2026-07-24|ECHUCA|R5|1400M|2026-07-24T04:55:00+00:00,RCOM_HORSE_5340559,RCOM_HORSE_5340559,Prestige Ole,2026-07-24,,,,,0,,,,,,,,SNAPSHOT_UNAVAILABLE,NO_GOVERNED_HISTORICAL_RATING,ca03998c2c961b0b816871ee50c27d010796e7b003c30bc666ac3e1a008763e4,,4f53cda18c2baa0c0354bb5f9a3ecbe5ed12ab4d8e11ba873c2f11161202b945,EDGEIQ_RACE_ENTRY_HORSE_RATING_SNAPSHOT_V2,STRICTLY_PRIOR_LATEST_GOVERNED_HORSE_RATING_V1,6386b84ff871f03524c12f482949ff1ab227dadbed6cebc70f085d16fd407624
48d2111a197fde30ff60000b9826ca78ab464f1c1f42961cb9e5a293825dddc6,RACE|2026-07-24|ECHUCA|R5|1400M|2026-07-24T04:55:00+00:00,RCOM_HORSE_5342544,RCOM_HORSE_5342544,Rydell High,2026-07-24,,,,,0,,,,,,,,SNAPSHOT_UNAVAILABLE,NO_GOVERNED_HISTORICAL_RATING,807ca8ded3efd88afbc177a4b14da3bd5f62a4c99b2651917c7d51fc655a6dfa,,4f53cda18c2baa0c0354bb5f9a3ecbe5ed12ab4d8e11ba873c2f11161202b945,EDGEIQ_RACE_ENTRY_HORSE_RATING_SNAPSHOT_V2,STRICTLY_PRIOR_LATEST_GOVERNED_HORSE_RATING_V1,5e1ab2851f35bd6ba84303bf65294845f2cbef96bd5afe63e0d0034c852b9e80
3d20578348e9681ea13346dbc3cd58ee99a44bd6c981531cc6f96f99e158f307,RACE|2026-07-24|ECHUCA|R5|1400M|2026-07-24T04:55:00+00:00,RCOM_HORSE_5345581,RCOM_HORSE_5345581,Charlecote Mill,2026-07-24,,,,,0,,,,,,,,SNAPSHOT_UNAVAILABLE,NO_GOVERNED_HISTORICAL_RATING,0e987a6738090733aaff38f35b116b13f07b2d1c075b0ecd7240e30f8e871819,,4f53cda18c2baa0c0354bb5f9a3ecbe5ed12ab4d8e11ba873c2f11161202b945,EDGEIQ_RACE_ENTRY_HORSE_RATING_SNAPSHOT_V2,STRICTLY_PRIOR_LATEST_GOVERNED_HORSE_RATING_V1,5276c9c4436de98a2be0241227e83a74332d1b51d5d512016f704c27f994bc67
a880382e2dbc3d2e487c84693a16c1e0d67fd6930e89ca180f9a31806cddd0d1,RACE|2026-07-24|ECHUCA|R6|1600M|2026-07-24T05:30:00+00:00,RCOM_HORSE_5290018,RCOM_HORSE_5290018,Dashing Donkey,2026-07-24,,,,,0,,,,,,,,SNAPSHOT_UNAVAILABLE,NO_GOVERNED_HISTORICAL_RATING,54acc9100b080ec952b447814bea3f117765c427fe3f350d3301557c629eac72,,4f53cda18c2baa0c0354bb5f9a3ecbe5ed12ab4d8e11ba873c2f11161202b945,EDGEIQ_RACE_ENTRY_HORSE_RATING_SNAPSHOT_V2,STRICTLY_PRIOR_LATEST_GOVERNED_HORSE_RATING_V1,b8c8c8d67f2448b9d7734bc001d79ec7d62f3c80e848b20de1de170a2465e19c
3a7df1abba6c7025d72c0c28ecd12ddbcae1f00e9e3cc0d378e4cdead9485ead,RACE|2026-07-24|ECHUCA|R6|1600M|2026-07-24T05:30:00+00:00,RCOM_HORSE_5311514,RCOM_HORSE_5311514,Mickio,2026-07-24,,,,,0,,,,,,,,SNAPSHOT_UNAVAILABLE,NO_GOVERNED_HISTORICAL_RATING,c7528c5de84a8742fc3353b509ff10ba1408a05e1fd7a171357346d6e40c8c58,,4f53cda18c2baa0c0354bb5f9a3ecbe5ed12ab4d8e11ba873c2f11161202b945,EDGEIQ_RACE_ENTRY_HORSE_RATING_SNAPSHOT_V2,STRICTLY_PRIOR_LATEST_GOVERNED_HORSE_RATING_V1,6e1193efd10714f74b4ba3c1aa39e8e1263f7d11d43908ed560ac4f2e588a230
e5cb301e0de1f685339c450e3270b1e831068d189808cd2a0b2489622944d37b,RACE|2026-07-24|ECHUCA|R6|1600M|2026-07-24T05:30:00+00:00,RCOM_HORSE_5315290,RCOM_HORSE_5315290,Azeola,2026-07-24,,,,,0,,,,,,,,SNAPSHOT_UNAVAILABLE,NO_GOVERNED_HISTORICAL_RATING,c7bbb2f7037253103bd86a264320c702881712c93f9f99f6d28ac66fa5531b90,,4f53cda18c2baa0c0354bb5f9a3ecbe5ed12ab4d8e11ba873c2f11161202b945,EDGEIQ_RACE_ENTRY_HORSE_RATING_SNAPSHOT_V2,STRICTLY_PRIOR_LATEST_GOVERNED_HORSE_RATING_V1,be87c117c06e2b9bd61914aa3cefbad2365f66e826b0752061a075b7f3a85d36
4c6c5ab8390f69b83e2f050e87e7a302c5c250671f38409129bab5044706995e,RACE|2026-07-24|ECHUCA|R6|1600M|2026-07-24T05:30:00+00:00,RCOM_HORSE_5323696,RCOM_HORSE_5323696,Sunshine Jenni,2026-07-24,,,,,0,,,,,,,,SNAPSHOT_UNAVAILABLE,NO_GOVERNED_HISTORICAL_RATING,b60b34f21d93de90b87bc55410ec6d669e034061f66649a297ccb7db0b2ec447,,4f53cda18c2baa0c0354bb5f9a3ecbe5ed12ab4d8e11ba873c2f11161202b945,EDGEIQ_RACE_ENTRY_HORSE_RATING_SNAPSHOT_V2,STRICTLY_PRIOR_LATEST_GOVERNED_HORSE_RATING_V1,6c5a7004fd4ed4880953dbb744181924115b85d5e2f84dd8b0fdd602d5914aa7
31deb1c2229c11aa0449f0bd67153477e30d81cc7cdfe26c2d1829c3db00f4d9,RACE|2026-07-24|ECHUCA|R6|1600M|2026-07-24T05:30:00+00:00,RCOM_HORSE_5324004,RCOM_HORSE_5324004,Ollandia Beach,2026-07-24,,,,,0,,,,,,,,SNAPSHOT_UNAVAILABLE,NO_GOVERNED_HISTORICAL_RATING,4a360cce1da73127aa3a52b04c3cc5e0fc3a37063194570080af87b7af462bbc,,4f53cda18c2baa0c0354bb5f9a3ecbe5ed12ab4d8e11ba873c2f11161202b945,EDGEIQ_RACE_ENTRY_HORSE_RATING_SNAPSHOT_V2,STRICTLY_PRIOR_LATEST_GOVERNED_HORSE_RATING_V1,217455ca1d0c44408bd52487725e81766eb60737852bebd8c08eb9d755f2f44f
853fb974ba92cf5464e1b922e39ab0c1c48758b29ce7045f34106fb505a3c9b9,RACE|2026-07-24|ECHUCA|R6|1600M|2026-07-24T05:30:00+00:00,RCOM_HORSE_5324818,RCOM_HORSE_5324818,Queen Of Cordoba,2026-07-24,,,,,0,,,,,,,,SNAPSHOT_UNAVAILABLE,NO_GOVERNED_HISTORICAL_RATING,ce2773c4f7264e55e9cc282610c41b008a16d0c182ab31fa25c12cfad441c31f,,4f53cda18c2baa0c0354bb5f9a3ecbe5ed12ab4d8e11ba873c2f11161202b945,EDGEIQ_RACE_ENTRY_HORSE_RATING_SNAPSHOT_V2,STRICTLY_PRIOR_LATEST_GOVERNED_HORSE_RATING_V1,3cc0665b069483b24ea67a8df2e865c3d40c97eb462cd9451315e231b6d7315e
3b91cf8febc2fcaf18cd06e37f58ac6efb552f4fa9c7239570aa09715d5b8e52,RACE|2026-07-24|ECHUCA|R6|1600M|2026-07-24T05:30:00+00:00,RCOM_HORSE_5326056,RCOM_HORSE_5326056,Tel Aviv,2026-07-24,,,,,0,,,,,,,,SNAPSHOT_UNAVAILABLE,NO_GOVERNED_HISTORICAL_RATING,e05f02eb6b6cf9126ddd2d9b3e51f49866a5c45d81895b0f45ea33adaec4b4f4,,4f53cda18c2baa0c0354bb5f9a3ecbe5ed12ab4d8e11ba873c2f11161202b945,EDGEIQ_RACE_ENTRY_HORSE_RATING_SNAPSHOT_V2,STRICTLY_PRIOR_LATEST_GOVERNED_HORSE_RATING_V1,12e3f528b9ce752fcd2838c178790d4b6a673542a13f2e886d42dfa7e8d7311e
ed9c510e86ec3332f00991a1310d7cebc5563ea7020f6edf90eb6448d1c084ba,RACE|2026-07-24|ECHUCA|R6|1600M|2026-07-24T05:30:00+00:00,RCOM_HORSE_5330870,RCOM_HORSE_5330870,Ziggy Starcraft,2026-07-24,,,,,0,,,,,,,,SNAPSHOT_UNAVAILABLE,NO_GOVERNED_HISTORICAL_RATING,4e570967e23c9bdf5473b7f40523acb002c1f2f66fc1542e3acd6f85d3d287b5,,4f53cda18c2baa0c0354bb5f9a3ecbe5ed12ab4d8e11ba873c2f11161202b945,EDGEIQ_RACE_ENTRY_HORSE_RATING_SNAPSHOT_V2,STRICTLY_PRIOR_LATEST_GOVERNED_HORSE_RATING_V1,9c0b32923ce22a399858ef149ebe112079dcd633bf5302619c8ccdd9e694a46f
c712383c7d9049529165649c2e9bb6c7727fa02cfe4f4c57c309a28d6f791862,RACE|2026-07-24|ECHUCA|R6|1600M|2026-07-24T05:30:00+00:00,RCOM_HORSE_5332809,RCOM_HORSE_5332809,Pick Wisely,2026-07-24,,,,,0,,,,,,,,SNAPSHOT_UNAVAILABLE,NO_GOVERNED_HISTORICAL_RATING,64bc5000409da42478860dcae08a0de248c7c3c0ec53d165f0abf30605941af4,,4f53cda18c2baa0c0354bb5f9a3ecbe5ed12ab4d8e11ba873c2f11161202b945,EDGEIQ_RACE_ENTRY_HORSE_RATING_SNAPSHOT_V2,STRICTLY_PRIOR_LATEST_GOVERNED_HORSE_RATING_V1,641714c0a36ff5a45630cf580c526b609a5fb4c625edbe3fd9cdf1d1b73c2382
f18f141c354de63fea5ee9fbf466f58932da270ca52016b1e4ad3e5647dc3e99,RACE|2026-07-24|ECHUCA|R6|1600M|2026-07-24T05:30:00+00:00,RCOM_HORSE_5344538,RCOM_HORSE_5344538,Rookery Nook,2026-07-24,,,,,0,,,,,,,,SNAPSHOT_UNAVAILABLE,NO_GOVERNED_HISTORICAL_RATING,e1c6297472decccb448909a90d16a212588f3af335a4dcac3a405e8ace6d4f82,,4f53cda18c2baa0c0354bb5f9a3ecbe5ed12ab4d8e11ba873c2f11161202b945,EDGEIQ_RACE_ENTRY_HORSE_RATING_SNAPSHOT_V2,STRICTLY_PRIOR_LATEST_GOVERNED_HORSE_RATING_V1,3ea1e1d02399d60fdc05ab67cac2ce92e34e87f726ab575495a2569bee996307
fa64a95996f4305b1e88e32fbe3cd479954c52f8eb043829bac8478b906cfbc2,RACE|2026-07-24|ECHUCA|R6|1600M|2026-07-24T05:30:00+00:00,RCOM_HORSE_5346437,RCOM_HORSE_5346437,Kiss My Rock,2026-07-24,,,,,0,,,,,,,,SNAPSHOT_UNAVAILABLE,NO_GOVERNED_HISTORICAL_RATING,facdb6cbeb76690c887cd409555b060ace768d4ed17770b8e10716fcc67c5c02,,4f53cda18c2baa0c0354bb5f9a3ecbe5ed12ab4d8e11ba873c2f11161202b945,EDGEIQ_RACE_ENTRY_HORSE_RATING_SNAPSHOT_V2,STRICTLY_PRIOR_LATEST_GOVERNED_HORSE_RATING_V1,bae5ef7a88644e89c5db65206127582c389ca7be303a0ed210f312fcc3ad3201
519e0c2b9c9a5a3638009bb00a9fdd2e245db8916d8f6b7f93f3bb2cfb1952ad,RACE|2026-07-24|ECHUCA|R7|1000M|2026-07-24T06:10:00+00:00,RCOM_HORSE_5041024,RCOM_HORSE_5041024,Raging Monkey,2026-07-24,,,,,0,,,,,,,,SNAPSHOT_UNAVAILABLE,NO_GOVERNED_HISTORICAL_RATING,ccb369c4e2e7edfbe959940ba4f3555c215b2c6ae7203d3b6d39c3dae4c49e5a,,4f53cda18c2baa0c0354bb5f9a3ecbe5ed12ab4d8e11ba873c2f11161202b945,EDGEIQ_RACE_ENTRY_HORSE_RATING_SNAPSHOT_V2,STRICTLY_PRIOR_LATEST_GOVERNED_HORSE_RATING_V1,7c83abe20a6c1417b6a69f52b55506356c2e687dee378ed9064f409dc93b086b
88a495a88790eba4710d99215087d8765630f1cb3b37500dd83c5e7fbcf98fbd,RACE|2026-07-24|ECHUCA|R7|1000M|2026-07-24T06:10:00+00:00,RCOM_HORSE_5269524,RCOM_HORSE_5269524,Wind Dreamer,2026-07-24,,,,,0,,,,,,,,SNAPSHOT_UNAVAILABLE,NO_GOVERNED_HISTORICAL_RATING,cd6c11eac4bece6456d8a82f7b5e939117470323231f0a505ddd28e7e54a9110,,4f53cda18c2baa0c0354bb5f9a3ecbe5ed12ab4d8e11ba873c2f11161202b945,EDGEIQ_RACE_ENTRY_HORSE_RATING_SNAPSHOT_V2,STRICTLY_PRIOR_LATEST_GOVERNED_HORSE_RATING_V1,d59c4f543a75f5ab4e9ad22827c42d44f15da8907e2bda44a8d031b2ce88cc31
e4181b2578e5aa08541def67533429299fa2a1ea99e4106e8502f8be45ec9f86,RACE|2026-07-24|ECHUCA|R7|1000M|2026-07-24T06:10:00+00:00,RCOM_HORSE_5282705,RCOM_HORSE_5282705,Per Ivy,2026-07-24,,,,,0,,,,,,,,SNAPSHOT_UNAVAILABLE,NO_GOVERNED_HISTORICAL_RATING,ef623378959fd01bc67a686fa0c78bf66749cb9734207604219a6534d1fdedfd,,4f53cda18c2baa0c0354bb5f9a3ecbe5ed12ab4d8e11ba873c2f11161202b945,EDGEIQ_RACE_ENTRY_HORSE_RATING_SNAPSHOT_V2,STRICTLY_PRIOR_LATEST_GOVERNED_HORSE_RATING_V1,5f182bc956dd723a5294bec6a238b4cd7006bfdc42c4a401222f36862bb7459b
fd17a0453fa3478d4501f203d6778793ef4f462b956613acd0cd810e45b6b00e,RACE|2026-07-24|ECHUCA|R7|1000M|2026-07-24T06:10:00+00:00,RCOM_HORSE_5293267,RCOM_HORSE_5293267,Mutsuhito,2026-07-24,,,,,0,,,,,,,,SNAPSHOT_UNAVAILABLE,NO_GOVERNED_HISTORICAL_RATING,d4a6896c17ed795ef4ed0e505852c9f4516de24e00f7c995566197126925516c,,4f53cda18c2baa0c0354bb5f9a3ecbe5ed12ab4d8e11ba873c2f11161202b945,EDGEIQ_RACE_ENTRY_HORSE_RATING_SNAPSHOT_V2,STRICTLY_PRIOR_LATEST_GOVERNED_HORSE_RATING_V1,c848bd6ceee099c589ea12b8c0b43d73f27939cc0430f1f974b677a3cc64c5f5
8240b4d49c615d7c9b01017f545fc2242ef649e9c9b30b18059b1c40bd0efe3a,RACE|2026-07-24|ECHUCA|R7|1000M|2026-07-24T06:10:00+00:00,RCOM_HORSE_5305577,RCOM_HORSE_5305577,Needawinna,2026-07-24,,,,,0,,,,,,,,SNAPSHOT_UNAVAILABLE,NO_GOVERNED_HISTORICAL_RATING,a40d47b7bc6c479b4e7cec8b11b1447ba215bd0dc7a48d4b124793c1f7bc67f1,,4f53cda18c2baa0c0354bb5f9a3ecbe5ed12ab4d8e11ba873c2f11161202b945,EDGEIQ_RACE_ENTRY_HORSE_RATING_SNAPSHOT_V2,STRICTLY_PRIOR_LATEST_GOVERNED_HORSE_RATING_V1,9db14d5d196ad024d7dc18e8a7d35dd02cedbf616ae4010599cacb921a464dd5
73444d43ed9b6bd2c7f5f95caded0e79509c649dbc8791c7471fabe2a61bb01c,RACE|2026-07-24|ECHUCA|R7|1000M|2026-07-24T06:10:00+00:00,RCOM_HORSE_5305645,RCOM_HORSE_5305645,College Dropout,2026-07-24,,,,,0,,,,,,,,SNAPSHOT_UNAVAILABLE,NO_GOVERNED_HISTORICAL_RATING,039f0ed652df5af1fbba0fe6fee55c49c5fc1769cdc41a5e4dbb6128157d5167,,4f53cda18c2baa0c0354bb5f9a3ecbe5ed12ab4d8e11ba873c2f11161202b945,EDGEIQ_RACE_ENTRY_HORSE_RATING_SNAPSHOT_V2,STRICTLY_PRIOR_LATEST_GOVERNED_HORSE_RATING_V1,ff155726b3b97d5bd30345a7cacad6948bef6e3c2411d5ee25ac3dbbe7cbf5ee
7d6a1b0199c63bcc82cab507b923d6302b9d5ea28a021cf31dc2080188bdc667,RACE|2026-07-24|ECHUCA|R7|1000M|2026-07-24T06:10:00+00:00,RCOM_HORSE_5309341,RCOM_HORSE_5309341,Redemption Time,2026-07-24,,,,,0,,,,,,,,SNAPSHOT_UNAVAILABLE,NO_GOVERNED_HISTORICAL_RATING,7f3eab545aa5a13270776f79ed55e138d59be037cb6ebd7530f780aa7f76fd38,,4f53cda18c2baa0c0354bb5f9a3ecbe5ed12ab4d8e11ba873c2f11161202b945,EDGEIQ_RACE_ENTRY_HORSE_RATING_SNAPSHOT_V2,STRICTLY_PRIOR_LATEST_GOVERNED_HORSE_RATING_V1,5ce60375c18d172ca892b81be4b84d3879e02ec985e1f0aa7973c36622a7a6fc
00ff7fb2194acab17577b9ac496be897000322049badfb08622bda041bb323aa,RACE|2026-07-24|ECHUCA|R7|1000M|2026-07-24T06:10:00+00:00,RCOM_HORSE_5323035,RCOM_HORSE_5323035,Lack Of Restraint,2026-07-24,,,,,0,,,,,,,,SNAPSHOT_UNAVAILABLE,NO_GOVERNED_HISTORICAL_RATING,ae74bbe5a7f147fc43c6cabf95b70b8ffdf33e4c1d23e5a514090b3e628c32df,,4f53cda18c2baa0c0354bb5f9a3ecbe5ed12ab4d8e11ba873c2f11161202b945,EDGEIQ_RACE_ENTRY_HORSE_RATING_SNAPSHOT_V2,STRICTLY_PRIOR_LATEST_GOVERNED_HORSE_RATING_V1,b76e6d84ccc07309843a8fe1b3712f3584cb1be5b7c29705d4a071dc14c6bd0d
42c7553517f54a4e6a3d45d3b7d093d33f71d06afd7721673ebffe6b69953c13,RACE|2026-07-24|ECHUCA|R7|1000M|2026-07-24T06:10:00+00:00,RCOM_HORSE_5327328,RCOM_HORSE_5327328,Dismantle,2026-07-24,,,,,0,,,,,,,,SNAPSHOT_UNAVAILABLE,NO_GOVERNED_HISTORICAL_RATING,5f0bbeb368f562d665163ca38e3daa7c30a7564f6ef73f994987e2db01056870,,4f53cda18c2baa0c0354bb5f9a3ecbe5ed12ab4d8e11ba873c2f11161202b945,EDGEIQ_RACE_ENTRY_HORSE_RATING_SNAPSHOT_V2,STRICTLY_PRIOR_LATEST_GOVERNED_HORSE_RATING_V1,0eed6da8f7c23d2b16aeae2273c34e22ebf4307a64d9a19dd9af29166b7d093d
7761bc79b27ae9e8bcaeef93da61415c3cfe063599de00f87bee34f77a2619c1,RACE|2026-07-24|ECHUCA|R7|1000M|2026-07-24T06:10:00+00:00,RCOM_HORSE_5331059,RCOM_HORSE_5331059,Deep Joy,2026-07-24,,,,,0,,,,,,,,SNAPSHOT_UNAVAILABLE,NO_GOVERNED_HISTORICAL_RATING,963fa9fd1728bd52d1c5bd56ddc56afbb2f56cc95a42dc7fc745d7e0cff27f76,,4f53cda18c2baa0c0354bb5f9a3ecbe5ed12ab4d8e11ba873c2f11161202b945,EDGEIQ_RACE_ENTRY_HORSE_RATING_SNAPSHOT_V2,STRICTLY_PRIOR_LATEST_GOVERNED_HORSE_RATING_V1,655353ff22ffb89c756a10820d9289f9b44a6656edb4a721020a5d5b5a5660fa
75bc5e3a0a98dacbd4e69ef7b17bdb62d3689cbaa71dc968fdb2e1a2cf37a425,RACE|2026-07-24|ECHUCA|R7|1000M|2026-07-24T06:10:00+00:00,RCOM_HORSE_5333279,RCOM_HORSE_5333279,Gina's A Star,2026-07-24,,,,,0,,,,,,,,SNAPSHOT_UNAVAILABLE,NO_GOVERNED_HISTORICAL_RATING,9a6f14f68e625d60a730bf3d8b6e46a715c325c1482c4b4ff942afb61cd879ba,,4f53cda18c2baa0c0354bb5f9a3ecbe5ed12ab4d8e11ba873c2f11161202b945,EDGEIQ_RACE_ENTRY_HORSE_RATING_SNAPSHOT_V2,STRICTLY_PRIOR_LATEST_GOVERNED_HORSE_RATING_V1,003a4cfefde3e89e78f38734e28eef540f75ac3089c443d11e961b5224eb168a
eefd1932d962f84285b878722034d96f5423489dee4c7090f71580378b8be20d,RACE|2026-07-24|ECHUCA|R8|1200M|2026-07-24T06:50:00+00:00,RCOM_HORSE_5245551,RCOM_HORSE_5245551,Danerich Dan,2026-07-24,,,,,0,,,,,,,,SNAPSHOT_UNAVAILABLE,NO_GOVERNED_HISTORICAL_RATING,5edbac82542c109879c56a28ac9ff3fffddd8f4c32f0c48ce93794af2a1eb37b,,4f53cda18c2baa0c0354bb5f9a3ecbe5ed12ab4d8e11ba873c2f11161202b945,EDGEIQ_RACE_ENTRY_HORSE_RATING_SNAPSHOT_V2,STRICTLY_PRIOR_LATEST_GOVERNED_HORSE_RATING_V1,9ce4ef887cb56aec61ab6f17950bd57ae7396a3d7ae905a642359bca1dfd117f
df88cf096a011329ce1303e374b360d327e4e656bfa915d04b42dad73e382aef,RACE|2026-07-24|ECHUCA|R8|1200M|2026-07-24T06:50:00+00:00,RCOM_HORSE_5263352,RCOM_HORSE_5263352,Ellmaknifico,2026-07-24,,,,,0,,,,,,,,SNAPSHOT_UNAVAILABLE,NO_GOVERNED_HISTORICAL_RATING,4dfaa96a73d5136305ce9a43f61d4c4ee4b41da1fc2ff1b582a7ebc9c92ca062,,4f53cda18c2baa0c0354bb5f9a3ecbe5ed12ab4d8e11ba873c2f11161202b945,EDGEIQ_RACE_ENTRY_HORSE_RATING_SNAPSHOT_V2,STRICTLY_PRIOR_LATEST_GOVERNED_HORSE_RATING_V1,9ec8be22eb7ad827808cdb4fd77125db5946a0161e522f7d04df3409550f3b06
ab362b210470618be5b440388a502151445d7acca97b438510d28a81c30055d5,RACE|2026-07-24|ECHUCA|R8|1200M|2026-07-24T06:50:00+00:00,RCOM_HORSE_5268993,RCOM_HORSE_5268993,Kentahten,2026-07-24,,,,,0,,,,,,,,SNAPSHOT_UNAVAILABLE,NO_GOVERNED_HISTORICAL_RATING,d225097e651f3b68ec749d5c93cf1e4ed55c7763caf66a9484ba11f152466972,,4f53cda18c2baa0c0354bb5f9a3ecbe5ed12ab4d8e11ba873c2f11161202b945,EDGEIQ_RACE_ENTRY_HORSE_RATING_SNAPSHOT_V2,STRICTLY_PRIOR_LATEST_GOVERNED_HORSE_RATING_V1,7bb49a48f66d7a45f630c2a68b90da5d627c50a5e1d7d2fda2bba45302b95f18
0c020dc9606c443d28e09c136dcf8f6bb699a266f9150e9b0c886f68c7c6702e,RACE|2026-07-24|ECHUCA|R8|1200M|2026-07-24T06:50:00+00:00,RCOM_HORSE_5291437,RCOM_HORSE_5291437,Powerbound,2026-07-24,,,,,0,,,,,,,,SNAPSHOT_UNAVAILABLE,NO_GOVERNED_HISTORICAL_RATING,97695d9efde6d2c1def44ac7d11fc777229e309779cd398bab385882af40030f,,4f53cda18c2baa0c0354bb5f9a3ecbe5ed12ab4d8e11ba873c2f11161202b945,EDGEIQ_RACE_ENTRY_HORSE_RATING_SNAPSHOT_V2,STRICTLY_PRIOR_LATEST_GOVERNED_HORSE_RATING_V1,c9e21dd27492343404a3db919ae17265fb80a01e7cdc161b6918ddd0889446ac
9fad2ad34b61210fffc415d1de38f04e3154591eb1326a8b2b1f1112438e58ba,RACE|2026-07-24|ECHUCA|R8|1200M|2026-07-24T06:50:00+00:00,RCOM_HORSE_5291851,RCOM_HORSE_5291851,Tapo,2026-07-24,,,,,0,,,,,,,,SNAPSHOT_UNAVAILABLE,NO_GOVERNED_HISTORICAL_RATING,39eb05a739d85f8d6ec5b4bc6ccee13747d2a578e369f6a28b1690340ca5c20e,,4f53cda18c2baa0c0354bb5f9a3ecbe5ed12ab4d8e11ba873c2f11161202b945,EDGEIQ_RACE_ENTRY_HORSE_RATING_SNAPSHOT_V2,STRICTLY_PRIOR_LATEST_GOVERNED_HORSE_RATING_V1,391160458f2a5b525be86f4a4a2627d52741615e07faf673cc9839f236154492
9754eabac8f5da1e2ce4c2a3e9c5ec6c061d767d801ef19a57668022851d2461,RACE|2026-07-24|ECHUCA|R8|1200M|2026-07-24T06:50:00+00:00,RCOM_HORSE_5299312,RCOM_HORSE_5299312,Sub Gauge,2026-07-24,,,,,0,,,,,,,,SNAPSHOT_UNAVAILABLE,NO_GOVERNED_HISTORICAL_RATING,0adbcf29581ed18a76eae06158d46f6c2d8adeedf0f8e12a0e72cc932a10e172,,4f53cda18c2baa0c0354bb5f9a3ecbe5ed12ab4d8e11ba873c2f11161202b945,EDGEIQ_RACE_ENTRY_HORSE_RATING_SNAPSHOT_V2,STRICTLY_PRIOR_LATEST_GOVERNED_HORSE_RATING_V1,8020cf4e53b9567f940106f9305416d4df662ecd986b6b129964b771f8414473
afc29c5bcb07d7d02755db53b1dfb95d20740cd3b523ecc1e8d543feed5b14e7,RACE|2026-07-24|ECHUCA|R8|1200M|2026-07-24T06:50:00+00:00,RCOM_HORSE_5304809,RCOM_HORSE_5304809,Royal Infantry,2026-07-24,,,,,0,,,,,,,,SNAPSHOT_UNAVAILABLE,NO_GOVERNED_HISTORICAL_RATING,3360d7fcc12d3fbe844040f8bd6e4639ea948551a2ea49a12a02183f7ae97377,,4f53cda18c2baa0c0354bb5f9a3ecbe5ed12ab4d8e11ba873c2f11161202b945,EDGEIQ_RACE_ENTRY_HORSE_RATING_SNAPSHOT_V2,STRICTLY_PRIOR_LATEST_GOVERNED_HORSE_RATING_V1,4e35ebd9510a9a9150a473a2dd8369c6939c8608f3db433d21613cc91eb2dd4d
532c8c7c7aa45b2008fdc50ea3b9e2c12c92ed0bd39d1fd27b58ee7918fdf8a6,RACE|2026-07-24|ECHUCA|R8|1200M|2026-07-24T06:50:00+00:00,RCOM_HORSE_5306061,RCOM_HORSE_5306061,Stellar Mofeed,2026-07-24,,,,,0,,,,,,,,SNAPSHOT_UNAVAILABLE,NO_GOVERNED_HISTORICAL_RATING,b091df4ce457c24f33306359171acbc0b203f53800d77c1669413600284509db,,4f53cda18c2baa0c0354bb5f9a3ecbe5ed12ab4d8e11ba873c2f11161202b945,EDGEIQ_RACE_ENTRY_HORSE_RATING_SNAPSHOT_V2,STRICTLY_PRIOR_LATEST_GOVERNED_HORSE_RATING_V1,834c6db9929bdc1284b7bfb757fa4cce88952947ec318acecefeb8285674cdb6
58ebfb9463e6ea1c68445982f20e18208687a7a52f78ce4951457efa084a2492,RACE|2026-07-24|ECHUCA|R8|1200M|2026-07-24T06:50:00+00:00,RCOM_HORSE_5317176,RCOM_HORSE_5317176,Tomanado,2026-07-24,,,,,0,,,,,,,,SNAPSHOT_UNAVAILABLE,NO_GOVERNED_HISTORICAL_RATING,537477ed6d668b5f0296bf1906d9b4e3feb0fcb7f424f30b3e2fbdb2a5dacd53,,4f53cda18c2baa0c0354bb5f9a3ecbe5ed12ab4d8e11ba873c2f11161202b945,EDGEIQ_RACE_ENTRY_HORSE_RATING_SNAPSHOT_V2,STRICTLY_PRIOR_LATEST_GOVERNED_HORSE_RATING_V1,274c388f67a94f33e8a80d8c076aa29d9849828b485b5a20ed78dff3b0224cb7
b9747dc96be0004c8d35123da3a07ef233a440dd489bfd31a170dec65554f5c8,RACE|2026-07-24|ECHUCA|R8|1200M|2026-07-24T06:50:00+00:00,RCOM_HORSE_5321441,RCOM_HORSE_5321441,Reasonable Point,2026-07-24,,,,,0,,,,,,,,SNAPSHOT_UNAVAILABLE,NO_GOVERNED_HISTORICAL_RATING,3315ade875401860e7251c2f1b49c0aa89edab2a50ed12e4a0adb7569b647292,,4f53cda18c2baa0c0354bb5f9a3ecbe5ed12ab4d8e11ba873c2f11161202b945,EDGEIQ_RACE_ENTRY_HORSE_RATING_SNAPSHOT_V2,STRICTLY_PRIOR_LATEST_GOVERNED_HORSE_RATING_V1,3fd3a3798a0e982b4e65217246525599af319a10eb7e0f15d79edcb6dd68ad0b
ca606302bd85c94a587d3c72a80104850902ce22cd946c72e924e34fdb140264,RACE|2026-07-24|ECHUCA|R8|1200M|2026-07-24T06:50:00+00:00,RCOM_HORSE_5324742,RCOM_HORSE_5324742,Triple Triple,2026-07-24,HPR1-CA743951CB902AE1A453FF45,2026-07-20,-1.417025000000,4,1,2026-07-20,2026-07-20,-1.417025000000,-1.417025000000,-1.417025000000,DIRECT_HISTORICAL_AGGREGATE_VALUE,HPR-AGG-B-v1,POINT_IN_TIME_HISTORICAL_RATING_AVAILABLE,LATEST_STRICTLY_PRIOR_GOVERNED_RATING_SELECTED,d47d1b793f80e243b3b446af8444d97bb4acbf5afa732d70cd48f809bb9f57ae,b64d8ed1d9f6e3c276b5f2f9f838322e6cb12f097b4edbe2656bc452b5175457,eb3ed9402b057ba24a44afbcd3e3fe958b1dbf9c57f1025b3a35a7c1142068f5,EDGEIQ_RACE_ENTRY_HORSE_RATING_SNAPSHOT_V2,STRICTLY_PRIOR_LATEST_GOVERNED_HORSE_RATING_V1,ee91de9ea9737d466fe2ccf692ae862ee611a7d8382a6f5afe8059022887aac6
c2146840ad49319724d9e8a24c6742a60ad45a1fa700b836ca4571afabccd2c7,RACE|2026-07-24|ECHUCA|R8|1200M|2026-07-24T06:50:00+00:00,RCOM_HORSE_5324989,RCOM_HORSE_5324989,Colt Forty Five,2026-07-24,,,,,0,,,,,,,,SNAPSHOT_UNAVAILABLE,NO_GOVERNED_HISTORICAL_RATING,01766049319a2d099811dd02072e26fd7722554291a379c12068fdacce527247,,4f53cda18c2baa0c0354bb5f9a3ecbe5ed12ab4d8e11ba873c2f11161202b945,EDGEIQ_RACE_ENTRY_HORSE_RATING_SNAPSHOT_V2,STRICTLY_PRIOR_LATEST_GOVERNED_HORSE_RATING_V1,e7a272214047fed76905380b6cce7927959bb835dcd2cdd140659ff382be25e9
fe888cfc0173ef23965aef46d1ef9c9c443a7d599b9ee7b912d5e6226b47a005,RACE|2026-07-24|ECHUCA|R8|1200M|2026-07-24T06:50:00+00:00,RCOM_HORSE_5328114,RCOM_HORSE_5328114,Bark,2026-07-24,,,,,0,,,,,,,,SNAPSHOT_UNAVAILABLE,NO_GOVERNED_HISTORICAL_RATING,7dcb4c57a4cdb15d961983600f95ba1826040997d99ff64e58f2b5c8037a5b1a,,4f53cda18c2baa0c0354bb5f9a3ecbe5ed12ab4d8e11ba873c2f11161202b945,EDGEIQ_RACE_ENTRY_HORSE_RATING_SNAPSHOT_V2,STRICTLY_PRIOR_LATEST_GOVERNED_HORSE_RATING_V1,3877f63e8bc1f093c063f8821897bb171c238fa33c8d168e72779a892e239400
ae04113f3481459cfb7908b3815f132f645052414a82e0e66337b739c9aa2c11,RACE|2026-07-24|ECHUCA|R8|1200M|2026-07-24T06:50:00+00:00,RCOM_HORSE_5329196,RCOM_HORSE_5329196,Friendzoned,2026-07-24,,,,,0,,,,,,,,SNAPSHOT_UNAVAILABLE,NO_GOVERNED_HISTORICAL_RATING,7858a43afbd3f6191e6bc875f4b6201b52eb48775b4cedd82e10d5db26dd0a24,,4f53cda18c2baa0c0354bb5f9a3ecbe5ed12ab4d8e11ba873c2f11161202b945,EDGEIQ_RACE_ENTRY_HORSE_RATING_SNAPSHOT_V2,STRICTLY_PRIOR_LATEST_GOVERNED_HORSE_RATING_V1,a808d7cb62ba125a810da71036d0fe2625281855d274e53f339811a96863ba2e
9023b6c51ffeee82fc66b021bc46443f8e11f75b15b9de86bece984b37b07e5e,RACE|2026-07-24|ECHUCA|R8|1200M|2026-07-24T06:50:00+00:00,RCOM_HORSE_5330442,RCOM_HORSE_5330442,Blondie's Toronado,2026-07-24,,,,,0,,,,,,,,SNAPSHOT_UNAVAILABLE,NO_GOVERNED_HISTORICAL_RATING,56d572f561ba9200b8a70ff75bd809f306eac809bb8f9f828ee0be24672622da,,4f53cda18c2baa0c0354bb5f9a3ecbe5ed12ab4d8e11ba873c2f11161202b945,EDGEIQ_RACE_ENTRY_HORSE_RATING_SNAPSHOT_V2,STRICTLY_PRIOR_LATEST_GOVERNED_HORSE_RATING_V1,47a216871c983ef98c8dde48e21404d8f73d35fdd4f96c980c500b044d05a411
ad302d08ffe0f59fc78f3883d46ea157d07e08b6c203aca4580e2f2297728732,RACE|2026-07-24|ECHUCA|R8|1200M|2026-07-24T06:50:00+00:00,RCOM_HORSE_5331598,RCOM_HORSE_5331598,Toyz In Zouland,2026-07-24,,,,,0,,,,,,,,SNAPSHOT_UNAVAILABLE,NO_GOVERNED_HISTORICAL_RATING,bd6fb57eb1c4e7b728ebacf5c3e19286d91f453fc7f9b31fb2913adcd3045cbf,,4f53cda18c2baa0c0354bb5f9a3ecbe5ed12ab4d8e11ba873c2f11161202b945,EDGEIQ_RACE_ENTRY_HORSE_RATING_SNAPSHOT_V2,STRICTLY_PRIOR_LATEST_GOVERNED_HORSE_RATING_V1,aa0d81c561cdf22ab7bb25123238468f472116c39e33c2cf722f7e57310510f1
82f634250caf80fca7ef971baa7c1e78cec5d6e2e674066de27d2f74673d4f02,RACE|2026-07-24|ECHUCA|R8|1200M|2026-07-24T06:50:00+00:00,RCOM_HORSE_5342299,RCOM_HORSE_5342299,Shelly's Legacy,2026-07-24,,,,,0,,,,,,,,SNAPSHOT_UNAVAILABLE,NO_GOVERNED_HISTORICAL_RATING,f0d626a5160e456ecc749faf5332141bb8d2d0173b9d9e89234fae9d5ed781e4,,4f53cda18c2baa0c0354bb5f9a3ecbe5ed12ab4d8e11ba873c2f11161202b945,EDGEIQ_RACE_ENTRY_HORSE_RATING_SNAPSHOT_V2,STRICTLY_PRIOR_LATEST_GOVERNED_HORSE_RATING_V1,945907890ddc5e4fa153717b5b0cef6d2052f147e9cce3b21b392e8d2ec425c3
dea3c29bf7f198d189ba474b223238baf9d3e227711dd650addc2ee70fba97c6,RACE|2026-07-24|ECHUCA|R8|1200M|2026-07-24T06:50:00+00:00,RCOM_HORSE_5343728,RCOM_HORSE_5343728,Prevention,2026-07-24,,,,,0,,,,,,,,SNAPSHOT_UNAVAILABLE,NO_GOVERNED_HISTORICAL_RATING,59d521561cb8178dc2cd8579f8510198d07aa1f77b119ca8aeffd0068b392486,,4f53cda18c2baa0c0354bb5f9a3ecbe5ed12ab4d8e11ba873c2f11161202b945,EDGEIQ_RACE_ENTRY_HORSE_RATING_SNAPSHOT_V2,STRICTLY_PRIOR_LATEST_GOVERNED_HORSE_RATING_V1,0e931118dfeb707ce6afd404dba714bb4a33a9cfd6ee35c6b94dac25f912d158
51cb9e53e891d0f49870ac088f9872ee1a11662494b3d31fc839e44cf60587a2,RACE|2026-07-24|ECHUCA|R8|1200M|2026-07-24T06:50:00+00:00,RCOM_HORSE_5348376,RCOM_HORSE_5348376,Sweatband,2026-07-24,,,,,0,,,,,,,,SNAPSHOT_UNAVAILABLE,NO_GOVERNED_HISTORICAL_RATING,5d4d48318b7775cf2784ca0a8500729b704586c457c175112cd717c6bd48245a,,4f53cda18c2baa0c0354bb5f9a3ecbe5ed12ab4d8e11ba873c2f11161202b945,EDGEIQ_RACE_ENTRY_HORSE_RATING_SNAPSHOT_V2,STRICTLY_PRIOR_LATEST_GOVERNED_HORSE_RATING_V1,d0b74f66e79592df6c89392b57b98c51e86bbface52cb7632965755521d3eaac
e082f749e90ce711b5fc6af82814669bc700f0d0fcc51e2b39930611ec98c25d,RACE|2026-07-24|ECHUCA|R8|1200M|2026-07-24T06:50:00+00:00,RCOM_HORSE_5349505,RCOM_HORSE_5349505,Celestial Zara,2026-07-24,,,,,0,,,,,,,,SNAPSHOT_UNAVAILABLE,NO_GOVERNED_HISTORICAL_RATING,6f0777fb74b099898f1d05239ec8c8c945c444b6f896c8424823625583046320,,4f53cda18c2baa0c0354bb5f9a3ecbe5ed12ab4d8e11ba873c2f11161202b945,EDGEIQ_RACE_ENTRY_HORSE_RATING_SNAPSHOT_V2,STRICTLY_PRIOR_LATEST_GOVERNED_HORSE_RATING_V1,f583562c17b41a9804f4a619a68603ce019c150f13874843058fbe26aa185c1e
bedcc322e134fa425dc71725c6654f493b53e980224272608a380add7f54f660,RACE|2026-07-25|CAULFIELD|R1|1200M|2026-07-25T02:10:00+00:00,RCOM_HORSE_5305680,RCOM_HORSE_5305680,Divine Thoughts,2026-07-25,,,,,0,,,,,,,,SNAPSHOT_UNAVAILABLE,NO_GOVERNED_HISTORICAL_RATING,2b1be910f4807642f65895a1999b3d8580fd9ed0efa4149408e2bb1f73d994d0,,4f53cda18c2baa0c0354bb5f9a3ecbe5ed12ab4d8e11ba873c2f11161202b945,EDGEIQ_RACE_ENTRY_HORSE_RATING_SNAPSHOT_V2,STRICTLY_PRIOR_LATEST_GOVERNED_HORSE_RATING_V1,f425ac0c73938b35aaa5800f53d0c964b268474291cff25b55bb7da56ace3c05
55645756195d62e151cd4d9b811d99bd6b71b85c4d92a9a5d92f62631466ba53,RACE|2026-07-25|CAULFIELD|R1|1200M|2026-07-25T02:10:00+00:00,RCOM_HORSE_5306215,RCOM_HORSE_5306215,Happy Link,2026-07-25,,,,,0,,,,,,,,SNAPSHOT_UNAVAILABLE,NO_GOVERNED_HISTORICAL_RATING,69098e05f8bddb97e1a7725138486104beeb70e75c585d6da67d3729f295fed7,,4f53cda18c2baa0c0354bb5f9a3ecbe5ed12ab4d8e11ba873c2f11161202b945,EDGEIQ_RACE_ENTRY_HORSE_RATING_SNAPSHOT_V2,STRICTLY_PRIOR_LATEST_GOVERNED_HORSE_RATING_V1,d357cc83a14f40d59b116c0dd7bcf0ad54721adc3823945d7484b4c42deb52e3
92e0f09f75b8447d92d5f5c611b0deb03ddfc9caad194f5116d2997c4e6f86bb,RACE|2026-07-25|CAULFIELD|R1|1200M|2026-07-25T02:10:00+00:00,RCOM_HORSE_5307187,RCOM_HORSE_5307187,Takeko,2026-07-25,,,,,0,,,,,,,,SNAPSHOT_UNAVAILABLE,NO_GOVERNED_HISTORICAL_RATING,152c682b15924888ae96d296be9654ec45a7c9e798ce2df3e202695667456d6e,,4f53cda18c2baa0c0354bb5f9a3ecbe5ed12ab4d8e11ba873c2f11161202b945,EDGEIQ_RACE_ENTRY_HORSE_RATING_SNAPSHOT_V2,STRICTLY_PRIOR_LATEST_GOVERNED_HORSE_RATING_V1,5d0ea9e6e9028bc7a43405ea8241699de95975580056ca04faf3917486073401
c6bd43b7f02b9e5a736a2387df4834e21bc156f9522510df34e6ccc7245fdf32,RACE|2026-07-25|CAULFIELD|R1|1200M|2026-07-25T02:10:00+00:00,RCOM_HORSE_5323787,RCOM_HORSE_5323787,Sun Setting,2026-07-25,,,,,0,,,,,,,,SNAPSHOT_UNAVAILABLE,NO_GOVERNED_HISTORICAL_RATING,15fb7d144ebcfa6c698eb13f3ebb13fc9f3ba6db40fda26433beb1f788f0976b,,4f53cda18c2baa0c0354bb5f9a3ecbe5ed12ab4d8e11ba873c2f11161202b945,EDGEIQ_RACE_ENTRY_HORSE_RATING_SNAPSHOT_V2,STRICTLY_PRIOR_LATEST_GOVERNED_HORSE_RATING_V1,204411200ba114e239d033ac775f8cce6c614f42d92f6e48f4d7c917ed7055f6
9c0133673d0268cf15de0a449b367e58cce6e7bdcee6eb0bd0de08b1c0fd1cc4,RACE|2026-07-25|CAULFIELD|R1|1200M|2026-07-25T02:10:00+00:00,RCOM_HORSE_5324511,RCOM_HORSE_5324511,Glasgow Lass,2026-07-25,,,,,0,,,,,,,,SNAPSHOT_UNAVAILABLE,NO_GOVERNED_HISTORICAL_RATING,bf92d867b5239977f0a1c82795f7eb6c25ff4b6402aea8d8d1d3ad29e8bdeb82,,4f53cda18c2baa0c0354bb5f9a3ecbe5ed12ab4d8e11ba873c2f11161202b945,EDGEIQ_RACE_ENTRY_HORSE_RATING_SNAPSHOT_V2,STRICTLY_PRIOR_LATEST_GOVERNED_HORSE_RATING_V1,e3ffc4e6c72ae3ba6485b7aed87d8c0352b571427fcfb29bbdb6d37eca63767a
c41e68386733bf06904080c77370a5f75f7f52138552512d8f2fa2f93368475d,RACE|2026-07-25|CAULFIELD|R1|1200M|2026-07-25T02:10:00+00:00,RCOM_HORSE_5333591,RCOM_HORSE_5333591,Vain Champagne,2026-07-25,,,,,0,,,,,,,,SNAPSHOT_UNAVAILABLE,NO_GOVERNED_HISTORICAL_RATING,08f2f60c99101937e199e3b0655a7829a439b1d12b27ed464b1f06deb2f1b247,,4f53cda18c2baa0c0354bb5f9a3ecbe5ed12ab4d8e11ba873c2f11161202b945,EDGEIQ_RACE_ENTRY_HORSE_RATING_SNAPSHOT_V2,STRICTLY_PRIOR_LATEST_GOVERNED_HORSE_RATING_V1,8e3ca173b88ff2e008378fdd7a76cf67b4992be937566664a2ed6bb6318f4704
b6f12789da46a00b485c153b94bce3c8bf18137e79a024eb5749ba97e4be846a,RACE|2026-07-25|CAULFIELD|R1|1200M|2026-07-25T02:10:00+00:00,RCOM_HORSE_5334975,RCOM_HORSE_5334975,Royal Lass,2026-07-25,,,,,0,,,,,,,,SNAPSHOT_UNAVAILABLE,NO_GOVERNED_HISTORICAL_RATING,28fedd49751733f68b3a64a1714defa50560beed2a3a73f4264485d5b37f5a8b,,4f53cda18c2baa0c0354bb5f9a3ecbe5ed12ab4d8e11ba873c2f11161202b945,EDGEIQ_RACE_ENTRY_HORSE_RATING_SNAPSHOT_V2,STRICTLY_PRIOR_LATEST_GOVERNED_HORSE_RATING_V1,468dc961cd93c4e9df5070beb9c611de4528e4bae944694f3e262514b9639222
776ba85c3cdcd9c6ad96275f57eacf74cae6ab506b8940e5374d943438976b00,RACE|2026-07-25|CAULFIELD|R1|1200M|2026-07-25T02:10:00+00:00,RCOM_HORSE_5341390,RCOM_HORSE_5341390,Custom,2026-07-25,,,,,0,,,,,,,,SNAPSHOT_UNAVAILABLE,NO_GOVERNED_HISTORICAL_RATING,7afe6f8e7e3c61866951fe95e955d91a6e22350f52fbb7a00aab78c6b26107b7,,4f53cda18c2baa0c0354bb5f9a3ecbe5ed12ab4d8e11ba873c2f11161202b945,EDGEIQ_RACE_ENTRY_HORSE_RATING_SNAPSHOT_V2,STRICTLY_PRIOR_LATEST_GOVERNED_HORSE_RATING_V1,af13af3b4870f88fb853b3cdb0191a40186de8e04937bafb6edbdc075d8f51f1
e20a0878b544f6ab92c115807413729d839bb1daf5d45016c1960b05c7629438,RACE|2026-07-25|CAULFIELD|R1|1200M|2026-07-25T02:10:00+00:00,RCOM_HORSE_5345772,RCOM_HORSE_5345772,Mystery 'N' Drama,2026-07-25,,,,,0,,,,,,,,SNAPSHOT_UNAVAILABLE,NO_GOVERNED_HISTORICAL_RATING,54a03866346746647c1d8580e46cf1fda90a0d2c939c876394d900abeebe6a35,,4f53cda18c2baa0c0354bb5f9a3ecbe5ed12ab4d8e11ba873c2f11161202b945,EDGEIQ_RACE_ENTRY_HORSE_RATING_SNAPSHOT_V2,STRICTLY_PRIOR_LATEST_GOVERNED_HORSE_RATING_V1,9f90089206a7b032856579fe834800286f6932c66218f2a382f73566cd6ef13c
9670687e765a7c54189b70db13fe20290cec7cc0899ef389deb3ed2feca24383,RACE|2026-07-25|CAULFIELD|R1|1200M|2026-07-25T02:10:00+00:00,RCOM_HORSE_5350996,RCOM_HORSE_5350996,Recuperato,2026-07-25,,,,,0,,,,,,,,SNAPSHOT_UNAVAILABLE,NO_GOVERNED_HISTORICAL_RATING,252fd3ec9533f18ff9566073203aafeb617e2fe0b761eea553595bb91e0c6edc,,4f53cda18c2baa0c0354bb5f9a3ecbe5ed12ab4d8e11ba873c2f11161202b945,EDGEIQ_RACE_ENTRY_HORSE_RATING_SNAPSHOT_V2,STRICTLY_PRIOR_LATEST_GOVERNED_HORSE_RATING_V1,9aefb34465a6d0ef3f8f35b30e8c8e11f18c6f17f06f4d9a53d6f48056c13e28
2c78ab00f6d96f96656d7c9afa24c0ff155a02b581cdf2a3ab21551974bde85d,RACE|2026-07-25|CAULFIELD|R2|1100M|2026-07-25T02:45:00+00:00,RCOM_HORSE_5360092,RCOM_HORSE_5360092,Ghana's Akan,2026-07-25,,,,,0,,,,,,,,SNAPSHOT_UNAVAILABLE,NO_GOVERNED_HISTORICAL_RATING,79643d875116b35de95bb36c7b3afae7365db58fd2692f29dfcf551cda785b43,,4f53cda18c2baa0c0354bb5f9a3ecbe5ed12ab4d8e11ba873c2f11161202b945,EDGEIQ_RACE_ENTRY_HORSE_RATING_SNAPSHOT_V2,STRICTLY_PRIOR_LATEST_GOVERNED_HORSE_RATING_V1,36dd6e50f3e407619c9a724c97ff72f9b1796cfdceb4e818de93c034eb2d133a
c9f502a6dd2869dda6e172c3b6b5ab9fc23ff69b4cbcd19aef8d1491144863f8,RACE|2026-07-25|CAULFIELD|R2|1100M|2026-07-25T02:45:00+00:00,RCOM_HORSE_5363346,RCOM_HORSE_5363346,Resolutely,2026-07-25,,,,,0,,,,,,,,SNAPSHOT_UNAVAILABLE,NO_GOVERNED_HISTORICAL_RATING,9f965566c69ea9ec1d6b908a00f4a026702fbf0784d7d56cb10158f756e259c5,,4f53cda18c2baa0c0354bb5f9a3ecbe5ed12ab4d8e11ba873c2f11161202b945,EDGEIQ_RACE_ENTRY_HORSE_RATING_SNAPSHOT_V2,STRICTLY_PRIOR_LATEST_GOVERNED_HORSE_RATING_V1,c0a88a5e72b50605757264cf613320550a28eb749b0bfff04bdfcdb1332b7242
15119ebb806a32d43073e72662f0f463dcb16f3304ac65a7d32045b923d78536,RACE|2026-07-25|CAULFIELD|R2|1100M|2026-07-25T02:45:00+00:00,RCOM_HORSE_5363723,RCOM_HORSE_5363723,Stakes,2026-07-25,,,,,0,,,,,,,,SNAPSHOT_UNAVAILABLE,NO_GOVERNED_HISTORICAL_RATING,62e9f06b93e639278820be3eb7f6600b18904c0e553fb5c651af0f077c68181e,,4f53cda18c2baa0c0354bb5f9a3ecbe5ed12ab4d8e11ba873c2f11161202b945,EDGEIQ_RACE_ENTRY_HORSE_RATING_SNAPSHOT_V2,STRICTLY_PRIOR_LATEST_GOVERNED_HORSE_RATING_V1,1efc4f0ff97fbc2298c83eabe9b8d1c2e54a248b88e77ad4d3ce8aea39c7017f
82f64695e96e10f117288b952889386b4bcdf1efbdd79ecb4381c42657aff520,RACE|2026-07-25|CAULFIELD|R2|1100M|2026-07-25T02:45:00+00:00,RCOM_HORSE_5363793,RCOM_HORSE_5363793,No Confetti,2026-07-25,,,,,0,,,,,,,,SNAPSHOT_UNAVAILABLE,NO_GOVERNED_HISTORICAL_RATING,1f07905f1478f09ad1c57c36359fdb775a6c4c07ef5cd63dada14d3c896330f4,,4f53cda18c2baa0c0354bb5f9a3ecbe5ed12ab4d8e11ba873c2f11161202b945,EDGEIQ_RACE_ENTRY_HORSE_RATING_SNAPSHOT_V2,STRICTLY_PRIOR_LATEST_GOVERNED_HORSE_RATING_V1,d50b2978e9fce0700728b2bd3ebb8d9b478196509612eeb5010565e6dcc7de0f
e27bb24dfb7b86fa80a4466280196aa7676260a7e37aa9b958e8704c37c38695,RACE|2026-07-25|CAULFIELD|R2|1100M|2026-07-25T02:45:00+00:00,RCOM_HORSE_5363965,RCOM_HORSE_5363965,Orchid Sky,2026-07-25,,,,,0,,,,,,,,SNAPSHOT_UNAVAILABLE,NO_GOVERNED_HISTORICAL_RATING,3c0f8a1919de64c7d618cfb8be3c0a5cbf513764ff9207ee10b8d260cf4af191,,4f53cda18c2baa0c0354bb5f9a3ecbe5ed12ab4d8e11ba873c2f11161202b945,EDGEIQ_RACE_ENTRY_HORSE_RATING_SNAPSHOT_V2,STRICTLY_PRIOR_LATEST_GOVERNED_HORSE_RATING_V1,61d2314c9b9fc1ea22f2ce458617913899eff8d0fb93aa0db93f4abfc9cb9440
f2f94b233edbeba2b8146d96efa669e326866e626b351d83fc98f447a1fddf3f,RACE|2026-07-25|CAULFIELD|R2|1100M|2026-07-25T02:45:00+00:00,RCOM_HORSE_5364962,RCOM_HORSE_5364962,Brazen Panda,2026-07-25,,,,,0,,,,,,,,SNAPSHOT_UNAVAILABLE,NO_GOVERNED_HISTORICAL_RATING,3dac20c4717ac3b887403b4d66ce3744477e5a6fb874b825553dc1168bc237f2,,4f53cda18c2baa0c0354bb5f9a3ecbe5ed12ab4d8e11ba873c2f11161202b945,EDGEIQ_RACE_ENTRY_HORSE_RATING_SNAPSHOT_V2,STRICTLY_PRIOR_LATEST_GOVERNED_HORSE_RATING_V1,1bbe96dedbf6370cc63e585f35803bc4599fbeb1b632233da0fdcd79f8aeb3d2
3069a450ad753791f46a4a8b7bf541dabc9c5b2898827b1c4ef140fdbbe77212,RACE|2026-07-25|CAULFIELD|R2|1100M|2026-07-25T02:45:00+00:00,RCOM_HORSE_5365269,RCOM_HORSE_5365269,Milsons Point,2026-07-25,,,,,0,,,,,,,,SNAPSHOT_UNAVAILABLE,NO_GOVERNED_HISTORICAL_RATING,6a9c1a643d2043f2db2b7c2d62aaeb9b1b08caf5ef2c0dfee8dce3cbf9dbe40e,,4f53cda18c2baa0c0354bb5f9a3ecbe5ed12ab4d8e11ba873c2f11161202b945,EDGEIQ_RACE_ENTRY_HORSE_RATING_SNAPSHOT_V2,STRICTLY_PRIOR_LATEST_GOVERNED_HORSE_RATING_V1,505b45f5e6e213dac49127b0aa4d7889368a88b22ed533fd34a2e5d7565f70a9
8e40f00d8477f71d9edbed9916333279eb732b9847e8041e94103febb4f70e17,RACE|2026-07-25|CAULFIELD|R2|1100M|2026-07-25T02:45:00+00:00,RCOM_HORSE_5367886,RCOM_HORSE_5367886,Doubt Time,2026-07-25,,,,,0,,,,,,,,SNAPSHOT_UNAVAILABLE,NO_GOVERNED_HISTORICAL_RATING,14b7cb65f97c744b9ded9653b9ce132e874725b075be343d4a52c36ddfbdd252,,4f53cda18c2baa0c0354bb5f9a3ecbe5ed12ab4d8e11ba873c2f11161202b945,EDGEIQ_RACE_ENTRY_HORSE_RATING_SNAPSHOT_V2,STRICTLY_PRIOR_LATEST_GOVERNED_HORSE_RATING_V1,6e2e784fc188f25e1e0fc082ffeba1e4160a0f8011bbb507765cefc297470019
5160b4d635e644b9480324fcfcc08d2d357d95bbd0c0d39f68de4f9ad6503a12,RACE|2026-07-25|CAULFIELD|R2|1100M|2026-07-25T02:45:00+00:00,RCOM_HORSE_5367954,RCOM_HORSE_5367954,Jacaranda,2026-07-25,,,,,0,,,,,,,,SNAPSHOT_UNAVAILABLE,NO_GOVERNED_HISTORICAL_RATING,f8240289ab28010bef928281d28c330e0b884d2b63aae027772afd033be57b71,,4f53cda18c2baa0c0354bb5f9a3ecbe5ed12ab4d8e11ba873c2f11161202b945,EDGEIQ_RACE_ENTRY_HORSE_RATING_SNAPSHOT_V2,STRICTLY_PRIOR_LATEST_GOVERNED_HORSE_RATING_V1,6c3aa68f830a3ce6dafafc204942bbd96178b06c874f35c2b3499acbf67655db
e349a5bd1852caaf1e661b7c21b185a1c5d0f6a00247f6210d7f69e6525a23e9,RACE|2026-07-25|CAULFIELD|R2|1100M|2026-07-25T02:45:00+00:00,RCOM_HORSE_5374949,RCOM_HORSE_5374949,Rebel Tuesday,2026-07-25,,,,,0,,,,,,,,SNAPSHOT_UNAVAILABLE,NO_GOVERNED_HISTORICAL_RATING,7ad0b2555e477906ee0e0896d1f27963bdbc6bc506baa026aa2e55f47cc3fde4,,4f53cda18c2baa0c0354bb5f9a3ecbe5ed12ab4d8e11ba873c2f11161202b945,EDGEIQ_RACE_ENTRY_HORSE_RATING_SNAPSHOT_V2,STRICTLY_PRIOR_LATEST_GOVERNED_HORSE_RATING_V1,574ccff28e8d245ce918a963b0b9da796901a74f7577593e94e46d320d481431
3288a9037691dcde2ee640b449404ae99fa17bd11f47573376111fb68c6f5580,RACE|2026-07-25|CAULFIELD|R2|1100M|2026-07-25T02:45:00+00:00,RCOM_HORSE_5375515,RCOM_HORSE_5375515,Brazen Dechambeau,2026-07-25,,,,,0,,,,,,,,SNAPSHOT_UNAVAILABLE,NO_GOVERNED_HISTORICAL_RATING,2aecb2c0a97de6df01bb3bf144587d25ebaf50bdb6a0c2f6fcd3adca583ba113,,4f53cda18c2baa0c0354bb5f9a3ecbe5ed12ab4d8e11ba873c2f11161202b945,EDGEIQ_RACE_ENTRY_HORSE_RATING_SNAPSHOT_V2,STRICTLY_PRIOR_LATEST_GOVERNED_HORSE_RATING_V1,74a64d40a329adb0c1fd7bb9225c4da673a97391e9ccc8d90e45363898429ebd
e86097ec597f5b6680d8a079c2c88bc38e957266d8e48707f80e07bf9892e73e,RACE|2026-07-25|CAULFIELD|R2|1100M|2026-07-25T02:45:00+00:00,RCOM_HORSE_5377061,RCOM_HORSE_5377061,Torture,2026-07-25,,,,,0,,,,,,,,SNAPSHOT_UNAVAILABLE,NO_GOVERNED_HISTORICAL_RATING,7479bc8fe77e2502b7c2399856e5c47a83b077f25fb3fef306116b9bb1d4d833,,4f53cda18c2baa0c0354bb5f9a3ecbe5ed12ab4d8e11ba873c2f11161202b945,EDGEIQ_RACE_ENTRY_HORSE_RATING_SNAPSHOT_V2,STRICTLY_PRIOR_LATEST_GOVERNED_HORSE_RATING_V1,ef9eb77123c2a7b9a3dcd4d6a011ee8edccd179cb8170fe34feeb5f5450a5f8b
e339ae8ba50be3b4676642f5af1199f504986b69c1968e7a680473ff47bf3f52,RACE|2026-07-25|CAULFIELD|R3|1100M|2026-07-25T03:20:00+00:00,RCOM_HORSE_5269409,RCOM_HORSE_5269409,Luna Cat,2026-07-25,,,,,0,,,,,,,,SNAPSHOT_UNAVAILABLE,NO_GOVERNED_HISTORICAL_RATING,729f21f8a542d010008d459ba44faf05578be518b1540b85d69fbd7b97495fb2,,4f53cda18c2baa0c0354bb5f9a3ecbe5ed12ab4d8e11ba873c2f11161202b945,EDGEIQ_RACE_ENTRY_HORSE_RATING_SNAPSHOT_V2,STRICTLY_PRIOR_LATEST_GOVERNED_HORSE_RATING_V1,a5727e6ab0fb7638c633f074945beaac012c37400c307c260adea31790833696
e177a2094c312d1582fa692e5a24f0699c0699e3e1ac0ca673728f5898cd6aff,RACE|2026-07-25|CAULFIELD|R3|1100M|2026-07-25T03:20:00+00:00,RCOM_HORSE_5308657,RCOM_HORSE_5308657,Apache Song,2026-07-25,,,,,0,,,,,,,,SNAPSHOT_UNAVAILABLE,NO_GOVERNED_HISTORICAL_RATING,3b8bdb3ec6d19b0fe344285de4d556383b4e23649b9e603e7eeacf70cf9770a5,,4f53cda18c2baa0c0354bb5f9a3ecbe5ed12ab4d8e11ba873c2f11161202b945,EDGEIQ_RACE_ENTRY_HORSE_RATING_SNAPSHOT_V2,STRICTLY_PRIOR_LATEST_GOVERNED_HORSE_RATING_V1,53fabecbcb133349a4d5115c0cc7ececac5fbe8d0dc7b9cb061b72e4f6112d74
dca41bfae7150b5ef89393fcaefc1a801397b8cb9c7dee25a84bee0f651665cd,RACE|2026-07-25|CAULFIELD|R3|1100M|2026-07-25T03:20:00+00:00,RCOM_HORSE_5321490,RCOM_HORSE_5321490,Salsa Fellow,2026-07-25,,,,,0,,,,,,,,SNAPSHOT_UNAVAILABLE,NO_GOVERNED_HISTORICAL_RATING,3affcf942ba6b973ee7c14ae26331e907de2a906ee5608901b4fc66ab79e1d29,,4f53cda18c2baa0c0354bb5f9a3ecbe5ed12ab4d8e11ba873c2f11161202b945,EDGEIQ_RACE_ENTRY_HORSE_RATING_SNAPSHOT_V2,STRICTLY_PRIOR_LATEST_GOVERNED_HORSE_RATING_V1,8610e81dcb451893ea967cadcd57b29a0ba605d02f39bfb11356b136c3ed7094
42f80bf6acf594b6fed8846a655532e4b3fa31bbe40141a22ff2081d2f1d457c,RACE|2026-07-25|CAULFIELD|R3|1100M|2026-07-25T03:20:00+00:00,RCOM_HORSE_5322946,RCOM_HORSE_5322946,Dancing Storm,2026-07-25,,,,,0,,,,,,,,SNAPSHOT_UNAVAILABLE,NO_GOVERNED_HISTORICAL_RATING,a7ac6e27ec6e9817d071be4774f3fb212989def6432f8ff2460d27bfb1bf7b5b,,4f53cda18c2baa0c0354bb5f9a3ecbe5ed12ab4d8e11ba873c2f11161202b945,EDGEIQ_RACE_ENTRY_HORSE_RATING_SNAPSHOT_V2,STRICTLY_PRIOR_LATEST_GOVERNED_HORSE_RATING_V1,b416f4c3f73c5f38dc0259ddc5914bdb2621bdd2a62fb5853794033eb270c4ba
e6ce4d44ef3b34a51475c5c80bee017b273ab9e7af15eea594a13a43c25c6c9d,RACE|2026-07-25|CAULFIELD|R3|1100M|2026-07-25T03:20:00+00:00,RCOM_HORSE_5323179,RCOM_HORSE_5323179,Behaviour,2026-07-25,,,,,0,,,,,,,,SNAPSHOT_UNAVAILABLE,NO_GOVERNED_HISTORICAL_RATING,328727b20a4f1f2da9554e352781de6361d14935f5698e28ef1889799524c452,,4f53cda18c2baa0c0354bb5f9a3ecbe5ed12ab4d8e11ba873c2f11161202b945,EDGEIQ_RACE_ENTRY_HORSE_RATING_SNAPSHOT_V2,STRICTLY_PRIOR_LATEST_GOVERNED_HORSE_RATING_V1,9259072354fd5efb72699c248dfbf4670be157e3958a4b3fc6235a313950a653
156f9cfdd792c675ebc5ed6fef2002b503c902e0a044a6088bea09cd5adf4060,RACE|2026-07-25|CAULFIELD|R3|1100M|2026-07-25T03:20:00+00:00,RCOM_HORSE_5326945,RCOM_HORSE_5326945,Vestas,2026-07-25,,,,,0,,,,,,,,SNAPSHOT_UNAVAILABLE,NO_GOVERNED_HISTORICAL_RATING,1ebe5898669a8013906b4c3c296d32a2702b9aaf6a32b7c33094a2340a521dfa,,4f53cda18c2baa0c0354bb5f9a3ecbe5ed12ab4d8e11ba873c2f11161202b945,EDGEIQ_RACE_ENTRY_HORSE_RATING_SNAPSHOT_V2,STRICTLY_PRIOR_LATEST_GOVERNED_HORSE_RATING_V1,c019ab6bf8285deed77d7bf8ee23b63bb8b648deb8fbcf87764f4faf41fe5dbb
07f1c893c223857b858949024b434be393843a435b9754f24c243cbb911c6b94,RACE|2026-07-25|CAULFIELD|R3|1100M|2026-07-25T03:20:00+00:00,RCOM_HORSE_5332081,RCOM_HORSE_5332081,Butternut Princess,2026-07-25,,,,,0,,,,,,,,SNAPSHOT_UNAVAILABLE,NO_GOVERNED_HISTORICAL_RATING,f5ac9dedb4956ee7a865df7e1573be94e065a3a5d968d181244bf523454a65af,,4f53cda18c2baa0c0354bb5f9a3ecbe5ed12ab4d8e11ba873c2f11161202b945,EDGEIQ_RACE_ENTRY_HORSE_RATING_SNAPSHOT_V2,STRICTLY_PRIOR_LATEST_GOVERNED_HORSE_RATING_V1,406ab37ac5f76a1c6a4d87a3337d94dac6a7f6abe6d39e8ec94820420d29ee0d
6faf0199969643cf326aa72e5149cc6f40d913c72b7c6b1f70d29293286da0b3,RACE|2026-07-25|CAULFIELD|R3|1100M|2026-07-25T03:20:00+00:00,RCOM_HORSE_5333616,RCOM_HORSE_5333616,Tennessee Bound,2026-07-25,,,,,0,,,,,,,,SNAPSHOT_UNAVAILABLE,NO_GOVERNED_HISTORICAL_RATING,62bc0cc044fc648957b601b1371e36caee15717d757fc026fa4d4e0809a9a928,,4f53cda18c2baa0c0354bb5f9a3ecbe5ed12ab4d8e11ba873c2f11161202b945,EDGEIQ_RACE_ENTRY_HORSE_RATING_SNAPSHOT_V2,STRICTLY_PRIOR_LATEST_GOVERNED_HORSE_RATING_V1,84c937ecd4a1b4c3894777bd2fbb727ec3e4398e384ef30387cbd224feea207a
c9d30e2deb119d80644f9029aee9244c773c3ed05a18f46191619e52d888b474,RACE|2026-07-25|CAULFIELD|R4|1100M|2026-07-25T03:55:00+00:00,RCOM_HORSE_5343116,RCOM_HORSE_5343116,Talladega Girl,2026-07-25,,,,,0,,,,,,,,SNAPSHOT_UNAVAILABLE,NO_GOVERNED_HISTORICAL_RATING,39017d6b6c4cd92c23c6d664855e72b6cde84f7a77789d5a5943c7cd3a0af4fc,,4f53cda18c2baa0c0354bb5f9a3ecbe5ed12ab4d8e11ba873c2f11161202b945,EDGEIQ_RACE_ENTRY_HORSE_RATING_SNAPSHOT_V2,STRICTLY_PRIOR_LATEST_GOVERNED_HORSE_RATING_V1,30c86483fd3ede0eb7c9de86d3afa25ad1857a979b1fb3dd9b302f04135d409a
2bae418b856bf31b515746bc80877dd0720965486555ff09c38af81c3637eb08,RACE|2026-07-25|CAULFIELD|R4|1100M|2026-07-25T03:55:00+00:00,RCOM_HORSE_5343302,RCOM_HORSE_5343302,Farcited,2026-07-25,,,,,0,,,,,,,,SNAPSHOT_UNAVAILABLE,NO_GOVERNED_HISTORICAL_RATING,c7726de2a7b5b3eb9a97cadcddd6655c1a7eec6d8c207bf0b0bcc84022ecbe5a,,4f53cda18c2baa0c0354bb5f9a3ecbe5ed12ab4d8e11ba873c2f11161202b945,EDGEIQ_RACE_ENTRY_HORSE_RATING_SNAPSHOT_V2,STRICTLY_PRIOR_LATEST_GOVERNED_HORSE_RATING_V1,83dae80d05f229eb1339ca3131ee61e29ee67da1cdfb6331252ac3f2b6d46293
8ff74dafdf756387851bf7e33f8ddb577e1ec6ea7886a3afe262edfc7f90757e,RACE|2026-07-25|CAULFIELD|R4|1100M|2026-07-25T03:55:00+00:00,RCOM_HORSE_5343839,RCOM_HORSE_5343839,Afterberna,2026-07-25,,,,,0,,,,,,,,SNAPSHOT_UNAVAILABLE,NO_GOVERNED_HISTORICAL_RATING,5a2bd4d14a008c042091cadb2a565835273f526206ce58d34c600226a30e522e,,4f53cda18c2baa0c0354bb5f9a3ecbe5ed12ab4d8e11ba873c2f11161202b945,EDGEIQ_RACE_ENTRY_HORSE_RATING_SNAPSHOT_V2,STRICTLY_PRIOR_LATEST_GOVERNED_HORSE_RATING_V1,3e0cbcbd4138a1e3e586bf5245caed79df2edc048c3a80715277cec3dea25d44
09b8fe2f699a4fa44dbc991b65072b6d1306df65dfbae85518e29e92f4ba4f49,RACE|2026-07-25|CAULFIELD|R4|1100M|2026-07-25T03:55:00+00:00,RCOM_HORSE_5344093,RCOM_HORSE_5344093,Prince Tycoon,2026-07-25,,,,,0,,,,,,,,SNAPSHOT_UNAVAILABLE,NO_GOVERNED_HISTORICAL_RATING,9fb0f37047c76abaf02ea794f9bff6541ae357e266c223bde01aa961e34e4e11,,4f53cda18c2baa0c0354bb5f9a3ecbe5ed12ab4d8e11ba873c2f11161202b945,EDGEIQ_RACE_ENTRY_HORSE_RATING_SNAPSHOT_V2,STRICTLY_PRIOR_LATEST_GOVERNED_HORSE_RATING_V1,3e79b2a93ffc4febf4a3cef9a8ca2444e32a7372a48896307bbd19857757ab91
9d225d3933b56e45c720f288e391115f7f26478786aa8b70b5ec2e8bc2d77954,RACE|2026-07-25|CAULFIELD|R4|1100M|2026-07-25T03:55:00+00:00,RCOM_HORSE_5345774,RCOM_HORSE_5345774,Signature Scent,2026-07-25,,,,,0,,,,,,,,SNAPSHOT_UNAVAILABLE,NO_GOVERNED_HISTORICAL_RATING,ef54342795524c26a0475dc8e38991171d3277e01a219fcb67b6a37912bbf2c8,,4f53cda18c2baa0c0354bb5f9a3ecbe5ed12ab4d8e11ba873c2f11161202b945,EDGEIQ_RACE_ENTRY_HORSE_RATING_SNAPSHOT_V2,STRICTLY_PRIOR_LATEST_GOVERNED_HORSE_RATING_V1,8e9160ff74dbb4dbc9e0e853a4322298fa8703ce91f20ed1b54f96fee2d86ecb
da2fb3bfdc5681d38ca21f127f4d11e5502054e9e0e7e45df7bd219535bce4ce,RACE|2026-07-25|CAULFIELD|R4|1100M|2026-07-25T03:55:00+00:00,RCOM_HORSE_5346114,RCOM_HORSE_5346114,Pacific Glamour,2026-07-25,,,,,0,,,,,,,,SNAPSHOT_UNAVAILABLE,NO_GOVERNED_HISTORICAL_RATING,e7a95400420a9d0725d27db63fd7c44210bc64f0a121db2579c5af7f739bcb55,,4f53cda18c2baa0c0354bb5f9a3ecbe5ed12ab4d8e11ba873c2f11161202b945,EDGEIQ_RACE_ENTRY_HORSE_RATING_SNAPSHOT_V2,STRICTLY_PRIOR_LATEST_GOVERNED_HORSE_RATING_V1,3b7cf962a6641bfdc51dc15447d2aadedf98aa86b65f5c67f5dadaa7294503a8
ef410f9de3934362e5c6fdaa57a071bfea874656866940f72492a84b5bc9e5aa,RACE|2026-07-25|CAULFIELD|R4|1100M|2026-07-25T03:55:00+00:00,RCOM_HORSE_5346537,RCOM_HORSE_5346537,Express Class,2026-07-25,,,,,0,,,,,,,,SNAPSHOT_UNAVAILABLE,NO_GOVERNED_HISTORICAL_RATING,c10b148f57ea7e5212f63431e2fd6cbdeb03d84983dfd0b0fe692f22128820e7,,4f53cda18c2baa0c0354bb5f9a3ecbe5ed12ab4d8e11ba873c2f11161202b945,EDGEIQ_RACE_ENTRY_HORSE_RATING_SNAPSHOT_V2,STRICTLY_PRIOR_LATEST_GOVERNED_HORSE_RATING_V1,2ca4ecd10ccbdf23536338910034f332c7f7d21baf888ca5a611e2512cf9bf67
9f46aa6c3ecd043e2ef9a2d81845f00d78c28b801374580e5e1d94eff72c4ed5,RACE|2026-07-25|CAULFIELD|R4|1100M|2026-07-25T03:55:00+00:00,RCOM_HORSE_5347491,RCOM_HORSE_5347491,Beautiful Bevy,2026-07-25,,,,,0,,,,,,,,SNAPSHOT_UNAVAILABLE,NO_GOVERNED_HISTORICAL_RATING,cda2dcf9b18347285e6a3940bd502c0a48c4665170b2f1ad63fae23476dde6ff,,4f53cda18c2baa0c0354bb5f9a3ecbe5ed12ab4d8e11ba873c2f11161202b945,EDGEIQ_RACE_ENTRY_HORSE_RATING_SNAPSHOT_V2,STRICTLY_PRIOR_LATEST_GOVERNED_HORSE_RATING_V1,e1d65481fa2455eb6926b95b739a1b6e40ebb3c7c0f81d21a271fd7fd0108a64
530c6c480f39c9a9b9ab557d98c5b1e0887bb76a851ed5ba0e54f37403a00377,RACE|2026-07-25|CAULFIELD|R4|1100M|2026-07-25T03:55:00+00:00,RCOM_HORSE_5349820,RCOM_HORSE_5349820,Snow Mercy,2026-07-25,,,,,0,,,,,,,,SNAPSHOT_UNAVAILABLE,NO_GOVERNED_HISTORICAL_RATING,0f4a4ce1d03a57fc7e9b30ce6aed38aee1478f01d8881bcd77d83744a6ccf8ea,,4f53cda18c2baa0c0354bb5f9a3ecbe5ed12ab4d8e11ba873c2f11161202b945,EDGEIQ_RACE_ENTRY_HORSE_RATING_SNAPSHOT_V2,STRICTLY_PRIOR_LATEST_GOVERNED_HORSE_RATING_V1,6f2cd0a2cb5a08090524b8886b1bb6dc6862a94dceb5eaf7169ab3b64f3d2875
9c19e2bd0ddb69c078eb47b6ad9273d01acd03cae2571029dd05ffe27c484d39,RACE|2026-07-25|CAULFIELD|R4|1100M|2026-07-25T03:55:00+00:00,RCOM_HORSE_5350327,RCOM_HORSE_5350327,Final Moment,2026-07-25,,,,,0,,,,,,,,SNAPSHOT_UNAVAILABLE,NO_GOVERNED_HISTORICAL_RATING,0ffa0f4693953ec1e0c359a2387ae71fe2e1d45d4d63456e438eec14043ab060,,4f53cda18c2baa0c0354bb5f9a3ecbe5ed12ab4d8e11ba873c2f11161202b945,EDGEIQ_RACE_ENTRY_HORSE_RATING_SNAPSHOT_V2,STRICTLY_PRIOR_LATEST_GOVERNED_HORSE_RATING_V1,216105463eb49533e71f0fc1e8b517c61ea6af5e32f614a04ed3da6d43dec034
770fa05db5a4424fc6a261905b69e732e4da190df51f872d3b07e1aae375de2e,RACE|2026-07-25|CAULFIELD|R4|1100M|2026-07-25T03:55:00+00:00,RCOM_HORSE_5352405,RCOM_HORSE_5352405,Logam,2026-07-25,,,,,0,,,,,,,,SNAPSHOT_UNAVAILABLE,NO_GOVERNED_HISTORICAL_RATING,5c4d37b76e0b5354821bb1f724c13e575dc12f6e753092830b9d86f887f2bdb2,,4f53cda18c2baa0c0354bb5f9a3ecbe5ed12ab4d8e11ba873c2f11161202b945,EDGEIQ_RACE_ENTRY_HORSE_RATING_SNAPSHOT_V2,STRICTLY_PRIOR_LATEST_GOVERNED_HORSE_RATING_V1,85713d6c715657a89c509596871722a9aadf329901100f183962a5cee0fca63e
76c46c1eb7812db3dcf2aa2b994166c9b2c07aa08032e1a40cc2ce86ca58960f,RACE|2026-07-25|CAULFIELD|R4|1100M|2026-07-25T03:55:00+00:00,RCOM_HORSE_5353850,RCOM_HORSE_5353850,The Benchmark,2026-07-25,,,,,0,,,,,,,,SNAPSHOT_UNAVAILABLE,NO_GOVERNED_HISTORICAL_RATING,416848ed50562184dcab0a65ca0980dfc2e81ce07d53ec6c01e8d1fe70429978,,4f53cda18c2baa0c0354bb5f9a3ecbe5ed12ab4d8e11ba873c2f11161202b945,EDGEIQ_RACE_ENTRY_HORSE_RATING_SNAPSHOT_V2,STRICTLY_PRIOR_LATEST_GOVERNED_HORSE_RATING_V1,ece9c83ab0fbb7c18fc2287a4e8046b80472d71efc8f27005b92487b69cf01d5
eca8ef993a764157723072d6fbd7cc13313bbd105a08b91280813094ec689f24,RACE|2026-07-25|CAULFIELD|R4|1100M|2026-07-25T03:55:00+00:00,RCOM_HORSE_5356998,RCOM_HORSE_5356998,Jenni The Ninja,2026-07-25,,,,,0,,,,,,,,SNAPSHOT_UNAVAILABLE,NO_GOVERNED_HISTORICAL_RATING,1b3d7fc3114a93ac5bc96869380a07427cbddbcb6dbcc742f40d92c6ff448390,,4f53cda18c2baa0c0354bb5f9a3ecbe5ed12ab4d8e11ba873c2f11161202b945,EDGEIQ_RACE_ENTRY_HORSE_RATING_SNAPSHOT_V2,STRICTLY_PRIOR_LATEST_GOVERNED_HORSE_RATING_V1,bea05e94b69b91e1adabec9af32a52f598c1c95358e020514e87b94784b6b582
1c50ce01c1802509175fc7363212d874b2d1999a3796a82517ff0e0a4156a153,RACE|2026-07-25|CAULFIELD|R4|1100M|2026-07-25T03:55:00+00:00,RCOM_HORSE_5360565,RCOM_HORSE_5360565,Nightime Star,2026-07-25,,,,,0,,,,,,,,SNAPSHOT_UNAVAILABLE,NO_GOVERNED_HISTORICAL_RATING,700ecb959c8d7a1cc5492e234c63d82f7e761e93d1a3a7b133154e23af41733b,,4f53cda18c2baa0c0354bb5f9a3ecbe5ed12ab4d8e11ba873c2f11161202b945,EDGEIQ_RACE_ENTRY_HORSE_RATING_SNAPSHOT_V2,STRICTLY_PRIOR_LATEST_GOVERNED_HORSE_RATING_V1,2194b7e4f7ad36ac2c53444a7184360004234aa9be015b5be91902b3b053a457
c6a2d831f002be76c061ddab457a8fbd03d026b4b53eb847f632fb1ada74b3d9,RACE|2026-07-25|CAULFIELD|R5|1600M|2026-07-25T04:30:00+00:00,RCOM_HORSE_5251812,RCOM_HORSE_5251812,Rumbled Again,2026-07-25,,,,,0,,,,,,,,SNAPSHOT_UNAVAILABLE,NO_GOVERNED_HISTORICAL_RATING,cc8a283f0b6a75a8d84a7a94e593d2afc7e341676c70a3e517e88ce29dd99466,,4f53cda18c2baa0c0354bb5f9a3ecbe5ed12ab4d8e11ba873c2f11161202b945,EDGEIQ_RACE_ENTRY_HORSE_RATING_SNAPSHOT_V2,STRICTLY_PRIOR_LATEST_GOVERNED_HORSE_RATING_V1,2d77765fb42ba68e4e081836f8d6e748c316434b9a9ae6bd4a545c80640e53ec
17e224c9ae235c1be90eaee9a62b647024542efa59d3c312d12aebbbb4f8a12b,RACE|2026-07-25|CAULFIELD|R5|1600M|2026-07-25T04:30:00+00:00,RCOM_HORSE_5280364,RCOM_HORSE_5280364,Jimmy The Bear,2026-07-25,,,,,0,,,,,,,,SNAPSHOT_UNAVAILABLE,NO_GOVERNED_HISTORICAL_RATING,d789aa77f6cf4795f90554ef669bf5ce6f57b1becae7461785502f679bc47a8f,,4f53cda18c2baa0c0354bb5f9a3ecbe5ed12ab4d8e11ba873c2f11161202b945,EDGEIQ_RACE_ENTRY_HORSE_RATING_SNAPSHOT_V2,STRICTLY_PRIOR_LATEST_GOVERNED_HORSE_RATING_V1,37fcf91c931e86befac91f3ebd8394f6b1d2098ec27c44f79502b86aa81ca54e
2465671fa75ba1da70dc1320f7bab537c5ed00e4a9e3d6ba9ede6a36882db126,RACE|2026-07-25|CAULFIELD|R5|1600M|2026-07-25T04:30:00+00:00,RCOM_HORSE_5295675,RCOM_HORSE_5295675,Magnaspin,2026-07-25,,,,,0,,,,,,,,SNAPSHOT_UNAVAILABLE,NO_GOVERNED_HISTORICAL_RATING,e88ff95eb78ff5ae1476d4576c965d30333475f8a71af620ed82e6ed8a3989e4,,4f53cda18c2baa0c0354bb5f9a3ecbe5ed12ab4d8e11ba873c2f11161202b945,EDGEIQ_RACE_ENTRY_HORSE_RATING_SNAPSHOT_V2,STRICTLY_PRIOR_LATEST_GOVERNED_HORSE_RATING_V1,c70b60d9ea05a9bccd6555f85052dd7c636915fa79684911edab06da0a4538dc
bc2f773b3caf7ec0bf00c0d2179bb0b13acfab515589b0af7700910d31514d1e,RACE|2026-07-25|CAULFIELD|R5|1600M|2026-07-25T04:30:00+00:00,RCOM_HORSE_5303794,RCOM_HORSE_5303794,Seafall,2026-07-25,,,,,0,,,,,,,,SNAPSHOT_UNAVAILABLE,NO_GOVERNED_HISTORICAL_RATING,769f6270c6b351671b89d0d31f8012cffe7637171d66844d1a6bffc56d1cc11a,,4f53cda18c2baa0c0354bb5f9a3ecbe5ed12ab4d8e11ba873c2f11161202b945,EDGEIQ_RACE_ENTRY_HORSE_RATING_SNAPSHOT_V2,STRICTLY_PRIOR_LATEST_GOVERNED_HORSE_RATING_V1,17b6bcc96adde3651cee6d7fdcf3da0236e7592e1dab908d07541860c25f159d
389d3a43b824a8e3a0450a537e8d5b9b99c8ce4b15d7919f646e3afa99cf9e78,RACE|2026-07-25|CAULFIELD|R5|1600M|2026-07-25T04:30:00+00:00,RCOM_HORSE_5308967,RCOM_HORSE_5308967,Detonator Jack,2026-07-25,,,,,0,,,,,,,,SNAPSHOT_UNAVAILABLE,NO_GOVERNED_HISTORICAL_RATING,06aac6d39c4381f6643eb4d00cc3c87faf0e4820b18b9f9b59d9b00d546cb012,,4f53cda18c2baa0c0354bb5f9a3ecbe5ed12ab4d8e11ba873c2f11161202b945,EDGEIQ_RACE_ENTRY_HORSE_RATING_SNAPSHOT_V2,STRICTLY_PRIOR_LATEST_GOVERNED_HORSE_RATING_V1,045db5f6fc19ce18be8acfb051e6e49cc823609aced73f361f07e9a50fd10a90
685e83b90558b919fd8be07efa58e4d98759759b5586364c1553514e331cd1ea,RACE|2026-07-25|CAULFIELD|R5|1600M|2026-07-25T04:30:00+00:00,RCOM_HORSE_5311051,RCOM_HORSE_5311051,Tuff Tu Mus,2026-07-25,,,,,0,,,,,,,,SNAPSHOT_UNAVAILABLE,NO_GOVERNED_HISTORICAL_RATING,08df81d399eb3adbcbf24451afc787e597dfc27ecc0579ee15cf4f8248b528a6,,4f53cda18c2baa0c0354bb5f9a3ecbe5ed12ab4d8e11ba873c2f11161202b945,EDGEIQ_RACE_ENTRY_HORSE_RATING_SNAPSHOT_V2,STRICTLY_PRIOR_LATEST_GOVERNED_HORSE_RATING_V1,15fa54fed6680703031ca8bee606f58c96fe039737d9ad4a87941f119cd1882f
300961d974b1b503796f0702e8649a169510072dc7890a63eba06fb0f167317d,RACE|2026-07-25|CAULFIELD|R5|1600M|2026-07-25T04:30:00+00:00,RCOM_HORSE_5316795,RCOM_HORSE_5316795,St Lawrence,2026-07-25,,,,,0,,,,,,,,SNAPSHOT_UNAVAILABLE,NO_GOVERNED_HISTORICAL_RATING,78132fc74009276f5521d748914b23c9ece04c1deb0716d4f80f389f74d9e543,,4f53cda18c2baa0c0354bb5f9a3ecbe5ed12ab4d8e11ba873c2f11161202b945,EDGEIQ_RACE_ENTRY_HORSE_RATING_SNAPSHOT_V2,STRICTLY_PRIOR_LATEST_GOVERNED_HORSE_RATING_V1,44ad2328416fae351fbadc3e8d0dbd13f8d5fd554870adb0d629bbb11b78f5aa
bd9ea2d4e0cef8d631f692bfb9e1d391535585be3e3c1670d08d40a122463cc5,RACE|2026-07-25|CAULFIELD|R5|1600M|2026-07-25T04:30:00+00:00,RCOM_HORSE_5338334,RCOM_HORSE_5338334,First Chorus,2026-07-25,,,,,0,,,,,,,,SNAPSHOT_UNAVAILABLE,NO_GOVERNED_HISTORICAL_RATING,6b60fa9248f6b149d93a701f4a7315a9586438faac04a41521b14e1f5c2a3800,,4f53cda18c2baa0c0354bb5f9a3ecbe5ed12ab4d8e11ba873c2f11161202b945,EDGEIQ_RACE_ENTRY_HORSE_RATING_SNAPSHOT_V2,STRICTLY_PRIOR_LATEST_GOVERNED_HORSE_RATING_V1,5f0cc660ceb343038fa06c6733f537b8de8ec65d4645aed3cac97c629173d6d6
9f210b7bd4cdeecda3c956ee30eb301138437218b768829e8f96f7445df75cc3,RACE|2026-07-25|CAULFIELD|R5|1600M|2026-07-25T04:30:00+00:00,RCOM_HORSE_5356259,RCOM_HORSE_5356259,Unlimited,2026-07-25,,,,,0,,,,,,,,SNAPSHOT_UNAVAILABLE,NO_GOVERNED_HISTORICAL_RATING,1b1a1fab3ecb9c27982ad926b6f5f83324004eb9c5bd8a450c59692cf3931854,,4f53cda18c2baa0c0354bb5f9a3ecbe5ed12ab4d8e11ba873c2f11161202b945,EDGEIQ_RACE_ENTRY_HORSE_RATING_SNAPSHOT_V2,STRICTLY_PRIOR_LATEST_GOVERNED_HORSE_RATING_V1,0b02f4731768c3e2af34610d5b966805ca62b806a3214534ce7e795d90f11fae
4fa0297c04bf402a5e21cfa5dfe41262c127f4aea2c474fb048d37cf7932fc40,RACE|2026-07-25|CAULFIELD|R6|2400M|2026-07-25T05:10:00+00:00,RCOM_HORSE_5339958,RCOM_HORSE_5339958,Pressurised,2026-07-25,,,,,0,,,,,,,,SNAPSHOT_UNAVAILABLE,NO_GOVERNED_HISTORICAL_RATING,ef81367013c7db5acab9f1d24c632591880cb214b8b27c4cc5e8949e997cf4f3,,4f53cda18c2baa0c0354bb5f9a3ecbe5ed12ab4d8e11ba873c2f11161202b945,EDGEIQ_RACE_ENTRY_HORSE_RATING_SNAPSHOT_V2,STRICTLY_PRIOR_LATEST_GOVERNED_HORSE_RATING_V1,b2143315af5f8ed3897310e5cc65c585ca5862d62f8f6530d0ac234f1254a837
fca0f23626ce410bcbfea41e2b37f4529593f617e5df826d61cf915cf43fd5fc,RACE|2026-07-25|CAULFIELD|R6|2400M|2026-07-25T05:10:00+00:00,RCOM_HORSE_5340527,RCOM_HORSE_5340527,Dirnaseer,2026-07-25,,,,,0,,,,,,,,SNAPSHOT_UNAVAILABLE,NO_GOVERNED_HISTORICAL_RATING,ca1c7d2cfdecebac9b3346983f7834a9d3c2db9ec43602f0a772f6c6ad9a5bae,,4f53cda18c2baa0c0354bb5f9a3ecbe5ed12ab4d8e11ba873c2f11161202b945,EDGEIQ_RACE_ENTRY_HORSE_RATING_SNAPSHOT_V2,STRICTLY_PRIOR_LATEST_GOVERNED_HORSE_RATING_V1,d127a04dd07d5d91c064e8722358cb698fddc53339b7a431585971a1faea4b0e
e8b0a6710d55b8dda91b5ccd4e2c8a293b94f302696f68d2e13beb4e7d9dc0b7,RACE|2026-07-25|CAULFIELD|R6|2400M|2026-07-25T05:10:00+00:00,RCOM_HORSE_5345758,RCOM_HORSE_5345758,Decalogue,2026-07-25,,,,,0,,,,,,,,SNAPSHOT_UNAVAILABLE,NO_GOVERNED_HISTORICAL_RATING,5fb145573e4e2d796a2763f60d697b9973d7344fc6be0fc5bc80203470ed5222,,4f53cda18c2baa0c0354bb5f9a3ecbe5ed12ab4d8e11ba873c2f11161202b945,EDGEIQ_RACE_ENTRY_HORSE_RATING_SNAPSHOT_V2,STRICTLY_PRIOR_LATEST_GOVERNED_HORSE_RATING_V1,03592c52ba6ee244c1d48167a36cda1f08f7f420c6b755379c170877e386a43e
ef542e69e520495feb9e7bb157a272abd946b821376a833dfbb6010095964881,RACE|2026-07-25|CAULFIELD|R6|2400M|2026-07-25T05:10:00+00:00,RCOM_HORSE_5346815,RCOM_HORSE_5346815,Menthon,2026-07-25,,,,,0,,,,,,,,SNAPSHOT_UNAVAILABLE,NO_GOVERNED_HISTORICAL_RATING,37d008e8292de93da8cbf371f9f3980bcda5b08a32d462cc286aaa84839e9f2c,,4f53cda18c2baa0c0354bb5f9a3ecbe5ed12ab4d8e11ba873c2f11161202b945,EDGEIQ_RACE_ENTRY_HORSE_RATING_SNAPSHOT_V2,STRICTLY_PRIOR_LATEST_GOVERNED_HORSE_RATING_V1,fc25ed04007a4cfd950a1e3f80e828b7478a4f7df27698a8b290450d2e5ceae0
46bb41b1afd759014ccadad1e13ddeb1bdaa1d4827b33e46d80d856fa7fb74b8,RACE|2026-07-25|CAULFIELD|R6|2400M|2026-07-25T05:10:00+00:00,RCOM_HORSE_5347458,RCOM_HORSE_5347458,Our Chief,2026-07-25,,,,,0,,,,,,,,SNAPSHOT_UNAVAILABLE,NO_GOVERNED_HISTORICAL_RATING,0b770b1db9315c35bafefba7c63834b97b4fd192186b2285372d14c880a63d2a,,4f53cda18c2baa0c0354bb5f9a3ecbe5ed12ab4d8e11ba873c2f11161202b945,EDGEIQ_RACE_ENTRY_HORSE_RATING_SNAPSHOT_V2,STRICTLY_PRIOR_LATEST_GOVERNED_HORSE_RATING_V1,567604905f9c265090ea7e9ba9fd7f619df43686f030effeee0e0d541b760b2a
d2b5dcb1cfa8ad9fa5e38bd6222b8c3a9f2bb9dbab4f4aa9132692bfc488d1c9,RACE|2026-07-25|CAULFIELD|R6|2400M|2026-07-25T05:10:00+00:00,RCOM_HORSE_5347607,RCOM_HORSE_5347607,Brillantezza,2026-07-25,,,,,0,,,,,,,,SNAPSHOT_UNAVAILABLE,NO_GOVERNED_HISTORICAL_RATING,f3de08555f1c03d232b66253fec3d47a2318cdd7de9dfae09a79a896ee76daab,,4f53cda18c2baa0c0354bb5f9a3ecbe5ed12ab4d8e11ba873c2f11161202b945,EDGEIQ_RACE_ENTRY_HORSE_RATING_SNAPSHOT_V2,STRICTLY_PRIOR_LATEST_GOVERNED_HORSE_RATING_V1,276b4671c609542198b91305011e5c4d031e80b38d58c7a5429465fedd98aa23
83fa7e31b60da590c1a99ea12bdaec7f0d49f66c79a1dc2e39f6858e8f3ec6a0,RACE|2026-07-25|CAULFIELD|R6|2400M|2026-07-25T05:10:00+00:00,RCOM_HORSE_5347671,RCOM_HORSE_5347671,Harbour Town,2026-07-25,,,,,0,,,,,,,,SNAPSHOT_UNAVAILABLE,NO_GOVERNED_HISTORICAL_RATING,139c25dc97c21fa065b62f0bbcc26884115b17c8cfcea85df9d6f32beb0ad045,,4f53cda18c2baa0c0354bb5f9a3ecbe5ed12ab4d8e11ba873c2f11161202b945,EDGEIQ_RACE_ENTRY_HORSE_RATING_SNAPSHOT_V2,STRICTLY_PRIOR_LATEST_GOVERNED_HORSE_RATING_V1,d4e90a015e1e28a15795df8cc92a524e046b60bfb7baac47c7ca601246d73392
b92f629c4eaa1fdb7a26cccad09589cf0d19f09ad6667b72df9d83f262bd28d4,RACE|2026-07-25|CAULFIELD|R6|2400M|2026-07-25T05:10:00+00:00,RCOM_HORSE_5352448,RCOM_HORSE_5352448,Kings Reflection,2026-07-25,,,,,0,,,,,,,,SNAPSHOT_UNAVAILABLE,NO_GOVERNED_HISTORICAL_RATING,3361e983ac99d3888142337ce4be919feaf39e3ba219b968173e3126569c107f,,4f53cda18c2baa0c0354bb5f9a3ecbe5ed12ab4d8e11ba873c2f11161202b945,EDGEIQ_RACE_ENTRY_HORSE_RATING_SNAPSHOT_V2,STRICTLY_PRIOR_LATEST_GOVERNED_HORSE_RATING_V1,5b0b510871124fd96c011dc5197313748719a7df215825e5f6f0696698d00055
4999478a2d7ef4396e14a218c8862d5cfac89df0382836b0b2c90a43f34beb82,RACE|2026-07-25|CAULFIELD|R6|2400M|2026-07-25T05:10:00+00:00,RCOM_HORSE_5372898,RCOM_HORSE_5372898,Don't Doubt Dare,2026-07-25,,,,,0,,,,,,,,SNAPSHOT_UNAVAILABLE,NO_GOVERNED_HISTORICAL_RATING,a568100b93379eb0677babaca096b03a58d5f54c9ebb09f80589e72a890ee50c,,4f53cda18c2baa0c0354bb5f9a3ecbe5ed12ab4d8e11ba873c2f11161202b945,EDGEIQ_RACE_ENTRY_HORSE_RATING_SNAPSHOT_V2,STRICTLY_PRIOR_LATEST_GOVERNED_HORSE_RATING_V1,77fe5065a0dd57c445532f5fba1641651076dec2e3c9fcd692b1ac501b6916d7
be6268edce9285f25873dbe5177a324c935e8d57d063b03ce6fc4ae0c1db5477,RACE|2026-07-25|CAULFIELD|R6|2400M|2026-07-25T05:10:00+00:00,RCOM_HORSE_5382500,RCOM_HORSE_5382500,Engine Of War,2026-07-25,,,,,0,,,,,,,,SNAPSHOT_UNAVAILABLE,NO_GOVERNED_HISTORICAL_RATING,2478d7203becb82b37e56c5dde372432395d48098e0ed68916c9396c70f601ab,,4f53cda18c2baa0c0354bb5f9a3ecbe5ed12ab4d8e11ba873c2f11161202b945,EDGEIQ_RACE_ENTRY_HORSE_RATING_SNAPSHOT_V2,STRICTLY_PRIOR_LATEST_GOVERNED_HORSE_RATING_V1,be8c4d68d9f73a4af00202a9b8cb023e54562c536f1ff5cd5d3ebff0ed34d790
9d73971075f452eff6c5f27c31693602f2d2760789eef98e6d4461154ba044b9,RACE|2026-07-25|CAULFIELD|R6|2400M|2026-07-25T05:10:00+00:00,RCOM_HORSE_5388911,RCOM_HORSE_5388911,Ferrario,2026-07-25,,,,,0,,,,,,,,SNAPSHOT_UNAVAILABLE,NO_GOVERNED_HISTORICAL_RATING,9be9ced4be95360e7a0e86df858cd20dc6a9edef17538788c5efb45fe671c457,,4f53cda18c2baa0c0354bb5f9a3ecbe5ed12ab4d8e11ba873c2f11161202b945,EDGEIQ_RACE_ENTRY_HORSE_RATING_SNAPSHOT_V2,STRICTLY_PRIOR_LATEST_GOVERNED_HORSE_RATING_V1,4ef120260a95054f17d60e0a27ef43f40e2fb39673a80a8bbf72fb8ac85bd7a0
510ed015cdecaa8e2c470bc6a36a3b376c88cca0ec6d5081c7728e70f33b02fc,RACE|2026-07-25|CAULFIELD|R7|1200M|2026-07-25T05:50:00+00:00,RCOM_HORSE_5286543,RCOM_HORSE_5286543,Recommendation,2026-07-25,,,,,0,,,,,,,,SNAPSHOT_UNAVAILABLE,NO_GOVERNED_HISTORICAL_RATING,98ee6bca495eb5c44a9a3fc1630d2bbf791888137d51d9d0528247321a80fcd2,,4f53cda18c2baa0c0354bb5f9a3ecbe5ed12ab4d8e11ba873c2f11161202b945,EDGEIQ_RACE_ENTRY_HORSE_RATING_SNAPSHOT_V2,STRICTLY_PRIOR_LATEST_GOVERNED_HORSE_RATING_V1,fc70d65db43c578a516d3159402e1ede4653ed278b746f81af89d5277629b2e0
ebd342d9fbd4b03d2d85b09b3c02d219ae08aa20824a83a5c16ad123434d4887,RACE|2026-07-25|CAULFIELD|R7|1200M|2026-07-25T05:50:00+00:00,RCOM_HORSE_5286834,RCOM_HORSE_5286834,Aztec Ruler,2026-07-25,,,,,0,,,,,,,,SNAPSHOT_UNAVAILABLE,NO_GOVERNED_HISTORICAL_RATING,02bc3a101d96465a99990b4b1824de9fcff048e9acced2c9c3b2ef94151bd935,,4f53cda18c2baa0c0354bb5f9a3ecbe5ed12ab4d8e11ba873c2f11161202b945,EDGEIQ_RACE_ENTRY_HORSE_RATING_SNAPSHOT_V2,STRICTLY_PRIOR_LATEST_GOVERNED_HORSE_RATING_V1,021617189a755f55afb07ea2a967f090a18621a77d2419c59b2a6d567512dfc8
d1799dfc9f36793a03da3b668bd761ae1e2d60c139b20251fc54f10cb9387c85,RACE|2026-07-25|CAULFIELD|R7|1200M|2026-07-25T05:50:00+00:00,RCOM_HORSE_5288542,RCOM_HORSE_5288542,Zou Sensation,2026-07-25,,,,,0,,,,,,,,SNAPSHOT_UNAVAILABLE,NO_GOVERNED_HISTORICAL_RATING,9649afa8bdb0c86b6b475bac95ff86de8e7e7170a5791b75317c036aae3b7e2d,,4f53cda18c2baa0c0354bb5f9a3ecbe5ed12ab4d8e11ba873c2f11161202b945,EDGEIQ_RACE_ENTRY_HORSE_RATING_SNAPSHOT_V2,STRICTLY_PRIOR_LATEST_GOVERNED_HORSE_RATING_V1,9d21636d0a370ad1894619c431f52d034d253fd15622d0b842d13d708b5a48c1
08a8f556636334053d4f04cedc2e628e35eee7b4c30b4b447294cf8d45a17fff,RACE|2026-07-25|CAULFIELD|R7|1200M|2026-07-25T05:50:00+00:00,RCOM_HORSE_5304588,RCOM_HORSE_5304588,Cosmic Crusader,2026-07-25,,,,,0,,,,,,,,SNAPSHOT_UNAVAILABLE,NO_GOVERNED_HISTORICAL_RATING,3174becbd5d1341010182757b4374bd28bb6769d7010e8421ef7f7ba17be7cae,,4f53cda18c2baa0c0354bb5f9a3ecbe5ed12ab4d8e11ba873c2f11161202b945,EDGEIQ_RACE_ENTRY_HORSE_RATING_SNAPSHOT_V2,STRICTLY_PRIOR_LATEST_GOVERNED_HORSE_RATING_V1,0fec7af4b0424fff54db92ecb98edb4dba252fa4c5bde730d764d16c743f5e13
6cace746b56793e9e23ddc3ca26167055c9a3250371d6cf2c1cf716b02fe5f34,RACE|2026-07-25|CAULFIELD|R7|1200M|2026-07-25T05:50:00+00:00,RCOM_HORSE_5306095,RCOM_HORSE_5306095,Samangu,2026-07-25,,,,,0,,,,,,,,SNAPSHOT_UNAVAILABLE,NO_GOVERNED_HISTORICAL_RATING,b533d51d41ee989a3009668f5f8de5c1f2f9e7eea010320435fadd035c98a026,,4f53cda18c2baa0c0354bb5f9a3ecbe5ed12ab4d8e11ba873c2f11161202b945,EDGEIQ_RACE_ENTRY_HORSE_RATING_SNAPSHOT_V2,STRICTLY_PRIOR_LATEST_GOVERNED_HORSE_RATING_V1,41b45db81ff5b82eab28e989484ee5efbe2bb5b3041806af0d182af549d0f29b
3508922c912a406d6dd9862928c34ed3ef253964119295ed37a3a7616ec70697,RACE|2026-07-25|CAULFIELD|R7|1200M|2026-07-25T05:50:00+00:00,RCOM_HORSE_5309013,RCOM_HORSE_5309013,Title Fighter,2026-07-25,,,,,0,,,,,,,,SNAPSHOT_UNAVAILABLE,NO_GOVERNED_HISTORICAL_RATING,035c459d271f1adbf898baa6b7369446ab32084e4eb739e2c85504a13888e484,,4f53cda18c2baa0c0354bb5f9a3ecbe5ed12ab4d8e11ba873c2f11161202b945,EDGEIQ_RACE_ENTRY_HORSE_RATING_SNAPSHOT_V2,STRICTLY_PRIOR_LATEST_GOVERNED_HORSE_RATING_V1,a7e3a1d2e7dd437cf9cb8e54fd22680951ede60b0929d9ad94098048f824ab73
493d429ec5c9eb49bb3289d31242a2db01a262f165ad31e637e0e89040097cf4,RACE|2026-07-25|CAULFIELD|R7|1200M|2026-07-25T05:50:00+00:00,RCOM_HORSE_5311692,RCOM_HORSE_5311692,Watchme Win,2026-07-25,,,,,0,,,,,,,,SNAPSHOT_UNAVAILABLE,NO_GOVERNED_HISTORICAL_RATING,0f7fd5f689b214da7ed47e3952a10c4ca578d8a149b3d2a978efddd3af71224f,,4f53cda18c2baa0c0354bb5f9a3ecbe5ed12ab4d8e11ba873c2f11161202b945,EDGEIQ_RACE_ENTRY_HORSE_RATING_SNAPSHOT_V2,STRICTLY_PRIOR_LATEST_GOVERNED_HORSE_RATING_V1,03118331fd87835cd2d8816d595d53c4c020e1e0ae14aa6fe435688afe61f4ee
b6e6676d23b796512cb6654f09867049e76c3cd9c24d0e0743a4b4f0bfae828c,RACE|2026-07-25|CAULFIELD|R7|1200M|2026-07-25T05:50:00+00:00,RCOM_HORSE_5313226,RCOM_HORSE_5313226,Miraval Rose,2026-07-25,,,,,0,,,,,,,,SNAPSHOT_UNAVAILABLE,NO_GOVERNED_HISTORICAL_RATING,0e1c8bb30a2733e87a482a7f617915e715e0a87b46b48fd52015df05f3b66c84,,4f53cda18c2baa0c0354bb5f9a3ecbe5ed12ab4d8e11ba873c2f11161202b945,EDGEIQ_RACE_ENTRY_HORSE_RATING_SNAPSHOT_V2,STRICTLY_PRIOR_LATEST_GOVERNED_HORSE_RATING_V1,9f84eb3d995abf917f3694c00e3be81d1c43c208270a5aac9541b8f365e0914d
91fdbaad1f82bc22313a25f4a5062ed5f2588ae56149c88f2f8b1a63682a0c62,RACE|2026-07-25|CAULFIELD|R7|1200M|2026-07-25T05:50:00+00:00,RCOM_HORSE_5323630,RCOM_HORSE_5323630,Winnasedge,2026-07-25,,,,,0,,,,,,,,SNAPSHOT_UNAVAILABLE,NO_GOVERNED_HISTORICAL_RATING,49f9efb35f66471913aade221603f1b733864aa61db63a1df9e2f3dc51b9a50a,,4f53cda18c2baa0c0354bb5f9a3ecbe5ed12ab4d8e11ba873c2f11161202b945,EDGEIQ_RACE_ENTRY_HORSE_RATING_SNAPSHOT_V2,STRICTLY_PRIOR_LATEST_GOVERNED_HORSE_RATING_V1,f64e0dc407007dc9e0e0ee56b81ee244de425e349d08ad628bf85f0ce80be683
b2b3539400db62898d523ecf13079662c3311a30b86d42efe05e888b2137cb07,RACE|2026-07-25|CAULFIELD|R8|2000M|2026-07-25T06:25:00+00:00,RCOM_HORSE_5266226,RCOM_HORSE_5266226,Station One,2026-07-25,,,,,0,,,,,,,,SNAPSHOT_UNAVAILABLE,NO_GOVERNED_HISTORICAL_RATING,9ec6e56c0577ca2a68b0189949d1ac055f182c55f20d143f7e7ce606eda1f84a,,4f53cda18c2baa0c0354bb5f9a3ecbe5ed12ab4d8e11ba873c2f11161202b945,EDGEIQ_RACE_ENTRY_HORSE_RATING_SNAPSHOT_V2,STRICTLY_PRIOR_LATEST_GOVERNED_HORSE_RATING_V1,57a46355bae9b86e005c6f886c491959e8c0923a8068b5b9c2a126e65e4f5f1e
dadc4d230a336e6ae254642f500be96ac6dcc8f2772d7df6fffb4b853fbb5a03,RACE|2026-07-25|CAULFIELD|R8|2000M|2026-07-25T06:25:00+00:00,RCOM_HORSE_5266967,RCOM_HORSE_5266967,Belle Savoir,2026-07-25,,,,,0,,,,,,,,SNAPSHOT_UNAVAILABLE,NO_GOVERNED_HISTORICAL_RATING,ad57ab79c7dc16443cc77929aa8e3b65dde6eaf5d33297705247c348046e6282,,4f53cda18c2baa0c0354bb5f9a3ecbe5ed12ab4d8e11ba873c2f11161202b945,EDGEIQ_RACE_ENTRY_HORSE_RATING_SNAPSHOT_V2,STRICTLY_PRIOR_LATEST_GOVERNED_HORSE_RATING_V1,34232903f6a33d843c138d8da4dfcb8df122553fdf0e15fc7f42d1d7b7d3266f
e91c2b2ef9a8666fbc3e66c2da3fcfb605c3889feca56b227b8975521a1443c8,RACE|2026-07-25|CAULFIELD|R8|2000M|2026-07-25T06:25:00+00:00,RCOM_HORSE_5289137,RCOM_HORSE_5289137,Test The Law,2026-07-25,,,,,0,,,,,,,,SNAPSHOT_UNAVAILABLE,NO_GOVERNED_HISTORICAL_RATING,9bc814673cddfc85810cbc0b0d78c3b33be094e09f5bb7c6bf58dabcef2b96f9,,4f53cda18c2baa0c0354bb5f9a3ecbe5ed12ab4d8e11ba873c2f11161202b945,EDGEIQ_RACE_ENTRY_HORSE_RATING_SNAPSHOT_V2,STRICTLY_PRIOR_LATEST_GOVERNED_HORSE_RATING_V1,9c3a7b3100ae1f5d32800bb21e1f9e65381093d923f449a444ad405e790f911b
48d5e02f3fa7e8f2263d5bf52a882364f75a0e2055b936bdf733bebc2ef94ed4,RACE|2026-07-25|CAULFIELD|R8|2000M|2026-07-25T06:25:00+00:00,RCOM_HORSE_5309649,RCOM_HORSE_5309649,Crimson Vine,2026-07-25,,,,,0,,,,,,,,SNAPSHOT_UNAVAILABLE,NO_GOVERNED_HISTORICAL_RATING,622dae129065bd50d74f3b18c2cf4cc91dcea19eb623fc767744fdc4bbc73d5f,,4f53cda18c2baa0c0354bb5f9a3ecbe5ed12ab4d8e11ba873c2f11161202b945,EDGEIQ_RACE_ENTRY_HORSE_RATING_SNAPSHOT_V2,STRICTLY_PRIOR_LATEST_GOVERNED_HORSE_RATING_V1,e1146d7fedefd5f1aaff8ec9cdb9e811127758cecfb994c5369d9618d46303d9
da5b5dd345f954e554dc3b7c245598cb7bad3fc8e2fecce9019dacf0e56bab33,RACE|2026-07-25|CAULFIELD|R8|2000M|2026-07-25T06:25:00+00:00,RCOM_HORSE_5309932,RCOM_HORSE_5309932,Makdane,2026-07-25,,,,,0,,,,,,,,SNAPSHOT_UNAVAILABLE,NO_GOVERNED_HISTORICAL_RATING,7ad65940886187787e0869a8617f22f157d46321e6549446693b6056d3cf1f68,,4f53cda18c2baa0c0354bb5f9a3ecbe5ed12ab4d8e11ba873c2f11161202b945,EDGEIQ_RACE_ENTRY_HORSE_RATING_SNAPSHOT_V2,STRICTLY_PRIOR_LATEST_GOVERNED_HORSE_RATING_V1,8618c672e212cd196ac95505183a8802a6fe360ff8f701679ce91dfb4d149b09
c0304cb67307aa931899189cf8728d55d633c4ff029317cf6df9a14b75e1479b,RACE|2026-07-25|CAULFIELD|R8|2000M|2026-07-25T06:25:00+00:00,RCOM_HORSE_5311674,RCOM_HORSE_5311674,Beach Pad,2026-07-25,,,,,0,,,,,,,,SNAPSHOT_UNAVAILABLE,NO_GOVERNED_HISTORICAL_RATING,d5d63f31277f367cee4816368c57ac9c537cc672db9ccb4416317735dc6d4e3b,,4f53cda18c2baa0c0354bb5f9a3ecbe5ed12ab4d8e11ba873c2f11161202b945,EDGEIQ_RACE_ENTRY_HORSE_RATING_SNAPSHOT_V2,STRICTLY_PRIOR_LATEST_GOVERNED_HORSE_RATING_V1,668f8bd30ee1bdf09cad2a9b901b36bec3c5cf95048d0fa17f5448cfe896bf8f
92f1626a7bce79f0297f17385e82efa7776bd0405a8c33598a82828db8884b22,RACE|2026-07-25|CAULFIELD|R8|2000M|2026-07-25T06:25:00+00:00,RCOM_HORSE_5313865,RCOM_HORSE_5313865,Diwali,2026-07-25,,,,,0,,,,,,,,SNAPSHOT_UNAVAILABLE,NO_GOVERNED_HISTORICAL_RATING,cdc276c4e48842283ef9f935a307c1f12238d67358473a9f80ee5125bfad706f,,4f53cda18c2baa0c0354bb5f9a3ecbe5ed12ab4d8e11ba873c2f11161202b945,EDGEIQ_RACE_ENTRY_HORSE_RATING_SNAPSHOT_V2,STRICTLY_PRIOR_LATEST_GOVERNED_HORSE_RATING_V1,4d5e55e9452e27330a5792dfe88c10098796d42868bb9fcbeb40cb86fd5c9ae2
a053ec9153005e90667421b0cd3605392c2592d7f8a2161c02754fc24c7a03b7,RACE|2026-07-25|CAULFIELD|R8|2000M|2026-07-25T06:25:00+00:00,RCOM_HORSE_5338777,RCOM_HORSE_5338777,Oraqua,2026-07-25,,,,,0,,,,,,,,SNAPSHOT_UNAVAILABLE,NO_GOVERNED_HISTORICAL_RATING,39527863bc3551a3103c961c8083d31a4c7d5c211a8674ed3012f6f0e8607743,,4f53cda18c2baa0c0354bb5f9a3ecbe5ed12ab4d8e11ba873c2f11161202b945,EDGEIQ_RACE_ENTRY_HORSE_RATING_SNAPSHOT_V2,STRICTLY_PRIOR_LATEST_GOVERNED_HORSE_RATING_V1,7b5569ee739625aa6cf8f7874a04d53a370d3994e4f6f15a40ae4678103269f4
96fca0bf6da89850c705e28bd29bbb138e38770e498d583e06af888f918ba079,RACE|2026-07-25|CAULFIELD|R8|2000M|2026-07-25T06:25:00+00:00,RCOM_HORSE_5342388,RCOM_HORSE_5342388,Leonchroi,2026-07-25,,,,,0,,,,,,,,SNAPSHOT_UNAVAILABLE,NO_GOVERNED_HISTORICAL_RATING,3c127dd7d90d45213ef26ab797bf1cf98af9ce9b24f658bcbcf19cdd44a20dbf,,4f53cda18c2baa0c0354bb5f9a3ecbe5ed12ab4d8e11ba873c2f11161202b945,EDGEIQ_RACE_ENTRY_HORSE_RATING_SNAPSHOT_V2,STRICTLY_PRIOR_LATEST_GOVERNED_HORSE_RATING_V1,a883555fc46fbb18b765fcebb4ac619ba975f40de50210212cb1a7313433de78
9699e34161696e80f131ed78a0ffe44c2068bd3848810dd460e69a37071be78a,RACE|2026-07-25|CAULFIELD|R8|2000M|2026-07-25T06:25:00+00:00,RCOM_HORSE_5348150,RCOM_HORSE_5348150,Aftermath,2026-07-25,,,,,0,,,,,,,,SNAPSHOT_UNAVAILABLE,NO_GOVERNED_HISTORICAL_RATING,d12c3a93dfad5c974684a9f49ae9038c3672f84fda7186cedd3fda97cd6b65f1,,4f53cda18c2baa0c0354bb5f9a3ecbe5ed12ab4d8e11ba873c2f11161202b945,EDGEIQ_RACE_ENTRY_HORSE_RATING_SNAPSHOT_V2,STRICTLY_PRIOR_LATEST_GOVERNED_HORSE_RATING_V1,3b3e327a95341848d4e75eb81c74473413d50f011ad26b1e11f97f32eb83efc4
95337af0ccc80b9b862ae48c2a59daf7a7b527897465610e2a3a3d96d86e86de,RACE|2026-07-25|CAULFIELD|R8|2000M|2026-07-25T06:25:00+00:00,RCOM_HORSE_5350812,RCOM_HORSE_5350812,Savour The Dream,2026-07-25,,,,,0,,,,,,,,SNAPSHOT_UNAVAILABLE,NO_GOVERNED_HISTORICAL_RATING,6fcea2717514b5b9257f198010d359e06ae3af4079e569af972d0892b37e3a2a,,4f53cda18c2baa0c0354bb5f9a3ecbe5ed12ab4d8e11ba873c2f11161202b945,EDGEIQ_RACE_ENTRY_HORSE_RATING_SNAPSHOT_V2,STRICTLY_PRIOR_LATEST_GOVERNED_HORSE_RATING_V1,31dc7bc1b006184fb1a3809a4645a0e24c02307023ffd52df9167dfe3a5e7af3
bb82cd2e00f514da4e932f3386302a26d35ef676409ef82bebfd0852e1b9d6f2,RACE|2026-07-25|CAULFIELD|R8|2000M|2026-07-25T06:25:00+00:00,RCOM_HORSE_5356122,RCOM_HORSE_5356122,Amleto,2026-07-25,,,,,0,,,,,,,,SNAPSHOT_UNAVAILABLE,NO_GOVERNED_HISTORICAL_RATING,3c0bcac2b3623215c2fe9a700bff03d99adbbdd36614ff196702ae4b132e924b,,4f53cda18c2baa0c0354bb5f9a3ecbe5ed12ab4d8e11ba873c2f11161202b945,EDGEIQ_RACE_ENTRY_HORSE_RATING_SNAPSHOT_V2,STRICTLY_PRIOR_LATEST_GOVERNED_HORSE_RATING_V1,2203529f31b29e63703d3f74fb4bef279b28bae27d6c0005958dcfd2a3946f6e
a2bfd57c18e6de2002779457f762ea556cca5a746159c5f5a4ed89537bfb0842,RACE|2026-07-25|CAULFIELD|R8|2000M|2026-07-25T06:25:00+00:00,RCOM_HORSE_5357149,RCOM_HORSE_5357149,Stop The Rock,2026-07-25,,,,,0,,,,,,,,SNAPSHOT_UNAVAILABLE,NO_GOVERNED_HISTORICAL_RATING,0406028ca574b2cec8ccdf0ee096dac20212f840c1fc8b8c58c7922b12300875,,4f53cda18c2baa0c0354bb5f9a3ecbe5ed12ab4d8e11ba873c2f11161202b945,EDGEIQ_RACE_ENTRY_HORSE_RATING_SNAPSHOT_V2,STRICTLY_PRIOR_LATEST_GOVERNED_HORSE_RATING_V1,9971c0c449458e0c323f656ae324efcd931491fc5c2e9f2de7d080c3146017ed
477d6ed9fa8682ae14617331eaab11f82c06eb48cb87a9744f20bf75297aaab7,RACE|2026-07-25|CAULFIELD|R8|2000M|2026-07-25T06:25:00+00:00,RCOM_HORSE_5370452,RCOM_HORSE_5370452,Prince Eric,2026-07-25,,,,,0,,,,,,,,SNAPSHOT_UNAVAILABLE,NO_GOVERNED_HISTORICAL_RATING,98db875c6200b374d580bb664af711774cea701c0ae1abe0c4a9880d499bca89,,4f53cda18c2baa0c0354bb5f9a3ecbe5ed12ab4d8e11ba873c2f11161202b945,EDGEIQ_RACE_ENTRY_HORSE_RATING_SNAPSHOT_V2,STRICTLY_PRIOR_LATEST_GOVERNED_HORSE_RATING_V1,d25d9c11008f1f37f2c8cbbfc82319a4f8df68366d81a1477f2bbb9030706344
0ea21019315ee371a77c9d14193489544d8288069e98b1f40928b0b7feb00050,RACE|2026-07-25|CAULFIELD|R8|2000M|2026-07-25T06:25:00+00:00,RCOM_HORSE_5392900,RCOM_HORSE_5392900,Aeolian,2026-07-25,,,,,0,,,,,,,,SNAPSHOT_UNAVAILABLE,NO_GOVERNED_HISTORICAL_RATING,cb637ddd6c1303a585288b825b43bbef62dd3ca299382f68014a07cd8a0940a2,,4f53cda18c2baa0c0354bb5f9a3ecbe5ed12ab4d8e11ba873c2f11161202b945,EDGEIQ_RACE_ENTRY_HORSE_RATING_SNAPSHOT_V2,STRICTLY_PRIOR_LATEST_GOVERNED_HORSE_RATING_V1,88e787a1c7c3b3d2eea9b5e1890778306adeffd7494af444e8a557e07f7efa24
0568798aa5b73361135a232e20e7e630e824710cf1af6918269b1a1096f5659b,RACE|2026-07-25|CAULFIELD|R9|1400M|2026-07-25T06:55:00+00:00,RCOM_HORSE_5341015,RCOM_HORSE_5341015,Hotei Senshi,2026-07-25,,,,,0,,,,,,,,SNAPSHOT_UNAVAILABLE,NO_GOVERNED_HISTORICAL_RATING,749e0e8657ee1a24c289e097d81001f10a3c74663819f611e878a0c2f344e100,,4f53cda18c2baa0c0354bb5f9a3ecbe5ed12ab4d8e11ba873c2f11161202b945,EDGEIQ_RACE_ENTRY_HORSE_RATING_SNAPSHOT_V2,STRICTLY_PRIOR_LATEST_GOVERNED_HORSE_RATING_V1,8c5579af31f892300b9715b73bab122e7ddc7c65ce16bbf0d01e08a68b0fc112
6e3b80a2ca20bfffb170961bed4d3059b1af4ea862be8e38b4666963cb6e7c30,RACE|2026-07-25|CAULFIELD|R9|1400M|2026-07-25T06:55:00+00:00,RCOM_HORSE_5341386,RCOM_HORSE_5341386,Falset Star,2026-07-25,,,,,0,,,,,,,,SNAPSHOT_UNAVAILABLE,NO_GOVERNED_HISTORICAL_RATING,69da8f391ee487f3750a5aeb77e274be3416ee2751b0600f303b538154e33534,,4f53cda18c2baa0c0354bb5f9a3ecbe5ed12ab4d8e11ba873c2f11161202b945,EDGEIQ_RACE_ENTRY_HORSE_RATING_SNAPSHOT_V2,STRICTLY_PRIOR_LATEST_GOVERNED_HORSE_RATING_V1,dd5d6c95715db07ae80e5c81d35d75ff164386bbf9ec9f87c568cec9e249f7ec
6e3f03bbe917fa8cc2986a6025be4b1f2f0ce8aa69633f0a8e2301a8bd75c28e,RACE|2026-07-25|CAULFIELD|R9|1400M|2026-07-25T06:55:00+00:00,RCOM_HORSE_5342833,RCOM_HORSE_5342833,Barking Mad,2026-07-25,,,,,0,,,,,,,,SNAPSHOT_UNAVAILABLE,NO_GOVERNED_HISTORICAL_RATING,61f77b97e482486bc9938139fb39d8c565daf5c7f7082bcb8c51d024ab8a22fa,,4f53cda18c2baa0c0354bb5f9a3ecbe5ed12ab4d8e11ba873c2f11161202b945,EDGEIQ_RACE_ENTRY_HORSE_RATING_SNAPSHOT_V2,STRICTLY_PRIOR_LATEST_GOVERNED_HORSE_RATING_V1,07a19e4af86aa76078964da3cee982a6f6a4405b09d1cef5b38c6a7cb54758da
5528c7c1e7e39ddad5eea56337e889abe90f61f696e3b46edf938817d2a0448c,RACE|2026-07-25|CAULFIELD|R9|1400M|2026-07-25T06:55:00+00:00,RCOM_HORSE_5344269,RCOM_HORSE_5344269,Jenni Gone Bonkers,2026-07-25,,,,,0,,,,,,,,SNAPSHOT_UNAVAILABLE,NO_GOVERNED_HISTORICAL_RATING,bf5bfe1bfc4e5e93a266ff1461527652c6abf9b2e0cb9d47c9faf9fd3102c1ce,,4f53cda18c2baa0c0354bb5f9a3ecbe5ed12ab4d8e11ba873c2f11161202b945,EDGEIQ_RACE_ENTRY_HORSE_RATING_SNAPSHOT_V2,STRICTLY_PRIOR_LATEST_GOVERNED_HORSE_RATING_V1,07405c0528c2d608434701e5a8ab08b7240ecabb2a5b8f3f095b6d858f8c8f92
68ac9e00783ed409d552f39f51e1c4c1d4d67b79f7b29208c6eb40c637d6ada5,RACE|2026-07-25|CAULFIELD|R9|1400M|2026-07-25T06:55:00+00:00,RCOM_HORSE_5346423,RCOM_HORSE_5346423,Just Too Fly,2026-07-25,,,,,0,,,,,,,,SNAPSHOT_UNAVAILABLE,NO_GOVERNED_HISTORICAL_RATING,16e1a27e713d10978b01a447f2a06e606af1357943f58aa9fd17ef258e43824f,,4f53cda18c2baa0c0354bb5f9a3ecbe5ed12ab4d8e11ba873c2f11161202b945,EDGEIQ_RACE_ENTRY_HORSE_RATING_SNAPSHOT_V2,STRICTLY_PRIOR_LATEST_GOVERNED_HORSE_RATING_V1,5872097d015cddacba73debd30af35e9ed46f015bb05a024473c30e4d710f551
5cc35cd53dec3014c3045b4e3e0deb1d996502433a56681662a4dc0b0af2c1f3,RACE|2026-07-25|CAULFIELD|R9|1400M|2026-07-25T06:55:00+00:00,RCOM_HORSE_5348523,RCOM_HORSE_5348523,Ludlum,2026-07-25,,,,,0,,,,,,,,SNAPSHOT_UNAVAILABLE,NO_GOVERNED_HISTORICAL_RATING,2ef3a8a5f1e1d3e0f49315e98cb9cca0f39c982ec458244c9bc91c9ce59a2ff9,,4f53cda18c2baa0c0354bb5f9a3ecbe5ed12ab4d8e11ba873c2f11161202b945,EDGEIQ_RACE_ENTRY_HORSE_RATING_SNAPSHOT_V2,STRICTLY_PRIOR_LATEST_GOVERNED_HORSE_RATING_V1,934ffc8801c9177ad266ac51a56822ee42f2279dad0291ebc266e3c99ca7240d
e93a08f25bf34c6c7811d94898dc8426bd831f4828563e9958ca14d5774f1c5b,RACE|2026-07-25|CAULFIELD|R9|1400M|2026-07-25T06:55:00+00:00,RCOM_HORSE_5348554,RCOM_HORSE_5348554,Itazura,2026-07-25,,,,,0,,,,,,,,ENTRY_INACTIVE,SCRATCHED_OR_WITHDRAWN,05b437c8526375fec447c157b22f0be9b75d77c75f62c19f0927fddcf165ce36,,4f53cda18c2baa0c0354bb5f9a3ecbe5ed12ab4d8e11ba873c2f11161202b945,EDGEIQ_RACE_ENTRY_HORSE_RATING_SNAPSHOT_V2,STRICTLY_PRIOR_LATEST_GOVERNED_HORSE_RATING_V1,041c73dbc0ae97469e8a42d21897f11b03b69dfe1bac390046d1e061cdc2b7f7
b90649b24663ddb34898f6f47512c7ddee31d64e28f575dd6588d5c77bef2414,RACE|2026-07-25|CAULFIELD|R9|1400M|2026-07-25T06:55:00+00:00,RCOM_HORSE_5348797,RCOM_HORSE_5348797,Centu Cavaddi,2026-07-25,,,,,0,,,,,,,,SNAPSHOT_UNAVAILABLE,NO_GOVERNED_HISTORICAL_RATING,2888952d141f2ac0a6ba54d2ff45bc6b632ab5dc53a94c0671c1fec5bd3977b8,,4f53cda18c2baa0c0354bb5f9a3ecbe5ed12ab4d8e11ba873c2f11161202b945,EDGEIQ_RACE_ENTRY_HORSE_RATING_SNAPSHOT_V2,STRICTLY_PRIOR_LATEST_GOVERNED_HORSE_RATING_V1,954b3f35f13edf399d18261170c4cf1944a68f2b21d70feb137edc7e90d71994
c829f722e173920c746587c1971af2e4ca3666d8dab5b350a194321b980bda50,RACE|2026-07-25|CAULFIELD|R9|1400M|2026-07-25T06:55:00+00:00,RCOM_HORSE_5349193,RCOM_HORSE_5349193,Lauberhorn,2026-07-25,,,,,0,,,,,,,,SNAPSHOT_UNAVAILABLE,NO_GOVERNED_HISTORICAL_RATING,5227621debf9173701f737d5632242d5cdc6894a4168a2725674aa503e9c4f19,,4f53cda18c2baa0c0354bb5f9a3ecbe5ed12ab4d8e11ba873c2f11161202b945,EDGEIQ_RACE_ENTRY_HORSE_RATING_SNAPSHOT_V2,STRICTLY_PRIOR_LATEST_GOVERNED_HORSE_RATING_V1,2d397a30da9a7dcf60f3fd7ff46e991108dd55621c7d1fc82ef52807e52c9b22
732e3cd0dba14740d577607f87c012bf39453f5b7ced186ee8736a321d8cbd26,RACE|2026-07-25|CAULFIELD|R9|1400M|2026-07-25T06:55:00+00:00,RCOM_HORSE_5350092,RCOM_HORSE_5350092,Blankfield,2026-07-25,,,,,0,,,,,,,,SNAPSHOT_UNAVAILABLE,NO_GOVERNED_HISTORICAL_RATING,f83d794d85ddcf4a56faccdac53d4a691e7aecf70ba901962442e22465f74126,,4f53cda18c2baa0c0354bb5f9a3ecbe5ed12ab4d8e11ba873c2f11161202b945,EDGEIQ_RACE_ENTRY_HORSE_RATING_SNAPSHOT_V2,STRICTLY_PRIOR_LATEST_GOVERNED_HORSE_RATING_V1,26d3958a925e54931cd09f7c0a5770eb8091f8b5bf792f2a947d14419e9481fd
26c41c3e7c650f973f23dbdcf4695bfe03fde59cfd0d93fb6ceae49310b4a9e1,RACE|2026-07-25|CAULFIELD|R9|1400M|2026-07-25T06:55:00+00:00,RCOM_HORSE_5351215,RCOM_HORSE_5351215,Celtics,2026-07-25,,,,,0,,,,,,,,SNAPSHOT_UNAVAILABLE,NO_GOVERNED_HISTORICAL_RATING,9eb5296ec73a91b05330ee40bbd718bc2d6d09eea4031ce740d3bd982dbbc3c5,,4f53cda18c2baa0c0354bb5f9a3ecbe5ed12ab4d8e11ba873c2f11161202b945,EDGEIQ_RACE_ENTRY_HORSE_RATING_SNAPSHOT_V2,STRICTLY_PRIOR_LATEST_GOVERNED_HORSE_RATING_V1,de893b4abf4926d5ffdcd9a95e474491de413ea76162677a4882d551dda80f0c
835515c753fdfd90683b2978ff7be80b06eac83ad42e3ea85161f991ef28fde4,RACE|2026-07-25|CAULFIELD|R9|1400M|2026-07-25T06:55:00+00:00,RCOM_HORSE_5353008,RCOM_HORSE_5353008,Shares,2026-07-25,,,,,0,,,,,,,,SNAPSHOT_UNAVAILABLE,NO_GOVERNED_HISTORICAL_RATING,404fa4dc1ab9ba87077e1ff9989c9252c14d4f51680af3483ef42226177e531c,,4f53cda18c2baa0c0354bb5f9a3ecbe5ed12ab4d8e11ba873c2f11161202b945,EDGEIQ_RACE_ENTRY_HORSE_RATING_SNAPSHOT_V2,STRICTLY_PRIOR_LATEST_GOVERNED_HORSE_RATING_V1,5c64b6e090f3c48e5e793172d688eecfc880d5cd6c2ffc1ef6e075b37802188a
8fd7ab425809eefb49cfc2cedeb99b1715b5efd0b626b7939dd03809ae023cce,RACE|2026-07-25|CAULFIELD|R9|1400M|2026-07-25T06:55:00+00:00,RCOM_HORSE_5358101,RCOM_HORSE_5358101,Magnetic Chess,2026-07-25,,,,,0,,,,,,,,SNAPSHOT_UNAVAILABLE,NO_GOVERNED_HISTORICAL_RATING,0d8b1c389abac81b7fa4b82475fbcc0570bb6cb345796c5af2b315a4dd6dbe08,,4f53cda18c2baa0c0354bb5f9a3ecbe5ed12ab4d8e11ba873c2f11161202b945,EDGEIQ_RACE_ENTRY_HORSE_RATING_SNAPSHOT_V2,STRICTLY_PRIOR_LATEST_GOVERNED_HORSE_RATING_V1,85a650fd2f228c34820ca066920fc985d43142e4d42adf1f7a0adf0bb7f1d2ea
9d6144d4d2f7a648dc82e628f1df3d2137de11a45d46dc6727bd0c1314b14e11,RACE|2026-07-25|CAULFIELD|R9|1400M|2026-07-25T06:55:00+00:00,RCOM_HORSE_5376607,RCOM_HORSE_5376607,Cruiserweight,2026-07-25,,,,,0,,,,,,,,SNAPSHOT_UNAVAILABLE,NO_GOVERNED_HISTORICAL_RATING,9c868a5284f96fcdb4c0aa494b64a3fe2e42c290c8932fac6c7cafeab55aa6ef,,4f53cda18c2baa0c0354bb5f9a3ecbe5ed12ab4d8e11ba873c2f11161202b945,EDGEIQ_RACE_ENTRY_HORSE_RATING_SNAPSHOT_V2,STRICTLY_PRIOR_LATEST_GOVERNED_HORSE_RATING_V1,b53128b18bb1808e7dfe8bf1c09075ed187a258ed6ff6690b3b0463984da7ba7
6aed6dd946b8c2ad88e7de119b327742abd3084ed65489858699446b880d2de7,RACE|2026-07-25|CAULFIELD|R9|1400M|2026-07-25T06:55:00+00:00,RCOM_HORSE_5378192,RCOM_HORSE_5378192,Mahershala,2026-07-25,,,,,0,,,,,,,,SNAPSHOT_UNAVAILABLE,NO_GOVERNED_HISTORICAL_RATING,561dd4c396ea27361f3eb1565ae0c5fae848d2b3ce876a8ce0839aa9367e79a9,,4f53cda18c2baa0c0354bb5f9a3ecbe5ed12ab4d8e11ba873c2f11161202b945,EDGEIQ_RACE_ENTRY_HORSE_RATING_SNAPSHOT_V2,STRICTLY_PRIOR_LATEST_GOVERNED_HORSE_RATING_V1,c4010583f769f10e459e76ce1b26f55486059572660525371cab4a3dfec76844
