meeting_id,race_date,track,track_key,state,meeting_url,source_url,source_type,discovery_timestamp,http_status,evidence_status,provenance,source_payload_path,source_hash
2026-06-01_PARKKILMORE,2026-06-01,bet365 Park Kilmore,PARKKILMORE,VIC,https://www.racing.com/form/2026-06-01/bet365-park-kilmore,https://www.racing.com/services/appv2/GetMeetsByMonth/2026/6,RACINGCOM_GET_MEETS_BY_MONTH,2026-07-22T19:21:33+00:00,200,OBSERVED_IN_RACINGCOM_MONTH_PAYLOAD,Meeting observed in Racing.com GetMeetsByMonth payload; V2 does not emit race-level rows from this meeting.,outputs\performance-intelligence\racingcom-v2\raw\meeting-discovery\https_www_racing_com_services_appv2_GetMeetsByMonth_2026_6_b9b7bdf9584c.txt,f83f4acccf6b3e6384e93d645ad3cc633e8470d49d95902b80081cb25dbc028c
2026-06-01_SOUTHSIDECRANBOURNE,2026-06-01,Southside Cranbourne,SOUTHSIDECRANBOURNE,VIC,https://www.racing.com/form/2026-06-01/southside-cranbourne-jumpout,https://www.racing.com/services/appv2/GetMeetsByMonth/2026/6,RACINGCOM_GET_MEETS_BY_MONTH,2026-07-22T19:21:33+00:00,200,OBSERVED_IN_RACINGCOM_MONTH_PAYLOAD,Meeting observed in Racing.com GetMeetsByMonth payload; V2 does not emit race-level rows from this meeting.,outputs\performance-intelligence\racingcom-v2\raw\meeting-discovery\https_www_racing_com_services_appv2_GetMeetsByMonth_2026_6_b9b7bdf9584c.txt,f83f4acccf6b3e6384e93d645ad3cc633e8470d49d95902b80081cb25dbc028c
2026-06-02_ECHUCA,2026-06-02,bet365 Echuca,ECHUCA,VIC,https://www.racing.com/form/2026-06-02/bet365-echuca,https://www.racing.com/services/appv2/GetMeetsByMonth/2026/6,RACINGCOM_GET_MEETS_BY_MONTH,2026-07-22T19:21:33+00:00,200,OBSERVED_IN_RACINGCOM_MONTH_PAYLOAD,Meeting observed in Racing.com GetMeetsByMonth payload; V2 does not emit race-level rows from this meeting.,outputs\performance-intelligence\racingcom-v2\raw\meeting-discovery\https_www_racing_com_services_appv2_GetMeetsByMonth_2026_6_b9b7bdf9584c.txt,f83f4acccf6b3e6384e93d645ad3cc633e8470d49d95902b80081cb25dbc028c
2026-06-02_SOUTHSIDEPAKENHAM,2026-06-02,Southside Pakenham,SOUTHSIDEPAKENHAM,VIC,https://www.racing.com/form/2026-06-02/southside-pakenham-jumpout,https://www.racing.com/services/appv2/GetMeetsByMonth/2026/6,RACINGCOM_GET_MEETS_BY_MONTH,2026-07-22T19:21:33+00:00,200,OBSERVED_IN_RACINGCOM_MONTH_PAYLOAD,Meeting observed in Racing.com GetMeetsByMonth payload; V2 does not emit race-level rows from this meeting.,outputs\performance-intelligence\racingcom-v2\raw\meeting-discovery\https_www_racing_com_services_appv2_GetMeetsByMonth_2026_6_b9b7bdf9584c.txt,f83f4acccf6b3e6384e93d645ad3cc633e8470d49d95902b80081cb25dbc028c
2026-06-03_BALLARATSYN,2026-06-03,Sportsbet-Ballarat Syn,BALLARATSYN,VIC,https://www.racing.com/form/2026-06-03/sportsbet-ballarat-synthetic-jumpout,https://www.racing.com/services/appv2/GetMeetsByMonth/2026/6,RACINGCOM_GET_MEETS_BY_MONTH,2026-07-22T19:21:33+00:00,200,OBSERVED_IN_RACINGCOM_MONTH_PAYLOAD,Meeting observed in Racing.com GetMeetsByMonth payload; V2 does not emit race-level rows from this meeting.,outputs\performance-intelligence\racingcom-v2\raw\meeting-discovery\https_www_racing_com_services_appv2_GetMeetsByMonth_2026_6_b9b7bdf9584c.txt,f83f4acccf6b3e6384e93d645ad3cc633e8470d49d95902b80081cb25dbc028c
2026-06-03_CAULFIELD,2026-06-03,Caulfield,CAULFIELD,VIC,https://www.racing.com/form/2026-06-03/caulfield-jumpout,https://www.racing.com/services/appv2/GetMeetsByMonth/2026/6,RACINGCOM_GET_MEETS_BY_MONTH,2026-07-22T19:21:33+00:00,200,OBSERVED_IN_RACINGCOM_MONTH_PAYLOAD,Meeting observed in Racing.com GetMeetsByMonth payload; V2 does not emit race-level rows from this meeting.,outputs\performance-intelligence\racingcom-v2\raw\meeting-discovery\https_www_racing_com_services_appv2_GetMeetsByMonth_2026_6_b9b7bdf9584c.txt,f83f4acccf6b3e6384e93d645ad3cc633e8470d49d95902b80081cb25dbc028c
2026-06-03_SANDOWNLAKESIDE,2026-06-03,Sportsbet Sandown Lakeside,SANDOWNLAKESIDE,VIC,https://www.racing.com/form/2026-06-03/sportsbet-sandown-lakeside,https://www.racing.com/services/appv2/GetMeetsByMonth/2026/6,RACINGCOM_GET_MEETS_BY_MONTH,2026-07-22T19:21:33+00:00,200,OBSERVED_IN_RACINGCOM_MONTH_PAYLOAD,Meeting observed in Racing.com GetMeetsByMonth payload; V2 does not emit race-level rows from this meeting.,outputs\performance-intelligence\racingcom-v2\raw\meeting-discovery\https_www_racing_com_services_appv2_GetMeetsByMonth_2026_6_b9b7bdf9584c.txt,f83f4acccf6b3e6384e93d645ad3cc633e8470d49d95902b80081cb25dbc028c
2026-06-03_WARRNAMBOOL,2026-06-03,Warrnambool,WARRNAMBOOL,VIC,https://www.racing.com/form/2026-06-03/warrnambool-jumpout,https://www.racing.com/services/appv2/GetMeetsByMonth/2026/6,RACINGCOM_GET_MEETS_BY_MONTH,2026-07-22T19:21:33+00:00,200,OBSERVED_IN_RACINGCOM_MONTH_PAYLOAD,Meeting observed in Racing.com GetMeetsByMonth payload; V2 does not emit race-level rows from this meeting.,outputs\performance-intelligence\racingcom-v2\raw\meeting-discovery\https_www_racing_com_services_appv2_GetMeetsByMonth_2026_6_b9b7bdf9584c.txt,f83f4acccf6b3e6384e93d645ad3cc633e8470d49d95902b80081cb25dbc028c
2026-06-04_GEELONG,2026-06-04,Ladbrokes Geelong,GEELONG,VIC,https://www.racing.com/form/2026-06-04/ladbrokes-geelong,https://www.racing.com/services/appv2/GetMeetsByMonth/2026/6,RACINGCOM_GET_MEETS_BY_MONTH,2026-07-22T19:21:33+00:00,200,OBSERVED_IN_RACINGCOM_MONTH_PAYLOAD,Meeting observed in Racing.com GetMeetsByMonth payload; V2 does not emit race-level rows from this meeting.,outputs\performance-intelligence\racingcom-v2\raw\meeting-discovery\https_www_racing_com_services_appv2_GetMeetsByMonth_2026_6_b9b7bdf9584c.txt,f83f4acccf6b3e6384e93d645ad3cc633e8470d49d95902b80081cb25dbc028c
2026-06-04_STARNAUD,2026-06-04,St Arnaud,STARNAUD,VIC,https://www.racing.com/form/2026-06-04/st-arnaud-jumpout,https://www.racing.com/services/appv2/GetMeetsByMonth/2026/6,RACINGCOM_GET_MEETS_BY_MONTH,2026-07-22T19:21:33+00:00,200,OBSERVED_IN_RACINGCOM_MONTH_PAYLOAD,Meeting observed in Racing.com GetMeetsByMonth payload; V2 does not emit race-level rows from this meeting.,outputs\performance-intelligence\racingcom-v2\raw\meeting-discovery\https_www_racing_com_services_appv2_GetMeetsByMonth_2026_6_b9b7bdf9584c.txt,f83f4acccf6b3e6384e93d645ad3cc633e8470d49d95902b80081cb25dbc028c
2026-06-04_WANGARATTA,2026-06-04,Sportsbet-Wangaratta,WANGARATTA,VIC,https://www.racing.com/form/2026-06-04/sportsbet-wangaratta-jumpout,https://www.racing.com/services/appv2/GetMeetsByMonth/2026/6,RACINGCOM_GET_MEETS_BY_MONTH,2026-07-22T19:21:33+00:00,200,OBSERVED_IN_RACINGCOM_MONTH_PAYLOAD,Meeting observed in Racing.com GetMeetsByMonth payload; V2 does not emit race-level rows from this meeting.,outputs\performance-intelligence\racingcom-v2\raw\meeting-discovery\https_www_racing_com_services_appv2_GetMeetsByMonth_2026_6_b9b7bdf9584c.txt,f83f4acccf6b3e6384e93d645ad3cc633e8470d49d95902b80081cb25dbc028c
2026-06-05_FLEMINGTON,2026-06-05,Flemington,FLEMINGTON,VIC,https://www.racing.com/form/2026-06-05/flemington-jumpout,https://www.racing.com/services/appv2/GetMeetsByMonth/2026/6,RACINGCOM_GET_MEETS_BY_MONTH,2026-07-22T19:21:33+00:00,200,OBSERVED_IN_RACINGCOM_MONTH_PAYLOAD,Meeting observed in Racing.com GetMeetsByMonth payload; V2 does not emit race-level rows from this meeting.,outputs\performance-intelligence\racingcom-v2\raw\meeting-discovery\https_www_racing_com_services_appv2_GetMeetsByMonth_2026_6_b9b7bdf9584c.txt,f83f4acccf6b3e6384e93d645ad3cc633e8470d49d95902b80081cb25dbc028c
2026-06-05_SWANHILL,2026-06-05,bet365 Swan Hill,SWANHILL,VIC,https://www.racing.com/form/2026-06-05/bet365-swan-hill,https://www.racing.com/services/appv2/GetMeetsByMonth/2026/6,RACINGCOM_GET_MEETS_BY_MONTH,2026-07-22T19:21:33+00:00,200,OBSERVED_IN_RACINGCOM_MONTH_PAYLOAD,Meeting observed in Racing.com GetMeetsByMonth payload; V2 does not emit race-level rows from this meeting.,outputs\performance-intelligence\racingcom-v2\raw\meeting-discovery\https_www_racing_com_services_appv2_GetMeetsByMonth_2026_6_b9b7bdf9584c.txt,f83f4acccf6b3e6384e93d645ad3cc633e8470d49d95902b80081cb25dbc028c
2026-06-05_TRARALGON,2026-06-05,bet365 Traralgon,TRARALGON,VIC,https://www.racing.com/form/2026-06-05/bet365-traralgon-trial,https://www.racing.com/services/appv2/GetMeetsByMonth/2026/6,RACINGCOM_GET_MEETS_BY_MONTH,2026-07-22T19:21:33+00:00,200,OBSERVED_IN_RACINGCOM_MONTH_PAYLOAD,Meeting observed in Racing.com GetMeetsByMonth payload; V2 does not emit race-level rows from this meeting.,outputs\performance-intelligence\racingcom-v2\raw\meeting-discovery\https_www_racing_com_services_appv2_GetMeetsByMonth_2026_6_b9b7bdf9584c.txt,f83f4acccf6b3e6384e93d645ad3cc633e8470d49d95902b80081cb25dbc028c
2026-06-06_FLEMINGTON,2026-06-06,Flemington,FLEMINGTON,VIC,https://www.racing.com/form/2026-06-06/flemington,https://www.racing.com/services/appv2/GetMeetsByMonth/2026/6,RACINGCOM_GET_MEETS_BY_MONTH,2026-07-22T19:21:33+00:00,200,OBSERVED_IN_RACINGCOM_MONTH_PAYLOAD,Meeting observed in Racing.com GetMeetsByMonth payload; V2 does not emit race-level rows from this meeting.,outputs\performance-intelligence\racingcom-v2\raw\meeting-discovery\https_www_racing_com_services_appv2_GetMeetsByMonth_2026_6_b9b7bdf9584c.txt,f83f4acccf6b3e6384e93d645ad3cc633e8470d49d95902b80081cb25dbc028c
2026-06-06_SWANHILL,2026-06-06,bet365 Swan Hill,SWANHILL,VIC,https://www.racing.com/form/2026-06-06/bet365-swan-hill,https://www.racing.com/services/appv2/GetMeetsByMonth/2026/6,RACINGCOM_GET_MEETS_BY_MONTH,2026-07-22T19:21:33+00:00,200,OBSERVED_IN_RACINGCOM_MONTH_PAYLOAD,Meeting observed in Racing.com GetMeetsByMonth payload; V2 does not emit race-level rows from this meeting.,outputs\performance-intelligence\racingcom-v2\raw\meeting-discovery\https_www_racing_com_services_appv2_GetMeetsByMonth_2026_6_b9b7bdf9584c.txt,f83f4acccf6b3e6384e93d645ad3cc633e8470d49d95902b80081cb25dbc028c
2026-06-07_CASTERTON,2026-06-07,Casterton,CASTERTON,VIC,https://www.racing.com/form/2026-06-07/casterton,https://www.racing.com/services/appv2/GetMeetsByMonth/2026/6,RACINGCOM_GET_MEETS_BY_MONTH,2026-07-22T19:21:33+00:00,200,OBSERVED_IN_RACINGCOM_MONTH_PAYLOAD,Meeting observed in Racing.com GetMeetsByMonth payload; V2 does not emit race-level rows from this meeting.,outputs\performance-intelligence\racingcom-v2\raw\meeting-discovery\https_www_racing_com_services_appv2_GetMeetsByMonth_2026_6_b9b7bdf9584c.txt,f83f4acccf6b3e6384e93d645ad3cc633e8470d49d95902b80081cb25dbc028c
2026-06-07_SWANHILL,2026-06-07,bet365 Swan Hill,SWANHILL,VIC,https://www.racing.com/form/2026-06-07/bet365-swan-hill,https://www.racing.com/services/appv2/GetMeetsByMonth/2026/6,RACINGCOM_GET_MEETS_BY_MONTH,2026-07-22T19:21:33+00:00,200,OBSERVED_IN_RACINGCOM_MONTH_PAYLOAD,Meeting observed in Racing.com GetMeetsByMonth payload; V2 does not emit race-level rows from this meeting.,outputs\performance-intelligence\racingcom-v2\raw\meeting-discovery\https_www_racing_com_services_appv2_GetMeetsByMonth_2026_6_b9b7bdf9584c.txt,f83f4acccf6b3e6384e93d645ad3cc633e8470d49d95902b80081cb25dbc028c
2026-06-08_MORNINGTON,2026-06-08,Mornington,MORNINGTON,VIC,https://www.racing.com/form/2026-06-08/mornington,https://www.racing.com/services/appv2/GetMeetsByMonth/2026/6,RACINGCOM_GET_MEETS_BY_MONTH,2026-07-22T19:21:33+00:00,200,OBSERVED_IN_RACINGCOM_MONTH_PAYLOAD,Meeting observed in Racing.com GetMeetsByMonth payload; V2 does not emit race-level rows from this meeting.,outputs\performance-intelligence\racingcom-v2\raw\meeting-discovery\https_www_racing_com_services_appv2_GetMeetsByMonth_2026_6_b9b7bdf9584c.txt,f83f4acccf6b3e6384e93d645ad3cc633e8470d49d95902b80081cb25dbc028c
2026-06-08_SOUTHSIDECRANBOURNE,2026-06-08,Southside Cranbourne,SOUTHSIDECRANBOURNE,VIC,https://www.racing.com/form/2026-06-08/southside-cranbourne-jumpout,https://www.racing.com/services/appv2/GetMeetsByMonth/2026/6,RACINGCOM_GET_MEETS_BY_MONTH,2026-07-22T19:21:33+00:00,200,OBSERVED_IN_RACINGCOM_MONTH_PAYLOAD,Meeting observed in Racing.com GetMeetsByMonth payload; V2 does not emit race-level rows from this meeting.,outputs\performance-intelligence\racingcom-v2\raw\meeting-discovery\https_www_racing_com_services_appv2_GetMeetsByMonth_2026_6_b9b7bdf9584c.txt,f83f4acccf6b3e6384e93d645ad3cc633e8470d49d95902b80081cb25dbc028c
2026-06-09_DONALD,2026-06-09,Donald,DONALD,VIC,https://www.racing.com/form/2026-06-09/donald,https://www.racing.com/services/appv2/GetMeetsByMonth/2026/6,RACINGCOM_GET_MEETS_BY_MONTH,2026-07-22T19:21:33+00:00,200,OBSERVED_IN_RACINGCOM_MONTH_PAYLOAD,Meeting observed in Racing.com GetMeetsByMonth payload; V2 does not emit race-level rows from this meeting.,outputs\performance-intelligence\racingcom-v2\raw\meeting-discovery\https_www_racing_com_services_appv2_GetMeetsByMonth_2026_6_b9b7bdf9584c.txt,f83f4acccf6b3e6384e93d645ad3cc633e8470d49d95902b80081cb25dbc028c
2026-06-09_SOUTHSIDEPAKENHAM,2026-06-09,Southside Pakenham,SOUTHSIDEPAKENHAM,VIC,https://www.racing.com/form/2026-06-09/southside-pakenham-jumpout,https://www.racing.com/services/appv2/GetMeetsByMonth/2026/6,RACINGCOM_GET_MEETS_BY_MONTH,2026-07-22T19:21:33+00:00,200,OBSERVED_IN_RACINGCOM_MONTH_PAYLOAD,Meeting observed in Racing.com GetMeetsByMonth payload; V2 does not emit race-level rows from this meeting.,outputs\performance-intelligence\racingcom-v2\raw\meeting-discovery\https_www_racing_com_services_appv2_GetMeetsByMonth_2026_6_b9b7bdf9584c.txt,f83f4acccf6b3e6384e93d645ad3cc633e8470d49d95902b80081cb25dbc028c
2026-06-10_GEELONGSYN,2026-06-10,bet365 Geelong Syn,GEELONGSYN,VIC,https://www.racing.com/form/2026-06-10/ladbrokes-geelong-synthetic-jumpout,https://www.racing.com/services/appv2/GetMeetsByMonth/2026/6,RACINGCOM_GET_MEETS_BY_MONTH,2026-07-22T19:21:33+00:00,200,OBSERVED_IN_RACINGCOM_MONTH_PAYLOAD,Meeting observed in Racing.com GetMeetsByMonth payload; V2 does not emit race-level rows from this meeting.,outputs\performance-intelligence\racingcom-v2\raw\meeting-discovery\https_www_racing_com_services_appv2_GetMeetsByMonth_2026_6_b9b7bdf9584c.txt,f83f4acccf6b3e6384e93d645ad3cc633e8470d49d95902b80081cb25dbc028c
2026-06-10_MORNINGTON,2026-06-10,Mornington,MORNINGTON,VIC,https://www.racing.com/form/2026-06-10/mornington-jumpout,https://www.racing.com/services/appv2/GetMeetsByMonth/2026/6,RACINGCOM_GET_MEETS_BY_MONTH,2026-07-22T19:21:33+00:00,200,OBSERVED_IN_RACINGCOM_MONTH_PAYLOAD,Meeting observed in Racing.com GetMeetsByMonth payload; V2 does not emit race-level rows from this meeting.,outputs\performance-intelligence\racingcom-v2\raw\meeting-discovery\https_www_racing_com_services_appv2_GetMeetsByMonth_2026_6_b9b7bdf9584c.txt,f83f4acccf6b3e6384e93d645ad3cc633e8470d49d95902b80081cb25dbc028c
2026-06-10_SALE,2026-06-10,Sale,SALE,VIC,https://www.racing.com/form/2026-06-10/sale,https://www.racing.com/services/appv2/GetMeetsByMonth/2026/6,RACINGCOM_GET_MEETS_BY_MONTH,2026-07-22T19:21:33+00:00,200,OBSERVED_IN_RACINGCOM_MONTH_PAYLOAD,Meeting observed in Racing.com GetMeetsByMonth payload; V2 does not emit race-level rows from this meeting.,outputs\performance-intelligence\racingcom-v2\raw\meeting-discovery\https_www_racing_com_services_appv2_GetMeetsByMonth_2026_6_b9b7bdf9584c.txt,f83f4acccf6b3e6384e93d645ad3cc633e8470d49d95902b80081cb25dbc028c
2026-06-11_CAULFIELDHEATH,2026-06-11,Caulfield Heath,CAULFIELDHEATH,VIC,https://www.racing.com/form/2026-06-11/caulfield-heath-trial,https://www.racing.com/services/appv2/GetMeetsByMonth/2026/6,RACINGCOM_GET_MEETS_BY_MONTH,2026-07-22T19:21:33+00:00,200,OBSERVED_IN_RACINGCOM_MONTH_PAYLOAD,Meeting observed in Racing.com GetMeetsByMonth payload; V2 does not emit race-level rows from this meeting.,outputs\performance-intelligence\racingcom-v2\raw\meeting-discovery\https_www_racing_com_services_appv2_GetMeetsByMonth_2026_6_b9b7bdf9584c.txt,f83f4acccf6b3e6384e93d645ad3cc633e8470d49d95902b80081cb25dbc028c
2026-06-11_GREATWESTERN,2026-06-11,Great Western,GREATWESTERN,VIC,https://www.racing.com/form/2026-06-11/great-western-jumpout,https://www.racing.com/services/appv2/GetMeetsByMonth/2026/6,RACINGCOM_GET_MEETS_BY_MONTH,2026-07-22T19:21:33+00:00,200,OBSERVED_IN_RACINGCOM_MONTH_PAYLOAD,Meeting observed in Racing.com GetMeetsByMonth payload; V2 does not emit race-level rows from this meeting.,outputs\performance-intelligence\racingcom-v2\raw\meeting-discovery\https_www_racing_com_services_appv2_GetMeetsByMonth_2026_6_b9b7bdf9584c.txt,f83f4acccf6b3e6384e93d645ad3cc633e8470d49d95902b80081cb25dbc028c
2026-06-11_SALE,2026-06-11,Sale,SALE,VIC,https://www.racing.com/form/2026-06-11/sale-jumpout,https://www.racing.com/services/appv2/GetMeetsByMonth/2026/6,RACINGCOM_GET_MEETS_BY_MONTH,2026-07-22T19:21:33+00:00,200,OBSERVED_IN_RACINGCOM_MONTH_PAYLOAD,Meeting observed in Racing.com GetMeetsByMonth payload; V2 does not emit race-level rows from this meeting.,outputs\performance-intelligence\racingcom-v2\raw\meeting-discovery\https_www_racing_com_services_appv2_GetMeetsByMonth_2026_6_b9b7bdf9584c.txt,f83f4acccf6b3e6384e93d645ad3cc633e8470d49d95902b80081cb25dbc028c
2026-06-11_SEYMOUR,2026-06-11,bet365 Seymour,SEYMOUR,VIC,https://www.racing.com/form/2026-06-11/bet365-seymour,https://www.racing.com/services/appv2/GetMeetsByMonth/2026/6,RACINGCOM_GET_MEETS_BY_MONTH,2026-07-22T19:21:33+00:00,200,OBSERVED_IN_RACINGCOM_MONTH_PAYLOAD,Meeting observed in Racing.com GetMeetsByMonth payload; V2 does not emit race-level rows from this meeting.,outputs\performance-intelligence\racingcom-v2\raw\meeting-discovery\https_www_racing_com_services_appv2_GetMeetsByMonth_2026_6_b9b7bdf9584c.txt,f83f4acccf6b3e6384e93d645ad3cc633e8470d49d95902b80081cb25dbc028c
2026-06-12_BAIRNSDALE,2026-06-12,bet365 Bairnsdale,BAIRNSDALE,VIC,https://www.racing.com/form/2026-06-12/bet365-bairnsdale,https://www.racing.com/services/appv2/GetMeetsByMonth/2026/6,RACINGCOM_GET_MEETS_BY_MONTH,2026-07-22T19:21:33+00:00,200,OBSERVED_IN_RACINGCOM_MONTH_PAYLOAD,Meeting observed in Racing.com GetMeetsByMonth payload; V2 does not emit race-level rows from this meeting.,outputs\performance-intelligence\racingcom-v2\raw\meeting-discovery\https_www_racing_com_services_appv2_GetMeetsByMonth_2026_6_b9b7bdf9584c.txt,f83f4acccf6b3e6384e93d645ad3cc633e8470d49d95902b80081cb25dbc028c
2026-06-12_BALLARAT,2026-06-12,Sportsbet-Ballarat,BALLARAT,VIC,https://www.racing.com/form/2026-06-12/sportsbet-ballarat,https://www.racing.com/services/appv2/GetMeetsByMonth/2026/6,RACINGCOM_GET_MEETS_BY_MONTH,2026-07-22T19:21:33+00:00,200,OBSERVED_IN_RACINGCOM_MONTH_PAYLOAD,Meeting observed in Racing.com GetMeetsByMonth payload; V2 does not emit race-level rows from this meeting.,outputs\performance-intelligence\racingcom-v2\raw\meeting-discovery\https_www_racing_com_services_appv2_GetMeetsByMonth_2026_6_b9b7bdf9584c.txt,f83f4acccf6b3e6384e93d645ad3cc633e8470d49d95902b80081cb25dbc028c
2026-06-12_FLEMINGTON,2026-06-12,Flemington,FLEMINGTON,VIC,https://www.racing.com/form/2026-06-12/flemington-jumpout,https://www.racing.com/services/appv2/GetMeetsByMonth/2026/6,RACINGCOM_GET_MEETS_BY_MONTH,2026-07-22T19:21:33+00:00,200,OBSERVED_IN_RACINGCOM_MONTH_PAYLOAD,Meeting observed in Racing.com GetMeetsByMonth payload; V2 does not emit race-level rows from this meeting.,outputs\performance-intelligence\racingcom-v2\raw\meeting-discovery\https_www_racing_com_services_appv2_GetMeetsByMonth_2026_6_b9b7bdf9584c.txt,f83f4acccf6b3e6384e93d645ad3cc633e8470d49d95902b80081cb25dbc028c
2026-06-12_SEYMOUR,2026-06-12,bet365 Seymour,SEYMOUR,VIC,https://www.racing.com/form/2026-06-12/bet365-seymour-jumpout,https://www.racing.com/services/appv2/GetMeetsByMonth/2026/6,RACINGCOM_GET_MEETS_BY_MONTH,2026-07-22T19:21:33+00:00,200,OBSERVED_IN_RACINGCOM_MONTH_PAYLOAD,Meeting observed in Racing.com GetMeetsByMonth payload; V2 does not emit race-level rows from this meeting.,outputs\performance-intelligence\racingcom-v2\raw\meeting-discovery\https_www_racing_com_services_appv2_GetMeetsByMonth_2026_6_b9b7bdf9584c.txt,f83f4acccf6b3e6384e93d645ad3cc633e8470d49d95902b80081cb25dbc028c
2026-06-13_BENDIGO,2026-06-13,Bendigo,BENDIGO,VIC,https://www.racing.com/form/2026-06-13/bendigo,https://www.racing.com/services/appv2/GetMeetsByMonth/2026/6,RACINGCOM_GET_MEETS_BY_MONTH,2026-07-22T19:21:33+00:00,200,OBSERVED_IN_RACINGCOM_MONTH_PAYLOAD,Meeting observed in Racing.com GetMeetsByMonth payload; V2 does not emit race-level rows from this meeting.,outputs\performance-intelligence\racingcom-v2\raw\meeting-discovery\https_www_racing_com_services_appv2_GetMeetsByMonth_2026_6_b9b7bdf9584c.txt,f83f4acccf6b3e6384e93d645ad3cc633e8470d49d95902b80081cb25dbc028c
2026-06-13_SANDOWNHILLSIDE,2026-06-13,Sportsbet Sandown Hillside,SANDOWNHILLSIDE,VIC,https://www.racing.com/form/2026-06-13/sportsbet-sandown-hillside,https://www.racing.com/services/appv2/GetMeetsByMonth/2026/6,RACINGCOM_GET_MEETS_BY_MONTH,2026-07-22T19:21:33+00:00,200,OBSERVED_IN_RACINGCOM_MONTH_PAYLOAD,Meeting observed in Racing.com GetMeetsByMonth payload; V2 does not emit race-level rows from this meeting.,outputs\performance-intelligence\racingcom-v2\raw\meeting-discovery\https_www_racing_com_services_appv2_GetMeetsByMonth_2026_6_b9b7bdf9584c.txt,f83f4acccf6b3e6384e93d645ad3cc633e8470d49d95902b80081cb25dbc028c
2026-06-14_WANGARATTA,2026-06-14,Sportsbet-Wangaratta,WANGARATTA,VIC,https://www.racing.com/form/2026-06-14/sportsbet-wangaratta,https://www.racing.com/services/appv2/GetMeetsByMonth/2026/6,RACINGCOM_GET_MEETS_BY_MONTH,2026-07-22T19:21:33+00:00,200,OBSERVED_IN_RACINGCOM_MONTH_PAYLOAD,Meeting observed in Racing.com GetMeetsByMonth payload; V2 does not emit race-level rows from this meeting.,outputs\performance-intelligence\racingcom-v2\raw\meeting-discovery\https_www_racing_com_services_appv2_GetMeetsByMonth_2026_6_b9b7bdf9584c.txt,f83f4acccf6b3e6384e93d645ad3cc633e8470d49d95902b80081cb25dbc028c
2026-06-14_WARRNAMBOOL,2026-06-14,Warrnambool,WARRNAMBOOL,VIC,https://www.racing.com/form/2026-06-14/warrnambool,https://www.racing.com/services/appv2/GetMeetsByMonth/2026/6,RACINGCOM_GET_MEETS_BY_MONTH,2026-07-22T19:21:33+00:00,200,OBSERVED_IN_RACINGCOM_MONTH_PAYLOAD,Meeting observed in Racing.com GetMeetsByMonth payload; V2 does not emit race-level rows from this meeting.,outputs\performance-intelligence\racingcom-v2\raw\meeting-discovery\https_www_racing_com_services_appv2_GetMeetsByMonth_2026_6_b9b7bdf9584c.txt,f83f4acccf6b3e6384e93d645ad3cc633e8470d49d95902b80081cb25dbc028c
2026-06-15_PAKENHAMSYNTHETIC,2026-06-15,Sportsbet-Pakenham Synthetic,PAKENHAMSYNTHETIC,VIC,https://www.racing.com/form/2026-06-15/southside-pakenham-synthetic,https://www.racing.com/services/appv2/GetMeetsByMonth/2026/6,RACINGCOM_GET_MEETS_BY_MONTH,2026-07-22T19:21:33+00:00,200,OBSERVED_IN_RACINGCOM_MONTH_PAYLOAD,Meeting observed in Racing.com GetMeetsByMonth payload; V2 does not emit race-level rows from this meeting.,outputs\performance-intelligence\racingcom-v2\raw\meeting-discovery\https_www_racing_com_services_appv2_GetMeetsByMonth_2026_6_b9b7bdf9584c.txt,f83f4acccf6b3e6384e93d645ad3cc633e8470d49d95902b80081cb25dbc028c
2026-06-15_SOUTHSIDECRANBOURNE,2026-06-15,Southside Cranbourne,SOUTHSIDECRANBOURNE,VIC,https://www.racing.com/form/2026-06-15/southside-cranbourne-jumpout,https://www.racing.com/services/appv2/GetMeetsByMonth/2026/6,RACINGCOM_GET_MEETS_BY_MONTH,2026-07-22T19:21:33+00:00,200,OBSERVED_IN_RACINGCOM_MONTH_PAYLOAD,Meeting observed in Racing.com GetMeetsByMonth payload; V2 does not emit race-level rows from this meeting.,outputs\performance-intelligence\racingcom-v2\raw\meeting-discovery\https_www_racing_com_services_appv2_GetMeetsByMonth_2026_6_b9b7bdf9584c.txt,f83f4acccf6b3e6384e93d645ad3cc633e8470d49d95902b80081cb25dbc028c
2026-06-15_WARRNAMBOOL,2026-06-15,Warrnambool,WARRNAMBOOL,VIC,https://www.racing.com/form/2026-06-15/warrnambool-trial,https://www.racing.com/services/appv2/GetMeetsByMonth/2026/6,RACINGCOM_GET_MEETS_BY_MONTH,2026-07-22T19:21:33+00:00,200,OBSERVED_IN_RACINGCOM_MONTH_PAYLOAD,Meeting observed in Racing.com GetMeetsByMonth payload; V2 does not emit race-level rows from this meeting.,outputs\performance-intelligence\racingcom-v2\raw\meeting-discovery\https_www_racing_com_services_appv2_GetMeetsByMonth_2026_6_b9b7bdf9584c.txt,f83f4acccf6b3e6384e93d645ad3cc633e8470d49d95902b80081cb25dbc028c
2026-06-16_BALLARATSYN,2026-06-16,Sportsbet-Ballarat Syn,BALLARATSYN,VIC,https://www.racing.com/form/2026-06-16/sportsbet-ballarat-synthetic,https://www.racing.com/services/appv2/GetMeetsByMonth/2026/6,RACINGCOM_GET_MEETS_BY_MONTH,2026-07-22T19:21:33+00:00,200,OBSERVED_IN_RACINGCOM_MONTH_PAYLOAD,Meeting observed in Racing.com GetMeetsByMonth payload; V2 does not emit race-level rows from this meeting.,outputs\performance-intelligence\racingcom-v2\raw\meeting-discovery\https_www_racing_com_services_appv2_GetMeetsByMonth_2026_6_b9b7bdf9584c.txt,f83f4acccf6b3e6384e93d645ad3cc633e8470d49d95902b80081cb25dbc028c
2026-06-16_BENDIGO,2026-06-16,Bendigo,BENDIGO,VIC,https://www.racing.com/form/2026-06-16/bendigo-jumpout,https://www.racing.com/services/appv2/GetMeetsByMonth/2026/6,RACINGCOM_GET_MEETS_BY_MONTH,2026-07-22T19:21:33+00:00,200,OBSERVED_IN_RACINGCOM_MONTH_PAYLOAD,Meeting observed in Racing.com GetMeetsByMonth payload; V2 does not emit race-level rows from this meeting.,outputs\performance-intelligence\racingcom-v2\raw\meeting-discovery\https_www_racing_com_services_appv2_GetMeetsByMonth_2026_6_b9b7bdf9584c.txt,f83f4acccf6b3e6384e93d645ad3cc633e8470d49d95902b80081cb25dbc028c
2026-06-16_TRARALGON,2026-06-16,bet365 Traralgon,TRARALGON,VIC,https://www.racing.com/form/2026-06-16/bet365-traralgon-jumpout,https://www.racing.com/services/appv2/GetMeetsByMonth/2026/6,RACINGCOM_GET_MEETS_BY_MONTH,2026-07-22T19:21:33+00:00,200,OBSERVED_IN_RACINGCOM_MONTH_PAYLOAD,Meeting observed in Racing.com GetMeetsByMonth payload; V2 does not emit race-level rows from this meeting.,outputs\performance-intelligence\racingcom-v2\raw\meeting-discovery\https_www_racing_com_services_appv2_GetMeetsByMonth_2026_6_b9b7bdf9584c.txt,f83f4acccf6b3e6384e93d645ad3cc633e8470d49d95902b80081cb25dbc028c
2026-06-17_CAULFIELDHEATH,2026-06-17,Caulfield Heath,CAULFIELDHEATH,VIC,https://www.racing.com/form/2026-06-17/caulfield-heath,https://www.racing.com/services/appv2/GetMeetsByMonth/2026/6,RACINGCOM_GET_MEETS_BY_MONTH,2026-07-22T19:21:33+00:00,200,OBSERVED_IN_RACINGCOM_MONTH_PAYLOAD,Meeting observed in Racing.com GetMeetsByMonth payload; V2 does not emit race-level rows from this meeting.,outputs\performance-intelligence\racingcom-v2\raw\meeting-discovery\https_www_racing_com_services_appv2_GetMeetsByMonth_2026_6_b9b7bdf9584c.txt,f83f4acccf6b3e6384e93d645ad3cc633e8470d49d95902b80081cb25dbc028c
2026-06-17_MORNINGTON,2026-06-17,Mornington,MORNINGTON,VIC,https://www.racing.com/form/2026-06-17/mornington-jumpout,https://www.racing.com/services/appv2/GetMeetsByMonth/2026/6,RACINGCOM_GET_MEETS_BY_MONTH,2026-07-22T19:21:33+00:00,200,OBSERVED_IN_RACINGCOM_MONTH_PAYLOAD,Meeting observed in Racing.com GetMeetsByMonth payload; V2 does not emit race-level rows from this meeting.,outputs\performance-intelligence\racingcom-v2\raw\meeting-discovery\https_www_racing_com_services_appv2_GetMeetsByMonth_2026_6_b9b7bdf9584c.txt,f83f4acccf6b3e6384e93d645ad3cc633e8470d49d95902b80081cb25dbc028c
2026-06-17_WANGARATTA,2026-06-17,Sportsbet-Wangaratta,WANGARATTA,VIC,https://www.racing.com/form/2026-06-17/sportsbet-wangaratta-jumpout,https://www.racing.com/services/appv2/GetMeetsByMonth/2026/6,RACINGCOM_GET_MEETS_BY_MONTH,2026-07-22T19:21:33+00:00,200,OBSERVED_IN_RACINGCOM_MONTH_PAYLOAD,Meeting observed in Racing.com GetMeetsByMonth payload; V2 does not emit race-level rows from this meeting.,outputs\performance-intelligence\racingcom-v2\raw\meeting-discovery\https_www_racing_com_services_appv2_GetMeetsByMonth_2026_6_b9b7bdf9584c.txt,f83f4acccf6b3e6384e93d645ad3cc633e8470d49d95902b80081cb25dbc028c
2026-06-18_BALLARATSYN,2026-06-18,Sportsbet-Ballarat Syn,BALLARATSYN,VIC,https://www.racing.com/form/2026-06-18/sportsbet-ballarat-synthetic-jumpout,https://www.racing.com/services/appv2/GetMeetsByMonth/2026/6,RACINGCOM_GET_MEETS_BY_MONTH,2026-07-22T19:21:33+00:00,200,OBSERVED_IN_RACINGCOM_MONTH_PAYLOAD,Meeting observed in Racing.com GetMeetsByMonth payload; V2 does not emit race-level rows from this meeting.,outputs\performance-intelligence\racingcom-v2\raw\meeting-discovery\https_www_racing_com_services_appv2_GetMeetsByMonth_2026_6_b9b7bdf9584c.txt,f83f4acccf6b3e6384e93d645ad3cc633e8470d49d95902b80081cb25dbc028c
2026-06-18_COLERAINE,2026-06-18,Coleraine,COLERAINE,VIC,https://www.racing.com/form/2026-06-18/coleraine-jumpout,https://www.racing.com/services/appv2/GetMeetsByMonth/2026/6,RACINGCOM_GET_MEETS_BY_MONTH,2026-07-22T19:21:33+00:00,200,OBSERVED_IN_RACINGCOM_MONTH_PAYLOAD,Meeting observed in Racing.com GetMeetsByMonth payload; V2 does not emit race-level rows from this meeting.,outputs\performance-intelligence\racingcom-v2\raw\meeting-discovery\https_www_racing_com_services_appv2_GetMeetsByMonth_2026_6_b9b7bdf9584c.txt,f83f4acccf6b3e6384e93d645ad3cc633e8470d49d95902b80081cb25dbc028c
2026-06-18_MOE,2026-06-18,Moe,MOE,VIC,https://www.racing.com/form/2026-06-18/moe,https://www.racing.com/services/appv2/GetMeetsByMonth/2026/6,RACINGCOM_GET_MEETS_BY_MONTH,2026-07-22T19:21:33+00:00,200,OBSERVED_IN_RACINGCOM_MONTH_PAYLOAD,Meeting observed in Racing.com GetMeetsByMonth payload; V2 does not emit race-level rows from this meeting.,outputs\performance-intelligence\racingcom-v2\raw\meeting-discovery\https_www_racing_com_services_appv2_GetMeetsByMonth_2026_6_b9b7bdf9584c.txt,f83f4acccf6b3e6384e93d645ad3cc633e8470d49d95902b80081cb25dbc028c
2026-06-19_FLEMINGTON,2026-06-19,Flemington,FLEMINGTON,VIC,https://www.racing.com/form/2026-06-19/flemington-jumpout,https://www.racing.com/services/appv2/GetMeetsByMonth/2026/6,RACINGCOM_GET_MEETS_BY_MONTH,2026-07-22T19:21:33+00:00,200,OBSERVED_IN_RACINGCOM_MONTH_PAYLOAD,Meeting observed in Racing.com GetMeetsByMonth payload; V2 does not emit race-level rows from this meeting.,outputs\performance-intelligence\racingcom-v2\raw\meeting-discovery\https_www_racing_com_services_appv2_GetMeetsByMonth_2026_6_b9b7bdf9584c.txt,f83f4acccf6b3e6384e93d645ad3cc633e8470d49d95902b80081cb25dbc028c
2026-06-19_GEELONG,2026-06-19,Ladbrokes Geelong,GEELONG,VIC,https://www.racing.com/form/2026-06-19/ladbrokes-geelong,https://www.racing.com/services/appv2/GetMeetsByMonth/2026/6,RACINGCOM_GET_MEETS_BY_MONTH,2026-07-22T19:21:33+00:00,200,OBSERVED_IN_RACINGCOM_MONTH_PAYLOAD,Meeting observed in Racing.com GetMeetsByMonth payload; V2 does not emit race-level rows from this meeting.,outputs\performance-intelligence\racingcom-v2\raw\meeting-discovery\https_www_racing_com_services_appv2_GetMeetsByMonth_2026_6_b9b7bdf9584c.txt,f83f4acccf6b3e6384e93d645ad3cc633e8470d49d95902b80081cb25dbc028c
2026-06-20_DONALD,2026-06-20,Donald,DONALD,VIC,https://www.racing.com/form/2026-06-20/donald,https://www.racing.com/services/appv2/GetMeetsByMonth/2026/6,RACINGCOM_GET_MEETS_BY_MONTH,2026-07-22T19:21:33+00:00,200,OBSERVED_IN_RACINGCOM_MONTH_PAYLOAD,Meeting observed in Racing.com GetMeetsByMonth payload; V2 does not emit race-level rows from this meeting.,outputs\performance-intelligence\racingcom-v2\raw\meeting-discovery\https_www_racing_com_services_appv2_GetMeetsByMonth_2026_6_b9b7bdf9584c.txt,f83f4acccf6b3e6384e93d645ad3cc633e8470d49d95902b80081cb25dbc028c
2026-06-20_FLEMINGTON,2026-06-20,Flemington,FLEMINGTON,VIC,https://www.racing.com/form/2026-06-20/flemington,https://www.racing.com/services/appv2/GetMeetsByMonth/2026/6,RACINGCOM_GET_MEETS_BY_MONTH,2026-07-22T19:21:33+00:00,200,OBSERVED_IN_RACINGCOM_MONTH_PAYLOAD,Meeting observed in Racing.com GetMeetsByMonth payload; V2 does not emit race-level rows from this meeting.,outputs\performance-intelligence\racingcom-v2\raw\meeting-discovery\https_www_racing_com_services_appv2_GetMeetsByMonth_2026_6_b9b7bdf9584c.txt,f83f4acccf6b3e6384e93d645ad3cc633e8470d49d95902b80081cb25dbc028c
2026-06-21_BALLARATSYN,2026-06-21,Sportsbet-Ballarat Syn,BALLARATSYN,VIC,https://www.racing.com/form/2026-06-21/sportsbet-ballarat-synthetic,https://www.racing.com/services/appv2/GetMeetsByMonth/2026/6,RACINGCOM_GET_MEETS_BY_MONTH,2026-07-22T19:21:33+00:00,200,OBSERVED_IN_RACINGCOM_MONTH_PAYLOAD,Meeting observed in Racing.com GetMeetsByMonth payload; V2 does not emit race-level rows from this meeting.,outputs\performance-intelligence\racingcom-v2\raw\meeting-discovery\https_www_racing_com_services_appv2_GetMeetsByMonth_2026_6_b9b7bdf9584c.txt,f83f4acccf6b3e6384e93d645ad3cc633e8470d49d95902b80081cb25dbc028c
2026-06-21_SOUTHSIDECRANBOURNE,2026-06-21,Southside Cranbourne,SOUTHSIDECRANBOURNE,VIC,https://www.racing.com/form/2026-06-21/southside-cranbourne,https://www.racing.com/services/appv2/GetMeetsByMonth/2026/6,RACINGCOM_GET_MEETS_BY_MONTH,2026-07-22T19:21:33+00:00,200,OBSERVED_IN_RACINGCOM_MONTH_PAYLOAD,Meeting observed in Racing.com GetMeetsByMonth payload; V2 does not emit race-level rows from this meeting.,outputs\performance-intelligence\racingcom-v2\raw\meeting-discovery\https_www_racing_com_services_appv2_GetMeetsByMonth_2026_6_b9b7bdf9584c.txt,f83f4acccf6b3e6384e93d645ad3cc633e8470d49d95902b80081cb25dbc028c
2026-06-22_PAKENHAMSYNTHETIC,2026-06-22,Sportsbet-Pakenham Synthetic,PAKENHAMSYNTHETIC,VIC,https://www.racing.com/form/2026-06-22/southside-pakenham-synthetic,https://www.racing.com/services/appv2/GetMeetsByMonth/2026/6,RACINGCOM_GET_MEETS_BY_MONTH,2026-07-22T19:21:33+00:00,200,OBSERVED_IN_RACINGCOM_MONTH_PAYLOAD,Meeting observed in Racing.com GetMeetsByMonth payload; V2 does not emit race-level rows from this meeting.,outputs\performance-intelligence\racingcom-v2\raw\meeting-discovery\https_www_racing_com_services_appv2_GetMeetsByMonth_2026_6_b9b7bdf9584c.txt,f83f4acccf6b3e6384e93d645ad3cc633e8470d49d95902b80081cb25dbc028c
2026-06-22_SOUTHSIDECRANBOURNE,2026-06-22,Southside Cranbourne,SOUTHSIDECRANBOURNE,VIC,https://www.racing.com/form/2026-06-22/southside-cranbourne-jumpout,https://www.racing.com/services/appv2/GetMeetsByMonth/2026/6,RACINGCOM_GET_MEETS_BY_MONTH,2026-07-22T19:21:33+00:00,200,OBSERVED_IN_RACINGCOM_MONTH_PAYLOAD,Meeting observed in Racing.com GetMeetsByMonth payload; V2 does not emit race-level rows from this meeting.,outputs\performance-intelligence\racingcom-v2\raw\meeting-discovery\https_www_racing_com_services_appv2_GetMeetsByMonth_2026_6_b9b7bdf9584c.txt,f83f4acccf6b3e6384e93d645ad3cc633e8470d49d95902b80081cb25dbc028c
2026-06-23_ECHUCA,2026-06-23,bet365 Echuca,ECHUCA,VIC,https://www.racing.com/form/2026-06-23/bet365-echuca,https://www.racing.com/services/appv2/GetMeetsByMonth/2026/6,RACINGCOM_GET_MEETS_BY_MONTH,2026-07-22T19:21:33+00:00,200,OBSERVED_IN_RACINGCOM_MONTH_PAYLOAD,Meeting observed in Racing.com GetMeetsByMonth payload; V2 does not emit race-level rows from this meeting.,outputs\performance-intelligence\racingcom-v2\raw\meeting-discovery\https_www_racing_com_services_appv2_GetMeetsByMonth_2026_6_b9b7bdf9584c.txt,f83f4acccf6b3e6384e93d645ad3cc633e8470d49d95902b80081cb25dbc028c
2026-06-23_SOUTHSIDEPAKENHAM,2026-06-23,Southside Pakenham,SOUTHSIDEPAKENHAM,VIC,https://www.racing.com/form/2026-06-23/southside-pakenham-jumpout,https://www.racing.com/services/appv2/GetMeetsByMonth/2026/6,RACINGCOM_GET_MEETS_BY_MONTH,2026-07-22T19:21:33+00:00,200,OBSERVED_IN_RACINGCOM_MONTH_PAYLOAD,Meeting observed in Racing.com GetMeetsByMonth payload; V2 does not emit race-level rows from this meeting.,outputs\performance-intelligence\racingcom-v2\raw\meeting-discovery\https_www_racing_com_services_appv2_GetMeetsByMonth_2026_6_b9b7bdf9584c.txt,f83f4acccf6b3e6384e93d645ad3cc633e8470d49d95902b80081cb25dbc028c
2026-06-24_BALLARATSYN,2026-06-24,Sportsbet-Ballarat Syn,BALLARATSYN,VIC,https://www.racing.com/form/2026-06-24/sportsbet-ballarat-synthetic,https://www.racing.com/services/appv2/GetMeetsByMonth/2026/6,RACINGCOM_GET_MEETS_BY_MONTH,2026-07-22T19:21:33+00:00,200,OBSERVED_IN_RACINGCOM_MONTH_PAYLOAD,Meeting observed in Racing.com GetMeetsByMonth payload; V2 does not emit race-level rows from this meeting.,outputs\performance-intelligence\racingcom-v2\raw\meeting-discovery\https_www_racing_com_services_appv2_GetMeetsByMonth_2026_6_b9b7bdf9584c.txt,f83f4acccf6b3e6384e93d645ad3cc633e8470d49d95902b80081cb25dbc028c
2026-06-24_GEELONGSYN,2026-06-24,bet365 Geelong Syn,GEELONGSYN,VIC,https://www.racing.com/form/2026-06-24/ladbrokes-geelong-synthetic-jumpout,https://www.racing.com/services/appv2/GetMeetsByMonth/2026/6,RACINGCOM_GET_MEETS_BY_MONTH,2026-07-22T19:21:33+00:00,200,OBSERVED_IN_RACINGCOM_MONTH_PAYLOAD,Meeting observed in Racing.com GetMeetsByMonth payload; V2 does not emit race-level rows from this meeting.,outputs\performance-intelligence\racingcom-v2\raw\meeting-discovery\https_www_racing_com_services_appv2_GetMeetsByMonth_2026_6_b9b7bdf9584c.txt,f83f4acccf6b3e6384e93d645ad3cc633e8470d49d95902b80081cb25dbc028c
2026-06-24_MORNINGTON,2026-06-24,Mornington,MORNINGTON,VIC,https://www.racing.com/form/2026-06-24/mornington-jumpout,https://www.racing.com/services/appv2/GetMeetsByMonth/2026/6,RACINGCOM_GET_MEETS_BY_MONTH,2026-07-22T19:21:33+00:00,200,OBSERVED_IN_RACINGCOM_MONTH_PAYLOAD,Meeting observed in Racing.com GetMeetsByMonth payload; V2 does not emit race-level rows from this meeting.,outputs\performance-intelligence\racingcom-v2\raw\meeting-discovery\https_www_racing_com_services_appv2_GetMeetsByMonth_2026_6_b9b7bdf9584c.txt,f83f4acccf6b3e6384e93d645ad3cc633e8470d49d95902b80081cb25dbc028c
2026-06-25_BENDIGO,2026-06-25,Bendigo,BENDIGO,VIC,https://www.racing.com/form/2026-06-25/bendigo,https://www.racing.com/services/appv2/GetMeetsByMonth/2026/6,RACINGCOM_GET_MEETS_BY_MONTH,2026-07-22T19:21:33+00:00,200,OBSERVED_IN_RACINGCOM_MONTH_PAYLOAD,Meeting observed in Racing.com GetMeetsByMonth payload; V2 does not emit race-level rows from this meeting.,outputs\performance-intelligence\racingcom-v2\raw\meeting-discovery\https_www_racing_com_services_appv2_GetMeetsByMonth_2026_6_b9b7bdf9584c.txt,f83f4acccf6b3e6384e93d645ad3cc633e8470d49d95902b80081cb25dbc028c
2026-06-25_BURRUMBEET,2026-06-25,Burrumbeet,BURRUMBEET,VIC,https://www.racing.com/form/2026-06-25/burrumbeet-jumpout,https://www.racing.com/services/appv2/GetMeetsByMonth/2026/6,RACINGCOM_GET_MEETS_BY_MONTH,2026-07-22T19:21:33+00:00,200,OBSERVED_IN_RACINGCOM_MONTH_PAYLOAD,Meeting observed in Racing.com GetMeetsByMonth payload; V2 does not emit race-level rows from this meeting.,outputs\performance-intelligence\racingcom-v2\raw\meeting-discovery\https_www_racing_com_services_appv2_GetMeetsByMonth_2026_6_b9b7bdf9584c.txt,f83f4acccf6b3e6384e93d645ad3cc633e8470d49d95902b80081cb25dbc028c
2026-06-26_BALLARATSYN,2026-06-26,Sportsbet-Ballarat Syn,BALLARATSYN,VIC,https://www.racing.com/form/2026-06-26/sportsbet-ballarat-synthetic,https://www.racing.com/services/appv2/GetMeetsByMonth/2026/6,RACINGCOM_GET_MEETS_BY_MONTH,2026-07-22T19:21:33+00:00,200,OBSERVED_IN_RACINGCOM_MONTH_PAYLOAD,Meeting observed in Racing.com GetMeetsByMonth payload; V2 does not emit race-level rows from this meeting.,outputs\performance-intelligence\racingcom-v2\raw\meeting-discovery\https_www_racing_com_services_appv2_GetMeetsByMonth_2026_6_b9b7bdf9584c.txt,f83f4acccf6b3e6384e93d645ad3cc633e8470d49d95902b80081cb25dbc028c
2026-06-26_FLEMINGTON,2026-06-26,Flemington,FLEMINGTON,VIC,https://www.racing.com/form/2026-06-26/flemington-jumpout,https://www.racing.com/services/appv2/GetMeetsByMonth/2026/6,RACINGCOM_GET_MEETS_BY_MONTH,2026-07-22T19:21:33+00:00,200,OBSERVED_IN_RACINGCOM_MONTH_PAYLOAD,Meeting observed in Racing.com GetMeetsByMonth payload; V2 does not emit race-level rows from this meeting.,outputs\performance-intelligence\racingcom-v2\raw\meeting-discovery\https_www_racing_com_services_appv2_GetMeetsByMonth_2026_6_b9b7bdf9584c.txt,f83f4acccf6b3e6384e93d645ad3cc633e8470d49d95902b80081cb25dbc028c
2026-06-27_CAULFIELD,2026-06-27,Caulfield,CAULFIELD,VIC,https://www.racing.com/form/2026-06-27/caulfield,https://www.racing.com/services/appv2/GetMeetsByMonth/2026/6,RACINGCOM_GET_MEETS_BY_MONTH,2026-07-22T19:21:33+00:00,200,OBSERVED_IN_RACINGCOM_MONTH_PAYLOAD,Meeting observed in Racing.com GetMeetsByMonth payload; V2 does not emit race-level rows from this meeting.,outputs\performance-intelligence\racingcom-v2\raw\meeting-discovery\https_www_racing_com_services_appv2_GetMeetsByMonth_2026_6_b9b7bdf9584c.txt,f83f4acccf6b3e6384e93d645ad3cc633e8470d49d95902b80081cb25dbc028c
2026-06-27_WODONGA,2026-06-27,Wodonga,WODONGA,VIC,https://www.racing.com/form/2026-06-27/picklebet-park-wodonga,https://www.racing.com/services/appv2/GetMeetsByMonth/2026/6,RACINGCOM_GET_MEETS_BY_MONTH,2026-07-22T19:21:33+00:00,200,OBSERVED_IN_RACINGCOM_MONTH_PAYLOAD,Meeting observed in Racing.com GetMeetsByMonth payload; V2 does not emit race-level rows from this meeting.,outputs\performance-intelligence\racingcom-v2\raw\meeting-discovery\https_www_racing_com_services_appv2_GetMeetsByMonth_2026_6_b9b7bdf9584c.txt,f83f4acccf6b3e6384e93d645ad3cc633e8470d49d95902b80081cb25dbc028c
2026-06-28_SALE,2026-06-28,Sale,SALE,VIC,https://www.racing.com/form/2026-06-28/sale,https://www.racing.com/services/appv2/GetMeetsByMonth/2026/6,RACINGCOM_GET_MEETS_BY_MONTH,2026-07-22T19:21:33+00:00,200,OBSERVED_IN_RACINGCOM_MONTH_PAYLOAD,Meeting observed in Racing.com GetMeetsByMonth payload; V2 does not emit race-level rows from this meeting.,outputs\performance-intelligence\racingcom-v2\raw\meeting-discovery\https_www_racing_com_services_appv2_GetMeetsByMonth_2026_6_b9b7bdf9584c.txt,f83f4acccf6b3e6384e93d645ad3cc633e8470d49d95902b80081cb25dbc028c
2026-06-28_WARRNAMBOOL,2026-06-28,Warrnambool,WARRNAMBOOL,VIC,https://www.racing.com/form/2026-06-28/warrnambool,https://www.racing.com/services/appv2/GetMeetsByMonth/2026/6,RACINGCOM_GET_MEETS_BY_MONTH,2026-07-22T19:21:33+00:00,200,OBSERVED_IN_RACINGCOM_MONTH_PAYLOAD,Meeting observed in Racing.com GetMeetsByMonth payload; V2 does not emit race-level rows from this meeting.,outputs\performance-intelligence\racingcom-v2\raw\meeting-discovery\https_www_racing_com_services_appv2_GetMeetsByMonth_2026_6_b9b7bdf9584c.txt,f83f4acccf6b3e6384e93d645ad3cc633e8470d49d95902b80081cb25dbc028c
2026-06-29_PAKENHAMSYNTHETIC,2026-06-29,Sportsbet-Pakenham Synthetic,PAKENHAMSYNTHETIC,VIC,https://www.racing.com/form/2026-06-29/southside-pakenham-synthetic,https://www.racing.com/services/appv2/GetMeetsByMonth/2026/6,RACINGCOM_GET_MEETS_BY_MONTH,2026-07-22T19:21:33+00:00,200,OBSERVED_IN_RACINGCOM_MONTH_PAYLOAD,Meeting observed in Racing.com GetMeetsByMonth payload; V2 does not emit race-level rows from this meeting.,outputs\performance-intelligence\racingcom-v2\raw\meeting-discovery\https_www_racing_com_services_appv2_GetMeetsByMonth_2026_6_b9b7bdf9584c.txt,f83f4acccf6b3e6384e93d645ad3cc633e8470d49d95902b80081cb25dbc028c
2026-06-29_SOUTHSIDECRANBOURNE,2026-06-29,Southside Cranbourne,SOUTHSIDECRANBOURNE,VIC,https://www.racing.com/form/2026-06-29/southside-cranbourne-jumpout,https://www.racing.com/services/appv2/GetMeetsByMonth/2026/6,RACINGCOM_GET_MEETS_BY_MONTH,2026-07-22T19:21:33+00:00,200,OBSERVED_IN_RACINGCOM_MONTH_PAYLOAD,Meeting observed in Racing.com GetMeetsByMonth payload; V2 does not emit race-level rows from this meeting.,outputs\performance-intelligence\racingcom-v2\raw\meeting-discovery\https_www_racing_com_services_appv2_GetMeetsByMonth_2026_6_b9b7bdf9584c.txt,f83f4acccf6b3e6384e93d645ad3cc633e8470d49d95902b80081cb25dbc028c
2026-06-29_WODONGA,2026-06-29,Wodonga,WODONGA,VIC,https://www.racing.com/form/2026-06-29/picklebet-park-wodonga-jumpout,https://www.racing.com/services/appv2/GetMeetsByMonth/2026/6,RACINGCOM_GET_MEETS_BY_MONTH,2026-07-22T19:21:33+00:00,200,OBSERVED_IN_RACINGCOM_MONTH_PAYLOAD,Meeting observed in Racing.com GetMeetsByMonth payload; V2 does not emit race-level rows from this meeting.,outputs\performance-intelligence\racingcom-v2\raw\meeting-discovery\https_www_racing_com_services_appv2_GetMeetsByMonth_2026_6_b9b7bdf9584c.txt,f83f4acccf6b3e6384e93d645ad3cc633e8470d49d95902b80081cb25dbc028c
2026-06-30_BALLARATSYN,2026-06-30,Sportsbet-Ballarat Syn,BALLARATSYN,VIC,https://www.racing.com/form/2026-06-30/sportsbet-ballarat-synthetic,https://www.racing.com/services/appv2/GetMeetsByMonth/2026/6,RACINGCOM_GET_MEETS_BY_MONTH,2026-07-22T19:21:33+00:00,200,OBSERVED_IN_RACINGCOM_MONTH_PAYLOAD,Meeting observed in Racing.com GetMeetsByMonth payload; V2 does not emit race-level rows from this meeting.,outputs\performance-intelligence\racingcom-v2\raw\meeting-discovery\https_www_racing_com_services_appv2_GetMeetsByMonth_2026_6_b9b7bdf9584c.txt,f83f4acccf6b3e6384e93d645ad3cc633e8470d49d95902b80081cb25dbc028c
2026-06-30_MORTLAKE,2026-06-30,bet365 Mortlake,MORTLAKE,VIC,https://www.racing.com/form/2026-06-30/bet365-mortlake-jumpout,https://www.racing.com/services/appv2/GetMeetsByMonth/2026/6,RACINGCOM_GET_MEETS_BY_MONTH,2026-07-22T19:21:33+00:00,200,OBSERVED_IN_RACINGCOM_MONTH_PAYLOAD,Meeting observed in Racing.com GetMeetsByMonth payload; V2 does not emit race-level rows from this meeting.,outputs\performance-intelligence\racingcom-v2\raw\meeting-discovery\https_www_racing_com_services_appv2_GetMeetsByMonth_2026_6_b9b7bdf9584c.txt,f83f4acccf6b3e6384e93d645ad3cc633e8470d49d95902b80081cb25dbc028c
2026-06-30_SOUTHSIDEPAKENHAM,2026-06-30,Southside Pakenham,SOUTHSIDEPAKENHAM,VIC,https://www.racing.com/form/2026-06-30/southside-pakenham-jumpout,https://www.racing.com/services/appv2/GetMeetsByMonth/2026/6,RACINGCOM_GET_MEETS_BY_MONTH,2026-07-22T19:21:33+00:00,200,OBSERVED_IN_RACINGCOM_MONTH_PAYLOAD,Meeting observed in Racing.com GetMeetsByMonth payload; V2 does not emit race-level rows from this meeting.,outputs\performance-intelligence\racingcom-v2\raw\meeting-discovery\https_www_racing_com_services_appv2_GetMeetsByMonth_2026_6_b9b7bdf9584c.txt,f83f4acccf6b3e6384e93d645ad3cc633e8470d49d95902b80081cb25dbc028c
2026-07-01_CAULFIELD,2026-07-01,Caulfield,CAULFIELD,VIC,https://www.racing.com/form/2026-07-01/caulfield-jumpout,https://www.racing.com/services/appv2/GetMeetsByMonth/2026/7,RACINGCOM_GET_MEETS_BY_MONTH,2026-07-22T19:21:33+00:00,200,OBSERVED_IN_RACINGCOM_MONTH_PAYLOAD,Meeting observed in Racing.com GetMeetsByMonth payload; V2 does not emit race-level rows from this meeting.,outputs\performance-intelligence\racingcom-v2\raw\meeting-discovery\https_www_racing_com_services_appv2_GetMeetsByMonth_2026_7_f8c4ab40318d.txt,dca5f3f2b144a0b70fb647a1d252290a23b1ee585bbc6ba7476935841c1adcd5
2026-07-01_SANDOWNLAKESIDE,2026-07-01,Sportsbet Sandown Lakeside,SANDOWNLAKESIDE,VIC,https://www.racing.com/form/2026-07-01/sportsbet-sandown-lakeside,https://www.racing.com/services/appv2/GetMeetsByMonth/2026/7,RACINGCOM_GET_MEETS_BY_MONTH,2026-07-22T19:21:33+00:00,200,OBSERVED_IN_RACINGCOM_MONTH_PAYLOAD,Meeting observed in Racing.com GetMeetsByMonth payload; V2 does not emit race-level rows from this meeting.,outputs\performance-intelligence\racingcom-v2\raw\meeting-discovery\https_www_racing_com_services_appv2_GetMeetsByMonth_2026_7_f8c4ab40318d.txt,dca5f3f2b144a0b70fb647a1d252290a23b1ee585bbc6ba7476935841c1adcd5
2026-07-02_BALLARATSYN,2026-07-02,Sportsbet-Ballarat Syn,BALLARATSYN,VIC,https://www.racing.com/form/2026-07-02/sportsbet-ballarat-synthetic,https://www.racing.com/services/appv2/GetMeetsByMonth/2026/7,RACINGCOM_GET_MEETS_BY_MONTH,2026-07-22T19:21:33+00:00,200,OBSERVED_IN_RACINGCOM_MONTH_PAYLOAD,Meeting observed in Racing.com GetMeetsByMonth payload; V2 does not emit race-level rows from this meeting.,outputs\performance-intelligence\racingcom-v2\raw\meeting-discovery\https_www_racing_com_services_appv2_GetMeetsByMonth_2026_7_f8c4ab40318d.txt,dca5f3f2b144a0b70fb647a1d252290a23b1ee585bbc6ba7476935841c1adcd5
2026-07-02_TRARALGON,2026-07-02,bet365 Traralgon,TRARALGON,VIC,https://www.racing.com/form/2026-07-02/bet365-traralgon-trial,https://www.racing.com/services/appv2/GetMeetsByMonth/2026/7,RACINGCOM_GET_MEETS_BY_MONTH,2026-07-22T19:21:33+00:00,200,OBSERVED_IN_RACINGCOM_MONTH_PAYLOAD,Meeting observed in Racing.com GetMeetsByMonth payload; V2 does not emit race-level rows from this meeting.,outputs\performance-intelligence\racingcom-v2\raw\meeting-discovery\https_www_racing_com_services_appv2_GetMeetsByMonth_2026_7_f8c4ab40318d.txt,dca5f3f2b144a0b70fb647a1d252290a23b1ee585bbc6ba7476935841c1adcd5
2026-07-03_BALLARATSYN,2026-07-03,Sportsbet-Ballarat Syn,BALLARATSYN,VIC,https://www.racing.com/form/2026-07-03/sportsbet-ballarat-synthetic,https://www.racing.com/services/appv2/GetMeetsByMonth/2026/7,RACINGCOM_GET_MEETS_BY_MONTH,2026-07-22T19:21:33+00:00,200,MERGED_MEETING_EVIDENCE,Meeting observed in Racing.com GetMeetsByMonth payload; V2 does not emit race-level rows from this meeting. || Meeting observed in Racing.com GetMeetsByMonth payload; V2 does not emit race-level rows from this meeting.,outputs\performance-intelligence\racingcom-v2\raw\meeting-discovery\https_www_racing_com_services_appv2_GetMeetsByMonth_2026_7_f8c4ab40318d.txt,dca5f3f2b144a0b70fb647a1d252290a23b1ee585bbc6ba7476935841c1adcd5
2026-07-03_MOE,2026-07-03,Moe,MOE,VIC,https://www.racing.com/form/2026-07-03/moe,https://www.racing.com/services/appv2/GetMeetsByMonth/2026/7,RACINGCOM_GET_MEETS_BY_MONTH,2026-07-22T19:21:33+00:00,200,OBSERVED_IN_RACINGCOM_MONTH_PAYLOAD,Meeting observed in Racing.com GetMeetsByMonth payload; V2 does not emit race-level rows from this meeting.,outputs\performance-intelligence\racingcom-v2\raw\meeting-discovery\https_www_racing_com_services_appv2_GetMeetsByMonth_2026_7_f8c4ab40318d.txt,dca5f3f2b144a0b70fb647a1d252290a23b1ee585bbc6ba7476935841c1adcd5
2026-07-03_WERRIBEE,2026-07-03,Picklebet Park Werribee,WERRIBEE,VIC,https://www.racing.com/form/2026-07-03/picklebet-park-werribee-jumpout,https://www.racing.com/services/appv2/GetMeetsByMonth/2026/7,RACINGCOM_GET_MEETS_BY_MONTH,2026-07-22T19:21:33+00:00,200,OBSERVED_IN_RACINGCOM_MONTH_PAYLOAD,Meeting observed in Racing.com GetMeetsByMonth payload; V2 does not emit race-level rows from this meeting.,outputs\performance-intelligence\racingcom-v2\raw\meeting-discovery\https_www_racing_com_services_appv2_GetMeetsByMonth_2026_7_f8c4ab40318d.txt,dca5f3f2b144a0b70fb647a1d252290a23b1ee585bbc6ba7476935841c1adcd5
2026-07-04_FLEMINGTON,2026-07-04,Flemington,FLEMINGTON,VIC,https://www.racing.com/form/2026-07-04/flemington,https://www.racing.com/services/appv2/GetMeetsByMonth/2026/7,RACINGCOM_GET_MEETS_BY_MONTH,2026-07-22T19:21:33+00:00,200,OBSERVED_IN_RACINGCOM_MONTH_PAYLOAD,Meeting observed in Racing.com GetMeetsByMonth payload; V2 does not emit race-level rows from this meeting.,outputs\performance-intelligence\racingcom-v2\raw\meeting-discovery\https_www_racing_com_services_appv2_GetMeetsByMonth_2026_7_f8c4ab40318d.txt,dca5f3f2b144a0b70fb647a1d252290a23b1ee585bbc6ba7476935841c1adcd5
2026-07-05_BENDIGO,2026-07-05,Bendigo,BENDIGO,VIC,https://www.racing.com/form/2026-07-05/bendigo,https://www.racing.com/services/appv2/GetMeetsByMonth/2026/7,RACINGCOM_GET_MEETS_BY_MONTH,2026-07-22T19:21:33+00:00,200,OBSERVED_IN_RACINGCOM_MONTH_PAYLOAD,Meeting observed in Racing.com GetMeetsByMonth payload; V2 does not emit race-level rows from this meeting.,outputs\performance-intelligence\racingcom-v2\raw\meeting-discovery\https_www_racing_com_services_appv2_GetMeetsByMonth_2026_7_f8c4ab40318d.txt,dca5f3f2b144a0b70fb647a1d252290a23b1ee585bbc6ba7476935841c1adcd5
2026-07-05_CASTERTON,2026-07-05,Casterton,CASTERTON,VIC,https://www.racing.com/form/2026-07-05/casterton,https://www.racing.com/services/appv2/GetMeetsByMonth/2026/7,RACINGCOM_GET_MEETS_BY_MONTH,2026-07-22T19:21:33+00:00,200,OBSERVED_IN_RACINGCOM_MONTH_PAYLOAD,Meeting observed in Racing.com GetMeetsByMonth payload; V2 does not emit race-level rows from this meeting.,outputs\performance-intelligence\racingcom-v2\raw\meeting-discovery\https_www_racing_com_services_appv2_GetMeetsByMonth_2026_7_f8c4ab40318d.txt,dca5f3f2b144a0b70fb647a1d252290a23b1ee585bbc6ba7476935841c1adcd5
2026-07-06_PAKENHAMSYNTHETIC,2026-07-06,Sportsbet-Pakenham Synthetic,PAKENHAMSYNTHETIC,VIC,https://www.racing.com/form/2026-07-06/southside-pakenham-synthetic,https://www.racing.com/services/appv2/GetMeetsByMonth/2026/7,RACINGCOM_GET_MEETS_BY_MONTH,2026-07-22T19:21:33+00:00,200,OBSERVED_IN_RACINGCOM_MONTH_PAYLOAD,Meeting observed in Racing.com GetMeetsByMonth payload; V2 does not emit race-level rows from this meeting.,outputs\performance-intelligence\racingcom-v2\raw\meeting-discovery\https_www_racing_com_services_appv2_GetMeetsByMonth_2026_7_f8c4ab40318d.txt,dca5f3f2b144a0b70fb647a1d252290a23b1ee585bbc6ba7476935841c1adcd5
2026-07-06_SOUTHSIDECRANBOURNE,2026-07-06,Southside Cranbourne,SOUTHSIDECRANBOURNE,VIC,https://www.racing.com/form/2026-07-06/southside-cranbourne-jumpout,https://www.racing.com/services/appv2/GetMeetsByMonth/2026/7,RACINGCOM_GET_MEETS_BY_MONTH,2026-07-22T19:21:33+00:00,200,OBSERVED_IN_RACINGCOM_MONTH_PAYLOAD,Meeting observed in Racing.com GetMeetsByMonth payload; V2 does not emit race-level rows from this meeting.,outputs\performance-intelligence\racingcom-v2\raw\meeting-discovery\https_www_racing_com_services_appv2_GetMeetsByMonth_2026_7_f8c4ab40318d.txt,dca5f3f2b144a0b70fb647a1d252290a23b1ee585bbc6ba7476935841c1adcd5
2026-07-06_STARNAUD,2026-07-06,St Arnaud,STARNAUD,VIC,https://www.racing.com/form/2026-07-06/st-arnaud-jumpout,https://www.racing.com/services/appv2/GetMeetsByMonth/2026/7,RACINGCOM_GET_MEETS_BY_MONTH,2026-07-22T19:21:33+00:00,200,OBSERVED_IN_RACINGCOM_MONTH_PAYLOAD,Meeting observed in Racing.com GetMeetsByMonth payload; V2 does not emit race-level rows from this meeting.,outputs\performance-intelligence\racingcom-v2\raw\meeting-discovery\https_www_racing_com_services_appv2_GetMeetsByMonth_2026_7_f8c4ab40318d.txt,dca5f3f2b144a0b70fb647a1d252290a23b1ee585bbc6ba7476935841c1adcd5
2026-07-06_WANGARATTA,2026-07-06,Sportsbet-Wangaratta,WANGARATTA,VIC,https://www.racing.com/form/2026-07-06/sportsbet-wangaratta,https://www.racing.com/services/appv2/GetMeetsByMonth/2026/7,RACINGCOM_GET_MEETS_BY_MONTH,2026-07-22T19:21:33+00:00,200,OBSERVED_IN_RACINGCOM_MONTH_PAYLOAD,Meeting observed in Racing.com GetMeetsByMonth payload; V2 does not emit race-level rows from this meeting.,outputs\performance-intelligence\racingcom-v2\raw\meeting-discovery\https_www_racing_com_services_appv2_GetMeetsByMonth_2026_7_f8c4ab40318d.txt,dca5f3f2b144a0b70fb647a1d252290a23b1ee585bbc6ba7476935841c1adcd5
2026-07-07_BALLARATSYN,2026-07-07,Sportsbet-Ballarat Syn,BALLARATSYN,VIC,https://www.racing.com/form/2026-07-07/sportsbet-ballarat-synthetic,https://www.racing.com/services/appv2/GetMeetsByMonth/2026/7,RACINGCOM_GET_MEETS_BY_MONTH,2026-07-22T19:21:33+00:00,200,OBSERVED_IN_RACINGCOM_MONTH_PAYLOAD,Meeting observed in Racing.com GetMeetsByMonth payload; V2 does not emit race-level rows from this meeting.,outputs\performance-intelligence\racingcom-v2\raw\meeting-discovery\https_www_racing_com_services_appv2_GetMeetsByMonth_2026_7_f8c4ab40318d.txt,dca5f3f2b144a0b70fb647a1d252290a23b1ee585bbc6ba7476935841c1adcd5
2026-07-07_PAKENHAMSYNTHETIC,2026-07-07,Sportsbet-Pakenham Synthetic,PAKENHAMSYNTHETIC,VIC,https://www.racing.com/form/2026-07-07/southside-pakenham-synthetic-trial,https://www.racing.com/services/appv2/GetMeetsByMonth/2026/7,RACINGCOM_GET_MEETS_BY_MONTH,2026-07-22T19:21:33+00:00,200,OBSERVED_IN_RACINGCOM_MONTH_PAYLOAD,Meeting observed in Racing.com GetMeetsByMonth payload; V2 does not emit race-level rows from this meeting.,outputs\performance-intelligence\racingcom-v2\raw\meeting-discovery\https_www_racing_com_services_appv2_GetMeetsByMonth_2026_7_f8c4ab40318d.txt,dca5f3f2b144a0b70fb647a1d252290a23b1ee585bbc6ba7476935841c1adcd5
2026-07-08_GEELONGSYN,2026-07-08,bet365 Geelong Syn,GEELONGSYN,VIC,https://www.racing.com/form/2026-07-08/ladbrokes-geelong-synthetic-jumpout,https://www.racing.com/services/appv2/GetMeetsByMonth/2026/7,RACINGCOM_GET_MEETS_BY_MONTH,2026-07-22T19:21:33+00:00,200,OBSERVED_IN_RACINGCOM_MONTH_PAYLOAD,Meeting observed in Racing.com GetMeetsByMonth payload; V2 does not emit race-level rows from this meeting.,outputs\performance-intelligence\racingcom-v2\raw\meeting-discovery\https_www_racing_com_services_appv2_GetMeetsByMonth_2026_7_f8c4ab40318d.txt,dca5f3f2b144a0b70fb647a1d252290a23b1ee585bbc6ba7476935841c1adcd5
2026-07-08_MORNINGTON,2026-07-08,Mornington,MORNINGTON,VIC,https://www.racing.com/form/2026-07-08/mornington-jumpout,https://www.racing.com/services/appv2/GetMeetsByMonth/2026/7,RACINGCOM_GET_MEETS_BY_MONTH,2026-07-22T19:21:33+00:00,200,OBSERVED_IN_RACINGCOM_MONTH_PAYLOAD,Meeting observed in Racing.com GetMeetsByMonth payload; V2 does not emit race-level rows from this meeting.,outputs\performance-intelligence\racingcom-v2\raw\meeting-discovery\https_www_racing_com_services_appv2_GetMeetsByMonth_2026_7_f8c4ab40318d.txt,dca5f3f2b144a0b70fb647a1d252290a23b1ee585bbc6ba7476935841c1adcd5
2026-07-08_SANDOWNLAKESIDE,2026-07-08,Sportsbet Sandown Lakeside,SANDOWNLAKESIDE,VIC,https://www.racing.com/form/2026-07-08/sportsbet-sandown-lakeside,https://www.racing.com/services/appv2/GetMeetsByMonth/2026/7,RACINGCOM_GET_MEETS_BY_MONTH,2026-07-22T19:21:33+00:00,200,OBSERVED_IN_RACINGCOM_MONTH_PAYLOAD,Meeting observed in Racing.com GetMeetsByMonth payload; V2 does not emit race-level rows from this meeting.,outputs\performance-intelligence\racingcom-v2\raw\meeting-discovery\https_www_racing_com_services_appv2_GetMeetsByMonth_2026_7_f8c4ab40318d.txt,dca5f3f2b144a0b70fb647a1d252290a23b1ee585bbc6ba7476935841c1adcd5
2026-07-08_WANGARATTA,2026-07-08,Sportsbet-Wangaratta,WANGARATTA,VIC,https://www.racing.com/form/2026-07-08/sportsbet-wangaratta-jumpout,https://www.racing.com/services/appv2/GetMeetsByMonth/2026/7,RACINGCOM_GET_MEETS_BY_MONTH,2026-07-22T19:21:33+00:00,200,OBSERVED_IN_RACINGCOM_MONTH_PAYLOAD,Meeting observed in Racing.com GetMeetsByMonth payload; V2 does not emit race-level rows from this meeting.,outputs\performance-intelligence\racingcom-v2\raw\meeting-discovery\https_www_racing_com_services_appv2_GetMeetsByMonth_2026_7_f8c4ab40318d.txt,dca5f3f2b144a0b70fb647a1d252290a23b1ee585bbc6ba7476935841c1adcd5
2026-07-09_SALE,2026-07-09,Sale,SALE,VIC,https://www.racing.com/form/2026-07-09/sale,https://www.racing.com/services/appv2/GetMeetsByMonth/2026/7,RACINGCOM_GET_MEETS_BY_MONTH,2026-07-22T19:21:33+00:00,200,OBSERVED_IN_RACINGCOM_MONTH_PAYLOAD,Meeting observed in Racing.com GetMeetsByMonth payload; V2 does not emit race-level rows from this meeting.,outputs\performance-intelligence\racingcom-v2\raw\meeting-discovery\https_www_racing_com_services_appv2_GetMeetsByMonth_2026_7_f8c4ab40318d.txt,dca5f3f2b144a0b70fb647a1d252290a23b1ee585bbc6ba7476935841c1adcd5
2026-07-09_WARRNAMBOOL,2026-07-09,Warrnambool,WARRNAMBOOL,VIC,https://www.racing.com/form/2026-07-09/warrnambool-jumpout,https://www.racing.com/services/appv2/GetMeetsByMonth/2026/7,RACINGCOM_GET_MEETS_BY_MONTH,2026-07-22T19:21:33+00:00,200,OBSERVED_IN_RACINGCOM_MONTH_PAYLOAD,Meeting observed in Racing.com GetMeetsByMonth payload; V2 does not emit race-level rows from this meeting.,outputs\performance-intelligence\racingcom-v2\raw\meeting-discovery\https_www_racing_com_services_appv2_GetMeetsByMonth_2026_7_f8c4ab40318d.txt,dca5f3f2b144a0b70fb647a1d252290a23b1ee585bbc6ba7476935841c1adcd5
2026-07-10_FLEMINGTON,2026-07-10,Flemington,FLEMINGTON,VIC,https://www.racing.com/form/2026-07-10/flemington-jumpout,https://www.racing.com/services/appv2/GetMeetsByMonth/2026/7,RACINGCOM_GET_MEETS_BY_MONTH,2026-07-22T19:21:33+00:00,200,OBSERVED_IN_RACINGCOM_MONTH_PAYLOAD,Meeting observed in Racing.com GetMeetsByMonth payload; V2 does not emit race-level rows from this meeting.,outputs\performance-intelligence\racingcom-v2\raw\meeting-discovery\https_www_racing_com_services_appv2_GetMeetsByMonth_2026_7_f8c4ab40318d.txt,dca5f3f2b144a0b70fb647a1d252290a23b1ee585bbc6ba7476935841c1adcd5
2026-07-10_GEELONG,2026-07-10,Ladbrokes Geelong,GEELONG,VIC,https://www.racing.com/form/2026-07-10/ladbrokes-geelong,https://www.racing.com/services/appv2/GetMeetsByMonth/2026/7 | public\data\race_fields.csv,LOCAL_RACE_FIELDS_MEETING_EVIDENCE | RACINGCOM_GET_MEETS_BY_MONTH,2026-07-22T19:21:33+00:00,200,MERGED_MEETING_EVIDENCE,Meeting observed in Racing.com GetMeetsByMonth payload; V2 does not emit race-level rows from this meeting. || Meeting identity observed in race_fields.csv; no race-level expansion performed by V2 meeting discovery. || Meeting identity observed in race_fields.csv; no race-level expansion performed by V2 meeting discovery. || Meeting identity observed in race_fields.csv; no race-level expansion performed by V2 meeting discovery. || Meeting identity observed in race_fields.csv; no race-level expansion performed by V2 meeting discovery. || Meeting identity observed in race_fields.csv; no race-level expansion performed by V2 meeting discovery. || Meeting identity observed in race_fields.csv; no race-level expansion performed by V2 meeting discovery. || Meeting identity observed in race_fields.csv; no race-level expansion performed by V2 meeting discovery. || Meeting identity observed in race_fields.csv; no race-level expansion performed by V2 meeting discovery. || Meeting identity observed in race_fields.csv; no race-level expansion performed by V2 meeting discovery. || Meeting identity observed in race_fields.csv; no race-level expansion performed by V2 meeting discovery. || Meeting identity observed in race_fields.csv; no race-level expansion performed by V2 meeting discovery. || Meeting identity observed in race_fields.csv; no race-level expansion performed by V2 meeting discovery. || Meeting identity observed in race_fields.csv; no race-level expansion performed by V2 meeting discovery. || Meeting identity observed in race_fields.csv; no race-level expansion performed by V2 meeting discovery. || Meeting identity observed in race_fields.csv; no race-level expansion performed by V2 meeting discovery. || Meeting identity observed in race_fields.csv; no race-level expansion performed by V2 meeting discovery. || Meeting identity observed in race_fields.csv; no race-level expansion performed by V2 meeting discovery. || Meeting identity observed in race_fields.csv; no race-level expansion performed by V2 meeting discovery. || Meeting identity observed in race_fields.csv; no race-level expansion performed by V2 meeting discovery. || Meeting identity observed in race_fields.csv; no race-level expansion performed by V2 meeting discovery. || Meeting identity observed in race_fields.csv; no race-level expansion performed by V2 meeting discovery. || Meeting identity observed in race_fields.csv; no race-level expansion performed by V2 meeting discovery. || Meeting identity observed in race_fields.csv; no race-level expansion performed by V2 meeting discovery. || Meeting identity observed in race_fields.csv; no race-level expansion performed by V2 meeting discovery. || Meeting identity observed in race_fields.csv; no race-level expansion performed by V2 meeting discovery. || Meeting identity observed in race_fields.csv; no race-level expansion performed by V2 meeting discovery. || Meeting identity observed in race_fields.csv; no race-level expansion performed by V2 meeting discovery. || Meeting identity observed in race_fields.csv; no race-level expansion performed by V2 meeting discovery. || Meeting identity observed in race_fields.csv; no race-level expansion performed by V2 meeting discovery. || Meeting identity observed in race_fields.csv; no race-level expansion performed by V2 meeting discovery. || Meeting identity observed in race_fields.csv; no race-level expansion performed by V2 meeting discovery. || Meeting identity observed in race_fields.csv; no race-level expansion performed by V2 meeting discovery. || Meeting identity observed in race_fields.csv; no race-level expansion performed by V2 meeting discovery. || Meeting identity observed in race_fields.csv; no race-level expansion performed by V2 meeting discovery. || Meeting identity observed in race_fields.csv; no race-level expansion performed by V2 meeting discovery. || Meeting identity observed in race_fields.csv; no race-level expansion performed by V2 meeting discovery. || Meeting identity observed in race_fields.csv; no race-level expansion performed by V2 meeting discovery. || Meeting identity observed in race_fields.csv; no race-level expansion performed by V2 meeting discovery. || Meeting identity observed in race_fields.csv; no race-level expansion performed by V2 meeting discovery. || Meeting identity observed in race_fields.csv; no race-level expansion performed by V2 meeting discovery. || Meeting identity observed in race_fields.csv; no race-level expansion performed by V2 meeting discovery. || Meeting identity observed in race_fields.csv; no race-level expansion performed by V2 meeting discovery. || Meeting identity observed in race_fields.csv; no race-level expansion performed by V2 meeting discovery. || Meeting identity observed in race_fields.csv; no race-level expansion performed by V2 meeting discovery. || Meeting identity observed in race_fields.csv; no race-level expansion performed by V2 meeting discovery. || Meeting identity observed in race_fields.csv; no race-level expansion performed by V2 meeting discovery. || Meeting identity observed in race_fields.csv; no race-level expansion performed by V2 meeting discovery. || Meeting identity observed in race_fields.csv; no race-level expansion performed by V2 meeting discovery. || Meeting identity observed in race_fields.csv; no race-level expansion performed by V2 meeting discovery. || Meeting identity observed in race_fields.csv; no race-level expansion performed by V2 meeting discovery. || Meeting identity observed in race_fields.csv; no race-level expansion performed by V2 meeting discovery. || Meeting identity observed in race_fields.csv; no race-level expansion performed by V2 meeting discovery. || Meeting identity observed in race_fields.csv; no race-level expansion performed by V2 meeting discovery. || Meeting identity observed in race_fields.csv; no race-level expansion performed by V2 meeting discovery. || Meeting identity observed in race_fields.csv; no race-level expansion performed by V2 meeting discovery. || Meeting identity observed in race_fields.csv; no race-level expansion performed by V2 meeting discovery. || Meeting identity observed in race_fields.csv; no race-level expansion performed by V2 meeting discovery. || Meeting identity observed in race_fields.csv; no race-level expansion performed by V2 meeting discovery. || Meeting identity observed in race_fields.csv; no race-level expansion performed by V2 meeting discovery. || Meeting identity observed in race_fields.csv; no race-level expansion performed by V2 meeting discovery. || Meeting identity observed in race_fields.csv; no race-level expansion performed by V2 meeting discovery. || Meeting identity observed in race_fields.csv; no race-level expansion performed by V2 meeting discovery. || Meeting identity observed in race_fields.csv; no race-level expansion performed by V2 meeting discovery. || Meeting identity observed in race_fields.csv; no race-level expansion performed by V2 meeting discovery. || Meeting identity observed in race_fields.csv; no race-level expansion performed by V2 meeting discovery. || Meeting identity observed in race_fields.csv; no race-level expansion performed by V2 meeting discovery. || Meeting identity observed in race_fields.csv; no race-level expansion performed by V2 meeting discovery. || Meeting identity observed in race_fields.csv; no race-level expansion performed by V2 meeting discovery. || Meeting identity observed in race_fields.csv; no race-level expansion performed by V2 meeting discovery. || Meeting identity observed in race_fields.csv; no race-level expansion performed by V2 meeting discovery. || Meeting identity observed in race_fields.csv; no race-level expansion performed by V2 meeting discovery. || Meeting identity observed in race_fields.csv; no race-level expansion performed by V2 meeting discovery. || Meeting identity observed in race_fields.csv; no race-level expansion performed by V2 meeting discovery. || Meeting identity observed in race_fields.csv; no race-level expansion performed by V2 meeting discovery. || Meeting identity observed in race_fields.csv; no race-level expansion performed by V2 meeting discovery. || Meeting identity observed in race_fields.csv; no race-level expansion performed by V2 meeting discovery. || Meeting identity observed in race_fields.csv; no race-level expansion performed by V2 meeting discovery. || Meeting identity observed in race_fields.csv; no race-level expansion performed by V2 meeting discovery. || Meeting identity observed in race_fields.csv; no race-level expansion performed by V2 meeting discovery. || Meeting identity observed in race_fields.csv; no race-level expansion performed by V2 meeting discovery. || Meeting identity observed in race_fields.csv; no race-level expansion performed by V2 meeting discovery. || Meeting identity observed in race_fields.csv; no race-level expansion performed by V2 meeting discovery. || Meeting identity observed in race_fields.csv; no race-level expansion performed by V2 meeting discovery. || Meeting identity observed in race_fields.csv; no race-level expansion performed by V2 meeting discovery. || Meeting identity observed in race_fields.csv; no race-level expansion performed by V2 meeting discovery. || Meeting identity observed in race_fields.csv; no race-level expansion performed by V2 meeting discovery. || Meeting identity observed in race_fields.csv; no race-level expansion performed by V2 meeting discovery. || Meeting identity observed in race_fields.csv; no race-level expansion performed by V2 meeting discovery. || Meeting identity observed in race_fields.csv; no race-level expansion performed by V2 meeting discovery. || Meeting identity observed in race_fields.csv; no race-level expansion performed by V2 meeting discovery. || Meeting identity observed in race_fields.csv; no race-level expansion performed by V2 meeting discovery. || Meeting identity observed in race_fields.csv; no race-level expansion performed by V2 meeting discovery. || Meeting identity observed in race_fields.csv; no race-level expansion performed by V2 meeting discovery. || Meeting identity observed in race_fields.csv; no race-level expansion performed by V2 meeting discovery. || Meeting identity observed in race_fields.csv; no race-level expansion performed by V2 meeting discovery. || Meeting identity observed in race_fields.csv; no race-level expansion performed by V2 meeting discovery. || Meeting identity observed in race_fields.csv; no race-level expansion performed by V2 meeting discovery. || Meeting identity observed in race_fields.csv; no race-level expansion performed by V2 meeting discovery. || Meeting identity observed in race_fields.csv; no race-level expansion performed by V2 meeting discovery. || Meeting identity observed in race_fields.csv; no race-level expansion performed by V2 meeting discovery. || Meeting identity observed in race_fields.csv; no race-level expansion performed by V2 meeting discovery. || Meeting identity observed in race_fields.csv; no race-level expansion performed by V2 meeting discovery. || Meeting identity observed in race_fields.csv; no race-level expansion performed by V2 meeting discovery. || Meeting identity observed in race_fields.csv; no race-level expansion performed by V2 meeting discovery. || Meeting identity observed in race_fields.csv; no race-level expansion performed by V2 meeting discovery. || Meeting identity observed in race_fields.csv; no race-level expansion performed by V2 meeting discovery. || Meeting identity observed in race_fields.csv; no race-level expansion performed by V2 meeting discovery. || Meeting identity observed in race_fields.csv; no race-level expansion performed by V2 meeting discovery. || Meeting identity observed in race_fields.csv; no race-level expansion performed by V2 meeting discovery. || Meeting identity observed in race_fields.csv; no race-level expansion performed by V2 meeting discovery. || Meeting identity observed in race_fields.csv; no race-level expansion performed by V2 meeting discovery. || Meeting identity observed in race_fields.csv; no race-level expansion performed by V2 meeting discovery. || Meeting identity observed in race_fields.csv; no race-level expansion performed by V2 meeting discovery. || Meeting identity observed in race_fields.csv; no race-level expansion performed by V2 meeting discovery. || Meeting identity observed in race_fields.csv; no race-level expansion performed by V2 meeting discovery. || Meeting identity observed in race_fields.csv; no race-level expansion performed by V2 meeting discovery. || Meeting identity observed in race_fields.csv; no race-level expansion performed by V2 meeting discovery. || Meeting identity observed in race_fields.csv; no race-level expansion performed by V2 meeting discovery. || Meeting identity observed in race_fields.csv; no race-level expansion performed by V2 meeting discovery. || Meeting identity observed in race_fields.csv; no race-level expansion performed by V2 meeting discovery. || Meeting identity observed in race_fields.csv; no race-level expansion performed by V2 meeting discovery. || Meeting identity observed in race_fields.csv; no race-level expansion performed by V2 meeting discovery. || Meeting identity observed in race_fields.csv; no race-level expansion performed by V2 meeting discovery. || Meeting identity observed in race_fields.csv; no race-level expansion performed by V2 meeting discovery. || Meeting identity observed in race_fields.csv; no race-level expansion performed by V2 meeting discovery. || Meeting identity observed in race_fields.csv; no race-level expansion performed by V2 meeting discovery. || Meeting identity observed in race_fields.csv; no race-level expansion performed by V2 meeting discovery. || Meeting identity observed in race_fields.csv; no race-level expansion performed by V2 meeting discovery. || Meeting identity observed in race_fields.csv; no race-level expansion performed by V2 meeting discovery. || Meeting identity observed in race_fields.csv; no race-level expansion performed by V2 meeting discovery. || Meeting identity observed in race_fields.csv; no race-level expansion performed by V2 meeting discovery.,outputs\performance-intelligence\racingcom-v2\raw\meeting-discovery\https_www_racing_com_services_appv2_GetMeetsByMonth_2026_7_f8c4ab40318d.txt,a4adcf61ca794312514ca5631be581ca946836740f8cb0e4c22c9d8fe4f75b38 | dca5f3f2b144a0b70fb647a1d252290a23b1ee585bbc6ba7476935841c1adcd5
2026-07-11_CAULFIELD,2026-07-11,Caulfield,CAULFIELD,VIC,https://www.racing.com/form/2026-07-11/caulfield,https://www.racing.com/services/appv2/GetMeetsByMonth/2026/7 | public\data\race_fields.csv,LOCAL_RACE_FIELDS_MEETING_EVIDENCE | RACINGCOM_GET_MEETS_BY_MONTH,2026-07-22T19:21:33+00:00,200,MERGED_MEETING_EVIDENCE,Meeting observed in Racing.com GetMeetsByMonth payload; V2 does not emit race-level rows from this meeting. || Meeting identity observed in race_fields.csv; no race-level expansion performed by V2 meeting discovery. || Meeting identity observed in race_fields.csv; no race-level expansion performed by V2 meeting discovery. || Meeting identity observed in race_fields.csv; no race-level expansion performed by V2 meeting discovery. || Meeting identity observed in race_fields.csv; no race-level expansion performed by V2 meeting discovery. || Meeting identity observed in race_fields.csv; no race-level expansion performed by V2 meeting discovery. || Meeting identity observed in race_fields.csv; no race-level expansion performed by V2 meeting discovery. || Meeting identity observed in race_fields.csv; no race-level expansion performed by V2 meeting discovery. || Meeting identity observed in race_fields.csv; no race-level expansion performed by V2 meeting discovery. || Meeting identity observed in race_fields.csv; no race-level expansion performed by V2 meeting discovery. || Meeting identity observed in race_fields.csv; no race-level expansion performed by V2 meeting discovery. || Meeting identity observed in race_fields.csv; no race-level expansion performed by V2 meeting discovery. || Meeting identity observed in race_fields.csv; no race-level expansion performed by V2 meeting discovery. || Meeting identity observed in race_fields.csv; no race-level expansion performed by V2 meeting discovery. || Meeting identity observed in race_fields.csv; no race-level expansion performed by V2 meeting discovery. || Meeting identity observed in race_fields.csv; no race-level expansion performed by V2 meeting discovery. || Meeting identity observed in race_fields.csv; no race-level expansion performed by V2 meeting discovery. || Meeting identity observed in race_fields.csv; no race-level expansion performed by V2 meeting discovery. || Meeting identity observed in race_fields.csv; no race-level expansion performed by V2 meeting discovery. || Meeting identity observed in race_fields.csv; no race-level expansion performed by V2 meeting discovery. || Meeting identity observed in race_fields.csv; no race-level expansion performed by V2 meeting discovery. || Meeting identity observed in race_fields.csv; no race-level expansion performed by V2 meeting discovery. || Meeting identity observed in race_fields.csv; no race-level expansion performed by V2 meeting discovery. || Meeting identity observed in race_fields.csv; no race-level expansion performed by V2 meeting discovery. || Meeting identity observed in race_fields.csv; no race-level expansion performed by V2 meeting discovery. || Meeting identity observed in race_fields.csv; no race-level expansion performed by V2 meeting discovery. || Meeting identity observed in race_fields.csv; no race-level expansion performed by V2 meeting discovery. || Meeting identity observed in race_fields.csv; no race-level expansion performed by V2 meeting discovery. || Meeting identity observed in race_fields.csv; no race-level expansion performed by V2 meeting discovery. || Meeting identity observed in race_fields.csv; no race-level expansion performed by V2 meeting discovery. || Meeting identity observed in race_fields.csv; no race-level expansion performed by V2 meeting discovery. || Meeting identity observed in race_fields.csv; no race-level expansion performed by V2 meeting discovery. || Meeting identity observed in race_fields.csv; no race-level expansion performed by V2 meeting discovery. || Meeting identity observed in race_fields.csv; no race-level expansion performed by V2 meeting discovery. || Meeting identity observed in race_fields.csv; no race-level expansion performed by V2 meeting discovery. || Meeting identity observed in race_fields.csv; no race-level expansion performed by V2 meeting discovery. || Meeting identity observed in race_fields.csv; no race-level expansion performed by V2 meeting discovery. || Meeting identity observed in race_fields.csv; no race-level expansion performed by V2 meeting discovery. || Meeting identity observed in race_fields.csv; no race-level expansion performed by V2 meeting discovery. || Meeting identity observed in race_fields.csv; no race-level expansion performed by V2 meeting discovery. || Meeting identity observed in race_fields.csv; no race-level expansion performed by V2 meeting discovery. || Meeting identity observed in race_fields.csv; no race-level expansion performed by V2 meeting discovery. || Meeting identity observed in race_fields.csv; no race-level expansion performed by V2 meeting discovery. || Meeting identity observed in race_fields.csv; no race-level expansion performed by V2 meeting discovery. || Meeting identity observed in race_fields.csv; no race-level expansion performed by V2 meeting discovery. || Meeting identity observed in race_fields.csv; no race-level expansion performed by V2 meeting discovery. || Meeting identity observed in race_fields.csv; no race-level expansion performed by V2 meeting discovery. || Meeting identity observed in race_fields.csv; no race-level expansion performed by V2 meeting discovery. || Meeting identity observed in race_fields.csv; no race-level expansion performed by V2 meeting discovery. || Meeting identity observed in race_fields.csv; no race-level expansion performed by V2 meeting discovery. || Meeting identity observed in race_fields.csv; no race-level expansion performed by V2 meeting discovery. || Meeting identity observed in race_fields.csv; no race-level expansion performed by V2 meeting discovery. || Meeting identity observed in race_fields.csv; no race-level expansion performed by V2 meeting discovery. || Meeting identity observed in race_fields.csv; no race-level expansion performed by V2 meeting discovery. || Meeting identity observed in race_fields.csv; no race-level expansion performed by V2 meeting discovery. || Meeting identity observed in race_fields.csv; no race-level expansion performed by V2 meeting discovery. || Meeting identity observed in race_fields.csv; no race-level expansion performed by V2 meeting discovery. || Meeting identity observed in race_fields.csv; no race-level expansion performed by V2 meeting discovery. || Meeting identity observed in race_fields.csv; no race-level expansion performed by V2 meeting discovery. || Meeting identity observed in race_fields.csv; no race-level expansion performed by V2 meeting discovery. || Meeting identity observed in race_fields.csv; no race-level expansion performed by V2 meeting discovery. || Meeting identity observed in race_fields.csv; no race-level expansion performed by V2 meeting discovery. || Meeting identity observed in race_fields.csv; no race-level expansion performed by V2 meeting discovery. || Meeting identity observed in race_fields.csv; no race-level expansion performed by V2 meeting discovery. || Meeting identity observed in race_fields.csv; no race-level expansion performed by V2 meeting discovery. || Meeting identity observed in race_fields.csv; no race-level expansion performed by V2 meeting discovery. || Meeting identity observed in race_fields.csv; no race-level expansion performed by V2 meeting discovery. || Meeting identity observed in race_fields.csv; no race-level expansion performed by V2 meeting discovery. || Meeting identity observed in race_fields.csv; no race-level expansion performed by V2 meeting discovery. || Meeting identity observed in race_fields.csv; no race-level expansion performed by V2 meeting discovery. || Meeting identity observed in race_fields.csv; no race-level expansion performed by V2 meeting discovery. || Meeting identity observed in race_fields.csv; no race-level expansion performed by V2 meeting discovery. || Meeting identity observed in race_fields.csv; no race-level expansion performed by V2 meeting discovery. || Meeting identity observed in race_fields.csv; no race-level expansion performed by V2 meeting discovery. || Meeting identity observed in race_fields.csv; no race-level expansion performed by V2 meeting discovery. || Meeting identity observed in race_fields.csv; no race-level expansion performed by V2 meeting discovery. || Meeting identity observed in race_fields.csv; no race-level expansion performed by V2 meeting discovery. || Meeting identity observed in race_fields.csv; no race-level expansion performed by V2 meeting discovery. || Meeting identity observed in race_fields.csv; no race-level expansion performed by V2 meeting discovery. || Meeting identity observed in race_fields.csv; no race-level expansion performed by V2 meeting discovery. || Meeting identity observed in race_fields.csv; no race-level expansion performed by V2 meeting discovery. || Meeting identity observed in race_fields.csv; no race-level expansion performed by V2 meeting discovery. || Meeting identity observed in race_fields.csv; no race-level expansion performed by V2 meeting discovery. || Meeting identity observed in race_fields.csv; no race-level expansion performed by V2 meeting discovery. || Meeting identity observed in race_fields.csv; no race-level expansion performed by V2 meeting discovery. || Meeting identity observed in race_fields.csv; no race-level expansion performed by V2 meeting discovery. || Meeting identity observed in race_fields.csv; no race-level expansion performed by V2 meeting discovery. || Meeting identity observed in race_fields.csv; no race-level expansion performed by V2 meeting discovery. || Meeting identity observed in race_fields.csv; no race-level expansion performed by V2 meeting discovery. || Meeting identity observed in race_fields.csv; no race-level expansion performed by V2 meeting discovery. || Meeting identity observed in race_fields.csv; no race-level expansion performed by V2 meeting discovery. || Meeting identity observed in race_fields.csv; no race-level expansion performed by V2 meeting discovery. || Meeting identity observed in race_fields.csv; no race-level expansion performed by V2 meeting discovery. || Meeting identity observed in race_fields.csv; no race-level expansion performed by V2 meeting discovery. || Meeting identity observed in race_fields.csv; no race-level expansion performed by V2 meeting discovery. || Meeting identity observed in race_fields.csv; no race-level expansion performed by V2 meeting discovery. || Meeting identity observed in race_fields.csv; no race-level expansion performed by V2 meeting discovery. || Meeting identity observed in race_fields.csv; no race-level expansion performed by V2 meeting discovery. || Meeting identity observed in race_fields.csv; no race-level expansion performed by V2 meeting discovery. || Meeting identity observed in race_fields.csv; no race-level expansion performed by V2 meeting discovery. || Meeting identity observed in race_fields.csv; no race-level expansion performed by V2 meeting discovery. || Meeting identity observed in race_fields.csv; no race-level expansion performed by V2 meeting discovery. || Meeting identity observed in race_fields.csv; no race-level expansion performed by V2 meeting discovery. || Meeting identity observed in race_fields.csv; no race-level expansion performed by V2 meeting discovery. || Meeting identity observed in race_fields.csv; no race-level expansion performed by V2 meeting discovery. || Meeting identity observed in race_fields.csv; no race-level expansion performed by V2 meeting discovery. || Meeting identity observed in race_fields.csv; no race-level expansion performed by V2 meeting discovery. || Meeting identity observed in race_fields.csv; no race-level expansion performed by V2 meeting discovery. || Meeting identity observed in race_fields.csv; no race-level expansion performed by V2 meeting discovery. || Meeting identity observed in race_fields.csv; no race-level expansion performed by V2 meeting discovery. || Meeting identity observed in race_fields.csv; no race-level expansion performed by V2 meeting discovery. || Meeting identity observed in race_fields.csv; no race-level expansion performed by V2 meeting discovery. || Meeting identity observed in race_fields.csv; no race-level expansion performed by V2 meeting discovery. || Meeting identity observed in race_fields.csv; no race-level expansion performed by V2 meeting discovery. || Meeting identity observed in race_fields.csv; no race-level expansion performed by V2 meeting discovery. || Meeting identity observed in race_fields.csv; no race-level expansion performed by V2 meeting discovery. || Meeting identity observed in race_fields.csv; no race-level expansion performed by V2 meeting discovery.,outputs\performance-intelligence\racingcom-v2\raw\meeting-discovery\https_www_racing_com_services_appv2_GetMeetsByMonth_2026_7_f8c4ab40318d.txt,a4adcf61ca794312514ca5631be581ca946836740f8cb0e4c22c9d8fe4f75b38 | dca5f3f2b144a0b70fb647a1d252290a23b1ee585bbc6ba7476935841c1adcd5
2026-07-11_DONALD,2026-07-11,Donald,DONALD,VIC,https://www.racing.com/form/2026-07-11/donald,https://www.racing.com/services/appv2/GetMeetsByMonth/2026/7 | public\data\race_fields.csv,LOCAL_RACE_FIELDS_MEETING_EVIDENCE | RACINGCOM_GET_MEETS_BY_MONTH,2026-07-22T19:21:33+00:00,200,MERGED_MEETING_EVIDENCE,Meeting observed in Racing.com GetMeetsByMonth payload; V2 does not emit race-level rows from this meeting. || Meeting identity observed in race_fields.csv; no race-level expansion performed by V2 meeting discovery. || Meeting identity observed in race_fields.csv; no race-level expansion performed by V2 meeting discovery. || Meeting identity observed in race_fields.csv; no race-level expansion performed by V2 meeting discovery. || Meeting identity observed in race_fields.csv; no race-level expansion performed by V2 meeting discovery. || Meeting identity observed in race_fields.csv; no race-level expansion performed by V2 meeting discovery. || Meeting identity observed in race_fields.csv; no race-level expansion performed by V2 meeting discovery. || Meeting identity observed in race_fields.csv; no race-level expansion performed by V2 meeting discovery. || Meeting identity observed in race_fields.csv; no race-level expansion performed by V2 meeting discovery. || Meeting identity observed in race_fields.csv; no race-level expansion performed by V2 meeting discovery. || Meeting identity observed in race_fields.csv; no race-level expansion performed by V2 meeting discovery. || Meeting identity observed in race_fields.csv; no race-level expansion performed by V2 meeting discovery. || Meeting identity observed in race_fields.csv; no race-level expansion performed by V2 meeting discovery. || Meeting identity observed in race_fields.csv; no race-level expansion performed by V2 meeting discovery. || Meeting identity observed in race_fields.csv; no race-level expansion performed by V2 meeting discovery. || Meeting identity observed in race_fields.csv; no race-level expansion performed by V2 meeting discovery. || Meeting identity observed in race_fields.csv; no race-level expansion performed by V2 meeting discovery. || Meeting identity observed in race_fields.csv; no race-level expansion performed by V2 meeting discovery. || Meeting identity observed in race_fields.csv; no race-level expansion performed by V2 meeting discovery. || Meeting identity observed in race_fields.csv; no race-level expansion performed by V2 meeting discovery. || Meeting identity observed in race_fields.csv; no race-level expansion performed by V2 meeting discovery. || Meeting identity observed in race_fields.csv; no race-level expansion performed by V2 meeting discovery. || Meeting identity observed in race_fields.csv; no race-level expansion performed by V2 meeting discovery. || Meeting identity observed in race_fields.csv; no race-level expansion performed by V2 meeting discovery. || Meeting identity observed in race_fields.csv; no race-level expansion performed by V2 meeting discovery. || Meeting identity observed in race_fields.csv; no race-level expansion performed by V2 meeting discovery. || Meeting identity observed in race_fields.csv; no race-level expansion performed by V2 meeting discovery. || Meeting identity observed in race_fields.csv; no race-level expansion performed by V2 meeting discovery. || Meeting identity observed in race_fields.csv; no race-level expansion performed by V2 meeting discovery. || Meeting identity observed in race_fields.csv; no race-level expansion performed by V2 meeting discovery. || Meeting identity observed in race_fields.csv; no race-level expansion performed by V2 meeting discovery. || Meeting identity observed in race_fields.csv; no race-level expansion performed by V2 meeting discovery. || Meeting identity observed in race_fields.csv; no race-level expansion performed by V2 meeting discovery. || Meeting identity observed in race_fields.csv; no race-level expansion performed by V2 meeting discovery. || Meeting identity observed in race_fields.csv; no race-level expansion performed by V2 meeting discovery. || Meeting identity observed in race_fields.csv; no race-level expansion performed by V2 meeting discovery. || Meeting identity observed in race_fields.csv; no race-level expansion performed by V2 meeting discovery. || Meeting identity observed in race_fields.csv; no race-level expansion performed by V2 meeting discovery. || Meeting identity observed in race_fields.csv; no race-level expansion performed by V2 meeting discovery. || Meeting identity observed in race_fields.csv; no race-level expansion performed by V2 meeting discovery. || Meeting identity observed in race_fields.csv; no race-level expansion performed by V2 meeting discovery. || Meeting identity observed in race_fields.csv; no race-level expansion performed by V2 meeting discovery. || Meeting identity observed in race_fields.csv; no race-level expansion performed by V2 meeting discovery. || Meeting identity observed in race_fields.csv; no race-level expansion performed by V2 meeting discovery. || Meeting identity observed in race_fields.csv; no race-level expansion performed by V2 meeting discovery. || Meeting identity observed in race_fields.csv; no race-level expansion performed by V2 meeting discovery. || Meeting identity observed in race_fields.csv; no race-level expansion performed by V2 meeting discovery. || Meeting identity observed in race_fields.csv; no race-level expansion performed by V2 meeting discovery. || Meeting identity observed in race_fields.csv; no race-level expansion performed by V2 meeting discovery. || Meeting identity observed in race_fields.csv; no race-level expansion performed by V2 meeting discovery. || Meeting identity observed in race_fields.csv; no race-level expansion performed by V2 meeting discovery. || Meeting identity observed in race_fields.csv; no race-level expansion performed by V2 meeting discovery. || Meeting identity observed in race_fields.csv; no race-level expansion performed by V2 meeting discovery. || Meeting identity observed in race_fields.csv; no race-level expansion performed by V2 meeting discovery. || Meeting identity observed in race_fields.csv; no race-level expansion performed by V2 meeting discovery. || Meeting identity observed in race_fields.csv; no race-level expansion performed by V2 meeting discovery. || Meeting identity observed in race_fields.csv; no race-level expansion performed by V2 meeting discovery. || Meeting identity observed in race_fields.csv; no race-level expansion performed by V2 meeting discovery. || Meeting identity observed in race_fields.csv; no race-level expansion performed by V2 meeting discovery. || Meeting identity observed in race_fields.csv; no race-level expansion performed by V2 meeting discovery. || Meeting identity observed in race_fields.csv; no race-level expansion performed by V2 meeting discovery. || Meeting identity observed in race_fields.csv; no race-level expansion performed by V2 meeting discovery. || Meeting identity observed in race_fields.csv; no race-level expansion performed by V2 meeting discovery. || Meeting identity observed in race_fields.csv; no race-level expansion performed by V2 meeting discovery. || Meeting identity observed in race_fields.csv; no race-level expansion performed by V2 meeting discovery. || Meeting identity observed in race_fields.csv; no race-level expansion performed by V2 meeting discovery. || Meeting identity observed in race_fields.csv; no race-level expansion performed by V2 meeting discovery. || Meeting identity observed in race_fields.csv; no race-level expansion performed by V2 meeting discovery. || Meeting identity observed in race_fields.csv; no race-level expansion performed by V2 meeting discovery. || Meeting identity observed in race_fields.csv; no race-level expansion performed by V2 meeting discovery. || Meeting identity observed in race_fields.csv; no race-level expansion performed by V2 meeting discovery. || Meeting identity observed in race_fields.csv; no race-level expansion performed by V2 meeting discovery. || Meeting identity observed in race_fields.csv; no race-level expansion performed by V2 meeting discovery. || Meeting identity observed in race_fields.csv; no race-level expansion performed by V2 meeting discovery. || Meeting identity observed in race_fields.csv; no race-level expansion performed by V2 meeting discovery. || Meeting identity observed in race_fields.csv; no race-level expansion performed by V2 meeting discovery. || Meeting identity observed in race_fields.csv; no race-level expansion performed by V2 meeting discovery. || Meeting identity observed in race_fields.csv; no race-level expansion performed by V2 meeting discovery. || Meeting identity observed in race_fields.csv; no race-level expansion performed by V2 meeting discovery. || Meeting identity observed in race_fields.csv; no race-level expansion performed by V2 meeting discovery. || Meeting identity observed in race_fields.csv; no race-level expansion performed by V2 meeting discovery. || Meeting identity observed in race_fields.csv; no race-level expansion performed by V2 meeting discovery. || Meeting identity observed in race_fields.csv; no race-level expansion performed by V2 meeting discovery. || Meeting identity observed in race_fields.csv; no race-level expansion performed by V2 meeting discovery. || Meeting identity observed in race_fields.csv; no race-level expansion performed by V2 meeting discovery. || Meeting identity observed in race_fields.csv; no race-level expansion performed by V2 meeting discovery. || Meeting identity observed in race_fields.csv; no race-level expansion performed by V2 meeting discovery. || Meeting identity observed in race_fields.csv; no race-level expansion performed by V2 meeting discovery. || Meeting identity observed in race_fields.csv; no race-level expansion performed by V2 meeting discovery. || Meeting identity observed in race_fields.csv; no race-level expansion performed by V2 meeting discovery. || Meeting identity observed in race_fields.csv; no race-level expansion performed by V2 meeting discovery. || Meeting identity observed in race_fields.csv; no race-level expansion performed by V2 meeting discovery. || Meeting identity observed in race_fields.csv; no race-level expansion performed by V2 meeting discovery. || Meeting identity observed in race_fields.csv; no race-level expansion performed by V2 meeting discovery. || Meeting identity observed in race_fields.csv; no race-level expansion performed by V2 meeting discovery. || Meeting identity observed in race_fields.csv; no race-level expansion performed by V2 meeting discovery. || Meeting identity observed in race_fields.csv; no race-level expansion performed by V2 meeting discovery.,outputs\performance-intelligence\racingcom-v2\raw\meeting-discovery\https_www_racing_com_services_appv2_GetMeetsByMonth_2026_7_f8c4ab40318d.txt,a4adcf61ca794312514ca5631be581ca946836740f8cb0e4c22c9d8fe4f75b38 | dca5f3f2b144a0b70fb647a1d252290a23b1ee585bbc6ba7476935841c1adcd5
2026-07-12_BALLARAT,2026-07-12,Sportsbet-Ballarat,BALLARAT,VIC,https://www.racing.com/form/2026-07-12/ballarat,public\data\race_fields.csv,LOCAL_RACE_FIELDS_MEETING_EVIDENCE,2026-07-22T19:21:33+00:00,,MERGED_MEETING_EVIDENCE,Meeting identity observed in race_fields.csv; no race-level expansion performed by V2 meeting discovery. || Meeting identity observed in race_fields.csv; no race-level expansion performed by V2 meeting discovery. || Meeting identity observed in race_fields.csv; no race-level expansion performed by V2 meeting discovery. || Meeting identity observed in race_fields.csv; no race-level expansion performed by V2 meeting discovery. || Meeting identity observed in race_fields.csv; no race-level expansion performed by V2 meeting discovery. || Meeting identity observed in race_fields.csv; no race-level expansion performed by V2 meeting discovery. || Meeting identity observed in race_fields.csv; no race-level expansion performed by V2 meeting discovery. || Meeting identity observed in race_fields.csv; no race-level expansion performed by V2 meeting discovery. || Meeting identity observed in race_fields.csv; no race-level expansion performed by V2 meeting discovery. || Meeting identity observed in race_fields.csv; no race-level expansion performed by V2 meeting discovery. || Meeting identity observed in race_fields.csv; no race-level expansion performed by V2 meeting discovery. || Meeting identity observed in race_fields.csv; no race-level expansion performed by V2 meeting discovery. || Meeting identity observed in race_fields.csv; no race-level expansion performed by V2 meeting discovery. || Meeting identity observed in race_fields.csv; no race-level expansion performed by V2 meeting discovery. || Meeting identity observed in race_fields.csv; no race-level expansion performed by V2 meeting discovery. || Meeting identity observed in race_fields.csv; no race-level expansion performed by V2 meeting discovery. || Meeting identity observed in race_fields.csv; no race-level expansion performed by V2 meeting discovery. || Meeting identity observed in race_fields.csv; no race-level expansion performed by V2 meeting discovery. || Meeting identity observed in race_fields.csv; no race-level expansion performed by V2 meeting discovery. || Meeting identity observed in race_fields.csv; no race-level expansion performed by V2 meeting discovery. || Meeting identity observed in race_fields.csv; no race-level expansion performed by V2 meeting discovery. || Meeting identity observed in race_fields.csv; no race-level expansion performed by V2 meeting discovery. || Meeting identity observed in race_fields.csv; no race-level expansion performed by V2 meeting discovery. || Meeting identity observed in race_fields.csv; no race-level expansion performed by V2 meeting discovery. || Meeting identity observed in race_fields.csv; no race-level expansion performed by V2 meeting discovery. || Meeting identity observed in race_fields.csv; no race-level expansion performed by V2 meeting discovery. || Meeting identity observed in race_fields.csv; no race-level expansion performed by V2 meeting discovery. || Meeting identity observed in race_fields.csv; no race-level expansion performed by V2 meeting discovery. || Meeting identity observed in race_fields.csv; no race-level expansion performed by V2 meeting discovery. || Meeting identity observed in race_fields.csv; no race-level expansion performed by V2 meeting discovery. || Meeting identity observed in race_fields.csv; no race-level expansion performed by V2 meeting discovery. || Meeting identity observed in race_fields.csv; no race-level expansion performed by V2 meeting discovery. || Meeting identity observed in race_fields.csv; no race-level expansion performed by V2 meeting discovery. || Meeting identity observed in race_fields.csv; no race-level expansion performed by V2 meeting discovery. || Meeting identity observed in race_fields.csv; no race-level expansion performed by V2 meeting discovery. || Meeting identity observed in race_fields.csv; no race-level expansion performed by V2 meeting discovery. || Meeting identity observed in race_fields.csv; no race-level expansion performed by V2 meeting discovery. || Meeting identity observed in race_fields.csv; no race-level expansion performed by V2 meeting discovery. || Meeting identity observed in race_fields.csv; no race-level expansion performed by V2 meeting discovery. || Meeting identity observed in race_fields.csv; no race-level expansion performed by V2 meeting discovery. || Meeting identity observed in race_fields.csv; no race-level expansion performed by V2 meeting discovery. || Meeting identity observed in race_fields.csv; no race-level expansion performed by V2 meeting discovery. || Meeting identity observed in race_fields.csv; no race-level expansion performed by V2 meeting discovery. || Meeting identity observed in race_fields.csv; no race-level expansion performed by V2 meeting discovery. || Meeting identity observed in race_fields.csv; no race-level expansion performed by V2 meeting discovery. || Meeting identity observed in race_fields.csv; no race-level expansion performed by V2 meeting discovery. || Meeting identity observed in race_fields.csv; no race-level expansion performed by V2 meeting discovery. || Meeting identity observed in race_fields.csv; no race-level expansion performed by V2 meeting discovery. || Meeting identity observed in race_fields.csv; no race-level expansion performed by V2 meeting discovery. || Meeting identity observed in race_fields.csv; no race-level expansion performed by V2 meeting discovery. || Meeting identity observed in race_fields.csv; no race-level expansion performed by V2 meeting discovery. || Meeting identity observed in race_fields.csv; no race-level expansion performed by V2 meeting discovery. || Meeting identity observed in race_fields.csv; no race-level expansion performed by V2 meeting discovery. || Meeting identity observed in race_fields.csv; no race-level expansion performed by V2 meeting discovery. || Meeting identity observed in race_fields.csv; no race-level expansion performed by V2 meeting discovery. || Meeting identity observed in race_fields.csv; no race-level expansion performed by V2 meeting discovery. || Meeting identity observed in race_fields.csv; no race-level expansion performed by V2 meeting discovery. || Meeting identity observed in race_fields.csv; no race-level expansion performed by V2 meeting discovery. || Meeting identity observed in race_fields.csv; no race-level expansion performed by V2 meeting discovery. || Meeting identity observed in race_fields.csv; no race-level expansion performed by V2 meeting discovery. || Meeting identity observed in race_fields.csv; no race-level expansion performed by V2 meeting discovery. || Meeting identity observed in race_fields.csv; no race-level expansion performed by V2 meeting discovery. || Meeting identity observed in race_fields.csv; no race-level expansion performed by V2 meeting discovery. || Meeting identity observed in race_fields.csv; no race-level expansion performed by V2 meeting discovery. || Meeting identity observed in race_fields.csv; no race-level expansion performed by V2 meeting discovery. || Meeting identity observed in race_fields.csv; no race-level expansion performed by V2 meeting discovery. || Meeting identity observed in race_fields.csv; no race-level expansion performed by V2 meeting discovery. || Meeting identity observed in race_fields.csv; no race-level expansion performed by V2 meeting discovery. || Meeting identity observed in race_fields.csv; no race-level expansion performed by V2 meeting discovery. || Meeting identity observed in race_fields.csv; no race-level expansion performed by V2 meeting discovery. || Meeting identity observed in race_fields.csv; no race-level expansion performed by V2 meeting discovery. || Meeting identity observed in race_fields.csv; no race-level expansion performed by V2 meeting discovery. || Meeting identity observed in race_fields.csv; no race-level expansion performed by V2 meeting discovery. || Meeting identity observed in race_fields.csv; no race-level expansion performed by V2 meeting discovery. || Meeting identity observed in race_fields.csv; no race-level expansion performed by V2 meeting discovery. || Meeting identity observed in race_fields.csv; no race-level expansion performed by V2 meeting discovery. || Meeting identity observed in race_fields.csv; no race-level expansion performed by V2 meeting discovery. || Meeting identity observed in race_fields.csv; no race-level expansion performed by V2 meeting discovery. || Meeting identity observed in race_fields.csv; no race-level expansion performed by V2 meeting discovery. || Meeting identity observed in race_fields.csv; no race-level expansion performed by V2 meeting discovery. || Meeting identity observed in race_fields.csv; no race-level expansion performed by V2 meeting discovery. || Meeting identity observed in race_fields.csv; no race-level expansion performed by V2 meeting discovery. || Meeting identity observed in race_fields.csv; no race-level expansion performed by V2 meeting discovery. || Meeting identity observed in race_fields.csv; no race-level expansion performed by V2 meeting discovery. || Meeting identity observed in race_fields.csv; no race-level expansion performed by V2 meeting discovery. || Meeting identity observed in race_fields.csv; no race-level expansion performed by V2 meeting discovery. || Meeting identity observed in race_fields.csv; no race-level expansion performed by V2 meeting discovery. || Meeting identity observed in race_fields.csv; no race-level expansion performed by V2 meeting discovery. || Meeting identity observed in race_fields.csv; no race-level expansion performed by V2 meeting discovery.,,a4adcf61ca794312514ca5631be581ca946836740f8cb0e4c22c9d8fe4f75b38
2026-07-12_BALLARATSYN,2026-07-12,Sportsbet-Ballarat Syn,BALLARATSYN,VIC,https://www.racing.com/form/2026-07-12/sportsbet-ballarat-synthetic,https://www.racing.com/services/appv2/GetMeetsByMonth/2026/7,RACINGCOM_GET_MEETS_BY_MONTH,2026-07-22T19:21:33+00:00,200,OBSERVED_IN_RACINGCOM_MONTH_PAYLOAD,Meeting observed in Racing.com GetMeetsByMonth payload; V2 does not emit race-level rows from this meeting.,outputs\performance-intelligence\racingcom-v2\raw\meeting-discovery\https_www_racing_com_services_appv2_GetMeetsByMonth_2026_7_f8c4ab40318d.txt,dca5f3f2b144a0b70fb647a1d252290a23b1ee585bbc6ba7476935841c1adcd5
2026-07-12_HAMILTON,2026-07-12,bet365 Hamilton,HAMILTON,VIC,https://www.racing.com/form/2026-07-12/bet365-hamilton,https://www.racing.com/services/appv2/GetMeetsByMonth/2026/7 | public\data\race_fields.csv,LOCAL_RACE_FIELDS_MEETING_EVIDENCE | RACINGCOM_GET_MEETS_BY_MONTH,2026-07-22T19:21:33+00:00,200,MERGED_MEETING_EVIDENCE,Meeting observed in Racing.com GetMeetsByMonth payload; V2 does not emit race-level rows from this meeting. || Meeting identity observed in race_fields.csv; no race-level expansion performed by V2 meeting discovery. || Meeting identity observed in race_fields.csv; no race-level expansion performed by V2 meeting discovery. || Meeting identity observed in race_fields.csv; no race-level expansion performed by V2 meeting discovery. || Meeting identity observed in race_fields.csv; no race-level expansion performed by V2 meeting discovery. || Meeting identity observed in race_fields.csv; no race-level expansion performed by V2 meeting discovery. || Meeting identity observed in race_fields.csv; no race-level expansion performed by V2 meeting discovery. || Meeting identity observed in race_fields.csv; no race-level expansion performed by V2 meeting discovery. || Meeting identity observed in race_fields.csv; no race-level expansion performed by V2 meeting discovery. || Meeting identity observed in race_fields.csv; no race-level expansion performed by V2 meeting discovery. || Meeting identity observed in race_fields.csv; no race-level expansion performed by V2 meeting discovery. || Meeting identity observed in race_fields.csv; no race-level expansion performed by V2 meeting discovery. || Meeting identity observed in race_fields.csv; no race-level expansion performed by V2 meeting discovery. || Meeting identity observed in race_fields.csv; no race-level expansion performed by V2 meeting discovery. || Meeting identity observed in race_fields.csv; no race-level expansion performed by V2 meeting discovery. || Meeting identity observed in race_fields.csv; no race-level expansion performed by V2 meeting discovery. || Meeting identity observed in race_fields.csv; no race-level expansion performed by V2 meeting discovery. || Meeting identity observed in race_fields.csv; no race-level expansion performed by V2 meeting discovery. || Meeting identity observed in race_fields.csv; no race-level expansion performed by V2 meeting discovery. || Meeting identity observed in race_fields.csv; no race-level expansion performed by V2 meeting discovery. || Meeting identity observed in race_fields.csv; no race-level expansion performed by V2 meeting discovery. || Meeting identity observed in race_fields.csv; no race-level expansion performed by V2 meeting discovery. || Meeting identity observed in race_fields.csv; no race-level expansion performed by V2 meeting discovery. || Meeting identity observed in race_fields.csv; no race-level expansion performed by V2 meeting discovery. || Meeting identity observed in race_fields.csv; no race-level expansion performed by V2 meeting discovery. || Meeting identity observed in race_fields.csv; no race-level expansion performed by V2 meeting discovery. || Meeting identity observed in race_fields.csv; no race-level expansion performed by V2 meeting discovery. || Meeting identity observed in race_fields.csv; no race-level expansion performed by V2 meeting discovery. || Meeting identity observed in race_fields.csv; no race-level expansion performed by V2 meeting discovery. || Meeting identity observed in race_fields.csv; no race-level expansion performed by V2 meeting discovery. || Meeting identity observed in race_fields.csv; no race-level expansion performed by V2 meeting discovery. || Meeting identity observed in race_fields.csv; no race-level expansion performed by V2 meeting discovery. || Meeting identity observed in race_fields.csv; no race-level expansion performed by V2 meeting discovery. || Meeting identity observed in race_fields.csv; no race-level expansion performed by V2 meeting discovery. || Meeting identity observed in race_fields.csv; no race-level expansion performed by V2 meeting discovery. || Meeting identity observed in race_fields.csv; no race-level expansion performed by V2 meeting discovery. || Meeting identity observed in race_fields.csv; no race-level expansion performed by V2 meeting discovery. || Meeting identity observed in race_fields.csv; no race-level expansion performed by V2 meeting discovery. || Meeting identity observed in race_fields.csv; no race-level expansion performed by V2 meeting discovery. || Meeting identity observed in race_fields.csv; no race-level expansion performed by V2 meeting discovery. || Meeting identity observed in race_fields.csv; no race-level expansion performed by V2 meeting discovery. || Meeting identity observed in race_fields.csv; no race-level expansion performed by V2 meeting discovery. || Meeting identity observed in race_fields.csv; no race-level expansion performed by V2 meeting discovery. || Meeting identity observed in race_fields.csv; no race-level expansion performed by V2 meeting discovery. || Meeting identity observed in race_fields.csv; no race-level expansion performed by V2 meeting discovery. || Meeting identity observed in race_fields.csv; no race-level expansion performed by V2 meeting discovery. || Meeting identity observed in race_fields.csv; no race-level expansion performed by V2 meeting discovery. || Meeting identity observed in race_fields.csv; no race-level expansion performed by V2 meeting discovery. || Meeting identity observed in race_fields.csv; no race-level expansion performed by V2 meeting discovery. || Meeting identity observed in race_fields.csv; no race-level expansion performed by V2 meeting discovery. || Meeting identity observed in race_fields.csv; no race-level expansion performed by V2 meeting discovery. || Meeting identity observed in race_fields.csv; no race-level expansion performed by V2 meeting discovery. || Meeting identity observed in race_fields.csv; no race-level expansion performed by V2 meeting discovery. || Meeting identity observed in race_fields.csv; no race-level expansion performed by V2 meeting discovery. || Meeting identity observed in race_fields.csv; no race-level expansion performed by V2 meeting discovery. || Meeting identity observed in race_fields.csv; no race-level expansion performed by V2 meeting discovery. || Meeting identity observed in race_fields.csv; no race-level expansion performed by V2 meeting discovery. || Meeting identity observed in race_fields.csv; no race-level expansion performed by V2 meeting discovery. || Meeting identity observed in race_fields.csv; no race-level expansion performed by V2 meeting discovery. || Meeting identity observed in race_fields.csv; no race-level expansion performed by V2 meeting discovery. || Meeting identity observed in race_fields.csv; no race-level expansion performed by V2 meeting discovery. || Meeting identity observed in race_fields.csv; no race-level expansion performed by V2 meeting discovery. || Meeting identity observed in race_fields.csv; no race-level expansion performed by V2 meeting discovery. || Meeting identity observed in race_fields.csv; no race-level expansion performed by V2 meeting discovery. || Meeting identity observed in race_fields.csv; no race-level expansion performed by V2 meeting discovery. || Meeting identity observed in race_fields.csv; no race-level expansion performed by V2 meeting discovery. || Meeting identity observed in race_fields.csv; no race-level expansion performed by V2 meeting discovery. || Meeting identity observed in race_fields.csv; no race-level expansion performed by V2 meeting discovery. || Meeting identity observed in race_fields.csv; no race-level expansion performed by V2 meeting discovery. || Meeting identity observed in race_fields.csv; no race-level expansion performed by V2 meeting discovery. || Meeting identity observed in race_fields.csv; no race-level expansion performed by V2 meeting discovery. || Meeting identity observed in race_fields.csv; no race-level expansion performed by V2 meeting discovery.,outputs\performance-intelligence\racingcom-v2\raw\meeting-discovery\https_www_racing_com_services_appv2_GetMeetsByMonth_2026_7_f8c4ab40318d.txt,a4adcf61ca794312514ca5631be581ca946836740f8cb0e4c22c9d8fe4f75b38 | dca5f3f2b144a0b70fb647a1d252290a23b1ee585bbc6ba7476935841c1adcd5
2026-07-13_BAIRNSDALE,2026-07-13,bet365 Bairnsdale,BAIRNSDALE,VIC,https://www.racing.com/form/2026-07-13/bet365-bairnsdale,https://www.racing.com/services/appv2/GetMeetsByMonth/2026/7,RACINGCOM_GET_MEETS_BY_MONTH,2026-07-22T19:21:33+00:00,200,OBSERVED_IN_RACINGCOM_MONTH_PAYLOAD,Meeting observed in Racing.com GetMeetsByMonth payload; V2 does not emit race-level rows from this meeting.,outputs\performance-intelligence\racingcom-v2\raw\meeting-discovery\https_www_racing_com_services_appv2_GetMeetsByMonth_2026_7_f8c4ab40318d.txt,dca5f3f2b144a0b70fb647a1d252290a23b1ee585bbc6ba7476935841c1adcd5
2026-07-13_HAMILTON,2026-07-13,bet365 Hamilton,HAMILTON,VIC,https://www.racing.com/form/2026-07-13/bet365-hamilton-jumpout,https://www.racing.com/services/appv2/GetMeetsByMonth/2026/7,RACINGCOM_GET_MEETS_BY_MONTH,2026-07-22T19:21:33+00:00,200,OBSERVED_IN_RACINGCOM_MONTH_PAYLOAD,Meeting observed in Racing.com GetMeetsByMonth payload; V2 does not emit race-level rows from this meeting.,outputs\performance-intelligence\racingcom-v2\raw\meeting-discovery\https_www_racing_com_services_appv2_GetMeetsByMonth_2026_7_f8c4ab40318d.txt,dca5f3f2b144a0b70fb647a1d252290a23b1ee585bbc6ba7476935841c1adcd5
2026-07-13_SOUTHSIDECRANBOURNE,2026-07-13,Southside Cranbourne,SOUTHSIDECRANBOURNE,VIC,https://www.racing.com/form/2026-07-13/southside-cranbourne-jumpout,https://www.racing.com/services/appv2/GetMeetsByMonth/2026/7,RACINGCOM_GET_MEETS_BY_MONTH,2026-07-22T19:21:33+00:00,200,OBSERVED_IN_RACINGCOM_MONTH_PAYLOAD,Meeting observed in Racing.com GetMeetsByMonth payload; V2 does not emit race-level rows from this meeting.,outputs\performance-intelligence\racingcom-v2\raw\meeting-discovery\https_www_racing_com_services_appv2_GetMeetsByMonth_2026_7_f8c4ab40318d.txt,dca5f3f2b144a0b70fb647a1d252290a23b1ee585bbc6ba7476935841c1adcd5
2026-07-14_BALLARATSYN,2026-07-14,Sportsbet-Ballarat Syn,BALLARATSYN,VIC,https://www.racing.com/form/2026-07-14/sportsbet-ballarat-synthetic,https://www.racing.com/services/appv2/GetMeetsByMonth/2026/7,RACINGCOM_GET_MEETS_BY_MONTH,2026-07-22T19:21:33+00:00,200,OBSERVED_IN_RACINGCOM_MONTH_PAYLOAD,Meeting observed in Racing.com GetMeetsByMonth payload; V2 does not emit race-level rows from this meeting.,outputs\performance-intelligence\racingcom-v2\raw\meeting-discovery\https_www_racing_com_services_appv2_GetMeetsByMonth_2026_7_f8c4ab40318d.txt,dca5f3f2b144a0b70fb647a1d252290a23b1ee585bbc6ba7476935841c1adcd5
2026-07-14_BENDIGO,2026-07-14,Bendigo,BENDIGO,VIC,https://www.racing.com/form/2026-07-14/bendigo-jumpout,https://www.racing.com/services/appv2/GetMeetsByMonth/2026/7,RACINGCOM_GET_MEETS_BY_MONTH,2026-07-22T19:21:33+00:00,200,OBSERVED_IN_RACINGCOM_MONTH_PAYLOAD,Meeting observed in Racing.com GetMeetsByMonth payload; V2 does not emit race-level rows from this meeting.,outputs\performance-intelligence\racingcom-v2\raw\meeting-discovery\https_www_racing_com_services_appv2_GetMeetsByMonth_2026_7_f8c4ab40318d.txt,dca5f3f2b144a0b70fb647a1d252290a23b1ee585bbc6ba7476935841c1adcd5
2026-07-14_TRARALGON,2026-07-14,bet365 Traralgon,TRARALGON,VIC,https://www.racing.com/form/2026-07-14/bet365-traralgon-jumpout,https://www.racing.com/services/appv2/GetMeetsByMonth/2026/7,RACINGCOM_GET_MEETS_BY_MONTH,2026-07-22T19:21:33+00:00,200,OBSERVED_IN_RACINGCOM_MONTH_PAYLOAD,Meeting observed in Racing.com GetMeetsByMonth payload; V2 does not emit race-level rows from this meeting.,outputs\performance-intelligence\racingcom-v2\raw\meeting-discovery\https_www_racing_com_services_appv2_GetMeetsByMonth_2026_7_f8c4ab40318d.txt,dca5f3f2b144a0b70fb647a1d252290a23b1ee585bbc6ba7476935841c1adcd5
2026-07-15_MORNINGTON,2026-07-15,Mornington,MORNINGTON,VIC,https://www.racing.com/form/2026-07-15/mornington-jumpout,https://www.racing.com/services/appv2/GetMeetsByMonth/2026/7,RACINGCOM_GET_MEETS_BY_MONTH,2026-07-22T19:21:33+00:00,200,OBSERVED_IN_RACINGCOM_MONTH_PAYLOAD,Meeting observed in Racing.com GetMeetsByMonth payload; V2 does not emit race-level rows from this meeting.,outputs\performance-intelligence\racingcom-v2\raw\meeting-discovery\https_www_racing_com_services_appv2_GetMeetsByMonth_2026_7_f8c4ab40318d.txt,dca5f3f2b144a0b70fb647a1d252290a23b1ee585bbc6ba7476935841c1adcd5
2026-07-15_SANDOWNHILLSIDE,2026-07-15,Sportsbet Sandown Hillside,SANDOWNHILLSIDE,VIC,https://www.racing.com/form/2026-07-15/sportsbet-sandown-hillside,https://www.racing.com/services/appv2/GetMeetsByMonth/2026/7,RACINGCOM_GET_MEETS_BY_MONTH,2026-07-22T19:21:33+00:00,200,OBSERVED_IN_RACINGCOM_MONTH_PAYLOAD,Meeting observed in Racing.com GetMeetsByMonth payload; V2 does not emit race-level rows from this meeting.,outputs\performance-intelligence\racingcom-v2\raw\meeting-discovery\https_www_racing_com_services_appv2_GetMeetsByMonth_2026_7_f8c4ab40318d.txt,dca5f3f2b144a0b70fb647a1d252290a23b1ee585bbc6ba7476935841c1adcd5
2026-07-16_CAULFIELDHEATH,2026-07-16,Caulfield Heath,CAULFIELDHEATH,VIC,https://www.racing.com/form/2026-07-16/caulfield-heath-trial,https://www.racing.com/services/appv2/GetMeetsByMonth/2026/7,RACINGCOM_GET_MEETS_BY_MONTH,2026-07-22T19:21:33+00:00,200,OBSERVED_IN_RACINGCOM_MONTH_PAYLOAD,Meeting observed in Racing.com GetMeetsByMonth payload; V2 does not emit race-level rows from this meeting.,outputs\performance-intelligence\racingcom-v2\raw\meeting-discovery\https_www_racing_com_services_appv2_GetMeetsByMonth_2026_7_f8c4ab40318d.txt,dca5f3f2b144a0b70fb647a1d252290a23b1ee585bbc6ba7476935841c1adcd5
2026-07-16_DONALD,2026-07-16,Donald,DONALD,VIC,https://www.racing.com/form/2026-07-16/donald-jumpout,https://www.racing.com/services/appv2/GetMeetsByMonth/2026/7,RACINGCOM_GET_MEETS_BY_MONTH,2026-07-22T19:21:33+00:00,200,OBSERVED_IN_RACINGCOM_MONTH_PAYLOAD,Meeting observed in Racing.com GetMeetsByMonth payload; V2 does not emit race-level rows from this meeting.,outputs\performance-intelligence\racingcom-v2\raw\meeting-discovery\https_www_racing_com_services_appv2_GetMeetsByMonth_2026_7_f8c4ab40318d.txt,dca5f3f2b144a0b70fb647a1d252290a23b1ee585bbc6ba7476935841c1adcd5
2026-07-16_SALE,2026-07-16,Sale,SALE,VIC,https://www.racing.com/form/2026-07-16/sale-jumpout,https://www.racing.com/services/appv2/GetMeetsByMonth/2026/7,RACINGCOM_GET_MEETS_BY_MONTH,2026-07-22T19:21:33+00:00,200,OBSERVED_IN_RACINGCOM_MONTH_PAYLOAD,Meeting observed in Racing.com GetMeetsByMonth payload; V2 does not emit race-level rows from this meeting.,outputs\performance-intelligence\racingcom-v2\raw\meeting-discovery\https_www_racing_com_services_appv2_GetMeetsByMonth_2026_7_f8c4ab40318d.txt,dca5f3f2b144a0b70fb647a1d252290a23b1ee585bbc6ba7476935841c1adcd5
2026-07-16_SOUTHSIDECRANBOURNE,2026-07-16,Southside Cranbourne,SOUTHSIDECRANBOURNE,VIC,https://www.racing.com/form/2026-07-16/southside-cranbourne,https://www.racing.com/services/appv2/GetMeetsByMonth/2026/7,RACINGCOM_GET_MEETS_BY_MONTH,2026-07-22T19:21:33+00:00,200,OBSERVED_IN_RACINGCOM_MONTH_PAYLOAD,Meeting observed in Racing.com GetMeetsByMonth payload; V2 does not emit race-level rows from this meeting.,outputs\performance-intelligence\racingcom-v2\raw\meeting-discovery\https_www_racing_com_services_appv2_GetMeetsByMonth_2026_7_f8c4ab40318d.txt,dca5f3f2b144a0b70fb647a1d252290a23b1ee585bbc6ba7476935841c1adcd5
2026-07-17_MILDURA,2026-07-17,bet365 Mildura,MILDURA,VIC,https://www.racing.com/form/2026-07-17/bet365-mildura,https://www.racing.com/services/appv2/GetMeetsByMonth/2026/7,RACINGCOM_GET_MEETS_BY_MONTH,2026-07-22T19:21:33+00:00,200,OBSERVED_IN_RACINGCOM_MONTH_PAYLOAD,Meeting observed in Racing.com GetMeetsByMonth payload; V2 does not emit race-level rows from this meeting.,outputs\performance-intelligence\racingcom-v2\raw\meeting-discovery\https_www_racing_com_services_appv2_GetMeetsByMonth_2026_7_f8c4ab40318d.txt,dca5f3f2b144a0b70fb647a1d252290a23b1ee585bbc6ba7476935841c1adcd5
2026-07-17_WANGARATTA,2026-07-17,Sportsbet-Wangaratta,WANGARATTA,VIC,https://www.racing.com/form/2026-07-17/sportsbet-wangaratta-jumpout,https://www.racing.com/services/appv2/GetMeetsByMonth/2026/7,RACINGCOM_GET_MEETS_BY_MONTH,2026-07-22T19:21:33+00:00,200,OBSERVED_IN_RACINGCOM_MONTH_PAYLOAD,Meeting observed in Racing.com GetMeetsByMonth payload; V2 does not emit race-level rows from this meeting.,outputs\performance-intelligence\racingcom-v2\raw\meeting-discovery\https_www_racing_com_services_appv2_GetMeetsByMonth_2026_7_f8c4ab40318d.txt,dca5f3f2b144a0b70fb647a1d252290a23b1ee585bbc6ba7476935841c1adcd5
2026-07-17_WERRIBEE,2026-07-17,Picklebet Park Werribee,WERRIBEE,VIC,https://www.racing.com/form/2026-07-17/picklebet-park-werribee-jumpout,https://www.racing.com/services/appv2/GetMeetsByMonth/2026/7,RACINGCOM_GET_MEETS_BY_MONTH,2026-07-22T19:21:33+00:00,200,OBSERVED_IN_RACINGCOM_MONTH_PAYLOAD,Meeting observed in Racing.com GetMeetsByMonth payload; V2 does not emit race-level rows from this meeting.,outputs\performance-intelligence\racingcom-v2\raw\meeting-discovery\https_www_racing_com_services_appv2_GetMeetsByMonth_2026_7_f8c4ab40318d.txt,dca5f3f2b144a0b70fb647a1d252290a23b1ee585bbc6ba7476935841c1adcd5
2026-07-18_FLEMINGTON,2026-07-18,Flemington,FLEMINGTON,VIC,https://www.racing.com/form/2026-07-18/flemington,https://www.racing.com/services/appv2/GetMeetsByMonth/2026/7,RACINGCOM_GET_MEETS_BY_MONTH,2026-07-22T19:21:33+00:00,200,OBSERVED_IN_RACINGCOM_MONTH_PAYLOAD,Meeting observed in Racing.com GetMeetsByMonth payload; V2 does not emit race-level rows from this meeting.,outputs\performance-intelligence\racingcom-v2\raw\meeting-discovery\https_www_racing_com_services_appv2_GetMeetsByMonth_2026_7_f8c4ab40318d.txt,dca5f3f2b144a0b70fb647a1d252290a23b1ee585bbc6ba7476935841c1adcd5
2026-07-18_MILDURA,2026-07-18,bet365 Mildura,MILDURA,VIC,https://www.racing.com/form/2026-07-18/bet365-mildura,https://www.racing.com/services/appv2/GetMeetsByMonth/2026/7,RACINGCOM_GET_MEETS_BY_MONTH,2026-07-22T19:21:33+00:00,200,OBSERVED_IN_RACINGCOM_MONTH_PAYLOAD,Meeting observed in Racing.com GetMeetsByMonth payload; V2 does not emit race-level rows from this meeting.,outputs\performance-intelligence\racingcom-v2\raw\meeting-discovery\https_www_racing_com_services_appv2_GetMeetsByMonth_2026_7_f8c4ab40318d.txt,dca5f3f2b144a0b70fb647a1d252290a23b1ee585bbc6ba7476935841c1adcd5
2026-07-19_COLERAINE,2026-07-19,Coleraine,COLERAINE,VIC,https://www.racing.com/form/2026-07-19/coleraine,https://www.racing.com/services/appv2/GetMeetsByMonth/2026/7,RACINGCOM_GET_MEETS_BY_MONTH,2026-07-22T19:21:33+00:00,200,OBSERVED_IN_RACINGCOM_MONTH_PAYLOAD,Meeting observed in Racing.com GetMeetsByMonth payload; V2 does not emit race-level rows from this meeting.,outputs\performance-intelligence\racingcom-v2\raw\meeting-discovery\https_www_racing_com_services_appv2_GetMeetsByMonth_2026_7_f8c4ab40318d.txt,dca5f3f2b144a0b70fb647a1d252290a23b1ee585bbc6ba7476935841c1adcd5
2026-07-19_SEYMOUR,2026-07-19,bet365 Seymour,SEYMOUR,VIC,https://www.racing.com/form/2026-07-19/bet365-seymour,https://www.racing.com/services/appv2/GetMeetsByMonth/2026/7,RACINGCOM_GET_MEETS_BY_MONTH,2026-07-22T19:21:33+00:00,200,OBSERVED_IN_RACINGCOM_MONTH_PAYLOAD,Meeting observed in Racing.com GetMeetsByMonth payload; V2 does not emit race-level rows from this meeting.,outputs\performance-intelligence\racingcom-v2\raw\meeting-discovery\https_www_racing_com_services_appv2_GetMeetsByMonth_2026_7_f8c4ab40318d.txt,dca5f3f2b144a0b70fb647a1d252290a23b1ee585bbc6ba7476935841c1adcd5
2026-07-20_COLERAINE,2026-07-20,Coleraine,COLERAINE,VIC,https://www.racing.com/form/2026-07-20/coleraine-trial,https://www.racing.com/services/appv2/GetMeetsByMonth/2026/7,RACINGCOM_GET_MEETS_BY_MONTH,2026-07-22T19:21:33+00:00,200,OBSERVED_IN_RACINGCOM_MONTH_PAYLOAD,Meeting observed in Racing.com GetMeetsByMonth payload; V2 does not emit race-level rows from this meeting.,outputs\performance-intelligence\racingcom-v2\raw\meeting-discovery\https_www_racing_com_services_appv2_GetMeetsByMonth_2026_7_f8c4ab40318d.txt,dca5f3f2b144a0b70fb647a1d252290a23b1ee585bbc6ba7476935841c1adcd5
2026-07-20_PAKENHAMSYNTHETIC,2026-07-20,Sportsbet-Pakenham Synthetic,PAKENHAMSYNTHETIC,VIC,https://www.racing.com/form/2026-07-20/southside-pakenham-synthetic,https://www.racing.com/services/appv2/GetMeetsByMonth/2026/7,RACINGCOM_GET_MEETS_BY_MONTH,2026-07-22T19:21:33+00:00,200,OBSERVED_IN_RACINGCOM_MONTH_PAYLOAD,Meeting observed in Racing.com GetMeetsByMonth payload; V2 does not emit race-level rows from this meeting.,outputs\performance-intelligence\racingcom-v2\raw\meeting-discovery\https_www_racing_com_services_appv2_GetMeetsByMonth_2026_7_f8c4ab40318d.txt,dca5f3f2b144a0b70fb647a1d252290a23b1ee585bbc6ba7476935841c1adcd5
2026-07-20_SEYMOUR,2026-07-20,bet365 Seymour,SEYMOUR,VIC,https://www.racing.com/form/2026-07-20/bet365-seymour-jumpout,https://www.racing.com/services/appv2/GetMeetsByMonth/2026/7,RACINGCOM_GET_MEETS_BY_MONTH,2026-07-22T19:21:33+00:00,200,OBSERVED_IN_RACINGCOM_MONTH_PAYLOAD,Meeting observed in Racing.com GetMeetsByMonth payload; V2 does not emit race-level rows from this meeting.,outputs\performance-intelligence\racingcom-v2\raw\meeting-discovery\https_www_racing_com_services_appv2_GetMeetsByMonth_2026_7_f8c4ab40318d.txt,dca5f3f2b144a0b70fb647a1d252290a23b1ee585bbc6ba7476935841c1adcd5
2026-07-20_SOUTHSIDECRANBOURNE,2026-07-20,Southside Cranbourne,SOUTHSIDECRANBOURNE,VIC,https://www.racing.com/form/2026-07-20/southside-cranbourne-jumpout,https://www.racing.com/services/appv2/GetMeetsByMonth/2026/7,RACINGCOM_GET_MEETS_BY_MONTH,2026-07-22T19:21:33+00:00,200,OBSERVED_IN_RACINGCOM_MONTH_PAYLOAD,Meeting observed in Racing.com GetMeetsByMonth payload; V2 does not emit race-level rows from this meeting.,outputs\performance-intelligence\racingcom-v2\raw\meeting-discovery\https_www_racing_com_services_appv2_GetMeetsByMonth_2026_7_f8c4ab40318d.txt,dca5f3f2b144a0b70fb647a1d252290a23b1ee585bbc6ba7476935841c1adcd5
2026-07-21_COLERAINE,2026-07-21,Coleraine,COLERAINE,VIC,https://www.racing.com/form/2026-07-21/coleraine-jumpout,https://www.racing.com/services/appv2/GetMeetsByMonth/2026/7,RACINGCOM_GET_MEETS_BY_MONTH,2026-07-22T19:21:33+00:00,200,OBSERVED_IN_RACINGCOM_MONTH_PAYLOAD,Meeting observed in Racing.com GetMeetsByMonth payload; V2 does not emit race-level rows from this meeting.,outputs\performance-intelligence\racingcom-v2\raw\meeting-discovery\https_www_racing_com_services_appv2_GetMeetsByMonth_2026_7_f8c4ab40318d.txt,dca5f3f2b144a0b70fb647a1d252290a23b1ee585bbc6ba7476935841c1adcd5
2026-07-21_MOE,2026-07-21,Moe,MOE,VIC,https://www.racing.com/form/2026-07-21/moe,https://www.racing.com/services/appv2/GetMeetsByMonth/2026/7,RACINGCOM_GET_MEETS_BY_MONTH,2026-07-22T19:21:33+00:00,200,OBSERVED_IN_RACINGCOM_MONTH_PAYLOAD,Meeting observed in Racing.com GetMeetsByMonth payload; V2 does not emit race-level rows from this meeting.,outputs\performance-intelligence\racingcom-v2\raw\meeting-discovery\https_www_racing_com_services_appv2_GetMeetsByMonth_2026_7_f8c4ab40318d.txt,dca5f3f2b144a0b70fb647a1d252290a23b1ee585bbc6ba7476935841c1adcd5
2026-07-21_PAKENHAMSYNTHETIC,2026-07-21,Sportsbet-Pakenham Synthetic,PAKENHAMSYNTHETIC,VIC,https://www.racing.com/form/2026-07-21/southside-pakenham-synthetic-jumpout,https://www.racing.com/services/appv2/GetMeetsByMonth/2026/7,RACINGCOM_GET_MEETS_BY_MONTH,2026-07-22T19:21:33+00:00,200,OBSERVED_IN_RACINGCOM_MONTH_PAYLOAD,Meeting observed in Racing.com GetMeetsByMonth payload; V2 does not emit race-level rows from this meeting.,outputs\performance-intelligence\racingcom-v2\raw\meeting-discovery\https_www_racing_com_services_appv2_GetMeetsByMonth_2026_7_f8c4ab40318d.txt,dca5f3f2b144a0b70fb647a1d252290a23b1ee585bbc6ba7476935841c1adcd5
2026-07-22_BALLARATSYN,2026-07-22,Sportsbet-Ballarat Syn,BALLARATSYN,VIC,https://www.racing.com/form/2026-07-22/sportsbet-ballarat-synthetic-jumpout,https://www.racing.com/services/appv2/GetMeetsByMonth/2026/7,RACINGCOM_GET_MEETS_BY_MONTH,2026-07-22T19:21:33+00:00,200,OBSERVED_IN_RACINGCOM_MONTH_PAYLOAD,Meeting observed in Racing.com GetMeetsByMonth payload; V2 does not emit race-level rows from this meeting.,outputs\performance-intelligence\racingcom-v2\raw\meeting-discovery\https_www_racing_com_services_appv2_GetMeetsByMonth_2026_7_f8c4ab40318d.txt,dca5f3f2b144a0b70fb647a1d252290a23b1ee585bbc6ba7476935841c1adcd5
2026-07-22_GEELONGSYN,2026-07-22,bet365 Geelong Syn,GEELONGSYN,VIC,https://www.racing.com/form/2026-07-22/ladbrokes-geelong-synthetic-jumpout,https://www.racing.com/services/appv2/GetMeetsByMonth/2026/7,RACINGCOM_GET_MEETS_BY_MONTH,2026-07-22T19:21:33+00:00,200,OBSERVED_IN_RACINGCOM_MONTH_PAYLOAD,Meeting observed in Racing.com GetMeetsByMonth payload; V2 does not emit race-level rows from this meeting.,outputs\performance-intelligence\racingcom-v2\raw\meeting-discovery\https_www_racing_com_services_appv2_GetMeetsByMonth_2026_7_f8c4ab40318d.txt,dca5f3f2b144a0b70fb647a1d252290a23b1ee585bbc6ba7476935841c1adcd5
2026-07-22_MORNINGTON,2026-07-22,Mornington,MORNINGTON,VIC,https://www.racing.com/form/2026-07-22/mornington-jumpout,https://www.racing.com/services/appv2/GetMeetsByMonth/2026/7,RACINGCOM_GET_MEETS_BY_MONTH,2026-07-22T19:21:33+00:00,200,OBSERVED_IN_RACINGCOM_MONTH_PAYLOAD,Meeting observed in Racing.com GetMeetsByMonth payload; V2 does not emit race-level rows from this meeting.,outputs\performance-intelligence\racingcom-v2\raw\meeting-discovery\https_www_racing_com_services_appv2_GetMeetsByMonth_2026_7_f8c4ab40318d.txt,dca5f3f2b144a0b70fb647a1d252290a23b1ee585bbc6ba7476935841c1adcd5
2026-07-22_SANDOWNHILLSIDE,2026-07-22,Sportsbet Sandown Hillside,SANDOWNHILLSIDE,VIC,https://www.racing.com/form/2026-07-22/sportsbet-sandown-hillside,https://www.racing.com/services/appv2/GetMeetsByMonth/2026/7,RACINGCOM_GET_MEETS_BY_MONTH,2026-07-22T19:21:33+00:00,200,OBSERVED_IN_RACINGCOM_MONTH_PAYLOAD,Meeting observed in Racing.com GetMeetsByMonth payload; V2 does not emit race-level rows from this meeting.,outputs\performance-intelligence\racingcom-v2\raw\meeting-discovery\https_www_racing_com_services_appv2_GetMeetsByMonth_2026_7_f8c4ab40318d.txt,dca5f3f2b144a0b70fb647a1d252290a23b1ee585bbc6ba7476935841c1adcd5
2026-07-23_KERANG,2026-07-23,Kerang,KERANG,VIC,https://www.racing.com/form/2026-07-23/kerang-jumpout,https://www.racing.com/services/appv2/GetMeetsByMonth/2026/7,RACINGCOM_GET_MEETS_BY_MONTH,2026-07-22T19:21:33+00:00,200,OBSERVED_IN_RACINGCOM_MONTH_PAYLOAD,Meeting observed in Racing.com GetMeetsByMonth payload; V2 does not emit race-level rows from this meeting.,outputs\performance-intelligence\racingcom-v2\raw\meeting-discovery\https_www_racing_com_services_appv2_GetMeetsByMonth_2026_7_f8c4ab40318d.txt,dca5f3f2b144a0b70fb647a1d252290a23b1ee585bbc6ba7476935841c1adcd5
2026-07-23_WARRNAMBOOL,2026-07-23,Warrnambool,WARRNAMBOOL,VIC,https://www.racing.com/form/2026-07-23/warrnambool,https://www.racing.com/services/appv2/GetMeetsByMonth/2026/7,RACINGCOM_GET_MEETS_BY_MONTH,2026-07-22T19:21:33+00:00,200,OBSERVED_IN_RACINGCOM_MONTH_PAYLOAD,Meeting observed in Racing.com GetMeetsByMonth payload; V2 does not emit race-level rows from this meeting.,outputs\performance-intelligence\racingcom-v2\raw\meeting-discovery\https_www_racing_com_services_appv2_GetMeetsByMonth_2026_7_f8c4ab40318d.txt,dca5f3f2b144a0b70fb647a1d252290a23b1ee585bbc6ba7476935841c1adcd5
2026-07-24_ECHUCA,2026-07-24,bet365 Echuca,ECHUCA,VIC,https://www.racing.com/form/2026-07-24/bet365-echuca,https://www.racing.com/services/appv2/GetMeetsByMonth/2026/7,RACINGCOM_GET_MEETS_BY_MONTH,2026-07-22T19:21:33+00:00,200,OBSERVED_IN_RACINGCOM_MONTH_PAYLOAD,Meeting observed in Racing.com GetMeetsByMonth payload; V2 does not emit race-level rows from this meeting.,outputs\performance-intelligence\racingcom-v2\raw\meeting-discovery\https_www_racing_com_services_appv2_GetMeetsByMonth_2026_7_f8c4ab40318d.txt,dca5f3f2b144a0b70fb647a1d252290a23b1ee585bbc6ba7476935841c1adcd5
2026-07-24_FLEMINGTON,2026-07-24,Flemington,FLEMINGTON,VIC,https://www.racing.com/form/2026-07-24/flemington-jumpout,https://www.racing.com/services/appv2/GetMeetsByMonth/2026/7,RACINGCOM_GET_MEETS_BY_MONTH,2026-07-22T19:21:33+00:00,200,OBSERVED_IN_RACINGCOM_MONTH_PAYLOAD,Meeting observed in Racing.com GetMeetsByMonth payload; V2 does not emit race-level rows from this meeting.,outputs\performance-intelligence\racingcom-v2\raw\meeting-discovery\https_www_racing_com_services_appv2_GetMeetsByMonth_2026_7_f8c4ab40318d.txt,dca5f3f2b144a0b70fb647a1d252290a23b1ee585bbc6ba7476935841c1adcd5
2026-07-25_CAULFIELD,2026-07-25,Caulfield,CAULFIELD,VIC,https://www.racing.com/form/2026-07-25/caulfield,https://www.racing.com/services/appv2/GetMeetsByMonth/2026/7,RACINGCOM_GET_MEETS_BY_MONTH,2026-07-22T19:21:33+00:00,200,OBSERVED_IN_RACINGCOM_MONTH_PAYLOAD,Meeting observed in Racing.com GetMeetsByMonth payload; V2 does not emit race-level rows from this meeting.,outputs\performance-intelligence\racingcom-v2\raw\meeting-discovery\https_www_racing_com_services_appv2_GetMeetsByMonth_2026_7_f8c4ab40318d.txt,dca5f3f2b144a0b70fb647a1d252290a23b1ee585bbc6ba7476935841c1adcd5
2026-07-25_MURTOA,2026-07-25,Murtoa,MURTOA,VIC,https://www.racing.com/form/2026-07-25/murtoa,https://www.racing.com/services/appv2/GetMeetsByMonth/2026/7,RACINGCOM_GET_MEETS_BY_MONTH,2026-07-22T19:21:33+00:00,200,OBSERVED_IN_RACINGCOM_MONTH_PAYLOAD,Meeting observed in Racing.com GetMeetsByMonth payload; V2 does not emit race-level rows from this meeting.,outputs\performance-intelligence\racingcom-v2\raw\meeting-discovery\https_www_racing_com_services_appv2_GetMeetsByMonth_2026_7_f8c4ab40318d.txt,dca5f3f2b144a0b70fb647a1d252290a23b1ee585bbc6ba7476935841c1adcd5
2026-07-26_SALE,2026-07-26,Sale,SALE,VIC,https://www.racing.com/form/2026-07-26/sale,https://www.racing.com/services/appv2/GetMeetsByMonth/2026/7,RACINGCOM_GET_MEETS_BY_MONTH,2026-07-22T19:21:33+00:00,200,OBSERVED_IN_RACINGCOM_MONTH_PAYLOAD,Meeting observed in Racing.com GetMeetsByMonth payload; V2 does not emit race-level rows from this meeting.,outputs\performance-intelligence\racingcom-v2\raw\meeting-discovery\https_www_racing_com_services_appv2_GetMeetsByMonth_2026_7_f8c4ab40318d.txt,dca5f3f2b144a0b70fb647a1d252290a23b1ee585bbc6ba7476935841c1adcd5
2026-07-26_WODONGA,2026-07-26,Wodonga,WODONGA,VIC,https://www.racing.com/form/2026-07-26/picklebet-park-wodonga,https://www.racing.com/services/appv2/GetMeetsByMonth/2026/7,RACINGCOM_GET_MEETS_BY_MONTH,2026-07-22T19:21:33+00:00,200,OBSERVED_IN_RACINGCOM_MONTH_PAYLOAD,Meeting observed in Racing.com GetMeetsByMonth payload; V2 does not emit race-level rows from this meeting.,outputs\performance-intelligence\racingcom-v2\raw\meeting-discovery\https_www_racing_com_services_appv2_GetMeetsByMonth_2026_7_f8c4ab40318d.txt,dca5f3f2b144a0b70fb647a1d252290a23b1ee585bbc6ba7476935841c1adcd5
2026-07-27_BALLARATSYN,2026-07-27,Sportsbet-Ballarat Syn,BALLARATSYN,VIC,https://www.racing.com/form/2026-07-27/sportsbet-ballarat-synthetic,https://www.racing.com/services/appv2/GetMeetsByMonth/2026/7,RACINGCOM_GET_MEETS_BY_MONTH,2026-07-22T19:21:33+00:00,200,OBSERVED_IN_RACINGCOM_MONTH_PAYLOAD,Meeting observed in Racing.com GetMeetsByMonth payload; V2 does not emit race-level rows from this meeting.,outputs\performance-intelligence\racingcom-v2\raw\meeting-discovery\https_www_racing_com_services_appv2_GetMeetsByMonth_2026_7_f8c4ab40318d.txt,dca5f3f2b144a0b70fb647a1d252290a23b1ee585bbc6ba7476935841c1adcd5
2026-07-28_SWANHILL,2026-07-28,bet365 Swan Hill,SWANHILL,VIC,https://www.racing.com/form/2026-07-28/bet365-swan-hill,https://www.racing.com/services/appv2/GetMeetsByMonth/2026/7,RACINGCOM_GET_MEETS_BY_MONTH,2026-07-22T19:21:33+00:00,200,OBSERVED_IN_RACINGCOM_MONTH_PAYLOAD,Meeting observed in Racing.com GetMeetsByMonth payload; V2 does not emit race-level rows from this meeting.,outputs\performance-intelligence\racingcom-v2\raw\meeting-discovery\https_www_racing_com_services_appv2_GetMeetsByMonth_2026_7_f8c4ab40318d.txt,dca5f3f2b144a0b70fb647a1d252290a23b1ee585bbc6ba7476935841c1adcd5
2026-07-29_SANDOWNHILLSIDE,2026-07-29,Sportsbet Sandown Hillside,SANDOWNHILLSIDE,VIC,https://www.racing.com/form/2026-07-29/sportsbet-sandown-hillside,https://www.racing.com/services/appv2/GetMeetsByMonth/2026/7,RACINGCOM_GET_MEETS_BY_MONTH,2026-07-22T19:21:33+00:00,200,OBSERVED_IN_RACINGCOM_MONTH_PAYLOAD,Meeting observed in Racing.com GetMeetsByMonth payload; V2 does not emit race-level rows from this meeting.,outputs\performance-intelligence\racingcom-v2\raw\meeting-discovery\https_www_racing_com_services_appv2_GetMeetsByMonth_2026_7_f8c4ab40318d.txt,dca5f3f2b144a0b70fb647a1d252290a23b1ee585bbc6ba7476935841c1adcd5
2026-07-30_BENDIGO,2026-07-30,Bendigo,BENDIGO,VIC,https://www.racing.com/form/2026-07-30/bendigo,https://www.racing.com/services/appv2/GetMeetsByMonth/2026/7,RACINGCOM_GET_MEETS_BY_MONTH,2026-07-22T19:21:33+00:00,200,OBSERVED_IN_RACINGCOM_MONTH_PAYLOAD,Meeting observed in Racing.com GetMeetsByMonth payload; V2 does not emit race-level rows from this meeting.,outputs\performance-intelligence\racingcom-v2\raw\meeting-discovery\https_www_racing_com_services_appv2_GetMeetsByMonth_2026_7_f8c4ab40318d.txt,dca5f3f2b144a0b70fb647a1d252290a23b1ee585bbc6ba7476935841c1adcd5
2026-07-31_GEELONG,2026-07-31,Ladbrokes Geelong,GEELONG,VIC,https://www.racing.com/form/2026-07-31/ladbrokes-geelong,https://www.racing.com/services/appv2/GetMeetsByMonth/2026/7,RACINGCOM_GET_MEETS_BY_MONTH,2026-07-22T19:21:33+00:00,200,OBSERVED_IN_RACINGCOM_MONTH_PAYLOAD,Meeting observed in Racing.com GetMeetsByMonth payload; V2 does not emit race-level rows from this meeting.,outputs\performance-intelligence\racingcom-v2\raw\meeting-discovery\https_www_racing_com_services_appv2_GetMeetsByMonth_2026_7_f8c4ab40318d.txt,dca5f3f2b144a0b70fb647a1d252290a23b1ee585bbc6ba7476935841c1adcd5
2026-07-31_WANGARATTA,2026-07-31,Sportsbet-Wangaratta,WANGARATTA,VIC,https://www.racing.com/form/2026-07-31/sportsbet-wangaratta,https://www.racing.com/services/appv2/GetMeetsByMonth/2026/7,RACINGCOM_GET_MEETS_BY_MONTH,2026-07-22T19:21:33+00:00,200,OBSERVED_IN_RACINGCOM_MONTH_PAYLOAD,Meeting observed in Racing.com GetMeetsByMonth payload; V2 does not emit race-level rows from this meeting.,outputs\performance-intelligence\racingcom-v2\raw\meeting-discovery\https_www_racing_com_services_appv2_GetMeetsByMonth_2026_7_f8c4ab40318d.txt,dca5f3f2b144a0b70fb647a1d252290a23b1ee585bbc6ba7476935841c1adcd5
2026-08-01_FLEMINGTON,2026-08-01,Flemington,FLEMINGTON,VIC,https://www.racing.com/form/2026-08-01/flemington,https://www.racing.com/services/appv2/GetMeetsByMonth/2026/8,RACINGCOM_GET_MEETS_BY_MONTH,2026-07-22T19:21:33+00:00,200,OBSERVED_IN_RACINGCOM_MONTH_PAYLOAD,Meeting observed in Racing.com GetMeetsByMonth payload; V2 does not emit race-level rows from this meeting.,outputs\performance-intelligence\racingcom-v2\raw\meeting-discovery\https_www_racing_com_services_appv2_GetMeetsByMonth_2026_8_cfdcd1b2f44a.txt,1780ac1a669bfa313db8834326f4ec9c2ea78e07bfcf92fa2b930ddcf9c3362b
2026-08-01_HAMILTON,2026-08-01,bet365 Hamilton,HAMILTON,VIC,https://www.racing.com/form/2026-08-01/bet365-hamilton,https://www.racing.com/services/appv2/GetMeetsByMonth/2026/8,RACINGCOM_GET_MEETS_BY_MONTH,2026-07-22T19:21:33+00:00,200,OBSERVED_IN_RACINGCOM_MONTH_PAYLOAD,Meeting observed in Racing.com GetMeetsByMonth payload; V2 does not emit race-level rows from this meeting.,outputs\performance-intelligence\racingcom-v2\raw\meeting-discovery\https_www_racing_com_services_appv2_GetMeetsByMonth_2026_8_cfdcd1b2f44a.txt,1780ac1a669bfa313db8834326f4ec9c2ea78e07bfcf92fa2b930ddcf9c3362b
2026-08-02_SANDOWNLAKESIDE,2026-08-02,Sportsbet Sandown Lakeside,SANDOWNLAKESIDE,VIC,https://www.racing.com/form/2026-08-02/sportsbet-sandown-lakeside,https://www.racing.com/services/appv2/GetMeetsByMonth/2026/8,RACINGCOM_GET_MEETS_BY_MONTH,2026-07-22T19:21:33+00:00,200,OBSERVED_IN_RACINGCOM_MONTH_PAYLOAD,Meeting observed in Racing.com GetMeetsByMonth payload; V2 does not emit race-level rows from this meeting.,outputs\performance-intelligence\racingcom-v2\raw\meeting-discovery\https_www_racing_com_services_appv2_GetMeetsByMonth_2026_8_cfdcd1b2f44a.txt,1780ac1a669bfa313db8834326f4ec9c2ea78e07bfcf92fa2b930ddcf9c3362b
2026-08-03_PAKENHAMSYNTHETIC,2026-08-03,Sportsbet-Pakenham Synthetic,PAKENHAMSYNTHETIC,VIC,https://www.racing.com/form/2026-08-03/southside-pakenham-synthetic,https://www.racing.com/services/appv2/GetMeetsByMonth/2026/8,RACINGCOM_GET_MEETS_BY_MONTH,2026-07-22T19:21:33+00:00,200,OBSERVED_IN_RACINGCOM_MONTH_PAYLOAD,Meeting observed in Racing.com GetMeetsByMonth payload; V2 does not emit race-level rows from this meeting.,outputs\performance-intelligence\racingcom-v2\raw\meeting-discovery\https_www_racing_com_services_appv2_GetMeetsByMonth_2026_8_cfdcd1b2f44a.txt,1780ac1a669bfa313db8834326f4ec9c2ea78e07bfcf92fa2b930ddcf9c3362b
2026-08-04_BAIRNSDALE,2026-08-04,bet365 Bairnsdale,BAIRNSDALE,VIC,https://www.racing.com/form/2026-08-04/bet365-bairnsdale,https://www.racing.com/services/appv2/GetMeetsByMonth/2026/8,RACINGCOM_GET_MEETS_BY_MONTH,2026-07-22T19:21:33+00:00,200,OBSERVED_IN_RACINGCOM_MONTH_PAYLOAD,Meeting observed in Racing.com GetMeetsByMonth payload; V2 does not emit race-level rows from this meeting.,outputs\performance-intelligence\racingcom-v2\raw\meeting-discovery\https_www_racing_com_services_appv2_GetMeetsByMonth_2026_8_cfdcd1b2f44a.txt,1780ac1a669bfa313db8834326f4ec9c2ea78e07bfcf92fa2b930ddcf9c3362b
2026-08-05_SOUTHSIDECRANBOURNE,2026-08-05,Southside Cranbourne,SOUTHSIDECRANBOURNE,VIC,https://www.racing.com/form/2026-08-05/southside-cranbourne,https://www.racing.com/services/appv2/GetMeetsByMonth/2026/8,RACINGCOM_GET_MEETS_BY_MONTH,2026-07-22T19:21:33+00:00,200,OBSERVED_IN_RACINGCOM_MONTH_PAYLOAD,Meeting observed in Racing.com GetMeetsByMonth payload; V2 does not emit race-level rows from this meeting.,outputs\performance-intelligence\racingcom-v2\raw\meeting-discovery\https_www_racing_com_services_appv2_GetMeetsByMonth_2026_8_cfdcd1b2f44a.txt,1780ac1a669bfa313db8834326f4ec9c2ea78e07bfcf92fa2b930ddcf9c3362b
2026-08-05_TRARALGON,2026-08-05,bet365 Traralgon,TRARALGON,VIC,https://www.racing.com/form/2026-08-05/bet365-traralgon-trial,https://www.racing.com/services/appv2/GetMeetsByMonth/2026/8,RACINGCOM_GET_MEETS_BY_MONTH,2026-07-22T19:21:33+00:00,200,OBSERVED_IN_RACINGCOM_MONTH_PAYLOAD,Meeting observed in Racing.com GetMeetsByMonth payload; V2 does not emit race-level rows from this meeting.,outputs\performance-intelligence\racingcom-v2\raw\meeting-discovery\https_www_racing_com_services_appv2_GetMeetsByMonth_2026_8_cfdcd1b2f44a.txt,1780ac1a669bfa313db8834326f4ec9c2ea78e07bfcf92fa2b930ddcf9c3362b
2026-08-06_BALLARATSYN,2026-08-06,Sportsbet-Ballarat Syn,BALLARATSYN,VIC,https://www.racing.com/form/2026-08-06/sportsbet-ballarat-synthetic,https://www.racing.com/services/appv2/GetMeetsByMonth/2026/8,RACINGCOM_GET_MEETS_BY_MONTH,2026-07-22T19:21:33+00:00,200,OBSERVED_IN_RACINGCOM_MONTH_PAYLOAD,Meeting observed in Racing.com GetMeetsByMonth payload; V2 does not emit race-level rows from this meeting.,outputs\performance-intelligence\racingcom-v2\raw\meeting-discovery\https_www_racing_com_services_appv2_GetMeetsByMonth_2026_8_cfdcd1b2f44a.txt,1780ac1a669bfa313db8834326f4ec9c2ea78e07bfcf92fa2b930ddcf9c3362b
2026-08-07_SEYMOUR,2026-08-07,bet365 Seymour,SEYMOUR,VIC,https://www.racing.com/form/2026-08-07/bet365-seymour,https://www.racing.com/services/appv2/GetMeetsByMonth/2026/8,RACINGCOM_GET_MEETS_BY_MONTH,2026-07-22T19:21:33+00:00,200,OBSERVED_IN_RACINGCOM_MONTH_PAYLOAD,Meeting observed in Racing.com GetMeetsByMonth payload; V2 does not emit race-level rows from this meeting.,outputs\performance-intelligence\racingcom-v2\raw\meeting-discovery\https_www_racing_com_services_appv2_GetMeetsByMonth_2026_8_cfdcd1b2f44a.txt,1780ac1a669bfa313db8834326f4ec9c2ea78e07bfcf92fa2b930ddcf9c3362b
2026-08-08_CAULFIELDHEATH,2026-08-08,Caulfield Heath,CAULFIELDHEATH,VIC,https://www.racing.com/form/2026-08-08/caulfield-heath,https://www.racing.com/services/appv2/GetMeetsByMonth/2026/8,RACINGCOM_GET_MEETS_BY_MONTH,2026-07-22T19:21:33+00:00,200,OBSERVED_IN_RACINGCOM_MONTH_PAYLOAD,Meeting observed in Racing.com GetMeetsByMonth payload; V2 does not emit race-level rows from this meeting.,outputs\performance-intelligence\racingcom-v2\raw\meeting-discovery\https_www_racing_com_services_appv2_GetMeetsByMonth_2026_8_cfdcd1b2f44a.txt,1780ac1a669bfa313db8834326f4ec9c2ea78e07bfcf92fa2b930ddcf9c3362b
2026-08-09_CASTERTON,2026-08-09,Casterton,CASTERTON,VIC,https://www.racing.com/form/2026-08-09/casterton,https://www.racing.com/services/appv2/GetMeetsByMonth/2026/8,RACINGCOM_GET_MEETS_BY_MONTH,2026-07-22T19:21:33+00:00,200,OBSERVED_IN_RACINGCOM_MONTH_PAYLOAD,Meeting observed in Racing.com GetMeetsByMonth payload; V2 does not emit race-level rows from this meeting.,outputs\performance-intelligence\racingcom-v2\raw\meeting-discovery\https_www_racing_com_services_appv2_GetMeetsByMonth_2026_8_cfdcd1b2f44a.txt,1780ac1a669bfa313db8834326f4ec9c2ea78e07bfcf92fa2b930ddcf9c3362b
2026-08-09_ECHUCA,2026-08-09,bet365 Echuca,ECHUCA,VIC,https://www.racing.com/form/2026-08-09/bet365-echuca,https://www.racing.com/services/appv2/GetMeetsByMonth/2026/8,RACINGCOM_GET_MEETS_BY_MONTH,2026-07-22T19:21:33+00:00,200,OBSERVED_IN_RACINGCOM_MONTH_PAYLOAD,Meeting observed in Racing.com GetMeetsByMonth payload; V2 does not emit race-level rows from this meeting.,outputs\performance-intelligence\racingcom-v2\raw\meeting-discovery\https_www_racing_com_services_appv2_GetMeetsByMonth_2026_8_cfdcd1b2f44a.txt,1780ac1a669bfa313db8834326f4ec9c2ea78e07bfcf92fa2b930ddcf9c3362b
2026-08-10_PAKENHAMSYNTHETIC,2026-08-10,Sportsbet-Pakenham Synthetic,PAKENHAMSYNTHETIC,VIC,https://www.racing.com/form/2026-08-10/southside-pakenham-synthetic,https://www.racing.com/services/appv2/GetMeetsByMonth/2026/8,RACINGCOM_GET_MEETS_BY_MONTH,2026-07-22T19:21:33+00:00,200,OBSERVED_IN_RACINGCOM_MONTH_PAYLOAD,Meeting observed in Racing.com GetMeetsByMonth payload; V2 does not emit race-level rows from this meeting.,outputs\performance-intelligence\racingcom-v2\raw\meeting-discovery\https_www_racing_com_services_appv2_GetMeetsByMonth_2026_8_cfdcd1b2f44a.txt,1780ac1a669bfa313db8834326f4ec9c2ea78e07bfcf92fa2b930ddcf9c3362b
2026-08-12_BENDIGO,2026-08-12,Bendigo,BENDIGO,VIC,https://www.racing.com/form/2026-08-12/bendigo,https://www.racing.com/services/appv2/GetMeetsByMonth/2026/8,RACINGCOM_GET_MEETS_BY_MONTH,2026-07-22T19:21:33+00:00,200,OBSERVED_IN_RACINGCOM_MONTH_PAYLOAD,Meeting observed in Racing.com GetMeetsByMonth payload; V2 does not emit race-level rows from this meeting.,outputs\performance-intelligence\racingcom-v2\raw\meeting-discovery\https_www_racing_com_services_appv2_GetMeetsByMonth_2026_8_cfdcd1b2f44a.txt,1780ac1a669bfa313db8834326f4ec9c2ea78e07bfcf92fa2b930ddcf9c3362b
2026-08-13_MOE,2026-08-13,Moe,MOE,VIC,https://www.racing.com/form/2026-08-13/moe,https://www.racing.com/services/appv2/GetMeetsByMonth/2026/8,RACINGCOM_GET_MEETS_BY_MONTH,2026-07-22T19:21:33+00:00,200,OBSERVED_IN_RACINGCOM_MONTH_PAYLOAD,Meeting observed in Racing.com GetMeetsByMonth payload; V2 does not emit race-level rows from this meeting.,outputs\performance-intelligence\racingcom-v2\raw\meeting-discovery\https_www_racing_com_services_appv2_GetMeetsByMonth_2026_8_cfdcd1b2f44a.txt,1780ac1a669bfa313db8834326f4ec9c2ea78e07bfcf92fa2b930ddcf9c3362b
2026-08-14_GEELONG,2026-08-14,Ladbrokes Geelong,GEELONG,VIC,https://www.racing.com/form/2026-08-14/ladbrokes-geelong,https://www.racing.com/services/appv2/GetMeetsByMonth/2026/8,RACINGCOM_GET_MEETS_BY_MONTH,2026-07-22T19:21:33+00:00,200,OBSERVED_IN_RACINGCOM_MONTH_PAYLOAD,Meeting observed in Racing.com GetMeetsByMonth payload; V2 does not emit race-level rows from this meeting.,outputs\performance-intelligence\racingcom-v2\raw\meeting-discovery\https_www_racing_com_services_appv2_GetMeetsByMonth_2026_8_cfdcd1b2f44a.txt,1780ac1a669bfa313db8834326f4ec9c2ea78e07bfcf92fa2b930ddcf9c3362b
2026-08-15_CAULFIELD,2026-08-15,Caulfield,CAULFIELD,VIC,https://www.racing.com/form/2026-08-15/caulfield,https://www.racing.com/services/appv2/GetMeetsByMonth/2026/8,RACINGCOM_GET_MEETS_BY_MONTH,2026-07-22T19:21:33+00:00,200,OBSERVED_IN_RACINGCOM_MONTH_PAYLOAD,Meeting observed in Racing.com GetMeetsByMonth payload; V2 does not emit race-level rows from this meeting.,outputs\performance-intelligence\racingcom-v2\raw\meeting-discovery\https_www_racing_com_services_appv2_GetMeetsByMonth_2026_8_cfdcd1b2f44a.txt,1780ac1a669bfa313db8834326f4ec9c2ea78e07bfcf92fa2b930ddcf9c3362b
2026-08-16_BALLARAT,2026-08-16,Sportsbet-Ballarat,BALLARAT,VIC,https://www.racing.com/form/2026-08-16/sportsbet-ballarat,https://www.racing.com/services/appv2/GetMeetsByMonth/2026/8,RACINGCOM_GET_MEETS_BY_MONTH,2026-07-22T19:21:33+00:00,200,OBSERVED_IN_RACINGCOM_MONTH_PAYLOAD,Meeting observed in Racing.com GetMeetsByMonth payload; V2 does not emit race-level rows from this meeting.,outputs\performance-intelligence\racingcom-v2\raw\meeting-discovery\https_www_racing_com_services_appv2_GetMeetsByMonth_2026_8_cfdcd1b2f44a.txt,1780ac1a669bfa313db8834326f4ec9c2ea78e07bfcf92fa2b930ddcf9c3362b
2026-08-16_PAKENHAMSYNTHETIC,2026-08-16,Sportsbet-Pakenham Synthetic,PAKENHAMSYNTHETIC,VIC,https://www.racing.com/form/2026-08-16/southside-pakenham-synthetic,https://www.racing.com/services/appv2/GetMeetsByMonth/2026/8,RACINGCOM_GET_MEETS_BY_MONTH,2026-07-22T19:21:33+00:00,200,OBSERVED_IN_RACINGCOM_MONTH_PAYLOAD,Meeting observed in Racing.com GetMeetsByMonth payload; V2 does not emit race-level rows from this meeting.,outputs\performance-intelligence\racingcom-v2\raw\meeting-discovery\https_www_racing_com_services_appv2_GetMeetsByMonth_2026_8_cfdcd1b2f44a.txt,1780ac1a669bfa313db8834326f4ec9c2ea78e07bfcf92fa2b930ddcf9c3362b
2026-08-17_WODONGA,2026-08-17,Wodonga,WODONGA,VIC,https://www.racing.com/form/2026-08-17/picklebet-park-wodonga,https://www.racing.com/services/appv2/GetMeetsByMonth/2026/8,RACINGCOM_GET_MEETS_BY_MONTH,2026-07-22T19:21:33+00:00,200,OBSERVED_IN_RACINGCOM_MONTH_PAYLOAD,Meeting observed in Racing.com GetMeetsByMonth payload; V2 does not emit race-level rows from this meeting.,outputs\performance-intelligence\racingcom-v2\raw\meeting-discovery\https_www_racing_com_services_appv2_GetMeetsByMonth_2026_8_cfdcd1b2f44a.txt,1780ac1a669bfa313db8834326f4ec9c2ea78e07bfcf92fa2b930ddcf9c3362b
2026-08-18_BENDIGO,2026-08-18,Bendigo,BENDIGO,VIC,https://www.racing.com/form/2026-08-18/bendigo-trial,https://www.racing.com/services/appv2/GetMeetsByMonth/2026/8,RACINGCOM_GET_MEETS_BY_MONTH,2026-07-22T19:21:33+00:00,200,OBSERVED_IN_RACINGCOM_MONTH_PAYLOAD,Meeting observed in Racing.com GetMeetsByMonth payload; V2 does not emit race-level rows from this meeting.,outputs\performance-intelligence\racingcom-v2\raw\meeting-discovery\https_www_racing_com_services_appv2_GetMeetsByMonth_2026_8_cfdcd1b2f44a.txt,1780ac1a669bfa313db8834326f4ec9c2ea78e07bfcf92fa2b930ddcf9c3362b
2026-08-19_SANDOWNLAKESIDE,2026-08-19,Sportsbet Sandown Lakeside,SANDOWNLAKESIDE,VIC,https://www.racing.com/form/2026-08-19/sportsbet-sandown-lakeside,https://www.racing.com/services/appv2/GetMeetsByMonth/2026/8,RACINGCOM_GET_MEETS_BY_MONTH,2026-07-22T19:21:33+00:00,200,OBSERVED_IN_RACINGCOM_MONTH_PAYLOAD,Meeting observed in Racing.com GetMeetsByMonth payload; V2 does not emit race-level rows from this meeting.,outputs\performance-intelligence\racingcom-v2\raw\meeting-discovery\https_www_racing_com_services_appv2_GetMeetsByMonth_2026_8_cfdcd1b2f44a.txt,1780ac1a669bfa313db8834326f4ec9c2ea78e07bfcf92fa2b930ddcf9c3362b
2026-08-20_WARRNAMBOOL,2026-08-20,Warrnambool,WARRNAMBOOL,VIC,https://www.racing.com/form/2026-08-20/warrnambool,https://www.racing.com/services/appv2/GetMeetsByMonth/2026/8,RACINGCOM_GET_MEETS_BY_MONTH,2026-07-22T19:21:33+00:00,200,OBSERVED_IN_RACINGCOM_MONTH_PAYLOAD,Meeting observed in Racing.com GetMeetsByMonth payload; V2 does not emit race-level rows from this meeting.,outputs\performance-intelligence\racingcom-v2\raw\meeting-discovery\https_www_racing_com_services_appv2_GetMeetsByMonth_2026_8_cfdcd1b2f44a.txt,1780ac1a669bfa313db8834326f4ec9c2ea78e07bfcf92fa2b930ddcf9c3362b
2026-08-21_SALE,2026-08-21,Sale,SALE,VIC,https://www.racing.com/form/2026-08-21/sale,https://www.racing.com/services/appv2/GetMeetsByMonth/2026/8,RACINGCOM_GET_MEETS_BY_MONTH,2026-07-22T19:21:33+00:00,200,OBSERVED_IN_RACINGCOM_MONTH_PAYLOAD,Meeting observed in Racing.com GetMeetsByMonth payload; V2 does not emit race-level rows from this meeting.,outputs\performance-intelligence\racingcom-v2\raw\meeting-discovery\https_www_racing_com_services_appv2_GetMeetsByMonth_2026_8_cfdcd1b2f44a.txt,1780ac1a669bfa313db8834326f4ec9c2ea78e07bfcf92fa2b930ddcf9c3362b
2026-08-21_SWANHILL,2026-08-21,bet365 Swan Hill,SWANHILL,VIC,https://www.racing.com/form/2026-08-21/bet365-swan-hill,https://www.racing.com/services/appv2/GetMeetsByMonth/2026/8,RACINGCOM_GET_MEETS_BY_MONTH,2026-07-22T19:21:33+00:00,200,OBSERVED_IN_RACINGCOM_MONTH_PAYLOAD,Meeting observed in Racing.com GetMeetsByMonth payload; V2 does not emit race-level rows from this meeting.,outputs\performance-intelligence\racingcom-v2\raw\meeting-discovery\https_www_racing_com_services_appv2_GetMeetsByMonth_2026_8_cfdcd1b2f44a.txt,1780ac1a669bfa313db8834326f4ec9c2ea78e07bfcf92fa2b930ddcf9c3362b
2026-08-22_SANDOWNHILLSIDE,2026-08-22,Sportsbet Sandown Hillside,SANDOWNHILLSIDE,VIC,https://www.racing.com/form/2026-08-22/sportsbet-sandown-hillside,https://www.racing.com/services/appv2/GetMeetsByMonth/2026/8,RACINGCOM_GET_MEETS_BY_MONTH,2026-07-22T19:21:33+00:00,200,OBSERVED_IN_RACINGCOM_MONTH_PAYLOAD,Meeting observed in Racing.com GetMeetsByMonth payload; V2 does not emit race-level rows from this meeting.,outputs\performance-intelligence\racingcom-v2\raw\meeting-discovery\https_www_racing_com_services_appv2_GetMeetsByMonth_2026_8_cfdcd1b2f44a.txt,1780ac1a669bfa313db8834326f4ec9c2ea78e07bfcf92fa2b930ddcf9c3362b
2026-08-23_WANGARATTA,2026-08-23,Sportsbet-Wangaratta,WANGARATTA,VIC,https://www.racing.com/form/2026-08-23/sportsbet-wangaratta,https://www.racing.com/services/appv2/GetMeetsByMonth/2026/8,RACINGCOM_GET_MEETS_BY_MONTH,2026-07-22T19:21:33+00:00,200,OBSERVED_IN_RACINGCOM_MONTH_PAYLOAD,Meeting observed in Racing.com GetMeetsByMonth payload; V2 does not emit race-level rows from this meeting.,outputs\performance-intelligence\racingcom-v2\raw\meeting-discovery\https_www_racing_com_services_appv2_GetMeetsByMonth_2026_8_cfdcd1b2f44a.txt,1780ac1a669bfa313db8834326f4ec9c2ea78e07bfcf92fa2b930ddcf9c3362b
2026-08-24_PAKENHAMSYNTHETIC,2026-08-24,Sportsbet-Pakenham Synthetic,PAKENHAMSYNTHETIC,VIC,https://www.racing.com/form/2026-08-24/southside-pakenham-synthetic,https://www.racing.com/services/appv2/GetMeetsByMonth/2026/8,RACINGCOM_GET_MEETS_BY_MONTH,2026-07-22T19:21:33+00:00,200,OBSERVED_IN_RACINGCOM_MONTH_PAYLOAD,Meeting observed in Racing.com GetMeetsByMonth payload; V2 does not emit race-level rows from this meeting.,outputs\performance-intelligence\racingcom-v2\raw\meeting-discovery\https_www_racing_com_services_appv2_GetMeetsByMonth_2026_8_cfdcd1b2f44a.txt,1780ac1a669bfa313db8834326f4ec9c2ea78e07bfcf92fa2b930ddcf9c3362b
2026-08-25_BALLARATSYN,2026-08-25,Sportsbet-Ballarat Syn,BALLARATSYN,VIC,https://www.racing.com/form/2026-08-25/sportsbet-ballarat-synthetic,https://www.racing.com/services/appv2/GetMeetsByMonth/2026/8,RACINGCOM_GET_MEETS_BY_MONTH,2026-07-22T19:21:33+00:00,200,OBSERVED_IN_RACINGCOM_MONTH_PAYLOAD,Meeting observed in Racing.com GetMeetsByMonth payload; V2 does not emit race-level rows from this meeting.,outputs\performance-intelligence\racingcom-v2\raw\meeting-discovery\https_www_racing_com_services_appv2_GetMeetsByMonth_2026_8_cfdcd1b2f44a.txt,1780ac1a669bfa313db8834326f4ec9c2ea78e07bfcf92fa2b930ddcf9c3362b
2026-08-26_BENDIGO,2026-08-26,Bendigo,BENDIGO,VIC,https://www.racing.com/form/2026-08-26/bendigo,https://www.racing.com/services/appv2/GetMeetsByMonth/2026/8,RACINGCOM_GET_MEETS_BY_MONTH,2026-07-22T19:21:33+00:00,200,OBSERVED_IN_RACINGCOM_MONTH_PAYLOAD,Meeting observed in Racing.com GetMeetsByMonth payload; V2 does not emit race-level rows from this meeting.,outputs\performance-intelligence\racingcom-v2\raw\meeting-discovery\https_www_racing_com_services_appv2_GetMeetsByMonth_2026_8_cfdcd1b2f44a.txt,1780ac1a669bfa313db8834326f4ec9c2ea78e07bfcf92fa2b930ddcf9c3362b
2026-08-27_SEYMOUR,2026-08-27,bet365 Seymour,SEYMOUR,VIC,https://www.racing.com/form/2026-08-27/bet365-seymour,https://www.racing.com/services/appv2/GetMeetsByMonth/2026/8,RACINGCOM_GET_MEETS_BY_MONTH,2026-07-22T19:21:33+00:00,200,OBSERVED_IN_RACINGCOM_MONTH_PAYLOAD,Meeting observed in Racing.com GetMeetsByMonth payload; V2 does not emit race-level rows from this meeting.,outputs\performance-intelligence\racingcom-v2\raw\meeting-discovery\https_www_racing_com_services_appv2_GetMeetsByMonth_2026_8_cfdcd1b2f44a.txt,1780ac1a669bfa313db8834326f4ec9c2ea78e07bfcf92fa2b930ddcf9c3362b
2026-08-28_GEELONG,2026-08-28,Ladbrokes Geelong,GEELONG,VIC,https://www.racing.com/form/2026-08-28/ladbrokes-geelong,https://www.racing.com/services/appv2/GetMeetsByMonth/2026/8,RACINGCOM_GET_MEETS_BY_MONTH,2026-07-22T19:21:33+00:00,200,OBSERVED_IN_RACINGCOM_MONTH_PAYLOAD,Meeting observed in Racing.com GetMeetsByMonth payload; V2 does not emit race-level rows from this meeting.,outputs\performance-intelligence\racingcom-v2\raw\meeting-discovery\https_www_racing_com_services_appv2_GetMeetsByMonth_2026_8_cfdcd1b2f44a.txt,1780ac1a669bfa313db8834326f4ec9c2ea78e07bfcf92fa2b930ddcf9c3362b
2026-08-29_CAULFIELD,2026-08-29,Caulfield,CAULFIELD,VIC,https://www.racing.com/form/2026-08-29/caulfield,https://www.racing.com/services/appv2/GetMeetsByMonth/2026/8,RACINGCOM_GET_MEETS_BY_MONTH,2026-07-22T19:21:33+00:00,200,OBSERVED_IN_RACINGCOM_MONTH_PAYLOAD,Meeting observed in Racing.com GetMeetsByMonth payload; V2 does not emit race-level rows from this meeting.,outputs\performance-intelligence\racingcom-v2\raw\meeting-discovery\https_www_racing_com_services_appv2_GetMeetsByMonth_2026_8_cfdcd1b2f44a.txt,1780ac1a669bfa313db8834326f4ec9c2ea78e07bfcf92fa2b930ddcf9c3362b
2026-08-29_WARRACKNABEAL,2026-08-29,Warracknabeal,WARRACKNABEAL,VIC,https://www.racing.com/form/2026-08-29/betdeluxe-warracknabeal,https://www.racing.com/services/appv2/GetMeetsByMonth/2026/8,RACINGCOM_GET_MEETS_BY_MONTH,2026-07-22T19:21:33+00:00,200,OBSERVED_IN_RACINGCOM_MONTH_PAYLOAD,Meeting observed in Racing.com GetMeetsByMonth payload; V2 does not emit race-level rows from this meeting.,outputs\performance-intelligence\racingcom-v2\raw\meeting-discovery\https_www_racing_com_services_appv2_GetMeetsByMonth_2026_8_cfdcd1b2f44a.txt,1780ac1a669bfa313db8834326f4ec9c2ea78e07bfcf92fa2b930ddcf9c3362b
2026-08-30_CASTERTON,2026-08-30,Casterton,CASTERTON,VIC,https://www.racing.com/form/2026-08-30/casterton,https://www.racing.com/services/appv2/GetMeetsByMonth/2026/8,RACINGCOM_GET_MEETS_BY_MONTH,2026-07-22T19:21:33+00:00,200,OBSERVED_IN_RACINGCOM_MONTH_PAYLOAD,Meeting observed in Racing.com GetMeetsByMonth payload; V2 does not emit race-level rows from this meeting.,outputs\performance-intelligence\racingcom-v2\raw\meeting-discovery\https_www_racing_com_services_appv2_GetMeetsByMonth_2026_8_cfdcd1b2f44a.txt,1780ac1a669bfa313db8834326f4ec9c2ea78e07bfcf92fa2b930ddcf9c3362b
2026-08-30_ECHUCA,2026-08-30,bet365 Echuca,ECHUCA,VIC,https://www.racing.com/form/2026-08-30/bet365-echuca,https://www.racing.com/services/appv2/GetMeetsByMonth/2026/8,RACINGCOM_GET_MEETS_BY_MONTH,2026-07-22T19:21:33+00:00,200,OBSERVED_IN_RACINGCOM_MONTH_PAYLOAD,Meeting observed in Racing.com GetMeetsByMonth payload; V2 does not emit race-level rows from this meeting.,outputs\performance-intelligence\racingcom-v2\raw\meeting-discovery\https_www_racing_com_services_appv2_GetMeetsByMonth_2026_8_cfdcd1b2f44a.txt,1780ac1a669bfa313db8834326f4ec9c2ea78e07bfcf92fa2b930ddcf9c3362b
2026-08-31_BALLARATSYN,2026-08-31,Sportsbet-Ballarat Syn,BALLARATSYN,VIC,https://www.racing.com/form/2026-08-31/sportsbet-ballarat-synthetic,https://www.racing.com/services/appv2/GetMeetsByMonth/2026/8,RACINGCOM_GET_MEETS_BY_MONTH,2026-07-22T19:21:33+00:00,200,OBSERVED_IN_RACINGCOM_MONTH_PAYLOAD,Meeting observed in Racing.com GetMeetsByMonth payload; V2 does not emit race-level rows from this meeting.,outputs\performance-intelligence\racingcom-v2\raw\meeting-discovery\https_www_racing_com_services_appv2_GetMeetsByMonth_2026_8_cfdcd1b2f44a.txt,1780ac1a669bfa313db8834326f4ec9c2ea78e07bfcf92fa2b930ddcf9c3362b
