race_key,race_date,track,race_number,runner_key,runner_id,saddle_number,horse_name,trainer_name,jockey_name,barrier_number,finish_position,finish_position_abbreviation,start_position,race_time_seconds,time_behind_winner_seconds,time_behind_winner_centiseconds,beaten_margin_source,distance_travelled_metres,distance_variation_to_winner_metres,last_600_seconds,last_200_seconds,sectional_count,split_count,early_speed_source,mid_speed_source,late_speed_source,overall_peak_speed_source,peak_speed_location_source,overall_average_speed_source,distance_from_rail_source,comment,source_provider,source_page_url,source_payload_file,timing_source,is_timing_complete,is_complete_data,semantic_version,split_coverage_type,split_window_start_marker_metres,split_window_finish_marker_metres,split_window_distance_metres,opening_untimed_distance_metres,full_race_split_coverage,split_window_seconds,split_window_source
2026-05-30|CAULFIELD|R01,2026-05-30,Caulfield,1,2026-05-30|CAULFIELD|R01|RUNNER:15632919,15632919,2,Obambulate,Trent Busuttin & Natalie Young,C.Williams,3,1,1st,0,73.6,0,0,0.0,1204.0,,35.42,12.06,6,6,15.43,16.55,17.17,17.98,1000m,16.36,7.85,Slow away and home okay on debut. Settled closer and found enough to break through at Pakenham. Seems progressive.,RACING.COM,https://www.racing.com/form/2026-05-30/caulfield/race/1/speed-data,outputs/sectionals/raw/VIC/racingcom_full_payloads/getRaceForm_a3072255c6b4ea5989.json,TripleS,true,true,RACINGCOM_SPEED_SEMANTICS_V1_1,FULL_RACE,1200,0,1200,,true,73.6,SUPPLIED_SPLIT_SUM_RECONCILES_TO_RUNNER_RACE_TIME
2026-05-30|CAULFIELD|R01,2026-05-30,Caulfield,1,2026-05-30|CAULFIELD|R01|RUNNER:15637372,15637372,8,Vivid Storm,"Ben, Will & JD Hayes",H.T.Coffey,2,2,2nd,0,73.95,0.35,35,2.25,1200.0,-4,35.83,12.32,6,6,15.45,16.5,16.8,17.75,1000m,16.23,5.52,"Cost $60,000. Same sire as Stretan Ruler. Dam's only runner unplaced on debut. Close third in a 22/5 Flemington jumpout.",RACING.COM,https://www.racing.com/form/2026-05-30/caulfield/race/1/speed-data,outputs/sectionals/raw/VIC/racingcom_full_payloads/getRaceForm_a3072255c6b4ea5989.json,TripleS,true,true,RACINGCOM_SPEED_SEMANTICS_V1_1,FULL_RACE,1200,0,1200,,true,73.95,SUPPLIED_SPLIT_SUM_RECONCILES_TO_RUNNER_RACE_TIME
2026-05-30|CAULFIELD|R01,2026-05-30,Caulfield,1,2026-05-30|CAULFIELD|R01|RUNNER:15637019,15637019,7,Star Of Macedon,John Symons & Sheila Laxon,D.J.Dunn,5,3,3rd,0,73.99,0.39,39,2.55,1202.0,-2,35.39,11.82,6,6,15.21,16.51,17.14,17.92,1000m,16.25,8.12,"Covered ground just off speed from barrier 11 on debut, sticking on well for second. This is harder. Place claims.",RACING.COM,https://www.racing.com/form/2026-05-30/caulfield/race/1/speed-data,outputs/sectionals/raw/VIC/racingcom_full_payloads/getRaceForm_a3072255c6b4ea5989.json,TripleS,true,true,RACINGCOM_SPEED_SEMANTICS_V1_1,FULL_RACE,1200,0,1200,,true,73.99,SUPPLIED_SPLIT_SUM_RECONCILES_TO_RUNNER_RACE_TIME
2026-05-30|CAULFIELD|R01,2026-05-30,Caulfield,1,2026-05-30|CAULFIELD|R01|RUNNER:15634770,15634770,11,Monumentum,W.B.Brisbourne,L.King,4,4,4th,0,74.04,0.44,44,2.85,1203.0,-1,35.58,12.24,6,6,15.25,16.65,16.93,18.06,1000m,16.25,8.92,Same sire as Point Barrow. Dam has one winner from two to race. Came from off speed and ridden out for 14/5 trial win.,RACING.COM,https://www.racing.com/form/2026-05-30/caulfield/race/1/speed-data,outputs/sectionals/raw/VIC/racingcom_full_payloads/getRaceForm_a3072255c6b4ea5989.json,TripleS,true,true,RACINGCOM_SPEED_SEMANTICS_V1_1,FULL_RACE,1200,0,1200,,true,74.04,SUPPLIED_SPLIT_SUM_RECONCILES_TO_RUNNER_RACE_TIME
2026-05-30|CAULFIELD|R01,2026-05-30,Caulfield,1,2026-05-30|CAULFIELD|R01|RUNNER:15637813,15637813,9,Autumn Rainbow,Peter G Moody & Katherine Coleman,L.Meech,9,5,5th,0,74.1,0.5,50,3.2,1206.0,+2,35.27,11.98,6,6,15.13,16.58,17.25,18.15,1000m,16.28,11.63,"Cost $300,000. Same sire as Autumn Glow. Dam has three winners from four. Ridden out for third in a 19/5 jumpout.",RACING.COM,https://www.racing.com/form/2026-05-30/caulfield/race/1/speed-data,outputs/sectionals/raw/VIC/racingcom_full_payloads/getRaceForm_a3072255c6b4ea5989.json,TripleS,true,true,RACINGCOM_SPEED_SEMANTICS_V1_1,FULL_RACE,1200,0,1200,,true,74.1,SUPPLIED_SPLIT_SUM_RECONCILES_TO_RUNNER_RACE_TIME
2026-05-30|CAULFIELD|R01,2026-05-30,Caulfield,1,2026-05-30|CAULFIELD|R01|RUNNER:15637214,15637214,6,Qayed,"Michael, John & Wayne Hawkes",L.Currie,8,6,6th,0,74.38,0.78,78,4.95,1205.0,+1,35.8,12.21,6,6,15.21,16.63,16.84,17.83,400m,16.2,11.46,"Cost $200,000. Same sire as Royal Patronage. Dam has one winner from three. Close up in a 22/5 jumpout.",RACING.COM,https://www.racing.com/form/2026-05-30/caulfield/race/1/speed-data,outputs/sectionals/raw/VIC/racingcom_full_payloads/getRaceForm_a3072255c6b4ea5989.json,TripleS,true,true,RACINGCOM_SPEED_SEMANTICS_V1_1,FULL_RACE,1200,0,1200,,true,74.38,SUPPLIED_SPLIT_SUM_RECONCILES_TO_RUNNER_RACE_TIME
2026-05-30|CAULFIELD|R01,2026-05-30,Caulfield,1,2026-05-30|CAULFIELD|R01|RUNNER:15637371,15637371,3,Carnevale,"Ben, Will & JD Hayes",D.Bates,1,7,7th,0,74.47,0.87,87,5.45,1201.0,-3,36.03,12.52,6,6,15.33,16.56,16.56,17.59,1000m,16.13,4.24,"Resuming. Backed from $4.40 to $3.80 on debut, holding ground after settling just off pace. Won 15/5 jumpout.",RACING.COM,https://www.racing.com/form/2026-05-30/caulfield/race/1/speed-data,outputs/sectionals/raw/VIC/racingcom_full_payloads/getRaceForm_a3072255c6b4ea5989.json,TripleS,true,true,RACINGCOM_SPEED_SEMANTICS_V1_1,FULL_RACE,1200,0,1200,,true,74.47,SUPPLIED_SPLIT_SUM_RECONCILES_TO_RUNNER_RACE_TIME
2026-05-30|CAULFIELD|R01,2026-05-30,Caulfield,1,2026-05-30|CAULFIELD|R01|RUNNER:15636586,15636586,1,Crank,Anthony & Sam Freedman,J.Mott,7,8,8th,0,74.98,1.38,138,8.7,1206.0,+2,36.66,12.87,6,6,15.39,16.57,16.32,17.77,400m,16.08,10.76,Lived up to his jumpouts with a comfortable debut win in heavy ground. Faces a stiffer test but is worth thought.,RACING.COM,https://www.racing.com/form/2026-05-30/caulfield/race/1/speed-data,outputs/sectionals/raw/VIC/racingcom_full_payloads/getRaceForm_a3072255c6b4ea5989.json,TripleS,true,true,RACINGCOM_SPEED_SEMANTICS_V1_1,FULL_RACE,1200,0,1200,,true,74.98,SUPPLIED_SPLIT_SUM_RECONCILES_TO_RUNNER_RACE_TIME
2026-05-30|CAULFIELD|R02,2026-05-30,Caulfield,2,2026-05-30|CAULFIELD|R02|RUNNER:15632846,15632846,4,Flyer,J.Warren,Z.Spain,10,1,1st,0,72.34,0,0,0.0,1212.0,,36.25,12.64,6,6,15.93,17.87,17.2,19.36,400m,16.75,11.45,Jumped Ok Settled Down Off Mid-Field 9l Outside pace suited niggled 600 widest Turn 6l qraced to front 150 Kept Going Soundly to score quite soft at finish # perfect Set  up,RACING.COM,https://www.racing.com/form/2026-05-30/caulfield/race/2/speed-data,outputs/sectionals/raw/VIC/racingcom_full_payloads/getRaceForm_e6294bfdb2c56d4301.json,TripleS,true,true,RACINGCOM_SPEED_SEMANTICS_V1_1,FULL_RACE,1200,0,1200,,true,72.34,SUPPLIED_SPLIT_SUM_RECONCILES_TO_RUNNER_RACE_TIME
2026-05-30|CAULFIELD|R02,2026-05-30,Caulfield,2,2026-05-30|CAULFIELD|R02|RUNNER:15637377,15637377,6,Luna Cat,"Ben, Will & JD Hayes",H.T.Coffey,9,2,2nd,0,72.49,0.15,15,0.75,1210.0,-2,36.38,12.67,6,6,15.86,17.86,17.22,18.78,600m,16.69,6.75,Bit Slow Out Not Bustled Settled Down tail 10l back with 1st didnt get Wide like it in Straight comes Through Inside burst Through but No Match for winner wider # rock solid,RACING.COM,https://www.racing.com/form/2026-05-30/caulfield/race/2/speed-data,outputs/sectionals/raw/VIC/racingcom_full_payloads/getRaceForm_e6294bfdb2c56d4301.json,TripleS,true,true,RACINGCOM_SPEED_SEMANTICS_V1_1,FULL_RACE,1200,0,1200,,true,72.49,SUPPLIED_SPLIT_SUM_RECONCILES_TO_RUNNER_RACE_TIME
2026-05-30|CAULFIELD|R02,2026-05-30,Caulfield,2,2026-05-30|CAULFIELD|R02|RUNNER:15635698,15635698,2,Emmadella,T.Dabernig,L.J.Bates,2,3,3rd,0,72.57,0.23,23,1.21,1209.0,-3,36.85,12.77,6,6,16.07,17.84,16.16,18.85,400m,16.66,8.62,Recent stable addition who was okay from a wide draw at first run for 61 weeks. Won 1400m BM72 second up last prep.,RACING.COM,https://www.racing.com/form/2026-05-30/caulfield/race/2/speed-data,outputs/sectionals/raw/VIC/racingcom_full_payloads/getRaceForm_e6294bfdb2c56d4301.json,TripleS,true,true,RACINGCOM_SPEED_SEMANTICS_V1_1,FULL_RACE,1200,0,1200,,true,72.57,SUPPLIED_SPLIT_SUM_RECONCILES_TO_RUNNER_RACE_TIME
2026-05-30|CAULFIELD|R02,2026-05-30,Caulfield,2,2026-05-30|CAULFIELD|R02|RUNNER:15634936,15634936,3,Swift Force,J.L.Keys,J.A.Johnstone,1,4,4th,0,72.6,0.26,26,1.41,1210.0,-2,37.99,13.31,6,6,16.82,17.77,15.55,19.62,400m,16.67,12.26,Speedy Tasmanian filly who was an impressive winner on her mainland debut. Should take running down again.,RACING.COM,https://www.racing.com/form/2026-05-30/caulfield/race/2/speed-data,outputs/sectionals/raw/VIC/racingcom_full_payloads/getRaceForm_e6294bfdb2c56d4301.json,TripleS,true,true,RACINGCOM_SPEED_SEMANTICS_V1_1,FULL_RACE,1200,0,1200,,true,72.6,SUPPLIED_SPLIT_SUM_RECONCILES_TO_RUNNER_RACE_TIME
2026-05-30|CAULFIELD|R02,2026-05-30,Caulfield,2,2026-05-30|CAULFIELD|R02|RUNNER:15622358,15622358,12,Zunna,P.J.Stokes,B.Mertens,11,5,5th,0,72.71,0.37,37,2.16,1212.0,,37.06,13.1,6,6,16.02,18.19,16.73,19.31,400m,16.67,13.32,Jumped Fast Settled Down widest Off Mid-Field 8l Went Forward long 4th 600 7l Straightened Up in Clear Outside 5l winner her back it goes by Quickly Kept Going Ok No Match # sound effort,RACING.COM,https://www.racing.com/form/2026-05-30/caulfield/race/2/speed-data,outputs/sectionals/raw/VIC/racingcom_full_payloads/getRaceForm_e6294bfdb2c56d4301.json,TripleS,true,true,RACINGCOM_SPEED_SEMANTICS_V1_1,FULL_RACE,1200,0,1200,,true,72.71,SUPPLIED_SPLIT_SUM_RECONCILES_TO_RUNNER_RACE_TIME
2026-05-30|CAULFIELD|R02,2026-05-30,Caulfield,2,2026-05-30|CAULFIELD|R02|RUNNER:15636457,15636457,11,West Of Dalby,M.J.Dale,J.Mott,7,6,6th,0,73.05,0.71,71,4.41,1211.0,-1,37.75,13.46,6,6,16.42,17.8,16.44,19.41,400m,16.58,8.83,Jumped Ok Went Forward sat 3rd on a Good Pace 3-4l back Straightened Up 3rd 1-2l Middle Of Track joined in but No Match # Every Chance,RACING.COM,https://www.racing.com/form/2026-05-30/caulfield/race/2/speed-data,outputs/sectionals/raw/VIC/racingcom_full_payloads/getRaceForm_e6294bfdb2c56d4301.json,TripleS,true,true,RACINGCOM_SPEED_SEMANTICS_V1_1,FULL_RACE,1200,0,1200,,true,73.05,SUPPLIED_SPLIT_SUM_RECONCILES_TO_RUNNER_RACE_TIME
2026-05-30|CAULFIELD|R02,2026-05-30,Caulfield,2,2026-05-30|CAULFIELD|R02|RUNNER:15614516,15614516,7,Sun Setting,M.Laurie,D.Keane,8,7,7th,0,73.25,0.91,91,5.41,1210.0,-2,37.41,13.43,6,6,16.03,17.84,16.89,18.96,400m,16.52,11.42,Jumped Ok Settled Down long Mid Field 7l Mid Field Turn 6l laid in Tight 100 Not Knocked About after that # forget,RACING.COM,https://www.racing.com/form/2026-05-30/caulfield/race/2/speed-data,outputs/sectionals/raw/VIC/racingcom_full_payloads/getRaceForm_e6294bfdb2c56d4301.json,TripleS,true,true,RACINGCOM_SPEED_SEMANTICS_V1_1,FULL_RACE,1200,0,1200,,true,73.25,SUPPLIED_SPLIT_SUM_RECONCILES_TO_RUNNER_RACE_TIME
2026-05-30|CAULFIELD|R02,2026-05-30,Caulfield,2,2026-05-30|CAULFIELD|R02|RUNNER:15637882,15637882,10,Southern Crescent,A.J.Purcell,J.McNeil,5,8,8th,0,73.36,1.02,102,6.16,1208.0,-4,37.35,13.55,6,6,15.93,17.94,15.68,18.81,400m,16.47,8.13,Bit Slow Out Settled Down tail 9l but Inside them 10l stayed in Turn but off fence 2nd went past her she struggles # not her best,RACING.COM,https://www.racing.com/form/2026-05-30/caulfield/race/2/speed-data,outputs/sectionals/raw/VIC/racingcom_full_payloads/getRaceForm_e6294bfdb2c56d4301.json,TripleS,true,true,RACINGCOM_SPEED_SEMANTICS_V1_1,FULL_RACE,1200,0,1200,,true,73.36,SUPPLIED_SPLIT_SUM_RECONCILES_TO_RUNNER_RACE_TIME
2026-05-30|CAULFIELD|R02,2026-05-30,Caulfield,2,2026-05-30|CAULFIELD|R02|RUNNER:15634465,15634465,8,Bedtime Angel,J.F.Moloney,T.M.Nugent,6,9,9th,0,74.07,1.73,173,10.41,1211.0,-1,39.36,14.52,6,6,16.72,17.83,15.91,19.59,400m,16.35,14.63,Jumped Ok very keen to stay right on leaders back who was going hard and quickly. Given No Hope at all Straightened Up Under Pressure gone 200 Need To See Again dry # Given No Hope,RACING.COM,https://www.racing.com/form/2026-05-30/caulfield/race/2/speed-data,outputs/sectionals/raw/VIC/racingcom_full_payloads/getRaceForm_e6294bfdb2c56d4301.json,TripleS,true,true,RACINGCOM_SPEED_SEMANTICS_V1_1,FULL_RACE,1200,0,1200,,true,74.07,SUPPLIED_SPLIT_SUM_RECONCILES_TO_RUNNER_RACE_TIME
2026-05-30|CAULFIELD|R03,2026-05-30,Caulfield,3,2026-05-30|CAULFIELD|R03|RUNNER:15636871,15636871,8,Clevor Trever,P.B.Payne,J.Noonan,8,1,1st,0,86.51,0,0,0.0,1416.0,,35.65,12,7,7,15.41,17.1,17.52,17.73,1200m,16.37,16.13,Settled second fresh and kept going to score comfortably. Competitive in first campaign. May have improved.,RACING.COM,https://www.racing.com/form/2026-05-30/caulfield/race/3/speed-data,outputs/sectionals/raw/VIC/racingcom_full_payloads/getRaceForm_a15afedf76f227232c.json,TripleS,true,true,RACINGCOM_SPEED_SEMANTICS_V1_1,FULL_RACE,1400,0,1400,,true,86.51,SUPPLIED_SPLIT_SUM_RECONCILES_TO_RUNNER_RACE_TIME
2026-05-30|CAULFIELD|R03,2026-05-30,Caulfield,3,2026-05-30|CAULFIELD|R03|RUNNER:15636131,15636131,11,Obvious,G.Eurell,L.K.Cartwright,3,2,2nd,0,86.66,0.15,15,0.75,1409.0,-7,35.77,12.21,7,7,15.39,17.09,16.87,17.43,1200m,16.26,8.56,Freshened since tiring over 1600m. Lame at previous. Three-length third at latest 1400m run. Place hope.,RACING.COM,https://www.racing.com/form/2026-05-30/caulfield/race/3/speed-data,outputs/sectionals/raw/VIC/racingcom_full_payloads/getRaceForm_a15afedf76f227232c.json,TripleS,true,true,RACINGCOM_SPEED_SEMANTICS_V1_1,FULL_RACE,1400,0,1400,,true,86.66,SUPPLIED_SPLIT_SUM_RECONCILES_TO_RUNNER_RACE_TIME
2026-05-30|CAULFIELD|R03,2026-05-30,Caulfield,3,2026-05-30|CAULFIELD|R03|RUNNER:15636127,15636127,2,Bel Mezyaan,J.Hunter,D.Bates,5,3,3rd,0,86.7,0.19,19,1.05,1414.0,-2,35.54,11.84,7,7,15.3,17.02,17.43,17.71,1200m,16.31,17.16,Slow away and closed off solidly at Bendigo. Conceded too big a start at previous. Likely to be running on again.,RACING.COM,https://www.racing.com/form/2026-05-30/caulfield/race/3/speed-data,outputs/sectionals/raw/VIC/racingcom_full_payloads/getRaceForm_a15afedf76f227232c.json,TripleS,true,true,RACINGCOM_SPEED_SEMANTICS_V1_1,FULL_RACE,1400,0,1400,,true,86.7,SUPPLIED_SPLIT_SUM_RECONCILES_TO_RUNNER_RACE_TIME
2026-05-30|CAULFIELD|R03,2026-05-30,Caulfield,3,2026-05-30|CAULFIELD|R03|RUNNER:15638164,15638164,5,Yes Yoshi,C.J.Littlefield,J.B.Stanley,13,4,4th,0,86.72,0.21,21,1.2,1418.0,+2,35.95,12.3,7,7,15.54,16.97,17.45,17.79,1200m,16.35,12.18,Should have finished a lot closer two back. Home okay (but hung in) when not far away latest. Rise in trip may suit.,RACING.COM,https://www.racing.com/form/2026-05-30/caulfield/race/3/speed-data,outputs/sectionals/raw/VIC/racingcom_full_payloads/getRaceForm_a15afedf76f227232c.json,TripleS,true,true,RACINGCOM_SPEED_SEMANTICS_V1_1,FULL_RACE,1400,0,1400,,true,86.72,SUPPLIED_SPLIT_SUM_RECONCILES_TO_RUNNER_RACE_TIME
2026-05-30|CAULFIELD|R03,2026-05-30,Caulfield,3,2026-05-30|CAULFIELD|R03|RUNNER:15631573,15631573,14,Bajaria,P.Gelagotis,J.McNeil,9,5,5th,0,86.74,0.23,23,1.3,1411.0,-5,36.21,12.27,7,7,15.45,17.17,17.01,17.57,800m,16.27,11.4,Just missed when dropping in class last Sunday. Covered ground and faded at previous. Runner-up in three of four this prep.,RACING.COM,https://www.racing.com/form/2026-05-30/caulfield/race/3/speed-data,outputs/sectionals/raw/VIC/racingcom_full_payloads/getRaceForm_a15afedf76f227232c.json,TripleS,true,true,RACINGCOM_SPEED_SEMANTICS_V1_1,FULL_RACE,1400,0,1400,,true,86.74,SUPPLIED_SPLIT_SUM_RECONCILES_TO_RUNNER_RACE_TIME
2026-05-30|CAULFIELD|R03,2026-05-30,Caulfield,3,2026-05-30|CAULFIELD|R03|RUNNER:15632488,15632488,10,Undisputable,Mick Price & Michael Kent (Jnr),B.Mertens,7,6,6th,0,86.75,0.24,24,1.36,1411.0,-5,36.18,12.34,7,7,15.5,17.07,17.13,17.57,800m,16.27,14.55,"Settled second fresh, going away to score easily. Dominant on synthetic at only second-up run. Can contend.",RACING.COM,https://www.racing.com/form/2026-05-30/caulfield/race/3/speed-data,outputs/sectionals/raw/VIC/racingcom_full_payloads/getRaceForm_a15afedf76f227232c.json,TripleS,true,true,RACINGCOM_SPEED_SEMANTICS_V1_1,FULL_RACE,1400,0,1400,,true,86.75,SUPPLIED_SPLIT_SUM_RECONCILES_TO_RUNNER_RACE_TIME
2026-05-30|CAULFIELD|R03,2026-05-30,Caulfield,3,2026-05-30|CAULFIELD|R03|RUNNER:15629560,15629560,3,Cinturato,M.W.Walker,J.Mott,14,7,7th,0,86.94,0.43,43,2.61,1418.0,+2,35.85,12.47,7,7,15.35,17.15,17.52,17.97,1200m,16.31,13.69,Dropped in trip at the Bool and closed well enough to score on a heavy track. Held ground in a race won by the leader at previous.,RACING.COM,https://www.racing.com/form/2026-05-30/caulfield/race/3/speed-data,outputs/sectionals/raw/VIC/racingcom_full_payloads/getRaceForm_a15afedf76f227232c.json,TripleS,true,true,RACINGCOM_SPEED_SEMANTICS_V1_1,FULL_RACE,1400,0,1400,,true,86.94,SUPPLIED_SPLIT_SUM_RECONCILES_TO_RUNNER_RACE_TIME
2026-05-30|CAULFIELD|R03,2026-05-30,Caulfield,3,2026-05-30|CAULFIELD|R03|RUNNER:15637642,15637642,9,Power And The Beat (NZ),CC.Chan,L.Meech,12,8,8th,0,86.96,0.45,45,2.71,1415.0,-1,36.39,12.36,7,7,15.54,16.99,17.2,17.38,800m,16.27,11.99,Went to the lead in a change of tactics and kept rolling last time. Caught wide at previous. Won on debut. Not out of it.,RACING.COM,https://www.racing.com/form/2026-05-30/caulfield/race/3/speed-data,outputs/sectionals/raw/VIC/racingcom_full_payloads/getRaceForm_a15afedf76f227232c.json,TripleS,true,true,RACINGCOM_SPEED_SEMANTICS_V1_1,FULL_RACE,1400,0,1400,,true,86.96,SUPPLIED_SPLIT_SUM_RECONCILES_TO_RUNNER_RACE_TIME
2026-05-30|CAULFIELD|R04,2026-05-30,Caulfield,4,2026-05-30|CAULFIELD|R04|RUNNER:15636266,15636266,1,First Chorus (NZ),L.Smith,J.Mott,12,1,1st,0,100.16,0,0,0.0,1619.0,,36.71,12.58,8,8,15.64,16.85,17.02,17.43,1000m,16.16,21.09,Shared the lead latest and didn't finish off in a race set up for the closers. Settled behind speed when runner-up prior.,RACING.COM,https://www.racing.com/form/2026-05-30/caulfield/race/4/speed-data,outputs/sectionals/raw/VIC/racingcom_full_payloads/getRaceForm_ef343c077d4b442633.json,TripleS,true,true,RACINGCOM_SPEED_SEMANTICS_V1_1,FULL_RACE,1600,0,1600,,true,100.16,SUPPLIED_SPLIT_SUM_RECONCILES_TO_RUNNER_RACE_TIME
2026-05-30|CAULFIELD|R04,2026-05-30,Caulfield,4,2026-05-30|CAULFIELD|R04|RUNNER:15636139,15636139,7,Enna's Dream,A.G.Rae,B.Mertens,5,2,2nd,0,100.56,0.4,40,2.25,1616.0,-3,37.32,13.09,8,8,15.71,16.71,16.96,17.42,1000m,16.07,18.53,"Drifted back in both runs this time in, finishing four lengths away each time. Was held up at latest. Prefer as a place hope.",RACING.COM,https://www.racing.com/form/2026-05-30/caulfield/race/4/speed-data,outputs/sectionals/raw/VIC/racingcom_full_payloads/getRaceForm_ef343c077d4b442633.json,TripleS,true,true,RACINGCOM_SPEED_SEMANTICS_V1_1,FULL_RACE,1600,0,1600,,true,100.56,SUPPLIED_SPLIT_SUM_RECONCILES_TO_RUNNER_RACE_TIME
2026-05-30|CAULFIELD|R04,2026-05-30,Caulfield,4,2026-05-30|CAULFIELD|R04|RUNNER:15638488,15638488,11,Oraqua (GB),M.Freedman,H.T.Coffey,7,3,3rd,0,100.57,0.41,41,2.35,1618.0,-1,37.63,13.11,8,8,15.92,16.52,16.39,17.35,400m,16.09,16.27,"Drifted back fresh, passing a few in the run home. Drops in weight with the rise in class. Easy maiden winner only run this trip.",RACING.COM,https://www.racing.com/form/2026-05-30/caulfield/race/4/speed-data,outputs/sectionals/raw/VIC/racingcom_full_payloads/getRaceForm_ef343c077d4b442633.json,TripleS,true,true,RACINGCOM_SPEED_SEMANTICS_V1_1,FULL_RACE,1600,0,1600,,true,100.57,SUPPLIED_SPLIT_SUM_RECONCILES_TO_RUNNER_RACE_TIME
2026-05-30|CAULFIELD|R04,2026-05-30,Caulfield,4,2026-05-30|CAULFIELD|R04|RUNNER:15635989,15635989,3,A Diva,R.J.Laming,L.J.Bates,4,4,4th,0,100.6,0.44,44,2.5,1613.0,-6,37.58,13.25,8,8,15.77,16.77,16.67,17.23,400m,16.03,16.77,On-pacer back in trip after being run down as favourite on a heavy track. Led when fourth to the in-form Seafall two back.,RACING.COM,https://www.racing.com/form/2026-05-30/caulfield/race/4/speed-data,outputs/sectionals/raw/VIC/racingcom_full_payloads/getRaceForm_ef343c077d4b442633.json,TripleS,true,true,RACINGCOM_SPEED_SEMANTICS_V1_1,FULL_RACE,1600,0,1600,,true,100.6,SUPPLIED_SPLIT_SUM_RECONCILES_TO_RUNNER_RACE_TIME
2026-05-30|CAULFIELD|R04,2026-05-30,Caulfield,4,2026-05-30|CAULFIELD|R04|RUNNER:15634857,15634857,4,Belle Savoir,N.R.Ryan,D.Bates,10,5,5th,0,100.67,0.51,51,2.96,1609.0,-10,37.24,12.91,8,8,15.61,16.76,16.02,17.07,1200m,15.98,16.61,Held up on the turn when placed fresh. Had her chance latest. Hasn't won for more than two years. Place preferred.,RACING.COM,https://www.racing.com/form/2026-05-30/caulfield/race/4/speed-data,outputs/sectionals/raw/VIC/racingcom_full_payloads/getRaceForm_ef343c077d4b442633.json,TripleS,true,true,RACINGCOM_SPEED_SEMANTICS_V1_1,FULL_RACE,1600,0,1600,,true,100.67,SUPPLIED_SPLIT_SUM_RECONCILES_TO_RUNNER_RACE_TIME
2026-05-30|CAULFIELD|R04,2026-05-30,Caulfield,4,2026-05-30|CAULFIELD|R04|RUNNER:15634125,15634125,8,Jazz Affair,Richard & Chantelle Jolly,C.Williams,1,6,6th,0,101.13,0.97,97,5.71,1613.0,-6,37.91,13.26,8,8,15.73,16.65,16.36,17.15,400m,15.95,18.85,"Forgive latest (caught wide). Fought on okay. Likely to give them a start. Won't be far away, but place preferred.",RACING.COM,https://www.racing.com/form/2026-05-30/caulfield/race/4/speed-data,outputs/sectionals/raw/VIC/racingcom_full_payloads/getRaceForm_ef343c077d4b442633.json,TripleS,true,true,RACINGCOM_SPEED_SEMANTICS_V1_1,FULL_RACE,1600,0,1600,,true,101.13,SUPPLIED_SPLIT_SUM_RECONCILES_TO_RUNNER_RACE_TIME
2026-05-30|CAULFIELD|R04,2026-05-30,Caulfield,4,2026-05-30|CAULFIELD|R04|RUNNER:15633714,15633714,10,Prestige Snitzel,M.Laurie,C.Newitt,2,7,7th,0,101.2,1.04,104,6.11,1608.0,-11,38.32,13.81,8,8,15.82,16.72,15.26,17.57,400m,15.89,14.29,Slow away second up and beat one home. Didn't do a lot first up either. Two-length third at this trip third up in spring.,RACING.COM,https://www.racing.com/form/2026-05-30/caulfield/race/4/speed-data,outputs/sectionals/raw/VIC/racingcom_full_payloads/getRaceForm_ef343c077d4b442633.json,TripleS,true,true,RACINGCOM_SPEED_SEMANTICS_V1_1,FULL_RACE,1600,0,1600,,true,101.2,SUPPLIED_SPLIT_SUM_RECONCILES_TO_RUNNER_RACE_TIME
2026-05-30|CAULFIELD|R05,2026-05-30,Caulfield,5,2026-05-30|CAULFIELD|R05|RUNNER:15636873,15636873,1,Jimmy The Bear,P.B.Payne,H.Durnan,4,1,1st,0,99.79,0,0,0.0,1614.0,,36.16,12.41,8,8,15.6,16.57,17.11,17.63,1400m,16.17,15.77,"Drifted back fresh, ninth of 10 but not beaten far. Has won three times second up, including this track/trip in this race last year.",RACING.COM,https://www.racing.com/form/2026-05-30/caulfield/race/5/speed-data,outputs/sectionals/raw/VIC/racingcom_full_payloads/getRaceForm_83cba1e27b2f578500.json,TripleS,true,true,RACINGCOM_SPEED_SEMANTICS_V1_1,FULL_RACE,1600,0,1600,,true,99.79,SUPPLIED_SPLIT_SUM_RECONCILES_TO_RUNNER_RACE_TIME
2026-05-30|CAULFIELD|R05,2026-05-30,Caulfield,5,2026-05-30|CAULFIELD|R05|RUNNER:15634937,15634937,7,Cartoon Graveyard,J.L.Keys,C.Newitt,1,2,2nd,0,99.8,0.01,1,0.06,1611.0,-3,36.21,12.14,8,8,15.59,16.72,16.98,17.5,1400m,16.14,15.29,No luck two back. Had his chance but not at best on soft going latest. Should be around the mark again.,RACING.COM,https://www.racing.com/form/2026-05-30/caulfield/race/5/speed-data,outputs/sectionals/raw/VIC/racingcom_full_payloads/getRaceForm_83cba1e27b2f578500.json,TripleS,true,true,RACINGCOM_SPEED_SEMANTICS_V1_1,FULL_RACE,1600,0,1600,,true,99.8,SUPPLIED_SPLIT_SUM_RECONCILES_TO_RUNNER_RACE_TIME
2026-05-30|CAULFIELD|R05,2026-05-30,Caulfield,5,2026-05-30|CAULFIELD|R05|RUNNER:15633026,15633026,5,Rumbled Again,M.P.Trotter,D.Bates,8,3,3rd,0,100.33,0.54,54,3.56,1614.0,,36.92,13.01,8,8,15.68,16.59,17.08,17.71,1400m,16.09,16.34,Settled behind the pace and didn't finish it off third up. Okay in Adelaide two back. Needs to improve. Place preferred.,RACING.COM,https://www.racing.com/form/2026-05-30/caulfield/race/5/speed-data,outputs/sectionals/raw/VIC/racingcom_full_payloads/getRaceForm_83cba1e27b2f578500.json,TripleS,true,true,RACINGCOM_SPEED_SEMANTICS_V1_1,FULL_RACE,1600,0,1600,,true,100.33,SUPPLIED_SPLIT_SUM_RECONCILES_TO_RUNNER_RACE_TIME
2026-05-30|CAULFIELD|R05,2026-05-30,Caulfield,5,2026-05-30|CAULFIELD|R05|RUNNER:15632868,15632868,2,El Rocko,J.R.McArdle,J.Mott,6,4,4th,0,100.49,0.7,70,4.31,1607.0,-7,37.27,13.11,8,8,15.74,16.61,15.91,17.31,1200m,15.99,13.69,On-pacer who got out to a big lead but got run down latest. Caught on the line over 1400m here at previous. Will give a sight.,RACING.COM,https://www.racing.com/form/2026-05-30/caulfield/race/5/speed-data,outputs/sectionals/raw/VIC/racingcom_full_payloads/getRaceForm_83cba1e27b2f578500.json,TripleS,true,true,RACINGCOM_SPEED_SEMANTICS_V1_1,FULL_RACE,1600,0,1600,,true,100.49,SUPPLIED_SPLIT_SUM_RECONCILES_TO_RUNNER_RACE_TIME
2026-05-30|CAULFIELD|R05,2026-05-30,Caulfield,5,2026-05-30|CAULFIELD|R05|RUNNER:15635454,15635454,4,Lady Jones,S.V.Brown,P.M.Moloney,2,5,5th,0,100.71,0.92,92,5.56,1605.0,-9,37.36,13.14,8,8,15.65,16.58,15.9,17.05,400m,15.94,10.96,Crossed from barrier nine to share the lead and stick on without threatening at latest. Just outside the placings at previous two.,RACING.COM,https://www.racing.com/form/2026-05-30/caulfield/race/5/speed-data,outputs/sectionals/raw/VIC/racingcom_full_payloads/getRaceForm_83cba1e27b2f578500.json,TripleS,true,true,RACINGCOM_SPEED_SEMANTICS_V1_1,FULL_RACE,1600,0,1600,,true,100.71,SUPPLIED_SPLIT_SUM_RECONCILES_TO_RUNNER_RACE_TIME
2026-05-30|CAULFIELD|R05,2026-05-30,Caulfield,5,2026-05-30|CAULFIELD|R05|RUNNER:15635059,15635059,3,Oh Too Good,K.Daffy,L.K.Cartwright,5,6,6th,0,100.77,0.98,98,5.86,1609.0,-5,37.38,13.28,8,8,15.65,16.65,15.94,17.73,400m,15.97,13.81,Hardy mare who has loomed up from just off the pace and found one better at past two. Should be competitive again.,RACING.COM,https://www.racing.com/form/2026-05-30/caulfield/race/5/speed-data,outputs/sectionals/raw/VIC/racingcom_full_payloads/getRaceForm_83cba1e27b2f578500.json,TripleS,true,true,RACINGCOM_SPEED_SEMANTICS_V1_1,FULL_RACE,1600,0,1600,,true,100.77,SUPPLIED_SPLIT_SUM_RECONCILES_TO_RUNNER_RACE_TIME
2026-05-30|CAULFIELD|R05,2026-05-30,Caulfield,5,2026-05-30|CAULFIELD|R05|RUNNER:15632489,15632489,8,See That Storm (IRE),Mick Price & Michael Kent (Jnr),C.Williams,7,7,7th,0,101.51,1.72,172,10.61,1615.0,+1,38.2,13.59,8,8,15.77,16.55,16.2,17.27,400m,15.91,13.3,English import. Won over this trip on a synthetic track on debut. Other four wins were over 2000m. Won a 14/5 trial.,RACING.COM,https://www.racing.com/form/2026-05-30/caulfield/race/5/speed-data,outputs/sectionals/raw/VIC/racingcom_full_payloads/getRaceForm_83cba1e27b2f578500.json,TripleS,true,true,RACINGCOM_SPEED_SEMANTICS_V1_1,FULL_RACE,1600,0,1600,,true,101.51,SUPPLIED_SPLIT_SUM_RECONCILES_TO_RUNNER_RACE_TIME
2026-05-30|CAULFIELD|R06,2026-05-30,Caulfield,6,2026-05-30|CAULFIELD|R06|RUNNER:15637383,15637383,11,Simurgh (IRE),"Ben, Will & JD Hayes",C.Williams,3,1,1st,0,127.59,0,0,0.0,2022.0,,36.03,12.17,10,10,15.15,16.97,17.22,17.58,1400m,15.85,18.86,Import who followed an encouraging local debut by relishing the rise to this trip. Include in the better chances.,RACING.COM,https://www.racing.com/form/2026-05-30/caulfield/race/6/speed-data,outputs/sectionals/raw/VIC/racingcom_full_payloads/getRaceForm_9c572b617ab84983a2.json,TripleS,true,true,RACINGCOM_SPEED_SEMANTICS_V1_1,FULL_RACE,2000,0,2000,,true,127.59,SUPPLIED_SPLIT_SUM_RECONCILES_TO_RUNNER_RACE_TIME
2026-05-30|CAULFIELD|R06,2026-05-30,Caulfield,6,2026-05-30|CAULFIELD|R06|RUNNER:15622549,15622549,9,Skippers Canyon (NZ),P.J.Stokes,H.T.Coffey,2,2,2nd,0,127.65,0.06,6,0.35,2022.0,,35.84,12.13,10,10,14.99,17.61,17.57,18.17,1400m,15.84,22.35,Backmarker who has closed off well in all three this time in. Rise in trip should suit. Give another chance.,RACING.COM,https://www.racing.com/form/2026-05-30/caulfield/race/6/speed-data,outputs/sectionals/raw/VIC/racingcom_full_payloads/getRaceForm_9c572b617ab84983a2.json,TripleS,true,true,RACINGCOM_SPEED_SEMANTICS_V1_1,FULL_RACE,2000,0,2000,,true,127.65,SUPPLIED_SPLIT_SUM_RECONCILES_TO_RUNNER_RACE_TIME
2026-05-30|CAULFIELD|R06,2026-05-30,Caulfield,6,2026-05-30|CAULFIELD|R06|RUNNER:15637821,15637821,8,Oceana Dream (NZ),Peter G Moody & Katherine Coleman,L.Meech,6,3,3rd,0,127.71,0.12,12,0.7,2025.0,+3,36.36,12.48,10,10,15.2,17.04,17.25,18.12,1400m,15.86,19.25,Kiwi who was a narrow winner at local debut. Battled on after racing on speed latest. Rise in trip should help. Consider.,RACING.COM,https://www.racing.com/form/2026-05-30/caulfield/race/6/speed-data,outputs/sectionals/raw/VIC/racingcom_full_payloads/getRaceForm_9c572b617ab84983a2.json,TripleS,true,true,RACINGCOM_SPEED_SEMANTICS_V1_1,FULL_RACE,2000,0,2000,,true,127.71,SUPPLIED_SPLIT_SUM_RECONCILES_TO_RUNNER_RACE_TIME
2026-05-30|CAULFIELD|R06,2026-05-30,Caulfield,6,2026-05-30|CAULFIELD|R06|RUNNER:15633820,15633820,1,Go Daddy (IRE),C.Maher,J.A.Johnstone,13,4,4th,0,127.72,0.13,13,0.76,2022.0,,35.85,12.3,10,10,14.9,17.26,17.27,18.07,1400m,15.83,14.58,Settled midfield and finished off okay at first run for eight weeks. Fitter and has room to improve. Each-way claims.,RACING.COM,https://www.racing.com/form/2026-05-30/caulfield/race/6/speed-data,outputs/sectionals/raw/VIC/racingcom_full_payloads/getRaceForm_9c572b617ab84983a2.json,TripleS,true,true,RACINGCOM_SPEED_SEMANTICS_V1_1,FULL_RACE,2000,0,2000,,true,127.72,SUPPLIED_SPLIT_SUM_RECONCILES_TO_RUNNER_RACE_TIME
2026-05-30|CAULFIELD|R06,2026-05-30,Caulfield,6,2026-05-30|CAULFIELD|R06|RUNNER:15635519,15635519,5,Makdane,M.C.Kent,M.G.Bourke,10,5,5th,0,127.91,0.32,32,2.01,2018.0,-4,36.62,12.54,10,10,15.22,16.75,16.7,17.53,1600m,15.78,14.8,"Relished a light weight (54kg) fresh, chasing solidly to score. Won four of past eight. Include in the chances again.",RACING.COM,https://www.racing.com/form/2026-05-30/caulfield/race/6/speed-data,outputs/sectionals/raw/VIC/racingcom_full_payloads/getRaceForm_9c572b617ab84983a2.json,TripleS,true,true,RACINGCOM_SPEED_SEMANTICS_V1_1,FULL_RACE,2000,0,2000,,true,127.91,SUPPLIED_SPLIT_SUM_RECONCILES_TO_RUNNER_RACE_TIME
2026-05-30|CAULFIELD|R06,2026-05-30,Caulfield,6,2026-05-30|CAULFIELD|R06|RUNNER:15633830,15633830,13,Bold Strike,C.Maher,L.K.Cartwright,11,6,6th,0,128.04,0.45,45,2.76,2024.0,+2,36.42,12.6,10,10,15.1,17.19,17.22,17.97,1400m,15.81,20.29,Won successive races before settling back from barrier 11 and closing okay. Drops in weight and can play a role.,RACING.COM,https://www.racing.com/form/2026-05-30/caulfield/race/6/speed-data,outputs/sectionals/raw/VIC/racingcom_full_payloads/getRaceForm_9c572b617ab84983a2.json,TripleS,true,true,RACINGCOM_SPEED_SEMANTICS_V1_1,FULL_RACE,2000,0,2000,,true,128.04,SUPPLIED_SPLIT_SUM_RECONCILES_TO_RUNNER_RACE_TIME
2026-05-30|CAULFIELD|R06,2026-05-30,Caulfield,6,2026-05-30|CAULFIELD|R06|RUNNER:15635691,15635691,6,Aberfeldie Boy,T.Dabernig,D.Bates,4,7,7th,0,128.43,0.84,84,5.26,2016.0,-6,36.76,12.56,10,10,15.09,17.11,16.74,17.45,1400m,15.7,15.03,Backmarker who finished off okay at first run for the stable. Only win was in April 2023. Fitter but likely to need this too.,RACING.COM,https://www.racing.com/form/2026-05-30/caulfield/race/6/speed-data,outputs/sectionals/raw/VIC/racingcom_full_payloads/getRaceForm_9c572b617ab84983a2.json,TripleS,true,true,RACINGCOM_SPEED_SEMANTICS_V1_1,FULL_RACE,2000,0,2000,,true,128.43,SUPPLIED_SPLIT_SUM_RECONCILES_TO_RUNNER_RACE_TIME
2026-05-30|CAULFIELD|R06,2026-05-30,Caulfield,6,2026-05-30|CAULFIELD|R06|RUNNER:15638523,15638523,7,Sly Boots,Gai Waterhouse & Adrian Bott,J.B.Stanley,5,8,8th,0,128.65,1.06,106,6.51,2016.0,-6,37.35,13.2,10,10,15.18,17.13,16.55,17.57,1400m,15.67,11.74,Up in trip after finishing just outside the placings in both runs this time in. Has won third up. Can race on speed and contend.,RACING.COM,https://www.racing.com/form/2026-05-30/caulfield/race/6/speed-data,outputs/sectionals/raw/VIC/racingcom_full_payloads/getRaceForm_9c572b617ab84983a2.json,TripleS,true,true,RACINGCOM_SPEED_SEMANTICS_V1_1,FULL_RACE,2000,0,2000,,true,128.65,SUPPLIED_SPLIT_SUM_RECONCILES_TO_RUNNER_RACE_TIME
2026-05-30|CAULFIELD|R06,2026-05-30,Caulfield,6,2026-05-30|CAULFIELD|R06|RUNNER:15638496,15638496,2,Howlin' Rain,C.M.Alderson,L.J.Bates,1,9,9th,0,128.66,1.07,107,6.66,2014.0,-8,37.32,12.99,10,10,15.15,17.19,16.47,17.43,1400m,15.65,10.58,"Settled just off the leader second up, hanging on for a gutsy second. Led/bolted in third up last time in. Consider.",RACING.COM,https://www.racing.com/form/2026-05-30/caulfield/race/6/speed-data,outputs/sectionals/raw/VIC/racingcom_full_payloads/getRaceForm_9c572b617ab84983a2.json,TripleS,true,true,RACINGCOM_SPEED_SEMANTICS_V1_1,FULL_RACE,2000,0,2000,,true,128.66,SUPPLIED_SPLIT_SUM_RECONCILES_TO_RUNNER_RACE_TIME
2026-05-30|CAULFIELD|R07,2026-05-30,Caulfield,7,2026-05-30|CAULFIELD|R07|RUNNER:15622563,15622563,11,Choir Point,M.Laurie,D.Keane,1,1,1st,0,65.75,0,0,0.0,1118.0,,36.15,12.73,6,6,15.67,19.2,17.52,19.87,100m,17.0,19.42,Jumped Ok Restrained from gate 1. Settled Down last and Quickly gets Wide 6l Went Forward 600 widest 4l joined in widest Turn no weight hit front Kept Going Soundly to score well # great ride,RACING.COM,https://www.racing.com/form/2026-05-30/caulfield/race/7/speed-data,outputs/sectionals/raw/VIC/racingcom_full_payloads/getRaceForm_07aa3a15570397e606.json,TripleS,true,true,RACINGCOM_SPEED_SEMANTICS_V1_1,FULL_RACE,1100,0,1100,,true,65.75,SUPPLIED_SPLIT_SUM_RECONCILES_TO_RUNNER_RACE_TIME
2026-05-30|CAULFIELD|R07,2026-05-30,Caulfield,7,2026-05-30|CAULFIELD|R07|RUNNER:15633835,15633835,6,High On The Hill,C.Maher,J.A.Johnstone,6,2,2nd,0,65.84,0.09,9,0.5,1115.0,-3,36.24,12.42,6,6,15.87,18.18,17.04,19.51,100m,16.93,15.25,Jumped Ok Settled Down Mid Field 4l Straightened Up Middle Of Track 2 Lengths winner wider Best Going Kept Going Soundly but No Match for light weight wider # solid,RACING.COM,https://www.racing.com/form/2026-05-30/caulfield/race/7/speed-data,outputs/sectionals/raw/VIC/racingcom_full_payloads/getRaceForm_07aa3a15570397e606.json,TripleS,true,true,RACINGCOM_SPEED_SEMANTICS_V1_1,FULL_RACE,1100,0,1100,,true,65.84,SUPPLIED_SPLIT_SUM_RECONCILES_TO_RUNNER_RACE_TIME
2026-05-30|CAULFIELD|R07,2026-05-30,Caulfield,7,2026-05-30|CAULFIELD|R07|RUNNER:15636587,15636587,8,Cabriole,Anthony & Sam Freedman,T.Stockdale,11,3,3rd,0,66.05,0.3,30,1.75,1118.0,,36.73,12.79,6,6,16.12,18.64,17.11,19.42,100m,16.93,18.96,Jumped Ok Went Forward widest =lead keen pace was not slow. Middle Of Track Under Pressure Turn winner gets by Quickly No Match but he stuck on well. quinella had quieter rides # =lead/solid,RACING.COM,https://www.racing.com/form/2026-05-30/caulfield/race/7/speed-data,outputs/sectionals/raw/VIC/racingcom_full_payloads/getRaceForm_07aa3a15570397e606.json,TripleS,true,true,RACINGCOM_SPEED_SEMANTICS_V1_1,FULL_RACE,1100,0,1100,,true,66.05,SUPPLIED_SPLIT_SUM_RECONCILES_TO_RUNNER_RACE_TIME
2026-05-30|CAULFIELD|R07,2026-05-30,Caulfield,7,2026-05-30|CAULFIELD|R07|RUNNER:15627890,15627890,12,Dragon Scroll,C.Douglas,B.Mertens,8,4,4th,0,66.18,0.43,43,2.5,1115.0,-3,36.79,12.91,6,6,16.1,18.67,16.97,19.18,100m,16.85,13.97,Jumped Ok Went Forward =lead well off fence Under Pressure Turn still handy Middle Of Track No Match but held on ok # =lead/sound,RACING.COM,https://www.racing.com/form/2026-05-30/caulfield/race/7/speed-data,outputs/sectionals/raw/VIC/racingcom_full_payloads/getRaceForm_07aa3a15570397e606.json,TripleS,true,true,RACINGCOM_SPEED_SEMANTICS_V1_1,FULL_RACE,1100,0,1100,,true,66.18,SUPPLIED_SPLIT_SUM_RECONCILES_TO_RUNNER_RACE_TIME
2026-05-30|CAULFIELD|R07,2026-05-30,Caulfield,7,2026-05-30|CAULFIELD|R07|RUNNER:15637881,15637881,10,Wintery,A.J.Purcell,T.Madden,5,5,5th,0,66.22,0.47,47,2.7,1107.0,-11,36.59,12.91,6,6,16.05,17.8,16.25,19.41,100m,16.72,10.23,Jumped Ok Settled Down close up Inside Leaders 1 length Straightened Up =lead Headed 100 by quinella No Match but held on well # sound effort,RACING.COM,https://www.racing.com/form/2026-05-30/caulfield/race/7/speed-data,outputs/sectionals/raw/VIC/racingcom_full_payloads/getRaceForm_07aa3a15570397e606.json,TripleS,true,true,RACINGCOM_SPEED_SEMANTICS_V1_1,FULL_RACE,1100,0,1100,,true,66.22,SUPPLIED_SPLIT_SUM_RECONCILES_TO_RUNNER_RACE_TIME
2026-05-30|CAULFIELD|R07,2026-05-30,Caulfield,7,2026-05-30|CAULFIELD|R07|RUNNER:15632920,15632920,4,Tres Magnifique,Trent Busuttin & Natalie Young,C.Williams,2,6,6th,0,66.27,0.52,52,3.0,1117.0,-1,36.67,12.84,6,6,15.76,18.93,17.15,19.59,100m,16.86,18.16,jumped awkwardly edged wider Off Mid-Field 5l keen Mid Field 3l 600 keen Inside winner Turn bumped winner raced by Kept Going Soundly with weight in Straight winner 52.5kg # sound with weight,RACING.COM,https://www.racing.com/form/2026-05-30/caulfield/race/7/speed-data,outputs/sectionals/raw/VIC/racingcom_full_payloads/getRaceForm_07aa3a15570397e606.json,TripleS,true,true,RACINGCOM_SPEED_SEMANTICS_V1_1,FULL_RACE,1100,0,1100,,true,66.27,SUPPLIED_SPLIT_SUM_RECONCILES_TO_RUNNER_RACE_TIME
2026-05-30|CAULFIELD|R07,2026-05-30,Caulfield,7,2026-05-30|CAULFIELD|R07|RUNNER:15633745,15633745,5,Cannyworth,G.C.Thompson,D.Bates,3,7,7th,0,66.67,0.92,92,5.75,1105.0,-13,36.94,13.32,6,6,15.86,18.01,15.86,18.81,100m,16.57,10.38,Jumped Ok Settled Down Mid Field Inside Worst Going 4l moved Through Inside Turn Worst Going winner drew 1 No Match in Straight # forget,RACING.COM,https://www.racing.com/form/2026-05-30/caulfield/race/7/speed-data,outputs/sectionals/raw/VIC/racingcom_full_payloads/getRaceForm_07aa3a15570397e606.json,TripleS,true,true,RACINGCOM_SPEED_SEMANTICS_V1_1,FULL_RACE,1100,0,1100,,true,66.67,SUPPLIED_SPLIT_SUM_RECONCILES_TO_RUNNER_RACE_TIME
2026-05-30|CAULFIELD|R07,2026-05-30,Caulfield,7,2026-05-30|CAULFIELD|R07|RUNNER:15624933,15624933,9,Purple Streak,Leon & Troy Corstens & Will Larkin,J.B.Stanley,7,8,8th,0,66.71,0.96,96,5.95,1112.0,-6,37.24,13.31,6,6,16.01,18.1,16.8,19.28,100m,16.67,13.5,Bit Slow Out Settled Down just off pace No Cover 1 length Straightened Up Under Whip 2 Lengths Middle Of Track laboured home # plain,RACING.COM,https://www.racing.com/form/2026-05-30/caulfield/race/7/speed-data,outputs/sectionals/raw/VIC/racingcom_full_payloads/getRaceForm_07aa3a15570397e606.json,TripleS,true,true,RACINGCOM_SPEED_SEMANTICS_V1_1,FULL_RACE,1100,0,1100,,true,66.71,SUPPLIED_SPLIT_SUM_RECONCILES_TO_RUNNER_RACE_TIME
2026-05-30|CAULFIELD|R07,2026-05-30,Caulfield,7,2026-05-30|CAULFIELD|R07|RUNNER:15634124,15634124,7,Bred 'Em All,Richard & Chantelle Jolly,Z.Spain,4,9,9th,0,66.9,1.15,115,7.2,1112.0,-6,37.19,13.28,6,6,15.93,18.07,16.62,18.9,100m,16.62,11.2,Slow Out 1 length Settled Down Mid Field 3-4l stayed closer to Inside No Cover Straightened Up struggling 3l laboured Not Knocked About 100 # Inconclusive,RACING.COM,https://www.racing.com/form/2026-05-30/caulfield/race/7/speed-data,outputs/sectionals/raw/VIC/racingcom_full_payloads/getRaceForm_07aa3a15570397e606.json,TripleS,true,true,RACINGCOM_SPEED_SEMANTICS_V1_1,FULL_RACE,1100,0,1100,,true,66.9,SUPPLIED_SPLIT_SUM_RECONCILES_TO_RUNNER_RACE_TIME
2026-05-30|CAULFIELD|R07,2026-05-30,Caulfield,7,2026-05-30|CAULFIELD|R07|RUNNER:15634546,15634546,1,La Astro Chat,Pat Carey & Harris Walker,L.J.Bates,10,10,10th,0,68.67,2.92,292,17.2,1116.0,-2,39.28,14.58,6,6,16.1,17.91,16.36,19.48,100m,16.25,16.25,Jumped Ok Settled Down =lead 2nd widest keen Beaten 500 # amiss?,RACING.COM,https://www.racing.com/form/2026-05-30/caulfield/race/7/speed-data,outputs/sectionals/raw/VIC/racingcom_full_payloads/getRaceForm_07aa3a15570397e606.json,TripleS,true,true,RACINGCOM_SPEED_SEMANTICS_V1_1,FULL_RACE,1100,0,1100,,true,68.67,SUPPLIED_SPLIT_SUM_RECONCILES_TO_RUNNER_RACE_TIME
2026-05-30|CAULFIELD|R08,2026-05-30,Caulfield,8,2026-05-30|CAULFIELD|R08|RUNNER:15634463,15634463,13,Hearcomesthestar,J.F.Moloney,B.Mertens,14,1,1st,0,65.54,0,0,0.0,1123.0,,35.01,11.76,6,6,15.25,18.43,17.99,19.0,100m,17.13,23.92,Similar margin from the winner when placed in both runs this time in. Meets a similar field. Consider for trifectas.,RACING.COM,https://www.racing.com/form/2026-05-30/caulfield/race/8/speed-data,outputs/sectionals/raw/VIC/racingcom_full_payloads/getRaceForm_7987feba53e359d5bc.json,TripleS,true,true,RACINGCOM_SPEED_SEMANTICS_V1_1,FULL_RACE,1100,0,1100,,true,65.54,SUPPLIED_SPLIT_SUM_RECONCILES_TO_RUNNER_RACE_TIME
2026-05-30|CAULFIELD|R08,2026-05-30,Caulfield,8,2026-05-30|CAULFIELD|R08|RUNNER:15632490,15632490,12,Bustling,Mick Price & Michael Kent (Jnr),C.Williams,10,2,2nd,0,65.78,0.24,24,1.5,1125.0,+2,35.73,12.15,6,6,15.61,18.47,17.88,19.09,100m,17.1,23.87,Impressive return carrying 62kg at first run for 86 weeks. Big drop in weight. Won four of first five. Consider.,RACING.COM,https://www.racing.com/form/2026-05-30/caulfield/race/8/speed-data,outputs/sectionals/raw/VIC/racingcom_full_payloads/getRaceForm_7987feba53e359d5bc.json,TripleS,true,true,RACINGCOM_SPEED_SEMANTICS_V1_1,FULL_RACE,1100,0,1100,,true,65.78,SUPPLIED_SPLIT_SUM_RECONCILES_TO_RUNNER_RACE_TIME
2026-05-30|CAULFIELD|R08,2026-05-30,Caulfield,8,2026-05-30|CAULFIELD|R08|RUNNER:15637386,15637386,6,Coeur Volante (NZ),"Ben, Will & JD Hayes",J.G.Radley,8,3,3rd,0,65.89,0.35,35,2.25,1126.0,+3,35.64,11.92,6,6,15.5,18.33,17.81,19.14,100m,17.09,25.25,Resuming. Battled both runs in spring. Unplaced in all seven since winning a mares Group 3 in February 2025.,RACING.COM,https://www.racing.com/form/2026-05-30/caulfield/race/8/speed-data,outputs/sectionals/raw/VIC/racingcom_full_payloads/getRaceForm_7987feba53e359d5bc.json,TripleS,true,true,RACINGCOM_SPEED_SEMANTICS_V1_1,FULL_RACE,1100,0,1100,,true,65.89,SUPPLIED_SPLIT_SUM_RECONCILES_TO_RUNNER_RACE_TIME
2026-05-30|CAULFIELD|R08,2026-05-30,Caulfield,8,2026-05-30|CAULFIELD|R08|RUNNER:15536139,15536139,3,Recommendation,C.Maher,T.Stockdale,6,4,4th,0,66.04,0.5,50,3.0,1122.0,-1,36.35,12.59,6,6,15.97,18.37,17.46,19.47,100m,16.99,21.63,Freshened since covering ground and finishing a length away second up. Caught wide fresh as well. Can play a role.,RACING.COM,https://www.racing.com/form/2026-05-30/caulfield/race/8/speed-data,outputs/sectionals/raw/VIC/racingcom_full_payloads/getRaceForm_7987feba53e359d5bc.json,TripleS,true,true,RACINGCOM_SPEED_SEMANTICS_V1_1,FULL_RACE,1100,0,1100,,true,66.04,SUPPLIED_SPLIT_SUM_RECONCILES_TO_RUNNER_RACE_TIME
2026-05-30|CAULFIELD|R08,2026-05-30,Caulfield,8,2026-05-30|CAULFIELD|R08|RUNNER:15633881,15633881,14,Bazaball Rewarded,K.L.Southey,T.M.Nugent,5,5,5th,0,66.15,0.61,61,3.75,1120.0,-3,36.59,12.73,6,6,15.96,18.66,17.41,19.63,100m,16.93,17.77,On-pacer who stepped up in grade and came from the outside gate to win fresh. Won six of past seven. Rates highly.,RACING.COM,https://www.racing.com/form/2026-05-30/caulfield/race/8/speed-data,outputs/sectionals/raw/VIC/racingcom_full_payloads/getRaceForm_7987feba53e359d5bc.json,TripleS,true,true,RACINGCOM_SPEED_SEMANTICS_V1_1,FULL_RACE,1100,0,1100,,true,66.15,SUPPLIED_SPLIT_SUM_RECONCILES_TO_RUNNER_RACE_TIME
2026-05-30|CAULFIELD|R08,2026-05-30,Caulfield,8,2026-05-30|CAULFIELD|R08|RUNNER:15634853,15634853,11,Gin A Tonic,S.B.Laming,L.J.Bates,1,6,6th,0,66.46,0.92,92,5.5,1122.0,-1,36.97,13.05,6,6,16.08,18.53,17.16,19.06,100m,16.88,21.64,Resuming. Shared the lead and found plenty to score first up last prep. Won next two as well. Can settle forward and contend.,RACING.COM,https://www.racing.com/form/2026-05-30/caulfield/race/8/speed-data,outputs/sectionals/raw/VIC/racingcom_full_payloads/getRaceForm_7987feba53e359d5bc.json,TripleS,true,true,RACINGCOM_SPEED_SEMANTICS_V1_1,FULL_RACE,1100,0,1100,,true,66.46,SUPPLIED_SPLIT_SUM_RECONCILES_TO_RUNNER_RACE_TIME
2026-05-30|CAULFIELD|R08,2026-05-30,Caulfield,8,2026-05-30|CAULFIELD|R08|RUNNER:15637384,15637384,9,Pisanello,"Ben, Will & JD Hayes",H.T.Coffey,4,7,7th,0,66.53,0.99,99,5.85,1122.0,-1,36.57,12.68,6,6,15.58,18.76,17.48,19.59,100m,16.86,22.14,Backmarker who beat one home after drawing gate one down the Flemington straight. Fair in Adelaide at previous two.,RACING.COM,https://www.racing.com/form/2026-05-30/caulfield/race/8/speed-data,outputs/sectionals/raw/VIC/racingcom_full_payloads/getRaceForm_7987feba53e359d5bc.json,TripleS,true,true,RACINGCOM_SPEED_SEMANTICS_V1_1,FULL_RACE,1100,0,1100,,true,66.53,SUPPLIED_SPLIT_SUM_RECONCILES_TO_RUNNER_RACE_TIME
2026-05-30|CAULFIELD|R08,2026-05-30,Caulfield,8,2026-05-30|CAULFIELD|R08|RUNNER:15628084,15628084,7,Marble Nine,Leon & Troy Corstens & Will Larkin,J.B.Stanley,7,8,8th,0,66.55,1.01,101,5.95,1125.0,+2,36.98,13.05,6,6,15.95,18.66,17.15,18.98,100m,16.9,24.62,"Taking time to find form this time in, though little has gone right. Can race on speed and improve.",RACING.COM,https://www.racing.com/form/2026-05-30/caulfield/race/8/speed-data,outputs/sectionals/raw/VIC/racingcom_full_payloads/getRaceForm_7987feba53e359d5bc.json,TripleS,true,true,RACINGCOM_SPEED_SEMANTICS_V1_1,FULL_RACE,1100,0,1100,,true,66.55,SUPPLIED_SPLIT_SUM_RECONCILES_TO_RUNNER_RACE_TIME
2026-05-30|CAULFIELD|R08,2026-05-30,Caulfield,8,2026-05-30|CAULFIELD|R08|RUNNER:15632325,15632325,5,Title Fighter,C.Douglas,J.Mott,11,9,9th,0,66.68,1.14,114,6.7,1118.0,-5,36.36,12.79,6,6,15.35,18.57,17.41,18.84,100m,16.77,18.07,Backmarker who couldn't get close third up. No luck fresh. Okay at the 'Bool two back. Likely to be running on.,RACING.COM,https://www.racing.com/form/2026-05-30/caulfield/race/8/speed-data,outputs/sectionals/raw/VIC/racingcom_full_payloads/getRaceForm_7987feba53e359d5bc.json,TripleS,true,true,RACINGCOM_SPEED_SEMANTICS_V1_1,FULL_RACE,1100,0,1100,,true,66.68,SUPPLIED_SPLIT_SUM_RECONCILES_TO_RUNNER_RACE_TIME
2026-05-30|CAULFIELD|R08,2026-05-30,Caulfield,8,2026-05-30|CAULFIELD|R08|RUNNER:15633680,15633680,4,Corniche,S.W.Mathrick,Z.Spain,13,10,10th,0,66.71,1.17,117,6.9,1123.0,,36.39,12.51,6,6,15.4,18.5,17.39,18.92,100m,16.83,22.22,Slow away and never in it in the Wangoom. Found trouble in the straight at previous. Got up on the line three back.,RACING.COM,https://www.racing.com/form/2026-05-30/caulfield/race/8/speed-data,outputs/sectionals/raw/VIC/racingcom_full_payloads/getRaceForm_7987feba53e359d5bc.json,TripleS,true,true,RACINGCOM_SPEED_SEMANTICS_V1_1,FULL_RACE,1100,0,1100,,true,66.71,SUPPLIED_SPLIT_SUM_RECONCILES_TO_RUNNER_RACE_TIME
2026-05-30|CAULFIELD|R08,2026-05-30,Caulfield,8,2026-05-30|CAULFIELD|R08|RUNNER:15634901,15634901,8,Taunting,A.Noblet,D.Bates,12,11,11th,0,67.14,1.6,160,9.15,1123.0,,37.32,13.22,6,6,15.76,18.58,17.1,18.94,100m,16.73,21.76,Recent addition to the stable who settled back/wide and faded late fresh. Best runs have been on the speed. Improver?,RACING.COM,https://www.racing.com/form/2026-05-30/caulfield/race/8/speed-data,outputs/sectionals/raw/VIC/racingcom_full_payloads/getRaceForm_7987feba53e359d5bc.json,TripleS,true,true,RACINGCOM_SPEED_SEMANTICS_V1_1,FULL_RACE,1100,0,1100,,true,67.14,SUPPLIED_SPLIT_SUM_RECONCILES_TO_RUNNER_RACE_TIME
2026-05-30|CAULFIELD|R09,2026-05-30,Caulfield,9,2026-05-30|CAULFIELD|R09|RUNNER:15635701,15635701,16,Hezdarnhottoo (NZ),B.Baker,J.B.Stanley,5,1,1st,0,73.39,0,0,0.0,1201.0,,37.16,13.33,6,6,16.01,17.48,15.71,18.55,400m,16.36,1.65,"Badly held up last start and should have been prominent at the finish. Finding it hard to win, but has room to improve.",RACING.COM,https://www.racing.com/form/2026-05-30/caulfield/race/9/speed-data,outputs/sectionals/raw/VIC/racingcom_full_payloads/getRaceForm_bea0fbe9f6d6d11837.json,TripleS,true,true,RACINGCOM_SPEED_SEMANTICS_V1_1,FULL_RACE,1200,0,1200,,true,73.39,SUPPLIED_SPLIT_SUM_RECONCILES_TO_RUNNER_RACE_TIME
2026-05-30|CAULFIELD|R09,2026-05-30,Caulfield,9,2026-05-30|CAULFIELD|R09|RUNNER:15633824,15633824,15,Piastri,C.Maher,C.Williams,6,2,2nd,0,73.67,0.28,28,1.75,1218.0,+17,36.99,12.88,6,6,15.61,18.09,16.88,18.3,600m,16.53,16.38,"Settled midfield, holding ground without threatening, at first run for six weeks. Showed promise back in 2024. Four runs since.",RACING.COM,https://www.racing.com/form/2026-05-30/caulfield/race/9/speed-data,outputs/sectionals/raw/VIC/racingcom_full_payloads/getRaceForm_bea0fbe9f6d6d11837.json,TripleS,true,true,RACINGCOM_SPEED_SEMANTICS_V1_1,FULL_RACE,1200,0,1200,,true,73.67,SUPPLIED_SPLIT_SUM_RECONCILES_TO_RUNNER_RACE_TIME
2026-05-30|CAULFIELD|R09,2026-05-30,Caulfield,9,2026-05-30|CAULFIELD|R09|RUNNER:15637682,15637682,7,Elouyou,S.R.Cameron,H.T.Coffey,7,3,3rd,0,73.69,0.3,30,1.85,1218.0,+17,37.43,12.98,6,6,15.94,17.95,16.71,18.22,400m,16.53,18.67,Settled five lengths away fresh and ran on without threat. Led and won second up last prep.,RACING.COM,https://www.racing.com/form/2026-05-30/caulfield/race/9/speed-data,outputs/sectionals/raw/VIC/racingcom_full_payloads/getRaceForm_bea0fbe9f6d6d11837.json,TripleS,true,true,RACINGCOM_SPEED_SEMANTICS_V1_1,FULL_RACE,1200,0,1200,,true,73.69,SUPPLIED_SPLIT_SUM_RECONCILES_TO_RUNNER_RACE_TIME
2026-05-30|CAULFIELD|R09,2026-05-30,Caulfield,9,2026-05-30|CAULFIELD|R09|RUNNER:15633679,15633679,1,Celsius Star,S.W.Mathrick,E.K.Pozman,12,4,4th,0,73.74,0.35,35,2.15,1215.0,+14,37.55,13.12,6,6,16.03,17.57,16.61,18.76,400m,16.48,15.21,On-pacer who shared the lead and held on okay in race won comfortably by a swooper. Placed in BM78 here four back.,RACING.COM,https://www.racing.com/form/2026-05-30/caulfield/race/9/speed-data,outputs/sectionals/raw/VIC/racingcom_full_payloads/getRaceForm_bea0fbe9f6d6d11837.json,TripleS,true,true,RACINGCOM_SPEED_SEMANTICS_V1_1,FULL_RACE,1200,0,1200,,true,73.74,SUPPLIED_SPLIT_SUM_RECONCILES_TO_RUNNER_RACE_TIME
2026-05-30|CAULFIELD|R09,2026-05-30,Caulfield,9,2026-05-30|CAULFIELD|R09|RUNNER:15633028,15633028,12,Apache Song,M.P.Trotter,J.Beriman,16,5,5th,0,74.1,0.71,71,4.15,1223.0,+22,37.62,12.93,6,6,15.8,17.9,16.68,18.43,400m,16.5,23.97,Resuming. Faded from a wide draw in mares company first up last prep. Unplaced last six over past two preps. Can race on speed.,RACING.COM,https://www.racing.com/form/2026-05-30/caulfield/race/9/speed-data,outputs/sectionals/raw/VIC/racingcom_full_payloads/getRaceForm_bea0fbe9f6d6d11837.json,TripleS,true,true,RACINGCOM_SPEED_SEMANTICS_V1_1,FULL_RACE,1200,0,1200,,true,74.1,SUPPLIED_SPLIT_SUM_RECONCILES_TO_RUNNER_RACE_TIME
2026-05-30|CAULFIELD|R09,2026-05-30,Caulfield,9,2026-05-30|CAULFIELD|R09|RUNNER:15631239,15631239,5,Perspiration,J.L.Keys,J.A.Johnstone,9,6,6th,0,74.22,0.83,83,4.9,1222.0,+21,37.83,13.1,6,6,15.87,17.98,16.59,18.54,400m,16.46,21.99,Resuming. Mixed form with Ciaron Maher early in his career. Performed well in Tasmania last prep. Second to Feroce at only run here.,RACING.COM,https://www.racing.com/form/2026-05-30/caulfield/race/9/speed-data,outputs/sectionals/raw/VIC/racingcom_full_payloads/getRaceForm_bea0fbe9f6d6d11837.json,TripleS,true,true,RACINGCOM_SPEED_SEMANTICS_V1_1,FULL_RACE,1200,0,1200,,true,74.22,SUPPLIED_SPLIT_SUM_RECONCILES_TO_RUNNER_RACE_TIME
2026-05-30|CAULFIELD|R09,2026-05-30,Caulfield,9,2026-05-30|CAULFIELD|R09|RUNNER:15536137,15536137,8,Naval Academy,C.Maher,L.J.Bates,2,7,7th,0,74.35,0.96,96,5.65,1211.0,+10,37.93,13.68,6,6,15.9,17.46,16.67,18.64,400m,16.29,13.27,Resuming. Four lengths away as favourite first up last prep. Runner-up over 1000m at previous fresh run. Chance on best form.,RACING.COM,https://www.racing.com/form/2026-05-30/caulfield/race/9/speed-data,outputs/sectionals/raw/VIC/racingcom_full_payloads/getRaceForm_bea0fbe9f6d6d11837.json,TripleS,true,true,RACINGCOM_SPEED_SEMANTICS_V1_1,FULL_RACE,1200,0,1200,,true,74.35,SUPPLIED_SPLIT_SUM_RECONCILES_TO_RUNNER_RACE_TIME
2026-05-30|CAULFIELD|R09,2026-05-30,Caulfield,9,2026-05-30|CAULFIELD|R09|RUNNER:15637820,15637820,11,Supernima (NZ),Peter G Moody & Katherine Coleman,Z.Spain,10,8,8th,0,74.7,1.31,131,7.4,1220.0,+19,38.15,13.06,6,6,15.8,17.84,16.43,18.37,400m,16.33,18.99,"Went back fresh and no hope back there. Led in a narrow second-up win last prep, off a better fresh run.",RACING.COM,https://www.racing.com/form/2026-05-30/caulfield/race/9/speed-data,outputs/sectionals/raw/VIC/racingcom_full_payloads/getRaceForm_bea0fbe9f6d6d11837.json,TripleS,true,true,RACINGCOM_SPEED_SEMANTICS_V1_1,FULL_RACE,1200,0,1200,,true,74.7,SUPPLIED_SPLIT_SUM_RECONCILES_TO_RUNNER_RACE_TIME
2026-05-30|CAULFIELD|R09,2026-05-30,Caulfield,9,2026-05-30|CAULFIELD|R09|RUNNER:15637600,15637600,10,Fridge Monster,D.K.Binaisse,S.Clarke,15,9,9th,0,74.87,1.48,148,8.4,1219.0,+18,38.56,13.65,6,6,15.93,17.86,16.33,18.42,400m,16.28,21.98,"On-pacer resuming. Form improved as last campaign progressed, winning five of past seven, all at 1400m or further.",RACING.COM,https://www.racing.com/form/2026-05-30/caulfield/race/9/speed-data,outputs/sectionals/raw/VIC/racingcom_full_payloads/getRaceForm_bea0fbe9f6d6d11837.json,TripleS,true,true,RACINGCOM_SPEED_SEMANTICS_V1_1,FULL_RACE,1200,0,1200,,true,74.87,SUPPLIED_SPLIT_SUM_RECONCILES_TO_RUNNER_RACE_TIME
2026-05-30|CAULFIELD|R09,2026-05-30,Caulfield,9,2026-05-30|CAULFIELD|R09|RUNNER:15637216,15637216,9,Semillion,"Michael, John & Wayne Hawkes",J.McNeil,4,10,10th,0,75.05,1.66,166,9.15,1214.0,+13,38.78,14.15,6,6,16.0,17.56,16.27,18.75,400m,16.18,16.83,Resuming (15 weeks). Has battled for form in past three campaigns. Won a Rosehill trial 17/4. Needs some rain.,RACING.COM,https://www.racing.com/form/2026-05-30/caulfield/race/9/speed-data,outputs/sectionals/raw/VIC/racingcom_full_payloads/getRaceForm_bea0fbe9f6d6d11837.json,TripleS,true,true,RACINGCOM_SPEED_SEMANTICS_V1_1,FULL_RACE,1200,0,1200,,true,75.05,SUPPLIED_SPLIT_SUM_RECONCILES_TO_RUNNER_RACE_TIME
2026-05-30|PICKLEBET PARK WERRIBEE|R01,2026-05-30,Picklebet Park Werribee,1,2026-05-30|PICKLEBET PARK WERRIBEE|R01|RUNNER:15635817,15635817,9,Tales Of Time,C.W.McDonald,A.McCabe,1,1,1st,0,60.2,0,0,0.0,0.0,0,35.58,11.74,5,4,16.81,17.73,16.81,18.55,600m,16.81,0.0,"Resuming, Ran very well (protesting unsuccessfully) at debut in G3. Cran jumpout/Heath trial winner. Hard to go past.",RACING.COM,https://www.racing.com/form/2026-05-30/picklebet-park-werribee/race/1/speed-data,outputs/sectionals/raw/VIC/racingcom_full_payloads/getRaceForm_d6d920c7bf01727fe8.json,dailysectionals,true,true,RACINGCOM_SPEED_SEMANTICS_V1_1,PARTIAL_TIMING_WINDOW,800,0,800,,false,46.36,SUPPLIED_SPLIT_SUM_RECONCILES_TO_FIRST_AVAILABLE_SECTIONAL_MARKER
2026-05-30|PICKLEBET PARK WERRIBEE|R01,2026-05-30,Picklebet Park Werribee,1,2026-05-30|PICKLEBET PARK WERRIBEE|R01|RUNNER:15635670,15635670,1,Astern Fight,T.Dabernig,N.Farley,3,2,2nd,0,60.58,0.38,38,2.5,0.0,0,36.02,12.22,5,4,16.8,17.56,16.56,18.32,600m,16.71,0.0,Raced a bit keenly here at debut but was able to box on well. Must consider.,RACING.COM,https://www.racing.com/form/2026-05-30/picklebet-park-werribee/race/1/speed-data,outputs/sectionals/raw/VIC/racingcom_full_payloads/getRaceForm_d6d920c7bf01727fe8.json,dailysectionals,true,true,RACINGCOM_SPEED_SEMANTICS_V1_1,PARTIAL_TIMING_WINDOW,800,0,800,,false,46.94,SUPPLIED_SPLIT_SUM_RECONCILES_TO_FIRST_AVAILABLE_SECTIONAL_MARKER
2026-05-30|PICKLEBET PARK WERRIBEE|R01,2026-05-30,Picklebet Park Werribee,1,2026-05-30|PICKLEBET PARK WERRIBEE|R01|RUNNER:15638672,15638672,6,Charlotte's Web,V.L.Malady,M.T.Aitken,2,3,3rd,0,60.86,0.66,66,4.25,0.0,0,35.79,12.02,5,4,16.58,17.64,16.71,18.48,600m,16.63,0.0,Same sire as Point Barrow out of city winning daughter of stakes winner Armed For Action. Won latest Geelong jumpout.,RACING.COM,https://www.racing.com/form/2026-05-30/picklebet-park-werribee/race/1/speed-data,outputs/sectionals/raw/VIC/racingcom_full_payloads/getRaceForm_d6d920c7bf01727fe8.json,dailysectionals,true,true,RACINGCOM_SPEED_SEMANTICS_V1_1,PARTIAL_TIMING_WINDOW,800,0,800,,false,46.62,SUPPLIED_SPLIT_SUM_RECONCILES_TO_FIRST_AVAILABLE_SECTIONAL_MARKER
2026-05-30|PICKLEBET PARK WERRIBEE|R01,2026-05-30,Picklebet Park Werribee,1,2026-05-30|PICKLEBET PARK WERRIBEE|R01|RUNNER:15632871,15632871,4,Regal Vanguard,J.R.McArdle,S.K.Kennedy,7,4,4th,0,60.94,0.74,74,4.71,0.0,0,36.58,12.54,5,4,16.92,17.64,16.14,18.38,600m,16.61,0.0,"Resumes. Tired after showing pace at debut, not knocked about after finding trouble at the 300m. Won a Morn j'out.",RACING.COM,https://www.racing.com/form/2026-05-30/picklebet-park-werribee/race/1/speed-data,outputs/sectionals/raw/VIC/racingcom_full_payloads/getRaceForm_d6d920c7bf01727fe8.json,dailysectionals,true,true,RACINGCOM_SPEED_SEMANTICS_V1_1,PARTIAL_TIMING_WINDOW,800,0,800,,false,47.46,SUPPLIED_SPLIT_SUM_RECONCILES_TO_FIRST_AVAILABLE_SECTIONAL_MARKER
2026-05-30|PICKLEBET PARK WERRIBEE|R01,2026-05-30,Picklebet Park Werribee,1,2026-05-30|PICKLEBET PARK WERRIBEE|R01|RUNNER:15636579,15636579,8,Prolific Angel,Anthony & Sam Freedman,D.Thornton,4,5,5th,0,61,0.8,80,5.11,0.0,0,35.92,12.14,5,4,16.56,17.45,16.64,18.12,600m,16.59,0.0,"Same sire as Zambales, half to city winner Bold Response from Eight Carat family. Good Mornignton/Balnarring jumpouts.",RACING.COM,https://www.racing.com/form/2026-05-30/picklebet-park-werribee/race/1/speed-data,outputs/sectionals/raw/VIC/racingcom_full_payloads/getRaceForm_d6d920c7bf01727fe8.json,dailysectionals,true,true,RACINGCOM_SPEED_SEMANTICS_V1_1,PARTIAL_TIMING_WINDOW,800,0,800,,false,46.96,SUPPLIED_SPLIT_SUM_RECONCILES_TO_FIRST_AVAILABLE_SECTIONAL_MARKER
2026-05-30|PICKLEBET PARK WERRIBEE|R01,2026-05-30,Picklebet Park Werribee,1,2026-05-30|PICKLEBET PARK WERRIBEE|R01|RUNNER:15636746,15636746,2,Le Glacon,D.E.Coombes,J.B.Webb,5,6,6th,0,61.54,1.34,134,8.36,0.0,0,36.7,12.56,5,4,16.65,17.48,16.14,18.25,600m,16.44,0.0,Didn't have much room in the run home when resuming and should've finished closer. Can only be improved.,RACING.COM,https://www.racing.com/form/2026-05-30/picklebet-park-werribee/race/1/speed-data,outputs/sectionals/raw/VIC/racingcom_full_payloads/getRaceForm_d6d920c7bf01727fe8.json,dailysectionals,true,true,RACINGCOM_SPEED_SEMANTICS_V1_1,PARTIAL_TIMING_WINDOW,800,0,800,,false,47.66,SUPPLIED_SPLIT_SUM_RECONCILES_TO_FIRST_AVAILABLE_SECTIONAL_MARKER
2026-05-30|PICKLEBET PARK WERRIBEE|R01,2026-05-30,Picklebet Park Werribee,1,2026-05-30|PICKLEBET PARK WERRIBEE|R01|RUNNER:15635660,15635660,12,Velsheda,M.Laurie,N.Daniels,6,7,7th,0,63.18,2.98,298,18.36,0.0,0,38.78,14.06,5,4,16.82,17.56,14.93,18.52,600m,16.02,0.0,"Sent out fave at debut but had to do a bit of early work, fading from the 200m. Can only be improved.",RACING.COM,https://www.racing.com/form/2026-05-30/picklebet-park-werribee/race/1/speed-data,outputs/sectionals/raw/VIC/racingcom_full_payloads/getRaceForm_d6d920c7bf01727fe8.json,dailysectionals,true,true,RACINGCOM_SPEED_SEMANTICS_V1_1,PARTIAL_TIMING_WINDOW,800,0,800,,false,49.58,SUPPLIED_SPLIT_SUM_RECONCILES_TO_FIRST_AVAILABLE_SECTIONAL_MARKER
2026-05-30|PICKLEBET PARK WERRIBEE|R02,2026-05-30,Picklebet Park Werribee,2,2026-05-30|PICKLEBET PARK WERRIBEE|R02|RUNNER:15638389,15638389,1,Analytical,R.J.Goodwin,D.Thornton,6,1,1st,0,88.44,0,0,0.0,0.0,0,37.54,12.52,7,6,16.25,15.99,16.03,17.24,1000m,16.11,0.0,"Left in front by the 250m fresh for new stable at Kilmore, trying hard. Top chance to go one better.",RACING.COM,https://www.racing.com/form/2026-05-30/picklebet-park-werribee/race/2/speed-data,outputs/sectionals/raw/VIC/racingcom_full_payloads/getRaceForm_b31adc034787faa299.json,dailysectionals,true,true,RACINGCOM_SPEED_SEMANTICS_V1_1,PARTIAL_TIMING_WINDOW,1200,0,1200,,false,74.26,SUPPLIED_SPLIT_SUM_RECONCILES_TO_FIRST_AVAILABLE_SECTIONAL_MARKER
2026-05-30|PICKLEBET PARK WERRIBEE|R02,2026-05-30,Picklebet Park Werribee,2,2026-05-30|PICKLEBET PARK WERRIBEE|R02|RUNNER:15633839,15633839,8,Always Free,C.Maher,E.J.Walsh,1,2,2nd,0,88.52,0.08,8,0.46,0.0,0,37.74,12.3,7,6,16.3,15.92,15.96,17.21,1000m,16.1,0.0,Same sire as Wodeton out of city winning dam of stakes placed Xerri. Third in latest jumpout at Burumbeet.,RACING.COM,https://www.racing.com/form/2026-05-30/picklebet-park-werribee/race/2/speed-data,outputs/sectionals/raw/VIC/racingcom_full_payloads/getRaceForm_b31adc034787faa299.json,dailysectionals,true,true,RACINGCOM_SPEED_SEMANTICS_V1_1,PARTIAL_TIMING_WINDOW,1200,0,1200,,false,74.68,SUPPLIED_SPLIT_SUM_RECONCILES_TO_FIRST_AVAILABLE_SECTIONAL_MARKER
2026-05-30|PICKLEBET PARK WERRIBEE|R02,2026-05-30,Picklebet Park Werribee,2,2026-05-30|PICKLEBET PARK WERRIBEE|R02|RUNNER:15635809,15635809,12,Pride Of Mandy,C.I.Brown,N.Farley,9,3,3rd,0,88.76,0.32,32,1.71,0.0,0,37.76,12.6,7,6,16.26,15.79,16.01,17.39,1000m,16.05,0.0,Resuming. Won latest jumpout at Mornington. Fave without much luck at debut. Kicks off over longer this time.,RACING.COM,https://www.racing.com/form/2026-05-30/picklebet-park-werribee/race/2/speed-data,outputs/sectionals/raw/VIC/racingcom_full_payloads/getRaceForm_b31adc034787faa299.json,dailysectionals,true,true,RACINGCOM_SPEED_SEMANTICS_V1_1,PARTIAL_TIMING_WINDOW,1200,0,1200,,false,74.76,SUPPLIED_SPLIT_SUM_RECONCILES_TO_FIRST_AVAILABLE_SECTIONAL_MARKER
2026-05-30|PICKLEBET PARK WERRIBEE|R02,2026-05-30,Picklebet Park Werribee,2,2026-05-30|PICKLEBET PARK WERRIBEE|R02|RUNNER:15638151,15638151,14,Downtherabbithole (NZ),B.McGrath,N.Punch,4,4,4th,0,88.86,0.42,42,2.21,0.0,0,37.7,12.54,7,6,16.13,15.89,16.04,17.04,1000m,16.04,0.0,"Looked to have every chance at Moe, tiring badly after racing keenly last time. Prefer others.",RACING.COM,https://www.racing.com/form/2026-05-30/picklebet-park-werribee/race/2/speed-data,outputs/sectionals/raw/VIC/racingcom_full_payloads/getRaceForm_b31adc034787faa299.json,dailysectionals,true,true,RACINGCOM_SPEED_SEMANTICS_V1_1,PARTIAL_TIMING_WINDOW,1200,0,1200,,false,74.6,SUPPLIED_SPLIT_SUM_RECONCILES_TO_FIRST_AVAILABLE_SECTIONAL_MARKER
2026-05-30|PICKLEBET PARK WERRIBEE|R02,2026-05-30,Picklebet Park Werribee,2,2026-05-30|PICKLEBET PARK WERRIBEE|R02|RUNNER:15634590,15634590,6,Royal Business,David & Coral Feek,J.C.Maskiell,12,5,5th,0,88.94,0.5,50,2.67,0.0,0,37.47,12.6,7,6,15.94,16.14,16.03,16.89,1000m,16.02,0.0,"No luck in a messy race at debut, even at the two runs since. Trifecta hope.",RACING.COM,https://www.racing.com/form/2026-05-30/picklebet-park-werribee/race/2/speed-data,outputs/sectionals/raw/VIC/racingcom_full_payloads/getRaceForm_b31adc034787faa299.json,dailysectionals,true,true,RACINGCOM_SPEED_SEMANTICS_V1_1,PARTIAL_TIMING_WINDOW,1200,0,1200,,false,74.54,SUPPLIED_SPLIT_SUM_RECONCILES_TO_FIRST_AVAILABLE_SECTIONAL_MARKER
2026-05-30|PICKLEBET PARK WERRIBEE|R02,2026-05-30,Picklebet Park Werribee,2,2026-05-30|PICKLEBET PARK WERRIBEE|R02|RUNNER:15624936,15624936,11,Honeyplotkin,Leon & Troy Corstens & Will Larkin,P.Gatt,3,6,6th,0,89.06,0.62,62,3.42,0.0,0,37.97,12.64,7,6,16.18,15.96,15.76,17.24,1000m,16.0,0.0,Fair way from the winner in a race dominated by the first two in running at debut. May need another run or two.,RACING.COM,https://www.racing.com/form/2026-05-30/picklebet-park-werribee/race/2/speed-data,outputs/sectionals/raw/VIC/racingcom_full_payloads/getRaceForm_b31adc034787faa299.json,dailysectionals,true,true,RACINGCOM_SPEED_SEMANTICS_V1_1,PARTIAL_TIMING_WINDOW,1200,0,1200,,false,74.98,SUPPLIED_SPLIT_SUM_RECONCILES_TO_FIRST_AVAILABLE_SECTIONAL_MARKER
2026-05-30|PICKLEBET PARK WERRIBEE|R02,2026-05-30,Picklebet Park Werribee,2,2026-05-30|PICKLEBET PARK WERRIBEE|R02|RUNNER:15635497,15635497,9,Cosmic Dynasty,Shane Nichols & Hayden Black,D.Yendall,5,7,7th,0,89.22,0.78,78,4.42,0.0,0,38.7,13.14,7,6,16.42,15.94,15.35,17.33,1000m,15.97,0.0,"Covered ground at debut last spring, getting back after finding early trouble in a small field when resuming.",RACING.COM,https://www.racing.com/form/2026-05-30/picklebet-park-werribee/race/2/speed-data,outputs/sectionals/raw/VIC/racingcom_full_payloads/getRaceForm_b31adc034787faa299.json,dailysectionals,true,true,RACINGCOM_SPEED_SEMANTICS_V1_1,PARTIAL_TIMING_WINDOW,1200,0,1200,,false,75.54,SUPPLIED_SPLIT_SUM_RECONCILES_TO_FIRST_AVAILABLE_SECTIONAL_MARKER
2026-05-30|PICKLEBET PARK WERRIBEE|R02,2026-05-30,Picklebet Park Werribee,2,2026-05-30|PICKLEBET PARK WERRIBEE|R02|RUNNER:15636327,15636327,3,Coral Jet,S.R.King,M.T.Aitken,7,8,8th,0,89.34,0.9,90,5.17,0.0,0,37.97,12.64,7,6,16.09,15.87,15.81,17.24,1000m,15.95,0.0,Didn't relish the heavy going when resuming. Has shown more than that and can only be improved.,RACING.COM,https://www.racing.com/form/2026-05-30/picklebet-park-werribee/race/2/speed-data,outputs/sectionals/raw/VIC/racingcom_full_payloads/getRaceForm_b31adc034787faa299.json,dailysectionals,true,true,RACINGCOM_SPEED_SEMANTICS_V1_1,PARTIAL_TIMING_WINDOW,1200,0,1200,,false,74.96,SUPPLIED_SPLIT_SUM_RECONCILES_TO_FIRST_AVAILABLE_SECTIONAL_MARKER
2026-05-30|PICKLEBET PARK WERRIBEE|R02,2026-05-30,Picklebet Park Werribee,2,2026-05-30|PICKLEBET PARK WERRIBEE|R02|RUNNER:15637521,15637521,2,Burn For You,M.S.S.Cumani,C.MacRedmond,13,9,9th,0,89.68,1.24,124,7.42,0.0,0,39,12.9,7,6,16.36,15.69,15.4,17.76,1000m,15.89,0.0,Yet to show a great deal but has won an Ararat jump-out since latest run.,RACING.COM,https://www.racing.com/form/2026-05-30/picklebet-park-werribee/race/2/speed-data,outputs/sectionals/raw/VIC/racingcom_full_payloads/getRaceForm_b31adc034787faa299.json,dailysectionals,true,true,RACINGCOM_SPEED_SEMANTICS_V1_1,PARTIAL_TIMING_WINDOW,1200,0,1200,,false,75.38,SUPPLIED_SPLIT_SUM_RECONCILES_TO_FIRST_AVAILABLE_SECTIONAL_MARKER
2026-05-30|PICKLEBET PARK WERRIBEE|R02,2026-05-30,Picklebet Park Werribee,2,2026-05-30|PICKLEBET PARK WERRIBEE|R02|RUNNER:15635818,15635818,5,Regalade,C.W.McDonald,A.McCabe,11,10,10th,0,89.9,1.46,146,8.67,0.0,0,38.5,12.74,7,6,16.0,16.0,15.48,17.01,1000m,15.85,0.0,"Raced greenly when wearing gear at debut and it was a tidy showing. Better for it, go well.",RACING.COM,https://www.racing.com/form/2026-05-30/picklebet-park-werribee/race/2/speed-data,outputs/sectionals/raw/VIC/racingcom_full_payloads/getRaceForm_b31adc034787faa299.json,dailysectionals,true,true,RACINGCOM_SPEED_SEMANTICS_V1_1,PARTIAL_TIMING_WINDOW,1200,0,1200,,false,75.38,SUPPLIED_SPLIT_SUM_RECONCILES_TO_FIRST_AVAILABLE_SECTIONAL_MARKER
2026-05-30|PICKLEBET PARK WERRIBEE|R02,2026-05-30,Picklebet Park Werribee,2,2026-05-30|PICKLEBET PARK WERRIBEE|R02|RUNNER:15632473,15632473,10,Entitle,W.P.Cerchi,B.R.Newport,8,11,11th,0,90.16,1.72,172,10.17,0.0,0,39.36,13.24,7,6,16.37,15.64,15.15,17.3,1000m,15.81,0.0,"Closer up at Horsham, rough place chance.",RACING.COM,https://www.racing.com/form/2026-05-30/picklebet-park-werribee/race/2/speed-data,outputs/sectionals/raw/VIC/racingcom_full_payloads/getRaceForm_b31adc034787faa299.json,dailysectionals,true,true,RACINGCOM_SPEED_SEMANTICS_V1_1,PARTIAL_TIMING_WINDOW,1200,0,1200,,false,76.44,SUPPLIED_SPLIT_SUM_RECONCILES_TO_FIRST_AVAILABLE_SECTIONAL_MARKER
2026-05-30|PICKLEBET PARK WERRIBEE|R02,2026-05-30,Picklebet Park Werribee,2,2026-05-30|PICKLEBET PARK WERRIBEE|R02|RUNNER:15636956,15636956,13,Tennessee Lass,P.Kearney,L.N.McNeil,10,12,12th,0,90.28,1.84,184,10.92,0.0,0,38.6,13,7,6,15.89,15.96,15.46,17.01,1000m,15.78,0.0,In the placings at last couple but in easier races.,RACING.COM,https://www.racing.com/form/2026-05-30/picklebet-park-werribee/race/2/speed-data,outputs/sectionals/raw/VIC/racingcom_full_payloads/getRaceForm_b31adc034787faa299.json,dailysectionals,true,true,RACINGCOM_SPEED_SEMANTICS_V1_1,PARTIAL_TIMING_WINDOW,1200,0,1200,,false,75.64,SUPPLIED_SPLIT_SUM_RECONCILES_TO_FIRST_AVAILABLE_SECTIONAL_MARKER
2026-05-30|PICKLEBET PARK WERRIBEE|R02,2026-05-30,Picklebet Park Werribee,2,2026-05-30|PICKLEBET PARK WERRIBEE|R02|RUNNER:15635334,15635334,4,Le Plus Rapide,A.J.Tindale,R.J.Hurdle,2,13,13th,0,90.64,2.2,220,12.92,0.0,0,39.06,12.92,7,6,15.99,15.65,15.38,17.04,1000m,15.72,0.0,Ran well at Terang and Geelong in Apirl only to prove disappointing since. Take on trust.,RACING.COM,https://www.racing.com/form/2026-05-30/picklebet-park-werribee/race/2/speed-data,outputs/sectionals/raw/VIC/racingcom_full_payloads/getRaceForm_b31adc034787faa299.json,dailysectionals,true,true,RACINGCOM_SPEED_SEMANTICS_V1_1,PARTIAL_TIMING_WINDOW,1200,0,1200,,false,76.28,SUPPLIED_SPLIT_SUM_RECONCILES_TO_FIRST_AVAILABLE_SECTIONAL_MARKER
2026-05-30|PICKLEBET PARK WERRIBEE|R03,2026-05-30,Picklebet Park Werribee,3,2026-05-30|PICKLEBET PARK WERRIBEE|R03|RUNNER:15632873,15632873,7,Sasterion (NZ),T.L.Fitzsimmons,M.T.Aitken,10,1,1st,0,144.18,0,0,0.0,0.0,0,37.76,12.34,7,6,15.62,16.03,16.04,16.47,600m,15.52,0.0,Was back in trip when running usual honest race at Seymour. Should not be far away again.,RACING.COM,https://www.racing.com/form/2026-05-30/picklebet-park-werribee/race/3/speed-data,outputs/sectionals/raw/VIC/racingcom_full_payloads/getRaceForm_0f962e357c3162e221.json,dailysectionals,true,true,RACINGCOM_SPEED_SEMANTICS_V1_1,PARTIAL_TIMING_WINDOW,1200,0,1200,,false,77.72,SUPPLIED_SPLIT_SUM_RECONCILES_TO_FIRST_AVAILABLE_SECTIONAL_MARKER
2026-05-30|PICKLEBET PARK WERRIBEE|R03,2026-05-30,Picklebet Park Werribee,3,2026-05-30|PICKLEBET PARK WERRIBEE|R03|RUNNER:15637001,15637001,3,Lillard,J.Warren,A.McCabe,8,2,2nd,0,144.26,0.08,8,0.46,0.0,0,38.88,12.78,7,6,15.94,15.81,15.5,16.37,600m,15.51,0.0,Back a little in trip but hard fit and last two runs (big gap to third at latest) have been very good. Strong claims.,RACING.COM,https://www.racing.com/form/2026-05-30/picklebet-park-werribee/race/3/speed-data,outputs/sectionals/raw/VIC/racingcom_full_payloads/getRaceForm_0f962e357c3162e221.json,dailysectionals,true,true,RACINGCOM_SPEED_SEMANTICS_V1_1,PARTIAL_TIMING_WINDOW,1200,0,1200,,false,79.16,SUPPLIED_SPLIT_SUM_RECONCILES_TO_FIRST_AVAILABLE_SECTIONAL_MARKER
2026-05-30|PICKLEBET PARK WERRIBEE|R03,2026-05-30,Picklebet Park Werribee,3,2026-05-30|PICKLEBET PARK WERRIBEE|R03|RUNNER:15637803,15637803,10,Janey Bopper,A.R.Bobbin,N.Farley,6,3,3rd,0,144.41,0.23,23,1.21,0.0,0,38.4,12.96,7,6,15.72,16.13,15.55,16.5,600m,15.5,0.0,"Ran a better race back in trip last start, the blinkers going on there. Chance to go one better.",RACING.COM,https://www.racing.com/form/2026-05-30/picklebet-park-werribee/race/3/speed-data,outputs/sectionals/raw/VIC/racingcom_full_payloads/getRaceForm_0f962e357c3162e221.json,dailysectionals,true,true,RACINGCOM_SPEED_SEMANTICS_V1_1,PARTIAL_TIMING_WINDOW,1200,0,1200,,false,78.38,SUPPLIED_SPLIT_SUM_RECONCILES_TO_FIRST_AVAILABLE_SECTIONAL_MARKER
2026-05-30|PICKLEBET PARK WERRIBEE|R03,2026-05-30,Picklebet Park Werribee,3,2026-05-30|PICKLEBET PARK WERRIBEE|R03|RUNNER:15634276,15634276,12,Reelzaz,L.Howley,J.C.Maskiell,5,4,4th,0,144.56,0.38,38,1.96,0.0,0,39.14,13.06,7,6,15.83,15.86,15.29,16.34,600m,15.48,0.0,Always wide last time but has been disappointing of late.,RACING.COM,https://www.racing.com/form/2026-05-30/picklebet-park-werribee/race/3/speed-data,outputs/sectionals/raw/VIC/racingcom_full_payloads/getRaceForm_0f962e357c3162e221.json,dailysectionals,true,true,RACINGCOM_SPEED_SEMANTICS_V1_1,PARTIAL_TIMING_WINDOW,1200,0,1200,,false,79,SUPPLIED_SPLIT_SUM_RECONCILES_TO_FIRST_AVAILABLE_SECTIONAL_MARKER
2026-05-30|PICKLEBET PARK WERRIBEE|R03,2026-05-30,Picklebet Park Werribee,3,2026-05-30|PICKLEBET PARK WERRIBEE|R03|RUNNER:15637524,15637524,11,Preciousmore,M.S.S.Cumani,C.MacRedmond,3,5,5th,0,144.88,0.7,70,3.71,0.0,0,38.72,12.44,7,6,15.78,15.54,15.79,16.18,600m,15.45,0.0,Not too far away at debut but poor up in trip at Ararat. Wait until she shows something more.,RACING.COM,https://www.racing.com/form/2026-05-30/picklebet-park-werribee/race/3/speed-data,outputs/sectionals/raw/VIC/racingcom_full_payloads/getRaceForm_0f962e357c3162e221.json,dailysectionals,true,true,RACINGCOM_SPEED_SEMANTICS_V1_1,PARTIAL_TIMING_WINDOW,1200,0,1200,,false,79.08,SUPPLIED_SPLIT_SUM_RECONCILES_TO_FIRST_AVAILABLE_SECTIONAL_MARKER
2026-05-30|PICKLEBET PARK WERRIBEE|R03,2026-05-30,Picklebet Park Werribee,3,2026-05-30|PICKLEBET PARK WERRIBEE|R03|RUNNER:15637581,15637581,9,Egyptian Legend,D.O'Sullivan,S.Field,1,6,6th,0,145.02,0.84,84,4.71,0.0,0,39.04,12.94,7,6,15.85,15.75,15.37,16.16,600m,15.43,0.0,Safely held back in trip last time but had been ok in a fast run race here prior. Rough place hope.,RACING.COM,https://www.racing.com/form/2026-05-30/picklebet-park-werribee/race/3/speed-data,outputs/sectionals/raw/VIC/racingcom_full_payloads/getRaceForm_0f962e357c3162e221.json,dailysectionals,true,true,RACINGCOM_SPEED_SEMANTICS_V1_1,PARTIAL_TIMING_WINDOW,1200,0,1200,,false,79.54,SUPPLIED_SPLIT_SUM_RECONCILES_TO_FIRST_AVAILABLE_SECTIONAL_MARKER
2026-05-30|PICKLEBET PARK WERRIBEE|R03,2026-05-30,Picklebet Park Werribee,3,2026-05-30|PICKLEBET PARK WERRIBEE|R03|RUNNER:15632354,15632354,2,Clydebank Robber,S.Wells,V.L.Boeuf,2,7,7th,0,145.74,1.56,156,8.96,0.0,0,39.7,13.12,7,6,15.78,15.58,15.13,16.1,600m,15.36,0.0,"Never a chance after a slow start here 2 starts ago, better in the placings at Moe though no match for the quinella.",RACING.COM,https://www.racing.com/form/2026-05-30/picklebet-park-werribee/race/3/speed-data,outputs/sectionals/raw/VIC/racingcom_full_payloads/getRaceForm_0f962e357c3162e221.json,dailysectionals,true,true,RACINGCOM_SPEED_SEMANTICS_V1_1,PARTIAL_TIMING_WINDOW,1200,0,1200,,false,79.98,SUPPLIED_SPLIT_SUM_RECONCILES_TO_FIRST_AVAILABLE_SECTIONAL_MARKER
2026-05-30|PICKLEBET PARK WERRIBEE|R03,2026-05-30,Picklebet Park Werribee,3,2026-05-30|PICKLEBET PARK WERRIBEE|R03|RUNNER:15635986,15635986,5,Poor Ol' Johny Ray (NZ),D.L.Pagan,K.Jennings,7,8,8th,0,145.76,1.58,158,9.06,0.0,0,39.82,13.16,7,6,15.89,15.47,15.14,16.05,600m,15.35,0.0,Ok back in trip with gear changes last start but did look to have had every chance. Go both ways.,RACING.COM,https://www.racing.com/form/2026-05-30/picklebet-park-werribee/race/3/speed-data,outputs/sectionals/raw/VIC/racingcom_full_payloads/getRaceForm_0f962e357c3162e221.json,dailysectionals,true,true,RACINGCOM_SPEED_SEMANTICS_V1_1,PARTIAL_TIMING_WINDOW,1200,0,1200,,false,80.44,SUPPLIED_SPLIT_SUM_RECONCILES_TO_FIRST_AVAILABLE_SECTIONAL_MARKER
2026-05-30|PICKLEBET PARK WERRIBEE|R03,2026-05-30,Picklebet Park Werribee,3,2026-05-30|PICKLEBET PARK WERRIBEE|R03|RUNNER:15620541,15620541,6,Royal Gala (NZ),J.A.Pateman,E.J.Walsh,4,9,9th,0,145.82,1.64,164,9.46,0.0,0,39.6,13.08,7,6,15.71,15.72,15.21,16.47,600m,15.35,0.0,Bred to relish the extra ground but was safely held at debut. Like to see again.,RACING.COM,https://www.racing.com/form/2026-05-30/picklebet-park-werribee/race/3/speed-data,outputs/sectionals/raw/VIC/racingcom_full_payloads/getRaceForm_0f962e357c3162e221.json,dailysectionals,true,true,RACINGCOM_SPEED_SEMANTICS_V1_1,PARTIAL_TIMING_WINDOW,1200,0,1200,,false,79.76,SUPPLIED_SPLIT_SUM_RECONCILES_TO_FIRST_AVAILABLE_SECTIONAL_MARKER
2026-05-30|PICKLEBET PARK WERRIBEE|R03,2026-05-30,Picklebet Park Werribee,3,2026-05-30|PICKLEBET PARK WERRIBEE|R03|RUNNER:15638014,15638014,13,So So So,C.J.Calthorpe,D.Dean,9,10,10th,0,146.16,1.98,198,11.71,0.0,0,40.02,13.32,7,6,15.63,15.85,14.95,16.69,600m,15.31,0.0,Again up in trip having been well held at first two. Improvement required.,RACING.COM,https://www.racing.com/form/2026-05-30/picklebet-park-werribee/race/3/speed-data,outputs/sectionals/raw/VIC/racingcom_full_payloads/getRaceForm_0f962e357c3162e221.json,dailysectionals,true,true,RACINGCOM_SPEED_SEMANTICS_V1_1,PARTIAL_TIMING_WINDOW,1200,0,1200,,false,79.74,SUPPLIED_SPLIT_SUM_RECONCILES_TO_FIRST_AVAILABLE_SECTIONAL_MARKER
2026-05-30|PICKLEBET PARK WERRIBEE|R03,2026-05-30,Picklebet Park Werribee,3,2026-05-30|PICKLEBET PARK WERRIBEE|R03|RUNNER:15637537,15637537,4,Mungerannie,A.McDonald,D.Thornton,11,11,11th,0,146.8,2.62,262,15.71,0.0,0,40.92,13.8,7,6,15.58,15.66,14.58,16.58,600m,15.25,0.0,3rd in chasing trial since a one paced effort 1st up since the spring. Fitter for rise in trip but like to see again.,RACING.COM,https://www.racing.com/form/2026-05-30/picklebet-park-werribee/race/3/speed-data,outputs/sectionals/raw/VIC/racingcom_full_payloads/getRaceForm_0f962e357c3162e221.json,dailysectionals,true,true,RACINGCOM_SPEED_SEMANTICS_V1_1,PARTIAL_TIMING_WINDOW,1200,0,1200,,false,80.18,SUPPLIED_SPLIT_SUM_RECONCILES_TO_FIRST_AVAILABLE_SECTIONAL_MARKER
2026-05-30|PICKLEBET PARK WERRIBEE|R04,2026-05-30,Picklebet Park Werribee,4,2026-05-30|PICKLEBET PARK WERRIBEE|R04|RUNNER:15635452,15635452,14,Miss Niagara (NZ),S.V.Brown,V.L.Boeuf,7,1,1st,0,143.46,0,0,0.0,0.0,0,37.84,12.36,7,6,15.52,15.82,16.0,16.18,FINISH,15.6,0.0,"New stable, ex Rodney Seymour. Into the placings up in trip in Tasmania last start. Each-way show again.",RACING.COM,https://www.racing.com/form/2026-05-30/picklebet-park-werribee/race/4/speed-data,outputs/sectionals/raw/VIC/racingcom_full_payloads/getRaceForm_d745572f3364b807ce.json,dailysectionals,true,true,RACINGCOM_SPEED_SEMANTICS_V1_1,PARTIAL_TIMING_WINDOW,1200,0,1200,,false,76.58,SUPPLIED_SPLIT_SUM_RECONCILES_TO_FIRST_AVAILABLE_SECTIONAL_MARKER
2026-05-30|PICKLEBET PARK WERRIBEE|R04,2026-05-30,Picklebet Park Werribee,4,2026-05-30|PICKLEBET PARK WERRIBEE|R04|RUNNER:15634873,15634873,12,Triora (NZ),T.Weir,C.MacRedmond,11,2,2nd,0,143.82,0.36,36,2.25,0.0,0,37.97,12.68,7,6,15.59,15.84,15.87,16.03,600m,15.56,0.0,Got back off an awkward start at first run for this stable and was sound to the line. Each-way show.,RACING.COM,https://www.racing.com/form/2026-05-30/picklebet-park-werribee/race/4/speed-data,outputs/sectionals/raw/VIC/racingcom_full_payloads/getRaceForm_d745572f3364b807ce.json,dailysectionals,true,true,RACINGCOM_SPEED_SEMANTICS_V1_1,PARTIAL_TIMING_WINDOW,1200,0,1200,,false,77.26,SUPPLIED_SPLIT_SUM_RECONCILES_TO_FIRST_AVAILABLE_SECTIONAL_MARKER
2026-05-30|PICKLEBET PARK WERRIBEE|R04,2026-05-30,Picklebet Park Werribee,4,2026-05-30|PICKLEBET PARK WERRIBEE|R04|RUNNER:15634000,15634000,1,Sir Rockford (NZ),A.E.Laing,K.Jennings,4,3,3rd,0,144,0.54,54,3.5,0.0,0,38.06,12.76,7,6,15.55,15.87,15.79,16.03,600m,15.54,0.0,Not disgraced in a messy race in town at only second run in. Will be further improved and he has won here.,RACING.COM,https://www.racing.com/form/2026-05-30/picklebet-park-werribee/race/4/speed-data,outputs/sectionals/raw/VIC/racingcom_full_payloads/getRaceForm_d745572f3364b807ce.json,dailysectionals,true,true,RACINGCOM_SPEED_SEMANTICS_V1_1,PARTIAL_TIMING_WINDOW,1200,0,1200,,false,77.24,SUPPLIED_SPLIT_SUM_RECONCILES_TO_FIRST_AVAILABLE_SECTIONAL_MARKER
2026-05-30|PICKLEBET PARK WERRIBEE|R04,2026-05-30,Picklebet Park Werribee,4,2026-05-30|PICKLEBET PARK WERRIBEE|R04|RUNNER:15631650,15631650,4,Epoch (NZ),M.J.Williams,D.Yendall,6,4,4th,0,144.16,0.7,70,4.5,0.0,0,38.58,12.66,7,6,15.78,15.49,15.7,15.8,FINISH,15.52,0.0,"Bolted in with maiden last start, always travelling well. This look a good next step for him.",RACING.COM,https://www.racing.com/form/2026-05-30/picklebet-park-werribee/race/4/speed-data,outputs/sectionals/raw/VIC/racingcom_full_payloads/getRaceForm_d745572f3364b807ce.json,dailysectionals,true,true,RACINGCOM_SPEED_SEMANTICS_V1_1,PARTIAL_TIMING_WINDOW,1200,0,1200,,false,78.4,SUPPLIED_SPLIT_SUM_RECONCILES_TO_FIRST_AVAILABLE_SECTIONAL_MARKER
2026-05-30|PICKLEBET PARK WERRIBEE|R04,2026-05-30,Picklebet Park Werribee,4,2026-05-30|PICKLEBET PARK WERRIBEE|R04|RUNNER:15629924,15629924,10,Hide Your Assets,S.A.Beani,A.K.Kelly,10,5,5th,0,144.19,0.73,73,4.65,0.0,0,37.94,12.68,7,6,15.46,15.89,15.86,16.05,600m,15.52,0.0,Showed some improvement last time and a rise in trip may suit. Rough place hope.,RACING.COM,https://www.racing.com/form/2026-05-30/picklebet-park-werribee/race/4/speed-data,outputs/sectionals/raw/VIC/racingcom_full_payloads/getRaceForm_d745572f3364b807ce.json,dailysectionals,true,true,RACINGCOM_SPEED_SEMANTICS_V1_1,PARTIAL_TIMING_WINDOW,1200,0,1200,,false,77.04,SUPPLIED_SPLIT_SUM_RECONCILES_TO_FIRST_AVAILABLE_SECTIONAL_MARKER
2026-05-30|PICKLEBET PARK WERRIBEE|R04,2026-05-30,Picklebet Park Werribee,4,2026-05-30|PICKLEBET PARK WERRIBEE|R04|RUNNER:15637536,15637536,9,Step In Time (NZ),A.McDonald,D.Thornton,2,6,6th,0,144.36,0.9,90,5.65,0.0,0,38.04,12.5,7,6,15.46,15.72,15.97,16.08,600m,15.5,0.0,Last in a jumps trial since a game performance (gap to third) off a wide run at first run since the spring. Go well.,RACING.COM,https://www.racing.com/form/2026-05-30/picklebet-park-werribee/race/4/speed-data,outputs/sectionals/raw/VIC/racingcom_full_payloads/getRaceForm_d745572f3364b807ce.json,dailysectionals,true,true,RACINGCOM_SPEED_SEMANTICS_V1_1,PARTIAL_TIMING_WINDOW,1200,0,1200,,false,77.24,SUPPLIED_SPLIT_SUM_RECONCILES_TO_FIRST_AVAILABLE_SECTIONAL_MARKER
2026-05-30|PICKLEBET PARK WERRIBEE|R04,2026-05-30,Picklebet Park Werribee,4,2026-05-30|PICKLEBET PARK WERRIBEE|R04|RUNNER:15635342,15635342,6,Ahab (NZ),A.J.Tindale,S.Field,3,7,7th,0,144.46,1,100,6.15,0.0,0,38.26,12.7,7,6,15.61,15.56,15.8,15.85,200m,15.49,0.0,Failed to fire second up but may now be looking for this trip. has won here. Possible improver.,RACING.COM,https://www.racing.com/form/2026-05-30/picklebet-park-werribee/race/4/speed-data,outputs/sectionals/raw/VIC/racingcom_full_payloads/getRaceForm_d745572f3364b807ce.json,dailysectionals,true,true,RACINGCOM_SPEED_SEMANTICS_V1_1,PARTIAL_TIMING_WINDOW,1200,0,1200,,false,77.98,SUPPLIED_SPLIT_SUM_RECONCILES_TO_FIRST_AVAILABLE_SECTIONAL_MARKER
2026-05-30|PICKLEBET PARK WERRIBEE|R04,2026-05-30,Picklebet Park Werribee,4,2026-05-30|PICKLEBET PARK WERRIBEE|R04|RUNNER:15637651,15637651,8,Octahedron,G.J.Phillips,J.Duffy,5,8,8th,0,144.91,1.45,145,8.9,0.0,0,39,12.96,7,6,15.7,15.43,15.46,15.62,600m,15.44,0.0,"Won over longer here three starts back, failing to threaten since. Take on trust.",RACING.COM,https://www.racing.com/form/2026-05-30/picklebet-park-werribee/race/4/speed-data,outputs/sectionals/raw/VIC/racingcom_full_payloads/getRaceForm_d745572f3364b807ce.json,dailysectionals,true,true,RACINGCOM_SPEED_SEMANTICS_V1_1,PARTIAL_TIMING_WINDOW,1200,0,1200,,false,78.8,SUPPLIED_SPLIT_SUM_RECONCILES_TO_FIRST_AVAILABLE_SECTIONAL_MARKER
2026-05-30|PICKLEBET PARK WERRIBEE|R04,2026-05-30,Picklebet Park Werribee,4,2026-05-30|PICKLEBET PARK WERRIBEE|R04|RUNNER:15634153,15634153,11,All In Vain,S.M.Keating,N.Farley,8,9,9th,0,145,1.54,154,9.36,0.0,0,39.64,13.32,7,6,15.87,15.35,15.12,15.53,600m,15.43,0.0,"Knuckled at the start at Stawell, recovering to make the lead with blinkers added, trying hard. Can again give cheek.",RACING.COM,https://www.racing.com/form/2026-05-30/picklebet-park-werribee/race/4/speed-data,outputs/sectionals/raw/VIC/racingcom_full_payloads/getRaceForm_d745572f3364b807ce.json,dailysectionals,true,true,RACINGCOM_SPEED_SEMANTICS_V1_1,PARTIAL_TIMING_WINDOW,1200,0,1200,,false,79.6,SUPPLIED_SPLIT_SUM_RECONCILES_TO_FIRST_AVAILABLE_SECTIONAL_MARKER
2026-05-30|PICKLEBET PARK WERRIBEE|R04,2026-05-30,Picklebet Park Werribee,4,2026-05-30|PICKLEBET PARK WERRIBEE|R04|RUNNER:15633899,15633899,5,Nile Crocodile,M.J.Wells,N.Daniels,12,10,10th,0,145.12,1.66,166,10.11,0.0,0,39.72,13.52,7,6,15.83,15.46,15.02,15.62,600m,15.42,0.0,Game in the placings at last couple and is again in the each-way mix.,RACING.COM,https://www.racing.com/form/2026-05-30/picklebet-park-werribee/race/4/speed-data,outputs/sectionals/raw/VIC/racingcom_full_payloads/getRaceForm_d745572f3364b807ce.json,dailysectionals,true,true,RACINGCOM_SPEED_SEMANTICS_V1_1,PARTIAL_TIMING_WINDOW,1200,0,1200,,false,79.56,SUPPLIED_SPLIT_SUM_RECONCILES_TO_FIRST_AVAILABLE_SECTIONAL_MARKER
2026-05-30|PICKLEBET PARK WERRIBEE|R04,2026-05-30,Picklebet Park Werribee,4,2026-05-30|PICKLEBET PARK WERRIBEE|R04|RUNNER:15634753,15634753,2,Amaram (GB),Paul & Tracey Templeton,J.C.Maskiell,1,11,11th,0,145.13,1.67,167,10.13,0.0,0,38.86,13.12,7,6,15.54,15.74,15.36,15.87,600m,15.42,0.0,"Threw head around racing in tight room at Moe, only battling behind an all the way winner. Was first up off long break.",RACING.COM,https://www.racing.com/form/2026-05-30/picklebet-park-werribee/race/4/speed-data,outputs/sectionals/raw/VIC/racingcom_full_payloads/getRaceForm_d745572f3364b807ce.json,dailysectionals,true,true,RACINGCOM_SPEED_SEMANTICS_V1_1,PARTIAL_TIMING_WINDOW,1200,0,1200,,false,78.36,SUPPLIED_SPLIT_SUM_RECONCILES_TO_FIRST_AVAILABLE_SECTIONAL_MARKER
2026-05-30|PICKLEBET PARK WERRIBEE|R04,2026-05-30,Picklebet Park Werribee,4,2026-05-30|PICKLEBET PARK WERRIBEE|R04|RUNNER:15634974,15634974,3,Guarded Optimist (NZ),S.P.Ryan,M.K.Julius,9,12,12th,0,145.74,2.28,228,13.88,0.0,0,40.14,13.68,7,6,15.66,15.58,14.83,15.97,600m,15.36,0.0,Last in a hurdling triail since failing to fire at Warrnambool. Will find this easier and is capable of better.,RACING.COM,https://www.racing.com/form/2026-05-30/picklebet-park-werribee/race/4/speed-data,outputs/sectionals/raw/VIC/racingcom_full_payloads/getRaceForm_d745572f3364b807ce.json,dailysectionals,true,true,RACINGCOM_SPEED_SEMANTICS_V1_1,PARTIAL_TIMING_WINDOW,1200,0,1200,,false,79.46,SUPPLIED_SPLIT_SUM_RECONCILES_TO_FIRST_AVAILABLE_SECTIONAL_MARKER
2026-05-30|PICKLEBET PARK WERRIBEE|R04,2026-05-30,Picklebet Park Werribee,4,2026-05-30|PICKLEBET PARK WERRIBEE|R04|RUNNER:15634186,15634186,7,It's All Calm,J.Sandhu,D.Dean,13,13,13th,0,147.63,4.17,417,23.88,0.0,0,41.96,14.62,7,6,15.75,15.19,14.08,15.65,600m,15.16,0.0,Twice runner-up at three runs since the Ballarat success in late March. Worth including again.,RACING.COM,https://www.racing.com/form/2026-05-30/picklebet-park-werribee/race/4/speed-data,outputs/sectionals/raw/VIC/racingcom_full_payloads/getRaceForm_d745572f3364b807ce.json,dailysectionals,true,true,RACINGCOM_SPEED_SEMANTICS_V1_1,PARTIAL_TIMING_WINDOW,1200,0,1200,,false,81.72,SUPPLIED_SPLIT_SUM_RECONCILES_TO_FIRST_AVAILABLE_SECTIONAL_MARKER
2026-05-30|PICKLEBET PARK WERRIBEE|R05,2026-05-30,Picklebet Park Werribee,5,2026-05-30|PICKLEBET PARK WERRIBEE|R05|RUNNER:15637522,15637522,6,Kawa (JPN),M.S.S.Cumani,E.J.Walsh,7,1,1st,0,100.96,0,0,0.0,0.0,0,38.79,12.76,7,6,16.77,15.72,15.5,17.06,1000m,16.1,0.0,"Resented the kickback at Echuca, shuffled back in a race not run to suit at Ballarat. Due some luck.",RACING.COM,https://www.racing.com/form/2026-05-30/picklebet-park-werribee/race/5/speed-data,outputs/sectionals/raw/VIC/racingcom_full_payloads/getRaceForm_5251fa0ddd95c1ae00.json,dailysectionals,true,true,RACINGCOM_SPEED_SEMANTICS_V1_1,PARTIAL_TIMING_WINDOW,1200,0,1200,,false,75.4,SUPPLIED_SPLIT_SUM_RECONCILES_TO_FIRST_AVAILABLE_SECTIONAL_MARKER
2026-05-30|PICKLEBET PARK WERRIBEE|R05,2026-05-30,Picklebet Park Werribee,5,2026-05-30|PICKLEBET PARK WERRIBEE|R05|RUNNER:15635341,15635341,7,King Alla,A.J.Tindale,C.MacRedmond,1,2,2nd,0,100.98,0.02,2,0.06,0.0,0,38.14,12.5,7,6,16.52,15.79,15.8,16.64,1000m,16.09,0.0,"Placed at Horsham three starts ago, only battling at Ararat, boxing on at the one pace last time. Trifecta hope.",RACING.COM,https://www.racing.com/form/2026-05-30/picklebet-park-werribee/race/5/speed-data,outputs/sectionals/raw/VIC/racingcom_full_payloads/getRaceForm_5251fa0ddd95c1ae00.json,dailysectionals,true,true,RACINGCOM_SPEED_SEMANTICS_V1_1,PARTIAL_TIMING_WINDOW,1200,0,1200,,false,75.16,SUPPLIED_SPLIT_SUM_RECONCILES_TO_FIRST_AVAILABLE_SECTIONAL_MARKER
2026-05-30|PICKLEBET PARK WERRIBEE|R05,2026-05-30,Picklebet Park Werribee,5,2026-05-30|PICKLEBET PARK WERRIBEE|R05|RUNNER:15630176,15630176,2,Preservator,K.J.Fythe,J.C.Maskiell,12,3,3rd,0,101.04,0.08,8,0.41,0.0,0,38.44,12.54,7,6,16.59,15.69,15.79,16.84,1000m,16.08,0.0,"Did a bit of work on pace last time, but ok at previous outings. Trifecta hope.",RACING.COM,https://www.racing.com/form/2026-05-30/picklebet-park-werribee/race/5/speed-data,outputs/sectionals/raw/VIC/racingcom_full_payloads/getRaceForm_5251fa0ddd95c1ae00.json,dailysectionals,true,true,RACINGCOM_SPEED_SEMANTICS_V1_1,PARTIAL_TIMING_WINDOW,1200,0,1200,,false,75.24,SUPPLIED_SPLIT_SUM_RECONCILES_TO_FIRST_AVAILABLE_SECTIONAL_MARKER
2026-05-30|PICKLEBET PARK WERRIBEE|R05,2026-05-30,Picklebet Park Werribee,5,2026-05-30|PICKLEBET PARK WERRIBEE|R05|RUNNER:15628166,15628166,3,Tudaya,P.A.Chow,P.Gatt,11,4,4th,0,101.2,0.24,24,1.16,0.0,0,38.26,12.78,7,6,16.41,15.82,15.75,16.69,1000m,16.06,0.0,Got too far back off a slow start when resuming but was able to steadily make up ground. Sound second up form.,RACING.COM,https://www.racing.com/form/2026-05-30/picklebet-park-werribee/race/5/speed-data,outputs/sectionals/raw/VIC/racingcom_full_payloads/getRaceForm_5251fa0ddd95c1ae00.json,dailysectionals,true,true,RACINGCOM_SPEED_SEMANTICS_V1_1,PARTIAL_TIMING_WINDOW,1200,0,1200,,false,75.1,SUPPLIED_SPLIT_SUM_RECONCILES_TO_FIRST_AVAILABLE_SECTIONAL_MARKER
2026-05-30|PICKLEBET PARK WERRIBEE|R05,2026-05-30,Picklebet Park Werribee,5,2026-05-30|PICKLEBET PARK WERRIBEE|R05|RUNNER:15638015,15638015,12,Frankie's Me Dad,C.J.Calthorpe,T.Childs,13,5,5th,0,101.54,0.58,58,3.41,0.0,0,38.32,12.56,7,6,16.31,15.75,15.79,16.98,1000m,16.0,0.0,Not too far away at first run since the spring and all the better when racing in the worst going second up. Looks ready.,RACING.COM,https://www.racing.com/form/2026-05-30/picklebet-park-werribee/race/5/speed-data,outputs/sectionals/raw/VIC/racingcom_full_payloads/getRaceForm_5251fa0ddd95c1ae00.json,dailysectionals,true,true,RACINGCOM_SPEED_SEMANTICS_V1_1,PARTIAL_TIMING_WINDOW,1200,0,1200,,false,75,SUPPLIED_SPLIT_SUM_RECONCILES_TO_FIRST_AVAILABLE_SECTIONAL_MARKER
2026-05-30|PICKLEBET PARK WERRIBEE|R05,2026-05-30,Picklebet Park Werribee,5,2026-05-30|PICKLEBET PARK WERRIBEE|R05|RUNNER:15634001,15634001,9,Ninyo,A.E.Laing,B.R.Kinninmont,2,6,6th,0,101.58,0.62,62,3.61,0.0,0,38.5,12.7,7,6,16.39,15.84,15.55,16.58,1000m,16.0,0.0,"Made a long run out wide 1st up; not disgraced. Lost a plate in the run 2nd up, again ok. All the fitter, has won here..",RACING.COM,https://www.racing.com/form/2026-05-30/picklebet-park-werribee/race/5/speed-data,outputs/sectionals/raw/VIC/racingcom_full_payloads/getRaceForm_5251fa0ddd95c1ae00.json,dailysectionals,true,true,RACINGCOM_SPEED_SEMANTICS_V1_1,PARTIAL_TIMING_WINDOW,1200,0,1200,,false,75.5,SUPPLIED_SPLIT_SUM_RECONCILES_TO_FIRST_AVAILABLE_SECTIONAL_MARKER
2026-05-30|PICKLEBET PARK WERRIBEE|R05,2026-05-30,Picklebet Park Werribee,5,2026-05-30|PICKLEBET PARK WERRIBEE|R05|RUNNER:15637443,15637443,13,Shasam,S.Lenehan,S.K.Ingelse,3,6,6th,0,101.6,0.64,64,3.61,0.0,0,38.34,12.56,7,6,16.34,15.71,15.74,16.69,1000m,15.99,0.0,"Made up late ground here three starts ago, never a threat at Donald but better last time. Go both ways again.",RACING.COM,https://www.racing.com/form/2026-05-30/picklebet-park-werribee/race/5/speed-data,outputs/sectionals/raw/VIC/racingcom_full_payloads/getRaceForm_5251fa0ddd95c1ae00.json,dailysectionals,true,true,RACINGCOM_SPEED_SEMANTICS_V1_1,PARTIAL_TIMING_WINDOW,1200,0,1200,,false,75.32,SUPPLIED_SPLIT_SUM_RECONCILES_TO_FIRST_AVAILABLE_SECTIONAL_MARKER
2026-05-30|PICKLEBET PARK WERRIBEE|R05,2026-05-30,Picklebet Park Werribee,5,2026-05-30|PICKLEBET PARK WERRIBEE|R05|RUNNER:15635676,15635676,8,Triple Oh (NZ),T.Dabernig,N.Farley,6,8,8th,0,101.68,0.72,72,4.36,0.0,0,39.76,13.28,7,6,16.88,15.5,15.12,17.15,1000m,15.98,0.0,Was not really suited back in trip last time and was not disgraced. In with a place chance.,RACING.COM,https://www.racing.com/form/2026-05-30/picklebet-park-werribee/race/5/speed-data,outputs/sectionals/raw/VIC/racingcom_full_payloads/getRaceForm_5251fa0ddd95c1ae00.json,dailysectionals,true,true,RACINGCOM_SPEED_SEMANTICS_V1_1,PARTIAL_TIMING_WINDOW,1200,0,1200,,false,76.32,SUPPLIED_SPLIT_SUM_RECONCILES_TO_FIRST_AVAILABLE_SECTIONAL_MARKER
2026-05-30|PICKLEBET PARK WERRIBEE|R05,2026-05-30,Picklebet Park Werribee,5,2026-05-30|PICKLEBET PARK WERRIBEE|R05|RUNNER:15635210,15635210,10,Red Stiletto,T.N.Barton,J.Duffy,8,9,9th,0,102.08,1.12,112,6.61,0.0,0,39.76,13.5,7,6,16.68,15.66,15.05,16.98,1000m,15.92,0.0,"In the placings at two of last three, making an early move up in trip at Wangaratta in between. Go both ways again.",RACING.COM,https://www.racing.com/form/2026-05-30/picklebet-park-werribee/race/5/speed-data,outputs/sectionals/raw/VIC/racingcom_full_payloads/getRaceForm_5251fa0ddd95c1ae00.json,dailysectionals,true,true,RACINGCOM_SPEED_SEMANTICS_V1_1,PARTIAL_TIMING_WINDOW,1200,0,1200,,false,76.38,SUPPLIED_SPLIT_SUM_RECONCILES_TO_FIRST_AVAILABLE_SECTIONAL_MARKER
2026-05-30|PICKLEBET PARK WERRIBEE|R05,2026-05-30,Picklebet Park Werribee,5,2026-05-30|PICKLEBET PARK WERRIBEE|R05|RUNNER:15631629,15631629,1,Blow On The Dice,H.Dwyer,M.T.Aitken,5,10,10th,0,102.3,1.34,134,7.86,0.0,0,39.9,13.66,7,6,16.67,15.74,14.88,16.92,1000m,15.88,0.0,"Well held when resuming, eased down and vetted second up, hanging out badly at Kilmore. Take on trust.",RACING.COM,https://www.racing.com/form/2026-05-30/picklebet-park-werribee/race/5/speed-data,outputs/sectionals/raw/VIC/racingcom_full_payloads/getRaceForm_5251fa0ddd95c1ae00.json,dailysectionals,true,true,RACINGCOM_SPEED_SEMANTICS_V1_1,PARTIAL_TIMING_WINDOW,1200,0,1200,,false,76.62,SUPPLIED_SPLIT_SUM_RECONCILES_TO_FIRST_AVAILABLE_SECTIONAL_MARKER
2026-05-30|PICKLEBET PARK WERRIBEE|R05,2026-05-30,Picklebet Park Werribee,5,2026-05-30|PICKLEBET PARK WERRIBEE|R05|RUNNER:15632633,15632633,11,Inspired Choice,A.C.Hendry,A.K.Kelly,4,11,11th,0,102.66,1.7,170,9.86,0.0,0,39.68,13.54,7,6,16.46,15.65,15.0,16.69,1000m,15.83,0.0,Long way back when resuming. Must lift.,RACING.COM,https://www.racing.com/form/2026-05-30/picklebet-park-werribee/race/5/speed-data,outputs/sectionals/raw/VIC/racingcom_full_payloads/getRaceForm_5251fa0ddd95c1ae00.json,dailysectionals,true,true,RACINGCOM_SPEED_SEMANTICS_V1_1,PARTIAL_TIMING_WINDOW,1200,0,1200,,false,76.66,SUPPLIED_SPLIT_SUM_RECONCILES_TO_FIRST_AVAILABLE_SECTIONAL_MARKER
2026-05-30|PICKLEBET PARK WERRIBEE|R05,2026-05-30,Picklebet Park Werribee,5,2026-05-30|PICKLEBET PARK WERRIBEE|R05|RUNNER:15638379,15638379,5,Lexton,B.J.Cross,S.Field,9,12,12th,0,103.66,2.7,270,15.86,0.0,0,40.98,14.14,7,6,16.53,15.55,14.45,16.98,1000m,15.68,0.0,Ran ok when resuming but just even since. Prefer to wait for more.,RACING.COM,https://www.racing.com/form/2026-05-30/picklebet-park-werribee/race/5/speed-data,outputs/sectionals/raw/VIC/racingcom_full_payloads/getRaceForm_5251fa0ddd95c1ae00.json,dailysectionals,true,true,RACINGCOM_SPEED_SEMANTICS_V1_1,PARTIAL_TIMING_WINDOW,1200,0,1200,,false,77.62,SUPPLIED_SPLIT_SUM_RECONCILES_TO_FIRST_AVAILABLE_SECTIONAL_MARKER
2026-05-30|PICKLEBET PARK WERRIBEE|R05,2026-05-30,Picklebet Park Werribee,5,2026-05-30|PICKLEBET PARK WERRIBEE|R05|RUNNER:15627061,15627061,4,High Class Roller,H.Lafferty,D.Thornton,10,13,13th,0,103.8,2.84,284,16.61,0.0,0,41.7,14.54,7,6,16.77,15.53,14.11,17.33,1000m,15.66,0.0,"Resumes for new stable, ex Matthew Dunn. Second in a Terang jumpout. Improved with racing last time in.",RACING.COM,https://www.racing.com/form/2026-05-30/picklebet-park-werribee/race/5/speed-data,outputs/sectionals/raw/VIC/racingcom_full_payloads/getRaceForm_5251fa0ddd95c1ae00.json,dailysectionals,true,true,RACINGCOM_SPEED_SEMANTICS_V1_1,PARTIAL_TIMING_WINDOW,1200,0,1200,,false,78.08,SUPPLIED_SPLIT_SUM_RECONCILES_TO_FIRST_AVAILABLE_SECTIONAL_MARKER
2026-05-30|PICKLEBET PARK WERRIBEE|R06,2026-05-30,Picklebet Park Werribee,6,2026-05-30|PICKLEBET PARK WERRIBEE|R06|RUNNER:15632355,15632355,8,I'm Dynamite,S.Wells,V.L.Boeuf,3,1,1st,0,88.1,0,0,0.0,0.0,0,36.65,12.14,7,6,15.87,16.38,16.46,16.67,1000m,16.17,0.0,Has not been too far away of late and is in with an each-way show.,RACING.COM,https://www.racing.com/form/2026-05-30/picklebet-park-werribee/race/6/speed-data,outputs/sectionals/raw/VIC/racingcom_full_payloads/getRaceForm_0a10e65281a7805c36.json,dailysectionals,true,true,RACINGCOM_SPEED_SEMANTICS_V1_1,PARTIAL_TIMING_WINDOW,1200,0,1200,,false,73.38,SUPPLIED_SPLIT_SUM_RECONCILES_TO_FIRST_AVAILABLE_SECTIONAL_MARKER
2026-05-30|PICKLEBET PARK WERRIBEE|R06,2026-05-30,Picklebet Park Werribee,6,2026-05-30|PICKLEBET PARK WERRIBEE|R06|RUNNER:15634752,15634752,1,Infinite Jest,Paul & Tracey Templeton,D.Thornton,13,2,2nd,0,88.14,0.04,4,0.25,0.0,0,37.08,12.32,7,6,16.08,16.18,16.3,17.15,1000m,16.17,0.0,Resumed with gear changes and it was a very good effort. Chance to go one better.,RACING.COM,https://www.racing.com/form/2026-05-30/picklebet-park-werribee/race/6/speed-data,outputs/sectionals/raw/VIC/racingcom_full_payloads/getRaceForm_0a10e65281a7805c36.json,dailysectionals,true,true,RACINGCOM_SPEED_SEMANTICS_V1_1,PARTIAL_TIMING_WINDOW,1200,0,1200,,false,73.44,SUPPLIED_SPLIT_SUM_RECONCILES_TO_FIRST_AVAILABLE_SECTIONAL_MARKER
2026-05-30|PICKLEBET PARK WERRIBEE|R06,2026-05-30,Picklebet Park Werribee,6,2026-05-30|PICKLEBET PARK WERRIBEE|R06|RUNNER:15634591,15634591,3,Cuban Dawn (IRE),David & Coral Feek,N.Farley,1,3,3rd,0,88.62,0.52,52,3.5,0.0,0,37.02,12.36,7,6,15.86,16.19,16.31,16.61,1000m,16.08,0.0,Resumes off a Mornington jumpout win. Just even at latest run but solid at two outings previous prep.,RACING.COM,https://www.racing.com/form/2026-05-30/picklebet-park-werribee/race/6/speed-data,outputs/sectionals/raw/VIC/racingcom_full_payloads/getRaceForm_0a10e65281a7805c36.json,dailysectionals,true,true,RACINGCOM_SPEED_SEMANTICS_V1_1,PARTIAL_TIMING_WINDOW,1200,0,1200,,false,73.88,SUPPLIED_SPLIT_SUM_RECONCILES_TO_FIRST_AVAILABLE_SECTIONAL_MARKER
2026-05-30|PICKLEBET PARK WERRIBEE|R06,2026-05-30,Picklebet Park Werribee,6,2026-05-30|PICKLEBET PARK WERRIBEE|R06|RUNNER:15631649,15631649,5,Simply Sassy,M.J.Williams,A.K.Kelly,7,4,4th,0,88.64,0.54,54,3.6,0.0,0,37.42,12.54,7,6,15.98,16.19,16.12,16.75,1000m,16.08,0.0,Had been in consistent form prior to being forced very wide in demanding going at Stawell. Can bounce back.,RACING.COM,https://www.racing.com/form/2026-05-30/picklebet-park-werribee/race/6/speed-data,outputs/sectionals/raw/VIC/racingcom_full_payloads/getRaceForm_0a10e65281a7805c36.json,dailysectionals,true,true,RACINGCOM_SPEED_SEMANTICS_V1_1,PARTIAL_TIMING_WINDOW,1200,0,1200,,false,73.96,SUPPLIED_SPLIT_SUM_RECONCILES_TO_FIRST_AVAILABLE_SECTIONAL_MARKER
2026-05-30|PICKLEBET PARK WERRIBEE|R06,2026-05-30,Picklebet Park Werribee,6,2026-05-30|PICKLEBET PARK WERRIBEE|R06|RUNNER:15636948,15636948,6,Sunset Beauty,T.D.Kilgower,K.Jennings,4,5,5th,0,88.88,0.78,78,5.1,0.0,0,37.47,12.36,7,6,15.97,16.01,16.16,16.72,1000m,16.03,0.0,Raced a bit keenly last start but was good off slow starts at two previous runs. In the mix.,RACING.COM,https://www.racing.com/form/2026-05-30/picklebet-park-werribee/race/6/speed-data,outputs/sectionals/raw/VIC/racingcom_full_payloads/getRaceForm_0a10e65281a7805c36.json,dailysectionals,true,true,RACINGCOM_SPEED_SEMANTICS_V1_1,PARTIAL_TIMING_WINDOW,1200,0,1200,,false,74.32,SUPPLIED_SPLIT_SUM_RECONCILES_TO_FIRST_AVAILABLE_SECTIONAL_MARKER
2026-05-30|PICKLEBET PARK WERRIBEE|R06,2026-05-30,Picklebet Park Werribee,6,2026-05-30|PICKLEBET PARK WERRIBEE|R06|RUNNER:15631405,15631405,11,Paint Me Red (NZ),M.B.Scott,A.McCabe,11,6,6th,0,88.92,0.82,82,5.3,0.0,0,37.92,12.78,7,6,16.11,16.08,15.85,17.01,1000m,16.03,0.0,Fourth of five in a Mornington jumpout since tiring off a tough on pace run here last time. Previous run was good.,RACING.COM,https://www.racing.com/form/2026-05-30/picklebet-park-werribee/race/6/speed-data,outputs/sectionals/raw/VIC/racingcom_full_payloads/getRaceForm_0a10e65281a7805c36.json,dailysectionals,true,true,RACINGCOM_SPEED_SEMANTICS_V1_1,PARTIAL_TIMING_WINDOW,1200,0,1200,,false,74.44,SUPPLIED_SPLIT_SUM_RECONCILES_TO_FIRST_AVAILABLE_SECTIONAL_MARKER
2026-05-30|PICKLEBET PARK WERRIBEE|R06,2026-05-30,Picklebet Park Werribee,6,2026-05-30|PICKLEBET PARK WERRIBEE|R06|RUNNER:15634883,15634883,9,Imposing Tallulah,S.S.Cunningham,J.Duffy,2,7,7th,0,89.16,1.06,106,6.8,0.0,0,37.92,12.8,7,6,15.99,16.12,15.84,16.61,1000m,15.98,0.0,Has not been too far away of late and was back in trip last time. Each-way show.,RACING.COM,https://www.racing.com/form/2026-05-30/picklebet-park-werribee/race/6/speed-data,outputs/sectionals/raw/VIC/racingcom_full_payloads/getRaceForm_0a10e65281a7805c36.json,dailysectionals,true,true,RACINGCOM_SPEED_SEMANTICS_V1_1,PARTIAL_TIMING_WINDOW,1200,0,1200,,false,74.72,SUPPLIED_SPLIT_SUM_RECONCILES_TO_FIRST_AVAILABLE_SECTIONAL_MARKER
2026-05-30|PICKLEBET PARK WERRIBEE|R06,2026-05-30,Picklebet Park Werribee,6,2026-05-30|PICKLEBET PARK WERRIBEE|R06|RUNNER:15636949,15636949,13,Littlebirdie,T.D.Kilgower,B.R.Kinninmont,12,8,8th,0,89.18,1.08,108,6.86,0.0,0,37.34,12.54,7,6,15.61,16.52,16.05,16.95,600m,15.98,0.0,Prefer in something easier.,RACING.COM,https://www.racing.com/form/2026-05-30/picklebet-park-werribee/race/6/speed-data,outputs/sectionals/raw/VIC/racingcom_full_payloads/getRaceForm_0a10e65281a7805c36.json,dailysectionals,true,true,RACINGCOM_SPEED_SEMANTICS_V1_1,PARTIAL_TIMING_WINDOW,1200,0,1200,,false,73.38,SUPPLIED_SPLIT_SUM_RECONCILES_TO_FIRST_AVAILABLE_SECTIONAL_MARKER
2026-05-30|PICKLEBET PARK WERRIBEE|R06,2026-05-30,Picklebet Park Werribee,6,2026-05-30|PICKLEBET PARK WERRIBEE|R06|RUNNER:15637440,15637440,10,Kilkenny Lass,S.Lenehan,C.MacRedmond,10,9,9th,0,89.2,1.1,110,7.01,0.0,0,37.47,12.34,7,6,15.78,16.16,16.1,16.53,1000m,15.98,0.0,Found early trouble when resuming but was sound to the line with gear changes. Fitter with place claims.,RACING.COM,https://www.racing.com/form/2026-05-30/picklebet-park-werribee/race/6/speed-data,outputs/sectionals/raw/VIC/racingcom_full_payloads/getRaceForm_0a10e65281a7805c36.json,dailysectionals,true,true,RACINGCOM_SPEED_SEMANTICS_V1_1,PARTIAL_TIMING_WINDOW,1200,0,1200,,false,74.34,SUPPLIED_SPLIT_SUM_RECONCILES_TO_FIRST_AVAILABLE_SECTIONAL_MARKER
2026-05-30|PICKLEBET PARK WERRIBEE|R06,2026-05-30,Picklebet Park Werribee,6,2026-05-30|PICKLEBET PARK WERRIBEE|R06|RUNNER:15635339,15635339,12,Whitson,A.J.Tindale,M.K.Julius,6,10,10th,0,89.22,1.12,112,7.16,0.0,0,37.34,12.34,7,6,15.73,16.14,16.19,16.56,1000m,15.97,0.0,Had been disappointing before showing some improvement off a slow start at Horsham. Rough place hope.,RACING.COM,https://www.racing.com/form/2026-05-30/picklebet-park-werribee/race/6/speed-data,outputs/sectionals/raw/VIC/racingcom_full_payloads/getRaceForm_0a10e65281a7805c36.json,dailysectionals,true,true,RACINGCOM_SPEED_SEMANTICS_V1_1,PARTIAL_TIMING_WINDOW,1200,0,1200,,false,74.24,SUPPLIED_SPLIT_SUM_RECONCILES_TO_FIRST_AVAILABLE_SECTIONAL_MARKER
2026-05-30|PICKLEBET PARK WERRIBEE|R06,2026-05-30,Picklebet Park Werribee,6,2026-05-30|PICKLEBET PARK WERRIBEE|R06|RUNNER:15636083,15636083,2,Triomphe,Maddie Raymond & Patrick Bell,E.J.Walsh,5,11,11th,0,89.3,1.2,120,7.56,0.0,0,37.65,12.74,7,6,15.75,16.35,15.9,16.72,600m,15.96,0.0,Just keeps racing well and is once again in the each-way mix.,RACING.COM,https://www.racing.com/form/2026-05-30/picklebet-park-werribee/race/6/speed-data,outputs/sectionals/raw/VIC/racingcom_full_payloads/getRaceForm_0a10e65281a7805c36.json,dailysectionals,true,true,RACINGCOM_SPEED_SEMANTICS_V1_1,PARTIAL_TIMING_WINDOW,1200,0,1200,,false,74.36,SUPPLIED_SPLIT_SUM_RECONCILES_TO_FIRST_AVAILABLE_SECTIONAL_MARKER
2026-05-30|PICKLEBET PARK WERRIBEE|R06,2026-05-30,Picklebet Park Werribee,6,2026-05-30|PICKLEBET PARK WERRIBEE|R06|RUNNER:15632617,15632617,14,Lika Mosh,P.Foster,L.Wood,8,12,12th,0,89.48,1.38,138,8.56,0.0,0,37.36,12.42,7,6,15.62,16.22,16.13,16.72,1000m,15.93,0.0,Looks to need it easier.,RACING.COM,https://www.racing.com/form/2026-05-30/picklebet-park-werribee/race/6/speed-data,outputs/sectionals/raw/VIC/racingcom_full_payloads/getRaceForm_0a10e65281a7805c36.json,dailysectionals,true,true,RACINGCOM_SPEED_SEMANTICS_V1_1,PARTIAL_TIMING_WINDOW,1200,0,1200,,false,74.16,SUPPLIED_SPLIT_SUM_RECONCILES_TO_FIRST_AVAILABLE_SECTIONAL_MARKER
2026-05-30|PICKLEBET PARK WERRIBEE|R06,2026-05-30,Picklebet Park Werribee,6,2026-05-30|PICKLEBET PARK WERRIBEE|R06|RUNNER:15635025,15635025,15,Gijima Gal,S.G.Noble,S.J.Noble,9,13,13th,0,89.54,1.44,144,8.96,0.0,0,37.56,12.42,7,6,15.68,16.14,16.06,16.98,1000m,15.91,0.0,Below best of late. Others have stronger claims.,RACING.COM,https://www.racing.com/form/2026-05-30/picklebet-park-werribee/race/6/speed-data,outputs/sectionals/raw/VIC/racingcom_full_payloads/getRaceForm_0a10e65281a7805c36.json,dailysectionals,true,true,RACINGCOM_SPEED_SEMANTICS_V1_1,PARTIAL_TIMING_WINDOW,1200,0,1200,,false,74,SUPPLIED_SPLIT_SUM_RECONCILES_TO_FIRST_AVAILABLE_SECTIONAL_MARKER
2026-05-30|PICKLEBET PARK WERRIBEE|R07,2026-05-30,Picklebet Park Werribee,7,2026-05-30|PICKLEBET PARK WERRIBEE|R07|RUNNER:15637428,15637428,4,Sea Trader,R.D.Griffiths,A.K.Kelly,11,1,1st,0,60.08,0,0,0.0,0.0,0,34.92,11.38,5,4,16.5,17.39,17.39,18.05,600m,16.84,0.0,Resumes off a Heath trial third. Led throughout when recording a soft win at Sale first up last prep.,RACING.COM,https://www.racing.com/form/2026-05-30/picklebet-park-werribee/race/7/speed-data,outputs/sectionals/raw/VIC/racingcom_full_payloads/getRaceForm_d9ba44db224d49a3da.json,dailysectionals,true,true,RACINGCOM_SPEED_SEMANTICS_V1_1,PARTIAL_TIMING_WINDOW,800,0,800,,false,46,SUPPLIED_SPLIT_SUM_RECONCILES_TO_FIRST_AVAILABLE_SECTIONAL_MARKER
2026-05-30|PICKLEBET PARK WERRIBEE|R07,2026-05-30,Picklebet Park Werribee,7,2026-05-30|PICKLEBET PARK WERRIBEE|R07|RUNNER:15634967,15634967,3,Eternal Darkness,A.B.Chibnall,M.T.Aitken,9,2,2nd,0,60.28,0.2,20,1.25,0.0,0,34.92,11.6,5,4,16.47,17.48,17.3,18.05,600m,16.79,0.0,Got back and was keen in a race not run to suit at Geelong but back in form with a good finish here last time.,RACING.COM,https://www.racing.com/form/2026-05-30/picklebet-park-werribee/race/7/speed-data,outputs/sectionals/raw/VIC/racingcom_full_payloads/getRaceForm_d9ba44db224d49a3da.json,dailysectionals,true,true,RACINGCOM_SPEED_SEMANTICS_V1_1,PARTIAL_TIMING_WINDOW,800,0,800,,false,46,SUPPLIED_SPLIT_SUM_RECONCILES_TO_FIRST_AVAILABLE_SECTIONAL_MARKER
2026-05-30|PICKLEBET PARK WERRIBEE|R07,2026-05-30,Picklebet Park Werribee,7,2026-05-30|PICKLEBET PARK WERRIBEE|R07|RUNNER:15633015,15633015,11,Miss Tallchief,T.Dabernig,N.Farley,6,3,3rd,0,60.34,0.26,26,1.65,0.0,0,35.4,11.84,5,4,16.63,17.5,16.99,18.18,600m,16.77,0.0,"Did enough fresh, tiring after sharing the pace second up. Fitter again.",RACING.COM,https://www.racing.com/form/2026-05-30/picklebet-park-werribee/race/7/speed-data,outputs/sectionals/raw/VIC/racingcom_full_payloads/getRaceForm_d9ba44db224d49a3da.json,dailysectionals,true,true,RACINGCOM_SPEED_SEMANTICS_V1_1,PARTIAL_TIMING_WINDOW,800,0,800,,false,46.4,SUPPLIED_SPLIT_SUM_RECONCILES_TO_FIRST_AVAILABLE_SECTIONAL_MARKER
2026-05-30|PICKLEBET PARK WERRIBEE|R07,2026-05-30,Picklebet Park Werribee,7,2026-05-30|PICKLEBET PARK WERRIBEE|R07|RUNNER:15634144,15634144,1,Da Nang Star,A.M.Vanderfeen,C.J.Hill,12,4,4th,0,60.48,0.4,40,2.4,0.0,0,35.76,12,5,4,16.72,17.48,16.75,18.18,600m,16.73,0.0,Resumes off a Bendigo jumpout second. Off the scene for a while and just average at latest first up attempts.,RACING.COM,https://www.racing.com/form/2026-05-30/picklebet-park-werribee/race/7/speed-data,outputs/sectionals/raw/VIC/racingcom_full_payloads/getRaceForm_d9ba44db224d49a3da.json,dailysectionals,true,true,RACINGCOM_SPEED_SEMANTICS_V1_1,PARTIAL_TIMING_WINDOW,800,0,800,,false,46.76,SUPPLIED_SPLIT_SUM_RECONCILES_TO_FIRST_AVAILABLE_SECTIONAL_MARKER
2026-05-30|PICKLEBET PARK WERRIBEE|R07,2026-05-30,Picklebet Park Werribee,7,2026-05-30|PICKLEBET PARK WERRIBEE|R07|RUNNER:15637473,15637473,10,Cheeky Contiki,"Ben, Will & JD Hayes",D.Yendall,13,5,5th,0,60.7,0.62,62,3.65,0.0,0,36.26,12.16,5,4,16.76,17.38,16.54,18.28,600m,16.67,0.0,"Failed to fire 1st up, never a threat off a wide run 2nd up. Better than that and has won a Flemington jumpout since.",RACING.COM,https://www.racing.com/form/2026-05-30/picklebet-park-werribee/race/7/speed-data,outputs/sectionals/raw/VIC/racingcom_full_payloads/getRaceForm_d9ba44db224d49a3da.json,dailysectionals,true,true,RACINGCOM_SPEED_SEMANTICS_V1_1,PARTIAL_TIMING_WINDOW,800,0,800,,false,47.2,SUPPLIED_SPLIT_SUM_RECONCILES_TO_FIRST_AVAILABLE_SECTIONAL_MARKER
2026-05-30|PICKLEBET PARK WERRIBEE|R07,2026-05-30,Picklebet Park Werribee,7,2026-05-30|PICKLEBET PARK WERRIBEE|R07|RUNNER:15634379,15634379,6,Doc's Nipper,C.Scott,D.Thornton,4,6,6th,0,61.04,0.96,96,5.9,0.0,0,36.29,12.28,5,4,16.68,17.47,16.42,18.25,600m,16.58,0.0,Too bad to be true at Pakenham and had been coming along well prior. Worth another chance.,RACING.COM,https://www.racing.com/form/2026-05-30/picklebet-park-werribee/race/7/speed-data,outputs/sectionals/raw/VIC/racingcom_full_payloads/getRaceForm_d9ba44db224d49a3da.json,dailysectionals,true,true,RACINGCOM_SPEED_SEMANTICS_V1_1,PARTIAL_TIMING_WINDOW,800,0,800,,false,47.26,SUPPLIED_SPLIT_SUM_RECONCILES_TO_FIRST_AVAILABLE_SECTIONAL_MARKER
2026-05-30|PICKLEBET PARK WERRIBEE|R07,2026-05-30,Picklebet Park Werribee,7,2026-05-30|PICKLEBET PARK WERRIBEE|R07|RUNNER:15630034,15630034,14,Sleeping Tiger,R.A.Waymouth,M.Castle,5,7,7th,0,61.18,1.1,110,6.65,0.0,0,36.29,12.22,5,4,16.56,17.2,16.52,17.89,600m,16.54,0.0,In consistent form of late and was unlucky not to have won at Moe. Should be honest again.,RACING.COM,https://www.racing.com/form/2026-05-30/picklebet-park-werribee/race/7/speed-data,outputs/sectionals/raw/VIC/racingcom_full_payloads/getRaceForm_d9ba44db224d49a3da.json,dailysectionals,true,true,RACINGCOM_SPEED_SEMANTICS_V1_1,PARTIAL_TIMING_WINDOW,800,0,800,,false,47.48,SUPPLIED_SPLIT_SUM_RECONCILES_TO_FIRST_AVAILABLE_SECTIONAL_MARKER
2026-05-30|PICKLEBET PARK WERRIBEE|R07,2026-05-30,Picklebet Park Werribee,7,2026-05-30|PICKLEBET PARK WERRIBEE|R07|RUNNER:15638419,15638419,7,Golden Age,M.E.Templeton,A.McCabe,8,8,8th,0,61.96,1.88,188,11.65,0.0,0,36.76,12.42,5,4,16.43,17.33,16.18,18.12,600m,16.33,0.0,Resuming. Ok at Sale first up last prep and runner-up at next two. Trifecta hope.,RACING.COM,https://www.racing.com/form/2026-05-30/picklebet-park-werribee/race/7/speed-data,outputs/sectionals/raw/VIC/racingcom_full_payloads/getRaceForm_d9ba44db224d49a3da.json,dailysectionals,true,true,RACINGCOM_SPEED_SEMANTICS_V1_1,PARTIAL_TIMING_WINDOW,800,0,800,,false,47.8,SUPPLIED_SPLIT_SUM_RECONCILES_TO_FIRST_AVAILABLE_SECTIONAL_MARKER
2026-05-30|PICKLEBET PARK WERRIBEE|R07,2026-05-30,Picklebet Park Werribee,7,2026-05-30|PICKLEBET PARK WERRIBEE|R07|RUNNER:15634751,15634751,13,Shamrock Bay,Paul & Tracey Templeton,J.C.Maskiell,2,9,9th,0,62.12,2.04,204,12.4,0.0,0,37.72,13.3,5,4,16.81,17.44,15.55,18.28,600m,16.29,0.0,"Resumes having run fourth and third in Moe jumputs. Very good at that track first up last prep, also placed 2nd up.",RACING.COM,https://www.racing.com/form/2026-05-30/picklebet-park-werribee/race/7/speed-data,outputs/sectionals/raw/VIC/racingcom_full_payloads/getRaceForm_d9ba44db224d49a3da.json,dailysectionals,true,true,RACINGCOM_SPEED_SEMANTICS_V1_1,PARTIAL_TIMING_WINDOW,800,0,800,,false,48.66,SUPPLIED_SPLIT_SUM_RECONCILES_TO_FIRST_AVAILABLE_SECTIONAL_MARKER
2026-05-30|PICKLEBET PARK WERRIBEE|R07,2026-05-30,Picklebet Park Werribee,7,2026-05-30|PICKLEBET PARK WERRIBEE|R07|RUNNER:15630334,15630334,2,Direct,D.J.McCarthy,A.G.Kennedy,10,10,10th,0,62.18,2.1,210,12.8,0.0,0,37.5,13.08,5,4,16.64,17.27,15.75,18.08,600m,16.28,0.0,"Had to work too hard out wide when resuming, finding early trouble (nearly lost rider) 2nd up, warming up late there.",RACING.COM,https://www.racing.com/form/2026-05-30/picklebet-park-werribee/race/7/speed-data,outputs/sectionals/raw/VIC/racingcom_full_payloads/getRaceForm_d9ba44db224d49a3da.json,dailysectionals,true,true,RACINGCOM_SPEED_SEMANTICS_V1_1,PARTIAL_TIMING_WINDOW,800,0,800,,false,48.56,SUPPLIED_SPLIT_SUM_RECONCILES_TO_FIRST_AVAILABLE_SECTIONAL_MARKER
2026-05-30|PICKLEBET PARK WERRIBEE|R07,2026-05-30,Picklebet Park Werribee,7,2026-05-30|PICKLEBET PARK WERRIBEE|R07|RUNNER:15635797,15635797,15,Dummy Spit,A.R.Perdon,K.Jennings,3,11,11th,0,62.22,2.14,214,12.95,0.0,0,36.97,12.46,5,4,16.38,17.15,16.09,17.86,600m,16.26,0.0,"Failed to beat a runner home when resuming, last in a Moe jumpout since. Fitter but prefer to wait for more.",RACING.COM,https://www.racing.com/form/2026-05-30/picklebet-park-werribee/race/7/speed-data,outputs/sectionals/raw/VIC/racingcom_full_payloads/getRaceForm_d9ba44db224d49a3da.json,dailysectionals,true,true,RACINGCOM_SPEED_SEMANTICS_V1_1,PARTIAL_TIMING_WINDOW,800,0,800,,false,48.18,SUPPLIED_SPLIT_SUM_RECONCILES_TO_FIRST_AVAILABLE_SECTIONAL_MARKER
2026-05-30|PICKLEBET PARK WERRIBEE|R07,2026-05-30,Picklebet Park Werribee,7,2026-05-30|PICKLEBET PARK WERRIBEE|R07|RUNNER:15632474,15632474,9,Sunburnt,W.P.Cerchi,S.J.Robbins,1,12,12th,0,62.24,2.16,216,13.01,0.0,0,37.34,13,5,4,16.6,17.5,15.76,18.35,600m,16.26,0.0,Failed to fire up in class last time but prevoius run off a wide run was ok. Likely improver.,RACING.COM,https://www.racing.com/form/2026-05-30/picklebet-park-werribee/race/7/speed-data,outputs/sectionals/raw/VIC/racingcom_full_payloads/getRaceForm_d9ba44db224d49a3da.json,dailysectionals,true,true,RACINGCOM_SPEED_SEMANTICS_V1_1,PARTIAL_TIMING_WINDOW,800,0,800,,false,48.24,SUPPLIED_SPLIT_SUM_RECONCILES_TO_FIRST_AVAILABLE_SECTIONAL_MARKER
2026-05-30|PICKLEBET PARK WERRIBEE|R07,2026-05-30,Picklebet Park Werribee,7,2026-05-30|PICKLEBET PARK WERRIBEE|R07|RUNNER:15637030,15637030,12,Nuggies,C.A.Boyd,D.Dean,7,13,13th,0,62.52,2.44,244,14.76,0.0,0,37.7,12.94,5,4,16.52,17.05,15.7,17.79,600m,16.19,0.0,Fourth of five in a Mornington jumpout since finishing at the rear at picnic level fresh. Better than that.,RACING.COM,https://www.racing.com/form/2026-05-30/picklebet-park-werribee/race/7/speed-data,outputs/sectionals/raw/VIC/racingcom_full_payloads/getRaceForm_d9ba44db224d49a3da.json,dailysectionals,true,true,RACINGCOM_SPEED_SEMANTICS_V1_1,PARTIAL_TIMING_WINDOW,800,0,800,,false,48.94,SUPPLIED_SPLIT_SUM_RECONCILES_TO_FIRST_AVAILABLE_SECTIONAL_MARKER
2026-05-31|SPORTSBET SANDOWN LAKESIDE|R03,2026-05-31,Sportsbet Sandown Lakeside,3,2026-05-31|SPORTSBET SANDOWN LAKESIDE|R03|RUNNER:15641228,15641228,1,Red On Red,J.A.Pascoe,J.C.Maskiell,10,1,1st,0,100.94,0,0,0.0,1606.0,,35.83,12.27,8,8,15.29,16.21,16.97,17.89,1400m,15.91,7.91,Resumes off an unplaced Moe jumpout. Yet to salute fresh but has been thereabouts. Trifecta hope.,RACING.COM,https://www.racing.com/form/2026-05-31/sportsbet-sandown-lakeside/race/3/speed-data,outputs/sectionals/raw/VIC/racingcom_full_payloads/getRaceForm_f14f5f66d2202a1aa3.json,TripleS,true,true,RACINGCOM_SPEED_SEMANTICS_V1_1,FULL_RACE,1600,0,1600,,true,100.94,SUPPLIED_SPLIT_SUM_RECONCILES_TO_RUNNER_RACE_TIME
2026-05-31|SPORTSBET SANDOWN LAKESIDE|R03,2026-05-31,Sportsbet Sandown Lakeside,3,2026-05-31|SPORTSBET SANDOWN LAKESIDE|R03|RUNNER:15639888,15639888,9,Hoodys Horse,T.M.Cottier,T.M.Nugent,9,2,2nd,0,101.36,0.42,42,2.5,1608.0,+2,36.46,12.48,8,8,15.35,16.27,16.58,17.39,1400m,15.86,7.99,"Vetted after a disappointing second up run, leading until the last stride when resuming. Fitter again.",RACING.COM,https://www.racing.com/form/2026-05-31/sportsbet-sandown-lakeside/race/3/speed-data,outputs/sectionals/raw/VIC/racingcom_full_payloads/getRaceForm_f14f5f66d2202a1aa3.json,TripleS,true,true,RACINGCOM_SPEED_SEMANTICS_V1_1,FULL_RACE,1600,0,1600,,true,101.36,SUPPLIED_SPLIT_SUM_RECONCILES_TO_RUNNER_RACE_TIME
2026-05-31|SPORTSBET SANDOWN LAKESIDE|R03,2026-05-31,Sportsbet Sandown Lakeside,3,2026-05-31|SPORTSBET SANDOWN LAKESIDE|R03|RUNNER:15638344,15638344,5,Cat Noir,J.W.Edwards,C.Williams,1,3,3rd,0,101.49,0.55,55,3.25,1604.0,-2,36.41,12.42,8,8,15.25,16.08,16.72,17.82,1400m,15.8,6.69,Got out to a big lead from barrier 16 and tired at latest. Placed on a heavy track at previous.,RACING.COM,https://www.racing.com/form/2026-05-31/sportsbet-sandown-lakeside/race/3/speed-data,outputs/sectionals/raw/VIC/racingcom_full_payloads/getRaceForm_f14f5f66d2202a1aa3.json,TripleS,true,true,RACINGCOM_SPEED_SEMANTICS_V1_1,FULL_RACE,1600,0,1600,,true,101.49,SUPPLIED_SPLIT_SUM_RECONCILES_TO_RUNNER_RACE_TIME
2026-05-31|SPORTSBET SANDOWN LAKESIDE|R03,2026-05-31,Sportsbet Sandown Lakeside,3,2026-05-31|SPORTSBET SANDOWN LAKESIDE|R03|RUNNER:15634885,15634885,12,Wings Of Carmen,S.S.Cunningham,J.J.Lyon,2,4,4th,0,101.49,0.55,55,3.27,1605.0,-1,36.15,12.47,8,8,15.2,16.23,16.74,17.79,1400m,15.81,10.81,"Winner here in early April, out of the placings since but a bit keen at latest. Capable of better.",RACING.COM,https://www.racing.com/form/2026-05-31/sportsbet-sandown-lakeside/race/3/speed-data,outputs/sectionals/raw/VIC/racingcom_full_payloads/getRaceForm_f14f5f66d2202a1aa3.json,TripleS,true,true,RACINGCOM_SPEED_SEMANTICS_V1_1,FULL_RACE,1600,0,1600,,true,101.49,SUPPLIED_SPLIT_SUM_RECONCILES_TO_RUNNER_RACE_TIME
2026-05-31|SPORTSBET SANDOWN LAKESIDE|R03,2026-05-31,Sportsbet Sandown Lakeside,3,2026-05-31|SPORTSBET SANDOWN LAKESIDE|R03|RUNNER:15639930,15639930,4,Beautifully (NZ),Trent Busuttin & Natalie Young,J.G.Radley,4,5,5th,0,101.58,0.64,64,3.77,1606.0,,36.76,12.45,8,8,15.37,16.06,16.49,17.29,1400m,15.81,3.37,Rose in class at Warrnambool and it was an honest performance. Still lightly raced with upside.,RACING.COM,https://www.racing.com/form/2026-05-31/sportsbet-sandown-lakeside/race/3/speed-data,outputs/sectionals/raw/VIC/racingcom_full_payloads/getRaceForm_f14f5f66d2202a1aa3.json,TripleS,true,true,RACINGCOM_SPEED_SEMANTICS_V1_1,FULL_RACE,1600,0,1600,,true,101.58,SUPPLIED_SPLIT_SUM_RECONCILES_TO_RUNNER_RACE_TIME
2026-05-31|SPORTSBET SANDOWN LAKESIDE|R03,2026-05-31,Sportsbet Sandown Lakeside,3,2026-05-31|SPORTSBET SANDOWN LAKESIDE|R03|RUNNER:15634861,15634861,7,Rapid Cheval (NZ),S.B.Laming,L.J.Bates,11,6,6th,0,102.09,1.15,115,6.77,1606.0,,36.6,12.65,8,8,15.14,16.33,16.42,17.56,1400m,15.73,13.87,Resuming. Fifth and third in trials at the Heath. Found the line quite well at first of only two runs last prep.,RACING.COM,https://www.racing.com/form/2026-05-31/sportsbet-sandown-lakeside/race/3/speed-data,outputs/sectionals/raw/VIC/racingcom_full_payloads/getRaceForm_f14f5f66d2202a1aa3.json,TripleS,true,true,RACINGCOM_SPEED_SEMANTICS_V1_1,FULL_RACE,1600,0,1600,,true,102.09,SUPPLIED_SPLIT_SUM_RECONCILES_TO_RUNNER_RACE_TIME
2026-05-31|SPORTSBET SANDOWN LAKESIDE|R03,2026-05-31,Sportsbet Sandown Lakeside,3,2026-05-31|SPORTSBET SANDOWN LAKESIDE|R03|RUNNER:15636752,15636752,11,Pray Day,T.Rogers,J.Mott,5,7,7th,0,102.35,1.41,141,8.27,1606.0,,37,13.21,8,8,15.12,16.45,16.14,17.71,1400m,15.69,10.29,Fifth in a Cranbourne jumpout since struggling in the going (vetted) at latest. Previous consistent form reads well.,RACING.COM,https://www.racing.com/form/2026-05-31/sportsbet-sandown-lakeside/race/3/speed-data,outputs/sectionals/raw/VIC/racingcom_full_payloads/getRaceForm_f14f5f66d2202a1aa3.json,TripleS,true,true,RACINGCOM_SPEED_SEMANTICS_V1_1,FULL_RACE,1600,0,1600,,true,102.35,SUPPLIED_SPLIT_SUM_RECONCILES_TO_RUNNER_RACE_TIME
2026-05-31|SPORTSBET SANDOWN LAKESIDE|R03,2026-05-31,Sportsbet Sandown Lakeside,3,2026-05-31|SPORTSBET SANDOWN LAKESIDE|R03|RUNNER:15638167,15638167,3,Highness (FR),R.B.Cunningham,J.Bowditch,12,8,8th,0,102.35,1.41,141,8.33,1608.0,+2,36.81,12.7,8,8,15.06,16.56,16.26,17.15,1400m,15.71,8.33,Jumper resuming off a long spell having run last in a Pakenham jumpout. Prefer to see at this stage.,RACING.COM,https://www.racing.com/form/2026-05-31/sportsbet-sandown-lakeside/race/3/speed-data,outputs/sectionals/raw/VIC/racingcom_full_payloads/getRaceForm_f14f5f66d2202a1aa3.json,TripleS,true,true,RACINGCOM_SPEED_SEMANTICS_V1_1,FULL_RACE,1600,0,1600,,true,102.35,SUPPLIED_SPLIT_SUM_RECONCILES_TO_RUNNER_RACE_TIME
2026-05-31|SPORTSBET SANDOWN LAKESIDE|R05,2026-05-31,Sportsbet Sandown Lakeside,5,2026-05-31|SPORTSBET SANDOWN LAKESIDE|R05|RUNNER:15635747,15635747,3,Straand Deal,L.M.Kennewell,M.Zahra,4,1,1st,0,133.27,0,0,0.0,2108.0,,36.11,12.45,11,11,15.34,16.59,16.73,17.66,100m,15.82,11.47,Building a nice record winning half of six starts to date. Looked to have a bit in hand with blinkers added at latest.,RACING.COM,https://www.racing.com/form/2026-05-31/sportsbet-sandown-lakeside/race/5/speed-data,outputs/sectionals/raw/VIC/racingcom_full_payloads/getRaceForm_0a181cec92f35ee683.json,TripleS,true,true,RACINGCOM_SPEED_SEMANTICS_V1_1,FULL_RACE,2100,0,2100,,true,133.27,SUPPLIED_SPLIT_SUM_RECONCILES_TO_RUNNER_RACE_TIME
2026-05-31|SPORTSBET SANDOWN LAKESIDE|R05,2026-05-31,Sportsbet Sandown Lakeside,5,2026-05-31|SPORTSBET SANDOWN LAKESIDE|R05|RUNNER:15623596,15623596,12,Hard Evidence (FR),C.J.Waller,J.McNeil,9,2,2nd,0,134.49,1.22,122,7.0,2106.0,-2,37.16,12.95,11,11,15.31,16.5,16.01,17.5,100m,15.66,11.84,Fifth in a Hillside trial since a luckless run at only second local outing. Do not dismiss.,RACING.COM,https://www.racing.com/form/2026-05-31/sportsbet-sandown-lakeside/race/5/speed-data,outputs/sectionals/raw/VIC/racingcom_full_payloads/getRaceForm_0a181cec92f35ee683.json,TripleS,true,true,RACINGCOM_SPEED_SEMANTICS_V1_1,FULL_RACE,2100,0,2100,,true,134.49,SUPPLIED_SPLIT_SUM_RECONCILES_TO_RUNNER_RACE_TIME
2026-05-31|SPORTSBET SANDOWN LAKESIDE|R05,2026-05-31,Sportsbet Sandown Lakeside,5,2026-05-31|SPORTSBET SANDOWN LAKESIDE|R05|RUNNER:15634328,15634328,5,Morryl Moral (IRE),C.Maher,T.Stockdale,3,3,3rd,0,134.59,1.32,132,7.75,2108.0,,38.33,13.38,11,11,15.5,16.46,15.42,16.97,100m,15.66,7.83,Overraced badly in front in the Warrnambool Cup and not disgraced considering. Hurdling trial winner since.,RACING.COM,https://www.racing.com/form/2026-05-31/sportsbet-sandown-lakeside/race/5/speed-data,outputs/sectionals/raw/VIC/racingcom_full_payloads/getRaceForm_0a181cec92f35ee683.json,TripleS,true,true,RACINGCOM_SPEED_SEMANTICS_V1_1,FULL_RACE,2100,0,2100,,true,134.59,SUPPLIED_SPLIT_SUM_RECONCILES_TO_RUNNER_RACE_TIME
2026-05-31|SPORTSBET SANDOWN LAKESIDE|R05,2026-05-31,Sportsbet Sandown Lakeside,5,2026-05-31|SPORTSBET SANDOWN LAKESIDE|R05|RUNNER:15633497,15633497,11,Gripping,P.J.Lafferty,D.Thornton,10,4,4th,0,134.84,1.57,157,9.25,2108.0,,37.39,13.03,11,11,15.3,16.49,15.92,17.47,100m,15.63,13.66,"Jumping prospect who was unlucky not to have won latest, held up at a vital stage. Do not overlook.",RACING.COM,https://www.racing.com/form/2026-05-31/sportsbet-sandown-lakeside/race/5/speed-data,outputs/sectionals/raw/VIC/racingcom_full_payloads/getRaceForm_0a181cec92f35ee683.json,TripleS,true,true,RACINGCOM_SPEED_SEMANTICS_V1_1,FULL_RACE,2100,0,2100,,true,134.84,SUPPLIED_SPLIT_SUM_RECONCILES_TO_RUNNER_RACE_TIME
2026-05-31|SPORTSBET SANDOWN LAKESIDE|R05,2026-05-31,Sportsbet Sandown Lakeside,5,2026-05-31|SPORTSBET SANDOWN LAKESIDE|R05|RUNNER:15636915,15636915,7,Genrichero (NZ),M.Laurie,J.Mott,7,5,5th,0,134.91,1.64,164,9.65,2107.0,-1,37.73,13.21,11,11,15.34,16.41,15.76,17.08,100m,15.62,11.59,Not disgraced at two runs this campaign and better for them. Has raced well at this course.,RACING.COM,https://www.racing.com/form/2026-05-31/sportsbet-sandown-lakeside/race/5/speed-data,outputs/sectionals/raw/VIC/racingcom_full_payloads/getRaceForm_0a181cec92f35ee683.json,TripleS,true,true,RACINGCOM_SPEED_SEMANTICS_V1_1,FULL_RACE,2100,0,2100,,true,134.91,SUPPLIED_SPLIT_SUM_RECONCILES_TO_RUNNER_RACE_TIME
2026-05-31|SPORTSBET SANDOWN LAKESIDE|R05,2026-05-31,Sportsbet Sandown Lakeside,5,2026-05-31|SPORTSBET SANDOWN LAKESIDE|R05|RUNNER:15640539,15640539,6,All So Clear,"Ben, Will & JD Hayes",J.G.Radley,13,6,6th,0,134.96,1.69,169,9.9,2108.0,,38.18,13.45,11,11,15.43,16.32,15.54,16.93,100m,15.62,9.98,A bit one-paced last start but placed at two previous runs including a third over this trip at this track.,RACING.COM,https://www.racing.com/form/2026-05-31/sportsbet-sandown-lakeside/race/5/speed-data,outputs/sectionals/raw/VIC/racingcom_full_payloads/getRaceForm_0a181cec92f35ee683.json,TripleS,true,true,RACINGCOM_SPEED_SEMANTICS_V1_1,FULL_RACE,2100,0,2100,,true,134.96,SUPPLIED_SPLIT_SUM_RECONCILES_TO_RUNNER_RACE_TIME
2026-05-31|SPORTSBET SANDOWN LAKESIDE|R05,2026-05-31,Sportsbet Sandown Lakeside,5,2026-05-31|SPORTSBET SANDOWN LAKESIDE|R05|RUNNER:15641233,15641233,13,Up And Under (FR),D.M.Noonan,L.K.Cartwright,12,7,7th,0,135.11,1.84,184,10.65,2106.0,-2,38.61,13.78,11,11,15.45,16.43,15.23,16.81,100m,15.59,8.14,Appreciated the step up in trip at Mornington third up but this is tougher. Go both ways this time.,RACING.COM,https://www.racing.com/form/2026-05-31/sportsbet-sandown-lakeside/race/5/speed-data,outputs/sectionals/raw/VIC/racingcom_full_payloads/getRaceForm_0a181cec92f35ee683.json,TripleS,true,true,RACINGCOM_SPEED_SEMANTICS_V1_1,FULL_RACE,2100,0,2100,,true,135.11,SUPPLIED_SPLIT_SUM_RECONCILES_TO_RUNNER_RACE_TIME
2026-05-31|SPORTSBET SANDOWN LAKESIDE|R05,2026-05-31,Sportsbet Sandown Lakeside,5,2026-05-31|SPORTSBET SANDOWN LAKESIDE|R05|RUNNER:15633374,15633374,10,Pearl King,A.Leek,L.Nolen,11,8,8th,0,135.35,2.08,208,11.9,2108.0,,38.25,13.77,11,11,15.37,16.55,15.35,17.18,100m,15.57,10.38,Former WA galloper who was good swamping rivals from rear at Pakenham. Tougher here but is lightly raced and promising.,RACING.COM,https://www.racing.com/form/2026-05-31/sportsbet-sandown-lakeside/race/5/speed-data,outputs/sectionals/raw/VIC/racingcom_full_payloads/getRaceForm_0a181cec92f35ee683.json,TripleS,true,true,RACINGCOM_SPEED_SEMANTICS_V1_1,FULL_RACE,2100,0,2100,,true,135.35,SUPPLIED_SPLIT_SUM_RECONCILES_TO_RUNNER_RACE_TIME
2026-05-31|SPORTSBET SANDOWN LAKESIDE|R05,2026-05-31,Sportsbet Sandown Lakeside,5,2026-05-31|SPORTSBET SANDOWN LAKESIDE|R05|RUNNER:15634331,15634331,8,Royal Emblem (GB),C.Maher,J.A.Johnstone,2,9,9th,0,135.39,2.12,212,12.15,2107.0,-1,38.4,13.6,11,11,15.36,16.41,15.4,17.17,100m,15.56,13.36,Improted galloper who was not disgraced at local debut. Tougher here but is bound to be improved.,RACING.COM,https://www.racing.com/form/2026-05-31/sportsbet-sandown-lakeside/race/5/speed-data,outputs/sectionals/raw/VIC/racingcom_full_payloads/getRaceForm_0a181cec92f35ee683.json,TripleS,true,true,RACINGCOM_SPEED_SEMANTICS_V1_1,FULL_RACE,2100,0,2100,,true,135.39,SUPPLIED_SPLIT_SUM_RECONCILES_TO_RUNNER_RACE_TIME
2026-05-31|SPORTSBET SANDOWN LAKESIDE|R05,2026-05-31,Sportsbet Sandown Lakeside,5,2026-05-31|SPORTSBET SANDOWN LAKESIDE|R05|RUNNER:15637049,15637049,9,Superstock (NZ),Mark & Levi Kavanagh,J.Bowditch,1,10,10th,0,136.24,2.97,297,16.65,2106.0,-2,39.4,14.19,11,11,15.38,16.4,14.83,16.87,100m,15.46,7.29,Got back in a race not run to suit last time and was not disgraced. Looks ready for this step up in distance.,RACING.COM,https://www.racing.com/form/2026-05-31/sportsbet-sandown-lakeside/race/5/speed-data,outputs/sectionals/raw/VIC/racingcom_full_payloads/getRaceForm_0a181cec92f35ee683.json,TripleS,true,true,RACINGCOM_SPEED_SEMANTICS_V1_1,FULL_RACE,2100,0,2100,,true,136.24,SUPPLIED_SPLIT_SUM_RECONCILES_TO_RUNNER_RACE_TIME
2026-05-31|SPORTSBET SANDOWN LAKESIDE|R05,2026-05-31,Sportsbet Sandown Lakeside,5,2026-05-31|SPORTSBET SANDOWN LAKESIDE|R05|RUNNER:15630122,15630122,4,Like A Tiger (GB),M.R.Smerdon,J.M.Allen,6,11,11th,0,136.43,3.16,316,17.65,2112.0,+4,39.65,14.41,11,11,15.47,16.58,15.77,16.83,100m,15.48,8.07,Narrow winner on a heavy track two back. Covered ground early latest and grabbed on the line: great fight.,RACING.COM,https://www.racing.com/form/2026-05-31/sportsbet-sandown-lakeside/race/5/speed-data,outputs/sectionals/raw/VIC/racingcom_full_payloads/getRaceForm_0a181cec92f35ee683.json,TripleS,true,true,RACINGCOM_SPEED_SEMANTICS_V1_1,FULL_RACE,2100,0,2100,,true,136.43,SUPPLIED_SPLIT_SUM_RECONCILES_TO_RUNNER_RACE_TIME
2026-05-31|SPORTSBET SANDOWN LAKESIDE|R06,2026-05-31,Sportsbet Sandown Lakeside,6,2026-05-31|SPORTSBET SANDOWN LAKESIDE|R06|RUNNER:15640541,15640541,6,The Western Front (NZ),"Ben, Will & JD Hayes",L.Currie,8,1,1st,0,211.31,0,0,0.0,3214.0,,36.75,12.68,16,16,14.83,16.75,16.89,17.25,3000m,15.21,6.78,"Won two in a row before getting a bit too far back last start, still solid to the line. Include again.",RACING.COM,https://www.racing.com/form/2026-05-31/sportsbet-sandown-lakeside/race/6/speed-data,outputs/sectionals/raw/VIC/racingcom_full_payloads/getRaceForm_fc22a6003accd196b5.json,TripleS,true,true,RACINGCOM_SPEED_SEMANTICS_V1_1,FULL_RACE,3200,0,3200,,true,211.31,SUPPLIED_SPLIT_SUM_RECONCILES_TO_RUNNER_RACE_TIME
2026-05-31|SPORTSBET SANDOWN LAKESIDE|R06,2026-05-31,Sportsbet Sandown Lakeside,6,2026-05-31|SPORTSBET SANDOWN LAKESIDE|R06|RUNNER:15636043,15636043,10,Zibulon (FR),P.A.Preusker,T.M.Nugent,4,2,2nd,0,211.33,0.02,2,0.1,3217.0,+3,36.53,12.53,16,16,14.78,16.81,16.91,17.39,3000m,15.22,8.77,Jumping prospect who has not been disgraced at last couple. Trifecta hope.,RACING.COM,https://www.racing.com/form/2026-05-31/sportsbet-sandown-lakeside/race/6/speed-data,outputs/sectionals/raw/VIC/racingcom_full_payloads/getRaceForm_fc22a6003accd196b5.json,TripleS,true,true,RACINGCOM_SPEED_SEMANTICS_V1_1,FULL_RACE,3200,0,3200,,true,211.33,SUPPLIED_SPLIT_SUM_RECONCILES_TO_RUNNER_RACE_TIME
2026-05-31|SPORTSBET SANDOWN LAKESIDE|R06,2026-05-31,Sportsbet Sandown Lakeside,6,2026-05-31|SPORTSBET SANDOWN LAKESIDE|R06|RUNNER:15641121,15641121,4,Tajanis (IRE),C.J.Littlefield,L.J.Neindorf,11,3,3rd,0,211.33,0.02,2,0.12,3213.0,-1,36.81,12.53,16,16,14.85,16.33,16.61,16.91,3000m,15.2,5.79,"New stable, ex Chris Waller. Fourth of five in a Pakenham jumpout. Below best last time in, check betting.",RACING.COM,https://www.racing.com/form/2026-05-31/sportsbet-sandown-lakeside/race/6/speed-data,outputs/sectionals/raw/VIC/racingcom_full_payloads/getRaceForm_fc22a6003accd196b5.json,TripleS,true,true,RACINGCOM_SPEED_SEMANTICS_V1_1,FULL_RACE,3200,0,3200,,true,211.33,SUPPLIED_SPLIT_SUM_RECONCILES_TO_RUNNER_RACE_TIME
2026-05-31|SPORTSBET SANDOWN LAKESIDE|R06,2026-05-31,Sportsbet Sandown Lakeside,6,2026-05-31|SPORTSBET SANDOWN LAKESIDE|R06|RUNNER:15640798,15640798,3,Tempesti (ITY),M.S.S.Cumani,D.Thornton,7,4,4th,0,211.74,0.43,43,2.62,3216.0,+2,36.9,12.74,16,16,14.8,16.69,16.58,17.26,2800m,15.19,9.24,Was back in trip when running well in the Warrnambool Cup. Had been sound to the line at previous Sydney runs.,RACING.COM,https://www.racing.com/form/2026-05-31/sportsbet-sandown-lakeside/race/6/speed-data,outputs/sectionals/raw/VIC/racingcom_full_payloads/getRaceForm_fc22a6003accd196b5.json,TripleS,true,true,RACINGCOM_SPEED_SEMANTICS_V1_1,FULL_RACE,3200,0,3200,,true,211.74,SUPPLIED_SPLIT_SUM_RECONCILES_TO_RUNNER_RACE_TIME
2026-05-31|SPORTSBET SANDOWN LAKESIDE|R06,2026-05-31,Sportsbet Sandown Lakeside,6,2026-05-31|SPORTSBET SANDOWN LAKESIDE|R06|RUNNER:15637738,15637738,5,Sir Chartwell (FR),Annabel & Rob Archibald,D.Bates,6,5,5th,0,212.8,1.49,149,8.62,3211.0,-3,38.54,13.47,16,16,14.87,16.28,15.98,16.49,2600m,15.09,6.12,Looks ready for an even longer test having been game on pace at Flemington. One of the main chances.,RACING.COM,https://www.racing.com/form/2026-05-31/sportsbet-sandown-lakeside/race/6/speed-data,outputs/sectionals/raw/VIC/racingcom_full_payloads/getRaceForm_fc22a6003accd196b5.json,TripleS,true,true,RACINGCOM_SPEED_SEMANTICS_V1_1,FULL_RACE,3200,0,3200,,true,212.8,SUPPLIED_SPLIT_SUM_RECONCILES_TO_RUNNER_RACE_TIME
2026-05-31|SPORTSBET SANDOWN LAKESIDE|R06,2026-05-31,Sportsbet Sandown Lakeside,6,2026-05-31|SPORTSBET SANDOWN LAKESIDE|R06|RUNNER:15640398,15640398,1,Crouch (NZ),M.P.Breslin,H.T.Coffey,2,6,6th,0,213.11,1.8,180,10.37,3214.0,,38.46,13.42,16,16,14.84,16.36,15.76,16.79,2600m,15.08,9.94,"Maybe too close to the pace at Flemington, not a bad Australian debut and better for it.",RACING.COM,https://www.racing.com/form/2026-05-31/sportsbet-sandown-lakeside/race/6/speed-data,outputs/sectionals/raw/VIC/racingcom_full_payloads/getRaceForm_fc22a6003accd196b5.json,TripleS,true,true,RACINGCOM_SPEED_SEMANTICS_V1_1,FULL_RACE,3200,0,3200,,true,213.11,SUPPLIED_SPLIT_SUM_RECONCILES_TO_RUNNER_RACE_TIME
2026-05-31|SPORTSBET SANDOWN LAKESIDE|R06,2026-05-31,Sportsbet Sandown Lakeside,6,2026-05-31|SPORTSBET SANDOWN LAKESIDE|R06|RUNNER:15640948,15640948,8,Shamarkand (FR),S.Jackson,L.K.Cartwright,10,7,7th,0,213.38,2.07,207,11.87,3216.0,+2,38.21,13.5,16,16,14.77,16.75,16.15,17.09,2600m,15.07,11.25,Hurdler who has been safely held at latest flat runs.,RACING.COM,https://www.racing.com/form/2026-05-31/sportsbet-sandown-lakeside/race/6/speed-data,outputs/sectionals/raw/VIC/racingcom_full_payloads/getRaceForm_fc22a6003accd196b5.json,TripleS,true,true,RACINGCOM_SPEED_SEMANTICS_V1_1,FULL_RACE,3200,0,3200,,true,213.38,SUPPLIED_SPLIT_SUM_RECONCILES_TO_RUNNER_RACE_TIME
2026-05-31|SPORTSBET SANDOWN LAKESIDE|R06,2026-05-31,Sportsbet Sandown Lakeside,6,2026-05-31|SPORTSBET SANDOWN LAKESIDE|R06|RUNNER:15640637,15640637,11,Reddivo (NZ),J.W.Edwards,J.B.Stanley,9,8,8th,0,215.23,3.92,392,21.87,3219.0,+5,39.91,14.45,16,16,14.73,16.67,15.66,16.89,2600m,14.96,7.21,Has won two of three attepts over this trip and was sound to the line at Werribee. Worth including.,RACING.COM,https://www.racing.com/form/2026-05-31/sportsbet-sandown-lakeside/race/6/speed-data,outputs/sectionals/raw/VIC/racingcom_full_payloads/getRaceForm_fc22a6003accd196b5.json,TripleS,true,true,RACINGCOM_SPEED_SEMANTICS_V1_1,FULL_RACE,3200,0,3200,,true,215.23,SUPPLIED_SPLIT_SUM_RECONCILES_TO_RUNNER_RACE_TIME
2026-05-31|SPORTSBET SANDOWN LAKESIDE|R07,2026-05-31,Sportsbet Sandown Lakeside,7,2026-05-31|SPORTSBET SANDOWN LAKESIDE|R07|RUNNER:15634387,15634387,12,Silent Shares,G.M.Bedggood,T.Stockdale,14,1,1st,0,86.6,0,0,0.0,1409.0,,34.82,11.83,7,7,15.36,16.61,17.44,18.26,1200m,16.27,13.8,Vetted having been under pressure a long way out when resuming. Fitter and has raced well here.,RACING.COM,https://www.racing.com/form/2026-05-31/sportsbet-sandown-lakeside/race/7/speed-data,outputs/sectionals/raw/VIC/racingcom_full_payloads/getRaceForm_1b68a9c517797c10bc.json,TripleS,true,true,RACINGCOM_SPEED_SEMANTICS_V1_1,FULL_RACE,1400,0,1400,,true,86.6,SUPPLIED_SPLIT_SUM_RECONCILES_TO_RUNNER_RACE_TIME
2026-05-31|SPORTSBET SANDOWN LAKESIDE|R07,2026-05-31,Sportsbet Sandown Lakeside,7,2026-05-31|SPORTSBET SANDOWN LAKESIDE|R07|RUNNER:15636601,15636601,11,Thebelmontgangster (IRE),Anthony & Sam Freedman,L.Currie,11,2,2nd,0,86.62,0.02,2,0.1,1408.0,-1,35.51,12.27,7,7,15.69,16.38,17.02,18.29,1200m,16.25,10.5,"Struggled in the heavy conditions at the Bool, doing a bit wrong when resuming. Fitter and does have talent.",RACING.COM,https://www.racing.com/form/2026-05-31/sportsbet-sandown-lakeside/race/7/speed-data,outputs/sectionals/raw/VIC/racingcom_full_payloads/getRaceForm_1b68a9c517797c10bc.json,TripleS,true,true,RACINGCOM_SPEED_SEMANTICS_V1_1,FULL_RACE,1400,0,1400,,true,86.62,SUPPLIED_SPLIT_SUM_RECONCILES_TO_RUNNER_RACE_TIME
2026-05-31|SPORTSBET SANDOWN LAKESIDE|R07,2026-05-31,Sportsbet Sandown Lakeside,7,2026-05-31|SPORTSBET SANDOWN LAKESIDE|R07|RUNNER:15637047,15637047,9,Prevailed,Mark & Levi Kavanagh,J.Bowditch,1,3,3rd,0,86.84,0.24,24,1.35,1404.0,-5,36.28,12.63,7,7,15.79,16.4,16.54,17.9,1200m,16.17,7.59,Stuck on ok from on pace at the Heath track. In consistent form and in the first three all three starts here.,RACING.COM,https://www.racing.com/form/2026-05-31/sportsbet-sandown-lakeside/race/7/speed-data,outputs/sectionals/raw/VIC/racingcom_full_payloads/getRaceForm_1b68a9c517797c10bc.json,TripleS,true,true,RACINGCOM_SPEED_SEMANTICS_V1_1,FULL_RACE,1400,0,1400,,true,86.84,SUPPLIED_SPLIT_SUM_RECONCILES_TO_RUNNER_RACE_TIME
2026-05-31|SPORTSBET SANDOWN LAKESIDE|R07,2026-05-31,Sportsbet Sandown Lakeside,7,2026-05-31|SPORTSBET SANDOWN LAKESIDE|R07|RUNNER:15631575,15631575,6,Margie's Boy,P.Gelagotis,J.McNeil,13,4,4th,0,87.24,0.64,64,3.85,1409.0,,36.4,12.96,7,7,15.74,16.54,16.37,17.79,400m,16.15,9.98,Slow out and was well beaten at Warrnambool at his second run back from a spell. Fitter again and has won here.,RACING.COM,https://www.racing.com/form/2026-05-31/sportsbet-sandown-lakeside/race/7/speed-data,outputs/sectionals/raw/VIC/racingcom_full_payloads/getRaceForm_1b68a9c517797c10bc.json,TripleS,true,true,RACINGCOM_SPEED_SEMANTICS_V1_1,FULL_RACE,1400,0,1400,,true,87.24,SUPPLIED_SPLIT_SUM_RECONCILES_TO_RUNNER_RACE_TIME
2026-05-31|SPORTSBET SANDOWN LAKESIDE|R07,2026-05-31,Sportsbet Sandown Lakeside,7,2026-05-31|SPORTSBET SANDOWN LAKESIDE|R07|RUNNER:15638701,15638701,1,Legio Ten,R.J.Goodwin,E.K.Pozman,3,5,5th,0,87.43,0.83,83,5.1,1404.0,-5,36.33,12.72,7,7,15.62,16.3,16.5,17.99,1200m,16.06,8.04,Ran nicely here in early April and has been in flying form since. Chance for the hat-trick.,RACING.COM,https://www.racing.com/form/2026-05-31/sportsbet-sandown-lakeside/race/7/speed-data,outputs/sectionals/raw/VIC/racingcom_full_payloads/getRaceForm_1b68a9c517797c10bc.json,TripleS,true,true,RACINGCOM_SPEED_SEMANTICS_V1_1,FULL_RACE,1400,0,1400,,true,87.43,SUPPLIED_SPLIT_SUM_RECONCILES_TO_RUNNER_RACE_TIME
2026-05-31|SPORTSBET SANDOWN LAKESIDE|R07,2026-05-31,Sportsbet Sandown Lakeside,7,2026-05-31|SPORTSBET SANDOWN LAKESIDE|R07|RUNNER:15640159,15640159,7,Masterful,E.Jusufovic,L.J.Neindorf,6,6,6th,0,87.46,0.86,86,5.35,1405.0,-4,36.11,12.58,7,7,15.47,16.48,16.6,17.8,1200m,16.06,7.38,Won a Cranbourne jumpout before working home OK at Pakenham fresh. Fitter; placed two of three starts here.,RACING.COM,https://www.racing.com/form/2026-05-31/sportsbet-sandown-lakeside/race/7/speed-data,outputs/sectionals/raw/VIC/racingcom_full_payloads/getRaceForm_1b68a9c517797c10bc.json,TripleS,true,true,RACINGCOM_SPEED_SEMANTICS_V1_1,FULL_RACE,1400,0,1400,,true,87.46,SUPPLIED_SPLIT_SUM_RECONCILES_TO_RUNNER_RACE_TIME
2026-05-31|SPORTSBET SANDOWN LAKESIDE|R07,2026-05-31,Sportsbet Sandown Lakeside,7,2026-05-31|SPORTSBET SANDOWN LAKESIDE|R07|RUNNER:15634189,15634189,8,Prestige Forever,J.Sandhu,J.Mott,7,7,7th,0,87.48,0.88,88,5.41,1407.0,-2,36.02,12.76,7,7,15.46,16.55,16.6,18.16,1200m,16.08,12.69,Below best at two runs back from a very long spell. Better for them but prefer to wait for more.,RACING.COM,https://www.racing.com/form/2026-05-31/sportsbet-sandown-lakeside/race/7/speed-data,outputs/sectionals/raw/VIC/racingcom_full_payloads/getRaceForm_1b68a9c517797c10bc.json,TripleS,true,true,RACINGCOM_SPEED_SEMANTICS_V1_1,FULL_RACE,1400,0,1400,,true,87.48,SUPPLIED_SPLIT_SUM_RECONCILES_TO_RUNNER_RACE_TIME
2026-05-31|SPORTSBET SANDOWN LAKESIDE|R07,2026-05-31,Sportsbet Sandown Lakeside,7,2026-05-31|SPORTSBET SANDOWN LAKESIDE|R07|RUNNER:15641119,15641119,10,Saveadateforme (NZ),C.J.Littlefield,D.Bates,12,8,8th,0,87.81,1.21,121,7.41,1407.0,-2,35.82,12.51,7,7,15.27,16.48,16.8,17.9,1200m,16.02,13.43,Resumes having been unplaced in a Pakenham jumpout and Heath trial. Can race ok fresh and has place claims.,RACING.COM,https://www.racing.com/form/2026-05-31/sportsbet-sandown-lakeside/race/7/speed-data,outputs/sectionals/raw/VIC/racingcom_full_payloads/getRaceForm_1b68a9c517797c10bc.json,TripleS,true,true,RACINGCOM_SPEED_SEMANTICS_V1_1,FULL_RACE,1400,0,1400,,true,87.81,SUPPLIED_SPLIT_SUM_RECONCILES_TO_RUNNER_RACE_TIME
2026-05-31|SPORTSBET SANDOWN LAKESIDE|R07,2026-05-31,Sportsbet Sandown Lakeside,7,2026-05-31|SPORTSBET SANDOWN LAKESIDE|R07|RUNNER:15639475,15639475,3,Nation State,J.F.Moloney,B.Mertens,2,9,9th,0,87.87,1.27,127,7.76,1405.0,-4,36.5,12.95,7,7,15.55,16.35,16.34,17.91,1200m,15.99,10.16,"No luck at all at Bendigo two starts ago, looking to have had every chance there last time. Twice a winner here.",RACING.COM,https://www.racing.com/form/2026-05-31/sportsbet-sandown-lakeside/race/7/speed-data,outputs/sectionals/raw/VIC/racingcom_full_payloads/getRaceForm_1b68a9c517797c10bc.json,TripleS,true,true,RACINGCOM_SPEED_SEMANTICS_V1_1,FULL_RACE,1400,0,1400,,true,87.87,SUPPLIED_SPLIT_SUM_RECONCILES_TO_RUNNER_RACE_TIME
2026-05-31|SPORTSBET SANDOWN LAKESIDE|R07,2026-05-31,Sportsbet Sandown Lakeside,7,2026-05-31|SPORTSBET SANDOWN LAKESIDE|R07|RUNNER:15640535,15640535,14,Impending War,"Ben, Will & JD Hayes",H.T.Coffey,5,10,10th,0,87.87,1.27,127,7.78,1406.0,-3,36.04,12.68,7,7,15.33,16.36,16.75,18.12,1200m,16.0,12.6,"Resumes having run third in two Pakenham jumpouts. Sound third at first of only two summer runs, again given time.",RACING.COM,https://www.racing.com/form/2026-05-31/sportsbet-sandown-lakeside/race/7/speed-data,outputs/sectionals/raw/VIC/racingcom_full_payloads/getRaceForm_1b68a9c517797c10bc.json,TripleS,true,true,RACINGCOM_SPEED_SEMANTICS_V1_1,FULL_RACE,1400,0,1400,,true,87.87,SUPPLIED_SPLIT_SUM_RECONCILES_TO_RUNNER_RACE_TIME
2026-05-31|SPORTSBET SANDOWN LAKESIDE|R07,2026-05-31,Sportsbet Sandown Lakeside,7,2026-05-31|SPORTSBET SANDOWN LAKESIDE|R07|RUNNER:15632345,15632345,4,Nearing Liberty,M.Brown,J.B.Stanley,4,11,11th,0,88.01,1.41,141,8.53,1408.0,-1,36.41,12.82,7,7,15.44,16.45,16.42,17.92,1200m,16.0,9.8,Resumes. Fourth Cranbourne jumpout/third Heath trial. Was in winning form at this track first up last time in.,RACING.COM,https://www.racing.com/form/2026-05-31/sportsbet-sandown-lakeside/race/7/speed-data,outputs/sectionals/raw/VIC/racingcom_full_payloads/getRaceForm_1b68a9c517797c10bc.json,TripleS,true,true,RACINGCOM_SPEED_SEMANTICS_V1_1,FULL_RACE,1400,0,1400,,true,88.01,SUPPLIED_SPLIT_SUM_RECONCILES_TO_RUNNER_RACE_TIME
2026-05-31|SPORTSBET SANDOWN LAKESIDE|R07,2026-05-31,Sportsbet Sandown Lakeside,7,2026-05-31|SPORTSBET SANDOWN LAKESIDE|R07|RUNNER:15641120,15641120,2,Kengero (FR),C.J.Littlefield,J.G.Radley,9,12,12th,0,88.06,1.46,146,8.83,1407.0,-2,36.49,12.87,7,7,15.41,16.48,16.4,18.05,1200m,15.98,8.38,Resuming. Fourth/last in Heath trials. Ran on nicely when second at Seymour at start of latest campaign.,RACING.COM,https://www.racing.com/form/2026-05-31/sportsbet-sandown-lakeside/race/7/speed-data,outputs/sectionals/raw/VIC/racingcom_full_payloads/getRaceForm_1b68a9c517797c10bc.json,TripleS,true,true,RACINGCOM_SPEED_SEMANTICS_V1_1,FULL_RACE,1400,0,1400,,true,88.06,SUPPLIED_SPLIT_SUM_RECONCILES_TO_RUNNER_RACE_TIME
2026-05-31|SPORTSBET SANDOWN LAKESIDE|R08,2026-05-31,Sportsbet Sandown Lakeside,8,2026-05-31|SPORTSBET SANDOWN LAKESIDE|R08|RUNNER:15634339,15634339,2,Ten Commandments,C.Maher,J.A.Johnstone,7,1,1st,0,73.2,0,0,0.0,1208.0,,34.19,11.75,6,6,14.94,17.25,17.58,18.66,1000m,16.5,11.37,"Resumes for new stable, ex Paul Preusker. 5th Cranbourne jumpout/3rd Heath trial. Ok late first up last prep, place.",RACING.COM,https://www.racing.com/form/2026-05-31/sportsbet-sandown-lakeside/race/8/speed-data,outputs/sectionals/raw/VIC/racingcom_full_payloads/getRaceForm_01fbf80b1e6eb59398.json,TripleS,true,true,RACINGCOM_SPEED_SEMANTICS_V1_1,FULL_RACE,1200,0,1200,,true,73.2,SUPPLIED_SPLIT_SUM_RECONCILES_TO_RUNNER_RACE_TIME
2026-05-31|SPORTSBET SANDOWN LAKESIDE|R08,2026-05-31,Sportsbet Sandown Lakeside,8,2026-05-31|SPORTSBET SANDOWN LAKESIDE|R08|RUNNER:15629700,15629700,3,Keane Enuff,A.Leek,L.Nolen,5,2,2nd,0,73.94,0.74,74,4.5,1207.0,-1,35.03,12.18,6,6,15.01,16.96,17.2,18.44,1000m,16.32,11.71,Sound effort off a wide run when resuming. Twice placed second up and has been successful here.,RACING.COM,https://www.racing.com/form/2026-05-31/sportsbet-sandown-lakeside/race/8/speed-data,outputs/sectionals/raw/VIC/racingcom_full_payloads/getRaceForm_01fbf80b1e6eb59398.json,TripleS,true,true,RACINGCOM_SPEED_SEMANTICS_V1_1,FULL_RACE,1200,0,1200,,true,73.94,SUPPLIED_SPLIT_SUM_RECONCILES_TO_RUNNER_RACE_TIME
2026-05-31|SPORTSBET SANDOWN LAKESIDE|R08,2026-05-31,Sportsbet Sandown Lakeside,8,2026-05-31|SPORTSBET SANDOWN LAKESIDE|R08|RUNNER:15634340,15634340,12,Vienna Vixen,C.Maher,C.Williams,9,3,3rd,0,74.06,0.86,86,5.25,1207.0,-1,34.94,12.06,6,6,15.09,16.6,17.37,18.66,1000m,16.3,9.7,Has not been too far away of late and has been twice placed from three starts here. Should not be far away.,RACING.COM,https://www.racing.com/form/2026-05-31/sportsbet-sandown-lakeside/race/8/speed-data,outputs/sectionals/raw/VIC/racingcom_full_payloads/getRaceForm_01fbf80b1e6eb59398.json,TripleS,true,true,RACINGCOM_SPEED_SEMANTICS_V1_1,FULL_RACE,1200,0,1200,,true,74.06,SUPPLIED_SPLIT_SUM_RECONCILES_TO_RUNNER_RACE_TIME
2026-05-31|SPORTSBET SANDOWN LAKESIDE|R08,2026-05-31,Sportsbet Sandown Lakeside,8,2026-05-31|SPORTSBET SANDOWN LAKESIDE|R08|RUNNER:15632346,15632346,5,Mr Exclusive,M.Brown,J.B.Stanley,13,4,4th,0,74.15,0.95,95,5.75,1209.0,+1,35.19,12.08,6,6,15.18,16.74,17.12,18.31,1000m,16.3,6.94,Resuming. Second/fourth Cranbourne jumpouts. Tends to improve with racing but has a touch of class.,RACING.COM,https://www.racing.com/form/2026-05-31/sportsbet-sandown-lakeside/race/8/speed-data,outputs/sectionals/raw/VIC/racingcom_full_payloads/getRaceForm_01fbf80b1e6eb59398.json,TripleS,true,true,RACINGCOM_SPEED_SEMANTICS_V1_1,FULL_RACE,1200,0,1200,,true,74.15,SUPPLIED_SPLIT_SUM_RECONCILES_TO_RUNNER_RACE_TIME
2026-05-31|SPORTSBET SANDOWN LAKESIDE|R08,2026-05-31,Sportsbet Sandown Lakeside,8,2026-05-31|SPORTSBET SANDOWN LAKESIDE|R08|RUNNER:15622323,15622323,7,Zethus,P.J.Smith,E.K.Pozman,3,5,5th,0,74.17,0.97,97,5.9,1205.0,-3,34.81,11.92,6,6,14.97,16.57,17.38,18.59,1000m,16.25,6.8,"Has shown improvement at each run this time in, a strong finish at Albury suggesting that a win is close.",RACING.COM,https://www.racing.com/form/2026-05-31/sportsbet-sandown-lakeside/race/8/speed-data,outputs/sectionals/raw/VIC/racingcom_full_payloads/getRaceForm_01fbf80b1e6eb59398.json,TripleS,true,true,RACINGCOM_SPEED_SEMANTICS_V1_1,FULL_RACE,1200,0,1200,,true,74.17,SUPPLIED_SPLIT_SUM_RECONCILES_TO_RUNNER_RACE_TIME
2026-05-31|SPORTSBET SANDOWN LAKESIDE|R08,2026-05-31,Sportsbet Sandown Lakeside,8,2026-05-31|SPORTSBET SANDOWN LAKESIDE|R08|RUNNER:15634190,15634190,10,Capricorn Star,J.Sandhu,J.Mott,8,6,6th,0,74.22,1.02,102,6.3,1208.0,,35.08,12.18,6,6,15.1,16.71,17.15,18.27,1000m,16.28,8.53,Backed from $6 to $4.40 fresh and kept going for a close on-pace third. Fitter with each-way claims again.,RACING.COM,https://www.racing.com/form/2026-05-31/sportsbet-sandown-lakeside/race/8/speed-data,outputs/sectionals/raw/VIC/racingcom_full_payloads/getRaceForm_01fbf80b1e6eb59398.json,TripleS,true,true,RACINGCOM_SPEED_SEMANTICS_V1_1,FULL_RACE,1200,0,1200,,true,74.22,SUPPLIED_SPLIT_SUM_RECONCILES_TO_RUNNER_RACE_TIME
2026-05-31|SPORTSBET SANDOWN LAKESIDE|R08,2026-05-31,Sportsbet Sandown Lakeside,8,2026-05-31|SPORTSBET SANDOWN LAKESIDE|R08|RUNNER:15634865,15634865,4,Wolfy (NZ),N.R.Ryan,J.McNeil,4,7,7th,0,74.26,1.06,106,6.55,1205.0,-3,34.81,11.96,6,6,14.8,16.77,17.34,18.45,1000m,16.23,11.98,Fifth in a Werribee jumpout since finishing off well off usual slow start at Caulfield. Two time winner at the trip.,RACING.COM,https://www.racing.com/form/2026-05-31/sportsbet-sandown-lakeside/race/8/speed-data,outputs/sectionals/raw/VIC/racingcom_full_payloads/getRaceForm_01fbf80b1e6eb59398.json,TripleS,true,true,RACINGCOM_SPEED_SEMANTICS_V1_1,FULL_RACE,1200,0,1200,,true,74.26,SUPPLIED_SPLIT_SUM_RECONCILES_TO_RUNNER_RACE_TIME
2026-05-31|SPORTSBET SANDOWN LAKESIDE|R08,2026-05-31,Sportsbet Sandown Lakeside,8,2026-05-31|SPORTSBET SANDOWN LAKESIDE|R08|RUNNER:15639171,15639171,8,Humble Trader,G.Eurell,L.J.Neindorf,10,8,8th,0,74.36,1.16,116,7.3,1205.0,-3,35.48,12.38,6,6,15.23,16.62,16.88,17.97,1000m,16.2,4.84,Lightly raced galloper who has already won here. Just even at Flemington but was second up. Fitter again.,RACING.COM,https://www.racing.com/form/2026-05-31/sportsbet-sandown-lakeside/race/8/speed-data,outputs/sectionals/raw/VIC/racingcom_full_payloads/getRaceForm_01fbf80b1e6eb59398.json,TripleS,true,true,RACINGCOM_SPEED_SEMANTICS_V1_1,FULL_RACE,1200,0,1200,,true,74.36,SUPPLIED_SPLIT_SUM_RECONCILES_TO_RUNNER_RACE_TIME
2026-05-31|SPORTSBET SANDOWN LAKESIDE|R08,2026-05-31,Sportsbet Sandown Lakeside,8,2026-05-31|SPORTSBET SANDOWN LAKESIDE|R08|RUNNER:15639889,15639889,15,Glove Artist,T.M.Cottier,T.M.Nugent,16,9,9th,0,74.51,1.31,131,8.05,1207.0,-1,35.18,12.04,6,6,14.68,16.99,17.19,18.16,1000m,16.2,15.19,Ran on quite well when resuming only to prove disappointing since. Will need to be at best.,RACING.COM,https://www.racing.com/form/2026-05-31/sportsbet-sandown-lakeside/race/8/speed-data,outputs/sectionals/raw/VIC/racingcom_full_payloads/getRaceForm_01fbf80b1e6eb59398.json,TripleS,true,true,RACINGCOM_SPEED_SEMANTICS_V1_1,FULL_RACE,1200,0,1200,,true,74.51,SUPPLIED_SPLIT_SUM_RECONCILES_TO_RUNNER_RACE_TIME
2026-05-31|SPORTSBET SANDOWN LAKESIDE|R08,2026-05-31,Sportsbet Sandown Lakeside,8,2026-05-31|SPORTSBET SANDOWN LAKESIDE|R08|RUNNER:15640645,15640645,11,Antisocial,W.B.Brisbourne,J.G.Radley,11,10,10th,0,74.54,1.34,134,8.25,1208.0,,35.22,12.17,6,6,14.87,16.86,17.07,18.35,1000m,16.21,15.11,Up in class after winning two of past three. Slow away the other time. Worth including.,RACING.COM,https://www.racing.com/form/2026-05-31/sportsbet-sandown-lakeside/race/8/speed-data,outputs/sectionals/raw/VIC/racingcom_full_payloads/getRaceForm_01fbf80b1e6eb59398.json,TripleS,true,true,RACINGCOM_SPEED_SEMANTICS_V1_1,FULL_RACE,1200,0,1200,,true,74.54,SUPPLIED_SPLIT_SUM_RECONCILES_TO_RUNNER_RACE_TIME
2026-05-31|SPORTSBET SANDOWN LAKESIDE|R08,2026-05-31,Sportsbet Sandown Lakeside,8,2026-05-31|SPORTSBET SANDOWN LAKESIDE|R08|RUNNER:15636599,15636599,6,Spanish Blaze (IRE),Anthony & Sam Freedman,D.Thornton,2,11,11th,0,74.69,1.49,149,9.25,1207.0,-1,35.33,12.04,6,6,14.9,16.67,17.07,18.04,1000m,16.16,8.41,"Back in Victoria last start, tiring after enduring a tough run out wide. Best run this prep was first up at Hillside.",RACING.COM,https://www.racing.com/form/2026-05-31/sportsbet-sandown-lakeside/race/8/speed-data,outputs/sectionals/raw/VIC/racingcom_full_payloads/getRaceForm_01fbf80b1e6eb59398.json,TripleS,true,true,RACINGCOM_SPEED_SEMANTICS_V1_1,FULL_RACE,1200,0,1200,,true,74.69,SUPPLIED_SPLIT_SUM_RECONCILES_TO_RUNNER_RACE_TIME
2026-05-31|SPORTSBET SANDOWN LAKESIDE|R08,2026-05-31,Sportsbet Sandown Lakeside,8,2026-05-31|SPORTSBET SANDOWN LAKESIDE|R08|RUNNER:15640532,15640532,13,National Code,"Ben, Will & JD Hayes",L.Currie,1,12,12th,0,75.1,1.9,190,12.0,1206.0,-2,35.97,12.59,6,6,15.06,16.55,16.66,17.8,1000m,16.06,6.76,Resumes. Showed ability winning her first two starts last time in. Improved to win a Heath trial 14/5. Betting?,RACING.COM,https://www.racing.com/form/2026-05-31/sportsbet-sandown-lakeside/race/8/speed-data,outputs/sectionals/raw/VIC/racingcom_full_payloads/getRaceForm_01fbf80b1e6eb59398.json,TripleS,true,true,RACINGCOM_SPEED_SEMANTICS_V1_1,FULL_RACE,1200,0,1200,,true,75.1,SUPPLIED_SPLIT_SUM_RECONCILES_TO_RUNNER_RACE_TIME
2026-06-01|BET365 PARK KILMORE|R01,2026-06-01,Bet365 Park Kilmore,1,2026-06-01|BET365 PARK KILMORE|R01|RUNNER:15640936,15640936,1,Dark Fox,N.R.Ryan,B.Rawiller,6,1,1st,0,66.72,0,0,0.0,0.0,0,35.76,12,6,5,16.44,16.89,16.86,17.54,800m,16.59,0.0,Jumped Ok Good Pace to Lead given rein 400 Kept Going Far Too Well to bolt in # impressive!,RACING.COM,https://www.racing.com/form/2026-06-01/bet365-park-kilmore/race/1/speed-data,outputs/sectionals/raw/VIC/racingcom_full_payloads/getRaceForm_a79edfb6abf55f7d02.json,dailysectionals,true,true,RACINGCOM_SPEED_SEMANTICS_V1_1,PARTIAL_TIMING_WINDOW,1000,0,1000,,false,58.8,SUPPLIED_SPLIT_SUM_RECONCILES_TO_FIRST_AVAILABLE_SECTIONAL_MARKER
2026-06-01|BET365 PARK KILMORE|R01,2026-06-01,Bet365 Park Kilmore,1,2026-06-01|BET365 PARK KILMORE|R01|RUNNER:15637316,15637316,2,Eton Affair,T.L.Fitzsimmons,M.T.Aitken,10,2,2nd,0,67.68,0.96,96,6.0,0.0,0,36.6,12.52,6,5,16.4,16.9,16.29,17.59,800m,16.36,0.0,Jumped Ok Went Forward Wide Settled Down 2nd Outside winner 1 Lengths given slip Turn no match at all gap to 4th blinkers off cross over noseband on gelded # no match/sound,RACING.COM,https://www.racing.com/form/2026-06-01/bet365-park-kilmore/race/1/speed-data,outputs/sectionals/raw/VIC/racingcom_full_payloads/getRaceForm_a79edfb6abf55f7d02.json,dailysectionals,true,true,RACINGCOM_SPEED_SEMANTICS_V1_1,PARTIAL_TIMING_WINDOW,1000,0,1000,,false,59.6,SUPPLIED_SPLIT_SUM_RECONCILES_TO_FIRST_AVAILABLE_SECTIONAL_MARKER
2026-06-01|BET365 PARK KILMORE|R01,2026-06-01,Bet365 Park Kilmore,1,2026-06-01|BET365 PARK KILMORE|R01|RUNNER:15642139,15642139,5,Swift Endorsement,"Ben, Will & JD Hayes",Z.Spain,5,3,3rd,0,67.72,1,100,6.15,0.0,0,36.03,12.32,6,5,16.24,16.95,16.54,17.14,800m,16.35,0.0,Jumped Ok Restrained Settled Down Off Mid-Field 6 Lengths came Wide Turn Kept Going Soundly to line gap to 4th # Sound Effort,RACING.COM,https://www.racing.com/form/2026-06-01/bet365-park-kilmore/race/1/speed-data,outputs/sectionals/raw/VIC/racingcom_full_payloads/getRaceForm_a79edfb6abf55f7d02.json,dailysectionals,true,true,RACINGCOM_SPEED_SEMANTICS_V1_1,PARTIAL_TIMING_WINDOW,1000,0,1000,,false,59.45,SUPPLIED_SPLIT_SUM_RECONCILES_TO_FIRST_AVAILABLE_SECTIONAL_MARKER
2026-06-01|BET365 PARK KILMORE|R01,2026-06-01,Bet365 Park Kilmore,1,2026-06-01|BET365 PARK KILMORE|R01|RUNNER:15632929,15632929,8,Works Dirty,D.E.Dean,J.A.Keating,2,4,4th,0,68.12,1.4,140,8.9,0.0,0,36.92,12.95,6,5,16.35,16.94,16.08,17.47,800m,16.25,0.0,Jumped Ok Settled Down 3rd Inside 2 Lengths winner led given slip Turn no match at all # Every Chance,RACING.COM,https://www.racing.com/form/2026-06-01/bet365-park-kilmore/race/1/speed-data,outputs/sectionals/raw/VIC/racingcom_full_payloads/getRaceForm_a79edfb6abf55f7d02.json,dailysectionals,true,true,RACINGCOM_SPEED_SEMANTICS_V1_1,PARTIAL_TIMING_WINDOW,1000,0,1000,,false,59.93,SUPPLIED_SPLIT_SUM_RECONCILES_TO_FIRST_AVAILABLE_SECTIONAL_MARKER
2026-06-01|BET365 PARK KILMORE|R01,2026-06-01,Bet365 Park Kilmore,1,2026-06-01|BET365 PARK KILMORE|R01|RUNNER:15638627,15638627,7,The Archer,N.A.Blackiston,N.Farley,1,5,5th,0,68.22,1.5,150,9.4,0.0,0,36.75,12.76,6,5,16.26,16.99,16.16,17.32,600m,16.23,0.0,Bit Slow Out railed Through Mid Field 4 Lengths much the Same Turn Couldn'T Get Close # average Effort,RACING.COM,https://www.racing.com/form/2026-06-01/bet365-park-kilmore/race/1/speed-data,outputs/sectionals/raw/VIC/racingcom_full_payloads/getRaceForm_a79edfb6abf55f7d02.json,dailysectionals,true,true,RACINGCOM_SPEED_SEMANTICS_V1_1,PARTIAL_TIMING_WINDOW,1000,0,1000,,false,59.89,SUPPLIED_SPLIT_SUM_RECONCILES_TO_FIRST_AVAILABLE_SECTIONAL_MARKER
2026-06-01|BET365 PARK KILMORE|R01,2026-06-01,Bet365 Park Kilmore,1,2026-06-01|BET365 PARK KILMORE|R01|RUNNER:15641897,15641897,9,Come Dancing,Trent Busuttin & Natalie Young,L.J.Neindorf,4,6,6th,0,68.23,1.51,151,9.55,0.0,0,36.75,12.83,6,5,16.32,16.96,16.04,17.27,800m,16.22,0.0,jumped fast Restrained Mid Field With Cover 4 Lengths got run Through 3 Wide Turn but # didn't finish off,RACING.COM,https://www.racing.com/form/2026-06-01/bet365-park-kilmore/race/1/speed-data,outputs/sectionals/raw/VIC/racingcom_full_payloads/getRaceForm_a79edfb6abf55f7d02.json,dailysectionals,true,true,RACINGCOM_SPEED_SEMANTICS_V1_1,PARTIAL_TIMING_WINDOW,1000,0,1000,,false,60.09,SUPPLIED_SPLIT_SUM_RECONCILES_TO_FIRST_AVAILABLE_SECTIONAL_MARKER
2026-06-01|BET365 PARK KILMORE|R01,2026-06-01,Bet365 Park Kilmore,1,2026-06-01|BET365 PARK KILMORE|R01|RUNNER:15636630,15636630,12,Ice Quake,Anthony & Sam Freedman,D.Thornton,3,7,7th,0,68.4,1.68,168,10.55,0.0,0,36.65,12.86,6,5,16.25,17.15,16.08,17.32,600m,16.18,0.0,Slow Out 1 Lengths Settled Down Off Mid-Field 7 Lengths had task got run Through Turn Mid Field only Held Ground Fitter # Never Likely,RACING.COM,https://www.racing.com/form/2026-06-01/bet365-park-kilmore/race/1/speed-data,outputs/sectionals/raw/VIC/racingcom_full_payloads/getRaceForm_a79edfb6abf55f7d02.json,dailysectionals,true,true,RACINGCOM_SPEED_SEMANTICS_V1_1,PARTIAL_TIMING_WINDOW,1000,0,1000,,false,59.99,SUPPLIED_SPLIT_SUM_RECONCILES_TO_FIRST_AVAILABLE_SECTIONAL_MARKER
2026-06-01|BET365 PARK KILMORE|R01,2026-06-01,Bet365 Park Kilmore,1,2026-06-01|BET365 PARK KILMORE|R01|RUNNER:15623801,15623801,10,Embodiment,N.G.Smyth,B.E.Temple,9,8,8th,0,68.88,2.16,216,13.8,0.0,0,37.4,13.25,6,5,16.26,16.81,15.75,17.41,800m,16.07,0.0,Jumped Ok Restrained Mid Field 3 Wide No Cover 4 Lengths pushed very Wide from 500 Given No Hope Couldn'T Get Close little guide blinkers off new stable # Wide all way,RACING.COM,https://www.racing.com/form/2026-06-01/bet365-park-kilmore/race/1/speed-data,outputs/sectionals/raw/VIC/racingcom_full_payloads/getRaceForm_a79edfb6abf55f7d02.json,dailysectionals,true,true,RACINGCOM_SPEED_SEMANTICS_V1_1,PARTIAL_TIMING_WINDOW,1000,0,1000,,false,60.68,SUPPLIED_SPLIT_SUM_RECONCILES_TO_FIRST_AVAILABLE_SECTIONAL_MARKER
2026-06-01|BET365 PARK KILMORE|R01,2026-06-01,Bet365 Park Kilmore,1,2026-06-01|BET365 PARK KILMORE|R01|RUNNER:15640640,15640640,3,Gentoo,D.E.Dean,A.K.Kelly,7,9,9th,0,69.23,2.51,251,16.05,0.0,0,37.15,13.01,6,5,16.08,17.01,15.84,17.21,600m,15.99,0.0,Slow Out 2-3 Lengths Ridden Along Settled Down last 9 Lengths Couldn'T Get Close After Start blinkers off lugging bit off nasal strip on t/tie on visor on new stable # no run on,RACING.COM,https://www.racing.com/form/2026-06-01/bet365-park-kilmore/race/1/speed-data,outputs/sectionals/raw/VIC/racingcom_full_payloads/getRaceForm_a79edfb6abf55f7d02.json,dailysectionals,true,true,RACINGCOM_SPEED_SEMANTICS_V1_1,PARTIAL_TIMING_WINDOW,1000,0,1000,,false,60.53,SUPPLIED_SPLIT_SUM_RECONCILES_TO_FIRST_AVAILABLE_SECTIONAL_MARKER
2026-06-01|BET365 PARK KILMORE|R01,2026-06-01,Bet365 Park Kilmore,1,2026-06-01|BET365 PARK KILMORE|R01|RUNNER:15642148,15642148,11,Fervi,M.S.Hahne,E.J.Walsh,8,10,10th,0,69.3,2.58,258,16.45,0.0,0,38.02,13.29,6,5,16.3,16.76,15.43,17.38,800m,15.97,0.0,Jumped Ok Settled Down 1-1 winner led Under Pressure down hill drifted Wide Couldn'T Go On very poor Blinkers 1st Time # very poor,RACING.COM,https://www.racing.com/form/2026-06-01/bet365-park-kilmore/race/1/speed-data,outputs/sectionals/raw/VIC/racingcom_full_payloads/getRaceForm_a79edfb6abf55f7d02.json,dailysectionals,true,true,RACINGCOM_SPEED_SEMANTICS_V1_1,PARTIAL_TIMING_WINDOW,1000,0,1000,,false,61.31,SUPPLIED_SPLIT_SUM_RECONCILES_TO_FIRST_AVAILABLE_SECTIONAL_MARKER
2026-06-01|BET365 PARK KILMORE|R02,2026-06-01,Bet365 Park Kilmore,2,2026-06-01|BET365 PARK KILMORE|R02|RUNNER:15639582,15639582,12,Signed By A Kiss,P.B.Payne,A.K.Kelly,1,1,1st,0,68.56,0,0,0.0,0.0,0,36.4,12.24,6,5,15.98,16.56,16.44,17.14,800m,16.15,0.0,Bit Slow Out railed Through Settled Down 4th 2 Lengths got run 200 Finished Too Well # had good run,RACING.COM,https://www.racing.com/form/2026-06-01/bet365-park-kilmore/race/2/speed-data,outputs/sectionals/raw/VIC/racingcom_full_payloads/getRaceForm_5a5ae45ea2b3ebbf66.json,dailysectionals,true,true,RACINGCOM_SPEED_SEMANTICS_V1_1,PARTIAL_TIMING_WINDOW,1000,0,1000,,false,60.15,SUPPLIED_SPLIT_SUM_RECONCILES_TO_FIRST_AVAILABLE_SECTIONAL_MARKER
2026-06-01|BET365 PARK KILMORE|R02,2026-06-01,Bet365 Park Kilmore,2,2026-06-01|BET365 PARK KILMORE|R02|RUNNER:15641861,15641861,2,Johnny Tightlips,E.Jusufovic,L.J.Neindorf,3,2,2nd,0,68.7,0.14,14,1.0,0.0,0,36.5,12.62,6,5,15.99,16.56,16.33,16.98,800m,16.11,0.0,Jumped Ok Restrained 1-1 had good run hit front 150 no match # every possible,RACING.COM,https://www.racing.com/form/2026-06-01/bet365-park-kilmore/race/2/speed-data,outputs/sectionals/raw/VIC/racingcom_full_payloads/getRaceForm_5a5ae45ea2b3ebbf66.json,dailysectionals,true,true,RACINGCOM_SPEED_SEMANTICS_V1_1,PARTIAL_TIMING_WINDOW,1000,0,1000,,false,60.42,SUPPLIED_SPLIT_SUM_RECONCILES_TO_FIRST_AVAILABLE_SECTIONAL_MARKER
2026-06-01|BET365 PARK KILMORE|R02,2026-06-01,Bet365 Park Kilmore,2,2026-06-01|BET365 PARK KILMORE|R02|RUNNER:15628094,15628094,6,Viperstrike,M.R.Smerdon,Z.Spain,9,3,3rd,0,68.84,0.28,28,2.0,0.0,0,36.76,12.61,6,5,16.03,16.61,16.16,17.33,800m,16.08,0.0,Jumped Ok Settled Down 3 Wide Outside Lead 1 Lengths Same Turn Under Pressure Kept Going Soundly to line # wide/sound,RACING.COM,https://www.racing.com/form/2026-06-01/bet365-park-kilmore/race/2/speed-data,outputs/sectionals/raw/VIC/racingcom_full_payloads/getRaceForm_5a5ae45ea2b3ebbf66.json,dailysectionals,true,true,RACINGCOM_SPEED_SEMANTICS_V1_1,PARTIAL_TIMING_WINDOW,1000,0,1000,,false,60.37,SUPPLIED_SPLIT_SUM_RECONCILES_TO_FIRST_AVAILABLE_SECTIONAL_MARKER
2026-06-01|BET365 PARK KILMORE|R02,2026-06-01,Bet365 Park Kilmore,2,2026-06-01|BET365 PARK KILMORE|R02|RUNNER:15638319,15638319,11,Tuxedo Miss,A.Alexander,C.MacRedmond,4,4,4th,0,68.91,0.35,35,2.4,0.0,0,36.61,12.43,6,5,15.93,16.56,16.31,16.93,800m,16.06,0.0,Jumped Ok Settled Down Mid Field 3 Wide With Trail 4 Lengths much the Same Turn Kept Going Soundly Closest # Sound Effort,RACING.COM,https://www.racing.com/form/2026-06-01/bet365-park-kilmore/race/2/speed-data,outputs/sectionals/raw/VIC/racingcom_full_payloads/getRaceForm_5a5ae45ea2b3ebbf66.json,dailysectionals,true,true,RACINGCOM_SPEED_SEMANTICS_V1_1,PARTIAL_TIMING_WINDOW,1000,0,1000,,false,60.49,SUPPLIED_SPLIT_SUM_RECONCILES_TO_FIRST_AVAILABLE_SECTIONAL_MARKER
2026-06-01|BET365 PARK KILMORE|R02,2026-06-01,Bet365 Park Kilmore,2,2026-06-01|BET365 PARK KILMORE|R02|RUNNER:15642173,15642173,1,Allumeuse,S.R.Cameron,C.Newitt,10,5,5th,0,68.92,0.36,36,2.46,0.0,0,36.36,12.59,6,5,15.92,16.73,16.31,17.05,800m,16.06,0.0,Slow Out 1 Lengths Restrained Settled Down Off Mid-Field 6 Lengths Hooked Out widest 400 ran on ok # Sound Effort,RACING.COM,https://www.racing.com/form/2026-06-01/bet365-park-kilmore/race/2/speed-data,outputs/sectionals/raw/VIC/racingcom_full_payloads/getRaceForm_5a5ae45ea2b3ebbf66.json,dailysectionals,true,true,RACINGCOM_SPEED_SEMANTICS_V1_1,PARTIAL_TIMING_WINDOW,1000,0,1000,,false,60.16,SUPPLIED_SPLIT_SUM_RECONCILES_TO_FIRST_AVAILABLE_SECTIONAL_MARKER
2026-06-01|BET365 PARK KILMORE|R02,2026-06-01,Bet365 Park Kilmore,2,2026-06-01|BET365 PARK KILMORE|R02|RUNNER:15641867,15641867,8,Fastlane To Ascot,R.K.Challis,D.Dean,5,6,6th,0,69.03,0.47,47,2.96,0.0,0,37.07,12.98,6,5,16.08,16.56,15.97,17.21,800m,16.04,0.0,Bit Slow Out Quickly recovered Settled Down Outside Leader Collared 200 no match ...pac/off # Every Chance,RACING.COM,https://www.racing.com/form/2026-06-01/bet365-park-kilmore/race/2/speed-data,outputs/sectionals/raw/VIC/racingcom_full_payloads/getRaceForm_5a5ae45ea2b3ebbf66.json,dailysectionals,true,true,RACINGCOM_SPEED_SEMANTICS_V1_1,PARTIAL_TIMING_WINDOW,1000,0,1000,,false,60.83,SUPPLIED_SPLIT_SUM_RECONCILES_TO_FIRST_AVAILABLE_SECTIONAL_MARKER
2026-06-01|BET365 PARK KILMORE|R02,2026-06-01,Bet365 Park Kilmore,2,2026-06-01|BET365 PARK KILMORE|R02|RUNNER:15634953,15634953,4,Street Legend,A.Noblet,D.Thornton,12,7,7th,0,69.06,0.5,50,3.36,0.0,0,36.25,12.44,6,5,15.8,16.6,16.45,16.85,200m,16.03,0.0,Jumped Ok Restrained from Outside Settled Down tail 7 Lengths Hooked Out widest Turn well back Kept Going Ok Closest Need To See Again bigger track # race shape against,RACING.COM,https://www.racing.com/form/2026-06-01/bet365-park-kilmore/race/2/speed-data,outputs/sectionals/raw/VIC/racingcom_full_payloads/getRaceForm_5a5ae45ea2b3ebbf66.json,dailysectionals,true,true,RACINGCOM_SPEED_SEMANTICS_V1_1,PARTIAL_TIMING_WINDOW,1000,0,1000,,false,60.51,SUPPLIED_SPLIT_SUM_RECONCILES_TO_FIRST_AVAILABLE_SECTIONAL_MARKER
2026-06-01|BET365 PARK KILMORE|R02,2026-06-01,Bet365 Park Kilmore,2,2026-06-01|BET365 PARK KILMORE|R02|RUNNER:15634193,15634193,14,Zouzenna,A.Komarovs,N.Punch,2,8,8th,0,69.16,0.6,60,3.71,0.0,0,37.26,13.12,6,5,16.08,16.53,15.87,17.33,800m,16.01,0.0,Jumped Ok Settled Down Narrow Leader Inside Headed Turn no match at all # Every Chance,RACING.COM,https://www.racing.com/form/2026-06-01/bet365-park-kilmore/race/2/speed-data,outputs/sectionals/raw/VIC/racingcom_full_payloads/getRaceForm_5a5ae45ea2b3ebbf66.json,dailysectionals,true,true,RACINGCOM_SPEED_SEMANTICS_V1_1,PARTIAL_TIMING_WINDOW,1000,0,1000,,false,60.94,SUPPLIED_SPLIT_SUM_RECONCILES_TO_FIRST_AVAILABLE_SECTIONAL_MARKER
2026-06-01|BET365 PARK KILMORE|R02,2026-06-01,Bet365 Park Kilmore,2,2026-06-01|BET365 PARK KILMORE|R02|RUNNER:15632520,15632520,3,San Marco Kid,Mick Price & Michael Kent (Jnr),T.Stockdale,7,9,9th,0,69.39,0.83,83,4.96,0.0,0,36.96,12.74,6,5,15.88,16.52,16.08,17.12,800m,15.95,0.0,Slow Out 1 Lengths Settled Down Mid Field Inside 4 Lengths much the Same Turn only Held Ground ...cross over noseband on # basic Effort,RACING.COM,https://www.racing.com/form/2026-06-01/bet365-park-kilmore/race/2/speed-data,outputs/sectionals/raw/VIC/racingcom_full_payloads/getRaceForm_5a5ae45ea2b3ebbf66.json,dailysectionals,true,true,RACINGCOM_SPEED_SEMANTICS_V1_1,PARTIAL_TIMING_WINDOW,1000,0,1000,,false,60.78,SUPPLIED_SPLIT_SUM_RECONCILES_TO_FIRST_AVAILABLE_SECTIONAL_MARKER
2026-06-01|BET365 PARK KILMORE|R02,2026-06-01,Bet365 Park Kilmore,2,2026-06-01|BET365 PARK KILMORE|R02|RUNNER:15638022,15638022,9,I See You Baby,C.M.Barnes,J.A.Keating,11,10,10th,0,69.59,1.03,103,6.21,0.0,0,37.27,12.77,6,5,15.96,16.65,15.82,17.04,800m,15.91,0.0,Jumped Ok Settled Down Mid Field Four Wide No Cover 4 Lengths Given No Hope weakened but little guide blinkers off lugging bit off nasal strip on new stable Need To See Again # Wide all way,RACING.COM,https://www.racing.com/form/2026-06-01/bet365-park-kilmore/race/2/speed-data,outputs/sectionals/raw/VIC/racingcom_full_payloads/getRaceForm_5a5ae45ea2b3ebbf66.json,dailysectionals,true,true,RACINGCOM_SPEED_SEMANTICS_V1_1,PARTIAL_TIMING_WINDOW,1000,0,1000,,false,61.05,SUPPLIED_SPLIT_SUM_RECONCILES_TO_FIRST_AVAILABLE_SECTIONAL_MARKER
2026-06-01|BET365 PARK KILMORE|R02,2026-06-01,Bet365 Park Kilmore,2,2026-06-01|BET365 PARK KILMORE|R02|RUNNER:15641766,15641766,10,Magnificent Miss,J.D.Fitzgerald,L.N.McNeil,8,11,11th,0,69.8,1.24,124,7.46,0.0,0,36.99,12.62,6,5,15.78,16.52,15.99,16.69,400m,15.86,0.0,Jumped Ok Restrained tail 7 Lengths Mile Back last Turn looked hopeless tacked on ok over line blinkers off noseroll off new stable # needs Ground,RACING.COM,https://www.racing.com/form/2026-06-01/bet365-park-kilmore/race/2/speed-data,outputs/sectionals/raw/VIC/racingcom_full_payloads/getRaceForm_5a5ae45ea2b3ebbf66.json,dailysectionals,true,true,RACINGCOM_SPEED_SEMANTICS_V1_1,PARTIAL_TIMING_WINDOW,1000,0,1000,,false,61.25,SUPPLIED_SPLIT_SUM_RECONCILES_TO_FIRST_AVAILABLE_SECTIONAL_MARKER
2026-06-01|BET365 PARK KILMORE|R02,2026-06-01,Bet365 Park Kilmore,2,2026-06-01|BET365 PARK KILMORE|R02|RUNNER:15642197,15642197,7,Blazing Brook,N.A.Blackiston,N.Farley,6,12,12th,0,70.01,1.45,145,8.71,0.0,0,37.47,13.01,6,5,15.85,16.56,15.75,16.72,800m,15.81,0.0,Jumped Ok Restrained Settled Down Off Mid-Field Inside 6 Lengths still well back Turn Couldn'T Get Close Prefer To See Again # no run on,RACING.COM,https://www.racing.com/form/2026-06-01/bet365-park-kilmore/race/2/speed-data,outputs/sectionals/raw/VIC/racingcom_full_payloads/getRaceForm_5a5ae45ea2b3ebbf66.json,dailysectionals,true,true,RACINGCOM_SPEED_SEMANTICS_V1_1,PARTIAL_TIMING_WINDOW,1000,0,1000,,false,61.51,SUPPLIED_SPLIT_SUM_RECONCILES_TO_FIRST_AVAILABLE_SECTIONAL_MARKER
2026-06-01|BET365 PARK KILMORE|R03,2026-06-01,Bet365 Park Kilmore,3,2026-06-01|BET365 PARK KILMORE|R03|RUNNER:15642587,15642587,8,It Matters,M.S.S.Cumani,C.MacRedmond,7,1,1st,0,105.68,0,0,0.0,0.0,0,37.61,13.12,7,6,14.56,16.13,15.6,16.71,400m,15.21,0.0,jumped fairly Settled Down 3rd Inside 2 Lengths had good run got run Turn Finished Too Well for these # too strong here,RACING.COM,https://www.racing.com/form/2026-06-01/bet365-park-kilmore/race/3/speed-data,outputs/sectionals/raw/VIC/racingcom_full_payloads/getRaceForm_1813a69f73f82076e6.json,dailysectionals,true,true,RACINGCOM_SPEED_SEMANTICS_V1_1,PARTIAL_TIMING_WINDOW,1200,0,1200,,false,77.04,SUPPLIED_SPLIT_SUM_RECONCILES_TO_FIRST_AVAILABLE_SECTIONAL_MARKER
2026-06-01|BET365 PARK KILMORE|R03,2026-06-01,Bet365 Park Kilmore,3,2026-06-01|BET365 PARK KILMORE|R03|RUNNER:15641318,15641318,3,Fierce Fiasco,A.Noblet,R.J.Hurdle,6,2,2nd,0,105.88,0.2,20,1.25,0.0,0,37.79,13.36,7,6,14.53,16.19,15.46,16.78,400m,15.18,0.0,jumped fast got in 1-1 had good run but no match for winner # Every Chance,RACING.COM,https://www.racing.com/form/2026-06-01/bet365-park-kilmore/race/3/speed-data,outputs/sectionals/raw/VIC/racingcom_full_payloads/getRaceForm_1813a69f73f82076e6.json,dailysectionals,true,true,RACINGCOM_SPEED_SEMANTICS_V1_1,PARTIAL_TIMING_WINDOW,1200,0,1200,,false,77.15,SUPPLIED_SPLIT_SUM_RECONCILES_TO_FIRST_AVAILABLE_SECTIONAL_MARKER
2026-06-01|BET365 PARK KILMORE|R03,2026-06-01,Bet365 Park Kilmore,3,2026-06-01|BET365 PARK KILMORE|R03|RUNNER:15633921,15633921,2,Dempsey,E.Francese,J.Bowditch,12,3,3rd,0,106.36,0.68,68,4.25,0.0,0,38.53,13.82,7,6,14.62,16.13,15.08,16.65,400m,15.11,0.0,Jumped Ok Went Forward Quickly Crossed 2nd Outside 1 Lengths Collared 200 no match # Every Chance,RACING.COM,https://www.racing.com/form/2026-06-01/bet365-park-kilmore/race/3/speed-data,outputs/sectionals/raw/VIC/racingcom_full_payloads/getRaceForm_1813a69f73f82076e6.json,dailysectionals,true,true,RACINGCOM_SPEED_SEMANTICS_V1_1,PARTIAL_TIMING_WINDOW,1200,0,1200,,false,78.04,SUPPLIED_SPLIT_SUM_RECONCILES_TO_FIRST_AVAILABLE_SECTIONAL_MARKER
2026-06-01|BET365 PARK KILMORE|R03,2026-06-01,Bet365 Park Kilmore,3,2026-06-01|BET365 PARK KILMORE|R03|RUNNER:15642142,15642142,11,She's Astunnerarch,"Ben, Will & JD Hayes",D.Thornton,8,4,4th,0,106.92,1.24,124,7.5,0.0,0,38.56,13.96,7,6,14.45,16.16,15.0,16.82,400m,15.03,0.0,Jumped Ok Restrained Mid Field 3 Wide No Cover 4 Lengths close enough Turn no match at all for on pace runners distant 4th # wide/fair,RACING.COM,https://www.racing.com/form/2026-06-01/bet365-park-kilmore/race/3/speed-data,outputs/sectionals/raw/VIC/racingcom_full_payloads/getRaceForm_1813a69f73f82076e6.json,dailysectionals,true,true,RACINGCOM_SPEED_SEMANTICS_V1_1,PARTIAL_TIMING_WINDOW,1200,0,1200,,false,77.92,SUPPLIED_SPLIT_SUM_RECONCILES_TO_FIRST_AVAILABLE_SECTIONAL_MARKER
2026-06-01|BET365 PARK KILMORE|R03,2026-06-01,Bet365 Park Kilmore,3,2026-06-01|BET365 PARK KILMORE|R03|RUNNER:15641602,15641602,5,Lyttelton (NZ),S.S.Houston,B.Rawiller,9,5,5th,0,107.1,1.42,142,8.75,0.0,0,38.19,13.18,7,6,14.25,16.01,15.36,16.46,400m,15.0,0.0,Bit Slow Out Quickly Drifted Back tail 8 Lengths Mile Back + Wide Turn had task Held Ground Out Of Picture too far back ..cot-further forward # race shape against,RACING.COM,https://www.racing.com/form/2026-06-01/bet365-park-kilmore/race/3/speed-data,outputs/sectionals/raw/VIC/racingcom_full_payloads/getRaceForm_1813a69f73f82076e6.json,dailysectionals,true,true,RACINGCOM_SPEED_SEMANTICS_V1_1,PARTIAL_TIMING_WINDOW,1200,0,1200,,false,77.52,SUPPLIED_SPLIT_SUM_RECONCILES_TO_FIRST_AVAILABLE_SECTIONAL_MARKER
2026-06-01|BET365 PARK KILMORE|R03,2026-06-01,Bet365 Park Kilmore,3,2026-06-01|BET365 PARK KILMORE|R03|RUNNER:15631747,15631747,9,Just Curious,J.A.Scott,N.Farley,10,6,6th,0,107.16,1.48,148,9.21,0.0,0,38.11,12.96,7,6,14.28,15.89,15.49,16.27,400m,15.0,0.0,Slow Out 1 Lengths Settled Down tail 8 Lengths Mile Back by 400 Given No Hope Held Ground ok Out Of Picture forgive # too far back,RACING.COM,https://www.racing.com/form/2026-06-01/bet365-park-kilmore/race/3/speed-data,outputs/sectionals/raw/VIC/racingcom_full_payloads/getRaceForm_1813a69f73f82076e6.json,dailysectionals,true,true,RACINGCOM_SPEED_SEMANTICS_V1_1,PARTIAL_TIMING_WINDOW,1200,0,1200,,false,77.73,SUPPLIED_SPLIT_SUM_RECONCILES_TO_FIRST_AVAILABLE_SECTIONAL_MARKER
2026-06-01|BET365 PARK KILMORE|R03,2026-06-01,Bet365 Park Kilmore,3,2026-06-01|BET365 PARK KILMORE|R03|RUNNER:15635428,15635428,10,Shaykhlislamova (NZ),S.C.Field,S.Field,4,7,7th,0,107.22,1.54,154,9.56,0.0,0,38.61,13.58,7,6,14.35,16.0,15.15,16.39,400m,14.99,0.0,Bit Slow Out Settled Down Off Mid-Field 3 Wide With Trail 6 Lengths drifted well back Turn only Held Ground Prefer To See Again # Never Likely,RACING.COM,https://www.racing.com/form/2026-06-01/bet365-park-kilmore/race/3/speed-data,outputs/sectionals/raw/VIC/racingcom_full_payloads/getRaceForm_1813a69f73f82076e6.json,dailysectionals,true,true,RACINGCOM_SPEED_SEMANTICS_V1_1,PARTIAL_TIMING_WINDOW,1200,0,1200,,false,78,SUPPLIED_SPLIT_SUM_RECONCILES_TO_FIRST_AVAILABLE_SECTIONAL_MARKER
2026-06-01|BET365 PARK KILMORE|R03,2026-06-01,Bet365 Park Kilmore,3,2026-06-01|BET365 PARK KILMORE|R03|RUNNER:15641792,15641792,1,A Long Story Short (NZ),M.C.Kent,M.G.Bourke,1,8,8th,0,107.3,1.62,162,10.02,0.0,0,38.4,13.14,7,6,14.35,15.86,15.28,16.34,400m,14.98,0.0,Bit Slow Out Restrained Settled Down Off Mid-Field Inside 6 Lengths bit keen early Lost Ground down hill Mile Back Turn very one paced Not Knocked About to line Need To See Again better/bigger track # too far back,RACING.COM,https://www.racing.com/form/2026-06-01/bet365-park-kilmore/race/3/speed-data,outputs/sectionals/raw/VIC/racingcom_full_payloads/getRaceForm_1813a69f73f82076e6.json,dailysectionals,true,true,RACINGCOM_SPEED_SEMANTICS_V1_1,PARTIAL_TIMING_WINDOW,1200,0,1200,,false,78.13,SUPPLIED_SPLIT_SUM_RECONCILES_TO_FIRST_AVAILABLE_SECTIONAL_MARKER
2026-06-01|BET365 PARK KILMORE|R03,2026-06-01,Bet365 Park Kilmore,3,2026-06-01|BET365 PARK KILMORE|R03|RUNNER:15641841,15641841,6,So Vogue,W.B.Brisbourne,E.J.Walsh,5,9,9th,0,107.41,1.73,173,10.77,0.0,0,39.03,13.75,7,6,14.44,15.97,14.94,16.33,400m,14.96,0.0,Jumped Ok Settled Down Mid Field With Cover 4 Lengths followed 2nd in run Lost Ground down hill Couldn'T Get Close # basic Effort,RACING.COM,https://www.racing.com/form/2026-06-01/bet365-park-kilmore/race/3/speed-data,outputs/sectionals/raw/VIC/racingcom_full_payloads/getRaceForm_1813a69f73f82076e6.json,dailysectionals,true,true,RACINGCOM_SPEED_SEMANTICS_V1_1,PARTIAL_TIMING_WINDOW,1200,0,1200,,false,78.49,SUPPLIED_SPLIT_SUM_RECONCILES_TO_FIRST_AVAILABLE_SECTIONAL_MARKER
2026-06-01|BET365 PARK KILMORE|R03,2026-06-01,Bet365 Park Kilmore,3,2026-06-01|BET365 PARK KILMORE|R03|RUNNER:15639784,15639784,12,Stormriser,A.Komarovs,R.Lamont,2,10,10th,0,108.04,2.36,236,14.27,0.0,0,39.54,14.2,7,6,14.45,15.94,14.61,16.45,400m,14.87,0.0,Jumped Ok railed Through Mid Field 4 Lengths Beaten 600 # very poor,RACING.COM,https://www.racing.com/form/2026-06-01/bet365-park-kilmore/race/3/speed-data,outputs/sectionals/raw/VIC/racingcom_full_payloads/getRaceForm_1813a69f73f82076e6.json,dailysectionals,true,true,RACINGCOM_SPEED_SEMANTICS_V1_1,PARTIAL_TIMING_WINDOW,1200,0,1200,,false,79.18,SUPPLIED_SPLIT_SUM_RECONCILES_TO_FIRST_AVAILABLE_SECTIONAL_MARKER
2026-06-01|BET365 PARK KILMORE|R03,2026-06-01,Bet365 Park Kilmore,3,2026-06-01|BET365 PARK KILMORE|R03|RUNNER:15641295,15641295,4,Guitar Gangster,P.Keane,C.Newitt,11,11,11th,0,108.26,2.58,258,15.52,0.0,0,40.44,14.82,7,6,14.68,15.86,14.22,16.23,400m,14.84,0.0,jumped fairly Went Forward Quickly Crossed led Beaten 600 # very poor,RACING.COM,https://www.racing.com/form/2026-06-01/bet365-park-kilmore/race/3/speed-data,outputs/sectionals/raw/VIC/racingcom_full_payloads/getRaceForm_1813a69f73f82076e6.json,dailysectionals,true,true,RACINGCOM_SPEED_SEMANTICS_V1_1,PARTIAL_TIMING_WINDOW,1200,0,1200,,false,80.06,SUPPLIED_SPLIT_SUM_RECONCILES_TO_FIRST_AVAILABLE_SECTIONAL_MARKER
2026-06-01|BET365 PARK KILMORE|R03,2026-06-01,Bet365 Park Kilmore,3,2026-06-01|BET365 PARK KILMORE|R03|RUNNER:15642059,15642059,7,Excellent Reward,J.D.Fitzgerald,L.N.McNeil,3,12,12th,0,110.34,4.66,466,28.52,0.0,0,41.56,15.63,7,6,14.34,15.81,13.75,16.04,400m,14.56,0.0,Bit Slow Out Settled Down Off Mid-Field Two Wide 6 Lengths Couldn'T Get Close ..vet-clear # very poor,RACING.COM,https://www.racing.com/form/2026-06-01/bet365-park-kilmore/race/3/speed-data,outputs/sectionals/raw/VIC/racingcom_full_payloads/getRaceForm_1813a69f73f82076e6.json,dailysectionals,true,true,RACINGCOM_SPEED_SEMANTICS_V1_1,PARTIAL_TIMING_WINDOW,1200,0,1200,,false,81.08,SUPPLIED_SPLIT_SUM_RECONCILES_TO_FIRST_AVAILABLE_SECTIONAL_MARKER
2026-06-01|BET365 PARK KILMORE|R04,2026-06-01,Bet365 Park Kilmore,4,2026-06-01|BET365 PARK KILMORE|R04|RUNNER:15642177,15642177,13,Squid Pro Quo,E.Jusufovic,Z.Spain,4,1,1st,0,134.93,0,0,0.0,0.0,0,39.88,13.97,7,6,14.76,15.75,14.72,15.75,400m,14.87,0.0,Bit Slow Out Settled Down 5th Inside 4 Lengths Good Run Through Turn hit front Kept Going Just Too Well # had good run,RACING.COM,https://www.racing.com/form/2026-06-01/bet365-park-kilmore/race/4/speed-data,outputs/sectionals/raw/VIC/racingcom_full_payloads/getRaceForm_f8853662af509cf56d.json,dailysectionals,true,true,RACINGCOM_SPEED_SEMANTICS_V1_1,PARTIAL_TIMING_WINDOW,1200,0,1200,,false,80.27,SUPPLIED_SPLIT_SUM_RECONCILES_TO_FIRST_AVAILABLE_SECTIONAL_MARKER
2026-06-01|BET365 PARK KILMORE|R04,2026-06-01,Bet365 Park Kilmore,4,2026-06-01|BET365 PARK KILMORE|R04|RUNNER:15631746,15631746,3,Lakes Entrance,J.A.Scott,N.Farley,6,2,2nd,0,134.99,0.06,6,0.4,0.0,0,40.04,14.02,7,6,14.81,15.79,14.59,15.84,400m,14.87,0.0,Jumped Ok Went Forward got in 1-1 Joined Lead Turn Just no match # Every Chance,RACING.COM,https://www.racing.com/form/2026-06-01/bet365-park-kilmore/race/4/speed-data,outputs/sectionals/raw/VIC/racingcom_full_payloads/getRaceForm_f8853662af509cf56d.json,dailysectionals,true,true,RACINGCOM_SPEED_SEMANTICS_V1_1,PARTIAL_TIMING_WINDOW,1200,0,1200,,false,80.5,SUPPLIED_SPLIT_SUM_RECONCILES_TO_FIRST_AVAILABLE_SECTIONAL_MARKER
2026-06-01|BET365 PARK KILMORE|R04,2026-06-01,Bet365 Park Kilmore,4,2026-06-01|BET365 PARK KILMORE|R04|RUNNER:15635762,15635762,10,I Believe I Belong (NZ),S.Zahra,D.Thornton,10,3,3rd,0,135.04,0.11,11,0.8,0.0,0,39.44,13.8,7,6,14.5,15.87,14.88,15.92,400m,14.86,0.0,Jumped Ok Restrained tail 8 Lengths Hooked Out widest 400 ran on well against pattern # Sound Effort,RACING.COM,https://www.racing.com/form/2026-06-01/bet365-park-kilmore/race/4/speed-data,outputs/sectionals/raw/VIC/racingcom_full_payloads/getRaceForm_f8853662af509cf56d.json,dailysectionals,true,true,RACINGCOM_SPEED_SEMANTICS_V1_1,PARTIAL_TIMING_WINDOW,1200,0,1200,,false,79.39,SUPPLIED_SPLIT_SUM_RECONCILES_TO_FIRST_AVAILABLE_SECTIONAL_MARKER
2026-06-01|BET365 PARK KILMORE|R04,2026-06-01,Bet365 Park Kilmore,4,2026-06-01|BET365 PARK KILMORE|R04|RUNNER:15637650,15637650,7,Cristaria,C.Maher,T.M.Nugent,3,4,4th,0,135.32,0.39,39,2.05,0.0,0,40.51,14.2,7,6,14.88,15.69,14.37,15.79,400m,14.83,0.0,Jumped Ok Settled Down 2nd Outside 1 Lengths Joined Lead Turn but no match # Every Chance,RACING.COM,https://www.racing.com/form/2026-06-01/bet365-park-kilmore/race/4/speed-data,outputs/sectionals/raw/VIC/racingcom_full_payloads/getRaceForm_f8853662af509cf56d.json,dailysectionals,true,true,RACINGCOM_SPEED_SEMANTICS_V1_1,PARTIAL_TIMING_WINDOW,1200,0,1200,,false,81.09,SUPPLIED_SPLIT_SUM_RECONCILES_TO_FIRST_AVAILABLE_SECTIONAL_MARKER
2026-06-01|BET365 PARK KILMORE|R04,2026-06-01,Bet365 Park Kilmore,4,2026-06-01|BET365 PARK KILMORE|R04|RUNNER:15641405,15641405,4,Mortal Peak,S.C.Bottomley,L.Wood,7,5,5th,0,135.41,0.48,48,2.51,0.0,0,40.17,14.2,7,6,14.74,15.75,14.56,15.76,400m,14.82,0.0,Bit Slow Out Restrained Mid Field With Trail 4 Lengths followed winner into race no match # even Effort,RACING.COM,https://www.racing.com/form/2026-06-01/bet365-park-kilmore/race/4/speed-data,outputs/sectionals/raw/VIC/racingcom_full_payloads/getRaceForm_f8853662af509cf56d.json,dailysectionals,true,true,RACINGCOM_SPEED_SEMANTICS_V1_1,PARTIAL_TIMING_WINDOW,1200,0,1200,,false,80.66,SUPPLIED_SPLIT_SUM_RECONCILES_TO_FIRST_AVAILABLE_SECTIONAL_MARKER
2026-06-01|BET365 PARK KILMORE|R04,2026-06-01,Bet365 Park Kilmore,4,2026-06-01|BET365 PARK KILMORE|R04|RUNNER:15635984,15635984,1,Deadly Devil,O.M.Osborne,N.Punch,11,6,6th,0,135.49,0.56,56,3.01,0.0,0,40.43,14.23,7,6,14.7,15.73,14.44,15.75,600m,14.81,0.0,Jumped Ok Restrained from Outside Settled Down Mid Field 3 Wide No Cover 5 Lengths wider 800 Given No Hope # forgive,RACING.COM,https://www.racing.com/form/2026-06-01/bet365-park-kilmore/race/4/speed-data,outputs/sectionals/raw/VIC/racingcom_full_payloads/getRaceForm_f8853662af509cf56d.json,dailysectionals,true,true,RACINGCOM_SPEED_SEMANTICS_V1_1,PARTIAL_TIMING_WINDOW,1200,0,1200,,false,80.59,SUPPLIED_SPLIT_SUM_RECONCILES_TO_FIRST_AVAILABLE_SECTIONAL_MARKER
2026-06-01|BET365 PARK KILMORE|R04,2026-06-01,Bet365 Park Kilmore,4,2026-06-01|BET365 PARK KILMORE|R04|RUNNER:15641817,15641817,6,Trickemezi,W.B.Brisbourne,E.J.Walsh,1,7,7th,0,135.6,0.67,67,3.51,0.0,0,40.15,14.02,7,6,14.66,15.75,14.56,15.79,400m,14.8,0.0,Bit Slow Out Settled Down Off Mid-Field Inside 6 Lengths followed winner in run but very one paced lay in # needs blinkers,RACING.COM,https://www.racing.com/form/2026-06-01/bet365-park-kilmore/race/4/speed-data,outputs/sectionals/raw/VIC/racingcom_full_payloads/getRaceForm_f8853662af509cf56d.json,dailysectionals,true,true,RACINGCOM_SPEED_SEMANTICS_V1_1,PARTIAL_TIMING_WINDOW,1200,0,1200,,false,80.55,SUPPLIED_SPLIT_SUM_RECONCILES_TO_FIRST_AVAILABLE_SECTIONAL_MARKER
2026-06-01|BET365 PARK KILMORE|R04,2026-06-01,Bet365 Park Kilmore,4,2026-06-01|BET365 PARK KILMORE|R04|RUNNER:15630509,15630509,2,Determinato,D.E.A.Sutton,C.Newitt,8,8,8th,0,136.72,1.79,179,10.51,0.0,0,41.35,14.96,7,6,14.57,15.69,14.01,15.75,600m,14.68,0.0,Bit Slow Out Restrained Settled Down Off Mid-Field 7 Lengths Under Pressure long way out Couldn'T Get Close blinkers off visor on..vet-clear..rider-horse failed to handle wet track # no run on,RACING.COM,https://www.racing.com/form/2026-06-01/bet365-park-kilmore/race/4/speed-data,outputs/sectionals/raw/VIC/racingcom_full_payloads/getRaceForm_f8853662af509cf56d.json,dailysectionals,true,true,RACINGCOM_SPEED_SEMANTICS_V1_1,PARTIAL_TIMING_WINDOW,1200,0,1200,,false,81.35,SUPPLIED_SPLIT_SUM_RECONCILES_TO_FIRST_AVAILABLE_SECTIONAL_MARKER
2026-06-01|BET365 PARK KILMORE|R04,2026-06-01,Bet365 Park Kilmore,4,2026-06-01|BET365 PARK KILMORE|R04|RUNNER:15637241,15637241,9,Highland Storm,M.B.Scott,D.J.Dunn,2,9,9th,0,136.79,1.86,186,10.76,0.0,0,41.77,14.93,7,6,14.84,15.43,13.89,15.43,600m,14.67,0.0,Jumped Ok Settled Down 3rd Inside 2 Lengths had good run Beaten 600..cot-further forward..rider-horse failed to handle wet track # very poor,RACING.COM,https://www.racing.com/form/2026-06-01/bet365-park-kilmore/race/4/speed-data,outputs/sectionals/raw/VIC/racingcom_full_payloads/getRaceForm_f8853662af509cf56d.json,dailysectionals,true,true,RACINGCOM_SPEED_SEMANTICS_V1_1,PARTIAL_TIMING_WINDOW,1200,0,1200,,false,82.42,SUPPLIED_SPLIT_SUM_RECONCILES_TO_FIRST_AVAILABLE_SECTIONAL_MARKER
2026-06-01|BET365 PARK KILMORE|R04,2026-06-01,Bet365 Park Kilmore,4,2026-06-01|BET365 PARK KILMORE|R04|RUNNER:15634238,15634238,8,Farasi,J.J.Robinson,A.K.Kelly,5,10,10th,0,136.93,2,200,11.51,0.0,0,41.28,14.81,7,6,14.65,15.57,14.09,15.62,600m,14.66,0.0,Bit Slow Out Not Bustled Settled Down Off Mid-Field Two Wide 6 Lengths Couldn'T Get Close visor on cross over noseband on # poor,RACING.COM,https://www.racing.com/form/2026-06-01/bet365-park-kilmore/race/4/speed-data,outputs/sectionals/raw/VIC/racingcom_full_payloads/getRaceForm_f8853662af509cf56d.json,dailysectionals,true,true,RACINGCOM_SPEED_SEMANTICS_V1_1,PARTIAL_TIMING_WINDOW,1200,0,1200,,false,81.86,SUPPLIED_SPLIT_SUM_RECONCILES_TO_FIRST_AVAILABLE_SECTIONAL_MARKER
2026-06-01|BET365 PARK KILMORE|R04,2026-06-01,Bet365 Park Kilmore,4,2026-06-01|BET365 PARK KILMORE|R04|RUNNER:15636639,15636639,15,Medieval Warrior,Anthony & Sam Freedman,T.Stockdale,9,11,11th,0,139.47,4.54,454,26.51,0.0,0,44.76,17.39,7,6,14.92,15.52,12.54,15.56,400m,14.39,0.0,Jumped Ok Went Forward led 1 Lengths had good run Beaten 400..rider-horse failed to handle wet track..vet-clear # very poor,RACING.COM,https://www.racing.com/form/2026-06-01/bet365-park-kilmore/race/4/speed-data,outputs/sectionals/raw/VIC/racingcom_full_payloads/getRaceForm_f8853662af509cf56d.json,dailysectionals,true,true,RACINGCOM_SPEED_SEMANTICS_V1_1,PARTIAL_TIMING_WINDOW,1200,0,1200,,false,85.39,SUPPLIED_SPLIT_SUM_RECONCILES_TO_FIRST_AVAILABLE_SECTIONAL_MARKER
2026-06-01|BET365 PARK KILMORE|R04,2026-06-01,Bet365 Park Kilmore,4,2026-06-01|BET365 PARK KILMORE|R04|RUNNER:15642126,15642126,11,Safina,H.Dwyer,M.T.Aitken,12,12,12th,0,142.88,7.95,795,46.51,0.0,0,46.92,19.48,7,6,14.43,15.6,11.76,15.72,600m,14.05,0.0,Bit Slow Out Restrained last 10 Lengths had task but Couldn'T Get Close # awful,RACING.COM,https://www.racing.com/form/2026-06-01/bet365-park-kilmore/race/4/speed-data,outputs/sectionals/raw/VIC/racingcom_full_payloads/getRaceForm_f8853662af509cf56d.json,dailysectionals,true,true,RACINGCOM_SPEED_SEMANTICS_V1_1,PARTIAL_TIMING_WINDOW,1200,0,1200,,false,86.94,SUPPLIED_SPLIT_SUM_RECONCILES_TO_FIRST_AVAILABLE_SECTIONAL_MARKER
2026-06-01|BET365 PARK KILMORE|R05,2026-06-01,Bet365 Park Kilmore,5,2026-06-01|BET365 PARK KILMORE|R05|RUNNER:15635227,15635227,15,Testing The Cugat,T.N.Barton,B.E.Temple,10,1,1st,0,133.84,0,0,0.0,0.0,0,40.44,13.96,7,6,15.44,15.65,14.49,15.72,600m,15.0,0.0,Jumped Ok Set  Good Pace eventually led 1 Lengths went hard but kept finding no weight # led all the way,RACING.COM,https://www.racing.com/form/2026-06-01/bet365-park-kilmore/race/5/speed-data,outputs/sectionals/raw/VIC/racingcom_full_payloads/getRaceForm_ee5d92e0d70e876a11.json,dailysectionals,true,true,RACINGCOM_SPEED_SEMANTICS_V1_1,PARTIAL_TIMING_WINDOW,1200,0,1200,,false,81.56,SUPPLIED_SPLIT_SUM_RECONCILES_TO_FIRST_AVAILABLE_SECTIONAL_MARKER
2026-06-01|BET365 PARK KILMORE|R05,2026-06-01,Bet365 Park Kilmore,5,2026-06-01|BET365 PARK KILMORE|R05|RUNNER:15634239,15634239,7,Call Me Rhonda,J.J.Robinson,B.Rawiller,3,2,2nd,0,134.01,0.17,17,1.0,0.0,0,39.75,14.04,7,6,14.65,15.92,14.69,15.97,400m,14.98,0.0,Jumped Ok Settled Down Mid Field 12 Lengths Good Pace on Set  by winner Joined in 200 looked winner but leader with no weight kept kicking gap to 3rd # no excuses,RACING.COM,https://www.racing.com/form/2026-06-01/bet365-park-kilmore/race/5/speed-data,outputs/sectionals/raw/VIC/racingcom_full_payloads/getRaceForm_ee5d92e0d70e876a11.json,dailysectionals,true,true,RACINGCOM_SPEED_SEMANTICS_V1_1,PARTIAL_TIMING_WINDOW,1200,0,1200,,false,78.93,SUPPLIED_SPLIT_SUM_RECONCILES_TO_FIRST_AVAILABLE_SECTIONAL_MARKER
2026-06-01|BET365 PARK KILMORE|R05,2026-06-01,Bet365 Park Kilmore,5,2026-06-01|BET365 PARK KILMORE|R05|RUNNER:15637146,15637146,13,I Could Do Better (IRE),J.L.Taylor,A.McCabe,7,3,3rd,0,134.59,0.75,75,4.5,0.0,0,40.13,13.87,7,6,14.5,15.75,14.61,15.84,600m,14.91,0.0,Bit Slow Out Restrained Off Mid-Field 16 Lengths Good Pace on Set  by winner Went Forward With Trail very one paced but # ran on ok,RACING.COM,https://www.racing.com/form/2026-06-01/bet365-park-kilmore/race/5/speed-data,outputs/sectionals/raw/VIC/racingcom_full_payloads/getRaceForm_ee5d92e0d70e876a11.json,dailysectionals,true,true,RACINGCOM_SPEED_SEMANTICS_V1_1,PARTIAL_TIMING_WINDOW,1200,0,1200,,false,78.92,SUPPLIED_SPLIT_SUM_RECONCILES_TO_FIRST_AVAILABLE_SECTIONAL_MARKER
2026-06-01|BET365 PARK KILMORE|R05,2026-06-01,Bet365 Park Kilmore,5,2026-06-01|BET365 PARK KILMORE|R05|RUNNER:15636626,15636626,8,Makusha,R.G.Symons,J.Noonan,11,4,4th,0,134.96,1.12,112,6.5,0.0,0,40.86,14.4,7,6,14.42,15.77,14.29,16.01,600m,14.87,0.0,Slow Out 2 Lengths Settled Down Mile Back last Went Forward mid-race Wide No Cover Given No Hope this track # forgive,RACING.COM,https://www.racing.com/form/2026-06-01/bet365-park-kilmore/race/5/speed-data,outputs/sectionals/raw/VIC/racingcom_full_payloads/getRaceForm_ee5d92e0d70e876a11.json,dailysectionals,true,true,RACINGCOM_SPEED_SEMANTICS_V1_1,PARTIAL_TIMING_WINDOW,1200,0,1200,,false,78.99,SUPPLIED_SPLIT_SUM_RECONCILES_TO_FIRST_AVAILABLE_SECTIONAL_MARKER
2026-06-01|BET365 PARK KILMORE|R05,2026-06-01,Bet365 Park Kilmore,5,2026-06-01|BET365 PARK KILMORE|R05|RUNNER:15640486,15640486,14,Juniors Queen,T.T.Walsh,C.B.Thompson,9,5,5th,0,134.97,1.13,113,6.52,0.0,0,41.52,14.89,7,6,15.4,15.71,13.94,15.82,600m,14.87,0.0,Jumped Ok Went Forward Good Pace on eventually Took sit 2nd Outside winner 1 Lengths Beaten off 200 no match # pace/no match,RACING.COM,https://www.racing.com/form/2026-06-01/bet365-park-kilmore/race/5/speed-data,outputs/sectionals/raw/VIC/racingcom_full_payloads/getRaceForm_ee5d92e0d70e876a11.json,dailysectionals,true,true,RACINGCOM_SPEED_SEMANTICS_V1_1,PARTIAL_TIMING_WINDOW,1200,0,1200,,false,82.58,SUPPLIED_SPLIT_SUM_RECONCILES_TO_FIRST_AVAILABLE_SECTIONAL_MARKER
2026-06-01|BET365 PARK KILMORE|R05,2026-06-01,Bet365 Park Kilmore,5,2026-06-01|BET365 PARK KILMORE|R05|RUNNER:15641838,15641838,6,Just Landed,W.B.Brisbourne,E.J.Walsh,5,6,6th,0,135.26,1.42,142,8.27,0.0,0,40.53,14.3,7,6,14.5,15.84,14.37,15.94,600m,14.84,0.0,Bit Slow Out Restrained Off Mid-Field 16 Lengths Good Pace on Set  by winner Hooked Out Wide 600 had task on bad track # made some Ground,RACING.COM,https://www.racing.com/form/2026-06-01/bet365-park-kilmore/race/5/speed-data,outputs/sectionals/raw/VIC/racingcom_full_payloads/getRaceForm_ee5d92e0d70e876a11.json,dailysectionals,true,true,RACINGCOM_SPEED_SEMANTICS_V1_1,PARTIAL_TIMING_WINDOW,1200,0,1200,,false,79.6,SUPPLIED_SPLIT_SUM_RECONCILES_TO_FIRST_AVAILABLE_SECTIONAL_MARKER
2026-06-01|BET365 PARK KILMORE|R05,2026-06-01,Bet365 Park Kilmore,5,2026-06-01|BET365 PARK KILMORE|R05|RUNNER:15641854,15641854,10,Taupo Tiger,John Symons & Sheila Laxon,D.J.Dunn,1,7,7th,0,136.05,2.21,221,12.52,0.0,0,41.58,15.05,7,6,14.65,15.64,13.95,15.77,600m,14.75,0.0,Jumped Ok Settled Down Mid Field 12 Lengths Good Pace on very one paced in ground only Held Ground along rail..vet-clear..rider-failed to handle heavy track # no run on,RACING.COM,https://www.racing.com/form/2026-06-01/bet365-park-kilmore/race/5/speed-data,outputs/sectionals/raw/VIC/racingcom_full_payloads/getRaceForm_ee5d92e0d70e876a11.json,dailysectionals,true,true,RACINGCOM_SPEED_SEMANTICS_V1_1,PARTIAL_TIMING_WINDOW,1200,0,1200,,false,80.96,SUPPLIED_SPLIT_SUM_RECONCILES_TO_FIRST_AVAILABLE_SECTIONAL_MARKER
2026-06-01|BET365 PARK KILMORE|R05,2026-06-01,Bet365 Park Kilmore,5,2026-06-01|BET365 PARK KILMORE|R05|RUNNER:15638126,15638126,2,Dandruff,T.A.Lake,J.Bowditch,8,8,8th,0,136.55,2.71,271,14.77,0.0,0,41.92,15.07,7,6,14.57,15.53,13.86,15.76,600m,14.7,0.0,Jumped Ok Restrained Settled Down Off Mid-Field 15 Lengths Good Pace on Couldn'T Get Close on bad track # Never Likely,RACING.COM,https://www.racing.com/form/2026-06-01/bet365-park-kilmore/race/5/speed-data,outputs/sectionals/raw/VIC/racingcom_full_payloads/getRaceForm_ee5d92e0d70e876a11.json,dailysectionals,true,true,RACINGCOM_SPEED_SEMANTICS_V1_1,PARTIAL_TIMING_WINDOW,1200,0,1200,,false,81.16,SUPPLIED_SPLIT_SUM_RECONCILES_TO_FIRST_AVAILABLE_SECTIONAL_MARKER
2026-06-01|BET365 PARK KILMORE|R05,2026-06-01,Bet365 Park Kilmore,5,2026-06-01|BET365 PARK KILMORE|R05|RUNNER:15634707,15634707,12,Leica Trooper,P.D.Evans,J.A.Keating,2,9,9th,0,136.63,2.79,279,15.23,0.0,0,41.84,15.12,7,6,14.57,15.5,13.88,15.65,600m,14.69,0.0,jumped fairly Restrained Off Mid-Field 15 Lengths Good Pace on Mile Back Turn Couldn'T Get Close on bad track # no run on,RACING.COM,https://www.racing.com/form/2026-06-01/bet365-park-kilmore/race/5/speed-data,outputs/sectionals/raw/VIC/racingcom_full_payloads/getRaceForm_ee5d92e0d70e876a11.json,dailysectionals,true,true,RACINGCOM_SPEED_SEMANTICS_V1_1,PARTIAL_TIMING_WINDOW,1200,0,1200,,false,81.26,SUPPLIED_SPLIT_SUM_RECONCILES_TO_FIRST_AVAILABLE_SECTIONAL_MARKER
2026-06-01|BET365 PARK KILMORE|R05,2026-06-01,Bet365 Park Kilmore,5,2026-06-01|BET365 PARK KILMORE|R05|RUNNER:15641505,15641505,11,High Torque,D.Grass,T.M.Nugent,6,10,10th,0,137.54,3.7,370,19.73,0.0,0,42.6,15.74,7,6,14.42,15.46,13.56,15.66,600m,14.59,0.0,Bit Slow Out Restrained tail 18 Lengths Good Pace on Couldn'T Get Close # very poor,RACING.COM,https://www.racing.com/form/2026-06-01/bet365-park-kilmore/race/5/speed-data,outputs/sectionals/raw/VIC/racingcom_full_payloads/getRaceForm_ee5d92e0d70e876a11.json,dailysectionals,true,true,RACINGCOM_SPEED_SEMANTICS_V1_1,PARTIAL_TIMING_WINDOW,1200,0,1200,,false,81.56,SUPPLIED_SPLIT_SUM_RECONCILES_TO_FIRST_AVAILABLE_SECTIONAL_MARKER
2026-06-01|BET365 PARK KILMORE|R05,2026-06-01,Bet365 Park Kilmore,5,2026-06-01|BET365 PARK KILMORE|R05|RUNNER:15642145,15642145,3,Birdie Time (GB),"Ben, Will & JD Hayes",D.Thornton,12,11,11th,0,140.94,7.1,710,39.73,0.0,0,46.98,19.28,7,6,14.86,15.52,11.81,15.81,600m,14.24,0.0,Jumped Ok Went Forward Settled Down 4th Outside 8 Lengths Good Pace on Set  by winner Beaten 400 ...t/tie on..cot-further forward # very poor,RACING.COM,https://www.racing.com/form/2026-06-01/bet365-park-kilmore/race/5/speed-data,outputs/sectionals/raw/VIC/racingcom_full_payloads/getRaceForm_ee5d92e0d70e876a11.json,dailysectionals,true,true,RACINGCOM_SPEED_SEMANTICS_V1_1,PARTIAL_TIMING_WINDOW,1200,0,1200,,false,86.64,SUPPLIED_SPLIT_SUM_RECONCILES_TO_FIRST_AVAILABLE_SECTIONAL_MARKER
2026-06-01|BET365 PARK KILMORE|R05,2026-06-01,Bet365 Park Kilmore,5,2026-06-01|BET365 PARK KILMORE|R05|RUNNER:15632518,15632518,1,Ring True (GB),Mick Price & Michael Kent (Jnr),O.I.East,4,12,12th,0,141.4,7.56,756,41.98,0.0,0,47.16,18.68,7,6,14.9,15.09,11.92,15.52,600m,14.19,0.0,Jumped Ok Settled Down 3rd 8 Lengths Good Pace on Set  by winner gone 600..rider-horse failed to handle heavy track # very poor,RACING.COM,https://www.racing.com/form/2026-06-01/bet365-park-kilmore/race/5/speed-data,outputs/sectionals/raw/VIC/racingcom_full_payloads/getRaceForm_ee5d92e0d70e876a11.json,dailysectionals,true,true,RACINGCOM_SPEED_SEMANTICS_V1_1,PARTIAL_TIMING_WINDOW,1200,0,1200,,false,87.25,SUPPLIED_SPLIT_SUM_RECONCILES_TO_FIRST_AVAILABLE_SECTIONAL_MARKER
2026-06-01|BET365 PARK KILMORE|R06,2026-06-01,Bet365 Park Kilmore,6,2026-06-01|BET365 PARK KILMORE|R06|RUNNER:15634403,15634403,3,Moonbolt,C.Scott,J.Bowditch,8,1,1st,0,95.24,0,0,0.0,0.0,0,38.67,13.6,7,6,14.9,16.11,15.19,16.69,1000m,15.3,0.0,Slow Out 1 Lengths Settled Down tail Inside 7 Lengths saved Ground Turn still well back but Finished Too Well along rail # Sound Effort,RACING.COM,https://www.racing.com/form/2026-06-01/bet365-park-kilmore/race/6/speed-data,outputs/sectionals/raw/VIC/racingcom_full_payloads/getRaceForm_ad3c20d9df795ef193.json,dailysectionals,true,true,RACINGCOM_SPEED_SEMANTICS_V1_1,PARTIAL_TIMING_WINDOW,1200,0,1200,,false,75.88,SUPPLIED_SPLIT_SUM_RECONCILES_TO_FIRST_AVAILABLE_SECTIONAL_MARKER
2026-06-01|BET365 PARK KILMORE|R06,2026-06-01,Bet365 Park Kilmore,6,2026-06-01|BET365 PARK KILMORE|R06|RUNNER:15638715,15638715,4,Western Legend,B.Goodwin,N.Farley,2,2,2nd,0,95.34,0.1,10,0.75,0.0,0,39.44,14.14,7,6,15.14,16.06,14.79,16.65,1000m,15.28,0.0,Jumped Ok Settled Down 3rd Inside 2 Lengths had good run Joined in 200 but out Wide Just no match for winner along rail # Sound again,RACING.COM,https://www.racing.com/form/2026-06-01/bet365-park-kilmore/race/6/speed-data,outputs/sectionals/raw/VIC/racingcom_full_payloads/getRaceForm_ad3c20d9df795ef193.json,dailysectionals,true,true,RACINGCOM_SPEED_SEMANTICS_V1_1,PARTIAL_TIMING_WINDOW,1200,0,1200,,false,76.62,SUPPLIED_SPLIT_SUM_RECONCILES_TO_FIRST_AVAILABLE_SECTIONAL_MARKER
2026-06-01|BET365 PARK KILMORE|R06,2026-06-01,Bet365 Park Kilmore,6,2026-06-01|BET365 PARK KILMORE|R06|RUNNER:15630233,15630233,10,Lafont (NZ),P.J.Stokes,L.J.Neindorf,10,3,3rd,0,95.52,0.28,28,2.0,0.0,0,39.02,13.84,7,6,14.93,16.3,14.83,17.08,1000m,15.25,0.0,Slow Out 1 Lengths Settled Down tail 3 Wide With Trail 7 Lengths Went Forward 600 widest had task this track Kept Going Soundly Closest # Sound return,RACING.COM,https://www.racing.com/form/2026-06-01/bet365-park-kilmore/race/6/speed-data,outputs/sectionals/raw/VIC/racingcom_full_payloads/getRaceForm_ad3c20d9df795ef193.json,dailysectionals,true,true,RACINGCOM_SPEED_SEMANTICS_V1_1,PARTIAL_TIMING_WINDOW,1200,0,1200,,false,75.96,SUPPLIED_SPLIT_SUM_RECONCILES_TO_FIRST_AVAILABLE_SECTIONAL_MARKER
2026-06-01|BET365 PARK KILMORE|R06,2026-06-01,Bet365 Park Kilmore,6,2026-06-01|BET365 PARK KILMORE|R06|RUNNER:15622293,15622293,6,Elvis,DJA.Williams,L.N.McNeil,6,4,4th,0,95.69,0.45,45,2.75,0.0,0,39.97,14.41,7,6,15.18,16.12,14.49,16.64,1000m,15.23,0.0,Jumped Ok Ridden Along Settled Down Outside Leader Collared 200 # no match/honest,RACING.COM,https://www.racing.com/form/2026-06-01/bet365-park-kilmore/race/6/speed-data,outputs/sectionals/raw/VIC/racingcom_full_payloads/getRaceForm_ad3c20d9df795ef193.json,dailysectionals,true,true,RACINGCOM_SPEED_SEMANTICS_V1_1,PARTIAL_TIMING_WINDOW,1200,0,1200,,false,77.15,SUPPLIED_SPLIT_SUM_RECONCILES_TO_FIRST_AVAILABLE_SECTIONAL_MARKER
2026-06-01|BET365 PARK KILMORE|R06,2026-06-01,Bet365 Park Kilmore,6,2026-06-01|BET365 PARK KILMORE|R06|RUNNER:15635634,15635634,5,Chateau Vega,M.Laurie,J.Noonan,4,5,5th,0,95.82,0.58,58,3.5,0.0,0,39.67,14.06,7,6,15.07,16.04,14.66,16.46,1000m,15.21,0.0,Jumped Ok Took sit 1-1 Under Pressure down hill Held Ground Straight bad track # even Effort,RACING.COM,https://www.racing.com/form/2026-06-01/bet365-park-kilmore/race/6/speed-data,outputs/sectionals/raw/VIC/racingcom_full_payloads/getRaceForm_ad3c20d9df795ef193.json,dailysectionals,true,true,RACINGCOM_SPEED_SEMANTICS_V1_1,PARTIAL_TIMING_WINDOW,1200,0,1200,,false,77.14,SUPPLIED_SPLIT_SUM_RECONCILES_TO_FIRST_AVAILABLE_SECTIONAL_MARKER
2026-06-01|BET365 PARK KILMORE|R06,2026-06-01,Bet365 Park Kilmore,6,2026-06-01|BET365 PARK KILMORE|R06|RUNNER:15641820,15641820,9,Tel Aviv,W.B.Brisbourne,A.McCabe,9,5,5th,0,95.82,0.58,58,3.5,0.0,0,39.17,14.02,7,6,14.91,16.14,14.83,16.61,1000m,15.21,0.0,Jumped Ok Restrained Settled Down tail Two Wide 7 Lengths came widest Turn had task # ran on ok,RACING.COM,https://www.racing.com/form/2026-06-01/bet365-park-kilmore/race/6/speed-data,outputs/sectionals/raw/VIC/racingcom_full_payloads/getRaceForm_ad3c20d9df795ef193.json,dailysectionals,true,true,RACINGCOM_SPEED_SEMANTICS_V1_1,PARTIAL_TIMING_WINDOW,1200,0,1200,,false,76.55,SUPPLIED_SPLIT_SUM_RECONCILES_TO_FIRST_AVAILABLE_SECTIONAL_MARKER
2026-06-01|BET365 PARK KILMORE|R06,2026-06-01,Bet365 Park Kilmore,6,2026-06-01|BET365 PARK KILMORE|R06|RUNNER:15641466,15641466,2,Frozen Tide,S.R.Fliedner,D.Thornton,7,7,7th,0,95.95,0.71,71,4.25,0.0,0,39.65,14.13,7,6,15.01,16.12,14.61,16.38,1000m,15.18,0.0,Jumped Ok Went Forward but couldnt x Settled Down Mid Field 3 Wide No Cover 4 Lengths Given No Hope 1st up # wide/forgive,RACING.COM,https://www.racing.com/form/2026-06-01/bet365-park-kilmore/race/6/speed-data,outputs/sectionals/raw/VIC/racingcom_full_payloads/getRaceForm_ad3c20d9df795ef193.json,dailysectionals,true,true,RACINGCOM_SPEED_SEMANTICS_V1_1,PARTIAL_TIMING_WINDOW,1200,0,1200,,false,77.14,SUPPLIED_SPLIT_SUM_RECONCILES_TO_FIRST_AVAILABLE_SECTIONAL_MARKER
2026-06-01|BET365 PARK KILMORE|R06,2026-06-01,Bet365 Park Kilmore,6,2026-06-01|BET365 PARK KILMORE|R06|RUNNER:15641884,15641884,1,Blacklip,N.R.Ryan,C.Newitt,5,8,8th,0,97.34,2.1,210,12.25,0.0,0,40.9,15.24,7,6,14.99,16.03,14.0,16.46,1000m,14.97,0.0,Bit Slow Out Restrained Just Off Mid-Field Two Wide 5 Lengths bit keen in run never in a good spot on this track eased down from Turn ..vet-clear..rider-failed to handle heavy track # no guide,RACING.COM,https://www.racing.com/form/2026-06-01/bet365-park-kilmore/race/6/speed-data,outputs/sectionals/raw/VIC/racingcom_full_payloads/getRaceForm_ad3c20d9df795ef193.json,dailysectionals,true,true,RACINGCOM_SPEED_SEMANTICS_V1_1,PARTIAL_TIMING_WINDOW,1200,0,1200,,false,78.39,SUPPLIED_SPLIT_SUM_RECONCILES_TO_FIRST_AVAILABLE_SECTIONAL_MARKER
2026-06-01|BET365 PARK KILMORE|R06,2026-06-01,Bet365 Park Kilmore,6,2026-06-01|BET365 PARK KILMORE|R06|RUNNER:15622534,15622534,8,Sexy Warrior,P.J.Stokes,O.I.East,3,9,9th,0,97.99,2.75,275,16.25,0.0,0,42.33,16.01,7,6,15.22,16.05,13.37,16.69,1000m,14.87,0.0,Jumped Ok Settled Down Narrow Leader Every Chance this track Collared Turn Couldn'T Go On amiss?..rider-end of prep # weak Effort,RACING.COM,https://www.racing.com/form/2026-06-01/bet365-park-kilmore/race/6/speed-data,outputs/sectionals/raw/VIC/racingcom_full_payloads/getRaceForm_ad3c20d9df795ef193.json,dailysectionals,true,true,RACINGCOM_SPEED_SEMANTICS_V1_1,PARTIAL_TIMING_WINDOW,1200,0,1200,,false,79.49,SUPPLIED_SPLIT_SUM_RECONCILES_TO_FIRST_AVAILABLE_SECTIONAL_MARKER
2026-06-01|BET365 PARK KILMORE|R06,2026-06-01,Bet365 Park Kilmore,6,2026-06-01|BET365 PARK KILMORE|R06|RUNNER:15632521,15632521,7,Left Hook (IRE),Mick Price & Michael Kent (Jnr),T.Stockdale,1,10,10th,0,98.38,3.14,314,18.25,0.0,0,42.06,16,7,6,15.02,15.96,13.53,16.6,1000m,14.81,0.0,Jumped Ok Restrained Mid Field Inside 4 Lengths Clear All The Way Inside Lost Ground down hill Dropped Out # very poor,RACING.COM,https://www.racing.com/form/2026-06-01/bet365-park-kilmore/race/6/speed-data,outputs/sectionals/raw/VIC/racingcom_full_payloads/getRaceForm_ad3c20d9df795ef193.json,dailysectionals,true,true,RACINGCOM_SPEED_SEMANTICS_V1_1,PARTIAL_TIMING_WINDOW,1200,0,1200,,false,79.37,SUPPLIED_SPLIT_SUM_RECONCILES_TO_FIRST_AVAILABLE_SECTIONAL_MARKER
2026-06-01|BET365 PARK KILMORE|R07,2026-06-01,Bet365 Park Kilmore,7,2026-06-01|BET365 PARK KILMORE|R07|RUNNER:15623802,15623802,6,Triple Triple,N.G.Smyth,R.Lamont,8,1,1st,0,69.09,0,0,0.0,0.0,0,37.5,13.14,6,5,16.36,17.18,15.46,17.21,400m,16.02,0.0,jumped fast Restrained Mid Field Two Wide 6 Lengths tracked Wide Turn got up on line testing track 1st up ...ear muffs again t/tie again new stable # solid return,RACING.COM,https://www.racing.com/form/2026-06-01/bet365-park-kilmore/race/7/speed-data,outputs/sectionals/raw/VIC/racingcom_full_payloads/getRaceForm_1abe6b1caefdd411a7.json,dailysectionals,true,true,RACINGCOM_SPEED_SEMANTICS_V1_1,PARTIAL_TIMING_WINDOW,1000,0,1000,,false,60.8,SUPPLIED_SPLIT_SUM_RECONCILES_TO_FIRST_AVAILABLE_SECTIONAL_MARKER
2026-06-01|BET365 PARK KILMORE|R07,2026-06-01,Bet365 Park Kilmore,7,2026-06-01|BET365 PARK KILMORE|R07|RUNNER:15642581,15642581,2,Got Out The Fence,G.M.Johnstone,B.R.Kinninmont,1,2,2nd,0,69.14,0.05,5,0.1,0.0,0,38.42,13.98,6,5,16.69,17.38,14.94,17.67,800m,16.01,0.0,Jumped Ok Ridden Along led 2 Lengths Same Straightened Up Collared right on line # gave big sight,RACING.COM,https://www.racing.com/form/2026-06-01/bet365-park-kilmore/race/7/speed-data,outputs/sectionals/raw/VIC/racingcom_full_payloads/getRaceForm_1abe6b1caefdd411a7.json,dailysectionals,true,true,RACINGCOM_SPEED_SEMANTICS_V1_1,PARTIAL_TIMING_WINDOW,1000,0,1000,,false,61.12,SUPPLIED_SPLIT_SUM_RECONCILES_TO_FIRST_AVAILABLE_SECTIONAL_MARKER
2026-06-01|BET365 PARK KILMORE|R07,2026-06-01,Bet365 Park Kilmore,7,2026-06-01|BET365 PARK KILMORE|R07|RUNNER:15637056,15637056,7,Rhodesian Red,Mark & Levi Kavanagh,B.Rawiller,10,3,3rd,0,69.16,0.07,7,0.4,0.0,0,37.32,13.34,6,5,16.31,17.36,15.5,17.38,400m,16.01,0.0,Jumped Ok Restrained from Outside Settled Down Off Mid-Field 7 Lengths happy to sit Wide all the way(nothing done that all day) Kept Going Soundly to Just miss # solid,RACING.COM,https://www.racing.com/form/2026-06-01/bet365-park-kilmore/race/7/speed-data,outputs/sectionals/raw/VIC/racingcom_full_payloads/getRaceForm_1abe6b1caefdd411a7.json,dailysectionals,true,true,RACINGCOM_SPEED_SEMANTICS_V1_1,PARTIAL_TIMING_WINDOW,1000,0,1000,,false,60.71,SUPPLIED_SPLIT_SUM_RECONCILES_TO_FIRST_AVAILABLE_SECTIONAL_MARKER
2026-06-01|BET365 PARK KILMORE|R07,2026-06-01,Bet365 Park Kilmore,7,2026-06-01|BET365 PARK KILMORE|R07|RUNNER:15641360,15641360,3,Bossy Star,M.Laurie,J.Noonan,4,4,4th,0,69.17,0.08,8,0.46,0.0,0,37.53,13.37,6,5,16.37,17.35,15.4,17.39,600m,16.0,0.0,vetted pre race. Bit Slow Out Settled Down Just Off Mid-Field 6 Lengths much the Same Turn Kept Going Soundly Just no match cross over noseband on # Sound Effort,RACING.COM,https://www.racing.com/form/2026-06-01/bet365-park-kilmore/race/7/speed-data,outputs/sectionals/raw/VIC/racingcom_full_payloads/getRaceForm_1abe6b1caefdd411a7.json,dailysectionals,true,true,RACINGCOM_SPEED_SEMANTICS_V1_1,PARTIAL_TIMING_WINDOW,1000,0,1000,,false,60.73,SUPPLIED_SPLIT_SUM_RECONCILES_TO_FIRST_AVAILABLE_SECTIONAL_MARKER
2026-06-01|BET365 PARK KILMORE|R07,2026-06-01,Bet365 Park Kilmore,7,2026-06-01|BET365 PARK KILMORE|R07|RUNNER:15633613,15633613,11,That's All Good,N.G.Smyth,B.E.Temple,5,5,5th,0,69.78,0.69,69,3.71,0.0,0,38.45,14.01,6,5,16.43,17.26,14.95,17.79,800m,15.86,0.0,Bit Slow Out Tight railed Through Settled Down 3rd 4 Lengths off rail Straightened Up Just Held Ground on testing track 1st up Need To See Again ....ear muffs on t/tie again new stable # did enough,RACING.COM,https://www.racing.com/form/2026-06-01/bet365-park-kilmore/race/7/speed-data,outputs/sectionals/raw/VIC/racingcom_full_payloads/getRaceForm_1abe6b1caefdd411a7.json,dailysectionals,true,true,RACINGCOM_SPEED_SEMANTICS_V1_1,PARTIAL_TIMING_WINDOW,1000,0,1000,,false,61.16,SUPPLIED_SPLIT_SUM_RECONCILES_TO_FIRST_AVAILABLE_SECTIONAL_MARKER
2026-06-01|BET365 PARK KILMORE|R07,2026-06-01,Bet365 Park Kilmore,7,2026-06-01|BET365 PARK KILMORE|R07|RUNNER:15641826,15641826,12,Grinzinger Nyx,W.B.Brisbourne,E.J.Walsh,7,6,6th,0,69.95,0.86,86,4.46,0.0,0,37.85,13.55,6,5,16.11,17.1,15.35,17.24,600m,15.83,0.0,Slow Out 1 Lengths Settled Down tail 10 Lengths Lost Ground down hill Mile Back Turn Kept Going Ok along rail Need To See Again Fitter # did enough,RACING.COM,https://www.racing.com/form/2026-06-01/bet365-park-kilmore/race/7/speed-data,outputs/sectionals/raw/VIC/racingcom_full_payloads/getRaceForm_1abe6b1caefdd411a7.json,dailysectionals,true,true,RACINGCOM_SPEED_SEMANTICS_V1_1,PARTIAL_TIMING_WINDOW,1000,0,1000,,false,61.14,SUPPLIED_SPLIT_SUM_RECONCILES_TO_FIRST_AVAILABLE_SECTIONAL_MARKER
2026-06-01|BET365 PARK KILMORE|R07,2026-06-01,Bet365 Park Kilmore,7,2026-06-01|BET365 PARK KILMORE|R07|RUNNER:15637961,15637961,5,Good Onya Champ,Amy & Ash Yargi,S.R.Hateley,3,7,7th,0,70.18,1.09,109,5.96,0.0,0,38.84,14.26,6,5,16.42,17.22,14.74,17.36,600m,15.77,0.0,Jumped Ok Restrained 4th Outside 4 Lengths Clear All The Way weakened from Turn # average Effort,RACING.COM,https://www.racing.com/form/2026-06-01/bet365-park-kilmore/race/7/speed-data,outputs/sectionals/raw/VIC/racingcom_full_payloads/getRaceForm_1abe6b1caefdd411a7.json,dailysectionals,true,true,RACINGCOM_SPEED_SEMANTICS_V1_1,PARTIAL_TIMING_WINDOW,1000,0,1000,,false,61.98,SUPPLIED_SPLIT_SUM_RECONCILES_TO_FIRST_AVAILABLE_SECTIONAL_MARKER
2026-06-01|BET365 PARK KILMORE|R07,2026-06-01,Bet365 Park Kilmore,7,2026-06-01|BET365 PARK KILMORE|R07|RUNNER:15630648,15630648,8,Alesund,R.J.Kelly,O.I.East,11,8,8th,0,70.31,1.22,122,6.71,0.0,0,38.22,14.11,6,5,16.21,17.35,14.99,17.35,400m,15.74,0.0,Slow Out 1 Lengths Settled Down tail 10 Lengths still well back Turn only Held Ground # Never Likely,RACING.COM,https://www.racing.com/form/2026-06-01/bet365-park-kilmore/race/7/speed-data,outputs/sectionals/raw/VIC/racingcom_full_payloads/getRaceForm_1abe6b1caefdd411a7.json,dailysectionals,true,true,RACINGCOM_SPEED_SEMANTICS_V1_1,PARTIAL_TIMING_WINDOW,1000,0,1000,,false,61.49,SUPPLIED_SPLIT_SUM_RECONCILES_TO_FIRST_AVAILABLE_SECTIONAL_MARKER
2026-06-01|BET365 PARK KILMORE|R07,2026-06-01,Bet365 Park Kilmore,7,2026-06-01|BET365 PARK KILMORE|R07|RUNNER:15641419,15641419,10,Wild Roses Grow,D.J.Cannon,C.B.Thompson,2,9,9th,0,70.39,1.3,130,6.96,0.0,0,39.4,14.63,6,5,16.54,17.22,14.47,17.47,800m,15.73,0.0,jumped fast Settled Down 2nd 2 Lengths Same Turn Couldn'T Go On # basic again,RACING.COM,https://www.racing.com/form/2026-06-01/bet365-park-kilmore/race/7/speed-data,outputs/sectionals/raw/VIC/racingcom_full_payloads/getRaceForm_1abe6b1caefdd411a7.json,dailysectionals,true,true,RACINGCOM_SPEED_SEMANTICS_V1_1,PARTIAL_TIMING_WINDOW,1000,0,1000,,false,62.32,SUPPLIED_SPLIT_SUM_RECONCILES_TO_FIRST_AVAILABLE_SECTIONAL_MARKER
2026-06-01|BET365 PARK KILMORE|R07,2026-06-01,Bet365 Park Kilmore,7,2026-06-01|BET365 PARK KILMORE|R07|RUNNER:15641205,15641205,13,Smashing Ruby,J.F.Rattle,L.Wood,6,10,10th,0,70.7,1.61,161,8.71,0.0,0,38.83,14.44,6,5,16.27,17.29,14.68,17.44,800m,15.66,0.0,Slow Out 1 Lengths Tight Settled Down Off Mid-Field Inside 7 Lengths much the Same Turn Couldn'T Get Close concussion plates off..rider-failed to handle heavy track # poor,RACING.COM,https://www.racing.com/form/2026-06-01/bet365-park-kilmore/race/7/speed-data,outputs/sectionals/raw/VIC/racingcom_full_payloads/getRaceForm_1abe6b1caefdd411a7.json,dailysectionals,true,true,RACINGCOM_SPEED_SEMANTICS_V1_1,PARTIAL_TIMING_WINDOW,1000,0,1000,,false,61.85,SUPPLIED_SPLIT_SUM_RECONCILES_TO_FIRST_AVAILABLE_SECTIONAL_MARKER
2026-06-01|BET365 PARK KILMORE|R07,2026-06-01,Bet365 Park Kilmore,7,2026-06-01|BET365 PARK KILMORE|R07|RUNNER:15634404,15634404,4,Never A Thought,C.Scott,J.Bowditch,9,11,11th,0,71.15,2.06,206,11.21,0.0,0,39.32,14.59,6,5,16.2,17.09,14.53,17.23,600m,15.56,0.0,Jumped Ok Restrained Settled Down Off Mid-Field 7 Lengths Couldn'T Get Close bog track..vet-clear..rider-failed to handle heavy track # poor,RACING.COM,https://www.racing.com/form/2026-06-01/bet365-park-kilmore/race/7/speed-data,outputs/sectionals/raw/VIC/racingcom_full_payloads/getRaceForm_1abe6b1caefdd411a7.json,dailysectionals,true,true,RACINGCOM_SPEED_SEMANTICS_V1_1,PARTIAL_TIMING_WINDOW,1000,0,1000,,false,62.61,SUPPLIED_SPLIT_SUM_RECONCILES_TO_FIRST_AVAILABLE_SECTIONAL_MARKER
2026-06-01|BET365 PARK KILMORE|R08,2026-06-01,Bet365 Park Kilmore,8,2026-06-01|BET365 PARK KILMORE|R08|RUNNER:15637609,15637609,4,Cash Converter,C.E.Thomas,C.Newitt,7,1,1st,0,108.39,0,0,0.0,0.0,0,40.33,14.71,7,6,14.39,16.08,14.32,16.14,400m,14.83,0.0,Jumped Ok Settled Down Mid Field 3 Wide No Cover 7 Lengths Went Forward early to Joined Lead wide-out sitting shot Kept Going Just Too Well winkers again visor off # all honours,RACING.COM,https://www.racing.com/form/2026-06-01/bet365-park-kilmore/race/8/speed-data,outputs/sectionals/raw/VIC/racingcom_full_payloads/getRaceForm_1a3833665e53453892.json,dailysectionals,true,true,RACINGCOM_SPEED_SEMANTICS_V1_1,PARTIAL_TIMING_WINDOW,1200,0,1200,,false,79.52,SUPPLIED_SPLIT_SUM_RECONCILES_TO_FIRST_AVAILABLE_SECTIONAL_MARKER
2026-06-01|BET365 PARK KILMORE|R08,2026-06-01,Bet365 Park Kilmore,8,2026-06-01|BET365 PARK KILMORE|R08|RUNNER:15638320,15638320,7,Pick Wisely,A.Alexander,T.Stockdale,10,2,2nd,0,108.48,0.09,9,0.5,0.0,0,40.08,14.44,7,6,14.3,16.1,14.41,16.23,400m,14.81,0.0,Bit Slow Out Settled Down Off Mid-Field 8 Lengths followed winner into race one paced Kept Going Ok Closest visor again # no excuses,RACING.COM,https://www.racing.com/form/2026-06-01/bet365-park-kilmore/race/8/speed-data,outputs/sectionals/raw/VIC/racingcom_full_payloads/getRaceForm_1a3833665e53453892.json,dailysectionals,true,true,RACINGCOM_SPEED_SEMANTICS_V1_1,PARTIAL_TIMING_WINDOW,1200,0,1200,,false,79.31,SUPPLIED_SPLIT_SUM_RECONCILES_TO_FIRST_AVAILABLE_SECTIONAL_MARKER
2026-06-01|BET365 PARK KILMORE|R08,2026-06-01,Bet365 Park Kilmore,8,2026-06-01|BET365 PARK KILMORE|R08|RUNNER:15641823,15641823,10,Azeola,W.B.Brisbourne,E.J.Walsh,2,3,3rd,0,108.69,0.3,30,1.25,0.0,0,40.18,14.37,7,6,14.39,15.92,14.44,16.03,400m,14.79,0.0,Slow Out 1 Lengths Settled Down Off Mid-Field 8 Lengths Clear All The Way Kept Going Ok along rail # ok return,RACING.COM,https://www.racing.com/form/2026-06-01/bet365-park-kilmore/race/8/speed-data,outputs/sectionals/raw/VIC/racingcom_full_payloads/getRaceForm_1a3833665e53453892.json,dailysectionals,true,true,RACINGCOM_SPEED_SEMANTICS_V1_1,PARTIAL_TIMING_WINDOW,1200,0,1200,,false,79.7,SUPPLIED_SPLIT_SUM_RECONCILES_TO_FIRST_AVAILABLE_SECTIONAL_MARKER
2026-06-01|BET365 PARK KILMORE|R08,2026-06-01,Bet365 Park Kilmore,8,2026-06-01|BET365 PARK KILMORE|R08|RUNNER:15641793,15641793,6,Don't Doubt Dare,M.C.Kent,R.Lamont,4,4,4th,0,108.8,0.41,41,2.0,0.0,0,40.14,13.96,7,6,14.34,15.98,14.48,15.99,400m,14.77,0.0,Bit Slow Out Settled Down Off Mid-Field Two Wide 7 Lengths on heels 1000 nearly fell very one paced Mile Back + Wide Turn Did Best Work Late # Sound finale/run,RACING.COM,https://www.racing.com/form/2026-06-01/bet365-park-kilmore/race/8/speed-data,outputs/sectionals/raw/VIC/racingcom_full_payloads/getRaceForm_1a3833665e53453892.json,dailysectionals,true,true,RACINGCOM_SPEED_SEMANTICS_V1_1,PARTIAL_TIMING_WINDOW,1200,0,1200,,false,79.78,SUPPLIED_SPLIT_SUM_RECONCILES_TO_FIRST_AVAILABLE_SECTIONAL_MARKER
2026-06-01|BET365 PARK KILMORE|R08,2026-06-01,Bet365 Park Kilmore,8,2026-06-01|BET365 PARK KILMORE|R08|RUNNER:15641207,15641207,12,Tipping Rain,J.F.Rattle,L.Wood,9,5,5th,0,108.82,0.43,43,2.06,0.0,0,40.82,14.94,7,6,14.73,15.92,14.09,16.08,400m,14.77,0.0,jumped fast led 1 Lengths Joined before Turn no match late # even Effort,RACING.COM,https://www.racing.com/form/2026-06-01/bet365-park-kilmore/race/8/speed-data,outputs/sectionals/raw/VIC/racingcom_full_payloads/getRaceForm_1a3833665e53453892.json,dailysectionals,true,true,RACINGCOM_SPEED_SEMANTICS_V1_1,PARTIAL_TIMING_WINDOW,1200,0,1200,,false,81.02,SUPPLIED_SPLIT_SUM_RECONCILES_TO_FIRST_AVAILABLE_SECTIONAL_MARKER
2026-06-01|BET365 PARK KILMORE|R08,2026-06-01,Bet365 Park Kilmore,8,2026-06-01|BET365 PARK KILMORE|R08|RUNNER:15632928,15632928,14,Frostration,D.E.Dean,B.R.Kinninmont,3,6,6th,0,108.85,0.46,46,2.16,0.0,0,40.18,14.31,7,6,14.42,15.9,14.41,16.1,400m,14.76,0.0,Jumped Ok Restrained Mid Field 7 Lengths Under Pressure down hill well back Turn # made late Ground,RACING.COM,https://www.racing.com/form/2026-06-01/bet365-park-kilmore/race/8/speed-data,outputs/sectionals/raw/VIC/racingcom_full_payloads/getRaceForm_1a3833665e53453892.json,dailysectionals,true,true,RACINGCOM_SPEED_SEMANTICS_V1_1,PARTIAL_TIMING_WINDOW,1200,0,1200,,false,80.08,SUPPLIED_SPLIT_SUM_RECONCILES_TO_FIRST_AVAILABLE_SECTIONAL_MARKER
2026-06-01|BET365 PARK KILMORE|R08,2026-06-01,Bet365 Park Kilmore,8,2026-06-01|BET365 PARK KILMORE|R08|RUNNER:15641163,15641163,11,Every Little Thing (NZ),David & Coral Feek,P.M.Moloney,5,7,7th,0,108.86,0.47,47,2.41,0.0,0,40.53,14.46,7,6,14.5,15.89,14.29,15.96,400m,14.76,0.0,Jumped Ok Settled Down 3rd Outside 6 Lengths Clear All The Way Held Ground out Wide # even Effort,RACING.COM,https://www.racing.com/form/2026-06-01/bet365-park-kilmore/race/8/speed-data,outputs/sectionals/raw/VIC/racingcom_full_payloads/getRaceForm_1a3833665e53453892.json,dailysectionals,true,true,RACINGCOM_SPEED_SEMANTICS_V1_1,PARTIAL_TIMING_WINDOW,1200,0,1200,,false,80.27,SUPPLIED_SPLIT_SUM_RECONCILES_TO_FIRST_AVAILABLE_SECTIONAL_MARKER
2026-06-01|BET365 PARK KILMORE|R08,2026-06-01,Bet365 Park Kilmore,8,2026-06-01|BET365 PARK KILMORE|R08|RUNNER:15630646,15630646,2,Hard To Go Wrong,R.J.Kelly,O.I.East,8,8,8th,0,109.45,1.06,106,5.41,0.0,0,40.36,14.17,7,6,14.29,15.72,14.39,15.9,400m,14.68,0.0,Slow Out 3-4 Lengths Settled Down last 10 Lengths still Mile Back Turn Not Knocked About to line # slow out/forgive,RACING.COM,https://www.racing.com/form/2026-06-01/bet365-park-kilmore/race/8/speed-data,outputs/sectionals/raw/VIC/racingcom_full_payloads/getRaceForm_1a3833665e53453892.json,dailysectionals,true,true,RACINGCOM_SPEED_SEMANTICS_V1_1,PARTIAL_TIMING_WINDOW,1200,0,1200,,false,79.88,SUPPLIED_SPLIT_SUM_RECONCILES_TO_FIRST_AVAILABLE_SECTIONAL_MARKER
2026-06-01|BET365 PARK KILMORE|R08,2026-06-01,Bet365 Park Kilmore,8,2026-06-01|BET365 PARK KILMORE|R08|RUNNER:15638028,15638028,9,Temu Tilly,M.Laurie,N.Daniels,6,9,9th,0,110.39,2,200,10.91,0.0,0,42.34,16.05,7,6,14.6,16.06,13.36,16.12,400m,14.56,0.0,Jumped Ok Settled Down 2nd 4 Lengths Joined Lead with winner Beaten off Turn weak Effort ..rider-failed to handle heavy track..vet-clear # weak Effort,RACING.COM,https://www.racing.com/form/2026-06-01/bet365-park-kilmore/race/8/speed-data,outputs/sectionals/raw/VIC/racingcom_full_payloads/getRaceForm_1a3833665e53453892.json,dailysectionals,true,true,RACINGCOM_SPEED_SEMANTICS_V1_1,PARTIAL_TIMING_WINDOW,1200,0,1200,,false,82.04,SUPPLIED_SPLIT_SUM_RECONCILES_TO_FIRST_AVAILABLE_SECTIONAL_MARKER
2026-06-01|BET365 PARK KILMORE|R08,2026-06-01,Bet365 Park Kilmore,8,2026-06-01|BET365 PARK KILMORE|R08|RUNNER:15636671,15636671,5,Fashion Fighter,P.M.Jaques,R.J.Hurdle,1,10,10th,0,110.89,2.5,250,13.16,0.0,0,42.14,14.97,7,6,14.49,15.4,13.71,15.42,400m,14.49,0.0,Jumped Ok Ridden Along Settled Down 4th Inside 6 Lengths gone 600 # very poor,RACING.COM,https://www.racing.com/form/2026-06-01/bet365-park-kilmore/race/8/speed-data,outputs/sectionals/raw/VIC/racingcom_full_payloads/getRaceForm_1a3833665e53453892.json,dailysectionals,true,true,RACINGCOM_SPEED_SEMANTICS_V1_1,PARTIAL_TIMING_WINDOW,1200,0,1200,,false,82.17,SUPPLIED_SPLIT_SUM_RECONCILES_TO_FIRST_AVAILABLE_SECTIONAL_MARKER
2026-07-01|SPORTSBET SANDOWN LAKESIDE|R01,2026-07-01,Sportsbet Sandown Lakeside,1,2026-07-01|SPORTSBET SANDOWN LAKESIDE|R01|RUNNER:15689581,15689581,3,Burning Heartz,G.M.Bedggood,J.Bowditch,3,1,1st,0,83.49,0,0,0.0,1304.0,,35.8,12.32,7,7,14.41,16.11,16.87,17.75,100m,15.62,8.27,began fairly Settled Down 1-1 3l Straightened Up Hard Ridden in Clear 2 Lengths joined in Under Pressure put head in front and bobbed in a 4way finish. # had good run,RACING.COM,https://www.racing.com/form/2026-07-01/sportsbet-sandown-lakeside/race/1/speed-data,outputs/sectionals/raw/VIC/racingcom_full_payloads/getRaceForm_cbf2459a2e4838d2eb.json,TripleS,true,true,RACINGCOM_SPEED_SEMANTICS_V1_1,FULL_RACE,1300,0,1300,,true,83.49,SUPPLIED_SPLIT_SUM_RECONCILES_TO_RUNNER_RACE_TIME
2026-07-01|SPORTSBET SANDOWN LAKESIDE|R01,2026-07-01,Sportsbet Sandown Lakeside,1,2026-07-01|SPORTSBET SANDOWN LAKESIDE|R01|RUNNER:15688924,15688924,5,Delahra,Shane Nichols & Hayden Black,L.J.Neindorf,1,2,2nd,0,83.49,0,0,0.02,1307.0,+3,35.76,12.3,7,7,14.36,16.32,16.85,17.85,100m,15.65,5.69,Jumped Ok Run Of Race behind Leader 3l Straightened Up behind Lead 2 Lengths Ridden Along gets gap Inside Kept Going Soundly but just no match in a 4way headbobber # had good run,RACING.COM,https://www.racing.com/form/2026-07-01/sportsbet-sandown-lakeside/race/1/speed-data,outputs/sectionals/raw/VIC/racingcom_full_payloads/getRaceForm_cbf2459a2e4838d2eb.json,TripleS,true,true,RACINGCOM_SPEED_SEMANTICS_V1_1,FULL_RACE,1300,0,1300,,true,83.49,SUPPLIED_SPLIT_SUM_RECONCILES_TO_RUNNER_RACE_TIME
2026-07-01|SPORTSBET SANDOWN LAKESIDE|R01,2026-07-01,Sportsbet Sandown Lakeside,1,2026-07-01|SPORTSBET SANDOWN LAKESIDE|R01|RUNNER:15685941,15685941,6,Tagabella,Ken & Kasey Keys,C.Newitt,6,3,3rd,0,83.51,0.02,2,0.17,1307.0,+3,35.99,12.36,7,7,14.47,16.22,16.76,17.77,100m,15.65,7.31,Jumped Ok led Two Wide early before eventually back Outside the Leader Straightened Up close up Hard Ridden responds fought hard just no match in a 4way headbobber # solid on pace,RACING.COM,https://www.racing.com/form/2026-07-01/sportsbet-sandown-lakeside/race/1/speed-data,outputs/sectionals/raw/VIC/racingcom_full_payloads/getRaceForm_cbf2459a2e4838d2eb.json,TripleS,true,true,RACINGCOM_SPEED_SEMANTICS_V1_1,FULL_RACE,1300,0,1300,,true,83.51,SUPPLIED_SPLIT_SUM_RECONCILES_TO_RUNNER_RACE_TIME
2026-07-01|SPORTSBET SANDOWN LAKESIDE|R01,2026-07-01,Sportsbet Sandown Lakeside,1,2026-07-01|SPORTSBET SANDOWN LAKESIDE|R01|RUNNER:15686855,15686855,2,Anglais,N.R.Ryan,D.W.Stackhouse,5,4,4th,0,83.53,0.04,4,0.23,1307.0,+3,35.53,12.1,7,7,14.37,16.1,17.04,17.75,100m,15.65,10.15,Bit Slow Out Not Bustled Settled Down Two Wide 5th winners back 5l Straightened Up in Clear 3-4l comes widest Kept Going Soundly to get close in a 4way go solid debut but # every possible,RACING.COM,https://www.racing.com/form/2026-07-01/sportsbet-sandown-lakeside/race/1/speed-data,outputs/sectionals/raw/VIC/racingcom_full_payloads/getRaceForm_cbf2459a2e4838d2eb.json,TripleS,true,true,RACINGCOM_SPEED_SEMANTICS_V1_1,FULL_RACE,1300,0,1300,,true,83.53,SUPPLIED_SPLIT_SUM_RECONCILES_TO_RUNNER_RACE_TIME
2026-07-01|SPORTSBET SANDOWN LAKESIDE|R01,2026-07-01,Sportsbet Sandown Lakeside,1,2026-07-01|SPORTSBET SANDOWN LAKESIDE|R01|RUNNER:15689102,15689102,1,Signed By A Kiss,P.B.Payne,W.J.Egan,2,5,5th,0,84.7,1.21,121,7.23,1307.0,+3,37.34,13.43,7,7,14.51,16.22,15.91,17.38,100m,15.43,5.29,Jumped Ok Went Forward to lead shaded early then eventually a Narrow leader Straightened Up same small kick 300 Beaten 200 # led/weak last 100,RACING.COM,https://www.racing.com/form/2026-07-01/sportsbet-sandown-lakeside/race/1/speed-data,outputs/sectionals/raw/VIC/racingcom_full_payloads/getRaceForm_cbf2459a2e4838d2eb.json,TripleS,true,true,RACINGCOM_SPEED_SEMANTICS_V1_1,FULL_RACE,1300,0,1300,,true,84.7,SUPPLIED_SPLIT_SUM_RECONCILES_TO_RUNNER_RACE_TIME
2026-07-01|SPORTSBET SANDOWN LAKESIDE|R01,2026-07-01,Sportsbet Sandown Lakeside,1,2026-07-01|SPORTSBET SANDOWN LAKESIDE|R01|RUNNER:15685645,15685645,4,Helizangel,Emma-Lee & David Browne,D.G.Thornton,4,6,6th,0,84.94,1.45,145,8.73,1305.0,+1,36.63,12.77,7,7,14.2,16.02,16.35,17.65,100m,15.36,9.96,Slow Out 1-2l Settled Down last 7l Straightened Up same and cannot tack on Hard Ridden Couldn'T Get Close like she trialled. # poor,RACING.COM,https://www.racing.com/form/2026-07-01/sportsbet-sandown-lakeside/race/1/speed-data,outputs/sectionals/raw/VIC/racingcom_full_payloads/getRaceForm_cbf2459a2e4838d2eb.json,TripleS,true,true,RACINGCOM_SPEED_SEMANTICS_V1_1,FULL_RACE,1300,0,1300,,true,84.94,SUPPLIED_SPLIT_SUM_RECONCILES_TO_RUNNER_RACE_TIME
2026-07-01|SPORTSBET SANDOWN LAKESIDE|R02,2026-07-01,Sportsbet Sandown Lakeside,2,2026-07-01|SPORTSBET SANDOWN LAKESIDE|R02|RUNNER:15684746,15684746,9,Censori,D.T.O'Brien,L.J.Neindorf,3,1,1st,0,102.34,0,0,0.0,1607.0,,37.49,13.09,8,8,15.37,16.18,15.9,17.81,400m,15.7,8.68,#,RACING.COM,https://www.racing.com/form/2026-07-01/sportsbet-sandown-lakeside/race/2/speed-data,outputs/sectionals/raw/VIC/racingcom_full_payloads/getRaceForm_6b9842afac2fdb9c6e.json,TripleS,true,true,RACINGCOM_SPEED_SEMANTICS_V1_1,FULL_RACE,1600,0,1600,,true,102.34,SUPPLIED_SPLIT_SUM_RECONCILES_TO_RUNNER_RACE_TIME
2026-07-01|SPORTSBET SANDOWN LAKESIDE|R02,2026-07-01,Sportsbet Sandown Lakeside,2,2026-07-01|SPORTSBET SANDOWN LAKESIDE|R02|RUNNER:15686630,15686630,3,Beautifully (NZ),Trent Busuttin & Natalie Young,R.K.Houston,10,2,2nd,0,102.89,0.55,55,3.25,1605.0,-2,38.63,13.55,8,8,15.63,15.65,15.47,18.0,400m,15.6,5.9,#,RACING.COM,https://www.racing.com/form/2026-07-01/sportsbet-sandown-lakeside/race/2/speed-data,outputs/sectionals/raw/VIC/racingcom_full_payloads/getRaceForm_6b9842afac2fdb9c6e.json,TripleS,true,true,RACINGCOM_SPEED_SEMANTICS_V1_1,FULL_RACE,1600,0,1600,,true,102.89,SUPPLIED_SPLIT_SUM_RECONCILES_TO_RUNNER_RACE_TIME
2026-07-01|SPORTSBET SANDOWN LAKESIDE|R02,2026-07-01,Sportsbet Sandown Lakeside,2,2026-07-01|SPORTSBET SANDOWN LAKESIDE|R02|RUNNER:15689231,15689231,4,Meleys,"Ben, Will & JD Hayes",J.G.Radley,1,3,3rd,0,103.1,0.76,76,4.5,1608.0,+1,38.42,13.54,8,8,15.43,16.08,15.46,17.63,400m,15.6,7.36,#,RACING.COM,https://www.racing.com/form/2026-07-01/sportsbet-sandown-lakeside/race/2/speed-data,outputs/sectionals/raw/VIC/racingcom_full_payloads/getRaceForm_6b9842afac2fdb9c6e.json,TripleS,true,true,RACINGCOM_SPEED_SEMANTICS_V1_1,FULL_RACE,1600,0,1600,,true,103.1,SUPPLIED_SPLIT_SUM_RECONCILES_TO_RUNNER_RACE_TIME
2026-07-01|SPORTSBET SANDOWN LAKESIDE|R02,2026-07-01,Sportsbet Sandown Lakeside,2,2026-07-01|SPORTSBET SANDOWN LAKESIDE|R02|RUNNER:15688968,15688968,11,Don't Doubt Dare,M.C.Kent,W.J.Egan,5,4,4th,0,103.12,0.78,78,4.7,1608.0,+1,38.24,13.3,8,8,15.33,16.18,15.55,17.43,400m,15.59,9.7,#,RACING.COM,https://www.racing.com/form/2026-07-01/sportsbet-sandown-lakeside/race/2/speed-data,outputs/sectionals/raw/VIC/racingcom_full_payloads/getRaceForm_6b9842afac2fdb9c6e.json,TripleS,true,true,RACINGCOM_SPEED_SEMANTICS_V1_1,FULL_RACE,1600,0,1600,,true,103.12,SUPPLIED_SPLIT_SUM_RECONCILES_TO_RUNNER_RACE_TIME
2026-07-01|SPORTSBET SANDOWN LAKESIDE|R02,2026-07-01,Sportsbet Sandown Lakeside,2,2026-07-01|SPORTSBET SANDOWN LAKESIDE|R02|RUNNER:15679532,15679532,12,Tisseyre,Ken & Kasey Keys,B.Allen,11,5,5th,0,103.81,1.47,147,8.45,1604.0,-3,39.27,14.09,8,8,15.52,15.72,15.08,17.84,400m,15.45,8.58,#,RACING.COM,https://www.racing.com/form/2026-07-01/sportsbet-sandown-lakeside/race/2/speed-data,outputs/sectionals/raw/VIC/racingcom_full_payloads/getRaceForm_6b9842afac2fdb9c6e.json,TripleS,true,true,RACINGCOM_SPEED_SEMANTICS_V1_1,FULL_RACE,1600,0,1600,,true,103.81,SUPPLIED_SPLIT_SUM_RECONCILES_TO_RUNNER_RACE_TIME
2026-07-01|SPORTSBET SANDOWN LAKESIDE|R02,2026-07-01,Sportsbet Sandown Lakeside,2,2026-07-01|SPORTSBET SANDOWN LAKESIDE|R02|RUNNER:15685646,15685646,5,Himalayan,Emma-Lee & David Browne,J.McNeil,2,6,6th,0,104.51,2.17,217,12.45,1605.0,-2,39.77,14.32,8,8,15.46,15.74,14.8,17.9,400m,15.36,9.75,#,RACING.COM,https://www.racing.com/form/2026-07-01/sportsbet-sandown-lakeside/race/2/speed-data,outputs/sectionals/raw/VIC/racingcom_full_payloads/getRaceForm_6b9842afac2fdb9c6e.json,TripleS,true,true,RACINGCOM_SPEED_SEMANTICS_V1_1,FULL_RACE,1600,0,1600,,true,104.51,SUPPLIED_SPLIT_SUM_RECONCILES_TO_RUNNER_RACE_TIME
2026-07-01|SPORTSBET SANDOWN LAKESIDE|R02,2026-07-01,Sportsbet Sandown Lakeside,2,2026-07-01|SPORTSBET SANDOWN LAKESIDE|R02|RUNNER:15689103,15689103,2,Off Their Perch,P.B.Payne,S.K.Ingelse,12,7,7th,0,104.6,2.26,226,12.95,1607.0,,40.51,14.5,8,8,15.67,15.66,14.51,18.7,400m,15.36,4.83,Jumped Ok seemed to get across ok to lead. under siege Turn Quickly Beaten awful. thrashed winner last time. # too bad to be true,RACING.COM,https://www.racing.com/form/2026-07-01/sportsbet-sandown-lakeside/race/2/speed-data,outputs/sectionals/raw/VIC/racingcom_full_payloads/getRaceForm_6b9842afac2fdb9c6e.json,TripleS,true,true,RACINGCOM_SPEED_SEMANTICS_V1_1,FULL_RACE,1600,0,1600,,true,104.6,SUPPLIED_SPLIT_SUM_RECONCILES_TO_RUNNER_RACE_TIME
2026-07-01|SPORTSBET SANDOWN LAKESIDE|R02,2026-07-01,Sportsbet Sandown Lakeside,2,2026-07-01|SPORTSBET SANDOWN LAKESIDE|R02|RUNNER:15679414,15679414,6,Star Of Rossa,M.J.Williams,D.Yendall,6,8,8th,0,104.8,2.46,246,14.2,1605.0,-2,39.74,14.35,8,8,15.32,15.91,14.77,17.28,400m,15.31,10.85,#,RACING.COM,https://www.racing.com/form/2026-07-01/sportsbet-sandown-lakeside/race/2/speed-data,outputs/sectionals/raw/VIC/racingcom_full_payloads/getRaceForm_6b9842afac2fdb9c6e.json,TripleS,true,true,RACINGCOM_SPEED_SEMANTICS_V1_1,FULL_RACE,1600,0,1600,,true,104.8,SUPPLIED_SPLIT_SUM_RECONCILES_TO_RUNNER_RACE_TIME
2026-07-01|SPORTSBET SANDOWN LAKESIDE|R03,2026-07-01,Sportsbet Sandown Lakeside,3,2026-07-01|SPORTSBET SANDOWN LAKESIDE|R03|RUNNER:15689287,15689287,7,Oraqua (GB),M.Freedman,H.T.Coffey,3,1,1st,0,103.16,0,0,0.0,1611.0,,36.29,12.61,8,8,14.75,16.07,17.25,17.79,1400m,15.62,9.32,Pressed on to share the lead and didn't finish off third up. Worked on speed when placed two back. Can improve.,RACING.COM,https://www.racing.com/form/2026-07-01/sportsbet-sandown-lakeside/race/3/speed-data,outputs/sectionals/raw/VIC/racingcom_full_payloads/getRaceForm_db2ce0e81cb6432a89.json,TripleS,true,true,RACINGCOM_SPEED_SEMANTICS_V1_1,FULL_RACE,1600,0,1600,,true,103.16,SUPPLIED_SPLIT_SUM_RECONCILES_TO_RUNNER_RACE_TIME
2026-07-01|SPORTSBET SANDOWN LAKESIDE|R03,2026-07-01,Sportsbet Sandown Lakeside,3,2026-07-01|SPORTSBET SANDOWN LAKESIDE|R03|RUNNER:15689241,15689241,4,Perfect Ten (NZ),N.M.Burke,L.J.Bates,5,2,2nd,0,103.21,0.05,5,0.35,1611.0,,35.97,12.39,8,8,14.67,16.05,17.31,17.63,1400m,15.61,9.99,Found plenty when challenged to score in Saturday grade third-up. Fitter again & suited dropping in class.,RACING.COM,https://www.racing.com/form/2026-07-01/sportsbet-sandown-lakeside/race/3/speed-data,outputs/sectionals/raw/VIC/racingcom_full_payloads/getRaceForm_db2ce0e81cb6432a89.json,TripleS,true,true,RACINGCOM_SPEED_SEMANTICS_V1_1,FULL_RACE,1600,0,1600,,true,103.21,SUPPLIED_SPLIT_SUM_RECONCILES_TO_RUNNER_RACE_TIME
2026-07-01|SPORTSBET SANDOWN LAKESIDE|R03,2026-07-01,Sportsbet Sandown Lakeside,3,2026-07-01|SPORTSBET SANDOWN LAKESIDE|R03|RUNNER:15689086,15689086,11,Street Lark,Peter G Moody & Katherine Coleman,E.K.Pozman,6,3,3rd,0,103.47,0.31,31,1.85,1611.0,,36.22,12.53,8,8,14.63,16.23,17.22,17.69,1400m,15.57,9.01,Nothing went right when stepping up in class on the Hillside track. Drops in class & will be fitter again.,RACING.COM,https://www.racing.com/form/2026-07-01/sportsbet-sandown-lakeside/race/3/speed-data,outputs/sectionals/raw/VIC/racingcom_full_payloads/getRaceForm_db2ce0e81cb6432a89.json,TripleS,true,true,RACINGCOM_SPEED_SEMANTICS_V1_1,FULL_RACE,1600,0,1600,,true,103.47,SUPPLIED_SPLIT_SUM_RECONCILES_TO_RUNNER_RACE_TIME
2026-07-01|SPORTSBET SANDOWN LAKESIDE|R03,2026-07-01,Sportsbet Sandown Lakeside,3,2026-07-01|SPORTSBET SANDOWN LAKESIDE|R03|RUNNER:15686641,15686641,6,Pariah Pearl,Trent Busuttin & Natalie Young,J.Mott,7,4,4th,0,103.57,0.41,41,2.6,1614.0,+3,35.89,12.38,8,8,14.55,16.18,17.36,17.75,1400m,15.58,13.35,Had a short break since a tough run when not disgraced at Warrnambool. 3rd in a Cranbourne j'out 15/6.,RACING.COM,https://www.racing.com/form/2026-07-01/sportsbet-sandown-lakeside/race/3/speed-data,outputs/sectionals/raw/VIC/racingcom_full_payloads/getRaceForm_db2ce0e81cb6432a89.json,TripleS,true,true,RACINGCOM_SPEED_SEMANTICS_V1_1,FULL_RACE,1600,0,1600,,true,103.57,SUPPLIED_SPLIT_SUM_RECONCILES_TO_RUNNER_RACE_TIME
2026-07-01|SPORTSBET SANDOWN LAKESIDE|R03,2026-07-01,Sportsbet Sandown Lakeside,3,2026-07-01|SPORTSBET SANDOWN LAKESIDE|R03|RUNNER:15688926,15688926,9,Zeshadow (NZ),A.Noblet,J.M.Allen,1,5,5th,0,103.63,0.47,47,2.95,1611.0,,36.94,13.03,8,8,14.85,15.95,16.96,17.7,1400m,15.55,5.15,Pushed forward & tried hard on the synthetic last time. Up in class & likes this trip but wet form is plain.,RACING.COM,https://www.racing.com/form/2026-07-01/sportsbet-sandown-lakeside/race/3/speed-data,outputs/sectionals/raw/VIC/racingcom_full_payloads/getRaceForm_db2ce0e81cb6432a89.json,TripleS,true,true,RACINGCOM_SPEED_SEMANTICS_V1_1,FULL_RACE,1600,0,1600,,true,103.63,SUPPLIED_SPLIT_SUM_RECONCILES_TO_RUNNER_RACE_TIME
2026-07-01|SPORTSBET SANDOWN LAKESIDE|R03,2026-07-01,Sportsbet Sandown Lakeside,3,2026-07-01|SPORTSBET SANDOWN LAKESIDE|R03|RUNNER:15689129,15689129,3,Geffina,A.J.Purcell,J.G.Radley,9,6,6th,0,103.66,0.5,50,3.1,1611.0,,35.86,12.59,8,8,14.5,16.17,17.48,17.93,1400m,15.54,11.24,Been racing well at the provincials. Hard fit for this & should again be competitive here.,RACING.COM,https://www.racing.com/form/2026-07-01/sportsbet-sandown-lakeside/race/3/speed-data,outputs/sectionals/raw/VIC/racingcom_full_payloads/getRaceForm_db2ce0e81cb6432a89.json,TripleS,true,true,RACINGCOM_SPEED_SEMANTICS_V1_1,FULL_RACE,1600,0,1600,,true,103.66,SUPPLIED_SPLIT_SUM_RECONCILES_TO_RUNNER_RACE_TIME
2026-07-01|SPORTSBET SANDOWN LAKESIDE|R03,2026-07-01,Sportsbet Sandown Lakeside,3,2026-07-01|SPORTSBET SANDOWN LAKESIDE|R03|RUNNER:15686582,15686582,2,Aeolian (GB),C.Maher,J.A.Johnstone,13,7,7th,0,103.74,0.58,58,3.6,1611.0,,36.2,12.54,8,8,14.62,16.03,17.09,17.82,1400m,15.53,7.97,English import making local debut. Won on a synthetic track over 2211m two back. Close second  in 15/6 jumpout.,RACING.COM,https://www.racing.com/form/2026-07-01/sportsbet-sandown-lakeside/race/3/speed-data,outputs/sectionals/raw/VIC/racingcom_full_payloads/getRaceForm_db2ce0e81cb6432a89.json,TripleS,true,true,RACINGCOM_SPEED_SEMANTICS_V1_1,FULL_RACE,1600,0,1600,,true,103.74,SUPPLIED_SPLIT_SUM_RECONCILES_TO_RUNNER_RACE_TIME
2026-07-01|SPORTSBET SANDOWN LAKESIDE|R03,2026-07-01,Sportsbet Sandown Lakeside,3,2026-07-01|SPORTSBET SANDOWN LAKESIDE|R03|RUNNER:15687274,15687274,8,Stupendous,L.Yeomans,C.Williams,2,8,8th,0,103.76,0.6,60,3.75,1612.0,+1,37,13.1,8,8,14.85,16.01,16.81,17.66,1400m,15.54,6.21,Jumped out soundly before running on well from a tough draw first-up. Fitter & yet to miss a placing 2nd-up.,RACING.COM,https://www.racing.com/form/2026-07-01/sportsbet-sandown-lakeside/race/3/speed-data,outputs/sectionals/raw/VIC/racingcom_full_payloads/getRaceForm_db2ce0e81cb6432a89.json,TripleS,true,true,RACINGCOM_SPEED_SEMANTICS_V1_1,FULL_RACE,1600,0,1600,,true,103.76,SUPPLIED_SPLIT_SUM_RECONCILES_TO_RUNNER_RACE_TIME
2026-07-01|SPORTSBET SANDOWN LAKESIDE|R03,2026-07-01,Sportsbet Sandown Lakeside,3,2026-07-01|SPORTSBET SANDOWN LAKESIDE|R03|RUNNER:15689114,15689114,1,Eleanor Dumont (NZ),P.B.Payne,S.K.Kennedy,4,9,9th,0,103.9,0.74,74,4.5,1612.0,+1,36.92,12.97,8,8,14.75,16.03,16.97,17.56,1400m,15.51,9.81,Returned from a short break with another impressive win Geelong. Fitter & again rates well here.,RACING.COM,https://www.racing.com/form/2026-07-01/sportsbet-sandown-lakeside/race/3/speed-data,outputs/sectionals/raw/VIC/racingcom_full_payloads/getRaceForm_db2ce0e81cb6432a89.json,TripleS,true,true,RACINGCOM_SPEED_SEMANTICS_V1_1,FULL_RACE,1600,0,1600,,true,103.9,SUPPLIED_SPLIT_SUM_RECONCILES_TO_RUNNER_RACE_TIME
2026-07-01|SPORTSBET SANDOWN LAKESIDE|R03,2026-07-01,Sportsbet Sandown Lakeside,3,2026-07-01|SPORTSBET SANDOWN LAKESIDE|R03|RUNNER:15682669,15682669,5,Enchanted Jenni (NZ),L.M.Kennewell,L.K.Cartwright,11,10,10th,0,103.94,0.78,78,4.7,1614.0,+3,36.03,12.64,8,8,14.46,16.31,17.36,17.94,1400m,15.53,13.84,Sound effort when returning from a break at Cranbourne. Fitter for that & races best over this trip.,RACING.COM,https://www.racing.com/form/2026-07-01/sportsbet-sandown-lakeside/race/3/speed-data,outputs/sectionals/raw/VIC/racingcom_full_payloads/getRaceForm_db2ce0e81cb6432a89.json,TripleS,true,true,RACINGCOM_SPEED_SEMANTICS_V1_1,FULL_RACE,1600,0,1600,,true,103.94,SUPPLIED_SPLIT_SUM_RECONCILES_TO_RUNNER_RACE_TIME
2026-07-01|SPORTSBET SANDOWN LAKESIDE|R03,2026-07-01,Sportsbet Sandown Lakeside,3,2026-07-01|SPORTSBET SANDOWN LAKESIDE|R03|RUNNER:15689123,15689123,12,Lisa Lass,A.J.Purcell,T.Madden,10,11,11th,0,104.32,1.16,116,6.95,1614.0,+3,36.76,13.01,8,8,14.62,16.11,17.06,17.77,1400m,15.47,12.22,Solid efforts at three runs this campaign and better for them. Honest sort that could place again here.,RACING.COM,https://www.racing.com/form/2026-07-01/sportsbet-sandown-lakeside/race/3/speed-data,outputs/sectionals/raw/VIC/racingcom_full_payloads/getRaceForm_db2ce0e81cb6432a89.json,TripleS,true,true,RACINGCOM_SPEED_SEMANTICS_V1_1,FULL_RACE,1600,0,1600,,true,104.32,SUPPLIED_SPLIT_SUM_RECONCILES_TO_RUNNER_RACE_TIME
2026-07-01|SPORTSBET SANDOWN LAKESIDE|R03,2026-07-01,Sportsbet Sandown Lakeside,3,2026-07-01|SPORTSBET SANDOWN LAKESIDE|R03|RUNNER:15687352,15687352,13,High Altitude,C.L.Marshall,A.Kelly,12,12,12th,0,105.01,1.85,185,10.95,1617.0,+6,36.97,13.03,8,8,14.44,16.33,16.86,17.68,1400m,15.4,12.32,Gave too much start but ran on OK at Donald. However. this is harder and place hope look best from the gate.,RACING.COM,https://www.racing.com/form/2026-07-01/sportsbet-sandown-lakeside/race/3/speed-data,outputs/sectionals/raw/VIC/racingcom_full_payloads/getRaceForm_db2ce0e81cb6432a89.json,TripleS,true,true,RACINGCOM_SPEED_SEMANTICS_V1_1,FULL_RACE,1600,0,1600,,true,105.01,SUPPLIED_SPLIT_SUM_RECONCILES_TO_RUNNER_RACE_TIME
2026-07-01|SPORTSBET SANDOWN LAKESIDE|R04,2026-07-01,Sportsbet Sandown Lakeside,4,2026-07-01|SPORTSBET SANDOWN LAKESIDE|R04|RUNNER:15686224,15686224,7,Nearco Frod (FR),Tony & Calvin McEvoy,C.Williams,10,1,1st,0,158.81,0,0,0.0,2417.0,,35.74,12.33,12,12,14.58,15.72,17.29,17.97,2200m,15.22,6.05,Held up and arguably should have won at Cranbourne. Progressing well and should be suited over 2400m.,RACING.COM,https://www.racing.com/form/2026-07-01/sportsbet-sandown-lakeside/race/4/speed-data,outputs/sectionals/raw/VIC/racingcom_full_payloads/getRaceForm_6e1d0473a3d20a68ef.json,TripleS,true,true,RACINGCOM_SPEED_SEMANTICS_V1_1,FULL_RACE,2400,0,2400,,true,158.81,SUPPLIED_SPLIT_SUM_RECONCILES_TO_RUNNER_RACE_TIME
2026-07-01|SPORTSBET SANDOWN LAKESIDE|R04,2026-07-01,Sportsbet Sandown Lakeside,4,2026-07-01|SPORTSBET SANDOWN LAKESIDE|R04|RUNNER:15686577,15686577,9,Empress Of The Sun (JPN),C.Maher,J.A.Johnstone,6,2,2nd,0,159.08,0.27,27,1.75,2417.0,,35.72,12.16,12,12,14.54,15.74,17.02,17.73,2200m,15.19,4.43,Was always travelling well on pace on the Lakeside track. Relished heavy there. Chance for the double.,RACING.COM,https://www.racing.com/form/2026-07-01/sportsbet-sandown-lakeside/race/4/speed-data,outputs/sectionals/raw/VIC/racingcom_full_payloads/getRaceForm_6e1d0473a3d20a68ef.json,TripleS,true,true,RACINGCOM_SPEED_SEMANTICS_V1_1,FULL_RACE,2400,0,2400,,true,159.08,SUPPLIED_SPLIT_SUM_RECONCILES_TO_RUNNER_RACE_TIME
2026-07-01|SPORTSBET SANDOWN LAKESIDE|R04,2026-07-01,Sportsbet Sandown Lakeside,4,2026-07-01|SPORTSBET SANDOWN LAKESIDE|R04|RUNNER:15681353,15681353,10,Shultzy,P.J.Cannon,A.McCabe,2,3,3rd,0,159.11,0.3,30,1.95,2415.0,-2,35.52,12.14,12,12,14.51,15.76,17.36,17.84,2200m,15.18,7.94,Dropped in grade and proved too strong on the heavy track last time. Harder here but he's going well.,RACING.COM,https://www.racing.com/form/2026-07-01/sportsbet-sandown-lakeside/race/4/speed-data,outputs/sectionals/raw/VIC/racingcom_full_payloads/getRaceForm_6e1d0473a3d20a68ef.json,TripleS,true,true,RACINGCOM_SPEED_SEMANTICS_V1_1,FULL_RACE,2400,0,2400,,true,159.11,SUPPLIED_SPLIT_SUM_RECONCILES_TO_RUNNER_RACE_TIME
2026-07-01|SPORTSBET SANDOWN LAKESIDE|R04,2026-07-01,Sportsbet Sandown Lakeside,4,2026-07-01|SPORTSBET SANDOWN LAKESIDE|R04|RUNNER:15686635,15686635,11,Omamori,Trent Busuttin & Natalie Young,L.J.Neindorf,8,4,4th,0,159.27,0.46,46,2.95,2415.0,-2,36.12,12.57,12,12,14.52,15.87,17.08,18.12,2200m,15.16,7.42,Honest efforts when placing at his last three outings. Up in class for this but he again rates an each-way chance.,RACING.COM,https://www.racing.com/form/2026-07-01/sportsbet-sandown-lakeside/race/4/speed-data,outputs/sectionals/raw/VIC/racingcom_full_payloads/getRaceForm_6e1d0473a3d20a68ef.json,TripleS,true,true,RACINGCOM_SPEED_SEMANTICS_V1_1,FULL_RACE,2400,0,2400,,true,159.27,SUPPLIED_SPLIT_SUM_RECONCILES_TO_RUNNER_RACE_TIME
2026-07-01|SPORTSBET SANDOWN LAKESIDE|R04,2026-07-01,Sportsbet Sandown Lakeside,4,2026-07-01|SPORTSBET SANDOWN LAKESIDE|R04|RUNNER:15682356,15682356,1,Aberfeldie Boy,T.Dabernig,J.M.Allen,7,5,5th,0,159.68,0.87,87,5.7,2416.0,-1,36.61,12.95,12,12,14.55,15.9,16.86,17.94,2000m,15.13,6.06,"2022 VRC Derby placegetter going ok for a new stable, a lack of tempo an issue at latest. Possible improver.",RACING.COM,https://www.racing.com/form/2026-07-01/sportsbet-sandown-lakeside/race/4/speed-data,outputs/sectionals/raw/VIC/racingcom_full_payloads/getRaceForm_6e1d0473a3d20a68ef.json,TripleS,true,true,RACINGCOM_SPEED_SEMANTICS_V1_1,FULL_RACE,2400,0,2400,,true,159.68,SUPPLIED_SPLIT_SUM_RECONCILES_TO_RUNNER_RACE_TIME
2026-07-01|SPORTSBET SANDOWN LAKESIDE|R04,2026-07-01,Sportsbet Sandown Lakeside,4,2026-07-01|SPORTSBET SANDOWN LAKESIDE|R04|RUNNER:15689113,15689113,6,Customer Service (NZ),P.B.Payne,W.Gordon,12,6,6th,0,159.73,0.92,92,6.0,2413.0,-4,35.9,12.43,12,12,14.45,15.75,17.27,17.73,2200m,15.11,9.04,Raced tight at times in the straight & should have finished closer at Geelong. Honest type worth including again.,RACING.COM,https://www.racing.com/form/2026-07-01/sportsbet-sandown-lakeside/race/4/speed-data,outputs/sectionals/raw/VIC/racingcom_full_payloads/getRaceForm_6e1d0473a3d20a68ef.json,TripleS,true,true,RACINGCOM_SPEED_SEMANTICS_V1_1,FULL_RACE,2400,0,2400,,true,159.73,SUPPLIED_SPLIT_SUM_RECONCILES_TO_RUNNER_RACE_TIME
2026-07-01|SPORTSBET SANDOWN LAKESIDE|R04,2026-07-01,Sportsbet Sandown Lakeside,4,2026-07-01|SPORTSBET SANDOWN LAKESIDE|R04|RUNNER:15689109,15689109,4,Jaykayann (NZ),P.B.Payne,W.J.Egan,11,7,7th,0,160.07,1.26,126,8.0,2416.0,-1,36.62,12.72,12,12,14.5,15.82,16.93,17.79,2200m,15.09,10.32,Took a long time to get going when fourth in Adelaide last time. The wetter the better but needs to improve.,RACING.COM,https://www.racing.com/form/2026-07-01/sportsbet-sandown-lakeside/race/4/speed-data,outputs/sectionals/raw/VIC/racingcom_full_payloads/getRaceForm_6e1d0473a3d20a68ef.json,TripleS,true,true,RACINGCOM_SPEED_SEMANTICS_V1_1,FULL_RACE,2400,0,2400,,true,160.07,SUPPLIED_SPLIT_SUM_RECONCILES_TO_RUNNER_RACE_TIME
2026-07-01|SPORTSBET SANDOWN LAKESIDE|R04,2026-07-01,Sportsbet Sandown Lakeside,4,2026-07-01|SPORTSBET SANDOWN LAKESIDE|R04|RUNNER:15679604,15679604,12,Winter Grace,P.Foster,B.R.Kinninmont,5,8,8th,0,160.34,1.53,153,9.5,2417.0,,36.64,12.77,12,12,14.47,15.84,16.94,17.54,2200m,15.07,11.23,Appreciated a drop in grade and rise in trip last time. Up in trip but this level looks too tough.,RACING.COM,https://www.racing.com/form/2026-07-01/sportsbet-sandown-lakeside/race/4/speed-data,outputs/sectionals/raw/VIC/racingcom_full_payloads/getRaceForm_6e1d0473a3d20a68ef.json,TripleS,true,true,RACINGCOM_SPEED_SEMANTICS_V1_1,FULL_RACE,2400,0,2400,,true,160.34,SUPPLIED_SPLIT_SUM_RECONCILES_TO_RUNNER_RACE_TIME
2026-07-01|SPORTSBET SANDOWN LAKESIDE|R04,2026-07-01,Sportsbet Sandown Lakeside,4,2026-07-01|SPORTSBET SANDOWN LAKESIDE|R04|RUNNER:15686572,15686572,3,Lightening Mann (GB),C.Maher,L.J.Bates,4,9,9th,0,160.38,1.57,157,9.75,2412.0,-5,37.28,13.05,12,12,14.59,15.46,16.55,17.21,2200m,15.04,4.39,Imported galloper who appreciated the step up to this trip at Swan Hill. Consider again.,RACING.COM,https://www.racing.com/form/2026-07-01/sportsbet-sandown-lakeside/race/4/speed-data,outputs/sectionals/raw/VIC/racingcom_full_payloads/getRaceForm_6e1d0473a3d20a68ef.json,TripleS,true,true,RACINGCOM_SPEED_SEMANTICS_V1_1,FULL_RACE,2400,0,2400,,true,160.38,SUPPLIED_SPLIT_SUM_RECONCILES_TO_RUNNER_RACE_TIME
2026-07-01|SPORTSBET SANDOWN LAKESIDE|R04,2026-07-01,Sportsbet Sandown Lakeside,4,2026-07-01|SPORTSBET SANDOWN LAKESIDE|R04|RUNNER:15667398,15667398,5,Urban Outlook (GB),N.G.Smyth,J.Childs,3,10,10th,0,160.42,1.61,161,10.0,2411.0,-6,36.74,12.73,12,12,14.49,15.48,16.85,17.28,2200m,15.03,7.5,Didn't relish the kickback at only second run for the stable. Will be further improved and can improve up in trip.,RACING.COM,https://www.racing.com/form/2026-07-01/sportsbet-sandown-lakeside/race/4/speed-data,outputs/sectionals/raw/VIC/racingcom_full_payloads/getRaceForm_6e1d0473a3d20a68ef.json,TripleS,true,true,RACINGCOM_SPEED_SEMANTICS_V1_1,FULL_RACE,2400,0,2400,,true,160.42,SUPPLIED_SPLIT_SUM_RECONCILES_TO_RUNNER_RACE_TIME
2026-07-01|SPORTSBET SANDOWN LAKESIDE|R04,2026-07-01,Sportsbet Sandown Lakeside,4,2026-07-01|SPORTSBET SANDOWN LAKESIDE|R04|RUNNER:15686636,15686636,8,Tsitsipas (NZ),Trent Busuttin & Natalie Young,J.Mott,1,11,11th,0,165.37,6.56,656,40.0,2411.0,-6,41.94,17.24,12,12,14.53,15.46,16.02,17.05,2000m,14.58,5.52,Had the perfect run & got the money in an easier race at Donald. Up in class but won't mind the 2400m.,RACING.COM,https://www.racing.com/form/2026-07-01/sportsbet-sandown-lakeside/race/4/speed-data,outputs/sectionals/raw/VIC/racingcom_full_payloads/getRaceForm_6e1d0473a3d20a68ef.json,TripleS,true,true,RACINGCOM_SPEED_SEMANTICS_V1_1,FULL_RACE,2400,0,2400,,true,165.37,SUPPLIED_SPLIT_SUM_RECONCILES_TO_RUNNER_RACE_TIME
2026-07-01|SPORTSBET SANDOWN LAKESIDE|R05,2026-07-01,Sportsbet Sandown Lakeside,5,2026-07-01|SPORTSBET SANDOWN LAKESIDE|R05|RUNNER:15667397,15667397,5,Divine Thoughts,N.G.Smyth,M.G.Bourke,8,1,1st,0,81.81,0,0,0.0,1307.0,,37.49,13.4,7,7,15.5,17.03,15.59,17.58,100m,15.98,7.2,On-pacer rising in class after sharing the lead and finding enough on a synthetic track. Can race on speed again.,RACING.COM,https://www.racing.com/form/2026-07-01/sportsbet-sandown-lakeside/race/5/speed-data,outputs/sectionals/raw/VIC/racingcom_full_payloads/getRaceForm_9ed819531874a0a507.json,TripleS,true,true,RACINGCOM_SPEED_SEMANTICS_V1_1,FULL_RACE,1300,0,1300,,true,81.81,SUPPLIED_SPLIT_SUM_RECONCILES_TO_RUNNER_RACE_TIME
2026-07-01|SPORTSBET SANDOWN LAKESIDE|R05,2026-07-01,Sportsbet Sandown Lakeside,5,2026-07-01|SPORTSBET SANDOWN LAKESIDE|R05|RUNNER:15689232,15689232,1,Sea Poem (NZ),"Ben, Will & JD Hayes",J.G.Radley,11,2,2nd,0,81.87,0.06,6,0.35,1305.0,-2,36.27,12.94,7,7,15.08,16.61,16.44,17.93,100m,15.94,14.37,Ran on solidly in a good return at Swan Hill. Will be improved and had placed 2nd-up. Class drop helps here.,RACING.COM,https://www.racing.com/form/2026-07-01/sportsbet-sandown-lakeside/race/5/speed-data,outputs/sectionals/raw/VIC/racingcom_full_payloads/getRaceForm_9ed819531874a0a507.json,TripleS,true,true,RACINGCOM_SPEED_SEMANTICS_V1_1,FULL_RACE,1300,0,1300,,true,81.87,SUPPLIED_SPLIT_SUM_RECONCILES_TO_RUNNER_RACE_TIME
2026-07-01|SPORTSBET SANDOWN LAKESIDE|R05,2026-07-01,Sportsbet Sandown Lakeside,5,2026-07-01|SPORTSBET SANDOWN LAKESIDE|R05|RUNNER:15689249,15689249,15,Proven Soul,S.R.Cameron,J.Childs,1,3,3rd,0,82.08,0.27,27,1.6,1305.0,-2,37.24,13.21,7,7,15.26,16.91,15.77,17.43,100m,15.9,11.82,Just missed on a heavy track third up. Slow away when runner-up at previous. Lightly raced & worth including.,RACING.COM,https://www.racing.com/form/2026-07-01/sportsbet-sandown-lakeside/race/5/speed-data,outputs/sectionals/raw/VIC/racingcom_full_payloads/getRaceForm_9ed819531874a0a507.json,TripleS,true,true,RACINGCOM_SPEED_SEMANTICS_V1_1,FULL_RACE,1300,0,1300,,true,82.08,SUPPLIED_SPLIT_SUM_RECONCILES_TO_RUNNER_RACE_TIME
2026-07-01|SPORTSBET SANDOWN LAKESIDE|R05,2026-07-01,Sportsbet Sandown Lakeside,5,2026-07-01|SPORTSBET SANDOWN LAKESIDE|R05|RUNNER:15688442,15688442,3,Meh Keffi,L.M.Kennewell,R.K.Houston,12,4,4th,0,82.27,0.46,46,2.85,1308.0,+1,36.91,13.01,7,7,15.18,16.71,16.06,17.66,100m,15.9,17.07,Unplaced in two jumpouts before a basic first-up effort. Second-up record is OK but wet tracks are a query.,RACING.COM,https://www.racing.com/form/2026-07-01/sportsbet-sandown-lakeside/race/5/speed-data,outputs/sectionals/raw/VIC/racingcom_full_payloads/getRaceForm_9ed819531874a0a507.json,TripleS,true,true,RACINGCOM_SPEED_SEMANTICS_V1_1,FULL_RACE,1300,0,1300,,true,82.27,SUPPLIED_SPLIT_SUM_RECONCILES_TO_RUNNER_RACE_TIME
2026-07-01|SPORTSBET SANDOWN LAKESIDE|R05,2026-07-01,Sportsbet Sandown Lakeside,5,2026-07-01|SPORTSBET SANDOWN LAKESIDE|R05|RUNNER:15688772,15688772,8,Tempranillo,C.J.Waller,B.Mertens,15,5,5th,0,82.33,0.52,52,3.2,1306.0,-1,35.97,12.57,7,7,14.82,16.51,16.66,17.99,100m,15.86,19.08,Resumes. Has placed first-up & won here in the summer. Last in a Flemington jumpout 5/6 but check the betting.,RACING.COM,https://www.racing.com/form/2026-07-01/sportsbet-sandown-lakeside/race/5/speed-data,outputs/sectionals/raw/VIC/racingcom_full_payloads/getRaceForm_9ed819531874a0a507.json,TripleS,true,true,RACINGCOM_SPEED_SEMANTICS_V1_1,FULL_RACE,1300,0,1300,,true,82.33,SUPPLIED_SPLIT_SUM_RECONCILES_TO_RUNNER_RACE_TIME
2026-07-01|SPORTSBET SANDOWN LAKESIDE|R05,2026-07-01,Sportsbet Sandown Lakeside,5,2026-07-01|SPORTSBET SANDOWN LAKESIDE|R05|RUNNER:15686752,15686752,18,That's All Good,N.G.Smyth,C.J.Parish,17,6,6th,0,82.38,0.57,57,3.55,1310.0,+3,38.03,13.96,7,7,15.45,17.16,15.31,17.59,100m,15.9,10.59,Sound showing when resuming for new stable but never likely on the synthetic last time. Draw is a negative.,RACING.COM,https://www.racing.com/form/2026-07-01/sportsbet-sandown-lakeside/race/5/speed-data,outputs/sectionals/raw/VIC/racingcom_full_payloads/getRaceForm_9ed819531874a0a507.json,TripleS,true,true,RACINGCOM_SPEED_SEMANTICS_V1_1,FULL_RACE,1300,0,1300,,true,82.38,SUPPLIED_SPLIT_SUM_RECONCILES_TO_RUNNER_RACE_TIME
2026-07-01|SPORTSBET SANDOWN LAKESIDE|R05,2026-07-01,Sportsbet Sandown Lakeside,5,2026-07-01|SPORTSBET SANDOWN LAKESIDE|R05|RUNNER:15688877,15688877,12,Impending Diamond,J.T.Cannon,J.M.Allen,9,7,7th,0,82.45,0.64,64,3.9,1307.0,,36.14,12.53,7,7,14.72,16.76,16.53,18.08,100m,15.85,10.47,Returned to form with an easy win at Balakalva & sound again on a six-day back-up lat time. Worth thought.,RACING.COM,https://www.racing.com/form/2026-07-01/sportsbet-sandown-lakeside/race/5/speed-data,outputs/sectionals/raw/VIC/racingcom_full_payloads/getRaceForm_9ed819531874a0a507.json,TripleS,true,true,RACINGCOM_SPEED_SEMANTICS_V1_1,FULL_RACE,1300,0,1300,,true,82.45,SUPPLIED_SPLIT_SUM_RECONCILES_TO_RUNNER_RACE_TIME
2026-07-01|SPORTSBET SANDOWN LAKESIDE|R05,2026-07-01,Sportsbet Sandown Lakeside,5,2026-07-01|SPORTSBET SANDOWN LAKESIDE|R05|RUNNER:15683483,15683483,10,Drone Attack,R.D.Griffiths,D.Keane,6,8,8th,0,82.46,0.65,65,4.0,1305.0,-2,36.23,12.68,7,7,14.83,16.57,16.46,17.79,100m,15.83,11.35,Ran on well two runs back but struggied in an on-pacer's race at Mornington. Harder here & up in trip.,RACING.COM,https://www.racing.com/form/2026-07-01/sportsbet-sandown-lakeside/race/5/speed-data,outputs/sectionals/raw/VIC/racingcom_full_payloads/getRaceForm_9ed819531874a0a507.json,TripleS,true,true,RACINGCOM_SPEED_SEMANTICS_V1_1,FULL_RACE,1300,0,1300,,true,82.46,SUPPLIED_SPLIT_SUM_RECONCILES_TO_RUNNER_RACE_TIME
2026-07-01|SPORTSBET SANDOWN LAKESIDE|R05,2026-07-01,Sportsbet Sandown Lakeside,5,2026-07-01|SPORTSBET SANDOWN LAKESIDE|R05|RUNNER:15687709,15687709,2,Hot Chips,J.R.McArdle,S.K.Kennedy,4,9,9th,0,82.58,0.77,77,4.75,1305.0,-2,37.26,13.31,7,7,15.1,16.77,15.81,17.4,100m,15.8,5.11,Raced wide & couldn't finish it off at Mornington. Back to BM66 level & races best over this trip.,RACING.COM,https://www.racing.com/form/2026-07-01/sportsbet-sandown-lakeside/race/5/speed-data,outputs/sectionals/raw/VIC/racingcom_full_payloads/getRaceForm_9ed819531874a0a507.json,TripleS,true,true,RACINGCOM_SPEED_SEMANTICS_V1_1,FULL_RACE,1300,0,1300,,true,82.58,SUPPLIED_SPLIT_SUM_RECONCILES_TO_RUNNER_RACE_TIME
2026-07-01|SPORTSBET SANDOWN LAKESIDE|R05,2026-07-01,Sportsbet Sandown Lakeside,5,2026-07-01|SPORTSBET SANDOWN LAKESIDE|R05|RUNNER:15681352,15681352,14,Russian Benefits,M.J.Mehegan,R.L.Hammond,13,10,10th,0,82.96,1.15,115,7.0,1305.0,-2,36.8,13.18,7,7,14.91,16.41,16.17,17.7,100m,15.73,14.85,"Got back in a race not run to suit when resuming, just holding ground. Fitter but yet to salute second up.",RACING.COM,https://www.racing.com/form/2026-07-01/sportsbet-sandown-lakeside/race/5/speed-data,outputs/sectionals/raw/VIC/racingcom_full_payloads/getRaceForm_9ed819531874a0a507.json,TripleS,true,true,RACINGCOM_SPEED_SEMANTICS_V1_1,FULL_RACE,1300,0,1300,,true,82.96,SUPPLIED_SPLIT_SUM_RECONCILES_TO_RUNNER_RACE_TIME
2026-07-01|SPORTSBET SANDOWN LAKESIDE|R05,2026-07-01,Sportsbet Sandown Lakeside,5,2026-07-01|SPORTSBET SANDOWN LAKESIDE|R05|RUNNER:15689106,15689106,11,Forever With Ned,P.B.Payne,S.K.Ingelse,16,11,11th,0,83.17,1.36,136,8.25,1306.0,-1,38.26,14.15,7,7,15.23,16.96,15.15,17.81,100m,15.7,13.88,"Has shown improvement at each run this prep, just too strong third up. Could continue to progress.",RACING.COM,https://www.racing.com/form/2026-07-01/sportsbet-sandown-lakeside/race/5/speed-data,outputs/sectionals/raw/VIC/racingcom_full_payloads/getRaceForm_9ed819531874a0a507.json,TripleS,true,true,RACINGCOM_SPEED_SEMANTICS_V1_1,FULL_RACE,1300,0,1300,,true,83.17,SUPPLIED_SPLIT_SUM_RECONCILES_TO_RUNNER_RACE_TIME
2026-07-01|SPORTSBET SANDOWN LAKESIDE|R05,2026-07-01,Sportsbet Sandown Lakeside,5,2026-07-01|SPORTSBET SANDOWN LAKESIDE|R05|RUNNER:15687501,15687501,4,Cindy Falls (NZ),Lee & Shannon Hope,E.K.Pozman,5,12,12th,0,83.29,1.48,148,9.0,1304.0,-3,37.37,13.42,7,7,14.99,16.24,15.98,17.3,100m,15.66,14.18,Got back & worked home soundly when resuming at Mornington. Down in class but placed one of four second-up.,RACING.COM,https://www.racing.com/form/2026-07-01/sportsbet-sandown-lakeside/race/5/speed-data,outputs/sectionals/raw/VIC/racingcom_full_payloads/getRaceForm_9ed819531874a0a507.json,TripleS,true,true,RACINGCOM_SPEED_SEMANTICS_V1_1,FULL_RACE,1300,0,1300,,true,83.29,SUPPLIED_SPLIT_SUM_RECONCILES_TO_RUNNER_RACE_TIME
2026-07-01|SPORTSBET SANDOWN LAKESIDE|R06,2026-07-01,Sportsbet Sandown Lakeside,6,2026-07-01|SPORTSBET SANDOWN LAKESIDE|R06|RUNNER:15685033,15685033,19,Humza Bey (NZ),Mick Price & Michael Kent (Jnr),C.Williams,15,1,1st,0,74.81,0,0,0.0,1205.0,,35.3,12.24,6,6,14.78,16.68,17.03,18.38,1000m,16.11,6.75,Former Kiwi resuming. Solid effort at Sale first-up last time in & won a Cranbourne jumpout 15/6. Betting?,RACING.COM,https://www.racing.com/form/2026-07-01/sportsbet-sandown-lakeside/race/6/speed-data,outputs/sectionals/raw/VIC/racingcom_full_payloads/getRaceForm_baed7c0eaef11c9b80.json,TripleS,true,true,RACINGCOM_SPEED_SEMANTICS_V1_1,FULL_RACE,1200,0,1200,,true,74.81,SUPPLIED_SPLIT_SUM_RECONCILES_TO_RUNNER_RACE_TIME
2026-07-01|SPORTSBET SANDOWN LAKESIDE|R06,2026-07-01,Sportsbet Sandown Lakeside,6,2026-07-01|SPORTSBET SANDOWN LAKESIDE|R06|RUNNER:15687439,15687439,9,Wolfy (NZ),N.R.Ryan,B.Rawiller,13,2,2nd,0,75.03,0.22,22,1.25,1207.0,+2,35.4,12.28,6,6,14.66,16.75,17.08,18.17,1000m,16.09,15.76,Should have finished closer at Lakeside last start when found trouble. Will get back but watch late.,RACING.COM,https://www.racing.com/form/2026-07-01/sportsbet-sandown-lakeside/race/6/speed-data,outputs/sectionals/raw/VIC/racingcom_full_payloads/getRaceForm_baed7c0eaef11c9b80.json,TripleS,true,true,RACINGCOM_SPEED_SEMANTICS_V1_1,FULL_RACE,1200,0,1200,,true,75.03,SUPPLIED_SPLIT_SUM_RECONCILES_TO_RUNNER_RACE_TIME
2026-07-01|SPORTSBET SANDOWN LAKESIDE|R06,2026-07-01,Sportsbet Sandown Lakeside,6,2026-07-01|SPORTSBET SANDOWN LAKESIDE|R06|RUNNER:15684951,15684951,13,Cinturato,M.W.Walker,L.J.Bates,9,3,3rd,0,75.23,0.42,42,2.5,1208.0,+3,35.56,12.46,6,6,14.73,16.69,16.95,18.7,1000m,16.06,14.05,Raced too keenly at Caulfield (second recent below best run there) off a strong Bool win. Can hit back here.,RACING.COM,https://www.racing.com/form/2026-07-01/sportsbet-sandown-lakeside/race/6/speed-data,outputs/sectionals/raw/VIC/racingcom_full_payloads/getRaceForm_baed7c0eaef11c9b80.json,TripleS,true,true,RACINGCOM_SPEED_SEMANTICS_V1_1,FULL_RACE,1200,0,1200,,true,75.23,SUPPLIED_SPLIT_SUM_RECONCILES_TO_RUNNER_RACE_TIME
2026-07-01|SPORTSBET SANDOWN LAKESIDE|R06,2026-07-01,Sportsbet Sandown Lakeside,6,2026-07-01|SPORTSBET SANDOWN LAKESIDE|R06|RUNNER:15688803,15688803,11,Jugiong,S.Thompson,C.J.Parish,2,4,4th,0,75.41,0.6,60,3.5,1205.0,,36.02,12.47,6,6,14.79,16.6,16.7,17.89,1000m,15.98,4.61,Ran on well to score at Corown & sound again on the Heath track second-up. Fitter & yet to miss a place this trip.,RACING.COM,https://www.racing.com/form/2026-07-01/sportsbet-sandown-lakeside/race/6/speed-data,outputs/sectionals/raw/VIC/racingcom_full_payloads/getRaceForm_baed7c0eaef11c9b80.json,TripleS,true,true,RACINGCOM_SPEED_SEMANTICS_V1_1,FULL_RACE,1200,0,1200,,true,75.41,SUPPLIED_SPLIT_SUM_RECONCILES_TO_RUNNER_RACE_TIME
2026-07-01|SPORTSBET SANDOWN LAKESIDE|R06,2026-07-01,Sportsbet Sandown Lakeside,6,2026-07-01|SPORTSBET SANDOWN LAKESIDE|R06|RUNNER:15680182,15680182,17,Regal Secret,P.J.Stokes,L.K.Cartwright,6,5,5th,0,75.49,0.68,68,4.0,1206.0,+1,36.44,12.84,6,6,15.04,16.6,16.38,17.99,1000m,15.98,11.03,Ridden a touch further back when no match on the synthetic track last time. Back to turf & likes this trip.,RACING.COM,https://www.racing.com/form/2026-07-01/sportsbet-sandown-lakeside/race/6/speed-data,outputs/sectionals/raw/VIC/racingcom_full_payloads/getRaceForm_baed7c0eaef11c9b80.json,TripleS,true,true,RACINGCOM_SPEED_SEMANTICS_V1_1,FULL_RACE,1200,0,1200,,true,75.49,SUPPLIED_SPLIT_SUM_RECONCILES_TO_RUNNER_RACE_TIME
2026-07-01|SPORTSBET SANDOWN LAKESIDE|R06,2026-07-01,Sportsbet Sandown Lakeside,6,2026-07-01|SPORTSBET SANDOWN LAKESIDE|R06|RUNNER:15688469,15688469,8,Tori's Dee,J.W.Edwards,J.G.Radley,12,6,6th,0,75.69,0.88,88,5.25,1206.0,+1,36.73,12.95,6,6,15.02,16.51,16.35,17.6,1000m,15.93,8.53,"Racing in flying form, making own luck on pace and finding. Could again prove hard to run down.",RACING.COM,https://www.racing.com/form/2026-07-01/sportsbet-sandown-lakeside/race/6/speed-data,outputs/sectionals/raw/VIC/racingcom_full_payloads/getRaceForm_baed7c0eaef11c9b80.json,TripleS,true,true,RACINGCOM_SPEED_SEMANTICS_V1_1,FULL_RACE,1200,0,1200,,true,75.69,SUPPLIED_SPLIT_SUM_RECONCILES_TO_RUNNER_RACE_TIME
2026-07-01|SPORTSBET SANDOWN LAKESIDE|R06,2026-07-01,Sportsbet Sandown Lakeside,6,2026-07-01|SPORTSBET SANDOWN LAKESIDE|R06|RUNNER:15689237,15689237,5,Tanganyika (NZ),"Ben, Will & JD Hayes",J.A.Johnstone,4,7,7th,0,75.74,0.93,93,5.55,1205.0,,36.15,12.57,6,6,14.58,16.79,16.57,18.05,1000m,15.91,2.37,Former New Zealander resuming for top local stable. 6th & 2nd in recent jumpouts so watch the market closely.,RACING.COM,https://www.racing.com/form/2026-07-01/sportsbet-sandown-lakeside/race/6/speed-data,outputs/sectionals/raw/VIC/racingcom_full_payloads/getRaceForm_baed7c0eaef11c9b80.json,TripleS,true,true,RACINGCOM_SPEED_SEMANTICS_V1_1,FULL_RACE,1200,0,1200,,true,75.74,SUPPLIED_SPLIT_SUM_RECONCILES_TO_RUNNER_RACE_TIME
2026-07-01|SPORTSBET SANDOWN LAKESIDE|R06,2026-07-01,Sportsbet Sandown Lakeside,6,2026-07-01|SPORTSBET SANDOWN LAKESIDE|R06|RUNNER:15684747,15684747,6,Thinxzo,D.T.O'Brien,L.J.Neindorf,14,8,8th,0,75.85,1.04,104,6.3,1206.0,+1,36.17,12.71,6,6,14.72,16.5,16.61,18.28,1000m,15.9,14.57,Finished too well to win fresh then went to Sale and relished the heavy winning again. Chances enhanced if wet.,RACING.COM,https://www.racing.com/form/2026-07-01/sportsbet-sandown-lakeside/race/6/speed-data,outputs/sectionals/raw/VIC/racingcom_full_payloads/getRaceForm_baed7c0eaef11c9b80.json,TripleS,true,true,RACINGCOM_SPEED_SEMANTICS_V1_1,FULL_RACE,1200,0,1200,,true,75.85,SUPPLIED_SPLIT_SUM_RECONCILES_TO_RUNNER_RACE_TIME
2026-07-01|SPORTSBET SANDOWN LAKESIDE|R06,2026-07-01,Sportsbet Sandown Lakeside,6,2026-07-01|SPORTSBET SANDOWN LAKESIDE|R06|RUNNER:15682352,15682352,15,Bine,T.Dabernig,J.Childs,7,9,9th,0,76.97,2.16,216,13.3,1205.0,,37.82,13.99,6,6,14.87,16.57,15.63,17.89,1000m,15.66,13.6,Ran on well when resuming but didn't finish it off when ridden closer 2nd-up. Fitter & can improve here.,RACING.COM,https://www.racing.com/form/2026-07-01/sportsbet-sandown-lakeside/race/6/speed-data,outputs/sectionals/raw/VIC/racingcom_full_payloads/getRaceForm_baed7c0eaef11c9b80.json,TripleS,true,true,RACINGCOM_SPEED_SEMANTICS_V1_1,FULL_RACE,1200,0,1200,,true,76.97,SUPPLIED_SPLIT_SUM_RECONCILES_TO_RUNNER_RACE_TIME
2026-07-01|SPORTSBET SANDOWN LAKESIDE|R06,2026-07-01,Sportsbet Sandown Lakeside,6,2026-07-01|SPORTSBET SANDOWN LAKESIDE|R06|RUNNER:15679859,15679859,14,Mr Exclusive,M.Brown,E.K.Pozman,8,10,10th,0,77.36,2.55,255,15.55,1206.0,+1,37.98,13.91,6,6,14.95,16.28,15.6,17.82,1000m,15.59,14.66,Not disgraced after sitting outside the leader when resuming. Better for it & rates an each-way chance here.,RACING.COM,https://www.racing.com/form/2026-07-01/sportsbet-sandown-lakeside/race/6/speed-data,outputs/sectionals/raw/VIC/racingcom_full_payloads/getRaceForm_baed7c0eaef11c9b80.json,TripleS,true,true,RACINGCOM_SPEED_SEMANTICS_V1_1,FULL_RACE,1200,0,1200,,true,77.36,SUPPLIED_SPLIT_SUM_RECONCILES_TO_RUNNER_RACE_TIME
2026-07-01|SPORTSBET SANDOWN LAKESIDE|R07,2026-07-01,Sportsbet Sandown Lakeside,7,2026-07-01|SPORTSBET SANDOWN LAKESIDE|R07|RUNNER:15688977,15688977,4,Prestige Forever,J.Sandhu,C.E.Hollowood,15,1,1st,0,102.65,0,0,0.0,1606.0,,36.16,12.6,8,8,14.98,16.21,16.54,17.47,1400m,15.65,7.7,Jumped Ok Went Forward led staying off the rail bowled along comfortably Straightened Up 1 length clear gave a kick refused to be Headed # led/great ride,RACING.COM,https://www.racing.com/form/2026-07-01/sportsbet-sandown-lakeside/race/7/speed-data,outputs/sectionals/raw/VIC/racingcom_full_payloads/getRaceForm_b87d3f378c96e6c11c.json,TripleS,true,true,RACINGCOM_SPEED_SEMANTICS_V1_1,FULL_RACE,1600,0,1600,,true,102.65,SUPPLIED_SPLIT_SUM_RECONCILES_TO_RUNNER_RACE_TIME
2026-07-01|SPORTSBET SANDOWN LAKESIDE|R07,2026-07-01,Sportsbet Sandown Lakeside,7,2026-07-01|SPORTSBET SANDOWN LAKESIDE|R07|RUNNER:15688470,15688470,14,Cat Noir,J.W.Edwards,C.Williams,16,2,2nd,0,102.74,0.09,9,0.5,1605.0,-1,35.96,12.45,8,8,14.89,16.16,16.7,17.66,1400m,15.62,8.85,Jumped Ok eventually 2nd Outside 1 length the Leader won Straightened Up same Battled well but No Match solid # sat 2nd/1st led,RACING.COM,https://www.racing.com/form/2026-07-01/sportsbet-sandown-lakeside/race/7/speed-data,outputs/sectionals/raw/VIC/racingcom_full_payloads/getRaceForm_b87d3f378c96e6c11c.json,TripleS,true,true,RACINGCOM_SPEED_SEMANTICS_V1_1,FULL_RACE,1600,0,1600,,true,102.74,SUPPLIED_SPLIT_SUM_RECONCILES_TO_RUNNER_RACE_TIME
2026-07-01|SPORTSBET SANDOWN LAKESIDE|R07,2026-07-01,Sportsbet Sandown Lakeside,7,2026-07-01|SPORTSBET SANDOWN LAKESIDE|R07|RUNNER:15686646,15686646,8,Red On Red,J.A.Pascoe,J.C.Maskiell,9,3,3rd,0,103.1,0.45,45,2.75,1605.0,-1,36.13,12.63,8,8,14.82,16.26,16.51,17.72,1400m,15.57,10.76,Jumped Well slots in 1-1 3-4l touch keen Straightened Up in Clear Hard Ridden 3l Kept Going Soundly to hold down 3rd sound effort # had good run,RACING.COM,https://www.racing.com/form/2026-07-01/sportsbet-sandown-lakeside/race/7/speed-data,outputs/sectionals/raw/VIC/racingcom_full_payloads/getRaceForm_b87d3f378c96e6c11c.json,TripleS,true,true,RACINGCOM_SPEED_SEMANTICS_V1_1,FULL_RACE,1600,0,1600,,true,103.1,SUPPLIED_SPLIT_SUM_RECONCILES_TO_RUNNER_RACE_TIME
2026-07-01|SPORTSBET SANDOWN LAKESIDE|R07,2026-07-01,Sportsbet Sandown Lakeside,7,2026-07-01|SPORTSBET SANDOWN LAKESIDE|R07|RUNNER:15686579,15686579,16,Blue Willow,C.Maher,J.A.Johnstone,5,4,4th,0,103.15,0.5,50,3.1,1608.0,+2,35.93,12.35,8,8,14.77,16.24,16.8,17.57,1400m,15.59,7.72,#,RACING.COM,https://www.racing.com/form/2026-07-01/sportsbet-sandown-lakeside/race/7/speed-data,outputs/sectionals/raw/VIC/racingcom_full_payloads/getRaceForm_b87d3f378c96e6c11c.json,TripleS,true,true,RACINGCOM_SPEED_SEMANTICS_V1_1,FULL_RACE,1600,0,1600,,true,103.15,SUPPLIED_SPLIT_SUM_RECONCILES_TO_RUNNER_RACE_TIME
2026-07-01|SPORTSBET SANDOWN LAKESIDE|R07,2026-07-01,Sportsbet Sandown Lakeside,7,2026-07-01|SPORTSBET SANDOWN LAKESIDE|R07|RUNNER:15687512,15687512,11,Glenfinnan,Lyn Tolson & Leonie Proctor,L.K.Cartwright,6,5,5th,0,103.58,0.93,93,5.85,1611.0,+5,36.14,12.7,8,8,14.69,15.63,17.42,17.97,1400m,15.55,9.12,#,RACING.COM,https://www.racing.com/form/2026-07-01/sportsbet-sandown-lakeside/race/7/speed-data,outputs/sectionals/raw/VIC/racingcom_full_payloads/getRaceForm_b87d3f378c96e6c11c.json,TripleS,true,true,RACINGCOM_SPEED_SEMANTICS_V1_1,FULL_RACE,1600,0,1600,,true,103.58,SUPPLIED_SPLIT_SUM_RECONCILES_TO_RUNNER_RACE_TIME
2026-07-01|SPORTSBET SANDOWN LAKESIDE|R07,2026-07-01,Sportsbet Sandown Lakeside,7,2026-07-01|SPORTSBET SANDOWN LAKESIDE|R07|RUNNER:15682351,15682351,12,Corro,T.Dabernig,J.M.Allen,4,6,6th,0,103.96,1.31,131,8.1,1607.0,+1,37.06,13.15,8,8,14.79,16.36,15.99,17.47,1400m,15.46,6.22,#,RACING.COM,https://www.racing.com/form/2026-07-01/sportsbet-sandown-lakeside/race/7/speed-data,outputs/sectionals/raw/VIC/racingcom_full_payloads/getRaceForm_b87d3f378c96e6c11c.json,TripleS,true,true,RACINGCOM_SPEED_SEMANTICS_V1_1,FULL_RACE,1600,0,1600,,true,103.96,SUPPLIED_SPLIT_SUM_RECONCILES_TO_RUNNER_RACE_TIME
2026-07-01|SPORTSBET SANDOWN LAKESIDE|R07,2026-07-01,Sportsbet Sandown Lakeside,7,2026-07-01|SPORTSBET SANDOWN LAKESIDE|R07|RUNNER:15689238,15689238,3,Dark Simba,"Ben, Will & JD Hayes",J.G.Radley,13,7,7th,0,104.01,1.36,136,8.4,1606.0,,36.55,12.88,8,8,14.64,16.39,16.27,17.77,1400m,15.44,13.43,Jumped Ok Restrained Mile Back 2nd last 10-12l the Leader won. this Given No Hope back So far Made Some Ground before Turn Straightened Up widest 9l Made Some Ground but never a chance this race shape # Inconclusive,RACING.COM,https://www.racing.com/form/2026-07-01/sportsbet-sandown-lakeside/race/7/speed-data,outputs/sectionals/raw/VIC/racingcom_full_payloads/getRaceForm_b87d3f378c96e6c11c.json,TripleS,true,true,RACINGCOM_SPEED_SEMANTICS_V1_1,FULL_RACE,1600,0,1600,,true,104.01,SUPPLIED_SPLIT_SUM_RECONCILES_TO_RUNNER_RACE_TIME
2026-07-01|SPORTSBET SANDOWN LAKESIDE|R07,2026-07-01,Sportsbet Sandown Lakeside,7,2026-07-01|SPORTSBET SANDOWN LAKESIDE|R07|RUNNER:15686584,15686584,9,Pentle Bay (IRE),C.Maher,J.Mott,10,8,8th,0,104.3,1.65,165,10.15,1606.0,,37.03,13.07,8,8,14.72,16.21,16.07,17.6,1400m,15.4,12.14,Jumped Ok Restrained Settled Down 3 Wide Mid Field With Cover 6l Straightened Up Mid Field 6-7l Under Pressure Just Battled home race shape no help but a little # plain,RACING.COM,https://www.racing.com/form/2026-07-01/sportsbet-sandown-lakeside/race/7/speed-data,outputs/sectionals/raw/VIC/racingcom_full_payloads/getRaceForm_b87d3f378c96e6c11c.json,TripleS,true,true,RACINGCOM_SPEED_SEMANTICS_V1_1,FULL_RACE,1600,0,1600,,true,104.3,SUPPLIED_SPLIT_SUM_RECONCILES_TO_RUNNER_RACE_TIME
2026-07-01|SPORTSBET SANDOWN LAKESIDE|R07,2026-07-01,Sportsbet Sandown Lakeside,7,2026-07-01|SPORTSBET SANDOWN LAKESIDE|R07|RUNNER:15685647,15685647,10,Shahzad (FR),Emma-Lee & David Browne,W.Gordon,8,9,9th,0,104.31,1.66,166,10.21,1608.0,+2,36.6,12.7,8,8,14.6,16.25,16.38,17.64,1400m,15.42,10.5,#,RACING.COM,https://www.racing.com/form/2026-07-01/sportsbet-sandown-lakeside/race/7/speed-data,outputs/sectionals/raw/VIC/racingcom_full_payloads/getRaceForm_b87d3f378c96e6c11c.json,TripleS,true,true,RACINGCOM_SPEED_SEMANTICS_V1_1,FULL_RACE,1600,0,1600,,true,104.31,SUPPLIED_SPLIT_SUM_RECONCILES_TO_RUNNER_RACE_TIME
2026-07-01|SPORTSBET SANDOWN LAKESIDE|R07,2026-07-01,Sportsbet Sandown Lakeside,7,2026-07-01|SPORTSBET SANDOWN LAKESIDE|R07|RUNNER:15687627,15687627,13,Albanian I Am,P.Koumis,N.Farley,3,10,10th,0,104.43,1.78,178,10.96,1604.0,-2,37.83,13.52,8,8,14.9,16.14,15.55,17.21,1200m,15.36,6.81,Jumped Ok Went Forward Settled Down behind Leader and winner 1 length No Cover as Leader stayed off rail struggling Turn stayed rail but # beaten too far,RACING.COM,https://www.racing.com/form/2026-07-01/sportsbet-sandown-lakeside/race/7/speed-data,outputs/sectionals/raw/VIC/racingcom_full_payloads/getRaceForm_b87d3f378c96e6c11c.json,TripleS,true,true,RACINGCOM_SPEED_SEMANTICS_V1_1,FULL_RACE,1600,0,1600,,true,104.43,SUPPLIED_SPLIT_SUM_RECONCILES_TO_RUNNER_RACE_TIME
2026-07-01|SPORTSBET SANDOWN LAKESIDE|R07,2026-07-01,Sportsbet Sandown Lakeside,7,2026-07-01|SPORTSBET SANDOWN LAKESIDE|R07|RUNNER:15685038,15685038,7,Leonchroi (NZ),Mick Price & Michael Kent (Jnr),L.J.Bates,14,11,11th,0,104.88,2.23,223,13.46,1609.0,+3,36.97,12.69,8,8,14.53,16.15,16.33,17.17,1400m,15.34,14.09,Slow Out 1 length Settled Down tail 12l Straightened Up same hopeless goes Out Of Picture Held Ground back there # little guide,RACING.COM,https://www.racing.com/form/2026-07-01/sportsbet-sandown-lakeside/race/7/speed-data,outputs/sectionals/raw/VIC/racingcom_full_payloads/getRaceForm_b87d3f378c96e6c11c.json,TripleS,true,true,RACINGCOM_SPEED_SEMANTICS_V1_1,FULL_RACE,1600,0,1600,,true,104.88,SUPPLIED_SPLIT_SUM_RECONCILES_TO_RUNNER_RACE_TIME
2026-07-01|SPORTSBET SANDOWN LAKESIDE|R07,2026-07-01,Sportsbet Sandown Lakeside,7,2026-07-01|SPORTSBET SANDOWN LAKESIDE|R07|RUNNER:15689135,15689135,15,Tupac,H.Dwyer,H.T.Coffey,1,12,12th,0,105.17,2.52,252,15.21,1608.0,+2,37.9,13.4,8,8,14.7,16.15,15.7,17.12,1400m,15.29,9.16,#,RACING.COM,https://www.racing.com/form/2026-07-01/sportsbet-sandown-lakeside/race/7/speed-data,outputs/sectionals/raw/VIC/racingcom_full_payloads/getRaceForm_b87d3f378c96e6c11c.json,TripleS,true,true,RACINGCOM_SPEED_SEMANTICS_V1_1,FULL_RACE,1600,0,1600,,true,105.17,SUPPLIED_SPLIT_SUM_RECONCILES_TO_RUNNER_RACE_TIME
2026-07-01|SPORTSBET SANDOWN LAKESIDE|R07,2026-07-01,Sportsbet Sandown Lakeside,7,2026-07-01|SPORTSBET SANDOWN LAKESIDE|R07|RUNNER:15685037,15685037,1,Funchal,Mick Price & Michael Kent (Jnr),E.K.Pozman,7,13,13th,0,105.32,2.67,267,15.96,1607.0,+1,37.74,13.34,8,8,14.62,16.24,15.68,17.26,1400m,15.26,5.44,Bit Slow Out Restrained Off Mid-Field 10l Inside well back Turn Inside Couldn'T Get Close # no run on,RACING.COM,https://www.racing.com/form/2026-07-01/sportsbet-sandown-lakeside/race/7/speed-data,outputs/sectionals/raw/VIC/racingcom_full_payloads/getRaceForm_b87d3f378c96e6c11c.json,TripleS,true,true,RACINGCOM_SPEED_SEMANTICS_V1_1,FULL_RACE,1600,0,1600,,true,105.32,SUPPLIED_SPLIT_SUM_RECONCILES_TO_RUNNER_RACE_TIME
2026-07-01|SPORTSBET SANDOWN LAKESIDE|R10,2026-07-01,Sportsbet Sandown Lakeside,10,2026-07-01|SPORTSBET SANDOWN LAKESIDE|R10|RUNNER:15689581,15689581,3,Burning Heartz,G.M.Bedggood,J.Bowditch,3,1,1st,0,83.49,0,0,0.0,1304.0,,35.8,12.32,7,7,14.41,16.11,16.87,17.75,100m,15.62,8.27,began fairly Settled Down 1-1 3l Straightened Up Hard Ridden in Clear 2 Lengths joined in Under Pressure put head in front and bobbed in a 4way finish. # had good run,RACING.COM,https://www.racing.com/form/2026-07-01/sportsbet-sandown-lakeside/race/10/speed-data,outputs/sectionals/raw/VIC/racingcom_full_payloads/getRaceForm_4a1d9a3dc9380bfdfc.json,TripleS,true,true,RACINGCOM_SPEED_SEMANTICS_V1_1,FULL_RACE,1300,0,1300,,true,83.49,SUPPLIED_SPLIT_SUM_RECONCILES_TO_RUNNER_RACE_TIME
2026-07-01|SPORTSBET SANDOWN LAKESIDE|R10,2026-07-01,Sportsbet Sandown Lakeside,10,2026-07-01|SPORTSBET SANDOWN LAKESIDE|R10|RUNNER:15688924,15688924,5,Delahra,Shane Nichols & Hayden Black,L.J.Neindorf,1,2,2nd,0,83.49,0,0,0.02,1307.0,+3,35.76,12.3,7,7,14.36,16.32,16.85,17.85,100m,15.65,5.69,Jumped Ok Run Of Race behind Leader 3l Straightened Up behind Lead 2 Lengths Ridden Along gets gap Inside Kept Going Soundly but just no match in a 4way headbobber # had good run,RACING.COM,https://www.racing.com/form/2026-07-01/sportsbet-sandown-lakeside/race/10/speed-data,outputs/sectionals/raw/VIC/racingcom_full_payloads/getRaceForm_4a1d9a3dc9380bfdfc.json,TripleS,true,true,RACINGCOM_SPEED_SEMANTICS_V1_1,FULL_RACE,1300,0,1300,,true,83.49,SUPPLIED_SPLIT_SUM_RECONCILES_TO_RUNNER_RACE_TIME
2026-07-01|SPORTSBET SANDOWN LAKESIDE|R10,2026-07-01,Sportsbet Sandown Lakeside,10,2026-07-01|SPORTSBET SANDOWN LAKESIDE|R10|RUNNER:15685941,15685941,6,Tagabella,Ken & Kasey Keys,C.Newitt,6,3,3rd,0,83.51,0.02,2,0.17,1307.0,+3,35.99,12.36,7,7,14.47,16.22,16.76,17.77,100m,15.65,7.31,Jumped Ok led Two Wide early before eventually back Outside the Leader Straightened Up close up Hard Ridden responds fought hard just no match in a 4way headbobber # solid on pace,RACING.COM,https://www.racing.com/form/2026-07-01/sportsbet-sandown-lakeside/race/10/speed-data,outputs/sectionals/raw/VIC/racingcom_full_payloads/getRaceForm_4a1d9a3dc9380bfdfc.json,TripleS,true,true,RACINGCOM_SPEED_SEMANTICS_V1_1,FULL_RACE,1300,0,1300,,true,83.51,SUPPLIED_SPLIT_SUM_RECONCILES_TO_RUNNER_RACE_TIME
2026-07-01|SPORTSBET SANDOWN LAKESIDE|R10,2026-07-01,Sportsbet Sandown Lakeside,10,2026-07-01|SPORTSBET SANDOWN LAKESIDE|R10|RUNNER:15686855,15686855,2,Anglais,N.R.Ryan,D.W.Stackhouse,5,4,4th,0,83.53,0.04,4,0.23,1307.0,+3,35.53,12.1,7,7,14.37,16.1,17.04,17.75,100m,15.65,10.15,Bit Slow Out Not Bustled Settled Down Two Wide 5th winners back 5l Straightened Up in Clear 3-4l comes widest Kept Going Soundly to get close in a 4way go solid debut but # every possible,RACING.COM,https://www.racing.com/form/2026-07-01/sportsbet-sandown-lakeside/race/10/speed-data,outputs/sectionals/raw/VIC/racingcom_full_payloads/getRaceForm_4a1d9a3dc9380bfdfc.json,TripleS,true,true,RACINGCOM_SPEED_SEMANTICS_V1_1,FULL_RACE,1300,0,1300,,true,83.53,SUPPLIED_SPLIT_SUM_RECONCILES_TO_RUNNER_RACE_TIME
2026-07-01|SPORTSBET SANDOWN LAKESIDE|R10,2026-07-01,Sportsbet Sandown Lakeside,10,2026-07-01|SPORTSBET SANDOWN LAKESIDE|R10|RUNNER:15689102,15689102,1,Signed By A Kiss,P.B.Payne,W.J.Egan,2,5,5th,0,84.7,1.21,121,7.23,1307.0,+3,37.34,13.43,7,7,14.51,16.22,15.91,17.38,100m,15.43,5.29,Jumped Ok Went Forward to lead shaded early then eventually a Narrow leader Straightened Up same small kick 300 Beaten 200 # led/weak last 100,RACING.COM,https://www.racing.com/form/2026-07-01/sportsbet-sandown-lakeside/race/10/speed-data,outputs/sectionals/raw/VIC/racingcom_full_payloads/getRaceForm_4a1d9a3dc9380bfdfc.json,TripleS,true,true,RACINGCOM_SPEED_SEMANTICS_V1_1,FULL_RACE,1300,0,1300,,true,84.7,SUPPLIED_SPLIT_SUM_RECONCILES_TO_RUNNER_RACE_TIME
2026-07-01|SPORTSBET SANDOWN LAKESIDE|R10,2026-07-01,Sportsbet Sandown Lakeside,10,2026-07-01|SPORTSBET SANDOWN LAKESIDE|R10|RUNNER:15685645,15685645,4,Helizangel,Emma-Lee & David Browne,D.G.Thornton,4,6,6th,0,84.94,1.45,145,8.73,1305.0,+1,36.63,12.77,7,7,14.2,16.02,16.35,17.65,100m,15.36,9.96,Slow Out 1-2l Settled Down last 7l Straightened Up same and cannot tack on Hard Ridden Couldn'T Get Close like she trialled. # poor,RACING.COM,https://www.racing.com/form/2026-07-01/sportsbet-sandown-lakeside/race/10/speed-data,outputs/sectionals/raw/VIC/racingcom_full_payloads/getRaceForm_4a1d9a3dc9380bfdfc.json,TripleS,true,true,RACINGCOM_SPEED_SEMANTICS_V1_1,FULL_RACE,1300,0,1300,,true,84.94,SUPPLIED_SPLIT_SUM_RECONCILES_TO_RUNNER_RACE_TIME
2026-07-01|SPORTSBET SANDOWN LAKESIDE|R11,2026-07-01,Sportsbet Sandown Lakeside,11,2026-07-01|SPORTSBET SANDOWN LAKESIDE|R11|RUNNER:15689581,15689581,3,Burning Heartz,G.M.Bedggood,J.Bowditch,3,1,1st,0,83.49,0,0,0.0,1304.0,,35.8,12.32,7,7,14.41,16.11,16.87,17.75,100m,15.62,8.27,began fairly Settled Down 1-1 3l Straightened Up Hard Ridden in Clear 2 Lengths joined in Under Pressure put head in front and bobbed in a 4way finish. # had good run,RACING.COM,https://www.racing.com/form/2026-07-01/sportsbet-sandown-lakeside/race/11/speed-data,outputs/sectionals/raw/VIC/racingcom_full_payloads/getRaceForm_90dfcb1ad4ee3a3e3d.json,TripleS,true,true,RACINGCOM_SPEED_SEMANTICS_V1_1,FULL_RACE,1300,0,1300,,true,83.49,SUPPLIED_SPLIT_SUM_RECONCILES_TO_RUNNER_RACE_TIME
2026-07-01|SPORTSBET SANDOWN LAKESIDE|R11,2026-07-01,Sportsbet Sandown Lakeside,11,2026-07-01|SPORTSBET SANDOWN LAKESIDE|R11|RUNNER:15688924,15688924,5,Delahra,Shane Nichols & Hayden Black,L.J.Neindorf,1,2,2nd,0,83.49,0,0,0.02,1307.0,+3,35.76,12.3,7,7,14.36,16.32,16.85,17.85,100m,15.65,5.69,Jumped Ok Run Of Race behind Leader 3l Straightened Up behind Lead 2 Lengths Ridden Along gets gap Inside Kept Going Soundly but just no match in a 4way headbobber # had good run,RACING.COM,https://www.racing.com/form/2026-07-01/sportsbet-sandown-lakeside/race/11/speed-data,outputs/sectionals/raw/VIC/racingcom_full_payloads/getRaceForm_90dfcb1ad4ee3a3e3d.json,TripleS,true,true,RACINGCOM_SPEED_SEMANTICS_V1_1,FULL_RACE,1300,0,1300,,true,83.49,SUPPLIED_SPLIT_SUM_RECONCILES_TO_RUNNER_RACE_TIME
2026-07-01|SPORTSBET SANDOWN LAKESIDE|R11,2026-07-01,Sportsbet Sandown Lakeside,11,2026-07-01|SPORTSBET SANDOWN LAKESIDE|R11|RUNNER:15685941,15685941,6,Tagabella,Ken & Kasey Keys,C.Newitt,6,3,3rd,0,83.51,0.02,2,0.17,1307.0,+3,35.99,12.36,7,7,14.47,16.22,16.76,17.77,100m,15.65,7.31,Jumped Ok led Two Wide early before eventually back Outside the Leader Straightened Up close up Hard Ridden responds fought hard just no match in a 4way headbobber # solid on pace,RACING.COM,https://www.racing.com/form/2026-07-01/sportsbet-sandown-lakeside/race/11/speed-data,outputs/sectionals/raw/VIC/racingcom_full_payloads/getRaceForm_90dfcb1ad4ee3a3e3d.json,TripleS,true,true,RACINGCOM_SPEED_SEMANTICS_V1_1,FULL_RACE,1300,0,1300,,true,83.51,SUPPLIED_SPLIT_SUM_RECONCILES_TO_RUNNER_RACE_TIME
2026-07-01|SPORTSBET SANDOWN LAKESIDE|R11,2026-07-01,Sportsbet Sandown Lakeside,11,2026-07-01|SPORTSBET SANDOWN LAKESIDE|R11|RUNNER:15686855,15686855,2,Anglais,N.R.Ryan,D.W.Stackhouse,5,4,4th,0,83.53,0.04,4,0.23,1307.0,+3,35.53,12.1,7,7,14.37,16.1,17.04,17.75,100m,15.65,10.15,Bit Slow Out Not Bustled Settled Down Two Wide 5th winners back 5l Straightened Up in Clear 3-4l comes widest Kept Going Soundly to get close in a 4way go solid debut but # every possible,RACING.COM,https://www.racing.com/form/2026-07-01/sportsbet-sandown-lakeside/race/11/speed-data,outputs/sectionals/raw/VIC/racingcom_full_payloads/getRaceForm_90dfcb1ad4ee3a3e3d.json,TripleS,true,true,RACINGCOM_SPEED_SEMANTICS_V1_1,FULL_RACE,1300,0,1300,,true,83.53,SUPPLIED_SPLIT_SUM_RECONCILES_TO_RUNNER_RACE_TIME
2026-07-01|SPORTSBET SANDOWN LAKESIDE|R11,2026-07-01,Sportsbet Sandown Lakeside,11,2026-07-01|SPORTSBET SANDOWN LAKESIDE|R11|RUNNER:15689102,15689102,1,Signed By A Kiss,P.B.Payne,W.J.Egan,2,5,5th,0,84.7,1.21,121,7.23,1307.0,+3,37.34,13.43,7,7,14.51,16.22,15.91,17.38,100m,15.43,5.29,Jumped Ok Went Forward to lead shaded early then eventually a Narrow leader Straightened Up same small kick 300 Beaten 200 # led/weak last 100,RACING.COM,https://www.racing.com/form/2026-07-01/sportsbet-sandown-lakeside/race/11/speed-data,outputs/sectionals/raw/VIC/racingcom_full_payloads/getRaceForm_90dfcb1ad4ee3a3e3d.json,TripleS,true,true,RACINGCOM_SPEED_SEMANTICS_V1_1,FULL_RACE,1300,0,1300,,true,84.7,SUPPLIED_SPLIT_SUM_RECONCILES_TO_RUNNER_RACE_TIME
2026-07-01|SPORTSBET SANDOWN LAKESIDE|R11,2026-07-01,Sportsbet Sandown Lakeside,11,2026-07-01|SPORTSBET SANDOWN LAKESIDE|R11|RUNNER:15685645,15685645,4,Helizangel,Emma-Lee & David Browne,D.G.Thornton,4,6,6th,0,84.94,1.45,145,8.73,1305.0,+1,36.63,12.77,7,7,14.2,16.02,16.35,17.65,100m,15.36,9.96,Slow Out 1-2l Settled Down last 7l Straightened Up same and cannot tack on Hard Ridden Couldn'T Get Close like she trialled. # poor,RACING.COM,https://www.racing.com/form/2026-07-01/sportsbet-sandown-lakeside/race/11/speed-data,outputs/sectionals/raw/VIC/racingcom_full_payloads/getRaceForm_90dfcb1ad4ee3a3e3d.json,TripleS,true,true,RACINGCOM_SPEED_SEMANTICS_V1_1,FULL_RACE,1300,0,1300,,true,84.94,SUPPLIED_SPLIT_SUM_RECONCILES_TO_RUNNER_RACE_TIME
2026-07-01|SPORTSBET SANDOWN LAKESIDE|R12,2026-07-01,Sportsbet Sandown Lakeside,12,2026-07-01|SPORTSBET SANDOWN LAKESIDE|R12|RUNNER:15689581,15689581,3,Burning Heartz,G.M.Bedggood,J.Bowditch,3,1,1st,0,83.49,0,0,0.0,1304.0,,35.8,12.32,7,7,14.41,16.11,16.87,17.75,100m,15.62,8.27,began fairly Settled Down 1-1 3l Straightened Up Hard Ridden in Clear 2 Lengths joined in Under Pressure put head in front and bobbed in a 4way finish. # had good run,RACING.COM,https://www.racing.com/form/2026-07-01/sportsbet-sandown-lakeside/race/12/speed-data,outputs/sectionals/raw/VIC/racingcom_full_payloads/getRaceForm_7302c40ea17287b07c.json,TripleS,true,true,RACINGCOM_SPEED_SEMANTICS_V1_1,FULL_RACE,1300,0,1300,,true,83.49,SUPPLIED_SPLIT_SUM_RECONCILES_TO_RUNNER_RACE_TIME
2026-07-01|SPORTSBET SANDOWN LAKESIDE|R12,2026-07-01,Sportsbet Sandown Lakeside,12,2026-07-01|SPORTSBET SANDOWN LAKESIDE|R12|RUNNER:15688924,15688924,5,Delahra,Shane Nichols & Hayden Black,L.J.Neindorf,1,2,2nd,0,83.49,0,0,0.02,1307.0,+3,35.76,12.3,7,7,14.36,16.32,16.85,17.85,100m,15.65,5.69,Jumped Ok Run Of Race behind Leader 3l Straightened Up behind Lead 2 Lengths Ridden Along gets gap Inside Kept Going Soundly but just no match in a 4way headbobber # had good run,RACING.COM,https://www.racing.com/form/2026-07-01/sportsbet-sandown-lakeside/race/12/speed-data,outputs/sectionals/raw/VIC/racingcom_full_payloads/getRaceForm_7302c40ea17287b07c.json,TripleS,true,true,RACINGCOM_SPEED_SEMANTICS_V1_1,FULL_RACE,1300,0,1300,,true,83.49,SUPPLIED_SPLIT_SUM_RECONCILES_TO_RUNNER_RACE_TIME
2026-07-01|SPORTSBET SANDOWN LAKESIDE|R12,2026-07-01,Sportsbet Sandown Lakeside,12,2026-07-01|SPORTSBET SANDOWN LAKESIDE|R12|RUNNER:15685941,15685941,6,Tagabella,Ken & Kasey Keys,C.Newitt,6,3,3rd,0,83.51,0.02,2,0.17,1307.0,+3,35.99,12.36,7,7,14.47,16.22,16.76,17.77,100m,15.65,7.31,Jumped Ok led Two Wide early before eventually back Outside the Leader Straightened Up close up Hard Ridden responds fought hard just no match in a 4way headbobber # solid on pace,RACING.COM,https://www.racing.com/form/2026-07-01/sportsbet-sandown-lakeside/race/12/speed-data,outputs/sectionals/raw/VIC/racingcom_full_payloads/getRaceForm_7302c40ea17287b07c.json,TripleS,true,true,RACINGCOM_SPEED_SEMANTICS_V1_1,FULL_RACE,1300,0,1300,,true,83.51,SUPPLIED_SPLIT_SUM_RECONCILES_TO_RUNNER_RACE_TIME
2026-07-01|SPORTSBET SANDOWN LAKESIDE|R12,2026-07-01,Sportsbet Sandown Lakeside,12,2026-07-01|SPORTSBET SANDOWN LAKESIDE|R12|RUNNER:15686855,15686855,2,Anglais,N.R.Ryan,D.W.Stackhouse,5,4,4th,0,83.53,0.04,4,0.23,1307.0,+3,35.53,12.1,7,7,14.37,16.1,17.04,17.75,100m,15.65,10.15,Bit Slow Out Not Bustled Settled Down Two Wide 5th winners back 5l Straightened Up in Clear 3-4l comes widest Kept Going Soundly to get close in a 4way go solid debut but # every possible,RACING.COM,https://www.racing.com/form/2026-07-01/sportsbet-sandown-lakeside/race/12/speed-data,outputs/sectionals/raw/VIC/racingcom_full_payloads/getRaceForm_7302c40ea17287b07c.json,TripleS,true,true,RACINGCOM_SPEED_SEMANTICS_V1_1,FULL_RACE,1300,0,1300,,true,83.53,SUPPLIED_SPLIT_SUM_RECONCILES_TO_RUNNER_RACE_TIME
2026-07-01|SPORTSBET SANDOWN LAKESIDE|R12,2026-07-01,Sportsbet Sandown Lakeside,12,2026-07-01|SPORTSBET SANDOWN LAKESIDE|R12|RUNNER:15689102,15689102,1,Signed By A Kiss,P.B.Payne,W.J.Egan,2,5,5th,0,84.7,1.21,121,7.23,1307.0,+3,37.34,13.43,7,7,14.51,16.22,15.91,17.38,100m,15.43,5.29,Jumped Ok Went Forward to lead shaded early then eventually a Narrow leader Straightened Up same small kick 300 Beaten 200 # led/weak last 100,RACING.COM,https://www.racing.com/form/2026-07-01/sportsbet-sandown-lakeside/race/12/speed-data,outputs/sectionals/raw/VIC/racingcom_full_payloads/getRaceForm_7302c40ea17287b07c.json,TripleS,true,true,RACINGCOM_SPEED_SEMANTICS_V1_1,FULL_RACE,1300,0,1300,,true,84.7,SUPPLIED_SPLIT_SUM_RECONCILES_TO_RUNNER_RACE_TIME
2026-07-01|SPORTSBET SANDOWN LAKESIDE|R12,2026-07-01,Sportsbet Sandown Lakeside,12,2026-07-01|SPORTSBET SANDOWN LAKESIDE|R12|RUNNER:15685645,15685645,4,Helizangel,Emma-Lee & David Browne,D.G.Thornton,4,6,6th,0,84.94,1.45,145,8.73,1305.0,+1,36.63,12.77,7,7,14.2,16.02,16.35,17.65,100m,15.36,9.96,Slow Out 1-2l Settled Down last 7l Straightened Up same and cannot tack on Hard Ridden Couldn'T Get Close like she trialled. # poor,RACING.COM,https://www.racing.com/form/2026-07-01/sportsbet-sandown-lakeside/race/12/speed-data,outputs/sectionals/raw/VIC/racingcom_full_payloads/getRaceForm_7302c40ea17287b07c.json,TripleS,true,true,RACINGCOM_SPEED_SEMANTICS_V1_1,FULL_RACE,1300,0,1300,,true,84.94,SUPPLIED_SPLIT_SUM_RECONCILES_TO_RUNNER_RACE_TIME
