race_time_delta_id,race_key,race_date,track_name,official_distance_metres,rejection_reason,surface_group,track_condition_number,track_condition_group
RTDR-1CE0CA2FC83780C3DF65FD60,2008-04-11|BET365 GEELONG SYNTHETIC|R02,2008-04-11,BET365 GEELONG SYNTHETIC,1100,NO_GOVERNED_SURFACE_CONDITION_LENGTH_PARAMETER,AUSTRALIAN_SYNTHETIC,,UNKNOWN
RTDR-C299FB73A0896D81C70864DF,2008-04-11|BET365 GEELONG SYNTHETIC|R04,2008-04-11,BET365 GEELONG SYNTHETIC,1200,NO_GOVERNED_SURFACE_CONDITION_LENGTH_PARAMETER,AUSTRALIAN_SYNTHETIC,,UNKNOWN
RTDR-C72588CB7FA3C3305284E891,2008-04-11|BET365 GEELONG SYNTHETIC|R03,2008-04-11,BET365 GEELONG SYNTHETIC,1200,NO_GOVERNED_SURFACE_CONDITION_LENGTH_PARAMETER,AUSTRALIAN_SYNTHETIC,,UNKNOWN
RTDR-36D323CF1DB8B5391924CC44,2008-04-11|BET365 GEELONG SYNTHETIC|R01,2008-04-11,BET365 GEELONG SYNTHETIC,1900,NO_GOVERNED_SURFACE_CONDITION_LENGTH_PARAMETER,AUSTRALIAN_SYNTHETIC,,UNKNOWN
RTDR-C675EC26B22CDB5FAB9CCDA7,2008-04-11|BET365 GEELONG SYNTHETIC|R08,2008-04-11,BET365 GEELONG SYNTHETIC,1200,NO_GOVERNED_SURFACE_CONDITION_LENGTH_PARAMETER,AUSTRALIAN_SYNTHETIC,,UNKNOWN
RTDR-FD9EE5E047BAF036DDDC4F8E,2008-04-11|BET365 GEELONG SYNTHETIC|R07,2008-04-11,BET365 GEELONG SYNTHETIC,1200,NO_GOVERNED_SURFACE_CONDITION_LENGTH_PARAMETER,AUSTRALIAN_SYNTHETIC,,UNKNOWN
RTDR-51DB31C6A2AB0E0B115D8F60,2008-04-11|BET365 GEELONG SYNTHETIC|R05,2008-04-11,BET365 GEELONG SYNTHETIC,1300,NO_GOVERNED_SURFACE_CONDITION_LENGTH_PARAMETER,AUSTRALIAN_SYNTHETIC,,UNKNOWN
RTDR-3B8F64C39B66E09C26B941AD,2008-04-11|BET365 GEELONG SYNTHETIC|R06,2008-04-11,BET365 GEELONG SYNTHETIC,2000,NO_GOVERNED_SURFACE_CONDITION_LENGTH_PARAMETER,AUSTRALIAN_SYNTHETIC,,UNKNOWN
RTDR-B18CD77309016225BC7B49E2,2008-04-24|BET365 GEELONG SYNTHETIC|R02,2008-04-24,BET365 GEELONG SYNTHETIC,1200,NO_GOVERNED_SURFACE_CONDITION_LENGTH_PARAMETER,AUSTRALIAN_SYNTHETIC,,UNKNOWN
RTDR-A6723E61207C26E5446A2B96,2008-04-24|BET365 GEELONG SYNTHETIC|R04,2008-04-24,BET365 GEELONG SYNTHETIC,1000,NO_GOVERNED_SURFACE_CONDITION_LENGTH_PARAMETER,AUSTRALIAN_SYNTHETIC,,UNKNOWN
RTDR-AB687F19DBF1B7DB6CEF5181,2008-04-24|BET365 GEELONG SYNTHETIC|R03,2008-04-24,BET365 GEELONG SYNTHETIC,1200,NO_GOVERNED_SURFACE_CONDITION_LENGTH_PARAMETER,AUSTRALIAN_SYNTHETIC,,UNKNOWN
RTDR-80FDFC7337C375A1CBE735CD,2008-04-24|BET365 GEELONG SYNTHETIC|R01,2008-04-24,BET365 GEELONG SYNTHETIC,1550,NO_GOVERNED_SURFACE_CONDITION_LENGTH_PARAMETER,AUSTRALIAN_SYNTHETIC,,UNKNOWN
RTDR-3ACC0E7F1F1517ABB38CB31D,2008-04-24|BET365 GEELONG SYNTHETIC|R08,2008-04-24,BET365 GEELONG SYNTHETIC,1200,NO_GOVERNED_SURFACE_CONDITION_LENGTH_PARAMETER,AUSTRALIAN_SYNTHETIC,,UNKNOWN
RTDR-B0FC60FAAB1111E6F65029E5,2008-04-24|BET365 GEELONG SYNTHETIC|R06,2008-04-24,BET365 GEELONG SYNTHETIC,2200,NO_GOVERNED_SURFACE_CONDITION_LENGTH_PARAMETER,AUSTRALIAN_SYNTHETIC,,UNKNOWN
RTDR-2E69F1407C4CB427668D64C9,2008-04-24|BET365 GEELONG SYNTHETIC|R05,2008-04-24,BET365 GEELONG SYNTHETIC,1300,NO_GOVERNED_SURFACE_CONDITION_LENGTH_PARAMETER,AUSTRALIAN_SYNTHETIC,,UNKNOWN
RTDR-545C04783FAA4EEE6F3ABE09,2008-04-24|BET365 GEELONG SYNTHETIC|R07,2008-04-24,BET365 GEELONG SYNTHETIC,1000,NO_GOVERNED_SURFACE_CONDITION_LENGTH_PARAMETER,AUSTRALIAN_SYNTHETIC,,UNKNOWN
RTDR-1D89303195BE68EE1ED12011,2012-04-13|BET365 GEELONG SYNTHETIC|R01,2012-04-13,BET365 GEELONG SYNTHETIC,1300,NO_GOVERNED_SURFACE_CONDITION_LENGTH_PARAMETER,AUSTRALIAN_SYNTHETIC,,UNKNOWN
RTDR-488A426D698DB85D915D5BCE,2012-04-13|BET365 GEELONG SYNTHETIC|R04,2012-04-13,BET365 GEELONG SYNTHETIC,1100,NO_GOVERNED_SURFACE_CONDITION_LENGTH_PARAMETER,AUSTRALIAN_SYNTHETIC,,UNKNOWN
RTDR-52722C67F23F2F4E2FD1C000,2012-04-13|BET365 GEELONG SYNTHETIC|R05,2012-04-13,BET365 GEELONG SYNTHETIC,1300,NO_GOVERNED_SURFACE_CONDITION_LENGTH_PARAMETER,AUSTRALIAN_SYNTHETIC,,UNKNOWN
RTDR-79F183997EA6DBF011C59856,2012-04-13|BET365 GEELONG SYNTHETIC|R02,2012-04-13,BET365 GEELONG SYNTHETIC,1900,NO_GOVERNED_SURFACE_CONDITION_LENGTH_PARAMETER,AUSTRALIAN_SYNTHETIC,,UNKNOWN
RTDR-00BB73EAD58DD16F04DCB4A4,2012-04-13|BET365 GEELONG SYNTHETIC|R08,2012-04-13,BET365 GEELONG SYNTHETIC,1100,NO_GOVERNED_SURFACE_CONDITION_LENGTH_PARAMETER,AUSTRALIAN_SYNTHETIC,,UNKNOWN
RTDR-6B192B3C9C63B6D7A776B6F4,2012-04-13|BET365 GEELONG SYNTHETIC|R03,2012-04-13,BET365 GEELONG SYNTHETIC,1900,NO_GOVERNED_SURFACE_CONDITION_LENGTH_PARAMETER,AUSTRALIAN_SYNTHETIC,,UNKNOWN
RTDR-245BC7111B96662AAFE6025F,2012-04-13|BET365 GEELONG SYNTHETIC|R06,2012-04-13,BET365 GEELONG SYNTHETIC,2200,NO_GOVERNED_SURFACE_CONDITION_LENGTH_PARAMETER,AUSTRALIAN_SYNTHETIC,,UNKNOWN
RTDR-7F146F945A31E025B4737DB6,2012-04-13|BET365 GEELONG SYNTHETIC|R07,2012-04-13,BET365 GEELONG SYNTHETIC,1300,NO_GOVERNED_SURFACE_CONDITION_LENGTH_PARAMETER,AUSTRALIAN_SYNTHETIC,,UNKNOWN
RTDR-5AD2FCBA79144EC435B7FC10,2012-04-20|BET365 GEELONG SYNTHETIC|R04,2012-04-20,BET365 GEELONG SYNTHETIC,2000,NO_GOVERNED_SURFACE_CONDITION_LENGTH_PARAMETER,AUSTRALIAN_SYNTHETIC,,UNKNOWN
RTDR-80219CC998DD6ACFB9E42C29,2012-04-20|BET365 GEELONG SYNTHETIC|R01,2012-04-20,BET365 GEELONG SYNTHETIC,1100,NO_GOVERNED_SURFACE_CONDITION_LENGTH_PARAMETER,AUSTRALIAN_SYNTHETIC,,UNKNOWN
RTDR-95A63FC871E1DE864AE32A57,2012-04-20|BET365 GEELONG SYNTHETIC|R02,2012-04-20,BET365 GEELONG SYNTHETIC,1200,NO_GOVERNED_SURFACE_CONDITION_LENGTH_PARAMETER,AUSTRALIAN_SYNTHETIC,,UNKNOWN
RTDR-845C33F1104BE553145555A8,2012-04-20|BET365 GEELONG SYNTHETIC|R05,2012-04-20,BET365 GEELONG SYNTHETIC,1000,NO_GOVERNED_SURFACE_CONDITION_LENGTH_PARAMETER,AUSTRALIAN_SYNTHETIC,,UNKNOWN
RTDR-BCD598E3FF6DD0FA025FE3CA,2012-04-20|BET365 GEELONG SYNTHETIC|R07,2012-04-20,BET365 GEELONG SYNTHETIC,1200,NO_GOVERNED_SURFACE_CONDITION_LENGTH_PARAMETER,AUSTRALIAN_SYNTHETIC,,UNKNOWN
RTDR-4C21C45B093F1DA3DA89F1ED,2012-04-20|BET365 GEELONG SYNTHETIC|R06,2012-04-20,BET365 GEELONG SYNTHETIC,1300,NO_GOVERNED_SURFACE_CONDITION_LENGTH_PARAMETER,AUSTRALIAN_SYNTHETIC,,UNKNOWN
RTDR-6F10707A285A31E271F27A9C,2012-04-20|BET365 GEELONG SYNTHETIC|R03,2012-04-20,BET365 GEELONG SYNTHETIC,1900,NO_GOVERNED_SURFACE_CONDITION_LENGTH_PARAMETER,AUSTRALIAN_SYNTHETIC,,UNKNOWN
RTDR-831703A1EBBB4996EB612655,2012-04-24|BET365 GEELONG SYNTHETIC|R02,2012-04-24,BET365 GEELONG SYNTHETIC,1200,NO_GOVERNED_SURFACE_CONDITION_LENGTH_PARAMETER,AUSTRALIAN_SYNTHETIC,,UNKNOWN
RTDR-F859F2CE74189D99BA5669D9,2012-04-24|BET365 GEELONG SYNTHETIC|R04,2012-04-24,BET365 GEELONG SYNTHETIC,1300,NO_GOVERNED_SURFACE_CONDITION_LENGTH_PARAMETER,AUSTRALIAN_SYNTHETIC,,UNKNOWN
RTDR-094815E4F59B1D99A8CCA136,2012-04-24|BET365 GEELONG SYNTHETIC|R03,2012-04-24,BET365 GEELONG SYNTHETIC,1200,NO_GOVERNED_SURFACE_CONDITION_LENGTH_PARAMETER,AUSTRALIAN_SYNTHETIC,,UNKNOWN
RTDR-E72869C75DF9C1426B2A71E0,2012-04-24|BET365 GEELONG SYNTHETIC|R01,2012-04-24,BET365 GEELONG SYNTHETIC,2000,NO_GOVERNED_SURFACE_CONDITION_LENGTH_PARAMETER,AUSTRALIAN_SYNTHETIC,,UNKNOWN
RTDR-82046830BE399AA9BE0BC351,2012-04-24|BET365 GEELONG SYNTHETIC|R08,2012-04-24,BET365 GEELONG SYNTHETIC,1100,NO_GOVERNED_SURFACE_CONDITION_LENGTH_PARAMETER,AUSTRALIAN_SYNTHETIC,,UNKNOWN
RTDR-1F4BB63B47141FF7500E47C1,2012-04-24|BET365 GEELONG SYNTHETIC|R07,2012-04-24,BET365 GEELONG SYNTHETIC,1300,NO_GOVERNED_SURFACE_CONDITION_LENGTH_PARAMETER,AUSTRALIAN_SYNTHETIC,,UNKNOWN
RTDR-CD5D287540CE9D1706195193,2012-04-24|BET365 GEELONG SYNTHETIC|R05,2012-04-24,BET365 GEELONG SYNTHETIC,1900,NO_GOVERNED_SURFACE_CONDITION_LENGTH_PARAMETER,AUSTRALIAN_SYNTHETIC,,UNKNOWN
RTDR-1F317141B521B369C83C54E3,2012-04-24|BET365 GEELONG SYNTHETIC|R06,2012-04-24,BET365 GEELONG SYNTHETIC,1000,NO_GOVERNED_SURFACE_CONDITION_LENGTH_PARAMETER,AUSTRALIAN_SYNTHETIC,,UNKNOWN
RTDR-12FC674277DEB2757E8889DE,2012-04-25|BET365 GEELONG SYNTHETIC|R01,2012-04-25,BET365 GEELONG SYNTHETIC,1000,NO_GOVERNED_SURFACE_CONDITION_LENGTH_PARAMETER,AUSTRALIAN_SYNTHETIC,,UNKNOWN
RTDR-04D830139FE7AC34177A68AF,2012-04-25|BET365 GEELONG SYNTHETIC|R02,2012-04-25,BET365 GEELONG SYNTHETIC,1200,NO_GOVERNED_SURFACE_CONDITION_LENGTH_PARAMETER,AUSTRALIAN_SYNTHETIC,,UNKNOWN
RTDR-73889C195D35C6DA0648EEFD,2012-04-25|BET365 GEELONG SYNTHETIC|R06,2012-04-25,BET365 GEELONG SYNTHETIC,1000,NO_GOVERNED_SURFACE_CONDITION_LENGTH_PARAMETER,AUSTRALIAN_SYNTHETIC,,UNKNOWN
RTDR-E4244837CFBEEB662CE7DBE6,2012-04-25|BET365 GEELONG SYNTHETIC|R04,2012-04-25,BET365 GEELONG SYNTHETIC,1300,NO_GOVERNED_SURFACE_CONDITION_LENGTH_PARAMETER,AUSTRALIAN_SYNTHETIC,,UNKNOWN
RTDR-79CD075BF4558F261106377A,2012-04-25|BET365 GEELONG SYNTHETIC|R07,2012-04-25,BET365 GEELONG SYNTHETIC,1200,NO_GOVERNED_SURFACE_CONDITION_LENGTH_PARAMETER,AUSTRALIAN_SYNTHETIC,,UNKNOWN
RTDR-F361A396A81821CC9784F1B5,2012-04-25|BET365 GEELONG SYNTHETIC|R03,2012-04-25,BET365 GEELONG SYNTHETIC,2000,NO_GOVERNED_SURFACE_CONDITION_LENGTH_PARAMETER,AUSTRALIAN_SYNTHETIC,,UNKNOWN
RTDR-C4613E8E49D711EED6ECB88F,2012-04-27|BET365 GEELONG SYNTHETIC|R03,2012-04-27,BET365 GEELONG SYNTHETIC,1000,NO_GOVERNED_SURFACE_CONDITION_LENGTH_PARAMETER,AUSTRALIAN_SYNTHETIC,,UNKNOWN
RTDR-EE2E6DA1CF0E1664945EA3CB,2012-04-27|BET365 GEELONG SYNTHETIC|R02,2012-04-27,BET365 GEELONG SYNTHETIC,1000,NO_GOVERNED_SURFACE_CONDITION_LENGTH_PARAMETER,AUSTRALIAN_SYNTHETIC,,UNKNOWN
RTDR-EFC52BDB3FAE7255851FAB4B,2012-04-27|BET365 GEELONG SYNTHETIC|R05,2012-04-27,BET365 GEELONG SYNTHETIC,1300,NO_GOVERNED_SURFACE_CONDITION_LENGTH_PARAMETER,AUSTRALIAN_SYNTHETIC,,UNKNOWN
RTDR-75CDE23D00055D10A7319D8A,2012-04-27|BET365 GEELONG SYNTHETIC|R01,2012-04-27,BET365 GEELONG SYNTHETIC,1900,NO_GOVERNED_SURFACE_CONDITION_LENGTH_PARAMETER,AUSTRALIAN_SYNTHETIC,,UNKNOWN
RTDR-8B28699974DCB536FA9E1CA6,2012-04-27|BET365 GEELONG SYNTHETIC|R04,2012-04-27,BET365 GEELONG SYNTHETIC,1100,NO_GOVERNED_SURFACE_CONDITION_LENGTH_PARAMETER,AUSTRALIAN_SYNTHETIC,,UNKNOWN
RTDR-D77BDA000AB3D5EAEFBC5015,2012-04-27|BET365 GEELONG SYNTHETIC|R08,2012-04-27,BET365 GEELONG SYNTHETIC,1300,NO_GOVERNED_SURFACE_CONDITION_LENGTH_PARAMETER,AUSTRALIAN_SYNTHETIC,,UNKNOWN
RTDR-BC974CCF5D12340F6BBBB799,2012-04-27|BET365 GEELONG SYNTHETIC|R06,2012-04-27,BET365 GEELONG SYNTHETIC,1300,NO_GOVERNED_SURFACE_CONDITION_LENGTH_PARAMETER,AUSTRALIAN_SYNTHETIC,,UNKNOWN
RTDR-911697D1EC6E5491EA7C0A46,2012-04-27|BET365 GEELONG SYNTHETIC|R07,2012-04-27,BET365 GEELONG SYNTHETIC,2000,NO_GOVERNED_SURFACE_CONDITION_LENGTH_PARAMETER,AUSTRALIAN_SYNTHETIC,,UNKNOWN
RTDR-F15C79A7D019E78817C3975E,2013-04-04|BET365 GEELONG SYNTHETIC|R02,2013-04-04,BET365 GEELONG SYNTHETIC,1100,NO_GOVERNED_SURFACE_CONDITION_LENGTH_PARAMETER,AUSTRALIAN_SYNTHETIC,,UNKNOWN
RTDR-9B47ADECF0CFA28242D0F0EA,2013-04-04|BET365 GEELONG SYNTHETIC|R03,2013-04-04,BET365 GEELONG SYNTHETIC,1200,NO_GOVERNED_SURFACE_CONDITION_LENGTH_PARAMETER,AUSTRALIAN_SYNTHETIC,,UNKNOWN
RTDR-E87E6E675C2D3DE3FFB185CA,2013-04-04|BET365 GEELONG SYNTHETIC|R04,2013-04-04,BET365 GEELONG SYNTHETIC,1900,NO_GOVERNED_SURFACE_CONDITION_LENGTH_PARAMETER,AUSTRALIAN_SYNTHETIC,,UNKNOWN
RTDR-408BFE8B4B17587C437345C0,2013-04-04|BET365 GEELONG SYNTHETIC|R01,2013-04-04,BET365 GEELONG SYNTHETIC,1000,NO_GOVERNED_SURFACE_CONDITION_LENGTH_PARAMETER,AUSTRALIAN_SYNTHETIC,,UNKNOWN
RTDR-0F2ED1775ADCB3E576CCB768,2013-04-04|BET365 GEELONG SYNTHETIC|R07,2013-04-04,BET365 GEELONG SYNTHETIC,1200,NO_GOVERNED_SURFACE_CONDITION_LENGTH_PARAMETER,AUSTRALIAN_SYNTHETIC,,UNKNOWN
RTDR-4AA262179F623E2D494D4B15,2013-04-04|BET365 GEELONG SYNTHETIC|R08,2013-04-04,BET365 GEELONG SYNTHETIC,1900,NO_GOVERNED_SURFACE_CONDITION_LENGTH_PARAMETER,AUSTRALIAN_SYNTHETIC,,UNKNOWN
RTDR-992FA17F3F537E975CCB49FC,2013-04-04|BET365 GEELONG SYNTHETIC|R05,2013-04-04,BET365 GEELONG SYNTHETIC,1300,NO_GOVERNED_SURFACE_CONDITION_LENGTH_PARAMETER,AUSTRALIAN_SYNTHETIC,,UNKNOWN
RTDR-13A3010EE54307325276AD57,2013-04-04|BET365 GEELONG SYNTHETIC|R06,2013-04-04,BET365 GEELONG SYNTHETIC,1100,NO_GOVERNED_SURFACE_CONDITION_LENGTH_PARAMETER,AUSTRALIAN_SYNTHETIC,,UNKNOWN
RTDR-C3A4ED143718789128D37256,2013-04-12|BET365 GEELONG SYNTHETIC|R01,2013-04-12,BET365 GEELONG SYNTHETIC,1000,NO_GOVERNED_SURFACE_CONDITION_LENGTH_PARAMETER,AUSTRALIAN_SYNTHETIC,,UNKNOWN
RTDR-7513605C16DFCE44A2252116,2013-04-12|BET365 GEELONG SYNTHETIC|R04,2013-04-12,BET365 GEELONG SYNTHETIC,1000,NO_GOVERNED_SURFACE_CONDITION_LENGTH_PARAMETER,AUSTRALIAN_SYNTHETIC,,UNKNOWN
RTDR-C9C5EE5FF21A0D1224E71446,2013-04-12|BET365 GEELONG SYNTHETIC|R03,2013-04-12,BET365 GEELONG SYNTHETIC,1300,NO_GOVERNED_SURFACE_CONDITION_LENGTH_PARAMETER,AUSTRALIAN_SYNTHETIC,,UNKNOWN
RTDR-16A861BD94C73EED8C737499,2013-04-12|BET365 GEELONG SYNTHETIC|R07,2013-04-12,BET365 GEELONG SYNTHETIC,1200,NO_GOVERNED_SURFACE_CONDITION_LENGTH_PARAMETER,AUSTRALIAN_SYNTHETIC,,UNKNOWN
RTDR-F20798A63E40A2E0F21A2694,2013-04-12|BET365 GEELONG SYNTHETIC|R02,2013-04-12,BET365 GEELONG SYNTHETIC,2200,NO_GOVERNED_SURFACE_CONDITION_LENGTH_PARAMETER,AUSTRALIAN_SYNTHETIC,,UNKNOWN
RTDR-23DCD729E7627A00AA54FD3C,2013-04-12|BET365 GEELONG SYNTHETIC|R08,2013-04-12,BET365 GEELONG SYNTHETIC,1300,NO_GOVERNED_SURFACE_CONDITION_LENGTH_PARAMETER,AUSTRALIAN_SYNTHETIC,,UNKNOWN
RTDR-26444CBBCEB564A9649EB91D,2013-04-12|BET365 GEELONG SYNTHETIC|R06,2013-04-12,BET365 GEELONG SYNTHETIC,1000,NO_GOVERNED_SURFACE_CONDITION_LENGTH_PARAMETER,AUSTRALIAN_SYNTHETIC,,UNKNOWN
RTDR-468E4A0FECEC96B53A2E39C7,2013-04-12|BET365 GEELONG SYNTHETIC|R05,2013-04-12,BET365 GEELONG SYNTHETIC,1900,NO_GOVERNED_SURFACE_CONDITION_LENGTH_PARAMETER,AUSTRALIAN_SYNTHETIC,,UNKNOWN
RTDR-F621B813235F9C5D893D9F4D,2013-04-19|BET365 GEELONG SYNTHETIC|R01,2013-04-19,BET365 GEELONG SYNTHETIC,1000,NO_GOVERNED_SURFACE_CONDITION_LENGTH_PARAMETER,AUSTRALIAN_SYNTHETIC,,UNKNOWN
RTDR-178380F734195E3B4520066A,2013-04-19|BET365 GEELONG SYNTHETIC|R04,2013-04-19,BET365 GEELONG SYNTHETIC,1000,NO_GOVERNED_SURFACE_CONDITION_LENGTH_PARAMETER,AUSTRALIAN_SYNTHETIC,,UNKNOWN
RTDR-BCCF575F2DC00CD09D1BD31B,2013-04-19|BET365 GEELONG SYNTHETIC|R03,2013-04-19,BET365 GEELONG SYNTHETIC,1300,NO_GOVERNED_SURFACE_CONDITION_LENGTH_PARAMETER,AUSTRALIAN_SYNTHETIC,,UNKNOWN
RTDR-46226D57B6BA464620FBA2D6,2013-04-19|BET365 GEELONG SYNTHETIC|R08,2013-04-19,BET365 GEELONG SYNTHETIC,1300,NO_GOVERNED_SURFACE_CONDITION_LENGTH_PARAMETER,AUSTRALIAN_SYNTHETIC,,UNKNOWN
RTDR-7B1E28E1BB1CEFF9C60671D0,2013-04-19|BET365 GEELONG SYNTHETIC|R07,2013-04-19,BET365 GEELONG SYNTHETIC,2000,NO_GOVERNED_SURFACE_CONDITION_LENGTH_PARAMETER,AUSTRALIAN_SYNTHETIC,,UNKNOWN
RTDR-172B16383867B67C646EF5BB,2013-04-19|BET365 GEELONG SYNTHETIC|R02,2013-04-19,BET365 GEELONG SYNTHETIC,1900,NO_GOVERNED_SURFACE_CONDITION_LENGTH_PARAMETER,AUSTRALIAN_SYNTHETIC,,UNKNOWN
RTDR-54D06881D652F446C7AECC54,2013-04-19|BET365 GEELONG SYNTHETIC|R06,2013-04-19,BET365 GEELONG SYNTHETIC,1100,NO_GOVERNED_SURFACE_CONDITION_LENGTH_PARAMETER,AUSTRALIAN_SYNTHETIC,,UNKNOWN
RTDR-45E5FE738F97B710382C4CC2,2013-04-19|BET365 GEELONG SYNTHETIC|R05,2013-04-19,BET365 GEELONG SYNTHETIC,1300,NO_GOVERNED_SURFACE_CONDITION_LENGTH_PARAMETER,AUSTRALIAN_SYNTHETIC,,UNKNOWN
RTDR-EADB3A9F9014CFD8B6FD60D2,2013-04-23|BET365 GEELONG SYNTHETIC|R07,2013-04-23,BET365 GEELONG SYNTHETIC,1300,NO_GOVERNED_SURFACE_CONDITION_LENGTH_PARAMETER,AUSTRALIAN_SYNTHETIC,,UNKNOWN
RTDR-95B04019009EFCFEB5548C35,2013-04-23|BET365 GEELONG SYNTHETIC|R08,2013-04-23,BET365 GEELONG SYNTHETIC,1300,NO_GOVERNED_SURFACE_CONDITION_LENGTH_PARAMETER,AUSTRALIAN_SYNTHETIC,,UNKNOWN
RTDR-9FB02F68E0D66FBE563042B0,2013-04-23|BET365 GEELONG SYNTHETIC|R01,2013-04-23,BET365 GEELONG SYNTHETIC,1000,NO_GOVERNED_SURFACE_CONDITION_LENGTH_PARAMETER,AUSTRALIAN_SYNTHETIC,,UNKNOWN
RTDR-E520EF2FD4DCEA57EA79CB3F,2013-04-23|BET365 GEELONG SYNTHETIC|R03,2013-04-23,BET365 GEELONG SYNTHETIC,1900,NO_GOVERNED_SURFACE_CONDITION_LENGTH_PARAMETER,AUSTRALIAN_SYNTHETIC,,UNKNOWN
RTDR-F07F452FE751282A39CB4439,2013-04-23|BET365 GEELONG SYNTHETIC|R05,2013-04-23,BET365 GEELONG SYNTHETIC,1000,NO_GOVERNED_SURFACE_CONDITION_LENGTH_PARAMETER,AUSTRALIAN_SYNTHETIC,,UNKNOWN
RTDR-497A59FDE71F21C6075BBD71,2013-04-23|BET365 GEELONG SYNTHETIC|R02,2013-04-23,BET365 GEELONG SYNTHETIC,2200,NO_GOVERNED_SURFACE_CONDITION_LENGTH_PARAMETER,AUSTRALIAN_SYNTHETIC,,UNKNOWN
RTDR-33A5956384120B2FE3CDEA68,2013-04-23|BET365 GEELONG SYNTHETIC|R06,2013-04-23,BET365 GEELONG SYNTHETIC,1900,NO_GOVERNED_SURFACE_CONDITION_LENGTH_PARAMETER,AUSTRALIAN_SYNTHETIC,,UNKNOWN
RTDR-FBC88E05C15292A13910E3B9,2013-04-23|BET365 GEELONG SYNTHETIC|R04,2013-04-23,BET365 GEELONG SYNTHETIC,1200,NO_GOVERNED_SURFACE_CONDITION_LENGTH_PARAMETER,AUSTRALIAN_SYNTHETIC,,UNKNOWN
RTDR-762EBDD484D4CF7081EFE502,2013-04-26|BET365 GEELONG SYNTHETIC|R01,2013-04-26,BET365 GEELONG SYNTHETIC,1000,NO_GOVERNED_SURFACE_CONDITION_LENGTH_PARAMETER,AUSTRALIAN_SYNTHETIC,,UNKNOWN
RTDR-51926A89FB55FB831DD93107,2013-04-26|BET365 GEELONG SYNTHETIC|R03,2013-04-26,BET365 GEELONG SYNTHETIC,1300,NO_GOVERNED_SURFACE_CONDITION_LENGTH_PARAMETER,AUSTRALIAN_SYNTHETIC,,UNKNOWN
RTDR-88B94118366411ACF4D701BD,2013-04-26|BET365 GEELONG SYNTHETIC|R02,2013-04-26,BET365 GEELONG SYNTHETIC,1200,NO_GOVERNED_SURFACE_CONDITION_LENGTH_PARAMETER,AUSTRALIAN_SYNTHETIC,,UNKNOWN
RTDR-769E4C12A8B835AB2E562B08,2013-04-26|BET365 GEELONG SYNTHETIC|R04,2013-04-26,BET365 GEELONG SYNTHETIC,1200,NO_GOVERNED_SURFACE_CONDITION_LENGTH_PARAMETER,AUSTRALIAN_SYNTHETIC,,UNKNOWN
RTDR-753C670ABA6ADB82747F8037,2013-04-26|BET365 GEELONG SYNTHETIC|R07,2013-04-26,BET365 GEELONG SYNTHETIC,1900,NO_GOVERNED_SURFACE_CONDITION_LENGTH_PARAMETER,AUSTRALIAN_SYNTHETIC,,UNKNOWN
RTDR-3126F4738F444F849061D5C8,2013-04-26|BET365 GEELONG SYNTHETIC|R08,2013-04-26,BET365 GEELONG SYNTHETIC,1200,NO_GOVERNED_SURFACE_CONDITION_LENGTH_PARAMETER,AUSTRALIAN_SYNTHETIC,,UNKNOWN
RTDR-5DF6868FD9010AC721AFA3C5,2013-04-26|BET365 GEELONG SYNTHETIC|R05,2013-04-26,BET365 GEELONG SYNTHETIC,1000,NO_GOVERNED_SURFACE_CONDITION_LENGTH_PARAMETER,AUSTRALIAN_SYNTHETIC,,UNKNOWN
RTDR-DEDA21A1F0FAC17E0F363B5C,2013-04-26|BET365 GEELONG SYNTHETIC|R06,2013-04-26,BET365 GEELONG SYNTHETIC,2000,NO_GOVERNED_SURFACE_CONDITION_LENGTH_PARAMETER,AUSTRALIAN_SYNTHETIC,,UNKNOWN
RTDR-874C4A660CB4E9FBD368C573,2014-04-14|BET365 GEELONG SYNTHETIC|R02,2014-04-14,BET365 GEELONG SYNTHETIC,1000,NO_GOVERNED_SURFACE_CONDITION_LENGTH_PARAMETER,AUSTRALIAN_SYNTHETIC,,UNKNOWN
RTDR-2FCDE507295B4F59AEC86151,2014-04-14|BET365 GEELONG SYNTHETIC|R01,2014-04-14,BET365 GEELONG SYNTHETIC,1100,NO_GOVERNED_SURFACE_CONDITION_LENGTH_PARAMETER,AUSTRALIAN_SYNTHETIC,,UNKNOWN
RTDR-8A2C220B67E531DB2AEF0106,2014-04-14|BET365 GEELONG SYNTHETIC|R03,2014-04-14,BET365 GEELONG SYNTHETIC,1300,NO_GOVERNED_SURFACE_CONDITION_LENGTH_PARAMETER,AUSTRALIAN_SYNTHETIC,,UNKNOWN
RTDR-3005EF2E1D0597C0B422F849,2014-04-14|BET365 GEELONG SYNTHETIC|R07,2014-04-14,BET365 GEELONG SYNTHETIC,1300,NO_GOVERNED_SURFACE_CONDITION_LENGTH_PARAMETER,AUSTRALIAN_SYNTHETIC,,UNKNOWN
RTDR-3A7BB0F9F56079BB92728E67,2014-04-14|BET365 GEELONG SYNTHETIC|R08,2014-04-14,BET365 GEELONG SYNTHETIC,1300,NO_GOVERNED_SURFACE_CONDITION_LENGTH_PARAMETER,AUSTRALIAN_SYNTHETIC,,UNKNOWN
RTDR-D47B2BEA9D9A5EA4ECB4B118,2014-04-14|BET365 GEELONG SYNTHETIC|R04,2014-04-14,BET365 GEELONG SYNTHETIC,2000,NO_GOVERNED_SURFACE_CONDITION_LENGTH_PARAMETER,AUSTRALIAN_SYNTHETIC,,UNKNOWN
RTDR-2BB357DFE87B35D543782828,2014-04-14|BET365 GEELONG SYNTHETIC|R05,2014-04-14,BET365 GEELONG SYNTHETIC,2100,NO_GOVERNED_SURFACE_CONDITION_LENGTH_PARAMETER,AUSTRALIAN_SYNTHETIC,,UNKNOWN
RTDR-E570EE6A8B009833D4BCC877,2014-04-14|BET365 GEELONG SYNTHETIC|R06,2014-04-14,BET365 GEELONG SYNTHETIC,1000,NO_GOVERNED_SURFACE_CONDITION_LENGTH_PARAMETER,AUSTRALIAN_SYNTHETIC,,UNKNOWN
RTDR-628AEE4210918C9DC18963C2,2014-04-24|BET365 GEELONG SYNTHETIC|R03,2014-04-24,BET365 GEELONG SYNTHETIC,1200,NO_GOVERNED_SURFACE_CONDITION_LENGTH_PARAMETER,AUSTRALIAN_SYNTHETIC,,UNKNOWN
RTDR-F420AAA21229071177320253,2014-04-24|BET365 GEELONG SYNTHETIC|R04,2014-04-24,BET365 GEELONG SYNTHETIC,1300,NO_GOVERNED_SURFACE_CONDITION_LENGTH_PARAMETER,AUSTRALIAN_SYNTHETIC,,UNKNOWN
RTDR-7909C3D13EB7E867DFF55933,2014-04-24|BET365 GEELONG SYNTHETIC|R01,2014-04-24,BET365 GEELONG SYNTHETIC,1900,NO_GOVERNED_SURFACE_CONDITION_LENGTH_PARAMETER,AUSTRALIAN_SYNTHETIC,,UNKNOWN
RTDR-70B2378692D9BB7711D5C6E3,2014-04-24|BET365 GEELONG SYNTHETIC|R02,2014-04-24,BET365 GEELONG SYNTHETIC,1000,NO_GOVERNED_SURFACE_CONDITION_LENGTH_PARAMETER,AUSTRALIAN_SYNTHETIC,,UNKNOWN
RTDR-CCB63058CF52AC36B47560CE,2014-04-24|BET365 GEELONG SYNTHETIC|R05,2014-04-24,BET365 GEELONG SYNTHETIC,2000,NO_GOVERNED_SURFACE_CONDITION_LENGTH_PARAMETER,AUSTRALIAN_SYNTHETIC,,UNKNOWN
RTDR-DA2338FE78A59F82CD7D0701,2014-04-24|BET365 GEELONG SYNTHETIC|R07,2014-04-24,BET365 GEELONG SYNTHETIC,1100,NO_GOVERNED_SURFACE_CONDITION_LENGTH_PARAMETER,AUSTRALIAN_SYNTHETIC,,UNKNOWN
RTDR-CCABB6CDF27BC5BA82BAD4B0,2014-04-24|BET365 GEELONG SYNTHETIC|R08,2014-04-24,BET365 GEELONG SYNTHETIC,1900,NO_GOVERNED_SURFACE_CONDITION_LENGTH_PARAMETER,AUSTRALIAN_SYNTHETIC,,UNKNOWN
RTDR-3F85C20E284F99A0D7ED7397,2014-04-24|BET365 GEELONG SYNTHETIC|R06,2014-04-24,BET365 GEELONG SYNTHETIC,1300,NO_GOVERNED_SURFACE_CONDITION_LENGTH_PARAMETER,AUSTRALIAN_SYNTHETIC,,UNKNOWN
RTDR-C54163DD22ADE27E929EC17C,2021-04-18|SPORTSBET-PAKENHAM SYNTHETIC|R08,2021-04-18,SPORTSBET-PAKENHAM SYNTHETIC,1600,NO_GOVERNED_SURFACE_CONDITION_LENGTH_PARAMETER,AUSTRALIAN_SYNTHETIC,,UNKNOWN
RTDR-A345BE7F9ACB7EE3E9913F15,2021-04-18|SPORTSBET-PAKENHAM SYNTHETIC|R07,2021-04-18,SPORTSBET-PAKENHAM SYNTHETIC,1400,NO_GOVERNED_SURFACE_CONDITION_LENGTH_PARAMETER,AUSTRALIAN_SYNTHETIC,,UNKNOWN
RTDR-EBB68D535E253875B9CDD5F8,2021-04-18|SPORTSBET-PAKENHAM SYNTHETIC|R06,2021-04-18,SPORTSBET-PAKENHAM SYNTHETIC,1200,NO_GOVERNED_SURFACE_CONDITION_LENGTH_PARAMETER,AUSTRALIAN_SYNTHETIC,,UNKNOWN
RTDR-84C70A3F389CB00AA670BA95,2021-04-29|SPORTSBET-PAKENHAM SYNTHETIC|R04,2021-04-29,SPORTSBET-PAKENHAM SYNTHETIC,1400,NO_GOVERNED_SURFACE_CONDITION_LENGTH_PARAMETER,AUSTRALIAN_SYNTHETIC,,UNKNOWN
RTDR-3F4F551AA319BAC044F8BF85,2021-04-29|SPORTSBET-PAKENHAM SYNTHETIC|R01,2021-04-29,SPORTSBET-PAKENHAM SYNTHETIC,1100,NO_GOVERNED_SURFACE_CONDITION_LENGTH_PARAMETER,AUSTRALIAN_SYNTHETIC,,UNKNOWN
RTDR-C34D56AD9AF081CEC9F3AEEE,2021-04-29|SPORTSBET-PAKENHAM SYNTHETIC|R05,2021-04-29,SPORTSBET-PAKENHAM SYNTHETIC,1100,NO_GOVERNED_SURFACE_CONDITION_LENGTH_PARAMETER,AUSTRALIAN_SYNTHETIC,,UNKNOWN
RTDR-1C085EE321D676E3D0721275,2021-04-29|SPORTSBET-PAKENHAM SYNTHETIC|R02,2021-04-29,SPORTSBET-PAKENHAM SYNTHETIC,1200,NO_GOVERNED_SURFACE_CONDITION_LENGTH_PARAMETER,AUSTRALIAN_SYNTHETIC,,UNKNOWN
RTDR-4B4141DECD767BF488026FF7,2021-04-29|SPORTSBET-PAKENHAM SYNTHETIC|R06,2021-04-29,SPORTSBET-PAKENHAM SYNTHETIC,2200,NO_GOVERNED_SURFACE_CONDITION_LENGTH_PARAMETER,AUSTRALIAN_SYNTHETIC,,UNKNOWN
RTDR-7B4004065A4766E813FDA95A,2021-04-29|SPORTSBET-PAKENHAM SYNTHETIC|R07,2021-04-29,SPORTSBET-PAKENHAM SYNTHETIC,1600,NO_GOVERNED_SURFACE_CONDITION_LENGTH_PARAMETER,AUSTRALIAN_SYNTHETIC,,UNKNOWN
RTDR-0406AFAADDCFE6CE40956E8D,2021-04-29|SPORTSBET-PAKENHAM SYNTHETIC|R03,2021-04-29,SPORTSBET-PAKENHAM SYNTHETIC,1600,NO_GOVERNED_SURFACE_CONDITION_LENGTH_PARAMETER,AUSTRALIAN_SYNTHETIC,,UNKNOWN
RTDR-0C5D10F0B367A3E7E58B4BBC,2025-04-06|SPORTSBET-BALLARAT SYNTHETIC|R05,2025-04-06,SPORTSBET-BALLARAT SYNTHETIC,1000,NO_GOVERNED_SURFACE_CONDITION_LENGTH_PARAMETER,AUSTRALIAN_SYNTHETIC,,UNKNOWN
RTDR-11FDE00611D5E64EEB38B7FF,2025-04-06|SPORTSBET-BALLARAT SYNTHETIC|R06,2025-04-06,SPORTSBET-BALLARAT SYNTHETIC,1200,NO_GOVERNED_SURFACE_CONDITION_LENGTH_PARAMETER,AUSTRALIAN_SYNTHETIC,,UNKNOWN
RTDR-3E431B6526CAA76F5F213FEF,2025-04-06|SPORTSBET-BALLARAT SYNTHETIC|R04,2025-04-06,SPORTSBET-BALLARAT SYNTHETIC,1500,NO_GOVERNED_SURFACE_CONDITION_LENGTH_PARAMETER,AUSTRALIAN_SYNTHETIC,,UNKNOWN
RTDR-2BFA7EB9274295B1BB950047,2026-04-30|CAULFIELD HEATH|R14,2026-04-30,CAULFIELD HEATH,800,NO_GOVERNED_SURFACE_CONDITION_LENGTH_PARAMETER,TURF,0,UNKNOWN
RTDR-A58795110BF53083D96B0516,2026-04-30|CAULFIELD HEATH|R13,2026-04-30,CAULFIELD HEATH,800,NO_GOVERNED_SURFACE_CONDITION_LENGTH_PARAMETER,TURF,0,UNKNOWN
RTDR-029188D61B75A36946502F8C,2026-04-30|CAULFIELD HEATH|R05,2026-04-30,CAULFIELD HEATH,800,NO_GOVERNED_SURFACE_CONDITION_LENGTH_PARAMETER,TURF,0,UNKNOWN
RTDR-C4BE6AE21E0488A756F480DF,2026-04-30|CAULFIELD HEATH|R06,2026-04-30,CAULFIELD HEATH,800,NO_GOVERNED_SURFACE_CONDITION_LENGTH_PARAMETER,TURF,0,UNKNOWN
RTDR-EF320FBE38215F1EFA9998A6,2007-08-03|BET365 GEELONG SYNTHETIC|R04,2007-08-03,BET365 GEELONG SYNTHETIC,1100,NO_GOVERNED_SURFACE_CONDITION_LENGTH_PARAMETER,AUSTRALIAN_SYNTHETIC,,UNKNOWN
RTDR-359C5429A0E4033CD0AA94E1,2007-08-03|BET365 GEELONG SYNTHETIC|R05,2007-08-03,BET365 GEELONG SYNTHETIC,1100,NO_GOVERNED_SURFACE_CONDITION_LENGTH_PARAMETER,AUSTRALIAN_SYNTHETIC,,UNKNOWN
RTDR-21603BC21FB95DF7D3F5EFAE,2007-08-03|BET365 GEELONG SYNTHETIC|R07,2007-08-03,BET365 GEELONG SYNTHETIC,1100,NO_GOVERNED_SURFACE_CONDITION_LENGTH_PARAMETER,AUSTRALIAN_SYNTHETIC,,UNKNOWN
RTDR-A9F5C3A956FC0CA58B019A28,2007-08-03|BET365 GEELONG SYNTHETIC|R08,2007-08-03,BET365 GEELONG SYNTHETIC,2000,NO_GOVERNED_SURFACE_CONDITION_LENGTH_PARAMETER,AUSTRALIAN_SYNTHETIC,,UNKNOWN
RTDR-32BA34D3D66D3472B35DAFA0,2007-08-03|BET365 GEELONG SYNTHETIC|R02,2007-08-03,BET365 GEELONG SYNTHETIC,1300,NO_GOVERNED_SURFACE_CONDITION_LENGTH_PARAMETER,AUSTRALIAN_SYNTHETIC,,UNKNOWN
RTDR-C83DCA92EB40F32E23EFB5A9,2007-08-03|BET365 GEELONG SYNTHETIC|R03,2007-08-03,BET365 GEELONG SYNTHETIC,1300,NO_GOVERNED_SURFACE_CONDITION_LENGTH_PARAMETER,AUSTRALIAN_SYNTHETIC,,UNKNOWN
RTDR-095117D49211C8EDBD34C4B1,2007-08-17|BET365 GEELONG SYNTHETIC|R01,2007-08-17,BET365 GEELONG SYNTHETIC,1100,NO_GOVERNED_SURFACE_CONDITION_LENGTH_PARAMETER,AUSTRALIAN_SYNTHETIC,,UNKNOWN
RTDR-D04993F65C7E797E1CFBE3DA,2007-08-17|BET365 GEELONG SYNTHETIC|R05,2007-08-17,BET365 GEELONG SYNTHETIC,1200,NO_GOVERNED_SURFACE_CONDITION_LENGTH_PARAMETER,AUSTRALIAN_SYNTHETIC,,UNKNOWN
RTDR-549B25BC2395E8DAD29B2B57,2007-08-17|BET365 GEELONG SYNTHETIC|R02,2007-08-17,BET365 GEELONG SYNTHETIC,1900,NO_GOVERNED_SURFACE_CONDITION_LENGTH_PARAMETER,AUSTRALIAN_SYNTHETIC,,UNKNOWN
RTDR-F3463D8DD7EFA43FD23DF411,2007-08-17|BET365 GEELONG SYNTHETIC|R09,2007-08-17,BET365 GEELONG SYNTHETIC,1100,NO_GOVERNED_SURFACE_CONDITION_LENGTH_PARAMETER,AUSTRALIAN_SYNTHETIC,,UNKNOWN
RTDR-ADE0F89D0FAD3CD82E40401A,2007-08-17|BET365 GEELONG SYNTHETIC|R03,2007-08-17,BET365 GEELONG SYNTHETIC,1200,NO_GOVERNED_SURFACE_CONDITION_LENGTH_PARAMETER,AUSTRALIAN_SYNTHETIC,,UNKNOWN
RTDR-F79679D9C5BA13D2A0117C35,2007-08-17|BET365 GEELONG SYNTHETIC|R04,2007-08-17,BET365 GEELONG SYNTHETIC,1200,NO_GOVERNED_SURFACE_CONDITION_LENGTH_PARAMETER,AUSTRALIAN_SYNTHETIC,,UNKNOWN
RTDR-3C9D5704D7209A3A644E938F,2007-08-17|BET365 GEELONG SYNTHETIC|R06,2007-08-17,BET365 GEELONG SYNTHETIC,2200,NO_GOVERNED_SURFACE_CONDITION_LENGTH_PARAMETER,AUSTRALIAN_SYNTHETIC,,UNKNOWN
RTDR-4A2B390EB36DAE3E389FAE97,2007-08-17|BET365 GEELONG SYNTHETIC|R07,2007-08-17,BET365 GEELONG SYNTHETIC,2200,NO_GOVERNED_SURFACE_CONDITION_LENGTH_PARAMETER,AUSTRALIAN_SYNTHETIC,,UNKNOWN
RTDR-7AF82835FDB176101A716D5A,2008-08-01|BET365 GEELONG SYNTHETIC|R01,2008-08-01,BET365 GEELONG SYNTHETIC,1100,NO_GOVERNED_SURFACE_CONDITION_LENGTH_PARAMETER,AUSTRALIAN_SYNTHETIC,,UNKNOWN
RTDR-89FBABF4445F00CF343A4B8C,2008-08-01|BET365 GEELONG SYNTHETIC|R03,2008-08-01,BET365 GEELONG SYNTHETIC,1000,NO_GOVERNED_SURFACE_CONDITION_LENGTH_PARAMETER,AUSTRALIAN_SYNTHETIC,,UNKNOWN
RTDR-D0112AF9096D3B93C2B103B4,2008-08-01|BET365 GEELONG SYNTHETIC|R02,2008-08-01,BET365 GEELONG SYNTHETIC,2000,NO_GOVERNED_SURFACE_CONDITION_LENGTH_PARAMETER,AUSTRALIAN_SYNTHETIC,,UNKNOWN
RTDR-779615C7F0ADE9D0718C400D,2008-08-01|BET365 GEELONG SYNTHETIC|R10,2008-08-01,BET365 GEELONG SYNTHETIC,1100,NO_GOVERNED_SURFACE_CONDITION_LENGTH_PARAMETER,AUSTRALIAN_SYNTHETIC,,UNKNOWN
RTDR-C0042BD3C82B3081D90D790F,2008-08-01|BET365 GEELONG SYNTHETIC|R09,2008-08-01,BET365 GEELONG SYNTHETIC,2000,NO_GOVERNED_SURFACE_CONDITION_LENGTH_PARAMETER,AUSTRALIAN_SYNTHETIC,,UNKNOWN
RTDR-708C3B82B3ED8B070284011B,2008-08-01|BET365 GEELONG SYNTHETIC|R08,2008-08-01,BET365 GEELONG SYNTHETIC,1300,NO_GOVERNED_SURFACE_CONDITION_LENGTH_PARAMETER,AUSTRALIAN_SYNTHETIC,,UNKNOWN
RTDR-FC5CC07371D22FF53A26984C,2008-08-01|BET365 GEELONG SYNTHETIC|R04,2008-08-01,BET365 GEELONG SYNTHETIC,1300,NO_GOVERNED_SURFACE_CONDITION_LENGTH_PARAMETER,AUSTRALIAN_SYNTHETIC,,UNKNOWN
RTDR-8B554667C707C50C99E7955F,2008-08-01|BET365 GEELONG SYNTHETIC|R05,2008-08-01,BET365 GEELONG SYNTHETIC,1300,NO_GOVERNED_SURFACE_CONDITION_LENGTH_PARAMETER,AUSTRALIAN_SYNTHETIC,,UNKNOWN
RTDR-8DEDF5FABB94074A2FAB3C41,2008-08-01|BET365 GEELONG SYNTHETIC|R06,2008-08-01,BET365 GEELONG SYNTHETIC,1550,NO_GOVERNED_SURFACE_CONDITION_LENGTH_PARAMETER,AUSTRALIAN_SYNTHETIC,,UNKNOWN
RTDR-63402E1911E21D96BD325943,2008-08-01|BET365 GEELONG SYNTHETIC|R07,2008-08-01,BET365 GEELONG SYNTHETIC,1550,NO_GOVERNED_SURFACE_CONDITION_LENGTH_PARAMETER,AUSTRALIAN_SYNTHETIC,,UNKNOWN
RTDR-8060EACDBAAD3A0FE5B8A296,2008-08-08|BET365 GEELONG SYNTHETIC|R02,2008-08-08,BET365 GEELONG SYNTHETIC,1200,NO_GOVERNED_SURFACE_CONDITION_LENGTH_PARAMETER,AUSTRALIAN_SYNTHETIC,,UNKNOWN
RTDR-5F78DFF81F7F67590F1BA92C,2008-08-08|BET365 GEELONG SYNTHETIC|R03,2008-08-08,BET365 GEELONG SYNTHETIC,1100,NO_GOVERNED_SURFACE_CONDITION_LENGTH_PARAMETER,AUSTRALIAN_SYNTHETIC,,UNKNOWN
RTDR-BF7D97C67F67CAEFC255D395,2008-08-08|BET365 GEELONG SYNTHETIC|R01,2008-08-08,BET365 GEELONG SYNTHETIC,1550,NO_GOVERNED_SURFACE_CONDITION_LENGTH_PARAMETER,AUSTRALIAN_SYNTHETIC,,UNKNOWN
RTDR-77D4C04FD527126C162460A4,2008-08-08|BET365 GEELONG SYNTHETIC|R08,2008-08-08,BET365 GEELONG SYNTHETIC,1200,NO_GOVERNED_SURFACE_CONDITION_LENGTH_PARAMETER,AUSTRALIAN_SYNTHETIC,,UNKNOWN
RTDR-EFE0B19A5B14EAEAA65F0F95,2008-08-08|BET365 GEELONG SYNTHETIC|R07,2008-08-08,BET365 GEELONG SYNTHETIC,2200,NO_GOVERNED_SURFACE_CONDITION_LENGTH_PARAMETER,AUSTRALIAN_SYNTHETIC,,UNKNOWN
RTDR-611C6B2C7CF43F5A1FF7D064,2008-08-08|BET365 GEELONG SYNTHETIC|R09,2008-08-08,BET365 GEELONG SYNTHETIC,1300,NO_GOVERNED_SURFACE_CONDITION_LENGTH_PARAMETER,AUSTRALIAN_SYNTHETIC,,UNKNOWN
RTDR-A0E92129DA52F64863502EF0,2008-08-08|BET365 GEELONG SYNTHETIC|R06,2008-08-08,BET365 GEELONG SYNTHETIC,2000,NO_GOVERNED_SURFACE_CONDITION_LENGTH_PARAMETER,AUSTRALIAN_SYNTHETIC,,UNKNOWN
RTDR-AD950291878C184DC335AD6C,2008-08-08|BET365 GEELONG SYNTHETIC|R04,2008-08-08,BET365 GEELONG SYNTHETIC,1300,NO_GOVERNED_SURFACE_CONDITION_LENGTH_PARAMETER,AUSTRALIAN_SYNTHETIC,,UNKNOWN
RTDR-93CC973A51DB0455C277389E,2008-08-08|BET365 GEELONG SYNTHETIC|R05,2008-08-08,BET365 GEELONG SYNTHETIC,1300,NO_GOVERNED_SURFACE_CONDITION_LENGTH_PARAMETER,AUSTRALIAN_SYNTHETIC,,UNKNOWN
RTDR-9CB433C177DEB7A097B3FF08,2008-08-12|BET365 GEELONG SYNTHETIC|R01,2008-08-12,BET365 GEELONG SYNTHETIC,1200,NO_GOVERNED_SURFACE_CONDITION_LENGTH_PARAMETER,AUSTRALIAN_SYNTHETIC,,UNKNOWN
RTDR-006B0896783CB7A8BECED905,2008-08-12|BET365 GEELONG SYNTHETIC|R02,2008-08-12,BET365 GEELONG SYNTHETIC,1200,NO_GOVERNED_SURFACE_CONDITION_LENGTH_PARAMETER,AUSTRALIAN_SYNTHETIC,,UNKNOWN
RTDR-6C6ADE7D9FE31EB09F7A2BAD,2008-08-12|BET365 GEELONG SYNTHETIC|R05,2008-08-12,BET365 GEELONG SYNTHETIC,1100,NO_GOVERNED_SURFACE_CONDITION_LENGTH_PARAMETER,AUSTRALIAN_SYNTHETIC,,UNKNOWN
RTDR-2860FCEE5B3471993E61C4E8,2008-08-12|BET365 GEELONG SYNTHETIC|R08,2008-08-12,BET365 GEELONG SYNTHETIC,1550,NO_GOVERNED_SURFACE_CONDITION_LENGTH_PARAMETER,AUSTRALIAN_SYNTHETIC,,UNKNOWN
RTDR-EC3DECF3F2F2B0F87A970752,2008-08-12|BET365 GEELONG SYNTHETIC|R07,2008-08-12,BET365 GEELONG SYNTHETIC,1550,NO_GOVERNED_SURFACE_CONDITION_LENGTH_PARAMETER,AUSTRALIAN_SYNTHETIC,,UNKNOWN
RTDR-FD3F0F49206E06F03D4AC9C4,2008-08-12|BET365 GEELONG SYNTHETIC|R09,2008-08-12,BET365 GEELONG SYNTHETIC,1900,NO_GOVERNED_SURFACE_CONDITION_LENGTH_PARAMETER,AUSTRALIAN_SYNTHETIC,,UNKNOWN
RTDR-F83723FD15B704109FBF5CBC,2008-08-12|BET365 GEELONG SYNTHETIC|R06,2008-08-12,BET365 GEELONG SYNTHETIC,1200,NO_GOVERNED_SURFACE_CONDITION_LENGTH_PARAMETER,AUSTRALIAN_SYNTHETIC,,UNKNOWN
RTDR-5EBA820C5936BEF807FBCE6C,2008-08-12|BET365 GEELONG SYNTHETIC|R03,2008-08-12,BET365 GEELONG SYNTHETIC,1550,NO_GOVERNED_SURFACE_CONDITION_LENGTH_PARAMETER,AUSTRALIAN_SYNTHETIC,,UNKNOWN
RTDR-1267965DE15DE5D4F5804A8F,2008-08-12|BET365 GEELONG SYNTHETIC|R04,2008-08-12,BET365 GEELONG SYNTHETIC,1550,NO_GOVERNED_SURFACE_CONDITION_LENGTH_PARAMETER,AUSTRALIAN_SYNTHETIC,,UNKNOWN
RTDR-ADDD0C8B71583845E6698FBF,2008-08-15|BET365 GEELONG SYNTHETIC|R05,2008-08-15,BET365 GEELONG SYNTHETIC,1100,NO_GOVERNED_SURFACE_CONDITION_LENGTH_PARAMETER,AUSTRALIAN_SYNTHETIC,,UNKNOWN
RTDR-62DDCFFCE67E3A08CC25431C,2008-08-15|BET365 GEELONG SYNTHETIC|R04,2008-08-15,BET365 GEELONG SYNTHETIC,1200,NO_GOVERNED_SURFACE_CONDITION_LENGTH_PARAMETER,AUSTRALIAN_SYNTHETIC,,UNKNOWN
RTDR-26CA947F3FC6C36F2BBD2074,2008-08-15|BET365 GEELONG SYNTHETIC|R01,2008-08-15,BET365 GEELONG SYNTHETIC,2000,NO_GOVERNED_SURFACE_CONDITION_LENGTH_PARAMETER,AUSTRALIAN_SYNTHETIC,,UNKNOWN
RTDR-BB46CE116EF0101D2E1BA9B2,2008-08-15|BET365 GEELONG SYNTHETIC|R10,2008-08-15,BET365 GEELONG SYNTHETIC,1100,NO_GOVERNED_SURFACE_CONDITION_LENGTH_PARAMETER,AUSTRALIAN_SYNTHETIC,,UNKNOWN
RTDR-F9127CEB0A49FFA064ADA3FB,2008-08-15|BET365 GEELONG SYNTHETIC|R06,2008-08-15,BET365 GEELONG SYNTHETIC,2200,NO_GOVERNED_SURFACE_CONDITION_LENGTH_PARAMETER,AUSTRALIAN_SYNTHETIC,,UNKNOWN
RTDR-0F7D53CDD02CB7D4E66F54B5,2008-08-15|BET365 GEELONG SYNTHETIC|R08,2008-08-15,BET365 GEELONG SYNTHETIC,1300,NO_GOVERNED_SURFACE_CONDITION_LENGTH_PARAMETER,AUSTRALIAN_SYNTHETIC,,UNKNOWN
RTDR-3C6C965F354068D80EC79EEC,2008-08-15|BET365 GEELONG SYNTHETIC|R02,2008-08-15,BET365 GEELONG SYNTHETIC,1200,NO_GOVERNED_SURFACE_CONDITION_LENGTH_PARAMETER,AUSTRALIAN_SYNTHETIC,,UNKNOWN
RTDR-C0A38C834AF36D39B36680CA,2008-08-15|BET365 GEELONG SYNTHETIC|R03,2008-08-15,BET365 GEELONG SYNTHETIC,1200,NO_GOVERNED_SURFACE_CONDITION_LENGTH_PARAMETER,AUSTRALIAN_SYNTHETIC,,UNKNOWN
RTDR-0AC8C4CB509024627B812EDF,2008-08-15|BET365 GEELONG SYNTHETIC|R07,2008-08-15,BET365 GEELONG SYNTHETIC,1300,NO_GOVERNED_SURFACE_CONDITION_LENGTH_PARAMETER,AUSTRALIAN_SYNTHETIC,,UNKNOWN
RTDR-4CC76A0BD8CBB88A67604137,2008-08-15|BET365 GEELONG SYNTHETIC|R09,2008-08-15,BET365 GEELONG SYNTHETIC,1300,NO_GOVERNED_SURFACE_CONDITION_LENGTH_PARAMETER,AUSTRALIAN_SYNTHETIC,,UNKNOWN
RTDR-1A4E4ACE5E312784E435C892,2008-08-22|BET365 GEELONG SYNTHETIC|R04,2008-08-22,BET365 GEELONG SYNTHETIC,1200,NO_GOVERNED_SURFACE_CONDITION_LENGTH_PARAMETER,AUSTRALIAN_SYNTHETIC,,UNKNOWN
RTDR-37A1DAFF0BD220B4D2F7E8FC,2008-08-22|BET365 GEELONG SYNTHETIC|R01,2008-08-22,BET365 GEELONG SYNTHETIC,1550,NO_GOVERNED_SURFACE_CONDITION_LENGTH_PARAMETER,AUSTRALIAN_SYNTHETIC,,UNKNOWN
RTDR-B912C61DC3305463559FC93F,2008-08-22|BET365 GEELONG SYNTHETIC|R09,2008-08-22,BET365 GEELONG SYNTHETIC,1200,NO_GOVERNED_SURFACE_CONDITION_LENGTH_PARAMETER,AUSTRALIAN_SYNTHETIC,,UNKNOWN
RTDR-B3D698783566E2B41CB2ABA5,2008-08-22|BET365 GEELONG SYNTHETIC|R08,2008-08-22,BET365 GEELONG SYNTHETIC,1000,NO_GOVERNED_SURFACE_CONDITION_LENGTH_PARAMETER,AUSTRALIAN_SYNTHETIC,,UNKNOWN
RTDR-923777F69279A18EFEF6078E,2008-08-22|BET365 GEELONG SYNTHETIC|R10,2008-08-22,BET365 GEELONG SYNTHETIC,1200,NO_GOVERNED_SURFACE_CONDITION_LENGTH_PARAMETER,AUSTRALIAN_SYNTHETIC,,UNKNOWN
RTDR-30F5406D28823D3D2A435F29,2008-08-22|BET365 GEELONG SYNTHETIC|R07,2008-08-22,BET365 GEELONG SYNTHETIC,2100,NO_GOVERNED_SURFACE_CONDITION_LENGTH_PARAMETER,AUSTRALIAN_SYNTHETIC,,UNKNOWN
RTDR-9FE4669F7BBD44FD183B681F,2008-08-22|BET365 GEELONG SYNTHETIC|R05,2008-08-22,BET365 GEELONG SYNTHETIC,1100,NO_GOVERNED_SURFACE_CONDITION_LENGTH_PARAMETER,AUSTRALIAN_SYNTHETIC,,UNKNOWN
RTDR-C50B65A9324599DF1436A27A,2008-08-22|BET365 GEELONG SYNTHETIC|R06,2008-08-22,BET365 GEELONG SYNTHETIC,1100,NO_GOVERNED_SURFACE_CONDITION_LENGTH_PARAMETER,AUSTRALIAN_SYNTHETIC,,UNKNOWN
RTDR-D9597A5A886F2B5FD442E305,2008-08-22|BET365 GEELONG SYNTHETIC|R02,2008-08-22,BET365 GEELONG SYNTHETIC,1300,NO_GOVERNED_SURFACE_CONDITION_LENGTH_PARAMETER,AUSTRALIAN_SYNTHETIC,,UNKNOWN
RTDR-8C1D1AC0F343EB85CE19DF90,2008-08-22|BET365 GEELONG SYNTHETIC|R03,2008-08-22,BET365 GEELONG SYNTHETIC,1300,NO_GOVERNED_SURFACE_CONDITION_LENGTH_PARAMETER,AUSTRALIAN_SYNTHETIC,,UNKNOWN
RTDR-8A60775B37770071EB364DDB,2008-08-29|BET365 GEELONG SYNTHETIC|R02,2008-08-29,BET365 GEELONG SYNTHETIC,1200,NO_GOVERNED_SURFACE_CONDITION_LENGTH_PARAMETER,AUSTRALIAN_SYNTHETIC,,UNKNOWN
RTDR-E36D5C95F7BA3025621B8D09,2008-08-29|BET365 GEELONG SYNTHETIC|R01,2008-08-29,BET365 GEELONG SYNTHETIC,1000,NO_GOVERNED_SURFACE_CONDITION_LENGTH_PARAMETER,AUSTRALIAN_SYNTHETIC,,UNKNOWN
RTDR-56C24DAF756BD5C40459FA0B,2008-08-29|BET365 GEELONG SYNTHETIC|R03,2008-08-29,BET365 GEELONG SYNTHETIC,1200,NO_GOVERNED_SURFACE_CONDITION_LENGTH_PARAMETER,AUSTRALIAN_SYNTHETIC,,UNKNOWN
RTDR-237C22C8F58C8A78F1B63242,2008-08-29|BET365 GEELONG SYNTHETIC|R08,2008-08-29,BET365 GEELONG SYNTHETIC,1300,NO_GOVERNED_SURFACE_CONDITION_LENGTH_PARAMETER,AUSTRALIAN_SYNTHETIC,,UNKNOWN
RTDR-D2FEEF0AEFAF1827CD2326EF,2008-08-29|BET365 GEELONG SYNTHETIC|R07,2008-08-29,BET365 GEELONG SYNTHETIC,2200,NO_GOVERNED_SURFACE_CONDITION_LENGTH_PARAMETER,AUSTRALIAN_SYNTHETIC,,UNKNOWN
RTDR-3ED8F7C39104F4905E161C7E,2008-08-29|BET365 GEELONG SYNTHETIC|R06,2008-08-29,BET365 GEELONG SYNTHETIC,1300,NO_GOVERNED_SURFACE_CONDITION_LENGTH_PARAMETER,AUSTRALIAN_SYNTHETIC,,UNKNOWN
RTDR-9FA7CF97A99640356A1C9C58,2008-08-29|BET365 GEELONG SYNTHETIC|R04,2008-08-29,BET365 GEELONG SYNTHETIC,1550,NO_GOVERNED_SURFACE_CONDITION_LENGTH_PARAMETER,AUSTRALIAN_SYNTHETIC,,UNKNOWN
RTDR-E91BB44003F88F465783490A,2008-08-29|BET365 GEELONG SYNTHETIC|R05,2008-08-29,BET365 GEELONG SYNTHETIC,1550,NO_GOVERNED_SURFACE_CONDITION_LENGTH_PARAMETER,AUSTRALIAN_SYNTHETIC,,UNKNOWN
RTDR-F11A68598884F92CAC2AAC5D,2010-08-03|BET365 GEELONG SYNTHETIC|R01,2010-08-03,BET365 GEELONG SYNTHETIC,2200,NO_GOVERNED_SURFACE_CONDITION_LENGTH_PARAMETER,AUSTRALIAN_SYNTHETIC,,UNKNOWN
RTDR-8C8C44D6CD4FED6CBA77AA83,2010-08-03|BET365 GEELONG SYNTHETIC|R03,2010-08-03,BET365 GEELONG SYNTHETIC,1300,NO_GOVERNED_SURFACE_CONDITION_LENGTH_PARAMETER,AUSTRALIAN_SYNTHETIC,,UNKNOWN
RTDR-2160A23704415EBE52684718,2010-08-03|BET365 GEELONG SYNTHETIC|R02,2010-08-03,BET365 GEELONG SYNTHETIC,1100,NO_GOVERNED_SURFACE_CONDITION_LENGTH_PARAMETER,AUSTRALIAN_SYNTHETIC,,UNKNOWN
RTDR-D2997B97031DB2724493F58D,2010-08-03|BET365 GEELONG SYNTHETIC|R08,2010-08-03,BET365 GEELONG SYNTHETIC,1200,NO_GOVERNED_SURFACE_CONDITION_LENGTH_PARAMETER,AUSTRALIAN_SYNTHETIC,,UNKNOWN
RTDR-0D8362C7B1F393796738E107,2010-08-03|BET365 GEELONG SYNTHETIC|R09,2010-08-03,BET365 GEELONG SYNTHETIC,2200,NO_GOVERNED_SURFACE_CONDITION_LENGTH_PARAMETER,AUSTRALIAN_SYNTHETIC,,UNKNOWN
RTDR-3B8CDF71EDA4552118854189,2010-08-03|BET365 GEELONG SYNTHETIC|R07,2010-08-03,BET365 GEELONG SYNTHETIC,1200,NO_GOVERNED_SURFACE_CONDITION_LENGTH_PARAMETER,AUSTRALIAN_SYNTHETIC,,UNKNOWN
RTDR-DFF44B859B10F44546DE1980,2010-08-03|BET365 GEELONG SYNTHETIC|R05,2010-08-03,BET365 GEELONG SYNTHETIC,1000,NO_GOVERNED_SURFACE_CONDITION_LENGTH_PARAMETER,AUSTRALIAN_SYNTHETIC,,UNKNOWN
RTDR-D5AC5D044B6550608B46CD68,2010-08-03|BET365 GEELONG SYNTHETIC|R04,2010-08-03,BET365 GEELONG SYNTHETIC,1300,NO_GOVERNED_SURFACE_CONDITION_LENGTH_PARAMETER,AUSTRALIAN_SYNTHETIC,,UNKNOWN
RTDR-BE46024B180ED17A2765F7ED,2010-08-03|BET365 GEELONG SYNTHETIC|R06,2010-08-03,BET365 GEELONG SYNTHETIC,1300,NO_GOVERNED_SURFACE_CONDITION_LENGTH_PARAMETER,AUSTRALIAN_SYNTHETIC,,UNKNOWN
RTDR-B54D3690826590844390CA5C,2010-08-06|BET365 GEELONG SYNTHETIC|R01,2010-08-06,BET365 GEELONG SYNTHETIC,1100,NO_GOVERNED_SURFACE_CONDITION_LENGTH_PARAMETER,AUSTRALIAN_SYNTHETIC,,UNKNOWN
RTDR-9ECB07C24B18775453528676,2010-08-06|BET365 GEELONG SYNTHETIC|R03,2010-08-06,BET365 GEELONG SYNTHETIC,1000,NO_GOVERNED_SURFACE_CONDITION_LENGTH_PARAMETER,AUSTRALIAN_SYNTHETIC,,UNKNOWN
RTDR-3767801868AEB220E2D3A126,2010-08-06|BET365 GEELONG SYNTHETIC|R04,2010-08-06,BET365 GEELONG SYNTHETIC,1200,NO_GOVERNED_SURFACE_CONDITION_LENGTH_PARAMETER,AUSTRALIAN_SYNTHETIC,,UNKNOWN
RTDR-2BEA91476784020A94FAE10A,2010-08-06|BET365 GEELONG SYNTHETIC|R05,2010-08-06,BET365 GEELONG SYNTHETIC,1000,NO_GOVERNED_SURFACE_CONDITION_LENGTH_PARAMETER,AUSTRALIAN_SYNTHETIC,,UNKNOWN
RTDR-E8279AECB7224F0790DAE34A,2010-08-06|BET365 GEELONG SYNTHETIC|R02,2010-08-06,BET365 GEELONG SYNTHETIC,1000,NO_GOVERNED_SURFACE_CONDITION_LENGTH_PARAMETER,AUSTRALIAN_SYNTHETIC,,UNKNOWN
RTDR-8B3EF9A2E5F00BABA4D31693,2010-08-06|BET365 GEELONG SYNTHETIC|R07,2010-08-06,BET365 GEELONG SYNTHETIC,1200,NO_GOVERNED_SURFACE_CONDITION_LENGTH_PARAMETER,AUSTRALIAN_SYNTHETIC,,UNKNOWN
RTDR-455A8BA560B50B830A860DCA,2010-08-06|BET365 GEELONG SYNTHETIC|R08,2010-08-06,BET365 GEELONG SYNTHETIC,1900,NO_GOVERNED_SURFACE_CONDITION_LENGTH_PARAMETER,AUSTRALIAN_SYNTHETIC,,UNKNOWN
RTDR-9C3CFAEFBD7796BB0DBF631E,2010-08-06|BET365 GEELONG SYNTHETIC|R06,2010-08-06,BET365 GEELONG SYNTHETIC,1300,NO_GOVERNED_SURFACE_CONDITION_LENGTH_PARAMETER,AUSTRALIAN_SYNTHETIC,,UNKNOWN
RTDR-EED68C6C2226255C46D3BBE5,2010-08-11|BET365 GEELONG SYNTHETIC|R03,2010-08-11,BET365 GEELONG SYNTHETIC,1000,NO_GOVERNED_SURFACE_CONDITION_LENGTH_PARAMETER,AUSTRALIAN_SYNTHETIC,,UNKNOWN
RTDR-5D9FA571ED5B6632CBAD90FF,2010-08-11|BET365 GEELONG SYNTHETIC|R06,2010-08-11,BET365 GEELONG SYNTHETIC,1000,NO_GOVERNED_SURFACE_CONDITION_LENGTH_PARAMETER,AUSTRALIAN_SYNTHETIC,,UNKNOWN
RTDR-2F1FE1C56B7D57FD05C15592,2010-08-11|BET365 GEELONG SYNTHETIC|R05,2010-08-11,BET365 GEELONG SYNTHETIC,1300,NO_GOVERNED_SURFACE_CONDITION_LENGTH_PARAMETER,AUSTRALIAN_SYNTHETIC,,UNKNOWN
RTDR-9C870DD8F66C0998EAF3A7E5,2010-08-11|BET365 GEELONG SYNTHETIC|R02,2010-08-11,BET365 GEELONG SYNTHETIC,1900,NO_GOVERNED_SURFACE_CONDITION_LENGTH_PARAMETER,AUSTRALIAN_SYNTHETIC,,UNKNOWN
RTDR-EFC8D30C3492C6E6F3D66C85,2010-08-11|BET365 GEELONG SYNTHETIC|R01,2010-08-11,BET365 GEELONG SYNTHETIC,2200,NO_GOVERNED_SURFACE_CONDITION_LENGTH_PARAMETER,AUSTRALIAN_SYNTHETIC,,UNKNOWN
RTDR-6D053613327EB44661D007E6,2010-08-11|BET365 GEELONG SYNTHETIC|R04,2010-08-11,BET365 GEELONG SYNTHETIC,1000,NO_GOVERNED_SURFACE_CONDITION_LENGTH_PARAMETER,AUSTRALIAN_SYNTHETIC,,UNKNOWN
RTDR-33D3F02A6068A012C8EB2A87,2010-08-11|BET365 GEELONG SYNTHETIC|R07,2010-08-11,BET365 GEELONG SYNTHETIC,1300,NO_GOVERNED_SURFACE_CONDITION_LENGTH_PARAMETER,AUSTRALIAN_SYNTHETIC,,UNKNOWN
RTDR-9E10281394FF08129430F94F,2010-08-12|BET365 GEELONG SYNTHETIC|R02,2010-08-12,BET365 GEELONG SYNTHETIC,1200,NO_GOVERNED_SURFACE_CONDITION_LENGTH_PARAMETER,AUSTRALIAN_SYNTHETIC,,UNKNOWN
RTDR-409EC09FFA9D25AB709B00F2,2010-08-12|BET365 GEELONG SYNTHETIC|R03,2010-08-12,BET365 GEELONG SYNTHETIC,1000,NO_GOVERNED_SURFACE_CONDITION_LENGTH_PARAMETER,AUSTRALIAN_SYNTHETIC,,UNKNOWN
RTDR-732C1D793B1A4BAF184555B8,2010-08-12|BET365 GEELONG SYNTHETIC|R01,2010-08-12,BET365 GEELONG SYNTHETIC,1900,NO_GOVERNED_SURFACE_CONDITION_LENGTH_PARAMETER,AUSTRALIAN_SYNTHETIC,,UNKNOWN
RTDR-FF7BA3D52B8EDF67B9B63988,2010-08-12|BET365 GEELONG SYNTHETIC|R09,2010-08-12,BET365 GEELONG SYNTHETIC,1900,NO_GOVERNED_SURFACE_CONDITION_LENGTH_PARAMETER,AUSTRALIAN_SYNTHETIC,,UNKNOWN
RTDR-AF4575135139317228AEC994,2010-08-12|BET365 GEELONG SYNTHETIC|R07,2010-08-12,BET365 GEELONG SYNTHETIC,1300,NO_GOVERNED_SURFACE_CONDITION_LENGTH_PARAMETER,AUSTRALIAN_SYNTHETIC,,UNKNOWN
RTDR-0FFDCEC40CC896B7CC92CC6E,2010-08-12|BET365 GEELONG SYNTHETIC|R08,2010-08-12,BET365 GEELONG SYNTHETIC,2200,NO_GOVERNED_SURFACE_CONDITION_LENGTH_PARAMETER,AUSTRALIAN_SYNTHETIC,,UNKNOWN
RTDR-63AC25025223CC8830329397,2010-08-12|BET365 GEELONG SYNTHETIC|R06,2010-08-12,BET365 GEELONG SYNTHETIC,1200,NO_GOVERNED_SURFACE_CONDITION_LENGTH_PARAMETER,AUSTRALIAN_SYNTHETIC,,UNKNOWN
RTDR-15B00BBC404C71970F3568C9,2010-08-12|BET365 GEELONG SYNTHETIC|R04,2010-08-12,BET365 GEELONG SYNTHETIC,1300,NO_GOVERNED_SURFACE_CONDITION_LENGTH_PARAMETER,AUSTRALIAN_SYNTHETIC,,UNKNOWN
RTDR-BA761F69762C3D9DB9F4EC05,2010-08-12|BET365 GEELONG SYNTHETIC|R05,2010-08-12,BET365 GEELONG SYNTHETIC,1300,NO_GOVERNED_SURFACE_CONDITION_LENGTH_PARAMETER,AUSTRALIAN_SYNTHETIC,,UNKNOWN
RTDR-187D6E034ABA92B02321775C,2010-08-13|BET365 GEELONG SYNTHETIC|R02,2010-08-13,BET365 GEELONG SYNTHETIC,1100,NO_GOVERNED_SURFACE_CONDITION_LENGTH_PARAMETER,AUSTRALIAN_SYNTHETIC,,UNKNOWN
RTDR-1B1E14E1659BD3652C5207E9,2010-08-13|BET365 GEELONG SYNTHETIC|R03,2010-08-13,BET365 GEELONG SYNTHETIC,1200,NO_GOVERNED_SURFACE_CONDITION_LENGTH_PARAMETER,AUSTRALIAN_SYNTHETIC,,UNKNOWN
RTDR-49852B04189C3F496B09CE31,2010-08-13|BET365 GEELONG SYNTHETIC|R01,2010-08-13,BET365 GEELONG SYNTHETIC,2200,NO_GOVERNED_SURFACE_CONDITION_LENGTH_PARAMETER,AUSTRALIAN_SYNTHETIC,,UNKNOWN
RTDR-FB0D0D905931E1B6425977BC,2010-08-13|BET365 GEELONG SYNTHETIC|R09,2010-08-13,BET365 GEELONG SYNTHETIC,1200,NO_GOVERNED_SURFACE_CONDITION_LENGTH_PARAMETER,AUSTRALIAN_SYNTHETIC,,UNKNOWN
RTDR-F8223C66C567BC7E2CEA41E9,2010-08-13|BET365 GEELONG SYNTHETIC|R10,2010-08-13,BET365 GEELONG SYNTHETIC,1100,NO_GOVERNED_SURFACE_CONDITION_LENGTH_PARAMETER,AUSTRALIAN_SYNTHETIC,,UNKNOWN
RTDR-9604EABC2924304A3C0800B2,2010-08-13|BET365 GEELONG SYNTHETIC|R08,2010-08-13,BET365 GEELONG SYNTHETIC,2000,NO_GOVERNED_SURFACE_CONDITION_LENGTH_PARAMETER,AUSTRALIAN_SYNTHETIC,,UNKNOWN
RTDR-19377B8A9A02C34A9AC8C1DE,2010-08-13|BET365 GEELONG SYNTHETIC|R04,2010-08-13,BET365 GEELONG SYNTHETIC,1300,NO_GOVERNED_SURFACE_CONDITION_LENGTH_PARAMETER,AUSTRALIAN_SYNTHETIC,,UNKNOWN
RTDR-03C948DE9DCBF91B35C855BF,2010-08-13|BET365 GEELONG SYNTHETIC|R05,2010-08-13,BET365 GEELONG SYNTHETIC,1300,NO_GOVERNED_SURFACE_CONDITION_LENGTH_PARAMETER,AUSTRALIAN_SYNTHETIC,,UNKNOWN
RTDR-696BDCB98F4B5C95BD5D9300,2010-08-13|BET365 GEELONG SYNTHETIC|R06,2010-08-13,BET365 GEELONG SYNTHETIC,1300,NO_GOVERNED_SURFACE_CONDITION_LENGTH_PARAMETER,AUSTRALIAN_SYNTHETIC,,UNKNOWN
RTDR-221F2449FA280493AF89CF98,2010-08-13|BET365 GEELONG SYNTHETIC|R07,2010-08-13,BET365 GEELONG SYNTHETIC,1300,NO_GOVERNED_SURFACE_CONDITION_LENGTH_PARAMETER,AUSTRALIAN_SYNTHETIC,,UNKNOWN
RTDR-18AA3571CC5E6F7B89BC1F23,2010-08-18|BET365 GEELONG SYNTHETIC|R03,2010-08-18,BET365 GEELONG SYNTHETIC,1200,NO_GOVERNED_SURFACE_CONDITION_LENGTH_PARAMETER,AUSTRALIAN_SYNTHETIC,,UNKNOWN
RTDR-6C212A406053494F7A748CA8,2010-08-18|BET365 GEELONG SYNTHETIC|R04,2010-08-18,BET365 GEELONG SYNTHETIC,1200,NO_GOVERNED_SURFACE_CONDITION_LENGTH_PARAMETER,AUSTRALIAN_SYNTHETIC,,UNKNOWN
RTDR-FB5DDDD331193943059E8EE9,2010-08-18|BET365 GEELONG SYNTHETIC|R01,2010-08-18,BET365 GEELONG SYNTHETIC,1900,NO_GOVERNED_SURFACE_CONDITION_LENGTH_PARAMETER,AUSTRALIAN_SYNTHETIC,,UNKNOWN
RTDR-C935C6B40E299B79AB1FA26C,2010-08-18|BET365 GEELONG SYNTHETIC|R08,2010-08-18,BET365 GEELONG SYNTHETIC,1200,NO_GOVERNED_SURFACE_CONDITION_LENGTH_PARAMETER,AUSTRALIAN_SYNTHETIC,,UNKNOWN
RTDR-D930CB33CF257C8F335381E0,2010-08-18|BET365 GEELONG SYNTHETIC|R06,2010-08-18,BET365 GEELONG SYNTHETIC,1300,NO_GOVERNED_SURFACE_CONDITION_LENGTH_PARAMETER,AUSTRALIAN_SYNTHETIC,,UNKNOWN
RTDR-D48D15CE56776DFA0FECDD2A,2010-08-18|BET365 GEELONG SYNTHETIC|R07,2010-08-18,BET365 GEELONG SYNTHETIC,1900,NO_GOVERNED_SURFACE_CONDITION_LENGTH_PARAMETER,AUSTRALIAN_SYNTHETIC,,UNKNOWN
RTDR-52EEE1D28089233C1FF8AA24,2010-08-18|BET365 GEELONG SYNTHETIC|R05,2010-08-18,BET365 GEELONG SYNTHETIC,1000,NO_GOVERNED_SURFACE_CONDITION_LENGTH_PARAMETER,AUSTRALIAN_SYNTHETIC,,UNKNOWN
RTDR-862CA1C68C9895C23FA6E9B5,2010-08-18|BET365 GEELONG SYNTHETIC|R02,2010-08-18,BET365 GEELONG SYNTHETIC,1900,NO_GOVERNED_SURFACE_CONDITION_LENGTH_PARAMETER,AUSTRALIAN_SYNTHETIC,,UNKNOWN
RTDR-657CE4B0E5A4D1743B585148,2010-08-19|BET365 GEELONG SYNTHETIC|R04,2010-08-19,BET365 GEELONG SYNTHETIC,1300,NO_GOVERNED_SURFACE_CONDITION_LENGTH_PARAMETER,AUSTRALIAN_SYNTHETIC,,UNKNOWN
RTDR-765A6639964B69AA83607D91,2010-08-19|BET365 GEELONG SYNTHETIC|R01,2010-08-19,BET365 GEELONG SYNTHETIC,1100,NO_GOVERNED_SURFACE_CONDITION_LENGTH_PARAMETER,AUSTRALIAN_SYNTHETIC,,UNKNOWN
RTDR-1D2CEFFD7BE556FCCB4C19B7,2010-08-19|BET365 GEELONG SYNTHETIC|R02,2010-08-19,BET365 GEELONG SYNTHETIC,1300,NO_GOVERNED_SURFACE_CONDITION_LENGTH_PARAMETER,AUSTRALIAN_SYNTHETIC,,UNKNOWN
RTDR-E3593C60BC76767B9B253806,2010-08-19|BET365 GEELONG SYNTHETIC|R03,2010-08-19,BET365 GEELONG SYNTHETIC,1300,NO_GOVERNED_SURFACE_CONDITION_LENGTH_PARAMETER,AUSTRALIAN_SYNTHETIC,,UNKNOWN
RTDR-5335093979319925452AB000,2010-08-19|BET365 GEELONG SYNTHETIC|R06,2010-08-19,BET365 GEELONG SYNTHETIC,1000,NO_GOVERNED_SURFACE_CONDITION_LENGTH_PARAMETER,AUSTRALIAN_SYNTHETIC,,UNKNOWN
RTDR-4F02305AB13122D20C31CDE9,2010-08-19|BET365 GEELONG SYNTHETIC|R07,2010-08-19,BET365 GEELONG SYNTHETIC,1300,NO_GOVERNED_SURFACE_CONDITION_LENGTH_PARAMETER,AUSTRALIAN_SYNTHETIC,,UNKNOWN
RTDR-C9B703B97DD3FA8DA348B624,2010-08-19|BET365 GEELONG SYNTHETIC|R08,2010-08-19,BET365 GEELONG SYNTHETIC,1300,NO_GOVERNED_SURFACE_CONDITION_LENGTH_PARAMETER,AUSTRALIAN_SYNTHETIC,,UNKNOWN
RTDR-4C7F9C412C3497113BEFC234,2010-08-19|BET365 GEELONG SYNTHETIC|R05,2010-08-19,BET365 GEELONG SYNTHETIC,2200,NO_GOVERNED_SURFACE_CONDITION_LENGTH_PARAMETER,AUSTRALIAN_SYNTHETIC,,UNKNOWN
RTDR-83FA1F5F1B5BCCC2ADD1ECAF,2010-08-20|BET365 GEELONG SYNTHETIC|R02,2010-08-20,BET365 GEELONG SYNTHETIC,1000,NO_GOVERNED_SURFACE_CONDITION_LENGTH_PARAMETER,AUSTRALIAN_SYNTHETIC,,UNKNOWN
RTDR-6AEC46E0B4CB3371FF47AF58,2010-08-20|BET365 GEELONG SYNTHETIC|R03,2010-08-20,BET365 GEELONG SYNTHETIC,1000,NO_GOVERNED_SURFACE_CONDITION_LENGTH_PARAMETER,AUSTRALIAN_SYNTHETIC,,UNKNOWN
RTDR-7EDDE161072A526D4718AEBF,2010-08-20|BET365 GEELONG SYNTHETIC|R04,2010-08-20,BET365 GEELONG SYNTHETIC,1300,NO_GOVERNED_SURFACE_CONDITION_LENGTH_PARAMETER,AUSTRALIAN_SYNTHETIC,,UNKNOWN
RTDR-CA068F1363492A05D7254A92,2010-08-20|BET365 GEELONG SYNTHETIC|R01,2010-08-20,BET365 GEELONG SYNTHETIC,2000,NO_GOVERNED_SURFACE_CONDITION_LENGTH_PARAMETER,AUSTRALIAN_SYNTHETIC,,UNKNOWN
RTDR-ADA8610144A94D4D43730A31,2010-08-20|BET365 GEELONG SYNTHETIC|R05,2010-08-20,BET365 GEELONG SYNTHETIC,1000,NO_GOVERNED_SURFACE_CONDITION_LENGTH_PARAMETER,AUSTRALIAN_SYNTHETIC,,UNKNOWN
RTDR-BC9C4EC9907BDA5AD66932C1,2010-08-20|BET365 GEELONG SYNTHETIC|R06,2010-08-20,BET365 GEELONG SYNTHETIC,2200,NO_GOVERNED_SURFACE_CONDITION_LENGTH_PARAMETER,AUSTRALIAN_SYNTHETIC,,UNKNOWN
RTDR-F89C0DE7B58EC031F93B8E12,2010-08-20|BET365 GEELONG SYNTHETIC|R07,2010-08-20,BET365 GEELONG SYNTHETIC,1300,NO_GOVERNED_SURFACE_CONDITION_LENGTH_PARAMETER,AUSTRALIAN_SYNTHETIC,,UNKNOWN
RTDR-8C9E0C6CA873AEBA359E7892,2010-08-20|BET365 GEELONG SYNTHETIC|R08,2010-08-20,BET365 GEELONG SYNTHETIC,1200,NO_GOVERNED_SURFACE_CONDITION_LENGTH_PARAMETER,AUSTRALIAN_SYNTHETIC,,UNKNOWN
RTDR-E976AF796F7DB92D4B0387B5,2010-08-24|BET365 GEELONG SYNTHETIC|R03,2010-08-24,BET365 GEELONG SYNTHETIC,1300,NO_GOVERNED_SURFACE_CONDITION_LENGTH_PARAMETER,AUSTRALIAN_SYNTHETIC,,UNKNOWN
RTDR-7B7298835090BB90A593F44C,2010-08-24|BET365 GEELONG SYNTHETIC|R02,2010-08-24,BET365 GEELONG SYNTHETIC,1000,NO_GOVERNED_SURFACE_CONDITION_LENGTH_PARAMETER,AUSTRALIAN_SYNTHETIC,,UNKNOWN
RTDR-FD09E70975769E40B2B60674,2010-08-24|BET365 GEELONG SYNTHETIC|R04,2010-08-24,BET365 GEELONG SYNTHETIC,1200,NO_GOVERNED_SURFACE_CONDITION_LENGTH_PARAMETER,AUSTRALIAN_SYNTHETIC,,UNKNOWN
RTDR-0A001452D7B31CF74D94D874,2010-08-24|BET365 GEELONG SYNTHETIC|R07,2010-08-24,BET365 GEELONG SYNTHETIC,1200,NO_GOVERNED_SURFACE_CONDITION_LENGTH_PARAMETER,AUSTRALIAN_SYNTHETIC,,UNKNOWN
RTDR-265157C44F6FA301846F36FB,2010-08-24|BET365 GEELONG SYNTHETIC|R06,2010-08-24,BET365 GEELONG SYNTHETIC,1100,NO_GOVERNED_SURFACE_CONDITION_LENGTH_PARAMETER,AUSTRALIAN_SYNTHETIC,,UNKNOWN
RTDR-8AB1AC8C2D750D97D02F2390,2010-08-24|BET365 GEELONG SYNTHETIC|R08,2010-08-24,BET365 GEELONG SYNTHETIC,1900,NO_GOVERNED_SURFACE_CONDITION_LENGTH_PARAMETER,AUSTRALIAN_SYNTHETIC,,UNKNOWN
RTDR-01676F567A2B1487A030F21A,2010-08-24|BET365 GEELONG SYNTHETIC|R01,2010-08-24,BET365 GEELONG SYNTHETIC,1000,NO_GOVERNED_SURFACE_CONDITION_LENGTH_PARAMETER,AUSTRALIAN_SYNTHETIC,,UNKNOWN
RTDR-D7CF7C77D732AEF65A0F765E,2010-08-24|BET365 GEELONG SYNTHETIC|R05,2010-08-24,BET365 GEELONG SYNTHETIC,2000,NO_GOVERNED_SURFACE_CONDITION_LENGTH_PARAMETER,AUSTRALIAN_SYNTHETIC,,UNKNOWN
RTDR-DF087AE431842A8552F6756B,2010-08-26|BET365 GEELONG SYNTHETIC|R02,2010-08-26,BET365 GEELONG SYNTHETIC,1000,NO_GOVERNED_SURFACE_CONDITION_LENGTH_PARAMETER,AUSTRALIAN_SYNTHETIC,,UNKNOWN
RTDR-0E91D663AE846F4E7AA92468,2010-08-26|BET365 GEELONG SYNTHETIC|R01,2010-08-26,BET365 GEELONG SYNTHETIC,1000,NO_GOVERNED_SURFACE_CONDITION_LENGTH_PARAMETER,AUSTRALIAN_SYNTHETIC,,UNKNOWN
RTDR-56746A573E4B664AE086D4A7,2010-08-26|BET365 GEELONG SYNTHETIC|R03,2010-08-26,BET365 GEELONG SYNTHETIC,1300,NO_GOVERNED_SURFACE_CONDITION_LENGTH_PARAMETER,AUSTRALIAN_SYNTHETIC,,UNKNOWN
RTDR-8025FED8FEEE14016D9E5552,2010-08-26|BET365 GEELONG SYNTHETIC|R04,2010-08-26,BET365 GEELONG SYNTHETIC,1300,NO_GOVERNED_SURFACE_CONDITION_LENGTH_PARAMETER,AUSTRALIAN_SYNTHETIC,,UNKNOWN
RTDR-E6601D06D0D0E3D5744018D2,2010-08-26|BET365 GEELONG SYNTHETIC|R07,2010-08-26,BET365 GEELONG SYNTHETIC,2200,NO_GOVERNED_SURFACE_CONDITION_LENGTH_PARAMETER,AUSTRALIAN_SYNTHETIC,,UNKNOWN
RTDR-8ACC8EFC4C1DA092331D48B5,2010-08-26|BET365 GEELONG SYNTHETIC|R05,2010-08-26,BET365 GEELONG SYNTHETIC,1000,NO_GOVERNED_SURFACE_CONDITION_LENGTH_PARAMETER,AUSTRALIAN_SYNTHETIC,,UNKNOWN
RTDR-1DDB24821F9F025FB4DB0189,2010-08-26|BET365 GEELONG SYNTHETIC|R06,2010-08-26,BET365 GEELONG SYNTHETIC,1300,NO_GOVERNED_SURFACE_CONDITION_LENGTH_PARAMETER,AUSTRALIAN_SYNTHETIC,,UNKNOWN
RTDR-D40182C899381836346DDFB0,2010-08-26|BET365 GEELONG SYNTHETIC|R08,2010-08-26,BET365 GEELONG SYNTHETIC,1300,NO_GOVERNED_SURFACE_CONDITION_LENGTH_PARAMETER,AUSTRALIAN_SYNTHETIC,,UNKNOWN
RTDR-CB07474117B5C7FEA432F29A,2010-08-27|BET365 GEELONG SYNTHETIC|R05,2010-08-27,BET365 GEELONG SYNTHETIC,1200,NO_GOVERNED_SURFACE_CONDITION_LENGTH_PARAMETER,AUSTRALIAN_SYNTHETIC,,UNKNOWN
RTDR-A41436D8B9B88153C1A186BC,2010-08-27|BET365 GEELONG SYNTHETIC|R01,2010-08-27,BET365 GEELONG SYNTHETIC,1100,NO_GOVERNED_SURFACE_CONDITION_LENGTH_PARAMETER,AUSTRALIAN_SYNTHETIC,,UNKNOWN
RTDR-4615062B9C75B771DC8F9D1E,2010-08-27|BET365 GEELONG SYNTHETIC|R04,2010-08-27,BET365 GEELONG SYNTHETIC,1300,NO_GOVERNED_SURFACE_CONDITION_LENGTH_PARAMETER,AUSTRALIAN_SYNTHETIC,,UNKNOWN
RTDR-9EC3009FFABD2F24D497D327,2010-08-27|BET365 GEELONG SYNTHETIC|R02,2010-08-27,BET365 GEELONG SYNTHETIC,2200,NO_GOVERNED_SURFACE_CONDITION_LENGTH_PARAMETER,AUSTRALIAN_SYNTHETIC,,UNKNOWN
RTDR-8348970ED7960846A0F6B3AF,2010-08-27|BET365 GEELONG SYNTHETIC|R07,2010-08-27,BET365 GEELONG SYNTHETIC,1100,NO_GOVERNED_SURFACE_CONDITION_LENGTH_PARAMETER,AUSTRALIAN_SYNTHETIC,,UNKNOWN
RTDR-E541462923E5147984B064F3,2010-08-27|BET365 GEELONG SYNTHETIC|R06,2010-08-27,BET365 GEELONG SYNTHETIC,2200,NO_GOVERNED_SURFACE_CONDITION_LENGTH_PARAMETER,AUSTRALIAN_SYNTHETIC,,UNKNOWN
RTDR-BB980CAF15454A122C63FA14,2010-08-27|BET365 GEELONG SYNTHETIC|R03,2010-08-27,BET365 GEELONG SYNTHETIC,1100,NO_GOVERNED_SURFACE_CONDITION_LENGTH_PARAMETER,AUSTRALIAN_SYNTHETIC,,UNKNOWN
RTDR-2A36021B502F6FC010252F2E,2010-08-27|BET365 GEELONG SYNTHETIC|R08,2010-08-27,BET365 GEELONG SYNTHETIC,1300,NO_GOVERNED_SURFACE_CONDITION_LENGTH_PARAMETER,AUSTRALIAN_SYNTHETIC,,UNKNOWN
RTDR-85903B4198DFAF4666A9D481,2010-08-27|BET365 GEELONG SYNTHETIC|R09,2010-08-27,BET365 GEELONG SYNTHETIC,1300,NO_GOVERNED_SURFACE_CONDITION_LENGTH_PARAMETER,AUSTRALIAN_SYNTHETIC,,UNKNOWN
RTDR-C7880A70519739491A1AEFB1,2012-08-03|BET365 GEELONG SYNTHETIC|R03,2012-08-03,BET365 GEELONG SYNTHETIC,1100,NO_GOVERNED_SURFACE_CONDITION_LENGTH_PARAMETER,AUSTRALIAN_SYNTHETIC,,UNKNOWN
RTDR-594E18EA4C7259BC3A17E13D,2012-08-03|BET365 GEELONG SYNTHETIC|R01,2012-08-03,BET365 GEELONG SYNTHETIC,1000,NO_GOVERNED_SURFACE_CONDITION_LENGTH_PARAMETER,AUSTRALIAN_SYNTHETIC,,UNKNOWN
RTDR-2AF0F25F8585BCCACA87175D,2012-08-03|BET365 GEELONG SYNTHETIC|R04,2012-08-03,BET365 GEELONG SYNTHETIC,1300,NO_GOVERNED_SURFACE_CONDITION_LENGTH_PARAMETER,AUSTRALIAN_SYNTHETIC,,UNKNOWN
RTDR-DC0BA687D92F5FD688641A08,2012-08-03|BET365 GEELONG SYNTHETIC|R05,2012-08-03,BET365 GEELONG SYNTHETIC,1000,NO_GOVERNED_SURFACE_CONDITION_LENGTH_PARAMETER,AUSTRALIAN_SYNTHETIC,,UNKNOWN
RTDR-A850AE0E13C5C30B0C248F58,2012-08-03|BET365 GEELONG SYNTHETIC|R07,2012-08-03,BET365 GEELONG SYNTHETIC,1200,NO_GOVERNED_SURFACE_CONDITION_LENGTH_PARAMETER,AUSTRALIAN_SYNTHETIC,,UNKNOWN
RTDR-AFDD6B2B7FDD9AFD2C25ECFF,2012-08-03|BET365 GEELONG SYNTHETIC|R02,2012-08-03,BET365 GEELONG SYNTHETIC,2100,NO_GOVERNED_SURFACE_CONDITION_LENGTH_PARAMETER,AUSTRALIAN_SYNTHETIC,,UNKNOWN
RTDR-F6747A8CF42266A7F3016864,2012-08-03|BET365 GEELONG SYNTHETIC|R08,2012-08-03,BET365 GEELONG SYNTHETIC,1300,NO_GOVERNED_SURFACE_CONDITION_LENGTH_PARAMETER,AUSTRALIAN_SYNTHETIC,,UNKNOWN
RTDR-BBD3882A40460A89E62B6D4C,2012-08-03|BET365 GEELONG SYNTHETIC|R06,2012-08-03,BET365 GEELONG SYNTHETIC,1900,NO_GOVERNED_SURFACE_CONDITION_LENGTH_PARAMETER,AUSTRALIAN_SYNTHETIC,,UNKNOWN
RTDR-8E47BB5F61615B35A520A04D,2012-08-07|BET365 GEELONG SYNTHETIC|R01,2012-08-07,BET365 GEELONG SYNTHETIC,1300,NO_GOVERNED_SURFACE_CONDITION_LENGTH_PARAMETER,AUSTRALIAN_SYNTHETIC,,UNKNOWN
RTDR-82589F191D188A0CF4AD22C2,2012-08-07|BET365 GEELONG SYNTHETIC|R03,2012-08-07,BET365 GEELONG SYNTHETIC,1100,NO_GOVERNED_SURFACE_CONDITION_LENGTH_PARAMETER,AUSTRALIAN_SYNTHETIC,,UNKNOWN
RTDR-6D18CAE58F76E153529D93AA,2012-08-07|BET365 GEELONG SYNTHETIC|R04,2012-08-07,BET365 GEELONG SYNTHETIC,1300,NO_GOVERNED_SURFACE_CONDITION_LENGTH_PARAMETER,AUSTRALIAN_SYNTHETIC,,UNKNOWN
RTDR-FB1819374CC7AED06D07776A,2012-08-07|BET365 GEELONG SYNTHETIC|R07,2012-08-07,BET365 GEELONG SYNTHETIC,1200,NO_GOVERNED_SURFACE_CONDITION_LENGTH_PARAMETER,AUSTRALIAN_SYNTHETIC,,UNKNOWN
RTDR-07B9B9C4F5E5E486EBB22285,2012-08-07|BET365 GEELONG SYNTHETIC|R08,2012-08-07,BET365 GEELONG SYNTHETIC,1900,NO_GOVERNED_SURFACE_CONDITION_LENGTH_PARAMETER,AUSTRALIAN_SYNTHETIC,,UNKNOWN
RTDR-95274B87EB0E32DFB2F348F1,2012-08-07|BET365 GEELONG SYNTHETIC|R05,2012-08-07,BET365 GEELONG SYNTHETIC,1000,NO_GOVERNED_SURFACE_CONDITION_LENGTH_PARAMETER,AUSTRALIAN_SYNTHETIC,,UNKNOWN
RTDR-22E29990CF39BD2E06556742,2012-08-07|BET365 GEELONG SYNTHETIC|R06,2012-08-07,BET365 GEELONG SYNTHETIC,1300,NO_GOVERNED_SURFACE_CONDITION_LENGTH_PARAMETER,AUSTRALIAN_SYNTHETIC,,UNKNOWN
RTDR-D00390874F8E2569E724DB2F,2012-08-07|BET365 GEELONG SYNTHETIC|R02,2012-08-07,BET365 GEELONG SYNTHETIC,1100,NO_GOVERNED_SURFACE_CONDITION_LENGTH_PARAMETER,AUSTRALIAN_SYNTHETIC,,UNKNOWN
RTDR-3BFF78C3BAB4DE9C3E56330F,2012-08-10|BET365 GEELONG SYNTHETIC|R01,2012-08-10,BET365 GEELONG SYNTHETIC,1100,NO_GOVERNED_SURFACE_CONDITION_LENGTH_PARAMETER,AUSTRALIAN_SYNTHETIC,,UNKNOWN
RTDR-5850B3F1B75FAD3FD254B41D,2012-08-10|BET365 GEELONG SYNTHETIC|R03,2012-08-10,BET365 GEELONG SYNTHETIC,1000,NO_GOVERNED_SURFACE_CONDITION_LENGTH_PARAMETER,AUSTRALIAN_SYNTHETIC,,UNKNOWN
RTDR-241C0B7396B2CDBAD09544C6,2012-08-10|BET365 GEELONG SYNTHETIC|R04,2012-08-10,BET365 GEELONG SYNTHETIC,1200,NO_GOVERNED_SURFACE_CONDITION_LENGTH_PARAMETER,AUSTRALIAN_SYNTHETIC,,UNKNOWN
RTDR-615233D58AAA439D0C8CE6B1,2012-08-10|BET365 GEELONG SYNTHETIC|R02,2012-08-10,BET365 GEELONG SYNTHETIC,1900,NO_GOVERNED_SURFACE_CONDITION_LENGTH_PARAMETER,AUSTRALIAN_SYNTHETIC,,UNKNOWN
RTDR-633F9A1F215D0C644E5E32F6,2012-08-10|BET365 GEELONG SYNTHETIC|R08,2012-08-10,BET365 GEELONG SYNTHETIC,1200,NO_GOVERNED_SURFACE_CONDITION_LENGTH_PARAMETER,AUSTRALIAN_SYNTHETIC,,UNKNOWN
RTDR-2B918485CE8257824B7DB3AC,2012-08-10|BET365 GEELONG SYNTHETIC|R07,2012-08-10,BET365 GEELONG SYNTHETIC,1200,NO_GOVERNED_SURFACE_CONDITION_LENGTH_PARAMETER,AUSTRALIAN_SYNTHETIC,,UNKNOWN
RTDR-9DD45E0CA1C289D6EDD524F0,2012-08-10|BET365 GEELONG SYNTHETIC|R05,2012-08-10,BET365 GEELONG SYNTHETIC,1900,NO_GOVERNED_SURFACE_CONDITION_LENGTH_PARAMETER,AUSTRALIAN_SYNTHETIC,,UNKNOWN
RTDR-E59F6F7520F50C49BF9AF7B9,2012-08-10|BET365 GEELONG SYNTHETIC|R06,2012-08-10,BET365 GEELONG SYNTHETIC,1300,NO_GOVERNED_SURFACE_CONDITION_LENGTH_PARAMETER,AUSTRALIAN_SYNTHETIC,,UNKNOWN
RTDR-99A626D985A7645D6AB7AB66,2012-08-17|BET365 GEELONG SYNTHETIC|R04,2012-08-17,BET365 GEELONG SYNTHETIC,1300,NO_GOVERNED_SURFACE_CONDITION_LENGTH_PARAMETER,AUSTRALIAN_SYNTHETIC,,UNKNOWN
RTDR-91F71EC7A7B9EA60B020629B,2012-08-17|BET365 GEELONG SYNTHETIC|R05,2012-08-17,BET365 GEELONG SYNTHETIC,1300,NO_GOVERNED_SURFACE_CONDITION_LENGTH_PARAMETER,AUSTRALIAN_SYNTHETIC,,UNKNOWN
RTDR-CB5B546FC87FBAC48F076B78,2012-08-17|BET365 GEELONG SYNTHETIC|R02,2012-08-17,BET365 GEELONG SYNTHETIC,1200,NO_GOVERNED_SURFACE_CONDITION_LENGTH_PARAMETER,AUSTRALIAN_SYNTHETIC,,UNKNOWN
RTDR-85224FABCF6B5F1630EAB863,2012-08-17|BET365 GEELONG SYNTHETIC|R03,2012-08-17,BET365 GEELONG SYNTHETIC,1100,NO_GOVERNED_SURFACE_CONDITION_LENGTH_PARAMETER,AUSTRALIAN_SYNTHETIC,,UNKNOWN
RTDR-F1DFD524EC9FE730942FA50B,2012-08-17|BET365 GEELONG SYNTHETIC|R01,2012-08-17,BET365 GEELONG SYNTHETIC,2100,NO_GOVERNED_SURFACE_CONDITION_LENGTH_PARAMETER,AUSTRALIAN_SYNTHETIC,,UNKNOWN
RTDR-F3D7E194DB0D71DA992BF2B7,2012-08-17|BET365 GEELONG SYNTHETIC|R06,2012-08-17,BET365 GEELONG SYNTHETIC,1000,NO_GOVERNED_SURFACE_CONDITION_LENGTH_PARAMETER,AUSTRALIAN_SYNTHETIC,,UNKNOWN
RTDR-95704791217631FD654D48C4,2012-08-17|BET365 GEELONG SYNTHETIC|R08,2012-08-17,BET365 GEELONG SYNTHETIC,1900,NO_GOVERNED_SURFACE_CONDITION_LENGTH_PARAMETER,AUSTRALIAN_SYNTHETIC,,UNKNOWN
RTDR-3BBEA0B0C01D0E894920BBCE,2012-08-17|BET365 GEELONG SYNTHETIC|R09,2012-08-17,BET365 GEELONG SYNTHETIC,1300,NO_GOVERNED_SURFACE_CONDITION_LENGTH_PARAMETER,AUSTRALIAN_SYNTHETIC,,UNKNOWN
RTDR-FC697EB8BC0B3A59733860DA,2012-08-17|BET365 GEELONG SYNTHETIC|R07,2012-08-17,BET365 GEELONG SYNTHETIC,1000,NO_GOVERNED_SURFACE_CONDITION_LENGTH_PARAMETER,AUSTRALIAN_SYNTHETIC,,UNKNOWN
RTDR-9D7A9691612A8D688AB157B2,2012-08-31|BET365 GEELONG SYNTHETIC|R02,2012-08-31,BET365 GEELONG SYNTHETIC,1200,NO_GOVERNED_SURFACE_CONDITION_LENGTH_PARAMETER,AUSTRALIAN_SYNTHETIC,,UNKNOWN
RTDR-BB7FCE2DBB49703BBE5E73C6,2012-08-31|BET365 GEELONG SYNTHETIC|R03,2012-08-31,BET365 GEELONG SYNTHETIC,1300,NO_GOVERNED_SURFACE_CONDITION_LENGTH_PARAMETER,AUSTRALIAN_SYNTHETIC,,UNKNOWN
RTDR-E7ADD432FCD362AAFEC38BB8,2012-08-31|BET365 GEELONG SYNTHETIC|R01,2012-08-31,BET365 GEELONG SYNTHETIC,1900,NO_GOVERNED_SURFACE_CONDITION_LENGTH_PARAMETER,AUSTRALIAN_SYNTHETIC,,UNKNOWN
RTDR-87E5827E064246F089AB1567,2012-08-31|BET365 GEELONG SYNTHETIC|R08,2012-08-31,BET365 GEELONG SYNTHETIC,1200,NO_GOVERNED_SURFACE_CONDITION_LENGTH_PARAMETER,AUSTRALIAN_SYNTHETIC,,UNKNOWN
RTDR-20C979FD9E7CBB4B5C981E80,2012-08-31|BET365 GEELONG SYNTHETIC|R04,2012-08-31,BET365 GEELONG SYNTHETIC,1300,NO_GOVERNED_SURFACE_CONDITION_LENGTH_PARAMETER,AUSTRALIAN_SYNTHETIC,,UNKNOWN
RTDR-BDBEEB2C9EF4A8D3AAE3A681,2012-08-31|BET365 GEELONG SYNTHETIC|R07,2012-08-31,BET365 GEELONG SYNTHETIC,1000,NO_GOVERNED_SURFACE_CONDITION_LENGTH_PARAMETER,AUSTRALIAN_SYNTHETIC,,UNKNOWN
RTDR-9D42BDD0D01306F3CED861D7,2012-08-31|BET365 GEELONG SYNTHETIC|R05,2012-08-31,BET365 GEELONG SYNTHETIC,2000,NO_GOVERNED_SURFACE_CONDITION_LENGTH_PARAMETER,AUSTRALIAN_SYNTHETIC,,UNKNOWN
RTDR-FB51DF24BEC026C77ABCEFD3,2012-08-31|BET365 GEELONG SYNTHETIC|R06,2012-08-31,BET365 GEELONG SYNTHETIC,1300,NO_GOVERNED_SURFACE_CONDITION_LENGTH_PARAMETER,AUSTRALIAN_SYNTHETIC,,UNKNOWN
RTDR-4AF6B3C0F3991353112A0D83,2013-08-02|BET365 GEELONG SYNTHETIC|R04,2013-08-02,BET365 GEELONG SYNTHETIC,1300,NO_GOVERNED_SURFACE_CONDITION_LENGTH_PARAMETER,AUSTRALIAN_SYNTHETIC,,UNKNOWN
RTDR-83D007BC006093E4349FC758,2013-08-02|BET365 GEELONG SYNTHETIC|R05,2013-08-02,BET365 GEELONG SYNTHETIC,1300,NO_GOVERNED_SURFACE_CONDITION_LENGTH_PARAMETER,AUSTRALIAN_SYNTHETIC,,UNKNOWN
RTDR-C0D9297017861C3229038FF5,2013-08-02|BET365 GEELONG SYNTHETIC|R01,2013-08-02,BET365 GEELONG SYNTHETIC,1100,NO_GOVERNED_SURFACE_CONDITION_LENGTH_PARAMETER,AUSTRALIAN_SYNTHETIC,,UNKNOWN
RTDR-BE99A3E4D8A02B895D7B403A,2013-08-02|BET365 GEELONG SYNTHETIC|R02,2013-08-02,BET365 GEELONG SYNTHETIC,1100,NO_GOVERNED_SURFACE_CONDITION_LENGTH_PARAMETER,AUSTRALIAN_SYNTHETIC,,UNKNOWN
RTDR-5BCFFFC3ED87F15F03BFD73B,2013-08-02|BET365 GEELONG SYNTHETIC|R03,2013-08-02,BET365 GEELONG SYNTHETIC,1300,NO_GOVERNED_SURFACE_CONDITION_LENGTH_PARAMETER,AUSTRALIAN_SYNTHETIC,,UNKNOWN
RTDR-D78F691B81380146F6CD71C9,2013-08-02|BET365 GEELONG SYNTHETIC|R06,2013-08-02,BET365 GEELONG SYNTHETIC,1900,NO_GOVERNED_SURFACE_CONDITION_LENGTH_PARAMETER,AUSTRALIAN_SYNTHETIC,,UNKNOWN
RTDR-AF4FF405041BDC1E9F99ED04,2013-08-02|BET365 GEELONG SYNTHETIC|R09,2013-08-02,BET365 GEELONG SYNTHETIC,1200,NO_GOVERNED_SURFACE_CONDITION_LENGTH_PARAMETER,AUSTRALIAN_SYNTHETIC,,UNKNOWN
RTDR-BDACB927511EAE612EA9D183,2013-08-02|BET365 GEELONG SYNTHETIC|R07,2013-08-02,BET365 GEELONG SYNTHETIC,2200,NO_GOVERNED_SURFACE_CONDITION_LENGTH_PARAMETER,AUSTRALIAN_SYNTHETIC,,UNKNOWN
RTDR-6A6CBBE97273392A926CF4DD,2013-08-02|BET365 GEELONG SYNTHETIC|R08,2013-08-02,BET365 GEELONG SYNTHETIC,1000,NO_GOVERNED_SURFACE_CONDITION_LENGTH_PARAMETER,AUSTRALIAN_SYNTHETIC,,UNKNOWN
RTDR-C202579FCF6B9FB3D6CBE222,2013-08-06|BET365 GEELONG SYNTHETIC|R01,2013-08-06,BET365 GEELONG SYNTHETIC,1200,NO_GOVERNED_SURFACE_CONDITION_LENGTH_PARAMETER,AUSTRALIAN_SYNTHETIC,,UNKNOWN
RTDR-C6AB0D7CCC48BB4543F75A23,2013-08-06|BET365 GEELONG SYNTHETIC|R04,2013-08-06,BET365 GEELONG SYNTHETIC,1300,NO_GOVERNED_SURFACE_CONDITION_LENGTH_PARAMETER,AUSTRALIAN_SYNTHETIC,,UNKNOWN
RTDR-EC83BA8A93E6DEA9062879B1,2013-08-06|BET365 GEELONG SYNTHETIC|R03,2013-08-06,BET365 GEELONG SYNTHETIC,2000,NO_GOVERNED_SURFACE_CONDITION_LENGTH_PARAMETER,AUSTRALIAN_SYNTHETIC,,UNKNOWN
RTDR-461D32E62E522064F8693377,2013-08-06|BET365 GEELONG SYNTHETIC|R07,2013-08-06,BET365 GEELONG SYNTHETIC,1200,NO_GOVERNED_SURFACE_CONDITION_LENGTH_PARAMETER,AUSTRALIAN_SYNTHETIC,,UNKNOWN
RTDR-B3A80DB51884DAFFADB318D6,2013-08-06|BET365 GEELONG SYNTHETIC|R06,2013-08-06,BET365 GEELONG SYNTHETIC,2200,NO_GOVERNED_SURFACE_CONDITION_LENGTH_PARAMETER,AUSTRALIAN_SYNTHETIC,,UNKNOWN
RTDR-C07BFE639BA54E1EEFBC4F0B,2013-08-06|BET365 GEELONG SYNTHETIC|R05,2013-08-06,BET365 GEELONG SYNTHETIC,1000,NO_GOVERNED_SURFACE_CONDITION_LENGTH_PARAMETER,AUSTRALIAN_SYNTHETIC,,UNKNOWN
RTDR-0AAE3481591D67A4B70661AE,2013-08-06|BET365 GEELONG SYNTHETIC|R02,2013-08-06,BET365 GEELONG SYNTHETIC,1900,NO_GOVERNED_SURFACE_CONDITION_LENGTH_PARAMETER,AUSTRALIAN_SYNTHETIC,,UNKNOWN
RTDR-91618841077936876D0C7B46,2013-08-06|BET365 GEELONG SYNTHETIC|R08,2013-08-06,BET365 GEELONG SYNTHETIC,1300,NO_GOVERNED_SURFACE_CONDITION_LENGTH_PARAMETER,AUSTRALIAN_SYNTHETIC,,UNKNOWN
RTDR-994FA12B26DC18DF3B4F8E7F,2013-08-09|BET365 GEELONG SYNTHETIC|R02,2013-08-09,BET365 GEELONG SYNTHETIC,1900,NO_GOVERNED_SURFACE_CONDITION_LENGTH_PARAMETER,AUSTRALIAN_SYNTHETIC,,UNKNOWN
RTDR-B2A3FE72EA691AA070D146B6,2013-08-09|BET365 GEELONG SYNTHETIC|R03,2013-08-09,BET365 GEELONG SYNTHETIC,1900,NO_GOVERNED_SURFACE_CONDITION_LENGTH_PARAMETER,AUSTRALIAN_SYNTHETIC,,UNKNOWN
RTDR-559C6100F56AE713406B554F,2013-08-09|BET365 GEELONG SYNTHETIC|R06,2013-08-09,BET365 GEELONG SYNTHETIC,1300,NO_GOVERNED_SURFACE_CONDITION_LENGTH_PARAMETER,AUSTRALIAN_SYNTHETIC,,UNKNOWN
RTDR-206306F2F2A682C814D74F23,2013-08-09|BET365 GEELONG SYNTHETIC|R07,2013-08-09,BET365 GEELONG SYNTHETIC,1300,NO_GOVERNED_SURFACE_CONDITION_LENGTH_PARAMETER,AUSTRALIAN_SYNTHETIC,,UNKNOWN
RTDR-3B18B1B668853BAB325EC56B,2013-08-09|BET365 GEELONG SYNTHETIC|R05,2013-08-09,BET365 GEELONG SYNTHETIC,1000,NO_GOVERNED_SURFACE_CONDITION_LENGTH_PARAMETER,AUSTRALIAN_SYNTHETIC,,UNKNOWN
RTDR-93DCD73D45AFC2475EFEC1F0,2013-08-09|BET365 GEELONG SYNTHETIC|R04,2013-08-09,BET365 GEELONG SYNTHETIC,1000,NO_GOVERNED_SURFACE_CONDITION_LENGTH_PARAMETER,AUSTRALIAN_SYNTHETIC,,UNKNOWN
RTDR-20A3CB95B73B10E3A27A29EF,2013-08-09|BET365 GEELONG SYNTHETIC|R01,2013-08-09,BET365 GEELONG SYNTHETIC,1200,NO_GOVERNED_SURFACE_CONDITION_LENGTH_PARAMETER,AUSTRALIAN_SYNTHETIC,,UNKNOWN
RTDR-CE4F16252186DC0EEAD9173E,2013-08-09|BET365 GEELONG SYNTHETIC|R09,2013-08-09,BET365 GEELONG SYNTHETIC,1100,NO_GOVERNED_SURFACE_CONDITION_LENGTH_PARAMETER,AUSTRALIAN_SYNTHETIC,,UNKNOWN
RTDR-8CB325F3680D2D9A255E6CDE,2013-08-09|BET365 GEELONG SYNTHETIC|R10,2013-08-09,BET365 GEELONG SYNTHETIC,1900,NO_GOVERNED_SURFACE_CONDITION_LENGTH_PARAMETER,AUSTRALIAN_SYNTHETIC,,UNKNOWN
RTDR-74D3D650AF926A7DD5D08575,2013-08-09|BET365 GEELONG SYNTHETIC|R08,2013-08-09,BET365 GEELONG SYNTHETIC,2000,NO_GOVERNED_SURFACE_CONDITION_LENGTH_PARAMETER,AUSTRALIAN_SYNTHETIC,,UNKNOWN
RTDR-B41D909D41DCB99439134253,2013-08-14|BET365 GEELONG SYNTHETIC|R01,2013-08-14,BET365 GEELONG SYNTHETIC,1200,NO_GOVERNED_SURFACE_CONDITION_LENGTH_PARAMETER,AUSTRALIAN_SYNTHETIC,,UNKNOWN
RTDR-EC9A6F355A8237B0F0E590FB,2013-08-14|BET365 GEELONG SYNTHETIC|R02,2013-08-14,BET365 GEELONG SYNTHETIC,1200,NO_GOVERNED_SURFACE_CONDITION_LENGTH_PARAMETER,AUSTRALIAN_SYNTHETIC,,UNKNOWN
RTDR-D54618664D1CAA4A65276A49,2013-08-14|BET365 GEELONG SYNTHETIC|R03,2013-08-14,BET365 GEELONG SYNTHETIC,1300,NO_GOVERNED_SURFACE_CONDITION_LENGTH_PARAMETER,AUSTRALIAN_SYNTHETIC,,UNKNOWN
RTDR-EF1BEF4134119D05CE9B2F9E,2013-08-14|BET365 GEELONG SYNTHETIC|R05,2013-08-14,BET365 GEELONG SYNTHETIC,1900,NO_GOVERNED_SURFACE_CONDITION_LENGTH_PARAMETER,AUSTRALIAN_SYNTHETIC,,UNKNOWN
RTDR-6EE2E5722F278A6D09B465EC,2013-08-14|BET365 GEELONG SYNTHETIC|R06,2013-08-14,BET365 GEELONG SYNTHETIC,2200,NO_GOVERNED_SURFACE_CONDITION_LENGTH_PARAMETER,AUSTRALIAN_SYNTHETIC,,UNKNOWN
RTDR-77AAA483C57D87139F51EE7B,2013-08-14|BET365 GEELONG SYNTHETIC|R07,2013-08-14,BET365 GEELONG SYNTHETIC,1200,NO_GOVERNED_SURFACE_CONDITION_LENGTH_PARAMETER,AUSTRALIAN_SYNTHETIC,,UNKNOWN
RTDR-7DFAC96D83C08794EA968A9F,2013-08-14|BET365 GEELONG SYNTHETIC|R08,2013-08-14,BET365 GEELONG SYNTHETIC,1300,NO_GOVERNED_SURFACE_CONDITION_LENGTH_PARAMETER,AUSTRALIAN_SYNTHETIC,,UNKNOWN
RTDR-DE3D727209F2C472386AEA82,2013-08-14|BET365 GEELONG SYNTHETIC|R04,2013-08-14,BET365 GEELONG SYNTHETIC,1300,NO_GOVERNED_SURFACE_CONDITION_LENGTH_PARAMETER,AUSTRALIAN_SYNTHETIC,,UNKNOWN
RTDR-3401C4A590541E83602F8D95,2013-08-16|BET365 GEELONG SYNTHETIC|R03,2013-08-16,BET365 GEELONG SYNTHETIC,1100,NO_GOVERNED_SURFACE_CONDITION_LENGTH_PARAMETER,AUSTRALIAN_SYNTHETIC,,UNKNOWN
RTDR-38BAC63C4B8075A50343C3F6,2013-08-16|BET365 GEELONG SYNTHETIC|R01,2013-08-16,BET365 GEELONG SYNTHETIC,1100,NO_GOVERNED_SURFACE_CONDITION_LENGTH_PARAMETER,AUSTRALIAN_SYNTHETIC,,UNKNOWN
RTDR-15527AF95909C055160ADA63,2013-08-16|BET365 GEELONG SYNTHETIC|R04,2013-08-16,BET365 GEELONG SYNTHETIC,1300,NO_GOVERNED_SURFACE_CONDITION_LENGTH_PARAMETER,AUSTRALIAN_SYNTHETIC,,UNKNOWN
RTDR-15F90E30EE267F7BD882778C,2013-08-16|BET365 GEELONG SYNTHETIC|R02,2013-08-16,BET365 GEELONG SYNTHETIC,2000,NO_GOVERNED_SURFACE_CONDITION_LENGTH_PARAMETER,AUSTRALIAN_SYNTHETIC,,UNKNOWN
RTDR-1F5D05460A45FA34D0AF7F99,2013-08-16|BET365 GEELONG SYNTHETIC|R05,2013-08-16,BET365 GEELONG SYNTHETIC,1000,NO_GOVERNED_SURFACE_CONDITION_LENGTH_PARAMETER,AUSTRALIAN_SYNTHETIC,,UNKNOWN
RTDR-8B97FF04B5BB774305B1AF73,2013-08-16|BET365 GEELONG SYNTHETIC|R07,2013-08-16,BET365 GEELONG SYNTHETIC,1900,NO_GOVERNED_SURFACE_CONDITION_LENGTH_PARAMETER,AUSTRALIAN_SYNTHETIC,,UNKNOWN
RTDR-56E05E8ED6D14D11BDDF37CA,2013-08-16|BET365 GEELONG SYNTHETIC|R08,2013-08-16,BET365 GEELONG SYNTHETIC,2100,NO_GOVERNED_SURFACE_CONDITION_LENGTH_PARAMETER,AUSTRALIAN_SYNTHETIC,,UNKNOWN
RTDR-1D1CA1EF599CA033184D693B,2013-08-16|BET365 GEELONG SYNTHETIC|R06,2013-08-16,BET365 GEELONG SYNTHETIC,1300,NO_GOVERNED_SURFACE_CONDITION_LENGTH_PARAMETER,AUSTRALIAN_SYNTHETIC,,UNKNOWN
RTDR-CAB11DEF47C141B720F8A393,2013-08-20|BET365 GEELONG SYNTHETIC|R07,2013-08-20,BET365 GEELONG SYNTHETIC,1300,NO_GOVERNED_SURFACE_CONDITION_LENGTH_PARAMETER,AUSTRALIAN_SYNTHETIC,,UNKNOWN
RTDR-78A15E961C8231CCCC24F067,2013-08-20|BET365 GEELONG SYNTHETIC|R08,2013-08-20,BET365 GEELONG SYNTHETIC,1300,NO_GOVERNED_SURFACE_CONDITION_LENGTH_PARAMETER,AUSTRALIAN_SYNTHETIC,,UNKNOWN
RTDR-2021991C62506D6EFCEA7092,2013-08-20|BET365 GEELONG SYNTHETIC|R05,2013-08-20,BET365 GEELONG SYNTHETIC,1000,NO_GOVERNED_SURFACE_CONDITION_LENGTH_PARAMETER,AUSTRALIAN_SYNTHETIC,,UNKNOWN
RTDR-D25C0D587BBEBB5D5C3386E7,2013-08-20|BET365 GEELONG SYNTHETIC|R03,2013-08-20,BET365 GEELONG SYNTHETIC,1200,NO_GOVERNED_SURFACE_CONDITION_LENGTH_PARAMETER,AUSTRALIAN_SYNTHETIC,,UNKNOWN
RTDR-37E87CB38440A70B0C8C2702,2013-08-20|BET365 GEELONG SYNTHETIC|R02,2013-08-20,BET365 GEELONG SYNTHETIC,1300,NO_GOVERNED_SURFACE_CONDITION_LENGTH_PARAMETER,AUSTRALIAN_SYNTHETIC,,UNKNOWN
RTDR-6FF494B407C32147B38B2231,2013-08-20|BET365 GEELONG SYNTHETIC|R01,2013-08-20,BET365 GEELONG SYNTHETIC,2000,NO_GOVERNED_SURFACE_CONDITION_LENGTH_PARAMETER,AUSTRALIAN_SYNTHETIC,,UNKNOWN
RTDR-EE983B02C4B7DBB93B5637F6,2013-08-20|BET365 GEELONG SYNTHETIC|R04,2013-08-20,BET365 GEELONG SYNTHETIC,2200,NO_GOVERNED_SURFACE_CONDITION_LENGTH_PARAMETER,AUSTRALIAN_SYNTHETIC,,UNKNOWN
RTDR-5E9A0C4229ABFCB4179E9AD8,2013-08-20|BET365 GEELONG SYNTHETIC|R09,2013-08-20,BET365 GEELONG SYNTHETIC,1200,NO_GOVERNED_SURFACE_CONDITION_LENGTH_PARAMETER,AUSTRALIAN_SYNTHETIC,,UNKNOWN
RTDR-5E3EF1A4F5E97FE13E33907C,2013-08-20|BET365 GEELONG SYNTHETIC|R06,2013-08-20,BET365 GEELONG SYNTHETIC,1000,NO_GOVERNED_SURFACE_CONDITION_LENGTH_PARAMETER,AUSTRALIAN_SYNTHETIC,,UNKNOWN
RTDR-503C1A8632A460C1C62D4003,2013-08-23|BET365 GEELONG SYNTHETIC|R03,2013-08-23,BET365 GEELONG SYNTHETIC,1200,NO_GOVERNED_SURFACE_CONDITION_LENGTH_PARAMETER,AUSTRALIAN_SYNTHETIC,,UNKNOWN
RTDR-21A66B4430E969970A87B706,2013-08-23|BET365 GEELONG SYNTHETIC|R02,2013-08-23,BET365 GEELONG SYNTHETIC,1000,NO_GOVERNED_SURFACE_CONDITION_LENGTH_PARAMETER,AUSTRALIAN_SYNTHETIC,,UNKNOWN
RTDR-582100608B16A887CAD15E1D,2013-08-23|BET365 GEELONG SYNTHETIC|R04,2013-08-23,BET365 GEELONG SYNTHETIC,1200,NO_GOVERNED_SURFACE_CONDITION_LENGTH_PARAMETER,AUSTRALIAN_SYNTHETIC,,UNKNOWN
RTDR-A54A9D3C7077AB340DE1AED0,2013-08-23|BET365 GEELONG SYNTHETIC|R01,2013-08-23,BET365 GEELONG SYNTHETIC,1900,NO_GOVERNED_SURFACE_CONDITION_LENGTH_PARAMETER,AUSTRALIAN_SYNTHETIC,,UNKNOWN
RTDR-484C0EDF9E5AED5C562CC4D0,2013-08-23|BET365 GEELONG SYNTHETIC|R05,2013-08-23,BET365 GEELONG SYNTHETIC,1100,NO_GOVERNED_SURFACE_CONDITION_LENGTH_PARAMETER,AUSTRALIAN_SYNTHETIC,,UNKNOWN
RTDR-E95D191F3F25B4517737D3FA,2013-08-23|BET365 GEELONG SYNTHETIC|R08,2013-08-23,BET365 GEELONG SYNTHETIC,1300,NO_GOVERNED_SURFACE_CONDITION_LENGTH_PARAMETER,AUSTRALIAN_SYNTHETIC,,UNKNOWN
RTDR-3661505C2656D540257EF56F,2013-08-23|BET365 GEELONG SYNTHETIC|R07,2013-08-23,BET365 GEELONG SYNTHETIC,1900,NO_GOVERNED_SURFACE_CONDITION_LENGTH_PARAMETER,AUSTRALIAN_SYNTHETIC,,UNKNOWN
RTDR-C836B62D62513662DA4F50F4,2013-08-23|BET365 GEELONG SYNTHETIC|R06,2013-08-23,BET365 GEELONG SYNTHETIC,2200,NO_GOVERNED_SURFACE_CONDITION_LENGTH_PARAMETER,AUSTRALIAN_SYNTHETIC,,UNKNOWN
RTDR-02E7E828FE15AC18E8FA69CE,2013-08-27|BET365 GEELONG SYNTHETIC|R02,2013-08-27,BET365 GEELONG SYNTHETIC,1000,NO_GOVERNED_SURFACE_CONDITION_LENGTH_PARAMETER,AUSTRALIAN_SYNTHETIC,,UNKNOWN
RTDR-BA1588A7B7FB975324EB77CC,2013-08-27|BET365 GEELONG SYNTHETIC|R04,2013-08-27,BET365 GEELONG SYNTHETIC,1100,NO_GOVERNED_SURFACE_CONDITION_LENGTH_PARAMETER,AUSTRALIAN_SYNTHETIC,,UNKNOWN
RTDR-534C49C2DC67F4CF14AD699D,2013-08-27|BET365 GEELONG SYNTHETIC|R03,2013-08-27,BET365 GEELONG SYNTHETIC,1300,NO_GOVERNED_SURFACE_CONDITION_LENGTH_PARAMETER,AUSTRALIAN_SYNTHETIC,,UNKNOWN
RTDR-D360B22595058222D3646CE5,2013-08-27|BET365 GEELONG SYNTHETIC|R01,2013-08-27,BET365 GEELONG SYNTHETIC,2200,NO_GOVERNED_SURFACE_CONDITION_LENGTH_PARAMETER,AUSTRALIAN_SYNTHETIC,,UNKNOWN
RTDR-CBA9C01B5E85C234AE863F45,2013-08-27|BET365 GEELONG SYNTHETIC|R08,2013-08-27,BET365 GEELONG SYNTHETIC,2000,NO_GOVERNED_SURFACE_CONDITION_LENGTH_PARAMETER,AUSTRALIAN_SYNTHETIC,,UNKNOWN
RTDR-0D62D6FB931146C950BB046B,2013-08-27|BET365 GEELONG SYNTHETIC|R05,2013-08-27,BET365 GEELONG SYNTHETIC,1100,NO_GOVERNED_SURFACE_CONDITION_LENGTH_PARAMETER,AUSTRALIAN_SYNTHETIC,,UNKNOWN
RTDR-6788A50623EBD0B588004DA0,2013-08-27|BET365 GEELONG SYNTHETIC|R06,2013-08-27,BET365 GEELONG SYNTHETIC,1900,NO_GOVERNED_SURFACE_CONDITION_LENGTH_PARAMETER,AUSTRALIAN_SYNTHETIC,,UNKNOWN
RTDR-9835A6033F33B36C18384FA8,2013-08-27|BET365 GEELONG SYNTHETIC|R07,2013-08-27,BET365 GEELONG SYNTHETIC,1200,NO_GOVERNED_SURFACE_CONDITION_LENGTH_PARAMETER,AUSTRALIAN_SYNTHETIC,,UNKNOWN
RTDR-D333FBB2B0DB5EE0F8EA5300,2014-08-01|BET365 GEELONG SYNTHETIC|R03,2014-08-01,BET365 GEELONG SYNTHETIC,1200,NO_GOVERNED_SURFACE_CONDITION_LENGTH_PARAMETER,AUSTRALIAN_SYNTHETIC,,UNKNOWN
RTDR-F031AC16115566A0B4A900C3,2014-08-01|BET365 GEELONG SYNTHETIC|R01,2014-08-01,BET365 GEELONG SYNTHETIC,1100,NO_GOVERNED_SURFACE_CONDITION_LENGTH_PARAMETER,AUSTRALIAN_SYNTHETIC,,UNKNOWN
RTDR-E8C160FD32D7D35B1F2FB17D,2014-08-01|BET365 GEELONG SYNTHETIC|R04,2014-08-01,BET365 GEELONG SYNTHETIC,1300,NO_GOVERNED_SURFACE_CONDITION_LENGTH_PARAMETER,AUSTRALIAN_SYNTHETIC,,UNKNOWN
RTDR-953360B9CBCDBFFE433EC33B,2014-08-01|BET365 GEELONG SYNTHETIC|R02,2014-08-01,BET365 GEELONG SYNTHETIC,1900,NO_GOVERNED_SURFACE_CONDITION_LENGTH_PARAMETER,AUSTRALIAN_SYNTHETIC,,UNKNOWN
RTDR-8203C48E7D389296FD1C19B6,2014-08-01|BET365 GEELONG SYNTHETIC|R08,2014-08-01,BET365 GEELONG SYNTHETIC,1100,NO_GOVERNED_SURFACE_CONDITION_LENGTH_PARAMETER,AUSTRALIAN_SYNTHETIC,,UNKNOWN
RTDR-ECE9034559A75A6784A9CBD2,2014-08-01|BET365 GEELONG SYNTHETIC|R07,2014-08-01,BET365 GEELONG SYNTHETIC,1200,NO_GOVERNED_SURFACE_CONDITION_LENGTH_PARAMETER,AUSTRALIAN_SYNTHETIC,,UNKNOWN
RTDR-2728862C9FAFF3C377E40FDC,2014-08-01|BET365 GEELONG SYNTHETIC|R06,2014-08-01,BET365 GEELONG SYNTHETIC,2000,NO_GOVERNED_SURFACE_CONDITION_LENGTH_PARAMETER,AUSTRALIAN_SYNTHETIC,,UNKNOWN
RTDR-CE91E7DC76E10164D1FD4F30,2014-08-01|BET365 GEELONG SYNTHETIC|R05,2014-08-01,BET365 GEELONG SYNTHETIC,1000,NO_GOVERNED_SURFACE_CONDITION_LENGTH_PARAMETER,AUSTRALIAN_SYNTHETIC,,UNKNOWN
RTDR-E45C2D6E81BA410F9D8F3984,2014-08-05|BET365 GEELONG SYNTHETIC|R03,2014-08-05,BET365 GEELONG SYNTHETIC,1200,NO_GOVERNED_SURFACE_CONDITION_LENGTH_PARAMETER,AUSTRALIAN_SYNTHETIC,,UNKNOWN
RTDR-9C30A47E2B2AD9522666F7AB,2014-08-05|BET365 GEELONG SYNTHETIC|R02,2014-08-05,BET365 GEELONG SYNTHETIC,1000,NO_GOVERNED_SURFACE_CONDITION_LENGTH_PARAMETER,AUSTRALIAN_SYNTHETIC,,UNKNOWN
RTDR-3E8E44D2C66072B65E92EEF3,2014-08-05|BET365 GEELONG SYNTHETIC|R01,2014-08-05,BET365 GEELONG SYNTHETIC,2200,NO_GOVERNED_SURFACE_CONDITION_LENGTH_PARAMETER,AUSTRALIAN_SYNTHETIC,,UNKNOWN
RTDR-CDDA76214C3A27F51A06DA63,2014-08-05|BET365 GEELONG SYNTHETIC|R06,2014-08-05,BET365 GEELONG SYNTHETIC,1200,NO_GOVERNED_SURFACE_CONDITION_LENGTH_PARAMETER,AUSTRALIAN_SYNTHETIC,,UNKNOWN
RTDR-31F65AB5E45B7A49B0AB970F,2014-08-05|BET365 GEELONG SYNTHETIC|R04,2014-08-05,BET365 GEELONG SYNTHETIC,2200,NO_GOVERNED_SURFACE_CONDITION_LENGTH_PARAMETER,AUSTRALIAN_SYNTHETIC,,UNKNOWN
RTDR-EB86B5DAF61E1EE734DA8894,2014-08-05|BET365 GEELONG SYNTHETIC|R07,2014-08-05,BET365 GEELONG SYNTHETIC,1000,NO_GOVERNED_SURFACE_CONDITION_LENGTH_PARAMETER,AUSTRALIAN_SYNTHETIC,,UNKNOWN
RTDR-5D826141FBED0664A6A34ECA,2014-08-05|BET365 GEELONG SYNTHETIC|R08,2014-08-05,BET365 GEELONG SYNTHETIC,1900,NO_GOVERNED_SURFACE_CONDITION_LENGTH_PARAMETER,AUSTRALIAN_SYNTHETIC,,UNKNOWN
RTDR-3BF8525FCC54CEFD4C783941,2014-08-05|BET365 GEELONG SYNTHETIC|R05,2014-08-05,BET365 GEELONG SYNTHETIC,1200,NO_GOVERNED_SURFACE_CONDITION_LENGTH_PARAMETER,AUSTRALIAN_SYNTHETIC,,UNKNOWN
RTDR-59E52673BE39BB2C97B6EC5D,2014-08-08|BET365 GEELONG SYNTHETIC|R05,2014-08-08,BET365 GEELONG SYNTHETIC,1300,NO_GOVERNED_SURFACE_CONDITION_LENGTH_PARAMETER,AUSTRALIAN_SYNTHETIC,,UNKNOWN
RTDR-2201D40DA672B385E01768F2,2014-08-08|BET365 GEELONG SYNTHETIC|R06,2014-08-08,BET365 GEELONG SYNTHETIC,1300,NO_GOVERNED_SURFACE_CONDITION_LENGTH_PARAMETER,AUSTRALIAN_SYNTHETIC,,UNKNOWN
RTDR-F5C842B513173530C242321F,2014-08-08|BET365 GEELONG SYNTHETIC|R04,2014-08-08,BET365 GEELONG SYNTHETIC,1000,NO_GOVERNED_SURFACE_CONDITION_LENGTH_PARAMETER,AUSTRALIAN_SYNTHETIC,,UNKNOWN
RTDR-0C0A05A160C6C4CF38E40DBD,2014-08-08|BET365 GEELONG SYNTHETIC|R03,2014-08-08,BET365 GEELONG SYNTHETIC,1200,NO_GOVERNED_SURFACE_CONDITION_LENGTH_PARAMETER,AUSTRALIAN_SYNTHETIC,,UNKNOWN
RTDR-D98616EF986F433AC164AF6E,2014-08-08|BET365 GEELONG SYNTHETIC|R02,2014-08-08,BET365 GEELONG SYNTHETIC,2000,NO_GOVERNED_SURFACE_CONDITION_LENGTH_PARAMETER,AUSTRALIAN_SYNTHETIC,,UNKNOWN
RTDR-AC7B308ABA764BDD6511BD9D,2014-08-08|BET365 GEELONG SYNTHETIC|R01,2014-08-08,BET365 GEELONG SYNTHETIC,1300,NO_GOVERNED_SURFACE_CONDITION_LENGTH_PARAMETER,AUSTRALIAN_SYNTHETIC,,UNKNOWN
RTDR-95A829AEEB24F7303B7F1576,2014-08-08|BET365 GEELONG SYNTHETIC|R07,2014-08-08,BET365 GEELONG SYNTHETIC,1100,NO_GOVERNED_SURFACE_CONDITION_LENGTH_PARAMETER,AUSTRALIAN_SYNTHETIC,,UNKNOWN
RTDR-2E433D5A5E6FF6CA2B785B14,2014-08-08|BET365 GEELONG SYNTHETIC|R08,2014-08-08,BET365 GEELONG SYNTHETIC,1900,NO_GOVERNED_SURFACE_CONDITION_LENGTH_PARAMETER,AUSTRALIAN_SYNTHETIC,,UNKNOWN
RTDR-70BDC4806FC3B8A782186041,2014-08-12|BET365 GEELONG SYNTHETIC|R01,2014-08-12,BET365 GEELONG SYNTHETIC,1100,NO_GOVERNED_SURFACE_CONDITION_LENGTH_PARAMETER,AUSTRALIAN_SYNTHETIC,,UNKNOWN
RTDR-BB2CDA3725647567F13FE358,2014-08-12|BET365 GEELONG SYNTHETIC|R03,2014-08-12,BET365 GEELONG SYNTHETIC,1300,NO_GOVERNED_SURFACE_CONDITION_LENGTH_PARAMETER,AUSTRALIAN_SYNTHETIC,,UNKNOWN
RTDR-1E75A8B793A0328F433DAFA7,2014-08-12|BET365 GEELONG SYNTHETIC|R02,2014-08-12,BET365 GEELONG SYNTHETIC,1900,NO_GOVERNED_SURFACE_CONDITION_LENGTH_PARAMETER,AUSTRALIAN_SYNTHETIC,,UNKNOWN
RTDR-2D54583E40927A3D0696EF71,2014-08-12|BET365 GEELONG SYNTHETIC|R04,2014-08-12,BET365 GEELONG SYNTHETIC,1100,NO_GOVERNED_SURFACE_CONDITION_LENGTH_PARAMETER,AUSTRALIAN_SYNTHETIC,,UNKNOWN
RTDR-3AE421284E05A3438FA95288,2014-08-12|BET365 GEELONG SYNTHETIC|R07,2014-08-12,BET365 GEELONG SYNTHETIC,1300,NO_GOVERNED_SURFACE_CONDITION_LENGTH_PARAMETER,AUSTRALIAN_SYNTHETIC,,UNKNOWN
RTDR-573786D9C77E46B22633D96B,2014-08-12|BET365 GEELONG SYNTHETIC|R08,2014-08-12,BET365 GEELONG SYNTHETIC,2200,NO_GOVERNED_SURFACE_CONDITION_LENGTH_PARAMETER,AUSTRALIAN_SYNTHETIC,,UNKNOWN
RTDR-7BF8DE0AF2499DA61CA595F2,2014-08-12|BET365 GEELONG SYNTHETIC|R05,2014-08-12,BET365 GEELONG SYNTHETIC,1200,NO_GOVERNED_SURFACE_CONDITION_LENGTH_PARAMETER,AUSTRALIAN_SYNTHETIC,,UNKNOWN
RTDR-F6172D92D50092283D57BC49,2014-08-12|BET365 GEELONG SYNTHETIC|R06,2014-08-12,BET365 GEELONG SYNTHETIC,1200,NO_GOVERNED_SURFACE_CONDITION_LENGTH_PARAMETER,AUSTRALIAN_SYNTHETIC,,UNKNOWN
RTDR-A9A7F33B7374239B0243E56C,2014-08-17|BET365 GEELONG SYNTHETIC|R03,2014-08-17,BET365 GEELONG SYNTHETIC,1100,NO_GOVERNED_SURFACE_CONDITION_LENGTH_PARAMETER,AUSTRALIAN_SYNTHETIC,,UNKNOWN
RTDR-E4F1F9F389FC8F67B49DD95A,2014-08-17|BET365 GEELONG SYNTHETIC|R04,2014-08-17,BET365 GEELONG SYNTHETIC,1300,NO_GOVERNED_SURFACE_CONDITION_LENGTH_PARAMETER,AUSTRALIAN_SYNTHETIC,,UNKNOWN
RTDR-E71587EF476074E00CF74AD8,2014-08-17|BET365 GEELONG SYNTHETIC|R01,2014-08-17,BET365 GEELONG SYNTHETIC,2200,NO_GOVERNED_SURFACE_CONDITION_LENGTH_PARAMETER,AUSTRALIAN_SYNTHETIC,,UNKNOWN
RTDR-DF33E69910DE60BD82D10BCB,2014-08-17|BET365 GEELONG SYNTHETIC|R02,2014-08-17,BET365 GEELONG SYNTHETIC,1200,NO_GOVERNED_SURFACE_CONDITION_LENGTH_PARAMETER,AUSTRALIAN_SYNTHETIC,,UNKNOWN
RTDR-22BF6186A91A0D5E2D1BB7FA,2014-08-17|BET365 GEELONG SYNTHETIC|R05,2014-08-17,BET365 GEELONG SYNTHETIC,1000,NO_GOVERNED_SURFACE_CONDITION_LENGTH_PARAMETER,AUSTRALIAN_SYNTHETIC,,UNKNOWN
RTDR-99603615380F09BE850FC6E3,2014-08-17|BET365 GEELONG SYNTHETIC|R08,2014-08-17,BET365 GEELONG SYNTHETIC,1900,NO_GOVERNED_SURFACE_CONDITION_LENGTH_PARAMETER,AUSTRALIAN_SYNTHETIC,,UNKNOWN
RTDR-8D686C3B018D293B77E51B20,2014-08-17|BET365 GEELONG SYNTHETIC|R06,2014-08-17,BET365 GEELONG SYNTHETIC,1200,NO_GOVERNED_SURFACE_CONDITION_LENGTH_PARAMETER,AUSTRALIAN_SYNTHETIC,,UNKNOWN
RTDR-FA8DC2CC9AB120D041749BF1,2014-08-17|BET365 GEELONG SYNTHETIC|R07,2014-08-17,BET365 GEELONG SYNTHETIC,2000,NO_GOVERNED_SURFACE_CONDITION_LENGTH_PARAMETER,AUSTRALIAN_SYNTHETIC,,UNKNOWN
RTDR-8A8385E7D179312BFA3B9A4D,2014-08-19|BET365 GEELONG SYNTHETIC|R02,2014-08-19,BET365 GEELONG SYNTHETIC,1000,NO_GOVERNED_SURFACE_CONDITION_LENGTH_PARAMETER,AUSTRALIAN_SYNTHETIC,,UNKNOWN
RTDR-99B2DE75BA97905A94193836,2014-08-19|BET365 GEELONG SYNTHETIC|R03,2014-08-19,BET365 GEELONG SYNTHETIC,1300,NO_GOVERNED_SURFACE_CONDITION_LENGTH_PARAMETER,AUSTRALIAN_SYNTHETIC,,UNKNOWN
RTDR-B0CC58DFF257A1DF7382D41E,2014-08-19|BET365 GEELONG SYNTHETIC|R01,2014-08-19,BET365 GEELONG SYNTHETIC,2000,NO_GOVERNED_SURFACE_CONDITION_LENGTH_PARAMETER,AUSTRALIAN_SYNTHETIC,,UNKNOWN
RTDR-2035A4DCC19BAC010658AA67,2014-08-19|BET365 GEELONG SYNTHETIC|R05,2014-08-19,BET365 GEELONG SYNTHETIC,1000,NO_GOVERNED_SURFACE_CONDITION_LENGTH_PARAMETER,AUSTRALIAN_SYNTHETIC,,UNKNOWN
RTDR-5310712D99F3CBB34436D8C3,2014-08-19|BET365 GEELONG SYNTHETIC|R07,2014-08-19,BET365 GEELONG SYNTHETIC,1300,NO_GOVERNED_SURFACE_CONDITION_LENGTH_PARAMETER,AUSTRALIAN_SYNTHETIC,,UNKNOWN
RTDR-028206AEE17C4C7A0515BCA7,2014-08-19|BET365 GEELONG SYNTHETIC|R08,2014-08-19,BET365 GEELONG SYNTHETIC,1900,NO_GOVERNED_SURFACE_CONDITION_LENGTH_PARAMETER,AUSTRALIAN_SYNTHETIC,,UNKNOWN
RTDR-D7345477392567BC9E5A8CD8,2014-08-19|BET365 GEELONG SYNTHETIC|R06,2014-08-19,BET365 GEELONG SYNTHETIC,1200,NO_GOVERNED_SURFACE_CONDITION_LENGTH_PARAMETER,AUSTRALIAN_SYNTHETIC,,UNKNOWN
RTDR-51EC2CD12270FE383A2E4DBE,2014-08-19|BET365 GEELONG SYNTHETIC|R04,2014-08-19,BET365 GEELONG SYNTHETIC,1000,NO_GOVERNED_SURFACE_CONDITION_LENGTH_PARAMETER,AUSTRALIAN_SYNTHETIC,,UNKNOWN
RTDR-F0FFC6B1270185EDCB8042B9,2014-08-26|BET365 GEELONG SYNTHETIC|R02,2014-08-26,BET365 GEELONG SYNTHETIC,1300,NO_GOVERNED_SURFACE_CONDITION_LENGTH_PARAMETER,AUSTRALIAN_SYNTHETIC,,UNKNOWN
RTDR-F0AA22052AC7FD4C387918BD,2014-08-26|BET365 GEELONG SYNTHETIC|R04,2014-08-26,BET365 GEELONG SYNTHETIC,1100,NO_GOVERNED_SURFACE_CONDITION_LENGTH_PARAMETER,AUSTRALIAN_SYNTHETIC,,UNKNOWN
RTDR-C44626B5C1570273B22509D9,2014-08-26|BET365 GEELONG SYNTHETIC|R03,2014-08-26,BET365 GEELONG SYNTHETIC,1300,NO_GOVERNED_SURFACE_CONDITION_LENGTH_PARAMETER,AUSTRALIAN_SYNTHETIC,,UNKNOWN
RTDR-9285B3CAC526BB4DFE97F23C,2014-08-26|BET365 GEELONG SYNTHETIC|R01,2014-08-26,BET365 GEELONG SYNTHETIC,2200,NO_GOVERNED_SURFACE_CONDITION_LENGTH_PARAMETER,AUSTRALIAN_SYNTHETIC,,UNKNOWN
RTDR-05CD760C876C68B5DD9177B9,2014-08-26|BET365 GEELONG SYNTHETIC|R05,2014-08-26,BET365 GEELONG SYNTHETIC,1100,NO_GOVERNED_SURFACE_CONDITION_LENGTH_PARAMETER,AUSTRALIAN_SYNTHETIC,,UNKNOWN
RTDR-CEEB0FF98E9755BD7F5D0758,2014-08-26|BET365 GEELONG SYNTHETIC|R07,2014-08-26,BET365 GEELONG SYNTHETIC,2000,NO_GOVERNED_SURFACE_CONDITION_LENGTH_PARAMETER,AUSTRALIAN_SYNTHETIC,,UNKNOWN
RTDR-7E598261F89B656581FC68DE,2014-08-26|BET365 GEELONG SYNTHETIC|R08,2014-08-26,BET365 GEELONG SYNTHETIC,1300,NO_GOVERNED_SURFACE_CONDITION_LENGTH_PARAMETER,AUSTRALIAN_SYNTHETIC,,UNKNOWN
RTDR-9C2DB26CEDDA4BA7DF772FFF,2014-08-26|BET365 GEELONG SYNTHETIC|R06,2014-08-26,BET365 GEELONG SYNTHETIC,1100,NO_GOVERNED_SURFACE_CONDITION_LENGTH_PARAMETER,AUSTRALIAN_SYNTHETIC,,UNKNOWN
RTDR-776089A5CBC30013C5FE0DF3,2014-08-29|BET365 GEELONG SYNTHETIC|R03,2014-08-29,BET365 GEELONG SYNTHETIC,1100,NO_GOVERNED_SURFACE_CONDITION_LENGTH_PARAMETER,AUSTRALIAN_SYNTHETIC,,UNKNOWN
RTDR-4FD1E839663FFD4AF9163129,2014-08-29|BET365 GEELONG SYNTHETIC|R02,2014-08-29,BET365 GEELONG SYNTHETIC,1000,NO_GOVERNED_SURFACE_CONDITION_LENGTH_PARAMETER,AUSTRALIAN_SYNTHETIC,,UNKNOWN
RTDR-C3D69B2FA448600264A3017A,2014-08-29|BET365 GEELONG SYNTHETIC|R04,2014-08-29,BET365 GEELONG SYNTHETIC,1200,NO_GOVERNED_SURFACE_CONDITION_LENGTH_PARAMETER,AUSTRALIAN_SYNTHETIC,,UNKNOWN
RTDR-8D80363EFD24B48C90171403,2014-08-29|BET365 GEELONG SYNTHETIC|R01,2014-08-29,BET365 GEELONG SYNTHETIC,2000,NO_GOVERNED_SURFACE_CONDITION_LENGTH_PARAMETER,AUSTRALIAN_SYNTHETIC,,UNKNOWN
RTDR-98B7046E35E0F108977E1E15,2014-08-29|BET365 GEELONG SYNTHETIC|R08,2014-08-29,BET365 GEELONG SYNTHETIC,1100,NO_GOVERNED_SURFACE_CONDITION_LENGTH_PARAMETER,AUSTRALIAN_SYNTHETIC,,UNKNOWN
RTDR-47CF38DCCE9FE075E82586EE,2014-08-29|BET365 GEELONG SYNTHETIC|R06,2014-08-29,BET365 GEELONG SYNTHETIC,2200,NO_GOVERNED_SURFACE_CONDITION_LENGTH_PARAMETER,AUSTRALIAN_SYNTHETIC,,UNKNOWN
RTDR-1202E810B1B4A99B2FEC8E02,2014-08-29|BET365 GEELONG SYNTHETIC|R05,2014-08-29,BET365 GEELONG SYNTHETIC,1900,NO_GOVERNED_SURFACE_CONDITION_LENGTH_PARAMETER,AUSTRALIAN_SYNTHETIC,,UNKNOWN
RTDR-77EE9FF53EF2BD70311F18EE,2014-08-29|BET365 GEELONG SYNTHETIC|R07,2014-08-29,BET365 GEELONG SYNTHETIC,1300,NO_GOVERNED_SURFACE_CONDITION_LENGTH_PARAMETER,AUSTRALIAN_SYNTHETIC,,UNKNOWN
RTDR-2E0FEB46D3D49C53BADE4A77,2015-08-04|BET365 GEELONG SYNTHETIC|R02,2015-08-04,BET365 GEELONG SYNTHETIC,1100,NO_GOVERNED_SURFACE_CONDITION_LENGTH_PARAMETER,AUSTRALIAN_SYNTHETIC,,UNKNOWN
RTDR-8C5B9DF64740927FF0155218,2015-08-04|BET365 GEELONG SYNTHETIC|R03,2015-08-04,BET365 GEELONG SYNTHETIC,1200,NO_GOVERNED_SURFACE_CONDITION_LENGTH_PARAMETER,AUSTRALIAN_SYNTHETIC,,UNKNOWN
RTDR-927CA5D42B55105FBEE4CF6C,2015-08-04|BET365 GEELONG SYNTHETIC|R01,2015-08-04,BET365 GEELONG SYNTHETIC,1900,NO_GOVERNED_SURFACE_CONDITION_LENGTH_PARAMETER,AUSTRALIAN_SYNTHETIC,,UNKNOWN
RTDR-F31784FC35C18CAC219B3CFD,2015-08-04|BET365 GEELONG SYNTHETIC|R08,2015-08-04,BET365 GEELONG SYNTHETIC,1200,NO_GOVERNED_SURFACE_CONDITION_LENGTH_PARAMETER,AUSTRALIAN_SYNTHETIC,,UNKNOWN
RTDR-1D261D812909071079D85228,2015-08-04|BET365 GEELONG SYNTHETIC|R07,2015-08-04,BET365 GEELONG SYNTHETIC,2200,NO_GOVERNED_SURFACE_CONDITION_LENGTH_PARAMETER,AUSTRALIAN_SYNTHETIC,,UNKNOWN
RTDR-F9C1462FF64F2A37F41E3BB6,2015-08-04|BET365 GEELONG SYNTHETIC|R06,2015-08-04,BET365 GEELONG SYNTHETIC,1000,NO_GOVERNED_SURFACE_CONDITION_LENGTH_PARAMETER,AUSTRALIAN_SYNTHETIC,,UNKNOWN
RTDR-D117F97168FDE9A50BD18D93,2015-08-04|BET365 GEELONG SYNTHETIC|R05,2015-08-04,BET365 GEELONG SYNTHETIC,1300,NO_GOVERNED_SURFACE_CONDITION_LENGTH_PARAMETER,AUSTRALIAN_SYNTHETIC,,UNKNOWN
RTDR-5C049D2397EFA74F98CF17C3,2015-08-04|BET365 GEELONG SYNTHETIC|R04,2015-08-04,BET365 GEELONG SYNTHETIC,1200,NO_GOVERNED_SURFACE_CONDITION_LENGTH_PARAMETER,AUSTRALIAN_SYNTHETIC,,UNKNOWN
RTDR-59C9D7CB90DF4F84FAF10873,2015-08-14|BET365 GEELONG SYNTHETIC|R03,2015-08-14,BET365 GEELONG SYNTHETIC,1000,NO_GOVERNED_SURFACE_CONDITION_LENGTH_PARAMETER,AUSTRALIAN_SYNTHETIC,,UNKNOWN
RTDR-6BBEA538E2312C30EC338CC0,2015-08-14|BET365 GEELONG SYNTHETIC|R04,2015-08-14,BET365 GEELONG SYNTHETIC,1300,NO_GOVERNED_SURFACE_CONDITION_LENGTH_PARAMETER,AUSTRALIAN_SYNTHETIC,,UNKNOWN
RTDR-3C867EA785ED7DB639EB1138,2015-08-14|BET365 GEELONG SYNTHETIC|R01,2015-08-14,BET365 GEELONG SYNTHETIC,1200,NO_GOVERNED_SURFACE_CONDITION_LENGTH_PARAMETER,AUSTRALIAN_SYNTHETIC,,UNKNOWN
RTDR-06E776F1C3DA29C0065DA5E7,2015-08-14|BET365 GEELONG SYNTHETIC|R02,2015-08-14,BET365 GEELONG SYNTHETIC,1900,NO_GOVERNED_SURFACE_CONDITION_LENGTH_PARAMETER,AUSTRALIAN_SYNTHETIC,,UNKNOWN
RTDR-E720FB0645CEC410283BB59B,2015-08-14|BET365 GEELONG SYNTHETIC|R07,2015-08-14,BET365 GEELONG SYNTHETIC,1000,NO_GOVERNED_SURFACE_CONDITION_LENGTH_PARAMETER,AUSTRALIAN_SYNTHETIC,,UNKNOWN
RTDR-C128075EDE29910026596AE0,2015-08-14|BET365 GEELONG SYNTHETIC|R08,2015-08-14,BET365 GEELONG SYNTHETIC,1300,NO_GOVERNED_SURFACE_CONDITION_LENGTH_PARAMETER,AUSTRALIAN_SYNTHETIC,,UNKNOWN
RTDR-77680F1DF70DD5105D554008,2015-08-14|BET365 GEELONG SYNTHETIC|R06,2015-08-14,BET365 GEELONG SYNTHETIC,1100,NO_GOVERNED_SURFACE_CONDITION_LENGTH_PARAMETER,AUSTRALIAN_SYNTHETIC,,UNKNOWN
RTDR-8B9C2F0B72BE22758C233D62,2015-08-14|BET365 GEELONG SYNTHETIC|R05,2015-08-14,BET365 GEELONG SYNTHETIC,2200,NO_GOVERNED_SURFACE_CONDITION_LENGTH_PARAMETER,AUSTRALIAN_SYNTHETIC,,UNKNOWN
RTDR-82D5AA026A7A509A5400E564,2015-08-28|BET365 GEELONG SYNTHETIC|R03,2015-08-28,BET365 GEELONG SYNTHETIC,1300,NO_GOVERNED_SURFACE_CONDITION_LENGTH_PARAMETER,AUSTRALIAN_SYNTHETIC,,UNKNOWN
RTDR-C66EAF4AEBE99057810878B4,2015-08-28|BET365 GEELONG SYNTHETIC|R01,2015-08-28,BET365 GEELONG SYNTHETIC,1000,NO_GOVERNED_SURFACE_CONDITION_LENGTH_PARAMETER,AUSTRALIAN_SYNTHETIC,,UNKNOWN
RTDR-2853944F506A349CBA8AB59B,2015-08-28|BET365 GEELONG SYNTHETIC|R02,2015-08-28,BET365 GEELONG SYNTHETIC,1200,NO_GOVERNED_SURFACE_CONDITION_LENGTH_PARAMETER,AUSTRALIAN_SYNTHETIC,,UNKNOWN
RTDR-C8BB48AAFF35285BA15D2FC8,2015-08-28|BET365 GEELONG SYNTHETIC|R04,2015-08-28,BET365 GEELONG SYNTHETIC,2200,NO_GOVERNED_SURFACE_CONDITION_LENGTH_PARAMETER,AUSTRALIAN_SYNTHETIC,,UNKNOWN
RTDR-F205B18C3663DA2F00F1CA8B,2015-08-28|BET365 GEELONG SYNTHETIC|R07,2015-08-28,BET365 GEELONG SYNTHETIC,1000,NO_GOVERNED_SURFACE_CONDITION_LENGTH_PARAMETER,AUSTRALIAN_SYNTHETIC,,UNKNOWN
RTDR-23CDFD2DB7648D51B3461CC7,2015-08-28|BET365 GEELONG SYNTHETIC|R05,2015-08-28,BET365 GEELONG SYNTHETIC,1900,NO_GOVERNED_SURFACE_CONDITION_LENGTH_PARAMETER,AUSTRALIAN_SYNTHETIC,,UNKNOWN
RTDR-5FEC09BF5DD3F6AF731D0C15,2015-08-28|BET365 GEELONG SYNTHETIC|R08,2015-08-28,BET365 GEELONG SYNTHETIC,1300,NO_GOVERNED_SURFACE_CONDITION_LENGTH_PARAMETER,AUSTRALIAN_SYNTHETIC,,UNKNOWN
RTDR-A6F984C4043D81C7223616DC,2015-08-28|BET365 GEELONG SYNTHETIC|R06,2015-08-28,BET365 GEELONG SYNTHETIC,1200,NO_GOVERNED_SURFACE_CONDITION_LENGTH_PARAMETER,AUSTRALIAN_SYNTHETIC,,UNKNOWN
RTDR-CAC73598C1B5520D87B89BDF,2018-08-03|BET365 GEELONG SYNTHETIC|R01,2018-08-03,BET365 GEELONG SYNTHETIC,1100,NO_GOVERNED_SURFACE_CONDITION_LENGTH_PARAMETER,AUSTRALIAN_SYNTHETIC,,UNKNOWN
RTDR-93461D15B2A6B36BF4D84E0D,2018-08-03|BET365 GEELONG SYNTHETIC|R04,2018-08-03,BET365 GEELONG SYNTHETIC,1200,NO_GOVERNED_SURFACE_CONDITION_LENGTH_PARAMETER,AUSTRALIAN_SYNTHETIC,,UNKNOWN
RTDR-EFF3621FEBE51F2B10BCCA24,2018-08-03|BET365 GEELONG SYNTHETIC|R03,2018-08-03,BET365 GEELONG SYNTHETIC,1300,NO_GOVERNED_SURFACE_CONDITION_LENGTH_PARAMETER,AUSTRALIAN_SYNTHETIC,,UNKNOWN
RTDR-0C4A509B8B9FB15526406FB0,2018-08-03|BET365 GEELONG SYNTHETIC|R02,2018-08-03,BET365 GEELONG SYNTHETIC,2200,NO_GOVERNED_SURFACE_CONDITION_LENGTH_PARAMETER,AUSTRALIAN_SYNTHETIC,,UNKNOWN
RTDR-1E0087CCB4610950C6BABCC4,2018-08-03|BET365 GEELONG SYNTHETIC|R06,2018-08-03,BET365 GEELONG SYNTHETIC,1000,NO_GOVERNED_SURFACE_CONDITION_LENGTH_PARAMETER,AUSTRALIAN_SYNTHETIC,,UNKNOWN
RTDR-6BA3E3B15A6F6B0991447792,2018-08-03|BET365 GEELONG SYNTHETIC|R08,2018-08-03,BET365 GEELONG SYNTHETIC,1300,NO_GOVERNED_SURFACE_CONDITION_LENGTH_PARAMETER,AUSTRALIAN_SYNTHETIC,,UNKNOWN
RTDR-CA7F1BF1DA684175E9926F76,2018-08-03|BET365 GEELONG SYNTHETIC|R05,2018-08-03,BET365 GEELONG SYNTHETIC,1200,NO_GOVERNED_SURFACE_CONDITION_LENGTH_PARAMETER,AUSTRALIAN_SYNTHETIC,,UNKNOWN
RTDR-D138CD210EA60F6DE32A6782,2018-08-03|BET365 GEELONG SYNTHETIC|R07,2018-08-03,BET365 GEELONG SYNTHETIC,1100,NO_GOVERNED_SURFACE_CONDITION_LENGTH_PARAMETER,AUSTRALIAN_SYNTHETIC,,UNKNOWN
RTDR-E3033ADC9F987D5C160E020E,2018-08-10|BET365 GEELONG SYNTHETIC|R01,2018-08-10,BET365 GEELONG SYNTHETIC,1000,NO_GOVERNED_SURFACE_CONDITION_LENGTH_PARAMETER,AUSTRALIAN_SYNTHETIC,,UNKNOWN
RTDR-E498EEB3713BE7FBC1AD42BD,2018-08-10|BET365 GEELONG SYNTHETIC|R04,2018-08-10,BET365 GEELONG SYNTHETIC,1300,NO_GOVERNED_SURFACE_CONDITION_LENGTH_PARAMETER,AUSTRALIAN_SYNTHETIC,,UNKNOWN
RTDR-18F4D1CC3CD59660366D8B0E,2018-08-10|BET365 GEELONG SYNTHETIC|R02,2018-08-10,BET365 GEELONG SYNTHETIC,1200,NO_GOVERNED_SURFACE_CONDITION_LENGTH_PARAMETER,AUSTRALIAN_SYNTHETIC,,UNKNOWN
RTDR-FCE6CABD42554CE7D4E94E94,2018-08-10|BET365 GEELONG SYNTHETIC|R07,2018-08-10,BET365 GEELONG SYNTHETIC,1200,NO_GOVERNED_SURFACE_CONDITION_LENGTH_PARAMETER,AUSTRALIAN_SYNTHETIC,,UNKNOWN
RTDR-899910CB89BADEA538DB53E6,2018-08-10|BET365 GEELONG SYNTHETIC|R05,2018-08-10,BET365 GEELONG SYNTHETIC,1100,NO_GOVERNED_SURFACE_CONDITION_LENGTH_PARAMETER,AUSTRALIAN_SYNTHETIC,,UNKNOWN
RTDR-7D1A30844A125633DA4D3786,2018-08-10|BET365 GEELONG SYNTHETIC|R06,2018-08-10,BET365 GEELONG SYNTHETIC,1000,NO_GOVERNED_SURFACE_CONDITION_LENGTH_PARAMETER,AUSTRALIAN_SYNTHETIC,,UNKNOWN
RTDR-98EBA4924E4B239B4AFC233C,2018-08-10|BET365 GEELONG SYNTHETIC|R08,2018-08-10,BET365 GEELONG SYNTHETIC,1300,NO_GOVERNED_SURFACE_CONDITION_LENGTH_PARAMETER,AUSTRALIAN_SYNTHETIC,,UNKNOWN
RTDR-2038AE16A2CA332B6C8920BC,2018-08-10|BET365 GEELONG SYNTHETIC|R03,2018-08-10,BET365 GEELONG SYNTHETIC,1200,NO_GOVERNED_SURFACE_CONDITION_LENGTH_PARAMETER,AUSTRALIAN_SYNTHETIC,,UNKNOWN
RTDR-33A329142F5A5E9DCE18D9FD,2018-08-14|BET365 GEELONG SYNTHETIC|R01,2018-08-14,BET365 GEELONG SYNTHETIC,1000,NO_GOVERNED_SURFACE_CONDITION_LENGTH_PARAMETER,AUSTRALIAN_SYNTHETIC,,UNKNOWN
RTDR-B9122AB49279BD000DE5C09C,2018-08-14|BET365 GEELONG SYNTHETIC|R02,2018-08-14,BET365 GEELONG SYNTHETIC,1100,NO_GOVERNED_SURFACE_CONDITION_LENGTH_PARAMETER,AUSTRALIAN_SYNTHETIC,,UNKNOWN
RTDR-049EE465E43EC9E80AE1631C,2018-08-14|BET365 GEELONG SYNTHETIC|R03,2018-08-14,BET365 GEELONG SYNTHETIC,1300,NO_GOVERNED_SURFACE_CONDITION_LENGTH_PARAMETER,AUSTRALIAN_SYNTHETIC,,UNKNOWN
RTDR-D95B4F3D0334D92688B07D2E,2018-08-14|BET365 GEELONG SYNTHETIC|R04,2018-08-14,BET365 GEELONG SYNTHETIC,1900,NO_GOVERNED_SURFACE_CONDITION_LENGTH_PARAMETER,AUSTRALIAN_SYNTHETIC,,UNKNOWN
RTDR-10C73C40A6FE4688EF02EDF1,2018-08-14|BET365 GEELONG SYNTHETIC|R06,2018-08-14,BET365 GEELONG SYNTHETIC,1100,NO_GOVERNED_SURFACE_CONDITION_LENGTH_PARAMETER,AUSTRALIAN_SYNTHETIC,,UNKNOWN
RTDR-0EBF8299381380F6F648F977,2018-08-14|BET365 GEELONG SYNTHETIC|R08,2018-08-14,BET365 GEELONG SYNTHETIC,1300,NO_GOVERNED_SURFACE_CONDITION_LENGTH_PARAMETER,AUSTRALIAN_SYNTHETIC,,UNKNOWN
RTDR-B929E7482198FA79CD1FCCCD,2018-08-14|BET365 GEELONG SYNTHETIC|R05,2018-08-14,BET365 GEELONG SYNTHETIC,1200,NO_GOVERNED_SURFACE_CONDITION_LENGTH_PARAMETER,AUSTRALIAN_SYNTHETIC,,UNKNOWN
RTDR-33B89B203CCE25C0ADDCF7C8,2018-08-14|BET365 GEELONG SYNTHETIC|R07,2018-08-14,BET365 GEELONG SYNTHETIC,2200,NO_GOVERNED_SURFACE_CONDITION_LENGTH_PARAMETER,AUSTRALIAN_SYNTHETIC,,UNKNOWN
RTDR-218D909AA74A9AC350531963,2018-08-17|BET365 GEELONG SYNTHETIC|R01,2018-08-17,BET365 GEELONG SYNTHETIC,1300,NO_GOVERNED_SURFACE_CONDITION_LENGTH_PARAMETER,AUSTRALIAN_SYNTHETIC,,UNKNOWN
RTDR-52FC88026EA6F4D819AC8620,2018-08-17|BET365 GEELONG SYNTHETIC|R02,2018-08-17,BET365 GEELONG SYNTHETIC,1300,NO_GOVERNED_SURFACE_CONDITION_LENGTH_PARAMETER,AUSTRALIAN_SYNTHETIC,,UNKNOWN
RTDR-B5A687F0F84BD45A7AFD8CE5,2018-08-17|BET365 GEELONG SYNTHETIC|R04,2018-08-17,BET365 GEELONG SYNTHETIC,1000,NO_GOVERNED_SURFACE_CONDITION_LENGTH_PARAMETER,AUSTRALIAN_SYNTHETIC,,UNKNOWN
RTDR-9B6436DD2E0E56D06BD46E17,2018-08-17|BET365 GEELONG SYNTHETIC|R03,2018-08-17,BET365 GEELONG SYNTHETIC,1200,NO_GOVERNED_SURFACE_CONDITION_LENGTH_PARAMETER,AUSTRALIAN_SYNTHETIC,,UNKNOWN
RTDR-37489AFE5780F59470FA1C8F,2018-08-17|BET365 GEELONG SYNTHETIC|R05,2018-08-17,BET365 GEELONG SYNTHETIC,1000,NO_GOVERNED_SURFACE_CONDITION_LENGTH_PARAMETER,AUSTRALIAN_SYNTHETIC,,UNKNOWN
RTDR-89D3DE9CECD66FDEA48DFC46,2018-08-17|BET365 GEELONG SYNTHETIC|R07,2018-08-17,BET365 GEELONG SYNTHETIC,1200,NO_GOVERNED_SURFACE_CONDITION_LENGTH_PARAMETER,AUSTRALIAN_SYNTHETIC,,UNKNOWN
RTDR-D9700194600580F6D56132C6,2018-08-17|BET365 GEELONG SYNTHETIC|R06,2018-08-17,BET365 GEELONG SYNTHETIC,2200,NO_GOVERNED_SURFACE_CONDITION_LENGTH_PARAMETER,AUSTRALIAN_SYNTHETIC,,UNKNOWN
RTDR-6FC79B5CE2975F4A7AB86757,2018-08-17|BET365 GEELONG SYNTHETIC|R08,2018-08-17,BET365 GEELONG SYNTHETIC,1300,NO_GOVERNED_SURFACE_CONDITION_LENGTH_PARAMETER,AUSTRALIAN_SYNTHETIC,,UNKNOWN
RTDR-1D4E6FA0205289680C92EB9A,2019-08-02|SPORTSBET-BALLARAT SYNTHETIC|R07,2019-08-02,SPORTSBET-BALLARAT SYNTHETIC,1400,NO_GOVERNED_SURFACE_CONDITION_LENGTH_PARAMETER,AUSTRALIAN_SYNTHETIC,,UNKNOWN
RTDR-00E4499CE8B1547BC8D46E49,2019-08-02|SPORTSBET-BALLARAT SYNTHETIC|R03,2019-08-02,SPORTSBET-BALLARAT SYNTHETIC,1400,NO_GOVERNED_SURFACE_CONDITION_LENGTH_PARAMETER,AUSTRALIAN_SYNTHETIC,,UNKNOWN
RTDR-EC3F8A60C732FD95A0A13E78,2019-08-02|SPORTSBET-BALLARAT SYNTHETIC|R08,2019-08-02,SPORTSBET-BALLARAT SYNTHETIC,1400,NO_GOVERNED_SURFACE_CONDITION_LENGTH_PARAMETER,AUSTRALIAN_SYNTHETIC,,UNKNOWN
RTDR-53E7EE2E477168E28AE75B0C,2019-08-02|SPORTSBET-BALLARAT SYNTHETIC|R06,2019-08-02,SPORTSBET-BALLARAT SYNTHETIC,1100,NO_GOVERNED_SURFACE_CONDITION_LENGTH_PARAMETER,AUSTRALIAN_SYNTHETIC,,UNKNOWN
RTDR-52CF14D00D8FF9C800E58FC6,2019-08-02|SPORTSBET-BALLARAT SYNTHETIC|R01,2019-08-02,SPORTSBET-BALLARAT SYNTHETIC,1100,NO_GOVERNED_SURFACE_CONDITION_LENGTH_PARAMETER,AUSTRALIAN_SYNTHETIC,,UNKNOWN
RTDR-7B7268D2E347644D1029124D,2019-08-02|SPORTSBET-BALLARAT SYNTHETIC|R05,2019-08-02,SPORTSBET-BALLARAT SYNTHETIC,1200,NO_GOVERNED_SURFACE_CONDITION_LENGTH_PARAMETER,AUSTRALIAN_SYNTHETIC,,UNKNOWN
RTDR-C6D857C66B64165552AC93C3,2019-08-02|SPORTSBET-BALLARAT SYNTHETIC|R04,2019-08-02,SPORTSBET-BALLARAT SYNTHETIC,1200,NO_GOVERNED_SURFACE_CONDITION_LENGTH_PARAMETER,AUSTRALIAN_SYNTHETIC,,UNKNOWN
RTDR-AD13EE782A65BB26FA5EBD21,2019-08-09|SPORTSBET-BALLARAT SYNTHETIC|R02,2019-08-09,SPORTSBET-BALLARAT SYNTHETIC,1000,NO_GOVERNED_SURFACE_CONDITION_LENGTH_PARAMETER,AUSTRALIAN_SYNTHETIC,,UNKNOWN
RTDR-F07510DD6BD14E5BB52743AF,2019-08-09|SPORTSBET-BALLARAT SYNTHETIC|R05,2019-08-09,SPORTSBET-BALLARAT SYNTHETIC,1400,NO_GOVERNED_SURFACE_CONDITION_LENGTH_PARAMETER,AUSTRALIAN_SYNTHETIC,,UNKNOWN
RTDR-B700922BA26497EF5470ABEE,2019-08-09|SPORTSBET-BALLARAT SYNTHETIC|R07,2019-08-09,SPORTSBET-BALLARAT SYNTHETIC,1500,NO_GOVERNED_SURFACE_CONDITION_LENGTH_PARAMETER,AUSTRALIAN_SYNTHETIC,,UNKNOWN
RTDR-EE1864A6887B7BD39B53AC60,2019-08-09|SPORTSBET-BALLARAT SYNTHETIC|R08,2019-08-09,SPORTSBET-BALLARAT SYNTHETIC,1100,NO_GOVERNED_SURFACE_CONDITION_LENGTH_PARAMETER,AUSTRALIAN_SYNTHETIC,,UNKNOWN
RTDR-909948ACE85FB1ED71A5131C,2019-08-09|SPORTSBET-BALLARAT SYNTHETIC|R06,2019-08-09,SPORTSBET-BALLARAT SYNTHETIC,1200,NO_GOVERNED_SURFACE_CONDITION_LENGTH_PARAMETER,AUSTRALIAN_SYNTHETIC,,UNKNOWN
RTDR-4F039DDE073DE9F97B1A3FFB,2019-08-09|SPORTSBET-BALLARAT SYNTHETIC|R01,2019-08-09,SPORTSBET-BALLARAT SYNTHETIC,1000,NO_GOVERNED_SURFACE_CONDITION_LENGTH_PARAMETER,AUSTRALIAN_SYNTHETIC,,UNKNOWN
RTDR-ECB37AA12A3EC334AF5682CB,2019-08-09|SPORTSBET-BALLARAT SYNTHETIC|R03,2019-08-09,SPORTSBET-BALLARAT SYNTHETIC,1500,NO_GOVERNED_SURFACE_CONDITION_LENGTH_PARAMETER,AUSTRALIAN_SYNTHETIC,,UNKNOWN
RTDR-0F70A9D727D1595CF20AC199,2019-08-09|SPORTSBET-BALLARAT SYNTHETIC|R04,2019-08-09,SPORTSBET-BALLARAT SYNTHETIC,1400,NO_GOVERNED_SURFACE_CONDITION_LENGTH_PARAMETER,AUSTRALIAN_SYNTHETIC,,UNKNOWN
RTDR-FCEDBF78EF0F8DAE59ECFBAD,2019-08-13|SPORTSBET-BALLARAT SYNTHETIC|R05,2019-08-13,SPORTSBET-BALLARAT SYNTHETIC,1500,NO_GOVERNED_SURFACE_CONDITION_LENGTH_PARAMETER,AUSTRALIAN_SYNTHETIC,,UNKNOWN
RTDR-C9272C6A07778B858600F805,2019-08-13|SPORTSBET-BALLARAT SYNTHETIC|R07,2019-08-13,SPORTSBET-BALLARAT SYNTHETIC,1200,NO_GOVERNED_SURFACE_CONDITION_LENGTH_PARAMETER,AUSTRALIAN_SYNTHETIC,,UNKNOWN
RTDR-922496B60506FD6966BB7F07,2019-08-13|SPORTSBET-BALLARAT SYNTHETIC|R08,2019-08-13,SPORTSBET-BALLARAT SYNTHETIC,1400,NO_GOVERNED_SURFACE_CONDITION_LENGTH_PARAMETER,AUSTRALIAN_SYNTHETIC,,UNKNOWN
RTDR-EABBC204E460328270779159,2019-08-13|SPORTSBET-BALLARAT SYNTHETIC|R06,2019-08-13,SPORTSBET-BALLARAT SYNTHETIC,1000,NO_GOVERNED_SURFACE_CONDITION_LENGTH_PARAMETER,AUSTRALIAN_SYNTHETIC,,UNKNOWN
RTDR-33FEB4954B06A088854A20A4,2019-08-13|SPORTSBET-BALLARAT SYNTHETIC|R03,2019-08-13,SPORTSBET-BALLARAT SYNTHETIC,1400,NO_GOVERNED_SURFACE_CONDITION_LENGTH_PARAMETER,AUSTRALIAN_SYNTHETIC,,UNKNOWN
RTDR-64E30130E781980FED251CC3,2019-08-13|SPORTSBET-BALLARAT SYNTHETIC|R02,2019-08-13,SPORTSBET-BALLARAT SYNTHETIC,1200,NO_GOVERNED_SURFACE_CONDITION_LENGTH_PARAMETER,AUSTRALIAN_SYNTHETIC,,UNKNOWN
RTDR-9A120605CD2D884215A4945B,2019-08-13|SPORTSBET-BALLARAT SYNTHETIC|R01,2019-08-13,SPORTSBET-BALLARAT SYNTHETIC,1200,NO_GOVERNED_SURFACE_CONDITION_LENGTH_PARAMETER,AUSTRALIAN_SYNTHETIC,,UNKNOWN
RTDR-39C0E62A78B99CD9BD962885,2019-08-13|SPORTSBET-BALLARAT SYNTHETIC|R04,2019-08-13,SPORTSBET-BALLARAT SYNTHETIC,1500,NO_GOVERNED_SURFACE_CONDITION_LENGTH_PARAMETER,AUSTRALIAN_SYNTHETIC,,UNKNOWN
RTDR-22502B8F5979B418AA205C98,2019-08-19|SPORTSBET-BALLARAT SYNTHETIC|R07,2019-08-19,SPORTSBET-BALLARAT SYNTHETIC,2100,NO_GOVERNED_SURFACE_CONDITION_LENGTH_PARAMETER,AUSTRALIAN_SYNTHETIC,,UNKNOWN
RTDR-E1062C1F5557A8A4B474DAE5,2019-08-19|SPORTSBET-BALLARAT SYNTHETIC|R06,2019-08-19,SPORTSBET-BALLARAT SYNTHETIC,1400,NO_GOVERNED_SURFACE_CONDITION_LENGTH_PARAMETER,AUSTRALIAN_SYNTHETIC,,UNKNOWN
RTDR-4836CB2B9A4BE49A3D6A3034,2019-08-19|SPORTSBET-BALLARAT SYNTHETIC|R05,2019-08-19,SPORTSBET-BALLARAT SYNTHETIC,1200,NO_GOVERNED_SURFACE_CONDITION_LENGTH_PARAMETER,AUSTRALIAN_SYNTHETIC,,UNKNOWN
RTDR-1DBA5F05236D58EE4C67BBB8,2019-08-19|SPORTSBET-BALLARAT SYNTHETIC|R08,2019-08-19,SPORTSBET-BALLARAT SYNTHETIC,1100,NO_GOVERNED_SURFACE_CONDITION_LENGTH_PARAMETER,AUSTRALIAN_SYNTHETIC,,UNKNOWN
RTDR-84B22724DE60EADB08F5890A,2019-08-19|SPORTSBET-BALLARAT SYNTHETIC|R03,2019-08-19,SPORTSBET-BALLARAT SYNTHETIC,1500,NO_GOVERNED_SURFACE_CONDITION_LENGTH_PARAMETER,AUSTRALIAN_SYNTHETIC,,UNKNOWN
RTDR-F0E9EA9506D7FAC13C5DB083,2019-08-19|SPORTSBET-BALLARAT SYNTHETIC|R02,2019-08-19,SPORTSBET-BALLARAT SYNTHETIC,1400,NO_GOVERNED_SURFACE_CONDITION_LENGTH_PARAMETER,AUSTRALIAN_SYNTHETIC,,UNKNOWN
RTDR-19CAC3CEE11A558879BF7BBA,2019-08-19|SPORTSBET-BALLARAT SYNTHETIC|R04,2019-08-19,SPORTSBET-BALLARAT SYNTHETIC,1200,NO_GOVERNED_SURFACE_CONDITION_LENGTH_PARAMETER,AUSTRALIAN_SYNTHETIC,,UNKNOWN
RTDR-D83CF54953EF2DD62C1E9D46,2019-08-19|SPORTSBET-BALLARAT SYNTHETIC|R01,2019-08-19,SPORTSBET-BALLARAT SYNTHETIC,1000,NO_GOVERNED_SURFACE_CONDITION_LENGTH_PARAMETER,AUSTRALIAN_SYNTHETIC,,UNKNOWN
RTDR-10050435AEAE681081183E63,2020-08-04|SPORTSBET-PAKENHAM SYNTHETIC|R01,2020-08-04,SPORTSBET-PAKENHAM SYNTHETIC,1100,NO_GOVERNED_SURFACE_CONDITION_LENGTH_PARAMETER,AUSTRALIAN_SYNTHETIC,,UNKNOWN
RTDR-B442ADE279725BDCEF50E8B7,2020-08-04|SPORTSBET-PAKENHAM SYNTHETIC|R04,2020-08-04,SPORTSBET-PAKENHAM SYNTHETIC,2200,NO_GOVERNED_SURFACE_CONDITION_LENGTH_PARAMETER,AUSTRALIAN_SYNTHETIC,,UNKNOWN
RTDR-2CB502100F11C294E881458A,2020-08-04|SPORTSBET-PAKENHAM SYNTHETIC|R02,2020-08-04,SPORTSBET-PAKENHAM SYNTHETIC,1200,NO_GOVERNED_SURFACE_CONDITION_LENGTH_PARAMETER,AUSTRALIAN_SYNTHETIC,,UNKNOWN
RTDR-B361A34473763580D81EA1CB,2020-08-04|SPORTSBET-PAKENHAM SYNTHETIC|R03,2020-08-04,SPORTSBET-PAKENHAM SYNTHETIC,1400,NO_GOVERNED_SURFACE_CONDITION_LENGTH_PARAMETER,AUSTRALIAN_SYNTHETIC,,UNKNOWN
RTDR-2245D0D773B1786F45EED655,2020-08-04|SPORTSBET-PAKENHAM SYNTHETIC|R08,2020-08-04,SPORTSBET-PAKENHAM SYNTHETIC,1100,NO_GOVERNED_SURFACE_CONDITION_LENGTH_PARAMETER,AUSTRALIAN_SYNTHETIC,,UNKNOWN
RTDR-131AF9E6A56A4D449917446A,2020-08-04|SPORTSBET-PAKENHAM SYNTHETIC|R05,2020-08-04,SPORTSBET-PAKENHAM SYNTHETIC,2200,NO_GOVERNED_SURFACE_CONDITION_LENGTH_PARAMETER,AUSTRALIAN_SYNTHETIC,,UNKNOWN
RTDR-A75F15337004E6BAAB9D0544,2020-08-04|SPORTSBET-PAKENHAM SYNTHETIC|R07,2020-08-04,SPORTSBET-PAKENHAM SYNTHETIC,1400,NO_GOVERNED_SURFACE_CONDITION_LENGTH_PARAMETER,AUSTRALIAN_SYNTHETIC,,UNKNOWN
RTDR-996ADCE61D4E3E0D043007C0,2020-08-04|SPORTSBET-PAKENHAM SYNTHETIC|R06,2020-08-04,SPORTSBET-PAKENHAM SYNTHETIC,1600,NO_GOVERNED_SURFACE_CONDITION_LENGTH_PARAMETER,AUSTRALIAN_SYNTHETIC,,UNKNOWN
RTDR-DB684464ACA7F8BD7D9B456B,2020-08-07|SPORTSBET-BALLARAT SYNTHETIC|R03,2020-08-07,SPORTSBET-BALLARAT SYNTHETIC,1100,NO_GOVERNED_SURFACE_CONDITION_LENGTH_PARAMETER,AUSTRALIAN_SYNTHETIC,,UNKNOWN
RTDR-691D9028788EAD38127FB485,2020-08-07|SPORTSBET-BALLARAT SYNTHETIC|R04,2020-08-07,SPORTSBET-BALLARAT SYNTHETIC,1100,NO_GOVERNED_SURFACE_CONDITION_LENGTH_PARAMETER,AUSTRALIAN_SYNTHETIC,,UNKNOWN
RTDR-8E2C573C6597327354572B39,2020-08-07|SPORTSBET-BALLARAT SYNTHETIC|R02,2020-08-07,SPORTSBET-BALLARAT SYNTHETIC,1400,NO_GOVERNED_SURFACE_CONDITION_LENGTH_PARAMETER,AUSTRALIAN_SYNTHETIC,,UNKNOWN
RTDR-F225D22C586E9B6D0F704A47,2020-08-07|SPORTSBET-BALLARAT SYNTHETIC|R01,2020-08-07,SPORTSBET-BALLARAT SYNTHETIC,1500,NO_GOVERNED_SURFACE_CONDITION_LENGTH_PARAMETER,AUSTRALIAN_SYNTHETIC,,UNKNOWN
RTDR-9D4C6C1F2539DB4928B1778E,2020-08-07|SPORTSBET-BALLARAT SYNTHETIC|R08,2020-08-07,SPORTSBET-BALLARAT SYNTHETIC,2100,NO_GOVERNED_SURFACE_CONDITION_LENGTH_PARAMETER,AUSTRALIAN_SYNTHETIC,,UNKNOWN
RTDR-C076FBFCA0A4CF70C2B7A241,2020-08-07|SPORTSBET-BALLARAT SYNTHETIC|R07,2020-08-07,SPORTSBET-BALLARAT SYNTHETIC,1500,NO_GOVERNED_SURFACE_CONDITION_LENGTH_PARAMETER,AUSTRALIAN_SYNTHETIC,,UNKNOWN
RTDR-C4C805C36889900EE262A5C7,2020-08-07|SPORTSBET-BALLARAT SYNTHETIC|R05,2020-08-07,SPORTSBET-BALLARAT SYNTHETIC,1100,NO_GOVERNED_SURFACE_CONDITION_LENGTH_PARAMETER,AUSTRALIAN_SYNTHETIC,,UNKNOWN
RTDR-1C8C375BFE6F9087B13C2D06,2020-08-07|SPORTSBET-BALLARAT SYNTHETIC|R06,2020-08-07,SPORTSBET-BALLARAT SYNTHETIC,1400,NO_GOVERNED_SURFACE_CONDITION_LENGTH_PARAMETER,AUSTRALIAN_SYNTHETIC,,UNKNOWN
RTDR-AC690E93E5C719F0BEE3A145,2020-08-10|SPORTSBET-PAKENHAM SYNTHETIC|R02,2020-08-10,SPORTSBET-PAKENHAM SYNTHETIC,1100,NO_GOVERNED_SURFACE_CONDITION_LENGTH_PARAMETER,AUSTRALIAN_SYNTHETIC,,UNKNOWN
RTDR-913B21D3F2824240BDD1A5BC,2020-08-10|SPORTSBET-PAKENHAM SYNTHETIC|R03,2020-08-10,SPORTSBET-PAKENHAM SYNTHETIC,1200,NO_GOVERNED_SURFACE_CONDITION_LENGTH_PARAMETER,AUSTRALIAN_SYNTHETIC,,UNKNOWN
RTDR-93CB97203C39825DE22FC866,2020-08-10|SPORTSBET-PAKENHAM SYNTHETIC|R04,2020-08-10,SPORTSBET-PAKENHAM SYNTHETIC,1400,NO_GOVERNED_SURFACE_CONDITION_LENGTH_PARAMETER,AUSTRALIAN_SYNTHETIC,,UNKNOWN
RTDR-DA869AE220BF566691EF1E68,2020-08-10|SPORTSBET-PAKENHAM SYNTHETIC|R01,2020-08-10,SPORTSBET-PAKENHAM SYNTHETIC,1600,NO_GOVERNED_SURFACE_CONDITION_LENGTH_PARAMETER,AUSTRALIAN_SYNTHETIC,,UNKNOWN
RTDR-E2986E538D852D81B092FEE0,2020-08-10|SPORTSBET-PAKENHAM SYNTHETIC|R06,2020-08-10,SPORTSBET-PAKENHAM SYNTHETIC,1400,NO_GOVERNED_SURFACE_CONDITION_LENGTH_PARAMETER,AUSTRALIAN_SYNTHETIC,,UNKNOWN
RTDR-D49E9873A4F94E6837384403,2020-08-10|SPORTSBET-PAKENHAM SYNTHETIC|R07,2020-08-10,SPORTSBET-PAKENHAM SYNTHETIC,1600,NO_GOVERNED_SURFACE_CONDITION_LENGTH_PARAMETER,AUSTRALIAN_SYNTHETIC,,UNKNOWN
RTDR-B7B8772FF8D137A40C4FE9C3,2020-08-10|SPORTSBET-PAKENHAM SYNTHETIC|R05,2020-08-10,SPORTSBET-PAKENHAM SYNTHETIC,1000,NO_GOVERNED_SURFACE_CONDITION_LENGTH_PARAMETER,AUSTRALIAN_SYNTHETIC,,UNKNOWN
RTDR-7776031FBCF86730E36312A5,2020-08-10|SPORTSBET-PAKENHAM SYNTHETIC|R08,2020-08-10,SPORTSBET-PAKENHAM SYNTHETIC,1200,NO_GOVERNED_SURFACE_CONDITION_LENGTH_PARAMETER,AUSTRALIAN_SYNTHETIC,,UNKNOWN
RTDR-1A2C4327D1D4D9D735DCEDEF,2020-08-11|SPORTSBET-BALLARAT SYNTHETIC|R05,2020-08-11,SPORTSBET-BALLARAT SYNTHETIC,1200,NO_GOVERNED_SURFACE_CONDITION_LENGTH_PARAMETER,AUSTRALIAN_SYNTHETIC,,UNKNOWN
RTDR-D7F4D721DC2D1DFF755EBFC0,2020-08-11|SPORTSBET-BALLARAT SYNTHETIC|R03,2020-08-11,SPORTSBET-BALLARAT SYNTHETIC,1200,NO_GOVERNED_SURFACE_CONDITION_LENGTH_PARAMETER,AUSTRALIAN_SYNTHETIC,,UNKNOWN
RTDR-E8CFDF7D7D337F880244D061,2020-08-11|SPORTSBET-BALLARAT SYNTHETIC|R02,2020-08-11,SPORTSBET-BALLARAT SYNTHETIC,1400,NO_GOVERNED_SURFACE_CONDITION_LENGTH_PARAMETER,AUSTRALIAN_SYNTHETIC,,UNKNOWN
RTDR-0E4F18C479A907C00A2C5B86,2020-08-11|SPORTSBET-BALLARAT SYNTHETIC|R01,2020-08-11,SPORTSBET-BALLARAT SYNTHETIC,1500,NO_GOVERNED_SURFACE_CONDITION_LENGTH_PARAMETER,AUSTRALIAN_SYNTHETIC,,UNKNOWN
RTDR-8BD2D153A156FADC14580A9B,2020-08-11|SPORTSBET-BALLARAT SYNTHETIC|R08,2020-08-11,SPORTSBET-BALLARAT SYNTHETIC,1100,NO_GOVERNED_SURFACE_CONDITION_LENGTH_PARAMETER,AUSTRALIAN_SYNTHETIC,,UNKNOWN
RTDR-247C400FBCCC110AD41887AA,2020-08-11|SPORTSBET-BALLARAT SYNTHETIC|R07,2020-08-11,SPORTSBET-BALLARAT SYNTHETIC,1400,NO_GOVERNED_SURFACE_CONDITION_LENGTH_PARAMETER,AUSTRALIAN_SYNTHETIC,,UNKNOWN
RTDR-F31A871804F4921A46B0C4E3,2020-08-11|SPORTSBET-BALLARAT SYNTHETIC|R06,2020-08-11,SPORTSBET-BALLARAT SYNTHETIC,2100,NO_GOVERNED_SURFACE_CONDITION_LENGTH_PARAMETER,AUSTRALIAN_SYNTHETIC,,UNKNOWN
RTDR-C9103439BFA297CC4F98BFD3,2020-08-11|SPORTSBET-BALLARAT SYNTHETIC|R04,2020-08-11,SPORTSBET-BALLARAT SYNTHETIC,1500,NO_GOVERNED_SURFACE_CONDITION_LENGTH_PARAMETER,AUSTRALIAN_SYNTHETIC,,UNKNOWN
RTDR-8E46F235E6D836DCFFC880A7,2020-08-17|SPORTSBET-BALLARAT SYNTHETIC|R04,2020-08-17,SPORTSBET-BALLARAT SYNTHETIC,1000,NO_GOVERNED_SURFACE_CONDITION_LENGTH_PARAMETER,AUSTRALIAN_SYNTHETIC,,UNKNOWN
RTDR-606069218AED9ABCAF44D523,2020-08-17|SPORTSBET-BALLARAT SYNTHETIC|R03,2020-08-17,SPORTSBET-BALLARAT SYNTHETIC,1200,NO_GOVERNED_SURFACE_CONDITION_LENGTH_PARAMETER,AUSTRALIAN_SYNTHETIC,,UNKNOWN
RTDR-C7D1A435AE6734412A18DD3E,2020-08-17|SPORTSBET-BALLARAT SYNTHETIC|R02,2020-08-17,SPORTSBET-BALLARAT SYNTHETIC,1400,NO_GOVERNED_SURFACE_CONDITION_LENGTH_PARAMETER,AUSTRALIAN_SYNTHETIC,,UNKNOWN
RTDR-EE336B06AF9812DB63EEE056,2020-08-17|SPORTSBET-BALLARAT SYNTHETIC|R01,2020-08-17,SPORTSBET-BALLARAT SYNTHETIC,1500,NO_GOVERNED_SURFACE_CONDITION_LENGTH_PARAMETER,AUSTRALIAN_SYNTHETIC,,UNKNOWN
RTDR-F8C33D65185F6AF23F515D2B,2020-08-17|SPORTSBET-BALLARAT SYNTHETIC|R05,2020-08-17,SPORTSBET-BALLARAT SYNTHETIC,1100,NO_GOVERNED_SURFACE_CONDITION_LENGTH_PARAMETER,AUSTRALIAN_SYNTHETIC,,UNKNOWN
RTDR-3F24D12974A4EF24064347AE,2020-08-17|SPORTSBET-BALLARAT SYNTHETIC|R08,2020-08-17,SPORTSBET-BALLARAT SYNTHETIC,1200,NO_GOVERNED_SURFACE_CONDITION_LENGTH_PARAMETER,AUSTRALIAN_SYNTHETIC,,UNKNOWN
RTDR-CC7955E70C3CA74137E49CB2,2020-08-17|SPORTSBET-BALLARAT SYNTHETIC|R06,2020-08-17,SPORTSBET-BALLARAT SYNTHETIC,1500,NO_GOVERNED_SURFACE_CONDITION_LENGTH_PARAMETER,AUSTRALIAN_SYNTHETIC,,UNKNOWN
RTDR-C9FF173D76D5DA30CD43F2F4,2020-08-17|SPORTSBET-BALLARAT SYNTHETIC|R07,2020-08-17,SPORTSBET-BALLARAT SYNTHETIC,2100,NO_GOVERNED_SURFACE_CONDITION_LENGTH_PARAMETER,AUSTRALIAN_SYNTHETIC,,UNKNOWN
RTDR-CE01BF596489412CC7F220E6,2020-08-18|SPORTSBET-PAKENHAM SYNTHETIC|R04,2020-08-18,SPORTSBET-PAKENHAM SYNTHETIC,1200,NO_GOVERNED_SURFACE_CONDITION_LENGTH_PARAMETER,AUSTRALIAN_SYNTHETIC,,UNKNOWN
RTDR-4942A8EF30AAD93EA1B74EC7,2020-08-18|SPORTSBET-PAKENHAM SYNTHETIC|R03,2020-08-18,SPORTSBET-PAKENHAM SYNTHETIC,1400,NO_GOVERNED_SURFACE_CONDITION_LENGTH_PARAMETER,AUSTRALIAN_SYNTHETIC,,UNKNOWN
RTDR-01D6A10F3A4CA4BD1D62B5C1,2020-08-18|SPORTSBET-PAKENHAM SYNTHETIC|R01,2020-08-18,SPORTSBET-PAKENHAM SYNTHETIC,1600,NO_GOVERNED_SURFACE_CONDITION_LENGTH_PARAMETER,AUSTRALIAN_SYNTHETIC,,UNKNOWN
RTDR-51B4C971E9154778B4BFD2B6,2020-08-18|SPORTSBET-PAKENHAM SYNTHETIC|R02,2020-08-18,SPORTSBET-PAKENHAM SYNTHETIC,2200,NO_GOVERNED_SURFACE_CONDITION_LENGTH_PARAMETER,AUSTRALIAN_SYNTHETIC,,UNKNOWN
RTDR-4133FC354F3CA38702FAD201,2020-08-18|SPORTSBET-PAKENHAM SYNTHETIC|R06,2020-08-18,SPORTSBET-PAKENHAM SYNTHETIC,1000,NO_GOVERNED_SURFACE_CONDITION_LENGTH_PARAMETER,AUSTRALIAN_SYNTHETIC,,UNKNOWN
RTDR-5DC76B12EECF6390A2C1C0B1,2020-08-18|SPORTSBET-PAKENHAM SYNTHETIC|R05,2020-08-18,SPORTSBET-PAKENHAM SYNTHETIC,1200,NO_GOVERNED_SURFACE_CONDITION_LENGTH_PARAMETER,AUSTRALIAN_SYNTHETIC,,UNKNOWN
RTDR-B13B61257D32845E37058F2D,2020-08-18|SPORTSBET-PAKENHAM SYNTHETIC|R07,2020-08-18,SPORTSBET-PAKENHAM SYNTHETIC,1400,NO_GOVERNED_SURFACE_CONDITION_LENGTH_PARAMETER,AUSTRALIAN_SYNTHETIC,,UNKNOWN
RTDR-13F960990B5D15682D0ED734,2020-08-18|SPORTSBET-PAKENHAM SYNTHETIC|R08,2020-08-18,SPORTSBET-PAKENHAM SYNTHETIC,1600,NO_GOVERNED_SURFACE_CONDITION_LENGTH_PARAMETER,AUSTRALIAN_SYNTHETIC,,UNKNOWN
RTDR-0FC87746884C22FE7C186971,2020-08-25|SPORTSBET-BALLARAT SYNTHETIC|R03,2020-08-25,SPORTSBET-BALLARAT SYNTHETIC,1000,NO_GOVERNED_SURFACE_CONDITION_LENGTH_PARAMETER,AUSTRALIAN_SYNTHETIC,,UNKNOWN
RTDR-AC395F7DF30DA429F0C67512,2020-08-25|SPORTSBET-BALLARAT SYNTHETIC|R04,2020-08-25,SPORTSBET-BALLARAT SYNTHETIC,1200,NO_GOVERNED_SURFACE_CONDITION_LENGTH_PARAMETER,AUSTRALIAN_SYNTHETIC,,UNKNOWN
RTDR-CCFA35FABD98D9179D0A171C,2020-08-25|SPORTSBET-BALLARAT SYNTHETIC|R02,2020-08-25,SPORTSBET-BALLARAT SYNTHETIC,1400,NO_GOVERNED_SURFACE_CONDITION_LENGTH_PARAMETER,AUSTRALIAN_SYNTHETIC,,UNKNOWN
RTDR-95A85C8A536369C6FBBD7A80,2020-08-25|SPORTSBET-BALLARAT SYNTHETIC|R01,2020-08-25,SPORTSBET-BALLARAT SYNTHETIC,1500,NO_GOVERNED_SURFACE_CONDITION_LENGTH_PARAMETER,AUSTRALIAN_SYNTHETIC,,UNKNOWN
RTDR-4360C5B371AD6B589DED4757,2020-08-25|SPORTSBET-BALLARAT SYNTHETIC|R06,2020-08-25,SPORTSBET-BALLARAT SYNTHETIC,1100,NO_GOVERNED_SURFACE_CONDITION_LENGTH_PARAMETER,AUSTRALIAN_SYNTHETIC,,UNKNOWN
RTDR-6085F018A8AD7C84045D9FBB,2020-08-25|SPORTSBET-BALLARAT SYNTHETIC|R05,2020-08-25,SPORTSBET-BALLARAT SYNTHETIC,1200,NO_GOVERNED_SURFACE_CONDITION_LENGTH_PARAMETER,AUSTRALIAN_SYNTHETIC,,UNKNOWN
RTDR-BE934708C146316165F103E4,2020-08-25|SPORTSBET-BALLARAT SYNTHETIC|R08,2020-08-25,SPORTSBET-BALLARAT SYNTHETIC,1500,NO_GOVERNED_SURFACE_CONDITION_LENGTH_PARAMETER,AUSTRALIAN_SYNTHETIC,,UNKNOWN
RTDR-1B4A73FF82AE892105ED06CE,2020-08-25|SPORTSBET-BALLARAT SYNTHETIC|R07,2020-08-25,SPORTSBET-BALLARAT SYNTHETIC,1400,NO_GOVERNED_SURFACE_CONDITION_LENGTH_PARAMETER,AUSTRALIAN_SYNTHETIC,,UNKNOWN
RTDR-FE3E9404ECE9BC4C20EA4E84,2020-08-28|SPORTSBET-PAKENHAM SYNTHETIC|R02,2020-08-28,SPORTSBET-PAKENHAM SYNTHETIC,1100,NO_GOVERNED_SURFACE_CONDITION_LENGTH_PARAMETER,AUSTRALIAN_SYNTHETIC,,UNKNOWN
RTDR-D9228F367D699D01D5E72837,2020-08-28|SPORTSBET-PAKENHAM SYNTHETIC|R03,2020-08-28,SPORTSBET-PAKENHAM SYNTHETIC,1200,NO_GOVERNED_SURFACE_CONDITION_LENGTH_PARAMETER,AUSTRALIAN_SYNTHETIC,,UNKNOWN
RTDR-E864CA8BF091A987D31F0B37,2020-08-28|SPORTSBET-PAKENHAM SYNTHETIC|R04,2020-08-28,SPORTSBET-PAKENHAM SYNTHETIC,1400,NO_GOVERNED_SURFACE_CONDITION_LENGTH_PARAMETER,AUSTRALIAN_SYNTHETIC,,UNKNOWN
RTDR-6D1A547DE6685F99F1137E14,2020-08-28|SPORTSBET-PAKENHAM SYNTHETIC|R01,2020-08-28,SPORTSBET-PAKENHAM SYNTHETIC,2200,NO_GOVERNED_SURFACE_CONDITION_LENGTH_PARAMETER,AUSTRALIAN_SYNTHETIC,,UNKNOWN
RTDR-3AB81EFFED3B3FD077271F11,2020-08-28|SPORTSBET-PAKENHAM SYNTHETIC|R07,2020-08-28,SPORTSBET-PAKENHAM SYNTHETIC,1400,NO_GOVERNED_SURFACE_CONDITION_LENGTH_PARAMETER,AUSTRALIAN_SYNTHETIC,,UNKNOWN
RTDR-3A898CAE77552402A7A21A40,2020-08-28|SPORTSBET-PAKENHAM SYNTHETIC|R06,2020-08-28,SPORTSBET-PAKENHAM SYNTHETIC,1600,NO_GOVERNED_SURFACE_CONDITION_LENGTH_PARAMETER,AUSTRALIAN_SYNTHETIC,,UNKNOWN
RTDR-1DCE223894B7538D5EEA3B60,2020-08-28|SPORTSBET-PAKENHAM SYNTHETIC|R05,2020-08-28,SPORTSBET-PAKENHAM SYNTHETIC,2200,NO_GOVERNED_SURFACE_CONDITION_LENGTH_PARAMETER,AUSTRALIAN_SYNTHETIC,,UNKNOWN
RTDR-4F8F055A362B5A3BDE5A7CDB,2020-08-28|SPORTSBET-PAKENHAM SYNTHETIC|R08,2020-08-28,SPORTSBET-PAKENHAM SYNTHETIC,1200,NO_GOVERNED_SURFACE_CONDITION_LENGTH_PARAMETER,AUSTRALIAN_SYNTHETIC,,UNKNOWN
RTDR-F4B5643308D2F429A8379739,2020-08-31|SPORTSBET-PAKENHAM SYNTHETIC|R01,2020-08-31,SPORTSBET-PAKENHAM SYNTHETIC,1200,NO_GOVERNED_SURFACE_CONDITION_LENGTH_PARAMETER,AUSTRALIAN_SYNTHETIC,,UNKNOWN
RTDR-3C20FC53FE69AD57021FDDBA,2020-08-31|SPORTSBET-PAKENHAM SYNTHETIC|R03,2020-08-31,SPORTSBET-PAKENHAM SYNTHETIC,1000,NO_GOVERNED_SURFACE_CONDITION_LENGTH_PARAMETER,AUSTRALIAN_SYNTHETIC,,UNKNOWN
RTDR-6B7138D49ADAF0FAB702BD1D,2020-08-31|SPORTSBET-PAKENHAM SYNTHETIC|R02,2020-08-31,SPORTSBET-PAKENHAM SYNTHETIC,1200,NO_GOVERNED_SURFACE_CONDITION_LENGTH_PARAMETER,AUSTRALIAN_SYNTHETIC,,UNKNOWN
RTDR-69BAB68E04ABB2C10E42DABE,2020-08-31|SPORTSBET-PAKENHAM SYNTHETIC|R04,2020-08-31,SPORTSBET-PAKENHAM SYNTHETIC,1600,NO_GOVERNED_SURFACE_CONDITION_LENGTH_PARAMETER,AUSTRALIAN_SYNTHETIC,,UNKNOWN
RTDR-19F5D7BA487354969D7ED265,2020-08-31|SPORTSBET-PAKENHAM SYNTHETIC|R08,2020-08-31,SPORTSBET-PAKENHAM SYNTHETIC,1200,NO_GOVERNED_SURFACE_CONDITION_LENGTH_PARAMETER,AUSTRALIAN_SYNTHETIC,,UNKNOWN
RTDR-DF2E9DF515FDCCA2AD77A208,2020-08-31|SPORTSBET-PAKENHAM SYNTHETIC|R07,2020-08-31,SPORTSBET-PAKENHAM SYNTHETIC,1400,NO_GOVERNED_SURFACE_CONDITION_LENGTH_PARAMETER,AUSTRALIAN_SYNTHETIC,,UNKNOWN
RTDR-BD7E6E76403C4626FA4F8AD4,2020-08-31|SPORTSBET-PAKENHAM SYNTHETIC|R09,2020-08-31,SPORTSBET-PAKENHAM SYNTHETIC,1000,NO_GOVERNED_SURFACE_CONDITION_LENGTH_PARAMETER,AUSTRALIAN_SYNTHETIC,,UNKNOWN
RTDR-E3F9F99F7106D41074B08A93,2020-08-31|SPORTSBET-PAKENHAM SYNTHETIC|R06,2020-08-31,SPORTSBET-PAKENHAM SYNTHETIC,1600,NO_GOVERNED_SURFACE_CONDITION_LENGTH_PARAMETER,AUSTRALIAN_SYNTHETIC,,UNKNOWN
RTDR-DAA874D090810B464A0125BF,2020-08-31|SPORTSBET-PAKENHAM SYNTHETIC|R05,2020-08-31,SPORTSBET-PAKENHAM SYNTHETIC,1600,NO_GOVERNED_SURFACE_CONDITION_LENGTH_PARAMETER,AUSTRALIAN_SYNTHETIC,,UNKNOWN
RTDR-5C30AB55156F481B5542AB0A,2021-08-03|SPORTSBET-PAKENHAM SYNTHETIC|R03,2021-08-03,SPORTSBET-PAKENHAM SYNTHETIC,1200,NO_GOVERNED_SURFACE_CONDITION_LENGTH_PARAMETER,AUSTRALIAN_SYNTHETIC,,UNKNOWN
RTDR-D8464CD1174FEFE9E07E72CA,2021-08-03|SPORTSBET-PAKENHAM SYNTHETIC|R04,2021-08-03,SPORTSBET-PAKENHAM SYNTHETIC,1400,NO_GOVERNED_SURFACE_CONDITION_LENGTH_PARAMETER,AUSTRALIAN_SYNTHETIC,,UNKNOWN
RTDR-D764BB13593E4EBE74876FF0,2021-08-03|SPORTSBET-PAKENHAM SYNTHETIC|R05,2021-08-03,SPORTSBET-PAKENHAM SYNTHETIC,2200,NO_GOVERNED_SURFACE_CONDITION_LENGTH_PARAMETER,AUSTRALIAN_SYNTHETIC,,UNKNOWN
RTDR-EFCAD7FB45DA71F6DAD867AB,2021-08-03|SPORTSBET-PAKENHAM SYNTHETIC|R09,2021-08-03,SPORTSBET-PAKENHAM SYNTHETIC,1100,NO_GOVERNED_SURFACE_CONDITION_LENGTH_PARAMETER,AUSTRALIAN_SYNTHETIC,,UNKNOWN
RTDR-99A636FF8883BA2B8A393539,2021-08-03|SPORTSBET-PAKENHAM SYNTHETIC|R08,2021-08-03,SPORTSBET-PAKENHAM SYNTHETIC,1400,NO_GOVERNED_SURFACE_CONDITION_LENGTH_PARAMETER,AUSTRALIAN_SYNTHETIC,,UNKNOWN
RTDR-5E00892F3AF4450858D751A8,2021-08-03|SPORTSBET-PAKENHAM SYNTHETIC|R06,2021-08-03,SPORTSBET-PAKENHAM SYNTHETIC,2200,NO_GOVERNED_SURFACE_CONDITION_LENGTH_PARAMETER,AUSTRALIAN_SYNTHETIC,,UNKNOWN
RTDR-B766E3DDCB3CC085962A991A,2021-08-03|SPORTSBET-PAKENHAM SYNTHETIC|R07,2021-08-03,SPORTSBET-PAKENHAM SYNTHETIC,1600,NO_GOVERNED_SURFACE_CONDITION_LENGTH_PARAMETER,AUSTRALIAN_SYNTHETIC,,UNKNOWN
RTDR-AB2D24112E32D1F44FCE401F,2021-08-03|SPORTSBET-PAKENHAM SYNTHETIC|R01,2021-08-03,SPORTSBET-PAKENHAM SYNTHETIC,1100,NO_GOVERNED_SURFACE_CONDITION_LENGTH_PARAMETER,AUSTRALIAN_SYNTHETIC,,UNKNOWN
RTDR-D1BB4CBDDE1C3C42D83038C7,2021-08-03|SPORTSBET-PAKENHAM SYNTHETIC|R02,2021-08-03,SPORTSBET-PAKENHAM SYNTHETIC,1100,NO_GOVERNED_SURFACE_CONDITION_LENGTH_PARAMETER,AUSTRALIAN_SYNTHETIC,,UNKNOWN
RTDR-03AE6F45FC4A74D08388D786,2021-08-06|SPORTSBET-BALLARAT SYNTHETIC|R03,2021-08-06,SPORTSBET-BALLARAT SYNTHETIC,1200,NO_GOVERNED_SURFACE_CONDITION_LENGTH_PARAMETER,AUSTRALIAN_SYNTHETIC,,UNKNOWN
RTDR-5E276FBB925C0143300F2215,2021-08-06|SPORTSBET-BALLARAT SYNTHETIC|R04,2021-08-06,SPORTSBET-BALLARAT SYNTHETIC,1400,NO_GOVERNED_SURFACE_CONDITION_LENGTH_PARAMETER,AUSTRALIAN_SYNTHETIC,,UNKNOWN
RTDR-3A42C2FD7414C9D9C358C867,2021-08-06|SPORTSBET-BALLARAT SYNTHETIC|R05,2021-08-06,SPORTSBET-BALLARAT SYNTHETIC,1500,NO_GOVERNED_SURFACE_CONDITION_LENGTH_PARAMETER,AUSTRALIAN_SYNTHETIC,,UNKNOWN
RTDR-32952CE89106BD8EF4279171,2021-08-06|SPORTSBET-BALLARAT SYNTHETIC|R07,2021-08-06,SPORTSBET-BALLARAT SYNTHETIC,1400,NO_GOVERNED_SURFACE_CONDITION_LENGTH_PARAMETER,AUSTRALIAN_SYNTHETIC,,UNKNOWN
RTDR-A8BADF554E2B1C5BD9D7ED43,2021-08-06|SPORTSBET-BALLARAT SYNTHETIC|R09,2021-08-06,SPORTSBET-BALLARAT SYNTHETIC,1100,NO_GOVERNED_SURFACE_CONDITION_LENGTH_PARAMETER,AUSTRALIAN_SYNTHETIC,,UNKNOWN
RTDR-1A1763983F9B56D12032F97F,2021-08-06|SPORTSBET-BALLARAT SYNTHETIC|R08,2021-08-06,SPORTSBET-BALLARAT SYNTHETIC,1200,NO_GOVERNED_SURFACE_CONDITION_LENGTH_PARAMETER,AUSTRALIAN_SYNTHETIC,,UNKNOWN
RTDR-9EAB9BE771C9BDD37E201549,2021-08-06|SPORTSBET-BALLARAT SYNTHETIC|R06,2021-08-06,SPORTSBET-BALLARAT SYNTHETIC,1500,NO_GOVERNED_SURFACE_CONDITION_LENGTH_PARAMETER,AUSTRALIAN_SYNTHETIC,,UNKNOWN
RTDR-E0575420050F55AD7B2D02FF,2021-08-06|SPORTSBET-BALLARAT SYNTHETIC|R02,2021-08-06,SPORTSBET-BALLARAT SYNTHETIC,1000,NO_GOVERNED_SURFACE_CONDITION_LENGTH_PARAMETER,AUSTRALIAN_SYNTHETIC,,UNKNOWN
RTDR-27489C3F672CAE2BBF75452E,2021-08-06|SPORTSBET-BALLARAT SYNTHETIC|R01,2021-08-06,SPORTSBET-BALLARAT SYNTHETIC,1000,NO_GOVERNED_SURFACE_CONDITION_LENGTH_PARAMETER,AUSTRALIAN_SYNTHETIC,,UNKNOWN
RTDR-2984DC4A3793AEAA2CAEF99D,2021-08-10|SPORTSBET-BALLARAT SYNTHETIC|R02,2021-08-10,SPORTSBET-BALLARAT SYNTHETIC,1200,NO_GOVERNED_SURFACE_CONDITION_LENGTH_PARAMETER,AUSTRALIAN_SYNTHETIC,,UNKNOWN
RTDR-D804FFE83F621261EE0248B7,2021-08-10|SPORTSBET-BALLARAT SYNTHETIC|R04,2021-08-10,SPORTSBET-BALLARAT SYNTHETIC,1100,NO_GOVERNED_SURFACE_CONDITION_LENGTH_PARAMETER,AUSTRALIAN_SYNTHETIC,,UNKNOWN
RTDR-944D335815883605094A0B86,2021-08-10|SPORTSBET-BALLARAT SYNTHETIC|R03,2021-08-10,SPORTSBET-BALLARAT SYNTHETIC,1500,NO_GOVERNED_SURFACE_CONDITION_LENGTH_PARAMETER,AUSTRALIAN_SYNTHETIC,,UNKNOWN
RTDR-0DBA5DB94ABCB668562BBA00,2021-08-10|SPORTSBET-BALLARAT SYNTHETIC|R05,2021-08-10,SPORTSBET-BALLARAT SYNTHETIC,1000,NO_GOVERNED_SURFACE_CONDITION_LENGTH_PARAMETER,AUSTRALIAN_SYNTHETIC,,UNKNOWN
RTDR-3942AB47A4E345DA3B135BAA,2021-08-10|SPORTSBET-BALLARAT SYNTHETIC|R07,2021-08-10,SPORTSBET-BALLARAT SYNTHETIC,1400,NO_GOVERNED_SURFACE_CONDITION_LENGTH_PARAMETER,AUSTRALIAN_SYNTHETIC,,UNKNOWN
RTDR-FD0BB7D8A68ED78465AC7E02,2021-08-10|SPORTSBET-BALLARAT SYNTHETIC|R08,2021-08-10,SPORTSBET-BALLARAT SYNTHETIC,2100,NO_GOVERNED_SURFACE_CONDITION_LENGTH_PARAMETER,AUSTRALIAN_SYNTHETIC,,UNKNOWN
RTDR-590460AEEC44BD102AC3502F,2021-08-10|SPORTSBET-BALLARAT SYNTHETIC|R06,2021-08-10,SPORTSBET-BALLARAT SYNTHETIC,1200,NO_GOVERNED_SURFACE_CONDITION_LENGTH_PARAMETER,AUSTRALIAN_SYNTHETIC,,UNKNOWN
RTDR-EEB52D094C5B8762B0B68B72,2021-08-10|SPORTSBET-BALLARAT SYNTHETIC|R01,2021-08-10,SPORTSBET-BALLARAT SYNTHETIC,1200,NO_GOVERNED_SURFACE_CONDITION_LENGTH_PARAMETER,AUSTRALIAN_SYNTHETIC,,UNKNOWN
RTDR-1E72E05FB6A4CC04808FFAE8,2021-08-16|SPORTSBET-BALLARAT SYNTHETIC|R05,2021-08-16,SPORTSBET-BALLARAT SYNTHETIC,1200,NO_GOVERNED_SURFACE_CONDITION_LENGTH_PARAMETER,AUSTRALIAN_SYNTHETIC,,UNKNOWN
RTDR-F16826A832796247DC58E90A,2021-08-16|SPORTSBET-BALLARAT SYNTHETIC|R01,2021-08-16,SPORTSBET-BALLARAT SYNTHETIC,2100,NO_GOVERNED_SURFACE_CONDITION_LENGTH_PARAMETER,AUSTRALIAN_SYNTHETIC,,UNKNOWN
RTDR-320915A6942AE7A31C44933C,2021-08-16|SPORTSBET-BALLARAT SYNTHETIC|R02,2021-08-16,SPORTSBET-BALLARAT SYNTHETIC,1500,NO_GOVERNED_SURFACE_CONDITION_LENGTH_PARAMETER,AUSTRALIAN_SYNTHETIC,,UNKNOWN
RTDR-A6D2428A5BC480B2F3557049,2021-08-16|SPORTSBET-BALLARAT SYNTHETIC|R07,2021-08-16,SPORTSBET-BALLARAT SYNTHETIC,1100,NO_GOVERNED_SURFACE_CONDITION_LENGTH_PARAMETER,AUSTRALIAN_SYNTHETIC,,UNKNOWN
RTDR-F039D236CAC6286FC698054F,2021-08-16|SPORTSBET-BALLARAT SYNTHETIC|R06,2021-08-16,SPORTSBET-BALLARAT SYNTHETIC,1200,NO_GOVERNED_SURFACE_CONDITION_LENGTH_PARAMETER,AUSTRALIAN_SYNTHETIC,,UNKNOWN
RTDR-CED0C22D28DDECD93A67FBD2,2021-08-16|SPORTSBET-BALLARAT SYNTHETIC|R08,2021-08-16,SPORTSBET-BALLARAT SYNTHETIC,1400,NO_GOVERNED_SURFACE_CONDITION_LENGTH_PARAMETER,AUSTRALIAN_SYNTHETIC,,UNKNOWN
RTDR-692379980E47012AF94B127B,2021-08-16|SPORTSBET-BALLARAT SYNTHETIC|R04,2021-08-16,SPORTSBET-BALLARAT SYNTHETIC,1000,NO_GOVERNED_SURFACE_CONDITION_LENGTH_PARAMETER,AUSTRALIAN_SYNTHETIC,,UNKNOWN
RTDR-DE185352FB7107874A458B21,2021-08-16|SPORTSBET-BALLARAT SYNTHETIC|R03,2021-08-16,SPORTSBET-BALLARAT SYNTHETIC,1000,NO_GOVERNED_SURFACE_CONDITION_LENGTH_PARAMETER,AUSTRALIAN_SYNTHETIC,,UNKNOWN
RTDR-D756334C5EDDA89746ED39E2,2021-08-17|SPORTSBET-PAKENHAM SYNTHETIC|R02,2021-08-17,SPORTSBET-PAKENHAM SYNTHETIC,1200,NO_GOVERNED_SURFACE_CONDITION_LENGTH_PARAMETER,AUSTRALIAN_SYNTHETIC,,UNKNOWN
RTDR-F4E91374FDAE3E0C25809626,2021-08-17|SPORTSBET-PAKENHAM SYNTHETIC|R04,2021-08-17,SPORTSBET-PAKENHAM SYNTHETIC,2200,NO_GOVERNED_SURFACE_CONDITION_LENGTH_PARAMETER,AUSTRALIAN_SYNTHETIC,,UNKNOWN
RTDR-7089B13BD90FD85B2DBF1F47,2021-08-17|SPORTSBET-PAKENHAM SYNTHETIC|R03,2021-08-17,SPORTSBET-PAKENHAM SYNTHETIC,1100,NO_GOVERNED_SURFACE_CONDITION_LENGTH_PARAMETER,AUSTRALIAN_SYNTHETIC,,UNKNOWN
RTDR-38F5A68A41AA96A6F38B52B6,2021-08-17|SPORTSBET-PAKENHAM SYNTHETIC|R01,2021-08-17,SPORTSBET-PAKENHAM SYNTHETIC,1600,NO_GOVERNED_SURFACE_CONDITION_LENGTH_PARAMETER,AUSTRALIAN_SYNTHETIC,,UNKNOWN
RTDR-53FEB9A82199129F9A400FF9,2021-08-17|SPORTSBET-PAKENHAM SYNTHETIC|R05,2021-08-17,SPORTSBET-PAKENHAM SYNTHETIC,1000,NO_GOVERNED_SURFACE_CONDITION_LENGTH_PARAMETER,AUSTRALIAN_SYNTHETIC,,UNKNOWN
RTDR-1B83C4BD3E12795EC18A4E19,2021-08-17|SPORTSBET-PAKENHAM SYNTHETIC|R08,2021-08-17,SPORTSBET-PAKENHAM SYNTHETIC,1200,NO_GOVERNED_SURFACE_CONDITION_LENGTH_PARAMETER,AUSTRALIAN_SYNTHETIC,,UNKNOWN
RTDR-C293C0B3A6C88365C94EBE45,2021-08-17|SPORTSBET-PAKENHAM SYNTHETIC|R06,2021-08-17,SPORTSBET-PAKENHAM SYNTHETIC,1400,NO_GOVERNED_SURFACE_CONDITION_LENGTH_PARAMETER,AUSTRALIAN_SYNTHETIC,,UNKNOWN
RTDR-9B0026F4720DBDF06256DE8F,2021-08-17|SPORTSBET-PAKENHAM SYNTHETIC|R07,2021-08-17,SPORTSBET-PAKENHAM SYNTHETIC,1600,NO_GOVERNED_SURFACE_CONDITION_LENGTH_PARAMETER,AUSTRALIAN_SYNTHETIC,,UNKNOWN
RTDR-20CCAD98519477E608BB7E92,2021-08-23|SPORTSBET-PAKENHAM SYNTHETIC|R02,2021-08-23,SPORTSBET-PAKENHAM SYNTHETIC,1000,NO_GOVERNED_SURFACE_CONDITION_LENGTH_PARAMETER,AUSTRALIAN_SYNTHETIC,,UNKNOWN
RTDR-8649CC8C04F09B2A5F160748,2021-08-23|SPORTSBET-PAKENHAM SYNTHETIC|R01,2021-08-23,SPORTSBET-PAKENHAM SYNTHETIC,1100,NO_GOVERNED_SURFACE_CONDITION_LENGTH_PARAMETER,AUSTRALIAN_SYNTHETIC,,UNKNOWN
RTDR-AFDCCC48AACCDC2142FE6965,2021-08-23|SPORTSBET-PAKENHAM SYNTHETIC|R03,2021-08-23,SPORTSBET-PAKENHAM SYNTHETIC,1400,NO_GOVERNED_SURFACE_CONDITION_LENGTH_PARAMETER,AUSTRALIAN_SYNTHETIC,,UNKNOWN
RTDR-EAA4CF3937F91937E952BC5C,2021-08-23|SPORTSBET-PAKENHAM SYNTHETIC|R04,2021-08-23,SPORTSBET-PAKENHAM SYNTHETIC,1600,NO_GOVERNED_SURFACE_CONDITION_LENGTH_PARAMETER,AUSTRALIAN_SYNTHETIC,,UNKNOWN
RTDR-3B41E0335273B31A80A9C427,2021-08-23|SPORTSBET-PAKENHAM SYNTHETIC|R05,2021-08-23,SPORTSBET-PAKENHAM SYNTHETIC,1000,NO_GOVERNED_SURFACE_CONDITION_LENGTH_PARAMETER,AUSTRALIAN_SYNTHETIC,,UNKNOWN
RTDR-C147BB27ABDFE84CC63465A5,2021-08-23|SPORTSBET-PAKENHAM SYNTHETIC|R06,2021-08-23,SPORTSBET-PAKENHAM SYNTHETIC,1200,NO_GOVERNED_SURFACE_CONDITION_LENGTH_PARAMETER,AUSTRALIAN_SYNTHETIC,,UNKNOWN
RTDR-981E71A01EDA11353BF1FFD7,2021-08-23|SPORTSBET-PAKENHAM SYNTHETIC|R07,2021-08-23,SPORTSBET-PAKENHAM SYNTHETIC,1400,NO_GOVERNED_SURFACE_CONDITION_LENGTH_PARAMETER,AUSTRALIAN_SYNTHETIC,,UNKNOWN
RTDR-6285F72AE25F781F63509E5E,2021-08-23|SPORTSBET-PAKENHAM SYNTHETIC|R08,2021-08-23,SPORTSBET-PAKENHAM SYNTHETIC,1600,NO_GOVERNED_SURFACE_CONDITION_LENGTH_PARAMETER,AUSTRALIAN_SYNTHETIC,,UNKNOWN
RTDR-08AF2755497A8453667669B2,2021-08-24|SPORTSBET-BALLARAT SYNTHETIC|R04,2021-08-24,SPORTSBET-BALLARAT SYNTHETIC,1000,NO_GOVERNED_SURFACE_CONDITION_LENGTH_PARAMETER,AUSTRALIAN_SYNTHETIC,,UNKNOWN
RTDR-2D303DD01DB48C121AF055EE,2021-08-24|SPORTSBET-BALLARAT SYNTHETIC|R03,2021-08-24,SPORTSBET-BALLARAT SYNTHETIC,1200,NO_GOVERNED_SURFACE_CONDITION_LENGTH_PARAMETER,AUSTRALIAN_SYNTHETIC,,UNKNOWN
RTDR-321681FB437D62D4F73CDDB6,2021-08-24|SPORTSBET-BALLARAT SYNTHETIC|R02,2021-08-24,SPORTSBET-BALLARAT SYNTHETIC,1400,NO_GOVERNED_SURFACE_CONDITION_LENGTH_PARAMETER,AUSTRALIAN_SYNTHETIC,,UNKNOWN
RTDR-CDB25DBE4FBD068273A5F495,2021-08-24|SPORTSBET-BALLARAT SYNTHETIC|R01,2021-08-24,SPORTSBET-BALLARAT SYNTHETIC,1400,NO_GOVERNED_SURFACE_CONDITION_LENGTH_PARAMETER,AUSTRALIAN_SYNTHETIC,,UNKNOWN
RTDR-305A00AA4A01D9227B504C6D,2021-08-24|SPORTSBET-BALLARAT SYNTHETIC|R05,2021-08-24,SPORTSBET-BALLARAT SYNTHETIC,1000,NO_GOVERNED_SURFACE_CONDITION_LENGTH_PARAMETER,AUSTRALIAN_SYNTHETIC,,UNKNOWN
RTDR-E8135051581EDE032E1E3913,2021-08-24|SPORTSBET-BALLARAT SYNTHETIC|R08,2021-08-24,SPORTSBET-BALLARAT SYNTHETIC,1200,NO_GOVERNED_SURFACE_CONDITION_LENGTH_PARAMETER,AUSTRALIAN_SYNTHETIC,,UNKNOWN
RTDR-2AA42143B2C1772F3B9D34DC,2021-08-24|SPORTSBET-BALLARAT SYNTHETIC|R06,2021-08-24,SPORTSBET-BALLARAT SYNTHETIC,2100,NO_GOVERNED_SURFACE_CONDITION_LENGTH_PARAMETER,AUSTRALIAN_SYNTHETIC,,UNKNOWN
RTDR-36136BA139203D4C44DC1DBB,2021-08-24|SPORTSBET-BALLARAT SYNTHETIC|R07,2021-08-24,SPORTSBET-BALLARAT SYNTHETIC,1400,NO_GOVERNED_SURFACE_CONDITION_LENGTH_PARAMETER,AUSTRALIAN_SYNTHETIC,,UNKNOWN
RTDR-35DA1F0180FFE59E2BB37009,2021-08-27|SPORTSBET-PAKENHAM SYNTHETIC|R03,2021-08-27,SPORTSBET-PAKENHAM SYNTHETIC,1200,NO_GOVERNED_SURFACE_CONDITION_LENGTH_PARAMETER,AUSTRALIAN_SYNTHETIC,,UNKNOWN
RTDR-33AE082BAA45502CA633549F,2021-08-27|SPORTSBET-PAKENHAM SYNTHETIC|R04,2021-08-27,SPORTSBET-PAKENHAM SYNTHETIC,1200,NO_GOVERNED_SURFACE_CONDITION_LENGTH_PARAMETER,AUSTRALIAN_SYNTHETIC,,UNKNOWN
RTDR-4675DC5EDEFE58393B21E6FE,2021-08-27|SPORTSBET-PAKENHAM SYNTHETIC|R02,2021-08-27,SPORTSBET-PAKENHAM SYNTHETIC,1000,NO_GOVERNED_SURFACE_CONDITION_LENGTH_PARAMETER,AUSTRALIAN_SYNTHETIC,,UNKNOWN
RTDR-CB0AE47A5558B9643D563403,2021-08-27|SPORTSBET-PAKENHAM SYNTHETIC|R01,2021-08-27,SPORTSBET-PAKENHAM SYNTHETIC,2200,NO_GOVERNED_SURFACE_CONDITION_LENGTH_PARAMETER,AUSTRALIAN_SYNTHETIC,,UNKNOWN
RTDR-AECE3C5F8F1B7D09EB71DDEA,2021-08-27|SPORTSBET-PAKENHAM SYNTHETIC|R08,2021-08-27,SPORTSBET-PAKENHAM SYNTHETIC,1400,NO_GOVERNED_SURFACE_CONDITION_LENGTH_PARAMETER,AUSTRALIAN_SYNTHETIC,,UNKNOWN
RTDR-3072B78CE1871610382C868D,2021-08-27|SPORTSBET-PAKENHAM SYNTHETIC|R06,2021-08-27,SPORTSBET-PAKENHAM SYNTHETIC,1600,NO_GOVERNED_SURFACE_CONDITION_LENGTH_PARAMETER,AUSTRALIAN_SYNTHETIC,,UNKNOWN
RTDR-58565C6E406B61989D9250F9,2021-08-27|SPORTSBET-PAKENHAM SYNTHETIC|R05,2021-08-27,SPORTSBET-PAKENHAM SYNTHETIC,2200,NO_GOVERNED_SURFACE_CONDITION_LENGTH_PARAMETER,AUSTRALIAN_SYNTHETIC,,UNKNOWN
RTDR-A8D6E8B1F0F1E9946DC203C4,2021-08-27|SPORTSBET-PAKENHAM SYNTHETIC|R07,2021-08-27,SPORTSBET-PAKENHAM SYNTHETIC,1200,NO_GOVERNED_SURFACE_CONDITION_LENGTH_PARAMETER,AUSTRALIAN_SYNTHETIC,,UNKNOWN
RTDR-BC108EC65734143297E1272B,2021-08-31|SPORTSBET-BALLARAT SYNTHETIC|R04,2021-08-31,SPORTSBET-BALLARAT SYNTHETIC,1000,NO_GOVERNED_SURFACE_CONDITION_LENGTH_PARAMETER,AUSTRALIAN_SYNTHETIC,,UNKNOWN
RTDR-AA8BF7BD0128C2A918B892A9,2021-08-31|SPORTSBET-BALLARAT SYNTHETIC|R03,2021-08-31,SPORTSBET-BALLARAT SYNTHETIC,1200,NO_GOVERNED_SURFACE_CONDITION_LENGTH_PARAMETER,AUSTRALIAN_SYNTHETIC,,UNKNOWN
RTDR-7D62CC1452290656AF699DD6,2021-08-31|SPORTSBET-BALLARAT SYNTHETIC|R01,2021-08-31,SPORTSBET-BALLARAT SYNTHETIC,1400,NO_GOVERNED_SURFACE_CONDITION_LENGTH_PARAMETER,AUSTRALIAN_SYNTHETIC,,UNKNOWN
RTDR-8A92F83ADB2C27DCF1E47685,2021-08-31|SPORTSBET-BALLARAT SYNTHETIC|R02,2021-08-31,SPORTSBET-BALLARAT SYNTHETIC,1500,NO_GOVERNED_SURFACE_CONDITION_LENGTH_PARAMETER,AUSTRALIAN_SYNTHETIC,,UNKNOWN
RTDR-723D681A1AFA94E6A0B652FE,2021-08-31|SPORTSBET-BALLARAT SYNTHETIC|R05,2021-08-31,SPORTSBET-BALLARAT SYNTHETIC,1000,NO_GOVERNED_SURFACE_CONDITION_LENGTH_PARAMETER,AUSTRALIAN_SYNTHETIC,,UNKNOWN
RTDR-1D37B47E2545142144EA5F24,2021-08-31|SPORTSBET-BALLARAT SYNTHETIC|R08,2021-08-31,SPORTSBET-BALLARAT SYNTHETIC,1200,NO_GOVERNED_SURFACE_CONDITION_LENGTH_PARAMETER,AUSTRALIAN_SYNTHETIC,,UNKNOWN
RTDR-6C615A3F8672AF8C3DAA0E60,2021-08-31|SPORTSBET-BALLARAT SYNTHETIC|R07,2021-08-31,SPORTSBET-BALLARAT SYNTHETIC,1500,NO_GOVERNED_SURFACE_CONDITION_LENGTH_PARAMETER,AUSTRALIAN_SYNTHETIC,,UNKNOWN
RTDR-320FF7C42A22551CF35EC8E0,2021-08-31|SPORTSBET-BALLARAT SYNTHETIC|R06,2021-08-31,SPORTSBET-BALLARAT SYNTHETIC,1500,NO_GOVERNED_SURFACE_CONDITION_LENGTH_PARAMETER,AUSTRALIAN_SYNTHETIC,,UNKNOWN
RTDR-2F126BECF9ACD155808F8492,2012-12-26|BET365 GEELONG SYNTHETIC|R01,2012-12-26,BET365 GEELONG SYNTHETIC,1200,NO_GOVERNED_SURFACE_CONDITION_LENGTH_PARAMETER,AUSTRALIAN_SYNTHETIC,,UNKNOWN
RTDR-0E55A38770E7F0D62726B0A7,2012-12-26|BET365 GEELONG SYNTHETIC|R04,2012-12-26,BET365 GEELONG SYNTHETIC,1300,NO_GOVERNED_SURFACE_CONDITION_LENGTH_PARAMETER,AUSTRALIAN_SYNTHETIC,,UNKNOWN
RTDR-F320DAF235854E01202DF917,2012-12-26|BET365 GEELONG SYNTHETIC|R03,2012-12-26,BET365 GEELONG SYNTHETIC,1900,NO_GOVERNED_SURFACE_CONDITION_LENGTH_PARAMETER,AUSTRALIAN_SYNTHETIC,,UNKNOWN
RTDR-C4A8F2CA7459E4C174759D1C,2012-12-26|BET365 GEELONG SYNTHETIC|R07,2012-12-26,BET365 GEELONG SYNTHETIC,1000,NO_GOVERNED_SURFACE_CONDITION_LENGTH_PARAMETER,AUSTRALIAN_SYNTHETIC,,UNKNOWN
RTDR-A33B0B6D5C6E141D855BA482,2012-12-26|BET365 GEELONG SYNTHETIC|R05,2012-12-26,BET365 GEELONG SYNTHETIC,1900,NO_GOVERNED_SURFACE_CONDITION_LENGTH_PARAMETER,AUSTRALIAN_SYNTHETIC,,UNKNOWN
RTDR-C669E502337E264D61F7750B,2012-12-26|BET365 GEELONG SYNTHETIC|R06,2012-12-26,BET365 GEELONG SYNTHETIC,1300,NO_GOVERNED_SURFACE_CONDITION_LENGTH_PARAMETER,AUSTRALIAN_SYNTHETIC,,UNKNOWN
RTDR-309F71F48C8039DDA967A58E,2012-12-26|BET365 GEELONG SYNTHETIC|R02,2012-12-26,BET365 GEELONG SYNTHETIC,2000,NO_GOVERNED_SURFACE_CONDITION_LENGTH_PARAMETER,AUSTRALIAN_SYNTHETIC,,UNKNOWN
RTDR-8CCEF7BA10ED2D809E69D009,2024-12-09|SPORTSBET-BALLARAT|R10,2024-12-09,SPORTSBET-BALLARAT,900,NO_GOVERNED_SURFACE_CONDITION_LENGTH_PARAMETER,TURF,0,UNKNOWN
RTDR-EB1EE63B7A13215CD00EF2B5,2024-12-09|SPORTSBET-BALLARAT|R11,2024-12-09,SPORTSBET-BALLARAT,900,NO_GOVERNED_SURFACE_CONDITION_LENGTH_PARAMETER,TURF,0,UNKNOWN
RTDR-34C009428B02DEAE51342F28,2024-12-09|SPORTSBET-BALLARAT|R12,2024-12-09,SPORTSBET-BALLARAT,900,NO_GOVERNED_SURFACE_CONDITION_LENGTH_PARAMETER,TURF,0,UNKNOWN
RTDR-E428429A69AB562C5DD6A328,2024-12-09|SPORTSBET-BALLARAT|R13,2024-12-09,SPORTSBET-BALLARAT,900,NO_GOVERNED_SURFACE_CONDITION_LENGTH_PARAMETER,TURF,0,UNKNOWN
RTDR-BD18E9B06B53840743FD46C9,2024-12-09|SPORTSBET-BALLARAT|R14,2024-12-09,SPORTSBET-BALLARAT,900,NO_GOVERNED_SURFACE_CONDITION_LENGTH_PARAMETER,TURF,0,UNKNOWN
RTDR-D61F49E66FD95E3E5A7AD645,2024-12-09|SPORTSBET-BALLARAT|R15,2024-12-09,SPORTSBET-BALLARAT,900,NO_GOVERNED_SURFACE_CONDITION_LENGTH_PARAMETER,TURF,0,UNKNOWN
RTDR-D97A1819470AEB052369C32D,2024-12-09|SPORTSBET-BALLARAT|R16,2024-12-09,SPORTSBET-BALLARAT,900,NO_GOVERNED_SURFACE_CONDITION_LENGTH_PARAMETER,TURF,0,UNKNOWN
RTDR-F142506950C08F5E40B90696,2024-12-09|SPORTSBET-BALLARAT|R17,2024-12-09,SPORTSBET-BALLARAT,900,NO_GOVERNED_SURFACE_CONDITION_LENGTH_PARAMETER,TURF,0,UNKNOWN
RTDR-7D445FFF218AC069A719C85E,2024-12-09|SPORTSBET-BALLARAT|R18,2024-12-09,SPORTSBET-BALLARAT,900,NO_GOVERNED_SURFACE_CONDITION_LENGTH_PARAMETER,TURF,0,UNKNOWN
RTDR-6FD8CBF81279CD106B3F0B5E,2024-12-09|SPORTSBET-BALLARAT|R07,2024-12-09,SPORTSBET-BALLARAT,900,NO_GOVERNED_SURFACE_CONDITION_LENGTH_PARAMETER,TURF,0,UNKNOWN
RTDR-6282ADBBE4635BFB7E36E187,2024-12-09|SPORTSBET-BALLARAT|R08,2024-12-09,SPORTSBET-BALLARAT,900,NO_GOVERNED_SURFACE_CONDITION_LENGTH_PARAMETER,TURF,0,UNKNOWN
RTDR-07DA30308744E74390857E64,2024-12-09|SPORTSBET-BALLARAT|R09,2024-12-09,SPORTSBET-BALLARAT,900,NO_GOVERNED_SURFACE_CONDITION_LENGTH_PARAMETER,TURF,0,UNKNOWN
RTDR-AB58B6D7FF383604726EADEB,2026-02-23|SPORTSBET-BALLARAT|R06,2026-02-23,SPORTSBET-BALLARAT,900,NO_GOVERNED_SURFACE_CONDITION_LENGTH_PARAMETER,TURF,0,UNKNOWN
RTDR-7DA758E1DF3F1065D94C44DE,2026-02-23|SPORTSBET-BALLARAT|R07,2026-02-23,SPORTSBET-BALLARAT,900,NO_GOVERNED_SURFACE_CONDITION_LENGTH_PARAMETER,TURF,0,UNKNOWN
RTDR-F2A0931F4E5AE5EB34DAC9D2,2026-02-23|SPORTSBET-BALLARAT|R08,2026-02-23,SPORTSBET-BALLARAT,900,NO_GOVERNED_SURFACE_CONDITION_LENGTH_PARAMETER,TURF,0,UNKNOWN
RTDR-BC7DEBDF2193DC636AF86C2F,2026-02-23|SPORTSBET-BALLARAT|R09,2026-02-23,SPORTSBET-BALLARAT,900,NO_GOVERNED_SURFACE_CONDITION_LENGTH_PARAMETER,TURF,0,UNKNOWN
RTDR-B123576913E8374CB0D19970,2026-02-23|SPORTSBET-BALLARAT|R10,2026-02-23,SPORTSBET-BALLARAT,900,NO_GOVERNED_SURFACE_CONDITION_LENGTH_PARAMETER,TURF,0,UNKNOWN
RTDR-C34F4E048C44BA6795F71B76,2026-02-23|SPORTSBET-BALLARAT|R11,2026-02-23,SPORTSBET-BALLARAT,900,NO_GOVERNED_SURFACE_CONDITION_LENGTH_PARAMETER,TURF,0,UNKNOWN
RTDR-709D7D64A4CA71AB1F667D7E,2026-02-23|SPORTSBET-BALLARAT|R04,2026-02-23,SPORTSBET-BALLARAT,900,NO_GOVERNED_SURFACE_CONDITION_LENGTH_PARAMETER,TURF,0,UNKNOWN
RTDR-21386338786EBA2CC992EAF5,2026-02-23|SPORTSBET-BALLARAT|R05,2026-02-23,SPORTSBET-BALLARAT,900,NO_GOVERNED_SURFACE_CONDITION_LENGTH_PARAMETER,TURF,0,UNKNOWN
RTDR-47B41D1617056A4027E17975,2026-02-23|SPORTSBET-BALLARAT|R02,2026-02-23,SPORTSBET-BALLARAT,900,NO_GOVERNED_SURFACE_CONDITION_LENGTH_PARAMETER,TURF,0,UNKNOWN
RTDR-F852F334DE1DB501CB058A7A,2026-02-23|SPORTSBET-BALLARAT|R03,2026-02-23,SPORTSBET-BALLARAT,900,NO_GOVERNED_SURFACE_CONDITION_LENGTH_PARAMETER,TURF,0,UNKNOWN
RTDR-44112BA78CE1287C76DA8CB4,2026-02-25|CAULFIELD HEATH|R11,2026-02-25,CAULFIELD HEATH,800,NO_GOVERNED_SURFACE_CONDITION_LENGTH_PARAMETER,TURF,,UNKNOWN
RTDR-C3631BA4A07A3EB443848107,2026-02-25|CAULFIELD HEATH|R01,2026-02-25,CAULFIELD HEATH,800,NO_GOVERNED_SURFACE_CONDITION_LENGTH_PARAMETER,TURF,,UNKNOWN
RTDR-BB9632FCBED075BA21123B10,2026-02-25|CAULFIELD HEATH|R05,2026-02-25,CAULFIELD HEATH,1000,NO_GOVERNED_SURFACE_CONDITION_LENGTH_PARAMETER,TURF,,UNKNOWN
RTDR-1FE1CFAEC0B66D69CB1B79AB,2026-02-25|CAULFIELD HEATH|R06,2026-02-25,CAULFIELD HEATH,1000,NO_GOVERNED_SURFACE_CONDITION_LENGTH_PARAMETER,TURF,,UNKNOWN
RTDR-13E4688DAE5D5734F5D3040D,2026-02-25|CAULFIELD HEATH|R09,2026-02-25,CAULFIELD HEATH,1000,NO_GOVERNED_SURFACE_CONDITION_LENGTH_PARAMETER,TURF,,UNKNOWN
RTDR-57F0BCBF407A0F34A1451B2F,2026-02-25|CAULFIELD HEATH|R10,2026-02-25,CAULFIELD HEATH,1000,NO_GOVERNED_SURFACE_CONDITION_LENGTH_PARAMETER,TURF,,UNKNOWN
RTDR-9EF5CB9901E8B37A0869F60E,2026-02-25|CAULFIELD HEATH|R07,2026-02-25,CAULFIELD HEATH,1000,NO_GOVERNED_SURFACE_CONDITION_LENGTH_PARAMETER,TURF,,UNKNOWN
RTDR-5A4B1E482290329FAF505E9F,2026-02-25|CAULFIELD HEATH|R08,2026-02-25,CAULFIELD HEATH,1000,NO_GOVERNED_SURFACE_CONDITION_LENGTH_PARAMETER,TURF,,UNKNOWN
RTDR-0B704DF112EB53CE4B8FF5FE,2026-02-25|CAULFIELD HEATH|R15,2026-02-25,CAULFIELD HEATH,800,NO_GOVERNED_SURFACE_CONDITION_LENGTH_PARAMETER,TURF,,UNKNOWN
RTDR-5BEBE8F1056F6C58F5A52A76,2026-02-25|CAULFIELD HEATH|R16,2026-02-25,CAULFIELD HEATH,800,NO_GOVERNED_SURFACE_CONDITION_LENGTH_PARAMETER,TURF,,UNKNOWN
RTDR-9D526CB944DAEC1A4456C4AF,2026-02-25|CAULFIELD HEATH|R17,2026-02-25,CAULFIELD HEATH,800,NO_GOVERNED_SURFACE_CONDITION_LENGTH_PARAMETER,TURF,,UNKNOWN
RTDR-CF0CF978AE328385FED47DC2,2026-02-25|CAULFIELD HEATH|R03,2026-02-25,CAULFIELD HEATH,1000,NO_GOVERNED_SURFACE_CONDITION_LENGTH_PARAMETER,TURF,,UNKNOWN
RTDR-4ED685A11E48DA0B651BDC9E,2026-02-25|CAULFIELD HEATH|R04,2026-02-25,CAULFIELD HEATH,1000,NO_GOVERNED_SURFACE_CONDITION_LENGTH_PARAMETER,TURF,,UNKNOWN
RTDR-3F6EA87A9F180233C7D9BE99,2026-02-25|CAULFIELD HEATH|R12,2026-02-25,CAULFIELD HEATH,800,NO_GOVERNED_SURFACE_CONDITION_LENGTH_PARAMETER,TURF,,UNKNOWN
RTDR-4013FFCABBDF11CF8D650280,2026-02-25|CAULFIELD HEATH|R13,2026-02-25,CAULFIELD HEATH,800,NO_GOVERNED_SURFACE_CONDITION_LENGTH_PARAMETER,TURF,,UNKNOWN
RTDR-309C84E167B85D5CDCAA56FA,2026-02-25|CAULFIELD HEATH|R14,2026-02-25,CAULFIELD HEATH,800,NO_GOVERNED_SURFACE_CONDITION_LENGTH_PARAMETER,TURF,,UNKNOWN
RTDR-4E81C7721DC2FD3038F8FF0E,2026-01-29|CAULFIELD HEATH|R11,2026-01-29,CAULFIELD HEATH,800,NO_GOVERNED_SURFACE_CONDITION_LENGTH_PARAMETER,TURF,0,UNKNOWN
RTDR-2F3EBC300DD33DEE3755D322,2026-01-29|CAULFIELD HEATH|R06,2026-01-29,CAULFIELD HEATH,1000,NO_GOVERNED_SURFACE_CONDITION_LENGTH_PARAMETER,TURF,0,UNKNOWN
RTDR-046A128C67037B76DCBE7A35,2026-01-29|CAULFIELD HEATH|R12,2026-01-29,CAULFIELD HEATH,800,NO_GOVERNED_SURFACE_CONDITION_LENGTH_PARAMETER,TURF,0,UNKNOWN
RTDR-C347B27E4C5C0FB977FB57A9,2026-01-29|CAULFIELD HEATH|R13,2026-01-29,CAULFIELD HEATH,800,NO_GOVERNED_SURFACE_CONDITION_LENGTH_PARAMETER,TURF,0,UNKNOWN
RTDR-3B52BC13762684D963E41F5F,2026-01-29|CAULFIELD HEATH|R07,2026-01-29,CAULFIELD HEATH,1000,NO_GOVERNED_SURFACE_CONDITION_LENGTH_PARAMETER,TURF,0,UNKNOWN
RTDR-0743B7991A1E1FD136D91337,2026-01-29|CAULFIELD HEATH|R08,2026-01-29,CAULFIELD HEATH,1000,NO_GOVERNED_SURFACE_CONDITION_LENGTH_PARAMETER,TURF,0,UNKNOWN
RTDR-97AE261C4980AF2C17E05E78,2026-01-29|CAULFIELD HEATH|R09,2026-01-29,CAULFIELD HEATH,1000,NO_GOVERNED_SURFACE_CONDITION_LENGTH_PARAMETER,TURF,0,UNKNOWN
RTDR-7E88AB6FE533C4EC9BA1F0FD,2026-01-29|CAULFIELD HEATH|R10,2026-01-29,CAULFIELD HEATH,1000,NO_GOVERNED_SURFACE_CONDITION_LENGTH_PARAMETER,TURF,0,UNKNOWN
RTDR-6FB3E88FBD52C8E891D39AC8,2026-01-29|CAULFIELD HEATH|R02,2026-01-29,CAULFIELD HEATH,1000,NO_GOVERNED_SURFACE_CONDITION_LENGTH_PARAMETER,TURF,0,UNKNOWN
RTDR-2A2869131F9BA892F2AF0FB9,2026-01-29|CAULFIELD HEATH|R01,2026-01-29,CAULFIELD HEATH,1000,NO_GOVERNED_SURFACE_CONDITION_LENGTH_PARAMETER,TURF,0,UNKNOWN
RTDR-955DD8589B9847A4CE83E23B,2026-01-29|CAULFIELD HEATH|R14,2026-01-29,CAULFIELD HEATH,800,NO_GOVERNED_SURFACE_CONDITION_LENGTH_PARAMETER,TURF,0,UNKNOWN
RTDR-748D5633B149D9905E825C73,2026-01-29|CAULFIELD HEATH|R15,2026-01-29,CAULFIELD HEATH,800,NO_GOVERNED_SURFACE_CONDITION_LENGTH_PARAMETER,TURF,0,UNKNOWN
RTDR-89058637D42DB92E04555053,2026-01-29|CAULFIELD HEATH|R04,2026-01-29,CAULFIELD HEATH,800,NO_GOVERNED_SURFACE_CONDITION_LENGTH_PARAMETER,TURF,0,UNKNOWN
RTDR-25AABECFD955276DA5BF0315,2026-01-29|CAULFIELD HEATH|R03,2026-01-29,CAULFIELD HEATH,800,NO_GOVERNED_SURFACE_CONDITION_LENGTH_PARAMETER,TURF,0,UNKNOWN
RTDR-F072DCEB7D96B7DDBFC50BE0,2007-07-07|BET365 GEELONG SYNTHETIC|R06,2007-07-07,BET365 GEELONG SYNTHETIC,1900,NO_GOVERNED_SURFACE_CONDITION_LENGTH_PARAMETER,AUSTRALIAN_SYNTHETIC,,UNKNOWN
RTDR-99987FAB96741FC66BA935BF,2007-07-07|BET365 GEELONG SYNTHETIC|R07,2007-07-07,BET365 GEELONG SYNTHETIC,1900,NO_GOVERNED_SURFACE_CONDITION_LENGTH_PARAMETER,AUSTRALIAN_SYNTHETIC,,UNKNOWN
RTDR-E66CD2C2DB8910D6FBF8DEB0,2007-07-07|BET365 GEELONG SYNTHETIC|R05,2007-07-07,BET365 GEELONG SYNTHETIC,2100,NO_GOVERNED_SURFACE_CONDITION_LENGTH_PARAMETER,AUSTRALIAN_SYNTHETIC,,UNKNOWN
RTDR-776E952D545CB0935BE728A9,2007-07-07|BET365 GEELONG SYNTHETIC|R08,2007-07-07,BET365 GEELONG SYNTHETIC,1200,NO_GOVERNED_SURFACE_CONDITION_LENGTH_PARAMETER,AUSTRALIAN_SYNTHETIC,,UNKNOWN
RTDR-A4E6AD974047CBB966739F08,2007-07-07|BET365 GEELONG SYNTHETIC|R01,2007-07-07,BET365 GEELONG SYNTHETIC,1200,NO_GOVERNED_SURFACE_CONDITION_LENGTH_PARAMETER,AUSTRALIAN_SYNTHETIC,,UNKNOWN
RTDR-C4151A02FA7E8C2E95174074,2007-07-07|BET365 GEELONG SYNTHETIC|R02,2007-07-07,BET365 GEELONG SYNTHETIC,1200,NO_GOVERNED_SURFACE_CONDITION_LENGTH_PARAMETER,AUSTRALIAN_SYNTHETIC,,UNKNOWN
RTDR-47EB4AA641EB10CAC8E0792C,2007-07-07|BET365 GEELONG SYNTHETIC|R03,2007-07-07,BET365 GEELONG SYNTHETIC,1200,NO_GOVERNED_SURFACE_CONDITION_LENGTH_PARAMETER,AUSTRALIAN_SYNTHETIC,,UNKNOWN
RTDR-1ED13EC960B89743DD17BF54,2007-07-07|BET365 GEELONG SYNTHETIC|R04,2007-07-07,BET365 GEELONG SYNTHETIC,1200,NO_GOVERNED_SURFACE_CONDITION_LENGTH_PARAMETER,AUSTRALIAN_SYNTHETIC,,UNKNOWN
RTDR-38D9F75E7C9F1DCCE35A48CC,2007-07-07|BET365 GEELONG SYNTHETIC|R09,2007-07-07,BET365 GEELONG SYNTHETIC,1100,NO_GOVERNED_SURFACE_CONDITION_LENGTH_PARAMETER,AUSTRALIAN_SYNTHETIC,,UNKNOWN
RTDR-41E86DD35E59A3F794B39668,2007-07-07|BET365 GEELONG SYNTHETIC|R10,2007-07-07,BET365 GEELONG SYNTHETIC,1100,NO_GOVERNED_SURFACE_CONDITION_LENGTH_PARAMETER,AUSTRALIAN_SYNTHETIC,,UNKNOWN
RTDR-F57D6DC69E3059E829A00B7F,2007-07-16|BET365 GEELONG SYNTHETIC|R04,2007-07-16,BET365 GEELONG SYNTHETIC,1100,NO_GOVERNED_SURFACE_CONDITION_LENGTH_PARAMETER,AUSTRALIAN_SYNTHETIC,,UNKNOWN
RTDR-B990F512BBDF9C0EC8057266,2007-07-16|BET365 GEELONG SYNTHETIC|R05,2007-07-16,BET365 GEELONG SYNTHETIC,1300,NO_GOVERNED_SURFACE_CONDITION_LENGTH_PARAMETER,AUSTRALIAN_SYNTHETIC,,UNKNOWN
RTDR-073BDD1A2E1D8DECDEDD3B8B,2007-07-16|BET365 GEELONG SYNTHETIC|R03,2007-07-16,BET365 GEELONG SYNTHETIC,2200,NO_GOVERNED_SURFACE_CONDITION_LENGTH_PARAMETER,AUSTRALIAN_SYNTHETIC,,UNKNOWN
RTDR-A29E06EC22AD51E61F37D5FF,2007-07-16|BET365 GEELONG SYNTHETIC|R06,2007-07-16,BET365 GEELONG SYNTHETIC,1200,NO_GOVERNED_SURFACE_CONDITION_LENGTH_PARAMETER,AUSTRALIAN_SYNTHETIC,,UNKNOWN
RTDR-B98458FD6959A5983F836BA7,2007-07-16|BET365 GEELONG SYNTHETIC|R09,2007-07-16,BET365 GEELONG SYNTHETIC,2200,NO_GOVERNED_SURFACE_CONDITION_LENGTH_PARAMETER,AUSTRALIAN_SYNTHETIC,,UNKNOWN
RTDR-B84932262D23C0FA1CF57BC2,2007-07-16|BET365 GEELONG SYNTHETIC|R10,2007-07-16,BET365 GEELONG SYNTHETIC,1300,NO_GOVERNED_SURFACE_CONDITION_LENGTH_PARAMETER,AUSTRALIAN_SYNTHETIC,,UNKNOWN
RTDR-F52BDE84E5E468C3E1E21E18,2007-07-16|BET365 GEELONG SYNTHETIC|R07,2007-07-16,BET365 GEELONG SYNTHETIC,1300,NO_GOVERNED_SURFACE_CONDITION_LENGTH_PARAMETER,AUSTRALIAN_SYNTHETIC,,UNKNOWN
RTDR-1140DF6BABE4F92FEB6F63BF,2007-07-16|BET365 GEELONG SYNTHETIC|R08,2007-07-16,BET365 GEELONG SYNTHETIC,1300,NO_GOVERNED_SURFACE_CONDITION_LENGTH_PARAMETER,AUSTRALIAN_SYNTHETIC,,UNKNOWN
RTDR-D26482C152346850A640E434,2007-07-16|BET365 GEELONG SYNTHETIC|R01,2007-07-16,BET365 GEELONG SYNTHETIC,1200,NO_GOVERNED_SURFACE_CONDITION_LENGTH_PARAMETER,AUSTRALIAN_SYNTHETIC,,UNKNOWN
RTDR-5604378B72721623830263FA,2007-07-16|BET365 GEELONG SYNTHETIC|R02,2007-07-16,BET365 GEELONG SYNTHETIC,1200,NO_GOVERNED_SURFACE_CONDITION_LENGTH_PARAMETER,AUSTRALIAN_SYNTHETIC,,UNKNOWN
RTDR-EBA66D8C95609192BA6E38F3,2007-07-18|BET365 GEELONG SYNTHETIC|R01,2007-07-18,BET365 GEELONG SYNTHETIC,1300,NO_GOVERNED_SURFACE_CONDITION_LENGTH_PARAMETER,AUSTRALIAN_SYNTHETIC,,UNKNOWN
RTDR-F017873B481A742DC236D8F8,2007-07-18|BET365 GEELONG SYNTHETIC|R05,2007-07-18,BET365 GEELONG SYNTHETIC,1200,NO_GOVERNED_SURFACE_CONDITION_LENGTH_PARAMETER,AUSTRALIAN_SYNTHETIC,,UNKNOWN
RTDR-DB7FA9C905171530DEAC6251,2007-07-18|BET365 GEELONG SYNTHETIC|R03,2007-07-18,BET365 GEELONG SYNTHETIC,1200,NO_GOVERNED_SURFACE_CONDITION_LENGTH_PARAMETER,AUSTRALIAN_SYNTHETIC,,UNKNOWN
RTDR-13ABFE7606DB3680546978FB,2007-07-18|BET365 GEELONG SYNTHETIC|R07,2007-07-18,BET365 GEELONG SYNTHETIC,1200,NO_GOVERNED_SURFACE_CONDITION_LENGTH_PARAMETER,AUSTRALIAN_SYNTHETIC,,UNKNOWN
RTDR-BC8954BFB708CDCC585EE53D,2007-07-18|BET365 GEELONG SYNTHETIC|R06,2007-07-18,BET365 GEELONG SYNTHETIC,1300,NO_GOVERNED_SURFACE_CONDITION_LENGTH_PARAMETER,AUSTRALIAN_SYNTHETIC,,UNKNOWN
RTDR-4F3EF3B6DA8D8E5A461F05D9,2007-07-18|BET365 GEELONG SYNTHETIC|R08,2007-07-18,BET365 GEELONG SYNTHETIC,1300,NO_GOVERNED_SURFACE_CONDITION_LENGTH_PARAMETER,AUSTRALIAN_SYNTHETIC,,UNKNOWN
RTDR-35E80A05F03F52A4AEACED4F,2007-07-18|BET365 GEELONG SYNTHETIC|R02,2007-07-18,BET365 GEELONG SYNTHETIC,2100,NO_GOVERNED_SURFACE_CONDITION_LENGTH_PARAMETER,AUSTRALIAN_SYNTHETIC,,UNKNOWN
RTDR-3DA46EDF0299AE6E5DE04393,2007-07-18|BET365 GEELONG SYNTHETIC|R04,2007-07-18,BET365 GEELONG SYNTHETIC,1300,NO_GOVERNED_SURFACE_CONDITION_LENGTH_PARAMETER,AUSTRALIAN_SYNTHETIC,,UNKNOWN
RTDR-DFAF29C8B109E7D0792A0E36,2007-07-23|BET365 GEELONG SYNTHETIC|R02,2007-07-23,BET365 GEELONG SYNTHETIC,1000,NO_GOVERNED_SURFACE_CONDITION_LENGTH_PARAMETER,AUSTRALIAN_SYNTHETIC,,UNKNOWN
RTDR-A8DC3A6C332D47E158062717,2007-07-23|BET365 GEELONG SYNTHETIC|R01,2007-07-23,BET365 GEELONG SYNTHETIC,1000,NO_GOVERNED_SURFACE_CONDITION_LENGTH_PARAMETER,AUSTRALIAN_SYNTHETIC,,UNKNOWN
RTDR-357565CA024A3A3A340F8C48,2007-07-23|BET365 GEELONG SYNTHETIC|R07,2007-07-23,BET365 GEELONG SYNTHETIC,1100,NO_GOVERNED_SURFACE_CONDITION_LENGTH_PARAMETER,AUSTRALIAN_SYNTHETIC,,UNKNOWN
RTDR-8FD07372BD0881D190C85853,2007-07-23|BET365 GEELONG SYNTHETIC|R08,2007-07-23,BET365 GEELONG SYNTHETIC,1300,NO_GOVERNED_SURFACE_CONDITION_LENGTH_PARAMETER,AUSTRALIAN_SYNTHETIC,,UNKNOWN
RTDR-D3FD7359EC0D28A0211D078F,2007-07-23|BET365 GEELONG SYNTHETIC|R09,2007-07-23,BET365 GEELONG SYNTHETIC,1300,NO_GOVERNED_SURFACE_CONDITION_LENGTH_PARAMETER,AUSTRALIAN_SYNTHETIC,,UNKNOWN
RTDR-4A7A164D105F5C2018B1924D,2007-07-23|BET365 GEELONG SYNTHETIC|R04,2007-07-23,BET365 GEELONG SYNTHETIC,1900,NO_GOVERNED_SURFACE_CONDITION_LENGTH_PARAMETER,AUSTRALIAN_SYNTHETIC,,UNKNOWN
RTDR-903BBB8CB4FDB4FC9DBF014E,2007-07-23|BET365 GEELONG SYNTHETIC|R05,2007-07-23,BET365 GEELONG SYNTHETIC,1900,NO_GOVERNED_SURFACE_CONDITION_LENGTH_PARAMETER,AUSTRALIAN_SYNTHETIC,,UNKNOWN
RTDR-0E685158CB26A8426E9FDC3F,2007-07-23|BET365 GEELONG SYNTHETIC|R06,2007-07-23,BET365 GEELONG SYNTHETIC,1900,NO_GOVERNED_SURFACE_CONDITION_LENGTH_PARAMETER,AUSTRALIAN_SYNTHETIC,,UNKNOWN
RTDR-F52E71E8159B9BD4E34C04ED,2007-07-26|BET365 GEELONG SYNTHETIC|R02,2007-07-26,BET365 GEELONG SYNTHETIC,1200,NO_GOVERNED_SURFACE_CONDITION_LENGTH_PARAMETER,AUSTRALIAN_SYNTHETIC,,UNKNOWN
RTDR-091528ACE41BF5C428501EAA,2007-07-26|BET365 GEELONG SYNTHETIC|R01,2007-07-26,BET365 GEELONG SYNTHETIC,1000,NO_GOVERNED_SURFACE_CONDITION_LENGTH_PARAMETER,AUSTRALIAN_SYNTHETIC,,UNKNOWN
RTDR-7A16868DCCAFDA427D6EBDA3,2007-07-26|BET365 GEELONG SYNTHETIC|R03,2007-07-26,BET365 GEELONG SYNTHETIC,1200,NO_GOVERNED_SURFACE_CONDITION_LENGTH_PARAMETER,AUSTRALIAN_SYNTHETIC,,UNKNOWN
RTDR-353EDD097BDFEB85B4CE85A9,2007-07-26|BET365 GEELONG SYNTHETIC|R04,2007-07-26,BET365 GEELONG SYNTHETIC,1200,NO_GOVERNED_SURFACE_CONDITION_LENGTH_PARAMETER,AUSTRALIAN_SYNTHETIC,,UNKNOWN
RTDR-C8126C7915C1E36FE324BDD3,2007-07-26|BET365 GEELONG SYNTHETIC|R08,2007-07-26,BET365 GEELONG SYNTHETIC,1200,NO_GOVERNED_SURFACE_CONDITION_LENGTH_PARAMETER,AUSTRALIAN_SYNTHETIC,,UNKNOWN
RTDR-363676CC1C04C8BB1BB2ECE2,2007-07-26|BET365 GEELONG SYNTHETIC|R05,2007-07-26,BET365 GEELONG SYNTHETIC,1200,NO_GOVERNED_SURFACE_CONDITION_LENGTH_PARAMETER,AUSTRALIAN_SYNTHETIC,,UNKNOWN
RTDR-D0924620306B80515575B1E1,2007-07-26|BET365 GEELONG SYNTHETIC|R07,2007-07-26,BET365 GEELONG SYNTHETIC,2200,NO_GOVERNED_SURFACE_CONDITION_LENGTH_PARAMETER,AUSTRALIAN_SYNTHETIC,,UNKNOWN
RTDR-B5624ADD58203D283D13C764,2007-07-26|BET365 GEELONG SYNTHETIC|R06,2007-07-26,BET365 GEELONG SYNTHETIC,2200,NO_GOVERNED_SURFACE_CONDITION_LENGTH_PARAMETER,AUSTRALIAN_SYNTHETIC,,UNKNOWN
RTDR-9F99AC0DA7C07D4CB7551730,2007-07-30|BET365 GEELONG SYNTHETIC|R03,2007-07-30,BET365 GEELONG SYNTHETIC,1100,NO_GOVERNED_SURFACE_CONDITION_LENGTH_PARAMETER,AUSTRALIAN_SYNTHETIC,,UNKNOWN
RTDR-3C59458904DEEA21218953D1,2007-07-30|BET365 GEELONG SYNTHETIC|R01,2007-07-30,BET365 GEELONG SYNTHETIC,2100,NO_GOVERNED_SURFACE_CONDITION_LENGTH_PARAMETER,AUSTRALIAN_SYNTHETIC,,UNKNOWN
RTDR-AB9C556747F0AA2F3F1011DA,2007-07-30|BET365 GEELONG SYNTHETIC|R04,2007-07-30,BET365 GEELONG SYNTHETIC,1000,NO_GOVERNED_SURFACE_CONDITION_LENGTH_PARAMETER,AUSTRALIAN_SYNTHETIC,,UNKNOWN
RTDR-F6F1C7A96F1E1184C30079D9,2007-07-30|BET365 GEELONG SYNTHETIC|R05,2007-07-30,BET365 GEELONG SYNTHETIC,1300,NO_GOVERNED_SURFACE_CONDITION_LENGTH_PARAMETER,AUSTRALIAN_SYNTHETIC,,UNKNOWN
RTDR-D730438AEE5F89F2243851AD,2007-07-30|BET365 GEELONG SYNTHETIC|R02,2007-07-30,BET365 GEELONG SYNTHETIC,1100,NO_GOVERNED_SURFACE_CONDITION_LENGTH_PARAMETER,AUSTRALIAN_SYNTHETIC,,UNKNOWN
RTDR-2C0A05C82163499A2AAAEC57,2007-07-30|BET365 GEELONG SYNTHETIC|R08,2007-07-30,BET365 GEELONG SYNTHETIC,2000,NO_GOVERNED_SURFACE_CONDITION_LENGTH_PARAMETER,AUSTRALIAN_SYNTHETIC,,UNKNOWN
RTDR-18B7851609B9BA2EE6A02109,2007-07-30|BET365 GEELONG SYNTHETIC|R06,2007-07-30,BET365 GEELONG SYNTHETIC,1300,NO_GOVERNED_SURFACE_CONDITION_LENGTH_PARAMETER,AUSTRALIAN_SYNTHETIC,,UNKNOWN
RTDR-FC4625345765C5D5A009357F,2007-07-30|BET365 GEELONG SYNTHETIC|R07,2007-07-30,BET365 GEELONG SYNTHETIC,1300,NO_GOVERNED_SURFACE_CONDITION_LENGTH_PARAMETER,AUSTRALIAN_SYNTHETIC,,UNKNOWN
RTDR-329CF7EC57686B2E0604295A,2008-07-11|BET365 GEELONG SYNTHETIC|R02,2008-07-11,BET365 GEELONG SYNTHETIC,1100,NO_GOVERNED_SURFACE_CONDITION_LENGTH_PARAMETER,AUSTRALIAN_SYNTHETIC,,UNKNOWN
RTDR-E028A3FADDFAE8CC5CA11B97,2008-07-11|BET365 GEELONG SYNTHETIC|R01,2008-07-11,BET365 GEELONG SYNTHETIC,2000,NO_GOVERNED_SURFACE_CONDITION_LENGTH_PARAMETER,AUSTRALIAN_SYNTHETIC,,UNKNOWN
RTDR-F693DC9E979BAB72C1F02012,2008-07-11|BET365 GEELONG SYNTHETIC|R10,2008-07-11,BET365 GEELONG SYNTHETIC,1100,NO_GOVERNED_SURFACE_CONDITION_LENGTH_PARAMETER,AUSTRALIAN_SYNTHETIC,,UNKNOWN
RTDR-2A8B082A2A1C702E21D18C78,2008-07-11|BET365 GEELONG SYNTHETIC|R09,2008-07-11,BET365 GEELONG SYNTHETIC,2000,NO_GOVERNED_SURFACE_CONDITION_LENGTH_PARAMETER,AUSTRALIAN_SYNTHETIC,,UNKNOWN
RTDR-79B7FA431FE649E4FDC26AAC,2008-07-11|BET365 GEELONG SYNTHETIC|R06,2008-07-11,BET365 GEELONG SYNTHETIC,1200,NO_GOVERNED_SURFACE_CONDITION_LENGTH_PARAMETER,AUSTRALIAN_SYNTHETIC,,UNKNOWN
RTDR-8D5795C9F4C199A18670B4BC,2008-07-11|BET365 GEELONG SYNTHETIC|R03,2008-07-11,BET365 GEELONG SYNTHETIC,1000,NO_GOVERNED_SURFACE_CONDITION_LENGTH_PARAMETER,AUSTRALIAN_SYNTHETIC,,UNKNOWN
RTDR-00B99B7D5AE743D911FB2BC6,2008-07-11|BET365 GEELONG SYNTHETIC|R04,2008-07-11,BET365 GEELONG SYNTHETIC,1300,NO_GOVERNED_SURFACE_CONDITION_LENGTH_PARAMETER,AUSTRALIAN_SYNTHETIC,,UNKNOWN
RTDR-51E1BFB910E761F5FF5C0A84,2008-07-11|BET365 GEELONG SYNTHETIC|R05,2008-07-11,BET365 GEELONG SYNTHETIC,1300,NO_GOVERNED_SURFACE_CONDITION_LENGTH_PARAMETER,AUSTRALIAN_SYNTHETIC,,UNKNOWN
RTDR-B72E40FEE4A9BA0AB4E5C19F,2008-07-11|BET365 GEELONG SYNTHETIC|R07,2008-07-11,BET365 GEELONG SYNTHETIC,1300,NO_GOVERNED_SURFACE_CONDITION_LENGTH_PARAMETER,AUSTRALIAN_SYNTHETIC,,UNKNOWN
RTDR-50BD94132F13CFC31838E6B8,2008-07-11|BET365 GEELONG SYNTHETIC|R08,2008-07-11,BET365 GEELONG SYNTHETIC,1300,NO_GOVERNED_SURFACE_CONDITION_LENGTH_PARAMETER,AUSTRALIAN_SYNTHETIC,,UNKNOWN
RTDR-EB0D223234E392F53B786BAF,2008-07-22|BET365 GEELONG SYNTHETIC|R02,2008-07-22,BET365 GEELONG SYNTHETIC,1550,NO_GOVERNED_SURFACE_CONDITION_LENGTH_PARAMETER,AUSTRALIAN_SYNTHETIC,,UNKNOWN
RTDR-C868CF2A9F2A908A3B9F3507,2008-07-22|BET365 GEELONG SYNTHETIC|R03,2008-07-22,BET365 GEELONG SYNTHETIC,1200,NO_GOVERNED_SURFACE_CONDITION_LENGTH_PARAMETER,AUSTRALIAN_SYNTHETIC,,UNKNOWN
RTDR-FD58C673E1B7D29EA8B16D60,2008-07-22|BET365 GEELONG SYNTHETIC|R01,2008-07-22,BET365 GEELONG SYNTHETIC,1550,NO_GOVERNED_SURFACE_CONDITION_LENGTH_PARAMETER,AUSTRALIAN_SYNTHETIC,,UNKNOWN
RTDR-F0FC316AFFFE3A1E9C8C904E,2008-07-22|BET365 GEELONG SYNTHETIC|R04,2008-07-22,BET365 GEELONG SYNTHETIC,1900,NO_GOVERNED_SURFACE_CONDITION_LENGTH_PARAMETER,AUSTRALIAN_SYNTHETIC,,UNKNOWN
RTDR-237306B1596C52933D927099,2008-07-22|BET365 GEELONG SYNTHETIC|R06,2008-07-22,BET365 GEELONG SYNTHETIC,1200,NO_GOVERNED_SURFACE_CONDITION_LENGTH_PARAMETER,AUSTRALIAN_SYNTHETIC,,UNKNOWN
RTDR-15229E45B50403B29D20CECA,2008-07-22|BET365 GEELONG SYNTHETIC|R09,2008-07-22,BET365 GEELONG SYNTHETIC,1550,NO_GOVERNED_SURFACE_CONDITION_LENGTH_PARAMETER,AUSTRALIAN_SYNTHETIC,,UNKNOWN
RTDR-42508C7A36CD5BB47C059F19,2008-07-22|BET365 GEELONG SYNTHETIC|R07,2008-07-22,BET365 GEELONG SYNTHETIC,1200,NO_GOVERNED_SURFACE_CONDITION_LENGTH_PARAMETER,AUSTRALIAN_SYNTHETIC,,UNKNOWN
RTDR-1FA61E5B209CA6EBE6867126,2008-07-22|BET365 GEELONG SYNTHETIC|R08,2008-07-22,BET365 GEELONG SYNTHETIC,1900,NO_GOVERNED_SURFACE_CONDITION_LENGTH_PARAMETER,AUSTRALIAN_SYNTHETIC,,UNKNOWN
RTDR-FDD2F8486C8ECB74CAB5F237,2008-07-22|BET365 GEELONG SYNTHETIC|R05,2008-07-22,BET365 GEELONG SYNTHETIC,1900,NO_GOVERNED_SURFACE_CONDITION_LENGTH_PARAMETER,AUSTRALIAN_SYNTHETIC,,UNKNOWN
RTDR-650103B30776B3AECF952F1A,2008-07-25|BET365 GEELONG SYNTHETIC|R01,2008-07-25,BET365 GEELONG SYNTHETIC,1000,NO_GOVERNED_SURFACE_CONDITION_LENGTH_PARAMETER,AUSTRALIAN_SYNTHETIC,,UNKNOWN
RTDR-06327CD607D20CB25D11F10D,2008-07-25|BET365 GEELONG SYNTHETIC|R02,2008-07-25,BET365 GEELONG SYNTHETIC,1300,NO_GOVERNED_SURFACE_CONDITION_LENGTH_PARAMETER,AUSTRALIAN_SYNTHETIC,,UNKNOWN
RTDR-6F04C3890DBDE4AD5B042271,2008-07-25|BET365 GEELONG SYNTHETIC|R03,2008-07-25,BET365 GEELONG SYNTHETIC,1300,NO_GOVERNED_SURFACE_CONDITION_LENGTH_PARAMETER,AUSTRALIAN_SYNTHETIC,,UNKNOWN
RTDR-DA2AB9C33387119CA50924C4,2008-07-25|BET365 GEELONG SYNTHETIC|R10,2008-07-25,BET365 GEELONG SYNTHETIC,1200,NO_GOVERNED_SURFACE_CONDITION_LENGTH_PARAMETER,AUSTRALIAN_SYNTHETIC,,UNKNOWN
RTDR-5819CBADEEC73C583E4272E0,2008-07-25|BET365 GEELONG SYNTHETIC|R06,2008-07-25,BET365 GEELONG SYNTHETIC,2200,NO_GOVERNED_SURFACE_CONDITION_LENGTH_PARAMETER,AUSTRALIAN_SYNTHETIC,,UNKNOWN
RTDR-B5DDB7F4BE8D4E2A6E14B081,2008-07-25|BET365 GEELONG SYNTHETIC|R08,2008-07-25,BET365 GEELONG SYNTHETIC,2000,NO_GOVERNED_SURFACE_CONDITION_LENGTH_PARAMETER,AUSTRALIAN_SYNTHETIC,,UNKNOWN
RTDR-2E6A7A8565A5FD71AC47C43D,2008-07-25|BET365 GEELONG SYNTHETIC|R04,2008-07-25,BET365 GEELONG SYNTHETIC,1100,NO_GOVERNED_SURFACE_CONDITION_LENGTH_PARAMETER,AUSTRALIAN_SYNTHETIC,,UNKNOWN
RTDR-C4542B68B458C42BAD3A33ED,2008-07-25|BET365 GEELONG SYNTHETIC|R05,2008-07-25,BET365 GEELONG SYNTHETIC,1100,NO_GOVERNED_SURFACE_CONDITION_LENGTH_PARAMETER,AUSTRALIAN_SYNTHETIC,,UNKNOWN
RTDR-BB1364ADFE0760D75027E414,2008-07-25|BET365 GEELONG SYNTHETIC|R07,2008-07-25,BET365 GEELONG SYNTHETIC,1300,NO_GOVERNED_SURFACE_CONDITION_LENGTH_PARAMETER,AUSTRALIAN_SYNTHETIC,,UNKNOWN
RTDR-519D94FA262D6F99EEA79207,2008-07-25|BET365 GEELONG SYNTHETIC|R09,2008-07-25,BET365 GEELONG SYNTHETIC,1300,NO_GOVERNED_SURFACE_CONDITION_LENGTH_PARAMETER,AUSTRALIAN_SYNTHETIC,,UNKNOWN
RTDR-5C77E7B59FC47E0DEFEB79D6,2008-07-29|BET365 GEELONG SYNTHETIC|R04,2008-07-29,BET365 GEELONG SYNTHETIC,1200,NO_GOVERNED_SURFACE_CONDITION_LENGTH_PARAMETER,AUSTRALIAN_SYNTHETIC,,UNKNOWN
RTDR-28BB3C481F2F5536554F2E06,2008-07-29|BET365 GEELONG SYNTHETIC|R03,2008-07-29,BET365 GEELONG SYNTHETIC,1200,NO_GOVERNED_SURFACE_CONDITION_LENGTH_PARAMETER,AUSTRALIAN_SYNTHETIC,,UNKNOWN
RTDR-A686AAB3D1316E56EFC91216,2008-07-29|BET365 GEELONG SYNTHETIC|R05,2008-07-29,BET365 GEELONG SYNTHETIC,1200,NO_GOVERNED_SURFACE_CONDITION_LENGTH_PARAMETER,AUSTRALIAN_SYNTHETIC,,UNKNOWN
RTDR-2FECD423B033D791BE439B3F,2008-07-29|BET365 GEELONG SYNTHETIC|R07,2008-07-29,BET365 GEELONG SYNTHETIC,1550,NO_GOVERNED_SURFACE_CONDITION_LENGTH_PARAMETER,AUSTRALIAN_SYNTHETIC,,UNKNOWN
RTDR-EA4239CE25E145BF6F24193B,2008-07-29|BET365 GEELONG SYNTHETIC|R08,2008-07-29,BET365 GEELONG SYNTHETIC,1200,NO_GOVERNED_SURFACE_CONDITION_LENGTH_PARAMETER,AUSTRALIAN_SYNTHETIC,,UNKNOWN
RTDR-B8232281123C508421D5B720,2008-07-29|BET365 GEELONG SYNTHETIC|R09,2008-07-29,BET365 GEELONG SYNTHETIC,1900,NO_GOVERNED_SURFACE_CONDITION_LENGTH_PARAMETER,AUSTRALIAN_SYNTHETIC,,UNKNOWN
RTDR-97997DBB4E33CFBF5E8FB7F7,2008-07-29|BET365 GEELONG SYNTHETIC|R06,2008-07-29,BET365 GEELONG SYNTHETIC,1550,NO_GOVERNED_SURFACE_CONDITION_LENGTH_PARAMETER,AUSTRALIAN_SYNTHETIC,,UNKNOWN
RTDR-CF91F9F80DD824A39922EE08,2008-07-29|BET365 GEELONG SYNTHETIC|R01,2008-07-29,BET365 GEELONG SYNTHETIC,1550,NO_GOVERNED_SURFACE_CONDITION_LENGTH_PARAMETER,AUSTRALIAN_SYNTHETIC,,UNKNOWN
RTDR-B44EC3A604944FAF1B8D0306,2008-07-29|BET365 GEELONG SYNTHETIC|R02,2008-07-29,BET365 GEELONG SYNTHETIC,1550,NO_GOVERNED_SURFACE_CONDITION_LENGTH_PARAMETER,AUSTRALIAN_SYNTHETIC,,UNKNOWN
RTDR-6B2D6EBD7558A6285AF7D66E,2010-07-02|BET365 GEELONG SYNTHETIC|R03,2010-07-02,BET365 GEELONG SYNTHETIC,1200,NO_GOVERNED_SURFACE_CONDITION_LENGTH_PARAMETER,AUSTRALIAN_SYNTHETIC,,UNKNOWN
RTDR-3E3FA2DE23E94A746E4AEF29,2010-07-02|BET365 GEELONG SYNTHETIC|R01,2010-07-02,BET365 GEELONG SYNTHETIC,1000,NO_GOVERNED_SURFACE_CONDITION_LENGTH_PARAMETER,AUSTRALIAN_SYNTHETIC,,UNKNOWN
RTDR-8623489061B72647C63C8649,2010-07-02|BET365 GEELONG SYNTHETIC|R04,2010-07-02,BET365 GEELONG SYNTHETIC,1100,NO_GOVERNED_SURFACE_CONDITION_LENGTH_PARAMETER,AUSTRALIAN_SYNTHETIC,,UNKNOWN
RTDR-FDE6FBA5A1D3FB27FD8CEFF4,2010-07-02|BET365 GEELONG SYNTHETIC|R05,2010-07-02,BET365 GEELONG SYNTHETIC,1900,NO_GOVERNED_SURFACE_CONDITION_LENGTH_PARAMETER,AUSTRALIAN_SYNTHETIC,,UNKNOWN
RTDR-D65F5FC849A1A7BD1032408E,2010-07-02|BET365 GEELONG SYNTHETIC|R08,2010-07-02,BET365 GEELONG SYNTHETIC,1300,NO_GOVERNED_SURFACE_CONDITION_LENGTH_PARAMETER,AUSTRALIAN_SYNTHETIC,,UNKNOWN
RTDR-E7D100B96178FBD9A7B0D308,2010-07-02|BET365 GEELONG SYNTHETIC|R06,2010-07-02,BET365 GEELONG SYNTHETIC,2100,NO_GOVERNED_SURFACE_CONDITION_LENGTH_PARAMETER,AUSTRALIAN_SYNTHETIC,,UNKNOWN
RTDR-7DF07E750931CBFDBCAAF4BE,2010-07-02|BET365 GEELONG SYNTHETIC|R07,2010-07-02,BET365 GEELONG SYNTHETIC,1300,NO_GOVERNED_SURFACE_CONDITION_LENGTH_PARAMETER,AUSTRALIAN_SYNTHETIC,,UNKNOWN
RTDR-D5D2CDC96401FB73907B5DE0,2010-07-02|BET365 GEELONG SYNTHETIC|R02,2010-07-02,BET365 GEELONG SYNTHETIC,1200,NO_GOVERNED_SURFACE_CONDITION_LENGTH_PARAMETER,AUSTRALIAN_SYNTHETIC,,UNKNOWN
RTDR-CAEE9E2DE30AB3A44A0EF85C,2010-07-02|BET365 GEELONG SYNTHETIC|R09,2010-07-02,BET365 GEELONG SYNTHETIC,1200,NO_GOVERNED_SURFACE_CONDITION_LENGTH_PARAMETER,AUSTRALIAN_SYNTHETIC,,UNKNOWN
RTDR-A24876A2251D9A68E7B71BB0,2010-07-09|BET365 GEELONG SYNTHETIC|R02,2010-07-09,BET365 GEELONG SYNTHETIC,1000,NO_GOVERNED_SURFACE_CONDITION_LENGTH_PARAMETER,AUSTRALIAN_SYNTHETIC,,UNKNOWN
RTDR-B84A71908BE45AC62D8D280E,2010-07-09|BET365 GEELONG SYNTHETIC|R03,2010-07-09,BET365 GEELONG SYNTHETIC,1100,NO_GOVERNED_SURFACE_CONDITION_LENGTH_PARAMETER,AUSTRALIAN_SYNTHETIC,,UNKNOWN
RTDR-BF4319296647E14C8C748059,2010-07-09|BET365 GEELONG SYNTHETIC|R01,2010-07-09,BET365 GEELONG SYNTHETIC,1000,NO_GOVERNED_SURFACE_CONDITION_LENGTH_PARAMETER,AUSTRALIAN_SYNTHETIC,,UNKNOWN
RTDR-FAA1DAE61AF07EC37C7E7AE8,2010-07-09|BET365 GEELONG SYNTHETIC|R10,2010-07-09,BET365 GEELONG SYNTHETIC,1300,NO_GOVERNED_SURFACE_CONDITION_LENGTH_PARAMETER,AUSTRALIAN_SYNTHETIC,,UNKNOWN
RTDR-A22064B3C52542562F074700,2010-07-09|BET365 GEELONG SYNTHETIC|R09,2010-07-09,BET365 GEELONG SYNTHETIC,1100,NO_GOVERNED_SURFACE_CONDITION_LENGTH_PARAMETER,AUSTRALIAN_SYNTHETIC,,UNKNOWN
RTDR-E0715E091355789106D1CAD3,2010-07-09|BET365 GEELONG SYNTHETIC|R08,2010-07-09,BET365 GEELONG SYNTHETIC,1900,NO_GOVERNED_SURFACE_CONDITION_LENGTH_PARAMETER,AUSTRALIAN_SYNTHETIC,,UNKNOWN
RTDR-1B5445C894C56063BD20569F,2010-07-09|BET365 GEELONG SYNTHETIC|R04,2010-07-09,BET365 GEELONG SYNTHETIC,1300,NO_GOVERNED_SURFACE_CONDITION_LENGTH_PARAMETER,AUSTRALIAN_SYNTHETIC,,UNKNOWN
RTDR-FB74AFE9607955B08E6657B5,2010-07-09|BET365 GEELONG SYNTHETIC|R05,2010-07-09,BET365 GEELONG SYNTHETIC,1300,NO_GOVERNED_SURFACE_CONDITION_LENGTH_PARAMETER,AUSTRALIAN_SYNTHETIC,,UNKNOWN
RTDR-02EF2E3594303C5C328F199B,2010-07-09|BET365 GEELONG SYNTHETIC|R06,2010-07-09,BET365 GEELONG SYNTHETIC,2000,NO_GOVERNED_SURFACE_CONDITION_LENGTH_PARAMETER,AUSTRALIAN_SYNTHETIC,,UNKNOWN
RTDR-E0F96E434C961234608277AA,2010-07-09|BET365 GEELONG SYNTHETIC|R07,2010-07-09,BET365 GEELONG SYNTHETIC,2000,NO_GOVERNED_SURFACE_CONDITION_LENGTH_PARAMETER,AUSTRALIAN_SYNTHETIC,,UNKNOWN
RTDR-6605A3D6A24B4D480465F1FE,2010-07-15|BET365 GEELONG SYNTHETIC|R03,2010-07-15,BET365 GEELONG SYNTHETIC,1000,NO_GOVERNED_SURFACE_CONDITION_LENGTH_PARAMETER,AUSTRALIAN_SYNTHETIC,,UNKNOWN
RTDR-49BD292D0013120DC583C1BE,2010-07-15|BET365 GEELONG SYNTHETIC|R02,2010-07-15,BET365 GEELONG SYNTHETIC,1100,NO_GOVERNED_SURFACE_CONDITION_LENGTH_PARAMETER,AUSTRALIAN_SYNTHETIC,,UNKNOWN
RTDR-1CF023401DAA31BDEFFAA8A1,2010-07-15|BET365 GEELONG SYNTHETIC|R01,2010-07-15,BET365 GEELONG SYNTHETIC,1000,NO_GOVERNED_SURFACE_CONDITION_LENGTH_PARAMETER,AUSTRALIAN_SYNTHETIC,,UNKNOWN
RTDR-AB4B06780A823EFA683F49DA,2010-07-15|BET365 GEELONG SYNTHETIC|R04,2010-07-15,BET365 GEELONG SYNTHETIC,1300,NO_GOVERNED_SURFACE_CONDITION_LENGTH_PARAMETER,AUSTRALIAN_SYNTHETIC,,UNKNOWN
RTDR-9F7B171F18C2ACBD0CC1E17C,2010-07-15|BET365 GEELONG SYNTHETIC|R08,2010-07-15,BET365 GEELONG SYNTHETIC,1100,NO_GOVERNED_SURFACE_CONDITION_LENGTH_PARAMETER,AUSTRALIAN_SYNTHETIC,,UNKNOWN
RTDR-632102A9C6EBFB1B103E6830,2010-07-15|BET365 GEELONG SYNTHETIC|R07,2010-07-15,BET365 GEELONG SYNTHETIC,1900,NO_GOVERNED_SURFACE_CONDITION_LENGTH_PARAMETER,AUSTRALIAN_SYNTHETIC,,UNKNOWN
RTDR-26CFE099025B43E8A4A11423,2010-07-15|BET365 GEELONG SYNTHETIC|R06,2010-07-15,BET365 GEELONG SYNTHETIC,1300,NO_GOVERNED_SURFACE_CONDITION_LENGTH_PARAMETER,AUSTRALIAN_SYNTHETIC,,UNKNOWN
RTDR-AF6E80079AC11CD2413B413D,2010-07-15|BET365 GEELONG SYNTHETIC|R05,2010-07-15,BET365 GEELONG SYNTHETIC,1000,NO_GOVERNED_SURFACE_CONDITION_LENGTH_PARAMETER,AUSTRALIAN_SYNTHETIC,,UNKNOWN
RTDR-C4410D01D968F7AA1E928ED4,2010-07-16|BET365 GEELONG SYNTHETIC|R01,2010-07-16,BET365 GEELONG SYNTHETIC,1200,NO_GOVERNED_SURFACE_CONDITION_LENGTH_PARAMETER,AUSTRALIAN_SYNTHETIC,,UNKNOWN
RTDR-F8293C0DE32A5299D943EB3F,2010-07-16|BET365 GEELONG SYNTHETIC|R03,2010-07-16,BET365 GEELONG SYNTHETIC,1100,NO_GOVERNED_SURFACE_CONDITION_LENGTH_PARAMETER,AUSTRALIAN_SYNTHETIC,,UNKNOWN
RTDR-661C780143AF2778DE4AB71B,2010-07-16|BET365 GEELONG SYNTHETIC|R04,2010-07-16,BET365 GEELONG SYNTHETIC,1300,NO_GOVERNED_SURFACE_CONDITION_LENGTH_PARAMETER,AUSTRALIAN_SYNTHETIC,,UNKNOWN
RTDR-B0DDF11794107C7AC47A60EF,2010-07-16|BET365 GEELONG SYNTHETIC|R02,2010-07-16,BET365 GEELONG SYNTHETIC,2000,NO_GOVERNED_SURFACE_CONDITION_LENGTH_PARAMETER,AUSTRALIAN_SYNTHETIC,,UNKNOWN
RTDR-E15DE0CDA1EBAB12545A245F,2010-07-16|BET365 GEELONG SYNTHETIC|R08,2010-07-16,BET365 GEELONG SYNTHETIC,1200,NO_GOVERNED_SURFACE_CONDITION_LENGTH_PARAMETER,AUSTRALIAN_SYNTHETIC,,UNKNOWN
RTDR-CB917A08DDEA5A909B130B2B,2010-07-16|BET365 GEELONG SYNTHETIC|R06,2010-07-16,BET365 GEELONG SYNTHETIC,1900,NO_GOVERNED_SURFACE_CONDITION_LENGTH_PARAMETER,AUSTRALIAN_SYNTHETIC,,UNKNOWN
RTDR-0B828EA743862C2F95851893,2010-07-16|BET365 GEELONG SYNTHETIC|R07,2010-07-16,BET365 GEELONG SYNTHETIC,1000,NO_GOVERNED_SURFACE_CONDITION_LENGTH_PARAMETER,AUSTRALIAN_SYNTHETIC,,UNKNOWN
RTDR-0BDA5A7AAF77784C80089C3E,2010-07-16|BET365 GEELONG SYNTHETIC|R05,2010-07-16,BET365 GEELONG SYNTHETIC,2200,NO_GOVERNED_SURFACE_CONDITION_LENGTH_PARAMETER,AUSTRALIAN_SYNTHETIC,,UNKNOWN
RTDR-01202A19EC6845247B79CD45,2010-07-20|BET365 GEELONG SYNTHETIC|R01,2010-07-20,BET365 GEELONG SYNTHETIC,1300,NO_GOVERNED_SURFACE_CONDITION_LENGTH_PARAMETER,AUSTRALIAN_SYNTHETIC,,UNKNOWN
RTDR-091D3B1060C7922CFC78BC75,2010-07-20|BET365 GEELONG SYNTHETIC|R02,2010-07-20,BET365 GEELONG SYNTHETIC,1200,NO_GOVERNED_SURFACE_CONDITION_LENGTH_PARAMETER,AUSTRALIAN_SYNTHETIC,,UNKNOWN
RTDR-73BFEFCE59B9860E877C86E7,2010-07-20|BET365 GEELONG SYNTHETIC|R04,2010-07-20,BET365 GEELONG SYNTHETIC,1100,NO_GOVERNED_SURFACE_CONDITION_LENGTH_PARAMETER,AUSTRALIAN_SYNTHETIC,,UNKNOWN
RTDR-3105E9F32F3FB8ADBD8246F3,2010-07-20|BET365 GEELONG SYNTHETIC|R09,2010-07-20,BET365 GEELONG SYNTHETIC,1300,NO_GOVERNED_SURFACE_CONDITION_LENGTH_PARAMETER,AUSTRALIAN_SYNTHETIC,,UNKNOWN
RTDR-2B94502450CCAA3B3AA7B0C8,2010-07-20|BET365 GEELONG SYNTHETIC|R10,2010-07-20,BET365 GEELONG SYNTHETIC,1900,NO_GOVERNED_SURFACE_CONDITION_LENGTH_PARAMETER,AUSTRALIAN_SYNTHETIC,,UNKNOWN
RTDR-7C2D8C0C0307B605444B5DFB,2010-07-20|BET365 GEELONG SYNTHETIC|R08,2010-07-20,BET365 GEELONG SYNTHETIC,1200,NO_GOVERNED_SURFACE_CONDITION_LENGTH_PARAMETER,AUSTRALIAN_SYNTHETIC,,UNKNOWN
RTDR-3887C91205A50787C69E0F58,2010-07-20|BET365 GEELONG SYNTHETIC|R07,2010-07-20,BET365 GEELONG SYNTHETIC,1900,NO_GOVERNED_SURFACE_CONDITION_LENGTH_PARAMETER,AUSTRALIAN_SYNTHETIC,,UNKNOWN
RTDR-85629E8FD42FDF422E368D85,2010-07-20|BET365 GEELONG SYNTHETIC|R03,2010-07-20,BET365 GEELONG SYNTHETIC,1100,NO_GOVERNED_SURFACE_CONDITION_LENGTH_PARAMETER,AUSTRALIAN_SYNTHETIC,,UNKNOWN
RTDR-EFB5EFFF55BB8A12ECF097F7,2010-07-20|BET365 GEELONG SYNTHETIC|R05,2010-07-20,BET365 GEELONG SYNTHETIC,1100,NO_GOVERNED_SURFACE_CONDITION_LENGTH_PARAMETER,AUSTRALIAN_SYNTHETIC,,UNKNOWN
RTDR-BD42A62937AD57ADC68B0220,2010-07-20|BET365 GEELONG SYNTHETIC|R06,2010-07-20,BET365 GEELONG SYNTHETIC,1100,NO_GOVERNED_SURFACE_CONDITION_LENGTH_PARAMETER,AUSTRALIAN_SYNTHETIC,,UNKNOWN
RTDR-12AF5CB068C330E5E1F7A9E9,2010-07-23|BET365 GEELONG SYNTHETIC|R01,2010-07-23,BET365 GEELONG SYNTHETIC,1100,NO_GOVERNED_SURFACE_CONDITION_LENGTH_PARAMETER,AUSTRALIAN_SYNTHETIC,,UNKNOWN
RTDR-57F6D61479AB47E643D8CDDE,2010-07-23|BET365 GEELONG SYNTHETIC|R04,2010-07-23,BET365 GEELONG SYNTHETIC,1000,NO_GOVERNED_SURFACE_CONDITION_LENGTH_PARAMETER,AUSTRALIAN_SYNTHETIC,,UNKNOWN
RTDR-0DA8892E445B9C9774D24AED,2010-07-23|BET365 GEELONG SYNTHETIC|R02,2010-07-23,BET365 GEELONG SYNTHETIC,1100,NO_GOVERNED_SURFACE_CONDITION_LENGTH_PARAMETER,AUSTRALIAN_SYNTHETIC,,UNKNOWN
RTDR-D1A80862BFA170E1EF9CF0CE,2010-07-23|BET365 GEELONG SYNTHETIC|R09,2010-07-23,BET365 GEELONG SYNTHETIC,1300,NO_GOVERNED_SURFACE_CONDITION_LENGTH_PARAMETER,AUSTRALIAN_SYNTHETIC,,UNKNOWN
RTDR-CB1B096FFE093A9342E8622D,2010-07-23|BET365 GEELONG SYNTHETIC|R10,2010-07-23,BET365 GEELONG SYNTHETIC,1000,NO_GOVERNED_SURFACE_CONDITION_LENGTH_PARAMETER,AUSTRALIAN_SYNTHETIC,,UNKNOWN
RTDR-F79DB02B06847C6B99E9DF4D,2010-07-23|BET365 GEELONG SYNTHETIC|R08,2010-07-23,BET365 GEELONG SYNTHETIC,1300,NO_GOVERNED_SURFACE_CONDITION_LENGTH_PARAMETER,AUSTRALIAN_SYNTHETIC,,UNKNOWN
RTDR-AABC46BE088A3E9CD4DB0A43,2010-07-23|BET365 GEELONG SYNTHETIC|R05,2010-07-23,BET365 GEELONG SYNTHETIC,1300,NO_GOVERNED_SURFACE_CONDITION_LENGTH_PARAMETER,AUSTRALIAN_SYNTHETIC,,UNKNOWN
RTDR-BBA9E449441AF8FFADEEB7A7,2010-07-23|BET365 GEELONG SYNTHETIC|R06,2010-07-23,BET365 GEELONG SYNTHETIC,1300,NO_GOVERNED_SURFACE_CONDITION_LENGTH_PARAMETER,AUSTRALIAN_SYNTHETIC,,UNKNOWN
RTDR-8501B4A7E3EB0B1CF24C6C2E,2010-07-23|BET365 GEELONG SYNTHETIC|R03,2010-07-23,BET365 GEELONG SYNTHETIC,2200,NO_GOVERNED_SURFACE_CONDITION_LENGTH_PARAMETER,AUSTRALIAN_SYNTHETIC,,UNKNOWN
RTDR-80CD4119F6B25F97032D503D,2010-07-23|BET365 GEELONG SYNTHETIC|R07,2010-07-23,BET365 GEELONG SYNTHETIC,2200,NO_GOVERNED_SURFACE_CONDITION_LENGTH_PARAMETER,AUSTRALIAN_SYNTHETIC,,UNKNOWN
RTDR-3EFE3F7B7940EB86558B39FD,2010-07-30|BET365 GEELONG SYNTHETIC|R02,2010-07-30,BET365 GEELONG SYNTHETIC,1100,NO_GOVERNED_SURFACE_CONDITION_LENGTH_PARAMETER,AUSTRALIAN_SYNTHETIC,,UNKNOWN
RTDR-00E60E62FCD8F01E500908E4,2010-07-30|BET365 GEELONG SYNTHETIC|R03,2010-07-30,BET365 GEELONG SYNTHETIC,1200,NO_GOVERNED_SURFACE_CONDITION_LENGTH_PARAMETER,AUSTRALIAN_SYNTHETIC,,UNKNOWN
RTDR-1AFEEBF4BCB8C4959DE966F4,2010-07-30|BET365 GEELONG SYNTHETIC|R05,2010-07-30,BET365 GEELONG SYNTHETIC,1300,NO_GOVERNED_SURFACE_CONDITION_LENGTH_PARAMETER,AUSTRALIAN_SYNTHETIC,,UNKNOWN
RTDR-FC86E448D562ECCF8B19042D,2010-07-30|BET365 GEELONG SYNTHETIC|R01,2010-07-30,BET365 GEELONG SYNTHETIC,1000,NO_GOVERNED_SURFACE_CONDITION_LENGTH_PARAMETER,AUSTRALIAN_SYNTHETIC,,UNKNOWN
RTDR-A8DDCC7E37AD4A155255080D,2010-07-30|BET365 GEELONG SYNTHETIC|R04,2010-07-30,BET365 GEELONG SYNTHETIC,1200,NO_GOVERNED_SURFACE_CONDITION_LENGTH_PARAMETER,AUSTRALIAN_SYNTHETIC,,UNKNOWN
RTDR-CB48633530A710EB721BBCB6,2010-07-30|BET365 GEELONG SYNTHETIC|R08,2010-07-30,BET365 GEELONG SYNTHETIC,1200,NO_GOVERNED_SURFACE_CONDITION_LENGTH_PARAMETER,AUSTRALIAN_SYNTHETIC,,UNKNOWN
RTDR-B929C8FE74513A36EC74DE89,2010-07-30|BET365 GEELONG SYNTHETIC|R07,2010-07-30,BET365 GEELONG SYNTHETIC,1000,NO_GOVERNED_SURFACE_CONDITION_LENGTH_PARAMETER,AUSTRALIAN_SYNTHETIC,,UNKNOWN
RTDR-19E242F312AA14DA6EFE734E,2010-07-30|BET365 GEELONG SYNTHETIC|R06,2010-07-30,BET365 GEELONG SYNTHETIC,2200,NO_GOVERNED_SURFACE_CONDITION_LENGTH_PARAMETER,AUSTRALIAN_SYNTHETIC,,UNKNOWN
RTDR-ED58FFBCE47F77FBF2DC6E04,2012-07-10|BET365 GEELONG SYNTHETIC|R05,2012-07-10,BET365 GEELONG SYNTHETIC,2100,NO_GOVERNED_SURFACE_CONDITION_LENGTH_PARAMETER,AUSTRALIAN_SYNTHETIC,,UNKNOWN
RTDR-43F8C2712D68123275468106,2012-07-10|BET365 GEELONG SYNTHETIC|R06,2012-07-10,BET365 GEELONG SYNTHETIC,2100,NO_GOVERNED_SURFACE_CONDITION_LENGTH_PARAMETER,AUSTRALIAN_SYNTHETIC,,UNKNOWN
RTDR-5421FB786F407574AB8F043A,2012-07-10|BET365 GEELONG SYNTHETIC|R01,2012-07-10,BET365 GEELONG SYNTHETIC,1100,NO_GOVERNED_SURFACE_CONDITION_LENGTH_PARAMETER,AUSTRALIAN_SYNTHETIC,,UNKNOWN
RTDR-851954E24F1B9A718DF379D2,2012-07-10|BET365 GEELONG SYNTHETIC|R02,2012-07-10,BET365 GEELONG SYNTHETIC,1300,NO_GOVERNED_SURFACE_CONDITION_LENGTH_PARAMETER,AUSTRALIAN_SYNTHETIC,,UNKNOWN
RTDR-B47A9685571BA6831001F045,2012-07-10|BET365 GEELONG SYNTHETIC|R03,2012-07-10,BET365 GEELONG SYNTHETIC,1300,NO_GOVERNED_SURFACE_CONDITION_LENGTH_PARAMETER,AUSTRALIAN_SYNTHETIC,,UNKNOWN
RTDR-F5F348ADEB771A7A99BA57A6,2012-07-10|BET365 GEELONG SYNTHETIC|R04,2012-07-10,BET365 GEELONG SYNTHETIC,1200,NO_GOVERNED_SURFACE_CONDITION_LENGTH_PARAMETER,AUSTRALIAN_SYNTHETIC,,UNKNOWN
RTDR-48E3D7E8E7B4E4BFA15A21AD,2012-07-10|BET365 GEELONG SYNTHETIC|R07,2012-07-10,BET365 GEELONG SYNTHETIC,1900,NO_GOVERNED_SURFACE_CONDITION_LENGTH_PARAMETER,AUSTRALIAN_SYNTHETIC,,UNKNOWN
RTDR-002C4C54E6994338083381BC,2012-07-10|BET365 GEELONG SYNTHETIC|R09,2012-07-10,BET365 GEELONG SYNTHETIC,1300,NO_GOVERNED_SURFACE_CONDITION_LENGTH_PARAMETER,AUSTRALIAN_SYNTHETIC,,UNKNOWN
RTDR-A14129463F48DF0642FD78EB,2012-07-10|BET365 GEELONG SYNTHETIC|R08,2012-07-10,BET365 GEELONG SYNTHETIC,1100,NO_GOVERNED_SURFACE_CONDITION_LENGTH_PARAMETER,AUSTRALIAN_SYNTHETIC,,UNKNOWN
RTDR-FE9460F306C5BDF9B31BF2E2,2012-07-13|BET365 GEELONG SYNTHETIC|R04,2012-07-13,BET365 GEELONG SYNTHETIC,1100,NO_GOVERNED_SURFACE_CONDITION_LENGTH_PARAMETER,AUSTRALIAN_SYNTHETIC,,UNKNOWN
RTDR-C34AC045D0A8B708AE364B6B,2012-07-13|BET365 GEELONG SYNTHETIC|R05,2012-07-13,BET365 GEELONG SYNTHETIC,1100,NO_GOVERNED_SURFACE_CONDITION_LENGTH_PARAMETER,AUSTRALIAN_SYNTHETIC,,UNKNOWN
RTDR-D794E610D53608981F6C4435,2012-07-13|BET365 GEELONG SYNTHETIC|R09,2012-07-13,BET365 GEELONG SYNTHETIC,1300,NO_GOVERNED_SURFACE_CONDITION_LENGTH_PARAMETER,AUSTRALIAN_SYNTHETIC,,UNKNOWN
RTDR-B89D3338A03EF858D2903608,2012-07-13|BET365 GEELONG SYNTHETIC|R07,2012-07-13,BET365 GEELONG SYNTHETIC,1300,NO_GOVERNED_SURFACE_CONDITION_LENGTH_PARAMETER,AUSTRALIAN_SYNTHETIC,,UNKNOWN
RTDR-123F9E5642B5DF4BA780E761,2012-07-13|BET365 GEELONG SYNTHETIC|R03,2012-07-13,BET365 GEELONG SYNTHETIC,1200,NO_GOVERNED_SURFACE_CONDITION_LENGTH_PARAMETER,AUSTRALIAN_SYNTHETIC,,UNKNOWN
RTDR-A1CE524FBA06EE1F81E8D9ED,2012-07-13|BET365 GEELONG SYNTHETIC|R01,2012-07-13,BET365 GEELONG SYNTHETIC,1000,NO_GOVERNED_SURFACE_CONDITION_LENGTH_PARAMETER,AUSTRALIAN_SYNTHETIC,,UNKNOWN
RTDR-28CF447324A1FF9BF8380129,2012-07-13|BET365 GEELONG SYNTHETIC|R06,2012-07-13,BET365 GEELONG SYNTHETIC,1300,NO_GOVERNED_SURFACE_CONDITION_LENGTH_PARAMETER,AUSTRALIAN_SYNTHETIC,,UNKNOWN
RTDR-C54F91EF2FD2437B661D108C,2012-07-13|BET365 GEELONG SYNTHETIC|R10,2012-07-13,BET365 GEELONG SYNTHETIC,1100,NO_GOVERNED_SURFACE_CONDITION_LENGTH_PARAMETER,AUSTRALIAN_SYNTHETIC,,UNKNOWN
RTDR-AECF464AC3FAD14A3F0E35C6,2012-07-13|BET365 GEELONG SYNTHETIC|R08,2012-07-13,BET365 GEELONG SYNTHETIC,1300,NO_GOVERNED_SURFACE_CONDITION_LENGTH_PARAMETER,AUSTRALIAN_SYNTHETIC,,UNKNOWN
RTDR-17D8A6037FD5CDCE64718B41,2012-07-13|BET365 GEELONG SYNTHETIC|R02,2012-07-13,BET365 GEELONG SYNTHETIC,2100,NO_GOVERNED_SURFACE_CONDITION_LENGTH_PARAMETER,AUSTRALIAN_SYNTHETIC,,UNKNOWN
RTDR-780CC8033A6AC8FCFBCD35C3,2012-07-17|BET365 GEELONG SYNTHETIC|R03,2012-07-17,BET365 GEELONG SYNTHETIC,1200,NO_GOVERNED_SURFACE_CONDITION_LENGTH_PARAMETER,AUSTRALIAN_SYNTHETIC,,UNKNOWN
RTDR-A604E70CEFD02B487D76268C,2012-07-17|BET365 GEELONG SYNTHETIC|R02,2012-07-17,BET365 GEELONG SYNTHETIC,1900,NO_GOVERNED_SURFACE_CONDITION_LENGTH_PARAMETER,AUSTRALIAN_SYNTHETIC,,UNKNOWN
RTDR-FF500FB1C9632A1CB74A3592,2012-07-17|BET365 GEELONG SYNTHETIC|R01,2012-07-17,BET365 GEELONG SYNTHETIC,2100,NO_GOVERNED_SURFACE_CONDITION_LENGTH_PARAMETER,AUSTRALIAN_SYNTHETIC,,UNKNOWN
RTDR-1621DE32EFB11ECEFDE957AB,2012-07-17|BET365 GEELONG SYNTHETIC|R05,2012-07-17,BET365 GEELONG SYNTHETIC,1200,NO_GOVERNED_SURFACE_CONDITION_LENGTH_PARAMETER,AUSTRALIAN_SYNTHETIC,,UNKNOWN
RTDR-9C3B0B836D0E877688157EDC,2012-07-17|BET365 GEELONG SYNTHETIC|R04,2012-07-17,BET365 GEELONG SYNTHETIC,1900,NO_GOVERNED_SURFACE_CONDITION_LENGTH_PARAMETER,AUSTRALIAN_SYNTHETIC,,UNKNOWN
RTDR-D2713ECCE646610A6FE2155E,2012-07-17|BET365 GEELONG SYNTHETIC|R07,2012-07-17,BET365 GEELONG SYNTHETIC,1300,NO_GOVERNED_SURFACE_CONDITION_LENGTH_PARAMETER,AUSTRALIAN_SYNTHETIC,,UNKNOWN
RTDR-DC327593CE62C6DDCC34E400,2012-07-17|BET365 GEELONG SYNTHETIC|R08,2012-07-17,BET365 GEELONG SYNTHETIC,1300,NO_GOVERNED_SURFACE_CONDITION_LENGTH_PARAMETER,AUSTRALIAN_SYNTHETIC,,UNKNOWN
RTDR-53285FE7B071880270C30C57,2012-07-17|BET365 GEELONG SYNTHETIC|R06,2012-07-17,BET365 GEELONG SYNTHETIC,1000,NO_GOVERNED_SURFACE_CONDITION_LENGTH_PARAMETER,AUSTRALIAN_SYNTHETIC,,UNKNOWN
RTDR-E703B1A8E289C73728F05209,2012-07-20|BET365 GEELONG SYNTHETIC|R04,2012-07-20,BET365 GEELONG SYNTHETIC,1300,NO_GOVERNED_SURFACE_CONDITION_LENGTH_PARAMETER,AUSTRALIAN_SYNTHETIC,,UNKNOWN
RTDR-B07D730FB7A8787BA81FB083,2012-07-20|BET365 GEELONG SYNTHETIC|R05,2012-07-20,BET365 GEELONG SYNTHETIC,1300,NO_GOVERNED_SURFACE_CONDITION_LENGTH_PARAMETER,AUSTRALIAN_SYNTHETIC,,UNKNOWN
RTDR-6BE2861567811F037F8ACE7B,2012-07-20|BET365 GEELONG SYNTHETIC|R01,2012-07-20,BET365 GEELONG SYNTHETIC,1200,NO_GOVERNED_SURFACE_CONDITION_LENGTH_PARAMETER,AUSTRALIAN_SYNTHETIC,,UNKNOWN
RTDR-57DDCE9FCCD2082BAE8408D4,2012-07-20|BET365 GEELONG SYNTHETIC|R02,2012-07-20,BET365 GEELONG SYNTHETIC,1200,NO_GOVERNED_SURFACE_CONDITION_LENGTH_PARAMETER,AUSTRALIAN_SYNTHETIC,,UNKNOWN
RTDR-4829F82BFD5AFDF9736ED0BE,2012-07-20|BET365 GEELONG SYNTHETIC|R03,2012-07-20,BET365 GEELONG SYNTHETIC,1000,NO_GOVERNED_SURFACE_CONDITION_LENGTH_PARAMETER,AUSTRALIAN_SYNTHETIC,,UNKNOWN
RTDR-ED989D9A1A8405520BF00D61,2012-07-20|BET365 GEELONG SYNTHETIC|R08,2012-07-20,BET365 GEELONG SYNTHETIC,1000,NO_GOVERNED_SURFACE_CONDITION_LENGTH_PARAMETER,AUSTRALIAN_SYNTHETIC,,UNKNOWN
RTDR-D5C633D1A62B4134AAB0FFE5,2012-07-20|BET365 GEELONG SYNTHETIC|R09,2012-07-20,BET365 GEELONG SYNTHETIC,1300,NO_GOVERNED_SURFACE_CONDITION_LENGTH_PARAMETER,AUSTRALIAN_SYNTHETIC,,UNKNOWN
RTDR-287E6347357F9EB93B231139,2012-07-20|BET365 GEELONG SYNTHETIC|R06,2012-07-20,BET365 GEELONG SYNTHETIC,2000,NO_GOVERNED_SURFACE_CONDITION_LENGTH_PARAMETER,AUSTRALIAN_SYNTHETIC,,UNKNOWN
RTDR-C797E2F9808C537888527A77,2012-07-20|BET365 GEELONG SYNTHETIC|R07,2012-07-20,BET365 GEELONG SYNTHETIC,1200,NO_GOVERNED_SURFACE_CONDITION_LENGTH_PARAMETER,AUSTRALIAN_SYNTHETIC,,UNKNOWN
RTDR-A0D2ABC0FE62EB44F9F8263E,2012-07-27|BET365 GEELONG SYNTHETIC|R03,2012-07-27,BET365 GEELONG SYNTHETIC,1300,NO_GOVERNED_SURFACE_CONDITION_LENGTH_PARAMETER,AUSTRALIAN_SYNTHETIC,,UNKNOWN
RTDR-045EB1E7C039B74AF977CB07,2012-07-27|BET365 GEELONG SYNTHETIC|R08,2012-07-27,BET365 GEELONG SYNTHETIC,1300,NO_GOVERNED_SURFACE_CONDITION_LENGTH_PARAMETER,AUSTRALIAN_SYNTHETIC,,UNKNOWN
RTDR-E31B3D0605822D23F6AA87C0,2012-07-27|BET365 GEELONG SYNTHETIC|R02,2012-07-27,BET365 GEELONG SYNTHETIC,1300,NO_GOVERNED_SURFACE_CONDITION_LENGTH_PARAMETER,AUSTRALIAN_SYNTHETIC,,UNKNOWN
RTDR-9DEF8F0A774569987BEC7200,2012-07-27|BET365 GEELONG SYNTHETIC|R04,2012-07-27,BET365 GEELONG SYNTHETIC,1200,NO_GOVERNED_SURFACE_CONDITION_LENGTH_PARAMETER,AUSTRALIAN_SYNTHETIC,,UNKNOWN
RTDR-0773CE7D887259FF268135F6,2012-07-27|BET365 GEELONG SYNTHETIC|R01,2012-07-27,BET365 GEELONG SYNTHETIC,1100,NO_GOVERNED_SURFACE_CONDITION_LENGTH_PARAMETER,AUSTRALIAN_SYNTHETIC,,UNKNOWN
RTDR-81F07D63E0A005545397FBEB,2012-07-27|BET365 GEELONG SYNTHETIC|R05,2012-07-27,BET365 GEELONG SYNTHETIC,2200,NO_GOVERNED_SURFACE_CONDITION_LENGTH_PARAMETER,AUSTRALIAN_SYNTHETIC,,UNKNOWN
RTDR-D30ACB45C75E79E6CEFBB739,2012-07-27|BET365 GEELONG SYNTHETIC|R09,2012-07-27,BET365 GEELONG SYNTHETIC,1100,NO_GOVERNED_SURFACE_CONDITION_LENGTH_PARAMETER,AUSTRALIAN_SYNTHETIC,,UNKNOWN
RTDR-5DD1927A090050D5432514F5,2012-07-27|BET365 GEELONG SYNTHETIC|R06,2012-07-27,BET365 GEELONG SYNTHETIC,1900,NO_GOVERNED_SURFACE_CONDITION_LENGTH_PARAMETER,AUSTRALIAN_SYNTHETIC,,UNKNOWN
RTDR-441DA90B89A1D3A0A62B7BFD,2012-07-27|BET365 GEELONG SYNTHETIC|R07,2012-07-27,BET365 GEELONG SYNTHETIC,1300,NO_GOVERNED_SURFACE_CONDITION_LENGTH_PARAMETER,AUSTRALIAN_SYNTHETIC,,UNKNOWN
RTDR-0F166BB456A6F63845F3BDC5,2012-07-31|BET365 GEELONG SYNTHETIC|R03,2012-07-31,BET365 GEELONG SYNTHETIC,1100,NO_GOVERNED_SURFACE_CONDITION_LENGTH_PARAMETER,AUSTRALIAN_SYNTHETIC,,UNKNOWN
RTDR-8C518AD508098F94F1A10CF3,2012-07-31|BET365 GEELONG SYNTHETIC|R04,2012-07-31,BET365 GEELONG SYNTHETIC,1300,NO_GOVERNED_SURFACE_CONDITION_LENGTH_PARAMETER,AUSTRALIAN_SYNTHETIC,,UNKNOWN
RTDR-2F791B2184948AC8CA08B294,2012-07-31|BET365 GEELONG SYNTHETIC|R02,2012-07-31,BET365 GEELONG SYNTHETIC,1900,NO_GOVERNED_SURFACE_CONDITION_LENGTH_PARAMETER,AUSTRALIAN_SYNTHETIC,,UNKNOWN
RTDR-B9D391979E80D6203EB341FC,2012-07-31|BET365 GEELONG SYNTHETIC|R07,2012-07-31,BET365 GEELONG SYNTHETIC,2000,NO_GOVERNED_SURFACE_CONDITION_LENGTH_PARAMETER,AUSTRALIAN_SYNTHETIC,,UNKNOWN
RTDR-46E399C3B686E70B5E6F7A94,2012-07-31|BET365 GEELONG SYNTHETIC|R01,2012-07-31,BET365 GEELONG SYNTHETIC,1000,NO_GOVERNED_SURFACE_CONDITION_LENGTH_PARAMETER,AUSTRALIAN_SYNTHETIC,,UNKNOWN
RTDR-C882CE7BF4D7F1FAF9304DA1,2012-07-31|BET365 GEELONG SYNTHETIC|R06,2012-07-31,BET365 GEELONG SYNTHETIC,1900,NO_GOVERNED_SURFACE_CONDITION_LENGTH_PARAMETER,AUSTRALIAN_SYNTHETIC,,UNKNOWN
RTDR-EC4DF89EEAE62AFEBDCEFA22,2012-07-31|BET365 GEELONG SYNTHETIC|R05,2012-07-31,BET365 GEELONG SYNTHETIC,1000,NO_GOVERNED_SURFACE_CONDITION_LENGTH_PARAMETER,AUSTRALIAN_SYNTHETIC,,UNKNOWN
RTDR-3599D8CD6BC1AB2D406F09F1,2012-07-31|BET365 GEELONG SYNTHETIC|R08,2012-07-31,BET365 GEELONG SYNTHETIC,1300,NO_GOVERNED_SURFACE_CONDITION_LENGTH_PARAMETER,AUSTRALIAN_SYNTHETIC,,UNKNOWN
RTDR-DA0E7108FE03C068928B0857,2013-07-02|BET365 GEELONG SYNTHETIC|R01,2013-07-02,BET365 GEELONG SYNTHETIC,1000,NO_GOVERNED_SURFACE_CONDITION_LENGTH_PARAMETER,AUSTRALIAN_SYNTHETIC,,UNKNOWN
RTDR-9142FEF1BF2A93A35CA18CD0,2013-07-02|BET365 GEELONG SYNTHETIC|R02,2013-07-02,BET365 GEELONG SYNTHETIC,1000,NO_GOVERNED_SURFACE_CONDITION_LENGTH_PARAMETER,AUSTRALIAN_SYNTHETIC,,UNKNOWN
RTDR-2AFB3C6E55914C3407D40483,2013-07-02|BET365 GEELONG SYNTHETIC|R04,2013-07-02,BET365 GEELONG SYNTHETIC,1300,NO_GOVERNED_SURFACE_CONDITION_LENGTH_PARAMETER,AUSTRALIAN_SYNTHETIC,,UNKNOWN
RTDR-BE5ABC62F3BC52F232E2F9B4,2013-07-02|BET365 GEELONG SYNTHETIC|R07,2013-07-02,BET365 GEELONG SYNTHETIC,1200,NO_GOVERNED_SURFACE_CONDITION_LENGTH_PARAMETER,AUSTRALIAN_SYNTHETIC,,UNKNOWN
RTDR-99D75D6494C4EED0021FBA0B,2013-07-02|BET365 GEELONG SYNTHETIC|R08,2013-07-02,BET365 GEELONG SYNTHETIC,1200,NO_GOVERNED_SURFACE_CONDITION_LENGTH_PARAMETER,AUSTRALIAN_SYNTHETIC,,UNKNOWN
RTDR-A95288BBC5E2173F61CE9449,2013-07-02|BET365 GEELONG SYNTHETIC|R06,2013-07-02,BET365 GEELONG SYNTHETIC,1900,NO_GOVERNED_SURFACE_CONDITION_LENGTH_PARAMETER,AUSTRALIAN_SYNTHETIC,,UNKNOWN
RTDR-AEA6AB1B33ECD4AD4BF391D1,2013-07-02|BET365 GEELONG SYNTHETIC|R03,2013-07-02,BET365 GEELONG SYNTHETIC,2000,NO_GOVERNED_SURFACE_CONDITION_LENGTH_PARAMETER,AUSTRALIAN_SYNTHETIC,,UNKNOWN
RTDR-21E4288C2F69B41746D1A1CC,2013-07-02|BET365 GEELONG SYNTHETIC|R05,2013-07-02,BET365 GEELONG SYNTHETIC,1000,NO_GOVERNED_SURFACE_CONDITION_LENGTH_PARAMETER,AUSTRALIAN_SYNTHETIC,,UNKNOWN
RTDR-480099BC13FA9583219E8A19,2013-07-05|BET365 GEELONG SYNTHETIC|R08,2013-07-05,BET365 GEELONG SYNTHETIC,1300,NO_GOVERNED_SURFACE_CONDITION_LENGTH_PARAMETER,AUSTRALIAN_SYNTHETIC,,UNKNOWN
RTDR-EC27F47AFB2D68620EE79160,2013-07-05|BET365 GEELONG SYNTHETIC|R09,2013-07-05,BET365 GEELONG SYNTHETIC,1300,NO_GOVERNED_SURFACE_CONDITION_LENGTH_PARAMETER,AUSTRALIAN_SYNTHETIC,,UNKNOWN
RTDR-EA9E83B15A66E7ACB2B19B86,2013-07-05|BET365 GEELONG SYNTHETIC|R01,2013-07-05,BET365 GEELONG SYNTHETIC,1200,NO_GOVERNED_SURFACE_CONDITION_LENGTH_PARAMETER,AUSTRALIAN_SYNTHETIC,,UNKNOWN
RTDR-B482AB63F8478DCE5A1CFBC5,2013-07-05|BET365 GEELONG SYNTHETIC|R04,2013-07-05,BET365 GEELONG SYNTHETIC,1300,NO_GOVERNED_SURFACE_CONDITION_LENGTH_PARAMETER,AUSTRALIAN_SYNTHETIC,,UNKNOWN
RTDR-62D323DF512A3017B7168D09,2013-07-05|BET365 GEELONG SYNTHETIC|R03,2013-07-05,BET365 GEELONG SYNTHETIC,1200,NO_GOVERNED_SURFACE_CONDITION_LENGTH_PARAMETER,AUSTRALIAN_SYNTHETIC,,UNKNOWN
RTDR-3F049615AF0AC6FFC37EBC12,2013-07-05|BET365 GEELONG SYNTHETIC|R02,2013-07-05,BET365 GEELONG SYNTHETIC,2100,NO_GOVERNED_SURFACE_CONDITION_LENGTH_PARAMETER,AUSTRALIAN_SYNTHETIC,,UNKNOWN
RTDR-63F77BEC5E98A5E7B0C9FA92,2013-07-05|BET365 GEELONG SYNTHETIC|R06,2013-07-05,BET365 GEELONG SYNTHETIC,1000,NO_GOVERNED_SURFACE_CONDITION_LENGTH_PARAMETER,AUSTRALIAN_SYNTHETIC,,UNKNOWN
RTDR-41D138A135F7A011F63F1571,2013-07-05|BET365 GEELONG SYNTHETIC|R07,2013-07-05,BET365 GEELONG SYNTHETIC,1100,NO_GOVERNED_SURFACE_CONDITION_LENGTH_PARAMETER,AUSTRALIAN_SYNTHETIC,,UNKNOWN
RTDR-A495BF41DDA15F24022B4AA6,2013-07-05|BET365 GEELONG SYNTHETIC|R05,2013-07-05,BET365 GEELONG SYNTHETIC,2100,NO_GOVERNED_SURFACE_CONDITION_LENGTH_PARAMETER,AUSTRALIAN_SYNTHETIC,,UNKNOWN
RTDR-CC1EDB198861127511FF7889,2013-07-09|BET365 GEELONG SYNTHETIC|R03,2013-07-09,BET365 GEELONG SYNTHETIC,1900,NO_GOVERNED_SURFACE_CONDITION_LENGTH_PARAMETER,AUSTRALIAN_SYNTHETIC,,UNKNOWN
RTDR-11C666DDAA0C7CD78C9C9863,2013-07-09|BET365 GEELONG SYNTHETIC|R01,2013-07-09,BET365 GEELONG SYNTHETIC,1100,NO_GOVERNED_SURFACE_CONDITION_LENGTH_PARAMETER,AUSTRALIAN_SYNTHETIC,,UNKNOWN
RTDR-A23386E084B01A99AFDB6539,2013-07-09|BET365 GEELONG SYNTHETIC|R02,2013-07-09,BET365 GEELONG SYNTHETIC,1100,NO_GOVERNED_SURFACE_CONDITION_LENGTH_PARAMETER,AUSTRALIAN_SYNTHETIC,,UNKNOWN
RTDR-51CCAFC2D2789078EE71E913,2013-07-09|BET365 GEELONG SYNTHETIC|R07,2013-07-09,BET365 GEELONG SYNTHETIC,1200,NO_GOVERNED_SURFACE_CONDITION_LENGTH_PARAMETER,AUSTRALIAN_SYNTHETIC,,UNKNOWN
RTDR-FF0EB1F08C897B66EBE85BB0,2013-07-09|BET365 GEELONG SYNTHETIC|R04,2013-07-09,BET365 GEELONG SYNTHETIC,2000,NO_GOVERNED_SURFACE_CONDITION_LENGTH_PARAMETER,AUSTRALIAN_SYNTHETIC,,UNKNOWN
RTDR-CAC32784AA997DE06A90146F,2013-07-09|BET365 GEELONG SYNTHETIC|R06,2013-07-09,BET365 GEELONG SYNTHETIC,1000,NO_GOVERNED_SURFACE_CONDITION_LENGTH_PARAMETER,AUSTRALIAN_SYNTHETIC,,UNKNOWN
RTDR-8B52A19794C1FB359620AF73,2013-07-09|BET365 GEELONG SYNTHETIC|R08,2013-07-09,BET365 GEELONG SYNTHETIC,1300,NO_GOVERNED_SURFACE_CONDITION_LENGTH_PARAMETER,AUSTRALIAN_SYNTHETIC,,UNKNOWN
RTDR-D49E0278CA97D643AD562AE1,2013-07-09|BET365 GEELONG SYNTHETIC|R05,2013-07-09,BET365 GEELONG SYNTHETIC,1100,NO_GOVERNED_SURFACE_CONDITION_LENGTH_PARAMETER,AUSTRALIAN_SYNTHETIC,,UNKNOWN
RTDR-A411BDF6200A9609A77F3A50,2013-07-12|BET365 GEELONG SYNTHETIC|R08,2013-07-12,BET365 GEELONG SYNTHETIC,1200,NO_GOVERNED_SURFACE_CONDITION_LENGTH_PARAMETER,AUSTRALIAN_SYNTHETIC,,UNKNOWN
RTDR-9A442D905C0384F270A71CE6,2013-07-12|BET365 GEELONG SYNTHETIC|R06,2013-07-12,BET365 GEELONG SYNTHETIC,1200,NO_GOVERNED_SURFACE_CONDITION_LENGTH_PARAMETER,AUSTRALIAN_SYNTHETIC,,UNKNOWN
RTDR-387927085B50CEE7CE767406,2013-07-12|BET365 GEELONG SYNTHETIC|R01,2013-07-12,BET365 GEELONG SYNTHETIC,1300,NO_GOVERNED_SURFACE_CONDITION_LENGTH_PARAMETER,AUSTRALIAN_SYNTHETIC,,UNKNOWN
RTDR-460F0BA9E38216A8E09FF920,2013-07-12|BET365 GEELONG SYNTHETIC|R02,2013-07-12,BET365 GEELONG SYNTHETIC,1100,NO_GOVERNED_SURFACE_CONDITION_LENGTH_PARAMETER,AUSTRALIAN_SYNTHETIC,,UNKNOWN
RTDR-DBA45603F9A3A0A232DC8B8C,2013-07-12|BET365 GEELONG SYNTHETIC|R03,2013-07-12,BET365 GEELONG SYNTHETIC,1000,NO_GOVERNED_SURFACE_CONDITION_LENGTH_PARAMETER,AUSTRALIAN_SYNTHETIC,,UNKNOWN
RTDR-4F3A95868DA1E9A525631236,2013-07-12|BET365 GEELONG SYNTHETIC|R04,2013-07-12,BET365 GEELONG SYNTHETIC,1300,NO_GOVERNED_SURFACE_CONDITION_LENGTH_PARAMETER,AUSTRALIAN_SYNTHETIC,,UNKNOWN
RTDR-01A543E61AA7E149AE1E839F,2013-07-12|BET365 GEELONG SYNTHETIC|R07,2013-07-12,BET365 GEELONG SYNTHETIC,1100,NO_GOVERNED_SURFACE_CONDITION_LENGTH_PARAMETER,AUSTRALIAN_SYNTHETIC,,UNKNOWN
RTDR-CA074C2531446DF9CAB09161,2013-07-12|BET365 GEELONG SYNTHETIC|R05,2013-07-12,BET365 GEELONG SYNTHETIC,1900,NO_GOVERNED_SURFACE_CONDITION_LENGTH_PARAMETER,AUSTRALIAN_SYNTHETIC,,UNKNOWN
RTDR-ACEAEE8AA956716F80541155,2013-07-12|BET365 GEELONG SYNTHETIC|R09,2013-07-12,BET365 GEELONG SYNTHETIC,1300,NO_GOVERNED_SURFACE_CONDITION_LENGTH_PARAMETER,AUSTRALIAN_SYNTHETIC,,UNKNOWN
RTDR-9BE9DDE5372BB1A82154B868,2013-07-16|BET365 GEELONG SYNTHETIC|R05,2013-07-16,BET365 GEELONG SYNTHETIC,1900,NO_GOVERNED_SURFACE_CONDITION_LENGTH_PARAMETER,AUSTRALIAN_SYNTHETIC,,UNKNOWN
RTDR-6DDC1A1A1039C662DDB324F9,2013-07-16|BET365 GEELONG SYNTHETIC|R08,2013-07-16,BET365 GEELONG SYNTHETIC,1900,NO_GOVERNED_SURFACE_CONDITION_LENGTH_PARAMETER,AUSTRALIAN_SYNTHETIC,,UNKNOWN
RTDR-5EB630CF33A259B8F218CF80,2013-07-16|BET365 GEELONG SYNTHETIC|R01,2013-07-16,BET365 GEELONG SYNTHETIC,1000,NO_GOVERNED_SURFACE_CONDITION_LENGTH_PARAMETER,AUSTRALIAN_SYNTHETIC,,UNKNOWN
RTDR-755BBD7635B55537FF6E4664,2013-07-16|BET365 GEELONG SYNTHETIC|R03,2013-07-16,BET365 GEELONG SYNTHETIC,1100,NO_GOVERNED_SURFACE_CONDITION_LENGTH_PARAMETER,AUSTRALIAN_SYNTHETIC,,UNKNOWN
RTDR-65B23140E87F71EAAD4EA9F4,2013-07-16|BET365 GEELONG SYNTHETIC|R04,2013-07-16,BET365 GEELONG SYNTHETIC,1300,NO_GOVERNED_SURFACE_CONDITION_LENGTH_PARAMETER,AUSTRALIAN_SYNTHETIC,,UNKNOWN
RTDR-92136CCFB963DEF7CCD4EE50,2013-07-16|BET365 GEELONG SYNTHETIC|R02,2013-07-16,BET365 GEELONG SYNTHETIC,1900,NO_GOVERNED_SURFACE_CONDITION_LENGTH_PARAMETER,AUSTRALIAN_SYNTHETIC,,UNKNOWN
RTDR-34F9C6B4F4AAAE0242EF9F06,2013-07-16|BET365 GEELONG SYNTHETIC|R07,2013-07-16,BET365 GEELONG SYNTHETIC,1100,NO_GOVERNED_SURFACE_CONDITION_LENGTH_PARAMETER,AUSTRALIAN_SYNTHETIC,,UNKNOWN
RTDR-26649E2BB7F61CE8BFCE182E,2013-07-16|BET365 GEELONG SYNTHETIC|R09,2013-07-16,BET365 GEELONG SYNTHETIC,2000,NO_GOVERNED_SURFACE_CONDITION_LENGTH_PARAMETER,AUSTRALIAN_SYNTHETIC,,UNKNOWN
RTDR-15BACECDA9D74607B9AD460A,2013-07-16|BET365 GEELONG SYNTHETIC|R06,2013-07-16,BET365 GEELONG SYNTHETIC,1300,NO_GOVERNED_SURFACE_CONDITION_LENGTH_PARAMETER,AUSTRALIAN_SYNTHETIC,,UNKNOWN
RTDR-6C803BE3333242E0F9191244,2013-07-19|BET365 GEELONG SYNTHETIC|R08,2013-07-19,BET365 GEELONG SYNTHETIC,1300,NO_GOVERNED_SURFACE_CONDITION_LENGTH_PARAMETER,AUSTRALIAN_SYNTHETIC,,UNKNOWN
RTDR-7D9CA8AA6B73095EB36D9613,2013-07-19|BET365 GEELONG SYNTHETIC|R09,2013-07-19,BET365 GEELONG SYNTHETIC,1300,NO_GOVERNED_SURFACE_CONDITION_LENGTH_PARAMETER,AUSTRALIAN_SYNTHETIC,,UNKNOWN
RTDR-E3E25F66621423601493C143,2013-07-19|BET365 GEELONG SYNTHETIC|R05,2013-07-19,BET365 GEELONG SYNTHETIC,1000,NO_GOVERNED_SURFACE_CONDITION_LENGTH_PARAMETER,AUSTRALIAN_SYNTHETIC,,UNKNOWN
RTDR-ABCFC255974789A52C1823BC,2013-07-19|BET365 GEELONG SYNTHETIC|R02,2013-07-19,BET365 GEELONG SYNTHETIC,1300,NO_GOVERNED_SURFACE_CONDITION_LENGTH_PARAMETER,AUSTRALIAN_SYNTHETIC,,UNKNOWN
RTDR-487F98D8FE05ED373E2A3643,2013-07-19|BET365 GEELONG SYNTHETIC|R01,2013-07-19,BET365 GEELONG SYNTHETIC,1000,NO_GOVERNED_SURFACE_CONDITION_LENGTH_PARAMETER,AUSTRALIAN_SYNTHETIC,,UNKNOWN
RTDR-1375A065FB4B24BAFE5BBE78,2013-07-19|BET365 GEELONG SYNTHETIC|R03,2013-07-19,BET365 GEELONG SYNTHETIC,1200,NO_GOVERNED_SURFACE_CONDITION_LENGTH_PARAMETER,AUSTRALIAN_SYNTHETIC,,UNKNOWN
RTDR-29B451DE73A6BB4DF182EFBA,2013-07-19|BET365 GEELONG SYNTHETIC|R06,2013-07-19,BET365 GEELONG SYNTHETIC,1900,NO_GOVERNED_SURFACE_CONDITION_LENGTH_PARAMETER,AUSTRALIAN_SYNTHETIC,,UNKNOWN
RTDR-34CAE673C4EDD7B1CD69C357,2013-07-19|BET365 GEELONG SYNTHETIC|R07,2013-07-19,BET365 GEELONG SYNTHETIC,1200,NO_GOVERNED_SURFACE_CONDITION_LENGTH_PARAMETER,AUSTRALIAN_SYNTHETIC,,UNKNOWN
RTDR-886D0C94A2569B0B1EED1B68,2013-07-19|BET365 GEELONG SYNTHETIC|R04,2013-07-19,BET365 GEELONG SYNTHETIC,2100,NO_GOVERNED_SURFACE_CONDITION_LENGTH_PARAMETER,AUSTRALIAN_SYNTHETIC,,UNKNOWN
RTDR-DAB39B911B0C70972B67E5CB,2013-07-26|BET365 GEELONG SYNTHETIC|R01,2013-07-26,BET365 GEELONG SYNTHETIC,1300,NO_GOVERNED_SURFACE_CONDITION_LENGTH_PARAMETER,AUSTRALIAN_SYNTHETIC,,UNKNOWN
RTDR-1EDD9B6620355CF0DF0F09B4,2013-07-26|BET365 GEELONG SYNTHETIC|R02,2013-07-26,BET365 GEELONG SYNTHETIC,1200,NO_GOVERNED_SURFACE_CONDITION_LENGTH_PARAMETER,AUSTRALIAN_SYNTHETIC,,UNKNOWN
RTDR-2E449037031C2B56DC99175A,2013-07-26|BET365 GEELONG SYNTHETIC|R04,2013-07-26,BET365 GEELONG SYNTHETIC,1300,NO_GOVERNED_SURFACE_CONDITION_LENGTH_PARAMETER,AUSTRALIAN_SYNTHETIC,,UNKNOWN
RTDR-3606E8434AD4E15F8C4FCC9D,2013-07-26|BET365 GEELONG SYNTHETIC|R03,2013-07-26,BET365 GEELONG SYNTHETIC,2000,NO_GOVERNED_SURFACE_CONDITION_LENGTH_PARAMETER,AUSTRALIAN_SYNTHETIC,,UNKNOWN
RTDR-571AD8736185F7789842727F,2013-07-26|BET365 GEELONG SYNTHETIC|R05,2013-07-26,BET365 GEELONG SYNTHETIC,1100,NO_GOVERNED_SURFACE_CONDITION_LENGTH_PARAMETER,AUSTRALIAN_SYNTHETIC,,UNKNOWN
RTDR-A53EBF78C41353FA9305ED2A,2013-07-26|BET365 GEELONG SYNTHETIC|R07,2013-07-26,BET365 GEELONG SYNTHETIC,1300,NO_GOVERNED_SURFACE_CONDITION_LENGTH_PARAMETER,AUSTRALIAN_SYNTHETIC,,UNKNOWN
RTDR-4F859B5E1F22AFDCFF8083CA,2013-07-26|BET365 GEELONG SYNTHETIC|R08,2013-07-26,BET365 GEELONG SYNTHETIC,2000,NO_GOVERNED_SURFACE_CONDITION_LENGTH_PARAMETER,AUSTRALIAN_SYNTHETIC,,UNKNOWN
RTDR-E68F134AEEA207371ADE0E29,2013-07-26|BET365 GEELONG SYNTHETIC|R06,2013-07-26,BET365 GEELONG SYNTHETIC,1300,NO_GOVERNED_SURFACE_CONDITION_LENGTH_PARAMETER,AUSTRALIAN_SYNTHETIC,,UNKNOWN
RTDR-784CFF5336D997B2F3D8724C,2014-07-01|BET365 GEELONG SYNTHETIC|R08,2014-07-01,BET365 GEELONG SYNTHETIC,1200,NO_GOVERNED_SURFACE_CONDITION_LENGTH_PARAMETER,AUSTRALIAN_SYNTHETIC,,UNKNOWN
RTDR-385314E02281050E57FDD3AA,2014-07-01|BET365 GEELONG SYNTHETIC|R09,2014-07-01,BET365 GEELONG SYNTHETIC,1200,NO_GOVERNED_SURFACE_CONDITION_LENGTH_PARAMETER,AUSTRALIAN_SYNTHETIC,,UNKNOWN
RTDR-C4A3DCC11EA5E9C91FC9D8B4,2014-07-01|BET365 GEELONG SYNTHETIC|R04,2014-07-01,BET365 GEELONG SYNTHETIC,1100,NO_GOVERNED_SURFACE_CONDITION_LENGTH_PARAMETER,AUSTRALIAN_SYNTHETIC,,UNKNOWN
RTDR-7FE99F7E58364473D4DFAAB9,2014-07-01|BET365 GEELONG SYNTHETIC|R01,2014-07-01,BET365 GEELONG SYNTHETIC,2000,NO_GOVERNED_SURFACE_CONDITION_LENGTH_PARAMETER,AUSTRALIAN_SYNTHETIC,,UNKNOWN
RTDR-7D1457C45B3DD3B007998F3A,2014-07-01|BET365 GEELONG SYNTHETIC|R03,2014-07-01,BET365 GEELONG SYNTHETIC,1300,NO_GOVERNED_SURFACE_CONDITION_LENGTH_PARAMETER,AUSTRALIAN_SYNTHETIC,,UNKNOWN
RTDR-0BB67861E60E788430201419,2014-07-01|BET365 GEELONG SYNTHETIC|R02,2014-07-01,BET365 GEELONG SYNTHETIC,1100,NO_GOVERNED_SURFACE_CONDITION_LENGTH_PARAMETER,AUSTRALIAN_SYNTHETIC,,UNKNOWN
RTDR-51D75E731C3802EA85CEA588,2014-07-01|BET365 GEELONG SYNTHETIC|R05,2014-07-01,BET365 GEELONG SYNTHETIC,2200,NO_GOVERNED_SURFACE_CONDITION_LENGTH_PARAMETER,AUSTRALIAN_SYNTHETIC,,UNKNOWN
RTDR-2C26AB29EDE05F84E630F7EC,2014-07-01|BET365 GEELONG SYNTHETIC|R06,2014-07-01,BET365 GEELONG SYNTHETIC,2000,NO_GOVERNED_SURFACE_CONDITION_LENGTH_PARAMETER,AUSTRALIAN_SYNTHETIC,,UNKNOWN
RTDR-F51067BB83C5C42D7CFACFAC,2014-07-01|BET365 GEELONG SYNTHETIC|R07,2014-07-01,BET365 GEELONG SYNTHETIC,1000,NO_GOVERNED_SURFACE_CONDITION_LENGTH_PARAMETER,AUSTRALIAN_SYNTHETIC,,UNKNOWN
RTDR-851F0335CC2B59FF21E62790,2014-07-04|BET365 GEELONG SYNTHETIC|R06,2014-07-04,BET365 GEELONG SYNTHETIC,1300,NO_GOVERNED_SURFACE_CONDITION_LENGTH_PARAMETER,AUSTRALIAN_SYNTHETIC,,UNKNOWN
RTDR-F006343149083DF482779B50,2014-07-04|BET365 GEELONG SYNTHETIC|R08,2014-07-04,BET365 GEELONG SYNTHETIC,1300,NO_GOVERNED_SURFACE_CONDITION_LENGTH_PARAMETER,AUSTRALIAN_SYNTHETIC,,UNKNOWN
RTDR-2715493CDF85BF63984DED8A,2014-07-04|BET365 GEELONG SYNTHETIC|R03,2014-07-04,BET365 GEELONG SYNTHETIC,1200,NO_GOVERNED_SURFACE_CONDITION_LENGTH_PARAMETER,AUSTRALIAN_SYNTHETIC,,UNKNOWN
RTDR-9F5E54BCBB44ACDED8C14BEB,2014-07-04|BET365 GEELONG SYNTHETIC|R02,2014-07-04,BET365 GEELONG SYNTHETIC,2000,NO_GOVERNED_SURFACE_CONDITION_LENGTH_PARAMETER,AUSTRALIAN_SYNTHETIC,,UNKNOWN
RTDR-1CED5E9967EFCFDE62BDD16D,2014-07-04|BET365 GEELONG SYNTHETIC|R04,2014-07-04,BET365 GEELONG SYNTHETIC,1200,NO_GOVERNED_SURFACE_CONDITION_LENGTH_PARAMETER,AUSTRALIAN_SYNTHETIC,,UNKNOWN
RTDR-AB770FDAFB35136D73B75B85,2014-07-04|BET365 GEELONG SYNTHETIC|R01,2014-07-04,BET365 GEELONG SYNTHETIC,1900,NO_GOVERNED_SURFACE_CONDITION_LENGTH_PARAMETER,AUSTRALIAN_SYNTHETIC,,UNKNOWN
RTDR-27C291036822009A71BCA4B6,2014-07-04|BET365 GEELONG SYNTHETIC|R09,2014-07-04,BET365 GEELONG SYNTHETIC,1000,NO_GOVERNED_SURFACE_CONDITION_LENGTH_PARAMETER,AUSTRALIAN_SYNTHETIC,,UNKNOWN
RTDR-F2CD34556B78E5447C085164,2014-07-04|BET365 GEELONG SYNTHETIC|R07,2014-07-04,BET365 GEELONG SYNTHETIC,1100,NO_GOVERNED_SURFACE_CONDITION_LENGTH_PARAMETER,AUSTRALIAN_SYNTHETIC,,UNKNOWN
RTDR-D395BAE8B836EBE6176128F5,2014-07-04|BET365 GEELONG SYNTHETIC|R05,2014-07-04,BET365 GEELONG SYNTHETIC,2000,NO_GOVERNED_SURFACE_CONDITION_LENGTH_PARAMETER,AUSTRALIAN_SYNTHETIC,,UNKNOWN
RTDR-13847285E73843D3A4FDB7F8,2014-07-11|BET365 GEELONG SYNTHETIC|R04,2014-07-11,BET365 GEELONG SYNTHETIC,1300,NO_GOVERNED_SURFACE_CONDITION_LENGTH_PARAMETER,AUSTRALIAN_SYNTHETIC,,UNKNOWN
RTDR-E66BA61360C9F0740AE628EA,2014-07-11|BET365 GEELONG SYNTHETIC|R05,2014-07-11,BET365 GEELONG SYNTHETIC,1300,NO_GOVERNED_SURFACE_CONDITION_LENGTH_PARAMETER,AUSTRALIAN_SYNTHETIC,,UNKNOWN
RTDR-95DE4E89DD636B46F9D4570E,2014-07-11|BET365 GEELONG SYNTHETIC|R03,2014-07-11,BET365 GEELONG SYNTHETIC,1200,NO_GOVERNED_SURFACE_CONDITION_LENGTH_PARAMETER,AUSTRALIAN_SYNTHETIC,,UNKNOWN
RTDR-D86F8B1294A328EFDC34C41D,2014-07-11|BET365 GEELONG SYNTHETIC|R01,2014-07-11,BET365 GEELONG SYNTHETIC,1100,NO_GOVERNED_SURFACE_CONDITION_LENGTH_PARAMETER,AUSTRALIAN_SYNTHETIC,,UNKNOWN
RTDR-9E66F677921C031491B9D6D7,2014-07-11|BET365 GEELONG SYNTHETIC|R02,2014-07-11,BET365 GEELONG SYNTHETIC,1000,NO_GOVERNED_SURFACE_CONDITION_LENGTH_PARAMETER,AUSTRALIAN_SYNTHETIC,,UNKNOWN
RTDR-A0E4CADF3150B5BB70BF3D72,2014-07-11|BET365 GEELONG SYNTHETIC|R09,2014-07-11,BET365 GEELONG SYNTHETIC,1000,NO_GOVERNED_SURFACE_CONDITION_LENGTH_PARAMETER,AUSTRALIAN_SYNTHETIC,,UNKNOWN
RTDR-585B51C54405B9B7533A3F55,2014-07-11|BET365 GEELONG SYNTHETIC|R07,2014-07-11,BET365 GEELONG SYNTHETIC,2000,NO_GOVERNED_SURFACE_CONDITION_LENGTH_PARAMETER,AUSTRALIAN_SYNTHETIC,,UNKNOWN
RTDR-14A940CF527B82F30FF7EB31,2014-07-11|BET365 GEELONG SYNTHETIC|R08,2014-07-11,BET365 GEELONG SYNTHETIC,1200,NO_GOVERNED_SURFACE_CONDITION_LENGTH_PARAMETER,AUSTRALIAN_SYNTHETIC,,UNKNOWN
RTDR-DB35013433EE226B0AB83B40,2014-07-11|BET365 GEELONG SYNTHETIC|R06,2014-07-11,BET365 GEELONG SYNTHETIC,1300,NO_GOVERNED_SURFACE_CONDITION_LENGTH_PARAMETER,AUSTRALIAN_SYNTHETIC,,UNKNOWN
RTDR-3E9B31EA33E229452B4DE1EB,2014-07-15|BET365 GEELONG SYNTHETIC|R09,2014-07-15,BET365 GEELONG SYNTHETIC,1100,NO_GOVERNED_SURFACE_CONDITION_LENGTH_PARAMETER,AUSTRALIAN_SYNTHETIC,,UNKNOWN
RTDR-248AFF6E6EF9099DAAC9927D,2014-07-15|BET365 GEELONG SYNTHETIC|R10,2014-07-15,BET365 GEELONG SYNTHETIC,1100,NO_GOVERNED_SURFACE_CONDITION_LENGTH_PARAMETER,AUSTRALIAN_SYNTHETIC,,UNKNOWN
RTDR-1DBC6D0A5780FEA8FC540F6E,2014-07-15|BET365 GEELONG SYNTHETIC|R07,2014-07-15,BET365 GEELONG SYNTHETIC,1300,NO_GOVERNED_SURFACE_CONDITION_LENGTH_PARAMETER,AUSTRALIAN_SYNTHETIC,,UNKNOWN
RTDR-3A31B6A0C78B3314B7DEAF3B,2014-07-15|BET365 GEELONG SYNTHETIC|R08,2014-07-15,BET365 GEELONG SYNTHETIC,1300,NO_GOVERNED_SURFACE_CONDITION_LENGTH_PARAMETER,AUSTRALIAN_SYNTHETIC,,UNKNOWN
RTDR-FF5FFA32E8F68E66C4D4312F,2014-07-15|BET365 GEELONG SYNTHETIC|R06,2014-07-15,BET365 GEELONG SYNTHETIC,1900,NO_GOVERNED_SURFACE_CONDITION_LENGTH_PARAMETER,AUSTRALIAN_SYNTHETIC,,UNKNOWN
RTDR-A45FA1452CD5825799CA409B,2014-07-15|BET365 GEELONG SYNTHETIC|R05,2014-07-15,BET365 GEELONG SYNTHETIC,1900,NO_GOVERNED_SURFACE_CONDITION_LENGTH_PARAMETER,AUSTRALIAN_SYNTHETIC,,UNKNOWN
RTDR-DDD92504C427AD463DDB9B23,2014-07-15|BET365 GEELONG SYNTHETIC|R02,2014-07-15,BET365 GEELONG SYNTHETIC,1200,NO_GOVERNED_SURFACE_CONDITION_LENGTH_PARAMETER,AUSTRALIAN_SYNTHETIC,,UNKNOWN
RTDR-949796DA9667033FC4612AF6,2014-07-15|BET365 GEELONG SYNTHETIC|R01,2014-07-15,BET365 GEELONG SYNTHETIC,1100,NO_GOVERNED_SURFACE_CONDITION_LENGTH_PARAMETER,AUSTRALIAN_SYNTHETIC,,UNKNOWN
RTDR-4923BC198BF262D0DEE091FE,2014-07-15|BET365 GEELONG SYNTHETIC|R03,2014-07-15,BET365 GEELONG SYNTHETIC,1200,NO_GOVERNED_SURFACE_CONDITION_LENGTH_PARAMETER,AUSTRALIAN_SYNTHETIC,,UNKNOWN
RTDR-58F28598A09A7D48EEF8D615,2014-07-15|BET365 GEELONG SYNTHETIC|R04,2014-07-15,BET365 GEELONG SYNTHETIC,1900,NO_GOVERNED_SURFACE_CONDITION_LENGTH_PARAMETER,AUSTRALIAN_SYNTHETIC,,UNKNOWN
RTDR-5CD219FD0B7E9D747A783839,2014-07-15|BET365 GEELONG SYNTHETIC|R11,2014-07-15,BET365 GEELONG SYNTHETIC,1200,NO_GOVERNED_SURFACE_CONDITION_LENGTH_PARAMETER,AUSTRALIAN_SYNTHETIC,,UNKNOWN
RTDR-CE25884C97B865613AC9541B,2014-07-17|BET365 GEELONG SYNTHETIC|R07,2014-07-17,BET365 GEELONG SYNTHETIC,1300,NO_GOVERNED_SURFACE_CONDITION_LENGTH_PARAMETER,AUSTRALIAN_SYNTHETIC,,UNKNOWN
RTDR-9710FDEA4C169F31370D4BBC,2014-07-17|BET365 GEELONG SYNTHETIC|R08,2014-07-17,BET365 GEELONG SYNTHETIC,1300,NO_GOVERNED_SURFACE_CONDITION_LENGTH_PARAMETER,AUSTRALIAN_SYNTHETIC,,UNKNOWN
RTDR-B5F06E80EB275E0D10ACC7D5,2014-07-17|BET365 GEELONG SYNTHETIC|R02,2014-07-17,BET365 GEELONG SYNTHETIC,1100,NO_GOVERNED_SURFACE_CONDITION_LENGTH_PARAMETER,AUSTRALIAN_SYNTHETIC,,UNKNOWN
RTDR-B561CD79EB0B683BF5CA5E3E,2014-07-17|BET365 GEELONG SYNTHETIC|R01,2014-07-17,BET365 GEELONG SYNTHETIC,2000,NO_GOVERNED_SURFACE_CONDITION_LENGTH_PARAMETER,AUSTRALIAN_SYNTHETIC,,UNKNOWN
RTDR-07F770EFC1B013990E92338C,2014-07-17|BET365 GEELONG SYNTHETIC|R03,2014-07-17,BET365 GEELONG SYNTHETIC,1300,NO_GOVERNED_SURFACE_CONDITION_LENGTH_PARAMETER,AUSTRALIAN_SYNTHETIC,,UNKNOWN
RTDR-9613C25D57373FD8A1C75C94,2014-07-17|BET365 GEELONG SYNTHETIC|R04,2014-07-17,BET365 GEELONG SYNTHETIC,1000,NO_GOVERNED_SURFACE_CONDITION_LENGTH_PARAMETER,AUSTRALIAN_SYNTHETIC,,UNKNOWN
RTDR-50AEFB60DC8EC07D38C9AAA1,2014-07-17|BET365 GEELONG SYNTHETIC|R05,2014-07-17,BET365 GEELONG SYNTHETIC,1100,NO_GOVERNED_SURFACE_CONDITION_LENGTH_PARAMETER,AUSTRALIAN_SYNTHETIC,,UNKNOWN
RTDR-79CCEF63040AB63150E517E9,2014-07-17|BET365 GEELONG SYNTHETIC|R09,2014-07-17,BET365 GEELONG SYNTHETIC,1300,NO_GOVERNED_SURFACE_CONDITION_LENGTH_PARAMETER,AUSTRALIAN_SYNTHETIC,,UNKNOWN
RTDR-4CE7A98715EF4F9D99C2F395,2014-07-17|BET365 GEELONG SYNTHETIC|R06,2014-07-17,BET365 GEELONG SYNTHETIC,2000,NO_GOVERNED_SURFACE_CONDITION_LENGTH_PARAMETER,AUSTRALIAN_SYNTHETIC,,UNKNOWN
RTDR-F2A816C9799FC7A26A2EC8EC,2014-07-18|BET365 GEELONG SYNTHETIC|R06,2014-07-18,BET365 GEELONG SYNTHETIC,1300,NO_GOVERNED_SURFACE_CONDITION_LENGTH_PARAMETER,AUSTRALIAN_SYNTHETIC,,UNKNOWN
RTDR-0586C56C6342E3007260F718,2014-07-18|BET365 GEELONG SYNTHETIC|R08,2014-07-18,BET365 GEELONG SYNTHETIC,1300,NO_GOVERNED_SURFACE_CONDITION_LENGTH_PARAMETER,AUSTRALIAN_SYNTHETIC,,UNKNOWN
RTDR-7D409158A31BFFCF116BF262,2014-07-18|BET365 GEELONG SYNTHETIC|R04,2014-07-18,BET365 GEELONG SYNTHETIC,1300,NO_GOVERNED_SURFACE_CONDITION_LENGTH_PARAMETER,AUSTRALIAN_SYNTHETIC,,UNKNOWN
RTDR-07A3454347A44ABE03BF7731,2014-07-18|BET365 GEELONG SYNTHETIC|R03,2014-07-18,BET365 GEELONG SYNTHETIC,1200,NO_GOVERNED_SURFACE_CONDITION_LENGTH_PARAMETER,AUSTRALIAN_SYNTHETIC,,UNKNOWN
RTDR-C2303B1CEDAEF4B497B277A1,2014-07-18|BET365 GEELONG SYNTHETIC|R02,2014-07-18,BET365 GEELONG SYNTHETIC,1200,NO_GOVERNED_SURFACE_CONDITION_LENGTH_PARAMETER,AUSTRALIAN_SYNTHETIC,,UNKNOWN
RTDR-ADD43E43DE2700043A6980AC,2014-07-18|BET365 GEELONG SYNTHETIC|R01,2014-07-18,BET365 GEELONG SYNTHETIC,2200,NO_GOVERNED_SURFACE_CONDITION_LENGTH_PARAMETER,AUSTRALIAN_SYNTHETIC,,UNKNOWN
RTDR-93DA8C075C4F1F91DCD53F10,2014-07-18|BET365 GEELONG SYNTHETIC|R09,2014-07-18,BET365 GEELONG SYNTHETIC,1900,NO_GOVERNED_SURFACE_CONDITION_LENGTH_PARAMETER,AUSTRALIAN_SYNTHETIC,,UNKNOWN
RTDR-989F13BA955E468B7B9F1659,2014-07-18|BET365 GEELONG SYNTHETIC|R05,2014-07-18,BET365 GEELONG SYNTHETIC,1000,NO_GOVERNED_SURFACE_CONDITION_LENGTH_PARAMETER,AUSTRALIAN_SYNTHETIC,,UNKNOWN
RTDR-23A59C20ED1A853BD904F4F4,2014-07-18|BET365 GEELONG SYNTHETIC|R07,2014-07-18,BET365 GEELONG SYNTHETIC,2100,NO_GOVERNED_SURFACE_CONDITION_LENGTH_PARAMETER,AUSTRALIAN_SYNTHETIC,,UNKNOWN
RTDR-E8414A65F46578AA08E9FBF7,2014-07-25|BET365 GEELONG SYNTHETIC|R03,2014-07-25,BET365 GEELONG SYNTHETIC,1300,NO_GOVERNED_SURFACE_CONDITION_LENGTH_PARAMETER,AUSTRALIAN_SYNTHETIC,,UNKNOWN
RTDR-D5B37FEF85C7A715B69E3E7B,2014-07-25|BET365 GEELONG SYNTHETIC|R02,2014-07-25,BET365 GEELONG SYNTHETIC,1100,NO_GOVERNED_SURFACE_CONDITION_LENGTH_PARAMETER,AUSTRALIAN_SYNTHETIC,,UNKNOWN
RTDR-143235188E65CF0234B71920,2014-07-25|BET365 GEELONG SYNTHETIC|R04,2014-07-25,BET365 GEELONG SYNTHETIC,1300,NO_GOVERNED_SURFACE_CONDITION_LENGTH_PARAMETER,AUSTRALIAN_SYNTHETIC,,UNKNOWN
RTDR-1A4FDE4430A1CCCA954D3178,2014-07-25|BET365 GEELONG SYNTHETIC|R01,2014-07-25,BET365 GEELONG SYNTHETIC,1000,NO_GOVERNED_SURFACE_CONDITION_LENGTH_PARAMETER,AUSTRALIAN_SYNTHETIC,,UNKNOWN
RTDR-FBE3427CABB10F7E7F7B2AFD,2014-07-25|BET365 GEELONG SYNTHETIC|R08,2014-07-25,BET365 GEELONG SYNTHETIC,1200,NO_GOVERNED_SURFACE_CONDITION_LENGTH_PARAMETER,AUSTRALIAN_SYNTHETIC,,UNKNOWN
RTDR-826E7B79A4E9A304FFE88702,2014-07-25|BET365 GEELONG SYNTHETIC|R07,2014-07-25,BET365 GEELONG SYNTHETIC,1300,NO_GOVERNED_SURFACE_CONDITION_LENGTH_PARAMETER,AUSTRALIAN_SYNTHETIC,,UNKNOWN
RTDR-78AB52F1A85258722656D8F4,2014-07-25|BET365 GEELONG SYNTHETIC|R05,2014-07-25,BET365 GEELONG SYNTHETIC,1900,NO_GOVERNED_SURFACE_CONDITION_LENGTH_PARAMETER,AUSTRALIAN_SYNTHETIC,,UNKNOWN
RTDR-5B377F0085E14EFBB53C2BAD,2014-07-25|BET365 GEELONG SYNTHETIC|R06,2014-07-25,BET365 GEELONG SYNTHETIC,1300,NO_GOVERNED_SURFACE_CONDITION_LENGTH_PARAMETER,AUSTRALIAN_SYNTHETIC,,UNKNOWN
RTDR-728C7DB91CEB15FFEFAD839E,2014-07-29|BET365 GEELONG SYNTHETIC|R05,2014-07-29,BET365 GEELONG SYNTHETIC,1200,NO_GOVERNED_SURFACE_CONDITION_LENGTH_PARAMETER,AUSTRALIAN_SYNTHETIC,,UNKNOWN
RTDR-0987F728330F079F31BC7DEC,2014-07-29|BET365 GEELONG SYNTHETIC|R04,2014-07-29,BET365 GEELONG SYNTHETIC,1300,NO_GOVERNED_SURFACE_CONDITION_LENGTH_PARAMETER,AUSTRALIAN_SYNTHETIC,,UNKNOWN
RTDR-3A52F05D212B400AA285969C,2014-07-29|BET365 GEELONG SYNTHETIC|R03,2014-07-29,BET365 GEELONG SYNTHETIC,1000,NO_GOVERNED_SURFACE_CONDITION_LENGTH_PARAMETER,AUSTRALIAN_SYNTHETIC,,UNKNOWN
RTDR-60E481D0AF27E2B416FF4563,2014-07-29|BET365 GEELONG SYNTHETIC|R01,2014-07-29,BET365 GEELONG SYNTHETIC,2200,NO_GOVERNED_SURFACE_CONDITION_LENGTH_PARAMETER,AUSTRALIAN_SYNTHETIC,,UNKNOWN
RTDR-ABD71E402029E00092D4BBAD,2014-07-29|BET365 GEELONG SYNTHETIC|R08,2014-07-29,BET365 GEELONG SYNTHETIC,1200,NO_GOVERNED_SURFACE_CONDITION_LENGTH_PARAMETER,AUSTRALIAN_SYNTHETIC,,UNKNOWN
RTDR-D14BB699DF96EDDB2508707D,2014-07-29|BET365 GEELONG SYNTHETIC|R07,2014-07-29,BET365 GEELONG SYNTHETIC,1300,NO_GOVERNED_SURFACE_CONDITION_LENGTH_PARAMETER,AUSTRALIAN_SYNTHETIC,,UNKNOWN
RTDR-BC41E1554836C4328C02FCE2,2014-07-29|BET365 GEELONG SYNTHETIC|R02,2014-07-29,BET365 GEELONG SYNTHETIC,2000,NO_GOVERNED_SURFACE_CONDITION_LENGTH_PARAMETER,AUSTRALIAN_SYNTHETIC,,UNKNOWN
RTDR-AF8AB932B34DBF27FC7B05F5,2014-07-29|BET365 GEELONG SYNTHETIC|R06,2014-07-29,BET365 GEELONG SYNTHETIC,1000,NO_GOVERNED_SURFACE_CONDITION_LENGTH_PARAMETER,AUSTRALIAN_SYNTHETIC,,UNKNOWN
RTDR-542F8F68CD4615C03A7A5A2E,2014-07-30|BET365 GEELONG SYNTHETIC|R02,2014-07-30,BET365 GEELONG SYNTHETIC,1200,NO_GOVERNED_SURFACE_CONDITION_LENGTH_PARAMETER,AUSTRALIAN_SYNTHETIC,,UNKNOWN
RTDR-2DE07CD4E13CA14835FEB669,2014-07-30|BET365 GEELONG SYNTHETIC|R06,2014-07-30,BET365 GEELONG SYNTHETIC,1000,NO_GOVERNED_SURFACE_CONDITION_LENGTH_PARAMETER,AUSTRALIAN_SYNTHETIC,,UNKNOWN
RTDR-1198C21FA4D499398C7EC793,2014-07-30|BET365 GEELONG SYNTHETIC|R07,2014-07-30,BET365 GEELONG SYNTHETIC,1300,NO_GOVERNED_SURFACE_CONDITION_LENGTH_PARAMETER,AUSTRALIAN_SYNTHETIC,,UNKNOWN
RTDR-F1D16E5D3246155CD50A69E7,2014-07-30|BET365 GEELONG SYNTHETIC|R05,2014-07-30,BET365 GEELONG SYNTHETIC,1200,NO_GOVERNED_SURFACE_CONDITION_LENGTH_PARAMETER,AUSTRALIAN_SYNTHETIC,,UNKNOWN
RTDR-ED50116A0601A8A79AC74853,2014-07-30|BET365 GEELONG SYNTHETIC|R04,2014-07-30,BET365 GEELONG SYNTHETIC,1300,NO_GOVERNED_SURFACE_CONDITION_LENGTH_PARAMETER,AUSTRALIAN_SYNTHETIC,,UNKNOWN
RTDR-0040B6180F3DA7762AE5A4C7,2014-07-30|BET365 GEELONG SYNTHETIC|R01,2014-07-30,BET365 GEELONG SYNTHETIC,1200,NO_GOVERNED_SURFACE_CONDITION_LENGTH_PARAMETER,AUSTRALIAN_SYNTHETIC,,UNKNOWN
RTDR-811D8C3D03EDAC77292AF41E,2014-07-30|BET365 GEELONG SYNTHETIC|R03,2014-07-30,BET365 GEELONG SYNTHETIC,1900,NO_GOVERNED_SURFACE_CONDITION_LENGTH_PARAMETER,AUSTRALIAN_SYNTHETIC,,UNKNOWN
RTDR-657F7C3CFC06749ADCE39DD9,2015-07-07|BET365 GEELONG SYNTHETIC|R05,2015-07-07,BET365 GEELONG SYNTHETIC,1200,NO_GOVERNED_SURFACE_CONDITION_LENGTH_PARAMETER,AUSTRALIAN_SYNTHETIC,,UNKNOWN
RTDR-7D4C47A43890F82EFC5AC441,2015-07-07|BET365 GEELONG SYNTHETIC|R02,2015-07-07,BET365 GEELONG SYNTHETIC,1200,NO_GOVERNED_SURFACE_CONDITION_LENGTH_PARAMETER,AUSTRALIAN_SYNTHETIC,,UNKNOWN
RTDR-5B590525053227133607BDC8,2015-07-07|BET365 GEELONG SYNTHETIC|R03,2015-07-07,BET365 GEELONG SYNTHETIC,1000,NO_GOVERNED_SURFACE_CONDITION_LENGTH_PARAMETER,AUSTRALIAN_SYNTHETIC,,UNKNOWN
RTDR-F685A0DABA483B42D90E9B42,2015-07-07|BET365 GEELONG SYNTHETIC|R01,2015-07-07,BET365 GEELONG SYNTHETIC,1200,NO_GOVERNED_SURFACE_CONDITION_LENGTH_PARAMETER,AUSTRALIAN_SYNTHETIC,,UNKNOWN
RTDR-3CDCF16F58B38FCBA8805649,2015-07-07|BET365 GEELONG SYNTHETIC|R04,2015-07-07,BET365 GEELONG SYNTHETIC,1000,NO_GOVERNED_SURFACE_CONDITION_LENGTH_PARAMETER,AUSTRALIAN_SYNTHETIC,,UNKNOWN
RTDR-FF22BADAD8D96B95DD8BBC28,2015-07-07|BET365 GEELONG SYNTHETIC|R08,2015-07-07,BET365 GEELONG SYNTHETIC,1900,NO_GOVERNED_SURFACE_CONDITION_LENGTH_PARAMETER,AUSTRALIAN_SYNTHETIC,,UNKNOWN
RTDR-C06ABFF0DC9D40A7667D0F6F,2015-07-07|BET365 GEELONG SYNTHETIC|R07,2015-07-07,BET365 GEELONG SYNTHETIC,1200,NO_GOVERNED_SURFACE_CONDITION_LENGTH_PARAMETER,AUSTRALIAN_SYNTHETIC,,UNKNOWN
RTDR-F12D5B3B3CDD08D70BE02252,2015-07-07|BET365 GEELONG SYNTHETIC|R06,2015-07-07,BET365 GEELONG SYNTHETIC,1100,NO_GOVERNED_SURFACE_CONDITION_LENGTH_PARAMETER,AUSTRALIAN_SYNTHETIC,,UNKNOWN
RTDR-0AC47238F15F844A84BB1ADB,2015-07-24|BET365 GEELONG SYNTHETIC|R01,2015-07-24,BET365 GEELONG SYNTHETIC,1300,NO_GOVERNED_SURFACE_CONDITION_LENGTH_PARAMETER,AUSTRALIAN_SYNTHETIC,,UNKNOWN
RTDR-977D9B5AC2503183AE8CB15B,2015-07-24|BET365 GEELONG SYNTHETIC|R04,2015-07-24,BET365 GEELONG SYNTHETIC,1000,NO_GOVERNED_SURFACE_CONDITION_LENGTH_PARAMETER,AUSTRALIAN_SYNTHETIC,,UNKNOWN
RTDR-A9870C1DA866F03BD024F778,2015-07-24|BET365 GEELONG SYNTHETIC|R03,2015-07-24,BET365 GEELONG SYNTHETIC,1000,NO_GOVERNED_SURFACE_CONDITION_LENGTH_PARAMETER,AUSTRALIAN_SYNTHETIC,,UNKNOWN
RTDR-FB2C014A6CAD337594B7A7D1,2015-07-24|BET365 GEELONG SYNTHETIC|R02,2015-07-24,BET365 GEELONG SYNTHETIC,1300,NO_GOVERNED_SURFACE_CONDITION_LENGTH_PARAMETER,AUSTRALIAN_SYNTHETIC,,UNKNOWN
RTDR-4548294DE540C6863C2E45DC,2015-07-24|BET365 GEELONG SYNTHETIC|R05,2015-07-24,BET365 GEELONG SYNTHETIC,1200,NO_GOVERNED_SURFACE_CONDITION_LENGTH_PARAMETER,AUSTRALIAN_SYNTHETIC,,UNKNOWN
RTDR-260D6C8A769C03F6D4FA3879,2015-07-24|BET365 GEELONG SYNTHETIC|R06,2015-07-24,BET365 GEELONG SYNTHETIC,1300,NO_GOVERNED_SURFACE_CONDITION_LENGTH_PARAMETER,AUSTRALIAN_SYNTHETIC,,UNKNOWN
RTDR-0BF6D8415EA12DAC2FC21873,2015-07-24|BET365 GEELONG SYNTHETIC|R07,2015-07-24,BET365 GEELONG SYNTHETIC,1900,NO_GOVERNED_SURFACE_CONDITION_LENGTH_PARAMETER,AUSTRALIAN_SYNTHETIC,,UNKNOWN
RTDR-FD7CE3121E763F514BA549E4,2015-07-24|BET365 GEELONG SYNTHETIC|R08,2015-07-24,BET365 GEELONG SYNTHETIC,1300,NO_GOVERNED_SURFACE_CONDITION_LENGTH_PARAMETER,AUSTRALIAN_SYNTHETIC,,UNKNOWN
RTDR-7CA0426461263DEC647B9DA4,2018-07-03|BET365 GEELONG SYNTHETIC|R01,2018-07-03,BET365 GEELONG SYNTHETIC,1000,NO_GOVERNED_SURFACE_CONDITION_LENGTH_PARAMETER,AUSTRALIAN_SYNTHETIC,,UNKNOWN
RTDR-8C3388E5BC81681F1C398A60,2018-07-03|BET365 GEELONG SYNTHETIC|R04,2018-07-03,BET365 GEELONG SYNTHETIC,1100,NO_GOVERNED_SURFACE_CONDITION_LENGTH_PARAMETER,AUSTRALIAN_SYNTHETIC,,UNKNOWN
RTDR-CFB96CCBB9BE4C0F27EB708E,2018-07-03|BET365 GEELONG SYNTHETIC|R05,2018-07-03,BET365 GEELONG SYNTHETIC,1000,NO_GOVERNED_SURFACE_CONDITION_LENGTH_PARAMETER,AUSTRALIAN_SYNTHETIC,,UNKNOWN
RTDR-2355F867059A72953D78F2FE,2018-07-03|BET365 GEELONG SYNTHETIC|R08,2018-07-03,BET365 GEELONG SYNTHETIC,1200,NO_GOVERNED_SURFACE_CONDITION_LENGTH_PARAMETER,AUSTRALIAN_SYNTHETIC,,UNKNOWN
RTDR-56B098F9D8E15C44C55F0FC7,2018-07-03|BET365 GEELONG SYNTHETIC|R07,2018-07-03,BET365 GEELONG SYNTHETIC,1300,NO_GOVERNED_SURFACE_CONDITION_LENGTH_PARAMETER,AUSTRALIAN_SYNTHETIC,,UNKNOWN
RTDR-05CD97588CC89A48C00D853D,2018-07-03|BET365 GEELONG SYNTHETIC|R09,2018-07-03,BET365 GEELONG SYNTHETIC,1900,NO_GOVERNED_SURFACE_CONDITION_LENGTH_PARAMETER,AUSTRALIAN_SYNTHETIC,,UNKNOWN
RTDR-85754FD7FEBF3DEAF3FF8170,2018-07-03|BET365 GEELONG SYNTHETIC|R06,2018-07-03,BET365 GEELONG SYNTHETIC,1200,NO_GOVERNED_SURFACE_CONDITION_LENGTH_PARAMETER,AUSTRALIAN_SYNTHETIC,,UNKNOWN
RTDR-E1A4582E8EE9FA76FDE4FC55,2018-07-03|BET365 GEELONG SYNTHETIC|R03,2018-07-03,BET365 GEELONG SYNTHETIC,1300,NO_GOVERNED_SURFACE_CONDITION_LENGTH_PARAMETER,AUSTRALIAN_SYNTHETIC,,UNKNOWN
RTDR-795174478E27764D8D77C236,2018-07-03|BET365 GEELONG SYNTHETIC|R02,2018-07-03,BET365 GEELONG SYNTHETIC,1300,NO_GOVERNED_SURFACE_CONDITION_LENGTH_PARAMETER,AUSTRALIAN_SYNTHETIC,,UNKNOWN
RTDR-E470206EDE55EED21C2897EC,2018-07-13|BET365 GEELONG SYNTHETIC|R02,2018-07-13,BET365 GEELONG SYNTHETIC,1300,NO_GOVERNED_SURFACE_CONDITION_LENGTH_PARAMETER,AUSTRALIAN_SYNTHETIC,,UNKNOWN
RTDR-5F90CF50593293C0C1E5F571,2018-07-13|BET365 GEELONG SYNTHETIC|R05,2018-07-13,BET365 GEELONG SYNTHETIC,1100,NO_GOVERNED_SURFACE_CONDITION_LENGTH_PARAMETER,AUSTRALIAN_SYNTHETIC,,UNKNOWN
RTDR-A0095FC90A912B1E86CFE2AE,2018-07-13|BET365 GEELONG SYNTHETIC|R01,2018-07-13,BET365 GEELONG SYNTHETIC,1900,NO_GOVERNED_SURFACE_CONDITION_LENGTH_PARAMETER,AUSTRALIAN_SYNTHETIC,,UNKNOWN
RTDR-24DFF8CBEE2A8C8920B3BD8D,2018-07-13|BET365 GEELONG SYNTHETIC|R07,2018-07-13,BET365 GEELONG SYNTHETIC,1300,NO_GOVERNED_SURFACE_CONDITION_LENGTH_PARAMETER,AUSTRALIAN_SYNTHETIC,,UNKNOWN
RTDR-656EBB7194C99028B0BFC987,2018-07-13|BET365 GEELONG SYNTHETIC|R06,2018-07-13,BET365 GEELONG SYNTHETIC,1100,NO_GOVERNED_SURFACE_CONDITION_LENGTH_PARAMETER,AUSTRALIAN_SYNTHETIC,,UNKNOWN
RTDR-93F5AFA7AE9C51DCE1925983,2018-07-13|BET365 GEELONG SYNTHETIC|R09,2018-07-13,BET365 GEELONG SYNTHETIC,1000,NO_GOVERNED_SURFACE_CONDITION_LENGTH_PARAMETER,AUSTRALIAN_SYNTHETIC,,UNKNOWN
RTDR-522D5BAD11AB82084C697590,2018-07-13|BET365 GEELONG SYNTHETIC|R08,2018-07-13,BET365 GEELONG SYNTHETIC,1900,NO_GOVERNED_SURFACE_CONDITION_LENGTH_PARAMETER,AUSTRALIAN_SYNTHETIC,,UNKNOWN
RTDR-56EFB6409BC2D123683D0C3A,2018-07-13|BET365 GEELONG SYNTHETIC|R03,2018-07-13,BET365 GEELONG SYNTHETIC,1300,NO_GOVERNED_SURFACE_CONDITION_LENGTH_PARAMETER,AUSTRALIAN_SYNTHETIC,,UNKNOWN
RTDR-84A480A1CBE5D250EC8F8D46,2018-07-13|BET365 GEELONG SYNTHETIC|R04,2018-07-13,BET365 GEELONG SYNTHETIC,1300,NO_GOVERNED_SURFACE_CONDITION_LENGTH_PARAMETER,AUSTRALIAN_SYNTHETIC,,UNKNOWN
RTDR-E7EE74BCE34553ACEA0F85C5,2018-07-20|BET365 GEELONG SYNTHETIC|R01,2018-07-20,BET365 GEELONG SYNTHETIC,1300,NO_GOVERNED_SURFACE_CONDITION_LENGTH_PARAMETER,AUSTRALIAN_SYNTHETIC,,UNKNOWN
RTDR-E440391307428816876C41CA,2018-07-20|BET365 GEELONG SYNTHETIC|R02,2018-07-20,BET365 GEELONG SYNTHETIC,1100,NO_GOVERNED_SURFACE_CONDITION_LENGTH_PARAMETER,AUSTRALIAN_SYNTHETIC,,UNKNOWN
RTDR-14F9B829B4102CCA8F97C8A7,2018-07-20|BET365 GEELONG SYNTHETIC|R04,2018-07-20,BET365 GEELONG SYNTHETIC,1000,NO_GOVERNED_SURFACE_CONDITION_LENGTH_PARAMETER,AUSTRALIAN_SYNTHETIC,,UNKNOWN
RTDR-9704EE22E7E503E092112C4C,2018-07-20|BET365 GEELONG SYNTHETIC|R03,2018-07-20,BET365 GEELONG SYNTHETIC,1200,NO_GOVERNED_SURFACE_CONDITION_LENGTH_PARAMETER,AUSTRALIAN_SYNTHETIC,,UNKNOWN
RTDR-BB76E3FBC7D2A1C7C5416B7D,2018-07-20|BET365 GEELONG SYNTHETIC|R05,2018-07-20,BET365 GEELONG SYNTHETIC,1000,NO_GOVERNED_SURFACE_CONDITION_LENGTH_PARAMETER,AUSTRALIAN_SYNTHETIC,,UNKNOWN
RTDR-99AB3583D77D445620BC153A,2018-07-20|BET365 GEELONG SYNTHETIC|R07,2018-07-20,BET365 GEELONG SYNTHETIC,1200,NO_GOVERNED_SURFACE_CONDITION_LENGTH_PARAMETER,AUSTRALIAN_SYNTHETIC,,UNKNOWN
RTDR-EAD6E7A0593D20B8E4262502,2018-07-20|BET365 GEELONG SYNTHETIC|R08,2018-07-20,BET365 GEELONG SYNTHETIC,1100,NO_GOVERNED_SURFACE_CONDITION_LENGTH_PARAMETER,AUSTRALIAN_SYNTHETIC,,UNKNOWN
RTDR-27610E1D1CC5A4B830973C46,2018-07-20|BET365 GEELONG SYNTHETIC|R06,2018-07-20,BET365 GEELONG SYNTHETIC,1900,NO_GOVERNED_SURFACE_CONDITION_LENGTH_PARAMETER,AUSTRALIAN_SYNTHETIC,,UNKNOWN
RTDR-173C111CE22E7A85232873AB,2018-07-23|BET365 GEELONG SYNTHETIC|R02,2018-07-23,BET365 GEELONG SYNTHETIC,1100,NO_GOVERNED_SURFACE_CONDITION_LENGTH_PARAMETER,AUSTRALIAN_SYNTHETIC,,UNKNOWN
RTDR-472D972BBDB22E94E9208D0E,2018-07-23|BET365 GEELONG SYNTHETIC|R04,2018-07-23,BET365 GEELONG SYNTHETIC,1300,NO_GOVERNED_SURFACE_CONDITION_LENGTH_PARAMETER,AUSTRALIAN_SYNTHETIC,,UNKNOWN
RTDR-65E8B2A4A8DEE87EFD9242B9,2018-07-23|BET365 GEELONG SYNTHETIC|R03,2018-07-23,BET365 GEELONG SYNTHETIC,1100,NO_GOVERNED_SURFACE_CONDITION_LENGTH_PARAMETER,AUSTRALIAN_SYNTHETIC,,UNKNOWN
RTDR-F701B099CDC01C7BC882C3CF,2018-07-23|BET365 GEELONG SYNTHETIC|R01,2018-07-23,BET365 GEELONG SYNTHETIC,2200,NO_GOVERNED_SURFACE_CONDITION_LENGTH_PARAMETER,AUSTRALIAN_SYNTHETIC,,UNKNOWN
RTDR-076202C36DAA3E49F78D787C,2018-07-23|BET365 GEELONG SYNTHETIC|R07,2018-07-23,BET365 GEELONG SYNTHETIC,1300,NO_GOVERNED_SURFACE_CONDITION_LENGTH_PARAMETER,AUSTRALIAN_SYNTHETIC,,UNKNOWN
RTDR-CCCA4D1D12E09A00B8996926,2018-07-23|BET365 GEELONG SYNTHETIC|R05,2018-07-23,BET365 GEELONG SYNTHETIC,1200,NO_GOVERNED_SURFACE_CONDITION_LENGTH_PARAMETER,AUSTRALIAN_SYNTHETIC,,UNKNOWN
RTDR-20DA1EE37AF996810980264E,2018-07-23|BET365 GEELONG SYNTHETIC|R08,2018-07-23,BET365 GEELONG SYNTHETIC,1100,NO_GOVERNED_SURFACE_CONDITION_LENGTH_PARAMETER,AUSTRALIAN_SYNTHETIC,,UNKNOWN
RTDR-995473A09446051DAF549CC3,2018-07-23|BET365 GEELONG SYNTHETIC|R06,2018-07-23,BET365 GEELONG SYNTHETIC,2200,NO_GOVERNED_SURFACE_CONDITION_LENGTH_PARAMETER,AUSTRALIAN_SYNTHETIC,,UNKNOWN
RTDR-97FEC8B245AB0DC16576A839,2018-07-31|BET365 GEELONG SYNTHETIC|R01,2018-07-31,BET365 GEELONG SYNTHETIC,1100,NO_GOVERNED_SURFACE_CONDITION_LENGTH_PARAMETER,AUSTRALIAN_SYNTHETIC,,UNKNOWN
RTDR-AD9BEB2EEEBB626E5806FC5C,2018-07-31|BET365 GEELONG SYNTHETIC|R02,2018-07-31,BET365 GEELONG SYNTHETIC,1000,NO_GOVERNED_SURFACE_CONDITION_LENGTH_PARAMETER,AUSTRALIAN_SYNTHETIC,,UNKNOWN
RTDR-4C6F9F2D81604EF61DD0380D,2018-07-31|BET365 GEELONG SYNTHETIC|R03,2018-07-31,BET365 GEELONG SYNTHETIC,1200,NO_GOVERNED_SURFACE_CONDITION_LENGTH_PARAMETER,AUSTRALIAN_SYNTHETIC,,UNKNOWN
RTDR-D356CA363EC45B6A2E011CC8,2018-07-31|BET365 GEELONG SYNTHETIC|R04,2018-07-31,BET365 GEELONG SYNTHETIC,1900,NO_GOVERNED_SURFACE_CONDITION_LENGTH_PARAMETER,AUSTRALIAN_SYNTHETIC,,UNKNOWN
RTDR-7D03FC6ED2A29D0E55816CB6,2018-07-31|BET365 GEELONG SYNTHETIC|R06,2018-07-31,BET365 GEELONG SYNTHETIC,1200,NO_GOVERNED_SURFACE_CONDITION_LENGTH_PARAMETER,AUSTRALIAN_SYNTHETIC,,UNKNOWN
RTDR-67070D864655D94964CA19FB,2018-07-31|BET365 GEELONG SYNTHETIC|R08,2018-07-31,BET365 GEELONG SYNTHETIC,1900,NO_GOVERNED_SURFACE_CONDITION_LENGTH_PARAMETER,AUSTRALIAN_SYNTHETIC,,UNKNOWN
RTDR-6E61A72F7B73B29925AAD66E,2018-07-31|BET365 GEELONG SYNTHETIC|R05,2018-07-31,BET365 GEELONG SYNTHETIC,1100,NO_GOVERNED_SURFACE_CONDITION_LENGTH_PARAMETER,AUSTRALIAN_SYNTHETIC,,UNKNOWN
RTDR-18FB4627FEB03F0F6AAE98EC,2018-07-31|BET365 GEELONG SYNTHETIC|R07,2018-07-31,BET365 GEELONG SYNTHETIC,1300,NO_GOVERNED_SURFACE_CONDITION_LENGTH_PARAMETER,AUSTRALIAN_SYNTHETIC,,UNKNOWN
RTDR-D9FECB82D8C68D783F5B267F,2019-07-02|SPORTSBET-BALLARAT SYNTHETIC|R06,2019-07-02,SPORTSBET-BALLARAT SYNTHETIC,1500,NO_GOVERNED_SURFACE_CONDITION_LENGTH_PARAMETER,AUSTRALIAN_SYNTHETIC,,UNKNOWN
RTDR-CEC2391095FD8DEF2FA451BB,2019-07-02|SPORTSBET-BALLARAT SYNTHETIC|R03,2019-07-02,SPORTSBET-BALLARAT SYNTHETIC,1500,NO_GOVERNED_SURFACE_CONDITION_LENGTH_PARAMETER,AUSTRALIAN_SYNTHETIC,,UNKNOWN
RTDR-71E464DD3F65AC26EB01DD20,2019-07-02|SPORTSBET-BALLARAT SYNTHETIC|R04,2019-07-02,SPORTSBET-BALLARAT SYNTHETIC,1200,NO_GOVERNED_SURFACE_CONDITION_LENGTH_PARAMETER,AUSTRALIAN_SYNTHETIC,,UNKNOWN
RTDR-5E2ED24B741181E16140D266,2019-07-02|SPORTSBET-BALLARAT SYNTHETIC|R02,2019-07-02,SPORTSBET-BALLARAT SYNTHETIC,1000,NO_GOVERNED_SURFACE_CONDITION_LENGTH_PARAMETER,AUSTRALIAN_SYNTHETIC,,UNKNOWN
RTDR-B5FCA41E401F993A0B376791,2019-07-02|SPORTSBET-BALLARAT SYNTHETIC|R01,2019-07-02,SPORTSBET-BALLARAT SYNTHETIC,1000,NO_GOVERNED_SURFACE_CONDITION_LENGTH_PARAMETER,AUSTRALIAN_SYNTHETIC,,UNKNOWN
RTDR-86DC5F30EE19A8AC53AC6A88,2019-07-02|SPORTSBET-BALLARAT SYNTHETIC|R05,2019-07-02,SPORTSBET-BALLARAT SYNTHETIC,1200,NO_GOVERNED_SURFACE_CONDITION_LENGTH_PARAMETER,AUSTRALIAN_SYNTHETIC,,UNKNOWN
RTDR-E3DCBE3CBDA3520E1EF890EF,2019-07-02|SPORTSBET-BALLARAT SYNTHETIC|R07,2019-07-02,SPORTSBET-BALLARAT SYNTHETIC,1400,NO_GOVERNED_SURFACE_CONDITION_LENGTH_PARAMETER,AUSTRALIAN_SYNTHETIC,,UNKNOWN
RTDR-3E61E6A901ED4015CE387AF7,2019-07-02|SPORTSBET-BALLARAT SYNTHETIC|R08,2019-07-02,SPORTSBET-BALLARAT SYNTHETIC,1000,NO_GOVERNED_SURFACE_CONDITION_LENGTH_PARAMETER,AUSTRALIAN_SYNTHETIC,,UNKNOWN
RTDR-88DB9AFE27F9992015119526,2019-07-16|SPORTSBET-BALLARAT SYNTHETIC|R06,2019-07-16,SPORTSBET-BALLARAT SYNTHETIC,1000,NO_GOVERNED_SURFACE_CONDITION_LENGTH_PARAMETER,AUSTRALIAN_SYNTHETIC,,UNKNOWN
RTDR-F1AA2C8CF50A2B3B7B8921DA,2019-07-16|SPORTSBET-BALLARAT SYNTHETIC|R05,2019-07-16,SPORTSBET-BALLARAT SYNTHETIC,1400,NO_GOVERNED_SURFACE_CONDITION_LENGTH_PARAMETER,AUSTRALIAN_SYNTHETIC,,UNKNOWN
RTDR-A57201696B9F23F1F4A06CC1,2019-07-16|SPORTSBET-BALLARAT SYNTHETIC|R07,2019-07-16,SPORTSBET-BALLARAT SYNTHETIC,1500,NO_GOVERNED_SURFACE_CONDITION_LENGTH_PARAMETER,AUSTRALIAN_SYNTHETIC,,UNKNOWN
RTDR-88F94FE5E46581A15156E10E,2019-07-16|SPORTSBET-BALLARAT SYNTHETIC|R02,2019-07-16,SPORTSBET-BALLARAT SYNTHETIC,1500,NO_GOVERNED_SURFACE_CONDITION_LENGTH_PARAMETER,AUSTRALIAN_SYNTHETIC,,UNKNOWN
RTDR-B5A397748B0FB3F9A45ADF67,2019-07-16|SPORTSBET-BALLARAT SYNTHETIC|R03,2019-07-16,SPORTSBET-BALLARAT SYNTHETIC,1400,NO_GOVERNED_SURFACE_CONDITION_LENGTH_PARAMETER,AUSTRALIAN_SYNTHETIC,,UNKNOWN
RTDR-AFA63B38C62C4F49FA22F7C1,2019-07-16|SPORTSBET-BALLARAT SYNTHETIC|R08,2019-07-16,SPORTSBET-BALLARAT SYNTHETIC,1200,NO_GOVERNED_SURFACE_CONDITION_LENGTH_PARAMETER,AUSTRALIAN_SYNTHETIC,,UNKNOWN
RTDR-17F7D15240E9A55250E6A6E4,2019-07-16|SPORTSBET-BALLARAT SYNTHETIC|R01,2019-07-16,SPORTSBET-BALLARAT SYNTHETIC,1200,NO_GOVERNED_SURFACE_CONDITION_LENGTH_PARAMETER,AUSTRALIAN_SYNTHETIC,,UNKNOWN
RTDR-2AAD97A9FEE60C27F6BA18E8,2019-07-16|SPORTSBET-BALLARAT SYNTHETIC|R04,2019-07-16,SPORTSBET-BALLARAT SYNTHETIC,1400,NO_GOVERNED_SURFACE_CONDITION_LENGTH_PARAMETER,AUSTRALIAN_SYNTHETIC,,UNKNOWN
RTDR-FCE0DE0BD462E3C97702FCF0,2019-07-18|SPORTSBET-BALLARAT SYNTHETIC|R07,2019-07-18,SPORTSBET-BALLARAT SYNTHETIC,1400,NO_GOVERNED_SURFACE_CONDITION_LENGTH_PARAMETER,AUSTRALIAN_SYNTHETIC,,UNKNOWN
RTDR-4F6512940FACFC3094C5D34F,2019-07-18|SPORTSBET-BALLARAT SYNTHETIC|R02,2019-07-18,SPORTSBET-BALLARAT SYNTHETIC,1200,NO_GOVERNED_SURFACE_CONDITION_LENGTH_PARAMETER,AUSTRALIAN_SYNTHETIC,,UNKNOWN
RTDR-C6B7B15AD194228665201686,2019-07-18|SPORTSBET-BALLARAT SYNTHETIC|R05,2019-07-18,SPORTSBET-BALLARAT SYNTHETIC,1000,NO_GOVERNED_SURFACE_CONDITION_LENGTH_PARAMETER,AUSTRALIAN_SYNTHETIC,,UNKNOWN
RTDR-B3E4E9903B2C09782A87B5C7,2019-07-18|SPORTSBET-BALLARAT SYNTHETIC|R06,2019-07-18,SPORTSBET-BALLARAT SYNTHETIC,1200,NO_GOVERNED_SURFACE_CONDITION_LENGTH_PARAMETER,AUSTRALIAN_SYNTHETIC,,UNKNOWN
RTDR-2B0C786FB86F8419426FAE82,2019-07-18|SPORTSBET-BALLARAT SYNTHETIC|R03,2019-07-18,SPORTSBET-BALLARAT SYNTHETIC,1400,NO_GOVERNED_SURFACE_CONDITION_LENGTH_PARAMETER,AUSTRALIAN_SYNTHETIC,,UNKNOWN
RTDR-241C06AAB03D3144FEF87C13,2019-07-18|SPORTSBET-BALLARAT SYNTHETIC|R08,2019-07-18,SPORTSBET-BALLARAT SYNTHETIC,1500,NO_GOVERNED_SURFACE_CONDITION_LENGTH_PARAMETER,AUSTRALIAN_SYNTHETIC,,UNKNOWN
RTDR-1A7ADF0BA08741374E5A24BE,2019-07-18|SPORTSBET-BALLARAT SYNTHETIC|R04,2019-07-18,SPORTSBET-BALLARAT SYNTHETIC,1000,NO_GOVERNED_SURFACE_CONDITION_LENGTH_PARAMETER,AUSTRALIAN_SYNTHETIC,,UNKNOWN
RTDR-3ECA0E9B270246F8AE71FC46,2019-07-18|SPORTSBET-BALLARAT SYNTHETIC|R01,2019-07-18,SPORTSBET-BALLARAT SYNTHETIC,1200,NO_GOVERNED_SURFACE_CONDITION_LENGTH_PARAMETER,AUSTRALIAN_SYNTHETIC,,UNKNOWN
RTDR-33B4B79D00D4CB4AB2443FDC,2019-07-22|SPORTSBET-BALLARAT SYNTHETIC|R01,2019-07-22,SPORTSBET-BALLARAT SYNTHETIC,1100,NO_GOVERNED_SURFACE_CONDITION_LENGTH_PARAMETER,AUSTRALIAN_SYNTHETIC,,UNKNOWN
RTDR-823579E48DF76203E5EDD006,2019-07-22|SPORTSBET-BALLARAT SYNTHETIC|R08,2019-07-22,SPORTSBET-BALLARAT SYNTHETIC,1400,NO_GOVERNED_SURFACE_CONDITION_LENGTH_PARAMETER,AUSTRALIAN_SYNTHETIC,,UNKNOWN
RTDR-BC103AC7579703E63DE454DB,2019-07-22|SPORTSBET-BALLARAT SYNTHETIC|R07,2019-07-22,SPORTSBET-BALLARAT SYNTHETIC,1100,NO_GOVERNED_SURFACE_CONDITION_LENGTH_PARAMETER,AUSTRALIAN_SYNTHETIC,,UNKNOWN
RTDR-D75B9C6D820D0F3873F2C430,2019-07-22|SPORTSBET-BALLARAT SYNTHETIC|R04,2019-07-22,SPORTSBET-BALLARAT SYNTHETIC,1200,NO_GOVERNED_SURFACE_CONDITION_LENGTH_PARAMETER,AUSTRALIAN_SYNTHETIC,,UNKNOWN
RTDR-D6D38C6806676A0AC5C98AC1,2019-07-22|SPORTSBET-BALLARAT SYNTHETIC|R06,2019-07-22,SPORTSBET-BALLARAT SYNTHETIC,1100,NO_GOVERNED_SURFACE_CONDITION_LENGTH_PARAMETER,AUSTRALIAN_SYNTHETIC,,UNKNOWN
RTDR-4CE42D0683476887CC5CD3ED,2019-07-22|SPORTSBET-BALLARAT SYNTHETIC|R03,2019-07-22,SPORTSBET-BALLARAT SYNTHETIC,1200,NO_GOVERNED_SURFACE_CONDITION_LENGTH_PARAMETER,AUSTRALIAN_SYNTHETIC,,UNKNOWN
RTDR-3124C29F81B5C9560CF025CB,2019-07-22|SPORTSBET-BALLARAT SYNTHETIC|R05,2019-07-22,SPORTSBET-BALLARAT SYNTHETIC,1200,NO_GOVERNED_SURFACE_CONDITION_LENGTH_PARAMETER,AUSTRALIAN_SYNTHETIC,,UNKNOWN
RTDR-E8E3E18A330D115C2B08BF78,2019-07-30|SPORTSBET-BALLARAT SYNTHETIC|R03,2019-07-30,SPORTSBET-BALLARAT SYNTHETIC,1200,NO_GOVERNED_SURFACE_CONDITION_LENGTH_PARAMETER,AUSTRALIAN_SYNTHETIC,,UNKNOWN
RTDR-D0E32348504C713DA63D5AEF,2019-07-30|SPORTSBET-BALLARAT SYNTHETIC|R04,2019-07-30,SPORTSBET-BALLARAT SYNTHETIC,1500,NO_GOVERNED_SURFACE_CONDITION_LENGTH_PARAMETER,AUSTRALIAN_SYNTHETIC,,UNKNOWN
RTDR-88229E4F28065895AE426BB2,2019-07-30|SPORTSBET-BALLARAT SYNTHETIC|R01,2019-07-30,SPORTSBET-BALLARAT SYNTHETIC,1400,NO_GOVERNED_SURFACE_CONDITION_LENGTH_PARAMETER,AUSTRALIAN_SYNTHETIC,,UNKNOWN
RTDR-D1736FA75F24A300BD67BAC3,2019-07-30|SPORTSBET-BALLARAT SYNTHETIC|R07,2019-07-30,SPORTSBET-BALLARAT SYNTHETIC,1400,NO_GOVERNED_SURFACE_CONDITION_LENGTH_PARAMETER,AUSTRALIAN_SYNTHETIC,,UNKNOWN
RTDR-DD6DD3FF7341EB44A47EB41A,2019-07-30|SPORTSBET-BALLARAT SYNTHETIC|R02,2019-07-30,SPORTSBET-BALLARAT SYNTHETIC,1100,NO_GOVERNED_SURFACE_CONDITION_LENGTH_PARAMETER,AUSTRALIAN_SYNTHETIC,,UNKNOWN
RTDR-03CF813D1AE0CBAB287ECA75,2019-07-30|SPORTSBET-BALLARAT SYNTHETIC|R09,2019-07-30,SPORTSBET-BALLARAT SYNTHETIC,1000,NO_GOVERNED_SURFACE_CONDITION_LENGTH_PARAMETER,AUSTRALIAN_SYNTHETIC,,UNKNOWN
RTDR-BFCAB1494F77959D26613329,2019-07-30|SPORTSBET-BALLARAT SYNTHETIC|R08,2019-07-30,SPORTSBET-BALLARAT SYNTHETIC,1200,NO_GOVERNED_SURFACE_CONDITION_LENGTH_PARAMETER,AUSTRALIAN_SYNTHETIC,,UNKNOWN
RTDR-3CE3FB6002E37F981A4FE484,2019-07-30|SPORTSBET-BALLARAT SYNTHETIC|R05,2019-07-30,SPORTSBET-BALLARAT SYNTHETIC,1500,NO_GOVERNED_SURFACE_CONDITION_LENGTH_PARAMETER,AUSTRALIAN_SYNTHETIC,,UNKNOWN
RTDR-D1D13EC81DF7A16603395531,2019-07-30|SPORTSBET-BALLARAT SYNTHETIC|R06,2019-07-30,SPORTSBET-BALLARAT SYNTHETIC,1500,NO_GOVERNED_SURFACE_CONDITION_LENGTH_PARAMETER,AUSTRALIAN_SYNTHETIC,,UNKNOWN
RTDR-13F489F08037E6767D200E57,2020-07-16|SPORTSBET-BALLARAT SYNTHETIC|R04,2020-07-16,SPORTSBET-BALLARAT SYNTHETIC,1400,NO_GOVERNED_SURFACE_CONDITION_LENGTH_PARAMETER,AUSTRALIAN_SYNTHETIC,,UNKNOWN
RTDR-3A707756214EFC090971FDCC,2020-07-16|SPORTSBET-BALLARAT SYNTHETIC|R02,2020-07-16,SPORTSBET-BALLARAT SYNTHETIC,1000,NO_GOVERNED_SURFACE_CONDITION_LENGTH_PARAMETER,AUSTRALIAN_SYNTHETIC,,UNKNOWN
RTDR-4B5621E21D66AB4644A3B659,2020-07-16|SPORTSBET-BALLARAT SYNTHETIC|R03,2020-07-16,SPORTSBET-BALLARAT SYNTHETIC,1200,NO_GOVERNED_SURFACE_CONDITION_LENGTH_PARAMETER,AUSTRALIAN_SYNTHETIC,,UNKNOWN
RTDR-8C11002619EEB1FB430AE77A,2020-07-16|SPORTSBET-BALLARAT SYNTHETIC|R05,2020-07-16,SPORTSBET-BALLARAT SYNTHETIC,1400,NO_GOVERNED_SURFACE_CONDITION_LENGTH_PARAMETER,AUSTRALIAN_SYNTHETIC,,UNKNOWN
RTDR-67CC9D51CF84B06377883428,2020-07-16|SPORTSBET-BALLARAT SYNTHETIC|R01,2020-07-16,SPORTSBET-BALLARAT SYNTHETIC,1100,NO_GOVERNED_SURFACE_CONDITION_LENGTH_PARAMETER,AUSTRALIAN_SYNTHETIC,,UNKNOWN
RTDR-D408AC78434A8318835E9288,2020-07-16|SPORTSBET-BALLARAT SYNTHETIC|R07,2020-07-16,SPORTSBET-BALLARAT SYNTHETIC,1500,NO_GOVERNED_SURFACE_CONDITION_LENGTH_PARAMETER,AUSTRALIAN_SYNTHETIC,,UNKNOWN
RTDR-55AC5B912D901B685B6088E7,2020-07-16|SPORTSBET-BALLARAT SYNTHETIC|R06,2020-07-16,SPORTSBET-BALLARAT SYNTHETIC,1200,NO_GOVERNED_SURFACE_CONDITION_LENGTH_PARAMETER,AUSTRALIAN_SYNTHETIC,,UNKNOWN
RTDR-E287798203CAB9ADBBEEF8E2,2020-07-16|SPORTSBET-BALLARAT SYNTHETIC|R08,2020-07-16,SPORTSBET-BALLARAT SYNTHETIC,1000,NO_GOVERNED_SURFACE_CONDITION_LENGTH_PARAMETER,AUSTRALIAN_SYNTHETIC,,UNKNOWN
RTDR-64BD77DA073F4FEE6F84E124,2020-07-20|SPORTSBET-BALLARAT SYNTHETIC|R07,2020-07-20,SPORTSBET-BALLARAT SYNTHETIC,1100,NO_GOVERNED_SURFACE_CONDITION_LENGTH_PARAMETER,AUSTRALIAN_SYNTHETIC,,UNKNOWN
RTDR-5EBC8C624079F330C97B7984,2020-07-20|SPORTSBET-BALLARAT SYNTHETIC|R06,2020-07-20,SPORTSBET-BALLARAT SYNTHETIC,2100,NO_GOVERNED_SURFACE_CONDITION_LENGTH_PARAMETER,AUSTRALIAN_SYNTHETIC,,UNKNOWN
RTDR-D689E45E65F7F28548CE2A09,2020-07-20|SPORTSBET-BALLARAT SYNTHETIC|R08,2020-07-20,SPORTSBET-BALLARAT SYNTHETIC,1200,NO_GOVERNED_SURFACE_CONDITION_LENGTH_PARAMETER,AUSTRALIAN_SYNTHETIC,,UNKNOWN
RTDR-6A45A7D277BF3B63FD487138,2020-07-20|SPORTSBET-BALLARAT SYNTHETIC|R05,2020-07-20,SPORTSBET-BALLARAT SYNTHETIC,1400,NO_GOVERNED_SURFACE_CONDITION_LENGTH_PARAMETER,AUSTRALIAN_SYNTHETIC,,UNKNOWN
RTDR-2E5CCCA9F8D0A416BD1ECE6B,2020-07-20|SPORTSBET-BALLARAT SYNTHETIC|R03,2020-07-20,SPORTSBET-BALLARAT SYNTHETIC,1200,NO_GOVERNED_SURFACE_CONDITION_LENGTH_PARAMETER,AUSTRALIAN_SYNTHETIC,,UNKNOWN
RTDR-25FFEC832D0839D568CF3631,2020-07-20|SPORTSBET-BALLARAT SYNTHETIC|R02,2020-07-20,SPORTSBET-BALLARAT SYNTHETIC,1200,NO_GOVERNED_SURFACE_CONDITION_LENGTH_PARAMETER,AUSTRALIAN_SYNTHETIC,,UNKNOWN
RTDR-874F9BA50186A572FD4B4672,2020-07-20|SPORTSBET-BALLARAT SYNTHETIC|R01,2020-07-20,SPORTSBET-BALLARAT SYNTHETIC,1100,NO_GOVERNED_SURFACE_CONDITION_LENGTH_PARAMETER,AUSTRALIAN_SYNTHETIC,,UNKNOWN
RTDR-E10B99618EFC9B2BB9F70843,2020-07-20|SPORTSBET-BALLARAT SYNTHETIC|R04,2020-07-20,SPORTSBET-BALLARAT SYNTHETIC,1500,NO_GOVERNED_SURFACE_CONDITION_LENGTH_PARAMETER,AUSTRALIAN_SYNTHETIC,,UNKNOWN
RTDR-9F69164B6988AC51CE7511FB,2020-07-30|SPORTSBET-BALLARAT SYNTHETIC|R02,2020-07-30,SPORTSBET-BALLARAT SYNTHETIC,1400,NO_GOVERNED_SURFACE_CONDITION_LENGTH_PARAMETER,AUSTRALIAN_SYNTHETIC,,UNKNOWN
RTDR-C3BAF21BECC6E051A62D96F6,2020-07-30|SPORTSBET-BALLARAT SYNTHETIC|R05,2020-07-30,SPORTSBET-BALLARAT SYNTHETIC,1400,NO_GOVERNED_SURFACE_CONDITION_LENGTH_PARAMETER,AUSTRALIAN_SYNTHETIC,,UNKNOWN
RTDR-AB0C2727A0454D9CB8AA79B9,2020-07-30|SPORTSBET-BALLARAT SYNTHETIC|R01,2020-07-30,SPORTSBET-BALLARAT SYNTHETIC,1500,NO_GOVERNED_SURFACE_CONDITION_LENGTH_PARAMETER,AUSTRALIAN_SYNTHETIC,,UNKNOWN
RTDR-FEFC74D59427579774510DCD,2020-07-30|SPORTSBET-BALLARAT SYNTHETIC|R08,2020-07-30,SPORTSBET-BALLARAT SYNTHETIC,1100,NO_GOVERNED_SURFACE_CONDITION_LENGTH_PARAMETER,AUSTRALIAN_SYNTHETIC,,UNKNOWN
RTDR-F5667F89724CC995F33AEA25,2020-07-30|SPORTSBET-BALLARAT SYNTHETIC|R06,2020-07-30,SPORTSBET-BALLARAT SYNTHETIC,1200,NO_GOVERNED_SURFACE_CONDITION_LENGTH_PARAMETER,AUSTRALIAN_SYNTHETIC,,UNKNOWN
RTDR-60C53DFF25848AF3BB8E9121,2020-07-30|SPORTSBET-BALLARAT SYNTHETIC|R03,2020-07-30,SPORTSBET-BALLARAT SYNTHETIC,1200,NO_GOVERNED_SURFACE_CONDITION_LENGTH_PARAMETER,AUSTRALIAN_SYNTHETIC,,UNKNOWN
RTDR-9E5CF37EBCCAC7A9E1798CE8,2020-07-30|SPORTSBET-BALLARAT SYNTHETIC|R04,2020-07-30,SPORTSBET-BALLARAT SYNTHETIC,2100,NO_GOVERNED_SURFACE_CONDITION_LENGTH_PARAMETER,AUSTRALIAN_SYNTHETIC,,UNKNOWN
RTDR-1DE5256C42BB2DA0FFC64775,2020-07-30|SPORTSBET-BALLARAT SYNTHETIC|R07,2020-07-30,SPORTSBET-BALLARAT SYNTHETIC,1500,NO_GOVERNED_SURFACE_CONDITION_LENGTH_PARAMETER,AUSTRALIAN_SYNTHETIC,,UNKNOWN
RTDR-4CD19E64E3620CD441DE3DD4,2021-07-06|SPORTSBET-BALLARAT SYNTHETIC|R05,2021-07-06,SPORTSBET-BALLARAT SYNTHETIC,1500,NO_GOVERNED_SURFACE_CONDITION_LENGTH_PARAMETER,AUSTRALIAN_SYNTHETIC,,UNKNOWN
RTDR-46A02FEDDEA9D0D630AD546A,2021-07-06|SPORTSBET-BALLARAT SYNTHETIC|R06,2021-07-06,SPORTSBET-BALLARAT SYNTHETIC,1400,NO_GOVERNED_SURFACE_CONDITION_LENGTH_PARAMETER,AUSTRALIAN_SYNTHETIC,,UNKNOWN
RTDR-335A4DE6AA8254A49FD3A9DB,2021-07-06|SPORTSBET-BALLARAT SYNTHETIC|R07,2021-07-06,SPORTSBET-BALLARAT SYNTHETIC,1200,NO_GOVERNED_SURFACE_CONDITION_LENGTH_PARAMETER,AUSTRALIAN_SYNTHETIC,,UNKNOWN
RTDR-C3C0305C86BCEF8DE7114BE9,2021-07-06|SPORTSBET-BALLARAT SYNTHETIC|R04,2021-07-06,SPORTSBET-BALLARAT SYNTHETIC,1500,NO_GOVERNED_SURFACE_CONDITION_LENGTH_PARAMETER,AUSTRALIAN_SYNTHETIC,,UNKNOWN
RTDR-0B741854D72890BAB64E5945,2021-07-06|SPORTSBET-BALLARAT SYNTHETIC|R03,2021-07-06,SPORTSBET-BALLARAT SYNTHETIC,1400,NO_GOVERNED_SURFACE_CONDITION_LENGTH_PARAMETER,AUSTRALIAN_SYNTHETIC,,UNKNOWN
RTDR-0CB444A79EB46DDD1E571626,2021-07-06|SPORTSBET-BALLARAT SYNTHETIC|R01,2021-07-06,SPORTSBET-BALLARAT SYNTHETIC,1200,NO_GOVERNED_SURFACE_CONDITION_LENGTH_PARAMETER,AUSTRALIAN_SYNTHETIC,,UNKNOWN
RTDR-217D2C686CA8CE7429F79235,2021-07-06|SPORTSBET-BALLARAT SYNTHETIC|R08,2021-07-06,SPORTSBET-BALLARAT SYNTHETIC,1000,NO_GOVERNED_SURFACE_CONDITION_LENGTH_PARAMETER,AUSTRALIAN_SYNTHETIC,,UNKNOWN
RTDR-69A60B5866C214E87E5D5D6A,2021-07-06|SPORTSBET-BALLARAT SYNTHETIC|R02,2021-07-06,SPORTSBET-BALLARAT SYNTHETIC,1000,NO_GOVERNED_SURFACE_CONDITION_LENGTH_PARAMETER,AUSTRALIAN_SYNTHETIC,,UNKNOWN
RTDR-BE371D5E4EF32DAF9CE6DD42,2021-07-10|SPORTSBET-PAKENHAM SYNTHETIC|R03,2021-07-10,SPORTSBET-PAKENHAM SYNTHETIC,1000,NO_GOVERNED_SURFACE_CONDITION_LENGTH_PARAMETER,AUSTRALIAN_SYNTHETIC,,UNKNOWN
RTDR-A4A0165F220B2BDE20F97A6C,2021-07-10|SPORTSBET-PAKENHAM SYNTHETIC|R02,2021-07-10,SPORTSBET-PAKENHAM SYNTHETIC,1200,NO_GOVERNED_SURFACE_CONDITION_LENGTH_PARAMETER,AUSTRALIAN_SYNTHETIC,,UNKNOWN
RTDR-8C496ABEB238EC279C6F40AD,2021-07-10|SPORTSBET-PAKENHAM SYNTHETIC|R01,2021-07-10,SPORTSBET-PAKENHAM SYNTHETIC,1400,NO_GOVERNED_SURFACE_CONDITION_LENGTH_PARAMETER,AUSTRALIAN_SYNTHETIC,,UNKNOWN
RTDR-A41CAB6B89D384CC52B93E42,2021-07-10|SPORTSBET-PAKENHAM SYNTHETIC|R04,2021-07-10,SPORTSBET-PAKENHAM SYNTHETIC,1000,NO_GOVERNED_SURFACE_CONDITION_LENGTH_PARAMETER,AUSTRALIAN_SYNTHETIC,,UNKNOWN
RTDR-5C32C747270D5AF83881D90A,2021-07-10|SPORTSBET-PAKENHAM SYNTHETIC|R05,2021-07-10,SPORTSBET-PAKENHAM SYNTHETIC,1200,NO_GOVERNED_SURFACE_CONDITION_LENGTH_PARAMETER,AUSTRALIAN_SYNTHETIC,,UNKNOWN
RTDR-807F885E26EC3FAD85F5F69F,2021-07-10|SPORTSBET-PAKENHAM SYNTHETIC|R06,2021-07-10,SPORTSBET-PAKENHAM SYNTHETIC,1400,NO_GOVERNED_SURFACE_CONDITION_LENGTH_PARAMETER,AUSTRALIAN_SYNTHETIC,,UNKNOWN
RTDR-854138F003A0415A96D84082,2021-07-10|SPORTSBET-PAKENHAM SYNTHETIC|R07,2021-07-10,SPORTSBET-PAKENHAM SYNTHETIC,1600,NO_GOVERNED_SURFACE_CONDITION_LENGTH_PARAMETER,AUSTRALIAN_SYNTHETIC,,UNKNOWN
RTDR-0217E0358C2ECE21412F2644,2021-07-13|SPORTSBET-BALLARAT SYNTHETIC|R08,2021-07-13,SPORTSBET-BALLARAT SYNTHETIC,1100,NO_GOVERNED_SURFACE_CONDITION_LENGTH_PARAMETER,AUSTRALIAN_SYNTHETIC,,UNKNOWN
RTDR-D478BA60F7FC41B364796E20,2021-07-13|SPORTSBET-BALLARAT SYNTHETIC|R04,2021-07-13,SPORTSBET-BALLARAT SYNTHETIC,1500,NO_GOVERNED_SURFACE_CONDITION_LENGTH_PARAMETER,AUSTRALIAN_SYNTHETIC,,UNKNOWN
RTDR-DE39FAD338729D7F33E369E9,2021-07-13|SPORTSBET-BALLARAT SYNTHETIC|R02,2021-07-13,SPORTSBET-BALLARAT SYNTHETIC,1200,NO_GOVERNED_SURFACE_CONDITION_LENGTH_PARAMETER,AUSTRALIAN_SYNTHETIC,,UNKNOWN
RTDR-605792EB9F82082E46A3962E,2021-07-13|SPORTSBET-BALLARAT SYNTHETIC|R07,2021-07-13,SPORTSBET-BALLARAT SYNTHETIC,1200,NO_GOVERNED_SURFACE_CONDITION_LENGTH_PARAMETER,AUSTRALIAN_SYNTHETIC,,UNKNOWN
RTDR-95126EF7930D9EFF264C6A49,2021-07-13|SPORTSBET-BALLARAT SYNTHETIC|R05,2021-07-13,SPORTSBET-BALLARAT SYNTHETIC,1500,NO_GOVERNED_SURFACE_CONDITION_LENGTH_PARAMETER,AUSTRALIAN_SYNTHETIC,,UNKNOWN
RTDR-92F1C23ECBF1FD0210A2377C,2021-07-13|SPORTSBET-BALLARAT SYNTHETIC|R06,2021-07-13,SPORTSBET-BALLARAT SYNTHETIC,1400,NO_GOVERNED_SURFACE_CONDITION_LENGTH_PARAMETER,AUSTRALIAN_SYNTHETIC,,UNKNOWN
RTDR-92B184349D7C2E0DBF3BDA66,2021-07-13|SPORTSBET-BALLARAT SYNTHETIC|R03,2021-07-13,SPORTSBET-BALLARAT SYNTHETIC,1000,NO_GOVERNED_SURFACE_CONDITION_LENGTH_PARAMETER,AUSTRALIAN_SYNTHETIC,,UNKNOWN
RTDR-EDF5293542451729FCC15A99,2021-07-13|SPORTSBET-BALLARAT SYNTHETIC|R01,2021-07-13,SPORTSBET-BALLARAT SYNTHETIC,1200,NO_GOVERNED_SURFACE_CONDITION_LENGTH_PARAMETER,AUSTRALIAN_SYNTHETIC,,UNKNOWN
RTDR-7E75BEFE93648C5852A80A10,2021-07-20|SPORTSBET-BALLARAT SYNTHETIC|R07,2021-07-20,SPORTSBET-BALLARAT SYNTHETIC,1400,NO_GOVERNED_SURFACE_CONDITION_LENGTH_PARAMETER,AUSTRALIAN_SYNTHETIC,,UNKNOWN
RTDR-E3081FE2D5FCED42B23C3A05,2021-07-20|SPORTSBET-BALLARAT SYNTHETIC|R08,2021-07-20,SPORTSBET-BALLARAT SYNTHETIC,1200,NO_GOVERNED_SURFACE_CONDITION_LENGTH_PARAMETER,AUSTRALIAN_SYNTHETIC,,UNKNOWN
RTDR-CE485B9CB459184206C3DC6A,2021-07-20|SPORTSBET-BALLARAT SYNTHETIC|R04,2021-07-20,SPORTSBET-BALLARAT SYNTHETIC,2100,NO_GOVERNED_SURFACE_CONDITION_LENGTH_PARAMETER,AUSTRALIAN_SYNTHETIC,,UNKNOWN
RTDR-4A3DDF7FEDC2A2A434CB6AAE,2021-07-20|SPORTSBET-BALLARAT SYNTHETIC|R06,2021-07-20,SPORTSBET-BALLARAT SYNTHETIC,1500,NO_GOVERNED_SURFACE_CONDITION_LENGTH_PARAMETER,AUSTRALIAN_SYNTHETIC,,UNKNOWN
RTDR-44F48465ACF0BF09D672842F,2021-07-20|SPORTSBET-BALLARAT SYNTHETIC|R05,2021-07-20,SPORTSBET-BALLARAT SYNTHETIC,2100,NO_GOVERNED_SURFACE_CONDITION_LENGTH_PARAMETER,AUSTRALIAN_SYNTHETIC,,UNKNOWN
RTDR-F789C5B9913968FD0FBD744C,2021-07-20|SPORTSBET-BALLARAT SYNTHETIC|R09,2021-07-20,SPORTSBET-BALLARAT SYNTHETIC,1100,NO_GOVERNED_SURFACE_CONDITION_LENGTH_PARAMETER,AUSTRALIAN_SYNTHETIC,,UNKNOWN
RTDR-AFC67D2CE4A922ED60B93DCA,2021-07-20|SPORTSBET-BALLARAT SYNTHETIC|R03,2021-07-20,SPORTSBET-BALLARAT SYNTHETIC,1500,NO_GOVERNED_SURFACE_CONDITION_LENGTH_PARAMETER,AUSTRALIAN_SYNTHETIC,,UNKNOWN
RTDR-9CB5A570AEA839C5DF5EE110,2021-07-20|SPORTSBET-BALLARAT SYNTHETIC|R02,2021-07-20,SPORTSBET-BALLARAT SYNTHETIC,1200,NO_GOVERNED_SURFACE_CONDITION_LENGTH_PARAMETER,AUSTRALIAN_SYNTHETIC,,UNKNOWN
RTDR-4B6B4D077DA8BD896D2AAB12,2021-07-20|SPORTSBET-BALLARAT SYNTHETIC|R01,2021-07-20,SPORTSBET-BALLARAT SYNTHETIC,1200,NO_GOVERNED_SURFACE_CONDITION_LENGTH_PARAMETER,AUSTRALIAN_SYNTHETIC,,UNKNOWN
RTDR-9ED2DE033552114B62548723,2021-07-31|SPORTSBET-PAKENHAM SYNTHETIC|R03,2021-07-31,SPORTSBET-PAKENHAM SYNTHETIC,1200,NO_GOVERNED_SURFACE_CONDITION_LENGTH_PARAMETER,AUSTRALIAN_SYNTHETIC,,UNKNOWN
RTDR-81532352C28F922A7CD1433D,2021-07-31|SPORTSBET-PAKENHAM SYNTHETIC|R07,2021-07-31,SPORTSBET-PAKENHAM SYNTHETIC,1200,NO_GOVERNED_SURFACE_CONDITION_LENGTH_PARAMETER,AUSTRALIAN_SYNTHETIC,,UNKNOWN
RTDR-3CA300FCBD3BAAF8A11EC831,2021-07-31|SPORTSBET-PAKENHAM SYNTHETIC|R06,2021-07-31,SPORTSBET-PAKENHAM SYNTHETIC,1400,NO_GOVERNED_SURFACE_CONDITION_LENGTH_PARAMETER,AUSTRALIAN_SYNTHETIC,,UNKNOWN
RTDR-FD775A0ECD4254D39B9022A4,2021-07-31|SPORTSBET-PAKENHAM SYNTHETIC|R08,2021-07-31,SPORTSBET-PAKENHAM SYNTHETIC,1000,NO_GOVERNED_SURFACE_CONDITION_LENGTH_PARAMETER,AUSTRALIAN_SYNTHETIC,,UNKNOWN
RTDR-18AE60924A334EB91A783B9D,2021-07-31|SPORTSBET-PAKENHAM SYNTHETIC|R09,2021-07-31,SPORTSBET-PAKENHAM SYNTHETIC,1600,NO_GOVERNED_SURFACE_CONDITION_LENGTH_PARAMETER,AUSTRALIAN_SYNTHETIC,,UNKNOWN
RTDR-1B6EA3796F930E3CEAD8063B,2021-07-31|SPORTSBET-PAKENHAM SYNTHETIC|R01,2021-07-31,SPORTSBET-PAKENHAM SYNTHETIC,1200,NO_GOVERNED_SURFACE_CONDITION_LENGTH_PARAMETER,AUSTRALIAN_SYNTHETIC,,UNKNOWN
RTDR-8AB79B8500C45269638AFA53,2021-07-31|SPORTSBET-PAKENHAM SYNTHETIC|R02,2021-07-31,SPORTSBET-PAKENHAM SYNTHETIC,1200,NO_GOVERNED_SURFACE_CONDITION_LENGTH_PARAMETER,AUSTRALIAN_SYNTHETIC,,UNKNOWN
RTDR-B56C1941B68A05828858F2EF,2021-07-31|SPORTSBET-PAKENHAM SYNTHETIC|R04,2021-07-31,SPORTSBET-PAKENHAM SYNTHETIC,1400,NO_GOVERNED_SURFACE_CONDITION_LENGTH_PARAMETER,AUSTRALIAN_SYNTHETIC,,UNKNOWN
RTDR-BF7D6F5991EAB71AA5497129,2021-07-31|SPORTSBET-PAKENHAM SYNTHETIC|R05,2021-07-31,SPORTSBET-PAKENHAM SYNTHETIC,1400,NO_GOVERNED_SURFACE_CONDITION_LENGTH_PARAMETER,AUSTRALIAN_SYNTHETIC,,UNKNOWN
RTDR-898BA8D32BCE94C98406AD65,2023-07-03|SPORTSBET-PAKENHAM SYNTHETIC|R01,2023-07-03,SPORTSBET-PAKENHAM SYNTHETIC,1200,NO_GOVERNED_SURFACE_CONDITION_LENGTH_PARAMETER,AUSTRALIAN_SYNTHETIC,,UNKNOWN
RTDR-806DB907EA37FA63D11F6744,2023-07-03|SPORTSBET-PAKENHAM SYNTHETIC|R02,2023-07-03,SPORTSBET-PAKENHAM SYNTHETIC,1100,NO_GOVERNED_SURFACE_CONDITION_LENGTH_PARAMETER,AUSTRALIAN_SYNTHETIC,,UNKNOWN
RTDR-078A2BAB75E0A539878B9102,2023-07-03|SPORTSBET-PAKENHAM SYNTHETIC|R04,2023-07-03,SPORTSBET-PAKENHAM SYNTHETIC,2200,NO_GOVERNED_SURFACE_CONDITION_LENGTH_PARAMETER,AUSTRALIAN_SYNTHETIC,,UNKNOWN
RTDR-0C0E0C07363D76579BA29C5E,2023-07-03|SPORTSBET-PAKENHAM SYNTHETIC|R08,2023-07-03,SPORTSBET-PAKENHAM SYNTHETIC,1000,NO_GOVERNED_SURFACE_CONDITION_LENGTH_PARAMETER,AUSTRALIAN_SYNTHETIC,,UNKNOWN
RTDR-C8AD362806E075A38A0F5670,2023-07-03|SPORTSBET-PAKENHAM SYNTHETIC|R09,2023-07-03,SPORTSBET-PAKENHAM SYNTHETIC,1600,NO_GOVERNED_SURFACE_CONDITION_LENGTH_PARAMETER,AUSTRALIAN_SYNTHETIC,,UNKNOWN
RTDR-3868838E3D98F58868277E25,2023-07-03|SPORTSBET-PAKENHAM SYNTHETIC|R06,2023-07-03,SPORTSBET-PAKENHAM SYNTHETIC,2200,NO_GOVERNED_SURFACE_CONDITION_LENGTH_PARAMETER,AUSTRALIAN_SYNTHETIC,,UNKNOWN
RTDR-4978134720EEC0A1444566CE,2023-07-03|SPORTSBET-PAKENHAM SYNTHETIC|R03,2023-07-03,SPORTSBET-PAKENHAM SYNTHETIC,1400,NO_GOVERNED_SURFACE_CONDITION_LENGTH_PARAMETER,AUSTRALIAN_SYNTHETIC,,UNKNOWN
RTDR-D5F871E883D06471C0565568,2023-07-03|SPORTSBET-PAKENHAM SYNTHETIC|R05,2023-07-03,SPORTSBET-PAKENHAM SYNTHETIC,1200,NO_GOVERNED_SURFACE_CONDITION_LENGTH_PARAMETER,AUSTRALIAN_SYNTHETIC,,UNKNOWN
RTDR-886BD2245690C06F1713D30B,2023-07-03|SPORTSBET-PAKENHAM SYNTHETIC|R07,2023-07-03,SPORTSBET-PAKENHAM SYNTHETIC,1200,NO_GOVERNED_SURFACE_CONDITION_LENGTH_PARAMETER,AUSTRALIAN_SYNTHETIC,,UNKNOWN
RTDR-8671D715F95E532DB0345FB7,2023-07-04|SPORTSBET-BALLARAT SYNTHETIC|R04,2023-07-04,SPORTSBET-BALLARAT SYNTHETIC,1200,NO_GOVERNED_SURFACE_CONDITION_LENGTH_PARAMETER,AUSTRALIAN_SYNTHETIC,,UNKNOWN
RTDR-B9F47989E1D413E0D6867F40,2023-07-04|SPORTSBET-BALLARAT SYNTHETIC|R05,2023-07-04,SPORTSBET-BALLARAT SYNTHETIC,1000,NO_GOVERNED_SURFACE_CONDITION_LENGTH_PARAMETER,AUSTRALIAN_SYNTHETIC,,UNKNOWN
RTDR-2646EF1ABB0CB0026B2DF443,2023-07-04|SPORTSBET-BALLARAT SYNTHETIC|R02,2023-07-04,SPORTSBET-BALLARAT SYNTHETIC,1400,NO_GOVERNED_SURFACE_CONDITION_LENGTH_PARAMETER,AUSTRALIAN_SYNTHETIC,,UNKNOWN
RTDR-A2610E89AAB36C46056E12C8,2023-07-04|SPORTSBET-BALLARAT SYNTHETIC|R08,2023-07-04,SPORTSBET-BALLARAT SYNTHETIC,1500,NO_GOVERNED_SURFACE_CONDITION_LENGTH_PARAMETER,AUSTRALIAN_SYNTHETIC,,UNKNOWN
RTDR-1355EE3AB56039D818680613,2023-07-04|SPORTSBET-BALLARAT SYNTHETIC|R07,2023-07-04,SPORTSBET-BALLARAT SYNTHETIC,1200,NO_GOVERNED_SURFACE_CONDITION_LENGTH_PARAMETER,AUSTRALIAN_SYNTHETIC,,UNKNOWN
RTDR-E43724CEA4C4D7770D4425E1,2023-07-04|SPORTSBET-BALLARAT SYNTHETIC|R06,2023-07-04,SPORTSBET-BALLARAT SYNTHETIC,2100,NO_GOVERNED_SURFACE_CONDITION_LENGTH_PARAMETER,AUSTRALIAN_SYNTHETIC,,UNKNOWN
RTDR-7E708E123361BDBF080AB753,2023-07-04|SPORTSBET-BALLARAT SYNTHETIC|R03,2023-07-04,SPORTSBET-BALLARAT SYNTHETIC,1500,NO_GOVERNED_SURFACE_CONDITION_LENGTH_PARAMETER,AUSTRALIAN_SYNTHETIC,,UNKNOWN
RTDR-03616C43CEF739227452F37C,2023-07-04|SPORTSBET-BALLARAT SYNTHETIC|R01,2023-07-04,SPORTSBET-BALLARAT SYNTHETIC,1000,NO_GOVERNED_SURFACE_CONDITION_LENGTH_PARAMETER,AUSTRALIAN_SYNTHETIC,,UNKNOWN
RTDR-A20117E47E231053DDBD1B94,2023-07-08|SPORTSBET-PAKENHAM SYNTHETIC|R04,2023-07-08,SPORTSBET-PAKENHAM SYNTHETIC,1400,NO_GOVERNED_SURFACE_CONDITION_LENGTH_PARAMETER,AUSTRALIAN_SYNTHETIC,,UNKNOWN
RTDR-133C1405E79EADC92C196E1E,2023-07-08|SPORTSBET-PAKENHAM SYNTHETIC|R03,2023-07-08,SPORTSBET-PAKENHAM SYNTHETIC,1600,NO_GOVERNED_SURFACE_CONDITION_LENGTH_PARAMETER,AUSTRALIAN_SYNTHETIC,,UNKNOWN
RTDR-1E1F26DDD01F1EB2E7392FC9,2023-07-08|SPORTSBET-PAKENHAM SYNTHETIC|R08,2023-07-08,SPORTSBET-PAKENHAM SYNTHETIC,1200,NO_GOVERNED_SURFACE_CONDITION_LENGTH_PARAMETER,AUSTRALIAN_SYNTHETIC,,UNKNOWN
RTDR-A3ABE876AC9EDFFCF96F1C82,2023-07-08|SPORTSBET-PAKENHAM SYNTHETIC|R07,2023-07-08,SPORTSBET-PAKENHAM SYNTHETIC,1000,NO_GOVERNED_SURFACE_CONDITION_LENGTH_PARAMETER,AUSTRALIAN_SYNTHETIC,,UNKNOWN
RTDR-57D4EF255713F8E94FC43581,2023-07-08|SPORTSBET-PAKENHAM SYNTHETIC|R06,2023-07-08,SPORTSBET-PAKENHAM SYNTHETIC,1600,NO_GOVERNED_SURFACE_CONDITION_LENGTH_PARAMETER,AUSTRALIAN_SYNTHETIC,,UNKNOWN
RTDR-963E23D157FDC8508CD597C0,2023-07-08|SPORTSBET-PAKENHAM SYNTHETIC|R05,2023-07-08,SPORTSBET-PAKENHAM SYNTHETIC,1400,NO_GOVERNED_SURFACE_CONDITION_LENGTH_PARAMETER,AUSTRALIAN_SYNTHETIC,,UNKNOWN
RTDR-8723C84EB84F859FDD993F15,2023-07-08|SPORTSBET-PAKENHAM SYNTHETIC|R01,2023-07-08,SPORTSBET-PAKENHAM SYNTHETIC,1200,NO_GOVERNED_SURFACE_CONDITION_LENGTH_PARAMETER,AUSTRALIAN_SYNTHETIC,,UNKNOWN
RTDR-E082E858E37D28B41BC0C623,2023-07-08|SPORTSBET-PAKENHAM SYNTHETIC|R02,2023-07-08,SPORTSBET-PAKENHAM SYNTHETIC,1200,NO_GOVERNED_SURFACE_CONDITION_LENGTH_PARAMETER,AUSTRALIAN_SYNTHETIC,,UNKNOWN
RTDR-6ECBCBBF7A63F156332CC51A,2023-07-09|SPORTSBET-PAKENHAM SYNTHETIC|R01,2023-07-09,SPORTSBET-PAKENHAM SYNTHETIC,1100,NO_GOVERNED_SURFACE_CONDITION_LENGTH_PARAMETER,AUSTRALIAN_SYNTHETIC,,UNKNOWN
RTDR-028F8CC0D01D40AC7414C6DD,2023-07-09|SPORTSBET-PAKENHAM SYNTHETIC|R02,2023-07-09,SPORTSBET-PAKENHAM SYNTHETIC,1400,NO_GOVERNED_SURFACE_CONDITION_LENGTH_PARAMETER,AUSTRALIAN_SYNTHETIC,,UNKNOWN
RTDR-133A2DBDC321093F32F78957,2023-07-09|SPORTSBET-PAKENHAM SYNTHETIC|R03,2023-07-09,SPORTSBET-PAKENHAM SYNTHETIC,2200,NO_GOVERNED_SURFACE_CONDITION_LENGTH_PARAMETER,AUSTRALIAN_SYNTHETIC,,UNKNOWN
RTDR-8271F4C5AC65C29AFA7CDB3B,2023-07-09|SPORTSBET-PAKENHAM SYNTHETIC|R05,2023-07-09,SPORTSBET-PAKENHAM SYNTHETIC,1100,NO_GOVERNED_SURFACE_CONDITION_LENGTH_PARAMETER,AUSTRALIAN_SYNTHETIC,,UNKNOWN
RTDR-296B0B120A86D8D7E420E07F,2023-07-09|SPORTSBET-PAKENHAM SYNTHETIC|R07,2023-07-09,SPORTSBET-PAKENHAM SYNTHETIC,1400,NO_GOVERNED_SURFACE_CONDITION_LENGTH_PARAMETER,AUSTRALIAN_SYNTHETIC,,UNKNOWN
RTDR-FE173AD8F1ED8E99F843F378,2023-07-09|SPORTSBET-PAKENHAM SYNTHETIC|R06,2023-07-09,SPORTSBET-PAKENHAM SYNTHETIC,1600,NO_GOVERNED_SURFACE_CONDITION_LENGTH_PARAMETER,AUSTRALIAN_SYNTHETIC,,UNKNOWN
RTDR-6A2BC419898D34B3299819E0,2023-07-09|SPORTSBET-PAKENHAM SYNTHETIC|R04,2023-07-09,SPORTSBET-PAKENHAM SYNTHETIC,2200,NO_GOVERNED_SURFACE_CONDITION_LENGTH_PARAMETER,AUSTRALIAN_SYNTHETIC,,UNKNOWN
RTDR-7FFF992B442C6A49E7712E3B,2023-07-11|SPORTSBET-BALLARAT SYNTHETIC|R04,2023-07-11,SPORTSBET-BALLARAT SYNTHETIC,1400,NO_GOVERNED_SURFACE_CONDITION_LENGTH_PARAMETER,AUSTRALIAN_SYNTHETIC,,UNKNOWN
RTDR-49366740AD7A03E5FFA6D610,2023-07-11|SPORTSBET-BALLARAT SYNTHETIC|R05,2023-07-11,SPORTSBET-BALLARAT SYNTHETIC,1400,NO_GOVERNED_SURFACE_CONDITION_LENGTH_PARAMETER,AUSTRALIAN_SYNTHETIC,,UNKNOWN
RTDR-1056291BFD12B55C3C528177,2023-07-11|SPORTSBET-BALLARAT SYNTHETIC|R02,2023-07-11,SPORTSBET-BALLARAT SYNTHETIC,1200,NO_GOVERNED_SURFACE_CONDITION_LENGTH_PARAMETER,AUSTRALIAN_SYNTHETIC,,UNKNOWN
RTDR-1487DA4D5411BE85B519028D,2023-07-11|SPORTSBET-BALLARAT SYNTHETIC|R01,2023-07-11,SPORTSBET-BALLARAT SYNTHETIC,2100,NO_GOVERNED_SURFACE_CONDITION_LENGTH_PARAMETER,AUSTRALIAN_SYNTHETIC,,UNKNOWN
RTDR-C2FE60806F38D5786257F4AF,2023-07-11|SPORTSBET-BALLARAT SYNTHETIC|R08,2023-07-11,SPORTSBET-BALLARAT SYNTHETIC,1200,NO_GOVERNED_SURFACE_CONDITION_LENGTH_PARAMETER,AUSTRALIAN_SYNTHETIC,,UNKNOWN
RTDR-B8D7510720E6A9A57243A62B,2023-07-11|SPORTSBET-BALLARAT SYNTHETIC|R07,2023-07-11,SPORTSBET-BALLARAT SYNTHETIC,1000,NO_GOVERNED_SURFACE_CONDITION_LENGTH_PARAMETER,AUSTRALIAN_SYNTHETIC,,UNKNOWN
RTDR-4A0A1E9C89FD0F790B3EE9DB,2023-07-11|SPORTSBET-BALLARAT SYNTHETIC|R06,2023-07-11,SPORTSBET-BALLARAT SYNTHETIC,1500,NO_GOVERNED_SURFACE_CONDITION_LENGTH_PARAMETER,AUSTRALIAN_SYNTHETIC,,UNKNOWN
RTDR-2ECC69A6F7FBE102A904F34C,2023-07-11|SPORTSBET-BALLARAT SYNTHETIC|R03,2023-07-11,SPORTSBET-BALLARAT SYNTHETIC,1100,NO_GOVERNED_SURFACE_CONDITION_LENGTH_PARAMETER,AUSTRALIAN_SYNTHETIC,,UNKNOWN
RTDR-6843E94D58454CDD824A22E7,2023-07-18|SPORTSBET-BALLARAT SYNTHETIC|R04,2023-07-18,SPORTSBET-BALLARAT SYNTHETIC,1500,NO_GOVERNED_SURFACE_CONDITION_LENGTH_PARAMETER,AUSTRALIAN_SYNTHETIC,,UNKNOWN
RTDR-7C04AC7039678A7CC6F7E94E,2023-07-18|SPORTSBET-BALLARAT SYNTHETIC|R02,2023-07-18,SPORTSBET-BALLARAT SYNTHETIC,1200,NO_GOVERNED_SURFACE_CONDITION_LENGTH_PARAMETER,AUSTRALIAN_SYNTHETIC,,UNKNOWN
RTDR-DF396934EAD54A9F0AB6878B,2023-07-18|SPORTSBET-BALLARAT SYNTHETIC|R06,2023-07-18,SPORTSBET-BALLARAT SYNTHETIC,2100,NO_GOVERNED_SURFACE_CONDITION_LENGTH_PARAMETER,AUSTRALIAN_SYNTHETIC,,UNKNOWN
RTDR-58657C33562330EC4E668647,2023-07-18|SPORTSBET-BALLARAT SYNTHETIC|R07,2023-07-18,SPORTSBET-BALLARAT SYNTHETIC,1100,NO_GOVERNED_SURFACE_CONDITION_LENGTH_PARAMETER,AUSTRALIAN_SYNTHETIC,,UNKNOWN
RTDR-5916135A843BA954D386CBFE,2023-07-18|SPORTSBET-BALLARAT SYNTHETIC|R01,2023-07-18,SPORTSBET-BALLARAT SYNTHETIC,1200,NO_GOVERNED_SURFACE_CONDITION_LENGTH_PARAMETER,AUSTRALIAN_SYNTHETIC,,UNKNOWN
RTDR-16AA301B498BEC74DBC82575,2023-07-18|SPORTSBET-BALLARAT SYNTHETIC|R08,2023-07-18,SPORTSBET-BALLARAT SYNTHETIC,1200,NO_GOVERNED_SURFACE_CONDITION_LENGTH_PARAMETER,AUSTRALIAN_SYNTHETIC,,UNKNOWN
RTDR-954C85955060487541DE08B4,2023-07-18|SPORTSBET-BALLARAT SYNTHETIC|R03,2023-07-18,SPORTSBET-BALLARAT SYNTHETIC,1200,NO_GOVERNED_SURFACE_CONDITION_LENGTH_PARAMETER,AUSTRALIAN_SYNTHETIC,,UNKNOWN
RTDR-2178D66BC9C7E8A0A33ABA8A,2023-07-18|SPORTSBET-BALLARAT SYNTHETIC|R05,2023-07-18,SPORTSBET-BALLARAT SYNTHETIC,1400,NO_GOVERNED_SURFACE_CONDITION_LENGTH_PARAMETER,AUSTRALIAN_SYNTHETIC,,UNKNOWN
RTDR-2DD6DB08160211A470497FA6,2023-07-22|SPORTSBET-PAKENHAM SYNTHETIC|R08,2023-07-22,SPORTSBET-PAKENHAM SYNTHETIC,1200,NO_GOVERNED_SURFACE_CONDITION_LENGTH_PARAMETER,AUSTRALIAN_SYNTHETIC,,UNKNOWN
RTDR-D88ABFC574F73F324C9101E8,2023-07-22|SPORTSBET-PAKENHAM SYNTHETIC|R03,2023-07-22,SPORTSBET-PAKENHAM SYNTHETIC,1400,NO_GOVERNED_SURFACE_CONDITION_LENGTH_PARAMETER,AUSTRALIAN_SYNTHETIC,,UNKNOWN
RTDR-3068B0A15F1704CDF3FFFB8B,2023-07-22|SPORTSBET-PAKENHAM SYNTHETIC|R01,2023-07-22,SPORTSBET-PAKENHAM SYNTHETIC,1200,NO_GOVERNED_SURFACE_CONDITION_LENGTH_PARAMETER,AUSTRALIAN_SYNTHETIC,,UNKNOWN
RTDR-AF6999E2DFECB54B77309B1D,2023-07-22|SPORTSBET-PAKENHAM SYNTHETIC|R02,2023-07-22,SPORTSBET-PAKENHAM SYNTHETIC,1100,NO_GOVERNED_SURFACE_CONDITION_LENGTH_PARAMETER,AUSTRALIAN_SYNTHETIC,,UNKNOWN
RTDR-99A814D072BA991A5D0826ED,2023-07-22|SPORTSBET-PAKENHAM SYNTHETIC|R06,2023-07-22,SPORTSBET-PAKENHAM SYNTHETIC,1000,NO_GOVERNED_SURFACE_CONDITION_LENGTH_PARAMETER,AUSTRALIAN_SYNTHETIC,,UNKNOWN
RTDR-4313C1168C91AC35C043886A,2023-07-22|SPORTSBET-PAKENHAM SYNTHETIC|R07,2023-07-22,SPORTSBET-PAKENHAM SYNTHETIC,2200,NO_GOVERNED_SURFACE_CONDITION_LENGTH_PARAMETER,AUSTRALIAN_SYNTHETIC,,UNKNOWN
RTDR-BD418D1FBE5EACCFC8888B7C,2023-07-22|SPORTSBET-PAKENHAM SYNTHETIC|R04,2023-07-22,SPORTSBET-PAKENHAM SYNTHETIC,1400,NO_GOVERNED_SURFACE_CONDITION_LENGTH_PARAMETER,AUSTRALIAN_SYNTHETIC,,UNKNOWN
RTDR-25399BCB3BFF1F5BD532FEF6,2023-07-22|SPORTSBET-PAKENHAM SYNTHETIC|R05,2023-07-22,SPORTSBET-PAKENHAM SYNTHETIC,1400,NO_GOVERNED_SURFACE_CONDITION_LENGTH_PARAMETER,AUSTRALIAN_SYNTHETIC,,UNKNOWN
RTDR-2BA9900A37CBCCA9B384F5C1,2023-07-24|SPORTSBET-BALLARAT SYNTHETIC|R07,2023-07-24,SPORTSBET-BALLARAT SYNTHETIC,1400,NO_GOVERNED_SURFACE_CONDITION_LENGTH_PARAMETER,AUSTRALIAN_SYNTHETIC,,UNKNOWN
RTDR-2490A637AACBB0EE80077C51,2023-07-24|SPORTSBET-BALLARAT SYNTHETIC|R01,2023-07-24,SPORTSBET-BALLARAT SYNTHETIC,2100,NO_GOVERNED_SURFACE_CONDITION_LENGTH_PARAMETER,AUSTRALIAN_SYNTHETIC,,UNKNOWN
RTDR-8EFD33BF78FC226367FFD134,2023-07-24|SPORTSBET-BALLARAT SYNTHETIC|R02,2023-07-24,SPORTSBET-BALLARAT SYNTHETIC,1400,NO_GOVERNED_SURFACE_CONDITION_LENGTH_PARAMETER,AUSTRALIAN_SYNTHETIC,,UNKNOWN
RTDR-B5A550F628F2860342D5F92D,2023-07-24|SPORTSBET-BALLARAT SYNTHETIC|R05,2023-07-24,SPORTSBET-BALLARAT SYNTHETIC,1200,NO_GOVERNED_SURFACE_CONDITION_LENGTH_PARAMETER,AUSTRALIAN_SYNTHETIC,,UNKNOWN
RTDR-1B6D6776A87FD3D06EC34E91,2023-07-24|SPORTSBET-BALLARAT SYNTHETIC|R08,2023-07-24,SPORTSBET-BALLARAT SYNTHETIC,1500,NO_GOVERNED_SURFACE_CONDITION_LENGTH_PARAMETER,AUSTRALIAN_SYNTHETIC,,UNKNOWN
RTDR-3D2E5B8E985913412056984F,2023-07-24|SPORTSBET-BALLARAT SYNTHETIC|R04,2023-07-24,SPORTSBET-BALLARAT SYNTHETIC,1200,NO_GOVERNED_SURFACE_CONDITION_LENGTH_PARAMETER,AUSTRALIAN_SYNTHETIC,,UNKNOWN
RTDR-C991C57584770D9A5C781949,2023-07-24|SPORTSBET-BALLARAT SYNTHETIC|R03,2023-07-24,SPORTSBET-BALLARAT SYNTHETIC,1000,NO_GOVERNED_SURFACE_CONDITION_LENGTH_PARAMETER,AUSTRALIAN_SYNTHETIC,,UNKNOWN
RTDR-5296698938A00511BDC81CCE,2023-07-24|SPORTSBET-BALLARAT SYNTHETIC|R06,2023-07-24,SPORTSBET-BALLARAT SYNTHETIC,1000,NO_GOVERNED_SURFACE_CONDITION_LENGTH_PARAMETER,AUSTRALIAN_SYNTHETIC,,UNKNOWN
RTDR-9DD556D34E566C12037316D3,2023-07-25|SPORTSBET-PAKENHAM SYNTHETIC|R06,2023-07-25,SPORTSBET-PAKENHAM SYNTHETIC,2200,NO_GOVERNED_SURFACE_CONDITION_LENGTH_PARAMETER,AUSTRALIAN_SYNTHETIC,,UNKNOWN
RTDR-7481920A3762E6DD18EC07AD,2023-07-25|SPORTSBET-PAKENHAM SYNTHETIC|R07,2023-07-25,SPORTSBET-PAKENHAM SYNTHETIC,1200,NO_GOVERNED_SURFACE_CONDITION_LENGTH_PARAMETER,AUSTRALIAN_SYNTHETIC,,UNKNOWN
RTDR-980127BEC163EA83970F0557,2023-07-25|SPORTSBET-PAKENHAM SYNTHETIC|R02,2023-07-25,SPORTSBET-PAKENHAM SYNTHETIC,1200,NO_GOVERNED_SURFACE_CONDITION_LENGTH_PARAMETER,AUSTRALIAN_SYNTHETIC,,UNKNOWN
RTDR-D87E305353D308CD4197CE99,2023-07-25|SPORTSBET-PAKENHAM SYNTHETIC|R01,2023-07-25,SPORTSBET-PAKENHAM SYNTHETIC,1100,NO_GOVERNED_SURFACE_CONDITION_LENGTH_PARAMETER,AUSTRALIAN_SYNTHETIC,,UNKNOWN
RTDR-24EB51D96F01857F016073DD,2023-07-25|SPORTSBET-PAKENHAM SYNTHETIC|R09,2023-07-25,SPORTSBET-PAKENHAM SYNTHETIC,1400,NO_GOVERNED_SURFACE_CONDITION_LENGTH_PARAMETER,AUSTRALIAN_SYNTHETIC,,UNKNOWN
RTDR-87C003B5C804B2F08B99CD1C,2023-07-25|SPORTSBET-PAKENHAM SYNTHETIC|R08,2023-07-25,SPORTSBET-PAKENHAM SYNTHETIC,1600,NO_GOVERNED_SURFACE_CONDITION_LENGTH_PARAMETER,AUSTRALIAN_SYNTHETIC,,UNKNOWN
RTDR-03831F2EDAB6BE513E952424,2023-07-25|SPORTSBET-PAKENHAM SYNTHETIC|R05,2023-07-25,SPORTSBET-PAKENHAM SYNTHETIC,1400,NO_GOVERNED_SURFACE_CONDITION_LENGTH_PARAMETER,AUSTRALIAN_SYNTHETIC,,UNKNOWN
RTDR-1AA9688403E5E6DE9E48E66C,2023-07-25|SPORTSBET-PAKENHAM SYNTHETIC|R04,2023-07-25,SPORTSBET-PAKENHAM SYNTHETIC,1600,NO_GOVERNED_SURFACE_CONDITION_LENGTH_PARAMETER,AUSTRALIAN_SYNTHETIC,,UNKNOWN
RTDR-3EFCBDC1905089DBBF2F0F40,2023-07-25|SPORTSBET-PAKENHAM SYNTHETIC|R03,2023-07-25,SPORTSBET-PAKENHAM SYNTHETIC,1600,NO_GOVERNED_SURFACE_CONDITION_LENGTH_PARAMETER,AUSTRALIAN_SYNTHETIC,,UNKNOWN
RTDR-1DFE0FDCF4A423B87494093D,2025-07-07|SPORTSBET-WANGARATTA|R05,2025-07-07,SPORTSBET-WANGARATTA,900,NO_GOVERNED_SURFACE_CONDITION_LENGTH_PARAMETER,TURF,,UNKNOWN
RTDR-C801AE4C8B4362153C9DD3F2,2025-07-07|SPORTSBET-WANGARATTA|R06,2025-07-07,SPORTSBET-WANGARATTA,900,NO_GOVERNED_SURFACE_CONDITION_LENGTH_PARAMETER,TURF,,UNKNOWN
RTDR-732FE73012EB71F64DF32FEF,2025-07-07|SPORTSBET-WANGARATTA|R07,2025-07-07,SPORTSBET-WANGARATTA,900,NO_GOVERNED_SURFACE_CONDITION_LENGTH_PARAMETER,TURF,,UNKNOWN
RTDR-108D19D0473188AE9CD36894,2025-07-07|SPORTSBET-WANGARATTA|R08,2025-07-07,SPORTSBET-WANGARATTA,900,NO_GOVERNED_SURFACE_CONDITION_LENGTH_PARAMETER,TURF,,UNKNOWN
RTDR-218F948A7E489823F1C6A8BB,2025-07-07|SPORTSBET-WANGARATTA|R09,2025-07-07,SPORTSBET-WANGARATTA,900,NO_GOVERNED_SURFACE_CONDITION_LENGTH_PARAMETER,TURF,,UNKNOWN
RTDR-EE8ECA113A166D32BCCF96CD,2025-07-07|SPORTSBET-WANGARATTA|R10,2025-07-07,SPORTSBET-WANGARATTA,900,NO_GOVERNED_SURFACE_CONDITION_LENGTH_PARAMETER,TURF,,UNKNOWN
RTDR-7738D2C65C9103B6FA7C8481,2025-07-07|SPORTSBET-WANGARATTA|R11,2025-07-07,SPORTSBET-WANGARATTA,900,NO_GOVERNED_SURFACE_CONDITION_LENGTH_PARAMETER,TURF,,UNKNOWN
RTDR-C403F98D8304DA68AA1D62DB,2025-07-07|SPORTSBET-WANGARATTA|R12,2025-07-07,SPORTSBET-WANGARATTA,900,NO_GOVERNED_SURFACE_CONDITION_LENGTH_PARAMETER,TURF,,UNKNOWN
RTDR-673E213461E3FE2D5DCF26D7,2025-07-07|SPORTSBET-WANGARATTA|R13,2025-07-07,SPORTSBET-WANGARATTA,900,NO_GOVERNED_SURFACE_CONDITION_LENGTH_PARAMETER,TURF,,UNKNOWN
RTDR-80CDB24E8996F09FD9430155,2025-07-07|SPORTSBET-WANGARATTA|R14,2025-07-07,SPORTSBET-WANGARATTA,900,NO_GOVERNED_SURFACE_CONDITION_LENGTH_PARAMETER,TURF,,UNKNOWN
RTDR-B5CE59CE4B7F9FEC43409E97,2025-07-07|SPORTSBET-WANGARATTA|R15,2025-07-07,SPORTSBET-WANGARATTA,900,NO_GOVERNED_SURFACE_CONDITION_LENGTH_PARAMETER,TURF,,UNKNOWN
RTDR-D995B7FB2DD57631388333F5,2008-06-05|BET365 GEELONG SYNTHETIC|R01,2008-06-05,BET365 GEELONG SYNTHETIC,1200,NO_GOVERNED_SURFACE_CONDITION_LENGTH_PARAMETER,AUSTRALIAN_SYNTHETIC,,UNKNOWN
RTDR-5F19A12020B5F1CAB38A8622,2008-06-05|BET365 GEELONG SYNTHETIC|R04,2008-06-05,BET365 GEELONG SYNTHETIC,1200,NO_GOVERNED_SURFACE_CONDITION_LENGTH_PARAMETER,AUSTRALIAN_SYNTHETIC,,UNKNOWN
RTDR-341B0FCFE3B416358C1AB102,2008-06-05|BET365 GEELONG SYNTHETIC|R03,2008-06-05,BET365 GEELONG SYNTHETIC,1000,NO_GOVERNED_SURFACE_CONDITION_LENGTH_PARAMETER,AUSTRALIAN_SYNTHETIC,,UNKNOWN
RTDR-2C0E9DE2EF082099790E5BD1,2008-06-05|BET365 GEELONG SYNTHETIC|R05,2008-06-05,BET365 GEELONG SYNTHETIC,1300,NO_GOVERNED_SURFACE_CONDITION_LENGTH_PARAMETER,AUSTRALIAN_SYNTHETIC,,UNKNOWN
RTDR-515ECF415F05394AD810C5FB,2008-06-05|BET365 GEELONG SYNTHETIC|R09,2008-06-05,BET365 GEELONG SYNTHETIC,1100,NO_GOVERNED_SURFACE_CONDITION_LENGTH_PARAMETER,AUSTRALIAN_SYNTHETIC,,UNKNOWN
RTDR-C483288FB9DCDBCD5EB06956,2008-06-05|BET365 GEELONG SYNTHETIC|R07,2008-06-05,BET365 GEELONG SYNTHETIC,1300,NO_GOVERNED_SURFACE_CONDITION_LENGTH_PARAMETER,AUSTRALIAN_SYNTHETIC,,UNKNOWN
RTDR-A19D6D80A0DAF17142F9C56D,2008-06-05|BET365 GEELONG SYNTHETIC|R06,2008-06-05,BET365 GEELONG SYNTHETIC,2200,NO_GOVERNED_SURFACE_CONDITION_LENGTH_PARAMETER,AUSTRALIAN_SYNTHETIC,,UNKNOWN
RTDR-B4F47DB97F54491838BFD1C4,2008-06-05|BET365 GEELONG SYNTHETIC|R08,2008-06-05,BET365 GEELONG SYNTHETIC,1100,NO_GOVERNED_SURFACE_CONDITION_LENGTH_PARAMETER,AUSTRALIAN_SYNTHETIC,,UNKNOWN
RTDR-F0C7D9C74CB138EF05FEF663,2008-06-05|BET365 GEELONG SYNTHETIC|R02,2008-06-05,BET365 GEELONG SYNTHETIC,1100,NO_GOVERNED_SURFACE_CONDITION_LENGTH_PARAMETER,AUSTRALIAN_SYNTHETIC,,UNKNOWN
RTDR-42E5FC01FB7E5903CCEB5078,2008-06-13|BET365 GEELONG SYNTHETIC|R04,2008-06-13,BET365 GEELONG SYNTHETIC,1000,NO_GOVERNED_SURFACE_CONDITION_LENGTH_PARAMETER,AUSTRALIAN_SYNTHETIC,,UNKNOWN
RTDR-A4E89E4B9E42DA4A4810D8F3,2008-06-13|BET365 GEELONG SYNTHETIC|R05,2008-06-13,BET365 GEELONG SYNTHETIC,1300,NO_GOVERNED_SURFACE_CONDITION_LENGTH_PARAMETER,AUSTRALIAN_SYNTHETIC,,UNKNOWN
RTDR-EB2663B58AD607D988842DB9,2008-06-13|BET365 GEELONG SYNTHETIC|R03,2008-06-13,BET365 GEELONG SYNTHETIC,2000,NO_GOVERNED_SURFACE_CONDITION_LENGTH_PARAMETER,AUSTRALIAN_SYNTHETIC,,UNKNOWN
RTDR-FF4E173BDD72038744F3A931,2008-06-13|BET365 GEELONG SYNTHETIC|R08,2008-06-13,BET365 GEELONG SYNTHETIC,1200,NO_GOVERNED_SURFACE_CONDITION_LENGTH_PARAMETER,AUSTRALIAN_SYNTHETIC,,UNKNOWN
RTDR-85E6BEDE37CCAEF81CB21062,2008-06-13|BET365 GEELONG SYNTHETIC|R06,2008-06-13,BET365 GEELONG SYNTHETIC,1550,NO_GOVERNED_SURFACE_CONDITION_LENGTH_PARAMETER,AUSTRALIAN_SYNTHETIC,,UNKNOWN
RTDR-EE4213EFD183878DC27FDAA2,2008-06-13|BET365 GEELONG SYNTHETIC|R01,2008-06-13,BET365 GEELONG SYNTHETIC,2100,NO_GOVERNED_SURFACE_CONDITION_LENGTH_PARAMETER,AUSTRALIAN_SYNTHETIC,,UNKNOWN
RTDR-793BFBB4EF159E1158E1421E,2008-06-13|BET365 GEELONG SYNTHETIC|R07,2008-06-13,BET365 GEELONG SYNTHETIC,1200,NO_GOVERNED_SURFACE_CONDITION_LENGTH_PARAMETER,AUSTRALIAN_SYNTHETIC,,UNKNOWN
RTDR-E1A21FCEEC5AF9195EC1D65E,2008-06-13|BET365 GEELONG SYNTHETIC|R02,2008-06-13,BET365 GEELONG SYNTHETIC,1100,NO_GOVERNED_SURFACE_CONDITION_LENGTH_PARAMETER,AUSTRALIAN_SYNTHETIC,,UNKNOWN
RTDR-AA0639340630ACB6627B2FD8,2008-06-16|BET365 GEELONG SYNTHETIC|R03,2008-06-16,BET365 GEELONG SYNTHETIC,1300,NO_GOVERNED_SURFACE_CONDITION_LENGTH_PARAMETER,AUSTRALIAN_SYNTHETIC,,UNKNOWN
RTDR-457E79E495274AA1A82B4850,2008-06-16|BET365 GEELONG SYNTHETIC|R02,2008-06-16,BET365 GEELONG SYNTHETIC,1100,NO_GOVERNED_SURFACE_CONDITION_LENGTH_PARAMETER,AUSTRALIAN_SYNTHETIC,,UNKNOWN
RTDR-9502754E4506ACDD033B18FE,2008-06-16|BET365 GEELONG SYNTHETIC|R01,2008-06-16,BET365 GEELONG SYNTHETIC,1550,NO_GOVERNED_SURFACE_CONDITION_LENGTH_PARAMETER,AUSTRALIAN_SYNTHETIC,,UNKNOWN
RTDR-FFC4638BC6C8914E5CB2B492,2008-06-16|BET365 GEELONG SYNTHETIC|R04,2008-06-16,BET365 GEELONG SYNTHETIC,1000,NO_GOVERNED_SURFACE_CONDITION_LENGTH_PARAMETER,AUSTRALIAN_SYNTHETIC,,UNKNOWN
RTDR-41CC3143662771DAAF6340AF,2008-06-16|BET365 GEELONG SYNTHETIC|R08,2008-06-16,BET365 GEELONG SYNTHETIC,1100,NO_GOVERNED_SURFACE_CONDITION_LENGTH_PARAMETER,AUSTRALIAN_SYNTHETIC,,UNKNOWN
RTDR-DC94AB28E507469C8FC51B50,2008-06-16|BET365 GEELONG SYNTHETIC|R07,2008-06-16,BET365 GEELONG SYNTHETIC,1300,NO_GOVERNED_SURFACE_CONDITION_LENGTH_PARAMETER,AUSTRALIAN_SYNTHETIC,,UNKNOWN
RTDR-7B6190064641028F2007E1C1,2008-06-16|BET365 GEELONG SYNTHETIC|R09,2008-06-16,BET365 GEELONG SYNTHETIC,1900,NO_GOVERNED_SURFACE_CONDITION_LENGTH_PARAMETER,AUSTRALIAN_SYNTHETIC,,UNKNOWN
RTDR-3CB36776406D79F514904463,2008-06-16|BET365 GEELONG SYNTHETIC|R05,2008-06-16,BET365 GEELONG SYNTHETIC,1300,NO_GOVERNED_SURFACE_CONDITION_LENGTH_PARAMETER,AUSTRALIAN_SYNTHETIC,,UNKNOWN
RTDR-46BD8E30FA27DF6B0B2B39FD,2008-06-16|BET365 GEELONG SYNTHETIC|R06,2008-06-16,BET365 GEELONG SYNTHETIC,1300,NO_GOVERNED_SURFACE_CONDITION_LENGTH_PARAMETER,AUSTRALIAN_SYNTHETIC,,UNKNOWN
RTDR-610BCF4A2D41CD59EE12FFD1,2008-06-27|BET365 GEELONG SYNTHETIC|R01,2008-06-27,BET365 GEELONG SYNTHETIC,1200,NO_GOVERNED_SURFACE_CONDITION_LENGTH_PARAMETER,AUSTRALIAN_SYNTHETIC,,UNKNOWN
RTDR-71993ED32E009D84CE6C069F,2008-06-27|BET365 GEELONG SYNTHETIC|R03,2008-06-27,BET365 GEELONG SYNTHETIC,1300,NO_GOVERNED_SURFACE_CONDITION_LENGTH_PARAMETER,AUSTRALIAN_SYNTHETIC,,UNKNOWN
RTDR-8236C83A30EDCCC911AB00FE,2008-06-27|BET365 GEELONG SYNTHETIC|R02,2008-06-27,BET365 GEELONG SYNTHETIC,1300,NO_GOVERNED_SURFACE_CONDITION_LENGTH_PARAMETER,AUSTRALIAN_SYNTHETIC,,UNKNOWN
RTDR-15CECD993BB318F212FCEAE8,2008-06-27|BET365 GEELONG SYNTHETIC|R09,2008-06-27,BET365 GEELONG SYNTHETIC,1200,NO_GOVERNED_SURFACE_CONDITION_LENGTH_PARAMETER,AUSTRALIAN_SYNTHETIC,,UNKNOWN
RTDR-216886BE905B83BF2A434DD8,2008-06-27|BET365 GEELONG SYNTHETIC|R06,2008-06-27,BET365 GEELONG SYNTHETIC,2100,NO_GOVERNED_SURFACE_CONDITION_LENGTH_PARAMETER,AUSTRALIAN_SYNTHETIC,,UNKNOWN
RTDR-6453A0982A69407AEBF3F173,2008-06-27|BET365 GEELONG SYNTHETIC|R08,2008-06-27,BET365 GEELONG SYNTHETIC,1000,NO_GOVERNED_SURFACE_CONDITION_LENGTH_PARAMETER,AUSTRALIAN_SYNTHETIC,,UNKNOWN
RTDR-4755109D6E9FBB5473C9F090,2008-06-27|BET365 GEELONG SYNTHETIC|R07,2008-06-27,BET365 GEELONG SYNTHETIC,1300,NO_GOVERNED_SURFACE_CONDITION_LENGTH_PARAMETER,AUSTRALIAN_SYNTHETIC,,UNKNOWN
RTDR-BBF626449021320C03838A20,2008-06-27|BET365 GEELONG SYNTHETIC|R04,2008-06-27,BET365 GEELONG SYNTHETIC,1200,NO_GOVERNED_SURFACE_CONDITION_LENGTH_PARAMETER,AUSTRALIAN_SYNTHETIC,,UNKNOWN
RTDR-DFE198E9AE843791238380A7,2008-06-27|BET365 GEELONG SYNTHETIC|R05,2008-06-27,BET365 GEELONG SYNTHETIC,1200,NO_GOVERNED_SURFACE_CONDITION_LENGTH_PARAMETER,AUSTRALIAN_SYNTHETIC,,UNKNOWN
RTDR-C1048107440E594F7DA0EE73,2010-06-29|BET365 GEELONG SYNTHETIC|R01,2010-06-29,BET365 GEELONG SYNTHETIC,1000,NO_GOVERNED_SURFACE_CONDITION_LENGTH_PARAMETER,AUSTRALIAN_SYNTHETIC,,UNKNOWN
RTDR-3CDA2769101D21F3BB476B84,2010-06-29|BET365 GEELONG SYNTHETIC|R04,2010-06-29,BET365 GEELONG SYNTHETIC,2200,NO_GOVERNED_SURFACE_CONDITION_LENGTH_PARAMETER,AUSTRALIAN_SYNTHETIC,,UNKNOWN
RTDR-7BA0A7F417E2CBF4E51CF74A,2010-06-29|BET365 GEELONG SYNTHETIC|R03,2010-06-29,BET365 GEELONG SYNTHETIC,1200,NO_GOVERNED_SURFACE_CONDITION_LENGTH_PARAMETER,AUSTRALIAN_SYNTHETIC,,UNKNOWN
RTDR-6BFFF148A46399274577E399,2010-06-29|BET365 GEELONG SYNTHETIC|R05,2010-06-29,BET365 GEELONG SYNTHETIC,1300,NO_GOVERNED_SURFACE_CONDITION_LENGTH_PARAMETER,AUSTRALIAN_SYNTHETIC,,UNKNOWN
RTDR-A6B46981258370A81DF07350,2010-06-29|BET365 GEELONG SYNTHETIC|R10,2010-06-29,BET365 GEELONG SYNTHETIC,1900,NO_GOVERNED_SURFACE_CONDITION_LENGTH_PARAMETER,AUSTRALIAN_SYNTHETIC,,UNKNOWN
RTDR-FC2BACEF35C4B03E2664E3E2,2010-06-29|BET365 GEELONG SYNTHETIC|R07,2010-06-29,BET365 GEELONG SYNTHETIC,1000,NO_GOVERNED_SURFACE_CONDITION_LENGTH_PARAMETER,AUSTRALIAN_SYNTHETIC,,UNKNOWN
RTDR-BD05D23FE4B8CC3EA2F895F7,2010-06-29|BET365 GEELONG SYNTHETIC|R06,2010-06-29,BET365 GEELONG SYNTHETIC,1100,NO_GOVERNED_SURFACE_CONDITION_LENGTH_PARAMETER,AUSTRALIAN_SYNTHETIC,,UNKNOWN
RTDR-ABF3E61AC911CD6185F257E0,2010-06-29|BET365 GEELONG SYNTHETIC|R09,2010-06-29,BET365 GEELONG SYNTHETIC,1100,NO_GOVERNED_SURFACE_CONDITION_LENGTH_PARAMETER,AUSTRALIAN_SYNTHETIC,,UNKNOWN
RTDR-0D20CE2A4E40A796417CFC84,2010-06-29|BET365 GEELONG SYNTHETIC|R02,2010-06-29,BET365 GEELONG SYNTHETIC,1300,NO_GOVERNED_SURFACE_CONDITION_LENGTH_PARAMETER,AUSTRALIAN_SYNTHETIC,,UNKNOWN
RTDR-6513884E22569AD35429A2ED,2010-06-29|BET365 GEELONG SYNTHETIC|R08,2010-06-29,BET365 GEELONG SYNTHETIC,1300,NO_GOVERNED_SURFACE_CONDITION_LENGTH_PARAMETER,AUSTRALIAN_SYNTHETIC,,UNKNOWN
RTDR-59121F21C7496871CC5A940D,2010-06-30|BET365 GEELONG SYNTHETIC|R02,2010-06-30,BET365 GEELONG SYNTHETIC,1000,NO_GOVERNED_SURFACE_CONDITION_LENGTH_PARAMETER,AUSTRALIAN_SYNTHETIC,,UNKNOWN
RTDR-6B0E8C361E1AA43ECF9FF2A1,2010-06-30|BET365 GEELONG SYNTHETIC|R06,2010-06-30,BET365 GEELONG SYNTHETIC,1300,NO_GOVERNED_SURFACE_CONDITION_LENGTH_PARAMETER,AUSTRALIAN_SYNTHETIC,,UNKNOWN
RTDR-AFC9C950087EE81FC39DDFBF,2010-06-30|BET365 GEELONG SYNTHETIC|R07,2010-06-30,BET365 GEELONG SYNTHETIC,1900,NO_GOVERNED_SURFACE_CONDITION_LENGTH_PARAMETER,AUSTRALIAN_SYNTHETIC,,UNKNOWN
RTDR-163D1F495D44B92DC0952605,2010-06-30|BET365 GEELONG SYNTHETIC|R04,2010-06-30,BET365 GEELONG SYNTHETIC,1000,NO_GOVERNED_SURFACE_CONDITION_LENGTH_PARAMETER,AUSTRALIAN_SYNTHETIC,,UNKNOWN
RTDR-736576693BC6AF1D7A727BBE,2010-06-30|BET365 GEELONG SYNTHETIC|R08,2010-06-30,BET365 GEELONG SYNTHETIC,1300,NO_GOVERNED_SURFACE_CONDITION_LENGTH_PARAMETER,AUSTRALIAN_SYNTHETIC,,UNKNOWN
RTDR-55926292CA9007B7D5E7DE4D,2010-06-30|BET365 GEELONG SYNTHETIC|R05,2010-06-30,BET365 GEELONG SYNTHETIC,1300,NO_GOVERNED_SURFACE_CONDITION_LENGTH_PARAMETER,AUSTRALIAN_SYNTHETIC,,UNKNOWN
RTDR-3DA2B469A1920BD4A2920721,2010-06-30|BET365 GEELONG SYNTHETIC|R01,2010-06-30,BET365 GEELONG SYNTHETIC,1000,NO_GOVERNED_SURFACE_CONDITION_LENGTH_PARAMETER,AUSTRALIAN_SYNTHETIC,,UNKNOWN
RTDR-D0005505A0801E11A0E6B44E,2012-06-01|BET365 GEELONG SYNTHETIC|R01,2012-06-01,BET365 GEELONG SYNTHETIC,1200,NO_GOVERNED_SURFACE_CONDITION_LENGTH_PARAMETER,AUSTRALIAN_SYNTHETIC,,UNKNOWN
RTDR-DF5990B940DDFD272B2129EA,2012-06-01|BET365 GEELONG SYNTHETIC|R04,2012-06-01,BET365 GEELONG SYNTHETIC,1200,NO_GOVERNED_SURFACE_CONDITION_LENGTH_PARAMETER,AUSTRALIAN_SYNTHETIC,,UNKNOWN
RTDR-292F1695CE8BD75715462F66,2012-06-01|BET365 GEELONG SYNTHETIC|R03,2012-06-01,BET365 GEELONG SYNTHETIC,1300,NO_GOVERNED_SURFACE_CONDITION_LENGTH_PARAMETER,AUSTRALIAN_SYNTHETIC,,UNKNOWN
RTDR-41F9D8A3CB273B529F66C8F2,2012-06-01|BET365 GEELONG SYNTHETIC|R05,2012-06-01,BET365 GEELONG SYNTHETIC,1000,NO_GOVERNED_SURFACE_CONDITION_LENGTH_PARAMETER,AUSTRALIAN_SYNTHETIC,,UNKNOWN
RTDR-D184C3112BC87448F8454348,2012-06-01|BET365 GEELONG SYNTHETIC|R02,2012-06-01,BET365 GEELONG SYNTHETIC,1200,NO_GOVERNED_SURFACE_CONDITION_LENGTH_PARAMETER,AUSTRALIAN_SYNTHETIC,,UNKNOWN
RTDR-CDB9EB5C3785C8796C447B3C,2012-06-01|BET365 GEELONG SYNTHETIC|R07,2012-06-01,BET365 GEELONG SYNTHETIC,1200,NO_GOVERNED_SURFACE_CONDITION_LENGTH_PARAMETER,AUSTRALIAN_SYNTHETIC,,UNKNOWN
RTDR-72CF3A1E59B045677D2BD23A,2012-06-01|BET365 GEELONG SYNTHETIC|R08,2012-06-01,BET365 GEELONG SYNTHETIC,2100,NO_GOVERNED_SURFACE_CONDITION_LENGTH_PARAMETER,AUSTRALIAN_SYNTHETIC,,UNKNOWN
RTDR-511430DAB1C4AC77AEF343CF,2012-06-01|BET365 GEELONG SYNTHETIC|R06,2012-06-01,BET365 GEELONG SYNTHETIC,1200,NO_GOVERNED_SURFACE_CONDITION_LENGTH_PARAMETER,AUSTRALIAN_SYNTHETIC,,UNKNOWN
RTDR-F4970BFC93D94A07F517EFD7,2012-06-07|BET365 GEELONG SYNTHETIC|R04,2012-06-07,BET365 GEELONG SYNTHETIC,1300,NO_GOVERNED_SURFACE_CONDITION_LENGTH_PARAMETER,AUSTRALIAN_SYNTHETIC,,UNKNOWN
RTDR-B704A99F6896CE4C7B5AD3D3,2012-06-07|BET365 GEELONG SYNTHETIC|R03,2012-06-07,BET365 GEELONG SYNTHETIC,1300,NO_GOVERNED_SURFACE_CONDITION_LENGTH_PARAMETER,AUSTRALIAN_SYNTHETIC,,UNKNOWN
RTDR-9C732A684BC60E7B2A343934,2012-06-07|BET365 GEELONG SYNTHETIC|R02,2012-06-07,BET365 GEELONG SYNTHETIC,1200,NO_GOVERNED_SURFACE_CONDITION_LENGTH_PARAMETER,AUSTRALIAN_SYNTHETIC,,UNKNOWN
RTDR-9D23E07B3F915C2C69E61ADE,2012-06-07|BET365 GEELONG SYNTHETIC|R05,2012-06-07,BET365 GEELONG SYNTHETIC,1100,NO_GOVERNED_SURFACE_CONDITION_LENGTH_PARAMETER,AUSTRALIAN_SYNTHETIC,,UNKNOWN
RTDR-225BDC7993C99DCE7F27B6FA,2012-06-07|BET365 GEELONG SYNTHETIC|R01,2012-06-07,BET365 GEELONG SYNTHETIC,2200,NO_GOVERNED_SURFACE_CONDITION_LENGTH_PARAMETER,AUSTRALIAN_SYNTHETIC,,UNKNOWN
RTDR-3A9C034D2A486B907E369DBB,2012-06-07|BET365 GEELONG SYNTHETIC|R07,2012-06-07,BET365 GEELONG SYNTHETIC,1000,NO_GOVERNED_SURFACE_CONDITION_LENGTH_PARAMETER,AUSTRALIAN_SYNTHETIC,,UNKNOWN
RTDR-9A589D257A2E72D9A1FDB593,2012-06-07|BET365 GEELONG SYNTHETIC|R09,2012-06-07,BET365 GEELONG SYNTHETIC,1300,NO_GOVERNED_SURFACE_CONDITION_LENGTH_PARAMETER,AUSTRALIAN_SYNTHETIC,,UNKNOWN
RTDR-801102DF218DE1562BAE9625,2012-06-07|BET365 GEELONG SYNTHETIC|R08,2012-06-07,BET365 GEELONG SYNTHETIC,2200,NO_GOVERNED_SURFACE_CONDITION_LENGTH_PARAMETER,AUSTRALIAN_SYNTHETIC,,UNKNOWN
RTDR-E797797E6B62BB9453778E27,2012-06-07|BET365 GEELONG SYNTHETIC|R06,2012-06-07,BET365 GEELONG SYNTHETIC,2000,NO_GOVERNED_SURFACE_CONDITION_LENGTH_PARAMETER,AUSTRALIAN_SYNTHETIC,,UNKNOWN
RTDR-56D3E61FEFBC6A5E13ECA7BE,2012-06-15|BET365 GEELONG SYNTHETIC|R06,2012-06-15,BET365 GEELONG SYNTHETIC,1100,NO_GOVERNED_SURFACE_CONDITION_LENGTH_PARAMETER,AUSTRALIAN_SYNTHETIC,,UNKNOWN
RTDR-7905DFFF4F4728B64EEBEB05,2012-06-15|BET365 GEELONG SYNTHETIC|R07,2012-06-15,BET365 GEELONG SYNTHETIC,1100,NO_GOVERNED_SURFACE_CONDITION_LENGTH_PARAMETER,AUSTRALIAN_SYNTHETIC,,UNKNOWN
RTDR-5A904AC09E573DA80252DE03,2012-06-15|BET365 GEELONG SYNTHETIC|R08,2012-06-15,BET365 GEELONG SYNTHETIC,1300,NO_GOVERNED_SURFACE_CONDITION_LENGTH_PARAMETER,AUSTRALIAN_SYNTHETIC,,UNKNOWN
RTDR-C47888596F8446C9076A6C01,2012-06-15|BET365 GEELONG SYNTHETIC|R09,2012-06-15,BET365 GEELONG SYNTHETIC,1300,NO_GOVERNED_SURFACE_CONDITION_LENGTH_PARAMETER,AUSTRALIAN_SYNTHETIC,,UNKNOWN
RTDR-D72B229443B6608E75E1AFCE,2012-06-15|BET365 GEELONG SYNTHETIC|R01,2012-06-15,BET365 GEELONG SYNTHETIC,1100,NO_GOVERNED_SURFACE_CONDITION_LENGTH_PARAMETER,AUSTRALIAN_SYNTHETIC,,UNKNOWN
RTDR-EE245DA2E21CF97E5E270D31,2012-06-15|BET365 GEELONG SYNTHETIC|R03,2012-06-15,BET365 GEELONG SYNTHETIC,2000,NO_GOVERNED_SURFACE_CONDITION_LENGTH_PARAMETER,AUSTRALIAN_SYNTHETIC,,UNKNOWN
RTDR-208943D8554FBD4E93B44A24,2012-06-15|BET365 GEELONG SYNTHETIC|R02,2012-06-15,BET365 GEELONG SYNTHETIC,1200,NO_GOVERNED_SURFACE_CONDITION_LENGTH_PARAMETER,AUSTRALIAN_SYNTHETIC,,UNKNOWN
RTDR-18A79024F504F2BB13D8F5C6,2012-06-15|BET365 GEELONG SYNTHETIC|R04,2012-06-15,BET365 GEELONG SYNTHETIC,1000,NO_GOVERNED_SURFACE_CONDITION_LENGTH_PARAMETER,AUSTRALIAN_SYNTHETIC,,UNKNOWN
RTDR-CCD8CFF8FC6F0AF1B4B41100,2012-06-15|BET365 GEELONG SYNTHETIC|R05,2012-06-15,BET365 GEELONG SYNTHETIC,2200,NO_GOVERNED_SURFACE_CONDITION_LENGTH_PARAMETER,AUSTRALIAN_SYNTHETIC,,UNKNOWN
RTDR-2E5E2D90F67727115F0BEA18,2012-06-15|BET365 GEELONG SYNTHETIC|R10,2012-06-15,BET365 GEELONG SYNTHETIC,1200,NO_GOVERNED_SURFACE_CONDITION_LENGTH_PARAMETER,AUSTRALIAN_SYNTHETIC,,UNKNOWN
RTDR-D5361EE746BEB67D4BC46930,2012-06-22|BET365 GEELONG SYNTHETIC|R05,2012-06-22,BET365 GEELONG SYNTHETIC,1900,NO_GOVERNED_SURFACE_CONDITION_LENGTH_PARAMETER,AUSTRALIAN_SYNTHETIC,,UNKNOWN
RTDR-DD847A794685C2FA412D0159,2012-06-22|BET365 GEELONG SYNTHETIC|R04,2012-06-22,BET365 GEELONG SYNTHETIC,1900,NO_GOVERNED_SURFACE_CONDITION_LENGTH_PARAMETER,AUSTRALIAN_SYNTHETIC,,UNKNOWN
RTDR-761DBCD3E328FFD1D82F0FD5,2012-06-22|BET365 GEELONG SYNTHETIC|R09,2012-06-22,BET365 GEELONG SYNTHETIC,1300,NO_GOVERNED_SURFACE_CONDITION_LENGTH_PARAMETER,AUSTRALIAN_SYNTHETIC,,UNKNOWN
RTDR-C587294CA60E2E28ADAE0690,2012-06-22|BET365 GEELONG SYNTHETIC|R08,2012-06-22,BET365 GEELONG SYNTHETIC,1300,NO_GOVERNED_SURFACE_CONDITION_LENGTH_PARAMETER,AUSTRALIAN_SYNTHETIC,,UNKNOWN
RTDR-33E7C5A74DC998A09FD2E65A,2012-06-22|BET365 GEELONG SYNTHETIC|R02,2012-06-22,BET365 GEELONG SYNTHETIC,1000,NO_GOVERNED_SURFACE_CONDITION_LENGTH_PARAMETER,AUSTRALIAN_SYNTHETIC,,UNKNOWN
RTDR-5DCC11BFDEE5C83B4868A17F,2012-06-22|BET365 GEELONG SYNTHETIC|R01,2012-06-22,BET365 GEELONG SYNTHETIC,1000,NO_GOVERNED_SURFACE_CONDITION_LENGTH_PARAMETER,AUSTRALIAN_SYNTHETIC,,UNKNOWN
RTDR-16832396F994954E2FF8F514,2012-06-22|BET365 GEELONG SYNTHETIC|R03,2012-06-22,BET365 GEELONG SYNTHETIC,1300,NO_GOVERNED_SURFACE_CONDITION_LENGTH_PARAMETER,AUSTRALIAN_SYNTHETIC,,UNKNOWN
RTDR-E9CF678448A2F4ADAFC94DF2,2012-06-22|BET365 GEELONG SYNTHETIC|R07,2012-06-22,BET365 GEELONG SYNTHETIC,2200,NO_GOVERNED_SURFACE_CONDITION_LENGTH_PARAMETER,AUSTRALIAN_SYNTHETIC,,UNKNOWN
RTDR-8CB652F0CAE57D29329C92A9,2012-06-22|BET365 GEELONG SYNTHETIC|R10,2012-06-22,BET365 GEELONG SYNTHETIC,1100,NO_GOVERNED_SURFACE_CONDITION_LENGTH_PARAMETER,AUSTRALIAN_SYNTHETIC,,UNKNOWN
RTDR-247AA155C9E56DFBBBCED0DD,2012-06-22|BET365 GEELONG SYNTHETIC|R06,2012-06-22,BET365 GEELONG SYNTHETIC,2000,NO_GOVERNED_SURFACE_CONDITION_LENGTH_PARAMETER,AUSTRALIAN_SYNTHETIC,,UNKNOWN
RTDR-E37C94C4A13ECCAE61CEF5C6,2012-06-24|BET365 GEELONG SYNTHETIC|R03,2012-06-24,BET365 GEELONG SYNTHETIC,1300,NO_GOVERNED_SURFACE_CONDITION_LENGTH_PARAMETER,AUSTRALIAN_SYNTHETIC,,UNKNOWN
RTDR-395D44190AF3BF1FBAE1EB9F,2012-06-24|BET365 GEELONG SYNTHETIC|R04,2012-06-24,BET365 GEELONG SYNTHETIC,1300,NO_GOVERNED_SURFACE_CONDITION_LENGTH_PARAMETER,AUSTRALIAN_SYNTHETIC,,UNKNOWN
RTDR-6EF253C9CEC7E589696BEF3B,2012-06-24|BET365 GEELONG SYNTHETIC|R01,2012-06-24,BET365 GEELONG SYNTHETIC,1000,NO_GOVERNED_SURFACE_CONDITION_LENGTH_PARAMETER,AUSTRALIAN_SYNTHETIC,,UNKNOWN
RTDR-1D7F49E8011B1BF71A22FD59,2012-06-24|BET365 GEELONG SYNTHETIC|R02,2012-06-24,BET365 GEELONG SYNTHETIC,1200,NO_GOVERNED_SURFACE_CONDITION_LENGTH_PARAMETER,AUSTRALIAN_SYNTHETIC,,UNKNOWN
RTDR-E665A41D79930D229FAA2751,2012-06-24|BET365 GEELONG SYNTHETIC|R05,2012-06-24,BET365 GEELONG SYNTHETIC,1300,NO_GOVERNED_SURFACE_CONDITION_LENGTH_PARAMETER,AUSTRALIAN_SYNTHETIC,,UNKNOWN
RTDR-6B52387ADF9E38A053694795,2012-06-24|BET365 GEELONG SYNTHETIC|R06,2012-06-24,BET365 GEELONG SYNTHETIC,1000,NO_GOVERNED_SURFACE_CONDITION_LENGTH_PARAMETER,AUSTRALIAN_SYNTHETIC,,UNKNOWN
RTDR-1BD21B1C799FF95FACEDFFCD,2012-06-24|BET365 GEELONG SYNTHETIC|R09,2012-06-24,BET365 GEELONG SYNTHETIC,1300,NO_GOVERNED_SURFACE_CONDITION_LENGTH_PARAMETER,AUSTRALIAN_SYNTHETIC,,UNKNOWN
RTDR-F71273AA29885F9E94FD246F,2012-06-24|BET365 GEELONG SYNTHETIC|R08,2012-06-24,BET365 GEELONG SYNTHETIC,2100,NO_GOVERNED_SURFACE_CONDITION_LENGTH_PARAMETER,AUSTRALIAN_SYNTHETIC,,UNKNOWN
RTDR-6E288E9B2516FF6DF3A1B46B,2012-06-24|BET365 GEELONG SYNTHETIC|R07,2012-06-24,BET365 GEELONG SYNTHETIC,1300,NO_GOVERNED_SURFACE_CONDITION_LENGTH_PARAMETER,AUSTRALIAN_SYNTHETIC,,UNKNOWN
RTDR-2F20AF01E9A6018A3EF932DD,2012-06-26|BET365 GEELONG SYNTHETIC|R06,2012-06-26,BET365 GEELONG SYNTHETIC,1200,NO_GOVERNED_SURFACE_CONDITION_LENGTH_PARAMETER,AUSTRALIAN_SYNTHETIC,,UNKNOWN
RTDR-CF4A29545290B3109F4248E3,2012-06-26|BET365 GEELONG SYNTHETIC|R05,2012-06-26,BET365 GEELONG SYNTHETIC,1200,NO_GOVERNED_SURFACE_CONDITION_LENGTH_PARAMETER,AUSTRALIAN_SYNTHETIC,,UNKNOWN
RTDR-603C3F76E7B762F1A079377A,2012-06-26|BET365 GEELONG SYNTHETIC|R01,2012-06-26,BET365 GEELONG SYNTHETIC,1000,NO_GOVERNED_SURFACE_CONDITION_LENGTH_PARAMETER,AUSTRALIAN_SYNTHETIC,,UNKNOWN
RTDR-AD41E444A3E1544B5048E789,2012-06-26|BET365 GEELONG SYNTHETIC|R03,2012-06-26,BET365 GEELONG SYNTHETIC,1200,NO_GOVERNED_SURFACE_CONDITION_LENGTH_PARAMETER,AUSTRALIAN_SYNTHETIC,,UNKNOWN
RTDR-1C094C4E72982689372D85DF,2012-06-26|BET365 GEELONG SYNTHETIC|R02,2012-06-26,BET365 GEELONG SYNTHETIC,1000,NO_GOVERNED_SURFACE_CONDITION_LENGTH_PARAMETER,AUSTRALIAN_SYNTHETIC,,UNKNOWN
RTDR-93E4D3FD2711F32DAB3CAC50,2012-06-26|BET365 GEELONG SYNTHETIC|R04,2012-06-26,BET365 GEELONG SYNTHETIC,1200,NO_GOVERNED_SURFACE_CONDITION_LENGTH_PARAMETER,AUSTRALIAN_SYNTHETIC,,UNKNOWN
RTDR-C80FEEECE93D4F5A973D7868,2012-06-26|BET365 GEELONG SYNTHETIC|R09,2012-06-26,BET365 GEELONG SYNTHETIC,2000,NO_GOVERNED_SURFACE_CONDITION_LENGTH_PARAMETER,AUSTRALIAN_SYNTHETIC,,UNKNOWN
RTDR-5E266C407C48E2CC7B751767,2012-06-26|BET365 GEELONG SYNTHETIC|R08,2012-06-26,BET365 GEELONG SYNTHETIC,1900,NO_GOVERNED_SURFACE_CONDITION_LENGTH_PARAMETER,AUSTRALIAN_SYNTHETIC,,UNKNOWN
RTDR-A7E5FA34970E3B7AAA1F3D48,2012-06-26|BET365 GEELONG SYNTHETIC|R07,2012-06-26,BET365 GEELONG SYNTHETIC,1000,NO_GOVERNED_SURFACE_CONDITION_LENGTH_PARAMETER,AUSTRALIAN_SYNTHETIC,,UNKNOWN
RTDR-EFDD529C68399052B484B5F2,2012-06-29|BET365 GEELONG SYNTHETIC|R04,2012-06-29,BET365 GEELONG SYNTHETIC,1300,NO_GOVERNED_SURFACE_CONDITION_LENGTH_PARAMETER,AUSTRALIAN_SYNTHETIC,,UNKNOWN
RTDR-5E3FCAC0A6CE2A87E7067885,2012-06-29|BET365 GEELONG SYNTHETIC|R05,2012-06-29,BET365 GEELONG SYNTHETIC,1300,NO_GOVERNED_SURFACE_CONDITION_LENGTH_PARAMETER,AUSTRALIAN_SYNTHETIC,,UNKNOWN
RTDR-97AE80A5F5C94B1544CFA28C,2012-06-29|BET365 GEELONG SYNTHETIC|R07,2012-06-29,BET365 GEELONG SYNTHETIC,1900,NO_GOVERNED_SURFACE_CONDITION_LENGTH_PARAMETER,AUSTRALIAN_SYNTHETIC,,UNKNOWN
RTDR-BBA425B1A3402FA9342B7B27,2012-06-29|BET365 GEELONG SYNTHETIC|R06,2012-06-29,BET365 GEELONG SYNTHETIC,1900,NO_GOVERNED_SURFACE_CONDITION_LENGTH_PARAMETER,AUSTRALIAN_SYNTHETIC,,UNKNOWN
RTDR-DF21B0A0586E0CDC7020FA60,2012-06-29|BET365 GEELONG SYNTHETIC|R01,2012-06-29,BET365 GEELONG SYNTHETIC,1200,NO_GOVERNED_SURFACE_CONDITION_LENGTH_PARAMETER,AUSTRALIAN_SYNTHETIC,,UNKNOWN
RTDR-4DC500A1945B2EBC0C2879BB,2012-06-29|BET365 GEELONG SYNTHETIC|R03,2012-06-29,BET365 GEELONG SYNTHETIC,1300,NO_GOVERNED_SURFACE_CONDITION_LENGTH_PARAMETER,AUSTRALIAN_SYNTHETIC,,UNKNOWN
RTDR-821DB3F8A5AD3D5FE26EE326,2012-06-29|BET365 GEELONG SYNTHETIC|R02,2012-06-29,BET365 GEELONG SYNTHETIC,2100,NO_GOVERNED_SURFACE_CONDITION_LENGTH_PARAMETER,AUSTRALIAN_SYNTHETIC,,UNKNOWN
RTDR-A46808B53DA8F795660D33DA,2012-06-29|BET365 GEELONG SYNTHETIC|R09,2012-06-29,BET365 GEELONG SYNTHETIC,1100,NO_GOVERNED_SURFACE_CONDITION_LENGTH_PARAMETER,AUSTRALIAN_SYNTHETIC,,UNKNOWN
RTDR-CAE8C7DCAF6F8090B11F3E4C,2012-06-29|BET365 GEELONG SYNTHETIC|R10,2012-06-29,BET365 GEELONG SYNTHETIC,1300,NO_GOVERNED_SURFACE_CONDITION_LENGTH_PARAMETER,AUSTRALIAN_SYNTHETIC,,UNKNOWN
RTDR-B31D7A6A305896ED2F265B31,2012-06-29|BET365 GEELONG SYNTHETIC|R08,2012-06-29,BET365 GEELONG SYNTHETIC,1200,NO_GOVERNED_SURFACE_CONDITION_LENGTH_PARAMETER,AUSTRALIAN_SYNTHETIC,,UNKNOWN
RTDR-0A3A0A5816A0A3056ADCFB0D,2013-06-06|BET365 GEELONG SYNTHETIC|R05,2013-06-06,BET365 GEELONG SYNTHETIC,1300,NO_GOVERNED_SURFACE_CONDITION_LENGTH_PARAMETER,AUSTRALIAN_SYNTHETIC,,UNKNOWN
RTDR-7FC8F5579741A651516439E9,2013-06-06|BET365 GEELONG SYNTHETIC|R04,2013-06-06,BET365 GEELONG SYNTHETIC,1300,NO_GOVERNED_SURFACE_CONDITION_LENGTH_PARAMETER,AUSTRALIAN_SYNTHETIC,,UNKNOWN
RTDR-7FF655E67714C9322C2C2856,2013-06-06|BET365 GEELONG SYNTHETIC|R08,2013-06-06,BET365 GEELONG SYNTHETIC,1300,NO_GOVERNED_SURFACE_CONDITION_LENGTH_PARAMETER,AUSTRALIAN_SYNTHETIC,,UNKNOWN
RTDR-E4AB2B6C891CE7132B37E510,2013-06-06|BET365 GEELONG SYNTHETIC|R09,2013-06-06,BET365 GEELONG SYNTHETIC,1300,NO_GOVERNED_SURFACE_CONDITION_LENGTH_PARAMETER,AUSTRALIAN_SYNTHETIC,,UNKNOWN
RTDR-EDCAF286A9C256904FB6FC87,2013-06-06|BET365 GEELONG SYNTHETIC|R02,2013-06-06,BET365 GEELONG SYNTHETIC,1200,NO_GOVERNED_SURFACE_CONDITION_LENGTH_PARAMETER,AUSTRALIAN_SYNTHETIC,,UNKNOWN
RTDR-10373C357301A330C9B56B10,2013-06-06|BET365 GEELONG SYNTHETIC|R01,2013-06-06,BET365 GEELONG SYNTHETIC,1000,NO_GOVERNED_SURFACE_CONDITION_LENGTH_PARAMETER,AUSTRALIAN_SYNTHETIC,,UNKNOWN
RTDR-7FB0E7D5005239E5165C9331,2013-06-06|BET365 GEELONG SYNTHETIC|R03,2013-06-06,BET365 GEELONG SYNTHETIC,1900,NO_GOVERNED_SURFACE_CONDITION_LENGTH_PARAMETER,AUSTRALIAN_SYNTHETIC,,UNKNOWN
RTDR-121B2ACE9EAA9F6DDF31F0CA,2013-06-06|BET365 GEELONG SYNTHETIC|R07,2013-06-06,BET365 GEELONG SYNTHETIC,1900,NO_GOVERNED_SURFACE_CONDITION_LENGTH_PARAMETER,AUSTRALIAN_SYNTHETIC,,UNKNOWN
RTDR-DDB88745512EA6E941F23676,2013-06-06|BET365 GEELONG SYNTHETIC|R10,2013-06-06,BET365 GEELONG SYNTHETIC,1100,NO_GOVERNED_SURFACE_CONDITION_LENGTH_PARAMETER,AUSTRALIAN_SYNTHETIC,,UNKNOWN
RTDR-E0AB7A857A611B5B770BD319,2013-06-06|BET365 GEELONG SYNTHETIC|R06,2013-06-06,BET365 GEELONG SYNTHETIC,2200,NO_GOVERNED_SURFACE_CONDITION_LENGTH_PARAMETER,AUSTRALIAN_SYNTHETIC,,UNKNOWN
RTDR-891E19078C90C16327F8C8E1,2013-06-14|BET365 GEELONG SYNTHETIC|R02,2013-06-14,BET365 GEELONG SYNTHETIC,1100,NO_GOVERNED_SURFACE_CONDITION_LENGTH_PARAMETER,AUSTRALIAN_SYNTHETIC,,UNKNOWN
RTDR-601D8C1EF0D037EEE5DD6EBC,2013-06-14|BET365 GEELONG SYNTHETIC|R01,2013-06-14,BET365 GEELONG SYNTHETIC,2000,NO_GOVERNED_SURFACE_CONDITION_LENGTH_PARAMETER,AUSTRALIAN_SYNTHETIC,,UNKNOWN
RTDR-A2F3286A40899D7B84759E5E,2013-06-14|BET365 GEELONG SYNTHETIC|R03,2013-06-14,BET365 GEELONG SYNTHETIC,1100,NO_GOVERNED_SURFACE_CONDITION_LENGTH_PARAMETER,AUSTRALIAN_SYNTHETIC,,UNKNOWN
RTDR-98571E672E8C7F8C831E5107,2013-06-14|BET365 GEELONG SYNTHETIC|R04,2013-06-14,BET365 GEELONG SYNTHETIC,1300,NO_GOVERNED_SURFACE_CONDITION_LENGTH_PARAMETER,AUSTRALIAN_SYNTHETIC,,UNKNOWN
RTDR-A28D8015DE934FB615034E44,2013-06-14|BET365 GEELONG SYNTHETIC|R08,2013-06-14,BET365 GEELONG SYNTHETIC,1100,NO_GOVERNED_SURFACE_CONDITION_LENGTH_PARAMETER,AUSTRALIAN_SYNTHETIC,,UNKNOWN
RTDR-7DD7309BA9FE43A5F5DD4F66,2013-06-14|BET365 GEELONG SYNTHETIC|R05,2013-06-14,BET365 GEELONG SYNTHETIC,2200,NO_GOVERNED_SURFACE_CONDITION_LENGTH_PARAMETER,AUSTRALIAN_SYNTHETIC,,UNKNOWN
RTDR-1C25062C05B455CA56D96490,2013-06-14|BET365 GEELONG SYNTHETIC|R07,2013-06-14,BET365 GEELONG SYNTHETIC,1300,NO_GOVERNED_SURFACE_CONDITION_LENGTH_PARAMETER,AUSTRALIAN_SYNTHETIC,,UNKNOWN
RTDR-0AF6A79DFE7C8F7C6074C298,2013-06-14|BET365 GEELONG SYNTHETIC|R06,2013-06-14,BET365 GEELONG SYNTHETIC,1200,NO_GOVERNED_SURFACE_CONDITION_LENGTH_PARAMETER,AUSTRALIAN_SYNTHETIC,,UNKNOWN
RTDR-7AEE8AA0C220F72A2222A871,2013-06-16|BET365 GEELONG SYNTHETIC|R02,2013-06-16,BET365 GEELONG SYNTHETIC,1300,NO_GOVERNED_SURFACE_CONDITION_LENGTH_PARAMETER,AUSTRALIAN_SYNTHETIC,,UNKNOWN
RTDR-3F6F9E9BA3564F85D62D9932,2013-06-16|BET365 GEELONG SYNTHETIC|R03,2013-06-16,BET365 GEELONG SYNTHETIC,1300,NO_GOVERNED_SURFACE_CONDITION_LENGTH_PARAMETER,AUSTRALIAN_SYNTHETIC,,UNKNOWN
RTDR-71AE28B0D69423BCDF208CC5,2013-06-16|BET365 GEELONG SYNTHETIC|R06,2013-06-16,BET365 GEELONG SYNTHETIC,1000,NO_GOVERNED_SURFACE_CONDITION_LENGTH_PARAMETER,AUSTRALIAN_SYNTHETIC,,UNKNOWN
RTDR-31BD108B45A8E076A221DC5C,2013-06-16|BET365 GEELONG SYNTHETIC|R05,2013-06-16,BET365 GEELONG SYNTHETIC,1000,NO_GOVERNED_SURFACE_CONDITION_LENGTH_PARAMETER,AUSTRALIAN_SYNTHETIC,,UNKNOWN
RTDR-8A2A1CB98D97B391AB44F998,2013-06-16|BET365 GEELONG SYNTHETIC|R09,2013-06-16,BET365 GEELONG SYNTHETIC,1300,NO_GOVERNED_SURFACE_CONDITION_LENGTH_PARAMETER,AUSTRALIAN_SYNTHETIC,,UNKNOWN
RTDR-A732F09032AFCB6D6652DDA2,2013-06-16|BET365 GEELONG SYNTHETIC|R10,2013-06-16,BET365 GEELONG SYNTHETIC,1300,NO_GOVERNED_SURFACE_CONDITION_LENGTH_PARAMETER,AUSTRALIAN_SYNTHETIC,,UNKNOWN
RTDR-89D6AF017DB970C9906D007E,2013-06-16|BET365 GEELONG SYNTHETIC|R07,2013-06-16,BET365 GEELONG SYNTHETIC,1300,NO_GOVERNED_SURFACE_CONDITION_LENGTH_PARAMETER,AUSTRALIAN_SYNTHETIC,,UNKNOWN
RTDR-EF4A1D5047351BA092F799F7,2013-06-16|BET365 GEELONG SYNTHETIC|R08,2013-06-16,BET365 GEELONG SYNTHETIC,1900,NO_GOVERNED_SURFACE_CONDITION_LENGTH_PARAMETER,AUSTRALIAN_SYNTHETIC,,UNKNOWN
RTDR-69AD972C22FE816DB0D24133,2013-06-16|BET365 GEELONG SYNTHETIC|R04,2013-06-16,BET365 GEELONG SYNTHETIC,1300,NO_GOVERNED_SURFACE_CONDITION_LENGTH_PARAMETER,AUSTRALIAN_SYNTHETIC,,UNKNOWN
RTDR-0EE415DEC4E3D754E81DA5AE,2013-06-16|BET365 GEELONG SYNTHETIC|R01,2013-06-16,BET365 GEELONG SYNTHETIC,2200,NO_GOVERNED_SURFACE_CONDITION_LENGTH_PARAMETER,AUSTRALIAN_SYNTHETIC,,UNKNOWN
RTDR-926E6F4175480E51B448367D,2013-06-18|BET365 GEELONG SYNTHETIC|R04,2013-06-18,BET365 GEELONG SYNTHETIC,1300,NO_GOVERNED_SURFACE_CONDITION_LENGTH_PARAMETER,AUSTRALIAN_SYNTHETIC,,UNKNOWN
RTDR-F83EF2F456396319AF761FB8,2013-06-18|BET365 GEELONG SYNTHETIC|R05,2013-06-18,BET365 GEELONG SYNTHETIC,1300,NO_GOVERNED_SURFACE_CONDITION_LENGTH_PARAMETER,AUSTRALIAN_SYNTHETIC,,UNKNOWN
RTDR-007D9FA92F5727FC104FD207,2013-06-18|BET365 GEELONG SYNTHETIC|R10,2013-06-18,BET365 GEELONG SYNTHETIC,1100,NO_GOVERNED_SURFACE_CONDITION_LENGTH_PARAMETER,AUSTRALIAN_SYNTHETIC,,UNKNOWN
RTDR-DCFF5015D82BFB94934E680F,2013-06-18|BET365 GEELONG SYNTHETIC|R09,2013-06-18,BET365 GEELONG SYNTHETIC,1100,NO_GOVERNED_SURFACE_CONDITION_LENGTH_PARAMETER,AUSTRALIAN_SYNTHETIC,,UNKNOWN
RTDR-10F478E6B8CCD52B5550DEFB,2013-06-18|BET365 GEELONG SYNTHETIC|R02,2013-06-18,BET365 GEELONG SYNTHETIC,1200,NO_GOVERNED_SURFACE_CONDITION_LENGTH_PARAMETER,AUSTRALIAN_SYNTHETIC,,UNKNOWN
RTDR-34E3A5F08EC600D87CC7205B,2013-06-18|BET365 GEELONG SYNTHETIC|R01,2013-06-18,BET365 GEELONG SYNTHETIC,1000,NO_GOVERNED_SURFACE_CONDITION_LENGTH_PARAMETER,AUSTRALIAN_SYNTHETIC,,UNKNOWN
RTDR-9F6383ABCBDF7A2949EAD697,2013-06-18|BET365 GEELONG SYNTHETIC|R03,2013-06-18,BET365 GEELONG SYNTHETIC,1000,NO_GOVERNED_SURFACE_CONDITION_LENGTH_PARAMETER,AUSTRALIAN_SYNTHETIC,,UNKNOWN
RTDR-EE1DB06C5B69AAE2EF5D9CBC,2013-06-18|BET365 GEELONG SYNTHETIC|R07,2013-06-18,BET365 GEELONG SYNTHETIC,1300,NO_GOVERNED_SURFACE_CONDITION_LENGTH_PARAMETER,AUSTRALIAN_SYNTHETIC,,UNKNOWN
RTDR-4FF787FD7A3958FFAA5F88A0,2013-06-18|BET365 GEELONG SYNTHETIC|R06,2013-06-18,BET365 GEELONG SYNTHETIC,1300,NO_GOVERNED_SURFACE_CONDITION_LENGTH_PARAMETER,AUSTRALIAN_SYNTHETIC,,UNKNOWN
RTDR-5245A16B063D0551FF37631E,2013-06-18|BET365 GEELONG SYNTHETIC|R08,2013-06-18,BET365 GEELONG SYNTHETIC,2000,NO_GOVERNED_SURFACE_CONDITION_LENGTH_PARAMETER,AUSTRALIAN_SYNTHETIC,,UNKNOWN
RTDR-D54C0B9EAD224CE8B5602BFC,2013-06-21|BET365 GEELONG SYNTHETIC|R06,2013-06-21,BET365 GEELONG SYNTHETIC,2000,NO_GOVERNED_SURFACE_CONDITION_LENGTH_PARAMETER,AUSTRALIAN_SYNTHETIC,,UNKNOWN
RTDR-04B0B07917F66DBF12CD6FBC,2013-06-21|BET365 GEELONG SYNTHETIC|R08,2013-06-21,BET365 GEELONG SYNTHETIC,2000,NO_GOVERNED_SURFACE_CONDITION_LENGTH_PARAMETER,AUSTRALIAN_SYNTHETIC,,UNKNOWN
RTDR-7B99E2515259588A8BFDA0BE,2013-06-21|BET365 GEELONG SYNTHETIC|R02,2013-06-21,BET365 GEELONG SYNTHETIC,1300,NO_GOVERNED_SURFACE_CONDITION_LENGTH_PARAMETER,AUSTRALIAN_SYNTHETIC,,UNKNOWN
RTDR-B323235F8263924AF2B76C23,2013-06-21|BET365 GEELONG SYNTHETIC|R01,2013-06-21,BET365 GEELONG SYNTHETIC,1200,NO_GOVERNED_SURFACE_CONDITION_LENGTH_PARAMETER,AUSTRALIAN_SYNTHETIC,,UNKNOWN
RTDR-5C281BE116DC2AB4EDF76EE7,2013-06-21|BET365 GEELONG SYNTHETIC|R04,2013-06-21,BET365 GEELONG SYNTHETIC,1000,NO_GOVERNED_SURFACE_CONDITION_LENGTH_PARAMETER,AUSTRALIAN_SYNTHETIC,,UNKNOWN
RTDR-4B58903D51773789C90EA311,2013-06-21|BET365 GEELONG SYNTHETIC|R03,2013-06-21,BET365 GEELONG SYNTHETIC,2000,NO_GOVERNED_SURFACE_CONDITION_LENGTH_PARAMETER,AUSTRALIAN_SYNTHETIC,,UNKNOWN
RTDR-DA4531F3256FF40455772C18,2013-06-21|BET365 GEELONG SYNTHETIC|R05,2013-06-21,BET365 GEELONG SYNTHETIC,1000,NO_GOVERNED_SURFACE_CONDITION_LENGTH_PARAMETER,AUSTRALIAN_SYNTHETIC,,UNKNOWN
RTDR-E67A58A2681A959C1784F214,2013-06-21|BET365 GEELONG SYNTHETIC|R09,2013-06-21,BET365 GEELONG SYNTHETIC,1100,NO_GOVERNED_SURFACE_CONDITION_LENGTH_PARAMETER,AUSTRALIAN_SYNTHETIC,,UNKNOWN
RTDR-15FA3C41961BFB6FBBA5DC5B,2013-06-21|BET365 GEELONG SYNTHETIC|R07,2013-06-21,BET365 GEELONG SYNTHETIC,1000,NO_GOVERNED_SURFACE_CONDITION_LENGTH_PARAMETER,AUSTRALIAN_SYNTHETIC,,UNKNOWN
RTDR-8729E48039F625F7BB9C4422,2013-06-28|BET365 GEELONG SYNTHETIC|R04,2013-06-28,BET365 GEELONG SYNTHETIC,1300,NO_GOVERNED_SURFACE_CONDITION_LENGTH_PARAMETER,AUSTRALIAN_SYNTHETIC,,UNKNOWN
RTDR-86916DF9055A9FCE19575867,2013-06-28|BET365 GEELONG SYNTHETIC|R05,2013-06-28,BET365 GEELONG SYNTHETIC,1300,NO_GOVERNED_SURFACE_CONDITION_LENGTH_PARAMETER,AUSTRALIAN_SYNTHETIC,,UNKNOWN
RTDR-A688C1460BA1ED3FAC5A68C7,2013-06-28|BET365 GEELONG SYNTHETIC|R02,2013-06-28,BET365 GEELONG SYNTHETIC,1100,NO_GOVERNED_SURFACE_CONDITION_LENGTH_PARAMETER,AUSTRALIAN_SYNTHETIC,,UNKNOWN
RTDR-7626AB2A7070A1EE1B13AA10,2013-06-28|BET365 GEELONG SYNTHETIC|R01,2013-06-28,BET365 GEELONG SYNTHETIC,2000,NO_GOVERNED_SURFACE_CONDITION_LENGTH_PARAMETER,AUSTRALIAN_SYNTHETIC,,UNKNOWN
RTDR-C72446CE7EAAD8CBE54C67E7,2013-06-28|BET365 GEELONG SYNTHETIC|R03,2013-06-28,BET365 GEELONG SYNTHETIC,1100,NO_GOVERNED_SURFACE_CONDITION_LENGTH_PARAMETER,AUSTRALIAN_SYNTHETIC,,UNKNOWN
RTDR-F3070A0714A370AF26D0290D,2013-06-28|BET365 GEELONG SYNTHETIC|R06,2013-06-28,BET365 GEELONG SYNTHETIC,2000,NO_GOVERNED_SURFACE_CONDITION_LENGTH_PARAMETER,AUSTRALIAN_SYNTHETIC,,UNKNOWN
RTDR-C32515943D5BBF83AB6A87A6,2013-06-28|BET365 GEELONG SYNTHETIC|R08,2013-06-28,BET365 GEELONG SYNTHETIC,1100,NO_GOVERNED_SURFACE_CONDITION_LENGTH_PARAMETER,AUSTRALIAN_SYNTHETIC,,UNKNOWN
RTDR-B2D1CA9198D10608F567EE10,2013-06-28|BET365 GEELONG SYNTHETIC|R07,2013-06-28,BET365 GEELONG SYNTHETIC,1300,NO_GOVERNED_SURFACE_CONDITION_LENGTH_PARAMETER,AUSTRALIAN_SYNTHETIC,,UNKNOWN
RTDR-29A867236CB48D50E6DEFB58,2013-06-28|BET365 GEELONG SYNTHETIC|R09,2013-06-28,BET365 GEELONG SYNTHETIC,1200,NO_GOVERNED_SURFACE_CONDITION_LENGTH_PARAMETER,AUSTRALIAN_SYNTHETIC,,UNKNOWN
RTDR-176C88481AEB1C3E169135E8,2014-06-03|BET365 GEELONG SYNTHETIC|R01,2014-06-03,BET365 GEELONG SYNTHETIC,1200,NO_GOVERNED_SURFACE_CONDITION_LENGTH_PARAMETER,AUSTRALIAN_SYNTHETIC,,UNKNOWN
RTDR-9EA115EEF87B2FECC53BB544,2014-06-03|BET365 GEELONG SYNTHETIC|R03,2014-06-03,BET365 GEELONG SYNTHETIC,1300,NO_GOVERNED_SURFACE_CONDITION_LENGTH_PARAMETER,AUSTRALIAN_SYNTHETIC,,UNKNOWN
RTDR-F6C8DC6954A3591B4AAE9817,2014-06-03|BET365 GEELONG SYNTHETIC|R02,2014-06-03,BET365 GEELONG SYNTHETIC,1000,NO_GOVERNED_SURFACE_CONDITION_LENGTH_PARAMETER,AUSTRALIAN_SYNTHETIC,,UNKNOWN
RTDR-CC8C8D8886F065741CADB268,2014-06-03|BET365 GEELONG SYNTHETIC|R06,2014-06-03,BET365 GEELONG SYNTHETIC,1100,NO_GOVERNED_SURFACE_CONDITION_LENGTH_PARAMETER,AUSTRALIAN_SYNTHETIC,,UNKNOWN
RTDR-DB51636225BB438249B59857,2014-06-03|BET365 GEELONG SYNTHETIC|R04,2014-06-03,BET365 GEELONG SYNTHETIC,2100,NO_GOVERNED_SURFACE_CONDITION_LENGTH_PARAMETER,AUSTRALIAN_SYNTHETIC,,UNKNOWN
RTDR-384E8C9789E14D12217BA0D9,2014-06-03|BET365 GEELONG SYNTHETIC|R07,2014-06-03,BET365 GEELONG SYNTHETIC,1300,NO_GOVERNED_SURFACE_CONDITION_LENGTH_PARAMETER,AUSTRALIAN_SYNTHETIC,,UNKNOWN
RTDR-BA0E7355D44ED9EF0EC5F707,2014-06-03|BET365 GEELONG SYNTHETIC|R05,2014-06-03,BET365 GEELONG SYNTHETIC,1000,NO_GOVERNED_SURFACE_CONDITION_LENGTH_PARAMETER,AUSTRALIAN_SYNTHETIC,,UNKNOWN
RTDR-0E67557DA8D124D80FAE5BE4,2014-06-05|BET365 GEELONG SYNTHETIC|R09,2014-06-05,BET365 GEELONG SYNTHETIC,1300,NO_GOVERNED_SURFACE_CONDITION_LENGTH_PARAMETER,AUSTRALIAN_SYNTHETIC,,UNKNOWN
RTDR-0FFA21BD9B48078B8AEC74F5,2014-06-05|BET365 GEELONG SYNTHETIC|R08,2014-06-05,BET365 GEELONG SYNTHETIC,1300,NO_GOVERNED_SURFACE_CONDITION_LENGTH_PARAMETER,AUSTRALIAN_SYNTHETIC,,UNKNOWN
RTDR-0BFF6D67177F9DD53CFAEA28,2014-06-05|BET365 GEELONG SYNTHETIC|R04,2014-06-05,BET365 GEELONG SYNTHETIC,1100,NO_GOVERNED_SURFACE_CONDITION_LENGTH_PARAMETER,AUSTRALIAN_SYNTHETIC,,UNKNOWN
RTDR-A9D957F9BD9F9103AF758201,2014-06-05|BET365 GEELONG SYNTHETIC|R01,2014-06-05,BET365 GEELONG SYNTHETIC,1100,NO_GOVERNED_SURFACE_CONDITION_LENGTH_PARAMETER,AUSTRALIAN_SYNTHETIC,,UNKNOWN
RTDR-564FEEDAB3752F79B083CB9D,2014-06-05|BET365 GEELONG SYNTHETIC|R03,2014-06-05,BET365 GEELONG SYNTHETIC,1000,NO_GOVERNED_SURFACE_CONDITION_LENGTH_PARAMETER,AUSTRALIAN_SYNTHETIC,,UNKNOWN
RTDR-312621FBF400B1EBBC68D493,2014-06-05|BET365 GEELONG SYNTHETIC|R02,2014-06-05,BET365 GEELONG SYNTHETIC,2100,NO_GOVERNED_SURFACE_CONDITION_LENGTH_PARAMETER,AUSTRALIAN_SYNTHETIC,,UNKNOWN
RTDR-51B76AEE98DB4BD59E455421,2014-06-05|BET365 GEELONG SYNTHETIC|R07,2014-06-05,BET365 GEELONG SYNTHETIC,1900,NO_GOVERNED_SURFACE_CONDITION_LENGTH_PARAMETER,AUSTRALIAN_SYNTHETIC,,UNKNOWN
RTDR-A7D9A8955BF909A2180FE71B,2014-06-05|BET365 GEELONG SYNTHETIC|R06,2014-06-05,BET365 GEELONG SYNTHETIC,1000,NO_GOVERNED_SURFACE_CONDITION_LENGTH_PARAMETER,AUSTRALIAN_SYNTHETIC,,UNKNOWN
RTDR-5D70AD6FC32C50E9E1016763,2014-06-05|BET365 GEELONG SYNTHETIC|R05,2014-06-05,BET365 GEELONG SYNTHETIC,2200,NO_GOVERNED_SURFACE_CONDITION_LENGTH_PARAMETER,AUSTRALIAN_SYNTHETIC,,UNKNOWN
RTDR-C0830E7A94F58404D0E86BFD,2014-06-13|BET365 GEELONG SYNTHETIC|R04,2014-06-13,BET365 GEELONG SYNTHETIC,1300,NO_GOVERNED_SURFACE_CONDITION_LENGTH_PARAMETER,AUSTRALIAN_SYNTHETIC,,UNKNOWN
RTDR-77AD57035EE0F04004A7C8F8,2014-06-13|BET365 GEELONG SYNTHETIC|R05,2014-06-13,BET365 GEELONG SYNTHETIC,1300,NO_GOVERNED_SURFACE_CONDITION_LENGTH_PARAMETER,AUSTRALIAN_SYNTHETIC,,UNKNOWN
RTDR-E35E6EDB0C224DB70D6FBD12,2014-06-13|BET365 GEELONG SYNTHETIC|R01,2014-06-13,BET365 GEELONG SYNTHETIC,1100,NO_GOVERNED_SURFACE_CONDITION_LENGTH_PARAMETER,AUSTRALIAN_SYNTHETIC,,UNKNOWN
RTDR-CA1A85E155F678F0E4CAA346,2014-06-13|BET365 GEELONG SYNTHETIC|R02,2014-06-13,BET365 GEELONG SYNTHETIC,1100,NO_GOVERNED_SURFACE_CONDITION_LENGTH_PARAMETER,AUSTRALIAN_SYNTHETIC,,UNKNOWN
RTDR-3714947F8276A1080AD7CFD5,2014-06-13|BET365 GEELONG SYNTHETIC|R03,2014-06-13,BET365 GEELONG SYNTHETIC,2000,NO_GOVERNED_SURFACE_CONDITION_LENGTH_PARAMETER,AUSTRALIAN_SYNTHETIC,,UNKNOWN
RTDR-43241F1F8BE2F80EFB337A36,2014-06-13|BET365 GEELONG SYNTHETIC|R06,2014-06-13,BET365 GEELONG SYNTHETIC,1000,NO_GOVERNED_SURFACE_CONDITION_LENGTH_PARAMETER,AUSTRALIAN_SYNTHETIC,,UNKNOWN
RTDR-83E10877813D79EDF6C6985A,2014-06-13|BET365 GEELONG SYNTHETIC|R08,2014-06-13,BET365 GEELONG SYNTHETIC,1300,NO_GOVERNED_SURFACE_CONDITION_LENGTH_PARAMETER,AUSTRALIAN_SYNTHETIC,,UNKNOWN
RTDR-77E0C38127497F1B1C298E34,2014-06-13|BET365 GEELONG SYNTHETIC|R09,2014-06-13,BET365 GEELONG SYNTHETIC,1900,NO_GOVERNED_SURFACE_CONDITION_LENGTH_PARAMETER,AUSTRALIAN_SYNTHETIC,,UNKNOWN
RTDR-9A1CD135087203AC56A697D2,2014-06-13|BET365 GEELONG SYNTHETIC|R07,2014-06-13,BET365 GEELONG SYNTHETIC,1200,NO_GOVERNED_SURFACE_CONDITION_LENGTH_PARAMETER,AUSTRALIAN_SYNTHETIC,,UNKNOWN
RTDR-0674938004B19C9959502700,2014-06-17|BET365 GEELONG SYNTHETIC|R01,2014-06-17,BET365 GEELONG SYNTHETIC,1300,NO_GOVERNED_SURFACE_CONDITION_LENGTH_PARAMETER,AUSTRALIAN_SYNTHETIC,,UNKNOWN
RTDR-ADD149C5080B0D68532C3C4F,2014-06-17|BET365 GEELONG SYNTHETIC|R02,2014-06-17,BET365 GEELONG SYNTHETIC,1300,NO_GOVERNED_SURFACE_CONDITION_LENGTH_PARAMETER,AUSTRALIAN_SYNTHETIC,,UNKNOWN
RTDR-4AD70008ED68977C62CC0257,2014-06-17|BET365 GEELONG SYNTHETIC|R03,2014-06-17,BET365 GEELONG SYNTHETIC,1000,NO_GOVERNED_SURFACE_CONDITION_LENGTH_PARAMETER,AUSTRALIAN_SYNTHETIC,,UNKNOWN
RTDR-7E8FD59C793961EDBC360024,2014-06-17|BET365 GEELONG SYNTHETIC|R04,2014-06-17,BET365 GEELONG SYNTHETIC,1300,NO_GOVERNED_SURFACE_CONDITION_LENGTH_PARAMETER,AUSTRALIAN_SYNTHETIC,,UNKNOWN
RTDR-C964062348A4AE0C161F6052,2014-06-17|BET365 GEELONG SYNTHETIC|R07,2014-06-17,BET365 GEELONG SYNTHETIC,1300,NO_GOVERNED_SURFACE_CONDITION_LENGTH_PARAMETER,AUSTRALIAN_SYNTHETIC,,UNKNOWN
RTDR-5741DC5B94AEC4B71CA0A9A7,2014-06-17|BET365 GEELONG SYNTHETIC|R08,2014-06-17,BET365 GEELONG SYNTHETIC,1300,NO_GOVERNED_SURFACE_CONDITION_LENGTH_PARAMETER,AUSTRALIAN_SYNTHETIC,,UNKNOWN
RTDR-32C03ED4ABF2DA537B496E67,2014-06-17|BET365 GEELONG SYNTHETIC|R05,2014-06-17,BET365 GEELONG SYNTHETIC,2200,NO_GOVERNED_SURFACE_CONDITION_LENGTH_PARAMETER,AUSTRALIAN_SYNTHETIC,,UNKNOWN
RTDR-98F8FCA74ABE7783ADD2ABDB,2014-06-17|BET365 GEELONG SYNTHETIC|R06,2014-06-17,BET365 GEELONG SYNTHETIC,1100,NO_GOVERNED_SURFACE_CONDITION_LENGTH_PARAMETER,AUSTRALIAN_SYNTHETIC,,UNKNOWN
RTDR-869D50B86091FE4DF0CCA750,2014-06-20|BET365 GEELONG SYNTHETIC|R03,2014-06-20,BET365 GEELONG SYNTHETIC,1000,NO_GOVERNED_SURFACE_CONDITION_LENGTH_PARAMETER,AUSTRALIAN_SYNTHETIC,,UNKNOWN
RTDR-0E86C8E8E3ADC2C175EF897E,2014-06-20|BET365 GEELONG SYNTHETIC|R01,2014-06-20,BET365 GEELONG SYNTHETIC,2000,NO_GOVERNED_SURFACE_CONDITION_LENGTH_PARAMETER,AUSTRALIAN_SYNTHETIC,,UNKNOWN
RTDR-07212C578CF4C63CE765B0C9,2014-06-20|BET365 GEELONG SYNTHETIC|R04,2014-06-20,BET365 GEELONG SYNTHETIC,1200,NO_GOVERNED_SURFACE_CONDITION_LENGTH_PARAMETER,AUSTRALIAN_SYNTHETIC,,UNKNOWN
RTDR-E4AD4D4FD177FCADF5B27800,2014-06-20|BET365 GEELONG SYNTHETIC|R02,2014-06-20,BET365 GEELONG SYNTHETIC,1900,NO_GOVERNED_SURFACE_CONDITION_LENGTH_PARAMETER,AUSTRALIAN_SYNTHETIC,,UNKNOWN
RTDR-AAEC208ED15CE53E03F503EF,2014-06-20|BET365 GEELONG SYNTHETIC|R07,2014-06-20,BET365 GEELONG SYNTHETIC,1000,NO_GOVERNED_SURFACE_CONDITION_LENGTH_PARAMETER,AUSTRALIAN_SYNTHETIC,,UNKNOWN
RTDR-AA850DECA42C5801C9824919,2014-06-20|BET365 GEELONG SYNTHETIC|R08,2014-06-20,BET365 GEELONG SYNTHETIC,1300,NO_GOVERNED_SURFACE_CONDITION_LENGTH_PARAMETER,AUSTRALIAN_SYNTHETIC,,UNKNOWN
RTDR-98D2E72AB0C5A63D1C535BC2,2014-06-20|BET365 GEELONG SYNTHETIC|R05,2014-06-20,BET365 GEELONG SYNTHETIC,1900,NO_GOVERNED_SURFACE_CONDITION_LENGTH_PARAMETER,AUSTRALIAN_SYNTHETIC,,UNKNOWN
RTDR-5CE38BAE0346135500E6E6FF,2014-06-20|BET365 GEELONG SYNTHETIC|R06,2014-06-20,BET365 GEELONG SYNTHETIC,2000,NO_GOVERNED_SURFACE_CONDITION_LENGTH_PARAMETER,AUSTRALIAN_SYNTHETIC,,UNKNOWN
RTDR-CFCA4DA4FF05670B2E3115E8,2014-06-25|BET365 GEELONG SYNTHETIC|R01,2014-06-25,BET365 GEELONG SYNTHETIC,1200,NO_GOVERNED_SURFACE_CONDITION_LENGTH_PARAMETER,AUSTRALIAN_SYNTHETIC,,UNKNOWN
RTDR-B1654DD7E301A75A427CE87C,2014-06-25|BET365 GEELONG SYNTHETIC|R06,2014-06-25,BET365 GEELONG SYNTHETIC,1300,NO_GOVERNED_SURFACE_CONDITION_LENGTH_PARAMETER,AUSTRALIAN_SYNTHETIC,,UNKNOWN
RTDR-4D90617CD8440047E886B967,2014-06-25|BET365 GEELONG SYNTHETIC|R02,2014-06-25,BET365 GEELONG SYNTHETIC,1300,NO_GOVERNED_SURFACE_CONDITION_LENGTH_PARAMETER,AUSTRALIAN_SYNTHETIC,,UNKNOWN
RTDR-B750EE3651690AFF35B2D5BD,2014-06-25|BET365 GEELONG SYNTHETIC|R03,2014-06-25,BET365 GEELONG SYNTHETIC,1200,NO_GOVERNED_SURFACE_CONDITION_LENGTH_PARAMETER,AUSTRALIAN_SYNTHETIC,,UNKNOWN
RTDR-51859F4496730E457A050A3B,2014-06-25|BET365 GEELONG SYNTHETIC|R07,2014-06-25,BET365 GEELONG SYNTHETIC,1300,NO_GOVERNED_SURFACE_CONDITION_LENGTH_PARAMETER,AUSTRALIAN_SYNTHETIC,,UNKNOWN
RTDR-64C8F3F5103EE76015C1056F,2014-06-25|BET365 GEELONG SYNTHETIC|R04,2014-06-25,BET365 GEELONG SYNTHETIC,1200,NO_GOVERNED_SURFACE_CONDITION_LENGTH_PARAMETER,AUSTRALIAN_SYNTHETIC,,UNKNOWN
RTDR-4E5649CB918B808C2DBCFFE0,2014-06-25|BET365 GEELONG SYNTHETIC|R05,2014-06-25,BET365 GEELONG SYNTHETIC,2100,NO_GOVERNED_SURFACE_CONDITION_LENGTH_PARAMETER,AUSTRALIAN_SYNTHETIC,,UNKNOWN
RTDR-9DC22CE7B02A5BF86B936804,2014-06-27|BET365 GEELONG SYNTHETIC|R03,2014-06-27,BET365 GEELONG SYNTHETIC,1300,NO_GOVERNED_SURFACE_CONDITION_LENGTH_PARAMETER,AUSTRALIAN_SYNTHETIC,,UNKNOWN
RTDR-983414E358823524F5BC359A,2014-06-27|BET365 GEELONG SYNTHETIC|R04,2014-06-27,BET365 GEELONG SYNTHETIC,1300,NO_GOVERNED_SURFACE_CONDITION_LENGTH_PARAMETER,AUSTRALIAN_SYNTHETIC,,UNKNOWN
RTDR-53B2217683949491934DF948,2014-06-27|BET365 GEELONG SYNTHETIC|R01,2014-06-27,BET365 GEELONG SYNTHETIC,2200,NO_GOVERNED_SURFACE_CONDITION_LENGTH_PARAMETER,AUSTRALIAN_SYNTHETIC,,UNKNOWN
RTDR-19354DB1A8E5A0995B7D66CF,2014-06-27|BET365 GEELONG SYNTHETIC|R02,2014-06-27,BET365 GEELONG SYNTHETIC,1200,NO_GOVERNED_SURFACE_CONDITION_LENGTH_PARAMETER,AUSTRALIAN_SYNTHETIC,,UNKNOWN
RTDR-2F49A50BF9C315007CC60CDC,2014-06-27|BET365 GEELONG SYNTHETIC|R05,2014-06-27,BET365 GEELONG SYNTHETIC,1100,NO_GOVERNED_SURFACE_CONDITION_LENGTH_PARAMETER,AUSTRALIAN_SYNTHETIC,,UNKNOWN
RTDR-05AC666023D70FAE46247FA0,2014-06-27|BET365 GEELONG SYNTHETIC|R09,2014-06-27,BET365 GEELONG SYNTHETIC,1100,NO_GOVERNED_SURFACE_CONDITION_LENGTH_PARAMETER,AUSTRALIAN_SYNTHETIC,,UNKNOWN
RTDR-5F78F55C6C022C081C28FF27,2014-06-27|BET365 GEELONG SYNTHETIC|R08,2014-06-27,BET365 GEELONG SYNTHETIC,1300,NO_GOVERNED_SURFACE_CONDITION_LENGTH_PARAMETER,AUSTRALIAN_SYNTHETIC,,UNKNOWN
RTDR-ED7D6E258868A727BBBE1992,2014-06-27|BET365 GEELONG SYNTHETIC|R07,2014-06-27,BET365 GEELONG SYNTHETIC,2000,NO_GOVERNED_SURFACE_CONDITION_LENGTH_PARAMETER,AUSTRALIAN_SYNTHETIC,,UNKNOWN
RTDR-DB9E563329DAB0F26E437086,2014-06-27|BET365 GEELONG SYNTHETIC|R06,2014-06-27,BET365 GEELONG SYNTHETIC,1200,NO_GOVERNED_SURFACE_CONDITION_LENGTH_PARAMETER,AUSTRALIAN_SYNTHETIC,,UNKNOWN
RTDR-69AFDCAA0309C15E6FE24982,2015-06-02|BET365 GEELONG SYNTHETIC|R06,2015-06-02,BET365 GEELONG SYNTHETIC,1200,NO_GOVERNED_SURFACE_CONDITION_LENGTH_PARAMETER,AUSTRALIAN_SYNTHETIC,,UNKNOWN
RTDR-EC9654DB7FE6A0C12AED41EB,2015-06-02|BET365 GEELONG SYNTHETIC|R01,2015-06-02,BET365 GEELONG SYNTHETIC,1200,NO_GOVERNED_SURFACE_CONDITION_LENGTH_PARAMETER,AUSTRALIAN_SYNTHETIC,,UNKNOWN
RTDR-4FCFC8B63A854A75D1D3F3B8,2015-06-02|BET365 GEELONG SYNTHETIC|R03,2015-06-02,BET365 GEELONG SYNTHETIC,1000,NO_GOVERNED_SURFACE_CONDITION_LENGTH_PARAMETER,AUSTRALIAN_SYNTHETIC,,UNKNOWN
RTDR-B8D9F42388E6998E3B468875,2015-06-02|BET365 GEELONG SYNTHETIC|R04,2015-06-02,BET365 GEELONG SYNTHETIC,1300,NO_GOVERNED_SURFACE_CONDITION_LENGTH_PARAMETER,AUSTRALIAN_SYNTHETIC,,UNKNOWN
RTDR-0C68127D5DEC3E39CCB68CCB,2015-06-02|BET365 GEELONG SYNTHETIC|R02,2015-06-02,BET365 GEELONG SYNTHETIC,1100,NO_GOVERNED_SURFACE_CONDITION_LENGTH_PARAMETER,AUSTRALIAN_SYNTHETIC,,UNKNOWN
RTDR-BB85417617F198326F564969,2015-06-02|BET365 GEELONG SYNTHETIC|R07,2015-06-02,BET365 GEELONG SYNTHETIC,1300,NO_GOVERNED_SURFACE_CONDITION_LENGTH_PARAMETER,AUSTRALIAN_SYNTHETIC,,UNKNOWN
RTDR-BD2F830BC0DFA00A465FF693,2015-06-02|BET365 GEELONG SYNTHETIC|R08,2015-06-02,BET365 GEELONG SYNTHETIC,2100,NO_GOVERNED_SURFACE_CONDITION_LENGTH_PARAMETER,AUSTRALIAN_SYNTHETIC,,UNKNOWN
RTDR-945C09FFED9B2BBD6994814D,2015-06-02|BET365 GEELONG SYNTHETIC|R05,2015-06-02,BET365 GEELONG SYNTHETIC,1000,NO_GOVERNED_SURFACE_CONDITION_LENGTH_PARAMETER,AUSTRALIAN_SYNTHETIC,,UNKNOWN
RTDR-2E12925229F2BFBF11A9AFD0,2015-06-12|BET365 GEELONG SYNTHETIC|R02,2015-06-12,BET365 GEELONG SYNTHETIC,1100,NO_GOVERNED_SURFACE_CONDITION_LENGTH_PARAMETER,AUSTRALIAN_SYNTHETIC,,UNKNOWN
RTDR-675E26FFB56E2CD91D0569CD,2015-06-12|BET365 GEELONG SYNTHETIC|R01,2015-06-12,BET365 GEELONG SYNTHETIC,1100,NO_GOVERNED_SURFACE_CONDITION_LENGTH_PARAMETER,AUSTRALIAN_SYNTHETIC,,UNKNOWN
RTDR-B109571D128A4C174D2C4AAF,2015-06-12|BET365 GEELONG SYNTHETIC|R03,2015-06-12,BET365 GEELONG SYNTHETIC,1300,NO_GOVERNED_SURFACE_CONDITION_LENGTH_PARAMETER,AUSTRALIAN_SYNTHETIC,,UNKNOWN
RTDR-12D3762A568203B8DD2E4CD8,2015-06-12|BET365 GEELONG SYNTHETIC|R04,2015-06-12,BET365 GEELONG SYNTHETIC,1900,NO_GOVERNED_SURFACE_CONDITION_LENGTH_PARAMETER,AUSTRALIAN_SYNTHETIC,,UNKNOWN
RTDR-489375B7CC08D179182D525D,2015-06-12|BET365 GEELONG SYNTHETIC|R07,2015-06-12,BET365 GEELONG SYNTHETIC,1000,NO_GOVERNED_SURFACE_CONDITION_LENGTH_PARAMETER,AUSTRALIAN_SYNTHETIC,,UNKNOWN
RTDR-2914ADADDD35576E3423A6B7,2015-06-12|BET365 GEELONG SYNTHETIC|R08,2015-06-12,BET365 GEELONG SYNTHETIC,1300,NO_GOVERNED_SURFACE_CONDITION_LENGTH_PARAMETER,AUSTRALIAN_SYNTHETIC,,UNKNOWN
RTDR-69EC6FFCFA9C6D1668945732,2015-06-12|BET365 GEELONG SYNTHETIC|R06,2015-06-12,BET365 GEELONG SYNTHETIC,1900,NO_GOVERNED_SURFACE_CONDITION_LENGTH_PARAMETER,AUSTRALIAN_SYNTHETIC,,UNKNOWN
RTDR-ECF1B09D6C5DA7F101844156,2015-06-12|BET365 GEELONG SYNTHETIC|R05,2015-06-12,BET365 GEELONG SYNTHETIC,1200,NO_GOVERNED_SURFACE_CONDITION_LENGTH_PARAMETER,AUSTRALIAN_SYNTHETIC,,UNKNOWN
RTDR-60A71020164E0CB4FF8379C6,2015-06-16|BET365 GEELONG SYNTHETIC|R02,2015-06-16,BET365 GEELONG SYNTHETIC,1300,NO_GOVERNED_SURFACE_CONDITION_LENGTH_PARAMETER,AUSTRALIAN_SYNTHETIC,,UNKNOWN
RTDR-99C56D68BB151A2D8B03FC19,2015-06-16|BET365 GEELONG SYNTHETIC|R03,2015-06-16,BET365 GEELONG SYNTHETIC,1300,NO_GOVERNED_SURFACE_CONDITION_LENGTH_PARAMETER,AUSTRALIAN_SYNTHETIC,,UNKNOWN
RTDR-E9A18D27D591B3ACD6BF7631,2015-06-16|BET365 GEELONG SYNTHETIC|R01,2015-06-16,BET365 GEELONG SYNTHETIC,1000,NO_GOVERNED_SURFACE_CONDITION_LENGTH_PARAMETER,AUSTRALIAN_SYNTHETIC,,UNKNOWN
RTDR-2178D38CBABF666EA2BFDA58,2015-06-16|BET365 GEELONG SYNTHETIC|R04,2015-06-16,BET365 GEELONG SYNTHETIC,1300,NO_GOVERNED_SURFACE_CONDITION_LENGTH_PARAMETER,AUSTRALIAN_SYNTHETIC,,UNKNOWN
RTDR-D872283C29F7B2B043AF8473,2015-06-16|BET365 GEELONG SYNTHETIC|R06,2015-06-16,BET365 GEELONG SYNTHETIC,1000,NO_GOVERNED_SURFACE_CONDITION_LENGTH_PARAMETER,AUSTRALIAN_SYNTHETIC,,UNKNOWN
RTDR-3D55E3275B7950ADEDBAFD6C,2015-06-16|BET365 GEELONG SYNTHETIC|R05,2015-06-16,BET365 GEELONG SYNTHETIC,2200,NO_GOVERNED_SURFACE_CONDITION_LENGTH_PARAMETER,AUSTRALIAN_SYNTHETIC,,UNKNOWN
RTDR-79E2B88E76B91C905E71EAE9,2015-06-16|BET365 GEELONG SYNTHETIC|R07,2015-06-16,BET365 GEELONG SYNTHETIC,1100,NO_GOVERNED_SURFACE_CONDITION_LENGTH_PARAMETER,AUSTRALIAN_SYNTHETIC,,UNKNOWN
RTDR-260A307014AF6ECF570F7549,2015-06-16|BET365 GEELONG SYNTHETIC|R08,2015-06-16,BET365 GEELONG SYNTHETIC,1300,NO_GOVERNED_SURFACE_CONDITION_LENGTH_PARAMETER,AUSTRALIAN_SYNTHETIC,,UNKNOWN
RTDR-DCE4F987A0111C02A2DBDBB1,2015-06-16|BET365 GEELONG SYNTHETIC|R09,2015-06-16,BET365 GEELONG SYNTHETIC,1300,NO_GOVERNED_SURFACE_CONDITION_LENGTH_PARAMETER,AUSTRALIAN_SYNTHETIC,,UNKNOWN
RTDR-035F3E9DDBED876F2D025E25,2015-06-23|BET365 GEELONG SYNTHETIC|R01,2015-06-23,BET365 GEELONG SYNTHETIC,1000,NO_GOVERNED_SURFACE_CONDITION_LENGTH_PARAMETER,AUSTRALIAN_SYNTHETIC,,UNKNOWN
RTDR-1681446400450334EF32D4ED,2015-06-23|BET365 GEELONG SYNTHETIC|R03,2015-06-23,BET365 GEELONG SYNTHETIC,1200,NO_GOVERNED_SURFACE_CONDITION_LENGTH_PARAMETER,AUSTRALIAN_SYNTHETIC,,UNKNOWN
RTDR-B9EBF7E50477663FB3180309,2015-06-23|BET365 GEELONG SYNTHETIC|R04,2015-06-23,BET365 GEELONG SYNTHETIC,1300,NO_GOVERNED_SURFACE_CONDITION_LENGTH_PARAMETER,AUSTRALIAN_SYNTHETIC,,UNKNOWN
RTDR-666FC52F8DBA4F070DA8AEE9,2015-06-23|BET365 GEELONG SYNTHETIC|R02,2015-06-23,BET365 GEELONG SYNTHETIC,1100,NO_GOVERNED_SURFACE_CONDITION_LENGTH_PARAMETER,AUSTRALIAN_SYNTHETIC,,UNKNOWN
RTDR-EACF1BF337B6524AA89143D0,2015-06-23|BET365 GEELONG SYNTHETIC|R07,2015-06-23,BET365 GEELONG SYNTHETIC,1000,NO_GOVERNED_SURFACE_CONDITION_LENGTH_PARAMETER,AUSTRALIAN_SYNTHETIC,,UNKNOWN
RTDR-837B49B610A39FDD941D7D41,2015-06-23|BET365 GEELONG SYNTHETIC|R10,2015-06-23,BET365 GEELONG SYNTHETIC,1300,NO_GOVERNED_SURFACE_CONDITION_LENGTH_PARAMETER,AUSTRALIAN_SYNTHETIC,,UNKNOWN
RTDR-EF177C26A24281B2B58CEDFF,2015-06-23|BET365 GEELONG SYNTHETIC|R08,2015-06-23,BET365 GEELONG SYNTHETIC,1200,NO_GOVERNED_SURFACE_CONDITION_LENGTH_PARAMETER,AUSTRALIAN_SYNTHETIC,,UNKNOWN
RTDR-A71396DF4E4E3A723F350D0C,2015-06-23|BET365 GEELONG SYNTHETIC|R09,2015-06-23,BET365 GEELONG SYNTHETIC,1200,NO_GOVERNED_SURFACE_CONDITION_LENGTH_PARAMETER,AUSTRALIAN_SYNTHETIC,,UNKNOWN
RTDR-022A6979F849D68AC06FDF28,2015-06-23|BET365 GEELONG SYNTHETIC|R05,2015-06-23,BET365 GEELONG SYNTHETIC,1900,NO_GOVERNED_SURFACE_CONDITION_LENGTH_PARAMETER,AUSTRALIAN_SYNTHETIC,,UNKNOWN
RTDR-FA4D810418967F25F62B69CA,2015-06-23|BET365 GEELONG SYNTHETIC|R06,2015-06-23,BET365 GEELONG SYNTHETIC,1900,NO_GOVERNED_SURFACE_CONDITION_LENGTH_PARAMETER,AUSTRALIAN_SYNTHETIC,,UNKNOWN
RTDR-AE1627B89C67D1515D6C1F31,2015-06-30|BET365 GEELONG SYNTHETIC|R01,2015-06-30,BET365 GEELONG SYNTHETIC,1300,NO_GOVERNED_SURFACE_CONDITION_LENGTH_PARAMETER,AUSTRALIAN_SYNTHETIC,,UNKNOWN
RTDR-F56C0149409C472D77620664,2015-06-30|BET365 GEELONG SYNTHETIC|R03,2015-06-30,BET365 GEELONG SYNTHETIC,1100,NO_GOVERNED_SURFACE_CONDITION_LENGTH_PARAMETER,AUSTRALIAN_SYNTHETIC,,UNKNOWN
RTDR-94258AF8C546913FBF072064,2015-06-30|BET365 GEELONG SYNTHETIC|R02,2015-06-30,BET365 GEELONG SYNTHETIC,1200,NO_GOVERNED_SURFACE_CONDITION_LENGTH_PARAMETER,AUSTRALIAN_SYNTHETIC,,UNKNOWN
RTDR-B5A58D10D955ADCF49C59BA2,2015-06-30|BET365 GEELONG SYNTHETIC|R04,2015-06-30,BET365 GEELONG SYNTHETIC,2000,NO_GOVERNED_SURFACE_CONDITION_LENGTH_PARAMETER,AUSTRALIAN_SYNTHETIC,,UNKNOWN
RTDR-7D0FE2E9CFAAA6EB3E61C5BB,2015-06-30|BET365 GEELONG SYNTHETIC|R06,2015-06-30,BET365 GEELONG SYNTHETIC,1000,NO_GOVERNED_SURFACE_CONDITION_LENGTH_PARAMETER,AUSTRALIAN_SYNTHETIC,,UNKNOWN
RTDR-4CDBFEF41A1761C53FB24CD0,2015-06-30|BET365 GEELONG SYNTHETIC|R07,2015-06-30,BET365 GEELONG SYNTHETIC,2200,NO_GOVERNED_SURFACE_CONDITION_LENGTH_PARAMETER,AUSTRALIAN_SYNTHETIC,,UNKNOWN
RTDR-404CDDC865C1A3C5766085FB,2015-06-30|BET365 GEELONG SYNTHETIC|R08,2015-06-30,BET365 GEELONG SYNTHETIC,1300,NO_GOVERNED_SURFACE_CONDITION_LENGTH_PARAMETER,AUSTRALIAN_SYNTHETIC,,UNKNOWN
RTDR-06CA77F387F157AE551B4B6E,2015-06-30|BET365 GEELONG SYNTHETIC|R05,2015-06-30,BET365 GEELONG SYNTHETIC,1100,NO_GOVERNED_SURFACE_CONDITION_LENGTH_PARAMETER,AUSTRALIAN_SYNTHETIC,,UNKNOWN
RTDR-34D1D67C33FCC01AC88B8C1F,2018-06-01|BET365 GEELONG SYNTHETIC|R01,2018-06-01,BET365 GEELONG SYNTHETIC,1100,NO_GOVERNED_SURFACE_CONDITION_LENGTH_PARAMETER,AUSTRALIAN_SYNTHETIC,,UNKNOWN
RTDR-28F85F483F9A5832C5824216,2018-06-01|BET365 GEELONG SYNTHETIC|R03,2018-06-01,BET365 GEELONG SYNTHETIC,1300,NO_GOVERNED_SURFACE_CONDITION_LENGTH_PARAMETER,AUSTRALIAN_SYNTHETIC,,UNKNOWN
RTDR-2C85D294493866C89393A7D3,2018-06-01|BET365 GEELONG SYNTHETIC|R02,2018-06-01,BET365 GEELONG SYNTHETIC,1100,NO_GOVERNED_SURFACE_CONDITION_LENGTH_PARAMETER,AUSTRALIAN_SYNTHETIC,,UNKNOWN
RTDR-1F201D250CDF3D4192C4A236,2018-06-01|BET365 GEELONG SYNTHETIC|R04,2018-06-01,BET365 GEELONG SYNTHETIC,1300,NO_GOVERNED_SURFACE_CONDITION_LENGTH_PARAMETER,AUSTRALIAN_SYNTHETIC,,UNKNOWN
RTDR-ED812ED6E6662D9EECB9787A,2018-06-01|BET365 GEELONG SYNTHETIC|R08,2018-06-01,BET365 GEELONG SYNTHETIC,1100,NO_GOVERNED_SURFACE_CONDITION_LENGTH_PARAMETER,AUSTRALIAN_SYNTHETIC,,UNKNOWN
RTDR-1481A82DB4AA4D7233ACB43A,2018-06-01|BET365 GEELONG SYNTHETIC|R07,2018-06-01,BET365 GEELONG SYNTHETIC,1200,NO_GOVERNED_SURFACE_CONDITION_LENGTH_PARAMETER,AUSTRALIAN_SYNTHETIC,,UNKNOWN
RTDR-9D6E0DBBC7E11A9A13BAD509,2018-06-01|BET365 GEELONG SYNTHETIC|R06,2018-06-01,BET365 GEELONG SYNTHETIC,1900,NO_GOVERNED_SURFACE_CONDITION_LENGTH_PARAMETER,AUSTRALIAN_SYNTHETIC,,UNKNOWN
RTDR-06095109F042785F655AA213,2018-06-01|BET365 GEELONG SYNTHETIC|R05,2018-06-01,BET365 GEELONG SYNTHETIC,1300,NO_GOVERNED_SURFACE_CONDITION_LENGTH_PARAMETER,AUSTRALIAN_SYNTHETIC,,UNKNOWN
RTDR-A40CEA68F1AD6BAE73A1A0CD,2018-06-15|BET365 GEELONG SYNTHETIC|R02,2018-06-15,BET365 GEELONG SYNTHETIC,1000,NO_GOVERNED_SURFACE_CONDITION_LENGTH_PARAMETER,AUSTRALIAN_SYNTHETIC,,UNKNOWN
RTDR-4FC78A03068CF5F5802691C9,2018-06-15|BET365 GEELONG SYNTHETIC|R03,2018-06-15,BET365 GEELONG SYNTHETIC,1100,NO_GOVERNED_SURFACE_CONDITION_LENGTH_PARAMETER,AUSTRALIAN_SYNTHETIC,,UNKNOWN
RTDR-B8DFBE3A3719BA010D7BD455,2018-06-15|BET365 GEELONG SYNTHETIC|R01,2018-06-15,BET365 GEELONG SYNTHETIC,1900,NO_GOVERNED_SURFACE_CONDITION_LENGTH_PARAMETER,AUSTRALIAN_SYNTHETIC,,UNKNOWN
RTDR-DD89C4614FD2D373800AA3E1,2018-06-15|BET365 GEELONG SYNTHETIC|R06,2018-06-15,BET365 GEELONG SYNTHETIC,1300,NO_GOVERNED_SURFACE_CONDITION_LENGTH_PARAMETER,AUSTRALIAN_SYNTHETIC,,UNKNOWN
RTDR-4A7AF34A3A93BC350AD56F32,2018-06-15|BET365 GEELONG SYNTHETIC|R07,2018-06-15,BET365 GEELONG SYNTHETIC,1200,NO_GOVERNED_SURFACE_CONDITION_LENGTH_PARAMETER,AUSTRALIAN_SYNTHETIC,,UNKNOWN
RTDR-28C851B6045A34265EA012D1,2018-06-15|BET365 GEELONG SYNTHETIC|R08,2018-06-15,BET365 GEELONG SYNTHETIC,1100,NO_GOVERNED_SURFACE_CONDITION_LENGTH_PARAMETER,AUSTRALIAN_SYNTHETIC,,UNKNOWN
RTDR-F5E4AE7B821256EC1DBC4BD9,2018-06-15|BET365 GEELONG SYNTHETIC|R09,2018-06-15,BET365 GEELONG SYNTHETIC,1300,NO_GOVERNED_SURFACE_CONDITION_LENGTH_PARAMETER,AUSTRALIAN_SYNTHETIC,,UNKNOWN
RTDR-114AF5F2EC4A9CEF3BFB210D,2018-06-15|BET365 GEELONG SYNTHETIC|R04,2018-06-15,BET365 GEELONG SYNTHETIC,1300,NO_GOVERNED_SURFACE_CONDITION_LENGTH_PARAMETER,AUSTRALIAN_SYNTHETIC,,UNKNOWN
RTDR-BFC1E1CE87751356B380FF85,2018-06-15|BET365 GEELONG SYNTHETIC|R05,2018-06-15,BET365 GEELONG SYNTHETIC,1300,NO_GOVERNED_SURFACE_CONDITION_LENGTH_PARAMETER,AUSTRALIAN_SYNTHETIC,,UNKNOWN
RTDR-45FBFCD6ED5F1137349A57A0,2018-06-26|BET365 GEELONG SYNTHETIC|R02,2018-06-26,BET365 GEELONG SYNTHETIC,1200,NO_GOVERNED_SURFACE_CONDITION_LENGTH_PARAMETER,AUSTRALIAN_SYNTHETIC,,UNKNOWN
RTDR-8E751B75C63C9D94CC5C1841,2018-06-26|BET365 GEELONG SYNTHETIC|R03,2018-06-26,BET365 GEELONG SYNTHETIC,1000,NO_GOVERNED_SURFACE_CONDITION_LENGTH_PARAMETER,AUSTRALIAN_SYNTHETIC,,UNKNOWN
RTDR-A80FFB21BD9AEA4D15732BED,2018-06-26|BET365 GEELONG SYNTHETIC|R04,2018-06-26,BET365 GEELONG SYNTHETIC,1300,NO_GOVERNED_SURFACE_CONDITION_LENGTH_PARAMETER,AUSTRALIAN_SYNTHETIC,,UNKNOWN
RTDR-D89A92CC29E124DEBEABD8FC,2018-06-26|BET365 GEELONG SYNTHETIC|R01,2018-06-26,BET365 GEELONG SYNTHETIC,2200,NO_GOVERNED_SURFACE_CONDITION_LENGTH_PARAMETER,AUSTRALIAN_SYNTHETIC,,UNKNOWN
RTDR-988C17082D48D0D28C3D67C0,2018-06-26|BET365 GEELONG SYNTHETIC|R08,2018-06-26,BET365 GEELONG SYNTHETIC,1100,NO_GOVERNED_SURFACE_CONDITION_LENGTH_PARAMETER,AUSTRALIAN_SYNTHETIC,,UNKNOWN
RTDR-AAA76B71CBF37DCE1F53D42A,2018-06-26|BET365 GEELONG SYNTHETIC|R05,2018-06-26,BET365 GEELONG SYNTHETIC,1300,NO_GOVERNED_SURFACE_CONDITION_LENGTH_PARAMETER,AUSTRALIAN_SYNTHETIC,,UNKNOWN
RTDR-91D198625B1A5AAF52446E28,2018-06-26|BET365 GEELONG SYNTHETIC|R06,2018-06-26,BET365 GEELONG SYNTHETIC,1900,NO_GOVERNED_SURFACE_CONDITION_LENGTH_PARAMETER,AUSTRALIAN_SYNTHETIC,,UNKNOWN
RTDR-99E830BDF31BD2BF95593B13,2018-06-26|BET365 GEELONG SYNTHETIC|R07,2018-06-26,BET365 GEELONG SYNTHETIC,1200,NO_GOVERNED_SURFACE_CONDITION_LENGTH_PARAMETER,AUSTRALIAN_SYNTHETIC,,UNKNOWN
RTDR-95189E1A4FC4BB4F759E7472,2018-06-29|BET365 GEELONG SYNTHETIC|R01,2018-06-29,BET365 GEELONG SYNTHETIC,1000,NO_GOVERNED_SURFACE_CONDITION_LENGTH_PARAMETER,AUSTRALIAN_SYNTHETIC,,UNKNOWN
RTDR-D45D79AD15F203C4583E70F1,2018-06-29|BET365 GEELONG SYNTHETIC|R04,2018-06-29,BET365 GEELONG SYNTHETIC,1200,NO_GOVERNED_SURFACE_CONDITION_LENGTH_PARAMETER,AUSTRALIAN_SYNTHETIC,,UNKNOWN
RTDR-BD10C7672BF36787EE681B74,2018-06-29|BET365 GEELONG SYNTHETIC|R02,2018-06-29,BET365 GEELONG SYNTHETIC,1300,NO_GOVERNED_SURFACE_CONDITION_LENGTH_PARAMETER,AUSTRALIAN_SYNTHETIC,,UNKNOWN
RTDR-55BDA0EF68DCB771F5848AE0,2018-06-29|BET365 GEELONG SYNTHETIC|R03,2018-06-29,BET365 GEELONG SYNTHETIC,1900,NO_GOVERNED_SURFACE_CONDITION_LENGTH_PARAMETER,AUSTRALIAN_SYNTHETIC,,UNKNOWN
RTDR-83AC31373D88851A8A59BB36,2018-06-29|BET365 GEELONG SYNTHETIC|R07,2018-06-29,BET365 GEELONG SYNTHETIC,1200,NO_GOVERNED_SURFACE_CONDITION_LENGTH_PARAMETER,AUSTRALIAN_SYNTHETIC,,UNKNOWN
RTDR-294891B3873E6EB57FB28686,2018-06-29|BET365 GEELONG SYNTHETIC|R08,2018-06-29,BET365 GEELONG SYNTHETIC,1300,NO_GOVERNED_SURFACE_CONDITION_LENGTH_PARAMETER,AUSTRALIAN_SYNTHETIC,,UNKNOWN
RTDR-43890DA155A1741FA516FB08,2018-06-29|BET365 GEELONG SYNTHETIC|R06,2018-06-29,BET365 GEELONG SYNTHETIC,1900,NO_GOVERNED_SURFACE_CONDITION_LENGTH_PARAMETER,AUSTRALIAN_SYNTHETIC,,UNKNOWN
RTDR-F7A8703CEE4189084D2FA81F,2018-06-29|BET365 GEELONG SYNTHETIC|R05,2018-06-29,BET365 GEELONG SYNTHETIC,1100,NO_GOVERNED_SURFACE_CONDITION_LENGTH_PARAMETER,AUSTRALIAN_SYNTHETIC,,UNKNOWN
RTDR-50905A5AAFB1FE52CE24CB1B,2019-06-02|SPORTSBET-BALLARAT SYNTHETIC|R01,2019-06-02,SPORTSBET-BALLARAT SYNTHETIC,1200,NO_GOVERNED_SURFACE_CONDITION_LENGTH_PARAMETER,AUSTRALIAN_SYNTHETIC,,UNKNOWN
RTDR-7A062C33A7C85A78252C2982,2019-06-02|SPORTSBET-BALLARAT SYNTHETIC|R02,2019-06-02,SPORTSBET-BALLARAT SYNTHETIC,1100,NO_GOVERNED_SURFACE_CONDITION_LENGTH_PARAMETER,AUSTRALIAN_SYNTHETIC,,UNKNOWN
RTDR-B3107ADC862735C620E685CA,2019-06-02|SPORTSBET-BALLARAT SYNTHETIC|R04,2019-06-02,SPORTSBET-BALLARAT SYNTHETIC,1500,NO_GOVERNED_SURFACE_CONDITION_LENGTH_PARAMETER,AUSTRALIAN_SYNTHETIC,,UNKNOWN
RTDR-BC88FACDE5CFEA4B11B8EADF,2019-06-02|SPORTSBET-BALLARAT SYNTHETIC|R03,2019-06-02,SPORTSBET-BALLARAT SYNTHETIC,1400,NO_GOVERNED_SURFACE_CONDITION_LENGTH_PARAMETER,AUSTRALIAN_SYNTHETIC,,UNKNOWN
RTDR-171F9938787B76B614B28779,2019-06-02|SPORTSBET-BALLARAT SYNTHETIC|R07,2019-06-02,SPORTSBET-BALLARAT SYNTHETIC,1400,NO_GOVERNED_SURFACE_CONDITION_LENGTH_PARAMETER,AUSTRALIAN_SYNTHETIC,,UNKNOWN
RTDR-5C7AD38FDD94541B9E94B692,2019-06-02|SPORTSBET-BALLARAT SYNTHETIC|R05,2019-06-02,SPORTSBET-BALLARAT SYNTHETIC,1500,NO_GOVERNED_SURFACE_CONDITION_LENGTH_PARAMETER,AUSTRALIAN_SYNTHETIC,,UNKNOWN
RTDR-700B5076EFE8F1CA3B6CEA3B,2019-06-02|SPORTSBET-BALLARAT SYNTHETIC|R08,2019-06-02,SPORTSBET-BALLARAT SYNTHETIC,1500,NO_GOVERNED_SURFACE_CONDITION_LENGTH_PARAMETER,AUSTRALIAN_SYNTHETIC,,UNKNOWN
RTDR-DA273381056EABF3B188614C,2019-06-02|SPORTSBET-BALLARAT SYNTHETIC|R09,2019-06-02,SPORTSBET-BALLARAT SYNTHETIC,1000,NO_GOVERNED_SURFACE_CONDITION_LENGTH_PARAMETER,AUSTRALIAN_SYNTHETIC,,UNKNOWN
RTDR-E88BCEB9A0F9AD993F0F7BDE,2019-06-02|SPORTSBET-BALLARAT SYNTHETIC|R06,2019-06-02,SPORTSBET-BALLARAT SYNTHETIC,2100,NO_GOVERNED_SURFACE_CONDITION_LENGTH_PARAMETER,AUSTRALIAN_SYNTHETIC,,UNKNOWN
RTDR-05FCFAB520DE1858468CB467,2019-06-13|SPORTSBET-BALLARAT SYNTHETIC|R01,2019-06-13,SPORTSBET-BALLARAT SYNTHETIC,1200,NO_GOVERNED_SURFACE_CONDITION_LENGTH_PARAMETER,AUSTRALIAN_SYNTHETIC,,UNKNOWN
RTDR-047DDB6B500D8DFE343A17CD,2019-06-13|SPORTSBET-BALLARAT SYNTHETIC|R02,2019-06-13,SPORTSBET-BALLARAT SYNTHETIC,1100,NO_GOVERNED_SURFACE_CONDITION_LENGTH_PARAMETER,AUSTRALIAN_SYNTHETIC,,UNKNOWN
RTDR-454FD173085FFAAAD764A8A7,2019-06-13|SPORTSBET-BALLARAT SYNTHETIC|R04,2019-06-13,SPORTSBET-BALLARAT SYNTHETIC,1400,NO_GOVERNED_SURFACE_CONDITION_LENGTH_PARAMETER,AUSTRALIAN_SYNTHETIC,,UNKNOWN
RTDR-7FED846DBBF6B56BDCED7466,2019-06-13|SPORTSBET-BALLARAT SYNTHETIC|R03,2019-06-13,SPORTSBET-BALLARAT SYNTHETIC,2100,NO_GOVERNED_SURFACE_CONDITION_LENGTH_PARAMETER,AUSTRALIAN_SYNTHETIC,,UNKNOWN
RTDR-9763626471279E46FB66ABE5,2019-06-13|SPORTSBET-BALLARAT SYNTHETIC|R07,2019-06-13,SPORTSBET-BALLARAT SYNTHETIC,1500,NO_GOVERNED_SURFACE_CONDITION_LENGTH_PARAMETER,AUSTRALIAN_SYNTHETIC,,UNKNOWN
RTDR-FC7C9FE1CB3181208BC04D16,2019-06-13|SPORTSBET-BALLARAT SYNTHETIC|R08,2019-06-13,SPORTSBET-BALLARAT SYNTHETIC,1200,NO_GOVERNED_SURFACE_CONDITION_LENGTH_PARAMETER,AUSTRALIAN_SYNTHETIC,,UNKNOWN
RTDR-97F609FC7265E237B93BFE28,2019-06-13|SPORTSBET-BALLARAT SYNTHETIC|R06,2019-06-13,SPORTSBET-BALLARAT SYNTHETIC,1100,NO_GOVERNED_SURFACE_CONDITION_LENGTH_PARAMETER,AUSTRALIAN_SYNTHETIC,,UNKNOWN
RTDR-32912F823025A006F71FCB76,2019-06-13|SPORTSBET-BALLARAT SYNTHETIC|R05,2019-06-13,SPORTSBET-BALLARAT SYNTHETIC,1400,NO_GOVERNED_SURFACE_CONDITION_LENGTH_PARAMETER,AUSTRALIAN_SYNTHETIC,,UNKNOWN
RTDR-3D524390BE47DEA71821FC06,2019-06-18|SPORTSBET-BALLARAT SYNTHETIC|R04,2019-06-18,SPORTSBET-BALLARAT SYNTHETIC,1000,NO_GOVERNED_SURFACE_CONDITION_LENGTH_PARAMETER,AUSTRALIAN_SYNTHETIC,,UNKNOWN
RTDR-171C79CA297B01DF0365B410,2019-06-18|SPORTSBET-BALLARAT SYNTHETIC|R05,2019-06-18,SPORTSBET-BALLARAT SYNTHETIC,1000,NO_GOVERNED_SURFACE_CONDITION_LENGTH_PARAMETER,AUSTRALIAN_SYNTHETIC,,UNKNOWN
RTDR-0CD565B342837880F8C3473D,2019-06-18|SPORTSBET-BALLARAT SYNTHETIC|R09,2019-06-18,SPORTSBET-BALLARAT SYNTHETIC,1200,NO_GOVERNED_SURFACE_CONDITION_LENGTH_PARAMETER,AUSTRALIAN_SYNTHETIC,,UNKNOWN
RTDR-6C6A54490AAF875BE4EFCEEC,2019-06-18|SPORTSBET-BALLARAT SYNTHETIC|R06,2019-06-18,SPORTSBET-BALLARAT SYNTHETIC,1400,NO_GOVERNED_SURFACE_CONDITION_LENGTH_PARAMETER,AUSTRALIAN_SYNTHETIC,,UNKNOWN
RTDR-2F9AEC48C124CD7763FBE23A,2019-06-18|SPORTSBET-BALLARAT SYNTHETIC|R03,2019-06-18,SPORTSBET-BALLARAT SYNTHETIC,1200,NO_GOVERNED_SURFACE_CONDITION_LENGTH_PARAMETER,AUSTRALIAN_SYNTHETIC,,UNKNOWN
RTDR-FEB8FACC25AF681976925D63,2019-06-18|SPORTSBET-BALLARAT SYNTHETIC|R02,2019-06-18,SPORTSBET-BALLARAT SYNTHETIC,1200,NO_GOVERNED_SURFACE_CONDITION_LENGTH_PARAMETER,AUSTRALIAN_SYNTHETIC,,UNKNOWN
RTDR-8BAA85F477D979CA40CFBAA4,2019-06-18|SPORTSBET-BALLARAT SYNTHETIC|R01,2019-06-18,SPORTSBET-BALLARAT SYNTHETIC,1400,NO_GOVERNED_SURFACE_CONDITION_LENGTH_PARAMETER,AUSTRALIAN_SYNTHETIC,,UNKNOWN
RTDR-858B34CF2F46FAC26A63C9AC,2019-06-18|SPORTSBET-BALLARAT SYNTHETIC|R07,2019-06-18,SPORTSBET-BALLARAT SYNTHETIC,1500,NO_GOVERNED_SURFACE_CONDITION_LENGTH_PARAMETER,AUSTRALIAN_SYNTHETIC,,UNKNOWN
RTDR-0A2D7DD785D9136C22A5CA92,2019-06-18|SPORTSBET-BALLARAT SYNTHETIC|R08,2019-06-18,SPORTSBET-BALLARAT SYNTHETIC,1500,NO_GOVERNED_SURFACE_CONDITION_LENGTH_PARAMETER,AUSTRALIAN_SYNTHETIC,,UNKNOWN
RTDR-A6E6B59999D7656FFE99D8D0,2019-06-25|SPORTSBET-BALLARAT SYNTHETIC|R01,2019-06-25,SPORTSBET-BALLARAT SYNTHETIC,1200,NO_GOVERNED_SURFACE_CONDITION_LENGTH_PARAMETER,AUSTRALIAN_SYNTHETIC,,UNKNOWN
RTDR-BDF5D1421904830E699BFF9A,2019-06-25|SPORTSBET-BALLARAT SYNTHETIC|R02,2019-06-25,SPORTSBET-BALLARAT SYNTHETIC,1200,NO_GOVERNED_SURFACE_CONDITION_LENGTH_PARAMETER,AUSTRALIAN_SYNTHETIC,,UNKNOWN
RTDR-564281758D4774D5C9DC1F47,2019-06-25|SPORTSBET-BALLARAT SYNTHETIC|R03,2019-06-25,SPORTSBET-BALLARAT SYNTHETIC,1400,NO_GOVERNED_SURFACE_CONDITION_LENGTH_PARAMETER,AUSTRALIAN_SYNTHETIC,,UNKNOWN
RTDR-C9FDF791C271C73527ED7E9A,2019-06-25|SPORTSBET-BALLARAT SYNTHETIC|R06,2019-06-25,SPORTSBET-BALLARAT SYNTHETIC,1200,NO_GOVERNED_SURFACE_CONDITION_LENGTH_PARAMETER,AUSTRALIAN_SYNTHETIC,,UNKNOWN
RTDR-76AE41408AAC0CBF66DF8A96,2019-06-25|SPORTSBET-BALLARAT SYNTHETIC|R07,2019-06-25,SPORTSBET-BALLARAT SYNTHETIC,1400,NO_GOVERNED_SURFACE_CONDITION_LENGTH_PARAMETER,AUSTRALIAN_SYNTHETIC,,UNKNOWN
RTDR-3F8A41FF68B1A225A4C0E51E,2019-06-25|SPORTSBET-BALLARAT SYNTHETIC|R08,2019-06-25,SPORTSBET-BALLARAT SYNTHETIC,2100,NO_GOVERNED_SURFACE_CONDITION_LENGTH_PARAMETER,AUSTRALIAN_SYNTHETIC,,UNKNOWN
RTDR-51462D3AD74C3B9CCC4632CA,2019-06-25|SPORTSBET-BALLARAT SYNTHETIC|R05,2019-06-25,SPORTSBET-BALLARAT SYNTHETIC,1100,NO_GOVERNED_SURFACE_CONDITION_LENGTH_PARAMETER,AUSTRALIAN_SYNTHETIC,,UNKNOWN
RTDR-B41787A3A77B4895FE5361D1,2019-06-30|SPORTSBET-BALLARAT SYNTHETIC|R03,2019-06-30,SPORTSBET-BALLARAT SYNTHETIC,1400,NO_GOVERNED_SURFACE_CONDITION_LENGTH_PARAMETER,AUSTRALIAN_SYNTHETIC,,UNKNOWN
RTDR-E6C55D47E3854DE70D5DE6FE,2019-06-30|SPORTSBET-BALLARAT SYNTHETIC|R02,2019-06-30,SPORTSBET-BALLARAT SYNTHETIC,1200,NO_GOVERNED_SURFACE_CONDITION_LENGTH_PARAMETER,AUSTRALIAN_SYNTHETIC,,UNKNOWN
RTDR-F50E5446AB09C8262F1AAEED,2019-06-30|SPORTSBET-BALLARAT SYNTHETIC|R04,2019-06-30,SPORTSBET-BALLARAT SYNTHETIC,1400,NO_GOVERNED_SURFACE_CONDITION_LENGTH_PARAMETER,AUSTRALIAN_SYNTHETIC,,UNKNOWN
RTDR-A2EA1CD500D69E5A3BC2F67B,2019-06-30|SPORTSBET-BALLARAT SYNTHETIC|R01,2019-06-30,SPORTSBET-BALLARAT SYNTHETIC,1500,NO_GOVERNED_SURFACE_CONDITION_LENGTH_PARAMETER,AUSTRALIAN_SYNTHETIC,,UNKNOWN
RTDR-A16612FB5F9750C71DC93035,2019-06-30|SPORTSBET-BALLARAT SYNTHETIC|R05,2019-06-30,SPORTSBET-BALLARAT SYNTHETIC,1400,NO_GOVERNED_SURFACE_CONDITION_LENGTH_PARAMETER,AUSTRALIAN_SYNTHETIC,,UNKNOWN
RTDR-DC3DE42A265EA0234632AC3F,2019-06-30|SPORTSBET-BALLARAT SYNTHETIC|R06,2019-06-30,SPORTSBET-BALLARAT SYNTHETIC,1100,NO_GOVERNED_SURFACE_CONDITION_LENGTH_PARAMETER,AUSTRALIAN_SYNTHETIC,,UNKNOWN
RTDR-15601FE1DE572EE5172DF27B,2019-06-30|SPORTSBET-BALLARAT SYNTHETIC|R08,2019-06-30,SPORTSBET-BALLARAT SYNTHETIC,1500,NO_GOVERNED_SURFACE_CONDITION_LENGTH_PARAMETER,AUSTRALIAN_SYNTHETIC,,UNKNOWN
RTDR-2BDD9660AD367E0298A1FCD3,2019-06-30|SPORTSBET-BALLARAT SYNTHETIC|R09,2019-06-30,SPORTSBET-BALLARAT SYNTHETIC,1400,NO_GOVERNED_SURFACE_CONDITION_LENGTH_PARAMETER,AUSTRALIAN_SYNTHETIC,,UNKNOWN
RTDR-CA38BC4FD0B0C3431456A380,2019-06-30|SPORTSBET-BALLARAT SYNTHETIC|R07,2019-06-30,SPORTSBET-BALLARAT SYNTHETIC,2100,NO_GOVERNED_SURFACE_CONDITION_LENGTH_PARAMETER,AUSTRALIAN_SYNTHETIC,,UNKNOWN
RTDR-F325840E30C5FBDC558BA251,2020-06-11|SPORTSBET-BALLARAT SYNTHETIC|R01,2020-06-11,SPORTSBET-BALLARAT SYNTHETIC,2100,NO_GOVERNED_SURFACE_CONDITION_LENGTH_PARAMETER,AUSTRALIAN_SYNTHETIC,,UNKNOWN
RTDR-EF85A4A017F7A12C5F8E1F14,2020-06-11|SPORTSBET-BALLARAT SYNTHETIC|R03,2020-06-11,SPORTSBET-BALLARAT SYNTHETIC,1400,NO_GOVERNED_SURFACE_CONDITION_LENGTH_PARAMETER,AUSTRALIAN_SYNTHETIC,,UNKNOWN
RTDR-8C0F30CD5CF76F6540137A37,2020-06-11|SPORTSBET-BALLARAT SYNTHETIC|R04,2020-06-11,SPORTSBET-BALLARAT SYNTHETIC,1200,NO_GOVERNED_SURFACE_CONDITION_LENGTH_PARAMETER,AUSTRALIAN_SYNTHETIC,,UNKNOWN
RTDR-8A76BB0B76B2C9E9033EED05,2020-06-11|SPORTSBET-BALLARAT SYNTHETIC|R02,2020-06-11,SPORTSBET-BALLARAT SYNTHETIC,1500,NO_GOVERNED_SURFACE_CONDITION_LENGTH_PARAMETER,AUSTRALIAN_SYNTHETIC,,UNKNOWN
RTDR-69719DFED01A031C03E5CA8E,2020-06-11|SPORTSBET-BALLARAT SYNTHETIC|R07,2020-06-11,SPORTSBET-BALLARAT SYNTHETIC,1400,NO_GOVERNED_SURFACE_CONDITION_LENGTH_PARAMETER,AUSTRALIAN_SYNTHETIC,,UNKNOWN
RTDR-5697B4C3D8DE16AD1BF4E1B7,2020-06-11|SPORTSBET-BALLARAT SYNTHETIC|R08,2020-06-11,SPORTSBET-BALLARAT SYNTHETIC,1000,NO_GOVERNED_SURFACE_CONDITION_LENGTH_PARAMETER,AUSTRALIAN_SYNTHETIC,,UNKNOWN
RTDR-EF54105DC1CAE4B67CA219CF,2020-06-11|SPORTSBET-BALLARAT SYNTHETIC|R05,2020-06-11,SPORTSBET-BALLARAT SYNTHETIC,1200,NO_GOVERNED_SURFACE_CONDITION_LENGTH_PARAMETER,AUSTRALIAN_SYNTHETIC,,UNKNOWN
RTDR-9321DA810B98469463087A79,2020-06-11|SPORTSBET-BALLARAT SYNTHETIC|R06,2020-06-11,SPORTSBET-BALLARAT SYNTHETIC,1200,NO_GOVERNED_SURFACE_CONDITION_LENGTH_PARAMETER,AUSTRALIAN_SYNTHETIC,,UNKNOWN
RTDR-C39ACFD5D1F109D0A32CD8D6,2020-06-16|SPORTSBET-BALLARAT SYNTHETIC|R08,2020-06-16,SPORTSBET-BALLARAT SYNTHETIC,1400,NO_GOVERNED_SURFACE_CONDITION_LENGTH_PARAMETER,AUSTRALIAN_SYNTHETIC,,UNKNOWN
RTDR-8A1672EDC06085C40E501C84,2020-06-16|SPORTSBET-BALLARAT SYNTHETIC|R05,2020-06-16,SPORTSBET-BALLARAT SYNTHETIC,1000,NO_GOVERNED_SURFACE_CONDITION_LENGTH_PARAMETER,AUSTRALIAN_SYNTHETIC,,UNKNOWN
RTDR-656EF50EEAA61EA5E7392ACD,2020-06-16|SPORTSBET-BALLARAT SYNTHETIC|R06,2020-06-16,SPORTSBET-BALLARAT SYNTHETIC,1000,NO_GOVERNED_SURFACE_CONDITION_LENGTH_PARAMETER,AUSTRALIAN_SYNTHETIC,,UNKNOWN
RTDR-91A94E7E86452FF65459597B,2020-06-16|SPORTSBET-BALLARAT SYNTHETIC|R07,2020-06-16,SPORTSBET-BALLARAT SYNTHETIC,1200,NO_GOVERNED_SURFACE_CONDITION_LENGTH_PARAMETER,AUSTRALIAN_SYNTHETIC,,UNKNOWN
RTDR-B39A9133D0AAE8620135564E,2020-06-16|SPORTSBET-BALLARAT SYNTHETIC|R09,2020-06-16,SPORTSBET-BALLARAT SYNTHETIC,1500,NO_GOVERNED_SURFACE_CONDITION_LENGTH_PARAMETER,AUSTRALIAN_SYNTHETIC,,UNKNOWN
RTDR-D2311FB019BE781BE044A90A,2020-06-23|SPORTSBET-BALLARAT SYNTHETIC|R07,2020-06-23,SPORTSBET-BALLARAT SYNTHETIC,1400,NO_GOVERNED_SURFACE_CONDITION_LENGTH_PARAMETER,AUSTRALIAN_SYNTHETIC,,UNKNOWN
RTDR-A6CA0CFCB0D2D9B6263ED5B1,2020-06-23|SPORTSBET-BALLARAT SYNTHETIC|R08,2020-06-23,SPORTSBET-BALLARAT SYNTHETIC,2100,NO_GOVERNED_SURFACE_CONDITION_LENGTH_PARAMETER,AUSTRALIAN_SYNTHETIC,,UNKNOWN
RTDR-965F66D9B138C8ED2079532F,2020-06-23|SPORTSBET-BALLARAT SYNTHETIC|R09,2020-06-23,SPORTSBET-BALLARAT SYNTHETIC,1000,NO_GOVERNED_SURFACE_CONDITION_LENGTH_PARAMETER,AUSTRALIAN_SYNTHETIC,,UNKNOWN
RTDR-2B08AA2473F9D9C13EE759BF,2020-06-23|SPORTSBET-BALLARAT SYNTHETIC|R02,2020-06-23,SPORTSBET-BALLARAT SYNTHETIC,1400,NO_GOVERNED_SURFACE_CONDITION_LENGTH_PARAMETER,AUSTRALIAN_SYNTHETIC,,UNKNOWN
RTDR-58976DA66683D90982E96921,2020-06-23|SPORTSBET-BALLARAT SYNTHETIC|R03,2020-06-23,SPORTSBET-BALLARAT SYNTHETIC,1400,NO_GOVERNED_SURFACE_CONDITION_LENGTH_PARAMETER,AUSTRALIAN_SYNTHETIC,,UNKNOWN
RTDR-081D87BEF0A373D08A66E121,2020-06-23|SPORTSBET-BALLARAT SYNTHETIC|R01,2020-06-23,SPORTSBET-BALLARAT SYNTHETIC,1000,NO_GOVERNED_SURFACE_CONDITION_LENGTH_PARAMETER,AUSTRALIAN_SYNTHETIC,,UNKNOWN
RTDR-920612DACC1C159AE17E44CC,2020-06-23|SPORTSBET-BALLARAT SYNTHETIC|R04,2020-06-23,SPORTSBET-BALLARAT SYNTHETIC,1100,NO_GOVERNED_SURFACE_CONDITION_LENGTH_PARAMETER,AUSTRALIAN_SYNTHETIC,,UNKNOWN
RTDR-C7E50AACC08E68494AD2A409,2020-06-23|SPORTSBET-BALLARAT SYNTHETIC|R05,2020-06-23,SPORTSBET-BALLARAT SYNTHETIC,1200,NO_GOVERNED_SURFACE_CONDITION_LENGTH_PARAMETER,AUSTRALIAN_SYNTHETIC,,UNKNOWN
RTDR-98704B336D95377C3E7ECA51,2020-06-23|SPORTSBET-BALLARAT SYNTHETIC|R06,2020-06-23,SPORTSBET-BALLARAT SYNTHETIC,1200,NO_GOVERNED_SURFACE_CONDITION_LENGTH_PARAMETER,AUSTRALIAN_SYNTHETIC,,UNKNOWN
RTDR-B0F1FBCEE990E0B3D020C7DE,2020-06-28|SPORTSBET-BALLARAT SYNTHETIC|R02,2020-06-28,SPORTSBET-BALLARAT SYNTHETIC,1500,NO_GOVERNED_SURFACE_CONDITION_LENGTH_PARAMETER,AUSTRALIAN_SYNTHETIC,,UNKNOWN
RTDR-4197B132F9517F98EE05C462,2020-06-28|SPORTSBET-BALLARAT SYNTHETIC|R01,2020-06-28,SPORTSBET-BALLARAT SYNTHETIC,2100,NO_GOVERNED_SURFACE_CONDITION_LENGTH_PARAMETER,AUSTRALIAN_SYNTHETIC,,UNKNOWN
RTDR-3A293BADD551B544C9E5789A,2020-06-28|SPORTSBET-BALLARAT SYNTHETIC|R05,2020-06-28,SPORTSBET-BALLARAT SYNTHETIC,1400,NO_GOVERNED_SURFACE_CONDITION_LENGTH_PARAMETER,AUSTRALIAN_SYNTHETIC,,UNKNOWN
RTDR-AEDD05019FF44C186B3D4918,2020-06-28|SPORTSBET-BALLARAT SYNTHETIC|R04,2020-06-28,SPORTSBET-BALLARAT SYNTHETIC,1400,NO_GOVERNED_SURFACE_CONDITION_LENGTH_PARAMETER,AUSTRALIAN_SYNTHETIC,,UNKNOWN
RTDR-AF0A2D34FCE618F9817CDF32,2020-06-28|SPORTSBET-BALLARAT SYNTHETIC|R06,2020-06-28,SPORTSBET-BALLARAT SYNTHETIC,1500,NO_GOVERNED_SURFACE_CONDITION_LENGTH_PARAMETER,AUSTRALIAN_SYNTHETIC,,UNKNOWN
RTDR-F9C3086D82D7192CA421795F,2020-06-28|SPORTSBET-BALLARAT SYNTHETIC|R03,2020-06-28,SPORTSBET-BALLARAT SYNTHETIC,1400,NO_GOVERNED_SURFACE_CONDITION_LENGTH_PARAMETER,AUSTRALIAN_SYNTHETIC,,UNKNOWN
RTDR-462AD7494F55AED4F68C8BB4,2020-06-28|SPORTSBET-BALLARAT SYNTHETIC|R09,2020-06-28,SPORTSBET-BALLARAT SYNTHETIC,1000,NO_GOVERNED_SURFACE_CONDITION_LENGTH_PARAMETER,AUSTRALIAN_SYNTHETIC,,UNKNOWN
RTDR-631AAECF5A1D954FF84C43B7,2020-06-28|SPORTSBET-BALLARAT SYNTHETIC|R08,2020-06-28,SPORTSBET-BALLARAT SYNTHETIC,1200,NO_GOVERNED_SURFACE_CONDITION_LENGTH_PARAMETER,AUSTRALIAN_SYNTHETIC,,UNKNOWN
RTDR-C9AD24AC248B9A697C9DC4A3,2020-06-28|SPORTSBET-BALLARAT SYNTHETIC|R07,2020-06-28,SPORTSBET-BALLARAT SYNTHETIC,2100,NO_GOVERNED_SURFACE_CONDITION_LENGTH_PARAMETER,AUSTRALIAN_SYNTHETIC,,UNKNOWN
RTDR-60BABC832BB18F075BBE216E,2020-06-30|SPORTSBET-BALLARAT SYNTHETIC|R05,2020-06-30,SPORTSBET-BALLARAT SYNTHETIC,1100,NO_GOVERNED_SURFACE_CONDITION_LENGTH_PARAMETER,AUSTRALIAN_SYNTHETIC,,UNKNOWN
RTDR-FC2DB3B779B5EF144EFD6E1B,2020-06-30|SPORTSBET-BALLARAT SYNTHETIC|R06,2020-06-30,SPORTSBET-BALLARAT SYNTHETIC,1100,NO_GOVERNED_SURFACE_CONDITION_LENGTH_PARAMETER,AUSTRALIAN_SYNTHETIC,,UNKNOWN
RTDR-131B857C212EA28D930D0070,2020-06-30|SPORTSBET-BALLARAT SYNTHETIC|R01,2020-06-30,SPORTSBET-BALLARAT SYNTHETIC,1000,NO_GOVERNED_SURFACE_CONDITION_LENGTH_PARAMETER,AUSTRALIAN_SYNTHETIC,,UNKNOWN
RTDR-3E11A8C92380C824FD5189C5,2020-06-30|SPORTSBET-BALLARAT SYNTHETIC|R03,2020-06-30,SPORTSBET-BALLARAT SYNTHETIC,1200,NO_GOVERNED_SURFACE_CONDITION_LENGTH_PARAMETER,AUSTRALIAN_SYNTHETIC,,UNKNOWN
RTDR-0701FF5B9507F6BE5094A33C,2020-06-30|SPORTSBET-BALLARAT SYNTHETIC|R04,2020-06-30,SPORTSBET-BALLARAT SYNTHETIC,1200,NO_GOVERNED_SURFACE_CONDITION_LENGTH_PARAMETER,AUSTRALIAN_SYNTHETIC,,UNKNOWN
RTDR-802248A23D3A48067674D653,2020-06-30|SPORTSBET-BALLARAT SYNTHETIC|R02,2020-06-30,SPORTSBET-BALLARAT SYNTHETIC,1200,NO_GOVERNED_SURFACE_CONDITION_LENGTH_PARAMETER,AUSTRALIAN_SYNTHETIC,,UNKNOWN
RTDR-C3BAFC474BCB2E0428763FE4,2020-06-30|SPORTSBET-BALLARAT SYNTHETIC|R07,2020-06-30,SPORTSBET-BALLARAT SYNTHETIC,1200,NO_GOVERNED_SURFACE_CONDITION_LENGTH_PARAMETER,AUSTRALIAN_SYNTHETIC,,UNKNOWN
RTDR-1D05F524946A38C0F036038E,2020-06-30|SPORTSBET-BALLARAT SYNTHETIC|R08,2020-06-30,SPORTSBET-BALLARAT SYNTHETIC,1500,NO_GOVERNED_SURFACE_CONDITION_LENGTH_PARAMETER,AUSTRALIAN_SYNTHETIC,,UNKNOWN
RTDR-7E78AB6592CDBC28190C8858,2020-06-30|SPORTSBET-BALLARAT SYNTHETIC|R09,2020-06-30,SPORTSBET-BALLARAT SYNTHETIC,1500,NO_GOVERNED_SURFACE_CONDITION_LENGTH_PARAMETER,AUSTRALIAN_SYNTHETIC,,UNKNOWN
RTDR-42C841DA940CB3CF6F1D5AD5,2021-06-04|SPORTSBET-PAKENHAM SYNTHETIC|R01,2021-06-04,SPORTSBET-PAKENHAM SYNTHETIC,1400,NO_GOVERNED_SURFACE_CONDITION_LENGTH_PARAMETER,AUSTRALIAN_SYNTHETIC,,UNKNOWN
RTDR-CFFB14B783A90C67BD6C98FF,2021-06-04|SPORTSBET-PAKENHAM SYNTHETIC|R04,2021-06-04,SPORTSBET-PAKENHAM SYNTHETIC,1200,NO_GOVERNED_SURFACE_CONDITION_LENGTH_PARAMETER,AUSTRALIAN_SYNTHETIC,,UNKNOWN
RTDR-66B81CB7C6EC13FFE15031B7,2021-06-04|SPORTSBET-PAKENHAM SYNTHETIC|R02,2021-06-04,SPORTSBET-PAKENHAM SYNTHETIC,1400,NO_GOVERNED_SURFACE_CONDITION_LENGTH_PARAMETER,AUSTRALIAN_SYNTHETIC,,UNKNOWN
RTDR-EB333332260B264AF9D7F78C,2021-06-04|SPORTSBET-PAKENHAM SYNTHETIC|R08,2021-06-04,SPORTSBET-PAKENHAM SYNTHETIC,1600,NO_GOVERNED_SURFACE_CONDITION_LENGTH_PARAMETER,AUSTRALIAN_SYNTHETIC,,UNKNOWN
RTDR-092541930F098FDF707BF478,2021-06-04|SPORTSBET-PAKENHAM SYNTHETIC|R03,2021-06-04,SPORTSBET-PAKENHAM SYNTHETIC,2200,NO_GOVERNED_SURFACE_CONDITION_LENGTH_PARAMETER,AUSTRALIAN_SYNTHETIC,,UNKNOWN
RTDR-E54C81A6AAB04F8D7AE565AC,2021-06-04|SPORTSBET-PAKENHAM SYNTHETIC|R05,2021-06-04,SPORTSBET-PAKENHAM SYNTHETIC,1200,NO_GOVERNED_SURFACE_CONDITION_LENGTH_PARAMETER,AUSTRALIAN_SYNTHETIC,,UNKNOWN
RTDR-1275DD304CBBAF56C5A57A87,2021-06-04|SPORTSBET-PAKENHAM SYNTHETIC|R06,2021-06-04,SPORTSBET-PAKENHAM SYNTHETIC,1200,NO_GOVERNED_SURFACE_CONDITION_LENGTH_PARAMETER,AUSTRALIAN_SYNTHETIC,,UNKNOWN
RTDR-0EF7DEF0EAC05F8BCD867A13,2021-06-04|SPORTSBET-PAKENHAM SYNTHETIC|R07,2021-06-04,SPORTSBET-PAKENHAM SYNTHETIC,1400,NO_GOVERNED_SURFACE_CONDITION_LENGTH_PARAMETER,AUSTRALIAN_SYNTHETIC,,UNKNOWN
RTDR-33A5EDFBE11713F3311EDF34,2021-06-07|SPORTSBET-BALLARAT SYNTHETIC|R08,2021-06-07,SPORTSBET-BALLARAT SYNTHETIC,1400,NO_GOVERNED_SURFACE_CONDITION_LENGTH_PARAMETER,AUSTRALIAN_SYNTHETIC,,UNKNOWN
RTDR-DC79DB9D11FAB4C37E99D4B1,2021-06-07|SPORTSBET-BALLARAT SYNTHETIC|R05,2021-06-07,SPORTSBET-BALLARAT SYNTHETIC,1500,NO_GOVERNED_SURFACE_CONDITION_LENGTH_PARAMETER,AUSTRALIAN_SYNTHETIC,,UNKNOWN
RTDR-A5C22BD413918461BFABDBD6,2021-06-07|SPORTSBET-BALLARAT SYNTHETIC|R07,2021-06-07,SPORTSBET-BALLARAT SYNTHETIC,1200,NO_GOVERNED_SURFACE_CONDITION_LENGTH_PARAMETER,AUSTRALIAN_SYNTHETIC,,UNKNOWN
RTDR-6F299DFD1B10ED32257A850C,2021-06-07|SPORTSBET-BALLARAT SYNTHETIC|R02,2021-06-07,SPORTSBET-BALLARAT SYNTHETIC,1200,NO_GOVERNED_SURFACE_CONDITION_LENGTH_PARAMETER,AUSTRALIAN_SYNTHETIC,,UNKNOWN
RTDR-940C7FC727E211113E7AB3BB,2021-06-07|SPORTSBET-BALLARAT SYNTHETIC|R03,2021-06-07,SPORTSBET-BALLARAT SYNTHETIC,1400,NO_GOVERNED_SURFACE_CONDITION_LENGTH_PARAMETER,AUSTRALIAN_SYNTHETIC,,UNKNOWN
RTDR-ACED5B27605E87D4E914E755,2021-06-07|SPORTSBET-BALLARAT SYNTHETIC|R06,2021-06-07,SPORTSBET-BALLARAT SYNTHETIC,1100,NO_GOVERNED_SURFACE_CONDITION_LENGTH_PARAMETER,AUSTRALIAN_SYNTHETIC,,UNKNOWN
RTDR-9B6687207504489F308864DF,2021-06-07|SPORTSBET-BALLARAT SYNTHETIC|R04,2021-06-07,SPORTSBET-BALLARAT SYNTHETIC,1500,NO_GOVERNED_SURFACE_CONDITION_LENGTH_PARAMETER,AUSTRALIAN_SYNTHETIC,,UNKNOWN
RTDR-41CE7A8F3994FD800AD34279,2021-06-07|SPORTSBET-BALLARAT SYNTHETIC|R01,2021-06-07,SPORTSBET-BALLARAT SYNTHETIC,1200,NO_GOVERNED_SURFACE_CONDITION_LENGTH_PARAMETER,AUSTRALIAN_SYNTHETIC,,UNKNOWN
RTDR-FBF6A68818F185647FB7CB73,2021-06-08|SPORTSBET-PAKENHAM SYNTHETIC|R06,2021-06-08,SPORTSBET-PAKENHAM SYNTHETIC,1100,NO_GOVERNED_SURFACE_CONDITION_LENGTH_PARAMETER,AUSTRALIAN_SYNTHETIC,,UNKNOWN
RTDR-CE26AB8C6B5D44DA2E5133D7,2021-06-08|SPORTSBET-PAKENHAM SYNTHETIC|R05,2021-06-08,SPORTSBET-PAKENHAM SYNTHETIC,1000,NO_GOVERNED_SURFACE_CONDITION_LENGTH_PARAMETER,AUSTRALIAN_SYNTHETIC,,UNKNOWN
RTDR-A7EE3C285CE16CFF8902DAEB,2021-06-08|SPORTSBET-PAKENHAM SYNTHETIC|R03,2021-06-08,SPORTSBET-PAKENHAM SYNTHETIC,1400,NO_GOVERNED_SURFACE_CONDITION_LENGTH_PARAMETER,AUSTRALIAN_SYNTHETIC,,UNKNOWN
RTDR-F4A1D7F81B7CC328D8B0BB01,2021-06-08|SPORTSBET-PAKENHAM SYNTHETIC|R04,2021-06-08,SPORTSBET-PAKENHAM SYNTHETIC,2200,NO_GOVERNED_SURFACE_CONDITION_LENGTH_PARAMETER,AUSTRALIAN_SYNTHETIC,,UNKNOWN
RTDR-775B92972FC7384C5B686007,2021-06-08|SPORTSBET-PAKENHAM SYNTHETIC|R02,2021-06-08,SPORTSBET-PAKENHAM SYNTHETIC,1100,NO_GOVERNED_SURFACE_CONDITION_LENGTH_PARAMETER,AUSTRALIAN_SYNTHETIC,,UNKNOWN
RTDR-C5CFC9DF9DE1245696715F00,2021-06-08|SPORTSBET-PAKENHAM SYNTHETIC|R07,2021-06-08,SPORTSBET-PAKENHAM SYNTHETIC,1400,NO_GOVERNED_SURFACE_CONDITION_LENGTH_PARAMETER,AUSTRALIAN_SYNTHETIC,,UNKNOWN
RTDR-198C5FC21F4B9EB388EB874C,2021-06-08|SPORTSBET-PAKENHAM SYNTHETIC|R01,2021-06-08,SPORTSBET-PAKENHAM SYNTHETIC,1600,NO_GOVERNED_SURFACE_CONDITION_LENGTH_PARAMETER,AUSTRALIAN_SYNTHETIC,,UNKNOWN
RTDR-E7149781A5578B59DE2EA1FE,2021-06-08|SPORTSBET-PAKENHAM SYNTHETIC|R08,2021-06-08,SPORTSBET-PAKENHAM SYNTHETIC,1600,NO_GOVERNED_SURFACE_CONDITION_LENGTH_PARAMETER,AUSTRALIAN_SYNTHETIC,,UNKNOWN
RTDR-280F4639990D9C86897BAAE2,2021-06-10|SPORTSBET-BALLARAT SYNTHETIC|R01,2021-06-10,SPORTSBET-BALLARAT SYNTHETIC,1400,NO_GOVERNED_SURFACE_CONDITION_LENGTH_PARAMETER,AUSTRALIAN_SYNTHETIC,,UNKNOWN
RTDR-953BFE392A1F6CFD39EC80A8,2021-06-10|SPORTSBET-BALLARAT SYNTHETIC|R05,2021-06-10,SPORTSBET-BALLARAT SYNTHETIC,1200,NO_GOVERNED_SURFACE_CONDITION_LENGTH_PARAMETER,AUSTRALIAN_SYNTHETIC,,UNKNOWN
RTDR-532AA22CC0E13616EC340F95,2021-06-10|SPORTSBET-BALLARAT SYNTHETIC|R04,2021-06-10,SPORTSBET-BALLARAT SYNTHETIC,1200,NO_GOVERNED_SURFACE_CONDITION_LENGTH_PARAMETER,AUSTRALIAN_SYNTHETIC,,UNKNOWN
RTDR-6208C5710F8F2CE2C41AA60D,2021-06-10|SPORTSBET-BALLARAT SYNTHETIC|R08,2021-06-10,SPORTSBET-BALLARAT SYNTHETIC,1400,NO_GOVERNED_SURFACE_CONDITION_LENGTH_PARAMETER,AUSTRALIAN_SYNTHETIC,,UNKNOWN
RTDR-BA6EAAF6A37A873EBD7AC6DF,2021-06-10|SPORTSBET-BALLARAT SYNTHETIC|R07,2021-06-10,SPORTSBET-BALLARAT SYNTHETIC,1500,NO_GOVERNED_SURFACE_CONDITION_LENGTH_PARAMETER,AUSTRALIAN_SYNTHETIC,,UNKNOWN
RTDR-2C5DB6574E1D537AE293257C,2021-06-10|SPORTSBET-BALLARAT SYNTHETIC|R06,2021-06-10,SPORTSBET-BALLARAT SYNTHETIC,2100,NO_GOVERNED_SURFACE_CONDITION_LENGTH_PARAMETER,AUSTRALIAN_SYNTHETIC,,UNKNOWN
RTDR-21A46B1033CFB53EB316302B,2021-06-10|SPORTSBET-BALLARAT SYNTHETIC|R02,2021-06-10,SPORTSBET-BALLARAT SYNTHETIC,1100,NO_GOVERNED_SURFACE_CONDITION_LENGTH_PARAMETER,AUSTRALIAN_SYNTHETIC,,UNKNOWN
RTDR-B8E5BFE41591DE1F6A79858B,2021-06-10|SPORTSBET-BALLARAT SYNTHETIC|R03,2021-06-10,SPORTSBET-BALLARAT SYNTHETIC,1100,NO_GOVERNED_SURFACE_CONDITION_LENGTH_PARAMETER,AUSTRALIAN_SYNTHETIC,,UNKNOWN
RTDR-6A137F26F487B9F80784C6B1,2021-06-15|SPORTSBET-BALLARAT SYNTHETIC|R04,2021-06-15,SPORTSBET-BALLARAT SYNTHETIC,1000,NO_GOVERNED_SURFACE_CONDITION_LENGTH_PARAMETER,AUSTRALIAN_SYNTHETIC,,UNKNOWN
RTDR-2E39753173908553E6AB94BD,2021-06-15|SPORTSBET-BALLARAT SYNTHETIC|R02,2021-06-15,SPORTSBET-BALLARAT SYNTHETIC,1500,NO_GOVERNED_SURFACE_CONDITION_LENGTH_PARAMETER,AUSTRALIAN_SYNTHETIC,,UNKNOWN
RTDR-0F63A67EECC3CC8CAAB519B4,2021-06-15|SPORTSBET-BALLARAT SYNTHETIC|R06,2021-06-15,SPORTSBET-BALLARAT SYNTHETIC,1200,NO_GOVERNED_SURFACE_CONDITION_LENGTH_PARAMETER,AUSTRALIAN_SYNTHETIC,,UNKNOWN
RTDR-D25A49243BDCC37C31DD3E4F,2021-06-15|SPORTSBET-BALLARAT SYNTHETIC|R01,2021-06-15,SPORTSBET-BALLARAT SYNTHETIC,2100,NO_GOVERNED_SURFACE_CONDITION_LENGTH_PARAMETER,AUSTRALIAN_SYNTHETIC,,UNKNOWN
RTDR-2EB9F38F85846B04B4C1215C,2021-06-15|SPORTSBET-BALLARAT SYNTHETIC|R08,2021-06-15,SPORTSBET-BALLARAT SYNTHETIC,1500,NO_GOVERNED_SURFACE_CONDITION_LENGTH_PARAMETER,AUSTRALIAN_SYNTHETIC,,UNKNOWN
RTDR-95D41FB4A39382185E65B7E9,2021-06-15|SPORTSBET-BALLARAT SYNTHETIC|R07,2021-06-15,SPORTSBET-BALLARAT SYNTHETIC,1400,NO_GOVERNED_SURFACE_CONDITION_LENGTH_PARAMETER,AUSTRALIAN_SYNTHETIC,,UNKNOWN
RTDR-3D776D957FA8165FF41DA449,2021-06-15|SPORTSBET-BALLARAT SYNTHETIC|R05,2021-06-15,SPORTSBET-BALLARAT SYNTHETIC,1000,NO_GOVERNED_SURFACE_CONDITION_LENGTH_PARAMETER,AUSTRALIAN_SYNTHETIC,,UNKNOWN
RTDR-65C1301B2A055ADDB5FE7025,2021-06-15|SPORTSBET-BALLARAT SYNTHETIC|R03,2021-06-15,SPORTSBET-BALLARAT SYNTHETIC,1200,NO_GOVERNED_SURFACE_CONDITION_LENGTH_PARAMETER,AUSTRALIAN_SYNTHETIC,,UNKNOWN
RTDR-2892F55DDE25E4D63AD4A1E0,2021-06-20|SPORTSBET-BALLARAT SYNTHETIC|R01,2021-06-20,SPORTSBET-BALLARAT SYNTHETIC,1100,NO_GOVERNED_SURFACE_CONDITION_LENGTH_PARAMETER,AUSTRALIAN_SYNTHETIC,,UNKNOWN
RTDR-D94FC865B119D3B477811E16,2021-06-20|SPORTSBET-BALLARAT SYNTHETIC|R02,2021-06-20,SPORTSBET-BALLARAT SYNTHETIC,1200,NO_GOVERNED_SURFACE_CONDITION_LENGTH_PARAMETER,AUSTRALIAN_SYNTHETIC,,UNKNOWN
RTDR-F246FFDFE3BA804CB19A961C,2021-06-20|SPORTSBET-BALLARAT SYNTHETIC|R04,2021-06-20,SPORTSBET-BALLARAT SYNTHETIC,1100,NO_GOVERNED_SURFACE_CONDITION_LENGTH_PARAMETER,AUSTRALIAN_SYNTHETIC,,UNKNOWN
RTDR-576860D60C193C3D4CFF2898,2021-06-20|SPORTSBET-BALLARAT SYNTHETIC|R06,2021-06-20,SPORTSBET-BALLARAT SYNTHETIC,1400,NO_GOVERNED_SURFACE_CONDITION_LENGTH_PARAMETER,AUSTRALIAN_SYNTHETIC,,UNKNOWN
RTDR-C1B43F64C84179AD4F449F2D,2021-06-20|SPORTSBET-BALLARAT SYNTHETIC|R07,2021-06-20,SPORTSBET-BALLARAT SYNTHETIC,1500,NO_GOVERNED_SURFACE_CONDITION_LENGTH_PARAMETER,AUSTRALIAN_SYNTHETIC,,UNKNOWN
RTDR-8636DEF4A20C784FABA9F11E,2021-06-20|SPORTSBET-BALLARAT SYNTHETIC|R03,2021-06-20,SPORTSBET-BALLARAT SYNTHETIC,1400,NO_GOVERNED_SURFACE_CONDITION_LENGTH_PARAMETER,AUSTRALIAN_SYNTHETIC,,UNKNOWN
RTDR-C01ECDB4017D3A8FE027D007,2021-06-20|SPORTSBET-BALLARAT SYNTHETIC|R05,2021-06-20,SPORTSBET-BALLARAT SYNTHETIC,1200,NO_GOVERNED_SURFACE_CONDITION_LENGTH_PARAMETER,AUSTRALIAN_SYNTHETIC,,UNKNOWN
RTDR-0DFF3C613DEC885F0B7C4865,2021-06-22|SPORTSBET-PAKENHAM SYNTHETIC|R01,2021-06-22,SPORTSBET-PAKENHAM SYNTHETIC,1000,NO_GOVERNED_SURFACE_CONDITION_LENGTH_PARAMETER,AUSTRALIAN_SYNTHETIC,,UNKNOWN
RTDR-882BC0094FC068971E23E2E0,2021-06-22|SPORTSBET-PAKENHAM SYNTHETIC|R04,2021-06-22,SPORTSBET-PAKENHAM SYNTHETIC,1600,NO_GOVERNED_SURFACE_CONDITION_LENGTH_PARAMETER,AUSTRALIAN_SYNTHETIC,,UNKNOWN
RTDR-31D5E4BC2C4271F88A90095E,2021-06-22|SPORTSBET-PAKENHAM SYNTHETIC|R05,2021-06-22,SPORTSBET-PAKENHAM SYNTHETIC,1600,NO_GOVERNED_SURFACE_CONDITION_LENGTH_PARAMETER,AUSTRALIAN_SYNTHETIC,,UNKNOWN
RTDR-695D98C7B1126E6C9C19A8D0,2021-06-22|SPORTSBET-PAKENHAM SYNTHETIC|R03,2021-06-22,SPORTSBET-PAKENHAM SYNTHETIC,1400,NO_GOVERNED_SURFACE_CONDITION_LENGTH_PARAMETER,AUSTRALIAN_SYNTHETIC,,UNKNOWN
RTDR-4F63E50638D38E539A9E6D84,2021-06-22|SPORTSBET-PAKENHAM SYNTHETIC|R07,2021-06-22,SPORTSBET-PAKENHAM SYNTHETIC,1400,NO_GOVERNED_SURFACE_CONDITION_LENGTH_PARAMETER,AUSTRALIAN_SYNTHETIC,,UNKNOWN
RTDR-16E3453D9DFB05DF7A54619B,2021-06-22|SPORTSBET-PAKENHAM SYNTHETIC|R06,2021-06-22,SPORTSBET-PAKENHAM SYNTHETIC,2200,NO_GOVERNED_SURFACE_CONDITION_LENGTH_PARAMETER,AUSTRALIAN_SYNTHETIC,,UNKNOWN
RTDR-B381AC7BCC82773BB4D84A8A,2021-06-22|SPORTSBET-PAKENHAM SYNTHETIC|R02,2021-06-22,SPORTSBET-PAKENHAM SYNTHETIC,1200,NO_GOVERNED_SURFACE_CONDITION_LENGTH_PARAMETER,AUSTRALIAN_SYNTHETIC,,UNKNOWN
RTDR-90790072D03B82ECDE4CDA29,2021-06-22|SPORTSBET-PAKENHAM SYNTHETIC|R08,2021-06-22,SPORTSBET-PAKENHAM SYNTHETIC,1200,NO_GOVERNED_SURFACE_CONDITION_LENGTH_PARAMETER,AUSTRALIAN_SYNTHETIC,,UNKNOWN
RTDR-8B6D777A0FBA78C47D6BE033,2021-06-25|SPORTSBET-BALLARAT SYNTHETIC|R04,2021-06-25,SPORTSBET-BALLARAT SYNTHETIC,1400,NO_GOVERNED_SURFACE_CONDITION_LENGTH_PARAMETER,AUSTRALIAN_SYNTHETIC,,UNKNOWN
RTDR-61B641D1552672F31038EB43,2021-06-25|SPORTSBET-BALLARAT SYNTHETIC|R06,2021-06-25,SPORTSBET-BALLARAT SYNTHETIC,1000,NO_GOVERNED_SURFACE_CONDITION_LENGTH_PARAMETER,AUSTRALIAN_SYNTHETIC,,UNKNOWN
RTDR-D471469D2B31C2829EE85480,2021-06-25|SPORTSBET-BALLARAT SYNTHETIC|R08,2021-06-25,SPORTSBET-BALLARAT SYNTHETIC,1500,NO_GOVERNED_SURFACE_CONDITION_LENGTH_PARAMETER,AUSTRALIAN_SYNTHETIC,,UNKNOWN
RTDR-C93ECDAFB6AF13E08C6C7E19,2021-06-25|SPORTSBET-BALLARAT SYNTHETIC|R02,2021-06-25,SPORTSBET-BALLARAT SYNTHETIC,1200,NO_GOVERNED_SURFACE_CONDITION_LENGTH_PARAMETER,AUSTRALIAN_SYNTHETIC,,UNKNOWN
RTDR-93DACB662C0DD343AF5C48C0,2021-06-25|SPORTSBET-BALLARAT SYNTHETIC|R03,2021-06-25,SPORTSBET-BALLARAT SYNTHETIC,1500,NO_GOVERNED_SURFACE_CONDITION_LENGTH_PARAMETER,AUSTRALIAN_SYNTHETIC,,UNKNOWN
RTDR-6FACB8C68615DA4C85368BDB,2021-06-25|SPORTSBET-BALLARAT SYNTHETIC|R01,2021-06-25,SPORTSBET-BALLARAT SYNTHETIC,1000,NO_GOVERNED_SURFACE_CONDITION_LENGTH_PARAMETER,AUSTRALIAN_SYNTHETIC,,UNKNOWN
RTDR-5FB95F281E9CB3DDE2035E98,2021-06-25|SPORTSBET-BALLARAT SYNTHETIC|R07,2021-06-25,SPORTSBET-BALLARAT SYNTHETIC,1200,NO_GOVERNED_SURFACE_CONDITION_LENGTH_PARAMETER,AUSTRALIAN_SYNTHETIC,,UNKNOWN
RTDR-E181A18CE1A3BE552206FD1D,2021-06-25|SPORTSBET-BALLARAT SYNTHETIC|R05,2021-06-25,SPORTSBET-BALLARAT SYNTHETIC,2100,NO_GOVERNED_SURFACE_CONDITION_LENGTH_PARAMETER,AUSTRALIAN_SYNTHETIC,,UNKNOWN
RTDR-2FA1CCC30324C52869735D31,2021-06-28|SPORTSBET-PAKENHAM SYNTHETIC|R01,2021-06-28,SPORTSBET-PAKENHAM SYNTHETIC,1200,NO_GOVERNED_SURFACE_CONDITION_LENGTH_PARAMETER,AUSTRALIAN_SYNTHETIC,,UNKNOWN
RTDR-7E38245E7C0BBD152A80164E,2021-06-28|SPORTSBET-PAKENHAM SYNTHETIC|R05,2021-06-28,SPORTSBET-PAKENHAM SYNTHETIC,2200,NO_GOVERNED_SURFACE_CONDITION_LENGTH_PARAMETER,AUSTRALIAN_SYNTHETIC,,UNKNOWN
RTDR-3E5DDDA671CFD0CCFAE92C14,2021-06-28|SPORTSBET-PAKENHAM SYNTHETIC|R06,2021-06-28,SPORTSBET-PAKENHAM SYNTHETIC,1600,NO_GOVERNED_SURFACE_CONDITION_LENGTH_PARAMETER,AUSTRALIAN_SYNTHETIC,,UNKNOWN
RTDR-23FA4DE9DC4AAFD4F2B95885,2021-06-28|SPORTSBET-PAKENHAM SYNTHETIC|R09,2021-06-28,SPORTSBET-PAKENHAM SYNTHETIC,1000,NO_GOVERNED_SURFACE_CONDITION_LENGTH_PARAMETER,AUSTRALIAN_SYNTHETIC,,UNKNOWN
RTDR-9F4F1F2706D956EDF8FDDF58,2021-06-28|SPORTSBET-PAKENHAM SYNTHETIC|R07,2021-06-28,SPORTSBET-PAKENHAM SYNTHETIC,1200,NO_GOVERNED_SURFACE_CONDITION_LENGTH_PARAMETER,AUSTRALIAN_SYNTHETIC,,UNKNOWN
RTDR-7E07DB434989FC0C39CABE87,2021-06-28|SPORTSBET-PAKENHAM SYNTHETIC|R08,2021-06-28,SPORTSBET-PAKENHAM SYNTHETIC,1400,NO_GOVERNED_SURFACE_CONDITION_LENGTH_PARAMETER,AUSTRALIAN_SYNTHETIC,,UNKNOWN
RTDR-30AF70BD01C4C1CDD11721D5,2021-06-28|SPORTSBET-PAKENHAM SYNTHETIC|R04,2021-06-28,SPORTSBET-PAKENHAM SYNTHETIC,1400,NO_GOVERNED_SURFACE_CONDITION_LENGTH_PARAMETER,AUSTRALIAN_SYNTHETIC,,UNKNOWN
RTDR-5FBC55A6F4A443040A061460,2021-06-28|SPORTSBET-PAKENHAM SYNTHETIC|R02,2021-06-28,SPORTSBET-PAKENHAM SYNTHETIC,1400,NO_GOVERNED_SURFACE_CONDITION_LENGTH_PARAMETER,AUSTRALIAN_SYNTHETIC,,UNKNOWN
RTDR-68D549D47A4CADAA05B03CBB,2021-06-28|SPORTSBET-PAKENHAM SYNTHETIC|R03,2021-06-28,SPORTSBET-PAKENHAM SYNTHETIC,1400,NO_GOVERNED_SURFACE_CONDITION_LENGTH_PARAMETER,AUSTRALIAN_SYNTHETIC,,UNKNOWN
RTDR-B71EF46DD5B24C5F9658E49E,2021-06-29|SPORTSBET-BALLARAT SYNTHETIC|R04,2021-06-29,SPORTSBET-BALLARAT SYNTHETIC,1000,NO_GOVERNED_SURFACE_CONDITION_LENGTH_PARAMETER,AUSTRALIAN_SYNTHETIC,,UNKNOWN
RTDR-19A5E707D3CD08889B4D7AFB,2021-06-29|SPORTSBET-BALLARAT SYNTHETIC|R03,2021-06-29,SPORTSBET-BALLARAT SYNTHETIC,1200,NO_GOVERNED_SURFACE_CONDITION_LENGTH_PARAMETER,AUSTRALIAN_SYNTHETIC,,UNKNOWN
RTDR-D4670398359EEBF670DF1DC6,2021-06-29|SPORTSBET-BALLARAT SYNTHETIC|R05,2021-06-29,SPORTSBET-BALLARAT SYNTHETIC,1100,NO_GOVERNED_SURFACE_CONDITION_LENGTH_PARAMETER,AUSTRALIAN_SYNTHETIC,,UNKNOWN
RTDR-520388BB383074A8C38D510C,2021-06-29|SPORTSBET-BALLARAT SYNTHETIC|R07,2021-06-29,SPORTSBET-BALLARAT SYNTHETIC,1200,NO_GOVERNED_SURFACE_CONDITION_LENGTH_PARAMETER,AUSTRALIAN_SYNTHETIC,,UNKNOWN
RTDR-9A076C5D88F2DEC51ABA7FC8,2021-06-29|SPORTSBET-BALLARAT SYNTHETIC|R01,2021-06-29,SPORTSBET-BALLARAT SYNTHETIC,1200,NO_GOVERNED_SURFACE_CONDITION_LENGTH_PARAMETER,AUSTRALIAN_SYNTHETIC,,UNKNOWN
RTDR-8B5AAE4305A8EE5E0F031615,2021-06-29|SPORTSBET-BALLARAT SYNTHETIC|R06,2021-06-29,SPORTSBET-BALLARAT SYNTHETIC,1100,NO_GOVERNED_SURFACE_CONDITION_LENGTH_PARAMETER,AUSTRALIAN_SYNTHETIC,,UNKNOWN
RTDR-D8A6AEBC416177F957B8138D,2021-06-29|SPORTSBET-BALLARAT SYNTHETIC|R08,2021-06-29,SPORTSBET-BALLARAT SYNTHETIC,1500,NO_GOVERNED_SURFACE_CONDITION_LENGTH_PARAMETER,AUSTRALIAN_SYNTHETIC,,UNKNOWN
RTDR-8B4C7830149C9F2FA7C0AC51,2021-06-29|SPORTSBET-BALLARAT SYNTHETIC|R02,2021-06-29,SPORTSBET-BALLARAT SYNTHETIC,1200,NO_GOVERNED_SURFACE_CONDITION_LENGTH_PARAMETER,AUSTRALIAN_SYNTHETIC,,UNKNOWN
RTDR-871A2686879402E4422E5D48,2023-06-02|SPORTSBET-PAKENHAM SYNTHETIC|R08,2023-06-02,SPORTSBET-PAKENHAM SYNTHETIC,1600,NO_GOVERNED_SURFACE_CONDITION_LENGTH_PARAMETER,AUSTRALIAN_SYNTHETIC,,UNKNOWN
RTDR-91FD243C0E80B2071D90861B,2023-06-02|SPORTSBET-PAKENHAM SYNTHETIC|R03,2023-06-02,SPORTSBET-PAKENHAM SYNTHETIC,1400,NO_GOVERNED_SURFACE_CONDITION_LENGTH_PARAMETER,AUSTRALIAN_SYNTHETIC,,UNKNOWN
RTDR-9789E068C2B9E46354974324,2023-06-02|SPORTSBET-PAKENHAM SYNTHETIC|R04,2023-06-02,SPORTSBET-PAKENHAM SYNTHETIC,2200,NO_GOVERNED_SURFACE_CONDITION_LENGTH_PARAMETER,AUSTRALIAN_SYNTHETIC,,UNKNOWN
RTDR-497744FAAF0BDFCDC95D53F9,2023-06-02|SPORTSBET-PAKENHAM SYNTHETIC|R07,2023-06-02,SPORTSBET-PAKENHAM SYNTHETIC,1200,NO_GOVERNED_SURFACE_CONDITION_LENGTH_PARAMETER,AUSTRALIAN_SYNTHETIC,,UNKNOWN
RTDR-154CA7CF8A1B8EE9869DE259,2023-06-02|SPORTSBET-PAKENHAM SYNTHETIC|R02,2023-06-02,SPORTSBET-PAKENHAM SYNTHETIC,1400,NO_GOVERNED_SURFACE_CONDITION_LENGTH_PARAMETER,AUSTRALIAN_SYNTHETIC,,UNKNOWN
RTDR-9A2CF04EC08900762A3DAB1A,2023-06-02|SPORTSBET-PAKENHAM SYNTHETIC|R05,2023-06-02,SPORTSBET-PAKENHAM SYNTHETIC,2200,NO_GOVERNED_SURFACE_CONDITION_LENGTH_PARAMETER,AUSTRALIAN_SYNTHETIC,,UNKNOWN
RTDR-1C422975679BB1D9D750E438,2023-06-02|SPORTSBET-PAKENHAM SYNTHETIC|R06,2023-06-02,SPORTSBET-PAKENHAM SYNTHETIC,1400,NO_GOVERNED_SURFACE_CONDITION_LENGTH_PARAMETER,AUSTRALIAN_SYNTHETIC,,UNKNOWN
RTDR-196E661EDE2F97BA270F28B1,2023-06-02|SPORTSBET-PAKENHAM SYNTHETIC|R01,2023-06-02,SPORTSBET-PAKENHAM SYNTHETIC,1000,NO_GOVERNED_SURFACE_CONDITION_LENGTH_PARAMETER,AUSTRALIAN_SYNTHETIC,,UNKNOWN
RTDR-EDC310CB3EB025049A170199,2023-06-05|SPORTSBET-BALLARAT SYNTHETIC|R01,2023-06-05,SPORTSBET-BALLARAT SYNTHETIC,1200,NO_GOVERNED_SURFACE_CONDITION_LENGTH_PARAMETER,AUSTRALIAN_SYNTHETIC,,UNKNOWN
RTDR-4B2A459E2A1AF77791B4D171,2023-06-05|SPORTSBET-BALLARAT SYNTHETIC|R03,2023-06-05,SPORTSBET-BALLARAT SYNTHETIC,1000,NO_GOVERNED_SURFACE_CONDITION_LENGTH_PARAMETER,AUSTRALIAN_SYNTHETIC,,UNKNOWN
RTDR-4A803987C56DF28C4CE97398,2023-06-05|SPORTSBET-BALLARAT SYNTHETIC|R02,2023-06-05,SPORTSBET-BALLARAT SYNTHETIC,1200,NO_GOVERNED_SURFACE_CONDITION_LENGTH_PARAMETER,AUSTRALIAN_SYNTHETIC,,UNKNOWN
RTDR-F7650C7CD7E2AFF0B18E16AB,2023-06-05|SPORTSBET-BALLARAT SYNTHETIC|R04,2023-06-05,SPORTSBET-BALLARAT SYNTHETIC,1500,NO_GOVERNED_SURFACE_CONDITION_LENGTH_PARAMETER,AUSTRALIAN_SYNTHETIC,,UNKNOWN
RTDR-BC46996034499BA5924C84B7,2023-06-05|SPORTSBET-BALLARAT SYNTHETIC|R05,2023-06-05,SPORTSBET-BALLARAT SYNTHETIC,1400,NO_GOVERNED_SURFACE_CONDITION_LENGTH_PARAMETER,AUSTRALIAN_SYNTHETIC,,UNKNOWN
RTDR-D6BA79741FAFBA9CCE26B415,2023-06-05|SPORTSBET-BALLARAT SYNTHETIC|R07,2023-06-05,SPORTSBET-BALLARAT SYNTHETIC,1200,NO_GOVERNED_SURFACE_CONDITION_LENGTH_PARAMETER,AUSTRALIAN_SYNTHETIC,,UNKNOWN
RTDR-91E17159F9556EEE6292F049,2023-06-05|SPORTSBET-BALLARAT SYNTHETIC|R06,2023-06-05,SPORTSBET-BALLARAT SYNTHETIC,1100,NO_GOVERNED_SURFACE_CONDITION_LENGTH_PARAMETER,AUSTRALIAN_SYNTHETIC,,UNKNOWN
RTDR-92B2C5D019CC138904920305,2023-06-05|SPORTSBET-BALLARAT SYNTHETIC|R08,2023-06-05,SPORTSBET-BALLARAT SYNTHETIC,1500,NO_GOVERNED_SURFACE_CONDITION_LENGTH_PARAMETER,AUSTRALIAN_SYNTHETIC,,UNKNOWN
RTDR-69041A190457FEFD528C5A83,2023-06-13|SPORTSBET-BALLARAT SYNTHETIC|R03,2023-06-13,SPORTSBET-BALLARAT SYNTHETIC,1500,NO_GOVERNED_SURFACE_CONDITION_LENGTH_PARAMETER,AUSTRALIAN_SYNTHETIC,,UNKNOWN
RTDR-42C63A3D52D7D26B419B12DB,2023-06-13|SPORTSBET-BALLARAT SYNTHETIC|R08,2023-06-13,SPORTSBET-BALLARAT SYNTHETIC,1200,NO_GOVERNED_SURFACE_CONDITION_LENGTH_PARAMETER,AUSTRALIAN_SYNTHETIC,,UNKNOWN
RTDR-0570EBBFA5257C1ECB119619,2023-06-13|SPORTSBET-BALLARAT SYNTHETIC|R09,2023-06-13,SPORTSBET-BALLARAT SYNTHETIC,1500,NO_GOVERNED_SURFACE_CONDITION_LENGTH_PARAMETER,AUSTRALIAN_SYNTHETIC,,UNKNOWN
RTDR-4FFFF9A9DFC00B7BF0CB73F1,2023-06-13|SPORTSBET-BALLARAT SYNTHETIC|R07,2023-06-13,SPORTSBET-BALLARAT SYNTHETIC,1000,NO_GOVERNED_SURFACE_CONDITION_LENGTH_PARAMETER,AUSTRALIAN_SYNTHETIC,,UNKNOWN
RTDR-EB10941FF0F9CFBE92323F48,2023-06-13|SPORTSBET-BALLARAT SYNTHETIC|R04,2023-06-13,SPORTSBET-BALLARAT SYNTHETIC,1000,NO_GOVERNED_SURFACE_CONDITION_LENGTH_PARAMETER,AUSTRALIAN_SYNTHETIC,,UNKNOWN
RTDR-04DD765A30802C2E376A6E61,2023-06-13|SPORTSBET-BALLARAT SYNTHETIC|R05,2023-06-13,SPORTSBET-BALLARAT SYNTHETIC,2100,NO_GOVERNED_SURFACE_CONDITION_LENGTH_PARAMETER,AUSTRALIAN_SYNTHETIC,,UNKNOWN
RTDR-5F408936220111EB533FC5B9,2023-06-13|SPORTSBET-BALLARAT SYNTHETIC|R06,2023-06-13,SPORTSBET-BALLARAT SYNTHETIC,2100,NO_GOVERNED_SURFACE_CONDITION_LENGTH_PARAMETER,AUSTRALIAN_SYNTHETIC,,UNKNOWN
RTDR-4E5D0F4A7942486F83DFA4A0,2023-06-13|SPORTSBET-BALLARAT SYNTHETIC|R01,2023-06-13,SPORTSBET-BALLARAT SYNTHETIC,1200,NO_GOVERNED_SURFACE_CONDITION_LENGTH_PARAMETER,AUSTRALIAN_SYNTHETIC,,UNKNOWN
RTDR-3A8C5FC9B1110EB67FB06726,2023-06-13|SPORTSBET-BALLARAT SYNTHETIC|R02,2023-06-13,SPORTSBET-BALLARAT SYNTHETIC,1200,NO_GOVERNED_SURFACE_CONDITION_LENGTH_PARAMETER,AUSTRALIAN_SYNTHETIC,,UNKNOWN
RTDR-338CF96F2D80FB830DDD5689,2023-06-19|SPORTSBET-BALLARAT SYNTHETIC|R05,2023-06-19,SPORTSBET-BALLARAT SYNTHETIC,1100,NO_GOVERNED_SURFACE_CONDITION_LENGTH_PARAMETER,AUSTRALIAN_SYNTHETIC,,UNKNOWN
RTDR-0E1A318683AF9460C9FE7081,2023-06-19|SPORTSBET-BALLARAT SYNTHETIC|R08,2023-06-19,SPORTSBET-BALLARAT SYNTHETIC,1400,NO_GOVERNED_SURFACE_CONDITION_LENGTH_PARAMETER,AUSTRALIAN_SYNTHETIC,,UNKNOWN
RTDR-AAFB956837028A6965E6CE8F,2023-06-19|SPORTSBET-BALLARAT SYNTHETIC|R06,2023-06-19,SPORTSBET-BALLARAT SYNTHETIC,1000,NO_GOVERNED_SURFACE_CONDITION_LENGTH_PARAMETER,AUSTRALIAN_SYNTHETIC,,UNKNOWN
RTDR-6DE9E5C757D150CA73E583B3,2023-06-19|SPORTSBET-BALLARAT SYNTHETIC|R01,2023-06-19,SPORTSBET-BALLARAT SYNTHETIC,1100,NO_GOVERNED_SURFACE_CONDITION_LENGTH_PARAMETER,AUSTRALIAN_SYNTHETIC,,UNKNOWN
RTDR-5B5522B7903FC44735369CF7,2023-06-19|SPORTSBET-BALLARAT SYNTHETIC|R02,2023-06-19,SPORTSBET-BALLARAT SYNTHETIC,1200,NO_GOVERNED_SURFACE_CONDITION_LENGTH_PARAMETER,AUSTRALIAN_SYNTHETIC,,UNKNOWN
RTDR-D367C200A6A11877DD9D8E22,2023-06-19|SPORTSBET-BALLARAT SYNTHETIC|R09,2023-06-19,SPORTSBET-BALLARAT SYNTHETIC,1500,NO_GOVERNED_SURFACE_CONDITION_LENGTH_PARAMETER,AUSTRALIAN_SYNTHETIC,,UNKNOWN
RTDR-0D50D4A9819F9D662652D295,2023-06-19|SPORTSBET-BALLARAT SYNTHETIC|R07,2023-06-19,SPORTSBET-BALLARAT SYNTHETIC,1200,NO_GOVERNED_SURFACE_CONDITION_LENGTH_PARAMETER,AUSTRALIAN_SYNTHETIC,,UNKNOWN
RTDR-D62B74508AE1EEF5A510F430,2023-06-19|SPORTSBET-BALLARAT SYNTHETIC|R03,2023-06-19,SPORTSBET-BALLARAT SYNTHETIC,1400,NO_GOVERNED_SURFACE_CONDITION_LENGTH_PARAMETER,AUSTRALIAN_SYNTHETIC,,UNKNOWN
RTDR-E9F8DBAEB64B7762BE928C5B,2023-06-19|SPORTSBET-BALLARAT SYNTHETIC|R04,2023-06-19,SPORTSBET-BALLARAT SYNTHETIC,1400,NO_GOVERNED_SURFACE_CONDITION_LENGTH_PARAMETER,AUSTRALIAN_SYNTHETIC,,UNKNOWN
RTDR-66A53350FD87D89762B3EB81,2023-06-23|SPORTSBET-BALLARAT SYNTHETIC|R06,2023-06-23,SPORTSBET-BALLARAT SYNTHETIC,1400,NO_GOVERNED_SURFACE_CONDITION_LENGTH_PARAMETER,AUSTRALIAN_SYNTHETIC,,UNKNOWN
RTDR-F678D826C40353B691ECF308,2023-06-23|SPORTSBET-BALLARAT SYNTHETIC|R01,2023-06-23,SPORTSBET-BALLARAT SYNTHETIC,1000,NO_GOVERNED_SURFACE_CONDITION_LENGTH_PARAMETER,AUSTRALIAN_SYNTHETIC,,UNKNOWN
RTDR-4A0606240284D28CCF43BA46,2023-06-23|SPORTSBET-BALLARAT SYNTHETIC|R03,2023-06-23,SPORTSBET-BALLARAT SYNTHETIC,1200,NO_GOVERNED_SURFACE_CONDITION_LENGTH_PARAMETER,AUSTRALIAN_SYNTHETIC,,UNKNOWN
RTDR-815F652D7BC34334219EE660,2023-06-23|SPORTSBET-BALLARAT SYNTHETIC|R07,2023-06-23,SPORTSBET-BALLARAT SYNTHETIC,1000,NO_GOVERNED_SURFACE_CONDITION_LENGTH_PARAMETER,AUSTRALIAN_SYNTHETIC,,UNKNOWN
RTDR-B689859368BC146B1371B80D,2023-06-23|SPORTSBET-BALLARAT SYNTHETIC|R04,2023-06-23,SPORTSBET-BALLARAT SYNTHETIC,1500,NO_GOVERNED_SURFACE_CONDITION_LENGTH_PARAMETER,AUSTRALIAN_SYNTHETIC,,UNKNOWN
RTDR-57B1D4ED86FF77F1EE5D0EE2,2023-06-23|SPORTSBET-BALLARAT SYNTHETIC|R08,2023-06-23,SPORTSBET-BALLARAT SYNTHETIC,1200,NO_GOVERNED_SURFACE_CONDITION_LENGTH_PARAMETER,AUSTRALIAN_SYNTHETIC,,UNKNOWN
RTDR-0A808E77C0825D80DD21CD23,2023-06-23|SPORTSBET-BALLARAT SYNTHETIC|R05,2023-06-23,SPORTSBET-BALLARAT SYNTHETIC,2100,NO_GOVERNED_SURFACE_CONDITION_LENGTH_PARAMETER,AUSTRALIAN_SYNTHETIC,,UNKNOWN
RTDR-F160033E5F703A27210F0F71,2023-06-23|SPORTSBET-BALLARAT SYNTHETIC|R02,2023-06-23,SPORTSBET-BALLARAT SYNTHETIC,1200,NO_GOVERNED_SURFACE_CONDITION_LENGTH_PARAMETER,AUSTRALIAN_SYNTHETIC,,UNKNOWN
RTDR-80E46454091C836EDFC3E3F7,2023-06-24|SPORTSBET-BALLARAT SYNTHETIC|R04,2023-06-24,SPORTSBET-BALLARAT SYNTHETIC,2100,NO_GOVERNED_SURFACE_CONDITION_LENGTH_PARAMETER,AUSTRALIAN_SYNTHETIC,,UNKNOWN
RTDR-FD09194BBBC6F758F2B09E77,2023-06-24|SPORTSBET-BALLARAT SYNTHETIC|R02,2023-06-24,SPORTSBET-BALLARAT SYNTHETIC,1100,NO_GOVERNED_SURFACE_CONDITION_LENGTH_PARAMETER,AUSTRALIAN_SYNTHETIC,,UNKNOWN
RTDR-4683FE0A38EB72B07F6C357A,2023-06-24|SPORTSBET-BALLARAT SYNTHETIC|R07,2023-06-24,SPORTSBET-BALLARAT SYNTHETIC,1400,NO_GOVERNED_SURFACE_CONDITION_LENGTH_PARAMETER,AUSTRALIAN_SYNTHETIC,,UNKNOWN
RTDR-6776A5F846CE7CADB5DC3F4C,2023-06-24|SPORTSBET-BALLARAT SYNTHETIC|R05,2023-06-24,SPORTSBET-BALLARAT SYNTHETIC,1500,NO_GOVERNED_SURFACE_CONDITION_LENGTH_PARAMETER,AUSTRALIAN_SYNTHETIC,,UNKNOWN
RTDR-E0140EC4C0244A7695793FF3,2023-06-24|SPORTSBET-BALLARAT SYNTHETIC|R03,2023-06-24,SPORTSBET-BALLARAT SYNTHETIC,1100,NO_GOVERNED_SURFACE_CONDITION_LENGTH_PARAMETER,AUSTRALIAN_SYNTHETIC,,UNKNOWN
RTDR-A42164BDB23F216CB5466691,2023-06-24|SPORTSBET-BALLARAT SYNTHETIC|R06,2023-06-24,SPORTSBET-BALLARAT SYNTHETIC,1200,NO_GOVERNED_SURFACE_CONDITION_LENGTH_PARAMETER,AUSTRALIAN_SYNTHETIC,,UNKNOWN
RTDR-712D3AFE95211488CD6EBD7B,2023-06-24|SPORTSBET-BALLARAT SYNTHETIC|R01,2023-06-24,SPORTSBET-BALLARAT SYNTHETIC,1200,NO_GOVERNED_SURFACE_CONDITION_LENGTH_PARAMETER,AUSTRALIAN_SYNTHETIC,,UNKNOWN
RTDR-C3382F49367B0C4D112B9C53,2023-06-26|SPORTSBET-PAKENHAM SYNTHETIC|R01,2023-06-26,SPORTSBET-PAKENHAM SYNTHETIC,1200,NO_GOVERNED_SURFACE_CONDITION_LENGTH_PARAMETER,AUSTRALIAN_SYNTHETIC,,UNKNOWN
RTDR-2C37FCD33758D28BA5A1D487,2023-06-26|SPORTSBET-PAKENHAM SYNTHETIC|R05,2023-06-26,SPORTSBET-PAKENHAM SYNTHETIC,1600,NO_GOVERNED_SURFACE_CONDITION_LENGTH_PARAMETER,AUSTRALIAN_SYNTHETIC,,UNKNOWN
RTDR-707D052B704F56C41880C036,2023-06-26|SPORTSBET-PAKENHAM SYNTHETIC|R08,2023-06-26,SPORTSBET-PAKENHAM SYNTHETIC,1200,NO_GOVERNED_SURFACE_CONDITION_LENGTH_PARAMETER,AUSTRALIAN_SYNTHETIC,,UNKNOWN
RTDR-C7501390888603336FF38332,2023-06-26|SPORTSBET-PAKENHAM SYNTHETIC|R09,2023-06-26,SPORTSBET-PAKENHAM SYNTHETIC,1600,NO_GOVERNED_SURFACE_CONDITION_LENGTH_PARAMETER,AUSTRALIAN_SYNTHETIC,,UNKNOWN
RTDR-74914E5EBD7E4C3908ADA87B,2023-06-26|SPORTSBET-PAKENHAM SYNTHETIC|R06,2023-06-26,SPORTSBET-PAKENHAM SYNTHETIC,1000,NO_GOVERNED_SURFACE_CONDITION_LENGTH_PARAMETER,AUSTRALIAN_SYNTHETIC,,UNKNOWN
RTDR-511AC237CFC3BCE2BA503BAD,2023-06-26|SPORTSBET-PAKENHAM SYNTHETIC|R07,2023-06-26,SPORTSBET-PAKENHAM SYNTHETIC,1400,NO_GOVERNED_SURFACE_CONDITION_LENGTH_PARAMETER,AUSTRALIAN_SYNTHETIC,,UNKNOWN
RTDR-33E6F4CEB0301BDE0183C938,2023-06-26|SPORTSBET-PAKENHAM SYNTHETIC|R02,2023-06-26,SPORTSBET-PAKENHAM SYNTHETIC,1200,NO_GOVERNED_SURFACE_CONDITION_LENGTH_PARAMETER,AUSTRALIAN_SYNTHETIC,,UNKNOWN
RTDR-0B91F57967AB86C81962B9AA,2023-06-26|SPORTSBET-PAKENHAM SYNTHETIC|R03,2023-06-26,SPORTSBET-PAKENHAM SYNTHETIC,1400,NO_GOVERNED_SURFACE_CONDITION_LENGTH_PARAMETER,AUSTRALIAN_SYNTHETIC,,UNKNOWN
RTDR-ED929E86D4043CCF6B6F40DF,2023-06-26|SPORTSBET-PAKENHAM SYNTHETIC|R04,2023-06-26,SPORTSBET-PAKENHAM SYNTHETIC,1400,NO_GOVERNED_SURFACE_CONDITION_LENGTH_PARAMETER,AUSTRALIAN_SYNTHETIC,,UNKNOWN
RTDR-4AF949E4E7AB98FA133ACF0F,2023-06-27|SPORTSBET-BALLARAT SYNTHETIC|R06,2023-06-27,SPORTSBET-BALLARAT SYNTHETIC,1200,NO_GOVERNED_SURFACE_CONDITION_LENGTH_PARAMETER,AUSTRALIAN_SYNTHETIC,,UNKNOWN
RTDR-66D2864C90F0A238C6DDC457,2023-06-27|SPORTSBET-BALLARAT SYNTHETIC|R04,2023-06-27,SPORTSBET-BALLARAT SYNTHETIC,1000,NO_GOVERNED_SURFACE_CONDITION_LENGTH_PARAMETER,AUSTRALIAN_SYNTHETIC,,UNKNOWN
RTDR-231D160A272DAEE6A91327A8,2023-06-27|SPORTSBET-BALLARAT SYNTHETIC|R05,2023-06-27,SPORTSBET-BALLARAT SYNTHETIC,1000,NO_GOVERNED_SURFACE_CONDITION_LENGTH_PARAMETER,AUSTRALIAN_SYNTHETIC,,UNKNOWN
RTDR-D8BBC88686D6EBB8632707D9,2023-06-27|SPORTSBET-BALLARAT SYNTHETIC|R01,2023-06-27,SPORTSBET-BALLARAT SYNTHETIC,1100,NO_GOVERNED_SURFACE_CONDITION_LENGTH_PARAMETER,AUSTRALIAN_SYNTHETIC,,UNKNOWN
RTDR-9395146B65E7EE51F5AA68DD,2023-06-27|SPORTSBET-BALLARAT SYNTHETIC|R03,2023-06-27,SPORTSBET-BALLARAT SYNTHETIC,1400,NO_GOVERNED_SURFACE_CONDITION_LENGTH_PARAMETER,AUSTRALIAN_SYNTHETIC,,UNKNOWN
RTDR-D0305DB71C863195B734B6E3,2023-06-27|SPORTSBET-BALLARAT SYNTHETIC|R08,2023-06-27,SPORTSBET-BALLARAT SYNTHETIC,1500,NO_GOVERNED_SURFACE_CONDITION_LENGTH_PARAMETER,AUSTRALIAN_SYNTHETIC,,UNKNOWN
RTDR-76E592654D8F3BA64E6F76D1,2023-06-27|SPORTSBET-BALLARAT SYNTHETIC|R07,2023-06-27,SPORTSBET-BALLARAT SYNTHETIC,1200,NO_GOVERNED_SURFACE_CONDITION_LENGTH_PARAMETER,AUSTRALIAN_SYNTHETIC,,UNKNOWN
RTDR-5646FA34CA58BDBF245A24E1,2023-06-27|SPORTSBET-BALLARAT SYNTHETIC|R02,2023-06-27,SPORTSBET-BALLARAT SYNTHETIC,2100,NO_GOVERNED_SURFACE_CONDITION_LENGTH_PARAMETER,AUSTRALIAN_SYNTHETIC,,UNKNOWN
RTDR-5071798AE977A6C32CECB9E6,2024-06-03|SPORTSBET-WANGARATTA|R07,2024-06-03,SPORTSBET-WANGARATTA,900,NO_GOVERNED_SURFACE_CONDITION_LENGTH_PARAMETER,TURF,,UNKNOWN
RTDR-281F1BA1435D4D7A3507E704,2024-06-03|SPORTSBET-WANGARATTA|R08,2024-06-03,SPORTSBET-WANGARATTA,900,NO_GOVERNED_SURFACE_CONDITION_LENGTH_PARAMETER,TURF,,UNKNOWN
RTDR-CA3E85886F8FBD63BFBD17AA,2024-06-03|SPORTSBET-WANGARATTA|R09,2024-06-03,SPORTSBET-WANGARATTA,900,NO_GOVERNED_SURFACE_CONDITION_LENGTH_PARAMETER,TURF,,UNKNOWN
RTDR-5FAD357940B7D50DA1E0C284,2024-06-03|SPORTSBET-WANGARATTA|R10,2024-06-03,SPORTSBET-WANGARATTA,900,NO_GOVERNED_SURFACE_CONDITION_LENGTH_PARAMETER,TURF,,UNKNOWN
RTDR-BCB7304568FC05A6F1D7007D,2024-06-03|SPORTSBET-WANGARATTA|R11,2024-06-03,SPORTSBET-WANGARATTA,900,NO_GOVERNED_SURFACE_CONDITION_LENGTH_PARAMETER,TURF,,UNKNOWN
RTDR-E331EDECC788EC9C7E09CE8D,2024-06-03|SPORTSBET-WANGARATTA|R04,2024-06-03,SPORTSBET-WANGARATTA,900,NO_GOVERNED_SURFACE_CONDITION_LENGTH_PARAMETER,TURF,,UNKNOWN
RTDR-B05016A6C33955B052E3C5E6,2024-06-03|SPORTSBET-WANGARATTA|R05,2024-06-03,SPORTSBET-WANGARATTA,900,NO_GOVERNED_SURFACE_CONDITION_LENGTH_PARAMETER,TURF,,UNKNOWN
RTDR-249BDC7FA65CD4D17C5D0C73,2024-06-03|SPORTSBET-WANGARATTA|R06,2024-06-03,SPORTSBET-WANGARATTA,900,NO_GOVERNED_SURFACE_CONDITION_LENGTH_PARAMETER,TURF,,UNKNOWN
RTDR-8E907944A2E153EC3A21D232,2008-03-15|BET365 GEELONG SYNTHETIC|R02,2008-03-15,BET365 GEELONG SYNTHETIC,1900,NO_GOVERNED_SURFACE_CONDITION_LENGTH_PARAMETER,AUSTRALIAN_SYNTHETIC,,UNKNOWN
RTDR-D277B51A72EE13D6E2D9C4FE,2008-03-15|BET365 GEELONG SYNTHETIC|R07,2008-03-15,BET365 GEELONG SYNTHETIC,1300,NO_GOVERNED_SURFACE_CONDITION_LENGTH_PARAMETER,AUSTRALIAN_SYNTHETIC,,UNKNOWN
RTDR-D3193BCADE582D4C36DD1164,2008-03-15|BET365 GEELONG SYNTHETIC|R08,2008-03-15,BET365 GEELONG SYNTHETIC,1300,NO_GOVERNED_SURFACE_CONDITION_LENGTH_PARAMETER,AUSTRALIAN_SYNTHETIC,,UNKNOWN
RTDR-91EB78A093715F3F6B6CB97D,2008-03-15|BET365 GEELONG SYNTHETIC|R03,2008-03-15,BET365 GEELONG SYNTHETIC,1900,NO_GOVERNED_SURFACE_CONDITION_LENGTH_PARAMETER,AUSTRALIAN_SYNTHETIC,,UNKNOWN
RTDR-8F882FC63363610637D498D7,2008-03-15|BET365 GEELONG SYNTHETIC|R06,2008-03-15,BET365 GEELONG SYNTHETIC,1200,NO_GOVERNED_SURFACE_CONDITION_LENGTH_PARAMETER,AUSTRALIAN_SYNTHETIC,,UNKNOWN
RTDR-5D56D496312AB8A0AE05E5AE,2008-03-15|BET365 GEELONG SYNTHETIC|R01,2008-03-15,BET365 GEELONG SYNTHETIC,2200,NO_GOVERNED_SURFACE_CONDITION_LENGTH_PARAMETER,AUSTRALIAN_SYNTHETIC,,UNKNOWN
RTDR-35B210F1CD716F70BC7441B4,2008-03-15|BET365 GEELONG SYNTHETIC|R04,2008-03-15,BET365 GEELONG SYNTHETIC,1300,NO_GOVERNED_SURFACE_CONDITION_LENGTH_PARAMETER,AUSTRALIAN_SYNTHETIC,,UNKNOWN
RTDR-0F5A675D5D4F2DF88A080463,2008-03-15|BET365 GEELONG SYNTHETIC|R05,2008-03-15,BET365 GEELONG SYNTHETIC,1100,NO_GOVERNED_SURFACE_CONDITION_LENGTH_PARAMETER,AUSTRALIAN_SYNTHETIC,,UNKNOWN
RTDR-6AEB5F268C40DFB616002193,2008-03-24|BET365 GEELONG SYNTHETIC|R03,2008-03-24,BET365 GEELONG SYNTHETIC,1100,NO_GOVERNED_SURFACE_CONDITION_LENGTH_PARAMETER,AUSTRALIAN_SYNTHETIC,,UNKNOWN
RTDR-25C1A365D16680C62A57840E,2008-03-24|BET365 GEELONG SYNTHETIC|R01,2008-03-24,BET365 GEELONG SYNTHETIC,1100,NO_GOVERNED_SURFACE_CONDITION_LENGTH_PARAMETER,AUSTRALIAN_SYNTHETIC,,UNKNOWN
RTDR-36F52C46D6F2B01CF7D4AABA,2008-03-24|BET365 GEELONG SYNTHETIC|R05,2008-03-24,BET365 GEELONG SYNTHETIC,1300,NO_GOVERNED_SURFACE_CONDITION_LENGTH_PARAMETER,AUSTRALIAN_SYNTHETIC,,UNKNOWN
RTDR-81FD6119BD8B24A92368ABF1,2008-03-24|BET365 GEELONG SYNTHETIC|R08,2008-03-24,BET365 GEELONG SYNTHETIC,1200,NO_GOVERNED_SURFACE_CONDITION_LENGTH_PARAMETER,AUSTRALIAN_SYNTHETIC,,UNKNOWN
RTDR-353AC960C6F775F902E77C28,2008-03-24|BET365 GEELONG SYNTHETIC|R07,2008-03-24,BET365 GEELONG SYNTHETIC,1200,NO_GOVERNED_SURFACE_CONDITION_LENGTH_PARAMETER,AUSTRALIAN_SYNTHETIC,,UNKNOWN
RTDR-F7BE8B00D845CBACBF5B6C86,2008-03-24|BET365 GEELONG SYNTHETIC|R04,2008-03-24,BET365 GEELONG SYNTHETIC,1900,NO_GOVERNED_SURFACE_CONDITION_LENGTH_PARAMETER,AUSTRALIAN_SYNTHETIC,,UNKNOWN
RTDR-EA24D15DF28A717BD71E5F81,2008-03-24|BET365 GEELONG SYNTHETIC|R02,2008-03-24,BET365 GEELONG SYNTHETIC,2200,NO_GOVERNED_SURFACE_CONDITION_LENGTH_PARAMETER,AUSTRALIAN_SYNTHETIC,,UNKNOWN
RTDR-3E7FB636D18F4C6B30C3035E,2008-03-24|BET365 GEELONG SYNTHETIC|R06,2008-03-24,BET365 GEELONG SYNTHETIC,1300,NO_GOVERNED_SURFACE_CONDITION_LENGTH_PARAMETER,AUSTRALIAN_SYNTHETIC,,UNKNOWN
RTDR-F12A2910FB9869EE674803D3,2013-03-02|BET365 GEELONG SYNTHETIC|R03,2013-03-02,BET365 GEELONG SYNTHETIC,1000,NO_GOVERNED_SURFACE_CONDITION_LENGTH_PARAMETER,AUSTRALIAN_SYNTHETIC,,UNKNOWN
RTDR-A6089EB6DBBA3DF097E1C87B,2013-03-02|BET365 GEELONG SYNTHETIC|R02,2013-03-02,BET365 GEELONG SYNTHETIC,1100,NO_GOVERNED_SURFACE_CONDITION_LENGTH_PARAMETER,AUSTRALIAN_SYNTHETIC,,UNKNOWN
RTDR-A3966AD8B1AF8846C4C6457F,2013-03-02|BET365 GEELONG SYNTHETIC|R01,2013-03-02,BET365 GEELONG SYNTHETIC,1900,NO_GOVERNED_SURFACE_CONDITION_LENGTH_PARAMETER,AUSTRALIAN_SYNTHETIC,,UNKNOWN
RTDR-65D9DD34AC10134BED69E20E,2013-03-02|BET365 GEELONG SYNTHETIC|R06,2013-03-02,BET365 GEELONG SYNTHETIC,1000,NO_GOVERNED_SURFACE_CONDITION_LENGTH_PARAMETER,AUSTRALIAN_SYNTHETIC,,UNKNOWN
RTDR-220CD64C11A6F7396434A9DB,2013-03-02|BET365 GEELONG SYNTHETIC|R07,2013-03-02,BET365 GEELONG SYNTHETIC,2000,NO_GOVERNED_SURFACE_CONDITION_LENGTH_PARAMETER,AUSTRALIAN_SYNTHETIC,,UNKNOWN
RTDR-93740E65041540B11ADF2E08,2013-03-02|BET365 GEELONG SYNTHETIC|R05,2013-03-02,BET365 GEELONG SYNTHETIC,1200,NO_GOVERNED_SURFACE_CONDITION_LENGTH_PARAMETER,AUSTRALIAN_SYNTHETIC,,UNKNOWN
RTDR-77C1C6807686D69BAAE96467,2013-03-02|BET365 GEELONG SYNTHETIC|R04,2013-03-02,BET365 GEELONG SYNTHETIC,1900,NO_GOVERNED_SURFACE_CONDITION_LENGTH_PARAMETER,AUSTRALIAN_SYNTHETIC,,UNKNOWN
RTDR-C60549A757AA630C8484F875,2013-03-16|BET365 GEELONG SYNTHETIC|R01,2013-03-16,BET365 GEELONG SYNTHETIC,1000,NO_GOVERNED_SURFACE_CONDITION_LENGTH_PARAMETER,AUSTRALIAN_SYNTHETIC,,UNKNOWN
RTDR-4E7B2E37AA46F7CA6D11CEA0,2013-03-16|BET365 GEELONG SYNTHETIC|R02,2013-03-16,BET365 GEELONG SYNTHETIC,1100,NO_GOVERNED_SURFACE_CONDITION_LENGTH_PARAMETER,AUSTRALIAN_SYNTHETIC,,UNKNOWN
RTDR-9CE5BAA5D280BD61DC68058F,2013-03-16|BET365 GEELONG SYNTHETIC|R03,2013-03-16,BET365 GEELONG SYNTHETIC,1300,NO_GOVERNED_SURFACE_CONDITION_LENGTH_PARAMETER,AUSTRALIAN_SYNTHETIC,,UNKNOWN
RTDR-3E395083E7D661299CB2071B,2013-03-16|BET365 GEELONG SYNTHETIC|R04,2013-03-16,BET365 GEELONG SYNTHETIC,1900,NO_GOVERNED_SURFACE_CONDITION_LENGTH_PARAMETER,AUSTRALIAN_SYNTHETIC,,UNKNOWN
RTDR-1860EF2398D49A65265C8C79,2013-03-16|BET365 GEELONG SYNTHETIC|R08,2013-03-16,BET365 GEELONG SYNTHETIC,1300,NO_GOVERNED_SURFACE_CONDITION_LENGTH_PARAMETER,AUSTRALIAN_SYNTHETIC,,UNKNOWN
RTDR-A26AF02CD7EF0186BAD044EA,2013-03-16|BET365 GEELONG SYNTHETIC|R07,2013-03-16,BET365 GEELONG SYNTHETIC,2000,NO_GOVERNED_SURFACE_CONDITION_LENGTH_PARAMETER,AUSTRALIAN_SYNTHETIC,,UNKNOWN
RTDR-B8E04DE6369E87DD803053F8,2013-03-16|BET365 GEELONG SYNTHETIC|R05,2013-03-16,BET365 GEELONG SYNTHETIC,1100,NO_GOVERNED_SURFACE_CONDITION_LENGTH_PARAMETER,AUSTRALIAN_SYNTHETIC,,UNKNOWN
RTDR-87A7C5B4B0E719B6522445E2,2013-03-16|BET365 GEELONG SYNTHETIC|R06,2013-03-16,BET365 GEELONG SYNTHETIC,1900,NO_GOVERNED_SURFACE_CONDITION_LENGTH_PARAMETER,AUSTRALIAN_SYNTHETIC,,UNKNOWN
RTDR-CF62879DB263694BCA8E086D,2026-03-26|CAULFIELD HEATH|R01,2026-03-26,CAULFIELD HEATH,800,NO_GOVERNED_SURFACE_CONDITION_LENGTH_PARAMETER,TURF,0,UNKNOWN
RTDR-56A7B25D42022645251ACDF1,2026-03-26|CAULFIELD HEATH|R06,2026-03-26,CAULFIELD HEATH,1000,NO_GOVERNED_SURFACE_CONDITION_LENGTH_PARAMETER,TURF,0,UNKNOWN
RTDR-39E83D0D36E50BDDD0B5A4A4,2026-03-26|CAULFIELD HEATH|R07,2026-03-26,CAULFIELD HEATH,1000,NO_GOVERNED_SURFACE_CONDITION_LENGTH_PARAMETER,TURF,0,UNKNOWN
RTDR-40B4398ED465A5295031C916,2026-03-26|CAULFIELD HEATH|R08,2026-03-26,CAULFIELD HEATH,1000,NO_GOVERNED_SURFACE_CONDITION_LENGTH_PARAMETER,TURF,0,UNKNOWN
RTDR-8D80B77CB5C433D80E7644AD,2026-03-26|CAULFIELD HEATH|R09,2026-03-26,CAULFIELD HEATH,1000,NO_GOVERNED_SURFACE_CONDITION_LENGTH_PARAMETER,TURF,0,UNKNOWN
RTDR-122B422308946F4C1CACD617,2026-03-26|CAULFIELD HEATH|R10,2026-03-26,CAULFIELD HEATH,1000,NO_GOVERNED_SURFACE_CONDITION_LENGTH_PARAMETER,TURF,0,UNKNOWN
RTDR-4716E777B97E92D3376DB7A2,2026-03-26|CAULFIELD HEATH|R11,2026-03-26,CAULFIELD HEATH,800,NO_GOVERNED_SURFACE_CONDITION_LENGTH_PARAMETER,TURF,0,UNKNOWN
RTDR-E8931CFACF6439259E9BB41E,2026-03-26|CAULFIELD HEATH|R12,2026-03-26,CAULFIELD HEATH,800,NO_GOVERNED_SURFACE_CONDITION_LENGTH_PARAMETER,TURF,0,UNKNOWN
RTDR-970828308D85093D9B6E6CDE,2026-03-26|CAULFIELD HEATH|R13,2026-03-26,CAULFIELD HEATH,800,NO_GOVERNED_SURFACE_CONDITION_LENGTH_PARAMETER,TURF,0,UNKNOWN
RTDR-E07369271086EACE3076D034,2026-03-26|CAULFIELD HEATH|R14,2026-03-26,CAULFIELD HEATH,800,NO_GOVERNED_SURFACE_CONDITION_LENGTH_PARAMETER,TURF,0,UNKNOWN
RTDR-53C6B507FCC6D6E57A7FC59F,2026-03-26|CAULFIELD HEATH|R15,2026-03-26,CAULFIELD HEATH,800,NO_GOVERNED_SURFACE_CONDITION_LENGTH_PARAMETER,TURF,0,UNKNOWN
RTDR-27D6AE2DAA00FB414305056E,2026-03-26|CAULFIELD HEATH|R16,2026-03-26,CAULFIELD HEATH,800,NO_GOVERNED_SURFACE_CONDITION_LENGTH_PARAMETER,TURF,0,UNKNOWN
RTDR-0F13FA6A3279BE51B34C6C97,2026-03-26|CAULFIELD HEATH|R02,2026-03-26,CAULFIELD HEATH,1000,NO_GOVERNED_SURFACE_CONDITION_LENGTH_PARAMETER,TURF,0,UNKNOWN
RTDR-1A7B81B24A72BE093BE7E4BA,2026-03-26|CAULFIELD HEATH|R03,2026-03-26,CAULFIELD HEATH,1000,NO_GOVERNED_SURFACE_CONDITION_LENGTH_PARAMETER,TURF,0,UNKNOWN
RTDR-90A67B5CFD7E3E873CA74188,2008-05-11|BET365 GEELONG SYNTHETIC|R03,2008-05-11,BET365 GEELONG SYNTHETIC,1200,NO_GOVERNED_SURFACE_CONDITION_LENGTH_PARAMETER,AUSTRALIAN_SYNTHETIC,,UNKNOWN
RTDR-34E4F35574A4F13D97754346,2008-05-11|BET365 GEELONG SYNTHETIC|R04,2008-05-11,BET365 GEELONG SYNTHETIC,1100,NO_GOVERNED_SURFACE_CONDITION_LENGTH_PARAMETER,AUSTRALIAN_SYNTHETIC,,UNKNOWN
RTDR-9CAB9DE6C7C6DDB6248AFC12,2008-05-11|BET365 GEELONG SYNTHETIC|R01,2008-05-11,BET365 GEELONG SYNTHETIC,1550,NO_GOVERNED_SURFACE_CONDITION_LENGTH_PARAMETER,AUSTRALIAN_SYNTHETIC,,UNKNOWN
RTDR-14221D469B542C8B3BE2D8B7,2008-05-11|BET365 GEELONG SYNTHETIC|R08,2008-05-11,BET365 GEELONG SYNTHETIC,1200,NO_GOVERNED_SURFACE_CONDITION_LENGTH_PARAMETER,AUSTRALIAN_SYNTHETIC,,UNKNOWN
RTDR-B773BFC711F4839A772FA8D5,2008-05-11|BET365 GEELONG SYNTHETIC|R07,2008-05-11,BET365 GEELONG SYNTHETIC,1900,NO_GOVERNED_SURFACE_CONDITION_LENGTH_PARAMETER,AUSTRALIAN_SYNTHETIC,,UNKNOWN
RTDR-0D85BED3A1238C82BCD437F9,2008-05-11|BET365 GEELONG SYNTHETIC|R02,2008-05-11,BET365 GEELONG SYNTHETIC,1200,NO_GOVERNED_SURFACE_CONDITION_LENGTH_PARAMETER,AUSTRALIAN_SYNTHETIC,,UNKNOWN
RTDR-A02BB5BBF5D2F5BE788655F9,2008-05-11|BET365 GEELONG SYNTHETIC|R05,2008-05-11,BET365 GEELONG SYNTHETIC,2200,NO_GOVERNED_SURFACE_CONDITION_LENGTH_PARAMETER,AUSTRALIAN_SYNTHETIC,,UNKNOWN
RTDR-970246F6137A8E73FA185722,2008-05-11|BET365 GEELONG SYNTHETIC|R06,2008-05-11,BET365 GEELONG SYNTHETIC,1300,NO_GOVERNED_SURFACE_CONDITION_LENGTH_PARAMETER,AUSTRALIAN_SYNTHETIC,,UNKNOWN
RTDR-36352321FCEED183591A0E73,2008-05-23|BET365 GEELONG SYNTHETIC|R04,2008-05-23,BET365 GEELONG SYNTHETIC,1000,NO_GOVERNED_SURFACE_CONDITION_LENGTH_PARAMETER,AUSTRALIAN_SYNTHETIC,,UNKNOWN
RTDR-4DC16AD07DC542A2834AC760,2008-05-23|BET365 GEELONG SYNTHETIC|R05,2008-05-23,BET365 GEELONG SYNTHETIC,1200,NO_GOVERNED_SURFACE_CONDITION_LENGTH_PARAMETER,AUSTRALIAN_SYNTHETIC,,UNKNOWN
RTDR-A7B53704DA90F3DD4AA63E87,2008-05-23|BET365 GEELONG SYNTHETIC|R03,2008-05-23,BET365 GEELONG SYNTHETIC,2200,NO_GOVERNED_SURFACE_CONDITION_LENGTH_PARAMETER,AUSTRALIAN_SYNTHETIC,,UNKNOWN
RTDR-15D0D3A0CF713CC6601DEA06,2008-05-23|BET365 GEELONG SYNTHETIC|R08,2008-05-23,BET365 GEELONG SYNTHETIC,1000,NO_GOVERNED_SURFACE_CONDITION_LENGTH_PARAMETER,AUSTRALIAN_SYNTHETIC,,UNKNOWN
RTDR-F08BDFC1A472BE2E9A90BF3A,2008-05-23|BET365 GEELONG SYNTHETIC|R06,2008-05-23,BET365 GEELONG SYNTHETIC,1900,NO_GOVERNED_SURFACE_CONDITION_LENGTH_PARAMETER,AUSTRALIAN_SYNTHETIC,,UNKNOWN
RTDR-692A8BB922E57DE46806555F,2008-05-23|BET365 GEELONG SYNTHETIC|R07,2008-05-23,BET365 GEELONG SYNTHETIC,1100,NO_GOVERNED_SURFACE_CONDITION_LENGTH_PARAMETER,AUSTRALIAN_SYNTHETIC,,UNKNOWN
RTDR-F7F441454D7D4D0A47685C7A,2008-05-23|BET365 GEELONG SYNTHETIC|R09,2008-05-23,BET365 GEELONG SYNTHETIC,1300,NO_GOVERNED_SURFACE_CONDITION_LENGTH_PARAMETER,AUSTRALIAN_SYNTHETIC,,UNKNOWN
RTDR-49239B052B4A099445610A69,2008-05-23|BET365 GEELONG SYNTHETIC|R10,2008-05-23,BET365 GEELONG SYNTHETIC,1300,NO_GOVERNED_SURFACE_CONDITION_LENGTH_PARAMETER,AUSTRALIAN_SYNTHETIC,,UNKNOWN
RTDR-1607093034451C549A83332D,2008-05-23|BET365 GEELONG SYNTHETIC|R01,2008-05-23,BET365 GEELONG SYNTHETIC,1100,NO_GOVERNED_SURFACE_CONDITION_LENGTH_PARAMETER,AUSTRALIAN_SYNTHETIC,,UNKNOWN
RTDR-83EFB320EA705E3CA0B0087A,2008-05-23|BET365 GEELONG SYNTHETIC|R02,2008-05-23,BET365 GEELONG SYNTHETIC,1100,NO_GOVERNED_SURFACE_CONDITION_LENGTH_PARAMETER,AUSTRALIAN_SYNTHETIC,,UNKNOWN
RTDR-1D4209D5CEBDBC30FBC098B0,2012-05-06|BET365 GEELONG SYNTHETIC|R04,2012-05-06,BET365 GEELONG SYNTHETIC,1300,NO_GOVERNED_SURFACE_CONDITION_LENGTH_PARAMETER,AUSTRALIAN_SYNTHETIC,,UNKNOWN
RTDR-DD81523AD1B58492D04752A5,2012-05-06|BET365 GEELONG SYNTHETIC|R05,2012-05-06,BET365 GEELONG SYNTHETIC,1300,NO_GOVERNED_SURFACE_CONDITION_LENGTH_PARAMETER,AUSTRALIAN_SYNTHETIC,,UNKNOWN
RTDR-3102C938306FFB979D0DD3AA,2012-05-06|BET365 GEELONG SYNTHETIC|R02,2012-05-06,BET365 GEELONG SYNTHETIC,1100,NO_GOVERNED_SURFACE_CONDITION_LENGTH_PARAMETER,AUSTRALIAN_SYNTHETIC,,UNKNOWN
RTDR-FD7B205C10D6C69F1893AA83,2012-05-06|BET365 GEELONG SYNTHETIC|R01,2012-05-06,BET365 GEELONG SYNTHETIC,1000,NO_GOVERNED_SURFACE_CONDITION_LENGTH_PARAMETER,AUSTRALIAN_SYNTHETIC,,UNKNOWN
RTDR-9909166678582DB94326AECF,2012-05-06|BET365 GEELONG SYNTHETIC|R03,2012-05-06,BET365 GEELONG SYNTHETIC,1100,NO_GOVERNED_SURFACE_CONDITION_LENGTH_PARAMETER,AUSTRALIAN_SYNTHETIC,,UNKNOWN
RTDR-A04A15929A6F78BA14C4695D,2012-05-06|BET365 GEELONG SYNTHETIC|R06,2012-05-06,BET365 GEELONG SYNTHETIC,1100,NO_GOVERNED_SURFACE_CONDITION_LENGTH_PARAMETER,AUSTRALIAN_SYNTHETIC,,UNKNOWN
RTDR-4753BB538C58A2C6DE75F0D5,2012-05-06|BET365 GEELONG SYNTHETIC|R08,2012-05-06,BET365 GEELONG SYNTHETIC,1300,NO_GOVERNED_SURFACE_CONDITION_LENGTH_PARAMETER,AUSTRALIAN_SYNTHETIC,,UNKNOWN
RTDR-A718369CB8585CBAEC5763EE,2012-05-06|BET365 GEELONG SYNTHETIC|R09,2012-05-06,BET365 GEELONG SYNTHETIC,1300,NO_GOVERNED_SURFACE_CONDITION_LENGTH_PARAMETER,AUSTRALIAN_SYNTHETIC,,UNKNOWN
RTDR-BFE98FD06F8EF9BDC44E6AC7,2012-05-06|BET365 GEELONG SYNTHETIC|R07,2012-05-06,BET365 GEELONG SYNTHETIC,2000,NO_GOVERNED_SURFACE_CONDITION_LENGTH_PARAMETER,AUSTRALIAN_SYNTHETIC,,UNKNOWN
RTDR-5E95E0A63EAE94F25FCCDC72,2012-05-11|BET365 GEELONG SYNTHETIC|R05,2012-05-11,BET365 GEELONG SYNTHETIC,1300,NO_GOVERNED_SURFACE_CONDITION_LENGTH_PARAMETER,AUSTRALIAN_SYNTHETIC,,UNKNOWN
RTDR-4787BE91933CEC0974A85D33,2012-05-11|BET365 GEELONG SYNTHETIC|R06,2012-05-11,BET365 GEELONG SYNTHETIC,1300,NO_GOVERNED_SURFACE_CONDITION_LENGTH_PARAMETER,AUSTRALIAN_SYNTHETIC,,UNKNOWN
RTDR-781DC2728B7FC0AB50B4FAFE,2012-05-11|BET365 GEELONG SYNTHETIC|R04,2012-05-11,BET365 GEELONG SYNTHETIC,1200,NO_GOVERNED_SURFACE_CONDITION_LENGTH_PARAMETER,AUSTRALIAN_SYNTHETIC,,UNKNOWN
RTDR-2157E91F8345C2BF8D0262A2,2012-05-11|BET365 GEELONG SYNTHETIC|R01,2012-05-11,BET365 GEELONG SYNTHETIC,1000,NO_GOVERNED_SURFACE_CONDITION_LENGTH_PARAMETER,AUSTRALIAN_SYNTHETIC,,UNKNOWN
RTDR-5FCC889816DDC57C9C2BECD3,2012-05-11|BET365 GEELONG SYNTHETIC|R03,2012-05-11,BET365 GEELONG SYNTHETIC,2000,NO_GOVERNED_SURFACE_CONDITION_LENGTH_PARAMETER,AUSTRALIAN_SYNTHETIC,,UNKNOWN
RTDR-605F5E50922113057EEFCED4,2012-05-11|BET365 GEELONG SYNTHETIC|R08,2012-05-11,BET365 GEELONG SYNTHETIC,1000,NO_GOVERNED_SURFACE_CONDITION_LENGTH_PARAMETER,AUSTRALIAN_SYNTHETIC,,UNKNOWN
RTDR-B59F46704F11E73B18D1DA72,2012-05-11|BET365 GEELONG SYNTHETIC|R07,2012-05-11,BET365 GEELONG SYNTHETIC,1900,NO_GOVERNED_SURFACE_CONDITION_LENGTH_PARAMETER,AUSTRALIAN_SYNTHETIC,,UNKNOWN
RTDR-11BA61BAADA8F0559CA21573,2012-05-11|BET365 GEELONG SYNTHETIC|R02,2012-05-11,BET365 GEELONG SYNTHETIC,1900,NO_GOVERNED_SURFACE_CONDITION_LENGTH_PARAMETER,AUSTRALIAN_SYNTHETIC,,UNKNOWN
RTDR-F777594866A95C1FB360AAF9,2012-05-11|BET365 GEELONG SYNTHETIC|R09,2012-05-11,BET365 GEELONG SYNTHETIC,1000,NO_GOVERNED_SURFACE_CONDITION_LENGTH_PARAMETER,AUSTRALIAN_SYNTHETIC,,UNKNOWN
RTDR-009BA4990C679A80D1ED410F,2012-05-18|BET365 GEELONG SYNTHETIC|R03,2012-05-18,BET365 GEELONG SYNTHETIC,1100,NO_GOVERNED_SURFACE_CONDITION_LENGTH_PARAMETER,AUSTRALIAN_SYNTHETIC,,UNKNOWN
RTDR-14FB8F77D899AD8E36ECF0FB,2012-05-18|BET365 GEELONG SYNTHETIC|R01,2012-05-18,BET365 GEELONG SYNTHETIC,1000,NO_GOVERNED_SURFACE_CONDITION_LENGTH_PARAMETER,AUSTRALIAN_SYNTHETIC,,UNKNOWN
RTDR-21FD8F7C327127A94A7AFFDF,2012-05-18|BET365 GEELONG SYNTHETIC|R02,2012-05-18,BET365 GEELONG SYNTHETIC,1100,NO_GOVERNED_SURFACE_CONDITION_LENGTH_PARAMETER,AUSTRALIAN_SYNTHETIC,,UNKNOWN
RTDR-722543DCB6F0F1FC6E1766B6,2012-05-18|BET365 GEELONG SYNTHETIC|R04,2012-05-18,BET365 GEELONG SYNTHETIC,1300,NO_GOVERNED_SURFACE_CONDITION_LENGTH_PARAMETER,AUSTRALIAN_SYNTHETIC,,UNKNOWN
RTDR-61A393CFEE2F91F898117097,2012-05-18|BET365 GEELONG SYNTHETIC|R07,2012-05-18,BET365 GEELONG SYNTHETIC,1200,NO_GOVERNED_SURFACE_CONDITION_LENGTH_PARAMETER,AUSTRALIAN_SYNTHETIC,,UNKNOWN
RTDR-C06FD51400D44AE821BA97C9,2012-05-18|BET365 GEELONG SYNTHETIC|R06,2012-05-18,BET365 GEELONG SYNTHETIC,2200,NO_GOVERNED_SURFACE_CONDITION_LENGTH_PARAMETER,AUSTRALIAN_SYNTHETIC,,UNKNOWN
RTDR-C62747EB18E53EFD450FB9F1,2012-05-18|BET365 GEELONG SYNTHETIC|R05,2012-05-18,BET365 GEELONG SYNTHETIC,1900,NO_GOVERNED_SURFACE_CONDITION_LENGTH_PARAMETER,AUSTRALIAN_SYNTHETIC,,UNKNOWN
RTDR-73B8F4D9BAA5C5E14234880D,2012-05-18|BET365 GEELONG SYNTHETIC|R08,2012-05-18,BET365 GEELONG SYNTHETIC,1200,NO_GOVERNED_SURFACE_CONDITION_LENGTH_PARAMETER,AUSTRALIAN_SYNTHETIC,,UNKNOWN
RTDR-CE266BAA82D0AD92F244BE9B,2012-05-22|BET365 GEELONG SYNTHETIC|R02,2012-05-22,BET365 GEELONG SYNTHETIC,1200,NO_GOVERNED_SURFACE_CONDITION_LENGTH_PARAMETER,AUSTRALIAN_SYNTHETIC,,UNKNOWN
RTDR-93C0C4405B06F554DDD5CA2E,2012-05-22|BET365 GEELONG SYNTHETIC|R03,2012-05-22,BET365 GEELONG SYNTHETIC,1200,NO_GOVERNED_SURFACE_CONDITION_LENGTH_PARAMETER,AUSTRALIAN_SYNTHETIC,,UNKNOWN
RTDR-2C43F7DAD77CB34C973CC1BC,2012-05-22|BET365 GEELONG SYNTHETIC|R07,2012-05-22,BET365 GEELONG SYNTHETIC,1300,NO_GOVERNED_SURFACE_CONDITION_LENGTH_PARAMETER,AUSTRALIAN_SYNTHETIC,,UNKNOWN
RTDR-63E2AD9B8E6D4193B024E982,2012-05-22|BET365 GEELONG SYNTHETIC|R08,2012-05-22,BET365 GEELONG SYNTHETIC,1300,NO_GOVERNED_SURFACE_CONDITION_LENGTH_PARAMETER,AUSTRALIAN_SYNTHETIC,,UNKNOWN
RTDR-9E20F6B0BC7BDB9D8E5FC944,2012-05-22|BET365 GEELONG SYNTHETIC|R04,2012-05-22,BET365 GEELONG SYNTHETIC,1300,NO_GOVERNED_SURFACE_CONDITION_LENGTH_PARAMETER,AUSTRALIAN_SYNTHETIC,,UNKNOWN
RTDR-6D65DDA198D03CBAE3CCB317,2012-05-22|BET365 GEELONG SYNTHETIC|R05,2012-05-22,BET365 GEELONG SYNTHETIC,1300,NO_GOVERNED_SURFACE_CONDITION_LENGTH_PARAMETER,AUSTRALIAN_SYNTHETIC,,UNKNOWN
RTDR-8BB3909D8936E67E24F4477B,2012-05-22|BET365 GEELONG SYNTHETIC|R01,2012-05-22,BET365 GEELONG SYNTHETIC,2200,NO_GOVERNED_SURFACE_CONDITION_LENGTH_PARAMETER,AUSTRALIAN_SYNTHETIC,,UNKNOWN
RTDR-D8044E80278FD05F03E3F784,2012-05-22|BET365 GEELONG SYNTHETIC|R06,2012-05-22,BET365 GEELONG SYNTHETIC,1000,NO_GOVERNED_SURFACE_CONDITION_LENGTH_PARAMETER,AUSTRALIAN_SYNTHETIC,,UNKNOWN
RTDR-6C6875A592B506149615FAB7,2012-05-22|BET365 GEELONG SYNTHETIC|R09,2012-05-22,BET365 GEELONG SYNTHETIC,2000,NO_GOVERNED_SURFACE_CONDITION_LENGTH_PARAMETER,AUSTRALIAN_SYNTHETIC,,UNKNOWN
RTDR-ABDC20BA11C7958B19004D81,2012-05-22|BET365 GEELONG SYNTHETIC|R10,2012-05-22,BET365 GEELONG SYNTHETIC,1300,NO_GOVERNED_SURFACE_CONDITION_LENGTH_PARAMETER,AUSTRALIAN_SYNTHETIC,,UNKNOWN
RTDR-FC71AFEB9BB50411010D9888,2012-05-25|BET365 GEELONG SYNTHETIC|R01,2012-05-25,BET365 GEELONG SYNTHETIC,1100,NO_GOVERNED_SURFACE_CONDITION_LENGTH_PARAMETER,AUSTRALIAN_SYNTHETIC,,UNKNOWN
RTDR-84FD17A7C628A00733264DB5,2012-05-25|BET365 GEELONG SYNTHETIC|R02,2012-05-25,BET365 GEELONG SYNTHETIC,1200,NO_GOVERNED_SURFACE_CONDITION_LENGTH_PARAMETER,AUSTRALIAN_SYNTHETIC,,UNKNOWN
RTDR-865E0CB3BA0B7C8CB99DF81C,2012-05-29|BET365 GEELONG SYNTHETIC|R07,2012-05-29,BET365 GEELONG SYNTHETIC,1300,NO_GOVERNED_SURFACE_CONDITION_LENGTH_PARAMETER,AUSTRALIAN_SYNTHETIC,,UNKNOWN
RTDR-D9CCCBD2B0DD71E8F18D03C8,2012-05-29|BET365 GEELONG SYNTHETIC|R06,2012-05-29,BET365 GEELONG SYNTHETIC,1300,NO_GOVERNED_SURFACE_CONDITION_LENGTH_PARAMETER,AUSTRALIAN_SYNTHETIC,,UNKNOWN
RTDR-7AA271F8FC8C54A247B402C5,2012-05-29|BET365 GEELONG SYNTHETIC|R02,2012-05-29,BET365 GEELONG SYNTHETIC,1000,NO_GOVERNED_SURFACE_CONDITION_LENGTH_PARAMETER,AUSTRALIAN_SYNTHETIC,,UNKNOWN
RTDR-8ED25678A7248886929CA7BD,2012-05-29|BET365 GEELONG SYNTHETIC|R01,2012-05-29,BET365 GEELONG SYNTHETIC,1200,NO_GOVERNED_SURFACE_CONDITION_LENGTH_PARAMETER,AUSTRALIAN_SYNTHETIC,,UNKNOWN
RTDR-674122324967BC25E7303CD9,2012-05-29|BET365 GEELONG SYNTHETIC|R04,2012-05-29,BET365 GEELONG SYNTHETIC,1300,NO_GOVERNED_SURFACE_CONDITION_LENGTH_PARAMETER,AUSTRALIAN_SYNTHETIC,,UNKNOWN
RTDR-13AA7EA96D0BF632AB242F64,2012-05-29|BET365 GEELONG SYNTHETIC|R03,2012-05-29,BET365 GEELONG SYNTHETIC,1900,NO_GOVERNED_SURFACE_CONDITION_LENGTH_PARAMETER,AUSTRALIAN_SYNTHETIC,,UNKNOWN
RTDR-1777F2B5797DD0FC264FF75D,2012-05-29|BET365 GEELONG SYNTHETIC|R05,2012-05-29,BET365 GEELONG SYNTHETIC,1100,NO_GOVERNED_SURFACE_CONDITION_LENGTH_PARAMETER,AUSTRALIAN_SYNTHETIC,,UNKNOWN
RTDR-6A7CCDFF4692C3A5C7F6D896,2012-05-29|BET365 GEELONG SYNTHETIC|R08,2012-05-29,BET365 GEELONG SYNTHETIC,1900,NO_GOVERNED_SURFACE_CONDITION_LENGTH_PARAMETER,AUSTRALIAN_SYNTHETIC,,UNKNOWN
RTDR-1FC8430E4072BD306CA64F47,2012-05-29|BET365 GEELONG SYNTHETIC|R09,2012-05-29,BET365 GEELONG SYNTHETIC,1100,NO_GOVERNED_SURFACE_CONDITION_LENGTH_PARAMETER,AUSTRALIAN_SYNTHETIC,,UNKNOWN
RTDR-300B751CD822628116BC78F7,2013-05-05|BET365 GEELONG SYNTHETIC|R01,2013-05-05,BET365 GEELONG SYNTHETIC,1100,NO_GOVERNED_SURFACE_CONDITION_LENGTH_PARAMETER,AUSTRALIAN_SYNTHETIC,,UNKNOWN
RTDR-4D54F061FBA587B4D70FC4AD,2013-05-05|BET365 GEELONG SYNTHETIC|R02,2013-05-05,BET365 GEELONG SYNTHETIC,1100,NO_GOVERNED_SURFACE_CONDITION_LENGTH_PARAMETER,AUSTRALIAN_SYNTHETIC,,UNKNOWN
RTDR-10B939831B120BD41A07DCD9,2013-05-05|BET365 GEELONG SYNTHETIC|R03,2013-05-05,BET365 GEELONG SYNTHETIC,1300,NO_GOVERNED_SURFACE_CONDITION_LENGTH_PARAMETER,AUSTRALIAN_SYNTHETIC,,UNKNOWN
RTDR-F80C42CAE4688BC5531CE29D,2013-05-05|BET365 GEELONG SYNTHETIC|R07,2013-05-05,BET365 GEELONG SYNTHETIC,1100,NO_GOVERNED_SURFACE_CONDITION_LENGTH_PARAMETER,AUSTRALIAN_SYNTHETIC,,UNKNOWN
RTDR-ABD10C11AB270046D7CAEDB1,2013-05-05|BET365 GEELONG SYNTHETIC|R05,2013-05-05,BET365 GEELONG SYNTHETIC,1300,NO_GOVERNED_SURFACE_CONDITION_LENGTH_PARAMETER,AUSTRALIAN_SYNTHETIC,,UNKNOWN
RTDR-D8B41673CDE2C17A8B5CAF99,2013-05-05|BET365 GEELONG SYNTHETIC|R08,2013-05-05,BET365 GEELONG SYNTHETIC,1900,NO_GOVERNED_SURFACE_CONDITION_LENGTH_PARAMETER,AUSTRALIAN_SYNTHETIC,,UNKNOWN
RTDR-0FB5BBEA7BD2FCBD80F859B6,2013-05-05|BET365 GEELONG SYNTHETIC|R04,2013-05-05,BET365 GEELONG SYNTHETIC,1300,NO_GOVERNED_SURFACE_CONDITION_LENGTH_PARAMETER,AUSTRALIAN_SYNTHETIC,,UNKNOWN
RTDR-569ABCD4B6258D9339A116A2,2013-05-05|BET365 GEELONG SYNTHETIC|R06,2013-05-05,BET365 GEELONG SYNTHETIC,2000,NO_GOVERNED_SURFACE_CONDITION_LENGTH_PARAMETER,AUSTRALIAN_SYNTHETIC,,UNKNOWN
RTDR-AF756D95564D9611F306F8B7,2013-05-10|BET365 GEELONG SYNTHETIC|R02,2013-05-10,BET365 GEELONG SYNTHETIC,1100,NO_GOVERNED_SURFACE_CONDITION_LENGTH_PARAMETER,AUSTRALIAN_SYNTHETIC,,UNKNOWN
RTDR-004E4CBC89B67BA1E83D9102,2013-05-10|BET365 GEELONG SYNTHETIC|R03,2013-05-10,BET365 GEELONG SYNTHETIC,1100,NO_GOVERNED_SURFACE_CONDITION_LENGTH_PARAMETER,AUSTRALIAN_SYNTHETIC,,UNKNOWN
RTDR-37065079CA5CB1520F0E08F3,2013-05-10|BET365 GEELONG SYNTHETIC|R01,2013-05-10,BET365 GEELONG SYNTHETIC,1200,NO_GOVERNED_SURFACE_CONDITION_LENGTH_PARAMETER,AUSTRALIAN_SYNTHETIC,,UNKNOWN
RTDR-858CAA0DDBE4C4507F0DB697,2013-05-10|BET365 GEELONG SYNTHETIC|R04,2013-05-10,BET365 GEELONG SYNTHETIC,2000,NO_GOVERNED_SURFACE_CONDITION_LENGTH_PARAMETER,AUSTRALIAN_SYNTHETIC,,UNKNOWN
RTDR-4035B741AB46F44C3AB1A23F,2013-05-10|BET365 GEELONG SYNTHETIC|R05,2013-05-10,BET365 GEELONG SYNTHETIC,1900,NO_GOVERNED_SURFACE_CONDITION_LENGTH_PARAMETER,AUSTRALIAN_SYNTHETIC,,UNKNOWN
RTDR-10B44949E37153AB86CD51D4,2013-05-10|BET365 GEELONG SYNTHETIC|R08,2013-05-10,BET365 GEELONG SYNTHETIC,1300,NO_GOVERNED_SURFACE_CONDITION_LENGTH_PARAMETER,AUSTRALIAN_SYNTHETIC,,UNKNOWN
RTDR-9CD427F7E5790000232DB84B,2013-05-10|BET365 GEELONG SYNTHETIC|R07,2013-05-10,BET365 GEELONG SYNTHETIC,2200,NO_GOVERNED_SURFACE_CONDITION_LENGTH_PARAMETER,AUSTRALIAN_SYNTHETIC,,UNKNOWN
RTDR-55DCE1F02CDDF154D1C164A4,2013-05-10|BET365 GEELONG SYNTHETIC|R06,2013-05-10,BET365 GEELONG SYNTHETIC,1100,NO_GOVERNED_SURFACE_CONDITION_LENGTH_PARAMETER,AUSTRALIAN_SYNTHETIC,,UNKNOWN
RTDR-0FB21CEC7FA58DB442F8EAD6,2013-05-14|BET365 GEELONG SYNTHETIC|R01,2013-05-14,BET365 GEELONG SYNTHETIC,1300,NO_GOVERNED_SURFACE_CONDITION_LENGTH_PARAMETER,AUSTRALIAN_SYNTHETIC,,UNKNOWN
RTDR-1F99CB83B5A75D9E608E6123,2013-05-14|BET365 GEELONG SYNTHETIC|R02,2013-05-14,BET365 GEELONG SYNTHETIC,1200,NO_GOVERNED_SURFACE_CONDITION_LENGTH_PARAMETER,AUSTRALIAN_SYNTHETIC,,UNKNOWN
RTDR-DCF578153D48F1EA5EE7A81D,2013-05-14|BET365 GEELONG SYNTHETIC|R04,2013-05-14,BET365 GEELONG SYNTHETIC,1300,NO_GOVERNED_SURFACE_CONDITION_LENGTH_PARAMETER,AUSTRALIAN_SYNTHETIC,,UNKNOWN
RTDR-323CDE7A5A47DDE6823F2ACA,2013-05-14|BET365 GEELONG SYNTHETIC|R08,2013-05-14,BET365 GEELONG SYNTHETIC,1200,NO_GOVERNED_SURFACE_CONDITION_LENGTH_PARAMETER,AUSTRALIAN_SYNTHETIC,,UNKNOWN
RTDR-5BE6FA54F55C99F03B7086A9,2013-05-14|BET365 GEELONG SYNTHETIC|R07,2013-05-14,BET365 GEELONG SYNTHETIC,1300,NO_GOVERNED_SURFACE_CONDITION_LENGTH_PARAMETER,AUSTRALIAN_SYNTHETIC,,UNKNOWN
RTDR-3F2255505DBAEA86E50D799E,2013-05-14|BET365 GEELONG SYNTHETIC|R05,2013-05-14,BET365 GEELONG SYNTHETIC,2000,NO_GOVERNED_SURFACE_CONDITION_LENGTH_PARAMETER,AUSTRALIAN_SYNTHETIC,,UNKNOWN
RTDR-52EF0BEA6A534942ECECF86F,2013-05-14|BET365 GEELONG SYNTHETIC|R06,2013-05-14,BET365 GEELONG SYNTHETIC,1000,NO_GOVERNED_SURFACE_CONDITION_LENGTH_PARAMETER,AUSTRALIAN_SYNTHETIC,,UNKNOWN
RTDR-0E8E318B79DFFCDD6CBA0061,2013-05-14|BET365 GEELONG SYNTHETIC|R03,2013-05-14,BET365 GEELONG SYNTHETIC,1900,NO_GOVERNED_SURFACE_CONDITION_LENGTH_PARAMETER,AUSTRALIAN_SYNTHETIC,,UNKNOWN
RTDR-4B5AF6596319382D6FEDB7D3,2013-05-17|BET365 GEELONG SYNTHETIC|R03,2013-05-17,BET365 GEELONG SYNTHETIC,1300,NO_GOVERNED_SURFACE_CONDITION_LENGTH_PARAMETER,AUSTRALIAN_SYNTHETIC,,UNKNOWN
RTDR-08062DF0F3E3D963E655ED01,2013-05-17|BET365 GEELONG SYNTHETIC|R04,2013-05-17,BET365 GEELONG SYNTHETIC,1300,NO_GOVERNED_SURFACE_CONDITION_LENGTH_PARAMETER,AUSTRALIAN_SYNTHETIC,,UNKNOWN
RTDR-166D1228BB534FEA8FEE4677,2013-05-17|BET365 GEELONG SYNTHETIC|R01,2013-05-17,BET365 GEELONG SYNTHETIC,2000,NO_GOVERNED_SURFACE_CONDITION_LENGTH_PARAMETER,AUSTRALIAN_SYNTHETIC,,UNKNOWN
RTDR-00CBED12AE0FFFC8C03A552D,2013-05-17|BET365 GEELONG SYNTHETIC|R02,2013-05-17,BET365 GEELONG SYNTHETIC,1100,NO_GOVERNED_SURFACE_CONDITION_LENGTH_PARAMETER,AUSTRALIAN_SYNTHETIC,,UNKNOWN
RTDR-8CDF986A2652CD9F780E0DD1,2013-05-17|BET365 GEELONG SYNTHETIC|R05,2013-05-17,BET365 GEELONG SYNTHETIC,1000,NO_GOVERNED_SURFACE_CONDITION_LENGTH_PARAMETER,AUSTRALIAN_SYNTHETIC,,UNKNOWN
RTDR-E4CF4BB30108EEA29A7BF4E4,2013-05-17|BET365 GEELONG SYNTHETIC|R06,2013-05-17,BET365 GEELONG SYNTHETIC,1200,NO_GOVERNED_SURFACE_CONDITION_LENGTH_PARAMETER,AUSTRALIAN_SYNTHETIC,,UNKNOWN
RTDR-7625FCE99201DFEB04EFFE22,2013-05-17|BET365 GEELONG SYNTHETIC|R07,2013-05-17,BET365 GEELONG SYNTHETIC,1900,NO_GOVERNED_SURFACE_CONDITION_LENGTH_PARAMETER,AUSTRALIAN_SYNTHETIC,,UNKNOWN
RTDR-F3B63FD393A14034FE1BF8A9,2013-05-17|BET365 GEELONG SYNTHETIC|R08,2013-05-17,BET365 GEELONG SYNTHETIC,1300,NO_GOVERNED_SURFACE_CONDITION_LENGTH_PARAMETER,AUSTRALIAN_SYNTHETIC,,UNKNOWN
RTDR-993D30AEB3FB569E8227B584,2013-05-21|BET365 GEELONG SYNTHETIC|R02,2013-05-21,BET365 GEELONG SYNTHETIC,1100,NO_GOVERNED_SURFACE_CONDITION_LENGTH_PARAMETER,AUSTRALIAN_SYNTHETIC,,UNKNOWN
RTDR-49B25AB55C1DFE934E94989A,2013-05-21|BET365 GEELONG SYNTHETIC|R01,2013-05-21,BET365 GEELONG SYNTHETIC,1300,NO_GOVERNED_SURFACE_CONDITION_LENGTH_PARAMETER,AUSTRALIAN_SYNTHETIC,,UNKNOWN
RTDR-6188E160B936D8D9BFE53AA7,2013-05-21|BET365 GEELONG SYNTHETIC|R04,2013-05-21,BET365 GEELONG SYNTHETIC,1000,NO_GOVERNED_SURFACE_CONDITION_LENGTH_PARAMETER,AUSTRALIAN_SYNTHETIC,,UNKNOWN
RTDR-02E832CC5DADC2E6175B4E76,2013-05-21|BET365 GEELONG SYNTHETIC|R03,2013-05-21,BET365 GEELONG SYNTHETIC,1900,NO_GOVERNED_SURFACE_CONDITION_LENGTH_PARAMETER,AUSTRALIAN_SYNTHETIC,,UNKNOWN
RTDR-4EE98CB9C999305FEAC40648,2013-05-21|BET365 GEELONG SYNTHETIC|R05,2013-05-21,BET365 GEELONG SYNTHETIC,1200,NO_GOVERNED_SURFACE_CONDITION_LENGTH_PARAMETER,AUSTRALIAN_SYNTHETIC,,UNKNOWN
RTDR-73B224BA7529CAA490380800,2013-05-21|BET365 GEELONG SYNTHETIC|R07,2013-05-21,BET365 GEELONG SYNTHETIC,1300,NO_GOVERNED_SURFACE_CONDITION_LENGTH_PARAMETER,AUSTRALIAN_SYNTHETIC,,UNKNOWN
RTDR-C2C693B3501388657739D536,2013-05-21|BET365 GEELONG SYNTHETIC|R08,2013-05-21,BET365 GEELONG SYNTHETIC,1900,NO_GOVERNED_SURFACE_CONDITION_LENGTH_PARAMETER,AUSTRALIAN_SYNTHETIC,,UNKNOWN
RTDR-876DCD13F12F846419B2ECD7,2013-05-21|BET365 GEELONG SYNTHETIC|R06,2013-05-21,BET365 GEELONG SYNTHETIC,1100,NO_GOVERNED_SURFACE_CONDITION_LENGTH_PARAMETER,AUSTRALIAN_SYNTHETIC,,UNKNOWN
RTDR-01CC016849F66A02C5BFE09E,2013-05-24|BET365 GEELONG SYNTHETIC|R01,2013-05-24,BET365 GEELONG SYNTHETIC,1000,NO_GOVERNED_SURFACE_CONDITION_LENGTH_PARAMETER,AUSTRALIAN_SYNTHETIC,,UNKNOWN
RTDR-73E2EFAE04371B5F864F9A5B,2013-05-24|BET365 GEELONG SYNTHETIC|R03,2013-05-24,BET365 GEELONG SYNTHETIC,1200,NO_GOVERNED_SURFACE_CONDITION_LENGTH_PARAMETER,AUSTRALIAN_SYNTHETIC,,UNKNOWN
RTDR-037D9B26936D420B20E9C6E5,2013-05-24|BET365 GEELONG SYNTHETIC|R02,2013-05-24,BET365 GEELONG SYNTHETIC,2000,NO_GOVERNED_SURFACE_CONDITION_LENGTH_PARAMETER,AUSTRALIAN_SYNTHETIC,,UNKNOWN
RTDR-4A1EFEE8FE3915AD4C23BE66,2013-05-24|BET365 GEELONG SYNTHETIC|R04,2013-05-24,BET365 GEELONG SYNTHETIC,2000,NO_GOVERNED_SURFACE_CONDITION_LENGTH_PARAMETER,AUSTRALIAN_SYNTHETIC,,UNKNOWN
RTDR-AEED0D6C6E3F2F923D7FBCEC,2013-05-24|BET365 GEELONG SYNTHETIC|R06,2013-05-24,BET365 GEELONG SYNTHETIC,1300,NO_GOVERNED_SURFACE_CONDITION_LENGTH_PARAMETER,AUSTRALIAN_SYNTHETIC,,UNKNOWN
RTDR-56AD328BA318B43036B7837C,2013-05-24|BET365 GEELONG SYNTHETIC|R07,2013-05-24,BET365 GEELONG SYNTHETIC,1000,NO_GOVERNED_SURFACE_CONDITION_LENGTH_PARAMETER,AUSTRALIAN_SYNTHETIC,,UNKNOWN
RTDR-4FEC75D44703C2AFAF098B7C,2013-05-24|BET365 GEELONG SYNTHETIC|R05,2013-05-24,BET365 GEELONG SYNTHETIC,1900,NO_GOVERNED_SURFACE_CONDITION_LENGTH_PARAMETER,AUSTRALIAN_SYNTHETIC,,UNKNOWN
RTDR-1F55B3092500161DAE96C594,2013-05-28|BET365 GEELONG SYNTHETIC|R01,2013-05-28,BET365 GEELONG SYNTHETIC,1000,NO_GOVERNED_SURFACE_CONDITION_LENGTH_PARAMETER,AUSTRALIAN_SYNTHETIC,,UNKNOWN
RTDR-E55D84C04B894CD50F8517AE,2013-05-28|BET365 GEELONG SYNTHETIC|R02,2013-05-28,BET365 GEELONG SYNTHETIC,1100,NO_GOVERNED_SURFACE_CONDITION_LENGTH_PARAMETER,AUSTRALIAN_SYNTHETIC,,UNKNOWN
RTDR-660D49D15364859F0C46E875,2013-05-28|BET365 GEELONG SYNTHETIC|R03,2013-05-28,BET365 GEELONG SYNTHETIC,1300,NO_GOVERNED_SURFACE_CONDITION_LENGTH_PARAMETER,AUSTRALIAN_SYNTHETIC,,UNKNOWN
RTDR-A187F3D86D8F8D7F828278A1,2013-05-28|BET365 GEELONG SYNTHETIC|R08,2013-05-28,BET365 GEELONG SYNTHETIC,1300,NO_GOVERNED_SURFACE_CONDITION_LENGTH_PARAMETER,AUSTRALIAN_SYNTHETIC,,UNKNOWN
RTDR-6D3E318D313261ECB37181D7,2013-05-28|BET365 GEELONG SYNTHETIC|R04,2013-05-28,BET365 GEELONG SYNTHETIC,2200,NO_GOVERNED_SURFACE_CONDITION_LENGTH_PARAMETER,AUSTRALIAN_SYNTHETIC,,UNKNOWN
RTDR-9AB125E3469DF0034AAE0C5C,2013-05-28|BET365 GEELONG SYNTHETIC|R07,2013-05-28,BET365 GEELONG SYNTHETIC,1100,NO_GOVERNED_SURFACE_CONDITION_LENGTH_PARAMETER,AUSTRALIAN_SYNTHETIC,,UNKNOWN
RTDR-409BD70689EAFB0791F06970,2013-05-28|BET365 GEELONG SYNTHETIC|R05,2013-05-28,BET365 GEELONG SYNTHETIC,2000,NO_GOVERNED_SURFACE_CONDITION_LENGTH_PARAMETER,AUSTRALIAN_SYNTHETIC,,UNKNOWN
RTDR-B9E105246101C505E445C9A6,2013-05-28|BET365 GEELONG SYNTHETIC|R06,2013-05-28,BET365 GEELONG SYNTHETIC,1200,NO_GOVERNED_SURFACE_CONDITION_LENGTH_PARAMETER,AUSTRALIAN_SYNTHETIC,,UNKNOWN
RTDR-EAF16E214F6A63E4EFDB5153,2013-05-31|BET365 GEELONG SYNTHETIC|R02,2013-05-31,BET365 GEELONG SYNTHETIC,1200,NO_GOVERNED_SURFACE_CONDITION_LENGTH_PARAMETER,AUSTRALIAN_SYNTHETIC,,UNKNOWN
RTDR-E55725BEA0F9DB84BFDB481A,2013-05-31|BET365 GEELONG SYNTHETIC|R03,2013-05-31,BET365 GEELONG SYNTHETIC,1300,NO_GOVERNED_SURFACE_CONDITION_LENGTH_PARAMETER,AUSTRALIAN_SYNTHETIC,,UNKNOWN
RTDR-4E8344192D2150A8565DE805,2013-05-31|BET365 GEELONG SYNTHETIC|R01,2013-05-31,BET365 GEELONG SYNTHETIC,1000,NO_GOVERNED_SURFACE_CONDITION_LENGTH_PARAMETER,AUSTRALIAN_SYNTHETIC,,UNKNOWN
RTDR-DA40F87D3951FC9064B02005,2013-05-31|BET365 GEELONG SYNTHETIC|R04,2013-05-31,BET365 GEELONG SYNTHETIC,1300,NO_GOVERNED_SURFACE_CONDITION_LENGTH_PARAMETER,AUSTRALIAN_SYNTHETIC,,UNKNOWN
RTDR-F6C61A58FD20F538C66C7C6E,2013-05-31|BET365 GEELONG SYNTHETIC|R07,2013-05-31,BET365 GEELONG SYNTHETIC,1000,NO_GOVERNED_SURFACE_CONDITION_LENGTH_PARAMETER,AUSTRALIAN_SYNTHETIC,,UNKNOWN
RTDR-50A9F7A06F53A2188AF20ED7,2013-05-31|BET365 GEELONG SYNTHETIC|R08,2013-05-31,BET365 GEELONG SYNTHETIC,1200,NO_GOVERNED_SURFACE_CONDITION_LENGTH_PARAMETER,AUSTRALIAN_SYNTHETIC,,UNKNOWN
RTDR-A3A8082CFC2FE3F3316CE5F4,2013-05-31|BET365 GEELONG SYNTHETIC|R06,2013-05-31,BET365 GEELONG SYNTHETIC,2100,NO_GOVERNED_SURFACE_CONDITION_LENGTH_PARAMETER,AUSTRALIAN_SYNTHETIC,,UNKNOWN
RTDR-477BC8B35B6D5495C5C525C3,2013-05-31|BET365 GEELONG SYNTHETIC|R05,2013-05-31,BET365 GEELONG SYNTHETIC,1200,NO_GOVERNED_SURFACE_CONDITION_LENGTH_PARAMETER,AUSTRALIAN_SYNTHETIC,,UNKNOWN
RTDR-0CA20FD0286635D72ED4D46D,2014-05-04|BET365 GEELONG SYNTHETIC|R05,2014-05-04,BET365 GEELONG SYNTHETIC,1300,NO_GOVERNED_SURFACE_CONDITION_LENGTH_PARAMETER,AUSTRALIAN_SYNTHETIC,,UNKNOWN
RTDR-173E2003D189E398A0F40711,2014-05-04|BET365 GEELONG SYNTHETIC|R06,2014-05-04,BET365 GEELONG SYNTHETIC,1300,NO_GOVERNED_SURFACE_CONDITION_LENGTH_PARAMETER,AUSTRALIAN_SYNTHETIC,,UNKNOWN
RTDR-6C3242AB37CDCD7A0D23D9F8,2014-05-04|BET365 GEELONG SYNTHETIC|R03,2014-05-04,BET365 GEELONG SYNTHETIC,1000,NO_GOVERNED_SURFACE_CONDITION_LENGTH_PARAMETER,AUSTRALIAN_SYNTHETIC,,UNKNOWN
RTDR-4A40E060AEE726A65799310A,2014-05-04|BET365 GEELONG SYNTHETIC|R01,2014-05-04,BET365 GEELONG SYNTHETIC,1100,NO_GOVERNED_SURFACE_CONDITION_LENGTH_PARAMETER,AUSTRALIAN_SYNTHETIC,,UNKNOWN
RTDR-6189C3A24282D66EB7C1883D,2014-05-04|BET365 GEELONG SYNTHETIC|R04,2014-05-04,BET365 GEELONG SYNTHETIC,1300,NO_GOVERNED_SURFACE_CONDITION_LENGTH_PARAMETER,AUSTRALIAN_SYNTHETIC,,UNKNOWN
RTDR-CA3DCC1BD54CE404F137567D,2014-05-04|BET365 GEELONG SYNTHETIC|R02,2014-05-04,BET365 GEELONG SYNTHETIC,1900,NO_GOVERNED_SURFACE_CONDITION_LENGTH_PARAMETER,AUSTRALIAN_SYNTHETIC,,UNKNOWN
RTDR-A85642879772B7620D11729C,2014-05-04|BET365 GEELONG SYNTHETIC|R09,2014-05-04,BET365 GEELONG SYNTHETIC,1200,NO_GOVERNED_SURFACE_CONDITION_LENGTH_PARAMETER,AUSTRALIAN_SYNTHETIC,,UNKNOWN
RTDR-5CEFABA963CB32F85DD1F4D7,2014-05-04|BET365 GEELONG SYNTHETIC|R08,2014-05-04,BET365 GEELONG SYNTHETIC,1100,NO_GOVERNED_SURFACE_CONDITION_LENGTH_PARAMETER,AUSTRALIAN_SYNTHETIC,,UNKNOWN
RTDR-6F3B22EADBC42C9DCD5E075F,2014-05-04|BET365 GEELONG SYNTHETIC|R07,2014-05-04,BET365 GEELONG SYNTHETIC,1900,NO_GOVERNED_SURFACE_CONDITION_LENGTH_PARAMETER,AUSTRALIAN_SYNTHETIC,,UNKNOWN
RTDR-6D62860BD75AEEFB66D873C1,2014-05-09|BET365 GEELONG SYNTHETIC|R01,2014-05-09,BET365 GEELONG SYNTHETIC,1000,NO_GOVERNED_SURFACE_CONDITION_LENGTH_PARAMETER,AUSTRALIAN_SYNTHETIC,,UNKNOWN
RTDR-1A6AB996BC54F7BF3865395A,2014-05-09|BET365 GEELONG SYNTHETIC|R04,2014-05-09,BET365 GEELONG SYNTHETIC,1300,NO_GOVERNED_SURFACE_CONDITION_LENGTH_PARAMETER,AUSTRALIAN_SYNTHETIC,,UNKNOWN
RTDR-C51A7A5E26DAEBDB218337CB,2014-05-09|BET365 GEELONG SYNTHETIC|R02,2014-05-09,BET365 GEELONG SYNTHETIC,1000,NO_GOVERNED_SURFACE_CONDITION_LENGTH_PARAMETER,AUSTRALIAN_SYNTHETIC,,UNKNOWN
RTDR-A27A87F9B200CC44B3E21BDE,2014-05-09|BET365 GEELONG SYNTHETIC|R03,2014-05-09,BET365 GEELONG SYNTHETIC,1300,NO_GOVERNED_SURFACE_CONDITION_LENGTH_PARAMETER,AUSTRALIAN_SYNTHETIC,,UNKNOWN
RTDR-5C1B7123A14E4659716AA49B,2014-05-09|BET365 GEELONG SYNTHETIC|R05,2014-05-09,BET365 GEELONG SYNTHETIC,1000,NO_GOVERNED_SURFACE_CONDITION_LENGTH_PARAMETER,AUSTRALIAN_SYNTHETIC,,UNKNOWN
RTDR-AB663496CEE714DE1A5EA3EB,2014-05-09|BET365 GEELONG SYNTHETIC|R07,2014-05-09,BET365 GEELONG SYNTHETIC,1900,NO_GOVERNED_SURFACE_CONDITION_LENGTH_PARAMETER,AUSTRALIAN_SYNTHETIC,,UNKNOWN
RTDR-2291D88D6A6FD3AF71831CEE,2014-05-09|BET365 GEELONG SYNTHETIC|R06,2014-05-09,BET365 GEELONG SYNTHETIC,2000,NO_GOVERNED_SURFACE_CONDITION_LENGTH_PARAMETER,AUSTRALIAN_SYNTHETIC,,UNKNOWN
RTDR-E852D16AC12DF6D25FC61EA9,2014-05-09|BET365 GEELONG SYNTHETIC|R08,2014-05-09,BET365 GEELONG SYNTHETIC,1200,NO_GOVERNED_SURFACE_CONDITION_LENGTH_PARAMETER,AUSTRALIAN_SYNTHETIC,,UNKNOWN
RTDR-BC402FB74F1BDCD07FA9BD32,2014-05-13|BET365 GEELONG SYNTHETIC|R02,2014-05-13,BET365 GEELONG SYNTHETIC,1900,NO_GOVERNED_SURFACE_CONDITION_LENGTH_PARAMETER,AUSTRALIAN_SYNTHETIC,,UNKNOWN
RTDR-BE6C912D6F32E5E5473C328D,2014-05-13|BET365 GEELONG SYNTHETIC|R03,2014-05-13,BET365 GEELONG SYNTHETIC,1200,NO_GOVERNED_SURFACE_CONDITION_LENGTH_PARAMETER,AUSTRALIAN_SYNTHETIC,,UNKNOWN
RTDR-27FBA2004A081F006170B004,2014-05-13|BET365 GEELONG SYNTHETIC|R01,2014-05-13,BET365 GEELONG SYNTHETIC,1900,NO_GOVERNED_SURFACE_CONDITION_LENGTH_PARAMETER,AUSTRALIAN_SYNTHETIC,,UNKNOWN
RTDR-2535A281DAB56266D15F40B0,2014-05-13|BET365 GEELONG SYNTHETIC|R04,2014-05-13,BET365 GEELONG SYNTHETIC,1000,NO_GOVERNED_SURFACE_CONDITION_LENGTH_PARAMETER,AUSTRALIAN_SYNTHETIC,,UNKNOWN
RTDR-EF29C1F61DA1EE83C21ECCAD,2014-05-13|BET365 GEELONG SYNTHETIC|R07,2014-05-13,BET365 GEELONG SYNTHETIC,1300,NO_GOVERNED_SURFACE_CONDITION_LENGTH_PARAMETER,AUSTRALIAN_SYNTHETIC,,UNKNOWN
RTDR-0FBD48427227C78164F20AC6,2014-05-13|BET365 GEELONG SYNTHETIC|R06,2014-05-13,BET365 GEELONG SYNTHETIC,1200,NO_GOVERNED_SURFACE_CONDITION_LENGTH_PARAMETER,AUSTRALIAN_SYNTHETIC,,UNKNOWN
RTDR-930F172EF9E2E7C70B9A3E4E,2014-05-13|BET365 GEELONG SYNTHETIC|R08,2014-05-13,BET365 GEELONG SYNTHETIC,1900,NO_GOVERNED_SURFACE_CONDITION_LENGTH_PARAMETER,AUSTRALIAN_SYNTHETIC,,UNKNOWN
RTDR-814D6355718B5D04D0E690B9,2014-05-13|BET365 GEELONG SYNTHETIC|R05,2014-05-13,BET365 GEELONG SYNTHETIC,2200,NO_GOVERNED_SURFACE_CONDITION_LENGTH_PARAMETER,AUSTRALIAN_SYNTHETIC,,UNKNOWN
RTDR-DC2E1DBEB5EDB0FC0B943454,2014-05-16|BET365 GEELONG SYNTHETIC|R04,2014-05-16,BET365 GEELONG SYNTHETIC,1300,NO_GOVERNED_SURFACE_CONDITION_LENGTH_PARAMETER,AUSTRALIAN_SYNTHETIC,,UNKNOWN
RTDR-797D6B5DADBA1428F8C99903,2014-05-16|BET365 GEELONG SYNTHETIC|R03,2014-05-16,BET365 GEELONG SYNTHETIC,1000,NO_GOVERNED_SURFACE_CONDITION_LENGTH_PARAMETER,AUSTRALIAN_SYNTHETIC,,UNKNOWN
RTDR-00E6BB862956C5A1013BD9DA,2014-05-16|BET365 GEELONG SYNTHETIC|R02,2014-05-16,BET365 GEELONG SYNTHETIC,2000,NO_GOVERNED_SURFACE_CONDITION_LENGTH_PARAMETER,AUSTRALIAN_SYNTHETIC,,UNKNOWN
RTDR-916988E3D303A2643AF15DEF,2014-05-16|BET365 GEELONG SYNTHETIC|R01,2014-05-16,BET365 GEELONG SYNTHETIC,1100,NO_GOVERNED_SURFACE_CONDITION_LENGTH_PARAMETER,AUSTRALIAN_SYNTHETIC,,UNKNOWN
RTDR-A115C9BC3380B21DC1292F1C,2014-05-16|BET365 GEELONG SYNTHETIC|R06,2014-05-16,BET365 GEELONG SYNTHETIC,1000,NO_GOVERNED_SURFACE_CONDITION_LENGTH_PARAMETER,AUSTRALIAN_SYNTHETIC,,UNKNOWN
RTDR-DC2B4D82A2CB0DC07F29F8FC,2014-05-16|BET365 GEELONG SYNTHETIC|R05,2014-05-16,BET365 GEELONG SYNTHETIC,1900,NO_GOVERNED_SURFACE_CONDITION_LENGTH_PARAMETER,AUSTRALIAN_SYNTHETIC,,UNKNOWN
RTDR-1E712D3987F4C4B952020557,2014-05-16|BET365 GEELONG SYNTHETIC|R07,2014-05-16,BET365 GEELONG SYNTHETIC,1300,NO_GOVERNED_SURFACE_CONDITION_LENGTH_PARAMETER,AUSTRALIAN_SYNTHETIC,,UNKNOWN
RTDR-D32080247AE3A015213A2C7E,2014-05-20|BET365 GEELONG SYNTHETIC|R04,2014-05-20,BET365 GEELONG SYNTHETIC,1100,NO_GOVERNED_SURFACE_CONDITION_LENGTH_PARAMETER,AUSTRALIAN_SYNTHETIC,,UNKNOWN
RTDR-0B237FD8A3CFCF5333666BAF,2014-05-20|BET365 GEELONG SYNTHETIC|R02,2014-05-20,BET365 GEELONG SYNTHETIC,1300,NO_GOVERNED_SURFACE_CONDITION_LENGTH_PARAMETER,AUSTRALIAN_SYNTHETIC,,UNKNOWN
RTDR-33A9B7934D2627B9FE9FBA4D,2014-05-20|BET365 GEELONG SYNTHETIC|R01,2014-05-20,BET365 GEELONG SYNTHETIC,1200,NO_GOVERNED_SURFACE_CONDITION_LENGTH_PARAMETER,AUSTRALIAN_SYNTHETIC,,UNKNOWN
RTDR-FC8EA2DF1C30140F93BA588D,2014-05-20|BET365 GEELONG SYNTHETIC|R03,2014-05-20,BET365 GEELONG SYNTHETIC,1100,NO_GOVERNED_SURFACE_CONDITION_LENGTH_PARAMETER,AUSTRALIAN_SYNTHETIC,,UNKNOWN
RTDR-D2724F325027ED6443C2CF48,2014-05-20|BET365 GEELONG SYNTHETIC|R05,2014-05-20,BET365 GEELONG SYNTHETIC,1100,NO_GOVERNED_SURFACE_CONDITION_LENGTH_PARAMETER,AUSTRALIAN_SYNTHETIC,,UNKNOWN
RTDR-819F6E068464992FFD2250EB,2014-05-20|BET365 GEELONG SYNTHETIC|R07,2014-05-20,BET365 GEELONG SYNTHETIC,2000,NO_GOVERNED_SURFACE_CONDITION_LENGTH_PARAMETER,AUSTRALIAN_SYNTHETIC,,UNKNOWN
RTDR-F3D427335336DCB297AD2460,2014-05-20|BET365 GEELONG SYNTHETIC|R08,2014-05-20,BET365 GEELONG SYNTHETIC,1300,NO_GOVERNED_SURFACE_CONDITION_LENGTH_PARAMETER,AUSTRALIAN_SYNTHETIC,,UNKNOWN
RTDR-8CA6ADD2AC628C1E58ECA394,2014-05-20|BET365 GEELONG SYNTHETIC|R06,2014-05-20,BET365 GEELONG SYNTHETIC,1000,NO_GOVERNED_SURFACE_CONDITION_LENGTH_PARAMETER,AUSTRALIAN_SYNTHETIC,,UNKNOWN
RTDR-736233A0E8171E6E4BEF2954,2014-05-23|BET365 GEELONG SYNTHETIC|R01,2014-05-23,BET365 GEELONG SYNTHETIC,1000,NO_GOVERNED_SURFACE_CONDITION_LENGTH_PARAMETER,AUSTRALIAN_SYNTHETIC,,UNKNOWN
RTDR-86987896E82A67D8F60270A3,2014-05-23|BET365 GEELONG SYNTHETIC|R02,2014-05-23,BET365 GEELONG SYNTHETIC,1300,NO_GOVERNED_SURFACE_CONDITION_LENGTH_PARAMETER,AUSTRALIAN_SYNTHETIC,,UNKNOWN
RTDR-0CDE6BF255F3A12ECF17C2AF,2014-05-23|BET365 GEELONG SYNTHETIC|R03,2014-05-23,BET365 GEELONG SYNTHETIC,1000,NO_GOVERNED_SURFACE_CONDITION_LENGTH_PARAMETER,AUSTRALIAN_SYNTHETIC,,UNKNOWN
RTDR-3FEE94441C6EFDDEF9CB58C9,2014-05-23|BET365 GEELONG SYNTHETIC|R04,2014-05-23,BET365 GEELONG SYNTHETIC,1300,NO_GOVERNED_SURFACE_CONDITION_LENGTH_PARAMETER,AUSTRALIAN_SYNTHETIC,,UNKNOWN
RTDR-E637A5E7F9AD57B1204C84A4,2014-05-23|BET365 GEELONG SYNTHETIC|R06,2014-05-23,BET365 GEELONG SYNTHETIC,1000,NO_GOVERNED_SURFACE_CONDITION_LENGTH_PARAMETER,AUSTRALIAN_SYNTHETIC,,UNKNOWN
RTDR-3FA8E3183D17B84C62BA6E1F,2014-05-23|BET365 GEELONG SYNTHETIC|R05,2014-05-23,BET365 GEELONG SYNTHETIC,2000,NO_GOVERNED_SURFACE_CONDITION_LENGTH_PARAMETER,AUSTRALIAN_SYNTHETIC,,UNKNOWN
RTDR-5A419DD9F8CA2FABB9CC3E10,2014-05-23|BET365 GEELONG SYNTHETIC|R07,2014-05-23,BET365 GEELONG SYNTHETIC,1300,NO_GOVERNED_SURFACE_CONDITION_LENGTH_PARAMETER,AUSTRALIAN_SYNTHETIC,,UNKNOWN
RTDR-FD587C53A7B2B69379DC0BB4,2014-05-23|BET365 GEELONG SYNTHETIC|R08,2014-05-23,BET365 GEELONG SYNTHETIC,1200,NO_GOVERNED_SURFACE_CONDITION_LENGTH_PARAMETER,AUSTRALIAN_SYNTHETIC,,UNKNOWN
RTDR-31C8588D78A23C447EC59257,2014-05-27|BET365 GEELONG SYNTHETIC|R02,2014-05-27,BET365 GEELONG SYNTHETIC,1200,NO_GOVERNED_SURFACE_CONDITION_LENGTH_PARAMETER,AUSTRALIAN_SYNTHETIC,,UNKNOWN
RTDR-4314463EEAF8EEC7D77EB43A,2014-05-27|BET365 GEELONG SYNTHETIC|R04,2014-05-27,BET365 GEELONG SYNTHETIC,1900,NO_GOVERNED_SURFACE_CONDITION_LENGTH_PARAMETER,AUSTRALIAN_SYNTHETIC,,UNKNOWN
RTDR-35994D3E005C4D13469037F0,2014-05-27|BET365 GEELONG SYNTHETIC|R03,2014-05-27,BET365 GEELONG SYNTHETIC,1100,NO_GOVERNED_SURFACE_CONDITION_LENGTH_PARAMETER,AUSTRALIAN_SYNTHETIC,,UNKNOWN
RTDR-B859574791B7805D9398312E,2014-05-27|BET365 GEELONG SYNTHETIC|R07,2014-05-27,BET365 GEELONG SYNTHETIC,1000,NO_GOVERNED_SURFACE_CONDITION_LENGTH_PARAMETER,AUSTRALIAN_SYNTHETIC,,UNKNOWN
RTDR-C4A8FB754CCC7C0AC53EFB8A,2014-05-27|BET365 GEELONG SYNTHETIC|R06,2014-05-27,BET365 GEELONG SYNTHETIC,1900,NO_GOVERNED_SURFACE_CONDITION_LENGTH_PARAMETER,AUSTRALIAN_SYNTHETIC,,UNKNOWN
RTDR-544D2750A5957BA82EFCE042,2014-05-27|BET365 GEELONG SYNTHETIC|R05,2014-05-27,BET365 GEELONG SYNTHETIC,1200,NO_GOVERNED_SURFACE_CONDITION_LENGTH_PARAMETER,AUSTRALIAN_SYNTHETIC,,UNKNOWN
RTDR-CFACD075B661F4D4564044E8,2014-05-27|BET365 GEELONG SYNTHETIC|R01,2014-05-27,BET365 GEELONG SYNTHETIC,2000,NO_GOVERNED_SURFACE_CONDITION_LENGTH_PARAMETER,AUSTRALIAN_SYNTHETIC,,UNKNOWN
RTDR-922BFF411BE5FA69B6D09899,2014-05-30|BET365 GEELONG SYNTHETIC|R02,2014-05-30,BET365 GEELONG SYNTHETIC,1200,NO_GOVERNED_SURFACE_CONDITION_LENGTH_PARAMETER,AUSTRALIAN_SYNTHETIC,,UNKNOWN
RTDR-7181BE947DAA76FEC9A37E35,2014-05-30|BET365 GEELONG SYNTHETIC|R01,2014-05-30,BET365 GEELONG SYNTHETIC,1900,NO_GOVERNED_SURFACE_CONDITION_LENGTH_PARAMETER,AUSTRALIAN_SYNTHETIC,,UNKNOWN
RTDR-8FDB04FAA62845274DB7266C,2014-05-30|BET365 GEELONG SYNTHETIC|R03,2014-05-30,BET365 GEELONG SYNTHETIC,1300,NO_GOVERNED_SURFACE_CONDITION_LENGTH_PARAMETER,AUSTRALIAN_SYNTHETIC,,UNKNOWN
RTDR-8DC77A8DD648021C1DE75A67,2014-05-30|BET365 GEELONG SYNTHETIC|R04,2014-05-30,BET365 GEELONG SYNTHETIC,1100,NO_GOVERNED_SURFACE_CONDITION_LENGTH_PARAMETER,AUSTRALIAN_SYNTHETIC,,UNKNOWN
RTDR-8B0CFD49622191C1E9AFCFDD,2014-05-30|BET365 GEELONG SYNTHETIC|R06,2014-05-30,BET365 GEELONG SYNTHETIC,1300,NO_GOVERNED_SURFACE_CONDITION_LENGTH_PARAMETER,AUSTRALIAN_SYNTHETIC,,UNKNOWN
RTDR-29487469FF1615DA1357F22A,2014-05-30|BET365 GEELONG SYNTHETIC|R07,2014-05-30,BET365 GEELONG SYNTHETIC,1300,NO_GOVERNED_SURFACE_CONDITION_LENGTH_PARAMETER,AUSTRALIAN_SYNTHETIC,,UNKNOWN
RTDR-D5CE9CD4463F2682ED4BDABC,2014-05-30|BET365 GEELONG SYNTHETIC|R05,2014-05-30,BET365 GEELONG SYNTHETIC,1900,NO_GOVERNED_SURFACE_CONDITION_LENGTH_PARAMETER,AUSTRALIAN_SYNTHETIC,,UNKNOWN
RTDR-F029187C83935F726C6D4C1F,2015-05-12|BET365 GEELONG SYNTHETIC|R02,2015-05-12,BET365 GEELONG SYNTHETIC,1900,NO_GOVERNED_SURFACE_CONDITION_LENGTH_PARAMETER,AUSTRALIAN_SYNTHETIC,,UNKNOWN
RTDR-DF0869C1CDCF299B5A10C6A0,2015-05-12|BET365 GEELONG SYNTHETIC|R03,2015-05-12,BET365 GEELONG SYNTHETIC,1200,NO_GOVERNED_SURFACE_CONDITION_LENGTH_PARAMETER,AUSTRALIAN_SYNTHETIC,,UNKNOWN
RTDR-1C9F475FCB71EEA7CDE4B490,2015-05-12|BET365 GEELONG SYNTHETIC|R04,2015-05-12,BET365 GEELONG SYNTHETIC,1300,NO_GOVERNED_SURFACE_CONDITION_LENGTH_PARAMETER,AUSTRALIAN_SYNTHETIC,,UNKNOWN
RTDR-943DEBE344306EC887E93165,2015-05-12|BET365 GEELONG SYNTHETIC|R01,2015-05-12,BET365 GEELONG SYNTHETIC,1000,NO_GOVERNED_SURFACE_CONDITION_LENGTH_PARAMETER,AUSTRALIAN_SYNTHETIC,,UNKNOWN
RTDR-07C5034BA612467F99E3BAC5,2015-05-12|BET365 GEELONG SYNTHETIC|R05,2015-05-12,BET365 GEELONG SYNTHETIC,1200,NO_GOVERNED_SURFACE_CONDITION_LENGTH_PARAMETER,AUSTRALIAN_SYNTHETIC,,UNKNOWN
RTDR-DD625B884F75115864E90529,2015-05-12|BET365 GEELONG SYNTHETIC|R07,2015-05-12,BET365 GEELONG SYNTHETIC,1000,NO_GOVERNED_SURFACE_CONDITION_LENGTH_PARAMETER,AUSTRALIAN_SYNTHETIC,,UNKNOWN
RTDR-1C359F7113908F2FC48EBE1A,2015-05-12|BET365 GEELONG SYNTHETIC|R06,2015-05-12,BET365 GEELONG SYNTHETIC,1000,NO_GOVERNED_SURFACE_CONDITION_LENGTH_PARAMETER,AUSTRALIAN_SYNTHETIC,,UNKNOWN
RTDR-435B149B9D6AD55D0112C4E2,2015-05-12|BET365 GEELONG SYNTHETIC|R08,2015-05-12,BET365 GEELONG SYNTHETIC,1300,NO_GOVERNED_SURFACE_CONDITION_LENGTH_PARAMETER,AUSTRALIAN_SYNTHETIC,,UNKNOWN
RTDR-A25ECF8C9969AE73083938FE,2015-05-15|BET365 GEELONG SYNTHETIC|R02,2015-05-15,BET365 GEELONG SYNTHETIC,1000,NO_GOVERNED_SURFACE_CONDITION_LENGTH_PARAMETER,AUSTRALIAN_SYNTHETIC,,UNKNOWN
RTDR-9200E701A9D6226A75F556C9,2015-05-15|BET365 GEELONG SYNTHETIC|R03,2015-05-15,BET365 GEELONG SYNTHETIC,1100,NO_GOVERNED_SURFACE_CONDITION_LENGTH_PARAMETER,AUSTRALIAN_SYNTHETIC,,UNKNOWN
RTDR-45B8A4AA97F42A7F004E9597,2015-05-15|BET365 GEELONG SYNTHETIC|R01,2015-05-15,BET365 GEELONG SYNTHETIC,2200,NO_GOVERNED_SURFACE_CONDITION_LENGTH_PARAMETER,AUSTRALIAN_SYNTHETIC,,UNKNOWN
RTDR-9D5A61D5DEBE1F722E02F909,2015-05-15|BET365 GEELONG SYNTHETIC|R07,2015-05-15,BET365 GEELONG SYNTHETIC,1900,NO_GOVERNED_SURFACE_CONDITION_LENGTH_PARAMETER,AUSTRALIAN_SYNTHETIC,,UNKNOWN
RTDR-D19FBEEC49A81354CCE59094,2015-05-15|BET365 GEELONG SYNTHETIC|R08,2015-05-15,BET365 GEELONG SYNTHETIC,1200,NO_GOVERNED_SURFACE_CONDITION_LENGTH_PARAMETER,AUSTRALIAN_SYNTHETIC,,UNKNOWN
RTDR-DFB2AD838CED5C18E03F1150,2015-05-15|BET365 GEELONG SYNTHETIC|R04,2015-05-15,BET365 GEELONG SYNTHETIC,1000,NO_GOVERNED_SURFACE_CONDITION_LENGTH_PARAMETER,AUSTRALIAN_SYNTHETIC,,UNKNOWN
RTDR-B24FB330862D67E1ADC35BA9,2015-05-15|BET365 GEELONG SYNTHETIC|R06,2015-05-15,BET365 GEELONG SYNTHETIC,1300,NO_GOVERNED_SURFACE_CONDITION_LENGTH_PARAMETER,AUSTRALIAN_SYNTHETIC,,UNKNOWN
RTDR-C536ADAF21B06BA28E78BE41,2015-05-15|BET365 GEELONG SYNTHETIC|R05,2015-05-15,BET365 GEELONG SYNTHETIC,1300,NO_GOVERNED_SURFACE_CONDITION_LENGTH_PARAMETER,AUSTRALIAN_SYNTHETIC,,UNKNOWN
RTDR-6B5923734970E20E3B05171F,2015-05-19|BET365 GEELONG SYNTHETIC|R01,2015-05-19,BET365 GEELONG SYNTHETIC,1100,NO_GOVERNED_SURFACE_CONDITION_LENGTH_PARAMETER,AUSTRALIAN_SYNTHETIC,,UNKNOWN
RTDR-BB17A5545C1A0764D9B147B9,2015-05-19|BET365 GEELONG SYNTHETIC|R02,2015-05-19,BET365 GEELONG SYNTHETIC,1300,NO_GOVERNED_SURFACE_CONDITION_LENGTH_PARAMETER,AUSTRALIAN_SYNTHETIC,,UNKNOWN
RTDR-9BE61AC98363F2EFEDAA8426,2015-05-19|BET365 GEELONG SYNTHETIC|R04,2015-05-19,BET365 GEELONG SYNTHETIC,1000,NO_GOVERNED_SURFACE_CONDITION_LENGTH_PARAMETER,AUSTRALIAN_SYNTHETIC,,UNKNOWN
RTDR-7498415A7F58FEA0FF2803F9,2015-05-19|BET365 GEELONG SYNTHETIC|R03,2015-05-19,BET365 GEELONG SYNTHETIC,1200,NO_GOVERNED_SURFACE_CONDITION_LENGTH_PARAMETER,AUSTRALIAN_SYNTHETIC,,UNKNOWN
RTDR-0189A8AC3830698B79CE8EE2,2015-05-19|BET365 GEELONG SYNTHETIC|R05,2015-05-19,BET365 GEELONG SYNTHETIC,1000,NO_GOVERNED_SURFACE_CONDITION_LENGTH_PARAMETER,AUSTRALIAN_SYNTHETIC,,UNKNOWN
RTDR-9D41497DA42CF0DEE41484F0,2015-05-19|BET365 GEELONG SYNTHETIC|R08,2015-05-19,BET365 GEELONG SYNTHETIC,1200,NO_GOVERNED_SURFACE_CONDITION_LENGTH_PARAMETER,AUSTRALIAN_SYNTHETIC,,UNKNOWN
RTDR-20A00D7CED18C6672AB5E430,2015-05-19|BET365 GEELONG SYNTHETIC|R06,2015-05-19,BET365 GEELONG SYNTHETIC,2200,NO_GOVERNED_SURFACE_CONDITION_LENGTH_PARAMETER,AUSTRALIAN_SYNTHETIC,,UNKNOWN
RTDR-5954C629C6F87300CDD6A189,2015-05-19|BET365 GEELONG SYNTHETIC|R07,2015-05-19,BET365 GEELONG SYNTHETIC,1100,NO_GOVERNED_SURFACE_CONDITION_LENGTH_PARAMETER,AUSTRALIAN_SYNTHETIC,,UNKNOWN
RTDR-E4CEF798ED8C1F5C1173311A,2018-05-22|BET365 GEELONG SYNTHETIC|R02,2018-05-22,BET365 GEELONG SYNTHETIC,1300,NO_GOVERNED_SURFACE_CONDITION_LENGTH_PARAMETER,AUSTRALIAN_SYNTHETIC,,UNKNOWN
RTDR-A467C530F65E83B3CDF2A542,2018-05-22|BET365 GEELONG SYNTHETIC|R03,2018-05-22,BET365 GEELONG SYNTHETIC,1100,NO_GOVERNED_SURFACE_CONDITION_LENGTH_PARAMETER,AUSTRALIAN_SYNTHETIC,,UNKNOWN
RTDR-E6585ECB83FDB96C719F2753,2018-05-22|BET365 GEELONG SYNTHETIC|R01,2018-05-22,BET365 GEELONG SYNTHETIC,1300,NO_GOVERNED_SURFACE_CONDITION_LENGTH_PARAMETER,AUSTRALIAN_SYNTHETIC,,UNKNOWN
RTDR-50F1D144F146737421410B6C,2018-05-22|BET365 GEELONG SYNTHETIC|R04,2018-05-22,BET365 GEELONG SYNTHETIC,1900,NO_GOVERNED_SURFACE_CONDITION_LENGTH_PARAMETER,AUSTRALIAN_SYNTHETIC,,UNKNOWN
RTDR-321589074119DFAD5DBD0096,2018-05-22|BET365 GEELONG SYNTHETIC|R07,2018-05-22,BET365 GEELONG SYNTHETIC,1100,NO_GOVERNED_SURFACE_CONDITION_LENGTH_PARAMETER,AUSTRALIAN_SYNTHETIC,,UNKNOWN
RTDR-55F1E234B55FE93D93B1AC2B,2018-05-22|BET365 GEELONG SYNTHETIC|R06,2018-05-22,BET365 GEELONG SYNTHETIC,2200,NO_GOVERNED_SURFACE_CONDITION_LENGTH_PARAMETER,AUSTRALIAN_SYNTHETIC,,UNKNOWN
RTDR-1A79ED376426E6DDE86830D0,2018-05-22|BET365 GEELONG SYNTHETIC|R08,2018-05-22,BET365 GEELONG SYNTHETIC,1300,NO_GOVERNED_SURFACE_CONDITION_LENGTH_PARAMETER,AUSTRALIAN_SYNTHETIC,,UNKNOWN
RTDR-24831754659A483BB4AF82A3,2018-05-22|BET365 GEELONG SYNTHETIC|R05,2018-05-22,BET365 GEELONG SYNTHETIC,1300,NO_GOVERNED_SURFACE_CONDITION_LENGTH_PARAMETER,AUSTRALIAN_SYNTHETIC,,UNKNOWN
RTDR-E536738300990395887EF88C,2018-05-29|BET365 GEELONG SYNTHETIC|R02,2018-05-29,BET365 GEELONG SYNTHETIC,1100,NO_GOVERNED_SURFACE_CONDITION_LENGTH_PARAMETER,AUSTRALIAN_SYNTHETIC,,UNKNOWN
RTDR-545492D93BA7E922DBB66B8E,2018-05-29|BET365 GEELONG SYNTHETIC|R03,2018-05-29,BET365 GEELONG SYNTHETIC,1300,NO_GOVERNED_SURFACE_CONDITION_LENGTH_PARAMETER,AUSTRALIAN_SYNTHETIC,,UNKNOWN
RTDR-0F845C8823C3D73EBD71D314,2018-05-29|BET365 GEELONG SYNTHETIC|R04,2018-05-29,BET365 GEELONG SYNTHETIC,1200,NO_GOVERNED_SURFACE_CONDITION_LENGTH_PARAMETER,AUSTRALIAN_SYNTHETIC,,UNKNOWN
RTDR-C8896C9328156FCAD7FE30E9,2018-05-29|BET365 GEELONG SYNTHETIC|R06,2018-05-29,BET365 GEELONG SYNTHETIC,1100,NO_GOVERNED_SURFACE_CONDITION_LENGTH_PARAMETER,AUSTRALIAN_SYNTHETIC,,UNKNOWN
RTDR-79DAAA555F3E7188F0472FAB,2018-05-29|BET365 GEELONG SYNTHETIC|R01,2018-05-29,BET365 GEELONG SYNTHETIC,2200,NO_GOVERNED_SURFACE_CONDITION_LENGTH_PARAMETER,AUSTRALIAN_SYNTHETIC,,UNKNOWN
RTDR-55B54D87FA645C81E7EAC9E6,2018-05-29|BET365 GEELONG SYNTHETIC|R08,2018-05-29,BET365 GEELONG SYNTHETIC,1300,NO_GOVERNED_SURFACE_CONDITION_LENGTH_PARAMETER,AUSTRALIAN_SYNTHETIC,,UNKNOWN
RTDR-680D67CF9B3F8483679F76F9,2018-05-29|BET365 GEELONG SYNTHETIC|R07,2018-05-29,BET365 GEELONG SYNTHETIC,1900,NO_GOVERNED_SURFACE_CONDITION_LENGTH_PARAMETER,AUSTRALIAN_SYNTHETIC,,UNKNOWN
RTDR-747ED26A0D64BA09C44DAEE2,2018-05-29|BET365 GEELONG SYNTHETIC|R05,2018-05-29,BET365 GEELONG SYNTHETIC,1200,NO_GOVERNED_SURFACE_CONDITION_LENGTH_PARAMETER,AUSTRALIAN_SYNTHETIC,,UNKNOWN
RTDR-1A27FFDF557E1C08E7824FED,2019-05-12|SPORTSBET-BALLARAT SYNTHETIC|R02,2019-05-12,SPORTSBET-BALLARAT SYNTHETIC,1500,NO_GOVERNED_SURFACE_CONDITION_LENGTH_PARAMETER,AUSTRALIAN_SYNTHETIC,,UNKNOWN
RTDR-13483F2B9FE0CF57A277C61D,2019-05-12|SPORTSBET-BALLARAT SYNTHETIC|R01,2019-05-12,SPORTSBET-BALLARAT SYNTHETIC,1200,NO_GOVERNED_SURFACE_CONDITION_LENGTH_PARAMETER,AUSTRALIAN_SYNTHETIC,,UNKNOWN
RTDR-477FE1E9D3A66BE0F8B0A6E8,2019-05-12|SPORTSBET-BALLARAT SYNTHETIC|R08,2019-05-12,SPORTSBET-BALLARAT SYNTHETIC,1000,NO_GOVERNED_SURFACE_CONDITION_LENGTH_PARAMETER,AUSTRALIAN_SYNTHETIC,,UNKNOWN
RTDR-BCFA9841B6A4DF9BC771DE7D,2019-05-12|SPORTSBET-BALLARAT SYNTHETIC|R05,2019-05-12,SPORTSBET-BALLARAT SYNTHETIC,1200,NO_GOVERNED_SURFACE_CONDITION_LENGTH_PARAMETER,AUSTRALIAN_SYNTHETIC,,UNKNOWN
RTDR-BE7677C1702C4A71654F3656,2019-05-12|SPORTSBET-BALLARAT SYNTHETIC|R03,2019-05-12,SPORTSBET-BALLARAT SYNTHETIC,1500,NO_GOVERNED_SURFACE_CONDITION_LENGTH_PARAMETER,AUSTRALIAN_SYNTHETIC,,UNKNOWN
RTDR-7EBCF6E87DAE629A72F60405,2019-05-12|SPORTSBET-BALLARAT SYNTHETIC|R04,2019-05-12,SPORTSBET-BALLARAT SYNTHETIC,2100,NO_GOVERNED_SURFACE_CONDITION_LENGTH_PARAMETER,AUSTRALIAN_SYNTHETIC,,UNKNOWN
RTDR-09C5541010C1AA017F157521,2019-05-12|SPORTSBET-BALLARAT SYNTHETIC|R07,2019-05-12,SPORTSBET-BALLARAT SYNTHETIC,1500,NO_GOVERNED_SURFACE_CONDITION_LENGTH_PARAMETER,AUSTRALIAN_SYNTHETIC,,UNKNOWN
RTDR-8680307CAF611F7964AAF801,2019-05-12|SPORTSBET-BALLARAT SYNTHETIC|R06,2019-05-12,SPORTSBET-BALLARAT SYNTHETIC,1500,NO_GOVERNED_SURFACE_CONDITION_LENGTH_PARAMETER,AUSTRALIAN_SYNTHETIC,,UNKNOWN
RTDR-5FE34C96E6CF86C7AA1174B7,2019-05-17|SPORTSBET-BALLARAT SYNTHETIC|R04,2019-05-17,SPORTSBET-BALLARAT SYNTHETIC,1400,NO_GOVERNED_SURFACE_CONDITION_LENGTH_PARAMETER,AUSTRALIAN_SYNTHETIC,,UNKNOWN
RTDR-369A60302F6099AACB68AF9F,2019-05-17|SPORTSBET-BALLARAT SYNTHETIC|R06,2019-05-17,SPORTSBET-BALLARAT SYNTHETIC,1500,NO_GOVERNED_SURFACE_CONDITION_LENGTH_PARAMETER,AUSTRALIAN_SYNTHETIC,,UNKNOWN
RTDR-94517AF176B0BD51F929CE24,2019-05-17|SPORTSBET-BALLARAT SYNTHETIC|R02,2019-05-17,SPORTSBET-BALLARAT SYNTHETIC,1100,NO_GOVERNED_SURFACE_CONDITION_LENGTH_PARAMETER,AUSTRALIAN_SYNTHETIC,,UNKNOWN
RTDR-72E0CEACC4E61C9F77A28182,2019-05-17|SPORTSBET-BALLARAT SYNTHETIC|R05,2019-05-17,SPORTSBET-BALLARAT SYNTHETIC,1500,NO_GOVERNED_SURFACE_CONDITION_LENGTH_PARAMETER,AUSTRALIAN_SYNTHETIC,,UNKNOWN
RTDR-F1F911552C56B2DE695276BC,2019-05-17|SPORTSBET-BALLARAT SYNTHETIC|R01,2019-05-17,SPORTSBET-BALLARAT SYNTHETIC,1000,NO_GOVERNED_SURFACE_CONDITION_LENGTH_PARAMETER,AUSTRALIAN_SYNTHETIC,,UNKNOWN
RTDR-7FA87958E9C5F968C6B4BFDC,2019-05-17|SPORTSBET-BALLARAT SYNTHETIC|R08,2019-05-17,SPORTSBET-BALLARAT SYNTHETIC,1200,NO_GOVERNED_SURFACE_CONDITION_LENGTH_PARAMETER,AUSTRALIAN_SYNTHETIC,,UNKNOWN
RTDR-AE24B989BD6ECCCC4B1495CA,2019-05-17|SPORTSBET-BALLARAT SYNTHETIC|R03,2019-05-17,SPORTSBET-BALLARAT SYNTHETIC,1400,NO_GOVERNED_SURFACE_CONDITION_LENGTH_PARAMETER,AUSTRALIAN_SYNTHETIC,,UNKNOWN
RTDR-2696F1DEF14F5051C48D6811,2019-05-17|SPORTSBET-BALLARAT SYNTHETIC|R07,2019-05-17,SPORTSBET-BALLARAT SYNTHETIC,2100,NO_GOVERNED_SURFACE_CONDITION_LENGTH_PARAMETER,AUSTRALIAN_SYNTHETIC,,UNKNOWN
RTDR-8AD71067642F7EDCBD65C250,2019-05-27|SPORTSBET-BALLARAT SYNTHETIC|R07,2019-05-27,SPORTSBET-BALLARAT SYNTHETIC,1400,NO_GOVERNED_SURFACE_CONDITION_LENGTH_PARAMETER,AUSTRALIAN_SYNTHETIC,,UNKNOWN
RTDR-FAC6D16AC7C25E9DB023AB00,2019-05-27|SPORTSBET-BALLARAT SYNTHETIC|R03,2019-05-27,SPORTSBET-BALLARAT SYNTHETIC,1400,NO_GOVERNED_SURFACE_CONDITION_LENGTH_PARAMETER,AUSTRALIAN_SYNTHETIC,,UNKNOWN
RTDR-A590F370D33675CB03EEF534,2019-05-27|SPORTSBET-BALLARAT SYNTHETIC|R05,2019-05-27,SPORTSBET-BALLARAT SYNTHETIC,1500,NO_GOVERNED_SURFACE_CONDITION_LENGTH_PARAMETER,AUSTRALIAN_SYNTHETIC,,UNKNOWN
RTDR-7512620EEB0FB7C750577A2A,2019-05-27|SPORTSBET-BALLARAT SYNTHETIC|R04,2019-05-27,SPORTSBET-BALLARAT SYNTHETIC,1500,NO_GOVERNED_SURFACE_CONDITION_LENGTH_PARAMETER,AUSTRALIAN_SYNTHETIC,,UNKNOWN
RTDR-B88E228615A6428C34B40767,2019-05-27|SPORTSBET-BALLARAT SYNTHETIC|R01,2019-05-27,SPORTSBET-BALLARAT SYNTHETIC,1100,NO_GOVERNED_SURFACE_CONDITION_LENGTH_PARAMETER,AUSTRALIAN_SYNTHETIC,,UNKNOWN
RTDR-BC4297AF37FDD0B32F5B4C67,2019-05-27|SPORTSBET-BALLARAT SYNTHETIC|R06,2019-05-27,SPORTSBET-BALLARAT SYNTHETIC,1100,NO_GOVERNED_SURFACE_CONDITION_LENGTH_PARAMETER,AUSTRALIAN_SYNTHETIC,,UNKNOWN
RTDR-07F281107062C9F29A95FE51,2019-05-27|SPORTSBET-BALLARAT SYNTHETIC|R08,2019-05-27,SPORTSBET-BALLARAT SYNTHETIC,2100,NO_GOVERNED_SURFACE_CONDITION_LENGTH_PARAMETER,AUSTRALIAN_SYNTHETIC,,UNKNOWN
RTDR-6E0935876B9BC1A6877C47F8,2019-05-27|SPORTSBET-BALLARAT SYNTHETIC|R02,2019-05-27,SPORTSBET-BALLARAT SYNTHETIC,1100,NO_GOVERNED_SURFACE_CONDITION_LENGTH_PARAMETER,AUSTRALIAN_SYNTHETIC,,UNKNOWN
RTDR-6AB6AAF8010DFB2DA565DBD7,2019-05-30|SPORTSBET-BALLARAT SYNTHETIC|R01,2019-05-30,SPORTSBET-BALLARAT SYNTHETIC,1000,NO_GOVERNED_SURFACE_CONDITION_LENGTH_PARAMETER,AUSTRALIAN_SYNTHETIC,,UNKNOWN
RTDR-86E543A84AA0423EB4F31C2B,2019-05-30|SPORTSBET-BALLARAT SYNTHETIC|R08,2019-05-30,SPORTSBET-BALLARAT SYNTHETIC,1400,NO_GOVERNED_SURFACE_CONDITION_LENGTH_PARAMETER,AUSTRALIAN_SYNTHETIC,,UNKNOWN
RTDR-696E4FF93248DD6D08140DF3,2019-05-30|SPORTSBET-BALLARAT SYNTHETIC|R04,2019-05-30,SPORTSBET-BALLARAT SYNTHETIC,1200,NO_GOVERNED_SURFACE_CONDITION_LENGTH_PARAMETER,AUSTRALIAN_SYNTHETIC,,UNKNOWN
RTDR-249B2D3AE5E48A991D9C09A1,2019-05-30|SPORTSBET-BALLARAT SYNTHETIC|R06,2019-05-30,SPORTSBET-BALLARAT SYNTHETIC,1000,NO_GOVERNED_SURFACE_CONDITION_LENGTH_PARAMETER,AUSTRALIAN_SYNTHETIC,,UNKNOWN
RTDR-26F9D93D0AB2323F31DE50DD,2019-05-30|SPORTSBET-BALLARAT SYNTHETIC|R05,2019-05-30,SPORTSBET-BALLARAT SYNTHETIC,1200,NO_GOVERNED_SURFACE_CONDITION_LENGTH_PARAMETER,AUSTRALIAN_SYNTHETIC,,UNKNOWN
RTDR-4390FB38AE53F00C1CABA40C,2019-05-30|SPORTSBET-BALLARAT SYNTHETIC|R03,2019-05-30,SPORTSBET-BALLARAT SYNTHETIC,1500,NO_GOVERNED_SURFACE_CONDITION_LENGTH_PARAMETER,AUSTRALIAN_SYNTHETIC,,UNKNOWN
RTDR-56F56D1BF2720A5F2F92D68D,2019-05-30|SPORTSBET-BALLARAT SYNTHETIC|R02,2019-05-30,SPORTSBET-BALLARAT SYNTHETIC,1400,NO_GOVERNED_SURFACE_CONDITION_LENGTH_PARAMETER,AUSTRALIAN_SYNTHETIC,,UNKNOWN
RTDR-8C82AB92F6AF6A31A8A8A09B,2019-05-30|SPORTSBET-BALLARAT SYNTHETIC|R07,2019-05-30,SPORTSBET-BALLARAT SYNTHETIC,1500,NO_GOVERNED_SURFACE_CONDITION_LENGTH_PARAMETER,AUSTRALIAN_SYNTHETIC,,UNKNOWN
RTDR-A6DCA804A260F3E7611E69B1,2020-05-18|SPORTSBET-BALLARAT SYNTHETIC|R09,2020-05-18,SPORTSBET-BALLARAT SYNTHETIC,2100,NO_GOVERNED_SURFACE_CONDITION_LENGTH_PARAMETER,AUSTRALIAN_SYNTHETIC,,UNKNOWN
RTDR-46A4751735F12A13321F37F0,2020-05-18|SPORTSBET-BALLARAT SYNTHETIC|R01,2020-05-18,SPORTSBET-BALLARAT SYNTHETIC,1000,NO_GOVERNED_SURFACE_CONDITION_LENGTH_PARAMETER,AUSTRALIAN_SYNTHETIC,,UNKNOWN
RTDR-0B202280ECB13CD63E3DE963,2020-05-18|SPORTSBET-BALLARAT SYNTHETIC|R04,2020-05-18,SPORTSBET-BALLARAT SYNTHETIC,1400,NO_GOVERNED_SURFACE_CONDITION_LENGTH_PARAMETER,AUSTRALIAN_SYNTHETIC,,UNKNOWN
RTDR-32E0719962B46544A4A31451,2020-05-18|SPORTSBET-BALLARAT SYNTHETIC|R03,2020-05-18,SPORTSBET-BALLARAT SYNTHETIC,1500,NO_GOVERNED_SURFACE_CONDITION_LENGTH_PARAMETER,AUSTRALIAN_SYNTHETIC,,UNKNOWN
RTDR-09BC06D3FD076C8854A1A565,2020-05-18|SPORTSBET-BALLARAT SYNTHETIC|R05,2020-05-18,SPORTSBET-BALLARAT SYNTHETIC,1400,NO_GOVERNED_SURFACE_CONDITION_LENGTH_PARAMETER,AUSTRALIAN_SYNTHETIC,,UNKNOWN
RTDR-EA42C33C1D6BB7E1F3AACEE0,2020-05-18|SPORTSBET-BALLARAT SYNTHETIC|R02,2020-05-18,SPORTSBET-BALLARAT SYNTHETIC,1200,NO_GOVERNED_SURFACE_CONDITION_LENGTH_PARAMETER,AUSTRALIAN_SYNTHETIC,,UNKNOWN
RTDR-0AD9896E97CA2B0BCAD9B2FE,2020-05-18|SPORTSBET-BALLARAT SYNTHETIC|R08,2020-05-18,SPORTSBET-BALLARAT SYNTHETIC,1000,NO_GOVERNED_SURFACE_CONDITION_LENGTH_PARAMETER,AUSTRALIAN_SYNTHETIC,,UNKNOWN
RTDR-B5E51550ADEE565940CBEF06,2020-05-18|SPORTSBET-BALLARAT SYNTHETIC|R06,2020-05-18,SPORTSBET-BALLARAT SYNTHETIC,1200,NO_GOVERNED_SURFACE_CONDITION_LENGTH_PARAMETER,AUSTRALIAN_SYNTHETIC,,UNKNOWN
RTDR-02D9EF481535547992A561F6,2020-05-18|SPORTSBET-BALLARAT SYNTHETIC|R07,2020-05-18,SPORTSBET-BALLARAT SYNTHETIC,1200,NO_GOVERNED_SURFACE_CONDITION_LENGTH_PARAMETER,AUSTRALIAN_SYNTHETIC,,UNKNOWN
RTDR-C6F138B098D8EA993FD83623,2020-05-24|SPORTSBET-BALLARAT SYNTHETIC|R03,2020-05-24,SPORTSBET-BALLARAT SYNTHETIC,1400,NO_GOVERNED_SURFACE_CONDITION_LENGTH_PARAMETER,AUSTRALIAN_SYNTHETIC,,UNKNOWN
RTDR-68BED9D38C6618F3A33CBBFA,2020-05-24|SPORTSBET-BALLARAT SYNTHETIC|R05,2020-05-24,SPORTSBET-BALLARAT SYNTHETIC,1500,NO_GOVERNED_SURFACE_CONDITION_LENGTH_PARAMETER,AUSTRALIAN_SYNTHETIC,,UNKNOWN
RTDR-F53FFC5031D8F311B6AB7AA8,2020-05-24|SPORTSBET-BALLARAT SYNTHETIC|R04,2020-05-24,SPORTSBET-BALLARAT SYNTHETIC,1400,NO_GOVERNED_SURFACE_CONDITION_LENGTH_PARAMETER,AUSTRALIAN_SYNTHETIC,,UNKNOWN
RTDR-B0400B09114152DA4F6CCF3E,2020-05-24|SPORTSBET-BALLARAT SYNTHETIC|R02,2020-05-24,SPORTSBET-BALLARAT SYNTHETIC,1200,NO_GOVERNED_SURFACE_CONDITION_LENGTH_PARAMETER,AUSTRALIAN_SYNTHETIC,,UNKNOWN
RTDR-D8FBE07B567639655FFAA20F,2020-05-24|SPORTSBET-BALLARAT SYNTHETIC|R06,2020-05-24,SPORTSBET-BALLARAT SYNTHETIC,1200,NO_GOVERNED_SURFACE_CONDITION_LENGTH_PARAMETER,AUSTRALIAN_SYNTHETIC,,UNKNOWN
RTDR-1B258ED056C7797CE6476685,2020-05-24|SPORTSBET-BALLARAT SYNTHETIC|R01,2020-05-24,SPORTSBET-BALLARAT SYNTHETIC,1100,NO_GOVERNED_SURFACE_CONDITION_LENGTH_PARAMETER,AUSTRALIAN_SYNTHETIC,,UNKNOWN
RTDR-E12D1E004DBB72858B2842F2,2020-05-24|SPORTSBET-BALLARAT SYNTHETIC|R07,2020-05-24,SPORTSBET-BALLARAT SYNTHETIC,1100,NO_GOVERNED_SURFACE_CONDITION_LENGTH_PARAMETER,AUSTRALIAN_SYNTHETIC,,UNKNOWN
RTDR-E2DD5F1CF546DBCF25025288,2020-05-28|SPORTSBET-BALLARAT SYNTHETIC|R03,2020-05-28,SPORTSBET-BALLARAT SYNTHETIC,1200,NO_GOVERNED_SURFACE_CONDITION_LENGTH_PARAMETER,AUSTRALIAN_SYNTHETIC,,UNKNOWN
RTDR-B1548D3205F031D949F081C4,2020-05-28|SPORTSBET-BALLARAT SYNTHETIC|R07,2020-05-28,SPORTSBET-BALLARAT SYNTHETIC,1000,NO_GOVERNED_SURFACE_CONDITION_LENGTH_PARAMETER,AUSTRALIAN_SYNTHETIC,,UNKNOWN
RTDR-F2DCB7526E397DD99B9219E3,2020-05-28|SPORTSBET-BALLARAT SYNTHETIC|R06,2020-05-28,SPORTSBET-BALLARAT SYNTHETIC,1500,NO_GOVERNED_SURFACE_CONDITION_LENGTH_PARAMETER,AUSTRALIAN_SYNTHETIC,,UNKNOWN
RTDR-FBC6046DCAC5B802CDF2BA64,2020-05-28|SPORTSBET-BALLARAT SYNTHETIC|R05,2020-05-28,SPORTSBET-BALLARAT SYNTHETIC,1400,NO_GOVERNED_SURFACE_CONDITION_LENGTH_PARAMETER,AUSTRALIAN_SYNTHETIC,,UNKNOWN
RTDR-ABDD651D4F70E2BEA09DB3E4,2020-05-28|SPORTSBET-BALLARAT SYNTHETIC|R08,2020-05-28,SPORTSBET-BALLARAT SYNTHETIC,1200,NO_GOVERNED_SURFACE_CONDITION_LENGTH_PARAMETER,AUSTRALIAN_SYNTHETIC,,UNKNOWN
RTDR-2D39D0FDC5D0B3B5D3D88C1B,2020-05-28|SPORTSBET-BALLARAT SYNTHETIC|R04,2020-05-28,SPORTSBET-BALLARAT SYNTHETIC,1400,NO_GOVERNED_SURFACE_CONDITION_LENGTH_PARAMETER,AUSTRALIAN_SYNTHETIC,,UNKNOWN
RTDR-1CD4647B07AC669813FD63E0,2020-05-28|SPORTSBET-BALLARAT SYNTHETIC|R02,2020-05-28,SPORTSBET-BALLARAT SYNTHETIC,1100,NO_GOVERNED_SURFACE_CONDITION_LENGTH_PARAMETER,AUSTRALIAN_SYNTHETIC,,UNKNOWN
RTDR-E4E0A5F3DFEAB90206B2BF5D,2020-05-28|SPORTSBET-BALLARAT SYNTHETIC|R01,2020-05-28,SPORTSBET-BALLARAT SYNTHETIC,2100,NO_GOVERNED_SURFACE_CONDITION_LENGTH_PARAMETER,AUSTRALIAN_SYNTHETIC,,UNKNOWN
RTDR-AD202660F3354431C860E417,2021-05-13|SPORTSBET-PAKENHAM SYNTHETIC|R02,2021-05-13,SPORTSBET-PAKENHAM SYNTHETIC,1100,NO_GOVERNED_SURFACE_CONDITION_LENGTH_PARAMETER,AUSTRALIAN_SYNTHETIC,,UNKNOWN
RTDR-566EB26DCA43B370ABDC9CAA,2021-05-13|SPORTSBET-PAKENHAM SYNTHETIC|R07,2021-05-13,SPORTSBET-PAKENHAM SYNTHETIC,1400,NO_GOVERNED_SURFACE_CONDITION_LENGTH_PARAMETER,AUSTRALIAN_SYNTHETIC,,UNKNOWN
RTDR-CC520EB2155A7BA5335A7080,2021-05-13|SPORTSBET-PAKENHAM SYNTHETIC|R01,2021-05-13,SPORTSBET-PAKENHAM SYNTHETIC,1000,NO_GOVERNED_SURFACE_CONDITION_LENGTH_PARAMETER,AUSTRALIAN_SYNTHETIC,,UNKNOWN
RTDR-F4BF62446C941AAA55533D20,2021-05-13|SPORTSBET-PAKENHAM SYNTHETIC|R03,2021-05-13,SPORTSBET-PAKENHAM SYNTHETIC,1400,NO_GOVERNED_SURFACE_CONDITION_LENGTH_PARAMETER,AUSTRALIAN_SYNTHETIC,,UNKNOWN
RTDR-F0E4A0DF433EC27C13C39778,2021-05-13|SPORTSBET-PAKENHAM SYNTHETIC|R05,2021-05-13,SPORTSBET-PAKENHAM SYNTHETIC,1200,NO_GOVERNED_SURFACE_CONDITION_LENGTH_PARAMETER,AUSTRALIAN_SYNTHETIC,,UNKNOWN
RTDR-806AB894E26E1714FF71D774,2021-05-13|SPORTSBET-PAKENHAM SYNTHETIC|R08,2021-05-13,SPORTSBET-PAKENHAM SYNTHETIC,1600,NO_GOVERNED_SURFACE_CONDITION_LENGTH_PARAMETER,AUSTRALIAN_SYNTHETIC,,UNKNOWN
RTDR-DB26D9BFF32D93457672128C,2021-05-13|SPORTSBET-PAKENHAM SYNTHETIC|R04,2021-05-13,SPORTSBET-PAKENHAM SYNTHETIC,1200,NO_GOVERNED_SURFACE_CONDITION_LENGTH_PARAMETER,AUSTRALIAN_SYNTHETIC,,UNKNOWN
RTDR-BBFD8A388964BFA3E08DAD47,2021-05-13|SPORTSBET-PAKENHAM SYNTHETIC|R06,2021-05-13,SPORTSBET-PAKENHAM SYNTHETIC,1100,NO_GOVERNED_SURFACE_CONDITION_LENGTH_PARAMETER,AUSTRALIAN_SYNTHETIC,,UNKNOWN
RTDR-8D8BF1957035C40B4DBE5E07,2021-05-17|SPORTSBET-BALLARAT SYNTHETIC|R04,2021-05-17,SPORTSBET-BALLARAT SYNTHETIC,2100,NO_GOVERNED_SURFACE_CONDITION_LENGTH_PARAMETER,AUSTRALIAN_SYNTHETIC,,UNKNOWN
RTDR-01AA8925DA5A42C5BCEBFA19,2021-05-17|SPORTSBET-BALLARAT SYNTHETIC|R06,2021-05-17,SPORTSBET-BALLARAT SYNTHETIC,1000,NO_GOVERNED_SURFACE_CONDITION_LENGTH_PARAMETER,AUSTRALIAN_SYNTHETIC,,UNKNOWN
RTDR-B2CA65F73927E1A01445EB35,2021-05-17|SPORTSBET-BALLARAT SYNTHETIC|R07,2021-05-17,SPORTSBET-BALLARAT SYNTHETIC,1400,NO_GOVERNED_SURFACE_CONDITION_LENGTH_PARAMETER,AUSTRALIAN_SYNTHETIC,,UNKNOWN
RTDR-7C35BB2A1E176535205B3745,2021-05-17|SPORTSBET-BALLARAT SYNTHETIC|R08,2021-05-17,SPORTSBET-BALLARAT SYNTHETIC,1200,NO_GOVERNED_SURFACE_CONDITION_LENGTH_PARAMETER,AUSTRALIAN_SYNTHETIC,,UNKNOWN
RTDR-4DDF384C7B6549850E1E712C,2021-05-17|SPORTSBET-BALLARAT SYNTHETIC|R01,2021-05-17,SPORTSBET-BALLARAT SYNTHETIC,1200,NO_GOVERNED_SURFACE_CONDITION_LENGTH_PARAMETER,AUSTRALIAN_SYNTHETIC,,UNKNOWN
RTDR-E4D4C43B037B6AB453058F33,2021-05-17|SPORTSBET-BALLARAT SYNTHETIC|R03,2021-05-17,SPORTSBET-BALLARAT SYNTHETIC,1400,NO_GOVERNED_SURFACE_CONDITION_LENGTH_PARAMETER,AUSTRALIAN_SYNTHETIC,,UNKNOWN
RTDR-A3D88F4BBBF57E44B823A22E,2021-05-17|SPORTSBET-BALLARAT SYNTHETIC|R02,2021-05-17,SPORTSBET-BALLARAT SYNTHETIC,1000,NO_GOVERNED_SURFACE_CONDITION_LENGTH_PARAMETER,AUSTRALIAN_SYNTHETIC,,UNKNOWN
RTDR-A81B33C72A333B41E8ADD0F0,2021-05-17|SPORTSBET-BALLARAT SYNTHETIC|R05,2021-05-17,SPORTSBET-BALLARAT SYNTHETIC,2100,NO_GOVERNED_SURFACE_CONDITION_LENGTH_PARAMETER,AUSTRALIAN_SYNTHETIC,,UNKNOWN
RTDR-7E9455A8A8974717C2B3A11B,2021-05-20|SPORTSBET-PAKENHAM SYNTHETIC|R04,2021-05-20,SPORTSBET-PAKENHAM SYNTHETIC,1600,NO_GOVERNED_SURFACE_CONDITION_LENGTH_PARAMETER,AUSTRALIAN_SYNTHETIC,,UNKNOWN
RTDR-398B73525F1EE00420167E78,2021-05-20|SPORTSBET-PAKENHAM SYNTHETIC|R06,2021-05-20,SPORTSBET-PAKENHAM SYNTHETIC,1000,NO_GOVERNED_SURFACE_CONDITION_LENGTH_PARAMETER,AUSTRALIAN_SYNTHETIC,,UNKNOWN
RTDR-3DAE1B8F87B7A55AB5D880BC,2021-05-20|SPORTSBET-PAKENHAM SYNTHETIC|R03,2021-05-20,SPORTSBET-PAKENHAM SYNTHETIC,1400,NO_GOVERNED_SURFACE_CONDITION_LENGTH_PARAMETER,AUSTRALIAN_SYNTHETIC,,UNKNOWN
RTDR-8388AF396F2DA0326285A2DA,2021-05-20|SPORTSBET-PAKENHAM SYNTHETIC|R07,2021-05-20,SPORTSBET-PAKENHAM SYNTHETIC,1200,NO_GOVERNED_SURFACE_CONDITION_LENGTH_PARAMETER,AUSTRALIAN_SYNTHETIC,,UNKNOWN
RTDR-AC03F4FA2DB79CECD3F77426,2021-05-20|SPORTSBET-PAKENHAM SYNTHETIC|R08,2021-05-20,SPORTSBET-PAKENHAM SYNTHETIC,1400,NO_GOVERNED_SURFACE_CONDITION_LENGTH_PARAMETER,AUSTRALIAN_SYNTHETIC,,UNKNOWN
RTDR-5323CC89A9B6C5E7DAF6598F,2021-05-20|SPORTSBET-PAKENHAM SYNTHETIC|R01,2021-05-20,SPORTSBET-PAKENHAM SYNTHETIC,1200,NO_GOVERNED_SURFACE_CONDITION_LENGTH_PARAMETER,AUSTRALIAN_SYNTHETIC,,UNKNOWN
RTDR-6E4A70EA34D244E3A91AFE82,2021-05-20|SPORTSBET-PAKENHAM SYNTHETIC|R02,2021-05-20,SPORTSBET-PAKENHAM SYNTHETIC,1200,NO_GOVERNED_SURFACE_CONDITION_LENGTH_PARAMETER,AUSTRALIAN_SYNTHETIC,,UNKNOWN
RTDR-F92F9F1425F521842D2C826E,2021-05-20|SPORTSBET-PAKENHAM SYNTHETIC|R05,2021-05-20,SPORTSBET-PAKENHAM SYNTHETIC,1600,NO_GOVERNED_SURFACE_CONDITION_LENGTH_PARAMETER,AUSTRALIAN_SYNTHETIC,,UNKNOWN
RTDR-A9DC69D17C1C6688B5F4074D,2021-05-24|SPORTSBET-BALLARAT SYNTHETIC|R01,2021-05-24,SPORTSBET-BALLARAT SYNTHETIC,1000,NO_GOVERNED_SURFACE_CONDITION_LENGTH_PARAMETER,AUSTRALIAN_SYNTHETIC,,UNKNOWN
RTDR-351401B64B7016A52718DCDA,2021-05-24|SPORTSBET-BALLARAT SYNTHETIC|R07,2021-05-24,SPORTSBET-BALLARAT SYNTHETIC,1500,NO_GOVERNED_SURFACE_CONDITION_LENGTH_PARAMETER,AUSTRALIAN_SYNTHETIC,,UNKNOWN
RTDR-B6A9FE92A6359B125134F528,2021-05-24|SPORTSBET-BALLARAT SYNTHETIC|R03,2021-05-24,SPORTSBET-BALLARAT SYNTHETIC,1500,NO_GOVERNED_SURFACE_CONDITION_LENGTH_PARAMETER,AUSTRALIAN_SYNTHETIC,,UNKNOWN
RTDR-C065F80B44FF2263FF82118F,2021-05-24|SPORTSBET-BALLARAT SYNTHETIC|R04,2021-05-24,SPORTSBET-BALLARAT SYNTHETIC,1200,NO_GOVERNED_SURFACE_CONDITION_LENGTH_PARAMETER,AUSTRALIAN_SYNTHETIC,,UNKNOWN
RTDR-B42CE5FA42814EB98AF094B2,2021-05-24|SPORTSBET-BALLARAT SYNTHETIC|R02,2021-05-24,SPORTSBET-BALLARAT SYNTHETIC,1100,NO_GOVERNED_SURFACE_CONDITION_LENGTH_PARAMETER,AUSTRALIAN_SYNTHETIC,,UNKNOWN
RTDR-ACF02B248687B3BC0E6A0640,2021-05-24|SPORTSBET-BALLARAT SYNTHETIC|R06,2021-05-24,SPORTSBET-BALLARAT SYNTHETIC,1100,NO_GOVERNED_SURFACE_CONDITION_LENGTH_PARAMETER,AUSTRALIAN_SYNTHETIC,,UNKNOWN
RTDR-ADD5C510B2AC6928659ED042,2021-05-24|SPORTSBET-BALLARAT SYNTHETIC|R05,2021-05-24,SPORTSBET-BALLARAT SYNTHETIC,1000,NO_GOVERNED_SURFACE_CONDITION_LENGTH_PARAMETER,AUSTRALIAN_SYNTHETIC,,UNKNOWN
RTDR-E18893C484813E4CF648A25C,2021-05-28|SPORTSBET-BALLARAT SYNTHETIC|R02,2021-05-28,SPORTSBET-BALLARAT SYNTHETIC,1200,NO_GOVERNED_SURFACE_CONDITION_LENGTH_PARAMETER,AUSTRALIAN_SYNTHETIC,,UNKNOWN
RTDR-B0D029F977AEE4187EB0E5EB,2021-05-28|SPORTSBET-BALLARAT SYNTHETIC|R07,2021-05-28,SPORTSBET-BALLARAT SYNTHETIC,1200,NO_GOVERNED_SURFACE_CONDITION_LENGTH_PARAMETER,AUSTRALIAN_SYNTHETIC,,UNKNOWN
RTDR-F1A42FF6C0FE68C304AC4A9A,2021-05-28|SPORTSBET-BALLARAT SYNTHETIC|R04,2021-05-28,SPORTSBET-BALLARAT SYNTHETIC,1500,NO_GOVERNED_SURFACE_CONDITION_LENGTH_PARAMETER,AUSTRALIAN_SYNTHETIC,,UNKNOWN
RTDR-9EC49C0E224D062ABAAE4F90,2021-05-28|SPORTSBET-BALLARAT SYNTHETIC|R05,2021-05-28,SPORTSBET-BALLARAT SYNTHETIC,1000,NO_GOVERNED_SURFACE_CONDITION_LENGTH_PARAMETER,AUSTRALIAN_SYNTHETIC,,UNKNOWN
RTDR-82C60B154C5C1EC6859916D5,2021-05-28|SPORTSBET-BALLARAT SYNTHETIC|R03,2021-05-28,SPORTSBET-BALLARAT SYNTHETIC,1200,NO_GOVERNED_SURFACE_CONDITION_LENGTH_PARAMETER,AUSTRALIAN_SYNTHETIC,,UNKNOWN
RTDR-FA5E131FC3CE36DD0D66CB22,2021-05-28|SPORTSBET-BALLARAT SYNTHETIC|R08,2021-05-28,SPORTSBET-BALLARAT SYNTHETIC,1400,NO_GOVERNED_SURFACE_CONDITION_LENGTH_PARAMETER,AUSTRALIAN_SYNTHETIC,,UNKNOWN
RTDR-D4AB46FADF695C2EDFDC814F,2021-05-31|SPORTSBET-PAKENHAM SYNTHETIC|R04,2021-05-31,SPORTSBET-PAKENHAM SYNTHETIC,1600,NO_GOVERNED_SURFACE_CONDITION_LENGTH_PARAMETER,AUSTRALIAN_SYNTHETIC,,UNKNOWN
RTDR-805217C23C6161C072BCE9D1,2021-05-31|SPORTSBET-PAKENHAM SYNTHETIC|R06,2021-05-31,SPORTSBET-PAKENHAM SYNTHETIC,2200,NO_GOVERNED_SURFACE_CONDITION_LENGTH_PARAMETER,AUSTRALIAN_SYNTHETIC,,UNKNOWN
RTDR-18F41DC7439ACDE27304CDE0,2021-05-31|SPORTSBET-PAKENHAM SYNTHETIC|R08,2021-05-31,SPORTSBET-PAKENHAM SYNTHETIC,1400,NO_GOVERNED_SURFACE_CONDITION_LENGTH_PARAMETER,AUSTRALIAN_SYNTHETIC,,UNKNOWN
RTDR-F8C8EF06FF69907D3FE9B62C,2021-05-31|SPORTSBET-PAKENHAM SYNTHETIC|R07,2021-05-31,SPORTSBET-PAKENHAM SYNTHETIC,1100,NO_GOVERNED_SURFACE_CONDITION_LENGTH_PARAMETER,AUSTRALIAN_SYNTHETIC,,UNKNOWN
RTDR-ECEDE2A198B0164739E7A09F,2021-05-31|SPORTSBET-PAKENHAM SYNTHETIC|R03,2021-05-31,SPORTSBET-PAKENHAM SYNTHETIC,1000,NO_GOVERNED_SURFACE_CONDITION_LENGTH_PARAMETER,AUSTRALIAN_SYNTHETIC,,UNKNOWN
RTDR-7F127CA80502ADC4336D7F05,2021-05-31|SPORTSBET-PAKENHAM SYNTHETIC|R01,2021-05-31,SPORTSBET-PAKENHAM SYNTHETIC,1200,NO_GOVERNED_SURFACE_CONDITION_LENGTH_PARAMETER,AUSTRALIAN_SYNTHETIC,,UNKNOWN
RTDR-22B4601D908986EF016901AF,2021-05-31|SPORTSBET-PAKENHAM SYNTHETIC|R02,2021-05-31,SPORTSBET-PAKENHAM SYNTHETIC,1200,NO_GOVERNED_SURFACE_CONDITION_LENGTH_PARAMETER,AUSTRALIAN_SYNTHETIC,,UNKNOWN
RTDR-C38AB15BF8B3CE8E2B4AD6EC,2021-05-31|SPORTSBET-PAKENHAM SYNTHETIC|R05,2021-05-31,SPORTSBET-PAKENHAM SYNTHETIC,1600,NO_GOVERNED_SURFACE_CONDITION_LENGTH_PARAMETER,AUSTRALIAN_SYNTHETIC,,UNKNOWN
RTDR-0E340A7C436C4C9A34AEB3D7,2022-05-16|SPORTSBET-BALLARAT SYNTHETIC|R05,2022-05-16,SPORTSBET-BALLARAT SYNTHETIC,2100,NO_GOVERNED_SURFACE_CONDITION_LENGTH_PARAMETER,AUSTRALIAN_SYNTHETIC,,UNKNOWN
RTDR-8563A553F632D8D3FFE506C8,2022-05-16|SPORTSBET-BALLARAT SYNTHETIC|R04,2022-05-16,SPORTSBET-BALLARAT SYNTHETIC,2100,NO_GOVERNED_SURFACE_CONDITION_LENGTH_PARAMETER,AUSTRALIAN_SYNTHETIC,,UNKNOWN
RTDR-90D809366C1A89365F2905E3,2022-05-16|SPORTSBET-BALLARAT SYNTHETIC|R03,2022-05-16,SPORTSBET-BALLARAT SYNTHETIC,1400,NO_GOVERNED_SURFACE_CONDITION_LENGTH_PARAMETER,AUSTRALIAN_SYNTHETIC,,UNKNOWN
RTDR-38D3FABEB833D3D6663B3BAA,2022-05-16|SPORTSBET-BALLARAT SYNTHETIC|R01,2022-05-16,SPORTSBET-BALLARAT SYNTHETIC,1000,NO_GOVERNED_SURFACE_CONDITION_LENGTH_PARAMETER,AUSTRALIAN_SYNTHETIC,,UNKNOWN
RTDR-A1DA77C1C1E3BC59040D59DB,2022-05-16|SPORTSBET-BALLARAT SYNTHETIC|R07,2022-05-16,SPORTSBET-BALLARAT SYNTHETIC,1200,NO_GOVERNED_SURFACE_CONDITION_LENGTH_PARAMETER,AUSTRALIAN_SYNTHETIC,,UNKNOWN
RTDR-A6609240C71074DE9937759C,2022-05-16|SPORTSBET-BALLARAT SYNTHETIC|R02,2022-05-16,SPORTSBET-BALLARAT SYNTHETIC,1200,NO_GOVERNED_SURFACE_CONDITION_LENGTH_PARAMETER,AUSTRALIAN_SYNTHETIC,,UNKNOWN
RTDR-0F32DDF48E6152903729E000,2022-05-16|SPORTSBET-BALLARAT SYNTHETIC|R06,2022-05-16,SPORTSBET-BALLARAT SYNTHETIC,1000,NO_GOVERNED_SURFACE_CONDITION_LENGTH_PARAMETER,AUSTRALIAN_SYNTHETIC,,UNKNOWN
RTDR-395076F9A09F3D00BEE67988,2022-05-16|SPORTSBET-BALLARAT SYNTHETIC|R08,2022-05-16,SPORTSBET-BALLARAT SYNTHETIC,1400,NO_GOVERNED_SURFACE_CONDITION_LENGTH_PARAMETER,AUSTRALIAN_SYNTHETIC,,UNKNOWN
RTDR-474531E85590CDCB98C8451C,2023-05-07|SPORTSBET-PAKENHAM SYNTHETIC|R05,2023-05-07,SPORTSBET-PAKENHAM SYNTHETIC,1400,NO_GOVERNED_SURFACE_CONDITION_LENGTH_PARAMETER,AUSTRALIAN_SYNTHETIC,,UNKNOWN
RTDR-BDDF00249011C3ED5D77BEA3,2023-05-07|SPORTSBET-PAKENHAM SYNTHETIC|R01,2023-05-07,SPORTSBET-PAKENHAM SYNTHETIC,1100,NO_GOVERNED_SURFACE_CONDITION_LENGTH_PARAMETER,AUSTRALIAN_SYNTHETIC,,UNKNOWN
RTDR-AA2DCC3A9636696C89C8C9B3,2023-05-07|SPORTSBET-PAKENHAM SYNTHETIC|R02,2023-05-07,SPORTSBET-PAKENHAM SYNTHETIC,1400,NO_GOVERNED_SURFACE_CONDITION_LENGTH_PARAMETER,AUSTRALIAN_SYNTHETIC,,UNKNOWN
RTDR-7ED7A824FDD47A8864379F23,2023-05-07|SPORTSBET-PAKENHAM SYNTHETIC|R03,2023-05-07,SPORTSBET-PAKENHAM SYNTHETIC,1600,NO_GOVERNED_SURFACE_CONDITION_LENGTH_PARAMETER,AUSTRALIAN_SYNTHETIC,,UNKNOWN
RTDR-EA6D33DE03F0861BC07FA381,2023-05-07|SPORTSBET-PAKENHAM SYNTHETIC|R04,2023-05-07,SPORTSBET-PAKENHAM SYNTHETIC,1200,NO_GOVERNED_SURFACE_CONDITION_LENGTH_PARAMETER,AUSTRALIAN_SYNTHETIC,,UNKNOWN
RTDR-38B9BB434FCBAA0AA17D71D6,2023-05-07|SPORTSBET-PAKENHAM SYNTHETIC|R06,2023-05-07,SPORTSBET-PAKENHAM SYNTHETIC,1600,NO_GOVERNED_SURFACE_CONDITION_LENGTH_PARAMETER,AUSTRALIAN_SYNTHETIC,,UNKNOWN
RTDR-25EA60FA2D1058E6E9DA13CC,2023-05-07|SPORTSBET-PAKENHAM SYNTHETIC|R07,2023-05-07,SPORTSBET-PAKENHAM SYNTHETIC,1000,NO_GOVERNED_SURFACE_CONDITION_LENGTH_PARAMETER,AUSTRALIAN_SYNTHETIC,,UNKNOWN
RTDR-A6424A8247769F93D27C724E,2023-05-09|SPORTSBET-BALLARAT SYNTHETIC|R03,2023-05-09,SPORTSBET-BALLARAT SYNTHETIC,1200,NO_GOVERNED_SURFACE_CONDITION_LENGTH_PARAMETER,AUSTRALIAN_SYNTHETIC,,UNKNOWN
RTDR-73135A1D38AF37778D6E1A3A,2023-05-09|SPORTSBET-BALLARAT SYNTHETIC|R02,2023-05-09,SPORTSBET-BALLARAT SYNTHETIC,1400,NO_GOVERNED_SURFACE_CONDITION_LENGTH_PARAMETER,AUSTRALIAN_SYNTHETIC,,UNKNOWN
RTDR-9E4DA9BBDC4DDDCDD665FB4C,2023-05-09|SPORTSBET-BALLARAT SYNTHETIC|R05,2023-05-09,SPORTSBET-BALLARAT SYNTHETIC,2100,NO_GOVERNED_SURFACE_CONDITION_LENGTH_PARAMETER,AUSTRALIAN_SYNTHETIC,,UNKNOWN
RTDR-FF562E9D02EA49C36496F319,2023-05-09|SPORTSBET-BALLARAT SYNTHETIC|R04,2023-05-09,SPORTSBET-BALLARAT SYNTHETIC,2100,NO_GOVERNED_SURFACE_CONDITION_LENGTH_PARAMETER,AUSTRALIAN_SYNTHETIC,,UNKNOWN
RTDR-3C72EF93FC2554E83DA40361,2023-05-09|SPORTSBET-BALLARAT SYNTHETIC|R08,2023-05-09,SPORTSBET-BALLARAT SYNTHETIC,1400,NO_GOVERNED_SURFACE_CONDITION_LENGTH_PARAMETER,AUSTRALIAN_SYNTHETIC,,UNKNOWN
RTDR-EA5D0FB74233BD0E6D124926,2023-05-09|SPORTSBET-BALLARAT SYNTHETIC|R07,2023-05-09,SPORTSBET-BALLARAT SYNTHETIC,1000,NO_GOVERNED_SURFACE_CONDITION_LENGTH_PARAMETER,AUSTRALIAN_SYNTHETIC,,UNKNOWN
RTDR-5706FED91853BC709176990A,2023-05-09|SPORTSBET-BALLARAT SYNTHETIC|R06,2023-05-09,SPORTSBET-BALLARAT SYNTHETIC,1200,NO_GOVERNED_SURFACE_CONDITION_LENGTH_PARAMETER,AUSTRALIAN_SYNTHETIC,,UNKNOWN
RTDR-15952763389723245B66FE6B,2023-05-09|SPORTSBET-BALLARAT SYNTHETIC|R01,2023-05-09,SPORTSBET-BALLARAT SYNTHETIC,1000,NO_GOVERNED_SURFACE_CONDITION_LENGTH_PARAMETER,AUSTRALIAN_SYNTHETIC,,UNKNOWN
RTDR-403FA6E3C286F55C53C28B5B,2023-05-22|SPORTSBET-BALLARAT SYNTHETIC|R02,2023-05-22,SPORTSBET-BALLARAT SYNTHETIC,1100,NO_GOVERNED_SURFACE_CONDITION_LENGTH_PARAMETER,AUSTRALIAN_SYNTHETIC,,UNKNOWN
RTDR-870A5C4DBB4A738578251CE2,2023-05-22|SPORTSBET-BALLARAT SYNTHETIC|R07,2023-05-22,SPORTSBET-BALLARAT SYNTHETIC,1400,NO_GOVERNED_SURFACE_CONDITION_LENGTH_PARAMETER,AUSTRALIAN_SYNTHETIC,,UNKNOWN
RTDR-2F7C8630A1A90D16EF23DD9A,2023-05-22|SPORTSBET-BALLARAT SYNTHETIC|R03,2023-05-22,SPORTSBET-BALLARAT SYNTHETIC,1200,NO_GOVERNED_SURFACE_CONDITION_LENGTH_PARAMETER,AUSTRALIAN_SYNTHETIC,,UNKNOWN
RTDR-50168E58EBBF1D2F9ACE6F7A,2023-05-22|SPORTSBET-BALLARAT SYNTHETIC|R01,2023-05-22,SPORTSBET-BALLARAT SYNTHETIC,1100,NO_GOVERNED_SURFACE_CONDITION_LENGTH_PARAMETER,AUSTRALIAN_SYNTHETIC,,UNKNOWN
RTDR-A88C88A6D7717ABD755E526A,2023-05-22|SPORTSBET-BALLARAT SYNTHETIC|R08,2023-05-22,SPORTSBET-BALLARAT SYNTHETIC,1100,NO_GOVERNED_SURFACE_CONDITION_LENGTH_PARAMETER,AUSTRALIAN_SYNTHETIC,,UNKNOWN
RTDR-FD65B708C7F7BA71B8E10218,2023-05-22|SPORTSBET-BALLARAT SYNTHETIC|R06,2023-05-22,SPORTSBET-BALLARAT SYNTHETIC,1200,NO_GOVERNED_SURFACE_CONDITION_LENGTH_PARAMETER,AUSTRALIAN_SYNTHETIC,,UNKNOWN
RTDR-34F1098A85A7FCD5E9C88EB7,2023-05-22|SPORTSBET-BALLARAT SYNTHETIC|R05,2023-05-22,SPORTSBET-BALLARAT SYNTHETIC,1500,NO_GOVERNED_SURFACE_CONDITION_LENGTH_PARAMETER,AUSTRALIAN_SYNTHETIC,,UNKNOWN
RTDR-7C303FDA3E1A5237D214FE63,2023-05-22|SPORTSBET-BALLARAT SYNTHETIC|R04,2023-05-22,SPORTSBET-BALLARAT SYNTHETIC,1500,NO_GOVERNED_SURFACE_CONDITION_LENGTH_PARAMETER,AUSTRALIAN_SYNTHETIC,,UNKNOWN
RTDR-34048817F117B8EBA93D788B,2023-05-26|SPORTSBET-BALLARAT SYNTHETIC|R07,2023-05-26,SPORTSBET-BALLARAT SYNTHETIC,2100,NO_GOVERNED_SURFACE_CONDITION_LENGTH_PARAMETER,AUSTRALIAN_SYNTHETIC,,UNKNOWN
RTDR-BDD75456DFCB31650281F58D,2023-05-26|SPORTSBET-BALLARAT SYNTHETIC|R02,2023-05-26,SPORTSBET-BALLARAT SYNTHETIC,1400,NO_GOVERNED_SURFACE_CONDITION_LENGTH_PARAMETER,AUSTRALIAN_SYNTHETIC,,UNKNOWN
RTDR-E70744FE6CB9316D21044AC6,2023-05-26|SPORTSBET-BALLARAT SYNTHETIC|R03,2023-05-26,SPORTSBET-BALLARAT SYNTHETIC,1400,NO_GOVERNED_SURFACE_CONDITION_LENGTH_PARAMETER,AUSTRALIAN_SYNTHETIC,,UNKNOWN
RTDR-592A96CDE5EF8AC28A389239,2023-05-26|SPORTSBET-BALLARAT SYNTHETIC|R01,2023-05-26,SPORTSBET-BALLARAT SYNTHETIC,1200,NO_GOVERNED_SURFACE_CONDITION_LENGTH_PARAMETER,AUSTRALIAN_SYNTHETIC,,UNKNOWN
RTDR-A20E82D02FB47B409592C431,2023-05-26|SPORTSBET-BALLARAT SYNTHETIC|R06,2023-05-26,SPORTSBET-BALLARAT SYNTHETIC,1400,NO_GOVERNED_SURFACE_CONDITION_LENGTH_PARAMETER,AUSTRALIAN_SYNTHETIC,,UNKNOWN
RTDR-AA81B083B70498F976397819,2023-05-26|SPORTSBET-BALLARAT SYNTHETIC|R05,2023-05-26,SPORTSBET-BALLARAT SYNTHETIC,1000,NO_GOVERNED_SURFACE_CONDITION_LENGTH_PARAMETER,AUSTRALIAN_SYNTHETIC,,UNKNOWN
RTDR-8A3004A649BB23D34872CC49,2023-05-26|SPORTSBET-BALLARAT SYNTHETIC|R08,2023-05-26,SPORTSBET-BALLARAT SYNTHETIC,1200,NO_GOVERNED_SURFACE_CONDITION_LENGTH_PARAMETER,AUSTRALIAN_SYNTHETIC,,UNKNOWN
RTDR-C6690E2C677EECF6E46DCC98,2023-05-26|SPORTSBET-BALLARAT SYNTHETIC|R04,2023-05-26,SPORTSBET-BALLARAT SYNTHETIC,1000,NO_GOVERNED_SURFACE_CONDITION_LENGTH_PARAMETER,AUSTRALIAN_SYNTHETIC,,UNKNOWN
RTDR-2DF492ABFC6DBAFCE850D947,2023-05-29|SPORTSBET-PAKENHAM SYNTHETIC|R04,2023-05-29,SPORTSBET-PAKENHAM SYNTHETIC,1400,NO_GOVERNED_SURFACE_CONDITION_LENGTH_PARAMETER,AUSTRALIAN_SYNTHETIC,,UNKNOWN
RTDR-DB71BFAF3FBF79B6E54C59E0,2023-05-29|SPORTSBET-PAKENHAM SYNTHETIC|R07,2023-05-29,SPORTSBET-PAKENHAM SYNTHETIC,1200,NO_GOVERNED_SURFACE_CONDITION_LENGTH_PARAMETER,AUSTRALIAN_SYNTHETIC,,UNKNOWN
RTDR-0A0AFDAEFDB9AB18CF2DD4A3,2023-05-29|SPORTSBET-PAKENHAM SYNTHETIC|R02,2023-05-29,SPORTSBET-PAKENHAM SYNTHETIC,1200,NO_GOVERNED_SURFACE_CONDITION_LENGTH_PARAMETER,AUSTRALIAN_SYNTHETIC,,UNKNOWN
RTDR-7D08B63F58D3776B61AB6F82,2023-05-29|SPORTSBET-PAKENHAM SYNTHETIC|R01,2023-05-29,SPORTSBET-PAKENHAM SYNTHETIC,1200,NO_GOVERNED_SURFACE_CONDITION_LENGTH_PARAMETER,AUSTRALIAN_SYNTHETIC,,UNKNOWN
RTDR-64FE46314965EF2E410F8CBE,2023-05-29|SPORTSBET-PAKENHAM SYNTHETIC|R03,2023-05-29,SPORTSBET-PAKENHAM SYNTHETIC,1600,NO_GOVERNED_SURFACE_CONDITION_LENGTH_PARAMETER,AUSTRALIAN_SYNTHETIC,,UNKNOWN
RTDR-3CFB7E7C2C9CC0C7FF25F726,2023-05-29|SPORTSBET-PAKENHAM SYNTHETIC|R06,2023-05-29,SPORTSBET-PAKENHAM SYNTHETIC,1000,NO_GOVERNED_SURFACE_CONDITION_LENGTH_PARAMETER,AUSTRALIAN_SYNTHETIC,,UNKNOWN
RTDR-7F0B466B29BAB38F207248F9,2023-05-29|SPORTSBET-PAKENHAM SYNTHETIC|R05,2023-05-29,SPORTSBET-PAKENHAM SYNTHETIC,1400,NO_GOVERNED_SURFACE_CONDITION_LENGTH_PARAMETER,AUSTRALIAN_SYNTHETIC,,UNKNOWN
RTDR-372D0994DEACACC7540982DB,2023-05-29|SPORTSBET-PAKENHAM SYNTHETIC|R08,2023-05-29,SPORTSBET-PAKENHAM SYNTHETIC,1600,NO_GOVERNED_SURFACE_CONDITION_LENGTH_PARAMETER,AUSTRALIAN_SYNTHETIC,,UNKNOWN
RTDR-9FFF09CB35133A7018C5636E,2024-05-24|TATURA|R09,2024-05-24,TATURA,850,NO_GOVERNED_SURFACE_CONDITION_LENGTH_PARAMETER,TURF,0,UNKNOWN
RTDR-143928CD1467D71FA342BFB7,2024-05-24|TATURA|R05,2024-05-24,TATURA,850,NO_GOVERNED_SURFACE_CONDITION_LENGTH_PARAMETER,TURF,0,UNKNOWN
RTDR-105ED4D6C004BD22264139B6,2024-05-24|TATURA|R06,2024-05-24,TATURA,850,NO_GOVERNED_SURFACE_CONDITION_LENGTH_PARAMETER,TURF,0,UNKNOWN
RTDR-87C67CB14BCE4DDA153F97A6,2024-05-24|TATURA|R07,2024-05-24,TATURA,850,NO_GOVERNED_SURFACE_CONDITION_LENGTH_PARAMETER,TURF,0,UNKNOWN
RTDR-F096694E8527D32E39F47A63,2024-05-24|TATURA|R08,2024-05-24,TATURA,850,NO_GOVERNED_SURFACE_CONDITION_LENGTH_PARAMETER,TURF,0,UNKNOWN
RTDR-6217ED2CE9CBFA851CDE60A6,2024-05-24|TATURA|R10,2024-05-24,TATURA,850,NO_GOVERNED_SURFACE_CONDITION_LENGTH_PARAMETER,TURF,0,UNKNOWN
RTDR-A329D0BA90A03E93C3180EAD,2024-05-24|TATURA|R11,2024-05-24,TATURA,850,NO_GOVERNED_SURFACE_CONDITION_LENGTH_PARAMETER,TURF,0,UNKNOWN
RTDR-05020BDD58CA696D806AE5B4,2024-05-24|TATURA|R12,2024-05-24,TATURA,850,NO_GOVERNED_SURFACE_CONDITION_LENGTH_PARAMETER,TURF,0,UNKNOWN
RTDR-BEEAAE06DFB26F87DFB6BB5C,2024-05-24|TATURA|R13,2024-05-24,TATURA,850,NO_GOVERNED_SURFACE_CONDITION_LENGTH_PARAMETER,TURF,0,UNKNOWN
RTDR-3FE375AAC3931904339D19CA,2024-05-24|TATURA|R14,2024-05-24,TATURA,850,NO_GOVERNED_SURFACE_CONDITION_LENGTH_PARAMETER,TURF,0,UNKNOWN
RTDR-696872E95FA0C7EFB803EEFB,2026-05-14|CAULFIELD HEATH|R20,2026-05-14,CAULFIELD HEATH,800,NO_GOVERNED_SURFACE_CONDITION_LENGTH_PARAMETER,TURF,0,UNKNOWN
RTDR-9CFF5CF1C8FC23C20C2C6D22,2026-05-14|CAULFIELD HEATH|R14,2026-05-14,CAULFIELD HEATH,1000,NO_GOVERNED_SURFACE_CONDITION_LENGTH_PARAMETER,TURF,0,UNKNOWN
RTDR-96EDE524B5BF7BE846D3917E,2026-05-14|CAULFIELD HEATH|R15,2026-05-14,CAULFIELD HEATH,1000,NO_GOVERNED_SURFACE_CONDITION_LENGTH_PARAMETER,TURF,0,UNKNOWN
RTDR-7F700F650136FEFFC50FF90F,2026-05-14|CAULFIELD HEATH|R03,2026-05-14,CAULFIELD HEATH,1000,NO_GOVERNED_SURFACE_CONDITION_LENGTH_PARAMETER,TURF,0,UNKNOWN
RTDR-44D32924032B7CA297612F64,2026-05-14|CAULFIELD HEATH|R04,2026-05-14,CAULFIELD HEATH,1000,NO_GOVERNED_SURFACE_CONDITION_LENGTH_PARAMETER,TURF,0,UNKNOWN
RTDR-D4FF0DA91EABC9FAEBA317C2,2026-05-14|CAULFIELD HEATH|R05,2026-05-14,CAULFIELD HEATH,1000,NO_GOVERNED_SURFACE_CONDITION_LENGTH_PARAMETER,TURF,0,UNKNOWN
RTDR-B51B024B788370B5415B0EAC,2026-05-14|CAULFIELD HEATH|R06,2026-05-14,CAULFIELD HEATH,800,NO_GOVERNED_SURFACE_CONDITION_LENGTH_PARAMETER,TURF,0,UNKNOWN
RTDR-FAEB178B09529882801328C3,2026-05-14|CAULFIELD HEATH|R07,2026-05-14,CAULFIELD HEATH,800,NO_GOVERNED_SURFACE_CONDITION_LENGTH_PARAMETER,TURF,0,UNKNOWN
RTDR-9F2A8A2792EB4B739CD4A20E,2026-05-14|CAULFIELD HEATH|R08,2026-05-14,CAULFIELD HEATH,800,NO_GOVERNED_SURFACE_CONDITION_LENGTH_PARAMETER,TURF,0,UNKNOWN
RTDR-337F1BB9889BF6A92C59E471,2026-05-14|CAULFIELD HEATH|R09,2026-05-14,CAULFIELD HEATH,800,NO_GOVERNED_SURFACE_CONDITION_LENGTH_PARAMETER,TURF,0,UNKNOWN
RTDR-98F43FAADCA5EE450C3DFFF2,2026-05-14|CAULFIELD HEATH|R10,2026-05-14,CAULFIELD HEATH,800,NO_GOVERNED_SURFACE_CONDITION_LENGTH_PARAMETER,TURF,0,UNKNOWN
RTDR-2353710D6327CF8B48139DA2,2026-05-14|CAULFIELD HEATH|R11,2026-05-14,CAULFIELD HEATH,800,NO_GOVERNED_SURFACE_CONDITION_LENGTH_PARAMETER,TURF,0,UNKNOWN
RTDR-B3B59AF8710B0F9A43BB84A9,2026-05-14|CAULFIELD HEATH|R18,2026-05-14,CAULFIELD HEATH,800,NO_GOVERNED_SURFACE_CONDITION_LENGTH_PARAMETER,TURF,0,UNKNOWN
RTDR-40725DF16BAA43D8CB8F82EC,2026-05-14|CAULFIELD HEATH|R19,2026-05-14,CAULFIELD HEATH,800,NO_GOVERNED_SURFACE_CONDITION_LENGTH_PARAMETER,TURF,0,UNKNOWN
RTDR-8A5F2ECDC3FC53468CDBDDC3,2026-05-14|CAULFIELD HEATH|R12,2026-05-14,CAULFIELD HEATH,1000,NO_GOVERNED_SURFACE_CONDITION_LENGTH_PARAMETER,TURF,0,UNKNOWN
RTDR-EB5FB045988B3DF31E2A2E74,2026-05-14|CAULFIELD HEATH|R13,2026-05-14,CAULFIELD HEATH,1000,NO_GOVERNED_SURFACE_CONDITION_LENGTH_PARAMETER,TURF,0,UNKNOWN
RTDR-C07F47880277B90F3510317A,2026-05-14|CAULFIELD HEATH|R16,2026-05-14,CAULFIELD HEATH,800,NO_GOVERNED_SURFACE_CONDITION_LENGTH_PARAMETER,TURF,0,UNKNOWN
RTDR-1428DE6B6B9C1CF2C376BBA9,2026-05-14|CAULFIELD HEATH|R17,2026-05-14,CAULFIELD HEATH,800,NO_GOVERNED_SURFACE_CONDITION_LENGTH_PARAMETER,TURF,0,UNKNOWN
RTDR-9440B7FB82E98D054CECA06B,2012-11-10|BET365 GEELONG SYNTHETIC|R02,2012-11-10,BET365 GEELONG SYNTHETIC,1100,NO_GOVERNED_SURFACE_CONDITION_LENGTH_PARAMETER,AUSTRALIAN_SYNTHETIC,,UNKNOWN
RTDR-C37ACD6959F9894FF7792341,2012-11-10|BET365 GEELONG SYNTHETIC|R03,2012-11-10,BET365 GEELONG SYNTHETIC,1300,NO_GOVERNED_SURFACE_CONDITION_LENGTH_PARAMETER,AUSTRALIAN_SYNTHETIC,,UNKNOWN
RTDR-5BBA6BE1895FC06AACA05B5A,2012-11-10|BET365 GEELONG SYNTHETIC|R04,2012-11-10,BET365 GEELONG SYNTHETIC,1900,NO_GOVERNED_SURFACE_CONDITION_LENGTH_PARAMETER,AUSTRALIAN_SYNTHETIC,,UNKNOWN
RTDR-C7D445A27F8E6683AE879978,2012-11-10|BET365 GEELONG SYNTHETIC|R01,2012-11-10,BET365 GEELONG SYNTHETIC,1100,NO_GOVERNED_SURFACE_CONDITION_LENGTH_PARAMETER,AUSTRALIAN_SYNTHETIC,,UNKNOWN
RTDR-D4CAA0DC944D399DF00B0739,2012-11-10|BET365 GEELONG SYNTHETIC|R05,2012-11-10,BET365 GEELONG SYNTHETIC,1100,NO_GOVERNED_SURFACE_CONDITION_LENGTH_PARAMETER,AUSTRALIAN_SYNTHETIC,,UNKNOWN
RTDR-BE19752410A6D8BA80C913B1,2012-11-10|BET365 GEELONG SYNTHETIC|R08,2012-11-10,BET365 GEELONG SYNTHETIC,1300,NO_GOVERNED_SURFACE_CONDITION_LENGTH_PARAMETER,AUSTRALIAN_SYNTHETIC,,UNKNOWN
RTDR-D925CFC9A0EB9212E953C147,2012-11-10|BET365 GEELONG SYNTHETIC|R07,2012-11-10,BET365 GEELONG SYNTHETIC,1900,NO_GOVERNED_SURFACE_CONDITION_LENGTH_PARAMETER,AUSTRALIAN_SYNTHETIC,,UNKNOWN
RTDR-1EE3E61CEE9488D4B11FCC9F,2012-11-10|BET365 GEELONG SYNTHETIC|R06,2012-11-10,BET365 GEELONG SYNTHETIC,1300,NO_GOVERNED_SURFACE_CONDITION_LENGTH_PARAMETER,AUSTRALIAN_SYNTHETIC,,UNKNOWN
RTDR-8E53EB63128F6D1F0897D600,2012-11-18|BET365 GEELONG SYNTHETIC|R01,2012-11-18,BET365 GEELONG SYNTHETIC,1200,NO_GOVERNED_SURFACE_CONDITION_LENGTH_PARAMETER,AUSTRALIAN_SYNTHETIC,,UNKNOWN
RTDR-44867C9A6C7354B9BB1AEFA0,2012-11-18|BET365 GEELONG SYNTHETIC|R02,2012-11-18,BET365 GEELONG SYNTHETIC,1100,NO_GOVERNED_SURFACE_CONDITION_LENGTH_PARAMETER,AUSTRALIAN_SYNTHETIC,,UNKNOWN
RTDR-836C48872B2584EA1D08389C,2012-11-18|BET365 GEELONG SYNTHETIC|R04,2012-11-18,BET365 GEELONG SYNTHETIC,1300,NO_GOVERNED_SURFACE_CONDITION_LENGTH_PARAMETER,AUSTRALIAN_SYNTHETIC,,UNKNOWN
RTDR-C5F169F8757C390804E69526,2012-11-18|BET365 GEELONG SYNTHETIC|R07,2012-11-18,BET365 GEELONG SYNTHETIC,1000,NO_GOVERNED_SURFACE_CONDITION_LENGTH_PARAMETER,AUSTRALIAN_SYNTHETIC,,UNKNOWN
RTDR-C4C8AA7CA53F2AAB021510D4,2012-11-18|BET365 GEELONG SYNTHETIC|R08,2012-11-18,BET365 GEELONG SYNTHETIC,1300,NO_GOVERNED_SURFACE_CONDITION_LENGTH_PARAMETER,AUSTRALIAN_SYNTHETIC,,UNKNOWN
RTDR-BA17F9186AE78C54AA350002,2012-11-18|BET365 GEELONG SYNTHETIC|R05,2012-11-18,BET365 GEELONG SYNTHETIC,2200,NO_GOVERNED_SURFACE_CONDITION_LENGTH_PARAMETER,AUSTRALIAN_SYNTHETIC,,UNKNOWN
RTDR-84F8AC6ED7C1E3AE6FCBCE3F,2012-11-18|BET365 GEELONG SYNTHETIC|R06,2012-11-18,BET365 GEELONG SYNTHETIC,1900,NO_GOVERNED_SURFACE_CONDITION_LENGTH_PARAMETER,AUSTRALIAN_SYNTHETIC,,UNKNOWN
RTDR-261E957BC219BA118E76E684,2012-11-18|BET365 GEELONG SYNTHETIC|R03,2012-11-18,BET365 GEELONG SYNTHETIC,1200,NO_GOVERNED_SURFACE_CONDITION_LENGTH_PARAMETER,AUSTRALIAN_SYNTHETIC,,UNKNOWN
RTDR-38917DC013EC05040FADD436,2025-11-20|CAULFIELD HEATH|R01,2025-11-20,CAULFIELD HEATH,800,NO_GOVERNED_SURFACE_CONDITION_LENGTH_PARAMETER,TURF,0,UNKNOWN
RTDR-3BBDDA1457EB9EBE1D894973,2025-11-20|CAULFIELD HEATH|R12,2025-11-20,CAULFIELD HEATH,800,NO_GOVERNED_SURFACE_CONDITION_LENGTH_PARAMETER,TURF,0,UNKNOWN
RTDR-18F6F9BC080F1E0C57EE251D,2025-11-20|CAULFIELD HEATH|R11,2025-11-20,CAULFIELD HEATH,800,NO_GOVERNED_SURFACE_CONDITION_LENGTH_PARAMETER,TURF,0,UNKNOWN
RTDR-58B0126D2C9B6A0E03FD8C64,2025-11-20|CAULFIELD HEATH|R05,2025-11-20,CAULFIELD HEATH,1000,NO_GOVERNED_SURFACE_CONDITION_LENGTH_PARAMETER,TURF,0,UNKNOWN
RTDR-2EE0EEDEF85755ADF0C8F6AA,2025-11-20|CAULFIELD HEATH|R13,2025-11-20,CAULFIELD HEATH,800,NO_GOVERNED_SURFACE_CONDITION_LENGTH_PARAMETER,TURF,0,UNKNOWN
RTDR-41E03F604029F8CD4AFD54A3,2025-11-20|CAULFIELD HEATH|R14,2025-11-20,CAULFIELD HEATH,800,NO_GOVERNED_SURFACE_CONDITION_LENGTH_PARAMETER,TURF,0,UNKNOWN
RTDR-6953A90116DEA9E1E3229D58,2025-11-20|CAULFIELD HEATH|R15,2025-11-20,CAULFIELD HEATH,800,NO_GOVERNED_SURFACE_CONDITION_LENGTH_PARAMETER,TURF,0,UNKNOWN
RTDR-9CA31758303B5C9410549A6B,2025-11-20|CAULFIELD HEATH|R03,2025-11-20,CAULFIELD HEATH,1000,NO_GOVERNED_SURFACE_CONDITION_LENGTH_PARAMETER,TURF,0,UNKNOWN
RTDR-80FBE8DC99A073359FA943BA,2025-11-20|CAULFIELD HEATH|R04,2025-11-20,CAULFIELD HEATH,1000,NO_GOVERNED_SURFACE_CONDITION_LENGTH_PARAMETER,TURF,0,UNKNOWN
RTDR-BF5F2571B1F9585428839DB8,2025-11-20|CAULFIELD HEATH|R06,2025-11-20,CAULFIELD HEATH,1000,NO_GOVERNED_SURFACE_CONDITION_LENGTH_PARAMETER,TURF,0,UNKNOWN
RTDR-B662273137F6C6E2BE3C202D,2025-11-20|CAULFIELD HEATH|R07,2025-11-20,CAULFIELD HEATH,1000,NO_GOVERNED_SURFACE_CONDITION_LENGTH_PARAMETER,TURF,0,UNKNOWN
RTDR-D264EAFF35478EC47B8AB2AF,2025-11-20|CAULFIELD HEATH|R08,2025-11-20,CAULFIELD HEATH,1000,NO_GOVERNED_SURFACE_CONDITION_LENGTH_PARAMETER,TURF,0,UNKNOWN
RTDR-57F8A28A7F430CB7FA86DAC2,2025-11-20|CAULFIELD HEATH|R09,2025-11-20,CAULFIELD HEATH,1000,NO_GOVERNED_SURFACE_CONDITION_LENGTH_PARAMETER,TURF,0,UNKNOWN
RTDR-ECFEFED7450045EE5C8AD6F7,2025-11-20|CAULFIELD HEATH|R10,2025-11-20,CAULFIELD HEATH,1000,NO_GOVERNED_SURFACE_CONDITION_LENGTH_PARAMETER,TURF,0,UNKNOWN
RTDR-46299A9F25E6FE3E767D0095,2025-11-24|TATURA|R09,2025-11-24,TATURA,850,NO_GOVERNED_SURFACE_CONDITION_LENGTH_PARAMETER,TURF,0,UNKNOWN
RTDR-0575AE7910E65A09DE1A9C5F,2025-11-24|TATURA|R07,2025-11-24,TATURA,850,NO_GOVERNED_SURFACE_CONDITION_LENGTH_PARAMETER,TURF,0,UNKNOWN
RTDR-B8960350A15F612B54E1CE8E,2025-11-24|TATURA|R08,2025-11-24,TATURA,850,NO_GOVERNED_SURFACE_CONDITION_LENGTH_PARAMETER,TURF,0,UNKNOWN
RTDR-DFA279F0AC0D98AF06947E3B,2025-11-24|TATURA|R10,2025-11-24,TATURA,850,NO_GOVERNED_SURFACE_CONDITION_LENGTH_PARAMETER,TURF,0,UNKNOWN
RTDR-21095CE9C080EA1461C7F414,2025-11-24|TATURA|R11,2025-11-24,TATURA,850,NO_GOVERNED_SURFACE_CONDITION_LENGTH_PARAMETER,TURF,0,UNKNOWN
RTDR-10DB3E86107A91CC065A5DC9,2025-11-24|TATURA|R12,2025-11-24,TATURA,850,NO_GOVERNED_SURFACE_CONDITION_LENGTH_PARAMETER,TURF,0,UNKNOWN
RTDR-B71E09DEFAD73F3F8B958A0B,2025-11-24|TATURA|R13,2025-11-24,TATURA,850,NO_GOVERNED_SURFACE_CONDITION_LENGTH_PARAMETER,TURF,0,UNKNOWN
RTDR-32F773E7456C16D19D986BFF,2025-11-24|TATURA|R14,2025-11-24,TATURA,850,NO_GOVERNED_SURFACE_CONDITION_LENGTH_PARAMETER,TURF,0,UNKNOWN
RTDR-B1A1528C88E1A35DA7D4D002,2025-11-24|TATURA|R15,2025-11-24,TATURA,850,NO_GOVERNED_SURFACE_CONDITION_LENGTH_PARAMETER,TURF,0,UNKNOWN
RTDR-0035708E315B2AB5EB6DF702,2008-10-07|BET365 GEELONG SYNTHETIC|R03,2008-10-07,BET365 GEELONG SYNTHETIC,1000,NO_GOVERNED_SURFACE_CONDITION_LENGTH_PARAMETER,AUSTRALIAN_SYNTHETIC,,UNKNOWN
RTDR-017B9A2F895645A9424D08FC,2008-10-07|BET365 GEELONG SYNTHETIC|R05,2008-10-07,BET365 GEELONG SYNTHETIC,1300,NO_GOVERNED_SURFACE_CONDITION_LENGTH_PARAMETER,AUSTRALIAN_SYNTHETIC,,UNKNOWN
RTDR-9F7F546D4BA3AD649E8D1F9F,2008-10-07|BET365 GEELONG SYNTHETIC|R04,2008-10-07,BET365 GEELONG SYNTHETIC,1550,NO_GOVERNED_SURFACE_CONDITION_LENGTH_PARAMETER,AUSTRALIAN_SYNTHETIC,,UNKNOWN
RTDR-73710B1AA5A45F9FE52A6E8E,2008-10-07|BET365 GEELONG SYNTHETIC|R02,2008-10-07,BET365 GEELONG SYNTHETIC,2000,NO_GOVERNED_SURFACE_CONDITION_LENGTH_PARAMETER,AUSTRALIAN_SYNTHETIC,,UNKNOWN
RTDR-E6F52F5C173B2ED669E53241,2008-10-07|BET365 GEELONG SYNTHETIC|R06,2008-10-07,BET365 GEELONG SYNTHETIC,1300,NO_GOVERNED_SURFACE_CONDITION_LENGTH_PARAMETER,AUSTRALIAN_SYNTHETIC,,UNKNOWN
RTDR-2449364A19F8F116C3DCE14C,2008-10-07|BET365 GEELONG SYNTHETIC|R08,2008-10-07,BET365 GEELONG SYNTHETIC,2000,NO_GOVERNED_SURFACE_CONDITION_LENGTH_PARAMETER,AUSTRALIAN_SYNTHETIC,,UNKNOWN
RTDR-56E40C26B1A85270847DBBC4,2008-10-07|BET365 GEELONG SYNTHETIC|R01,2008-10-07,BET365 GEELONG SYNTHETIC,1000,NO_GOVERNED_SURFACE_CONDITION_LENGTH_PARAMETER,AUSTRALIAN_SYNTHETIC,,UNKNOWN
RTDR-EE4E0D344B272FA55E96E235,2008-10-07|BET365 GEELONG SYNTHETIC|R07,2008-10-07,BET365 GEELONG SYNTHETIC,1200,NO_GOVERNED_SURFACE_CONDITION_LENGTH_PARAMETER,AUSTRALIAN_SYNTHETIC,,UNKNOWN
RTDR-06ED6E18CE8F10F1C7B27CB8,2020-10-09|SPORTSBET-BALLARAT SYNTHETIC|R06,2020-10-09,SPORTSBET-BALLARAT SYNTHETIC,2100,NO_GOVERNED_SURFACE_CONDITION_LENGTH_PARAMETER,AUSTRALIAN_SYNTHETIC,,UNKNOWN
RTDR-40D30AF08AEF15B189AD658E,2020-10-09|SPORTSBET-BALLARAT SYNTHETIC|R04,2020-10-09,SPORTSBET-BALLARAT SYNTHETIC,1400,NO_GOVERNED_SURFACE_CONDITION_LENGTH_PARAMETER,AUSTRALIAN_SYNTHETIC,,UNKNOWN
RTDR-48405673110D390B61166CDC,2020-10-09|SPORTSBET-BALLARAT SYNTHETIC|R05,2020-10-09,SPORTSBET-BALLARAT SYNTHETIC,1200,NO_GOVERNED_SURFACE_CONDITION_LENGTH_PARAMETER,AUSTRALIAN_SYNTHETIC,,UNKNOWN
RTDR-68DDEF24FBABF37FA7F71620,2020-10-09|SPORTSBET-BALLARAT SYNTHETIC|R08,2020-10-09,SPORTSBET-BALLARAT SYNTHETIC,1200,NO_GOVERNED_SURFACE_CONDITION_LENGTH_PARAMETER,AUSTRALIAN_SYNTHETIC,,UNKNOWN
RTDR-72162DAA7AE7EBDE14F31549,2020-10-09|SPORTSBET-BALLARAT SYNTHETIC|R01,2020-10-09,SPORTSBET-BALLARAT SYNTHETIC,1000,NO_GOVERNED_SURFACE_CONDITION_LENGTH_PARAMETER,AUSTRALIAN_SYNTHETIC,,UNKNOWN
RTDR-C7A48805580DDB6E1BA40F77,2020-10-09|SPORTSBET-BALLARAT SYNTHETIC|R02,2020-10-09,SPORTSBET-BALLARAT SYNTHETIC,1400,NO_GOVERNED_SURFACE_CONDITION_LENGTH_PARAMETER,AUSTRALIAN_SYNTHETIC,,UNKNOWN
RTDR-CCB6D103576F3D97FB454A4D,2020-10-09|SPORTSBET-BALLARAT SYNTHETIC|R07,2020-10-09,SPORTSBET-BALLARAT SYNTHETIC,1500,NO_GOVERNED_SURFACE_CONDITION_LENGTH_PARAMETER,AUSTRALIAN_SYNTHETIC,,UNKNOWN
RTDR-1CCCFD10E24CAFE8E29339B6,2020-10-09|SPORTSBET-BALLARAT SYNTHETIC|R03,2020-10-09,SPORTSBET-BALLARAT SYNTHETIC,1400,NO_GOVERNED_SURFACE_CONDITION_LENGTH_PARAMETER,AUSTRALIAN_SYNTHETIC,,UNKNOWN
RTDR-8C276134A45AC167051FCF11,2024-10-02|TATURA|R08,2024-10-02,TATURA,850,NO_GOVERNED_SURFACE_CONDITION_LENGTH_PARAMETER,TURF,0,UNKNOWN
RTDR-2D5DE5814BEECADC14BFFD77,2024-10-02|TATURA|R09,2024-10-02,TATURA,850,NO_GOVERNED_SURFACE_CONDITION_LENGTH_PARAMETER,TURF,0,UNKNOWN
RTDR-7467CD4982EE552C0B54E553,2024-10-02|TATURA|R10,2024-10-02,TATURA,850,NO_GOVERNED_SURFACE_CONDITION_LENGTH_PARAMETER,TURF,0,UNKNOWN
RTDR-7A6958B91524D38A3734EB45,2024-10-02|TATURA|R11,2024-10-02,TATURA,850,NO_GOVERNED_SURFACE_CONDITION_LENGTH_PARAMETER,TURF,0,UNKNOWN
RTDR-A4257B34F232E7329BC94E5F,2024-10-02|TATURA|R12,2024-10-02,TATURA,850,NO_GOVERNED_SURFACE_CONDITION_LENGTH_PARAMETER,TURF,0,UNKNOWN
RTDR-77D495296F62B43E6DB81DAC,2024-10-02|TATURA|R13,2024-10-02,TATURA,850,NO_GOVERNED_SURFACE_CONDITION_LENGTH_PARAMETER,TURF,0,UNKNOWN
RTDR-C21B00758CC306C566672E05,2024-10-02|TATURA|R14,2024-10-02,TATURA,850,NO_GOVERNED_SURFACE_CONDITION_LENGTH_PARAMETER,TURF,0,UNKNOWN
RTDR-BCEFB2E4B79585430F1D69D3,2024-10-02|TATURA|R07,2024-10-02,TATURA,850,NO_GOVERNED_SURFACE_CONDITION_LENGTH_PARAMETER,TURF,0,UNKNOWN
RTDR-0A9C813A85E5CF07B26F0CF5,2025-10-02|CAULFIELD HEATH|R02,2025-10-02,CAULFIELD HEATH,800,NO_GOVERNED_SURFACE_CONDITION_LENGTH_PARAMETER,TURF,,UNKNOWN
RTDR-C7E0C6EBF249302A00DDC750,2025-10-02|CAULFIELD HEATH|R01,2025-10-02,CAULFIELD HEATH,1000,NO_GOVERNED_SURFACE_CONDITION_LENGTH_PARAMETER,TURF,,UNKNOWN
RTDR-B43834B1A04374A38D40D1CB,2025-10-02|CAULFIELD HEATH|R03,2025-10-02,CAULFIELD HEATH,800,NO_GOVERNED_SURFACE_CONDITION_LENGTH_PARAMETER,TURF,,UNKNOWN
RTDR-F2E9570A3FD105F3846CADED,2025-10-02|CAULFIELD HEATH|R04,2025-10-02,CAULFIELD HEATH,800,NO_GOVERNED_SURFACE_CONDITION_LENGTH_PARAMETER,TURF,,UNKNOWN
RTDR-1AE6A53664BE7C8FB76C6CAC,2007-09-15|BET365 GEELONG SYNTHETIC|R04,2007-09-15,BET365 GEELONG SYNTHETIC,1200,NO_GOVERNED_SURFACE_CONDITION_LENGTH_PARAMETER,AUSTRALIAN_SYNTHETIC,,UNKNOWN
RTDR-23EBABB48E0D78696B31EC6C,2007-09-15|BET365 GEELONG SYNTHETIC|R05,2007-09-15,BET365 GEELONG SYNTHETIC,1100,NO_GOVERNED_SURFACE_CONDITION_LENGTH_PARAMETER,AUSTRALIAN_SYNTHETIC,,UNKNOWN
RTDR-1DB67E9FE9AEC41F0FC5AC63,2007-09-15|BET365 GEELONG SYNTHETIC|R01,2007-09-15,BET365 GEELONG SYNTHETIC,2200,NO_GOVERNED_SURFACE_CONDITION_LENGTH_PARAMETER,AUSTRALIAN_SYNTHETIC,,UNKNOWN
RTDR-C49C67600F45BEBD22912347,2007-09-15|BET365 GEELONG SYNTHETIC|R08,2007-09-15,BET365 GEELONG SYNTHETIC,1900,NO_GOVERNED_SURFACE_CONDITION_LENGTH_PARAMETER,AUSTRALIAN_SYNTHETIC,,UNKNOWN
RTDR-A086AC751AA6AB141CEE135E,2007-09-15|BET365 GEELONG SYNTHETIC|R06,2007-09-15,BET365 GEELONG SYNTHETIC,2200,NO_GOVERNED_SURFACE_CONDITION_LENGTH_PARAMETER,AUSTRALIAN_SYNTHETIC,,UNKNOWN
RTDR-9C1EE0F68104F0CD43245A66,2007-09-15|BET365 GEELONG SYNTHETIC|R02,2007-09-15,BET365 GEELONG SYNTHETIC,1000,NO_GOVERNED_SURFACE_CONDITION_LENGTH_PARAMETER,AUSTRALIAN_SYNTHETIC,,UNKNOWN
RTDR-5415C9A9F8C8B8DFE48CF4E5,2007-09-15|BET365 GEELONG SYNTHETIC|R03,2007-09-15,BET365 GEELONG SYNTHETIC,1000,NO_GOVERNED_SURFACE_CONDITION_LENGTH_PARAMETER,AUSTRALIAN_SYNTHETIC,,UNKNOWN
RTDR-619A9DEFFF13504090FC7441,2008-09-02|BET365 GEELONG SYNTHETIC|R03,2008-09-02,BET365 GEELONG SYNTHETIC,1200,NO_GOVERNED_SURFACE_CONDITION_LENGTH_PARAMETER,AUSTRALIAN_SYNTHETIC,,UNKNOWN
RTDR-DCFC2C958CDECFA4A7D4F2CA,2008-09-02|BET365 GEELONG SYNTHETIC|R05,2008-09-02,BET365 GEELONG SYNTHETIC,1100,NO_GOVERNED_SURFACE_CONDITION_LENGTH_PARAMETER,AUSTRALIAN_SYNTHETIC,,UNKNOWN
RTDR-FBC1F6A00D9F0FE88DFCEFC9,2008-09-02|BET365 GEELONG SYNTHETIC|R01,2008-09-02,BET365 GEELONG SYNTHETIC,1900,NO_GOVERNED_SURFACE_CONDITION_LENGTH_PARAMETER,AUSTRALIAN_SYNTHETIC,,UNKNOWN
RTDR-2D3D4DF576260432BB9B5247,2008-09-02|BET365 GEELONG SYNTHETIC|R07,2008-09-02,BET365 GEELONG SYNTHETIC,1100,NO_GOVERNED_SURFACE_CONDITION_LENGTH_PARAMETER,AUSTRALIAN_SYNTHETIC,,UNKNOWN
RTDR-1D481E7B4CD4EAD149EA6F2D,2008-09-02|BET365 GEELONG SYNTHETIC|R08,2008-09-02,BET365 GEELONG SYNTHETIC,1550,NO_GOVERNED_SURFACE_CONDITION_LENGTH_PARAMETER,AUSTRALIAN_SYNTHETIC,,UNKNOWN
RTDR-6CBCAFEAFB6D8E57480DFF69,2008-09-02|BET365 GEELONG SYNTHETIC|R02,2008-09-02,BET365 GEELONG SYNTHETIC,1550,NO_GOVERNED_SURFACE_CONDITION_LENGTH_PARAMETER,AUSTRALIAN_SYNTHETIC,,UNKNOWN
RTDR-6165D95ECBF2B8C395584F32,2008-09-02|BET365 GEELONG SYNTHETIC|R06,2008-09-02,BET365 GEELONG SYNTHETIC,1200,NO_GOVERNED_SURFACE_CONDITION_LENGTH_PARAMETER,AUSTRALIAN_SYNTHETIC,,UNKNOWN
RTDR-440E1BC865A2BB63BCF8C8A2,2008-09-02|BET365 GEELONG SYNTHETIC|R04,2008-09-02,BET365 GEELONG SYNTHETIC,1900,NO_GOVERNED_SURFACE_CONDITION_LENGTH_PARAMETER,AUSTRALIAN_SYNTHETIC,,UNKNOWN
RTDR-AEA203CA199F3CB487FA995C,2008-09-05|BET365 GEELONG SYNTHETIC|R01,2008-09-05,BET365 GEELONG SYNTHETIC,1100,NO_GOVERNED_SURFACE_CONDITION_LENGTH_PARAMETER,AUSTRALIAN_SYNTHETIC,,UNKNOWN
RTDR-744ECE3CDDEAC2A21E0707F8,2008-09-05|BET365 GEELONG SYNTHETIC|R04,2008-09-05,BET365 GEELONG SYNTHETIC,1300,NO_GOVERNED_SURFACE_CONDITION_LENGTH_PARAMETER,AUSTRALIAN_SYNTHETIC,,UNKNOWN
RTDR-93E45DE524249DEB311C5579,2008-09-05|BET365 GEELONG SYNTHETIC|R03,2008-09-05,BET365 GEELONG SYNTHETIC,1550,NO_GOVERNED_SURFACE_CONDITION_LENGTH_PARAMETER,AUSTRALIAN_SYNTHETIC,,UNKNOWN
RTDR-2114F70BF020E243114775BD,2008-09-05|BET365 GEELONG SYNTHETIC|R02,2008-09-05,BET365 GEELONG SYNTHETIC,2000,NO_GOVERNED_SURFACE_CONDITION_LENGTH_PARAMETER,AUSTRALIAN_SYNTHETIC,,UNKNOWN
RTDR-CE812AAAFF9BDD0130AF4D47,2008-09-05|BET365 GEELONG SYNTHETIC|R08,2008-09-05,BET365 GEELONG SYNTHETIC,1200,NO_GOVERNED_SURFACE_CONDITION_LENGTH_PARAMETER,AUSTRALIAN_SYNTHETIC,,UNKNOWN
RTDR-3DD70BC1F803B9E089C10582,2008-09-05|BET365 GEELONG SYNTHETIC|R05,2008-09-05,BET365 GEELONG SYNTHETIC,1000,NO_GOVERNED_SURFACE_CONDITION_LENGTH_PARAMETER,AUSTRALIAN_SYNTHETIC,,UNKNOWN
RTDR-7B45525633F359E92FE2D71C,2008-09-05|BET365 GEELONG SYNTHETIC|R07,2008-09-05,BET365 GEELONG SYNTHETIC,1300,NO_GOVERNED_SURFACE_CONDITION_LENGTH_PARAMETER,AUSTRALIAN_SYNTHETIC,,UNKNOWN
RTDR-DDD50A177C4D59AEDCBB2D52,2008-09-05|BET365 GEELONG SYNTHETIC|R06,2008-09-05,BET365 GEELONG SYNTHETIC,2000,NO_GOVERNED_SURFACE_CONDITION_LENGTH_PARAMETER,AUSTRALIAN_SYNTHETIC,,UNKNOWN
RTDR-7E51FDC8ED4A81DB5A84D989,2008-09-12|BET365 GEELONG SYNTHETIC|R02,2008-09-12,BET365 GEELONG SYNTHETIC,1200,NO_GOVERNED_SURFACE_CONDITION_LENGTH_PARAMETER,AUSTRALIAN_SYNTHETIC,,UNKNOWN
RTDR-527D36D43153636FADA8555E,2008-09-12|BET365 GEELONG SYNTHETIC|R03,2008-09-12,BET365 GEELONG SYNTHETIC,1100,NO_GOVERNED_SURFACE_CONDITION_LENGTH_PARAMETER,AUSTRALIAN_SYNTHETIC,,UNKNOWN
RTDR-D4FAB4D978CF86379318DE27,2008-09-12|BET365 GEELONG SYNTHETIC|R04,2008-09-12,BET365 GEELONG SYNTHETIC,1300,NO_GOVERNED_SURFACE_CONDITION_LENGTH_PARAMETER,AUSTRALIAN_SYNTHETIC,,UNKNOWN
RTDR-B53FDBFF9F563B3B050C7DA0,2008-09-12|BET365 GEELONG SYNTHETIC|R01,2008-09-12,BET365 GEELONG SYNTHETIC,1000,NO_GOVERNED_SURFACE_CONDITION_LENGTH_PARAMETER,AUSTRALIAN_SYNTHETIC,,UNKNOWN
RTDR-88BC6117032EC743DCA9CB5A,2008-09-12|BET365 GEELONG SYNTHETIC|R05,2008-09-12,BET365 GEELONG SYNTHETIC,1200,NO_GOVERNED_SURFACE_CONDITION_LENGTH_PARAMETER,AUSTRALIAN_SYNTHETIC,,UNKNOWN
RTDR-74CF22ED476DBEE1C6A20C02,2008-09-12|BET365 GEELONG SYNTHETIC|R07,2008-09-12,BET365 GEELONG SYNTHETIC,1550,NO_GOVERNED_SURFACE_CONDITION_LENGTH_PARAMETER,AUSTRALIAN_SYNTHETIC,,UNKNOWN
RTDR-EA37BF751E3B55E8B43DEACF,2008-09-12|BET365 GEELONG SYNTHETIC|R08,2008-09-12,BET365 GEELONG SYNTHETIC,2000,NO_GOVERNED_SURFACE_CONDITION_LENGTH_PARAMETER,AUSTRALIAN_SYNTHETIC,,UNKNOWN
RTDR-F126698A45DAAD867F79E86E,2008-09-12|BET365 GEELONG SYNTHETIC|R06,2008-09-12,BET365 GEELONG SYNTHETIC,1300,NO_GOVERNED_SURFACE_CONDITION_LENGTH_PARAMETER,AUSTRALIAN_SYNTHETIC,,UNKNOWN
RTDR-9B36EBE086B592AB9CDA3CA2,2008-09-19|BET365 GEELONG SYNTHETIC|R04,2008-09-19,BET365 GEELONG SYNTHETIC,1100,NO_GOVERNED_SURFACE_CONDITION_LENGTH_PARAMETER,AUSTRALIAN_SYNTHETIC,,UNKNOWN
RTDR-372639BC3AABF38347A6B704,2008-09-19|BET365 GEELONG SYNTHETIC|R05,2008-09-19,BET365 GEELONG SYNTHETIC,1300,NO_GOVERNED_SURFACE_CONDITION_LENGTH_PARAMETER,AUSTRALIAN_SYNTHETIC,,UNKNOWN
RTDR-9FD868E6CCD655F71090039D,2008-09-19|BET365 GEELONG SYNTHETIC|R03,2008-09-19,BET365 GEELONG SYNTHETIC,1550,NO_GOVERNED_SURFACE_CONDITION_LENGTH_PARAMETER,AUSTRALIAN_SYNTHETIC,,UNKNOWN
RTDR-AE3AA9ABD7D414C2751CF7A7,2008-09-19|BET365 GEELONG SYNTHETIC|R02,2008-09-19,BET365 GEELONG SYNTHETIC,2200,NO_GOVERNED_SURFACE_CONDITION_LENGTH_PARAMETER,AUSTRALIAN_SYNTHETIC,,UNKNOWN
RTDR-DF7FB0AEFA1FFE3F1CCF0936,2008-09-19|BET365 GEELONG SYNTHETIC|R07,2008-09-19,BET365 GEELONG SYNTHETIC,1200,NO_GOVERNED_SURFACE_CONDITION_LENGTH_PARAMETER,AUSTRALIAN_SYNTHETIC,,UNKNOWN
RTDR-A02D30B09BFC2274162F6C52,2008-09-19|BET365 GEELONG SYNTHETIC|R08,2008-09-19,BET365 GEELONG SYNTHETIC,2000,NO_GOVERNED_SURFACE_CONDITION_LENGTH_PARAMETER,AUSTRALIAN_SYNTHETIC,,UNKNOWN
RTDR-82837D754803A152660E4A49,2008-09-19|BET365 GEELONG SYNTHETIC|R06,2008-09-19,BET365 GEELONG SYNTHETIC,1000,NO_GOVERNED_SURFACE_CONDITION_LENGTH_PARAMETER,AUSTRALIAN_SYNTHETIC,,UNKNOWN
RTDR-CD89B1C4468BF860BC95E055,2008-09-19|BET365 GEELONG SYNTHETIC|R01,2008-09-19,BET365 GEELONG SYNTHETIC,2100,NO_GOVERNED_SURFACE_CONDITION_LENGTH_PARAMETER,AUSTRALIAN_SYNTHETIC,,UNKNOWN
RTDR-31A43A67C000C0F5AE98B1B5,2008-09-26|BET365 GEELONG SYNTHETIC|R02,2008-09-26,BET365 GEELONG SYNTHETIC,1300,NO_GOVERNED_SURFACE_CONDITION_LENGTH_PARAMETER,AUSTRALIAN_SYNTHETIC,,UNKNOWN
RTDR-5AA8DDDCD3AAA581DA9D4CA1,2008-09-26|BET365 GEELONG SYNTHETIC|R03,2008-09-26,BET365 GEELONG SYNTHETIC,1200,NO_GOVERNED_SURFACE_CONDITION_LENGTH_PARAMETER,AUSTRALIAN_SYNTHETIC,,UNKNOWN
RTDR-E9D37A30AB108DB4C67E33EA,2008-09-26|BET365 GEELONG SYNTHETIC|R04,2008-09-26,BET365 GEELONG SYNTHETIC,1200,NO_GOVERNED_SURFACE_CONDITION_LENGTH_PARAMETER,AUSTRALIAN_SYNTHETIC,,UNKNOWN
RTDR-63E44AF405E937878D898FE2,2008-09-26|BET365 GEELONG SYNTHETIC|R01,2008-09-26,BET365 GEELONG SYNTHETIC,1100,NO_GOVERNED_SURFACE_CONDITION_LENGTH_PARAMETER,AUSTRALIAN_SYNTHETIC,,UNKNOWN
RTDR-25CF6FA654B7CFA628D73159,2008-09-26|BET365 GEELONG SYNTHETIC|R08,2008-09-26,BET365 GEELONG SYNTHETIC,1300,NO_GOVERNED_SURFACE_CONDITION_LENGTH_PARAMETER,AUSTRALIAN_SYNTHETIC,,UNKNOWN
RTDR-3E4C3A2381ACB938F38DE875,2008-09-26|BET365 GEELONG SYNTHETIC|R07,2008-09-26,BET365 GEELONG SYNTHETIC,1550,NO_GOVERNED_SURFACE_CONDITION_LENGTH_PARAMETER,AUSTRALIAN_SYNTHETIC,,UNKNOWN
RTDR-0B6338480D2036E9EB6061BB,2008-09-26|BET365 GEELONG SYNTHETIC|R06,2008-09-26,BET365 GEELONG SYNTHETIC,2000,NO_GOVERNED_SURFACE_CONDITION_LENGTH_PARAMETER,AUSTRALIAN_SYNTHETIC,,UNKNOWN
RTDR-96614C76703ECDA1BDCF0105,2008-09-26|BET365 GEELONG SYNTHETIC|R05,2008-09-26,BET365 GEELONG SYNTHETIC,1300,NO_GOVERNED_SURFACE_CONDITION_LENGTH_PARAMETER,AUSTRALIAN_SYNTHETIC,,UNKNOWN
RTDR-026E1C7FA2244124C64263C5,2012-09-07|BET365 GEELONG SYNTHETIC|R01,2012-09-07,BET365 GEELONG SYNTHETIC,1000,NO_GOVERNED_SURFACE_CONDITION_LENGTH_PARAMETER,AUSTRALIAN_SYNTHETIC,,UNKNOWN
RTDR-3F63992AC22F7E7B1BDCFDEA,2012-09-07|BET365 GEELONG SYNTHETIC|R03,2012-09-07,BET365 GEELONG SYNTHETIC,1300,NO_GOVERNED_SURFACE_CONDITION_LENGTH_PARAMETER,AUSTRALIAN_SYNTHETIC,,UNKNOWN
RTDR-5996B0514A23A0FF6994E97C,2012-09-07|BET365 GEELONG SYNTHETIC|R02,2012-09-07,BET365 GEELONG SYNTHETIC,1100,NO_GOVERNED_SURFACE_CONDITION_LENGTH_PARAMETER,AUSTRALIAN_SYNTHETIC,,UNKNOWN
RTDR-4E11A8D87F79D9369D3CEF9E,2012-09-07|BET365 GEELONG SYNTHETIC|R04,2012-09-07,BET365 GEELONG SYNTHETIC,2100,NO_GOVERNED_SURFACE_CONDITION_LENGTH_PARAMETER,AUSTRALIAN_SYNTHETIC,,UNKNOWN
RTDR-01CFF4D45986E9FDADB77BBF,2012-09-07|BET365 GEELONG SYNTHETIC|R05,2012-09-07,BET365 GEELONG SYNTHETIC,1000,NO_GOVERNED_SURFACE_CONDITION_LENGTH_PARAMETER,AUSTRALIAN_SYNTHETIC,,UNKNOWN
RTDR-61FAD44C464229286240BAC7,2012-09-14|BET365 GEELONG SYNTHETIC|R01,2012-09-14,BET365 GEELONG SYNTHETIC,1100,NO_GOVERNED_SURFACE_CONDITION_LENGTH_PARAMETER,AUSTRALIAN_SYNTHETIC,,UNKNOWN
RTDR-051ED8573CAFA2AA3FD30B34,2012-09-14|BET365 GEELONG SYNTHETIC|R02,2012-09-14,BET365 GEELONG SYNTHETIC,1200,NO_GOVERNED_SURFACE_CONDITION_LENGTH_PARAMETER,AUSTRALIAN_SYNTHETIC,,UNKNOWN
RTDR-35F55E507C3C1A549F6427F8,2012-09-14|BET365 GEELONG SYNTHETIC|R04,2012-09-14,BET365 GEELONG SYNTHETIC,1000,NO_GOVERNED_SURFACE_CONDITION_LENGTH_PARAMETER,AUSTRALIAN_SYNTHETIC,,UNKNOWN
RTDR-8D020F9B3650C26045AEC731,2012-09-14|BET365 GEELONG SYNTHETIC|R03,2012-09-14,BET365 GEELONG SYNTHETIC,2200,NO_GOVERNED_SURFACE_CONDITION_LENGTH_PARAMETER,AUSTRALIAN_SYNTHETIC,,UNKNOWN
RTDR-2EAA1A12219F09BCBE613598,2012-09-14|BET365 GEELONG SYNTHETIC|R07,2012-09-14,BET365 GEELONG SYNTHETIC,1300,NO_GOVERNED_SURFACE_CONDITION_LENGTH_PARAMETER,AUSTRALIAN_SYNTHETIC,,UNKNOWN
RTDR-88B6FCAF4A477152C38B4642,2012-09-14|BET365 GEELONG SYNTHETIC|R05,2012-09-14,BET365 GEELONG SYNTHETIC,1000,NO_GOVERNED_SURFACE_CONDITION_LENGTH_PARAMETER,AUSTRALIAN_SYNTHETIC,,UNKNOWN
RTDR-4434EC78F5ABB518B3CFCFB9,2012-09-14|BET365 GEELONG SYNTHETIC|R08,2012-09-14,BET365 GEELONG SYNTHETIC,1200,NO_GOVERNED_SURFACE_CONDITION_LENGTH_PARAMETER,AUSTRALIAN_SYNTHETIC,,UNKNOWN
RTDR-AC6A42B91AD82EFD0AB7BE12,2012-09-14|BET365 GEELONG SYNTHETIC|R06,2012-09-14,BET365 GEELONG SYNTHETIC,2000,NO_GOVERNED_SURFACE_CONDITION_LENGTH_PARAMETER,AUSTRALIAN_SYNTHETIC,,UNKNOWN
RTDR-E2AB1B58682BC4B8045DAFEE,2013-09-06|BET365 GEELONG SYNTHETIC|R01,2013-09-06,BET365 GEELONG SYNTHETIC,1000,NO_GOVERNED_SURFACE_CONDITION_LENGTH_PARAMETER,AUSTRALIAN_SYNTHETIC,,UNKNOWN
RTDR-437891848D2C971B88D4FC66,2013-09-06|BET365 GEELONG SYNTHETIC|R04,2013-09-06,BET365 GEELONG SYNTHETIC,1100,NO_GOVERNED_SURFACE_CONDITION_LENGTH_PARAMETER,AUSTRALIAN_SYNTHETIC,,UNKNOWN
RTDR-FA555F82338769AA30CFB584,2013-09-06|BET365 GEELONG SYNTHETIC|R03,2013-09-06,BET365 GEELONG SYNTHETIC,1300,NO_GOVERNED_SURFACE_CONDITION_LENGTH_PARAMETER,AUSTRALIAN_SYNTHETIC,,UNKNOWN
RTDR-13DD0CC0DF1ED0C68D701317,2013-09-06|BET365 GEELONG SYNTHETIC|R02,2013-09-06,BET365 GEELONG SYNTHETIC,1900,NO_GOVERNED_SURFACE_CONDITION_LENGTH_PARAMETER,AUSTRALIAN_SYNTHETIC,,UNKNOWN
RTDR-36D972A754F9A98A1EC9B513,2013-09-06|BET365 GEELONG SYNTHETIC|R05,2013-09-06,BET365 GEELONG SYNTHETIC,1000,NO_GOVERNED_SURFACE_CONDITION_LENGTH_PARAMETER,AUSTRALIAN_SYNTHETIC,,UNKNOWN
RTDR-49552DAF9D6CDD8CBE266D2B,2013-09-06|BET365 GEELONG SYNTHETIC|R07,2013-09-06,BET365 GEELONG SYNTHETIC,1300,NO_GOVERNED_SURFACE_CONDITION_LENGTH_PARAMETER,AUSTRALIAN_SYNTHETIC,,UNKNOWN
RTDR-933A245D94C4875D9AC3FCFF,2013-09-06|BET365 GEELONG SYNTHETIC|R08,2013-09-06,BET365 GEELONG SYNTHETIC,2000,NO_GOVERNED_SURFACE_CONDITION_LENGTH_PARAMETER,AUSTRALIAN_SYNTHETIC,,UNKNOWN
RTDR-4FA0F155AB2B4257AE0B0B5D,2013-09-06|BET365 GEELONG SYNTHETIC|R06,2013-09-06,BET365 GEELONG SYNTHETIC,1100,NO_GOVERNED_SURFACE_CONDITION_LENGTH_PARAMETER,AUSTRALIAN_SYNTHETIC,,UNKNOWN
RTDR-8E49234B8AF12A83DBD7D8BA,2013-09-13|BET365 GEELONG SYNTHETIC|R03,2013-09-13,BET365 GEELONG SYNTHETIC,1300,NO_GOVERNED_SURFACE_CONDITION_LENGTH_PARAMETER,AUSTRALIAN_SYNTHETIC,,UNKNOWN
RTDR-FB232662AB108EA44FCE66DF,2013-09-13|BET365 GEELONG SYNTHETIC|R02,2013-09-13,BET365 GEELONG SYNTHETIC,1000,NO_GOVERNED_SURFACE_CONDITION_LENGTH_PARAMETER,AUSTRALIAN_SYNTHETIC,,UNKNOWN
RTDR-0E8076D7D14A689D53B24850,2013-09-13|BET365 GEELONG SYNTHETIC|R01,2013-09-13,BET365 GEELONG SYNTHETIC,1100,NO_GOVERNED_SURFACE_CONDITION_LENGTH_PARAMETER,AUSTRALIAN_SYNTHETIC,,UNKNOWN
RTDR-120576FC7B371E85D6C8C31A,2013-09-13|BET365 GEELONG SYNTHETIC|R06,2013-09-13,BET365 GEELONG SYNTHETIC,1100,NO_GOVERNED_SURFACE_CONDITION_LENGTH_PARAMETER,AUSTRALIAN_SYNTHETIC,,UNKNOWN
RTDR-E4AA5E3088D719D833888190,2013-09-13|BET365 GEELONG SYNTHETIC|R07,2013-09-13,BET365 GEELONG SYNTHETIC,1300,NO_GOVERNED_SURFACE_CONDITION_LENGTH_PARAMETER,AUSTRALIAN_SYNTHETIC,,UNKNOWN
RTDR-4233FDD3DD87C9077B8BFB83,2013-09-13|BET365 GEELONG SYNTHETIC|R05,2013-09-13,BET365 GEELONG SYNTHETIC,1900,NO_GOVERNED_SURFACE_CONDITION_LENGTH_PARAMETER,AUSTRALIAN_SYNTHETIC,,UNKNOWN
RTDR-25FCA62965824D9358F63126,2013-09-13|BET365 GEELONG SYNTHETIC|R04,2013-09-13,BET365 GEELONG SYNTHETIC,2000,NO_GOVERNED_SURFACE_CONDITION_LENGTH_PARAMETER,AUSTRALIAN_SYNTHETIC,,UNKNOWN
RTDR-CF8667F2BE2ED242B659C962,2014-09-05|BET365 GEELONG SYNTHETIC|R01,2014-09-05,BET365 GEELONG SYNTHETIC,1300,NO_GOVERNED_SURFACE_CONDITION_LENGTH_PARAMETER,AUSTRALIAN_SYNTHETIC,,UNKNOWN
RTDR-16137FEC79DE882DC09E3B5F,2014-09-05|BET365 GEELONG SYNTHETIC|R03,2014-09-05,BET365 GEELONG SYNTHETIC,1100,NO_GOVERNED_SURFACE_CONDITION_LENGTH_PARAMETER,AUSTRALIAN_SYNTHETIC,,UNKNOWN
RTDR-E2076565D4AD305BB75D72EF,2014-09-05|BET365 GEELONG SYNTHETIC|R04,2014-09-05,BET365 GEELONG SYNTHETIC,1300,NO_GOVERNED_SURFACE_CONDITION_LENGTH_PARAMETER,AUSTRALIAN_SYNTHETIC,,UNKNOWN
RTDR-82E382ED3E77D27CB49DFFDC,2014-09-05|BET365 GEELONG SYNTHETIC|R02,2014-09-05,BET365 GEELONG SYNTHETIC,1900,NO_GOVERNED_SURFACE_CONDITION_LENGTH_PARAMETER,AUSTRALIAN_SYNTHETIC,,UNKNOWN
RTDR-EDADB6A8CF9E2C7CBE5EE2B2,2014-09-05|BET365 GEELONG SYNTHETIC|R08,2014-09-05,BET365 GEELONG SYNTHETIC,1000,NO_GOVERNED_SURFACE_CONDITION_LENGTH_PARAMETER,AUSTRALIAN_SYNTHETIC,,UNKNOWN
RTDR-4C6B8E757DCCA0AB7838D54E,2014-09-05|BET365 GEELONG SYNTHETIC|R06,2014-09-05,BET365 GEELONG SYNTHETIC,1300,NO_GOVERNED_SURFACE_CONDITION_LENGTH_PARAMETER,AUSTRALIAN_SYNTHETIC,,UNKNOWN
RTDR-9C46AA4DBDB90E07705C66A3,2014-09-05|BET365 GEELONG SYNTHETIC|R05,2014-09-05,BET365 GEELONG SYNTHETIC,2000,NO_GOVERNED_SURFACE_CONDITION_LENGTH_PARAMETER,AUSTRALIAN_SYNTHETIC,,UNKNOWN
RTDR-F89205474FAEC12859D3CAAD,2014-09-05|BET365 GEELONG SYNTHETIC|R07,2014-09-05,BET365 GEELONG SYNTHETIC,1100,NO_GOVERNED_SURFACE_CONDITION_LENGTH_PARAMETER,AUSTRALIAN_SYNTHETIC,,UNKNOWN
RTDR-6E6FD3CF3F796D7A7A8B5A21,2015-09-01|BET365 GEELONG SYNTHETIC|R01,2015-09-01,BET365 GEELONG SYNTHETIC,1100,NO_GOVERNED_SURFACE_CONDITION_LENGTH_PARAMETER,AUSTRALIAN_SYNTHETIC,,UNKNOWN
RTDR-1C76A1AEDAF0FAA197CAF219,2015-09-01|BET365 GEELONG SYNTHETIC|R02,2015-09-01,BET365 GEELONG SYNTHETIC,1100,NO_GOVERNED_SURFACE_CONDITION_LENGTH_PARAMETER,AUSTRALIAN_SYNTHETIC,,UNKNOWN
RTDR-F82272BD2AC1D30087AA1773,2015-09-01|BET365 GEELONG SYNTHETIC|R03,2015-09-01,BET365 GEELONG SYNTHETIC,1300,NO_GOVERNED_SURFACE_CONDITION_LENGTH_PARAMETER,AUSTRALIAN_SYNTHETIC,,UNKNOWN
RTDR-53BA227567765F5C90C23641,2015-09-01|BET365 GEELONG SYNTHETIC|R04,2015-09-01,BET365 GEELONG SYNTHETIC,1900,NO_GOVERNED_SURFACE_CONDITION_LENGTH_PARAMETER,AUSTRALIAN_SYNTHETIC,,UNKNOWN
RTDR-5A4DD35C9922DA4E5ECE81EA,2015-09-01|BET365 GEELONG SYNTHETIC|R05,2015-09-01,BET365 GEELONG SYNTHETIC,1000,NO_GOVERNED_SURFACE_CONDITION_LENGTH_PARAMETER,AUSTRALIAN_SYNTHETIC,,UNKNOWN
RTDR-22F895D557E1BC8EDF0DEBA0,2015-09-01|BET365 GEELONG SYNTHETIC|R07,2015-09-01,BET365 GEELONG SYNTHETIC,2000,NO_GOVERNED_SURFACE_CONDITION_LENGTH_PARAMETER,AUSTRALIAN_SYNTHETIC,,UNKNOWN
RTDR-CC80BB799DF0404C20D46088,2015-09-01|BET365 GEELONG SYNTHETIC|R08,2015-09-01,BET365 GEELONG SYNTHETIC,1200,NO_GOVERNED_SURFACE_CONDITION_LENGTH_PARAMETER,AUSTRALIAN_SYNTHETIC,,UNKNOWN
RTDR-8BF902F9FC2F6299483FA863,2015-09-01|BET365 GEELONG SYNTHETIC|R06,2015-09-01,BET365 GEELONG SYNTHETIC,1100,NO_GOVERNED_SURFACE_CONDITION_LENGTH_PARAMETER,AUSTRALIAN_SYNTHETIC,,UNKNOWN
RTDR-6287C5C70FF406664E57845C,2018-09-07|BET365 GEELONG SYNTHETIC|R01,2018-09-07,BET365 GEELONG SYNTHETIC,1300,NO_GOVERNED_SURFACE_CONDITION_LENGTH_PARAMETER,AUSTRALIAN_SYNTHETIC,,UNKNOWN
RTDR-677946E39C9AAFFE9E582D10,2018-09-07|BET365 GEELONG SYNTHETIC|R03,2018-09-07,BET365 GEELONG SYNTHETIC,1000,NO_GOVERNED_SURFACE_CONDITION_LENGTH_PARAMETER,AUSTRALIAN_SYNTHETIC,,UNKNOWN
RTDR-23324818F143705B16BCF056,2018-09-07|BET365 GEELONG SYNTHETIC|R02,2018-09-07,BET365 GEELONG SYNTHETIC,1300,NO_GOVERNED_SURFACE_CONDITION_LENGTH_PARAMETER,AUSTRALIAN_SYNTHETIC,,UNKNOWN
RTDR-3CE9534C57BA79471B6CE614,2018-09-07|BET365 GEELONG SYNTHETIC|R04,2018-09-07,BET365 GEELONG SYNTHETIC,1200,NO_GOVERNED_SURFACE_CONDITION_LENGTH_PARAMETER,AUSTRALIAN_SYNTHETIC,,UNKNOWN
RTDR-35BA0E71693FB593C2F8E515,2018-09-07|BET365 GEELONG SYNTHETIC|R06,2018-09-07,BET365 GEELONG SYNTHETIC,1000,NO_GOVERNED_SURFACE_CONDITION_LENGTH_PARAMETER,AUSTRALIAN_SYNTHETIC,,UNKNOWN
RTDR-9F6A700BF919C568B14649C2,2018-09-07|BET365 GEELONG SYNTHETIC|R05,2018-09-07,BET365 GEELONG SYNTHETIC,1200,NO_GOVERNED_SURFACE_CONDITION_LENGTH_PARAMETER,AUSTRALIAN_SYNTHETIC,,UNKNOWN
RTDR-4BA4B1E0D6ABBA9A4EE98BFF,2018-09-07|BET365 GEELONG SYNTHETIC|R07,2018-09-07,BET365 GEELONG SYNTHETIC,1900,NO_GOVERNED_SURFACE_CONDITION_LENGTH_PARAMETER,AUSTRALIAN_SYNTHETIC,,UNKNOWN
RTDR-001C525FF16AE5D98E79C116,2018-09-07|BET365 GEELONG SYNTHETIC|R08,2018-09-07,BET365 GEELONG SYNTHETIC,1300,NO_GOVERNED_SURFACE_CONDITION_LENGTH_PARAMETER,AUSTRALIAN_SYNTHETIC,,UNKNOWN
RTDR-4F36A25E8C65410909639C4E,2018-09-21|BET365 GEELONG SYNTHETIC|R01,2018-09-21,BET365 GEELONG SYNTHETIC,1300,NO_GOVERNED_SURFACE_CONDITION_LENGTH_PARAMETER,AUSTRALIAN_SYNTHETIC,,UNKNOWN
RTDR-2D21C7E076DF2657864EFDCA,2018-09-21|BET365 GEELONG SYNTHETIC|R02,2018-09-21,BET365 GEELONG SYNTHETIC,1300,NO_GOVERNED_SURFACE_CONDITION_LENGTH_PARAMETER,AUSTRALIAN_SYNTHETIC,,UNKNOWN
RTDR-CA82AA3FEDE4079208645257,2018-09-21|BET365 GEELONG SYNTHETIC|R04,2018-09-21,BET365 GEELONG SYNTHETIC,1900,NO_GOVERNED_SURFACE_CONDITION_LENGTH_PARAMETER,AUSTRALIAN_SYNTHETIC,,UNKNOWN
RTDR-FC0A741392AA776517F2BB01,2018-09-21|BET365 GEELONG SYNTHETIC|R03,2018-09-21,BET365 GEELONG SYNTHETIC,1100,NO_GOVERNED_SURFACE_CONDITION_LENGTH_PARAMETER,AUSTRALIAN_SYNTHETIC,,UNKNOWN
RTDR-71DFE7FE3AFAECC44D938021,2018-09-21|BET365 GEELONG SYNTHETIC|R05,2018-09-21,BET365 GEELONG SYNTHETIC,1100,NO_GOVERNED_SURFACE_CONDITION_LENGTH_PARAMETER,AUSTRALIAN_SYNTHETIC,,UNKNOWN
RTDR-9C6B4894AF953F4C0837DE29,2018-09-21|BET365 GEELONG SYNTHETIC|R07,2018-09-21,BET365 GEELONG SYNTHETIC,1900,NO_GOVERNED_SURFACE_CONDITION_LENGTH_PARAMETER,AUSTRALIAN_SYNTHETIC,,UNKNOWN
RTDR-A0EF5943CB815583323A7C8C,2018-09-21|BET365 GEELONG SYNTHETIC|R06,2018-09-21,BET365 GEELONG SYNTHETIC,1200,NO_GOVERNED_SURFACE_CONDITION_LENGTH_PARAMETER,AUSTRALIAN_SYNTHETIC,,UNKNOWN
RTDR-C67F8FDD924A16E1F5C23BA2,2019-09-03|SPORTSBET-BALLARAT SYNTHETIC|R06,2019-09-03,SPORTSBET-BALLARAT SYNTHETIC,1000,NO_GOVERNED_SURFACE_CONDITION_LENGTH_PARAMETER,AUSTRALIAN_SYNTHETIC,,UNKNOWN
RTDR-0AEFB2AF79246E4B4499E02A,2019-09-03|SPORTSBET-BALLARAT SYNTHETIC|R07,2019-09-03,SPORTSBET-BALLARAT SYNTHETIC,1400,NO_GOVERNED_SURFACE_CONDITION_LENGTH_PARAMETER,AUSTRALIAN_SYNTHETIC,,UNKNOWN
RTDR-60EC91EAF529F58D1EAE01F5,2019-09-03|SPORTSBET-BALLARAT SYNTHETIC|R04,2019-09-03,SPORTSBET-BALLARAT SYNTHETIC,1100,NO_GOVERNED_SURFACE_CONDITION_LENGTH_PARAMETER,AUSTRALIAN_SYNTHETIC,,UNKNOWN
RTDR-1DC08C708C2C9BD238E25A45,2019-09-03|SPORTSBET-BALLARAT SYNTHETIC|R05,2019-09-03,SPORTSBET-BALLARAT SYNTHETIC,2100,NO_GOVERNED_SURFACE_CONDITION_LENGTH_PARAMETER,AUSTRALIAN_SYNTHETIC,,UNKNOWN
RTDR-10F64C105A2F8869CADFAEE7,2019-09-03|SPORTSBET-BALLARAT SYNTHETIC|R08,2019-09-03,SPORTSBET-BALLARAT SYNTHETIC,1200,NO_GOVERNED_SURFACE_CONDITION_LENGTH_PARAMETER,AUSTRALIAN_SYNTHETIC,,UNKNOWN
RTDR-26DE6E3286998BBBF6C4B41A,2019-09-03|SPORTSBET-BALLARAT SYNTHETIC|R03,2019-09-03,SPORTSBET-BALLARAT SYNTHETIC,1500,NO_GOVERNED_SURFACE_CONDITION_LENGTH_PARAMETER,AUSTRALIAN_SYNTHETIC,,UNKNOWN
RTDR-D3913940F79363C56802AEC9,2019-09-03|SPORTSBET-BALLARAT SYNTHETIC|R02,2019-09-03,SPORTSBET-BALLARAT SYNTHETIC,1200,NO_GOVERNED_SURFACE_CONDITION_LENGTH_PARAMETER,AUSTRALIAN_SYNTHETIC,,UNKNOWN
RTDR-C3E06D109EB3F4591F713869,2019-09-03|SPORTSBET-BALLARAT SYNTHETIC|R01,2019-09-03,SPORTSBET-BALLARAT SYNTHETIC,2100,NO_GOVERNED_SURFACE_CONDITION_LENGTH_PARAMETER,AUSTRALIAN_SYNTHETIC,,UNKNOWN
RTDR-D81E96E870EC35E3C935B1BA,2019-09-06|SPORTSBET-BALLARAT SYNTHETIC|R01,2019-09-06,SPORTSBET-BALLARAT SYNTHETIC,1500,NO_GOVERNED_SURFACE_CONDITION_LENGTH_PARAMETER,AUSTRALIAN_SYNTHETIC,,UNKNOWN
RTDR-ADCF0606612DE87EB9A43F07,2019-09-06|SPORTSBET-BALLARAT SYNTHETIC|R03,2019-09-06,SPORTSBET-BALLARAT SYNTHETIC,1400,NO_GOVERNED_SURFACE_CONDITION_LENGTH_PARAMETER,AUSTRALIAN_SYNTHETIC,,UNKNOWN
RTDR-2F3BA8038BA76DACA8BBF5CA,2019-09-06|SPORTSBET-BALLARAT SYNTHETIC|R08,2019-09-06,SPORTSBET-BALLARAT SYNTHETIC,1500,NO_GOVERNED_SURFACE_CONDITION_LENGTH_PARAMETER,AUSTRALIAN_SYNTHETIC,,UNKNOWN
RTDR-FF2992A75584C00AD78FAC7E,2019-09-06|SPORTSBET-BALLARAT SYNTHETIC|R04,2019-09-06,SPORTSBET-BALLARAT SYNTHETIC,1000,NO_GOVERNED_SURFACE_CONDITION_LENGTH_PARAMETER,AUSTRALIAN_SYNTHETIC,,UNKNOWN
RTDR-EB8F1D7FBE268629A1B87AAF,2019-09-06|SPORTSBET-BALLARAT SYNTHETIC|R07,2019-09-06,SPORTSBET-BALLARAT SYNTHETIC,1200,NO_GOVERNED_SURFACE_CONDITION_LENGTH_PARAMETER,AUSTRALIAN_SYNTHETIC,,UNKNOWN
RTDR-A34E9D6212E780D0DB06E747,2019-09-06|SPORTSBET-BALLARAT SYNTHETIC|R02,2019-09-06,SPORTSBET-BALLARAT SYNTHETIC,1200,NO_GOVERNED_SURFACE_CONDITION_LENGTH_PARAMETER,AUSTRALIAN_SYNTHETIC,,UNKNOWN
RTDR-EA971C7DC3B36846861BA94E,2019-09-06|SPORTSBET-BALLARAT SYNTHETIC|R05,2019-09-06,SPORTSBET-BALLARAT SYNTHETIC,1100,NO_GOVERNED_SURFACE_CONDITION_LENGTH_PARAMETER,AUSTRALIAN_SYNTHETIC,,UNKNOWN
RTDR-74FE97AA0A8B5E0605A0AC04,2020-09-03|SPORTSBET-BALLARAT SYNTHETIC|R04,2020-09-03,SPORTSBET-BALLARAT SYNTHETIC,1500,NO_GOVERNED_SURFACE_CONDITION_LENGTH_PARAMETER,AUSTRALIAN_SYNTHETIC,,UNKNOWN
RTDR-27200F2E2D8F8D1D531B1DED,2020-09-03|SPORTSBET-BALLARAT SYNTHETIC|R02,2020-09-03,SPORTSBET-BALLARAT SYNTHETIC,1200,NO_GOVERNED_SURFACE_CONDITION_LENGTH_PARAMETER,AUSTRALIAN_SYNTHETIC,,UNKNOWN
RTDR-EE8A322259F87C3DD4B1BBFF,2020-09-03|SPORTSBET-BALLARAT SYNTHETIC|R08,2020-09-03,SPORTSBET-BALLARAT SYNTHETIC,1200,NO_GOVERNED_SURFACE_CONDITION_LENGTH_PARAMETER,AUSTRALIAN_SYNTHETIC,,UNKNOWN
RTDR-119F5BC3CE2BB6AB20766E22,2020-09-03|SPORTSBET-BALLARAT SYNTHETIC|R03,2020-09-03,SPORTSBET-BALLARAT SYNTHETIC,1400,NO_GOVERNED_SURFACE_CONDITION_LENGTH_PARAMETER,AUSTRALIAN_SYNTHETIC,,UNKNOWN
RTDR-4051E901E7676E397997A648,2020-09-03|SPORTSBET-BALLARAT SYNTHETIC|R06,2020-09-03,SPORTSBET-BALLARAT SYNTHETIC,1400,NO_GOVERNED_SURFACE_CONDITION_LENGTH_PARAMETER,AUSTRALIAN_SYNTHETIC,,UNKNOWN
RTDR-8F55183EA303722E8B77DF47,2020-09-03|SPORTSBET-BALLARAT SYNTHETIC|R05,2020-09-03,SPORTSBET-BALLARAT SYNTHETIC,1500,NO_GOVERNED_SURFACE_CONDITION_LENGTH_PARAMETER,AUSTRALIAN_SYNTHETIC,,UNKNOWN
RTDR-F5E537AFB865C947DA8F9523,2020-09-03|SPORTSBET-BALLARAT SYNTHETIC|R07,2020-09-03,SPORTSBET-BALLARAT SYNTHETIC,1000,NO_GOVERNED_SURFACE_CONDITION_LENGTH_PARAMETER,AUSTRALIAN_SYNTHETIC,,UNKNOWN
RTDR-FFDE0CE32DEA62C4AD88D2E7,2020-09-03|SPORTSBET-BALLARAT SYNTHETIC|R01,2020-09-03,SPORTSBET-BALLARAT SYNTHETIC,1000,NO_GOVERNED_SURFACE_CONDITION_LENGTH_PARAMETER,AUSTRALIAN_SYNTHETIC,,UNKNOWN
RTDR-4BF4095D0173E02AEE314C95,2021-09-07|SPORTSBET-PAKENHAM SYNTHETIC|R04,2021-09-07,SPORTSBET-PAKENHAM SYNTHETIC,1000,NO_GOVERNED_SURFACE_CONDITION_LENGTH_PARAMETER,AUSTRALIAN_SYNTHETIC,,UNKNOWN
RTDR-2197BE2164575E201264B869,2021-09-07|SPORTSBET-PAKENHAM SYNTHETIC|R03,2021-09-07,SPORTSBET-PAKENHAM SYNTHETIC,1200,NO_GOVERNED_SURFACE_CONDITION_LENGTH_PARAMETER,AUSTRALIAN_SYNTHETIC,,UNKNOWN
RTDR-2DDBE1E14FA2E2605A22DB8C,2021-09-07|SPORTSBET-PAKENHAM SYNTHETIC|R02,2021-09-07,SPORTSBET-PAKENHAM SYNTHETIC,1600,NO_GOVERNED_SURFACE_CONDITION_LENGTH_PARAMETER,AUSTRALIAN_SYNTHETIC,,UNKNOWN
RTDR-EC3EE71E5CFAD4B892A7B904,2021-09-07|SPORTSBET-PAKENHAM SYNTHETIC|R01,2021-09-07,SPORTSBET-PAKENHAM SYNTHETIC,2200,NO_GOVERNED_SURFACE_CONDITION_LENGTH_PARAMETER,AUSTRALIAN_SYNTHETIC,,UNKNOWN
RTDR-6851A05478CAA505DCB28753,2021-09-07|SPORTSBET-PAKENHAM SYNTHETIC|R09,2021-09-07,SPORTSBET-PAKENHAM SYNTHETIC,1600,NO_GOVERNED_SURFACE_CONDITION_LENGTH_PARAMETER,AUSTRALIAN_SYNTHETIC,,UNKNOWN
RTDR-280404FA956ECC8C9F17D247,2021-09-07|SPORTSBET-PAKENHAM SYNTHETIC|R08,2021-09-07,SPORTSBET-PAKENHAM SYNTHETIC,2200,NO_GOVERNED_SURFACE_CONDITION_LENGTH_PARAMETER,AUSTRALIAN_SYNTHETIC,,UNKNOWN
RTDR-11AE858C4219BA722C132EE3,2021-09-07|SPORTSBET-PAKENHAM SYNTHETIC|R05,2021-09-07,SPORTSBET-PAKENHAM SYNTHETIC,1000,NO_GOVERNED_SURFACE_CONDITION_LENGTH_PARAMETER,AUSTRALIAN_SYNTHETIC,,UNKNOWN
RTDR-0DD3AB78C29DCA78332A78EE,2021-09-07|SPORTSBET-PAKENHAM SYNTHETIC|R07,2021-09-07,SPORTSBET-PAKENHAM SYNTHETIC,1200,NO_GOVERNED_SURFACE_CONDITION_LENGTH_PARAMETER,AUSTRALIAN_SYNTHETIC,,UNKNOWN
RTDR-882B8DA7310831C35E0D8E18,2021-09-07|SPORTSBET-PAKENHAM SYNTHETIC|R06,2021-09-07,SPORTSBET-PAKENHAM SYNTHETIC,1200,NO_GOVERNED_SURFACE_CONDITION_LENGTH_PARAMETER,AUSTRALIAN_SYNTHETIC,,UNKNOWN
RTDR-3D2A36D76818A3C53A01C293,2025-09-02|CAULFIELD HEATH|R06,2025-09-02,CAULFIELD HEATH,800,NO_GOVERNED_SURFACE_CONDITION_LENGTH_PARAMETER,TURF,0,UNKNOWN
RTDR-55F95977582B3DE0A88FD22E,2025-09-02|CAULFIELD HEATH|R01,2025-09-02,CAULFIELD HEATH,800,NO_GOVERNED_SURFACE_CONDITION_LENGTH_PARAMETER,TURF,0,UNKNOWN
RTDR-03A900F122C3E8A53BB536CB,2025-09-02|CAULFIELD HEATH|R05,2025-09-02,CAULFIELD HEATH,800,NO_GOVERNED_SURFACE_CONDITION_LENGTH_PARAMETER,TURF,0,UNKNOWN
RTDR-92E2B08FDBD1F8FC050310EB,2025-09-02|CAULFIELD HEATH|R07,2025-09-02,CAULFIELD HEATH,800,NO_GOVERNED_SURFACE_CONDITION_LENGTH_PARAMETER,TURF,0,UNKNOWN
RTDR-324543AA4F013440D6099D3B,2025-09-02|CAULFIELD HEATH|R08,2025-09-02,CAULFIELD HEATH,800,NO_GOVERNED_SURFACE_CONDITION_LENGTH_PARAMETER,TURF,0,UNKNOWN
RTDR-18090642038B3EEF4E05F1A9,2025-09-02|CAULFIELD HEATH|R09,2025-09-02,CAULFIELD HEATH,800,NO_GOVERNED_SURFACE_CONDITION_LENGTH_PARAMETER,TURF,0,UNKNOWN
RTDR-32F56545BD9CD4860D67CDEB,2025-09-02|CAULFIELD HEATH|R10,2025-09-02,CAULFIELD HEATH,800,NO_GOVERNED_SURFACE_CONDITION_LENGTH_PARAMETER,TURF,0,UNKNOWN
RTDR-49420B18F04118006A098469,2025-09-02|CAULFIELD HEATH|R11,2025-09-02,CAULFIELD HEATH,800,NO_GOVERNED_SURFACE_CONDITION_LENGTH_PARAMETER,TURF,0,UNKNOWN
RTDR-B176941416C88E0ADE884F4A,2025-09-09|SPORTSBET-WANGARATTA|R14,2025-09-09,SPORTSBET-WANGARATTA,900,NO_GOVERNED_SURFACE_CONDITION_LENGTH_PARAMETER,TURF,0,UNKNOWN
RTDR-2E578B075843D2BB32C0B7E8,2025-09-09|SPORTSBET-WANGARATTA|R15,2025-09-09,SPORTSBET-WANGARATTA,900,NO_GOVERNED_SURFACE_CONDITION_LENGTH_PARAMETER,TURF,0,UNKNOWN
RTDR-3615E131F4E03E9033331967,2025-09-09|SPORTSBET-WANGARATTA|R16,2025-09-09,SPORTSBET-WANGARATTA,900,NO_GOVERNED_SURFACE_CONDITION_LENGTH_PARAMETER,TURF,0,UNKNOWN
RTDR-D2441A71425C378A2BB8DEAA,2025-09-09|SPORTSBET-WANGARATTA|R12,2025-09-09,SPORTSBET-WANGARATTA,900,NO_GOVERNED_SURFACE_CONDITION_LENGTH_PARAMETER,TURF,0,UNKNOWN
RTDR-CE2399276BBCA9FF8565EEA3,2025-09-09|SPORTSBET-WANGARATTA|R13,2025-09-09,SPORTSBET-WANGARATTA,900,NO_GOVERNED_SURFACE_CONDITION_LENGTH_PARAMETER,TURF,0,UNKNOWN
RTDR-A731E3F509962EAD5EC85E32,2025-09-09|SPORTSBET-WANGARATTA|R05,2025-09-09,SPORTSBET-WANGARATTA,900,NO_GOVERNED_SURFACE_CONDITION_LENGTH_PARAMETER,TURF,0,UNKNOWN
RTDR-F86852F337F12546B562709C,2025-09-09|SPORTSBET-WANGARATTA|R06,2025-09-09,SPORTSBET-WANGARATTA,900,NO_GOVERNED_SURFACE_CONDITION_LENGTH_PARAMETER,TURF,0,UNKNOWN
RTDR-B45CC225CA450335DE13F368,2025-09-09|SPORTSBET-WANGARATTA|R07,2025-09-09,SPORTSBET-WANGARATTA,900,NO_GOVERNED_SURFACE_CONDITION_LENGTH_PARAMETER,TURF,0,UNKNOWN
RTDR-AF898ADBBF37690D90847D7D,2025-09-09|SPORTSBET-WANGARATTA|R09,2025-09-09,SPORTSBET-WANGARATTA,900,NO_GOVERNED_SURFACE_CONDITION_LENGTH_PARAMETER,TURF,0,UNKNOWN
RTDR-84922A671AC12621B1F0CF37,2025-09-09|SPORTSBET-WANGARATTA|R10,2025-09-09,SPORTSBET-WANGARATTA,900,NO_GOVERNED_SURFACE_CONDITION_LENGTH_PARAMETER,TURF,0,UNKNOWN
RTDR-0FFFDFD7D7BF2735E03C2F4A,2025-09-09|SPORTSBET-WANGARATTA|R08,2025-09-09,SPORTSBET-WANGARATTA,900,NO_GOVERNED_SURFACE_CONDITION_LENGTH_PARAMETER,TURF,0,UNKNOWN
RTDR-1F3F9E4C71A2108B0062F6EC,2025-09-09|SPORTSBET-WANGARATTA|R11,2025-09-09,SPORTSBET-WANGARATTA,900,NO_GOVERNED_SURFACE_CONDITION_LENGTH_PARAMETER,TURF,0,UNKNOWN
