_race,winner_horse,_year,ll_gain,strict_favourite,drop_favourite,favourite_transition,strict_correct,drop_correct,changed_favourite_class
EIQ_RACE_000B8E9596BD2E06,EIQ_HORSE_C8496DA9D9D584F6,2023,-0.078403328927803,EIQ_HORSE_B9C20320E8F1C7B0,EIQ_HORSE_175EB05BA523DA80,CHALLENGER_CHANGED_FAVOURITE,False,False,BOTH_WRONG
EIQ_RACE_002373EF33DC7D96,EIQ_HORSE_3D6C570A671F9BB6,2021,-0.029581812565729226,EIQ_HORSE_8A8BE468D2038492,EIQ_HORSE_8A8BE468D2038492,SAME_FAVOURITE,False,False,SAME_FAVOURITE
EIQ_RACE_0034262E8474F7FD,EIQ_HORSE_6F753C4E8A5BA6EF,2024,-0.025935369271397057,EIQ_HORSE_1462F746258387D2,EIQ_HORSE_1462F746258387D2,SAME_FAVOURITE,False,False,SAME_FAVOURITE
EIQ_RACE_0034AFE18AC7EB00,EIQ_HORSE_AADD711493665759,2026,0.02268240101871344,EIQ_HORSE_7BD014ED0008B3C5,EIQ_HORSE_7BD014ED0008B3C5,SAME_FAVOURITE,False,False,SAME_FAVOURITE
EIQ_RACE_005AD79F1F72B1BE,EIQ_HORSE_4C07CA4E8604DAB0,2025,-0.009669764277290716,EIQ_HORSE_9A3AF7598AE77242,EIQ_HORSE_9A3AF7598AE77242,SAME_FAVOURITE,False,False,SAME_FAVOURITE
EIQ_RACE_008020757687BD49,EIQ_HORSE_F910D0E7D36C21B6,2023,0.07378470919615054,EIQ_HORSE_89FCE68C3AB55449,EIQ_HORSE_89FCE68C3AB55449,SAME_FAVOURITE,False,False,SAME_FAVOURITE
EIQ_RACE_008F7EE0E76AB0A4,EIQ_HORSE_F4D95DBE12C45719,2023,0.3359514585089993,EIQ_HORSE_BCB4C31E8FBEA0C7,EIQ_HORSE_BCB4C31E8FBEA0C7,SAME_FAVOURITE,False,False,SAME_FAVOURITE
EIQ_RACE_00A1AC7745D740A4,EIQ_HORSE_FC820BAD21E71162,2024,-0.006660053300591606,EIQ_HORSE_F646F66A29782CD0,EIQ_HORSE_F646F66A29782CD0,SAME_FAVOURITE,False,False,SAME_FAVOURITE
EIQ_RACE_00A42B3A5F269ABF,EIQ_HORSE_AECC9FF82E3C73F7,2024,-0.1485418041865154,EIQ_HORSE_A02CB04829EC4086,EIQ_HORSE_A02CB04829EC4086,SAME_FAVOURITE,False,False,SAME_FAVOURITE
EIQ_RACE_00A971DDBE1496A2,EIQ_HORSE_C58960461199EFDA,2025,-0.1359192466786846,EIQ_HORSE_6F5489B21446A776,EIQ_HORSE_6F5489B21446A776,SAME_FAVOURITE,False,False,SAME_FAVOURITE
EIQ_RACE_00B1CACBBAEC4015,EIQ_HORSE_B4C213CC8033F1C1,2025,0.048103946370300577,EIQ_HORSE_848312B5B5116430,EIQ_HORSE_848312B5B5116430,SAME_FAVOURITE,False,False,SAME_FAVOURITE
EIQ_RACE_00B9592F63ADB9B6,EIQ_HORSE_37B038EE1F2D67F2,2021,0.018003861280144307,EIQ_HORSE_032398EC106E766C,EIQ_HORSE_032398EC106E766C,SAME_FAVOURITE,False,False,SAME_FAVOURITE
EIQ_RACE_00C383F893C0F392,EIQ_HORSE_873D152D12D4D558,2025,0.0401573610970587,EIQ_HORSE_B5BD5D40CC069115,EIQ_HORSE_B5BD5D40CC069115,SAME_FAVOURITE,False,False,SAME_FAVOURITE
EIQ_RACE_00C531A746353F33,EIQ_HORSE_E9DD7AABEEDC9FEA,2025,-0.04824391078328283,EIQ_HORSE_65DD18A3AFD9EFB1,EIQ_HORSE_65DD18A3AFD9EFB1,SAME_FAVOURITE,False,False,SAME_FAVOURITE
EIQ_RACE_00CFFB38B2E6C45D,EIQ_HORSE_E8972782DC78C619,2023,-0.13910229125811613,EIQ_HORSE_DF472690D4E4A521,EIQ_HORSE_DF472690D4E4A521,SAME_FAVOURITE,False,False,SAME_FAVOURITE
EIQ_RACE_00D00DEDD697FD4B,EIQ_HORSE_AFD5290035033FFB,2021,0.11110992144686005,EIQ_HORSE_B57F8DA1E56A23A6,EIQ_HORSE_B57F8DA1E56A23A6,SAME_FAVOURITE,False,False,SAME_FAVOURITE
EIQ_RACE_00DB3DE8291674C9,EIQ_HORSE_743E440B24615FC8,2023,-0.048822927586890774,EIQ_HORSE_743E440B24615FC8,EIQ_HORSE_F3497D9D6DFDF96E,CHALLENGER_CHANGED_FAVOURITE,True,False,STRICT_CORRECT_DROP_WRONG
EIQ_RACE_00DC6D3540D7CCCC,EIQ_HORSE_588DD53F00AA3FDE,2026,-0.1529196716879544,EIQ_HORSE_2D6D93EDBA94B179,EIQ_HORSE_2D6D93EDBA94B179,SAME_FAVOURITE,False,False,SAME_FAVOURITE
EIQ_RACE_00E9EAD8E8ACAE2F,EIQ_HORSE_37C64481D3D3A2A2,2025,-0.046923466649292145,EIQ_HORSE_37C64481D3D3A2A2,EIQ_HORSE_E710DB19F2CDB066,CHALLENGER_CHANGED_FAVOURITE,True,False,STRICT_CORRECT_DROP_WRONG
EIQ_RACE_00EAC6E588165953,EIQ_HORSE_8960A0E0B17CAA6C,2021,0.061580632039351935,EIQ_HORSE_3B86703A1DEC9317,EIQ_HORSE_8960A0E0B17CAA6C,CHALLENGER_CHANGED_FAVOURITE,False,True,STRICT_WRONG_DROP_CORRECT
EIQ_RACE_00F839E0672F10F8,EIQ_HORSE_7E83CB983673B1A4,2025,0.03349639565128326,EIQ_HORSE_FF0286901EC6FE09,EIQ_HORSE_FF0286901EC6FE09,SAME_FAVOURITE,False,False,SAME_FAVOURITE
EIQ_RACE_00FEB266E3FF2A14,EIQ_HORSE_6613142BB9112621,2023,0.13663372164274623,EIQ_HORSE_C4C4A1CD5B338CC2,EIQ_HORSE_C4C4A1CD5B338CC2,SAME_FAVOURITE,False,False,SAME_FAVOURITE
EIQ_RACE_0103114F528B8DCE,EIQ_HORSE_70391B0CB72758FD,2023,0.0859330332828665,EIQ_HORSE_4D2853BECCAAAE6B,EIQ_HORSE_4D2853BECCAAAE6B,SAME_FAVOURITE,False,False,SAME_FAVOURITE
EIQ_RACE_0122DD7D807C6944,EIQ_HORSE_B6E6B8FE2AD70C13,2021,0.08219682579417031,EIQ_HORSE_2A6B5DED3F43FD54,EIQ_HORSE_6193495AB07ADD66,CHALLENGER_CHANGED_FAVOURITE,False,False,BOTH_WRONG
EIQ_RACE_013BE125C8E4813E,EIQ_HORSE_7CC945C9E680AB11,2024,-0.01720564738937469,EIQ_HORSE_05CA37B53FB6F331,EIQ_HORSE_05CA37B53FB6F331,SAME_FAVOURITE,False,False,SAME_FAVOURITE
EIQ_RACE_0157D9D67F761118,EIQ_HORSE_1AB39B52A39F23F5,2025,-0.00360752005229914,EIQ_HORSE_B87C6BDC0BC28882,EIQ_HORSE_B87C6BDC0BC28882,SAME_FAVOURITE,False,False,SAME_FAVOURITE
EIQ_RACE_016C8E020DEB389E,EIQ_HORSE_42618DA2D9E3C896,2021,0.161391493906188,EIQ_HORSE_26D6A05EDB20F5E4,EIQ_HORSE_26D6A05EDB20F5E4,SAME_FAVOURITE,False,False,SAME_FAVOURITE
EIQ_RACE_01853A4B4FB8BBA9,EIQ_HORSE_60655DD250F06917,2023,0.08560066776914033,EIQ_HORSE_337B07C8FED58904,EIQ_HORSE_337B07C8FED58904,SAME_FAVOURITE,False,False,SAME_FAVOURITE
EIQ_RACE_018A626B3BBF069F,EIQ_HORSE_0FCD0B38893A2129,2025,0.05374785627394574,EIQ_HORSE_0FCD0B38893A2129,EIQ_HORSE_0FCD0B38893A2129,SAME_FAVOURITE,True,True,SAME_FAVOURITE
EIQ_RACE_019519A1E9C7D03E,EIQ_HORSE_2EE167C74334151D,2026,-0.01911854834103721,EIQ_HORSE_2EE167C74334151D,EIQ_HORSE_2EE167C74334151D,SAME_FAVOURITE,True,True,SAME_FAVOURITE
EIQ_RACE_0196E4382A139677,EIQ_HORSE_AA127B89C6DAE105,2025,0.04581107673548912,EIQ_HORSE_D82493B9417582ED,EIQ_HORSE_D82493B9417582ED,SAME_FAVOURITE,False,False,SAME_FAVOURITE
EIQ_RACE_019E359D2B5519D3,EIQ_HORSE_05A6A200304F683F,2025,0.05291859650623887,EIQ_HORSE_4B2436A4BF9ED3FE,EIQ_HORSE_05A6A200304F683F,CHALLENGER_CHANGED_FAVOURITE,False,True,STRICT_WRONG_DROP_CORRECT
EIQ_RACE_01A1D7330CD15470,EIQ_HORSE_F55D791AE7874644,2025,0.02741774637040395,EIQ_HORSE_F55D791AE7874644,EIQ_HORSE_F55D791AE7874644,SAME_FAVOURITE,True,True,SAME_FAVOURITE
EIQ_RACE_01CEACA69338C99E,EIQ_HORSE_3DB4473CB5132407,2021,0.039835072342130795,EIQ_HORSE_745C6A36BD2F03F5,EIQ_HORSE_745C6A36BD2F03F5,SAME_FAVOURITE,False,False,SAME_FAVOURITE
EIQ_RACE_01E5B0D56D250D66,EIQ_HORSE_24D10890C55FC9FB,2023,0.2904175843673036,EIQ_HORSE_C092B40C4ADA0ACD,EIQ_HORSE_C092B40C4ADA0ACD,SAME_FAVOURITE,False,False,SAME_FAVOURITE
EIQ_RACE_01E8C32BD72A33AC,EIQ_HORSE_CC286AAD6B44CD29,2024,0.1158778751817402,EIQ_HORSE_1A91878761F6EDD9,EIQ_HORSE_CC286AAD6B44CD29,CHALLENGER_CHANGED_FAVOURITE,False,True,STRICT_WRONG_DROP_CORRECT
EIQ_RACE_0208E06AFE12DC5A,EIQ_HORSE_06543356E10016B0,2024,0.05018808091949012,EIQ_HORSE_BB069CE49310303A,EIQ_HORSE_BB069CE49310303A,SAME_FAVOURITE,False,False,SAME_FAVOURITE
EIQ_RACE_021F3A33C5B167DE,EIQ_HORSE_358C26EF9C3C2134,2024,-0.057483133659716135,EIQ_HORSE_77BA7217E38D36CF,EIQ_HORSE_77BA7217E38D36CF,SAME_FAVOURITE,False,False,SAME_FAVOURITE
EIQ_RACE_024DBF85B396E93E,EIQ_HORSE_575D38877DF1093D,2023,-0.023244988416033507,EIQ_HORSE_E4997F6856DB967C,EIQ_HORSE_E4997F6856DB967C,SAME_FAVOURITE,False,False,SAME_FAVOURITE
EIQ_RACE_0252980AE44BBE82,EIQ_HORSE_B4C1CD787BAC451E,2026,-0.007841760898664507,EIQ_HORSE_7C8927DE1D4CB118,EIQ_HORSE_7C8927DE1D4CB118,SAME_FAVOURITE,False,False,SAME_FAVOURITE
EIQ_RACE_0257752630988FAC,EIQ_HORSE_79CE53367C4A21F7,2026,0.2517357735093433,EIQ_HORSE_391AF74F53775E6F,EIQ_HORSE_391AF74F53775E6F,SAME_FAVOURITE,False,False,SAME_FAVOURITE
EIQ_RACE_025EAC9B3EF2086F,EIQ_HORSE_36AD5558A4D9D07B,2023,-0.13356527682963515,EIQ_HORSE_4A98E0DE719C2525,EIQ_HORSE_4A98E0DE719C2525,SAME_FAVOURITE,False,False,SAME_FAVOURITE
EIQ_RACE_0262B07CA5B17C0B,EIQ_HORSE_7FCB84E4C8675A2B,2025,-0.06694631871178025,EIQ_HORSE_B3941B0EF4A65D94,EIQ_HORSE_B3941B0EF4A65D94,SAME_FAVOURITE,False,False,SAME_FAVOURITE
EIQ_RACE_0262B34C6FD9FEB1,EIQ_HORSE_AF195C8EBED6FC2A,2021,-0.1385234031735001,EIQ_HORSE_C9755D800A70BFC5,EIQ_HORSE_C9755D800A70BFC5,SAME_FAVOURITE,False,False,SAME_FAVOURITE
EIQ_RACE_02BCAA49CFD333A4,EIQ_HORSE_FF0286901EC6FE09,2025,-0.03568118774679696,EIQ_HORSE_FF0286901EC6FE09,EIQ_HORSE_FF0286901EC6FE09,SAME_FAVOURITE,True,True,SAME_FAVOURITE
EIQ_RACE_02CE36A4E2DE8B5A,EIQ_HORSE_9276924E43FB4332,2024,-0.0647784438172958,EIQ_HORSE_9276924E43FB4332,EIQ_HORSE_A911E8DCE5F883F4,CHALLENGER_CHANGED_FAVOURITE,True,False,STRICT_CORRECT_DROP_WRONG
EIQ_RACE_02DEB6FA08DB6E9C,EIQ_HORSE_3A3B962A52A82BAF,2024,0.03484093080791428,EIQ_HORSE_3147E6AC7B36CEC6,EIQ_HORSE_3147E6AC7B36CEC6,SAME_FAVOURITE,False,False,SAME_FAVOURITE
EIQ_RACE_02EC50E1BED91F34,EIQ_HORSE_0F2F45D47E8CE0CD,2025,-0.06639626031536738,EIQ_HORSE_0F2F45D47E8CE0CD,EIQ_HORSE_C1866CED8490762E,CHALLENGER_CHANGED_FAVOURITE,True,False,STRICT_CORRECT_DROP_WRONG
EIQ_RACE_02FBAF6EC205C31D,EIQ_HORSE_829FF44231ED1E29,2021,0.016524138168459324,EIQ_HORSE_C05A560638AAFEE4,EIQ_HORSE_C05A560638AAFEE4,SAME_FAVOURITE,False,False,SAME_FAVOURITE
EIQ_RACE_02FC8BD6C63A17CD,EIQ_HORSE_2746153A8F1DE9B0,2022,-0.042736248323035575,EIQ_HORSE_986559C7D9B7F77E,EIQ_HORSE_986559C7D9B7F77E,SAME_FAVOURITE,False,False,SAME_FAVOURITE
EIQ_RACE_0306327AE1C0CC76,EIQ_HORSE_FF2723CE8D4A4AC0,2026,0.004881808889070527,EIQ_HORSE_20D1D4B0996847B6,EIQ_HORSE_20D1D4B0996847B6,SAME_FAVOURITE,False,False,SAME_FAVOURITE
EIQ_RACE_0309DA78061DBAA3,EIQ_HORSE_F28416D39FE00A5D,2026,0.15476678247464704,EIQ_HORSE_F28416D39FE00A5D,EIQ_HORSE_F28416D39FE00A5D,SAME_FAVOURITE,True,True,SAME_FAVOURITE
EIQ_RACE_0323BC4BB4591172,EIQ_HORSE_4C36FC0265430A10,2023,-0.1113772727279374,EIQ_HORSE_B42A77684DC231EE,EIQ_HORSE_B42A77684DC231EE,SAME_FAVOURITE,False,False,SAME_FAVOURITE
EIQ_RACE_032A44AF64A24B5C,EIQ_HORSE_24F998C9869FFB29,2026,0.025883422731073136,EIQ_HORSE_1B79130E7D06518D,EIQ_HORSE_1B79130E7D06518D,SAME_FAVOURITE,False,False,SAME_FAVOURITE
EIQ_RACE_032F9093CF3BE85D,EIQ_HORSE_395493F5702646A3,2024,-0.055506493467084805,EIQ_HORSE_E93C379CDA474983,EIQ_HORSE_E93C379CDA474983,SAME_FAVOURITE,False,False,SAME_FAVOURITE
EIQ_RACE_033B4EE1EDC9851C,EIQ_HORSE_76B873B21AB58456,2021,0.11953156497814654,EIQ_HORSE_76B873B21AB58456,EIQ_HORSE_76B873B21AB58456,SAME_FAVOURITE,True,True,SAME_FAVOURITE
EIQ_RACE_0346440738C0D22D,EIQ_HORSE_BB24316A1FFB1EBB,2025,0.015749718034987925,EIQ_HORSE_4006CCCDA1E4C87F,EIQ_HORSE_4006CCCDA1E4C87F,SAME_FAVOURITE,False,False,SAME_FAVOURITE
EIQ_RACE_03479A4E797F33F5,EIQ_HORSE_9CD46F2855D47652,2024,-0.0698528624865773,EIQ_HORSE_AD395B62F92DA250,EIQ_HORSE_AD395B62F92DA250,SAME_FAVOURITE,False,False,SAME_FAVOURITE
EIQ_RACE_034A90846B3D5961,EIQ_HORSE_BF3FFB049F20A62D,2025,-0.015424757251015553,EIQ_HORSE_9BA48D34C537FF9D,EIQ_HORSE_9BA48D34C537FF9D,SAME_FAVOURITE,False,False,SAME_FAVOURITE
EIQ_RACE_034B19162DFF5FF0,EIQ_HORSE_8B1150423649621A,2023,-0.08247916659579291,EIQ_HORSE_8B1150423649621A,EIQ_HORSE_8B1150423649621A,SAME_FAVOURITE,True,True,SAME_FAVOURITE
EIQ_RACE_0355B42BBA472CA1,EIQ_HORSE_01F6C94B25847237,2024,-0.029111263220866768,EIQ_HORSE_3BCB01422623F31E,EIQ_HORSE_3BCB01422623F31E,SAME_FAVOURITE,False,False,SAME_FAVOURITE
EIQ_RACE_0369E70357638781,EIQ_HORSE_DF4F83F3380C2200,2025,0.13549072543232032,EIQ_HORSE_418FD7D2D9773A1E,EIQ_HORSE_418FD7D2D9773A1E,SAME_FAVOURITE,False,False,SAME_FAVOURITE
EIQ_RACE_03736643282E548C,EIQ_HORSE_37255470E6F308BC,2021,-0.06073614137219563,EIQ_HORSE_F3813FE480D9BC30,EIQ_HORSE_F3813FE480D9BC30,SAME_FAVOURITE,False,False,SAME_FAVOURITE
EIQ_RACE_037783B7D6865272,EIQ_HORSE_8695A721FB57C3F8,2021,0.06882044535810383,EIQ_HORSE_634EFD7492C686C9,EIQ_HORSE_634EFD7492C686C9,SAME_FAVOURITE,False,False,SAME_FAVOURITE
EIQ_RACE_0380C94668454C71,EIQ_HORSE_E7EA2D8C418813D9,2023,0.03009819117506929,EIQ_HORSE_FD1556B9EFFB4087,EIQ_HORSE_E7EA2D8C418813D9,CHALLENGER_CHANGED_FAVOURITE,False,True,STRICT_WRONG_DROP_CORRECT
EIQ_RACE_038843A62DA6AF38,EIQ_HORSE_152E104B47CB5929,2025,0.21120765206953518,EIQ_HORSE_AEF017803E93AEE8,EIQ_HORSE_AEF017803E93AEE8,SAME_FAVOURITE,False,False,SAME_FAVOURITE
EIQ_RACE_0388AC9AED9C9F9F,EIQ_HORSE_06543356E10016B0,2024,0.00983461598231039,EIQ_HORSE_2CFC9767A515492B,EIQ_HORSE_2CFC9767A515492B,SAME_FAVOURITE,False,False,SAME_FAVOURITE
EIQ_RACE_038CDCB300F5D705,EIQ_HORSE_043660B588D12B7F,2025,-0.06979644446407685,EIQ_HORSE_2E10C738B4187115,EIQ_HORSE_2E10C738B4187115,SAME_FAVOURITE,False,False,SAME_FAVOURITE
EIQ_RACE_03A48A7D7F51FD55,EIQ_HORSE_DA033B0E95125CB4,2023,-0.031062226923886715,EIQ_HORSE_561DA8C464400020,EIQ_HORSE_561DA8C464400020,SAME_FAVOURITE,False,False,SAME_FAVOURITE
EIQ_RACE_03C84CC576C10203,EIQ_HORSE_92DE888A8CCDD3AC,2025,0.02978281526245441,EIQ_HORSE_5FCEA07E013D8A6C,EIQ_HORSE_5FCEA07E013D8A6C,SAME_FAVOURITE,False,False,SAME_FAVOURITE
EIQ_RACE_03E8F0139D30B36D,EIQ_HORSE_ED24EA7C0C40B094,2024,-0.07862821026012412,EIQ_HORSE_26AE1E2362B515CD,EIQ_HORSE_26AE1E2362B515CD,SAME_FAVOURITE,False,False,SAME_FAVOURITE
EIQ_RACE_03EBA0F9E9795607,EIQ_HORSE_24EF3A2946973F71,2021,0.004721778584196201,EIQ_HORSE_9B21C33EB3906435,EIQ_HORSE_80222D51ABD27B89,CHALLENGER_CHANGED_FAVOURITE,False,False,BOTH_WRONG
EIQ_RACE_03F80DF828E45AD7,EIQ_HORSE_2DC5C924F71EF972,2021,-0.05382592249225637,EIQ_HORSE_2DC5C924F71EF972,EIQ_HORSE_6B258C2E7CAB7573,CHALLENGER_CHANGED_FAVOURITE,True,False,STRICT_CORRECT_DROP_WRONG
EIQ_RACE_04124172DD3E2ACE,EIQ_HORSE_FE661FE5846D8661,2021,0.08363416549712754,EIQ_HORSE_3A6A9D90C450D4FB,EIQ_HORSE_3A6A9D90C450D4FB,SAME_FAVOURITE,False,False,SAME_FAVOURITE
EIQ_RACE_04254CA2F4C743A8,EIQ_HORSE_DC1149FAB293C10D,2025,-0.04235440349521058,EIQ_HORSE_DC1149FAB293C10D,EIQ_HORSE_DC1149FAB293C10D,SAME_FAVOURITE,True,True,SAME_FAVOURITE
EIQ_RACE_042F7846D756B0E4,EIQ_HORSE_29095A661EA888A2,2022,-0.1330807835592318,EIQ_HORSE_12E69F0EF70B9ADD,EIQ_HORSE_12E69F0EF70B9ADD,SAME_FAVOURITE,False,False,SAME_FAVOURITE
EIQ_RACE_0431E3E0D5E1AE73,EIQ_HORSE_7B727FB7CF8668EA,2021,0.12459883662833682,EIQ_HORSE_7B727FB7CF8668EA,EIQ_HORSE_7B727FB7CF8668EA,SAME_FAVOURITE,True,True,SAME_FAVOURITE
EIQ_RACE_043B36AD095C4997,EIQ_HORSE_E5E328E2FDE95106,2024,0.18846618489418,EIQ_HORSE_2B6A2A38CC4DF8B9,EIQ_HORSE_2B6A2A38CC4DF8B9,SAME_FAVOURITE,False,False,SAME_FAVOURITE
EIQ_RACE_04516DD01048A3A8,EIQ_HORSE_093D92298E200B5A,2026,0.10381806076616229,EIQ_HORSE_C54323EF3468FA92,EIQ_HORSE_C54323EF3468FA92,SAME_FAVOURITE,False,False,SAME_FAVOURITE
EIQ_RACE_0460BE057869140A,EIQ_HORSE_D01A721887AC9D29,2025,-0.17135928596802374,EIQ_HORSE_0A7EB7F819A2C834,EIQ_HORSE_0A7EB7F819A2C834,SAME_FAVOURITE,False,False,SAME_FAVOURITE
EIQ_RACE_04825E00B402DAA7,EIQ_HORSE_F21F96A85C102E51,2024,-0.025903057747336478,EIQ_HORSE_F21F96A85C102E51,EIQ_HORSE_F21F96A85C102E51,SAME_FAVOURITE,True,True,SAME_FAVOURITE
EIQ_RACE_04963B0119F14059,EIQ_HORSE_1FACEE509C1D7FFB,2024,0.1597802418767167,EIQ_HORSE_ABDCD89BB4F7B6C8,EIQ_HORSE_ABDCD89BB4F7B6C8,SAME_FAVOURITE,False,False,SAME_FAVOURITE
EIQ_RACE_04980540BA5CD04A,EIQ_HORSE_1AA1D7D34CFC0207,2024,0.07204128377109376,EIQ_HORSE_873376C449276580,EIQ_HORSE_1AA1D7D34CFC0207,CHALLENGER_CHANGED_FAVOURITE,False,True,STRICT_WRONG_DROP_CORRECT
EIQ_RACE_04AB8BBBDD16D689,EIQ_HORSE_48312FE8C1A97E67,2023,-0.009340532043544014,EIQ_HORSE_3DE86D01E07EC999,EIQ_HORSE_3DE86D01E07EC999,SAME_FAVOURITE,False,False,SAME_FAVOURITE
EIQ_RACE_04AF496AF4CB013F,EIQ_HORSE_849B5600961D603D,2024,0.012410781405259641,EIQ_HORSE_230C6BBDC22AEE88,EIQ_HORSE_230C6BBDC22AEE88,SAME_FAVOURITE,False,False,SAME_FAVOURITE
EIQ_RACE_04DFB7E8EC70B49B,EIQ_HORSE_B6F2CF16FCECC7E2,2025,-0.12133217625433401,EIQ_HORSE_9DF942BED0AE05B3,EIQ_HORSE_9DF942BED0AE05B3,SAME_FAVOURITE,False,False,SAME_FAVOURITE
EIQ_RACE_04E9E998968A8172,EIQ_HORSE_3EA4FC35986F7A32,2022,0.039570906723473964,EIQ_HORSE_3F2D4A69596AC088,EIQ_HORSE_3F2D4A69596AC088,SAME_FAVOURITE,False,False,SAME_FAVOURITE
EIQ_RACE_04EDAB55FC7C1A58,EIQ_HORSE_BE52FABF1E4F2118,2021,0.1058496049114872,EIQ_HORSE_B9C341B42CAB134E,EIQ_HORSE_BE52FABF1E4F2118,CHALLENGER_CHANGED_FAVOURITE,False,True,STRICT_WRONG_DROP_CORRECT
EIQ_RACE_04F35D856C786F9B,EIQ_HORSE_23CB50111277AEA4,2026,0.11532190640671036,EIQ_HORSE_4D394CF7D5E01088,EIQ_HORSE_4D394CF7D5E01088,SAME_FAVOURITE,False,False,SAME_FAVOURITE
EIQ_RACE_04F4689737335E95,EIQ_HORSE_301FC6F99F1D3B41,2024,-0.05280271673420023,EIQ_HORSE_E3B711905ED595D9,EIQ_HORSE_E3B711905ED595D9,SAME_FAVOURITE,False,False,SAME_FAVOURITE
EIQ_RACE_04F547409FE75A96,EIQ_HORSE_2C68765380410AB4,2021,-0.027007756087729318,EIQ_HORSE_D1D2DA91A65826AE,EIQ_HORSE_D1D2DA91A65826AE,SAME_FAVOURITE,False,False,SAME_FAVOURITE
EIQ_RACE_04F7E5EA9DBD46BD,EIQ_HORSE_42A939F537E87946,2024,-0.1272483051520068,EIQ_HORSE_42A939F537E87946,EIQ_HORSE_42A939F537E87946,SAME_FAVOURITE,True,True,SAME_FAVOURITE
EIQ_RACE_04F80578AA3007D0,EIQ_HORSE_F68CDD33A16ACCD6,2024,-0.08207007035860059,EIQ_HORSE_829DC9B3F4B61167,EIQ_HORSE_1DA97587154855AE,CHALLENGER_CHANGED_FAVOURITE,False,False,BOTH_WRONG
EIQ_RACE_05178798E44B44B9,EIQ_HORSE_0FE5A989C3E350A5,2024,0.12857046166676267,EIQ_HORSE_C498B0425A2C8F9E,EIQ_HORSE_C498B0425A2C8F9E,SAME_FAVOURITE,False,False,SAME_FAVOURITE
EIQ_RACE_052D79E140E69930,EIQ_HORSE_47D8F03A01635C6B,2021,0.08240585664773503,EIQ_HORSE_53E20CECF7C0021C,EIQ_HORSE_53E20CECF7C0021C,SAME_FAVOURITE,False,False,SAME_FAVOURITE
EIQ_RACE_0535C7C2C2886FF8,EIQ_HORSE_68509B742D595FA7,2026,-0.0930750727786096,EIQ_HORSE_758DC14FBBF52C42,EIQ_HORSE_758DC14FBBF52C42,SAME_FAVOURITE,False,False,SAME_FAVOURITE
EIQ_RACE_055155C55E67C866,EIQ_HORSE_A4BA03DEFAD25EA2,2021,-0.1752635594441727,EIQ_HORSE_0E11D5417C7BA53F,EIQ_HORSE_0E11D5417C7BA53F,SAME_FAVOURITE,False,False,SAME_FAVOURITE
EIQ_RACE_0577A5C14BD2B4A7,EIQ_HORSE_429EE7679C455532,2021,0.18072584590653928,EIQ_HORSE_97F852C61D111064,EIQ_HORSE_97F852C61D111064,SAME_FAVOURITE,False,False,SAME_FAVOURITE
EIQ_RACE_05785D1B26D987FD,EIQ_HORSE_174E1C55F7DBB966,2024,0.034785911314640705,EIQ_HORSE_2927E71B3B19A9E0,EIQ_HORSE_2927E71B3B19A9E0,SAME_FAVOURITE,False,False,SAME_FAVOURITE
EIQ_RACE_057AD0284BC9F772,EIQ_HORSE_ECF1B7D226B71432,2024,0.018927888326046638,EIQ_HORSE_788AF148BD874D0F,EIQ_HORSE_B7CE8A8E0489937E,CHALLENGER_CHANGED_FAVOURITE,False,False,BOTH_WRONG
EIQ_RACE_057D0B2E6D0B6E9A,EIQ_HORSE_1356ECA3292BF05D,2024,0.07795891744477768,EIQ_HORSE_B0D602F94C3BAE27,EIQ_HORSE_B44933AD4DBFC028,CHALLENGER_CHANGED_FAVOURITE,False,False,BOTH_WRONG
EIQ_RACE_058207B7D7F4ED2C,EIQ_HORSE_5FD11C810F21D657,2024,0.014956153291859398,EIQ_HORSE_9AD0EC9D08F0290E,EIQ_HORSE_9AD0EC9D08F0290E,SAME_FAVOURITE,False,False,SAME_FAVOURITE
EIQ_RACE_0584A0068D1B3892,EIQ_HORSE_2AB04AC8A71D92CD,2025,0.03522801634392758,EIQ_HORSE_E91BA4F4278A6496,EIQ_HORSE_E91BA4F4278A6496,SAME_FAVOURITE,False,False,SAME_FAVOURITE
EIQ_RACE_0593B34B82CFD91A,EIQ_HORSE_71DEC7334F58F669,2021,0.07397849615648155,EIQ_HORSE_F8E7531658CB15F5,EIQ_HORSE_F8E7531658CB15F5,SAME_FAVOURITE,False,False,SAME_FAVOURITE
EIQ_RACE_05984612BDB138BD,EIQ_HORSE_E028E7ADD2FE6D2B,2026,0.005717744093117094,EIQ_HORSE_05FD44C557AA189D,EIQ_HORSE_05FD44C557AA189D,SAME_FAVOURITE,False,False,SAME_FAVOURITE
EIQ_RACE_05ABA1475FA081B2,EIQ_HORSE_A56A8667D9B69973,2024,0.011978602606311561,EIQ_HORSE_A56A8667D9B69973,EIQ_HORSE_A56A8667D9B69973,SAME_FAVOURITE,True,True,SAME_FAVOURITE
EIQ_RACE_05ADEA0456A9441F,EIQ_HORSE_A4116F3C6E202DCE,2024,-0.05333196248679606,EIQ_HORSE_34CA59D7AF544292,EIQ_HORSE_34CA59D7AF544292,SAME_FAVOURITE,False,False,SAME_FAVOURITE
EIQ_RACE_05B628EB45624C40,EIQ_HORSE_2323E4EE35EE7A2E,2025,0.14802430431177171,EIQ_HORSE_A4116F3C6E202DCE,EIQ_HORSE_A4116F3C6E202DCE,SAME_FAVOURITE,False,False,SAME_FAVOURITE
EIQ_RACE_05BA71552C98D6E1,EIQ_HORSE_A0070045BC8659D8,2024,0.031542970705295215,EIQ_HORSE_94816A8B142DA162,EIQ_HORSE_307D7B1310CE473A,CHALLENGER_CHANGED_FAVOURITE,False,False,BOTH_WRONG
EIQ_RACE_05EC5766D877A6C1,EIQ_HORSE_DD3A9100848FE46F,2025,0.04689627365851923,EIQ_HORSE_0318EC5950792AFA,EIQ_HORSE_0318EC5950792AFA,SAME_FAVOURITE,False,False,SAME_FAVOURITE
EIQ_RACE_05F68C23D7CF5920,EIQ_HORSE_EB31B677EA02438E,2023,-0.030313503823681476,EIQ_HORSE_830040D82BFCD39E,EIQ_HORSE_830040D82BFCD39E,SAME_FAVOURITE,False,False,SAME_FAVOURITE
EIQ_RACE_05F90084BEF13094,EIQ_HORSE_28115FDCF14D6553,2021,-0.0003123737422507933,EIQ_HORSE_28115FDCF14D6553,EIQ_HORSE_28115FDCF14D6553,SAME_FAVOURITE,True,True,SAME_FAVOURITE
EIQ_RACE_060DACAE32FF6DA2,EIQ_HORSE_71D22FC94AF40CD7,2021,0.11818850237981993,EIQ_HORSE_CA92323F6A30FCC3,EIQ_HORSE_BEBCE63F38D45E8D,CHALLENGER_CHANGED_FAVOURITE,False,False,BOTH_WRONG
EIQ_RACE_062C24F8D5D25B05,EIQ_HORSE_E93C379CDA474983,2024,0.05150160962512951,EIQ_HORSE_7797CDBA3D10832A,EIQ_HORSE_7797CDBA3D10832A,SAME_FAVOURITE,False,False,SAME_FAVOURITE
EIQ_RACE_062E4974B976DC1C,EIQ_HORSE_A9AF621B69D6918B,2025,0.06414884063408266,EIQ_HORSE_4726E805A81B8CFC,EIQ_HORSE_4726E805A81B8CFC,SAME_FAVOURITE,False,False,SAME_FAVOURITE
EIQ_RACE_06316DADFFAD5B45,EIQ_HORSE_C106BF4AFF15FE38,2024,-0.03268444696244077,EIQ_HORSE_75EFF5EC4B56521C,EIQ_HORSE_75EFF5EC4B56521C,SAME_FAVOURITE,False,False,SAME_FAVOURITE
EIQ_RACE_0635945FC8307339,EIQ_HORSE_DFE3A43F75DCED86,2025,-0.10925186265966791,EIQ_HORSE_37E638839BB2420C,EIQ_HORSE_37E638839BB2420C,SAME_FAVOURITE,False,False,SAME_FAVOURITE
EIQ_RACE_063BF1A85EAFDD6E,EIQ_HORSE_F78618AAADDA9B15,2024,-0.023768558470040668,EIQ_HORSE_EB31B677EA02438E,EIQ_HORSE_EB31B677EA02438E,SAME_FAVOURITE,False,False,SAME_FAVOURITE
EIQ_RACE_06429911C75BF01B,EIQ_HORSE_6BBD483A60506841,2024,0.10810416785966659,EIQ_HORSE_2DD95151AAD64BF5,EIQ_HORSE_2DD95151AAD64BF5,SAME_FAVOURITE,False,False,SAME_FAVOURITE
EIQ_RACE_06450EB58E929F35,EIQ_HORSE_729C756884A86AF6,2025,0.05398062754696431,EIQ_HORSE_EEF7215037013464,EIQ_HORSE_EEF7215037013464,SAME_FAVOURITE,False,False,SAME_FAVOURITE
EIQ_RACE_064F3D7EC73F320D,EIQ_HORSE_7143CC5A2B9610E4,2023,-0.010134729009839027,EIQ_HORSE_6D0D9B9CD28CD8AD,EIQ_HORSE_6D0D9B9CD28CD8AD,SAME_FAVOURITE,False,False,SAME_FAVOURITE
EIQ_RACE_0678918E9DEC2B3D,EIQ_HORSE_D8C1809A1EE1F8FA,2022,0.05281016018723883,EIQ_HORSE_B8F1C81019C48B97,EIQ_HORSE_B8F1C81019C48B97,SAME_FAVOURITE,False,False,SAME_FAVOURITE
EIQ_RACE_0682D08B197ED5FA,EIQ_HORSE_8D300F8FA722BF5D,2026,0.05052537328509921,EIQ_HORSE_DE2BDCD4C279D942,EIQ_HORSE_DE2BDCD4C279D942,SAME_FAVOURITE,False,False,SAME_FAVOURITE
EIQ_RACE_0686601E85F7A0E4,EIQ_HORSE_AC8BEB8E9AEA0544,2024,-0.03773084571198937,EIQ_HORSE_F770CD68F5F7A198,EIQ_HORSE_F770CD68F5F7A198,SAME_FAVOURITE,False,False,SAME_FAVOURITE
EIQ_RACE_06ABD7CAD2705208,EIQ_HORSE_09954D609256E92F,2026,-0.05788637846008027,EIQ_HORSE_50FD7F74031680C6,EIQ_HORSE_24072DF848D120C4,CHALLENGER_CHANGED_FAVOURITE,False,False,BOTH_WRONG
EIQ_RACE_06CED728E829169B,EIQ_HORSE_4122E8CC5111E602,2021,0.09531346339450852,EIQ_HORSE_F7D9DB25042B9FAE,EIQ_HORSE_F7D9DB25042B9FAE,SAME_FAVOURITE,False,False,SAME_FAVOURITE
EIQ_RACE_06CFA3D04714A629,EIQ_HORSE_F77DE2C71AF37741,2021,-0.05694074256721127,EIQ_HORSE_F77DE2C71AF37741,EIQ_HORSE_F77DE2C71AF37741,SAME_FAVOURITE,True,True,SAME_FAVOURITE
EIQ_RACE_06EB7D6593ED37ED,EIQ_HORSE_BFA897246305DC08,2024,0.06198216281578728,EIQ_HORSE_BFA897246305DC08,EIQ_HORSE_BFA897246305DC08,SAME_FAVOURITE,True,True,SAME_FAVOURITE
EIQ_RACE_06F216AE4CF0A818,EIQ_HORSE_3B86703A1DEC9317,2021,0.05128099667370911,EIQ_HORSE_60B08D8C886A664D,EIQ_HORSE_60B08D8C886A664D,SAME_FAVOURITE,False,False,SAME_FAVOURITE
EIQ_RACE_06F3EB098AF6A861,EIQ_HORSE_F4B364C36CC9C08D,2026,0.11023064182450715,EIQ_HORSE_4D3B8AF42E50E83B,EIQ_HORSE_4D3B8AF42E50E83B,SAME_FAVOURITE,False,False,SAME_FAVOURITE
EIQ_RACE_070077AE1DCBD2D8,EIQ_HORSE_769201492DFE36FF,2025,0.12956512156050337,EIQ_HORSE_11284B12326477FB,EIQ_HORSE_11284B12326477FB,SAME_FAVOURITE,False,False,SAME_FAVOURITE
EIQ_RACE_070144A5C316E48E,EIQ_HORSE_F75DF32DC8EACB3A,2024,0.07454846446825125,EIQ_HORSE_F580998B5EDB6D98,EIQ_HORSE_F580998B5EDB6D98,SAME_FAVOURITE,False,False,SAME_FAVOURITE
EIQ_RACE_0706D11BACF57B0C,EIQ_HORSE_CE8458550786081D,2023,-0.0376259672882443,EIQ_HORSE_19C606D6A9F97A06,EIQ_HORSE_19C606D6A9F97A06,SAME_FAVOURITE,False,False,SAME_FAVOURITE
EIQ_RACE_071922A28078FE70,EIQ_HORSE_CEC0457D94BAF797,2025,0.0368119330860881,EIQ_HORSE_BB35B1224C6AB642,EIQ_HORSE_563976C6114E2DC2,CHALLENGER_CHANGED_FAVOURITE,False,False,BOTH_WRONG
EIQ_RACE_072ED544135446BC,EIQ_HORSE_D3BE9228BDA8BA1F,2025,0.06300978889491371,EIQ_HORSE_D3BE9228BDA8BA1F,EIQ_HORSE_D3BE9228BDA8BA1F,SAME_FAVOURITE,True,True,SAME_FAVOURITE
EIQ_RACE_07384EF396C23BD7,EIQ_HORSE_58305580275F0EDA,2025,0.002500638596922844,EIQ_HORSE_9BE4B1BE55B447E2,EIQ_HORSE_9BE4B1BE55B447E2,SAME_FAVOURITE,False,False,SAME_FAVOURITE
EIQ_RACE_07391DD0B098880A,EIQ_HORSE_E77179C173726700,2022,0.07438795334364334,EIQ_HORSE_6483BBBB0EC52AFF,EIQ_HORSE_EB49DC2CCBDC6DF7,CHALLENGER_CHANGED_FAVOURITE,False,False,BOTH_WRONG
EIQ_RACE_073A5222DB6C95DA,EIQ_HORSE_922DAFF96694B11E,2024,-0.0018215994479646724,EIQ_HORSE_0C26367784FBB2D9,EIQ_HORSE_0C26367784FBB2D9,SAME_FAVOURITE,False,False,SAME_FAVOURITE
EIQ_RACE_073F73225C99461B,EIQ_HORSE_B5764B7A3F794080,2023,0.033673719560672444,EIQ_HORSE_318650EB3343B2A8,EIQ_HORSE_518BD43E4DF78F0D,CHALLENGER_CHANGED_FAVOURITE,False,False,BOTH_WRONG
EIQ_RACE_0751E52E2121A31A,EIQ_HORSE_1ABFAC489B55B5DB,2025,0.09878074440903029,EIQ_HORSE_0BDC5C83A9A8168F,EIQ_HORSE_0BDC5C83A9A8168F,SAME_FAVOURITE,False,False,SAME_FAVOURITE
EIQ_RACE_07584E263C3A8C50,EIQ_HORSE_35E011A93E8897DF,2021,0.16520349811241752,EIQ_HORSE_35E011A93E8897DF,EIQ_HORSE_35E011A93E8897DF,SAME_FAVOURITE,True,True,SAME_FAVOURITE
EIQ_RACE_077226077FD6A295,EIQ_HORSE_323FDD0760DDC515,2024,-0.011688606375042543,EIQ_HORSE_323FDD0760DDC515,EIQ_HORSE_323FDD0760DDC515,SAME_FAVOURITE,True,True,SAME_FAVOURITE
EIQ_RACE_0786D345468DF75E,EIQ_HORSE_AC3AC722A66D3BAF,2026,-0.07246318884815306,EIQ_HORSE_41CC00BD15448A92,EIQ_HORSE_41CC00BD15448A92,SAME_FAVOURITE,False,False,SAME_FAVOURITE
EIQ_RACE_0786EF0C83C0D83F,EIQ_HORSE_A250EC244E5A7A1B,2023,-0.011328597783685446,EIQ_HORSE_95BBE3458D4B2C54,EIQ_HORSE_95BBE3458D4B2C54,SAME_FAVOURITE,False,False,SAME_FAVOURITE
EIQ_RACE_078E53A3BBA0F439,EIQ_HORSE_CCED92C53E3DBF17,2023,0.10576391282068531,EIQ_HORSE_EED76700775A46E3,EIQ_HORSE_EED76700775A46E3,SAME_FAVOURITE,False,False,SAME_FAVOURITE
EIQ_RACE_079568919195A748,EIQ_HORSE_79CE53367C4A21F7,2026,0.2057357604726624,EIQ_HORSE_3901C0BAD1CBC287,EIQ_HORSE_DB21683D81C2D94F,CHALLENGER_CHANGED_FAVOURITE,False,False,BOTH_WRONG
EIQ_RACE_079CB73BEC4B2C4E,EIQ_HORSE_0F48A9BCFA23F426,2021,0.1392949837726558,EIQ_HORSE_5DFB2E2023699C32,EIQ_HORSE_5DFB2E2023699C32,SAME_FAVOURITE,False,False,SAME_FAVOURITE
EIQ_RACE_079F5E7F2106DC34,EIQ_HORSE_0234C52C5B3D2E4E,2023,0.31978123098128464,EIQ_HORSE_65E16BD7EC64A448,EIQ_HORSE_65E16BD7EC64A448,SAME_FAVOURITE,False,False,SAME_FAVOURITE
EIQ_RACE_07A45C0822CB1A9A,EIQ_HORSE_59EB5782461A63FD,2021,0.03277370198715546,EIQ_HORSE_D1731036CEA51A47,EIQ_HORSE_D1731036CEA51A47,SAME_FAVOURITE,False,False,SAME_FAVOURITE
EIQ_RACE_07A4EE2338E08068,EIQ_HORSE_3BEDD94BDBD92817,2025,0.02307872239098674,EIQ_HORSE_3BEDD94BDBD92817,EIQ_HORSE_3BEDD94BDBD92817,SAME_FAVOURITE,True,True,SAME_FAVOURITE
EIQ_RACE_07AD614CDDB99B14,EIQ_HORSE_0926F2DF710DD388,2024,-0.02924199432988006,EIQ_HORSE_5220C7D251B9512E,EIQ_HORSE_5220C7D251B9512E,SAME_FAVOURITE,False,False,SAME_FAVOURITE
EIQ_RACE_07AF0F8725ABB4D4,EIQ_HORSE_CB97DE602A8F2310,2025,0.11540103262605861,EIQ_HORSE_D32B9CA1FAD386A2,EIQ_HORSE_CB97DE602A8F2310,CHALLENGER_CHANGED_FAVOURITE,False,True,STRICT_WRONG_DROP_CORRECT
EIQ_RACE_07B5EAE41F6940BD,EIQ_HORSE_3D11D6BCE76B5D07,2026,0.1361078177334598,EIQ_HORSE_F8E176EA1FFD0632,EIQ_HORSE_F8E176EA1FFD0632,SAME_FAVOURITE,False,False,SAME_FAVOURITE
EIQ_RACE_07BA8FF56773B2B7,EIQ_HORSE_7F2CFD941F4CCEC5,2024,-0.00557506691779186,EIQ_HORSE_7F2CFD941F4CCEC5,EIQ_HORSE_7F2CFD941F4CCEC5,SAME_FAVOURITE,True,True,SAME_FAVOURITE
EIQ_RACE_07D4B7ABD54F9B35,EIQ_HORSE_4BC48ECFBE673035,2025,-0.15852096803130022,EIQ_HORSE_473781FF941B894B,EIQ_HORSE_473781FF941B894B,SAME_FAVOURITE,False,False,SAME_FAVOURITE
EIQ_RACE_07D517C95E95CFC8,EIQ_HORSE_2CFC9767A515492B,2023,-0.01666554866714054,EIQ_HORSE_2CFC9767A515492B,EIQ_HORSE_2CFC9767A515492B,SAME_FAVOURITE,True,True,SAME_FAVOURITE
EIQ_RACE_07E0BC24B18759C5,EIQ_HORSE_F8FAC3F7C3E91944,2025,0.013970416000792074,EIQ_HORSE_55108622AF3A10EA,EIQ_HORSE_55108622AF3A10EA,SAME_FAVOURITE,False,False,SAME_FAVOURITE
EIQ_RACE_07EA76F33797E372,EIQ_HORSE_7E83CB983673B1A4,2025,0.052817952391324585,EIQ_HORSE_7E83CB983673B1A4,EIQ_HORSE_7E83CB983673B1A4,SAME_FAVOURITE,True,True,SAME_FAVOURITE
EIQ_RACE_080ACBB2BFC2878C,EIQ_HORSE_57F25AC1ED0E7942,2024,-0.04727423031999911,EIQ_HORSE_198EBB45FC27E3C6,EIQ_HORSE_198EBB45FC27E3C6,SAME_FAVOURITE,False,False,SAME_FAVOURITE
EIQ_RACE_081C0CE03BC225D0,EIQ_HORSE_C8FB108DCA591235,2024,0.04443203700938603,EIQ_HORSE_C8FB108DCA591235,EIQ_HORSE_C8FB108DCA591235,SAME_FAVOURITE,True,True,SAME_FAVOURITE
EIQ_RACE_081E2A6C9777F7F6,EIQ_HORSE_51CD162BCC50EDBC,2022,0.10792022819001734,EIQ_HORSE_FEBEE09C96641005,EIQ_HORSE_FEBEE09C96641005,SAME_FAVOURITE,False,False,SAME_FAVOURITE
EIQ_RACE_08682245C409CFEC,EIQ_HORSE_6B40EE5019292248,2024,-0.019749772788384412,EIQ_HORSE_9838BD3789935A9B,EIQ_HORSE_9838BD3789935A9B,SAME_FAVOURITE,False,False,SAME_FAVOURITE
EIQ_RACE_0874D19F68AF2529,EIQ_HORSE_53E7059B4F8186B2,2021,0.05845124416094283,EIQ_HORSE_DF0B226EA9560FD8,EIQ_HORSE_471E39A1D319732B,CHALLENGER_CHANGED_FAVOURITE,False,False,BOTH_WRONG
EIQ_RACE_0879CDA7DC37C181,EIQ_HORSE_EBFAF079FC5AF3FB,2021,0.280281298035419,EIQ_HORSE_5C4BBB5CC6AD7D38,EIQ_HORSE_5C4BBB5CC6AD7D38,SAME_FAVOURITE,False,False,SAME_FAVOURITE
EIQ_RACE_087C9158FA7C64BE,EIQ_HORSE_B2E9BA9702210E08,2021,0.01549892103937367,EIQ_HORSE_AFCEA1824FEBEE28,EIQ_HORSE_AFCEA1824FEBEE28,SAME_FAVOURITE,False,False,SAME_FAVOURITE
EIQ_RACE_087E59EAE0934885,EIQ_HORSE_E525D3C1E13DF52C,2024,0.11586249362166745,EIQ_HORSE_E525D3C1E13DF52C,EIQ_HORSE_E525D3C1E13DF52C,SAME_FAVOURITE,True,True,SAME_FAVOURITE
EIQ_RACE_087F338E0406AC88,EIQ_HORSE_9E5345A4C221A027,2021,0.09553856719984966,EIQ_HORSE_66965C6FE9143293,EIQ_HORSE_D42F7B22F910AA5A,CHALLENGER_CHANGED_FAVOURITE,False,False,BOTH_WRONG
EIQ_RACE_088132B98794B2F1,EIQ_HORSE_BB658E18E2518FD9,2026,0.0497898987677281,EIQ_HORSE_BB658E18E2518FD9,EIQ_HORSE_BB658E18E2518FD9,SAME_FAVOURITE,True,True,SAME_FAVOURITE
EIQ_RACE_0895DF743B52A8E9,EIQ_HORSE_FDF6FCFC25837357,2025,-0.01926480292955568,EIQ_HORSE_FDF6FCFC25837357,EIQ_HORSE_FDF6FCFC25837357,SAME_FAVOURITE,True,True,SAME_FAVOURITE
EIQ_RACE_08A8DDFCE2734981,EIQ_HORSE_9AA20339291E59C3,2024,-0.04833714823592761,EIQ_HORSE_873376C449276580,EIQ_HORSE_873376C449276580,SAME_FAVOURITE,False,False,SAME_FAVOURITE
EIQ_RACE_08ACA1E649047368,EIQ_HORSE_619629895ECB5253,2023,0.11521222961245803,EIQ_HORSE_CC712376008CF2A5,EIQ_HORSE_CC712376008CF2A5,SAME_FAVOURITE,False,False,SAME_FAVOURITE
EIQ_RACE_08B16A19574D3C07,EIQ_HORSE_6C69E8C270F70B20,2021,-0.17600350203093829,EIQ_HORSE_6C69E8C270F70B20,EIQ_HORSE_6C69E8C270F70B20,SAME_FAVOURITE,True,True,SAME_FAVOURITE
EIQ_RACE_08B93B75AB8C99D5,EIQ_HORSE_DA68E6C33440299B,2023,-0.16440536646774984,EIQ_HORSE_623C138A24D38872,EIQ_HORSE_623C138A24D38872,SAME_FAVOURITE,False,False,SAME_FAVOURITE
EIQ_RACE_08BF1D0627085132,EIQ_HORSE_81629D72FF589B84,2024,0.09147689316169316,EIQ_HORSE_81629D72FF589B84,EIQ_HORSE_81629D72FF589B84,SAME_FAVOURITE,True,True,SAME_FAVOURITE
EIQ_RACE_08C144F77C043827,EIQ_HORSE_87091D89BEFC4E0C,2024,-0.021191832818194367,EIQ_HORSE_3D155FBE95B0B303,EIQ_HORSE_FE8379331EA15E02,CHALLENGER_CHANGED_FAVOURITE,False,False,BOTH_WRONG
EIQ_RACE_08CAD9FAD47E5349,EIQ_HORSE_5AC439E4D24FF430,2021,-0.09640628106732474,EIQ_HORSE_685BA86E145F41EF,EIQ_HORSE_5D2C65EE14CF346D,CHALLENGER_CHANGED_FAVOURITE,False,False,BOTH_WRONG
EIQ_RACE_08F0124EA8B6674F,EIQ_HORSE_894B72C756D336EC,2025,0.1654209563404785,EIQ_HORSE_7A88BB95A8121797,EIQ_HORSE_894B72C756D336EC,CHALLENGER_CHANGED_FAVOURITE,False,True,STRICT_WRONG_DROP_CORRECT
EIQ_RACE_09139A7080EB9C95,EIQ_HORSE_1E5B898ECF851083,2024,0.03656560424367039,EIQ_HORSE_1E5B898ECF851083,EIQ_HORSE_1E5B898ECF851083,SAME_FAVOURITE,True,True,SAME_FAVOURITE
EIQ_RACE_093A54E94B6ED50A,EIQ_HORSE_0A64BD817FC5E3D9,2026,0.013734442141713377,EIQ_HORSE_0A64BD817FC5E3D9,EIQ_HORSE_64E9EC079B2A8191,CHALLENGER_CHANGED_FAVOURITE,True,False,STRICT_CORRECT_DROP_WRONG
EIQ_RACE_09417B8CBBFA80D0,EIQ_HORSE_BFB5C87AD30F3FDC,2023,0.05826044394704777,EIQ_HORSE_BFB5C87AD30F3FDC,EIQ_HORSE_BFB5C87AD30F3FDC,SAME_FAVOURITE,True,True,SAME_FAVOURITE
EIQ_RACE_0944B90D75E47757,EIQ_HORSE_379E1CB6BE3A9CD0,2023,-0.08535657726748247,EIQ_HORSE_379E1CB6BE3A9CD0,EIQ_HORSE_379E1CB6BE3A9CD0,SAME_FAVOURITE,True,True,SAME_FAVOURITE
EIQ_RACE_09462B9A0F7432F8,EIQ_HORSE_D34ED345245FEE02,2023,-0.11172584894858062,EIQ_HORSE_64F7C9790E2D81D1,EIQ_HORSE_64F7C9790E2D81D1,SAME_FAVOURITE,False,False,SAME_FAVOURITE
EIQ_RACE_095373CA10DE63C5,EIQ_HORSE_84FFBA1D9B2F4B6B,2021,-0.1378998021688833,EIQ_HORSE_84FFBA1D9B2F4B6B,EIQ_HORSE_84FFBA1D9B2F4B6B,SAME_FAVOURITE,True,True,SAME_FAVOURITE
EIQ_RACE_0953A39B235304E8,EIQ_HORSE_F8C45E17A087793E,2025,0.06050382665629361,EIQ_HORSE_1C3836CB1A33FE83,EIQ_HORSE_1C3836CB1A33FE83,SAME_FAVOURITE,False,False,SAME_FAVOURITE
EIQ_RACE_0961AF03BC4BB204,EIQ_HORSE_5C05E1DF644D787B,2026,-0.034501160845642254,EIQ_HORSE_6503B68B68AAF939,EIQ_HORSE_C318648471B7516E,CHALLENGER_CHANGED_FAVOURITE,False,False,BOTH_WRONG
EIQ_RACE_099DE1D0BACEEE87,EIQ_HORSE_53FEF904736CA188,2023,-0.11739404842479528,EIQ_HORSE_287429B1864B187F,EIQ_HORSE_412CDF77C48E6245,CHALLENGER_CHANGED_FAVOURITE,False,False,BOTH_WRONG
EIQ_RACE_09A0764DF98AC359,EIQ_HORSE_D2D735D1253E8E24,2023,0.002525292440935356,EIQ_HORSE_6A74B3832B67A903,EIQ_HORSE_6A74B3832B67A903,SAME_FAVOURITE,False,False,SAME_FAVOURITE
EIQ_RACE_09A40FA44365A1A1,EIQ_HORSE_88A552FC2C90303F,2023,0.12600600811575968,EIQ_HORSE_BA0D4C88C85A2366,EIQ_HORSE_88A552FC2C90303F,CHALLENGER_CHANGED_FAVOURITE,False,True,STRICT_WRONG_DROP_CORRECT
EIQ_RACE_09C147D97FD39D95,EIQ_HORSE_ED01EAF6E96911B0,2021,-0.02979775349867131,EIQ_HORSE_397938A57697916F,EIQ_HORSE_397938A57697916F,SAME_FAVOURITE,False,False,SAME_FAVOURITE
EIQ_RACE_09CB24ECCF3C22DA,EIQ_HORSE_07BDDA8E042D9174,2026,-0.10539604377152656,EIQ_HORSE_07BDDA8E042D9174,EIQ_HORSE_07BDDA8E042D9174,SAME_FAVOURITE,True,True,SAME_FAVOURITE
EIQ_RACE_09D18F4C70DC2E88,EIQ_HORSE_D74C8CC0C9AF79F1,2024,-0.06933731836766,EIQ_HORSE_D74C8CC0C9AF79F1,EIQ_HORSE_203A4132F3B94AE9,CHALLENGER_CHANGED_FAVOURITE,True,False,STRICT_CORRECT_DROP_WRONG
EIQ_RACE_09D5F3FDF97CADAB,EIQ_HORSE_788AF148BD874D0F,2023,0.13528792536892387,EIQ_HORSE_788AF148BD874D0F,EIQ_HORSE_788AF148BD874D0F,SAME_FAVOURITE,True,True,SAME_FAVOURITE
EIQ_RACE_09DF04E2993EAE65,EIQ_HORSE_F78618AAADDA9B15,2024,-0.001883824677696877,EIQ_HORSE_F78618AAADDA9B15,EIQ_HORSE_F78618AAADDA9B15,SAME_FAVOURITE,True,True,SAME_FAVOURITE
EIQ_RACE_09F1E2A672F996E4,EIQ_HORSE_FF85A3ED2BA671C1,2023,0.1836172632398716,EIQ_HORSE_3913F4D45F4BF75D,EIQ_HORSE_3913F4D45F4BF75D,SAME_FAVOURITE,False,False,SAME_FAVOURITE
EIQ_RACE_09F4A589F2981ADE,EIQ_HORSE_B14492BAED06CF7C,2024,0.024605210468146455,EIQ_HORSE_B14492BAED06CF7C,EIQ_HORSE_B14492BAED06CF7C,SAME_FAVOURITE,True,True,SAME_FAVOURITE
EIQ_RACE_09FA4EF2993C6070,EIQ_HORSE_53C84D95F5112DED,2023,-0.06008397606552984,EIQ_HORSE_19CB7A66B7F20FA7,EIQ_HORSE_19CB7A66B7F20FA7,SAME_FAVOURITE,False,False,SAME_FAVOURITE
EIQ_RACE_09FDF6DCAE63F64B,EIQ_HORSE_D36314235C3D6583,2023,-0.09746638993592738,EIQ_HORSE_9F8FF0AB2E1CE82B,EIQ_HORSE_9F8FF0AB2E1CE82B,SAME_FAVOURITE,False,False,SAME_FAVOURITE
EIQ_RACE_09FE568F70FC97B7,EIQ_HORSE_8450368F1CA997D9,2024,0.04546345791625761,EIQ_HORSE_136157D082389DF3,EIQ_HORSE_136157D082389DF3,SAME_FAVOURITE,False,False,SAME_FAVOURITE
EIQ_RACE_0A056B32496C070E,EIQ_HORSE_E8CC556AD55DF5A1,2023,0.35580296498248076,EIQ_HORSE_D182F4ECF5F53985,EIQ_HORSE_D182F4ECF5F53985,SAME_FAVOURITE,False,False,SAME_FAVOURITE
EIQ_RACE_0A0B88F88D7FA00E,EIQ_HORSE_136C5C421EE09EB7,2025,-0.011432787037074066,EIQ_HORSE_DC1149FAB293C10D,EIQ_HORSE_DC1149FAB293C10D,SAME_FAVOURITE,False,False,SAME_FAVOURITE
EIQ_RACE_0A24CCC91CB74395,EIQ_HORSE_F19A78DEE07E311E,2022,0.275047663200807,EIQ_HORSE_FEBEE09C96641005,EIQ_HORSE_FEBEE09C96641005,SAME_FAVOURITE,False,False,SAME_FAVOURITE
EIQ_RACE_0A2B32661258B2A3,EIQ_HORSE_6A96F60996D41BDB,2022,0.13693963989685032,EIQ_HORSE_39F1B180B4FEE5B4,EIQ_HORSE_39F1B180B4FEE5B4,SAME_FAVOURITE,False,False,SAME_FAVOURITE
EIQ_RACE_0A3AE7BEE2DC40C2,EIQ_HORSE_C0DE716488247008,2024,-0.17347677649384163,EIQ_HORSE_CCC222A599D970D7,EIQ_HORSE_CCC222A599D970D7,SAME_FAVOURITE,False,False,SAME_FAVOURITE
EIQ_RACE_0A4EE7395BD427DA,EIQ_HORSE_F2116B214B6A7A37,2021,0.16706430064220634,EIQ_HORSE_074C91D79B4FF178,EIQ_HORSE_074C91D79B4FF178,SAME_FAVOURITE,False,False,SAME_FAVOURITE
EIQ_RACE_0A641BB2E115FEC1,EIQ_HORSE_67F55F6B3031492A,2025,0.027727878315214616,EIQ_HORSE_67F55F6B3031492A,EIQ_HORSE_67F55F6B3031492A,SAME_FAVOURITE,True,True,SAME_FAVOURITE
EIQ_RACE_0A6B3804F18B60F2,EIQ_HORSE_5C05E1DF644D787B,2025,-0.06466526663542305,EIQ_HORSE_33428E450F95C2C1,EIQ_HORSE_33428E450F95C2C1,SAME_FAVOURITE,False,False,SAME_FAVOURITE
EIQ_RACE_0A73654FD6E5FBB1,EIQ_HORSE_A3B332C0A4822A13,2023,-0.035346150255149755,EIQ_HORSE_A3B332C0A4822A13,EIQ_HORSE_A3B332C0A4822A13,SAME_FAVOURITE,True,True,SAME_FAVOURITE
EIQ_RACE_0A7FFBAE6089F1EB,EIQ_HORSE_D9161E82717A2444,2022,0.05209739323203433,EIQ_HORSE_D9161E82717A2444,EIQ_HORSE_D9161E82717A2444,SAME_FAVOURITE,True,True,SAME_FAVOURITE
EIQ_RACE_0A8103C44C5042B4,EIQ_HORSE_C028785D1C3EDC43,2024,0.05945635216689227,EIQ_HORSE_C028785D1C3EDC43,EIQ_HORSE_C028785D1C3EDC43,SAME_FAVOURITE,True,True,SAME_FAVOURITE
EIQ_RACE_0A84D698E44A29F2,EIQ_HORSE_84B901BC712ECEC2,2025,0.09091799747101881,EIQ_HORSE_B60BFE709207B527,EIQ_HORSE_8B4FC5F2E1A1C3D1,CHALLENGER_CHANGED_FAVOURITE,False,False,BOTH_WRONG
EIQ_RACE_0A8EBF30B9FC801E,EIQ_HORSE_9008AC3D8A8685F3,2024,0.09963598005463714,EIQ_HORSE_8B79BD9D37DB6852,EIQ_HORSE_CAA3274E5212F2BA,CHALLENGER_CHANGED_FAVOURITE,False,False,BOTH_WRONG
EIQ_RACE_0A9A0A6B1F768EB9,EIQ_HORSE_79821E42BCB35B0A,2024,-0.19405418865733304,EIQ_HORSE_D924AB8917367493,EIQ_HORSE_D924AB8917367493,SAME_FAVOURITE,False,False,SAME_FAVOURITE
EIQ_RACE_0AA8564456EE8740,EIQ_HORSE_1A0BA7C9B1831415,2023,0.09121593475416123,EIQ_HORSE_9AC30B605CE14956,EIQ_HORSE_9AC30B605CE14956,SAME_FAVOURITE,False,False,SAME_FAVOURITE
EIQ_RACE_0AB148131C8F77C5,EIQ_HORSE_E7157187C6808B11,2023,-0.0663466440041196,EIQ_HORSE_7B6611BB718AC726,EIQ_HORSE_7B6611BB718AC726,SAME_FAVOURITE,False,False,SAME_FAVOURITE
EIQ_RACE_0AB4374BFAF85B5C,EIQ_HORSE_524E35E9E509F019,2024,-0.27330548526550547,EIQ_HORSE_B1133C207576F63F,EIQ_HORSE_B1133C207576F63F,SAME_FAVOURITE,False,False,SAME_FAVOURITE
EIQ_RACE_0ABEE1B7D1BB8083,EIQ_HORSE_78A5A8C6309F5034,2023,-0.1963984689555176,EIQ_HORSE_78A5A8C6309F5034,EIQ_HORSE_DDADA9649A09FFED,CHALLENGER_CHANGED_FAVOURITE,True,False,STRICT_CORRECT_DROP_WRONG
EIQ_RACE_0AD2FBC2FEDB0142,EIQ_HORSE_97FA50D7A6FF96EE,2024,0.07883141692593965,EIQ_HORSE_FE1A9040D4980146,EIQ_HORSE_97FA50D7A6FF96EE,CHALLENGER_CHANGED_FAVOURITE,False,True,STRICT_WRONG_DROP_CORRECT
EIQ_RACE_0ADB9C1BA762513D,EIQ_HORSE_76A13374A3369F4B,2023,0.11601859775324153,EIQ_HORSE_2F037CC2D18770B2,EIQ_HORSE_2F037CC2D18770B2,SAME_FAVOURITE,False,False,SAME_FAVOURITE
EIQ_RACE_0AF8606E121D6857,EIQ_HORSE_903E46852362AE92,2025,-0.12302068791177989,EIQ_HORSE_903E46852362AE92,EIQ_HORSE_2FBDC364AA92ACBC,CHALLENGER_CHANGED_FAVOURITE,True,False,STRICT_CORRECT_DROP_WRONG
EIQ_RACE_0AFE4774962490AA,EIQ_HORSE_ADE36AD1F6D1543E,2026,0.0586334636153647,EIQ_HORSE_EA85B0256E3D1C74,EIQ_HORSE_EA85B0256E3D1C74,SAME_FAVOURITE,False,False,SAME_FAVOURITE
EIQ_RACE_0B135881EDB838AC,EIQ_HORSE_9B5B698EA2FFF2CA,2023,-0.13794077782748682,EIQ_HORSE_A467681A497D6F02,EIQ_HORSE_A467681A497D6F02,SAME_FAVOURITE,False,False,SAME_FAVOURITE
EIQ_RACE_0B1E03BA94230ED9,EIQ_HORSE_622699B21D7E4B2B,2023,0.13016058932188024,EIQ_HORSE_BE6AE7B1AAB37294,EIQ_HORSE_BE6AE7B1AAB37294,SAME_FAVOURITE,False,False,SAME_FAVOURITE
EIQ_RACE_0B2F1F71DBD7D84F,EIQ_HORSE_0E11D5417C7BA53F,2022,0.002008296644873897,EIQ_HORSE_0E11D5417C7BA53F,EIQ_HORSE_0E11D5417C7BA53F,SAME_FAVOURITE,True,True,SAME_FAVOURITE
EIQ_RACE_0B52A831B348C05A,EIQ_HORSE_800817590EE4EA45,2023,0.013966654694095748,EIQ_HORSE_149A152DE4E856C9,EIQ_HORSE_2E080C47691C3AC1,CHALLENGER_CHANGED_FAVOURITE,False,False,BOTH_WRONG
EIQ_RACE_0B5474674EC81159,EIQ_HORSE_4F6CA061315D9B4E,2024,0.05243358967064404,EIQ_HORSE_F9716F7E71B57299,EIQ_HORSE_F9716F7E71B57299,SAME_FAVOURITE,False,False,SAME_FAVOURITE
EIQ_RACE_0B55E1E6F1C6B9FF,EIQ_HORSE_99A2A8B738F0ECEF,2023,-0.0550093208548863,EIQ_HORSE_99A2A8B738F0ECEF,EIQ_HORSE_99A2A8B738F0ECEF,SAME_FAVOURITE,True,True,SAME_FAVOURITE
EIQ_RACE_0B68F3578F4D6D5B,EIQ_HORSE_AFCF1BB7E588A158,2021,0.027225321364053645,EIQ_HORSE_AFCF1BB7E588A158,EIQ_HORSE_AFCF1BB7E588A158,SAME_FAVOURITE,True,True,SAME_FAVOURITE
EIQ_RACE_0B6B53857F68AB50,EIQ_HORSE_BCE85472AE82A14B,2021,-0.085295428618821,EIQ_HORSE_BCE85472AE82A14B,EIQ_HORSE_BCE85472AE82A14B,SAME_FAVOURITE,True,True,SAME_FAVOURITE
EIQ_RACE_0B6F377FC1E89C5B,EIQ_HORSE_4B3DB1E2C5BA06DB,2023,0.29786511497933654,EIQ_HORSE_6A9D3C505EDEE3BD,EIQ_HORSE_6A9D3C505EDEE3BD,SAME_FAVOURITE,False,False,SAME_FAVOURITE
EIQ_RACE_0B7DCC13585132E6,EIQ_HORSE_DE92E52ECE63782D,2025,-0.01461155821336968,EIQ_HORSE_096099FD84A3EB5B,EIQ_HORSE_096099FD84A3EB5B,SAME_FAVOURITE,False,False,SAME_FAVOURITE
EIQ_RACE_0B9A4A16C6D8956C,EIQ_HORSE_BB43CDA9EBC6F661,2026,0.006979461021798361,EIQ_HORSE_49D8204BC6C45804,EIQ_HORSE_49D8204BC6C45804,SAME_FAVOURITE,False,False,SAME_FAVOURITE
EIQ_RACE_0B9D0CD366FE75F2,EIQ_HORSE_C6062EA9B3A1B792,2025,-0.19135663930127444,EIQ_HORSE_5AFBE008457665E5,EIQ_HORSE_5AFBE008457665E5,SAME_FAVOURITE,False,False,SAME_FAVOURITE
EIQ_RACE_0BB6F3594A31BBAD,EIQ_HORSE_E1E1B9A621B38021,2022,0.034482378745798625,EIQ_HORSE_E1E1B9A621B38021,EIQ_HORSE_E1E1B9A621B38021,SAME_FAVOURITE,True,True,SAME_FAVOURITE
EIQ_RACE_0BCFE9F0717818CC,EIQ_HORSE_822F0AF67A1F765A,2025,0.211049621160337,EIQ_HORSE_9160F074DC6929E7,EIQ_HORSE_9160F074DC6929E7,SAME_FAVOURITE,False,False,SAME_FAVOURITE
EIQ_RACE_0BDFEE9BB77643D5,EIQ_HORSE_70C8B741994EAFD5,2024,0.15431408708214134,EIQ_HORSE_EB99F69E0C2CF8DB,EIQ_HORSE_EB99F69E0C2CF8DB,SAME_FAVOURITE,False,False,SAME_FAVOURITE
EIQ_RACE_0C06AE86E85D2338,EIQ_HORSE_F26D07CBB54E477A,2024,0.06153089127995859,EIQ_HORSE_F3CDA0737F65AE01,EIQ_HORSE_F3CDA0737F65AE01,SAME_FAVOURITE,False,False,SAME_FAVOURITE
EIQ_RACE_0C1250DB0CB7612E,EIQ_HORSE_501A5D0DA85F54E6,2023,0.15974834369414648,EIQ_HORSE_256E87D4922ACB66,EIQ_HORSE_256E87D4922ACB66,SAME_FAVOURITE,False,False,SAME_FAVOURITE
EIQ_RACE_0C12681E82F0DF27,EIQ_HORSE_8163FFE4204DE4FF,2022,-0.043727709164539164,EIQ_HORSE_8163FFE4204DE4FF,EIQ_HORSE_8163FFE4204DE4FF,SAME_FAVOURITE,True,True,SAME_FAVOURITE
EIQ_RACE_0C662E0F7AAC1FDD,EIQ_HORSE_9BDE970AD4996336,2024,0.05223593406119642,EIQ_HORSE_FA71F9367F861EC6,EIQ_HORSE_892BE0FEEC6CAF71,CHALLENGER_CHANGED_FAVOURITE,False,False,BOTH_WRONG
EIQ_RACE_0C6A1ADE160CDBB4,EIQ_HORSE_FDFA7AE535BC3987,2024,0.010184720480678422,EIQ_HORSE_FDFA7AE535BC3987,EIQ_HORSE_FDFA7AE535BC3987,SAME_FAVOURITE,True,True,SAME_FAVOURITE
EIQ_RACE_0C703BFB11171BAD,EIQ_HORSE_A6B278FE0D932DDF,2024,-0.17845387050817396,EIQ_HORSE_F239989BF4D6BEE4,EIQ_HORSE_F239989BF4D6BEE4,SAME_FAVOURITE,False,False,SAME_FAVOURITE
EIQ_RACE_0C7DB317B26783C8,EIQ_HORSE_2D45AEDADAE3CECC,2024,0.024204965889561114,EIQ_HORSE_2D45AEDADAE3CECC,EIQ_HORSE_2D45AEDADAE3CECC,SAME_FAVOURITE,True,True,SAME_FAVOURITE
EIQ_RACE_0CD31B53C5A73782,EIQ_HORSE_A1C7C702A235EDE9,2022,-0.014805725131952663,EIQ_HORSE_71044954D391BAA3,EIQ_HORSE_71044954D391BAA3,SAME_FAVOURITE,False,False,SAME_FAVOURITE
EIQ_RACE_0CD960A05DDE3268,EIQ_HORSE_D9B70004F568E5DB,2024,-0.004142538865145262,EIQ_HORSE_44CD3A63B9D9FF9F,EIQ_HORSE_44CD3A63B9D9FF9F,SAME_FAVOURITE,False,False,SAME_FAVOURITE
EIQ_RACE_0CF5C59D1C20FC6C,EIQ_HORSE_6A20273A14CB9AB1,2024,-0.08238615163148344,EIQ_HORSE_6A20273A14CB9AB1,EIQ_HORSE_6A20273A14CB9AB1,SAME_FAVOURITE,True,True,SAME_FAVOURITE
EIQ_RACE_0D0A45BE072C8C71,EIQ_HORSE_2D6D93EDBA94B179,2026,0.09804516746012837,EIQ_HORSE_5220C7D251B9512E,EIQ_HORSE_5220C7D251B9512E,SAME_FAVOURITE,False,False,SAME_FAVOURITE
EIQ_RACE_0D0C6DBF2C2DB102,EIQ_HORSE_239EED583BCEEA90,2023,-0.05915923274032231,EIQ_HORSE_987624132EC7502A,EIQ_HORSE_987624132EC7502A,SAME_FAVOURITE,False,False,SAME_FAVOURITE
EIQ_RACE_0D141130EF6A506B,EIQ_HORSE_6C67D1BE7BCE87D4,2021,-0.039318771883646075,EIQ_HORSE_6C67D1BE7BCE87D4,EIQ_HORSE_6C67D1BE7BCE87D4,SAME_FAVOURITE,True,True,SAME_FAVOURITE
EIQ_RACE_0D17F45DC38C30D0,EIQ_HORSE_04990092FAECE30D,2024,-0.01986195541701319,EIQ_HORSE_B8671E1B78C64C60,EIQ_HORSE_B8671E1B78C64C60,SAME_FAVOURITE,False,False,SAME_FAVOURITE
EIQ_RACE_0D3B23BF46615D8D,EIQ_HORSE_9A28FD950E5DCC2B,2025,-0.08758343709519556,EIQ_HORSE_9A28FD950E5DCC2B,EIQ_HORSE_9A28FD950E5DCC2B,SAME_FAVOURITE,True,True,SAME_FAVOURITE
EIQ_RACE_0D5CF20C347FFB3E,EIQ_HORSE_E428B28335F5C7B8,2025,-0.07726672200480267,EIQ_HORSE_E428B28335F5C7B8,EIQ_HORSE_E428B28335F5C7B8,SAME_FAVOURITE,True,True,SAME_FAVOURITE
EIQ_RACE_0D6A18201D9E0552,EIQ_HORSE_5EC25FE9960D8E25,2021,0.024897953878222134,EIQ_HORSE_5EC25FE9960D8E25,EIQ_HORSE_5EC25FE9960D8E25,SAME_FAVOURITE,True,True,SAME_FAVOURITE
EIQ_RACE_0D8A5A4FA5E2903A,EIQ_HORSE_D5547DDAB0B1A44E,2025,-0.23118152257525426,EIQ_HORSE_D5547DDAB0B1A44E,EIQ_HORSE_D5547DDAB0B1A44E,SAME_FAVOURITE,True,True,SAME_FAVOURITE
EIQ_RACE_0DA37CCF1AD483F1,EIQ_HORSE_395493F5702646A3,2024,-0.031444528580552245,EIQ_HORSE_87487D7F6635AA27,EIQ_HORSE_8CC696335B873F1A,CHALLENGER_CHANGED_FAVOURITE,False,False,BOTH_WRONG
EIQ_RACE_0DA47338063FA0F7,EIQ_HORSE_2DE2972EE4B198C9,2023,0.2520567360472947,EIQ_HORSE_83A2E3297781C77C,EIQ_HORSE_83A2E3297781C77C,SAME_FAVOURITE,False,False,SAME_FAVOURITE
EIQ_RACE_0DA7CF2D82B8BB66,EIQ_HORSE_3BCB01422623F31E,2024,-0.0984999358635329,EIQ_HORSE_3BCB01422623F31E,EIQ_HORSE_3BCB01422623F31E,SAME_FAVOURITE,True,True,SAME_FAVOURITE
EIQ_RACE_0DBD762AB00941D7,EIQ_HORSE_F746343D7BE59BE7,2025,-0.03658895049424915,EIQ_HORSE_5535127723E7CA03,EIQ_HORSE_5535127723E7CA03,SAME_FAVOURITE,False,False,SAME_FAVOURITE
EIQ_RACE_0DC2FFB5C78C4AD8,EIQ_HORSE_B4017F0BCD343AD4,2023,0.07079233387950512,EIQ_HORSE_3DE86D01E07EC999,EIQ_HORSE_3DE86D01E07EC999,SAME_FAVOURITE,False,False,SAME_FAVOURITE
EIQ_RACE_0DD2B16B3CCBA804,EIQ_HORSE_FABCC31ED848CF14,2026,0.07842427047872924,EIQ_HORSE_A46E3A29A5BA0125,EIQ_HORSE_A46E3A29A5BA0125,SAME_FAVOURITE,False,False,SAME_FAVOURITE
EIQ_RACE_0DE143EE6395347C,EIQ_HORSE_E0614EED8E13F596,2025,0.018066369944443217,EIQ_HORSE_5640AF383EC20765,EIQ_HORSE_AFC344FE88D5B147,CHALLENGER_CHANGED_FAVOURITE,False,False,BOTH_WRONG
EIQ_RACE_0DE14AC21EBBB127,EIQ_HORSE_3F2A1BB4538B1A32,2025,0.015785090554690573,EIQ_HORSE_9D172E3C8A3D3943,EIQ_HORSE_9D172E3C8A3D3943,SAME_FAVOURITE,False,False,SAME_FAVOURITE
EIQ_RACE_0DF25362C1540AB6,EIQ_HORSE_D38C4FD968D65B4F,2021,0.1618903242741121,EIQ_HORSE_9597512A76746F99,EIQ_HORSE_9597512A76746F99,SAME_FAVOURITE,False,False,SAME_FAVOURITE
EIQ_RACE_0E07CBB84DFAD875,EIQ_HORSE_5BBEA72A0C979460,2024,0.031059305856893316,EIQ_HORSE_5BBEA72A0C979460,EIQ_HORSE_5BBEA72A0C979460,SAME_FAVOURITE,True,True,SAME_FAVOURITE
EIQ_RACE_0E36E0702827C66C,EIQ_HORSE_595C9454B18A8E95,2026,0.1433334890231781,EIQ_HORSE_20B889336846DF7B,EIQ_HORSE_20B889336846DF7B,SAME_FAVOURITE,False,False,SAME_FAVOURITE
EIQ_RACE_0E3E88A1FFDBA34D,EIQ_HORSE_C1B3E80CE97C1CB6,2023,-0.07165635630816602,EIQ_HORSE_C1B3E80CE97C1CB6,EIQ_HORSE_C1B3E80CE97C1CB6,SAME_FAVOURITE,True,True,SAME_FAVOURITE
EIQ_RACE_0E425CD3745B998B,EIQ_HORSE_B0642C73748DA2BA,2025,-0.03655414833350101,EIQ_HORSE_562B1CF901D507E0,EIQ_HORSE_562B1CF901D507E0,SAME_FAVOURITE,False,False,SAME_FAVOURITE
EIQ_RACE_0E463EF29160213E,EIQ_HORSE_D81C7ACEA5BCB4D7,2025,-0.036699599109192516,EIQ_HORSE_D81C7ACEA5BCB4D7,EIQ_HORSE_D81C7ACEA5BCB4D7,SAME_FAVOURITE,True,True,SAME_FAVOURITE
EIQ_RACE_0E4BFDC9FF7D506F,EIQ_HORSE_AAE0A086E7105E2F,2021,-0.020072184310380603,EIQ_HORSE_525409F30CA138F3,EIQ_HORSE_90AB7C16ED9878A2,CHALLENGER_CHANGED_FAVOURITE,False,False,BOTH_WRONG
EIQ_RACE_0E5BB2176D84A4DD,EIQ_HORSE_1F7FC7F15DA59D8E,2022,0.12893595916542733,EIQ_HORSE_4AD8A93AC9010296,EIQ_HORSE_4AD8A93AC9010296,SAME_FAVOURITE,False,False,SAME_FAVOURITE
EIQ_RACE_0E642824E95A13B7,EIQ_HORSE_08281C9666EB685B,2021,-0.01285940692110632,EIQ_HORSE_F652EA1F8AA3DB5B,EIQ_HORSE_F652EA1F8AA3DB5B,SAME_FAVOURITE,False,False,SAME_FAVOURITE
EIQ_RACE_0E78C29654E3EC08,EIQ_HORSE_B6CD0CE4C22837A1,2025,-0.03646444071667432,EIQ_HORSE_4E66D36CD7A6F478,EIQ_HORSE_4E66D36CD7A6F478,SAME_FAVOURITE,False,False,SAME_FAVOURITE
EIQ_RACE_0E7D03B9EAD8AA23,EIQ_HORSE_0E11D5417C7BA53F,2022,0.14679747457333026,EIQ_HORSE_8F6CF812965FDE55,EIQ_HORSE_8F6CF812965FDE55,SAME_FAVOURITE,False,False,SAME_FAVOURITE
EIQ_RACE_0E97B2CAC2AF4D6C,EIQ_HORSE_8C020EC78CDFF82A,2024,0.06585653834218874,EIQ_HORSE_62F10A6C6C765BCB,EIQ_HORSE_62F10A6C6C765BCB,SAME_FAVOURITE,False,False,SAME_FAVOURITE
EIQ_RACE_0E9A9D589D5241E1,EIQ_HORSE_CF64094FEAF966DC,2025,0.0701038080599532,EIQ_HORSE_74525316A2915CD9,EIQ_HORSE_74525316A2915CD9,SAME_FAVOURITE,False,False,SAME_FAVOURITE
EIQ_RACE_0EB24480E8ECE078,EIQ_HORSE_287429B1864B187F,2024,0.021637380723125155,EIQ_HORSE_709C7B021DF7E140,EIQ_HORSE_709C7B021DF7E140,SAME_FAVOURITE,False,False,SAME_FAVOURITE
EIQ_RACE_0EB9E17E00CC4EB4,EIQ_HORSE_28B0E3A66AF72085,2025,0.032779229783323816,EIQ_HORSE_28B0E3A66AF72085,EIQ_HORSE_28B0E3A66AF72085,SAME_FAVOURITE,True,True,SAME_FAVOURITE
EIQ_RACE_0EC745F208D5A489,EIQ_HORSE_A2784A0A28CD3273,2023,-0.1975078511376649,EIQ_HORSE_8D0D08687E944E50,EIQ_HORSE_8D0D08687E944E50,SAME_FAVOURITE,False,False,SAME_FAVOURITE
EIQ_RACE_0ED8DEC4316A48B4,EIQ_HORSE_CED4D37B42C000EA,2025,-0.09414841755431391,EIQ_HORSE_88135A4E86BBC7E6,EIQ_HORSE_88135A4E86BBC7E6,SAME_FAVOURITE,False,False,SAME_FAVOURITE
EIQ_RACE_0EE07BA4DF233D3E,EIQ_HORSE_15F95DE74A987E66,2025,0.13274523303791375,EIQ_HORSE_15F95DE74A987E66,EIQ_HORSE_15F95DE74A987E66,SAME_FAVOURITE,True,True,SAME_FAVOURITE
EIQ_RACE_0EE0EF2C4785B92F,EIQ_HORSE_BF1F4873548BA696,2023,0.24572857448558816,EIQ_HORSE_98B80A32D3FB9B13,EIQ_HORSE_98B80A32D3FB9B13,SAME_FAVOURITE,False,False,SAME_FAVOURITE
EIQ_RACE_0EE2FE792D4EBC3A,EIQ_HORSE_2B692890850D75BC,2021,0.02311043533587709,EIQ_HORSE_CA2A8FAC1355A315,EIQ_HORSE_5648B45EB5D8EE28,CHALLENGER_CHANGED_FAVOURITE,False,False,BOTH_WRONG
EIQ_RACE_0EEEC79EDA180F1C,EIQ_HORSE_164660776C20AB7C,2024,-0.11668253151035035,EIQ_HORSE_164660776C20AB7C,EIQ_HORSE_164660776C20AB7C,SAME_FAVOURITE,True,True,SAME_FAVOURITE
EIQ_RACE_0EEED7EBBF6F79D7,EIQ_HORSE_49369FC5F39091EB,2025,0.03679856612017973,EIQ_HORSE_D4B66BB5564E5DAE,EIQ_HORSE_D4B66BB5564E5DAE,SAME_FAVOURITE,False,False,SAME_FAVOURITE
EIQ_RACE_0EF07BAD332928C5,EIQ_HORSE_E72CD75FD5C2B5AE,2021,-0.05136168703214228,EIQ_HORSE_E72CD75FD5C2B5AE,EIQ_HORSE_E72CD75FD5C2B5AE,SAME_FAVOURITE,True,True,SAME_FAVOURITE
EIQ_RACE_0EF67AD4AE0D1AF3,EIQ_HORSE_BCB71009544DA469,2023,0.07845344655506148,EIQ_HORSE_5FC93A35DD7EE1C0,EIQ_HORSE_5FC93A35DD7EE1C0,SAME_FAVOURITE,False,False,SAME_FAVOURITE
EIQ_RACE_0F1198D53F31375A,EIQ_HORSE_D0175CC1E3832162,2023,-0.06411780765473907,EIQ_HORSE_537595F44AB4BC49,EIQ_HORSE_537595F44AB4BC49,SAME_FAVOURITE,False,False,SAME_FAVOURITE
EIQ_RACE_0F345EAA20EDE35C,EIQ_HORSE_789F9CF18705DDF6,2021,-0.00986753113937655,EIQ_HORSE_789F9CF18705DDF6,EIQ_HORSE_789F9CF18705DDF6,SAME_FAVOURITE,True,True,SAME_FAVOURITE
EIQ_RACE_0F3D350764BC40EA,EIQ_HORSE_5587B5ACBFA1B1AA,2025,-0.045338816463686316,EIQ_HORSE_2F0789ED19877E2E,EIQ_HORSE_2F0789ED19877E2E,SAME_FAVOURITE,False,False,SAME_FAVOURITE
EIQ_RACE_0F449D61C8AA179F,EIQ_HORSE_45CC42C9A88F844E,2024,0.03335580195935117,EIQ_HORSE_15EFB92AB85705D4,EIQ_HORSE_15EFB92AB85705D4,SAME_FAVOURITE,False,False,SAME_FAVOURITE
EIQ_RACE_0F49EDCDB410CA3A,EIQ_HORSE_7C1103C1F878D438,2024,-0.03993038232930801,EIQ_HORSE_A911E8DCE5F883F4,EIQ_HORSE_A911E8DCE5F883F4,SAME_FAVOURITE,False,False,SAME_FAVOURITE
EIQ_RACE_0F5290E5A87B9597,EIQ_HORSE_44905F63D47BC7E4,2023,0.12176642122511216,EIQ_HORSE_8750A7003C99BDEE,EIQ_HORSE_8750A7003C99BDEE,SAME_FAVOURITE,False,False,SAME_FAVOURITE
EIQ_RACE_0F57895F91469A98,EIQ_HORSE_D5B4293E3FBCC41E,2026,-0.04791733813524912,EIQ_HORSE_D5B4293E3FBCC41E,EIQ_HORSE_D5B4293E3FBCC41E,SAME_FAVOURITE,True,True,SAME_FAVOURITE
EIQ_RACE_0F5E7C0A83376833,EIQ_HORSE_3D3E93728526842A,2024,0.08923985521294875,EIQ_HORSE_CCC0A74655F3DD15,EIQ_HORSE_F58E13BA505E9BC3,CHALLENGER_CHANGED_FAVOURITE,False,False,BOTH_WRONG
EIQ_RACE_0F679E29631D4CB9,EIQ_HORSE_923A7FA3ABD8D12F,2025,0.06541155563225143,EIQ_HORSE_F32125DAA17F3F37,EIQ_HORSE_F32125DAA17F3F37,SAME_FAVOURITE,False,False,SAME_FAVOURITE
EIQ_RACE_0F6C73BF4A8F7E50,EIQ_HORSE_CFC5DCB42FBF5B0C,2023,-0.13978140886177592,EIQ_HORSE_9E3738BF57594CFF,EIQ_HORSE_9E3738BF57594CFF,SAME_FAVOURITE,False,False,SAME_FAVOURITE
EIQ_RACE_0F75E517BB2EA361,EIQ_HORSE_6056EA05727AB72D,2021,0.046540141915786704,EIQ_HORSE_DA00B382EEA5B5EA,EIQ_HORSE_6056EA05727AB72D,CHALLENGER_CHANGED_FAVOURITE,False,True,STRICT_WRONG_DROP_CORRECT
EIQ_RACE_0F7F3C4F82AA480B,EIQ_HORSE_D0E12B3F7BE2F083,2021,0.13830971309977835,EIQ_HORSE_1BBB6D965FCAD244,EIQ_HORSE_1BBB6D965FCAD244,SAME_FAVOURITE,False,False,SAME_FAVOURITE
EIQ_RACE_0F815D4A8BBA081C,EIQ_HORSE_50F7D05B4273BF4E,2023,-0.0018948182199238772,EIQ_HORSE_6632723458986488,EIQ_HORSE_6632723458986488,SAME_FAVOURITE,False,False,SAME_FAVOURITE
EIQ_RACE_0F83A38FC5069C5C,EIQ_HORSE_15E29D62E254B0FF,2023,-0.12695198114361372,EIQ_HORSE_15E29D62E254B0FF,EIQ_HORSE_15E29D62E254B0FF,SAME_FAVOURITE,True,True,SAME_FAVOURITE
EIQ_RACE_0F8453633512ED3E,EIQ_HORSE_BF024A752491E1D7,2024,-0.11653603454255146,EIQ_HORSE_D89A4725B752B2A9,EIQ_HORSE_2AE2D30159D2E03C,CHALLENGER_CHANGED_FAVOURITE,False,False,BOTH_WRONG
EIQ_RACE_0F8E9E117A34BD03,EIQ_HORSE_B302239CFE2FD020,2021,0.03195353659264066,EIQ_HORSE_AA6F9BF2A9A6097C,EIQ_HORSE_AA6F9BF2A9A6097C,SAME_FAVOURITE,False,False,SAME_FAVOURITE
EIQ_RACE_0FA6D02A3344ADD3,EIQ_HORSE_972E1F583BB69C65,2023,0.08047296602897669,EIQ_HORSE_CF42F0A422C13F96,EIQ_HORSE_EED76700775A46E3,CHALLENGER_CHANGED_FAVOURITE,False,False,BOTH_WRONG
EIQ_RACE_0FC83C166ED66781,EIQ_HORSE_6A0437DF88841054,2021,-0.12420247310749288,EIQ_HORSE_408D460D40456208,EIQ_HORSE_408D460D40456208,SAME_FAVOURITE,False,False,SAME_FAVOURITE
EIQ_RACE_0FDF090CF896F809,EIQ_HORSE_6B577C55CABF1A42,2024,0.04268609256610789,EIQ_HORSE_29C9BDFA0CABC6F5,EIQ_HORSE_29C9BDFA0CABC6F5,SAME_FAVOURITE,False,False,SAME_FAVOURITE
EIQ_RACE_0FE0610F063F3675,EIQ_HORSE_26D6A05EDB20F5E4,2023,0.06158484116956875,EIQ_HORSE_26D6A05EDB20F5E4,EIQ_HORSE_26D6A05EDB20F5E4,SAME_FAVOURITE,True,True,SAME_FAVOURITE
EIQ_RACE_0FEFA65BB2716C76,EIQ_HORSE_C5438849A49975A3,2021,0.08639736965601275,EIQ_HORSE_D1AC21BD51B49F8A,EIQ_HORSE_D1AC21BD51B49F8A,SAME_FAVOURITE,False,False,SAME_FAVOURITE
EIQ_RACE_0FFADA1E834D9722,EIQ_HORSE_55EFE8EB69CD2277,2024,-0.09165122109634205,EIQ_HORSE_5FFB8D80DFCD8A03,EIQ_HORSE_5FFB8D80DFCD8A03,SAME_FAVOURITE,False,False,SAME_FAVOURITE
EIQ_RACE_100B9DD2B1FD11B7,EIQ_HORSE_6A96F60996D41BDB,2021,0.08403984129572217,EIQ_HORSE_3D05AC359FFA2B3D,EIQ_HORSE_3D05AC359FFA2B3D,SAME_FAVOURITE,False,False,SAME_FAVOURITE
EIQ_RACE_1035341BA07B4758,EIQ_HORSE_2817954D87CB80A4,2024,0.04546220790249089,EIQ_HORSE_2817954D87CB80A4,EIQ_HORSE_2817954D87CB80A4,SAME_FAVOURITE,True,True,SAME_FAVOURITE
EIQ_RACE_1044085A270415DD,EIQ_HORSE_DB99CF274041312F,2022,-0.2053326152421271,EIQ_HORSE_DB99CF274041312F,EIQ_HORSE_DB99CF274041312F,SAME_FAVOURITE,True,True,SAME_FAVOURITE
EIQ_RACE_104429195C915D48,EIQ_HORSE_08B7E9B48BF8BD7B,2023,0.0449753596225011,EIQ_HORSE_8B207FC9BABE9A3F,EIQ_HORSE_8B207FC9BABE9A3F,SAME_FAVOURITE,False,False,SAME_FAVOURITE
EIQ_RACE_1045B21769AFA098,EIQ_HORSE_37255470E6F308BC,2021,0.15315885162001308,EIQ_HORSE_6E9B632E94BA7F08,EIQ_HORSE_6E9B632E94BA7F08,SAME_FAVOURITE,False,False,SAME_FAVOURITE
EIQ_RACE_1045D7E1E129C5C1,EIQ_HORSE_F85A5BB9644B550C,2023,-0.06651328461910655,EIQ_HORSE_F85A5BB9644B550C,EIQ_HORSE_F85A5BB9644B550C,SAME_FAVOURITE,True,True,SAME_FAVOURITE
EIQ_RACE_104D1E3E03F9C814,EIQ_HORSE_2703974DA18E3899,2025,-0.06695271333187547,EIQ_HORSE_3B41A464C4072EC1,EIQ_HORSE_E2B8B774BF9829CF,CHALLENGER_CHANGED_FAVOURITE,False,False,BOTH_WRONG
EIQ_RACE_105CB1F951CADABD,EIQ_HORSE_3D76D5DE4483A1EA,2021,0.10727988795689258,EIQ_HORSE_96351D473015C51A,EIQ_HORSE_96351D473015C51A,SAME_FAVOURITE,False,False,SAME_FAVOURITE
EIQ_RACE_107E9888517E5505,EIQ_HORSE_D6B7D2F06AFD9F5C,2023,0.04408522725774411,EIQ_HORSE_E53817F9BA1E0755,EIQ_HORSE_E53817F9BA1E0755,SAME_FAVOURITE,False,False,SAME_FAVOURITE
EIQ_RACE_109AF8E1EC32F1B2,EIQ_HORSE_AB176CA424F29DB5,2022,-0.1275721575343931,EIQ_HORSE_EDE09B1DB66F483D,EIQ_HORSE_EDE09B1DB66F483D,SAME_FAVOURITE,False,False,SAME_FAVOURITE
EIQ_RACE_109E2A6027321AE7,EIQ_HORSE_0AED331C0915E797,2021,0.07806570217862063,EIQ_HORSE_B14279AA104AB192,EIQ_HORSE_B14279AA104AB192,SAME_FAVOURITE,False,False,SAME_FAVOURITE
EIQ_RACE_10A3C60524076A5B,EIQ_HORSE_3734D3E2FD996C71,2026,0.0011521751195511243,EIQ_HORSE_CFA9918CC55098E7,EIQ_HORSE_CFA9918CC55098E7,SAME_FAVOURITE,False,False,SAME_FAVOURITE
EIQ_RACE_10B4366AE11859A8,EIQ_HORSE_14533A3A1BDE7DCE,2025,-0.09440513276305573,EIQ_HORSE_581D1EF266624634,EIQ_HORSE_DC1149FAB293C10D,CHALLENGER_CHANGED_FAVOURITE,False,False,BOTH_WRONG
EIQ_RACE_10BEB76BF8CF55D6,EIQ_HORSE_7CB60A8BEADF29BA,2024,-0.0720225949100215,EIQ_HORSE_7CB60A8BEADF29BA,EIQ_HORSE_7CB60A8BEADF29BA,SAME_FAVOURITE,True,True,SAME_FAVOURITE
EIQ_RACE_10CFCAEF5C8C3AC5,EIQ_HORSE_2A486EFCF48C630E,2024,0.060150807490067404,EIQ_HORSE_DCEEB643D31859F5,EIQ_HORSE_DCEEB643D31859F5,SAME_FAVOURITE,False,False,SAME_FAVOURITE
EIQ_RACE_10DAB7AA08AA80FF,EIQ_HORSE_1E1BBA068E575260,2025,-0.05995278828037298,EIQ_HORSE_F9A59512E20B9385,EIQ_HORSE_F9A59512E20B9385,SAME_FAVOURITE,False,False,SAME_FAVOURITE
EIQ_RACE_1108D8304C55BB9A,EIQ_HORSE_56A83041A26C6CD1,2024,-0.1942533681494063,EIQ_HORSE_5B0A333B94DC8DCA,EIQ_HORSE_5B0A333B94DC8DCA,SAME_FAVOURITE,False,False,SAME_FAVOURITE
EIQ_RACE_1120C272666F6817,EIQ_HORSE_6794D47598331908,2024,0.14446708712034972,EIQ_HORSE_D6CFACDF79AFFDEA,EIQ_HORSE_D6CFACDF79AFFDEA,SAME_FAVOURITE,False,False,SAME_FAVOURITE
EIQ_RACE_113285EAF6674211,EIQ_HORSE_F4EB4EA5E26CE656,2021,-0.06014432204615705,EIQ_HORSE_79EFADCA612C22DB,EIQ_HORSE_7AFC0ED5D2B193C4,CHALLENGER_CHANGED_FAVOURITE,False,False,BOTH_WRONG
EIQ_RACE_114947292DC40210,EIQ_HORSE_ED24EA7C0C40B094,2024,0.11157745569182609,EIQ_HORSE_E5DA4616740F6C8E,EIQ_HORSE_63E08AF3021DCF6D,CHALLENGER_CHANGED_FAVOURITE,False,False,BOTH_WRONG
EIQ_RACE_11520E6DBF9D64A0,EIQ_HORSE_450F8B95EF7900AD,2021,-0.07483195889288918,EIQ_HORSE_E7D177F440D3CBF7,EIQ_HORSE_E7D177F440D3CBF7,SAME_FAVOURITE,False,False,SAME_FAVOURITE
EIQ_RACE_11570737FB80A234,EIQ_HORSE_DEF89ECCFA04085C,2022,-0.048561161994045476,EIQ_HORSE_DEF89ECCFA04085C,EIQ_HORSE_DEF89ECCFA04085C,SAME_FAVOURITE,True,True,SAME_FAVOURITE
EIQ_RACE_11580221C4C27937,EIQ_HORSE_112DC6027D89F197,2023,0.1418665945233859,EIQ_HORSE_BE02B3A1E62B6D9A,EIQ_HORSE_BE02B3A1E62B6D9A,SAME_FAVOURITE,False,False,SAME_FAVOURITE
EIQ_RACE_117B42ACAE94F491,EIQ_HORSE_D36314235C3D6583,2023,0.08163711943676644,EIQ_HORSE_B925B72926BF582A,EIQ_HORSE_B925B72926BF582A,SAME_FAVOURITE,False,False,SAME_FAVOURITE
EIQ_RACE_118EF01C9F310CA7,EIQ_HORSE_0DDA422B1443EDB2,2024,0.07459009955694995,EIQ_HORSE_5A7484E3610C1CDE,EIQ_HORSE_5A7484E3610C1CDE,SAME_FAVOURITE,False,False,SAME_FAVOURITE
EIQ_RACE_11A42649B0953A6A,EIQ_HORSE_7C9B72B98E638FF5,2026,0.049004189298223366,EIQ_HORSE_747C7A77B4EEC879,EIQ_HORSE_747C7A77B4EEC879,SAME_FAVOURITE,False,False,SAME_FAVOURITE
EIQ_RACE_11BA9BE9887B89AC,EIQ_HORSE_59DAE69141603656,2024,-0.12144607244452166,EIQ_HORSE_B58F39B5D3E06AF8,EIQ_HORSE_B58F39B5D3E06AF8,SAME_FAVOURITE,False,False,SAME_FAVOURITE
EIQ_RACE_11BD1C6E799A9888,EIQ_HORSE_54891B268A4EB19F,2024,-0.11778612119260234,EIQ_HORSE_B5F97D918CDF3BF9,EIQ_HORSE_B5F97D918CDF3BF9,SAME_FAVOURITE,False,False,SAME_FAVOURITE
EIQ_RACE_11D3117154098AFF,EIQ_HORSE_ED06D1766CD95BCE,2021,0.060876897036334254,EIQ_HORSE_ED06D1766CD95BCE,EIQ_HORSE_ED06D1766CD95BCE,SAME_FAVOURITE,True,True,SAME_FAVOURITE
EIQ_RACE_11FF41D8E263E2C4,EIQ_HORSE_BECB30821020106E,2025,0.1371155853579824,EIQ_HORSE_3A61903D33C3F360,EIQ_HORSE_BECB30821020106E,CHALLENGER_CHANGED_FAVOURITE,False,True,STRICT_WRONG_DROP_CORRECT
EIQ_RACE_1202A9F111CEF3C0,EIQ_HORSE_454CCBD3F7A7D63D,2025,-0.08676534377179435,EIQ_HORSE_BD0F56B2BCEDDEE5,EIQ_HORSE_BD0F56B2BCEDDEE5,SAME_FAVOURITE,False,False,SAME_FAVOURITE
EIQ_RACE_12082807FC781382,EIQ_HORSE_501A5D0DA85F54E6,2023,-0.036290365428377935,EIQ_HORSE_AB8D1A2A47E253F2,EIQ_HORSE_F907CFFD6E7D5647,CHALLENGER_CHANGED_FAVOURITE,False,False,BOTH_WRONG
EIQ_RACE_12123F9D928909FF,EIQ_HORSE_1875F5D3C49D1B7D,2026,-0.05917583845380858,EIQ_HORSE_1875F5D3C49D1B7D,EIQ_HORSE_1875F5D3C49D1B7D,SAME_FAVOURITE,True,True,SAME_FAVOURITE
EIQ_RACE_121BF5D9042ACC40,EIQ_HORSE_2EAE599C3F1C9B5A,2021,0.2230581092037931,EIQ_HORSE_E3879DE717177FB1,EIQ_HORSE_2EAE599C3F1C9B5A,CHALLENGER_CHANGED_FAVOURITE,False,True,STRICT_WRONG_DROP_CORRECT
EIQ_RACE_1230374E93413B6D,EIQ_HORSE_CA62AF84F1F6E509,2024,0.03815949295050536,EIQ_HORSE_5A2B3F01A2D0EA33,EIQ_HORSE_CA62AF84F1F6E509,CHALLENGER_CHANGED_FAVOURITE,False,True,STRICT_WRONG_DROP_CORRECT
EIQ_RACE_123DDBD2CB017AC2,EIQ_HORSE_9617B30F50D4D4B9,2025,0.1203913858979857,EIQ_HORSE_81289D194F8B9C7E,EIQ_HORSE_81289D194F8B9C7E,SAME_FAVOURITE,False,False,SAME_FAVOURITE
EIQ_RACE_12438E0CCBA17985,EIQ_HORSE_8C6D09D955DF951D,2026,-0.09998187189088403,EIQ_HORSE_8C6D09D955DF951D,EIQ_HORSE_8C6D09D955DF951D,SAME_FAVOURITE,True,True,SAME_FAVOURITE
EIQ_RACE_124F6538EB81EA57,EIQ_HORSE_53F1CD0E0985F515,2026,-0.027514499676322135,EIQ_HORSE_49D8204BC6C45804,EIQ_HORSE_49D8204BC6C45804,SAME_FAVOURITE,False,False,SAME_FAVOURITE
EIQ_RACE_125ABAB0E6CE0EEC,EIQ_HORSE_10169F6DACF7BCD5,2025,0.1301790137536969,EIQ_HORSE_CCDBAF1FD8830100,EIQ_HORSE_CCDBAF1FD8830100,SAME_FAVOURITE,False,False,SAME_FAVOURITE
EIQ_RACE_125F26C9F16EDF2D,EIQ_HORSE_D656A1B013C8B1FA,2024,-0.05748366680264705,EIQ_HORSE_65F2D03B4206D7FE,EIQ_HORSE_65F2D03B4206D7FE,SAME_FAVOURITE,False,False,SAME_FAVOURITE
EIQ_RACE_126C56117AFFF7EF,EIQ_HORSE_05C43E9E97F0E793,2025,-0.17738975945078495,EIQ_HORSE_05C43E9E97F0E793,EIQ_HORSE_64AB18F1A8004761,CHALLENGER_CHANGED_FAVOURITE,True,False,STRICT_CORRECT_DROP_WRONG
EIQ_RACE_126DDE8BD355F01D,EIQ_HORSE_7CA483AF1FFBB399,2025,0.25730301579125325,EIQ_HORSE_C2A81BDD32ECCDF7,EIQ_HORSE_C2A81BDD32ECCDF7,SAME_FAVOURITE,False,False,SAME_FAVOURITE
EIQ_RACE_127EBBE070D25CA9,EIQ_HORSE_CE5F1310DDE79F72,2024,0.06991839212454742,EIQ_HORSE_A6B12A5455059960,EIQ_HORSE_A6B12A5455059960,SAME_FAVOURITE,False,False,SAME_FAVOURITE
EIQ_RACE_129FBFD02E2B66B3,EIQ_HORSE_3DBB7E0D0F9BC2A8,2021,0.17645346490619018,EIQ_HORSE_F10CA7B5C2719F3B,EIQ_HORSE_F10CA7B5C2719F3B,SAME_FAVOURITE,False,False,SAME_FAVOURITE
EIQ_RACE_12A65993DC0926C3,EIQ_HORSE_AFE858C190FA5EFA,2024,-0.016534714531959427,EIQ_HORSE_DB2E9DA9974EE34E,EIQ_HORSE_DB2E9DA9974EE34E,SAME_FAVOURITE,False,False,SAME_FAVOURITE
EIQ_RACE_12A95CEE9770DF5D,EIQ_HORSE_E5F952985A58AF73,2024,0.047759422365170945,EIQ_HORSE_29FDDE8F56C30849,EIQ_HORSE_29FDDE8F56C30849,SAME_FAVOURITE,False,False,SAME_FAVOURITE
EIQ_RACE_12ACDF10CD74144D,EIQ_HORSE_8C7864727A213C6A,2026,0.07553474364837731,EIQ_HORSE_6472C1F3C9D30B32,EIQ_HORSE_6472C1F3C9D30B32,SAME_FAVOURITE,False,False,SAME_FAVOURITE
EIQ_RACE_12B64307CBF0C0D0,EIQ_HORSE_3AFEB1E88C7B9B24,2024,0.08159548885343937,EIQ_HORSE_B44933AD4DBFC028,EIQ_HORSE_B44933AD4DBFC028,SAME_FAVOURITE,False,False,SAME_FAVOURITE
EIQ_RACE_12C59ADCA3CD3EFB,EIQ_HORSE_17EF806A657598CF,2025,0.08917486171785116,EIQ_HORSE_248DB87BF17DA471,EIQ_HORSE_248DB87BF17DA471,SAME_FAVOURITE,False,False,SAME_FAVOURITE
EIQ_RACE_12DA8384637ED01A,EIQ_HORSE_33571A6A58D40805,2021,-0.17841275499293552,EIQ_HORSE_A1C7C702A235EDE9,EIQ_HORSE_A1C7C702A235EDE9,SAME_FAVOURITE,False,False,SAME_FAVOURITE
EIQ_RACE_12E487838B5410E3,EIQ_HORSE_A59D463BB4F5FB29,2025,-0.08057577413257233,EIQ_HORSE_80E84E5670CBAA59,EIQ_HORSE_80E84E5670CBAA59,SAME_FAVOURITE,False,False,SAME_FAVOURITE
EIQ_RACE_12E80EE241766E2C,EIQ_HORSE_454CCBD3F7A7D63D,2024,0.10730474564979264,EIQ_HORSE_7B1C746F812F27C0,EIQ_HORSE_C2736E3B50657148,CHALLENGER_CHANGED_FAVOURITE,False,False,BOTH_WRONG
EIQ_RACE_12E9B758AD3EA04C,EIQ_HORSE_E27E43667D65E706,2021,-0.015068463757442085,EIQ_HORSE_FE8E9D5BF0C60FF5,EIQ_HORSE_F47815C9E99C72FE,CHALLENGER_CHANGED_FAVOURITE,False,False,BOTH_WRONG
EIQ_RACE_12F63161D70E2455,EIQ_HORSE_2C6044FBA5DA1DFF,2025,0.026753712173944955,EIQ_HORSE_D4AB0F836CCEDF8C,EIQ_HORSE_C5BF1EA2FE839DCF,CHALLENGER_CHANGED_FAVOURITE,False,False,BOTH_WRONG
EIQ_RACE_12F861A069D7243F,EIQ_HORSE_4ECB414ACC635508,2021,-0.08321210238857502,EIQ_HORSE_966B83DF9A4B76AA,EIQ_HORSE_966B83DF9A4B76AA,SAME_FAVOURITE,False,False,SAME_FAVOURITE
EIQ_RACE_13081282832B2740,EIQ_HORSE_D0A67EC1AA97B031,2024,0.01931778341362067,EIQ_HORSE_52D7A0641B5D8572,EIQ_HORSE_52D7A0641B5D8572,SAME_FAVOURITE,False,False,SAME_FAVOURITE
EIQ_RACE_130ADBC280507EFB,EIQ_HORSE_94538D56540B6EFE,2024,0.06241099844558051,EIQ_HORSE_D07D75F43A84023D,EIQ_HORSE_D07D75F43A84023D,SAME_FAVOURITE,False,False,SAME_FAVOURITE
EIQ_RACE_131D8F8536BC4F88,EIQ_HORSE_0E3F19E06A3DD185,2024,0.13640439812638316,EIQ_HORSE_0F2F45D47E8CE0CD,EIQ_HORSE_0E3F19E06A3DD185,CHALLENGER_CHANGED_FAVOURITE,False,True,STRICT_WRONG_DROP_CORRECT
EIQ_RACE_13211BCED860DFD5,EIQ_HORSE_8263190C7A085CB6,2024,0.10786620509380196,EIQ_HORSE_2AE34370D37CD4C7,EIQ_HORSE_2AE34370D37CD4C7,SAME_FAVOURITE,False,False,SAME_FAVOURITE
EIQ_RACE_1343A84A8AA9BF86,EIQ_HORSE_B4195E514F2A7E71,2023,0.19216996942144493,EIQ_HORSE_6B81F2171FCE6446,EIQ_HORSE_B4195E514F2A7E71,CHALLENGER_CHANGED_FAVOURITE,False,True,STRICT_WRONG_DROP_CORRECT
EIQ_RACE_13581451AF3D2CCB,EIQ_HORSE_4C093381C5BE1FF7,2026,0.09037022990162624,EIQ_HORSE_DE2BDCD4C279D942,EIQ_HORSE_DE2BDCD4C279D942,SAME_FAVOURITE,False,False,SAME_FAVOURITE
EIQ_RACE_135F8A9611847EBC,EIQ_HORSE_36CC4894176D1B1F,2026,-0.036641034721971444,EIQ_HORSE_7867C13582F5F94F,EIQ_HORSE_7867C13582F5F94F,SAME_FAVOURITE,False,False,SAME_FAVOURITE
EIQ_RACE_13639BCCB448B92A,EIQ_HORSE_26796CF8E84377AA,2024,-0.06321785208393194,EIQ_HORSE_26796CF8E84377AA,EIQ_HORSE_26796CF8E84377AA,SAME_FAVOURITE,True,True,SAME_FAVOURITE
EIQ_RACE_1367AAD6ABB4EAE4,EIQ_HORSE_8050B64B8363E549,2024,-0.03623723395742129,EIQ_HORSE_FACCA92E14E42793,EIQ_HORSE_FACCA92E14E42793,SAME_FAVOURITE,False,False,SAME_FAVOURITE
EIQ_RACE_1369E1C3755FA224,EIQ_HORSE_CF85F0B55176B232,2025,-0.059074445970189626,EIQ_HORSE_CF85F0B55176B232,EIQ_HORSE_CF85F0B55176B232,SAME_FAVOURITE,True,True,SAME_FAVOURITE
EIQ_RACE_13740B98CEE6B766,EIQ_HORSE_05A6A200304F683F,2025,-0.050247195954050916,EIQ_HORSE_159AE62138C04E75,EIQ_HORSE_159AE62138C04E75,SAME_FAVOURITE,False,False,SAME_FAVOURITE
EIQ_RACE_137CEEFE0C367886,EIQ_HORSE_CDE4FDEA5F536220,2026,-0.1055283955505033,EIQ_HORSE_CDE4FDEA5F536220,EIQ_HORSE_CDE4FDEA5F536220,SAME_FAVOURITE,True,True,SAME_FAVOURITE
EIQ_RACE_137EE9E8A6FD94E3,EIQ_HORSE_32956324B755655C,2024,-0.021400581075393443,EIQ_HORSE_32956324B755655C,EIQ_HORSE_1561279345BC094E,CHALLENGER_CHANGED_FAVOURITE,True,False,STRICT_CORRECT_DROP_WRONG
EIQ_RACE_1389BC914BEA0D02,EIQ_HORSE_9D172E3C8A3D3943,2026,-0.025905109934081683,EIQ_HORSE_9D172E3C8A3D3943,EIQ_HORSE_9D172E3C8A3D3943,SAME_FAVOURITE,True,True,SAME_FAVOURITE
EIQ_RACE_1391016D5259918A,EIQ_HORSE_69993C76BDE213FD,2026,-0.028818504760999453,EIQ_HORSE_562B1CF901D507E0,EIQ_HORSE_562B1CF901D507E0,SAME_FAVOURITE,False,False,SAME_FAVOURITE
EIQ_RACE_1391FFA104A9BABC,EIQ_HORSE_720C979E061528CD,2023,-0.036669001302098936,EIQ_HORSE_720C979E061528CD,EIQ_HORSE_720C979E061528CD,SAME_FAVOURITE,True,True,SAME_FAVOURITE
EIQ_RACE_1394328DEDFBC73E,EIQ_HORSE_D8D65A1F06F18E12,2024,0.03310474430975208,EIQ_HORSE_9923C3E217C4E7DA,EIQ_HORSE_9923C3E217C4E7DA,SAME_FAVOURITE,False,False,SAME_FAVOURITE
EIQ_RACE_13A6268B68253F17,EIQ_HORSE_CA0A19746716E6FE,2025,0.06755140658000336,EIQ_HORSE_76CFCABEB8C26315,EIQ_HORSE_76CFCABEB8C26315,SAME_FAVOURITE,False,False,SAME_FAVOURITE
EIQ_RACE_13B1D3709603ECE2,EIQ_HORSE_5970DB3AA1D1EC5D,2021,0.0730664822567687,EIQ_HORSE_5970DB3AA1D1EC5D,EIQ_HORSE_5970DB3AA1D1EC5D,SAME_FAVOURITE,True,True,SAME_FAVOURITE
EIQ_RACE_13B7BF11BD8B2561,EIQ_HORSE_6BB12601D1533900,2024,-0.1604385412147542,EIQ_HORSE_6BB12601D1533900,EIQ_HORSE_6BB12601D1533900,SAME_FAVOURITE,True,True,SAME_FAVOURITE
EIQ_RACE_13BCE52405A7BC2B,EIQ_HORSE_9AD970A91D4700E6,2025,0.13330694023155631,EIQ_HORSE_7D4AFFE09F38104D,EIQ_HORSE_7D4AFFE09F38104D,SAME_FAVOURITE,False,False,SAME_FAVOURITE
EIQ_RACE_13C6A27B777AC275,EIQ_HORSE_955498DEB99592E8,2026,0.05900173266603992,EIQ_HORSE_A694A565F3B800A1,EIQ_HORSE_A694A565F3B800A1,SAME_FAVOURITE,False,False,SAME_FAVOURITE
EIQ_RACE_13C772A40391DB98,EIQ_HORSE_EA5B374452DE73B7,2024,-0.19959289861726282,EIQ_HORSE_155C8E862A4F4FAB,EIQ_HORSE_155C8E862A4F4FAB,SAME_FAVOURITE,False,False,SAME_FAVOURITE
EIQ_RACE_13EB90F25A289EFD,EIQ_HORSE_758C5FAADA96337E,2023,0.18833276212328864,EIQ_HORSE_B207BD5F223C724F,EIQ_HORSE_B207BD5F223C724F,SAME_FAVOURITE,False,False,SAME_FAVOURITE
EIQ_RACE_13F4B0C8C7E3E0C5,EIQ_HORSE_2B4A9CDE07B6F8B8,2024,0.028226615373433628,EIQ_HORSE_1A264073DFBFCA75,EIQ_HORSE_1A264073DFBFCA75,SAME_FAVOURITE,False,False,SAME_FAVOURITE
EIQ_RACE_140326BD63A1D5C6,EIQ_HORSE_67CD12E851077FB4,2025,-0.029470582981999227,EIQ_HORSE_5809DF8D602ACBED,EIQ_HORSE_67CD12E851077FB4,CHALLENGER_CHANGED_FAVOURITE,False,True,STRICT_WRONG_DROP_CORRECT
EIQ_RACE_1404272DDBE9BD0D,EIQ_HORSE_8394A5643ED24C81,2025,0.04966010025088119,EIQ_HORSE_C21DA79F0FB650CC,EIQ_HORSE_C21DA79F0FB650CC,SAME_FAVOURITE,False,False,SAME_FAVOURITE
EIQ_RACE_14107A82B333225F,EIQ_HORSE_66BCD0C64E02765A,2026,0.07538361154776774,EIQ_HORSE_8E7DB3ADB22FE39E,EIQ_HORSE_855FAF40B841C05C,CHALLENGER_CHANGED_FAVOURITE,False,False,BOTH_WRONG
EIQ_RACE_144EDF3D9E120487,EIQ_HORSE_F2C80CAC118B218F,2023,0.10140859342723108,EIQ_HORSE_0EACDC10D4959FD1,EIQ_HORSE_0EACDC10D4959FD1,SAME_FAVOURITE,False,False,SAME_FAVOURITE
EIQ_RACE_145AD1320A104797,EIQ_HORSE_2C3BBBA89C5CF0EA,2025,-0.040240998831645,EIQ_HORSE_2C3BBBA89C5CF0EA,EIQ_HORSE_2C3BBBA89C5CF0EA,SAME_FAVOURITE,True,True,SAME_FAVOURITE
EIQ_RACE_1473FBAC8143BD97,EIQ_HORSE_45B1292365719AD9,2026,-0.025114293346042427,EIQ_HORSE_91D95CDBFA6B6A4F,EIQ_HORSE_59FDB7DBEBBDCF58,CHALLENGER_CHANGED_FAVOURITE,False,False,BOTH_WRONG
EIQ_RACE_1475C9A041589103,EIQ_HORSE_398383120B7A8914,2024,-0.13856879902502017,EIQ_HORSE_E5F63A92B99B8A41,EIQ_HORSE_4EAAAB28CCE1F658,CHALLENGER_CHANGED_FAVOURITE,False,False,BOTH_WRONG
EIQ_RACE_147DE7AC611C7FCC,EIQ_HORSE_246CCB84C390C843,2023,-0.11671807107940024,EIQ_HORSE_FE7FFDE39E1D83EA,EIQ_HORSE_FE7FFDE39E1D83EA,SAME_FAVOURITE,False,False,SAME_FAVOURITE
EIQ_RACE_147ED747795129A6,EIQ_HORSE_FD8C844E92EEC665,2024,-0.05537526275261473,EIQ_HORSE_51FF45992AD9E7E0,EIQ_HORSE_51FF45992AD9E7E0,SAME_FAVOURITE,False,False,SAME_FAVOURITE
EIQ_RACE_148AD940B5F762EF,EIQ_HORSE_B2FBC09A9E46354A,2024,-0.01742603640606477,EIQ_HORSE_C8FB108DCA591235,EIQ_HORSE_C8FB108DCA591235,SAME_FAVOURITE,False,False,SAME_FAVOURITE
EIQ_RACE_14A6E626C0A6D0F7,EIQ_HORSE_7D77E4522F272759,2022,-0.10809404869182726,EIQ_HORSE_7D77E4522F272759,EIQ_HORSE_7D77E4522F272759,SAME_FAVOURITE,True,True,SAME_FAVOURITE
EIQ_RACE_14A954523CA76A60,EIQ_HORSE_B8A17334189511B0,2024,0.031978545547481474,EIQ_HORSE_B8A17334189511B0,EIQ_HORSE_B8A17334189511B0,SAME_FAVOURITE,True,True,SAME_FAVOURITE
EIQ_RACE_14B763CF4339EE1C,EIQ_HORSE_AED09490406BEB1F,2022,-0.11087591137013386,EIQ_HORSE_1AF71FDC26202EF8,EIQ_HORSE_1AF71FDC26202EF8,SAME_FAVOURITE,False,False,SAME_FAVOURITE
EIQ_RACE_14B93F1BF009816F,EIQ_HORSE_7887AA506F8C1FF7,2023,0.10577005536070505,EIQ_HORSE_273F660AFA5442BA,EIQ_HORSE_273F660AFA5442BA,SAME_FAVOURITE,False,False,SAME_FAVOURITE
EIQ_RACE_14D03F294B052EBB,EIQ_HORSE_5ADB992264833468,2021,0.1073806210000896,EIQ_HORSE_1AEAFF6205355276,EIQ_HORSE_1AEAFF6205355276,SAME_FAVOURITE,False,False,SAME_FAVOURITE
EIQ_RACE_14D13036AB5B86DF,EIQ_HORSE_8206CBCD1A7D6D10,2023,-0.022822060441269,EIQ_HORSE_21512F9E09589773,EIQ_HORSE_21512F9E09589773,SAME_FAVOURITE,False,False,SAME_FAVOURITE
EIQ_RACE_14E0B9A80C8913E4,EIQ_HORSE_4AD609D09D9D7133,2026,0.022763242430570596,EIQ_HORSE_43811BB989278C50,EIQ_HORSE_43811BB989278C50,SAME_FAVOURITE,False,False,SAME_FAVOURITE
EIQ_RACE_151097FA481F1C8A,EIQ_HORSE_97214FE83DCACFFC,2025,0.07567007741798504,EIQ_HORSE_83E2C4E089DDAE6D,EIQ_HORSE_83E2C4E089DDAE6D,SAME_FAVOURITE,False,False,SAME_FAVOURITE
EIQ_RACE_15213DA2287A9C7E,EIQ_HORSE_588DD53F00AA3FDE,2026,0.10886788820825455,EIQ_HORSE_7C8927DE1D4CB118,EIQ_HORSE_7C8927DE1D4CB118,SAME_FAVOURITE,False,False,SAME_FAVOURITE
EIQ_RACE_15243B5460607C8C,EIQ_HORSE_3F10AAC38BF4877C,2026,-0.011876523121488791,EIQ_HORSE_B2495B3726C4E46A,EIQ_HORSE_B2495B3726C4E46A,SAME_FAVOURITE,False,False,SAME_FAVOURITE
EIQ_RACE_1527BBB37C77967A,EIQ_HORSE_6C799956BB29C888,2026,-0.09886123768226351,EIQ_HORSE_1AF2E6EF59E29C60,EIQ_HORSE_3CDCEBD6C109ECC4,CHALLENGER_CHANGED_FAVOURITE,False,False,BOTH_WRONG
EIQ_RACE_1579503CBD308DB3,EIQ_HORSE_D38C4FD968D65B4F,2021,0.016911827380654332,EIQ_HORSE_D38C4FD968D65B4F,EIQ_HORSE_D38C4FD968D65B4F,SAME_FAVOURITE,True,True,SAME_FAVOURITE
EIQ_RACE_158A18BD2135B0ED,EIQ_HORSE_6C8F325AE52E2CA1,2024,0.0020007719217098874,EIQ_HORSE_7D55A4859BE244EF,EIQ_HORSE_7D55A4859BE244EF,SAME_FAVOURITE,False,False,SAME_FAVOURITE
EIQ_RACE_15A5368EDF60A5EA,EIQ_HORSE_83D190CD9ADF951A,2023,0.16249454172644384,EIQ_HORSE_A9BF3771016F7CFD,EIQ_HORSE_A9BF3771016F7CFD,SAME_FAVOURITE,False,False,SAME_FAVOURITE
EIQ_RACE_15A68FDE8BD57454,EIQ_HORSE_BF0ED646DD328BCA,2025,-0.026409183690393023,EIQ_HORSE_F87952C1C294E5B2,EIQ_HORSE_F87952C1C294E5B2,SAME_FAVOURITE,False,False,SAME_FAVOURITE
EIQ_RACE_15A98FEF0F01C044,EIQ_HORSE_FC6020FDCCC3960D,2025,-0.12411897519189496,EIQ_HORSE_FC6020FDCCC3960D,EIQ_HORSE_8171DB711106782E,CHALLENGER_CHANGED_FAVOURITE,True,False,STRICT_CORRECT_DROP_WRONG
EIQ_RACE_15AEE83D143B6C6C,EIQ_HORSE_D70BCA3AA3365744,2025,-0.07691519785245138,EIQ_HORSE_326E428B2FE8D3DD,EIQ_HORSE_33FF249A85508A0C,CHALLENGER_CHANGED_FAVOURITE,False,False,BOTH_WRONG
EIQ_RACE_15B842A577F1B210,EIQ_HORSE_1647C50F6FE4DC87,2026,0.17176563915425191,EIQ_HORSE_BA477B8EFC91CF91,EIQ_HORSE_BA477B8EFC91CF91,SAME_FAVOURITE,False,False,SAME_FAVOURITE
EIQ_RACE_15BDA14F7AE14CC1,EIQ_HORSE_1B6A2FADDFB3A005,2023,-0.057160971035330244,EIQ_HORSE_1B6A2FADDFB3A005,EIQ_HORSE_1B6A2FADDFB3A005,SAME_FAVOURITE,True,True,SAME_FAVOURITE
EIQ_RACE_15DEE2A13517719C,EIQ_HORSE_FDF6FCFC25837357,2026,0.030433196777968075,EIQ_HORSE_FDF6FCFC25837357,EIQ_HORSE_FDF6FCFC25837357,SAME_FAVOURITE,True,True,SAME_FAVOURITE
EIQ_RACE_15E8C4B3FA0D599F,EIQ_HORSE_58EA4E16D2128C2D,2023,-0.008038690861561282,EIQ_HORSE_79180A8EFB0E2D5B,EIQ_HORSE_79180A8EFB0E2D5B,SAME_FAVOURITE,False,False,SAME_FAVOURITE
EIQ_RACE_15F51B8CC8367879,EIQ_HORSE_729C756884A86AF6,2026,0.002317297230605586,EIQ_HORSE_729C756884A86AF6,EIQ_HORSE_729C756884A86AF6,SAME_FAVOURITE,True,True,SAME_FAVOURITE
EIQ_RACE_16051B5B14973472,EIQ_HORSE_A283287BC95F1F1D,2021,-0.08720821913441323,EIQ_HORSE_450F8B95EF7900AD,EIQ_HORSE_03F64D0F45838D94,CHALLENGER_CHANGED_FAVOURITE,False,False,BOTH_WRONG
EIQ_RACE_160670B2EB369A72,EIQ_HORSE_C7A93EBD06DD75D0,2023,0.03248977544570608,EIQ_HORSE_239EED583BCEEA90,EIQ_HORSE_7143EDBB78AE1075,CHALLENGER_CHANGED_FAVOURITE,False,False,BOTH_WRONG
EIQ_RACE_16169967A2710AD0,EIQ_HORSE_C021253D508B0499,2024,-0.013893866923641918,EIQ_HORSE_C021253D508B0499,EIQ_HORSE_C021253D508B0499,SAME_FAVOURITE,True,True,SAME_FAVOURITE
EIQ_RACE_1639CC516BB4C304,EIQ_HORSE_A1E7891EDB6DA694,2024,-0.03149315064432412,EIQ_HORSE_55AC415EB7E4FCB5,EIQ_HORSE_55AC415EB7E4FCB5,SAME_FAVOURITE,False,False,SAME_FAVOURITE
EIQ_RACE_16428C60B90DEB47,EIQ_HORSE_DC61A9E39F5EA0E5,2023,0.06948398936398403,EIQ_HORSE_1F2F5BE8EBDC7251,EIQ_HORSE_1F2F5BE8EBDC7251,SAME_FAVOURITE,False,False,SAME_FAVOURITE
EIQ_RACE_1647BAF56FAAD668,EIQ_HORSE_3B4E1474643CF9E9,2025,-0.03495101620085972,EIQ_HORSE_F783A167023478A4,EIQ_HORSE_F783A167023478A4,SAME_FAVOURITE,False,False,SAME_FAVOURITE
EIQ_RACE_1653FE6CA5DFDBDC,EIQ_HORSE_7A78A2EC7858729C,2025,-0.08948560899052382,EIQ_HORSE_7A78A2EC7858729C,EIQ_HORSE_D58D4CD1398636A6,CHALLENGER_CHANGED_FAVOURITE,True,False,STRICT_CORRECT_DROP_WRONG
EIQ_RACE_16582C457C54FD76,EIQ_HORSE_8710E05EE212D6D0,2024,-0.06706180518119353,EIQ_HORSE_A2DE559AB8989360,EIQ_HORSE_A2DE559AB8989360,SAME_FAVOURITE,False,False,SAME_FAVOURITE
EIQ_RACE_1658EC904DFA6D98,EIQ_HORSE_F3DC30EABA642374,2023,0.1364054256861451,EIQ_HORSE_F3DC30EABA642374,EIQ_HORSE_F3DC30EABA642374,SAME_FAVOURITE,True,True,SAME_FAVOURITE
EIQ_RACE_165CB41AE0EB6F96,EIQ_HORSE_18CE36A6B467FC3A,2021,-0.1612840641261808,EIQ_HORSE_18CE36A6B467FC3A,EIQ_HORSE_41F00F0254A983D4,CHALLENGER_CHANGED_FAVOURITE,True,False,STRICT_CORRECT_DROP_WRONG
EIQ_RACE_1678F5C7FC961FC7,EIQ_HORSE_1501DA239F9111C7,2024,0.0698551711245683,EIQ_HORSE_1501DA239F9111C7,EIQ_HORSE_1501DA239F9111C7,SAME_FAVOURITE,True,True,SAME_FAVOURITE
EIQ_RACE_167925393E0EB8F9,EIQ_HORSE_7BA5834F0CB4B773,2024,0.09639832268781356,EIQ_HORSE_9EAB39A0465137AD,EIQ_HORSE_9EAB39A0465137AD,SAME_FAVOURITE,False,False,SAME_FAVOURITE
EIQ_RACE_167E4C320C03623A,EIQ_HORSE_F239989BF4D6BEE4,2023,-0.007997718602504866,EIQ_HORSE_F239989BF4D6BEE4,EIQ_HORSE_F239989BF4D6BEE4,SAME_FAVOURITE,True,True,SAME_FAVOURITE
EIQ_RACE_16849BB53A89C2A6,EIQ_HORSE_0F2F45D47E8CE0CD,2024,-0.11068325296266046,EIQ_HORSE_4C36FC0265430A10,EIQ_HORSE_4C36FC0265430A10,SAME_FAVOURITE,False,False,SAME_FAVOURITE
EIQ_RACE_169359781E7512CA,EIQ_HORSE_546C8C5321BF24C9,2025,0.08762072200342708,EIQ_HORSE_C4748549A2AD1BAF,EIQ_HORSE_C4748549A2AD1BAF,SAME_FAVOURITE,False,False,SAME_FAVOURITE
EIQ_RACE_16963B5370E54B3B,EIQ_HORSE_FA9C30A4F2387480,2021,0.008844826308879172,EIQ_HORSE_FA9C30A4F2387480,EIQ_HORSE_FA9C30A4F2387480,SAME_FAVOURITE,True,True,SAME_FAVOURITE
EIQ_RACE_16A4D52C54F62175,EIQ_HORSE_D4C231B2AD76BDFA,2023,-0.024902304857929547,EIQ_HORSE_DDFE04BC2D0D53BD,EIQ_HORSE_DDFE04BC2D0D53BD,SAME_FAVOURITE,False,False,SAME_FAVOURITE
EIQ_RACE_16A91904551AA1DC,EIQ_HORSE_D4AB0F836CCEDF8C,2025,-0.048088814479738895,EIQ_HORSE_08C42DDFBD67CC2D,EIQ_HORSE_08C42DDFBD67CC2D,SAME_FAVOURITE,False,False,SAME_FAVOURITE
EIQ_RACE_16AE42416F4C8544,EIQ_HORSE_F2ABDDD4A7512D55,2021,0.14205989404818342,EIQ_HORSE_E99A5491DB4707ED,EIQ_HORSE_E99A5491DB4707ED,SAME_FAVOURITE,False,False,SAME_FAVOURITE
EIQ_RACE_16AF090E51C99C18,EIQ_HORSE_AB1BD61D1FB26895,2026,-0.06427942774388873,EIQ_HORSE_BA477B8EFC91CF91,EIQ_HORSE_BA477B8EFC91CF91,SAME_FAVOURITE,False,False,SAME_FAVOURITE
EIQ_RACE_16B7AE14F0CF42F6,EIQ_HORSE_C14892A3D2C95496,2025,-0.04781443389264384,EIQ_HORSE_857F26B94F90FC34,EIQ_HORSE_857F26B94F90FC34,SAME_FAVOURITE,False,False,SAME_FAVOURITE
EIQ_RACE_16D947F57E58EBAB,EIQ_HORSE_2170E8FAD7EAED57,2023,0.08415389122412686,EIQ_HORSE_AAEEFA50E541E8E8,EIQ_HORSE_2170E8FAD7EAED57,CHALLENGER_CHANGED_FAVOURITE,False,True,STRICT_WRONG_DROP_CORRECT
EIQ_RACE_16F4F02AC72D0E78,EIQ_HORSE_680D00945A816059,2025,-0.08362618467944882,EIQ_HORSE_680D00945A816059,EIQ_HORSE_680D00945A816059,SAME_FAVOURITE,True,True,SAME_FAVOURITE
EIQ_RACE_16FAC7F0FA64DDE0,EIQ_HORSE_7AA9975BAD0DEA69,2025,-0.021755062699373662,EIQ_HORSE_7AA9975BAD0DEA69,EIQ_HORSE_7AA9975BAD0DEA69,SAME_FAVOURITE,True,True,SAME_FAVOURITE
EIQ_RACE_1701C442D60D964A,EIQ_HORSE_B3CD4A7B3A09E1B6,2022,-0.10423660634451615,EIQ_HORSE_845F9774F7F2E7E5,EIQ_HORSE_845F9774F7F2E7E5,SAME_FAVOURITE,False,False,SAME_FAVOURITE
EIQ_RACE_17077028AAFC22D1,EIQ_HORSE_06DAAB0472CDCE86,2023,0.02331996437204431,EIQ_HORSE_844BBEB3AFE2DDB8,EIQ_HORSE_844BBEB3AFE2DDB8,SAME_FAVOURITE,False,False,SAME_FAVOURITE
EIQ_RACE_1709C111792D7CBC,EIQ_HORSE_0C03927801799094,2024,0.003910267749291929,EIQ_HORSE_0141E45FC3FA9703,EIQ_HORSE_0141E45FC3FA9703,SAME_FAVOURITE,False,False,SAME_FAVOURITE
EIQ_RACE_1716D7C323681F51,EIQ_HORSE_843966CD28529D4A,2026,0.04534293681229684,EIQ_HORSE_6B6BB7FD16B4FCB2,EIQ_HORSE_6B6BB7FD16B4FCB2,SAME_FAVOURITE,False,False,SAME_FAVOURITE
EIQ_RACE_1718FCBD4445A7C1,EIQ_HORSE_937A036121CE3EA8,2025,0.16691400208233675,EIQ_HORSE_7AA9975BAD0DEA69,EIQ_HORSE_7AA9975BAD0DEA69,SAME_FAVOURITE,False,False,SAME_FAVOURITE
EIQ_RACE_172F82662221DC03,EIQ_HORSE_583D83C487FDAC70,2025,-0.058224845126476854,EIQ_HORSE_03155E6C009FCA6D,EIQ_HORSE_03155E6C009FCA6D,SAME_FAVOURITE,False,False,SAME_FAVOURITE
EIQ_RACE_173B982EA13C77D6,EIQ_HORSE_5D72A5F7B79A6A2E,2025,-0.014321066242641844,EIQ_HORSE_F542C236CF279A58,EIQ_HORSE_F542C236CF279A58,SAME_FAVOURITE,False,False,SAME_FAVOURITE
EIQ_RACE_17646802ED513167,EIQ_HORSE_096099FD84A3EB5B,2025,0.07477292894849785,EIQ_HORSE_096099FD84A3EB5B,EIQ_HORSE_096099FD84A3EB5B,SAME_FAVOURITE,True,True,SAME_FAVOURITE
EIQ_RACE_1764EAD6F0074320,EIQ_HORSE_FA770614A48F6AE5,2023,-0.025048735550637247,EIQ_HORSE_C233E2228725A6CB,EIQ_HORSE_C233E2228725A6CB,SAME_FAVOURITE,False,False,SAME_FAVOURITE
EIQ_RACE_17704A7DA6A1742D,EIQ_HORSE_068BDA5D6B19BB33,2021,0.12509921183653638,EIQ_HORSE_2E370FC84AFEE016,EIQ_HORSE_2E370FC84AFEE016,SAME_FAVOURITE,False,False,SAME_FAVOURITE
EIQ_RACE_177AC57DD3F4893B,EIQ_HORSE_AE04E7F9374E1ECE,2021,-0.09284357505467855,EIQ_HORSE_8AAF1D2DB853E514,EIQ_HORSE_8AAF1D2DB853E514,SAME_FAVOURITE,False,False,SAME_FAVOURITE
EIQ_RACE_178769F537AF140A,EIQ_HORSE_5870FE04F1D23C7E,2023,-0.1171982478223974,EIQ_HORSE_11ED005892470205,EIQ_HORSE_11ED005892470205,SAME_FAVOURITE,False,False,SAME_FAVOURITE
EIQ_RACE_179B7CB61D299DD8,EIQ_HORSE_9F3E7560AE40753D,2025,0.16441857293124285,EIQ_HORSE_66657A56FA6FC836,EIQ_HORSE_66657A56FA6FC836,SAME_FAVOURITE,False,False,SAME_FAVOURITE
EIQ_RACE_17CA53957F3CB615,EIQ_HORSE_9A6B9139689A3677,2024,0.031320693005502775,EIQ_HORSE_20E447F7AA5EF66D,EIQ_HORSE_20E447F7AA5EF66D,SAME_FAVOURITE,False,False,SAME_FAVOURITE
EIQ_RACE_17CF955880F421D7,EIQ_HORSE_0FE5A989C3E350A5,2022,0.08971186627512107,EIQ_HORSE_0FE5A989C3E350A5,EIQ_HORSE_0FE5A989C3E350A5,SAME_FAVOURITE,True,True,SAME_FAVOURITE
EIQ_RACE_17D739405E2C4E0E,EIQ_HORSE_42D7EDD450C81289,2026,-0.07008944293856745,EIQ_HORSE_42D7EDD450C81289,EIQ_HORSE_42D7EDD450C81289,SAME_FAVOURITE,True,True,SAME_FAVOURITE
EIQ_RACE_17F39362D9A2DA03,EIQ_HORSE_49B338857CBD52B8,2021,-0.0243502363594168,EIQ_HORSE_49B338857CBD52B8,EIQ_HORSE_49B338857CBD52B8,SAME_FAVOURITE,True,True,SAME_FAVOURITE
EIQ_RACE_181A83D51B0DD69E,EIQ_HORSE_59ACB21AB66807B7,2021,-0.15056227756642504,EIQ_HORSE_59ACB21AB66807B7,EIQ_HORSE_59ACB21AB66807B7,SAME_FAVOURITE,True,True,SAME_FAVOURITE
EIQ_RACE_1821141F4E9D6558,EIQ_HORSE_DED10F30A25F1253,2024,-0.16182869242252584,EIQ_HORSE_7489F5A686C0D135,EIQ_HORSE_7489F5A686C0D135,SAME_FAVOURITE,False,False,SAME_FAVOURITE
EIQ_RACE_182C81F9AC345FCF,EIQ_HORSE_6A56F4F33712A098,2024,-0.15050456704461235,EIQ_HORSE_17845332EA57D1F8,EIQ_HORSE_17845332EA57D1F8,SAME_FAVOURITE,False,False,SAME_FAVOURITE
EIQ_RACE_182CD6F9D7B4EB06,EIQ_HORSE_B72326DD4D89004A,2021,0.2236695999949172,EIQ_HORSE_1BBA8827320DA45D,EIQ_HORSE_B72326DD4D89004A,CHALLENGER_CHANGED_FAVOURITE,False,True,STRICT_WRONG_DROP_CORRECT
EIQ_RACE_182CF2C8262B41FA,EIQ_HORSE_9620278257951C45,2025,-0.026472729621902946,EIQ_HORSE_E4BC6D8C4FF411E9,EIQ_HORSE_792C86B80869259E,CHALLENGER_CHANGED_FAVOURITE,False,False,BOTH_WRONG
EIQ_RACE_1847511A0782F53B,EIQ_HORSE_A3655B98F9F602A9,2021,0.02364867815007421,EIQ_HORSE_A3655B98F9F602A9,EIQ_HORSE_A3655B98F9F602A9,SAME_FAVOURITE,True,True,SAME_FAVOURITE
EIQ_RACE_18520F1DA2666320,EIQ_HORSE_EDAC5F78FDAF1A55,2025,0.004232664828228261,EIQ_HORSE_EDAC5F78FDAF1A55,EIQ_HORSE_EDAC5F78FDAF1A55,SAME_FAVOURITE,True,True,SAME_FAVOURITE
EIQ_RACE_185452E9E734FA6F,EIQ_HORSE_8EF668CA164C6A94,2023,0.16108459324219515,EIQ_HORSE_9F71997FCE95C944,EIQ_HORSE_9F71997FCE95C944,SAME_FAVOURITE,False,False,SAME_FAVOURITE
EIQ_RACE_1858486186E48445,EIQ_HORSE_50992820955024A9,2023,0.0034580690056369434,EIQ_HORSE_E2863DF5FF024EF8,EIQ_HORSE_E2863DF5FF024EF8,SAME_FAVOURITE,False,False,SAME_FAVOURITE
EIQ_RACE_185A6372AD2C3C2D,EIQ_HORSE_C1112F47E4660DE6,2026,-0.09115548952960228,EIQ_HORSE_C1112F47E4660DE6,EIQ_HORSE_C1112F47E4660DE6,SAME_FAVOURITE,True,True,SAME_FAVOURITE
EIQ_RACE_185A9145DF5AA75B,EIQ_HORSE_CF22CC3707203FDE,2024,0.04367475310284341,EIQ_HORSE_E499285C951D92D5,EIQ_HORSE_E499285C951D92D5,SAME_FAVOURITE,False,False,SAME_FAVOURITE
EIQ_RACE_187D2F22E179F579,EIQ_HORSE_F32125DAA17F3F37,2025,0.07177770976091935,EIQ_HORSE_77A60F014899E5A0,EIQ_HORSE_DE2BDCD4C279D942,CHALLENGER_CHANGED_FAVOURITE,False,False,BOTH_WRONG
EIQ_RACE_188784037BE2FC70,EIQ_HORSE_D74C8CC0C9AF79F1,2023,-0.21573019571042584,EIQ_HORSE_51D24B2580895905,EIQ_HORSE_51D24B2580895905,SAME_FAVOURITE,False,False,SAME_FAVOURITE
EIQ_RACE_18969BED3BE1512C,EIQ_HORSE_9DE9B6E92C1CD677,2024,-0.050347343557590296,EIQ_HORSE_281A343E5E46CBB5,EIQ_HORSE_281A343E5E46CBB5,SAME_FAVOURITE,False,False,SAME_FAVOURITE
EIQ_RACE_189F484D4E8E44F5,EIQ_HORSE_42D7EDD450C81289,2025,-0.08100930586756228,EIQ_HORSE_42D7EDD450C81289,EIQ_HORSE_42D7EDD450C81289,SAME_FAVOURITE,True,True,SAME_FAVOURITE
EIQ_RACE_18A0804D4AF2DF67,EIQ_HORSE_D461B48FEB255763,2022,0.00241898960733522,EIQ_HORSE_1B284B59F637BD12,EIQ_HORSE_1B284B59F637BD12,SAME_FAVOURITE,False,False,SAME_FAVOURITE
EIQ_RACE_18A9AED785BD8CC3,EIQ_HORSE_03F64D0F45838D94,2021,-0.23672024399600844,EIQ_HORSE_03F64D0F45838D94,EIQ_HORSE_03F64D0F45838D94,SAME_FAVOURITE,True,True,SAME_FAVOURITE
EIQ_RACE_18AFBADC30177C59,EIQ_HORSE_C03DD87D6B731333,2025,-0.058780098903901346,EIQ_HORSE_C03DD87D6B731333,EIQ_HORSE_C03DD87D6B731333,SAME_FAVOURITE,True,True,SAME_FAVOURITE
EIQ_RACE_18E356612F1814CA,EIQ_HORSE_EB33D7040A38E15A,2023,0.021734968054940573,EIQ_HORSE_BF024A752491E1D7,EIQ_HORSE_BF024A752491E1D7,SAME_FAVOURITE,False,False,SAME_FAVOURITE
EIQ_RACE_18FCC988C2E6DD6D,EIQ_HORSE_D13599B29EB64DDD,2025,0.1545806333252313,EIQ_HORSE_D13599B29EB64DDD,EIQ_HORSE_D13599B29EB64DDD,SAME_FAVOURITE,True,True,SAME_FAVOURITE
EIQ_RACE_1905B1F27A8BF2DF,EIQ_HORSE_4844E8FCD456E1F0,2023,0.10923372153787803,EIQ_HORSE_379E1CB6BE3A9CD0,EIQ_HORSE_379E1CB6BE3A9CD0,SAME_FAVOURITE,False,False,SAME_FAVOURITE
EIQ_RACE_1909675D74BCB16C,EIQ_HORSE_C2FE858B6BD31FF5,2026,0.0903474496997545,EIQ_HORSE_D05BAE3932FB9F7C,EIQ_HORSE_D05BAE3932FB9F7C,SAME_FAVOURITE,False,False,SAME_FAVOURITE
EIQ_RACE_191687915A900BFE,EIQ_HORSE_CF85F0B55176B232,2023,0.005847189722274937,EIQ_HORSE_CF85F0B55176B232,EIQ_HORSE_CF85F0B55176B232,SAME_FAVOURITE,True,True,SAME_FAVOURITE
EIQ_RACE_192BD3F85C7AB959,EIQ_HORSE_24C947CBC6E5644E,2024,-0.16114165457002172,EIQ_HORSE_24C947CBC6E5644E,EIQ_HORSE_AF7F14D5D0D4C843,CHALLENGER_CHANGED_FAVOURITE,True,False,STRICT_CORRECT_DROP_WRONG
EIQ_RACE_19356D818E10EE27,EIQ_HORSE_FC4F41C852E47972,2024,0.06890128399303874,EIQ_HORSE_37A359FCDAE17809,EIQ_HORSE_37A359FCDAE17809,SAME_FAVOURITE,False,False,SAME_FAVOURITE
EIQ_RACE_194158F78E5C15C1,EIQ_HORSE_E8CB414FC3487986,2024,-0.015751746420044954,EIQ_HORSE_0297D3B095E200B7,EIQ_HORSE_0297D3B095E200B7,SAME_FAVOURITE,False,False,SAME_FAVOURITE
EIQ_RACE_194E7EF989C0D556,EIQ_HORSE_69EEC57ADC43840B,2021,0.11517185977870392,EIQ_HORSE_603B1B1B4E031B95,EIQ_HORSE_603B1B1B4E031B95,SAME_FAVOURITE,False,False,SAME_FAVOURITE
EIQ_RACE_195712681532F4A3,EIQ_HORSE_8E9392039C9EF2FE,2021,-0.1887429734371726,EIQ_HORSE_06BE6F41A7202C4B,EIQ_HORSE_71DEC7334F58F669,CHALLENGER_CHANGED_FAVOURITE,False,False,BOTH_WRONG
EIQ_RACE_1975195B72BE429D,EIQ_HORSE_B16A9BB7BE14B284,2021,0.07800077964303442,EIQ_HORSE_CB310F25E03C5537,EIQ_HORSE_CB310F25E03C5537,SAME_FAVOURITE,False,False,SAME_FAVOURITE
EIQ_RACE_197ECCE7F30814D8,EIQ_HORSE_27B249A83A239647,2025,-0.05142720574806603,EIQ_HORSE_0F25F43DB757B44D,EIQ_HORSE_DDF164C10A0F67C8,CHALLENGER_CHANGED_FAVOURITE,False,False,BOTH_WRONG
EIQ_RACE_198144A0855363E7,EIQ_HORSE_1ED77CAB08C21A69,2024,-0.034978291079160506,EIQ_HORSE_1ED77CAB08C21A69,EIQ_HORSE_1ED77CAB08C21A69,SAME_FAVOURITE,True,True,SAME_FAVOURITE
EIQ_RACE_198ED65E2EA4BDDA,EIQ_HORSE_726AF80A05FAC9AD,2026,0.11132388803155213,EIQ_HORSE_B5106A1C774ED651,EIQ_HORSE_726AF80A05FAC9AD,CHALLENGER_CHANGED_FAVOURITE,False,True,STRICT_WRONG_DROP_CORRECT
EIQ_RACE_19CBB7A719CEC452,EIQ_HORSE_CD031DC292456CF6,2021,-0.08553656911535024,EIQ_HORSE_54CDC802BA6AAD42,EIQ_HORSE_BF4FC80884445D6D,CHALLENGER_CHANGED_FAVOURITE,False,False,BOTH_WRONG
EIQ_RACE_19D739419C8EDA8F,EIQ_HORSE_C27958D809B655F5,2024,0.0687017813487314,EIQ_HORSE_E044496F9007D46C,EIQ_HORSE_E044496F9007D46C,SAME_FAVOURITE,False,False,SAME_FAVOURITE
EIQ_RACE_19D826FE282FE070,EIQ_HORSE_06461713876025B4,2023,-0.10435591699797264,EIQ_HORSE_CBCB5120AD8F85A0,EIQ_HORSE_CBCB5120AD8F85A0,SAME_FAVOURITE,False,False,SAME_FAVOURITE
EIQ_RACE_19E7A8139AB99EDE,EIQ_HORSE_81AF5A59D71C84F0,2024,0.10303975036490076,EIQ_HORSE_70CC56B90CC59249,EIQ_HORSE_70CC56B90CC59249,SAME_FAVOURITE,False,False,SAME_FAVOURITE
EIQ_RACE_19EB08EB5AFC8281,EIQ_HORSE_1E9202F57B341877,2024,-0.021149907942455748,EIQ_HORSE_C1AE02DD2F240F3A,EIQ_HORSE_C1AE02DD2F240F3A,SAME_FAVOURITE,False,False,SAME_FAVOURITE
EIQ_RACE_19FAC95D786EB1A9,EIQ_HORSE_5EA6C7EB5C57275B,2022,-0.031799927279131834,EIQ_HORSE_5EA6C7EB5C57275B,EIQ_HORSE_5EA6C7EB5C57275B,SAME_FAVOURITE,True,True,SAME_FAVOURITE
EIQ_RACE_1A045FCD56AF9507,EIQ_HORSE_19C395A66BC1E23F,2024,0.037060675116277864,EIQ_HORSE_39A9F06C54C75D9E,EIQ_HORSE_A9CC0D632D6DC563,CHALLENGER_CHANGED_FAVOURITE,False,False,BOTH_WRONG
EIQ_RACE_1A07844E4A1C0473,EIQ_HORSE_5180A400C89CE92D,2024,0.18635951637530468,EIQ_HORSE_5180A400C89CE92D,EIQ_HORSE_5180A400C89CE92D,SAME_FAVOURITE,True,True,SAME_FAVOURITE
EIQ_RACE_1A1331A5A29551A6,EIQ_HORSE_873376C449276580,2025,0.034972385556397256,EIQ_HORSE_873376C449276580,EIQ_HORSE_873376C449276580,SAME_FAVOURITE,True,True,SAME_FAVOURITE
EIQ_RACE_1A2A9ADA174D2ED1,EIQ_HORSE_630B60EB6F13532E,2026,0.05571105924246611,EIQ_HORSE_630B60EB6F13532E,EIQ_HORSE_630B60EB6F13532E,SAME_FAVOURITE,True,True,SAME_FAVOURITE
EIQ_RACE_1A2AD7CCA63AB165,EIQ_HORSE_E7030F48ED0F0B05,2021,0.00015001093384148234,EIQ_HORSE_7AE02E12CE59EF6C,EIQ_HORSE_7AE02E12CE59EF6C,SAME_FAVOURITE,False,False,SAME_FAVOURITE
EIQ_RACE_1A36A56FFA08AAD4,EIQ_HORSE_BD1AAAC40F1C762A,2023,-0.06656620345196074,EIQ_HORSE_6C43FB86F41F6F16,EIQ_HORSE_6C43FB86F41F6F16,SAME_FAVOURITE,False,False,SAME_FAVOURITE
EIQ_RACE_1A3DA1FDF05D45B3,EIQ_HORSE_BE8E9109E2D17B48,2024,-0.04244226462411782,EIQ_HORSE_BE8E9109E2D17B48,EIQ_HORSE_BE8E9109E2D17B48,SAME_FAVOURITE,True,True,SAME_FAVOURITE
EIQ_RACE_1A42F00E6197AD5F,EIQ_HORSE_13DAB413E02372C1,2021,-0.025520394882972308,EIQ_HORSE_98E4C496328783C8,EIQ_HORSE_9ED5A6B8510C7D1B,CHALLENGER_CHANGED_FAVOURITE,False,False,BOTH_WRONG
EIQ_RACE_1A4A626546C691DB,EIQ_HORSE_7BE0D7857DC726C8,2021,-0.19504084550390766,EIQ_HORSE_6C67D1BE7BCE87D4,EIQ_HORSE_6C67D1BE7BCE87D4,SAME_FAVOURITE,False,False,SAME_FAVOURITE
EIQ_RACE_1A4ECC9A2553C2AC,EIQ_HORSE_84AD223240E2A95D,2024,0.022016174524893017,EIQ_HORSE_E066B7D549E237D2,EIQ_HORSE_E066B7D549E237D2,SAME_FAVOURITE,False,False,SAME_FAVOURITE
EIQ_RACE_1A51AF6E3F6FA918,EIQ_HORSE_51FF45992AD9E7E0,2025,-0.06937394240852335,EIQ_HORSE_41E91372F1E444EA,EIQ_HORSE_41E91372F1E444EA,SAME_FAVOURITE,False,False,SAME_FAVOURITE
EIQ_RACE_1A571987612053DF,EIQ_HORSE_723B82535D38C5B5,2023,-0.019954557963919317,EIQ_HORSE_5EA6A058A94A76BC,EIQ_HORSE_5EA6A058A94A76BC,SAME_FAVOURITE,False,False,SAME_FAVOURITE
EIQ_RACE_1A59E8A39295635E,EIQ_HORSE_A794F22BA34135E8,2026,-0.029183205246655852,EIQ_HORSE_B46887606956487D,EIQ_HORSE_B46887606956487D,SAME_FAVOURITE,False,False,SAME_FAVOURITE
EIQ_RACE_1A748095BBB4F260,EIQ_HORSE_EAABBAC2E717ADC0,2025,-0.008157164686108054,EIQ_HORSE_EAABBAC2E717ADC0,EIQ_HORSE_EAABBAC2E717ADC0,SAME_FAVOURITE,True,True,SAME_FAVOURITE
EIQ_RACE_1A80F98533200994,EIQ_HORSE_192CDFD7CACED886,2024,0.0027099349598327382,EIQ_HORSE_192CDFD7CACED886,EIQ_HORSE_192CDFD7CACED886,SAME_FAVOURITE,True,True,SAME_FAVOURITE
EIQ_RACE_1A8398CAE84A6F01,EIQ_HORSE_20E1345DE8C9308E,2025,-0.01776669639648465,EIQ_HORSE_BBA4337C4C0121AE,EIQ_HORSE_BBA4337C4C0121AE,SAME_FAVOURITE,False,False,SAME_FAVOURITE
EIQ_RACE_1A8445CE6B887F76,EIQ_HORSE_1E015781E96771B7,2021,-0.10883527810078553,EIQ_HORSE_E0292D2E716C6CAF,EIQ_HORSE_E0292D2E716C6CAF,SAME_FAVOURITE,False,False,SAME_FAVOURITE
EIQ_RACE_1A8AAF49BF7ACB59,EIQ_HORSE_AB49FD743157AC39,2025,0.021230677159087774,EIQ_HORSE_AB49FD743157AC39,EIQ_HORSE_AB49FD743157AC39,SAME_FAVOURITE,True,True,SAME_FAVOURITE
EIQ_RACE_1A8C715328429607,EIQ_HORSE_7B69DDF890C89CC5,2022,0.13828364858687503,EIQ_HORSE_D9161E82717A2444,EIQ_HORSE_D9161E82717A2444,SAME_FAVOURITE,False,False,SAME_FAVOURITE
EIQ_RACE_1A97F82E1B135111,EIQ_HORSE_6A96F60996D41BDB,2021,-0.09894502232476676,EIQ_HORSE_2CC6F389CA1AB17A,EIQ_HORSE_2CC6F389CA1AB17A,SAME_FAVOURITE,False,False,SAME_FAVOURITE
EIQ_RACE_1AA7514A4F9D9CF7,EIQ_HORSE_EF7F3FDEB73591A4,2021,0.16661890454798156,EIQ_HORSE_724BB956666632A9,EIQ_HORSE_724BB956666632A9,SAME_FAVOURITE,False,False,SAME_FAVOURITE
EIQ_RACE_1AA86F3B3DD4F6BA,EIQ_HORSE_41E91372F1E444EA,2024,-0.07880764900255732,EIQ_HORSE_93B96D1B32F4F4A0,EIQ_HORSE_93B96D1B32F4F4A0,SAME_FAVOURITE,False,False,SAME_FAVOURITE
EIQ_RACE_1AB59E792AB06811,EIQ_HORSE_42F2E174076198E5,2026,0.07919192547408249,EIQ_HORSE_3C2292132E6BA08D,EIQ_HORSE_E75F7D94BCCA4E62,CHALLENGER_CHANGED_FAVOURITE,False,False,BOTH_WRONG
EIQ_RACE_1ABD677FCE82CA54,EIQ_HORSE_103FB8C153A85D66,2024,-0.014764715953194951,EIQ_HORSE_B2F2D79C3E8EF2FD,EIQ_HORSE_B2F2D79C3E8EF2FD,SAME_FAVOURITE,False,False,SAME_FAVOURITE
EIQ_RACE_1AC1D7A21DC4C290,EIQ_HORSE_587DA2C95BF70ECE,2023,-0.018598879274887903,EIQ_HORSE_7D2EFEC1BAD35DC7,EIQ_HORSE_7D2EFEC1BAD35DC7,SAME_FAVOURITE,False,False,SAME_FAVOURITE
EIQ_RACE_1AC3EDCA70D707EC,EIQ_HORSE_11459D7300BE15A8,2025,0.0316933912467805,EIQ_HORSE_11459D7300BE15A8,EIQ_HORSE_11459D7300BE15A8,SAME_FAVOURITE,True,True,SAME_FAVOURITE
EIQ_RACE_1AE31EE76FBAB4C8,EIQ_HORSE_BB70478EE482ECF8,2021,0.08524227116950023,EIQ_HORSE_BB70478EE482ECF8,EIQ_HORSE_BB70478EE482ECF8,SAME_FAVOURITE,True,True,SAME_FAVOURITE
EIQ_RACE_1AEC18EA8040F41A,EIQ_HORSE_27C76558DFB73253,2023,0.10928822414665951,EIQ_HORSE_27C76558DFB73253,EIQ_HORSE_27C76558DFB73253,SAME_FAVOURITE,True,True,SAME_FAVOURITE
EIQ_RACE_1AF1416B6B71FED3,EIQ_HORSE_4C7AF90653BC0EF6,2024,0.06438936924518268,EIQ_HORSE_7ACEF48010EDBD2E,EIQ_HORSE_7ACEF48010EDBD2E,SAME_FAVOURITE,False,False,SAME_FAVOURITE
EIQ_RACE_1B0D47912442FFF2,EIQ_HORSE_07363B6149F65231,2026,0.027555155056382397,EIQ_HORSE_4B4FC662E3C43D38,EIQ_HORSE_4B4FC662E3C43D38,SAME_FAVOURITE,False,False,SAME_FAVOURITE
EIQ_RACE_1B226D3C44D99154,EIQ_HORSE_B7B9C51EBDA8B0E3,2021,-0.272630607217228,EIQ_HORSE_74E1A0EA3E52A9CC,EIQ_HORSE_74E1A0EA3E52A9CC,SAME_FAVOURITE,False,False,SAME_FAVOURITE
EIQ_RACE_1B24465AEB44E538,EIQ_HORSE_84B9F91162A714AE,2021,0.0008562709957740111,EIQ_HORSE_8B8801FECFD8B2C3,EIQ_HORSE_8B8801FECFD8B2C3,SAME_FAVOURITE,False,False,SAME_FAVOURITE
EIQ_RACE_1B361EC3E8A25590,EIQ_HORSE_03BF4E32F3FEF7E4,2021,-0.09466454106888111,EIQ_HORSE_0520C7933EC945BB,EIQ_HORSE_0520C7933EC945BB,SAME_FAVOURITE,False,False,SAME_FAVOURITE
EIQ_RACE_1B38FB295C21F5CF,EIQ_HORSE_06ABB4936FCF1907,2023,0.014389803712456128,EIQ_HORSE_6C93668F6951592C,EIQ_HORSE_6C93668F6951592C,SAME_FAVOURITE,False,False,SAME_FAVOURITE
EIQ_RACE_1B451F48A8E052CA,EIQ_HORSE_78A5A8C6309F5034,2024,-0.09957871087773396,EIQ_HORSE_EA88EAC55045829A,EIQ_HORSE_EA88EAC55045829A,SAME_FAVOURITE,False,False,SAME_FAVOURITE
EIQ_RACE_1B4AD40948BF9E38,EIQ_HORSE_C1FE88DC1C51946A,2024,-0.003063996232983257,EIQ_HORSE_DFE3A43F75DCED86,EIQ_HORSE_DFE3A43F75DCED86,SAME_FAVOURITE,False,False,SAME_FAVOURITE
EIQ_RACE_1B557A8A3FFC6F76,EIQ_HORSE_01F6C94B25847237,2023,-0.04211664255018732,EIQ_HORSE_01F6C94B25847237,EIQ_HORSE_01F6C94B25847237,SAME_FAVOURITE,True,True,SAME_FAVOURITE
EIQ_RACE_1B66C8E66141ECF6,EIQ_HORSE_537595F44AB4BC49,2023,0.21103638328001395,EIQ_HORSE_012512D72650EE52,EIQ_HORSE_012512D72650EE52,SAME_FAVOURITE,False,False,SAME_FAVOURITE
EIQ_RACE_1B6FF418BF483783,EIQ_HORSE_83DE77EC231AB0BB,2025,-0.09385699819119564,EIQ_HORSE_4800370219D1096C,EIQ_HORSE_4800370219D1096C,SAME_FAVOURITE,False,False,SAME_FAVOURITE
EIQ_RACE_1B7DB822571BC147,EIQ_HORSE_7DCC880A6B957454,2025,-0.10880716159055215,EIQ_HORSE_3619F252528D738B,EIQ_HORSE_3619F252528D738B,SAME_FAVOURITE,False,False,SAME_FAVOURITE
EIQ_RACE_1B7F19E6CC44ABE2,EIQ_HORSE_1A3460FCDFD6CC13,2021,0.1266056512678695,EIQ_HORSE_0DD9BB3E2139A244,EIQ_HORSE_0DD9BB3E2139A244,SAME_FAVOURITE,False,False,SAME_FAVOURITE
EIQ_RACE_1B919850C4C259D4,EIQ_HORSE_28433DEAEE95F394,2025,0.04257968031319992,EIQ_HORSE_255F34AC61571933,EIQ_HORSE_255F34AC61571933,SAME_FAVOURITE,False,False,SAME_FAVOURITE
EIQ_RACE_1B95BDC07FD76422,EIQ_HORSE_D4BE49BB59FF48F0,2025,-0.02428785884366169,EIQ_HORSE_D4BE49BB59FF48F0,EIQ_HORSE_D4BE49BB59FF48F0,SAME_FAVOURITE,True,True,SAME_FAVOURITE
EIQ_RACE_1BA4577AC97645D6,EIQ_HORSE_B6E6B8FE2AD70C13,2022,0.09223234160893057,EIQ_HORSE_2A6E87DED058146D,EIQ_HORSE_2A6E87DED058146D,SAME_FAVOURITE,False,False,SAME_FAVOURITE
EIQ_RACE_1BB1B8FCEAC7D27B,EIQ_HORSE_1DAC8FC01A707DE1,2022,0.006443542911980682,EIQ_HORSE_B02FB7CD5082DBDA,EIQ_HORSE_B02FB7CD5082DBDA,SAME_FAVOURITE,False,False,SAME_FAVOURITE
EIQ_RACE_1BBC12F1FC28CB7F,EIQ_HORSE_E87AB7BB727C22DF,2025,0.15023776514194354,EIQ_HORSE_58AD6996A54A2D26,EIQ_HORSE_58AD6996A54A2D26,SAME_FAVOURITE,False,False,SAME_FAVOURITE
EIQ_RACE_1BD02F6E0DA99ABA,EIQ_HORSE_1399E550B25A93F4,2025,0.09228088916629451,EIQ_HORSE_804C4C0CCB96ABEF,EIQ_HORSE_97C35ACF3F047937,CHALLENGER_CHANGED_FAVOURITE,False,False,BOTH_WRONG
EIQ_RACE_1BE5D06490BCC125,EIQ_HORSE_85A52F4369B5E1F2,2021,0.04230350353136769,EIQ_HORSE_B0AF33902E9AA77A,EIQ_HORSE_B0AF33902E9AA77A,SAME_FAVOURITE,False,False,SAME_FAVOURITE
EIQ_RACE_1BEA23DAE8D83621,EIQ_HORSE_B411382620D655C0,2025,-0.003408871809313707,EIQ_HORSE_B411382620D655C0,EIQ_HORSE_B411382620D655C0,SAME_FAVOURITE,True,True,SAME_FAVOURITE
EIQ_RACE_1C0F2FAC585C60A7,EIQ_HORSE_406F3BA912086B0B,2025,-0.10794451025306806,EIQ_HORSE_804C4C0CCB96ABEF,EIQ_HORSE_804C4C0CCB96ABEF,SAME_FAVOURITE,False,False,SAME_FAVOURITE
EIQ_RACE_1C1936AA836513C8,EIQ_HORSE_D00301CFB8DE21EB,2025,0.030029520029083878,EIQ_HORSE_0FE9717B83E1974A,EIQ_HORSE_0FE9717B83E1974A,SAME_FAVOURITE,False,False,SAME_FAVOURITE
EIQ_RACE_1C194C8C68F872C4,EIQ_HORSE_D1F6FF20581EC4C7,2024,-0.001724544882900636,EIQ_HORSE_D1F6FF20581EC4C7,EIQ_HORSE_D1F6FF20581EC4C7,SAME_FAVOURITE,True,True,SAME_FAVOURITE
EIQ_RACE_1C381FD8ABF32EDF,EIQ_HORSE_5E67822622EAD3F5,2025,-0.04846189796840861,EIQ_HORSE_80553E0A69B6DF70,EIQ_HORSE_80553E0A69B6DF70,SAME_FAVOURITE,False,False,SAME_FAVOURITE
EIQ_RACE_1C3D018307D324B3,EIQ_HORSE_4588DAE9468B90EA,2022,-0.04092203131116379,EIQ_HORSE_4588DAE9468B90EA,EIQ_HORSE_4588DAE9468B90EA,SAME_FAVOURITE,True,True,SAME_FAVOURITE
EIQ_RACE_1C3D6693C7B1D73E,EIQ_HORSE_BA4E24231C690E05,2025,0.20476146149240382,EIQ_HORSE_CCDBAF1FD8830100,EIQ_HORSE_CCDBAF1FD8830100,SAME_FAVOURITE,False,False,SAME_FAVOURITE
EIQ_RACE_1C3EDE9196C81D14,EIQ_HORSE_5D72A5F7B79A6A2E,2021,0.13780688861309498,EIQ_HORSE_B988F727FB5C6897,EIQ_HORSE_B988F727FB5C6897,SAME_FAVOURITE,False,False,SAME_FAVOURITE
EIQ_RACE_1C5C706131AC599C,EIQ_HORSE_17288816DB215345,2026,-0.06175183910426796,EIQ_HORSE_39785C8F94C60E7A,EIQ_HORSE_39785C8F94C60E7A,SAME_FAVOURITE,False,False,SAME_FAVOURITE
EIQ_RACE_1C848601325AAD49,EIQ_HORSE_33AEE721D4074755,2022,-0.018887203379415185,EIQ_HORSE_2F2B0BA6DBC67A63,EIQ_HORSE_2F2B0BA6DBC67A63,SAME_FAVOURITE,False,False,SAME_FAVOURITE
EIQ_RACE_1C8CDAFC11A59A8B,EIQ_HORSE_B087910A1B3B4C4C,2024,-0.04259395284306655,EIQ_HORSE_B087910A1B3B4C4C,EIQ_HORSE_B087910A1B3B4C4C,SAME_FAVOURITE,True,True,SAME_FAVOURITE
EIQ_RACE_1C95B31315F1E1FC,EIQ_HORSE_903B46F3F4407E60,2025,-0.04851484575296361,EIQ_HORSE_743AC71661B9FBFE,EIQ_HORSE_743AC71661B9FBFE,SAME_FAVOURITE,False,False,SAME_FAVOURITE
EIQ_RACE_1C9B29CF158443AE,EIQ_HORSE_74F426621D36D579,2025,-0.12642525073328414,EIQ_HORSE_0BDC5C83A9A8168F,EIQ_HORSE_EA02D5F02237AA44,CHALLENGER_CHANGED_FAVOURITE,False,False,BOTH_WRONG
EIQ_RACE_1CA2C8125E49A2C8,EIQ_HORSE_3B497A58374423C2,2021,0.15989426365983972,EIQ_HORSE_A2FC9E96336258E4,EIQ_HORSE_A2FC9E96336258E4,SAME_FAVOURITE,False,False,SAME_FAVOURITE
EIQ_RACE_1CA49DCC4AB2175F,EIQ_HORSE_60C4A3D31571570D,2025,0.02320530539717769,EIQ_HORSE_7CF1FAEC07802C87,EIQ_HORSE_7CF1FAEC07802C87,SAME_FAVOURITE,False,False,SAME_FAVOURITE
EIQ_RACE_1CA8BDEE1963CA9B,EIQ_HORSE_EB06A110F7E40C82,2023,-0.1130195215685883,EIQ_HORSE_EB06A110F7E40C82,EIQ_HORSE_EB06A110F7E40C82,SAME_FAVOURITE,True,True,SAME_FAVOURITE
EIQ_RACE_1CD024A4E3C2E719,EIQ_HORSE_A18315D47FEFB7E4,2023,-0.028949786728206472,EIQ_HORSE_C35322E828C014AD,EIQ_HORSE_FAEEAED4F8B7FAB4,CHALLENGER_CHANGED_FAVOURITE,False,False,BOTH_WRONG
EIQ_RACE_1CD0D2BC78DDFB54,EIQ_HORSE_84B901BC712ECEC2,2025,-0.03512387990619725,EIQ_HORSE_4E2C0710E7BAB27E,EIQ_HORSE_4E2C0710E7BAB27E,SAME_FAVOURITE,False,False,SAME_FAVOURITE
EIQ_RACE_1CD8F8A24F29A1D9,EIQ_HORSE_27C08612F7150FE0,2023,-0.01665657302400758,EIQ_HORSE_BD50D34399C3D817,EIQ_HORSE_BD50D34399C3D817,SAME_FAVOURITE,False,False,SAME_FAVOURITE
EIQ_RACE_1CDE99F4A5D5B317,EIQ_HORSE_13701C629ADA370A,2022,0.013951711065520511,EIQ_HORSE_13701C629ADA370A,EIQ_HORSE_13701C629ADA370A,SAME_FAVOURITE,True,True,SAME_FAVOURITE
EIQ_RACE_1CF2AAC093027BC1,EIQ_HORSE_A994549FA3A28917,2021,0.13736979908059666,EIQ_HORSE_8492C6FA2BB58338,EIQ_HORSE_8492C6FA2BB58338,SAME_FAVOURITE,False,False,SAME_FAVOURITE
EIQ_RACE_1CFDE5E476FBCD84,EIQ_HORSE_0B83B04A5CCF1041,2023,0.06634386182255203,EIQ_HORSE_2817954D87CB80A4,EIQ_HORSE_2817954D87CB80A4,SAME_FAVOURITE,False,False,SAME_FAVOURITE
EIQ_RACE_1D0B1DE8AC395DFE,EIQ_HORSE_A797B9C6C013E7D9,2025,0.04597849563088241,EIQ_HORSE_A797B9C6C013E7D9,EIQ_HORSE_A797B9C6C013E7D9,SAME_FAVOURITE,True,True,SAME_FAVOURITE
EIQ_RACE_1D0B99F7AE880199,EIQ_HORSE_8763A7B5E95A6B09,2025,0.029174096168435693,EIQ_HORSE_FFCDB204FF8AC090,EIQ_HORSE_FFCDB204FF8AC090,SAME_FAVOURITE,False,False,SAME_FAVOURITE
EIQ_RACE_1D0E4D6589790166,EIQ_HORSE_603288FB64AB379F,2026,0.041552721459438224,EIQ_HORSE_FF50B7EAB824A78F,EIQ_HORSE_FF50B7EAB824A78F,SAME_FAVOURITE,False,False,SAME_FAVOURITE
EIQ_RACE_1D1D89E67C1AD602,EIQ_HORSE_DD3A9100848FE46F,2024,0.12184253530266487,EIQ_HORSE_DD3A9100848FE46F,EIQ_HORSE_DD3A9100848FE46F,SAME_FAVOURITE,True,True,SAME_FAVOURITE
EIQ_RACE_1D2148D0397D3470,EIQ_HORSE_A3B332C0A4822A13,2024,-0.12069330606284012,EIQ_HORSE_8244851D0CF8422F,EIQ_HORSE_8244851D0CF8422F,SAME_FAVOURITE,False,False,SAME_FAVOURITE
EIQ_RACE_1D3A4B768656AC8B,EIQ_HORSE_7602538366112F64,2023,0.10840020540469197,EIQ_HORSE_F26D07CBB54E477A,EIQ_HORSE_F26D07CBB54E477A,SAME_FAVOURITE,False,False,SAME_FAVOURITE
EIQ_RACE_1D43B266AD34FE2E,EIQ_HORSE_A2766790F83B66BE,2024,0.14439980483489911,EIQ_HORSE_2B6A2A38CC4DF8B9,EIQ_HORSE_2B6A2A38CC4DF8B9,SAME_FAVOURITE,False,False,SAME_FAVOURITE
EIQ_RACE_1D4C38A49979FC5F,EIQ_HORSE_D6427D946D828E3C,2021,0.09155935248090818,EIQ_HORSE_2FF4A862B29DBEEC,EIQ_HORSE_2FF4A862B29DBEEC,SAME_FAVOURITE,False,False,SAME_FAVOURITE
EIQ_RACE_1D4F3D17FBE4DBB7,EIQ_HORSE_FA71F9367F861EC6,2025,-0.06041593069127238,EIQ_HORSE_BB3D393B61320654,EIQ_HORSE_BB3D393B61320654,SAME_FAVOURITE,False,False,SAME_FAVOURITE
EIQ_RACE_1D5383BD71D04E12,EIQ_HORSE_1DAC8FC01A707DE1,2021,0.09962997335595447,EIQ_HORSE_1DAC8FC01A707DE1,EIQ_HORSE_1DAC8FC01A707DE1,SAME_FAVOURITE,True,True,SAME_FAVOURITE
EIQ_RACE_1D5946A37BE5807A,EIQ_HORSE_BDAFE82536BAC0CA,2023,0.16400927340363136,EIQ_HORSE_E112298D1B9ACCC0,EIQ_HORSE_E112298D1B9ACCC0,SAME_FAVOURITE,False,False,SAME_FAVOURITE
EIQ_RACE_1D5D28F347EBAE47,EIQ_HORSE_CC8F836A65C8C87A,2024,-0.04712969552826829,EIQ_HORSE_CC8F836A65C8C87A,EIQ_HORSE_CC8F836A65C8C87A,SAME_FAVOURITE,True,True,SAME_FAVOURITE
EIQ_RACE_1D633436202C4EC1,EIQ_HORSE_203A4132F3B94AE9,2024,0.04266870745643225,EIQ_HORSE_2279FD4A0D384A17,EIQ_HORSE_2279FD4A0D384A17,SAME_FAVOURITE,False,False,SAME_FAVOURITE
EIQ_RACE_1D70A851887F78AA,EIQ_HORSE_14E08743C294D01E,2024,-0.36118621947153606,EIQ_HORSE_645E6499A2A7E388,EIQ_HORSE_645E6499A2A7E388,SAME_FAVOURITE,False,False,SAME_FAVOURITE
EIQ_RACE_1D813128AF1396A5,EIQ_HORSE_D73DED034B15FEAA,2023,0.028529774327486823,EIQ_HORSE_DA447FF87D056077,EIQ_HORSE_DA447FF87D056077,SAME_FAVOURITE,False,False,SAME_FAVOURITE
EIQ_RACE_1D8A562786AE00D1,EIQ_HORSE_49A4CD977880ED23,2021,0.009369731342360854,EIQ_HORSE_93FBECD1364E2894,EIQ_HORSE_93FBECD1364E2894,SAME_FAVOURITE,False,False,SAME_FAVOURITE
EIQ_RACE_1D9C1B1410946C86,EIQ_HORSE_F68CDD33A16ACCD6,2026,-0.08889587149451339,EIQ_HORSE_081403B5F2D5747D,EIQ_HORSE_081403B5F2D5747D,SAME_FAVOURITE,False,False,SAME_FAVOURITE
EIQ_RACE_1D9CDD6FE78752CC,EIQ_HORSE_0A254CD10F276D5D,2021,0.0180095172482877,EIQ_HORSE_C6EFE58A9F2C5CD8,EIQ_HORSE_C6EFE58A9F2C5CD8,SAME_FAVOURITE,False,False,SAME_FAVOURITE
EIQ_RACE_1DA38645D8235D4F,EIQ_HORSE_0A944C979DDF0AA1,2024,0.027520451066984197,EIQ_HORSE_DE91B47F69C50B1E,EIQ_HORSE_DE91B47F69C50B1E,SAME_FAVOURITE,False,False,SAME_FAVOURITE
EIQ_RACE_1DB2C4D65578A1D9,EIQ_HORSE_2F5C66F7799F01B2,2022,0.03093455820526403,EIQ_HORSE_58F484A63C334932,EIQ_HORSE_58F484A63C334932,SAME_FAVOURITE,False,False,SAME_FAVOURITE
EIQ_RACE_1DB52DEC0BFB7C79,EIQ_HORSE_D051A6217B58AF5D,2021,0.2546580667194376,EIQ_HORSE_A6668C3E0950A9E6,EIQ_HORSE_A6668C3E0950A9E6,SAME_FAVOURITE,False,False,SAME_FAVOURITE
EIQ_RACE_1DCF3C16A447064C,EIQ_HORSE_C9755D800A70BFC5,2023,0.013450096773768294,EIQ_HORSE_92295A9DBEE27C01,EIQ_HORSE_92295A9DBEE27C01,SAME_FAVOURITE,False,False,SAME_FAVOURITE
EIQ_RACE_1DD09E5E107C7C6D,EIQ_HORSE_93FCF964F37D47B8,2023,0.1419422835198869,EIQ_HORSE_A6B12A5455059960,EIQ_HORSE_A6B12A5455059960,SAME_FAVOURITE,False,False,SAME_FAVOURITE
EIQ_RACE_1DE352E5DA84377C,EIQ_HORSE_60A585683BFD623B,2023,-0.06777628650344081,EIQ_HORSE_D70900F78D5C19EE,EIQ_HORSE_D70900F78D5C19EE,SAME_FAVOURITE,False,False,SAME_FAVOURITE
EIQ_RACE_1DE8B61165B7C84D,EIQ_HORSE_0F4E2B62A87EE570,2023,-0.05307763058440296,EIQ_HORSE_04901E9A881AD345,EIQ_HORSE_04901E9A881AD345,SAME_FAVOURITE,False,False,SAME_FAVOURITE
EIQ_RACE_1DFD5E72425B76DA,EIQ_HORSE_D07AC47B515EE045,2024,-0.05046890398901738,EIQ_HORSE_D07AC47B515EE045,EIQ_HORSE_D07AC47B515EE045,SAME_FAVOURITE,True,True,SAME_FAVOURITE
EIQ_RACE_1E051B943FF4B215,EIQ_HORSE_DDA52FACF3809A56,2024,0.06937513419146368,EIQ_HORSE_83A7891A063F3D9B,EIQ_HORSE_83A7891A063F3D9B,SAME_FAVOURITE,False,False,SAME_FAVOURITE
EIQ_RACE_1E0CB9F4A0454101,EIQ_HORSE_36CC4894176D1B1F,2023,-0.05700502775659544,EIQ_HORSE_8A09EA915CA5FC8D,EIQ_HORSE_8A09EA915CA5FC8D,SAME_FAVOURITE,False,False,SAME_FAVOURITE
EIQ_RACE_1E222F1CB1B8A1C4,EIQ_HORSE_FE0E251B2D3F25B7,2022,-0.10871391934328023,EIQ_HORSE_FE0E251B2D3F25B7,EIQ_HORSE_FE0E251B2D3F25B7,SAME_FAVOURITE,True,True,SAME_FAVOURITE
EIQ_RACE_1E288D7460CE64DE,EIQ_HORSE_F242C7AA6F641562,2025,-0.04066329452671802,EIQ_HORSE_A0939148F3E83B66,EIQ_HORSE_A0939148F3E83B66,SAME_FAVOURITE,False,False,SAME_FAVOURITE
EIQ_RACE_1E2B22B468790D94,EIQ_HORSE_4D0209ED4B5C99AC,2022,-0.12671908604937476,EIQ_HORSE_4D0209ED4B5C99AC,EIQ_HORSE_4D0209ED4B5C99AC,SAME_FAVOURITE,True,True,SAME_FAVOURITE
EIQ_RACE_1E3492B353B2D274,EIQ_HORSE_31110D6B2B51B851,2023,-0.03287951443680148,EIQ_HORSE_84CBB12DCA382ED5,EIQ_HORSE_84CBB12DCA382ED5,SAME_FAVOURITE,False,False,SAME_FAVOURITE
EIQ_RACE_1E3542576F88656A,EIQ_HORSE_2C9F218A13BE7FDB,2025,-0.057598702920854006,EIQ_HORSE_DD5ADB43C77B58A0,EIQ_HORSE_DD5ADB43C77B58A0,SAME_FAVOURITE,False,False,SAME_FAVOURITE
EIQ_RACE_1E51837461EF2ADC,EIQ_HORSE_A1178662CE593267,2022,0.10716019552632572,EIQ_HORSE_2AAACE9B1548A480,EIQ_HORSE_2AAACE9B1548A480,SAME_FAVOURITE,False,False,SAME_FAVOURITE
EIQ_RACE_1E51F9BE757CC73D,EIQ_HORSE_07A1E76F8B2633EA,2026,-0.17715809750041567,EIQ_HORSE_07A1E76F8B2633EA,EIQ_HORSE_07A1E76F8B2633EA,SAME_FAVOURITE,True,True,SAME_FAVOURITE
EIQ_RACE_1E53EA315519C9A7,EIQ_HORSE_43558A3416A52234,2025,-0.06053012431360649,EIQ_HORSE_A22ED3B8C0D816FF,EIQ_HORSE_450F8B95EF7900AD,CHALLENGER_CHANGED_FAVOURITE,False,False,BOTH_WRONG
EIQ_RACE_1E610E9BC6C5C4DB,EIQ_HORSE_395DBEE632019B26,2021,0.05104106667957442,EIQ_HORSE_7DA7B1192A1B0193,EIQ_HORSE_7DA7B1192A1B0193,SAME_FAVOURITE,False,False,SAME_FAVOURITE
EIQ_RACE_1E7DA335909137DF,EIQ_HORSE_0B83B04A5CCF1041,2023,0.019868857993614597,EIQ_HORSE_E066B7D549E237D2,EIQ_HORSE_E066B7D549E237D2,SAME_FAVOURITE,False,False,SAME_FAVOURITE
EIQ_RACE_1E8AA5DDAD38DA60,EIQ_HORSE_8647DCE7F0335A49,2024,-0.06601735412617105,EIQ_HORSE_720C979E061528CD,EIQ_HORSE_C705BAB9D08E6365,CHALLENGER_CHANGED_FAVOURITE,False,False,BOTH_WRONG
EIQ_RACE_1E8C28DADB180000,EIQ_HORSE_76B6CF5DD3D11F46,2023,0.07893672564453436,EIQ_HORSE_B4943BA5CD94E003,EIQ_HORSE_B4943BA5CD94E003,SAME_FAVOURITE,False,False,SAME_FAVOURITE
EIQ_RACE_1E8CC0EB09450C16,EIQ_HORSE_1F617A05151C67B6,2024,0.060516741011810815,EIQ_HORSE_1F617A05151C67B6,EIQ_HORSE_1F617A05151C67B6,SAME_FAVOURITE,True,True,SAME_FAVOURITE
EIQ_RACE_1E944B0C117128C3,EIQ_HORSE_30559B6A928323CB,2025,0.01780103176993908,EIQ_HORSE_70C4DAA3D372BAE0,EIQ_HORSE_70C4DAA3D372BAE0,SAME_FAVOURITE,False,False,SAME_FAVOURITE
EIQ_RACE_1E9D1C1DAF803799,EIQ_HORSE_85A52F4369B5E1F2,2021,0.02115279990240948,EIQ_HORSE_04B828B249C95845,EIQ_HORSE_04B828B249C95845,SAME_FAVOURITE,False,False,SAME_FAVOURITE
EIQ_RACE_1EB34FF0AC2120A7,EIQ_HORSE_C74C71C8EB9C7584,2025,-0.07268003117473132,EIQ_HORSE_C74C71C8EB9C7584,EIQ_HORSE_C74C71C8EB9C7584,SAME_FAVOURITE,True,True,SAME_FAVOURITE
EIQ_RACE_1EC12DF7A0D365D3,EIQ_HORSE_4B4FC662E3C43D38,2026,0.06709305704902624,EIQ_HORSE_A4116F3C6E202DCE,EIQ_HORSE_A4116F3C6E202DCE,SAME_FAVOURITE,False,False,SAME_FAVOURITE
EIQ_RACE_1EC82E65DB541CEC,EIQ_HORSE_CCA5A3F0F2B0973A,2021,0.13639803600030387,EIQ_HORSE_4FA36DBC6382055F,EIQ_HORSE_B1D723340BAAC6B6,CHALLENGER_CHANGED_FAVOURITE,False,False,BOTH_WRONG
EIQ_RACE_1ED82B9CD9030156,EIQ_HORSE_6D5E25045BA6B78F,2021,0.09807850862871126,EIQ_HORSE_7D64F6370988096C,EIQ_HORSE_6D5E25045BA6B78F,CHALLENGER_CHANGED_FAVOURITE,False,True,STRICT_WRONG_DROP_CORRECT
EIQ_RACE_1ED8C6B27CF7A034,EIQ_HORSE_7444599D9F16C82E,2024,-0.09784597764598235,EIQ_HORSE_D5AC886466270388,EIQ_HORSE_D5AC886466270388,SAME_FAVOURITE,False,False,SAME_FAVOURITE
EIQ_RACE_1EEDCE83CDEDBF2A,EIQ_HORSE_C7DE45BF30D84B03,2022,-0.008351729410155606,EIQ_HORSE_B9C341B42CAB134E,EIQ_HORSE_B9C341B42CAB134E,SAME_FAVOURITE,False,False,SAME_FAVOURITE
EIQ_RACE_1EF3EE45EEB1D3F9,EIQ_HORSE_E93C379CDA474983,2023,0.00026076448890277604,EIQ_HORSE_E93C379CDA474983,EIQ_HORSE_E93C379CDA474983,SAME_FAVOURITE,True,True,SAME_FAVOURITE
EIQ_RACE_1EF5850DDE458575,EIQ_HORSE_3D3088917F53D48A,2021,0.03350735037511754,EIQ_HORSE_11BC589A6EB9E09F,EIQ_HORSE_80222D51ABD27B89,CHALLENGER_CHANGED_FAVOURITE,False,False,BOTH_WRONG
EIQ_RACE_1F00355FE732ECFF,EIQ_HORSE_501B1F72D5214849,2023,-0.0816379777169951,EIQ_HORSE_869B553075459E31,EIQ_HORSE_869B553075459E31,SAME_FAVOURITE,False,False,SAME_FAVOURITE
EIQ_RACE_1F129A46FC483CAB,EIQ_HORSE_9DC82B76B517C13C,2023,-0.07331083056752163,EIQ_HORSE_8394A5643ED24C81,EIQ_HORSE_8394A5643ED24C81,SAME_FAVOURITE,False,False,SAME_FAVOURITE
EIQ_RACE_1F19F483535DE299,EIQ_HORSE_96F9DA15905B9878,2024,-0.06625000754789157,EIQ_HORSE_96F9DA15905B9878,EIQ_HORSE_96F9DA15905B9878,SAME_FAVOURITE,True,True,SAME_FAVOURITE
EIQ_RACE_1F21D3454CAEFF3F,EIQ_HORSE_97FEEB796E24045B,2024,-0.027583449035923024,EIQ_HORSE_7CB60A8BEADF29BA,EIQ_HORSE_7CB60A8BEADF29BA,SAME_FAVOURITE,False,False,SAME_FAVOURITE
EIQ_RACE_1F3FB6C57EE1D31B,EIQ_HORSE_DDA7F067C4C7D09B,2025,-0.053123441868187626,EIQ_HORSE_DDA7F067C4C7D09B,EIQ_HORSE_DDA7F067C4C7D09B,SAME_FAVOURITE,True,True,SAME_FAVOURITE
EIQ_RACE_1F4A1D804947FBD8,EIQ_HORSE_C6F4001D21B37CA2,2023,-0.10418160300789281,EIQ_HORSE_C6F4001D21B37CA2,EIQ_HORSE_C6F4001D21B37CA2,SAME_FAVOURITE,True,True,SAME_FAVOURITE
EIQ_RACE_1F5756E832365D2C,EIQ_HORSE_0A7EB7F819A2C834,2023,-0.04793637693328279,EIQ_HORSE_1891FC7D4EBEAA2A,EIQ_HORSE_1891FC7D4EBEAA2A,SAME_FAVOURITE,False,False,SAME_FAVOURITE
EIQ_RACE_1F64671FA459AA40,EIQ_HORSE_D1336823805AAF69,2021,0.061653373244789256,EIQ_HORSE_D1336823805AAF69,EIQ_HORSE_D1336823805AAF69,SAME_FAVOURITE,True,True,SAME_FAVOURITE
EIQ_RACE_1F71D6914140CFE9,EIQ_HORSE_2CED826E4168DE20,2024,-0.037319713595710624,EIQ_HORSE_C2736E3B50657148,EIQ_HORSE_C2736E3B50657148,SAME_FAVOURITE,False,False,SAME_FAVOURITE
EIQ_RACE_1F95831C6C5529E2,EIQ_HORSE_439DC7C698C88049,2023,0.014958665051274522,EIQ_HORSE_5D7F798DDE90FD44,EIQ_HORSE_5D7F798DDE90FD44,SAME_FAVOURITE,False,False,SAME_FAVOURITE
EIQ_RACE_1F9F04EB6064E568,EIQ_HORSE_1E58FC5F26119880,2025,-0.15474424526203978,EIQ_HORSE_1E58FC5F26119880,EIQ_HORSE_1E58FC5F26119880,SAME_FAVOURITE,True,True,SAME_FAVOURITE
EIQ_RACE_1FAC927BAF4DA037,EIQ_HORSE_C0006FFC86C724C8,2024,0.014863832539806499,EIQ_HORSE_EED5FC6291B81677,EIQ_HORSE_970ECDC6A165ABBA,CHALLENGER_CHANGED_FAVOURITE,False,False,BOTH_WRONG
EIQ_RACE_1FAFF7AA9CEC9EF6,EIQ_HORSE_72170029CA5029E9,2021,-0.05363652055387402,EIQ_HORSE_910484D9DF7BE00B,EIQ_HORSE_910484D9DF7BE00B,SAME_FAVOURITE,False,False,SAME_FAVOURITE
EIQ_RACE_1FBA71C215297F1E,EIQ_HORSE_E93C3216283FF9CA,2021,0.20438845497273372,EIQ_HORSE_BD9C854DE77008E2,EIQ_HORSE_BD9C854DE77008E2,SAME_FAVOURITE,False,False,SAME_FAVOURITE
EIQ_RACE_1FCB81FA3C94BFD8,EIQ_HORSE_8CFBBBD97277F6DA,2023,-0.29104780449867285,EIQ_HORSE_D38B2F9191F3D21D,EIQ_HORSE_D38B2F9191F3D21D,SAME_FAVOURITE,False,False,SAME_FAVOURITE
EIQ_RACE_1FD3D9772BE0A034,EIQ_HORSE_02EECB3D2760DAF5,2024,-0.08781429213382808,EIQ_HORSE_17845332EA57D1F8,EIQ_HORSE_F8A6205876C2323E,CHALLENGER_CHANGED_FAVOURITE,False,False,BOTH_WRONG
EIQ_RACE_1FFB64CABD6C405A,EIQ_HORSE_891C4093A3A0EE26,2025,-0.041949273169833656,EIQ_HORSE_DC3F5D37E504ED01,EIQ_HORSE_DC3F5D37E504ED01,SAME_FAVOURITE,False,False,SAME_FAVOURITE
EIQ_RACE_20107005CF2C6D40,EIQ_HORSE_083668A2041F1989,2025,-0.0013289719547815437,EIQ_HORSE_D7DFA7630A41AAFE,EIQ_HORSE_D7DFA7630A41AAFE,SAME_FAVOURITE,False,False,SAME_FAVOURITE
EIQ_RACE_201375943C58AF33,EIQ_HORSE_4837DB9E201B2D8D,2025,0.03275541724243758,EIQ_HORSE_087E75632D01055C,EIQ_HORSE_087E75632D01055C,SAME_FAVOURITE,False,False,SAME_FAVOURITE
EIQ_RACE_2019FA9E291C89D7,EIQ_HORSE_00B4D396126B2E30,2024,0.009757019838327219,EIQ_HORSE_BFA897246305DC08,EIQ_HORSE_BFA897246305DC08,SAME_FAVOURITE,False,False,SAME_FAVOURITE
EIQ_RACE_203F40B283E97053,EIQ_HORSE_C0B95053AA5803C0,2021,0.05892348185443197,EIQ_HORSE_C0B95053AA5803C0,EIQ_HORSE_C0B95053AA5803C0,SAME_FAVOURITE,True,True,SAME_FAVOURITE
EIQ_RACE_205FD5E07C024E6E,EIQ_HORSE_F832DE82D84EE769,2021,0.009953115948473812,EIQ_HORSE_4F9E8DD49774988B,EIQ_HORSE_4F9E8DD49774988B,SAME_FAVOURITE,False,False,SAME_FAVOURITE
EIQ_RACE_207AF062362C918B,EIQ_HORSE_A8436963C00753D4,2022,0.06299204771833833,EIQ_HORSE_F090469C9C549A11,EIQ_HORSE_F090469C9C549A11,SAME_FAVOURITE,False,False,SAME_FAVOURITE
EIQ_RACE_207E5AA7C5C74D9E,EIQ_HORSE_F0881E34289E6185,2024,0.037441494319215174,EIQ_HORSE_BD80B839B1484A93,EIQ_HORSE_BD80B839B1484A93,SAME_FAVOURITE,False,False,SAME_FAVOURITE
EIQ_RACE_2083459444A60A42,EIQ_HORSE_0F25F43DB757B44D,2024,0.07116628180264284,EIQ_HORSE_37B6EB5B38723B2A,EIQ_HORSE_37B6EB5B38723B2A,SAME_FAVOURITE,False,False,SAME_FAVOURITE
EIQ_RACE_208CE6BBE2100CC1,EIQ_HORSE_DCEEB643D31859F5,2025,0.08043286340642197,EIQ_HORSE_41B92B17C4468C1C,EIQ_HORSE_41B92B17C4468C1C,SAME_FAVOURITE,False,False,SAME_FAVOURITE
EIQ_RACE_209E3E180DA2C163,EIQ_HORSE_3E6BB107A3A1F17A,2024,0.06016584120235202,EIQ_HORSE_482F543F42909DA8,EIQ_HORSE_482F543F42909DA8,SAME_FAVOURITE,False,False,SAME_FAVOURITE
EIQ_RACE_20AEA9CF1B214E42,EIQ_HORSE_CE78D76FBB8C309B,2021,0.09996197042000743,EIQ_HORSE_FCAC8E5D1FEF290D,EIQ_HORSE_FCAC8E5D1FEF290D,SAME_FAVOURITE,False,False,SAME_FAVOURITE
EIQ_RACE_20B8BB3145ACD8B4,EIQ_HORSE_B9E74E549070EEE2,2024,0.05510406613896657,EIQ_HORSE_B9E74E549070EEE2,EIQ_HORSE_B9E74E549070EEE2,SAME_FAVOURITE,True,True,SAME_FAVOURITE
EIQ_RACE_20C31A76BAD0195A,EIQ_HORSE_1A91878761F6EDD9,2024,-0.010686152663820003,EIQ_HORSE_89520D8CBB0DC1FC,EIQ_HORSE_89520D8CBB0DC1FC,SAME_FAVOURITE,False,False,SAME_FAVOURITE
EIQ_RACE_20D6BF98F1F607C2,EIQ_HORSE_57389327B5076B5D,2021,-0.19087078372132105,EIQ_HORSE_57389327B5076B5D,EIQ_HORSE_57389327B5076B5D,SAME_FAVOURITE,True,True,SAME_FAVOURITE
EIQ_RACE_20D8018C5DFB376C,EIQ_HORSE_96C5D10095DE531F,2024,0.05861738379528969,EIQ_HORSE_2996BA44E4C39278,EIQ_HORSE_2996BA44E4C39278,SAME_FAVOURITE,False,False,SAME_FAVOURITE
EIQ_RACE_21025B53BED3446C,EIQ_HORSE_A3F2E2B4E18627D4,2024,0.0010336684681253594,EIQ_HORSE_5F3CEA6AE7646B04,EIQ_HORSE_5F3CEA6AE7646B04,SAME_FAVOURITE,False,False,SAME_FAVOURITE
EIQ_RACE_2103A5BECE965795,EIQ_HORSE_EED2E9A4477E17F4,2025,-0.000956350806872841,EIQ_HORSE_EED2E9A4477E17F4,EIQ_HORSE_EED2E9A4477E17F4,SAME_FAVOURITE,True,True,SAME_FAVOURITE
EIQ_RACE_2107E29BFC97A995,EIQ_HORSE_D3655465DD171DBF,2025,-0.11422110630265747,EIQ_HORSE_AAA11513C5A8E357,EIQ_HORSE_AAA11513C5A8E357,SAME_FAVOURITE,False,False,SAME_FAVOURITE
EIQ_RACE_2112526FDAF31F14,EIQ_HORSE_633960C26A6DFCEA,2023,-0.12948400149263395,EIQ_HORSE_633960C26A6DFCEA,EIQ_HORSE_633960C26A6DFCEA,SAME_FAVOURITE,True,True,SAME_FAVOURITE
EIQ_RACE_212C5FC75FF73826,EIQ_HORSE_E94F2C87B5B8417C,2021,-0.017879487200632038,EIQ_HORSE_63D422B5B1015AAE,EIQ_HORSE_63D422B5B1015AAE,SAME_FAVOURITE,False,False,SAME_FAVOURITE
EIQ_RACE_213DE4640245BCDF,EIQ_HORSE_FA47E42ACCAEDE64,2022,-0.08798084113596549,EIQ_HORSE_0414B7600AC9F47C,EIQ_HORSE_40B4FF8F4F08DA2E,CHALLENGER_CHANGED_FAVOURITE,False,False,BOTH_WRONG
EIQ_RACE_2142E7235B1FBF51,EIQ_HORSE_D5C5B171291C1518,2023,-0.12610267520751384,EIQ_HORSE_5C9CBBED01A7AF25,EIQ_HORSE_5C9CBBED01A7AF25,SAME_FAVOURITE,False,False,SAME_FAVOURITE
EIQ_RACE_214EE3C5635D2D88,EIQ_HORSE_BF81C89AD0188194,2025,-0.08988165823179184,EIQ_HORSE_81E91E3B8525F1EA,EIQ_HORSE_79FC59B9603C6C76,CHALLENGER_CHANGED_FAVOURITE,False,False,BOTH_WRONG
EIQ_RACE_2152C3C424C73734,EIQ_HORSE_657387BBE1BC908D,2025,-0.17993993556916177,EIQ_HORSE_657387BBE1BC908D,EIQ_HORSE_723AA92027A121BF,CHALLENGER_CHANGED_FAVOURITE,True,False,STRICT_CORRECT_DROP_WRONG
EIQ_RACE_2160C3AD02F713D6,EIQ_HORSE_E42D8BE9F3410E07,2025,-0.01732136634674486,EIQ_HORSE_4EDF71504BA2CAD6,EIQ_HORSE_4EDF71504BA2CAD6,SAME_FAVOURITE,False,False,SAME_FAVOURITE
EIQ_RACE_217304D92AAA6F89,EIQ_HORSE_422C503853BCD1FA,2025,-0.0058456401436666194,EIQ_HORSE_8820E4F71A93EDBA,EIQ_HORSE_8820E4F71A93EDBA,SAME_FAVOURITE,False,False,SAME_FAVOURITE
EIQ_RACE_21794BCCEB6B2A4B,EIQ_HORSE_49D8204BC6C45804,2026,-0.058100159349041336,EIQ_HORSE_8CC0B1CBA33B82A6,EIQ_HORSE_05F27BA34AF94B80,CHALLENGER_CHANGED_FAVOURITE,False,False,BOTH_WRONG
EIQ_RACE_217BD6C552881501,EIQ_HORSE_E3888A5406AE2241,2021,-0.045315394707430734,EIQ_HORSE_9DEE65B88738E287,EIQ_HORSE_3D6A6AC63BBB74A6,CHALLENGER_CHANGED_FAVOURITE,False,False,BOTH_WRONG
EIQ_RACE_218C8CA838F10969,EIQ_HORSE_D2D0016757956475,2021,-0.014866960671816143,EIQ_HORSE_2A1A3F210B580F42,EIQ_HORSE_2A1A3F210B580F42,SAME_FAVOURITE,False,False,SAME_FAVOURITE
EIQ_RACE_2196B39BAE406E68,EIQ_HORSE_857C66162F3638EB,2026,-0.15991122264768465,EIQ_HORSE_857C66162F3638EB,EIQ_HORSE_164F96ABBA8A4A0D,CHALLENGER_CHANGED_FAVOURITE,True,False,STRICT_CORRECT_DROP_WRONG
EIQ_RACE_21A53CC4D0AA0922,EIQ_HORSE_8246ED5083B34FF9,2021,-0.2371870652861392,EIQ_HORSE_DF940935A45F6A59,EIQ_HORSE_DF940935A45F6A59,SAME_FAVOURITE,False,False,SAME_FAVOURITE
EIQ_RACE_21A8C3BA5C02F42C,EIQ_HORSE_85A846E4B86897F6,2024,-0.006533204161933481,EIQ_HORSE_85A846E4B86897F6,EIQ_HORSE_85A846E4B86897F6,SAME_FAVOURITE,True,True,SAME_FAVOURITE
EIQ_RACE_21ADE0D2B125B017,EIQ_HORSE_E1B7B3379BAE8D38,2024,-0.09155591104123562,EIQ_HORSE_E1B7B3379BAE8D38,EIQ_HORSE_E1B7B3379BAE8D38,SAME_FAVOURITE,True,True,SAME_FAVOURITE
EIQ_RACE_21B7710FB1CE95EB,EIQ_HORSE_90342CE8747A97E3,2021,-0.23510365951404144,EIQ_HORSE_90342CE8747A97E3,EIQ_HORSE_F0B95C649009B3F6,CHALLENGER_CHANGED_FAVOURITE,True,False,STRICT_CORRECT_DROP_WRONG
EIQ_RACE_21E355108FAFEA7E,EIQ_HORSE_EAF7CB8F9DEFB712,2026,0.04511367531179,EIQ_HORSE_6A7B3C98A67D37AC,EIQ_HORSE_6A7B3C98A67D37AC,SAME_FAVOURITE,False,False,SAME_FAVOURITE
EIQ_RACE_21F041B230457FA8,EIQ_HORSE_9A76A4EEDAE37838,2023,0.059723177351655776,EIQ_HORSE_9A76A4EEDAE37838,EIQ_HORSE_9A76A4EEDAE37838,SAME_FAVOURITE,True,True,SAME_FAVOURITE
EIQ_RACE_221712A5D23094A2,EIQ_HORSE_C6D67F4AA6E86BC6,2022,-0.014536002344146759,EIQ_HORSE_0FFBC9D20CB39652,EIQ_HORSE_0FFBC9D20CB39652,SAME_FAVOURITE,False,False,SAME_FAVOURITE
EIQ_RACE_222437494CC1C530,EIQ_HORSE_46581A95C268D348,2025,-0.17716808605765744,EIQ_HORSE_780B9C437147D024,EIQ_HORSE_780B9C437147D024,SAME_FAVOURITE,False,False,SAME_FAVOURITE
EIQ_RACE_222E94B8428ED8FA,EIQ_HORSE_B955035B828A0E8B,2026,-0.07511186046282137,EIQ_HORSE_B955035B828A0E8B,EIQ_HORSE_B955035B828A0E8B,SAME_FAVOURITE,True,True,SAME_FAVOURITE
EIQ_RACE_223C4291477119C5,EIQ_HORSE_1F97AA9D5860F71D,2025,-0.16891367985827932,EIQ_HORSE_740C50323A828918,EIQ_HORSE_740C50323A828918,SAME_FAVOURITE,False,False,SAME_FAVOURITE
EIQ_RACE_226B4263211E8F33,EIQ_HORSE_9008AC3D8A8685F3,2024,-0.05122431781273362,EIQ_HORSE_9008AC3D8A8685F3,EIQ_HORSE_9008AC3D8A8685F3,SAME_FAVOURITE,True,True,SAME_FAVOURITE
EIQ_RACE_226E17D69A6D6745,EIQ_HORSE_46581A95C268D348,2025,-0.23110233613572584,EIQ_HORSE_0B72230D9B878C47,EIQ_HORSE_0B72230D9B878C47,SAME_FAVOURITE,False,False,SAME_FAVOURITE
EIQ_RACE_2273954FC6A7E88B,EIQ_HORSE_76482FCB3CD47CE0,2023,0.03589761867150676,EIQ_HORSE_D58EB92B0EF07B8B,EIQ_HORSE_D58EB92B0EF07B8B,SAME_FAVOURITE,False,False,SAME_FAVOURITE
EIQ_RACE_227D0A1D97B1EEE2,EIQ_HORSE_BE4DE2031BEA38AE,2021,0.028722027249345583,EIQ_HORSE_92295A9DBEE27C01,EIQ_HORSE_92295A9DBEE27C01,SAME_FAVOURITE,False,False,SAME_FAVOURITE
EIQ_RACE_2290A32BE94EF096,EIQ_HORSE_55AA0B18B27297AC,2021,-0.014197274417742989,EIQ_HORSE_5D3D544B6527809E,EIQ_HORSE_5D3D544B6527809E,SAME_FAVOURITE,False,False,SAME_FAVOURITE
EIQ_RACE_22A5D4DF8B65230E,EIQ_HORSE_B64783D8E996CF0C,2023,0.047576699121006705,EIQ_HORSE_B64783D8E996CF0C,EIQ_HORSE_B64783D8E996CF0C,SAME_FAVOURITE,True,True,SAME_FAVOURITE
EIQ_RACE_22A7C373EDB10183,EIQ_HORSE_4C39D7FBDF9444C3,2024,-0.08302074496362244,EIQ_HORSE_4C39D7FBDF9444C3,EIQ_HORSE_4C39D7FBDF9444C3,SAME_FAVOURITE,True,True,SAME_FAVOURITE
EIQ_RACE_22B139B18BC20EFF,EIQ_HORSE_4C379E699782C1FA,2024,0.02919085361343554,EIQ_HORSE_5220C7D251B9512E,EIQ_HORSE_5220C7D251B9512E,SAME_FAVOURITE,False,False,SAME_FAVOURITE
EIQ_RACE_22B19B07CA8CE92D,EIQ_HORSE_6DF869ED5CC8C852,2021,-0.0032715002245682356,EIQ_HORSE_E31FCBE033DA38D3,EIQ_HORSE_E31FCBE033DA38D3,SAME_FAVOURITE,False,False,SAME_FAVOURITE
EIQ_RACE_22BE86251F1F089A,EIQ_HORSE_83AE7709C15BE66B,2021,0.023222694058172788,EIQ_HORSE_E083D1C4DE57184A,EIQ_HORSE_E083D1C4DE57184A,SAME_FAVOURITE,False,False,SAME_FAVOURITE
EIQ_RACE_22C1010DE7EA5074,EIQ_HORSE_07F2F52BF88DB85F,2024,-0.015233941646348503,EIQ_HORSE_396617F99809279F,EIQ_HORSE_396617F99809279F,SAME_FAVOURITE,False,False,SAME_FAVOURITE
EIQ_RACE_22CAF73D387EFD8F,EIQ_HORSE_7321694BDD8A24C3,2023,0.08778743917305021,EIQ_HORSE_7321694BDD8A24C3,EIQ_HORSE_7321694BDD8A24C3,SAME_FAVOURITE,True,True,SAME_FAVOURITE
EIQ_RACE_22F2B490E044EF2E,EIQ_HORSE_0DC973ADD3C8F991,2025,0.08963510810844699,EIQ_HORSE_8244851D0CF8422F,EIQ_HORSE_8244851D0CF8422F,SAME_FAVOURITE,False,False,SAME_FAVOURITE
EIQ_RACE_22F9FC0F50320D53,EIQ_HORSE_3EDE01D570666C76,2026,0.066559666183021,EIQ_HORSE_2DC5A3204FC9CB27,EIQ_HORSE_2DC5A3204FC9CB27,SAME_FAVOURITE,False,False,SAME_FAVOURITE
EIQ_RACE_22FF6A8FACB10507,EIQ_HORSE_60655DD250F06917,2023,0.12607630219910626,EIQ_HORSE_369D6455C0E710A1,EIQ_HORSE_60655DD250F06917,CHALLENGER_CHANGED_FAVOURITE,False,True,STRICT_WRONG_DROP_CORRECT
EIQ_RACE_2305E773297AF33B,EIQ_HORSE_0DBA18DE43CDA306,2023,-0.17817426484616017,EIQ_HORSE_0DBA18DE43CDA306,EIQ_HORSE_B358E4AF087C1533,CHALLENGER_CHANGED_FAVOURITE,True,False,STRICT_CORRECT_DROP_WRONG
EIQ_RACE_230672932ED900EF,EIQ_HORSE_E525D3C1E13DF52C,2023,0.12891763328171324,EIQ_HORSE_BB449CF9A130C595,EIQ_HORSE_BB449CF9A130C595,SAME_FAVOURITE,False,False,SAME_FAVOURITE
EIQ_RACE_230C4FDE14056434,EIQ_HORSE_7BECF22B7263A731,2024,0.18223780555471336,EIQ_HORSE_C86C9B983FF3438E,EIQ_HORSE_C86C9B983FF3438E,SAME_FAVOURITE,False,False,SAME_FAVOURITE
EIQ_RACE_230EC727260713E0,EIQ_HORSE_EBAC87D2B3AD8523,2022,-0.036362970645570813,EIQ_HORSE_2CD7AA13B91C5587,EIQ_HORSE_D74CD278C719C45C,CHALLENGER_CHANGED_FAVOURITE,False,False,BOTH_WRONG
EIQ_RACE_231BBE3448CBD239,EIQ_HORSE_CECEB420B2522F01,2021,-0.06304631559099727,EIQ_HORSE_CECEB420B2522F01,EIQ_HORSE_CECEB420B2522F01,SAME_FAVOURITE,True,True,SAME_FAVOURITE
EIQ_RACE_2325D255D4C296C9,EIQ_HORSE_B1AE8FA88D679B65,2024,-0.040051480096414016,EIQ_HORSE_723781CCB4760589,EIQ_HORSE_723781CCB4760589,SAME_FAVOURITE,False,False,SAME_FAVOURITE
EIQ_RACE_2328D0E58556D6C0,EIQ_HORSE_ABDCD89BB4F7B6C8,2024,0.040667390783139634,EIQ_HORSE_48E1740908B66F80,EIQ_HORSE_48E1740908B66F80,SAME_FAVOURITE,False,False,SAME_FAVOURITE
EIQ_RACE_2330389B6D226EEB,EIQ_HORSE_2849CBA8909DFD65,2023,-0.015008599787925903,EIQ_HORSE_AFC0D0144AFD05BA,EIQ_HORSE_AFC0D0144AFD05BA,SAME_FAVOURITE,False,False,SAME_FAVOURITE
EIQ_RACE_2344700D449C6559,EIQ_HORSE_12A8995BC2B87549,2023,-0.060173640737390954,EIQ_HORSE_4805B8E9F9667085,EIQ_HORSE_F75DF32DC8EACB3A,CHALLENGER_CHANGED_FAVOURITE,False,False,BOTH_WRONG
EIQ_RACE_2371EAB68ECC5F84,EIQ_HORSE_43C247055085CE0B,2021,0.0592250068620066,EIQ_HORSE_CBE7289A7A9E345D,EIQ_HORSE_CBE7289A7A9E345D,SAME_FAVOURITE,False,False,SAME_FAVOURITE
EIQ_RACE_239D215D39397AD6,EIQ_HORSE_8C49ED407BAC372B,2024,0.08687306700857489,EIQ_HORSE_3C2292132E6BA08D,EIQ_HORSE_3C2292132E6BA08D,SAME_FAVOURITE,False,False,SAME_FAVOURITE
EIQ_RACE_23A08C482946F645,EIQ_HORSE_33428E450F95C2C1,2025,-0.012650473922386496,EIQ_HORSE_33428E450F95C2C1,EIQ_HORSE_F0AC01780E760D31,CHALLENGER_CHANGED_FAVOURITE,True,False,STRICT_CORRECT_DROP_WRONG
EIQ_RACE_23A664F297A62005,EIQ_HORSE_B97DF40980BFE769,2023,0.09421988977589035,EIQ_HORSE_B5BD5D40CC069115,EIQ_HORSE_B5BD5D40CC069115,SAME_FAVOURITE,False,False,SAME_FAVOURITE
EIQ_RACE_23B080FE001DAFDE,EIQ_HORSE_ED1D28CD1A4D449E,2021,-0.09876045976504999,EIQ_HORSE_795DAE3535BB31FF,EIQ_HORSE_795DAE3535BB31FF,SAME_FAVOURITE,False,False,SAME_FAVOURITE
EIQ_RACE_23B6BD15BEB2989D,EIQ_HORSE_EB33B9E32D0303C6,2025,-0.06647602474685632,EIQ_HORSE_EB33B9E32D0303C6,EIQ_HORSE_EB33B9E32D0303C6,SAME_FAVOURITE,True,True,SAME_FAVOURITE
EIQ_RACE_23C65841C5E1E5EE,EIQ_HORSE_0178F579B02BCBBE,2024,0.07613442635188084,EIQ_HORSE_0178F579B02BCBBE,EIQ_HORSE_0178F579B02BCBBE,SAME_FAVOURITE,True,True,SAME_FAVOURITE
EIQ_RACE_23C76C95AC969F04,EIQ_HORSE_6FC19248DE536603,2024,0.09141434741553223,EIQ_HORSE_2B1AA3F10B8912B3,EIQ_HORSE_2B1AA3F10B8912B3,SAME_FAVOURITE,False,False,SAME_FAVOURITE
EIQ_RACE_23C88AE4955C0EDE,EIQ_HORSE_2FF4A862B29DBEEC,2021,0.03387920571808767,EIQ_HORSE_66EF52B9AB463902,EIQ_HORSE_66EF52B9AB463902,SAME_FAVOURITE,False,False,SAME_FAVOURITE
EIQ_RACE_23D7B61C177BAAA3,EIQ_HORSE_0297D3B095E200B7,2024,-0.02108057095936844,EIQ_HORSE_292E1DFA397EE233,EIQ_HORSE_292E1DFA397EE233,SAME_FAVOURITE,False,False,SAME_FAVOURITE
EIQ_RACE_23D87B563490F60D,EIQ_HORSE_3E6BB107A3A1F17A,2024,0.07304365200433649,EIQ_HORSE_1066C0F6EB428600,EIQ_HORSE_1066C0F6EB428600,SAME_FAVOURITE,False,False,SAME_FAVOURITE
EIQ_RACE_23E68268558222A1,EIQ_HORSE_F26D07CBB54E477A,2024,0.015708546988634886,EIQ_HORSE_14D041F296749F87,EIQ_HORSE_F5BB8EA38903A84E,CHALLENGER_CHANGED_FAVOURITE,False,False,BOTH_WRONG
EIQ_RACE_23E9FAC1B4FDA181,EIQ_HORSE_6A740351C1EF96FD,2025,0.1090296194619369,EIQ_HORSE_93E127A3FC899306,EIQ_HORSE_873376C449276580,CHALLENGER_CHANGED_FAVOURITE,False,False,BOTH_WRONG
EIQ_RACE_23EDB2DB686BBBF0,EIQ_HORSE_89E7964B38052868,2024,-0.05820049080212231,EIQ_HORSE_60226ED9E1831ECC,EIQ_HORSE_60226ED9E1831ECC,SAME_FAVOURITE,False,False,SAME_FAVOURITE
EIQ_RACE_23F42353279EDC56,EIQ_HORSE_FDF6FCFC25837357,2025,-0.023824987618211946,EIQ_HORSE_FDF6FCFC25837357,EIQ_HORSE_FDF6FCFC25837357,SAME_FAVOURITE,True,True,SAME_FAVOURITE
EIQ_RACE_23F630139006F5FB,EIQ_HORSE_6C9B60B0AF26B6C9,2024,-0.00934336270444125,EIQ_HORSE_6C9B60B0AF26B6C9,EIQ_HORSE_6C9B60B0AF26B6C9,SAME_FAVOURITE,True,True,SAME_FAVOURITE
EIQ_RACE_2402DFDD2C155115,EIQ_HORSE_CCED1B0AF6F32210,2025,-0.1354895916186376,EIQ_HORSE_CCED1B0AF6F32210,EIQ_HORSE_356DB0E95F04D472,CHALLENGER_CHANGED_FAVOURITE,True,False,STRICT_CORRECT_DROP_WRONG
EIQ_RACE_240E5E2B76317D0F,EIQ_HORSE_84FFBA1D9B2F4B6B,2021,-0.2412303643798146,EIQ_HORSE_0D22E23D1CB004EE,EIQ_HORSE_E5F952985A58AF73,CHALLENGER_CHANGED_FAVOURITE,False,False,BOTH_WRONG
EIQ_RACE_241B27F328F8A75D,EIQ_HORSE_832E432ED39625FE,2022,-0.007487011570438851,EIQ_HORSE_9F1A3B17973925CB,EIQ_HORSE_9F1A3B17973925CB,SAME_FAVOURITE,False,False,SAME_FAVOURITE
EIQ_RACE_24253569EB68A3D7,EIQ_HORSE_3554F7F9E38CAD84,2023,-0.06566426669709724,EIQ_HORSE_3554F7F9E38CAD84,EIQ_HORSE_3554F7F9E38CAD84,SAME_FAVOURITE,True,True,SAME_FAVOURITE
EIQ_RACE_243736F24834C829,EIQ_HORSE_3913F4D45F4BF75D,2023,0.05747679870263145,EIQ_HORSE_3913F4D45F4BF75D,EIQ_HORSE_3913F4D45F4BF75D,SAME_FAVOURITE,True,True,SAME_FAVOURITE
EIQ_RACE_243C65EC40BAF667,EIQ_HORSE_59EB5782461A63FD,2022,0.05096224794916826,EIQ_HORSE_CB36F1CE57D77914,EIQ_HORSE_CB36F1CE57D77914,SAME_FAVOURITE,False,False,SAME_FAVOURITE
EIQ_RACE_243E113A4D6745B9,EIQ_HORSE_5AF10C0AB34A3D79,2026,0.04775153186404757,EIQ_HORSE_5AF10C0AB34A3D79,EIQ_HORSE_5AF10C0AB34A3D79,SAME_FAVOURITE,True,True,SAME_FAVOURITE
EIQ_RACE_2445EFCC23DCCCC4,EIQ_HORSE_E91D7BD2D7CBB898,2025,0.195319644714552,EIQ_HORSE_D7DFA7630A41AAFE,EIQ_HORSE_D7DFA7630A41AAFE,SAME_FAVOURITE,False,False,SAME_FAVOURITE
EIQ_RACE_245116AA22D4AF21,EIQ_HORSE_5FE636559EC1A49D,2024,-0.1233940152222388,EIQ_HORSE_CCE374A07EB9FF74,EIQ_HORSE_CCE374A07EB9FF74,SAME_FAVOURITE,False,False,SAME_FAVOURITE
EIQ_RACE_245A9B6426CD60BA,EIQ_HORSE_37315AAFBEE9113B,2025,-0.04641548678613505,EIQ_HORSE_C6638052FA537A67,EIQ_HORSE_C6638052FA537A67,SAME_FAVOURITE,False,False,SAME_FAVOURITE
EIQ_RACE_245C230BB9FBF7E4,EIQ_HORSE_721F224056804937,2021,-0.054867413857553116,EIQ_HORSE_59C10C7CD433B137,EIQ_HORSE_59C10C7CD433B137,SAME_FAVOURITE,False,False,SAME_FAVOURITE
EIQ_RACE_248F58DF4F4F62AD,EIQ_HORSE_FE3D37D164B7A468,2023,-0.06063253129371482,EIQ_HORSE_6C46C1712AB5CCD7,EIQ_HORSE_6C46C1712AB5CCD7,SAME_FAVOURITE,False,False,SAME_FAVOURITE
EIQ_RACE_249C69F098F2F197,EIQ_HORSE_B97DF40980BFE769,2025,-0.13826993549183886,EIQ_HORSE_18E81A77B52F9E60,EIQ_HORSE_18E81A77B52F9E60,SAME_FAVOURITE,False,False,SAME_FAVOURITE
EIQ_RACE_24B5F0E05BBD3787,EIQ_HORSE_39DBCD570405A36B,2023,-0.13483482096643207,EIQ_HORSE_39DBCD570405A36B,EIQ_HORSE_39DBCD570405A36B,SAME_FAVOURITE,True,True,SAME_FAVOURITE
EIQ_RACE_24B6D731718960D4,EIQ_HORSE_0F2F45D47E8CE0CD,2025,0.01807004383376687,EIQ_HORSE_DFE3A43F75DCED86,EIQ_HORSE_DFE3A43F75DCED86,SAME_FAVOURITE,False,False,SAME_FAVOURITE
EIQ_RACE_24B7B827BD621032,EIQ_HORSE_0F4785063F5B06A0,2024,0.15044404786790433,EIQ_HORSE_B6C4C8306D92ACA9,EIQ_HORSE_B6C4C8306D92ACA9,SAME_FAVOURITE,False,False,SAME_FAVOURITE
EIQ_RACE_24C8BCEF39165825,EIQ_HORSE_69356FA6A0D62B5D,2022,-0.05195096968465496,EIQ_HORSE_0AA41BBF42AC52FD,EIQ_HORSE_0AA41BBF42AC52FD,SAME_FAVOURITE,False,False,SAME_FAVOURITE
EIQ_RACE_24CDA7833835CBD3,EIQ_HORSE_523DF3FFD533E89E,2025,-0.08224744299211983,EIQ_HORSE_7BE502A3B034A31B,EIQ_HORSE_7BE502A3B034A31B,SAME_FAVOURITE,False,False,SAME_FAVOURITE
EIQ_RACE_24D0BE8BFC857BAF,EIQ_HORSE_619BB7A8F44C7842,2024,-0.04421301567397684,EIQ_HORSE_9DB595483C6B00CE,EIQ_HORSE_9DB595483C6B00CE,SAME_FAVOURITE,False,False,SAME_FAVOURITE
EIQ_RACE_24D65CBC2B28B65B,EIQ_HORSE_8FA103BD6AA198C0,2024,0.06068104914697692,EIQ_HORSE_FA42145F4E247EDA,EIQ_HORSE_8FA103BD6AA198C0,CHALLENGER_CHANGED_FAVOURITE,False,True,STRICT_WRONG_DROP_CORRECT
EIQ_RACE_25168BB0086DB3CE,EIQ_HORSE_F1E1FB760B47B8EB,2023,0.008254119091058332,EIQ_HORSE_6EAAD796F259622C,EIQ_HORSE_6EAAD796F259622C,SAME_FAVOURITE,False,False,SAME_FAVOURITE
EIQ_RACE_25328D209F4E34DE,EIQ_HORSE_828CC0B87F1EF78C,2021,0.10434781854302266,EIQ_HORSE_828CC0B87F1EF78C,EIQ_HORSE_828CC0B87F1EF78C,SAME_FAVOURITE,True,True,SAME_FAVOURITE
EIQ_RACE_253ACE0AB611BECE,EIQ_HORSE_E814E5BBA8634787,2025,-0.008505187800805558,EIQ_HORSE_619AB5D568D70DC9,EIQ_HORSE_15F95DE74A987E66,CHALLENGER_CHANGED_FAVOURITE,False,False,BOTH_WRONG
EIQ_RACE_2555EB003F05C3BE,EIQ_HORSE_91FE16B9C42069C8,2023,-0.039601393899901804,EIQ_HORSE_91FE16B9C42069C8,EIQ_HORSE_48615141E2769B3B,CHALLENGER_CHANGED_FAVOURITE,True,False,STRICT_CORRECT_DROP_WRONG
EIQ_RACE_255B5972E9E0F78A,EIQ_HORSE_E19340E48ECF2658,2025,0.20582317653142757,EIQ_HORSE_E19340E48ECF2658,EIQ_HORSE_E19340E48ECF2658,SAME_FAVOURITE,True,True,SAME_FAVOURITE
EIQ_RACE_2560513E1C6D48F5,EIQ_HORSE_0314AB7E9C23D85E,2026,-0.03277296857357204,EIQ_HORSE_0314AB7E9C23D85E,EIQ_HORSE_0314AB7E9C23D85E,SAME_FAVOURITE,True,True,SAME_FAVOURITE
EIQ_RACE_2561DC2B18FDD66B,EIQ_HORSE_58B0124457448CF2,2021,-0.02162071959291678,EIQ_HORSE_58B0124457448CF2,EIQ_HORSE_58B0124457448CF2,SAME_FAVOURITE,True,True,SAME_FAVOURITE
EIQ_RACE_2563E2F382736BE1,EIQ_HORSE_128BF63B2135C6BD,2025,0.12609886853376473,EIQ_HORSE_4103EFC4EA37FF45,EIQ_HORSE_4103EFC4EA37FF45,SAME_FAVOURITE,False,False,SAME_FAVOURITE
EIQ_RACE_257055E2102251BA,EIQ_HORSE_B4AAE51B00CA9EF7,2025,0.022632748250357437,EIQ_HORSE_43811BB989278C50,EIQ_HORSE_43811BB989278C50,SAME_FAVOURITE,False,False,SAME_FAVOURITE
EIQ_RACE_2578AD310CFCC68C,EIQ_HORSE_F0EE6E4CFB290A1F,2025,0.02833520400544165,EIQ_HORSE_9C4C7C71B8A681F6,EIQ_HORSE_9C4C7C71B8A681F6,SAME_FAVOURITE,False,False,SAME_FAVOURITE
EIQ_RACE_2588AC2A1327F1C8,EIQ_HORSE_FEA4C06DCE509B42,2025,0.02476545499002336,EIQ_HORSE_8A9F6BCED2443E85,EIQ_HORSE_FEA4C06DCE509B42,CHALLENGER_CHANGED_FAVOURITE,False,True,STRICT_WRONG_DROP_CORRECT
EIQ_RACE_25926BDCBDDA9E4E,EIQ_HORSE_0BFE6EEDA7BF7A01,2025,0.16717039799176625,EIQ_HORSE_02EFD10E58A17664,EIQ_HORSE_02EFD10E58A17664,SAME_FAVOURITE,False,False,SAME_FAVOURITE
EIQ_RACE_25982CC074680F84,EIQ_HORSE_246CCB84C390C843,2023,-0.10581991341351049,EIQ_HORSE_0DBA18DE43CDA306,EIQ_HORSE_0DBA18DE43CDA306,SAME_FAVOURITE,False,False,SAME_FAVOURITE
EIQ_RACE_25B61294FEC59725,EIQ_HORSE_08881BE9AA73AC54,2021,0.03590505049049564,EIQ_HORSE_01E84DBEEE7BC9D6,EIQ_HORSE_08DDA6F027738C0C,CHALLENGER_CHANGED_FAVOURITE,False,False,BOTH_WRONG
EIQ_RACE_25C0025FF8F435E5,EIQ_HORSE_4005072B1894F8F0,2024,-0.07229162800447952,EIQ_HORSE_4005072B1894F8F0,EIQ_HORSE_4005072B1894F8F0,SAME_FAVOURITE,True,True,SAME_FAVOURITE
EIQ_RACE_25C32290AA4F696F,EIQ_HORSE_DFA57B3FA3379C94,2024,-0.14250407605625304,EIQ_HORSE_111E66ADA92524CE,EIQ_HORSE_111E66ADA92524CE,SAME_FAVOURITE,False,False,SAME_FAVOURITE
EIQ_RACE_25D2AFD80979F7BE,EIQ_HORSE_25F73964BA0CA3AB,2023,-0.06564685428546779,EIQ_HORSE_54A6D4F1B208EE57,EIQ_HORSE_54A6D4F1B208EE57,SAME_FAVOURITE,False,False,SAME_FAVOURITE
EIQ_RACE_25D30F2A18A6C4B9,EIQ_HORSE_7CBDD03CA5D1BB38,2025,0.10700835142341725,EIQ_HORSE_033E3E8894B40FAE,EIQ_HORSE_033E3E8894B40FAE,SAME_FAVOURITE,False,False,SAME_FAVOURITE
EIQ_RACE_25D4A2A6F9BAD072,EIQ_HORSE_FE15121EA5A61541,2024,-0.08151943050172017,EIQ_HORSE_FD8BFEAC1050BCA7,EIQ_HORSE_FD8BFEAC1050BCA7,SAME_FAVOURITE,False,False,SAME_FAVOURITE
EIQ_RACE_25E1173E3DED7DC2,EIQ_HORSE_A4116F3C6E202DCE,2025,-0.026209330889423565,EIQ_HORSE_A3B332C0A4822A13,EIQ_HORSE_6ADA509485CE053B,CHALLENGER_CHANGED_FAVOURITE,False,False,BOTH_WRONG
EIQ_RACE_25E9D2392EDEF671,EIQ_HORSE_46B0DF18FC56B7E9,2026,0.046831567931159945,EIQ_HORSE_46B0DF18FC56B7E9,EIQ_HORSE_46B0DF18FC56B7E9,SAME_FAVOURITE,True,True,SAME_FAVOURITE
EIQ_RACE_25EFE62281EA7F4A,EIQ_HORSE_4AD23FE6579EEF6C,2026,0.08071495343276114,EIQ_HORSE_4AD23FE6579EEF6C,EIQ_HORSE_4AD23FE6579EEF6C,SAME_FAVOURITE,True,True,SAME_FAVOURITE
EIQ_RACE_25F099CEA3146018,EIQ_HORSE_6C0BB08BEF7BCCB9,2026,-0.23996717569642723,EIQ_HORSE_9B50A6D6C9ECCB80,EIQ_HORSE_9B50A6D6C9ECCB80,SAME_FAVOURITE,False,False,SAME_FAVOURITE
EIQ_RACE_25FB6BE38409F31D,EIQ_HORSE_ABD02BFE9EEB197E,2026,-0.06454699683351306,EIQ_HORSE_0BCF3A3B407B47A0,EIQ_HORSE_0BCF3A3B407B47A0,SAME_FAVOURITE,False,False,SAME_FAVOURITE
EIQ_RACE_2601F2DE685A4722,EIQ_HORSE_7B0D2B90F5EAF9FF,2021,0.06600210118665606,EIQ_HORSE_61282439DB7210B2,EIQ_HORSE_61282439DB7210B2,SAME_FAVOURITE,False,False,SAME_FAVOURITE
EIQ_RACE_2605993E8DA0356F,EIQ_HORSE_4ABA40C6B687E1BE,2023,0.12809570319831387,EIQ_HORSE_6064C556659EC13A,EIQ_HORSE_6064C556659EC13A,SAME_FAVOURITE,False,False,SAME_FAVOURITE
EIQ_RACE_2617A5B21FC96555,EIQ_HORSE_B267CDD94C7B2521,2024,0.060907249105047745,EIQ_HORSE_2B1AA3F10B8912B3,EIQ_HORSE_2B1AA3F10B8912B3,SAME_FAVOURITE,False,False,SAME_FAVOURITE
EIQ_RACE_2636253972EAAA14,EIQ_HORSE_A39105322D20D8CF,2023,0.11767600429871061,EIQ_HORSE_4D9401C59B875571,EIQ_HORSE_B26FDE6A51A24CB0,CHALLENGER_CHANGED_FAVOURITE,False,False,BOTH_WRONG
EIQ_RACE_2638D8AC5F4CD552,EIQ_HORSE_E7362D29BAA42D2E,2021,0.26948368880542684,EIQ_HORSE_E7362D29BAA42D2E,EIQ_HORSE_E7362D29BAA42D2E,SAME_FAVOURITE,True,True,SAME_FAVOURITE
EIQ_RACE_263E4FFA455AF9F0,EIQ_HORSE_AE671F74E737FC34,2024,-0.017851014992601222,EIQ_HORSE_AC6E716341278C6F,EIQ_HORSE_301FC6F99F1D3B41,CHALLENGER_CHANGED_FAVOURITE,False,False,BOTH_WRONG
EIQ_RACE_264A0B556A40CFC0,EIQ_HORSE_D2F96B8B50B98E49,2024,-0.13030958840671314,EIQ_HORSE_B092A58A2C550803,EIQ_HORSE_B092A58A2C550803,SAME_FAVOURITE,False,False,SAME_FAVOURITE
EIQ_RACE_267036BB1253CF3D,EIQ_HORSE_3AD1427551714732,2024,-0.07806941098672127,EIQ_HORSE_3AD1427551714732,EIQ_HORSE_C8B1AE3A558FF4B7,CHALLENGER_CHANGED_FAVOURITE,True,False,STRICT_CORRECT_DROP_WRONG
EIQ_RACE_267393810C3F2339,EIQ_HORSE_F5F2CE9A71E1212C,2024,0.049423896788918675,EIQ_HORSE_9B1740203C9F5A36,EIQ_HORSE_7887AA506F8C1FF7,CHALLENGER_CHANGED_FAVOURITE,False,False,BOTH_WRONG
EIQ_RACE_2675F8B34FA922CE,EIQ_HORSE_85508F0E4623C52B,2023,0.15245828024755026,EIQ_HORSE_E7EA2D8C418813D9,EIQ_HORSE_E7EA2D8C418813D9,SAME_FAVOURITE,False,False,SAME_FAVOURITE
EIQ_RACE_26847AACB950D792,EIQ_HORSE_769969F81ED6FF0C,2026,0.0017812886163567354,EIQ_HORSE_769969F81ED6FF0C,EIQ_HORSE_769969F81ED6FF0C,SAME_FAVOURITE,True,True,SAME_FAVOURITE
EIQ_RACE_2687A31EE45F0F6C,EIQ_HORSE_C5F47616911CE3CF,2023,-0.12432668683118164,EIQ_HORSE_6910B66686015EEB,EIQ_HORSE_6910B66686015EEB,SAME_FAVOURITE,False,False,SAME_FAVOURITE
EIQ_RACE_269BD58AAF53B8AA,EIQ_HORSE_B51FA2B38B83F04F,2021,-0.13776806073533887,EIQ_HORSE_3BDC4985809BAAA3,EIQ_HORSE_3BDC4985809BAAA3,SAME_FAVOURITE,False,False,SAME_FAVOURITE
EIQ_RACE_269DDDE644D9573C,EIQ_HORSE_AB7F9D463C5E7303,2024,0.062246837726389836,EIQ_HORSE_AB7F9D463C5E7303,EIQ_HORSE_AB7F9D463C5E7303,SAME_FAVOURITE,True,True,SAME_FAVOURITE
EIQ_RACE_26A0511A90C278DB,EIQ_HORSE_57F25AC1ED0E7942,2024,0.01694406810893767,EIQ_HORSE_D446A61A101FB38E,EIQ_HORSE_D446A61A101FB38E,SAME_FAVOURITE,False,False,SAME_FAVOURITE
EIQ_RACE_26A343C1DFE4481A,EIQ_HORSE_3442DB9F15CF2058,2025,0.09564144104533634,EIQ_HORSE_71EA0EEB169718E6,EIQ_HORSE_71EA0EEB169718E6,SAME_FAVOURITE,False,False,SAME_FAVOURITE
EIQ_RACE_26A51762308E9F2C,EIQ_HORSE_568EC8A56A7E7768,2026,-0.0015584670409800605,EIQ_HORSE_00DBDA68521A83BA,EIQ_HORSE_00DBDA68521A83BA,SAME_FAVOURITE,False,False,SAME_FAVOURITE
EIQ_RACE_26A757B67BE0DC78,EIQ_HORSE_ACCDB3775843E786,2021,-0.13825616478179836,EIQ_HORSE_ACCDB3775843E786,EIQ_HORSE_ACCDB3775843E786,SAME_FAVOURITE,True,True,SAME_FAVOURITE
EIQ_RACE_26ADFD70E6AB4F06,EIQ_HORSE_F962E1A153B6A1EA,2024,-0.07869478426296328,EIQ_HORSE_BDD6498A2F1D8188,EIQ_HORSE_BDD6498A2F1D8188,SAME_FAVOURITE,False,False,SAME_FAVOURITE
EIQ_RACE_26BC3BC9F9E9E4AD,EIQ_HORSE_D40B4D2F7D72A47C,2024,0.15453876495639918,EIQ_HORSE_4FD1D40555B5CC6F,EIQ_HORSE_4FD1D40555B5CC6F,SAME_FAVOURITE,False,False,SAME_FAVOURITE
EIQ_RACE_26E58BCA4FBED984,EIQ_HORSE_8B471D9FD2477A82,2025,-0.08264653603050887,EIQ_HORSE_26796CF8E84377AA,EIQ_HORSE_BF59E84085E24541,CHALLENGER_CHANGED_FAVOURITE,False,False,BOTH_WRONG
EIQ_RACE_26E8679AA3EAE9D6,EIQ_HORSE_8DF2242742FCDA73,2022,-0.05716317589074049,EIQ_HORSE_8DF2242742FCDA73,EIQ_HORSE_8DF2242742FCDA73,SAME_FAVOURITE,True,True,SAME_FAVOURITE
EIQ_RACE_26EA0B338BACD738,EIQ_HORSE_A1B8AFDB1AF8C03C,2024,0.1640759807587413,EIQ_HORSE_7B50124663688E61,EIQ_HORSE_A1B8AFDB1AF8C03C,CHALLENGER_CHANGED_FAVOURITE,False,True,STRICT_WRONG_DROP_CORRECT
EIQ_RACE_27023DA9E3BA7E6D,EIQ_HORSE_BB0FC84FAF60D1DB,2025,-0.17433511356386044,EIQ_HORSE_BB0FC84FAF60D1DB,EIQ_HORSE_FE519A56B4BA6E0F,CHALLENGER_CHANGED_FAVOURITE,True,False,STRICT_CORRECT_DROP_WRONG
EIQ_RACE_27073076A117375D,EIQ_HORSE_A4E06195D9B35509,2025,0.1431777438923154,EIQ_HORSE_C0AA60CA6F0E3B3C,EIQ_HORSE_C0AA60CA6F0E3B3C,SAME_FAVOURITE,False,False,SAME_FAVOURITE
EIQ_RACE_271110498ED14D6D,EIQ_HORSE_E92465F6E12E7D97,2021,-0.028750289098538495,EIQ_HORSE_22896E4C68B12AE4,EIQ_HORSE_22896E4C68B12AE4,SAME_FAVOURITE,False,False,SAME_FAVOURITE
EIQ_RACE_2720659CDB07AABE,EIQ_HORSE_869FA02F6237BD5F,2021,0.16426448725099285,EIQ_HORSE_CE31FE196D78D42F,EIQ_HORSE_869FA02F6237BD5F,CHALLENGER_CHANGED_FAVOURITE,False,True,STRICT_WRONG_DROP_CORRECT
EIQ_RACE_2722932F7E4EAF1E,EIQ_HORSE_0B20AAF7A3571037,2023,0.13490078660136606,EIQ_HORSE_364E84FEF58BD93A,EIQ_HORSE_364E84FEF58BD93A,SAME_FAVOURITE,False,False,SAME_FAVOURITE
EIQ_RACE_2724ADCDECE91F8F,EIQ_HORSE_EE7FF4F965169D91,2024,-0.023195365757481046,EIQ_HORSE_C8FB108DCA591235,EIQ_HORSE_C8FB108DCA591235,SAME_FAVOURITE,False,False,SAME_FAVOURITE
EIQ_RACE_272E7624E3C3C658,EIQ_HORSE_D0852FEC898F15CC,2022,-0.22581926986358836,EIQ_HORSE_6FBC3DE8FAAEA4F4,EIQ_HORSE_6FBC3DE8FAAEA4F4,SAME_FAVOURITE,False,False,SAME_FAVOURITE
EIQ_RACE_274DCD6DF06A44CB,EIQ_HORSE_E45A98E04A4ECFE3,2021,0.022807354908008337,EIQ_HORSE_F2BDBF3638324199,EIQ_HORSE_F2BDBF3638324199,SAME_FAVOURITE,False,False,SAME_FAVOURITE
EIQ_RACE_2765743A151D9EF5,EIQ_HORSE_7C1103C1F878D438,2024,0.01598550884675287,EIQ_HORSE_7C1103C1F878D438,EIQ_HORSE_7C1103C1F878D438,SAME_FAVOURITE,True,True,SAME_FAVOURITE
EIQ_RACE_27687DCE60A9CAA7,EIQ_HORSE_6A9516B6CD41A238,2022,-0.15103219393492262,EIQ_HORSE_6A9516B6CD41A238,EIQ_HORSE_6A9516B6CD41A238,SAME_FAVOURITE,True,True,SAME_FAVOURITE
EIQ_RACE_276EA2A12AC2460E,EIQ_HORSE_9F71997FCE95C944,2024,0.12974559329183322,EIQ_HORSE_622699B21D7E4B2B,EIQ_HORSE_192CDFD7CACED886,CHALLENGER_CHANGED_FAVOURITE,False,False,BOTH_WRONG
EIQ_RACE_276FCFDCAF1BD883,EIQ_HORSE_304E442EEA6A3F07,2024,-0.009166102318351577,EIQ_HORSE_448A1AE9842BBE1B,EIQ_HORSE_448A1AE9842BBE1B,SAME_FAVOURITE,False,False,SAME_FAVOURITE
EIQ_RACE_277D2E03462B18D1,EIQ_HORSE_E74678342C2B96E6,2026,0.07204551777041868,EIQ_HORSE_0F2F45D47E8CE0CD,EIQ_HORSE_0F2F45D47E8CE0CD,SAME_FAVOURITE,False,False,SAME_FAVOURITE
EIQ_RACE_277F5DDB108FF24C,EIQ_HORSE_9A14662CCFA6DB4E,2023,-0.13063933850744203,EIQ_HORSE_87A9103C3B3F154C,EIQ_HORSE_87A9103C3B3F154C,SAME_FAVOURITE,False,False,SAME_FAVOURITE
EIQ_RACE_2782CCB374B105F2,EIQ_HORSE_0793406763730F74,2025,-0.23238495387136182,EIQ_HORSE_0793406763730F74,EIQ_HORSE_1066C0F6EB428600,CHALLENGER_CHANGED_FAVOURITE,True,False,STRICT_CORRECT_DROP_WRONG
EIQ_RACE_2783574E230195B0,EIQ_HORSE_D6C03416797E57CE,2023,0.010864692477725812,EIQ_HORSE_D8B34E8886CA2BF4,EIQ_HORSE_D8B34E8886CA2BF4,SAME_FAVOURITE,False,False,SAME_FAVOURITE
EIQ_RACE_27911552818D07C3,EIQ_HORSE_E71673A080273555,2021,-0.019094934093888183,EIQ_HORSE_80CD252DCAC6F8D8,EIQ_HORSE_EC1C8B43BD2CA63C,CHALLENGER_CHANGED_FAVOURITE,False,False,BOTH_WRONG
EIQ_RACE_27A1B496A7F1ED5F,EIQ_HORSE_6C67D1BE7BCE87D4,2021,-0.03377966764273066,EIQ_HORSE_6C67D1BE7BCE87D4,EIQ_HORSE_6C67D1BE7BCE87D4,SAME_FAVOURITE,True,True,SAME_FAVOURITE
EIQ_RACE_27B52079C32DDA73,EIQ_HORSE_DF0809B91B4B2DBB,2022,-0.14478576839729462,EIQ_HORSE_4BD367A7DA471A2A,EIQ_HORSE_4BD367A7DA471A2A,SAME_FAVOURITE,False,False,SAME_FAVOURITE
EIQ_RACE_27C1FFBDCBAE4C2A,EIQ_HORSE_D82E1B3219C12D4E,2026,0.02183499701787528,EIQ_HORSE_F99F8AC8F0D11E32,EIQ_HORSE_F99F8AC8F0D11E32,SAME_FAVOURITE,False,False,SAME_FAVOURITE
EIQ_RACE_27C541B2D4385C50,EIQ_HORSE_7032AB3757737F00,2021,0.042552412097310865,EIQ_HORSE_7032AB3757737F00,EIQ_HORSE_7032AB3757737F00,SAME_FAVOURITE,True,True,SAME_FAVOURITE
EIQ_RACE_27CE968E63678FC8,EIQ_HORSE_E30D0644B666C0CF,2025,-0.191986555674593,EIQ_HORSE_E30D0644B666C0CF,EIQ_HORSE_E30D0644B666C0CF,SAME_FAVOURITE,True,True,SAME_FAVOURITE
EIQ_RACE_27D39E1931520FDA,EIQ_HORSE_92E30C6EC9B5AF51,2026,-0.08080736578862702,EIQ_HORSE_46B0DF18FC56B7E9,EIQ_HORSE_46B0DF18FC56B7E9,SAME_FAVOURITE,False,False,SAME_FAVOURITE
EIQ_RACE_27E17224A44A2EC6,EIQ_HORSE_0F4785063F5B06A0,2023,-0.06836994502311966,EIQ_HORSE_C5D32C6B859EA38C,EIQ_HORSE_C5D32C6B859EA38C,SAME_FAVOURITE,False,False,SAME_FAVOURITE
EIQ_RACE_27EDFE3D07F9D3FC,EIQ_HORSE_EAB8528975213A33,2023,0.2221331956133823,EIQ_HORSE_74A12AD781BC2810,EIQ_HORSE_1FC012B639275E8E,CHALLENGER_CHANGED_FAVOURITE,False,False,BOTH_WRONG
EIQ_RACE_27F0A99354D2431F,EIQ_HORSE_95AC1F3EC4A9726D,2021,-0.18810740366565915,EIQ_HORSE_0AF67BBBD1CF2B27,EIQ_HORSE_9712A857E3C1999E,CHALLENGER_CHANGED_FAVOURITE,False,False,BOTH_WRONG
EIQ_RACE_2818EF25B8C8C19B,EIQ_HORSE_18F4D1C231D1C647,2024,0.004743616117943272,EIQ_HORSE_C4D458DC05A92094,EIQ_HORSE_C4D458DC05A92094,SAME_FAVOURITE,False,False,SAME_FAVOURITE
EIQ_RACE_2820016ED343EE87,EIQ_HORSE_5A8A318865CBC4E7,2021,-0.1664010143864203,EIQ_HORSE_642E653831E52664,EIQ_HORSE_642E653831E52664,SAME_FAVOURITE,False,False,SAME_FAVOURITE
EIQ_RACE_28374BB8DF5B2705,EIQ_HORSE_BD494A6A22C0B63F,2026,0.2037891220097452,EIQ_HORSE_BD494A6A22C0B63F,EIQ_HORSE_BD494A6A22C0B63F,SAME_FAVOURITE,True,True,SAME_FAVOURITE
EIQ_RACE_28387C2CA81F807C,EIQ_HORSE_465FA597E32D3F77,2024,-0.05902085006124258,EIQ_HORSE_881DF6A0A462B059,EIQ_HORSE_881DF6A0A462B059,SAME_FAVOURITE,False,False,SAME_FAVOURITE
EIQ_RACE_28416F17A881FFF4,EIQ_HORSE_4E89D9906186D69A,2021,-0.08355761692937702,EIQ_HORSE_4E89D9906186D69A,EIQ_HORSE_4E89D9906186D69A,SAME_FAVOURITE,True,True,SAME_FAVOURITE
EIQ_RACE_28505ED9DA4F0A68,EIQ_HORSE_AE1A5BEE1CB6BD69,2024,-0.15821327874236024,EIQ_HORSE_F30D4604D4EC791C,EIQ_HORSE_F30D4604D4EC791C,SAME_FAVOURITE,False,False,SAME_FAVOURITE
EIQ_RACE_2851054896D918B9,EIQ_HORSE_3F2D4A69596AC088,2021,-0.09615437266893512,EIQ_HORSE_E22889336BFCB70B,EIQ_HORSE_7E8E81CBDC8E3340,CHALLENGER_CHANGED_FAVOURITE,False,False,BOTH_WRONG
EIQ_RACE_285433A5FE515025,EIQ_HORSE_7ABAD0F68D92F4AF,2023,-0.2662791864732619,EIQ_HORSE_5169612F3EFED3F2,EIQ_HORSE_5169612F3EFED3F2,SAME_FAVOURITE,False,False,SAME_FAVOURITE
EIQ_RACE_2868E97F63173EB4,EIQ_HORSE_3140BB68D17A7FAE,2021,-0.1628464469349944,EIQ_HORSE_5559E3195E564113,EIQ_HORSE_5559E3195E564113,SAME_FAVOURITE,False,False,SAME_FAVOURITE
EIQ_RACE_2878FEFCD45A508B,EIQ_HORSE_B0C9F6792A5D3163,2025,-0.0009456163530736639,EIQ_HORSE_546C8C5321BF24C9,EIQ_HORSE_546C8C5321BF24C9,SAME_FAVOURITE,False,False,SAME_FAVOURITE
EIQ_RACE_287DEDECBFE3A516,EIQ_HORSE_E2B8B774BF9829CF,2025,-0.11448043742311409,EIQ_HORSE_E2B8B774BF9829CF,EIQ_HORSE_0F2F45D47E8CE0CD,CHALLENGER_CHANGED_FAVOURITE,True,False,STRICT_CORRECT_DROP_WRONG
EIQ_RACE_28814F11871D4561,EIQ_HORSE_B9FEEABB220C5346,2024,0.1439293681336007,EIQ_HORSE_B2536CD076BABCCB,EIQ_HORSE_B2536CD076BABCCB,SAME_FAVOURITE,False,False,SAME_FAVOURITE
EIQ_RACE_2885B284CC2B09CF,EIQ_HORSE_395432716AE98EAB,2021,-0.06675208875586924,EIQ_HORSE_395432716AE98EAB,EIQ_HORSE_395432716AE98EAB,SAME_FAVOURITE,True,True,SAME_FAVOURITE
EIQ_RACE_288E57ADFD5AF50A,EIQ_HORSE_8B79BD9D37DB6852,2024,0.02122032259161566,EIQ_HORSE_8AEFA0C282F70EBE,EIQ_HORSE_8AEFA0C282F70EBE,SAME_FAVOURITE,False,False,SAME_FAVOURITE
EIQ_RACE_289D740BF73F8EB9,EIQ_HORSE_CF7B8F599913E808,2025,-0.05642548817583881,EIQ_HORSE_F0FA749F7DDEC461,EIQ_HORSE_F0FA749F7DDEC461,SAME_FAVOURITE,False,False,SAME_FAVOURITE
EIQ_RACE_289D77711FDD9191,EIQ_HORSE_89FCE68C3AB55449,2023,-0.010297791751190166,EIQ_HORSE_89FCE68C3AB55449,EIQ_HORSE_89FCE68C3AB55449,SAME_FAVOURITE,True,True,SAME_FAVOURITE
EIQ_RACE_28A29548A4CD3BEA,EIQ_HORSE_337B07C8FED58904,2023,-0.10887224907419535,EIQ_HORSE_337B07C8FED58904,EIQ_HORSE_337B07C8FED58904,SAME_FAVOURITE,True,True,SAME_FAVOURITE
EIQ_RACE_28B475D48F70D87B,EIQ_HORSE_C0583C02F660E247,2023,-0.022595621053386417,EIQ_HORSE_E066B7D549E237D2,EIQ_HORSE_E066B7D549E237D2,SAME_FAVOURITE,False,False,SAME_FAVOURITE
EIQ_RACE_28BADA464CCC9356,EIQ_HORSE_1B5B2DE2462F4D04,2023,-0.07251660316638286,EIQ_HORSE_1B5B2DE2462F4D04,EIQ_HORSE_1B5B2DE2462F4D04,SAME_FAVOURITE,True,True,SAME_FAVOURITE
EIQ_RACE_28C50F40C8FF1C7D,EIQ_HORSE_745E943D61C7811C,2021,0.0894949623203849,EIQ_HORSE_3A362C67A913203F,EIQ_HORSE_3A362C67A913203F,SAME_FAVOURITE,False,False,SAME_FAVOURITE
EIQ_RACE_28DFD8817B02C307,EIQ_HORSE_73B108EC64A47F53,2023,-0.007374568954846339,EIQ_HORSE_453A0BED32FD1578,EIQ_HORSE_453A0BED32FD1578,SAME_FAVOURITE,False,False,SAME_FAVOURITE
EIQ_RACE_28DFF6F4F200736F,EIQ_HORSE_EC3F837B6574FA3D,2021,0.02943197244540796,EIQ_HORSE_ABA3E6BB528F9D87,EIQ_HORSE_ABA3E6BB528F9D87,SAME_FAVOURITE,False,False,SAME_FAVOURITE
EIQ_RACE_28EE58A93FD26EDC,EIQ_HORSE_3C0142684AE2D0EE,2025,-0.08247165717265958,EIQ_HORSE_3C0142684AE2D0EE,EIQ_HORSE_3C0142684AE2D0EE,SAME_FAVOURITE,True,True,SAME_FAVOURITE
EIQ_RACE_28F024623C78C61D,EIQ_HORSE_4726E805A81B8CFC,2025,0.04524841126261814,EIQ_HORSE_4276AD1B0F056FFB,EIQ_HORSE_60F82EAD9FB53DB1,CHALLENGER_CHANGED_FAVOURITE,False,False,BOTH_WRONG
EIQ_RACE_28F786775C1D92D9,EIQ_HORSE_6945ABF43BE89314,2026,0.19656321038345337,EIQ_HORSE_156FBF74A62631A1,EIQ_HORSE_91D3FFA3480A31ED,CHALLENGER_CHANGED_FAVOURITE,False,False,BOTH_WRONG
EIQ_RACE_29010DF8D389C5D3,EIQ_HORSE_5E8886C12A6763E7,2024,0.03321242994171181,EIQ_HORSE_1D0F4A630A3BAA81,EIQ_HORSE_1D0F4A630A3BAA81,SAME_FAVOURITE,False,False,SAME_FAVOURITE
EIQ_RACE_2907DEBBE5967049,EIQ_HORSE_4C55A0DDC226F410,2025,0.05841306869076579,EIQ_HORSE_C2736E3B50657148,EIQ_HORSE_C2736E3B50657148,SAME_FAVOURITE,False,False,SAME_FAVOURITE
EIQ_RACE_29112E1B38A49FEF,EIQ_HORSE_CEB5D11582D04D94,2026,-0.017452332013883742,EIQ_HORSE_CEB5D11582D04D94,EIQ_HORSE_CEB5D11582D04D94,SAME_FAVOURITE,True,True,SAME_FAVOURITE
EIQ_RACE_291CF297F8142C9B,EIQ_HORSE_FB0A3A168CD11C45,2025,0.018938121741649105,EIQ_HORSE_E1446226726DCF62,EIQ_HORSE_E1446226726DCF62,SAME_FAVOURITE,False,False,SAME_FAVOURITE
EIQ_RACE_29206B8A6EEC5933,EIQ_HORSE_71194DEA321CB871,2023,0.12452926107117523,EIQ_HORSE_196B7E3D7635BEC9,EIQ_HORSE_196B7E3D7635BEC9,SAME_FAVOURITE,False,False,SAME_FAVOURITE
EIQ_RACE_2931B5F2220E6249,EIQ_HORSE_152A6FB9E1E5B251,2022,0.08944479848133091,EIQ_HORSE_152A6FB9E1E5B251,EIQ_HORSE_152A6FB9E1E5B251,SAME_FAVOURITE,True,True,SAME_FAVOURITE
EIQ_RACE_2932621DF762D88B,EIQ_HORSE_2245A905840E3D79,2021,-0.007636831975192493,EIQ_HORSE_E16B4EDE8EDA3155,EIQ_HORSE_E16B4EDE8EDA3155,SAME_FAVOURITE,False,False,SAME_FAVOURITE
EIQ_RACE_293BE920E7F52210,EIQ_HORSE_8D7A7075A7201211,2021,0.015503723229471245,EIQ_HORSE_BFB4563C718C84AF,EIQ_HORSE_BFB4563C718C84AF,SAME_FAVOURITE,False,False,SAME_FAVOURITE
EIQ_RACE_294198FB78AF4479,EIQ_HORSE_916D1802E50EA632,2023,0.061122793886204674,EIQ_HORSE_916D1802E50EA632,EIQ_HORSE_916D1802E50EA632,SAME_FAVOURITE,True,True,SAME_FAVOURITE
EIQ_RACE_296B36BD1DA072EB,EIQ_HORSE_A4116F3C6E202DCE,2026,0.14483810426410137,EIQ_HORSE_4B4FC662E3C43D38,EIQ_HORSE_4B4FC662E3C43D38,SAME_FAVOURITE,False,False,SAME_FAVOURITE
EIQ_RACE_296C1363D209FCC3,EIQ_HORSE_37BFF2F6FAE9CB2C,2026,-0.02219600344548689,EIQ_HORSE_1D1FC1E72456F61A,EIQ_HORSE_37BFF2F6FAE9CB2C,CHALLENGER_CHANGED_FAVOURITE,False,True,STRICT_WRONG_DROP_CORRECT
EIQ_RACE_296CF36BF82169C8,EIQ_HORSE_75EFF5EC4B56521C,2022,-0.028315606834983464,EIQ_HORSE_75EFF5EC4B56521C,EIQ_HORSE_75EFF5EC4B56521C,SAME_FAVOURITE,True,True,SAME_FAVOURITE
EIQ_RACE_29775A2D4C3451F0,EIQ_HORSE_800817590EE4EA45,2021,0.04378416312542033,EIQ_HORSE_1ED44F7056E301E5,EIQ_HORSE_1ED44F7056E301E5,SAME_FAVOURITE,False,False,SAME_FAVOURITE
EIQ_RACE_2977DA2A8354875F,EIQ_HORSE_AE671F74E737FC34,2024,0.14318213196778817,EIQ_HORSE_B56CA71D555160D3,EIQ_HORSE_A5F535987A328763,CHALLENGER_CHANGED_FAVOURITE,False,False,BOTH_WRONG
EIQ_RACE_29812629B39C0384,EIQ_HORSE_1E67DF99A3CC9EA8,2021,0.09500056950045699,EIQ_HORSE_1E67DF99A3CC9EA8,EIQ_HORSE_1E67DF99A3CC9EA8,SAME_FAVOURITE,True,True,SAME_FAVOURITE
EIQ_RACE_2999BABA0CEDA636,EIQ_HORSE_193DD4496B66A01D,2023,-0.06037793528789748,EIQ_HORSE_39F3C46959C92CFC,EIQ_HORSE_39F3C46959C92CFC,SAME_FAVOURITE,False,False,SAME_FAVOURITE
EIQ_RACE_29A136417AFA0486,EIQ_HORSE_6CBAA4DE4FCB6062,2023,-0.23777201880191412,EIQ_HORSE_7315CA4E29AC1540,EIQ_HORSE_7315CA4E29AC1540,SAME_FAVOURITE,False,False,SAME_FAVOURITE
EIQ_RACE_29B5737C671B8849,EIQ_HORSE_46BA1259B8ED5754,2024,0.04296374689028326,EIQ_HORSE_2AE34370D37CD4C7,EIQ_HORSE_2AE34370D37CD4C7,SAME_FAVOURITE,False,False,SAME_FAVOURITE
EIQ_RACE_29B6BFCB2FB4685A,EIQ_HORSE_00FA4050184DF201,2024,-0.07683247091739753,EIQ_HORSE_00FA4050184DF201,EIQ_HORSE_00FA4050184DF201,SAME_FAVOURITE,True,True,SAME_FAVOURITE
EIQ_RACE_29BA258BCFE4C5A4,EIQ_HORSE_A7036D6E020DAB20,2025,-0.03463444752855338,EIQ_HORSE_A7036D6E020DAB20,EIQ_HORSE_66657A56FA6FC836,CHALLENGER_CHANGED_FAVOURITE,True,False,STRICT_CORRECT_DROP_WRONG
EIQ_RACE_29EC5DEC2CB66DB0,EIQ_HORSE_FEDE0DC4992F1C96,2023,-0.08832961057578825,EIQ_HORSE_64FF066252CAB705,EIQ_HORSE_64FF066252CAB705,SAME_FAVOURITE,False,False,SAME_FAVOURITE
EIQ_RACE_29F71966B6B79AA1,EIQ_HORSE_565CA5B92410AE81,2025,0.018395187240269006,EIQ_HORSE_9DA755C75488A94C,EIQ_HORSE_9DA755C75488A94C,SAME_FAVOURITE,False,False,SAME_FAVOURITE
EIQ_RACE_2A0362BE18D5773A,EIQ_HORSE_B6188A89822D0D76,2024,-0.016477874834339268,EIQ_HORSE_E066B7D549E237D2,EIQ_HORSE_E066B7D549E237D2,SAME_FAVOURITE,False,False,SAME_FAVOURITE
EIQ_RACE_2A04E6A011BFEF44,EIQ_HORSE_39E5D60EE53276B2,2021,-0.16351010653167108,EIQ_HORSE_AA9B2DA871C55536,EIQ_HORSE_AA9B2DA871C55536,SAME_FAVOURITE,False,False,SAME_FAVOURITE
EIQ_RACE_2A0D76D3525A1BE6,EIQ_HORSE_39531E49DC2BF0E0,2023,0.07737893227764037,EIQ_HORSE_39531E49DC2BF0E0,EIQ_HORSE_39531E49DC2BF0E0,SAME_FAVOURITE,True,True,SAME_FAVOURITE
EIQ_RACE_2A12BEC62AB1D32D,EIQ_HORSE_00F84DAF59332741,2024,-0.04395530881835974,EIQ_HORSE_D959822351E30713,EIQ_HORSE_D959822351E30713,SAME_FAVOURITE,False,False,SAME_FAVOURITE
EIQ_RACE_2A28AB5D376A8AA7,EIQ_HORSE_C3854068D4627452,2023,-0.1115335687875203,EIQ_HORSE_A3B332C0A4822A13,EIQ_HORSE_A987C58D682D4EF9,CHALLENGER_CHANGED_FAVOURITE,False,False,BOTH_WRONG
EIQ_RACE_2A2AADEFA3531D58,EIQ_HORSE_5A6EA05DCA0CD2A2,2025,-0.08427142526757114,EIQ_HORSE_3E3095337EA55D9E,EIQ_HORSE_3E3095337EA55D9E,SAME_FAVOURITE,False,False,SAME_FAVOURITE
EIQ_RACE_2A2C047971D40680,EIQ_HORSE_D7ACCE926990A9D8,2026,-0.09350817215485296,EIQ_HORSE_D7ACCE926990A9D8,EIQ_HORSE_D7ACCE926990A9D8,SAME_FAVOURITE,True,True,SAME_FAVOURITE
EIQ_RACE_2A312FDCAB7BC0B4,EIQ_HORSE_740C50323A828918,2025,-0.06386505258139863,EIQ_HORSE_3574CD34786FE8A8,EIQ_HORSE_3574CD34786FE8A8,SAME_FAVOURITE,False,False,SAME_FAVOURITE
EIQ_RACE_2A3ACFEE8883B6C2,EIQ_HORSE_990835373B7080FE,2023,0.12439427738602649,EIQ_HORSE_0AFBDC49F60F633C,EIQ_HORSE_990835373B7080FE,CHALLENGER_CHANGED_FAVOURITE,False,True,STRICT_WRONG_DROP_CORRECT
EIQ_RACE_2A579B9918495C14,EIQ_HORSE_88F64DFCA159C05C,2023,0.0715008444551044,EIQ_HORSE_E0CCCEA5733DE5D3,EIQ_HORSE_E0CCCEA5733DE5D3,SAME_FAVOURITE,False,False,SAME_FAVOURITE
EIQ_RACE_2A68881C13728EDA,EIQ_HORSE_67F55F6B3031492A,2025,0.11602224950124529,EIQ_HORSE_4CA3C4AA64BACF35,EIQ_HORSE_4CA3C4AA64BACF35,SAME_FAVOURITE,False,False,SAME_FAVOURITE
EIQ_RACE_2A7B3EB3D8A4C73C,EIQ_HORSE_5A26DE1FF621C6BD,2024,0.11688004448711808,EIQ_HORSE_5A26DE1FF621C6BD,EIQ_HORSE_5A26DE1FF621C6BD,SAME_FAVOURITE,True,True,SAME_FAVOURITE
EIQ_RACE_2A8D1B477F950F43,EIQ_HORSE_12E69F0EF70B9ADD,2022,0.07330458728258926,EIQ_HORSE_12E69F0EF70B9ADD,EIQ_HORSE_12E69F0EF70B9ADD,SAME_FAVOURITE,True,True,SAME_FAVOURITE
EIQ_RACE_2A8EF1C26F4087F9,EIQ_HORSE_67D0B9F0C3927CAE,2025,0.2083574278550684,EIQ_HORSE_85CA6CA6B80AE136,EIQ_HORSE_85CA6CA6B80AE136,SAME_FAVOURITE,False,False,SAME_FAVOURITE
EIQ_RACE_2A9046793CF7D396,EIQ_HORSE_795BC7A382368A3B,2022,0.03154064608087159,EIQ_HORSE_C41CE8EC28ED4197,EIQ_HORSE_C41CE8EC28ED4197,SAME_FAVOURITE,False,False,SAME_FAVOURITE
EIQ_RACE_2A910AE1FA0F2217,EIQ_HORSE_C86C9B983FF3438E,2025,-0.017135291441467748,EIQ_HORSE_C86C9B983FF3438E,EIQ_HORSE_C86C9B983FF3438E,SAME_FAVOURITE,True,True,SAME_FAVOURITE
EIQ_RACE_2A9123F0E5731178,EIQ_HORSE_7BE502A3B034A31B,2024,0.054527711574497095,EIQ_HORSE_B5F25A4917B1025E,EIQ_HORSE_B5F25A4917B1025E,SAME_FAVOURITE,False,False,SAME_FAVOURITE
EIQ_RACE_2A916B02028C1C3B,EIQ_HORSE_786C59D971E95C8E,2021,-0.008548838939101522,EIQ_HORSE_5F9B60844BC5EE47,EIQ_HORSE_5F9B60844BC5EE47,SAME_FAVOURITE,False,False,SAME_FAVOURITE
EIQ_RACE_2A9EC6D060CD267E,EIQ_HORSE_63BE1053806E4133,2023,0.0011305908194720882,EIQ_HORSE_63BE1053806E4133,EIQ_HORSE_D646DF277919F5DD,CHALLENGER_CHANGED_FAVOURITE,True,False,STRICT_CORRECT_DROP_WRONG
EIQ_RACE_2AA0E4464EB59D61,EIQ_HORSE_24D10890C55FC9FB,2023,0.03475888274361316,EIQ_HORSE_AAE675521FDC0AB6,EIQ_HORSE_AAE675521FDC0AB6,SAME_FAVOURITE,False,False,SAME_FAVOURITE
EIQ_RACE_2AA7E1478B62D141,EIQ_HORSE_FDE40640DCB64C38,2021,0.04470064059734713,EIQ_HORSE_884A966ED2D2CEF3,EIQ_HORSE_884A966ED2D2CEF3,SAME_FAVOURITE,False,False,SAME_FAVOURITE
EIQ_RACE_2AA8091A42BE4CAD,EIQ_HORSE_61C48C996A8430E1,2023,0.3708844094939445,EIQ_HORSE_B02FB7CD5082DBDA,EIQ_HORSE_B02FB7CD5082DBDA,SAME_FAVOURITE,False,False,SAME_FAVOURITE
EIQ_RACE_2AC1E2B6AD2C6094,EIQ_HORSE_738DFE439BD16839,2025,-0.018513109658241156,EIQ_HORSE_738DFE439BD16839,EIQ_HORSE_738DFE439BD16839,SAME_FAVOURITE,True,True,SAME_FAVOURITE
EIQ_RACE_2AC38613010111F4,EIQ_HORSE_E76EFEB0D94F29E4,2024,0.00051165412749965,EIQ_HORSE_FC6B760BE644021B,EIQ_HORSE_FC6B760BE644021B,SAME_FAVOURITE,False,False,SAME_FAVOURITE
EIQ_RACE_2AD07C27B96BB945,EIQ_HORSE_1A1C7E6696735BEA,2023,0.1326330970542382,EIQ_HORSE_663D6855668E5B97,EIQ_HORSE_663D6855668E5B97,SAME_FAVOURITE,False,False,SAME_FAVOURITE
EIQ_RACE_2AD1FC127D332749,EIQ_HORSE_76A13374A3369F4B,2024,-0.15069077112863383,EIQ_HORSE_8B7AAF983994B68C,EIQ_HORSE_8B7AAF983994B68C,SAME_FAVOURITE,False,False,SAME_FAVOURITE
EIQ_RACE_2ADECA430F8DAD5B,EIQ_HORSE_EFA54AE1CC5A87DB,2021,-0.1878683451596761,EIQ_HORSE_BC57D76479F2B91C,EIQ_HORSE_BC57D76479F2B91C,SAME_FAVOURITE,False,False,SAME_FAVOURITE
EIQ_RACE_2AE0283EF7EFA9EE,EIQ_HORSE_F1298621F3EC14CC,2024,-0.0489437123934513,EIQ_HORSE_0FF8EDC711560C89,EIQ_HORSE_0FF8EDC711560C89,SAME_FAVOURITE,False,False,SAME_FAVOURITE
EIQ_RACE_2AE85E0BF46A8900,EIQ_HORSE_BBE73C94D8550E7F,2023,-0.1790614361659415,EIQ_HORSE_B9B5E5BC3FDE93D9,EIQ_HORSE_B9B5E5BC3FDE93D9,SAME_FAVOURITE,False,False,SAME_FAVOURITE
EIQ_RACE_2AEE5D6886AE321E,EIQ_HORSE_676A941389C93C9C,2026,0.2080475041016716,EIQ_HORSE_015F7002BAA34C7A,EIQ_HORSE_015F7002BAA34C7A,SAME_FAVOURITE,False,False,SAME_FAVOURITE
EIQ_RACE_2AF7627EF422E711,EIQ_HORSE_7B1C746F812F27C0,2024,0.061869893892475325,EIQ_HORSE_7B1C746F812F27C0,EIQ_HORSE_7B1C746F812F27C0,SAME_FAVOURITE,True,True,SAME_FAVOURITE
EIQ_RACE_2B1AD5A2D1F16CAF,EIQ_HORSE_C933C91288CD19D5,2025,-0.1122507004923532,EIQ_HORSE_726C24AACBBD3980,EIQ_HORSE_726C24AACBBD3980,SAME_FAVOURITE,False,False,SAME_FAVOURITE
EIQ_RACE_2B1CE2C25C9CBC95,EIQ_HORSE_C27B8600F00C0886,2025,0.05547903167735457,EIQ_HORSE_06F4CF4984A4B9D7,EIQ_HORSE_06F4CF4984A4B9D7,SAME_FAVOURITE,False,False,SAME_FAVOURITE
EIQ_RACE_2B2AB7518776735C,EIQ_HORSE_E4B64C1A3D9D4475,2026,0.1412838196746451,EIQ_HORSE_E4B64C1A3D9D4475,EIQ_HORSE_E4B64C1A3D9D4475,SAME_FAVOURITE,True,True,SAME_FAVOURITE
EIQ_RACE_2B2D512DDD25A618,EIQ_HORSE_6CE1917720ED8D02,2025,0.004763384537046944,EIQ_HORSE_753C121FAF6C3FFA,EIQ_HORSE_753C121FAF6C3FFA,SAME_FAVOURITE,False,False,SAME_FAVOURITE
EIQ_RACE_2B3237CA9D9194DF,EIQ_HORSE_3AEF764B0FB60073,2024,0.1561905333739011,EIQ_HORSE_14A71C8F21689C2D,EIQ_HORSE_14A71C8F21689C2D,SAME_FAVOURITE,False,False,SAME_FAVOURITE
EIQ_RACE_2B3C2E5C9EBD7ADA,EIQ_HORSE_65DD18A3AFD9EFB1,2025,-0.16311208917026754,EIQ_HORSE_2A82DACA2BB61FC5,EIQ_HORSE_2A82DACA2BB61FC5,SAME_FAVOURITE,False,False,SAME_FAVOURITE
EIQ_RACE_2B47A252BAF633BD,EIQ_HORSE_61C48C996A8430E1,2025,0.13003361797054414,EIQ_HORSE_38CB27C4CB41E0E7,EIQ_HORSE_38CB27C4CB41E0E7,SAME_FAVOURITE,False,False,SAME_FAVOURITE
EIQ_RACE_2B5047C7573B9293,EIQ_HORSE_F832DE82D84EE769,2021,0.06191364684607281,EIQ_HORSE_AA7D3FC9E0B13475,EIQ_HORSE_AA7D3FC9E0B13475,SAME_FAVOURITE,False,False,SAME_FAVOURITE
EIQ_RACE_2B57E839FDC5DE21,EIQ_HORSE_0FF5235BF90EA185,2021,0.19518886053429174,EIQ_HORSE_C02B4EE1AB97F15A,EIQ_HORSE_C02B4EE1AB97F15A,SAME_FAVOURITE,False,False,SAME_FAVOURITE
EIQ_RACE_2B60BF2FE5D6DC5C,EIQ_HORSE_7FD70F39A8957A68,2021,0.0955690421104265,EIQ_HORSE_845F9774F7F2E7E5,EIQ_HORSE_845F9774F7F2E7E5,SAME_FAVOURITE,False,False,SAME_FAVOURITE
EIQ_RACE_2B659C27BADAC72F,EIQ_HORSE_508BA419CAD6E1F8,2022,0.07030718027109883,EIQ_HORSE_5C754D8760CF304D,EIQ_HORSE_5C754D8760CF304D,SAME_FAVOURITE,False,False,SAME_FAVOURITE
EIQ_RACE_2B74BC2564FF56BE,EIQ_HORSE_4D4F7333B1C80659,2021,-0.07517372299925507,EIQ_HORSE_C6EFE58A9F2C5CD8,EIQ_HORSE_C6EFE58A9F2C5CD8,SAME_FAVOURITE,False,False,SAME_FAVOURITE
EIQ_RACE_2B7536B2AAE43FB2,EIQ_HORSE_D8FD19C8606A9D0C,2025,-0.012914395966908687,EIQ_HORSE_58C9CACDB2998855,EIQ_HORSE_58C9CACDB2998855,SAME_FAVOURITE,False,False,SAME_FAVOURITE
EIQ_RACE_2B7E9C53EAB6A940,EIQ_HORSE_907AF89747D4D461,2024,0.1692045714539232,EIQ_HORSE_787D7D2520086DCD,EIQ_HORSE_787D7D2520086DCD,SAME_FAVOURITE,False,False,SAME_FAVOURITE
EIQ_RACE_2B85D92268A98365,EIQ_HORSE_9B9FB07B106A5D48,2023,0.054981923933150156,EIQ_HORSE_9B9FB07B106A5D48,EIQ_HORSE_9B9FB07B106A5D48,SAME_FAVOURITE,True,True,SAME_FAVOURITE
EIQ_RACE_2B89879BF092FEBA,EIQ_HORSE_6BD54DC63C04FD42,2025,-0.13617840865819586,EIQ_HORSE_8891460150276209,EIQ_HORSE_8891460150276209,SAME_FAVOURITE,False,False,SAME_FAVOURITE
EIQ_RACE_2B8C1F6130B44E81,EIQ_HORSE_8CC696335B873F1A,2024,-0.027104919681411488,EIQ_HORSE_88DE87EB973FDD61,EIQ_HORSE_88DE87EB973FDD61,SAME_FAVOURITE,False,False,SAME_FAVOURITE
EIQ_RACE_2B91E2BC3016F2D5,EIQ_HORSE_376D319D01A60475,2024,-0.11284857954191652,EIQ_HORSE_376D319D01A60475,EIQ_HORSE_376D319D01A60475,SAME_FAVOURITE,True,True,SAME_FAVOURITE
EIQ_RACE_2B95549DC3473921,EIQ_HORSE_EED2E9A4477E17F4,2025,0.11812805046558728,EIQ_HORSE_0531C02B1085F367,EIQ_HORSE_0531C02B1085F367,SAME_FAVOURITE,False,False,SAME_FAVOURITE
EIQ_RACE_2B9B26882ECC62FB,EIQ_HORSE_9979B9DC6E2EC0ED,2023,0.3253247448944716,EIQ_HORSE_18D03C0A0A51BC06,EIQ_HORSE_18D03C0A0A51BC06,SAME_FAVOURITE,False,False,SAME_FAVOURITE
EIQ_RACE_2B9D7D6307A953BD,EIQ_HORSE_67F83228440FF635,2025,-0.12007628856710184,EIQ_HORSE_E0B76EA007D4FDF8,EIQ_HORSE_E0B76EA007D4FDF8,SAME_FAVOURITE,False,False,SAME_FAVOURITE
EIQ_RACE_2BA2EE4909DB8A8E,EIQ_HORSE_0297B8D311EBF28E,2022,-0.013690921268075806,EIQ_HORSE_F59F807ADEE924A9,EIQ_HORSE_F59F807ADEE924A9,SAME_FAVOURITE,False,False,SAME_FAVOURITE
EIQ_RACE_2BA9B891E5A048C2,EIQ_HORSE_F59F807ADEE924A9,2022,0.039469109263581936,EIQ_HORSE_F06DCCF341E9845B,EIQ_HORSE_0BBF1241C3AF903E,CHALLENGER_CHANGED_FAVOURITE,False,False,BOTH_WRONG
EIQ_RACE_2BB1FFFBFB9D1021,EIQ_HORSE_9326B80B78BEFEEB,2023,-0.008014112034771648,EIQ_HORSE_27B249A83A239647,EIQ_HORSE_27B249A83A239647,SAME_FAVOURITE,False,False,SAME_FAVOURITE
EIQ_RACE_2BC04D7A9A60FAA5,EIQ_HORSE_082DDFE7AFA4E15F,2023,-0.009315138393362066,EIQ_HORSE_081EE15C30D30FB6,EIQ_HORSE_081EE15C30D30FB6,SAME_FAVOURITE,False,False,SAME_FAVOURITE
EIQ_RACE_2BC4C2807561EB42,EIQ_HORSE_546C8C5321BF24C9,2025,-0.005225148402795421,EIQ_HORSE_546C8C5321BF24C9,EIQ_HORSE_546C8C5321BF24C9,SAME_FAVOURITE,True,True,SAME_FAVOURITE
EIQ_RACE_2BC68507007B971D,EIQ_HORSE_5A8FC61D4C8AA43D,2025,-0.017803128481433728,EIQ_HORSE_37E638839BB2420C,EIQ_HORSE_37E638839BB2420C,SAME_FAVOURITE,False,False,SAME_FAVOURITE
EIQ_RACE_2BCE77E12313ECE1,EIQ_HORSE_193013642AF1A647,2021,-0.02442784710552859,EIQ_HORSE_E3913B2A81C9D5A1,EIQ_HORSE_E3913B2A81C9D5A1,SAME_FAVOURITE,False,False,SAME_FAVOURITE
EIQ_RACE_2BD7F1E2C61268EE,EIQ_HORSE_06F2736034D26566,2025,-0.13979158765291677,EIQ_HORSE_84E21861102DA0A5,EIQ_HORSE_84E21861102DA0A5,SAME_FAVOURITE,False,False,SAME_FAVOURITE
EIQ_RACE_2BDE6EB62F2163DA,EIQ_HORSE_5169612F3EFED3F2,2025,0.13329912253736298,EIQ_HORSE_5D09DAC631717FF5,EIQ_HORSE_5D09DAC631717FF5,SAME_FAVOURITE,False,False,SAME_FAVOURITE
EIQ_RACE_2BE354C4AC1937D3,EIQ_HORSE_B5F25A4917B1025E,2025,0.152852604137234,EIQ_HORSE_8EF0A2D37B7ACCE7,EIQ_HORSE_8EF0A2D37B7ACCE7,SAME_FAVOURITE,False,False,SAME_FAVOURITE
EIQ_RACE_2BF25798E841A6F9,EIQ_HORSE_A0055E49953BF7FA,2021,-0.12287236352056907,EIQ_HORSE_A0055E49953BF7FA,EIQ_HORSE_A0055E49953BF7FA,SAME_FAVOURITE,True,True,SAME_FAVOURITE
EIQ_RACE_2BFFE071ADA20ED7,EIQ_HORSE_7C2E9EA133D96264,2025,-0.04941171723706206,EIQ_HORSE_69F00777A1C73E3A,EIQ_HORSE_69F00777A1C73E3A,SAME_FAVOURITE,False,False,SAME_FAVOURITE
EIQ_RACE_2C099D40C4FD0738,EIQ_HORSE_C753E88512BE3B32,2021,0.012912623213881869,EIQ_HORSE_1CBB2AC21821F373,EIQ_HORSE_C753E88512BE3B32,CHALLENGER_CHANGED_FAVOURITE,False,True,STRICT_WRONG_DROP_CORRECT
EIQ_RACE_2C0AA8E95788E542,EIQ_HORSE_A6F6E3176765C98A,2023,-0.10742037402817184,EIQ_HORSE_137678E6D4B803AC,EIQ_HORSE_137678E6D4B803AC,SAME_FAVOURITE,False,False,SAME_FAVOURITE
EIQ_RACE_2C0DFDFAAF1E036A,EIQ_HORSE_01385721B95F0C7E,2021,0.1281605442129944,EIQ_HORSE_01385721B95F0C7E,EIQ_HORSE_01385721B95F0C7E,SAME_FAVOURITE,True,True,SAME_FAVOURITE
EIQ_RACE_2C1E73F9685F1D5C,EIQ_HORSE_5E2676D246C9B362,2024,0.06140651009208686,EIQ_HORSE_0B83B04A5CCF1041,EIQ_HORSE_0B83B04A5CCF1041,SAME_FAVOURITE,False,False,SAME_FAVOURITE
EIQ_RACE_2C30CB5586491862,EIQ_HORSE_9A017A1B726AAB9D,2025,-0.06550620431035536,EIQ_HORSE_FBC24B4D8B495CFF,EIQ_HORSE_FBC24B4D8B495CFF,SAME_FAVOURITE,False,False,SAME_FAVOURITE
EIQ_RACE_2C389074E0376BEF,EIQ_HORSE_FDFA7AE535BC3987,2024,0.012518140144545775,EIQ_HORSE_C095E060458253D3,EIQ_HORSE_C095E060458253D3,SAME_FAVOURITE,False,False,SAME_FAVOURITE
EIQ_RACE_2C405C947E78F0AF,EIQ_HORSE_7C9AC423EA04B2C6,2021,-0.07117473361028592,EIQ_HORSE_1A5E8DF4BD6074D8,EIQ_HORSE_1A5E8DF4BD6074D8,SAME_FAVOURITE,False,False,SAME_FAVOURITE
EIQ_RACE_2C56999EDD8CB96B,EIQ_HORSE_C4F5FBBC4F5EC759,2024,0.0195382092558658,EIQ_HORSE_C4F5FBBC4F5EC759,EIQ_HORSE_C4F5FBBC4F5EC759,SAME_FAVOURITE,True,True,SAME_FAVOURITE
EIQ_RACE_2C640B29B97FC4D1,EIQ_HORSE_50F20EA6C514FCC7,2025,0.2836084545154334,EIQ_HORSE_F0613DC295D28F16,EIQ_HORSE_50F20EA6C514FCC7,CHALLENGER_CHANGED_FAVOURITE,False,True,STRICT_WRONG_DROP_CORRECT
EIQ_RACE_2C7F4BC0D0EC4E09,EIQ_HORSE_9F71997FCE95C944,2024,-0.02441566168689402,EIQ_HORSE_E5093A2E22891956,EIQ_HORSE_E5093A2E22891956,SAME_FAVOURITE,False,False,SAME_FAVOURITE
EIQ_RACE_2C869C3648EE1C92,EIQ_HORSE_5CCE076206574FF8,2023,0.025646563611991358,EIQ_HORSE_5CCE076206574FF8,EIQ_HORSE_5CCE076206574FF8,SAME_FAVOURITE,True,True,SAME_FAVOURITE
EIQ_RACE_2C9206BF6DA7591C,EIQ_HORSE_2A4843E804DE9FB2,2024,-0.07397141453660816,EIQ_HORSE_2A4843E804DE9FB2,EIQ_HORSE_2A4843E804DE9FB2,SAME_FAVOURITE,True,True,SAME_FAVOURITE
EIQ_RACE_2CA7315901D4263F,EIQ_HORSE_7B414CEDC5DCB039,2023,-0.0024508938812002334,EIQ_HORSE_61286F21A942EB29,EIQ_HORSE_61286F21A942EB29,SAME_FAVOURITE,False,False,SAME_FAVOURITE
EIQ_RACE_2CE09D987976A2D9,EIQ_HORSE_DF7D9BD6ABECA259,2024,-0.1533669026317368,EIQ_HORSE_D40B4D2F7D72A47C,EIQ_HORSE_D40B4D2F7D72A47C,SAME_FAVOURITE,False,False,SAME_FAVOURITE
EIQ_RACE_2CE3BBA18A87B36A,EIQ_HORSE_021218D4A0389484,2024,0.09370868519447884,EIQ_HORSE_E49FAF931499CAB1,EIQ_HORSE_E49FAF931499CAB1,SAME_FAVOURITE,False,False,SAME_FAVOURITE
EIQ_RACE_2CF26F8634A21164,EIQ_HORSE_A04CC955E6989362,2024,-0.25406268293770395,EIQ_HORSE_CCC222A599D970D7,EIQ_HORSE_CCC222A599D970D7,SAME_FAVOURITE,False,False,SAME_FAVOURITE
EIQ_RACE_2CF418E96E9294AC,EIQ_HORSE_BEAFC763F9C97C66,2021,-0.2961906214194481,EIQ_HORSE_02C64B89A7B36CEF,EIQ_HORSE_02C64B89A7B36CEF,SAME_FAVOURITE,False,False,SAME_FAVOURITE
EIQ_RACE_2D0A832D345508AE,EIQ_HORSE_A241AF15A6020DD0,2021,0.05519345071970916,EIQ_HORSE_A88F27322AED6822,EIQ_HORSE_A88F27322AED6822,SAME_FAVOURITE,False,False,SAME_FAVOURITE
EIQ_RACE_2D1068D54E972264,EIQ_HORSE_BFB255B59A3AF0A6,2023,0.10106880889045344,EIQ_HORSE_9E30FC19A401338F,EIQ_HORSE_9E30FC19A401338F,SAME_FAVOURITE,False,False,SAME_FAVOURITE
EIQ_RACE_2D1CA7358690D925,EIQ_HORSE_53F5344DEBEBE149,2022,0.13632647434365364,EIQ_HORSE_10BB890ACA12F62C,EIQ_HORSE_53F5344DEBEBE149,CHALLENGER_CHANGED_FAVOURITE,False,True,STRICT_WRONG_DROP_CORRECT
EIQ_RACE_2D3122F8F3890FCE,EIQ_HORSE_10B3550B42EDB9EC,2021,-0.048257102324258394,EIQ_HORSE_642E653831E52664,EIQ_HORSE_642E653831E52664,SAME_FAVOURITE,False,False,SAME_FAVOURITE
EIQ_RACE_2D314974BC0B688F,EIQ_HORSE_42DA2ED93074AB97,2021,0.026180682703663027,EIQ_HORSE_599B55D6B3222A4D,EIQ_HORSE_599B55D6B3222A4D,SAME_FAVOURITE,False,False,SAME_FAVOURITE
EIQ_RACE_2D47CF8E3519BFEB,EIQ_HORSE_BF81C89AD0188194,2025,-0.006401244982412901,EIQ_HORSE_DED10F30A25F1253,EIQ_HORSE_1F5F06418B096540,CHALLENGER_CHANGED_FAVOURITE,False,False,BOTH_WRONG
EIQ_RACE_2D554A88D117C1A9,EIQ_HORSE_DC17C7A9583BC186,2021,0.10180942413053606,EIQ_HORSE_6F43D6F13F8F4379,EIQ_HORSE_6F43D6F13F8F4379,SAME_FAVOURITE,False,False,SAME_FAVOURITE
EIQ_RACE_2D5B9E4A2E4F2336,EIQ_HORSE_0BAA30F18BBA558B,2024,0.0949013122700697,EIQ_HORSE_0BAA30F18BBA558B,EIQ_HORSE_0BAA30F18BBA558B,SAME_FAVOURITE,True,True,SAME_FAVOURITE
EIQ_RACE_2D5D9CA230DC7D46,EIQ_HORSE_1E9202F57B341877,2021,-0.1601838344534774,EIQ_HORSE_DD0FBA2B9EE2AA50,EIQ_HORSE_DD0FBA2B9EE2AA50,SAME_FAVOURITE,False,False,SAME_FAVOURITE
EIQ_RACE_2D731C4FEC9259D5,EIQ_HORSE_31FE22063B22FD62,2024,0.023206656128761383,EIQ_HORSE_31FE22063B22FD62,EIQ_HORSE_31FE22063B22FD62,SAME_FAVOURITE,True,True,SAME_FAVOURITE
EIQ_RACE_2D7933305E419FFD,EIQ_HORSE_54353D6B7F6ADA04,2023,-0.039717895321096375,EIQ_HORSE_54353D6B7F6ADA04,EIQ_HORSE_54353D6B7F6ADA04,SAME_FAVOURITE,True,True,SAME_FAVOURITE
EIQ_RACE_2D8A99ECFF4C76F7,EIQ_HORSE_28294DFF7D1D219C,2026,-0.10499692374773151,EIQ_HORSE_552DB4E7732D78F6,EIQ_HORSE_552DB4E7732D78F6,SAME_FAVOURITE,False,False,SAME_FAVOURITE
EIQ_RACE_2D95E6EE39737C56,EIQ_HORSE_5AE911A73EE5BCB8,2021,0.0540909254065296,EIQ_HORSE_84B7746BB3B4AA9A,EIQ_HORSE_84B7746BB3B4AA9A,SAME_FAVOURITE,False,False,SAME_FAVOURITE
EIQ_RACE_2D994ACC7CF2081B,EIQ_HORSE_36B94779FA5A105B,2025,0.1313373847328454,EIQ_HORSE_FDFA7AE535BC3987,EIQ_HORSE_FDFA7AE535BC3987,SAME_FAVOURITE,False,False,SAME_FAVOURITE
EIQ_RACE_2D9AE8D5762EDA0A,EIQ_HORSE_96D37F6016B092C6,2022,0.10808888371081915,EIQ_HORSE_692950B9744D430A,EIQ_HORSE_692950B9744D430A,SAME_FAVOURITE,False,False,SAME_FAVOURITE
EIQ_RACE_2DA050DC825E3051,EIQ_HORSE_2F1DE66E1B776108,2021,0.03346061174139958,EIQ_HORSE_08000EFFE35E7A51,EIQ_HORSE_08000EFFE35E7A51,SAME_FAVOURITE,False,False,SAME_FAVOURITE
EIQ_RACE_2DC510CAEA92917D,EIQ_HORSE_387F113FA3E06F34,2023,0.16815639983074115,EIQ_HORSE_BFA897246305DC08,EIQ_HORSE_BFA897246305DC08,SAME_FAVOURITE,False,False,SAME_FAVOURITE
EIQ_RACE_2DCAC7CBD55CBC1E,EIQ_HORSE_32E4E94469AB7A46,2025,0.12369537671228681,EIQ_HORSE_501515F70E0631D3,EIQ_HORSE_32E4E94469AB7A46,CHALLENGER_CHANGED_FAVOURITE,False,True,STRICT_WRONG_DROP_CORRECT
EIQ_RACE_2DE282C6AC8F6D22,EIQ_HORSE_DD9DF4A022606EED,2021,0.07973505448819385,EIQ_HORSE_1A5E8DF4BD6074D8,EIQ_HORSE_1A5E8DF4BD6074D8,SAME_FAVOURITE,False,False,SAME_FAVOURITE
EIQ_RACE_2DF6B13F42A98E2B,EIQ_HORSE_92E30C6EC9B5AF51,2025,-0.12491820777952256,EIQ_HORSE_B2C9F2B241D940CA,EIQ_HORSE_B2C9F2B241D940CA,SAME_FAVOURITE,False,False,SAME_FAVOURITE
EIQ_RACE_2DF8E143450471A6,EIQ_HORSE_FD1D5451F0BE87AC,2026,-0.04226479051602361,EIQ_HORSE_FB73EDFC4A634123,EIQ_HORSE_FB73EDFC4A634123,SAME_FAVOURITE,False,False,SAME_FAVOURITE
EIQ_RACE_2DFB919C1E5106E8,EIQ_HORSE_91302D00E30556FB,2021,-0.08929885348801903,EIQ_HORSE_91302D00E30556FB,EIQ_HORSE_91302D00E30556FB,SAME_FAVOURITE,True,True,SAME_FAVOURITE
EIQ_RACE_2E01A409CF1AD585,EIQ_HORSE_1F2F5BE8EBDC7251,2024,-0.022018687392434177,EIQ_HORSE_1699903C835F7F7F,EIQ_HORSE_1699903C835F7F7F,SAME_FAVOURITE,False,False,SAME_FAVOURITE
EIQ_RACE_2E067CB6122EAB36,EIQ_HORSE_8AE2B1C9812DD26B,2025,0.0009531453748068408,EIQ_HORSE_8AE2B1C9812DD26B,EIQ_HORSE_8AE2B1C9812DD26B,SAME_FAVOURITE,True,True,SAME_FAVOURITE
EIQ_RACE_2E202148FF2928C1,EIQ_HORSE_A422F952ACE489C8,2025,0.037539274558267,EIQ_HORSE_887075D7145D5F71,EIQ_HORSE_887075D7145D5F71,SAME_FAVOURITE,False,False,SAME_FAVOURITE
EIQ_RACE_2E470F20858AC5E2,EIQ_HORSE_B9C377A7BA3BA2B5,2021,0.24145492966719084,EIQ_HORSE_B9C377A7BA3BA2B5,EIQ_HORSE_B9C377A7BA3BA2B5,SAME_FAVOURITE,True,True,SAME_FAVOURITE
EIQ_RACE_2E5B0CA56D62659B,EIQ_HORSE_31110D6B2B51B851,2025,-0.008007789757647377,EIQ_HORSE_174E1C55F7DBB966,EIQ_HORSE_174E1C55F7DBB966,SAME_FAVOURITE,False,False,SAME_FAVOURITE
EIQ_RACE_2E62D60B82B0F5ED,EIQ_HORSE_4A964849ED7C9424,2026,0.05784407820258419,EIQ_HORSE_34F73657FA2AAA5C,EIQ_HORSE_4EBCA002C857FC7E,CHALLENGER_CHANGED_FAVOURITE,False,False,BOTH_WRONG
EIQ_RACE_2E65253FB0D45987,EIQ_HORSE_66283F707F6EA9AC,2024,0.09495597425843627,EIQ_HORSE_66283F707F6EA9AC,EIQ_HORSE_66283F707F6EA9AC,SAME_FAVOURITE,True,True,SAME_FAVOURITE
EIQ_RACE_2E752390287AB9F2,EIQ_HORSE_7EB3B6A449BBAFD2,2023,-0.001698165053350742,EIQ_HORSE_9EAB39A0465137AD,EIQ_HORSE_9EAB39A0465137AD,SAME_FAVOURITE,False,False,SAME_FAVOURITE
EIQ_RACE_2EAD39B0E634ECA4,EIQ_HORSE_E7EA2D8C418813D9,2023,0.05639154430938009,EIQ_HORSE_AB43FBFD910F870B,EIQ_HORSE_AB43FBFD910F870B,SAME_FAVOURITE,False,False,SAME_FAVOURITE
EIQ_RACE_2EB2E7D1311CEF6D,EIQ_HORSE_BB96C254B66ADADF,2023,-0.10588729415754683,EIQ_HORSE_BB96C254B66ADADF,EIQ_HORSE_BB96C254B66ADADF,SAME_FAVOURITE,True,True,SAME_FAVOURITE
EIQ_RACE_2ECEDD392E2D24B6,EIQ_HORSE_89DF95479D1C358F,2021,-0.11855186028408626,EIQ_HORSE_94300268C46172CF,EIQ_HORSE_94300268C46172CF,SAME_FAVOURITE,False,False,SAME_FAVOURITE
EIQ_RACE_2ECF1E5C116CF3CA,EIQ_HORSE_61F118DED7C0FEF0,2023,0.031744929900555885,EIQ_HORSE_DF22A810C143B31E,EIQ_HORSE_DF22A810C143B31E,SAME_FAVOURITE,False,False,SAME_FAVOURITE
EIQ_RACE_2EE51FA7917D84D9,EIQ_HORSE_B7D6A0E4AFC65489,2021,0.02433315648733636,EIQ_HORSE_0163F70FE9425C24,EIQ_HORSE_0163F70FE9425C24,SAME_FAVOURITE,False,False,SAME_FAVOURITE
EIQ_RACE_2F1380761DF9CD8B,EIQ_HORSE_AF1278FD2212DBFE,2021,0.2377985844066144,EIQ_HORSE_7E5230E67733D83A,EIQ_HORSE_9B15F14759D8D483,CHALLENGER_CHANGED_FAVOURITE,False,False,BOTH_WRONG
EIQ_RACE_2F1A28A73AEDE755,EIQ_HORSE_7444599D9F16C82E,2023,0.1584090786084782,EIQ_HORSE_323FDD0760DDC515,EIQ_HORSE_323FDD0760DDC515,SAME_FAVOURITE,False,False,SAME_FAVOURITE
EIQ_RACE_2F20A72E625CA212,EIQ_HORSE_33F024C0F6217247,2021,0.09428810035039525,EIQ_HORSE_33F024C0F6217247,EIQ_HORSE_33F024C0F6217247,SAME_FAVOURITE,True,True,SAME_FAVOURITE
EIQ_RACE_2F24C5DFE1001D89,EIQ_HORSE_B5174801E642110D,2025,0.0054202180740396955,EIQ_HORSE_5824CC433A01108A,EIQ_HORSE_5ECA87CEDED90C62,CHALLENGER_CHANGED_FAVOURITE,False,False,BOTH_WRONG
EIQ_RACE_2F285082D9BF886A,EIQ_HORSE_80CD252DCAC6F8D8,2021,0.14819732671872154,EIQ_HORSE_6BAD5C0DC47F6381,EIQ_HORSE_6BAD5C0DC47F6381,SAME_FAVOURITE,False,False,SAME_FAVOURITE
EIQ_RACE_2F2B0EA4F0FFB594,EIQ_HORSE_53C84D95F5112DED,2023,0.07782442737781214,EIQ_HORSE_F6F8C72DFEFC5D0C,EIQ_HORSE_F6F8C72DFEFC5D0C,SAME_FAVOURITE,False,False,SAME_FAVOURITE
EIQ_RACE_2F35B8B47C262C1E,EIQ_HORSE_FE1BF77BB4E2EBE2,2025,0.08804046414368516,EIQ_HORSE_4C7AF90653BC0EF6,EIQ_HORSE_4C7AF90653BC0EF6,SAME_FAVOURITE,False,False,SAME_FAVOURITE
EIQ_RACE_2F36FB3F8D6D0974,EIQ_HORSE_845F9774F7F2E7E5,2021,0.02014748373314612,EIQ_HORSE_44F695F2B4653316,EIQ_HORSE_44F695F2B4653316,SAME_FAVOURITE,False,False,SAME_FAVOURITE
EIQ_RACE_2F3B04D23C4CF41E,EIQ_HORSE_828BC50547643D9C,2021,0.1546705428459645,EIQ_HORSE_828BC50547643D9C,EIQ_HORSE_828BC50547643D9C,SAME_FAVOURITE,True,True,SAME_FAVOURITE
EIQ_RACE_2F4F4C34B3BB4B69,EIQ_HORSE_64FF066252CAB705,2024,0.008824860433152448,EIQ_HORSE_D297AC1569C3E656,EIQ_HORSE_D297AC1569C3E656,SAME_FAVOURITE,False,False,SAME_FAVOURITE
EIQ_RACE_2F52C7B047787F3F,EIQ_HORSE_762B47172A7CA25C,2022,-0.08885615521502821,EIQ_HORSE_53A04EDEEACFA1CC,EIQ_HORSE_DE93EA0579A4B2BE,CHALLENGER_CHANGED_FAVOURITE,False,False,BOTH_WRONG
EIQ_RACE_2F65C9439F0D6ECE,EIQ_HORSE_598F73A547A868E7,2025,-0.19234603685216678,EIQ_HORSE_291CF5CD15E5C215,EIQ_HORSE_291CF5CD15E5C215,SAME_FAVOURITE,False,False,SAME_FAVOURITE
EIQ_RACE_2F7314552DBF259F,EIQ_HORSE_2A63BCB54C930276,2024,-0.07694211673204432,EIQ_HORSE_2A63BCB54C930276,EIQ_HORSE_2A63BCB54C930276,SAME_FAVOURITE,True,True,SAME_FAVOURITE
EIQ_RACE_2F884D32B68F4BCA,EIQ_HORSE_E8EFE9AF2ECED6B6,2024,-0.020886531814972464,EIQ_HORSE_04E2E311115B2AB8,EIQ_HORSE_04E2E311115B2AB8,SAME_FAVOURITE,False,False,SAME_FAVOURITE
EIQ_RACE_2F94D0080C32450A,EIQ_HORSE_FCDEADCC53978B73,2024,0.05515672836639829,EIQ_HORSE_FCDEADCC53978B73,EIQ_HORSE_FCDEADCC53978B73,SAME_FAVOURITE,True,True,SAME_FAVOURITE
EIQ_RACE_2F9F91ED1C0A3E5F,EIQ_HORSE_B86FBA0CCEACF361,2025,0.03930467640540081,EIQ_HORSE_9A28FD950E5DCC2B,EIQ_HORSE_9A28FD950E5DCC2B,SAME_FAVOURITE,False,False,SAME_FAVOURITE
EIQ_RACE_2FA64CA99E1A01BE,EIQ_HORSE_37C64481D3D3A2A2,2023,-0.15783027721970422,EIQ_HORSE_37C64481D3D3A2A2,EIQ_HORSE_97FEEB796E24045B,CHALLENGER_CHANGED_FAVOURITE,True,False,STRICT_CORRECT_DROP_WRONG
EIQ_RACE_2FAB971E8D9D4F83,EIQ_HORSE_3BDB8DEF33D81E23,2025,0.0649375428995671,EIQ_HORSE_D8A581788FA3F4E9,EIQ_HORSE_D8A581788FA3F4E9,SAME_FAVOURITE,False,False,SAME_FAVOURITE
EIQ_RACE_2FAF153B3274F152,EIQ_HORSE_C45EA57969CB567E,2021,-0.19338468776286089,EIQ_HORSE_6F67D93FE86ADCF2,EIQ_HORSE_6F67D93FE86ADCF2,SAME_FAVOURITE,False,False,SAME_FAVOURITE
EIQ_RACE_2FC4FC4E93B58987,EIQ_HORSE_C413C8F9238A403B,2023,0.32901385542821737,EIQ_HORSE_A0248E619D7936BF,EIQ_HORSE_A0248E619D7936BF,SAME_FAVOURITE,False,False,SAME_FAVOURITE
EIQ_RACE_2FC54BF242C27F69,EIQ_HORSE_6B488C2948FB1607,2021,-0.19713043921008522,EIQ_HORSE_F10CA7B5C2719F3B,EIQ_HORSE_F9991F910976F2F0,CHALLENGER_CHANGED_FAVOURITE,False,False,BOTH_WRONG
EIQ_RACE_2FD39F543A912B7E,EIQ_HORSE_573D1938914BD5AD,2025,-0.013545605104556158,EIQ_HORSE_DE3EEBF329A5A7AB,EIQ_HORSE_DE3EEBF329A5A7AB,SAME_FAVOURITE,False,False,SAME_FAVOURITE
EIQ_RACE_2FDCF623CF1AEA89,EIQ_HORSE_CCC576E8693AF999,2021,-0.20492398516968402,EIQ_HORSE_6F70C1847405EB14,EIQ_HORSE_6F70C1847405EB14,SAME_FAVOURITE,False,False,SAME_FAVOURITE
EIQ_RACE_2FE9306B1895CD85,EIQ_HORSE_849E7ACF16F73261,2024,-0.1395772668882329,EIQ_HORSE_13FD5792BA134D9D,EIQ_HORSE_13FD5792BA134D9D,SAME_FAVOURITE,False,False,SAME_FAVOURITE
EIQ_RACE_3005AF8944308569,EIQ_HORSE_03FD6A21CE5E638F,2024,-0.07752248162733355,EIQ_HORSE_03FD6A21CE5E638F,EIQ_HORSE_03FD6A21CE5E638F,SAME_FAVOURITE,True,True,SAME_FAVOURITE
EIQ_RACE_3033131004B8BEC3,EIQ_HORSE_EA0AD32B47CA8889,2022,0.05067977070714602,EIQ_HORSE_CD64E4459430EEA2,EIQ_HORSE_CD64E4459430EEA2,SAME_FAVOURITE,False,False,SAME_FAVOURITE
EIQ_RACE_304E83DA1DA89C98,EIQ_HORSE_B4D97AB6C9230ED4,2021,0.07252491700684205,EIQ_HORSE_EEBA0896B3101474,EIQ_HORSE_EEBA0896B3101474,SAME_FAVOURITE,False,False,SAME_FAVOURITE
EIQ_RACE_30502CBB3E73FECB,EIQ_HORSE_389042CD704BA144,2023,0.12105147666723504,EIQ_HORSE_36D338FF309DD940,EIQ_HORSE_36D338FF309DD940,SAME_FAVOURITE,False,False,SAME_FAVOURITE
EIQ_RACE_305D99737043174F,EIQ_HORSE_131B49CD3F1CB3F7,2021,0.012526658462604257,EIQ_HORSE_69EEC57ADC43840B,EIQ_HORSE_69EEC57ADC43840B,SAME_FAVOURITE,False,False,SAME_FAVOURITE
EIQ_RACE_306D87161C1618E3,EIQ_HORSE_5EA6A058A94A76BC,2025,-0.07156418056633429,EIQ_HORSE_8451928FA6D2C3AF,EIQ_HORSE_8451928FA6D2C3AF,SAME_FAVOURITE,False,False,SAME_FAVOURITE
EIQ_RACE_30872FA1D17278E0,EIQ_HORSE_3319950BF4835CD0,2023,0.11857361861044025,EIQ_HORSE_4C4FD22B15ADCE94,EIQ_HORSE_4C4FD22B15ADCE94,SAME_FAVOURITE,False,False,SAME_FAVOURITE
EIQ_RACE_3089F603C209A53E,EIQ_HORSE_A5BF12976FD7BA55,2026,0.016705903594363747,EIQ_HORSE_F58E13BA505E9BC3,EIQ_HORSE_F58E13BA505E9BC3,SAME_FAVOURITE,False,False,SAME_FAVOURITE
EIQ_RACE_308DBB87C08E34DD,EIQ_HORSE_F75DF32DC8EACB3A,2023,0.19594190644125797,EIQ_HORSE_CEEF92035DFC1C17,EIQ_HORSE_CEEF92035DFC1C17,SAME_FAVOURITE,False,False,SAME_FAVOURITE
EIQ_RACE_30B72BFAA530E75D,EIQ_HORSE_97D9A15433FDDB8C,2026,-0.06922722691218541,EIQ_HORSE_97D9A15433FDDB8C,EIQ_HORSE_97D9A15433FDDB8C,SAME_FAVOURITE,True,True,SAME_FAVOURITE
EIQ_RACE_30C8423A0F7826A8,EIQ_HORSE_A0FD0FB2D35D833C,2024,0.12495640024376597,EIQ_HORSE_8AC6CC9F2DD6BAAE,EIQ_HORSE_8AC6CC9F2DD6BAAE,SAME_FAVOURITE,False,False,SAME_FAVOURITE
EIQ_RACE_30DBDE0B71CF1EC6,EIQ_HORSE_71ADD27E6AF89A23,2024,-0.02272444806781415,EIQ_HORSE_F1319A62B8F8A4F8,EIQ_HORSE_F1319A62B8F8A4F8,SAME_FAVOURITE,False,False,SAME_FAVOURITE
EIQ_RACE_30ED4D018019D10E,EIQ_HORSE_97FEEB796E24045B,2024,0.07070359444467922,EIQ_HORSE_B9B5E5BC3FDE93D9,EIQ_HORSE_97FEEB796E24045B,CHALLENGER_CHANGED_FAVOURITE,False,True,STRICT_WRONG_DROP_CORRECT
EIQ_RACE_30F6EFC0C93035E2,EIQ_HORSE_D4BD8560C0889037,2021,-0.126186179542354,EIQ_HORSE_A5C212D27EEC6B1F,EIQ_HORSE_A5C212D27EEC6B1F,SAME_FAVOURITE,False,False,SAME_FAVOURITE
EIQ_RACE_30F768EC6C57CC39,EIQ_HORSE_2DFDD52BA4DCCB1D,2026,-0.12592610729454257,EIQ_HORSE_2DFDD52BA4DCCB1D,EIQ_HORSE_076AA64FAE0D8E9E,CHALLENGER_CHANGED_FAVOURITE,True,False,STRICT_CORRECT_DROP_WRONG
EIQ_RACE_31069798688EF70F,EIQ_HORSE_77E1992207596B6D,2025,-0.14970183704790085,EIQ_HORSE_C6F615B57537B204,EIQ_HORSE_C6F615B57537B204,SAME_FAVOURITE,False,False,SAME_FAVOURITE
EIQ_RACE_3106B0DE4FC1820C,EIQ_HORSE_923DF3A40AC829A7,2026,-0.11627349084578609,EIQ_HORSE_923DF3A40AC829A7,EIQ_HORSE_923DF3A40AC829A7,SAME_FAVOURITE,True,True,SAME_FAVOURITE
EIQ_RACE_310BFDD4BDDCBE78,EIQ_HORSE_E5093A2E22891956,2023,0.048867697740628824,EIQ_HORSE_172CE5E51082F81A,EIQ_HORSE_172CE5E51082F81A,SAME_FAVOURITE,False,False,SAME_FAVOURITE
EIQ_RACE_310E6A54BF8DB328,EIQ_HORSE_2D4004DA002ED653,2025,-0.09081963328054954,EIQ_HORSE_136157D082389DF3,EIQ_HORSE_136157D082389DF3,SAME_FAVOURITE,False,False,SAME_FAVOURITE
EIQ_RACE_310E78EA9BA0D97C,EIQ_HORSE_576ACEC5038BF2DB,2025,-0.1496818123494994,EIQ_HORSE_8E53D7F9D114CDE3,EIQ_HORSE_8E53D7F9D114CDE3,SAME_FAVOURITE,False,False,SAME_FAVOURITE
EIQ_RACE_311C1CC8F497A687,EIQ_HORSE_0E39E3572B67792D,2024,0.01848102607785318,EIQ_HORSE_316E18DB95C6C386,EIQ_HORSE_316E18DB95C6C386,SAME_FAVOURITE,False,False,SAME_FAVOURITE
EIQ_RACE_31406137187324AF,EIQ_HORSE_4A3C8CC177FA301A,2023,0.07142016456903777,EIQ_HORSE_9AE5E0D4F40E0C69,EIQ_HORSE_9AE5E0D4F40E0C69,SAME_FAVOURITE,False,False,SAME_FAVOURITE
EIQ_RACE_31412052BF2EFF39,EIQ_HORSE_0EA750019D4700FB,2024,-0.12202424223845343,EIQ_HORSE_86AAE3F11AA39153,EIQ_HORSE_86AAE3F11AA39153,SAME_FAVOURITE,False,False,SAME_FAVOURITE
EIQ_RACE_3149FA2ACED651F0,EIQ_HORSE_99FCBC1961658198,2025,0.01621877901687574,EIQ_HORSE_99FCBC1961658198,EIQ_HORSE_99FCBC1961658198,SAME_FAVOURITE,True,True,SAME_FAVOURITE
EIQ_RACE_314F10445FAC00A1,EIQ_HORSE_75EFF5EC4B56521C,2024,0.04642826218267215,EIQ_HORSE_9D3CA7969E24AA1A,EIQ_HORSE_9D3CA7969E24AA1A,SAME_FAVOURITE,False,False,SAME_FAVOURITE
EIQ_RACE_314FB422E6BF32C3,EIQ_HORSE_F64FD5FE92D346B0,2023,0.2941542591494457,EIQ_HORSE_FD8BFEAC1050BCA7,EIQ_HORSE_FD8BFEAC1050BCA7,SAME_FAVOURITE,False,False,SAME_FAVOURITE
EIQ_RACE_3152853DCEBBFAF5,EIQ_HORSE_EF8109DC12A8B785,2022,-0.06665528957226874,EIQ_HORSE_0414B7600AC9F47C,EIQ_HORSE_0414B7600AC9F47C,SAME_FAVOURITE,False,False,SAME_FAVOURITE
EIQ_RACE_315DD2AF707FF158,EIQ_HORSE_BF0ED646DD328BCA,2024,0.12990668054510524,EIQ_HORSE_BF0ED646DD328BCA,EIQ_HORSE_BF0ED646DD328BCA,SAME_FAVOURITE,True,True,SAME_FAVOURITE
EIQ_RACE_316313602E666572,EIQ_HORSE_45CC42C9A88F844E,2024,0.05929994780656189,EIQ_HORSE_9D172E3C8A3D3943,EIQ_HORSE_9D172E3C8A3D3943,SAME_FAVOURITE,False,False,SAME_FAVOURITE
EIQ_RACE_3170E4EDF9D58B89,EIQ_HORSE_3A029B4C1D1C2115,2025,0.006563250982310809,EIQ_HORSE_77B24C247273A657,EIQ_HORSE_8CCF9517B99C7DF1,CHALLENGER_CHANGED_FAVOURITE,False,False,BOTH_WRONG
EIQ_RACE_3174998B533F1177,EIQ_HORSE_6098C61B8FC9A5EA,2026,-0.12090156182247336,EIQ_HORSE_BA870B7DF34336D7,EIQ_HORSE_BA870B7DF34336D7,SAME_FAVOURITE,False,False,SAME_FAVOURITE
EIQ_RACE_319AC936E8FC775B,EIQ_HORSE_3EE862EA96C7605B,2024,0.040490461461910376,EIQ_HORSE_E03268A2B8F5286E,EIQ_HORSE_E03268A2B8F5286E,SAME_FAVOURITE,False,False,SAME_FAVOURITE
EIQ_RACE_31A6A8740E6184D9,EIQ_HORSE_DF06D3C86A99757A,2025,-0.02065278780220048,EIQ_HORSE_473781FF941B894B,EIQ_HORSE_4BC48ECFBE673035,CHALLENGER_CHANGED_FAVOURITE,False,False,BOTH_WRONG
EIQ_RACE_31A803E7F6B32477,EIQ_HORSE_4CD21DA4EBD4BAD2,2025,-0.14831070996200735,EIQ_HORSE_4CD21DA4EBD4BAD2,EIQ_HORSE_4CD21DA4EBD4BAD2,SAME_FAVOURITE,True,True,SAME_FAVOURITE
EIQ_RACE_31AF0528C756B604,EIQ_HORSE_9820DB881B876774,2021,0.05144656895665012,EIQ_HORSE_7E5B00A577A87FB4,EIQ_HORSE_7E5B00A577A87FB4,SAME_FAVOURITE,False,False,SAME_FAVOURITE
EIQ_RACE_31B2313BC4550045,EIQ_HORSE_9045D2A04F7560B6,2023,0.033033872200042946,EIQ_HORSE_E7EE25C4800BCC54,EIQ_HORSE_E7EE25C4800BCC54,SAME_FAVOURITE,False,False,SAME_FAVOURITE
EIQ_RACE_31C7FD830146A38D,EIQ_HORSE_6A0E64C2D96AFA1E,2025,0.031169749138682867,EIQ_HORSE_6A0E64C2D96AFA1E,EIQ_HORSE_6A0E64C2D96AFA1E,SAME_FAVOURITE,True,True,SAME_FAVOURITE
EIQ_RACE_31CC0FF92E884E2C,EIQ_HORSE_A91CC5C67D3F303E,2025,0.07425450491878927,EIQ_HORSE_DD3A9100848FE46F,EIQ_HORSE_15876AF01C2A436C,CHALLENGER_CHANGED_FAVOURITE,False,False,BOTH_WRONG
EIQ_RACE_31D2B3F242C11C81,EIQ_HORSE_A1C7C702A235EDE9,2021,0.025268465057506795,EIQ_HORSE_278E09F9174A161B,EIQ_HORSE_278E09F9174A161B,SAME_FAVOURITE,False,False,SAME_FAVOURITE
EIQ_RACE_31D8A1E19CB71FF5,EIQ_HORSE_4826657D948519F6,2025,0.034455933028644026,EIQ_HORSE_923DF3A40AC829A7,EIQ_HORSE_923DF3A40AC829A7,SAME_FAVOURITE,False,False,SAME_FAVOURITE
EIQ_RACE_31E857A40A234C0A,EIQ_HORSE_1459DF8EFA8F9528,2026,0.11341527251956718,EIQ_HORSE_95F7A17E0EF84C97,EIQ_HORSE_E1B06311DF05633C,CHALLENGER_CHANGED_FAVOURITE,False,False,BOTH_WRONG
EIQ_RACE_31EC90D62EF10198,EIQ_HORSE_A4068766D95EB5FD,2023,-0.12786395265061756,EIQ_HORSE_67D0B9F0C3927CAE,EIQ_HORSE_67D0B9F0C3927CAE,SAME_FAVOURITE,False,False,SAME_FAVOURITE
EIQ_RACE_31ED62A206289B7A,EIQ_HORSE_ABA3E6BB528F9D87,2022,-0.0013166055045665814,EIQ_HORSE_ABA3E6BB528F9D87,EIQ_HORSE_ABA3E6BB528F9D87,SAME_FAVOURITE,True,True,SAME_FAVOURITE
EIQ_RACE_3201C53E21D0BECA,EIQ_HORSE_6BDED9DA43683B06,2025,0.025430194555861263,EIQ_HORSE_01F9AAF090E4BF3C,EIQ_HORSE_6BDED9DA43683B06,CHALLENGER_CHANGED_FAVOURITE,False,True,STRICT_WRONG_DROP_CORRECT
EIQ_RACE_32030DA3C00BBA8C,EIQ_HORSE_75BFC1FAAEBCCBA0,2021,-0.1456196497246327,EIQ_HORSE_4CBD5A8368FDF5CD,EIQ_HORSE_B76939E2856360F0,CHALLENGER_CHANGED_FAVOURITE,False,False,BOTH_WRONG
EIQ_RACE_32183A97C65C7708,EIQ_HORSE_E63823D398F4D786,2021,-0.018351054805329836,EIQ_HORSE_E63823D398F4D786,EIQ_HORSE_E63823D398F4D786,SAME_FAVOURITE,True,True,SAME_FAVOURITE
EIQ_RACE_321C7D4F6DFBE2FE,EIQ_HORSE_EE7FF4F965169D91,2023,-0.11078695628237112,EIQ_HORSE_14E08743C294D01E,EIQ_HORSE_14E08743C294D01E,SAME_FAVOURITE,False,False,SAME_FAVOURITE
EIQ_RACE_322158C59EA9204B,EIQ_HORSE_75A8B8D74E1EAE7C,2021,0.012503785353790597,EIQ_HORSE_75A8B8D74E1EAE7C,EIQ_HORSE_75A8B8D74E1EAE7C,SAME_FAVOURITE,True,True,SAME_FAVOURITE
EIQ_RACE_324084BF9E74B0D5,EIQ_HORSE_A027311894D10F38,2022,-0.033707814230911515,EIQ_HORSE_D407B2D4E8D45E16,EIQ_HORSE_D407B2D4E8D45E16,SAME_FAVOURITE,False,False,SAME_FAVOURITE
EIQ_RACE_3241D10531719B78,EIQ_HORSE_396E1BBE0177FE64,2023,0.023531913537837124,EIQ_HORSE_53B8072327794205,EIQ_HORSE_53B8072327794205,SAME_FAVOURITE,False,False,SAME_FAVOURITE
EIQ_RACE_32449BD7A15D41D5,EIQ_HORSE_7E2E84086B3272C1,2025,0.00024602383046823384,EIQ_HORSE_DC3F5D37E504ED01,EIQ_HORSE_DC3F5D37E504ED01,SAME_FAVOURITE,False,False,SAME_FAVOURITE
EIQ_RACE_3259A17A20E9EAED,EIQ_HORSE_5FDB78ED03C1B03A,2022,0.05988445668970188,EIQ_HORSE_3ADF3F6B29A9A88B,EIQ_HORSE_3ADF3F6B29A9A88B,SAME_FAVOURITE,False,False,SAME_FAVOURITE
EIQ_RACE_3270EDA8378B96FB,EIQ_HORSE_3EFA4F5D9BAE216C,2024,0.02946036894154591,EIQ_HORSE_3EFA4F5D9BAE216C,EIQ_HORSE_3EFA4F5D9BAE216C,SAME_FAVOURITE,True,True,SAME_FAVOURITE
EIQ_RACE_327C9A4381967BA7,EIQ_HORSE_291A201CF642E661,2021,-0.009155164839502294,EIQ_HORSE_B7955433510735CD,EIQ_HORSE_B7955433510735CD,SAME_FAVOURITE,False,False,SAME_FAVOURITE
EIQ_RACE_328AB94026A69882,EIQ_HORSE_980A300E6BA9B491,2022,-0.1380140915970387,EIQ_HORSE_08915A51FC2ED739,EIQ_HORSE_08915A51FC2ED739,SAME_FAVOURITE,False,False,SAME_FAVOURITE
EIQ_RACE_328E996843E83D2C,EIQ_HORSE_4415D85C988E6FB8,2023,-0.11685768208309355,EIQ_HORSE_2B6A2A38CC4DF8B9,EIQ_HORSE_2B6A2A38CC4DF8B9,SAME_FAVOURITE,False,False,SAME_FAVOURITE
EIQ_RACE_32956D7814F5E2A7,EIQ_HORSE_60655DD250F06917,2023,-0.049863593452087906,EIQ_HORSE_60655DD250F06917,EIQ_HORSE_60655DD250F06917,SAME_FAVOURITE,True,True,SAME_FAVOURITE
EIQ_RACE_32A13AE6E63CF2E9,EIQ_HORSE_8C83254856F66E07,2021,-0.04329869113697593,EIQ_HORSE_A44D054C60BAB712,EIQ_HORSE_A44D054C60BAB712,SAME_FAVOURITE,False,False,SAME_FAVOURITE
EIQ_RACE_32A2BAD408F41528,EIQ_HORSE_E2292F7CFD9BBB1E,2024,0.0805485383809903,EIQ_HORSE_313345969E6C8B54,EIQ_HORSE_313345969E6C8B54,SAME_FAVOURITE,False,False,SAME_FAVOURITE
EIQ_RACE_32B273139668D57D,EIQ_HORSE_BD3E0B466B83B3B4,2025,0.08579538472685266,EIQ_HORSE_DE91B47F69C50B1E,EIQ_HORSE_DE91B47F69C50B1E,SAME_FAVOURITE,False,False,SAME_FAVOURITE
EIQ_RACE_32B9D7437AF69276,EIQ_HORSE_FAB43801B1CEC2FB,2026,-0.0029651293311068194,EIQ_HORSE_302083519D505C3D,EIQ_HORSE_302083519D505C3D,SAME_FAVOURITE,False,False,SAME_FAVOURITE
EIQ_RACE_32BADAA2E4CA39C4,EIQ_HORSE_A0070045BC8659D8,2025,0.01707389114849578,EIQ_HORSE_4C093381C5BE1FF7,EIQ_HORSE_4C093381C5BE1FF7,SAME_FAVOURITE,False,False,SAME_FAVOURITE
EIQ_RACE_32C527E231A9B4E1,EIQ_HORSE_4E181175C2BB769A,2025,-0.0031224606521746967,EIQ_HORSE_4E181175C2BB769A,EIQ_HORSE_4E181175C2BB769A,SAME_FAVOURITE,True,True,SAME_FAVOURITE
EIQ_RACE_32C99B2DDB71C132,EIQ_HORSE_2927E71B3B19A9E0,2024,-0.056211742154260946,EIQ_HORSE_03800F77CF54A4FA,EIQ_HORSE_03800F77CF54A4FA,SAME_FAVOURITE,False,False,SAME_FAVOURITE
EIQ_RACE_32D926D72AAE2B89,EIQ_HORSE_3907E0688D355306,2024,-0.138801523918739,EIQ_HORSE_4D45DED3CC34DFFB,EIQ_HORSE_84AD223240E2A95D,CHALLENGER_CHANGED_FAVOURITE,False,False,BOTH_WRONG
EIQ_RACE_32E1A886AFFB523A,EIQ_HORSE_8B65BEB59F7DB939,2025,-0.027542408382681405,EIQ_HORSE_8B65BEB59F7DB939,EIQ_HORSE_8B65BEB59F7DB939,SAME_FAVOURITE,True,True,SAME_FAVOURITE
EIQ_RACE_32F429E56C492CA2,EIQ_HORSE_23C677D6658671BF,2025,-0.05221832453512487,EIQ_HORSE_15876AF01C2A436C,EIQ_HORSE_15876AF01C2A436C,SAME_FAVOURITE,False,False,SAME_FAVOURITE
EIQ_RACE_32FD5B61028A1290,EIQ_HORSE_185BC65761E4EE60,2025,-0.002210235282427142,EIQ_HORSE_185BC65761E4EE60,EIQ_HORSE_185BC65761E4EE60,SAME_FAVOURITE,True,True,SAME_FAVOURITE
EIQ_RACE_32FF5E47F8D1FAE0,EIQ_HORSE_C9B870B8703FF695,2022,0.02447750744793664,EIQ_HORSE_E88E9BF85A750FE2,EIQ_HORSE_FC2AB5FAF9CF90D3,CHALLENGER_CHANGED_FAVOURITE,False,False,BOTH_WRONG
EIQ_RACE_3303441E2DF322E9,EIQ_HORSE_EA02D5F02237AA44,2026,-0.1040693218205122,EIQ_HORSE_D959822351E30713,EIQ_HORSE_EED2E9A4477E17F4,CHALLENGER_CHANGED_FAVOURITE,False,False,BOTH_WRONG
EIQ_RACE_3315C065DD95125D,EIQ_HORSE_4B00F2E401D66B21,2021,-0.2089827268137785,EIQ_HORSE_B4CBE3082ADBEB34,EIQ_HORSE_B4CBE3082ADBEB34,SAME_FAVOURITE,False,False,SAME_FAVOURITE
EIQ_RACE_331D42EFCF710560,EIQ_HORSE_073544ECA7874626,2024,0.06731180105763146,EIQ_HORSE_6D55D6AE5AEF11A7,EIQ_HORSE_6D55D6AE5AEF11A7,SAME_FAVOURITE,False,False,SAME_FAVOURITE
EIQ_RACE_3320B88EC7074797,EIQ_HORSE_3E4CEF26BE861FF7,2023,-0.09556616115939764,EIQ_HORSE_F2B3819A77979195,EIQ_HORSE_F2B3819A77979195,SAME_FAVOURITE,False,False,SAME_FAVOURITE
EIQ_RACE_332565994778C60F,EIQ_HORSE_C56A593A26D8AB77,2023,0.03562485062704579,EIQ_HORSE_9EAB39A0465137AD,EIQ_HORSE_9EAB39A0465137AD,SAME_FAVOURITE,False,False,SAME_FAVOURITE
EIQ_RACE_3327076663442474,EIQ_HORSE_C0824327D6C1A9E7,2022,-0.0633924289369554,EIQ_HORSE_9EE14DF1A477B8F8,EIQ_HORSE_9EE14DF1A477B8F8,SAME_FAVOURITE,False,False,SAME_FAVOURITE
EIQ_RACE_332B0D41F70BF8D8,EIQ_HORSE_0DC973ADD3C8F991,2025,0.05939146197746292,EIQ_HORSE_0910F634F88BAE1D,EIQ_HORSE_0910F634F88BAE1D,SAME_FAVOURITE,False,False,SAME_FAVOURITE
EIQ_RACE_33334A8D06CEE11E,EIQ_HORSE_18E81A77B52F9E60,2024,-0.15667458789264987,EIQ_HORSE_03F3AEF50AAB54AE,EIQ_HORSE_03F3AEF50AAB54AE,SAME_FAVOURITE,False,False,SAME_FAVOURITE
EIQ_RACE_3338886EC500AF94,EIQ_HORSE_813D45B33577EB4D,2024,-0.07298514928283173,EIQ_HORSE_813D45B33577EB4D,EIQ_HORSE_7B6611BB718AC726,CHALLENGER_CHANGED_FAVOURITE,True,False,STRICT_CORRECT_DROP_WRONG
EIQ_RACE_33552592C48FF859,EIQ_HORSE_9547DC359E48BBC2,2023,-0.0013157665696861276,EIQ_HORSE_6854E983A61998F8,EIQ_HORSE_6854E983A61998F8,SAME_FAVOURITE,False,False,SAME_FAVOURITE
EIQ_RACE_335D9476E5C5B0BD,EIQ_HORSE_689E9A438DE0050E,2021,-0.06560700189193591,EIQ_HORSE_7F3A0D068728B685,EIQ_HORSE_7F3A0D068728B685,SAME_FAVOURITE,False,False,SAME_FAVOURITE
EIQ_RACE_3366B03A0E4693CA,EIQ_HORSE_FF2723CE8D4A4AC0,2024,-0.062145408264529856,EIQ_HORSE_873376C449276580,EIQ_HORSE_873376C449276580,SAME_FAVOURITE,False,False,SAME_FAVOURITE
EIQ_RACE_337FB1DAD072DDB1,EIQ_HORSE_6A9516B6CD41A238,2022,0.1508623491821508,EIQ_HORSE_6A9516B6CD41A238,EIQ_HORSE_6A9516B6CD41A238,SAME_FAVOURITE,True,True,SAME_FAVOURITE
EIQ_RACE_337FECA1B2C58E80,EIQ_HORSE_DF373DC2AE556D6E,2025,0.16421347031470956,EIQ_HORSE_F07AC93EBC289FC0,EIQ_HORSE_F07AC93EBC289FC0,SAME_FAVOURITE,False,False,SAME_FAVOURITE
EIQ_RACE_3388A455707E2E25,EIQ_HORSE_FACCA92E14E42793,2021,0.05306392199684051,EIQ_HORSE_FACCA92E14E42793,EIQ_HORSE_FACCA92E14E42793,SAME_FAVOURITE,True,True,SAME_FAVOURITE
EIQ_RACE_338B7456494DC26B,EIQ_HORSE_9EEDAAA8826D30F3,2025,0.040223893483504636,EIQ_HORSE_9F71997FCE95C944,EIQ_HORSE_9F71997FCE95C944,SAME_FAVOURITE,False,False,SAME_FAVOURITE
EIQ_RACE_3392AF5891500145,EIQ_HORSE_1922A324770726C1,2026,0.07017355371069578,EIQ_HORSE_1922A324770726C1,EIQ_HORSE_1922A324770726C1,SAME_FAVOURITE,True,True,SAME_FAVOURITE
EIQ_RACE_339C0557791F884E,EIQ_HORSE_1CCF27C2530979E3,2021,0.1341189942258627,EIQ_HORSE_1CCF27C2530979E3,EIQ_HORSE_1CCF27C2530979E3,SAME_FAVOURITE,True,True,SAME_FAVOURITE
EIQ_RACE_33AA1B992791FB60,EIQ_HORSE_B87C6BDC0BC28882,2026,0.09434120969209459,EIQ_HORSE_B87C6BDC0BC28882,EIQ_HORSE_B87C6BDC0BC28882,SAME_FAVOURITE,True,True,SAME_FAVOURITE
EIQ_RACE_33AD3D9C40E6C178,EIQ_HORSE_CDCE1CC856556376,2024,-0.024872926650131855,EIQ_HORSE_CDCE1CC856556376,EIQ_HORSE_CDCE1CC856556376,SAME_FAVOURITE,True,True,SAME_FAVOURITE
EIQ_RACE_33BC313389298090,EIQ_HORSE_80FA63235FBFE993,2022,-0.391658735619441,EIQ_HORSE_4E89D9906186D69A,EIQ_HORSE_C30429716798C01B,CHALLENGER_CHANGED_FAVOURITE,False,False,BOTH_WRONG
EIQ_RACE_33C0CEF3D66C8CA3,EIQ_HORSE_AE51A939DDB71C5B,2025,-0.14542662212483037,EIQ_HORSE_AE51A939DDB71C5B,EIQ_HORSE_AE51A939DDB71C5B,SAME_FAVOURITE,True,True,SAME_FAVOURITE
EIQ_RACE_33C1F8DF5F9925E6,EIQ_HORSE_87074A2B7A75CE8B,2023,0.12129700548021027,EIQ_HORSE_07616F3956A6F614,EIQ_HORSE_07616F3956A6F614,SAME_FAVOURITE,False,False,SAME_FAVOURITE
EIQ_RACE_33C8BE661DC7BABC,EIQ_HORSE_0480144CC6D5DB75,2021,-0.0478270360128108,EIQ_HORSE_0480144CC6D5DB75,EIQ_HORSE_0480144CC6D5DB75,SAME_FAVOURITE,True,True,SAME_FAVOURITE
EIQ_RACE_33D7C969F59AE9B0,EIQ_HORSE_D1CB2443A8F7EA51,2023,0.06378549160029046,EIQ_HORSE_D1CB2443A8F7EA51,EIQ_HORSE_D1CB2443A8F7EA51,SAME_FAVOURITE,True,True,SAME_FAVOURITE
EIQ_RACE_33D8E2410072CF90,EIQ_HORSE_2B9B708B4C9E9297,2024,-0.07439102016953725,EIQ_HORSE_2E73D1BDE865F043,EIQ_HORSE_2E73D1BDE865F043,SAME_FAVOURITE,False,False,SAME_FAVOURITE
EIQ_RACE_33DF4F7569DEEA52,EIQ_HORSE_9EDA7F684E2B527E,2024,0.01543149193184723,EIQ_HORSE_2F0789ED19877E2E,EIQ_HORSE_2F0789ED19877E2E,SAME_FAVOURITE,False,False,SAME_FAVOURITE
EIQ_RACE_33EA19E41F4F1328,EIQ_HORSE_BD62858BAEBDBE80,2024,-0.06392355342096923,EIQ_HORSE_BD62858BAEBDBE80,EIQ_HORSE_BD62858BAEBDBE80,SAME_FAVOURITE,True,True,SAME_FAVOURITE
EIQ_RACE_33F8299CACA10E8D,EIQ_HORSE_88C8707D2622937F,2025,-0.05998838305508469,EIQ_HORSE_16BCB192B942762F,EIQ_HORSE_16BCB192B942762F,SAME_FAVOURITE,False,False,SAME_FAVOURITE
EIQ_RACE_33FCF7A5876E4B93,EIQ_HORSE_892BB72419E0361C,2021,0.1250607164124624,EIQ_HORSE_DA075515F0B8AA12,EIQ_HORSE_DA075515F0B8AA12,SAME_FAVOURITE,False,False,SAME_FAVOURITE
EIQ_RACE_33FEA9E762B01A5E,EIQ_HORSE_DE74B051F95C034C,2021,0.1526674827778618,EIQ_HORSE_DE74B051F95C034C,EIQ_HORSE_DE74B051F95C034C,SAME_FAVOURITE,True,True,SAME_FAVOURITE
EIQ_RACE_341C74A1A8F38CF0,EIQ_HORSE_A159F7EB62251E71,2023,-0.11629868587724834,EIQ_HORSE_9DDC4F89A140BCA9,EIQ_HORSE_9DDC4F89A140BCA9,SAME_FAVOURITE,False,False,SAME_FAVOURITE
EIQ_RACE_341F57CFE8C5A72D,EIQ_HORSE_31DE48CBB921A5E6,2025,-0.013720973137513415,EIQ_HORSE_31DE48CBB921A5E6,EIQ_HORSE_31DE48CBB921A5E6,SAME_FAVOURITE,True,True,SAME_FAVOURITE
EIQ_RACE_34343652557B28F3,EIQ_HORSE_199A986C3346D27B,2026,0.13687273581143677,EIQ_HORSE_199A986C3346D27B,EIQ_HORSE_199A986C3346D27B,SAME_FAVOURITE,True,True,SAME_FAVOURITE
EIQ_RACE_34396C72AFEE2366,EIQ_HORSE_5718111A0D94CB66,2023,0.08316870735562909,EIQ_HORSE_2218DCAC37C409BE,EIQ_HORSE_2218DCAC37C409BE,SAME_FAVOURITE,False,False,SAME_FAVOURITE
EIQ_RACE_3441266F5B5D1943,EIQ_HORSE_19AA69A4251B03E0,2024,-0.17709161744165725,EIQ_HORSE_35724EF20D79C407,EIQ_HORSE_35724EF20D79C407,SAME_FAVOURITE,False,False,SAME_FAVOURITE
EIQ_RACE_344920C63605D0FE,EIQ_HORSE_943C576A46D182C1,2026,0.051105537770577136,EIQ_HORSE_943C576A46D182C1,EIQ_HORSE_943C576A46D182C1,SAME_FAVOURITE,True,True,SAME_FAVOURITE
EIQ_RACE_34666FADF8B4D2BE,EIQ_HORSE_D21835BC1C96C261,2026,-0.059618354944139584,EIQ_HORSE_3A88BE7C5C153085,EIQ_HORSE_3A88BE7C5C153085,SAME_FAVOURITE,False,False,SAME_FAVOURITE
EIQ_RACE_346CD994015DBD05,EIQ_HORSE_EB4C15579D2B3B3C,2024,0.10424143881620185,EIQ_HORSE_11C672F96BACB068,EIQ_HORSE_11C672F96BACB068,SAME_FAVOURITE,False,False,SAME_FAVOURITE
EIQ_RACE_347D1F45E5F00B56,EIQ_HORSE_810A374DA85D5FAE,2024,-0.14345653088474108,EIQ_HORSE_F746343D7BE59BE7,EIQ_HORSE_25F73964BA0CA3AB,CHALLENGER_CHANGED_FAVOURITE,False,False,BOTH_WRONG
EIQ_RACE_348829BDDD3B9E30,EIQ_HORSE_3D155FBE95B0B303,2024,0.023986360007685503,EIQ_HORSE_3D155FBE95B0B303,EIQ_HORSE_3D155FBE95B0B303,SAME_FAVOURITE,True,True,SAME_FAVOURITE
EIQ_RACE_3492A268B8059004,EIQ_HORSE_D4C231B2AD76BDFA,2025,0.023546447391665115,EIQ_HORSE_D4C231B2AD76BDFA,EIQ_HORSE_D4C231B2AD76BDFA,SAME_FAVOURITE,True,True,SAME_FAVOURITE
EIQ_RACE_349BBBEE8CA33A4A,EIQ_HORSE_DA161937876DE72F,2023,0.043851242222690434,EIQ_HORSE_F48F6691632D8A13,EIQ_HORSE_F48F6691632D8A13,SAME_FAVOURITE,False,False,SAME_FAVOURITE
EIQ_RACE_34A985A0C6CD3661,EIQ_HORSE_0A7EB7F819A2C834,2023,-0.0264170647518307,EIQ_HORSE_824CECC8B4F01BC0,EIQ_HORSE_0A7EB7F819A2C834,CHALLENGER_CHANGED_FAVOURITE,False,True,STRICT_WRONG_DROP_CORRECT
EIQ_RACE_34B61AA09F1FADF3,EIQ_HORSE_B6188A89822D0D76,2024,-0.10660173994484601,EIQ_HORSE_B6188A89822D0D76,EIQ_HORSE_B6188A89822D0D76,SAME_FAVOURITE,True,True,SAME_FAVOURITE
EIQ_RACE_34D10954D7D66C55,EIQ_HORSE_F90DCB6019534B70,2021,0.1021664499257322,EIQ_HORSE_5EFD1B329996F2B0,EIQ_HORSE_5EFD1B329996F2B0,SAME_FAVOURITE,False,False,SAME_FAVOURITE
EIQ_RACE_34F54D1843426F5C,EIQ_HORSE_7487D421DB63F424,2024,0.033216797575920776,EIQ_HORSE_7760F325D97F924C,EIQ_HORSE_7760F325D97F924C,SAME_FAVOURITE,False,False,SAME_FAVOURITE
EIQ_RACE_35095256ED56C781,EIQ_HORSE_71BBF4089992E1EE,2024,-0.034939598941732264,EIQ_HORSE_08AC6515E93433D8,EIQ_HORSE_08AC6515E93433D8,SAME_FAVOURITE,False,False,SAME_FAVOURITE
EIQ_RACE_35131F89B30084AD,EIQ_HORSE_E747C37F1211E97F,2021,0.24300032340932143,EIQ_HORSE_F4EB4EA5E26CE656,EIQ_HORSE_3C72B3D0199D23C8,CHALLENGER_CHANGED_FAVOURITE,False,False,BOTH_WRONG
EIQ_RACE_35236929B3F8A754,EIQ_HORSE_61ED33BE537C5EF1,2024,-0.012842249701285446,EIQ_HORSE_61ED33BE537C5EF1,EIQ_HORSE_1759011C236488FE,CHALLENGER_CHANGED_FAVOURITE,True,False,STRICT_CORRECT_DROP_WRONG
EIQ_RACE_352B583414689E37,EIQ_HORSE_AE22ED3A5C6A3747,2024,-0.06255006444422628,EIQ_HORSE_BD494A6A22C0B63F,EIQ_HORSE_41579B7071382CEC,CHALLENGER_CHANGED_FAVOURITE,False,False,BOTH_WRONG
EIQ_RACE_352E4B41F045E72A,EIQ_HORSE_7B1C746F812F27C0,2024,0.008293207220387622,EIQ_HORSE_E0A23DBBA982BA8D,EIQ_HORSE_E0A23DBBA982BA8D,SAME_FAVOURITE,False,False,SAME_FAVOURITE
EIQ_RACE_353091A09F2BDDFA,EIQ_HORSE_09BB3984A7FCCAEE,2021,-0.35972385855919375,EIQ_HORSE_91302D00E30556FB,EIQ_HORSE_2FF4A862B29DBEEC,CHALLENGER_CHANGED_FAVOURITE,False,False,BOTH_WRONG
EIQ_RACE_3538E601FBC9C6C6,EIQ_HORSE_F1298621F3EC14CC,2026,-0.2503803647326488,EIQ_HORSE_F90AF08890572073,EIQ_HORSE_F90AF08890572073,SAME_FAVOURITE,False,False,SAME_FAVOURITE
EIQ_RACE_354BED489A58623E,EIQ_HORSE_16D713853928658C,2026,0.12661131909834245,EIQ_HORSE_10C85395300DFC53,EIQ_HORSE_10C85395300DFC53,SAME_FAVOURITE,False,False,SAME_FAVOURITE
EIQ_RACE_35562770B0FFC262,EIQ_HORSE_B00144505C21ECF2,2021,-0.10073673401003602,EIQ_HORSE_B00144505C21ECF2,EIQ_HORSE_B00144505C21ECF2,SAME_FAVOURITE,True,True,SAME_FAVOURITE
EIQ_RACE_3558F1A2A3FD3988,EIQ_HORSE_0128B4AB44EE0848,2024,0.007512560866383522,EIQ_HORSE_3BCB01422623F31E,EIQ_HORSE_0128B4AB44EE0848,CHALLENGER_CHANGED_FAVOURITE,False,True,STRICT_WRONG_DROP_CORRECT
EIQ_RACE_355B1E5E2E5DA7E2,EIQ_HORSE_F421A318B6701BC4,2025,-0.16470724365412948,EIQ_HORSE_1BD1B7CA77EDED82,EIQ_HORSE_1BD1B7CA77EDED82,SAME_FAVOURITE,False,False,SAME_FAVOURITE
EIQ_RACE_3581F9C98CB2F03C,EIQ_HORSE_9A14662CCFA6DB4E,2023,0.02391990761940921,EIQ_HORSE_89B90834200814E5,EIQ_HORSE_89B90834200814E5,SAME_FAVOURITE,False,False,SAME_FAVOURITE
EIQ_RACE_35847F9AA3BD5ACF,EIQ_HORSE_D9B23E5F2D76A696,2021,-0.12889382719780396,EIQ_HORSE_D9B23E5F2D76A696,EIQ_HORSE_D9B23E5F2D76A696,SAME_FAVOURITE,True,True,SAME_FAVOURITE
EIQ_RACE_358B836E7E34732D,EIQ_HORSE_241CE2A53F8A8D9A,2021,-0.09349190023473763,EIQ_HORSE_705EA154C2B25A7A,EIQ_HORSE_705EA154C2B25A7A,SAME_FAVOURITE,False,False,SAME_FAVOURITE
EIQ_RACE_358EFC693A220432,EIQ_HORSE_01EB64171C804C1A,2024,0.016952627670367537,EIQ_HORSE_321E3B066BEEDB4F,EIQ_HORSE_321E3B066BEEDB4F,SAME_FAVOURITE,False,False,SAME_FAVOURITE
EIQ_RACE_35905B7965C101BA,EIQ_HORSE_5B2B03575879D6DF,2026,0.08281463586745152,EIQ_HORSE_46B0DF18FC56B7E9,EIQ_HORSE_46B0DF18FC56B7E9,SAME_FAVOURITE,False,False,SAME_FAVOURITE
EIQ_RACE_3594CA28B6BF49DA,EIQ_HORSE_717D8043140BB85C,2023,0.17913722292267842,EIQ_HORSE_881D43EED0A88C41,EIQ_HORSE_881D43EED0A88C41,SAME_FAVOURITE,False,False,SAME_FAVOURITE
EIQ_RACE_359B49A23ECFC335,EIQ_HORSE_9724449E9FAD9A13,2025,0.05183163818309944,EIQ_HORSE_6CFF28AB0FFE367F,EIQ_HORSE_6CFF28AB0FFE367F,SAME_FAVOURITE,False,False,SAME_FAVOURITE
EIQ_RACE_359B663BE53D3320,EIQ_HORSE_C324AD6F99303BAD,2025,0.1831937584101997,EIQ_HORSE_641370D1A135AD2A,EIQ_HORSE_641370D1A135AD2A,SAME_FAVOURITE,False,False,SAME_FAVOURITE
EIQ_RACE_35C4E422DB8AE10E,EIQ_HORSE_E2D88AEC426F8636,2021,-0.04000358290340433,EIQ_HORSE_E2D88AEC426F8636,EIQ_HORSE_E2D88AEC426F8636,SAME_FAVOURITE,True,True,SAME_FAVOURITE
EIQ_RACE_35C644EB94DC921B,EIQ_HORSE_17A34F428AB4B174,2025,0.1602638598503492,EIQ_HORSE_136C5C421EE09EB7,EIQ_HORSE_136C5C421EE09EB7,SAME_FAVOURITE,False,False,SAME_FAVOURITE
EIQ_RACE_35DA508ED2E301A2,EIQ_HORSE_1F1B654AE12C2A4A,2021,0.05149827149152375,EIQ_HORSE_1169A1EA369DE3F6,EIQ_HORSE_1169A1EA369DE3F6,SAME_FAVOURITE,False,False,SAME_FAVOURITE
EIQ_RACE_35DE4FFEF30C583A,EIQ_HORSE_C5482EBEDF31558E,2026,0.029671532586499794,EIQ_HORSE_B57057BE51261B2C,EIQ_HORSE_B57057BE51261B2C,SAME_FAVOURITE,False,False,SAME_FAVOURITE
EIQ_RACE_35E220C40EC87B06,EIQ_HORSE_D259DCC5CED70954,2023,0.03629463278727485,EIQ_HORSE_D259DCC5CED70954,EIQ_HORSE_D259DCC5CED70954,SAME_FAVOURITE,True,True,SAME_FAVOURITE
EIQ_RACE_35FB00EAAFA6BDC1,EIQ_HORSE_CB13EFD8934C1989,2023,-0.16089190363113626,EIQ_HORSE_97141F397382E1B6,EIQ_HORSE_97141F397382E1B6,SAME_FAVOURITE,False,False,SAME_FAVOURITE
EIQ_RACE_35FE1DCBBA8626DF,EIQ_HORSE_01EB64171C804C1A,2023,-0.09981676100937809,EIQ_HORSE_01EB64171C804C1A,EIQ_HORSE_01EB64171C804C1A,SAME_FAVOURITE,True,True,SAME_FAVOURITE
EIQ_RACE_35FEF31E67E55DD0,EIQ_HORSE_15CEAC0169F53E11,2023,-0.0804922986634804,EIQ_HORSE_15CEAC0169F53E11,EIQ_HORSE_15CEAC0169F53E11,SAME_FAVOURITE,True,True,SAME_FAVOURITE
EIQ_RACE_36054EFBB5E554C4,EIQ_HORSE_F1A5290AE5FD94D4,2024,-0.18001519241717245,EIQ_HORSE_5BF223756D8C49FF,EIQ_HORSE_5BF223756D8C49FF,SAME_FAVOURITE,False,False,SAME_FAVOURITE
EIQ_RACE_360B3D5AF1676295,EIQ_HORSE_74B0BFDC0CADB5AA,2021,0.1078034375051824,EIQ_HORSE_46F6072F812AEF28,EIQ_HORSE_46F6072F812AEF28,SAME_FAVOURITE,False,False,SAME_FAVOURITE
EIQ_RACE_362C420599E20BF4,EIQ_HORSE_A921E15BEA3BAA0F,2023,0.037470922848160004,EIQ_HORSE_A921E15BEA3BAA0F,EIQ_HORSE_A921E15BEA3BAA0F,SAME_FAVOURITE,True,True,SAME_FAVOURITE
EIQ_RACE_363255DB68D71427,EIQ_HORSE_6C46C1712AB5CCD7,2024,-0.1290133920384695,EIQ_HORSE_BD1AAAC40F1C762A,EIQ_HORSE_BD1AAAC40F1C762A,SAME_FAVOURITE,False,False,SAME_FAVOURITE
EIQ_RACE_363CCF1B3DF859EF,EIQ_HORSE_D36314235C3D6583,2022,-0.007120422421212691,EIQ_HORSE_938A86E298A674D5,EIQ_HORSE_938A86E298A674D5,SAME_FAVOURITE,False,False,SAME_FAVOURITE
EIQ_RACE_364B67A0C2245DDE,EIQ_HORSE_F31A42FABA0F5238,2024,-0.01994641513950235,EIQ_HORSE_1694ECE5D72D743C,EIQ_HORSE_1694ECE5D72D743C,SAME_FAVOURITE,False,False,SAME_FAVOURITE
EIQ_RACE_36539E31D3140360,EIQ_HORSE_0C7CBB5FAB802E08,2024,0.0023020707892980052,EIQ_HORSE_0C7CBB5FAB802E08,EIQ_HORSE_0C7CBB5FAB802E08,SAME_FAVOURITE,True,True,SAME_FAVOURITE
EIQ_RACE_365E6F49A825B33D,EIQ_HORSE_77149AAA298861C2,2023,-0.2188093537523732,EIQ_HORSE_53B988974AA47780,EIQ_HORSE_AD0695E3CCC87AEE,CHALLENGER_CHANGED_FAVOURITE,False,False,BOTH_WRONG
EIQ_RACE_36606DFFCD5D8268,EIQ_HORSE_784AD046D9D6B6AD,2024,0.08457237613962576,EIQ_HORSE_6A4743D37176C570,EIQ_HORSE_6A4743D37176C570,SAME_FAVOURITE,False,False,SAME_FAVOURITE
EIQ_RACE_367114DEF34065EF,EIQ_HORSE_F2B5AF9721510055,2025,0.008926989765049242,EIQ_HORSE_F2B5AF9721510055,EIQ_HORSE_F2B5AF9721510055,SAME_FAVOURITE,True,True,SAME_FAVOURITE
EIQ_RACE_367658AB1E0D11F3,EIQ_HORSE_246CCB84C390C843,2023,0.030267523085246273,EIQ_HORSE_246CCB84C390C843,EIQ_HORSE_246CCB84C390C843,SAME_FAVOURITE,True,True,SAME_FAVOURITE
EIQ_RACE_36782E84B6417478,EIQ_HORSE_D259DCC5CED70954,2024,-0.011166468163201326,EIQ_HORSE_A1BC140AE7B477CA,EIQ_HORSE_A1BC140AE7B477CA,SAME_FAVOURITE,False,False,SAME_FAVOURITE
EIQ_RACE_367F2E2A1CFC8093,EIQ_HORSE_5AFE20E27894FD2E,2025,-0.04864633638169735,EIQ_HORSE_3BE893D94D881FAD,EIQ_HORSE_3BE893D94D881FAD,SAME_FAVOURITE,False,False,SAME_FAVOURITE
EIQ_RACE_3699FFE712FE72F1,EIQ_HORSE_587951B5C8A1DA7E,2026,0.08020713719432315,EIQ_HORSE_ADAC983D50578A61,EIQ_HORSE_ADAC983D50578A61,SAME_FAVOURITE,False,False,SAME_FAVOURITE
EIQ_RACE_36A84790D9EACC49,EIQ_HORSE_BEF3C8739F54A336,2024,-0.052020435329545034,EIQ_HORSE_16AB99F2BB8662A8,EIQ_HORSE_16AB99F2BB8662A8,SAME_FAVOURITE,False,False,SAME_FAVOURITE
EIQ_RACE_36B2206A1E0178A1,EIQ_HORSE_F746343D7BE59BE7,2024,0.20703416949178743,EIQ_HORSE_93F6DF3044467F13,EIQ_HORSE_93F6DF3044467F13,SAME_FAVOURITE,False,False,SAME_FAVOURITE
EIQ_RACE_36B3908EFFB307E9,EIQ_HORSE_D5FEAB4509274559,2023,0.07422037907156287,EIQ_HORSE_D5FEAB4509274559,EIQ_HORSE_D5FEAB4509274559,SAME_FAVOURITE,True,True,SAME_FAVOURITE
EIQ_RACE_36D059663619EEA3,EIQ_HORSE_DF80FEB87116F997,2023,-0.1249531469497962,EIQ_HORSE_DF80FEB87116F997,EIQ_HORSE_DF80FEB87116F997,SAME_FAVOURITE,True,True,SAME_FAVOURITE
EIQ_RACE_36D493A51B8D94DB,EIQ_HORSE_A4189DED10927B1D,2021,-0.06166080498681614,EIQ_HORSE_13E6767D568229DB,EIQ_HORSE_13E6767D568229DB,SAME_FAVOURITE,False,False,SAME_FAVOURITE
EIQ_RACE_36DC83D346BEE8C1,EIQ_HORSE_E0D7F799FB3B8E23,2022,-0.05893758904389301,EIQ_HORSE_BBD095E6E26CD270,EIQ_HORSE_BBD095E6E26CD270,SAME_FAVOURITE,False,False,SAME_FAVOURITE
EIQ_RACE_36DDF8D9300549D1,EIQ_HORSE_1BA4671487824A2F,2023,-0.052312203736994745,EIQ_HORSE_CEEF92035DFC1C17,EIQ_HORSE_CEEF92035DFC1C17,SAME_FAVOURITE,False,False,SAME_FAVOURITE
EIQ_RACE_36F385096151BFB8,EIQ_HORSE_33AEE721D4074755,2023,0.09978756943848399,EIQ_HORSE_78E7466978EE1C29,EIQ_HORSE_78E7466978EE1C29,SAME_FAVOURITE,False,False,SAME_FAVOURITE
EIQ_RACE_36F9C647B22328ED,EIQ_HORSE_AE7070B02381A96C,2025,-0.04525101891479277,EIQ_HORSE_AE7070B02381A96C,EIQ_HORSE_AE7070B02381A96C,SAME_FAVOURITE,True,True,SAME_FAVOURITE
EIQ_RACE_370418443A810237,EIQ_HORSE_985FC9D8CD474D0B,2022,0.1575581874267007,EIQ_HORSE_5F32235D5359F20E,EIQ_HORSE_5F32235D5359F20E,SAME_FAVOURITE,False,False,SAME_FAVOURITE
EIQ_RACE_370C13E69CF4D1D7,EIQ_HORSE_74FBFE3F02B6113D,2023,0.14820708177260666,EIQ_HORSE_CDD771FDB04F4772,EIQ_HORSE_46C2A8223BF83523,CHALLENGER_CHANGED_FAVOURITE,False,False,BOTH_WRONG
EIQ_RACE_37291282BD7E9516,EIQ_HORSE_79A39CD644B5D03B,2024,0.03721091058988035,EIQ_HORSE_B781A32EAD9C68CC,EIQ_HORSE_B781A32EAD9C68CC,SAME_FAVOURITE,False,False,SAME_FAVOURITE
EIQ_RACE_372F37299AD33098,EIQ_HORSE_4F9ECC65100A2689,2024,-0.010422676347599413,EIQ_HORSE_88A56FDC78C3FF54,EIQ_HORSE_88A56FDC78C3FF54,SAME_FAVOURITE,False,False,SAME_FAVOURITE
EIQ_RACE_373BFC1AEE548581,EIQ_HORSE_B9C038073D235A72,2021,-0.0015557892173709842,EIQ_HORSE_B9C038073D235A72,EIQ_HORSE_B9C038073D235A72,SAME_FAVOURITE,True,True,SAME_FAVOURITE
EIQ_RACE_37469E35981D8523,EIQ_HORSE_B301544FC53F020E,2024,0.03515799309933154,EIQ_HORSE_AD395B62F92DA250,EIQ_HORSE_AD395B62F92DA250,SAME_FAVOURITE,False,False,SAME_FAVOURITE
EIQ_RACE_374B29A705939A95,EIQ_HORSE_0A57BEA1D0B65B50,2021,-0.17557563645402108,EIQ_HORSE_3C36594693733089,EIQ_HORSE_3C36594693733089,SAME_FAVOURITE,False,False,SAME_FAVOURITE
EIQ_RACE_37556E6C1CF996FF,EIQ_HORSE_07BF79BF4DEC37EE,2023,0.04166901301767201,EIQ_HORSE_F597383DB21CFF66,EIQ_HORSE_F597383DB21CFF66,SAME_FAVOURITE,False,False,SAME_FAVOURITE
EIQ_RACE_3758E82C4F2CC635,EIQ_HORSE_E4BC6D8C4FF411E9,2024,0.040957890731955215,EIQ_HORSE_11284B12326477FB,EIQ_HORSE_11284B12326477FB,SAME_FAVOURITE,False,False,SAME_FAVOURITE
EIQ_RACE_375B3EA608E4B419,EIQ_HORSE_F7D9DB25042B9FAE,2021,-0.07206411664420065,EIQ_HORSE_D8BE0C475114B38D,EIQ_HORSE_D8BE0C475114B38D,SAME_FAVOURITE,False,False,SAME_FAVOURITE
EIQ_RACE_376B6570222EC5A4,EIQ_HORSE_D36314235C3D6583,2021,0.024948608785040127,EIQ_HORSE_9310CF5C1D4C0969,EIQ_HORSE_9310CF5C1D4C0969,SAME_FAVOURITE,False,False,SAME_FAVOURITE
EIQ_RACE_376CEA51B4702448,EIQ_HORSE_16D713853928658C,2025,1.226945060794904e-05,EIQ_HORSE_B9E41CEECD0E75E9,EIQ_HORSE_B9E41CEECD0E75E9,SAME_FAVOURITE,False,False,SAME_FAVOURITE
EIQ_RACE_376DFFA559E15C3B,EIQ_HORSE_4FD5A5CC52B9E39F,2024,-0.016152185715969658,EIQ_HORSE_4FD5A5CC52B9E39F,EIQ_HORSE_4FD5A5CC52B9E39F,SAME_FAVOURITE,True,True,SAME_FAVOURITE
EIQ_RACE_377157822011C2CE,EIQ_HORSE_89239166A959A26F,2024,0.017635560183027144,EIQ_HORSE_ACC5788BD142A950,EIQ_HORSE_ACC5788BD142A950,SAME_FAVOURITE,False,False,SAME_FAVOURITE
EIQ_RACE_3783E83B5B647B2C,EIQ_HORSE_ABA9580B7B418573,2021,-0.029326192647574523,EIQ_HORSE_84B7746BB3B4AA9A,EIQ_HORSE_84B7746BB3B4AA9A,SAME_FAVOURITE,False,False,SAME_FAVOURITE
EIQ_RACE_3785F4C831C1CA8E,EIQ_HORSE_4C41985C5B6B816F,2024,-0.04737137621085652,EIQ_HORSE_4C41985C5B6B816F,EIQ_HORSE_4C41985C5B6B816F,SAME_FAVOURITE,True,True,SAME_FAVOURITE
EIQ_RACE_37871549710F3BA2,EIQ_HORSE_53FDEEAC319A588C,2026,-0.038542482024669145,EIQ_HORSE_FA07785FA23E71CB,EIQ_HORSE_FA07785FA23E71CB,SAME_FAVOURITE,False,False,SAME_FAVOURITE
EIQ_RACE_3793A7297836B01E,EIQ_HORSE_2D3FDE4EA0780194,2021,-0.174215298141579,EIQ_HORSE_2D3FDE4EA0780194,EIQ_HORSE_E31FCBE033DA38D3,CHALLENGER_CHANGED_FAVOURITE,True,False,STRICT_CORRECT_DROP_WRONG
EIQ_RACE_37982050EBEC5744,EIQ_HORSE_A9BF3771016F7CFD,2024,0.027935540528796432,EIQ_HORSE_A9BF3771016F7CFD,EIQ_HORSE_A9BF3771016F7CFD,SAME_FAVOURITE,True,True,SAME_FAVOURITE
EIQ_RACE_37A2869D2B4B0013,EIQ_HORSE_F8575958972E2058,2024,0.06781339623390892,EIQ_HORSE_5220C7D251B9512E,EIQ_HORSE_5220C7D251B9512E,SAME_FAVOURITE,False,False,SAME_FAVOURITE
EIQ_RACE_37A90FC014190A35,EIQ_HORSE_0291C9FBDD237D35,2025,-0.044584360870995265,EIQ_HORSE_A9AF621B69D6918B,EIQ_HORSE_A9AF621B69D6918B,SAME_FAVOURITE,False,False,SAME_FAVOURITE
EIQ_RACE_37CA9191BFA0E6E4,EIQ_HORSE_191E5C613184EDB0,2023,0.06961956626213572,EIQ_HORSE_8710E05EE212D6D0,EIQ_HORSE_8710E05EE212D6D0,SAME_FAVOURITE,False,False,SAME_FAVOURITE
EIQ_RACE_37CC71ED5F716904,EIQ_HORSE_59F0743CD5B85A41,2021,0.11569138829838033,EIQ_HORSE_9F9D1C5A182370CC,EIQ_HORSE_9F9D1C5A182370CC,SAME_FAVOURITE,False,False,SAME_FAVOURITE
EIQ_RACE_37E9E6E031FA431B,EIQ_HORSE_C7CC793CDF098675,2025,0.055384095577469594,EIQ_HORSE_C7CC793CDF098675,EIQ_HORSE_C7CC793CDF098675,SAME_FAVOURITE,True,True,SAME_FAVOURITE
EIQ_RACE_37ECAF45AE40700E,EIQ_HORSE_FA770614A48F6AE5,2023,0.05640597307302997,EIQ_HORSE_C752DA6FD4769736,EIQ_HORSE_C752DA6FD4769736,SAME_FAVOURITE,False,False,SAME_FAVOURITE
EIQ_RACE_37EDFEA82EAE0554,EIQ_HORSE_431C412B8E422235,2021,0.0897785828117259,EIQ_HORSE_62EBF3B972322F1F,EIQ_HORSE_828BC50547643D9C,CHALLENGER_CHANGED_FAVOURITE,False,False,BOTH_WRONG
EIQ_RACE_380B224EE0B35F21,EIQ_HORSE_CDED3805B9A6CE93,2024,-0.025093828106057092,EIQ_HORSE_1154470269DCDB06,EIQ_HORSE_1154470269DCDB06,SAME_FAVOURITE,False,False,SAME_FAVOURITE
EIQ_RACE_381B375F9BAA93BE,EIQ_HORSE_9EEDAAA8826D30F3,2025,-0.028454992502042087,EIQ_HORSE_9EEDAAA8826D30F3,EIQ_HORSE_9EEDAAA8826D30F3,SAME_FAVOURITE,True,True,SAME_FAVOURITE
EIQ_RACE_3820D795048B31BA,EIQ_HORSE_A04CC955E6989362,2025,-0.04922055418129023,EIQ_HORSE_A7036D6E020DAB20,EIQ_HORSE_A7036D6E020DAB20,SAME_FAVOURITE,False,False,SAME_FAVOURITE
EIQ_RACE_3821D2C59F88AB76,EIQ_HORSE_79821E42BCB35B0A,2023,-0.026490691374985387,EIQ_HORSE_F2B19FF878A6CED3,EIQ_HORSE_0E0CC5D74A44D70E,CHALLENGER_CHANGED_FAVOURITE,False,False,BOTH_WRONG
EIQ_RACE_3825211F8683EFC4,EIQ_HORSE_C707F826800D8B63,2023,-0.22726417587765502,EIQ_HORSE_5E91E1CF0EDB4AF7,EIQ_HORSE_5E91E1CF0EDB4AF7,SAME_FAVOURITE,False,False,SAME_FAVOURITE
EIQ_RACE_38346382DB8ACDD8,EIQ_HORSE_779274179793ADFE,2025,0.14529972834055682,EIQ_HORSE_901DC4214E893026,EIQ_HORSE_901DC4214E893026,SAME_FAVOURITE,False,False,SAME_FAVOURITE
EIQ_RACE_38356C3437A2C962,EIQ_HORSE_6A99020E2F37F8A5,2021,0.16816918784770785,EIQ_HORSE_784195EAFE3E157E,EIQ_HORSE_443F10C73FA14B61,CHALLENGER_CHANGED_FAVOURITE,False,False,BOTH_WRONG
EIQ_RACE_3853D31FAE37B317,EIQ_HORSE_2AE34370D37CD4C7,2024,0.08129424942261854,EIQ_HORSE_2FA26E5E3B8B1AC3,EIQ_HORSE_2AE34370D37CD4C7,CHALLENGER_CHANGED_FAVOURITE,False,True,STRICT_WRONG_DROP_CORRECT
EIQ_RACE_38559F3A10B5669F,EIQ_HORSE_2F1BD2F83417DC1F,2021,-0.06798043295945555,EIQ_HORSE_4FA36DBC6382055F,EIQ_HORSE_2F1BD2F83417DC1F,CHALLENGER_CHANGED_FAVOURITE,False,True,STRICT_WRONG_DROP_CORRECT
EIQ_RACE_38561CEFEFB4F0A4,EIQ_HORSE_E8F135F676DCE190,2025,-0.04957076996047172,EIQ_HORSE_E8F135F676DCE190,EIQ_HORSE_E8F135F676DCE190,SAME_FAVOURITE,True,True,SAME_FAVOURITE
EIQ_RACE_385AE078F097B84A,EIQ_HORSE_1356ECA3292BF05D,2024,-0.07357815752141561,EIQ_HORSE_C021253D508B0499,EIQ_HORSE_C021253D508B0499,SAME_FAVOURITE,False,False,SAME_FAVOURITE
EIQ_RACE_385F05AA3A063A7B,EIQ_HORSE_5E93F173B2519E03,2023,-0.017301728522841398,EIQ_HORSE_27B249A83A239647,EIQ_HORSE_27B249A83A239647,SAME_FAVOURITE,False,False,SAME_FAVOURITE
EIQ_RACE_387158514AAB6B47,EIQ_HORSE_BD2E5B589396218A,2023,-0.046627381039091365,EIQ_HORSE_B1AE8FA88D679B65,EIQ_HORSE_AA19DE14A4691E09,CHALLENGER_CHANGED_FAVOURITE,False,False,BOTH_WRONG
EIQ_RACE_387CF79E85A77688,EIQ_HORSE_6F6860A8DFD46EDE,2021,-0.005733664399680816,EIQ_HORSE_5FB7AEA807BB7697,EIQ_HORSE_5FB7AEA807BB7697,SAME_FAVOURITE,False,False,SAME_FAVOURITE
EIQ_RACE_388841E909F21687,EIQ_HORSE_3B6B77726942C491,2024,-0.028186104752316865,EIQ_HORSE_DE95F70B4B54214B,EIQ_HORSE_DE95F70B4B54214B,SAME_FAVOURITE,False,False,SAME_FAVOURITE
EIQ_RACE_3893559B9DCBECF2,EIQ_HORSE_3406D890FAF748CC,2023,-0.027536762272189597,EIQ_HORSE_3406D890FAF748CC,EIQ_HORSE_3406D890FAF748CC,SAME_FAVOURITE,True,True,SAME_FAVOURITE
EIQ_RACE_3894CD4FE1F3115D,EIQ_HORSE_655A6E40D4F5CCCA,2024,0.08580480749965469,EIQ_HORSE_F98DE8925259817A,EIQ_HORSE_655A6E40D4F5CCCA,CHALLENGER_CHANGED_FAVOURITE,False,True,STRICT_WRONG_DROP_CORRECT
EIQ_RACE_3899450F839ABF30,EIQ_HORSE_0234C52C5B3D2E4E,2024,-0.11931968524681702,EIQ_HORSE_33FF249A85508A0C,EIQ_HORSE_33FF249A85508A0C,SAME_FAVOURITE,False,False,SAME_FAVOURITE
EIQ_RACE_389CDAAC2B8B5D4C,EIQ_HORSE_2D45AEDADAE3CECC,2025,0.03199519333809908,EIQ_HORSE_EDE526E54EB0203E,EIQ_HORSE_EDE526E54EB0203E,SAME_FAVOURITE,False,False,SAME_FAVOURITE
EIQ_RACE_38A2D6BFF70750B0,EIQ_HORSE_46E4D247EC43688A,2025,0.04833205474271196,EIQ_HORSE_46E4D247EC43688A,EIQ_HORSE_46E4D247EC43688A,SAME_FAVOURITE,True,True,SAME_FAVOURITE
EIQ_RACE_38A843E2EE74024A,EIQ_HORSE_50F20EA6C514FCC7,2025,-0.03382727132260355,EIQ_HORSE_A691E439BDD47637,EIQ_HORSE_A691E439BDD47637,SAME_FAVOURITE,False,False,SAME_FAVOURITE
EIQ_RACE_38A856D0E8BEFC40,EIQ_HORSE_5BBEA72A0C979460,2025,0.04599763736961249,EIQ_HORSE_5BBEA72A0C979460,EIQ_HORSE_1F856B42D2557B65,CHALLENGER_CHANGED_FAVOURITE,True,False,STRICT_CORRECT_DROP_WRONG
EIQ_RACE_38B0CA1C65C69E47,EIQ_HORSE_49D8204BC6C45804,2026,0.05030862004733461,EIQ_HORSE_49D8204BC6C45804,EIQ_HORSE_49D8204BC6C45804,SAME_FAVOURITE,True,True,SAME_FAVOURITE
EIQ_RACE_38EAD2FE8B8B787D,EIQ_HORSE_F44EFA8EACA21114,2025,-0.12959207288720598,EIQ_HORSE_1BAB1813C9EBEFF6,EIQ_HORSE_1BAB1813C9EBEFF6,SAME_FAVOURITE,False,False,SAME_FAVOURITE
EIQ_RACE_3914D6460330DBE3,EIQ_HORSE_95F7A17E0EF84C97,2023,0.017799276645201978,EIQ_HORSE_192CDFD7CACED886,EIQ_HORSE_BB4458E26FE9668E,CHALLENGER_CHANGED_FAVOURITE,False,False,BOTH_WRONG
EIQ_RACE_392F83AC75BCE256,EIQ_HORSE_3A3B962A52A82BAF,2024,0.017105606846969934,EIQ_HORSE_BC1FE92AD392979B,EIQ_HORSE_BC1FE92AD392979B,SAME_FAVOURITE,False,False,SAME_FAVOURITE
EIQ_RACE_3934BE694A2D86E9,EIQ_HORSE_5B0A333B94DC8DCA,2024,0.05360494842529806,EIQ_HORSE_5B0A333B94DC8DCA,EIQ_HORSE_5B0A333B94DC8DCA,SAME_FAVOURITE,True,True,SAME_FAVOURITE
EIQ_RACE_3944789ECFB480D8,EIQ_HORSE_AA41B93609C968B8,2024,0.033353416384977574,EIQ_HORSE_AA41B93609C968B8,EIQ_HORSE_AA41B93609C968B8,SAME_FAVOURITE,True,True,SAME_FAVOURITE
EIQ_RACE_3948F43AB5A7F5BF,EIQ_HORSE_264161ED0A2AEFE3,2021,0.14074988315736836,EIQ_HORSE_35225B64A2BCFD01,EIQ_HORSE_35225B64A2BCFD01,SAME_FAVOURITE,False,False,SAME_FAVOURITE
EIQ_RACE_39529B0DD03F7242,EIQ_HORSE_4BC48ECFBE673035,2025,0.15972452146811644,EIQ_HORSE_9A28FD950E5DCC2B,EIQ_HORSE_9A28FD950E5DCC2B,SAME_FAVOURITE,False,False,SAME_FAVOURITE
EIQ_RACE_39569FCC39F93636,EIQ_HORSE_DA24B7D6851B6D31,2025,0.056102454030690474,EIQ_HORSE_DA24B7D6851B6D31,EIQ_HORSE_DA24B7D6851B6D31,SAME_FAVOURITE,True,True,SAME_FAVOURITE
EIQ_RACE_397079DBA63F5943,EIQ_HORSE_95613DC2DFCA2A3F,2026,0.07012959702623656,EIQ_HORSE_A32B9CC47E44955F,EIQ_HORSE_A32B9CC47E44955F,SAME_FAVOURITE,False,False,SAME_FAVOURITE
EIQ_RACE_397D64017C1CF7BB,EIQ_HORSE_EC56B5972AB7863D,2021,0.04134774191747814,EIQ_HORSE_EC56B5972AB7863D,EIQ_HORSE_EC56B5972AB7863D,SAME_FAVOURITE,True,True,SAME_FAVOURITE
EIQ_RACE_3981BF99775E6B15,EIQ_HORSE_C6F4001D21B37CA2,2024,-0.02571716802755697,EIQ_HORSE_C6F4001D21B37CA2,EIQ_HORSE_C6F4001D21B37CA2,SAME_FAVOURITE,True,True,SAME_FAVOURITE
EIQ_RACE_398E2672F57ECD3A,EIQ_HORSE_422C503853BCD1FA,2024,0.008698218415638115,EIQ_HORSE_422C503853BCD1FA,EIQ_HORSE_422C503853BCD1FA,SAME_FAVOURITE,True,True,SAME_FAVOURITE
EIQ_RACE_399990C7E90C1541,EIQ_HORSE_8E154297C5E044C8,2024,0.02756163179738258,EIQ_HORSE_ACBF241228345C79,EIQ_HORSE_ACBF241228345C79,SAME_FAVOURITE,False,False,SAME_FAVOURITE
EIQ_RACE_399CD0B23EAF7799,EIQ_HORSE_4C36FC0265430A10,2023,-0.012239762479446803,EIQ_HORSE_C6CD9D62614439F4,EIQ_HORSE_C6CD9D62614439F4,SAME_FAVOURITE,False,False,SAME_FAVOURITE
EIQ_RACE_39A05F76EA1ECF65,EIQ_HORSE_54BC5F4FA7C8FA7D,2022,-0.13485426490054042,EIQ_HORSE_A6AFA3198D67C9A7,EIQ_HORSE_8B6A797443A53098,CHALLENGER_CHANGED_FAVOURITE,False,False,BOTH_WRONG
EIQ_RACE_39A81E59CAFB21C0,EIQ_HORSE_1987EC4AE6D8F6C6,2025,-0.13001712955752454,EIQ_HORSE_0C1DE681456B5C90,EIQ_HORSE_0C1DE681456B5C90,SAME_FAVOURITE,False,False,SAME_FAVOURITE
EIQ_RACE_39B740B8B3534738,EIQ_HORSE_6E3A3ABD12F88059,2024,-0.10062498563292488,EIQ_HORSE_84422DEF50615967,EIQ_HORSE_84422DEF50615967,SAME_FAVOURITE,False,False,SAME_FAVOURITE
EIQ_RACE_39B9BA9EDF41B4EC,EIQ_HORSE_F296912FAF5B3FD2,2025,0.0818733874856643,EIQ_HORSE_F0FA749F7DDEC461,EIQ_HORSE_F0FA749F7DDEC461,SAME_FAVOURITE,False,False,SAME_FAVOURITE
EIQ_RACE_39BEFAE7C46BD35B,EIQ_HORSE_61E7E3F914D36770,2026,-0.011047752813475586,EIQ_HORSE_FEE6E4450FDCDB05,EIQ_HORSE_FEE6E4450FDCDB05,SAME_FAVOURITE,False,False,SAME_FAVOURITE
EIQ_RACE_39C42CC8E1FAFC34,EIQ_HORSE_2DACA46D1DB1D90A,2025,0.02320210195724015,EIQ_HORSE_2DACA46D1DB1D90A,EIQ_HORSE_2DACA46D1DB1D90A,SAME_FAVOURITE,True,True,SAME_FAVOURITE
EIQ_RACE_39CA08C22AAA7C45,EIQ_HORSE_4FA2805B5D2381AB,2023,0.11607011651974575,EIQ_HORSE_4FA2805B5D2381AB,EIQ_HORSE_4FA2805B5D2381AB,SAME_FAVOURITE,True,True,SAME_FAVOURITE
EIQ_RACE_39CDDE1EACA1E5AE,EIQ_HORSE_FF50B7EAB824A78F,2025,-0.009834847433729088,EIQ_HORSE_BB35B1224C6AB642,EIQ_HORSE_BB35B1224C6AB642,SAME_FAVOURITE,False,False,SAME_FAVOURITE
EIQ_RACE_39D63F0181D8D59B,EIQ_HORSE_315E7BF048C70AFC,2026,-0.08795725860070003,EIQ_HORSE_315E7BF048C70AFC,EIQ_HORSE_15DA6B2B500DC026,CHALLENGER_CHANGED_FAVOURITE,True,False,STRICT_CORRECT_DROP_WRONG
EIQ_RACE_39EC204E6BEBA040,EIQ_HORSE_B40DD8CFC3215DE0,2022,-0.1143842817060321,EIQ_HORSE_1A5E8DF4BD6074D8,EIQ_HORSE_1A5E8DF4BD6074D8,SAME_FAVOURITE,False,False,SAME_FAVOURITE
EIQ_RACE_39EDD437FD76119C,EIQ_HORSE_795BC7A382368A3B,2022,0.17184749930057874,EIQ_HORSE_286E56077BD39EFF,EIQ_HORSE_8163FFE4204DE4FF,CHALLENGER_CHANGED_FAVOURITE,False,False,BOTH_WRONG
EIQ_RACE_39FB8189AB041ADE,EIQ_HORSE_6E9D6F1CD3ECA0B5,2021,0.09188053338071889,EIQ_HORSE_EC204C00175EE2B3,EIQ_HORSE_EC204C00175EE2B3,SAME_FAVOURITE,False,False,SAME_FAVOURITE
EIQ_RACE_39FD5FEC3B94CB53,EIQ_HORSE_5423947381606EFC,2024,0.01422917645584576,EIQ_HORSE_95F7A17E0EF84C97,EIQ_HORSE_95F7A17E0EF84C97,SAME_FAVOURITE,False,False,SAME_FAVOURITE
EIQ_RACE_3A0166C815BCFF09,EIQ_HORSE_E6654DC23A1B8060,2024,0.016020457663371124,EIQ_HORSE_E6654DC23A1B8060,EIQ_HORSE_E6654DC23A1B8060,SAME_FAVOURITE,True,True,SAME_FAVOURITE
EIQ_RACE_3A0E90909406047A,EIQ_HORSE_3536B3992DB30CD8,2026,0.000533541461531728,EIQ_HORSE_3536B3992DB30CD8,EIQ_HORSE_6356501419FC923B,CHALLENGER_CHANGED_FAVOURITE,True,False,STRICT_CORRECT_DROP_WRONG
EIQ_RACE_3A27FDDE52BA578A,EIQ_HORSE_9409DBEB55181C57,2023,0.10747774454337211,EIQ_HORSE_ECF1B7D226B71432,EIQ_HORSE_ECF1B7D226B71432,SAME_FAVOURITE,False,False,SAME_FAVOURITE
EIQ_RACE_3A2C8B86B18FD4FE,EIQ_HORSE_B869DC6FC23E64EB,2021,-0.028163872732246187,EIQ_HORSE_6E0680B68342B57F,EIQ_HORSE_C71EB86BBEDB716C,CHALLENGER_CHANGED_FAVOURITE,False,False,BOTH_WRONG
EIQ_RACE_3A3A6FFA1CAD06F0,EIQ_HORSE_F333403DBCB8EC02,2023,-0.11640123019575643,EIQ_HORSE_08B593A23C043F5B,EIQ_HORSE_08B593A23C043F5B,SAME_FAVOURITE,False,False,SAME_FAVOURITE
EIQ_RACE_3A450B84E646CA4E,EIQ_HORSE_DD37B6E2FBCFE512,2024,-0.0976820350128389,EIQ_HORSE_DD37B6E2FBCFE512,EIQ_HORSE_DD37B6E2FBCFE512,SAME_FAVOURITE,True,True,SAME_FAVOURITE
EIQ_RACE_3A50AF8A9E3EAAED,EIQ_HORSE_1814E7C728C59FE2,2024,-0.0634451799731921,EIQ_HORSE_2AFB20C8AB1731BD,EIQ_HORSE_2AFB20C8AB1731BD,SAME_FAVOURITE,False,False,SAME_FAVOURITE
EIQ_RACE_3A51883506301844,EIQ_HORSE_898AFD9AC3210996,2025,0.007328158205153201,EIQ_HORSE_ECF29DBB20848F14,EIQ_HORSE_ECF29DBB20848F14,SAME_FAVOURITE,False,False,SAME_FAVOURITE
EIQ_RACE_3A542EC413E3A357,EIQ_HORSE_ED24EA7C0C40B094,2026,0.16664494529203977,EIQ_HORSE_646A70C83D819663,EIQ_HORSE_646A70C83D819663,SAME_FAVOURITE,False,False,SAME_FAVOURITE
EIQ_RACE_3A580419258B13D2,EIQ_HORSE_395DBEE632019B26,2026,0.16931609490796085,EIQ_HORSE_04CA4B1407F2F36A,EIQ_HORSE_395DBEE632019B26,CHALLENGER_CHANGED_FAVOURITE,False,True,STRICT_WRONG_DROP_CORRECT
EIQ_RACE_3A5A517324C20B7E,EIQ_HORSE_813049370840171B,2024,-0.00267269028878081,EIQ_HORSE_8C49D287B8A02502,EIQ_HORSE_8C49D287B8A02502,SAME_FAVOURITE,False,False,SAME_FAVOURITE
EIQ_RACE_3A650277A9B74262,EIQ_HORSE_080F44C00B6E8191,2023,-0.1885816969834626,EIQ_HORSE_0E8759101080AC16,EIQ_HORSE_CF0E5A8E86F387FD,CHALLENGER_CHANGED_FAVOURITE,False,False,BOTH_WRONG
EIQ_RACE_3A7B376754269B0C,EIQ_HORSE_27C76558DFB73253,2023,-0.007935335997093063,EIQ_HORSE_404EDEA80E7C21AB,EIQ_HORSE_404EDEA80E7C21AB,SAME_FAVOURITE,False,False,SAME_FAVOURITE
EIQ_RACE_3A8C2E004608E276,EIQ_HORSE_C1FE88DC1C51946A,2025,0.03257669999799173,EIQ_HORSE_B5C3674DDBF83664,EIQ_HORSE_B5C3674DDBF83664,SAME_FAVOURITE,False,False,SAME_FAVOURITE
EIQ_RACE_3AA29248962DE34F,EIQ_HORSE_371304DC00A6E5E1,2024,0.0069442754847366395,EIQ_HORSE_D955D888DE4C543C,EIQ_HORSE_8E44CC4B03997E9A,CHALLENGER_CHANGED_FAVOURITE,False,False,BOTH_WRONG
EIQ_RACE_3AAE2956ADAE6094,EIQ_HORSE_510C38AA4279D734,2021,0.05697381147769076,EIQ_HORSE_18A78EC408888D49,EIQ_HORSE_510C38AA4279D734,CHALLENGER_CHANGED_FAVOURITE,False,True,STRICT_WRONG_DROP_CORRECT
EIQ_RACE_3AAEF39F498BD8AD,EIQ_HORSE_7307B340C6DA9514,2023,0.08961720828931607,EIQ_HORSE_7307B340C6DA9514,EIQ_HORSE_7307B340C6DA9514,SAME_FAVOURITE,True,True,SAME_FAVOURITE
EIQ_RACE_3AB43529354971DA,EIQ_HORSE_1F97AA9D5860F71D,2025,-0.0344299912118351,EIQ_HORSE_03A69E0A733F3F83,EIQ_HORSE_2FA26E5E3B8B1AC3,CHALLENGER_CHANGED_FAVOURITE,False,False,BOTH_WRONG
EIQ_RACE_3AB593ECF5C86D9D,EIQ_HORSE_3BCB01422623F31E,2024,0.008099124070935604,EIQ_HORSE_3BCB01422623F31E,EIQ_HORSE_3BCB01422623F31E,SAME_FAVOURITE,True,True,SAME_FAVOURITE
EIQ_RACE_3AC26247ECD1A589,EIQ_HORSE_03800F77CF54A4FA,2025,-0.10186818996812708,EIQ_HORSE_03800F77CF54A4FA,EIQ_HORSE_03800F77CF54A4FA,SAME_FAVOURITE,True,True,SAME_FAVOURITE
EIQ_RACE_3AC90C5B721722FE,EIQ_HORSE_684FF8E12600D8EA,2023,0.18965209541313643,EIQ_HORSE_5EF4E6386D95C6F3,EIQ_HORSE_5EF4E6386D95C6F3,SAME_FAVOURITE,False,False,SAME_FAVOURITE
EIQ_RACE_3ACC0841AAC06AF3,EIQ_HORSE_ECCA5D881149B347,2023,0.11532708036171613,EIQ_HORSE_C0583C02F660E247,EIQ_HORSE_C0583C02F660E247,SAME_FAVOURITE,False,False,SAME_FAVOURITE
EIQ_RACE_3ADB03E496E42B25,EIQ_HORSE_C12C8EF78E07B39F,2025,0.05888328491748629,EIQ_HORSE_EDE526E54EB0203E,EIQ_HORSE_EDE526E54EB0203E,SAME_FAVOURITE,False,False,SAME_FAVOURITE
EIQ_RACE_3AEDAAC06F98BE69,EIQ_HORSE_6E77BB5064472067,2021,-0.11955241801894445,EIQ_HORSE_6E77BB5064472067,EIQ_HORSE_6E77BB5064472067,SAME_FAVOURITE,True,True,SAME_FAVOURITE
EIQ_RACE_3AF5E1623636CB87,EIQ_HORSE_84E0B3FD90C07EF5,2023,0.05110124289643048,EIQ_HORSE_84E0B3FD90C07EF5,EIQ_HORSE_84E0B3FD90C07EF5,SAME_FAVOURITE,True,True,SAME_FAVOURITE
EIQ_RACE_3B05AC11F534F370,EIQ_HORSE_7E296167CB3C9E9F,2023,-0.11248289466718875,EIQ_HORSE_7EE0E469E8E6146E,EIQ_HORSE_7EE0E469E8E6146E,SAME_FAVOURITE,False,False,SAME_FAVOURITE
EIQ_RACE_3B1521F68F2EADED,EIQ_HORSE_6975C04FAD09F85B,2026,0.10041174836462208,EIQ_HORSE_02E72806A65F2842,EIQ_HORSE_02E72806A65F2842,SAME_FAVOURITE,False,False,SAME_FAVOURITE
EIQ_RACE_3B307693BC287E8A,EIQ_HORSE_C029E5CBC047D83F,2021,-0.0868416502219842,EIQ_HORSE_C029E5CBC047D83F,EIQ_HORSE_C029E5CBC047D83F,SAME_FAVOURITE,True,True,SAME_FAVOURITE
EIQ_RACE_3B318EEF8B6C05A2,EIQ_HORSE_446D5264FEFB4196,2023,-0.05160877479376591,EIQ_HORSE_3E98CE254973F56C,EIQ_HORSE_3E98CE254973F56C,SAME_FAVOURITE,False,False,SAME_FAVOURITE
EIQ_RACE_3B43F0BDC9CDA7FE,EIQ_HORSE_D1E2EA40C7DAF52F,2026,0.00021559099575219065,EIQ_HORSE_B7DBEB4E078E4A26,EIQ_HORSE_B7DBEB4E078E4A26,SAME_FAVOURITE,False,False,SAME_FAVOURITE
EIQ_RACE_3B4AF9A4F63B31E2,EIQ_HORSE_D77E1C021D4AC789,2024,-0.023885724177737044,EIQ_HORSE_883A747FA87B044F,EIQ_HORSE_883A747FA87B044F,SAME_FAVOURITE,False,False,SAME_FAVOURITE
EIQ_RACE_3B53B5F2BC2749AA,EIQ_HORSE_B7914C780944AE2A,2023,0.07693317999707316,EIQ_HORSE_C265762666E4C7DC,EIQ_HORSE_C265762666E4C7DC,SAME_FAVOURITE,False,False,SAME_FAVOURITE
EIQ_RACE_3B63454FB9E2A088,EIQ_HORSE_931C3C3B46A55AC3,2025,-0.019316645670944155,EIQ_HORSE_90971819963D1530,EIQ_HORSE_90971819963D1530,SAME_FAVOURITE,False,False,SAME_FAVOURITE
EIQ_RACE_3B65C3048ED76E9B,EIQ_HORSE_3AEE778E3B12D762,2023,-0.06644891222413296,EIQ_HORSE_7ED0A58889469DC3,EIQ_HORSE_5FA1611B7F35E200,CHALLENGER_CHANGED_FAVOURITE,False,False,BOTH_WRONG
EIQ_RACE_3B71EE92B5E12AD5,EIQ_HORSE_E788FFCC86050ABF,2021,-0.009497283390560884,EIQ_HORSE_DB103F38AF46D07C,EIQ_HORSE_3FC5430D10891D6A,CHALLENGER_CHANGED_FAVOURITE,False,False,BOTH_WRONG
EIQ_RACE_3B918D515AA218FC,EIQ_HORSE_AEF8863432252E5C,2021,0.041593404103106746,EIQ_HORSE_FD1556B9EFFB4087,EIQ_HORSE_FD1556B9EFFB4087,SAME_FAVOURITE,False,False,SAME_FAVOURITE
EIQ_RACE_3B95EFD5CB640E7F,EIQ_HORSE_A8554F158C13B17A,2023,-0.01666477917205267,EIQ_HORSE_385394EAF6139B5A,EIQ_HORSE_385394EAF6139B5A,SAME_FAVOURITE,False,False,SAME_FAVOURITE
EIQ_RACE_3B98DBD11FD54236,EIQ_HORSE_364699410561C3DC,2025,0.2258949213728898,EIQ_HORSE_95F7A17E0EF84C97,EIQ_HORSE_95F7A17E0EF84C97,SAME_FAVOURITE,False,False,SAME_FAVOURITE
EIQ_RACE_3BAF275E228B1780,EIQ_HORSE_79EC5FD2F471369F,2021,0.014880497767868928,EIQ_HORSE_691BB8AFE7E6063A,EIQ_HORSE_691BB8AFE7E6063A,SAME_FAVOURITE,False,False,SAME_FAVOURITE
EIQ_RACE_3BB9CB31AF103D6A,EIQ_HORSE_CF9C6E882F12D06F,2023,0.03321027051340719,EIQ_HORSE_EC295402312F080B,EIQ_HORSE_EC295402312F080B,SAME_FAVOURITE,False,False,SAME_FAVOURITE
EIQ_RACE_3BBD7F2B0579F661,EIQ_HORSE_6CBAA4DE4FCB6062,2021,0.11511712844634969,EIQ_HORSE_12156774015F648D,EIQ_HORSE_12156774015F648D,SAME_FAVOURITE,False,False,SAME_FAVOURITE
EIQ_RACE_3BC3FCCBB231572C,EIQ_HORSE_5F2FEDEE1A55E4EE,2022,0.09247033436963159,EIQ_HORSE_C0D2F06623767D9E,EIQ_HORSE_C0D2F06623767D9E,SAME_FAVOURITE,False,False,SAME_FAVOURITE
EIQ_RACE_3BE1C78490E50633,EIQ_HORSE_44F94EA14F19CA33,2023,-0.04911435020929655,EIQ_HORSE_3F43875CA33BFD53,EIQ_HORSE_3F43875CA33BFD53,SAME_FAVOURITE,False,False,SAME_FAVOURITE
EIQ_RACE_3BEA55C2BA529873,EIQ_HORSE_3B4E1474643CF9E9,2025,0.21359178777252907,EIQ_HORSE_743AC71661B9FBFE,EIQ_HORSE_743AC71661B9FBFE,SAME_FAVOURITE,False,False,SAME_FAVOURITE
EIQ_RACE_3BEE7DB3C9F7B00E,EIQ_HORSE_0C3A90515ED81B44,2023,0.04994767890383445,EIQ_HORSE_D3D5A9ACFB1B4F94,EIQ_HORSE_93638B1F9887C41D,CHALLENGER_CHANGED_FAVOURITE,False,False,BOTH_WRONG
EIQ_RACE_3BF8FC44A5754DF7,EIQ_HORSE_59EC7394ECB78E91,2025,0.051371211023127916,EIQ_HORSE_59EC7394ECB78E91,EIQ_HORSE_59EC7394ECB78E91,SAME_FAVOURITE,True,True,SAME_FAVOURITE
EIQ_RACE_3BFA81386863BB57,EIQ_HORSE_D0907CD6EE31BBC2,2023,-0.04164429301122641,EIQ_HORSE_D0907CD6EE31BBC2,EIQ_HORSE_D0907CD6EE31BBC2,SAME_FAVOURITE,True,True,SAME_FAVOURITE
EIQ_RACE_3C1478962A67F35A,EIQ_HORSE_07F2F52BF88DB85F,2024,-0.06407342033597385,EIQ_HORSE_07F2F52BF88DB85F,EIQ_HORSE_07F2F52BF88DB85F,SAME_FAVOURITE,True,True,SAME_FAVOURITE
EIQ_RACE_3C16F138BA3F9389,EIQ_HORSE_A08291CD2106E84A,2024,0.03984398432289127,EIQ_HORSE_DB2E9DA9974EE34E,EIQ_HORSE_DB2E9DA9974EE34E,SAME_FAVOURITE,False,False,SAME_FAVOURITE
EIQ_RACE_3C1E6E0BD1605848,EIQ_HORSE_FC9447C67870FAEC,2023,0.1685049735026536,EIQ_HORSE_42E058C68B096724,EIQ_HORSE_42E058C68B096724,SAME_FAVOURITE,False,False,SAME_FAVOURITE
EIQ_RACE_3C29912E3FE91261,EIQ_HORSE_7DA7B1192A1B0193,2023,-0.02391113328666261,EIQ_HORSE_36B94BFD924FA108,EIQ_HORSE_36B94BFD924FA108,SAME_FAVOURITE,False,False,SAME_FAVOURITE
EIQ_RACE_3C38B326D46C49A5,EIQ_HORSE_223F7A76EBE5154E,2021,-0.08568940808606262,EIQ_HORSE_37B038EE1F2D67F2,EIQ_HORSE_37B038EE1F2D67F2,SAME_FAVOURITE,False,False,SAME_FAVOURITE
EIQ_RACE_3C4850B7D9D32A44,EIQ_HORSE_D1C15E330DC99ADE,2025,0.10881675456515127,EIQ_HORSE_1541E867212B7878,EIQ_HORSE_D1C15E330DC99ADE,CHALLENGER_CHANGED_FAVOURITE,False,True,STRICT_WRONG_DROP_CORRECT
EIQ_RACE_3C4D128EB5C2BAC7,EIQ_HORSE_A0248E619D7936BF,2023,-0.059326319851518816,EIQ_HORSE_93F6DF3044467F13,EIQ_HORSE_93F6DF3044467F13,SAME_FAVOURITE,False,False,SAME_FAVOURITE
EIQ_RACE_3C53EB0A1D2572E5,EIQ_HORSE_957474D549C6378B,2024,0.045168928209613934,EIQ_HORSE_957474D549C6378B,EIQ_HORSE_957474D549C6378B,SAME_FAVOURITE,True,True,SAME_FAVOURITE
EIQ_RACE_3C5572859D82D8A5,EIQ_HORSE_F5F2CE9A71E1212C,2021,-0.04892344607793553,EIQ_HORSE_F5F2CE9A71E1212C,EIQ_HORSE_F5F2CE9A71E1212C,SAME_FAVOURITE,True,True,SAME_FAVOURITE
EIQ_RACE_3C63943A0D6C9174,EIQ_HORSE_20573C8C25782325,2025,-0.22776529745285234,EIQ_HORSE_34AFEC6AE6A7D12F,EIQ_HORSE_34AFEC6AE6A7D12F,SAME_FAVOURITE,False,False,SAME_FAVOURITE
EIQ_RACE_3C688DB24E5B5179,EIQ_HORSE_7F3DFD7E6350CFE8,2024,0.04665901272130313,EIQ_HORSE_BDC7937C8C4B602D,EIQ_HORSE_BDC7937C8C4B602D,SAME_FAVOURITE,False,False,SAME_FAVOURITE
EIQ_RACE_3C6F091F3ADC3074,EIQ_HORSE_7D98427FBC14324D,2021,0.0395065843547453,EIQ_HORSE_EBC4E0554EB9922D,EIQ_HORSE_EBC4E0554EB9922D,SAME_FAVOURITE,False,False,SAME_FAVOURITE
EIQ_RACE_3C82ECD7C2348A02,EIQ_HORSE_B4943BA5CD94E003,2021,-0.053918239351931074,EIQ_HORSE_61F118DED7C0FEF0,EIQ_HORSE_61F118DED7C0FEF0,SAME_FAVOURITE,False,False,SAME_FAVOURITE
EIQ_RACE_3C8B633878A6D5AA,EIQ_HORSE_10C85395300DFC53,2025,0.13000802624750274,EIQ_HORSE_A5C2AB2F73A118D8,EIQ_HORSE_10C85395300DFC53,CHALLENGER_CHANGED_FAVOURITE,False,True,STRICT_WRONG_DROP_CORRECT
EIQ_RACE_3C952B43927CE1BA,EIQ_HORSE_DC5D1FF24BC62441,2021,0.029973083068723483,EIQ_HORSE_8B68EEA68B2A4DFD,EIQ_HORSE_DC5D1FF24BC62441,CHALLENGER_CHANGED_FAVOURITE,False,True,STRICT_WRONG_DROP_CORRECT
EIQ_RACE_3C9AB1541373EC1C,EIQ_HORSE_AFCCC50742D3B8C6,2025,0.013785466547547642,EIQ_HORSE_0BFE6EEDA7BF7A01,EIQ_HORSE_0BFE6EEDA7BF7A01,SAME_FAVOURITE,False,False,SAME_FAVOURITE
EIQ_RACE_3CA6F43ACD90CC6E,EIQ_HORSE_FACCA92E14E42793,2023,0.15074922540732105,EIQ_HORSE_7E1C095179D98E42,EIQ_HORSE_FACCA92E14E42793,CHALLENGER_CHANGED_FAVOURITE,False,True,STRICT_WRONG_DROP_CORRECT
EIQ_RACE_3CA7A484B25A6D99,EIQ_HORSE_59998F4D144771D8,2025,-0.06150670527937385,EIQ_HORSE_0FA7F357B8A04EF9,EIQ_HORSE_0FA7F357B8A04EF9,SAME_FAVOURITE,False,False,SAME_FAVOURITE
EIQ_RACE_3CB75BB2850D125F,EIQ_HORSE_B41B8D7041F93CB1,2021,-0.1764092250263265,EIQ_HORSE_FDED64BF7FC7254A,EIQ_HORSE_FDED64BF7FC7254A,SAME_FAVOURITE,False,False,SAME_FAVOURITE
EIQ_RACE_3CB84AAF40D72E30,EIQ_HORSE_39A7BCCF0305D3D3,2023,-0.06096227388199793,EIQ_HORSE_DCC185F018BF4DAB,EIQ_HORSE_DCC185F018BF4DAB,SAME_FAVOURITE,False,False,SAME_FAVOURITE
EIQ_RACE_3CBEFEF2E47AA3CD,EIQ_HORSE_0D14524EE1ED79B9,2024,0.10699780657566116,EIQ_HORSE_D3C611A8256D4277,EIQ_HORSE_D3C611A8256D4277,SAME_FAVOURITE,False,False,SAME_FAVOURITE
EIQ_RACE_3CD233C5EA1054DB,EIQ_HORSE_CD3B957154D7DCFE,2024,-0.10903070145140847,EIQ_HORSE_F80A467B459CB55D,EIQ_HORSE_F80A467B459CB55D,SAME_FAVOURITE,False,False,SAME_FAVOURITE
EIQ_RACE_3CD83D760872255A,EIQ_HORSE_C0DFB1FBCDE1C646,2021,-0.03307092528358835,EIQ_HORSE_46C2A94157B380EC,EIQ_HORSE_46C2A94157B380EC,SAME_FAVOURITE,False,False,SAME_FAVOURITE
EIQ_RACE_3CD9EF7F17065E44,EIQ_HORSE_0295972D7D8254C3,2021,0.18029307560079233,EIQ_HORSE_58BE813BF2180299,EIQ_HORSE_0295972D7D8254C3,CHALLENGER_CHANGED_FAVOURITE,False,True,STRICT_WRONG_DROP_CORRECT
EIQ_RACE_3CDE46F9249A8A59,EIQ_HORSE_EA5B374452DE73B7,2024,-0.018791299124633065,EIQ_HORSE_6EE0673C118112F4,EIQ_HORSE_6EE0673C118112F4,SAME_FAVOURITE,False,False,SAME_FAVOURITE
EIQ_RACE_3CE3E9BFAA365C90,EIQ_HORSE_F239989BF4D6BEE4,2025,-0.10820523039652685,EIQ_HORSE_F6FD31B52E3C3E9B,EIQ_HORSE_F6FD31B52E3C3E9B,SAME_FAVOURITE,False,False,SAME_FAVOURITE
EIQ_RACE_3CF443C0C2DA6755,EIQ_HORSE_1407FE07C399DD2D,2021,0.04816184582783134,EIQ_HORSE_1407FE07C399DD2D,EIQ_HORSE_1407FE07C399DD2D,SAME_FAVOURITE,True,True,SAME_FAVOURITE
EIQ_RACE_3CFC2F28948B44A8,EIQ_HORSE_B748DA4A7AC98695,2023,-0.14778317192861368,EIQ_HORSE_B748DA4A7AC98695,EIQ_HORSE_B748DA4A7AC98695,SAME_FAVOURITE,True,True,SAME_FAVOURITE
EIQ_RACE_3D05DF4248CED0F8,EIQ_HORSE_894B72C756D336EC,2024,-0.010234187095886416,EIQ_HORSE_1066C0F6EB428600,EIQ_HORSE_1066C0F6EB428600,SAME_FAVOURITE,False,False,SAME_FAVOURITE
EIQ_RACE_3D198A434A1388AE,EIQ_HORSE_CEC0457D94BAF797,2024,-0.07325077354870402,EIQ_HORSE_86AAE3F11AA39153,EIQ_HORSE_64AB18F1A8004761,CHALLENGER_CHANGED_FAVOURITE,False,False,BOTH_WRONG
EIQ_RACE_3D1AC26EA4740483,EIQ_HORSE_DC4411FAE87ADDA1,2025,0.11958764009379452,EIQ_HORSE_E2B8B774BF9829CF,EIQ_HORSE_E2B8B774BF9829CF,SAME_FAVOURITE,False,False,SAME_FAVOURITE
EIQ_RACE_3D264D6AEDA01A82,EIQ_HORSE_D0AC18CA9B1F1F3F,2023,-0.1264027610968792,EIQ_HORSE_D9C79CE392FF665A,EIQ_HORSE_D9C79CE392FF665A,SAME_FAVOURITE,False,False,SAME_FAVOURITE
EIQ_RACE_3D55AD97980CE116,EIQ_HORSE_D04B1D0BD9CA925D,2023,-0.0029764328342047897,EIQ_HORSE_848AF261ACE2C614,EIQ_HORSE_3A45ACEC61B9D2DE,CHALLENGER_CHANGED_FAVOURITE,False,False,BOTH_WRONG
EIQ_RACE_3D5A50A8B957457D,EIQ_HORSE_2F98D7EBF6B76704,2023,0.07981825661763708,EIQ_HORSE_2F98D7EBF6B76704,EIQ_HORSE_2F98D7EBF6B76704,SAME_FAVOURITE,True,True,SAME_FAVOURITE
EIQ_RACE_3D9C4F3F336D015A,EIQ_HORSE_91A51473D12A34B4,2023,0.04818211304095166,EIQ_HORSE_91A51473D12A34B4,EIQ_HORSE_91A51473D12A34B4,SAME_FAVOURITE,True,True,SAME_FAVOURITE
EIQ_RACE_3DA1A6E40FFF543D,EIQ_HORSE_6053480E75DA3BFB,2021,0.1546256170330409,EIQ_HORSE_F47815C9E99C72FE,EIQ_HORSE_F47815C9E99C72FE,SAME_FAVOURITE,False,False,SAME_FAVOURITE
EIQ_RACE_3DA36FC3E97FE99C,EIQ_HORSE_D48E4F875FAEEEA4,2024,0.04525885481086189,EIQ_HORSE_D48E4F875FAEEEA4,EIQ_HORSE_D48E4F875FAEEEA4,SAME_FAVOURITE,True,True,SAME_FAVOURITE
EIQ_RACE_3DAB26CA4D3A0A9B,EIQ_HORSE_81F5325CC7298ADD,2025,-0.06136521641134829,EIQ_HORSE_37C64481D3D3A2A2,EIQ_HORSE_37C64481D3D3A2A2,SAME_FAVOURITE,False,False,SAME_FAVOURITE
EIQ_RACE_3DAD59DA24B9B5F1,EIQ_HORSE_F2C80CAC118B218F,2023,-0.11061430384762838,EIQ_HORSE_23223A3251EFA9E4,EIQ_HORSE_23223A3251EFA9E4,SAME_FAVOURITE,False,False,SAME_FAVOURITE
EIQ_RACE_3DC5B83E92273F3E,EIQ_HORSE_704F841E1EF2FA4E,2023,-0.0500014173224379,EIQ_HORSE_DFE3351EA61561C4,EIQ_HORSE_F78618AAADDA9B15,CHALLENGER_CHANGED_FAVOURITE,False,False,BOTH_WRONG
EIQ_RACE_3DE3D632467116C5,EIQ_HORSE_77BE1C5794C809AA,2021,0.1622862812752326,EIQ_HORSE_6B488C2948FB1607,EIQ_HORSE_264161ED0A2AEFE3,CHALLENGER_CHANGED_FAVOURITE,False,False,BOTH_WRONG
EIQ_RACE_3DEF067F161F3F33,EIQ_HORSE_9EAB39A0465137AD,2024,-0.03426589016998971,EIQ_HORSE_5C5C89D78E5812E8,EIQ_HORSE_5C5C89D78E5812E8,SAME_FAVOURITE,False,False,SAME_FAVOURITE
EIQ_RACE_3DF0221ED25BC117,EIQ_HORSE_6F421D253C29A508,2025,0.06495537571874221,EIQ_HORSE_8B471D9FD2477A82,EIQ_HORSE_5535127723E7CA03,CHALLENGER_CHANGED_FAVOURITE,False,False,BOTH_WRONG
EIQ_RACE_3DFAAD43CF4A17A4,EIQ_HORSE_82C6B2BFC120BD3F,2023,-0.03580206899797256,EIQ_HORSE_D82BAC663C8C5BC1,EIQ_HORSE_D82BAC663C8C5BC1,SAME_FAVOURITE,False,False,SAME_FAVOURITE
EIQ_RACE_3DFCC5ED9CAEA8AA,EIQ_HORSE_8763A7B5E95A6B09,2026,-0.08240666430051258,EIQ_HORSE_DE4555855BAB9317,EIQ_HORSE_DE4555855BAB9317,SAME_FAVOURITE,False,False,SAME_FAVOURITE
EIQ_RACE_3E030B07110C61EE,EIQ_HORSE_49B338857CBD52B8,2022,0.1450080733262782,EIQ_HORSE_137678E6D4B803AC,EIQ_HORSE_137678E6D4B803AC,SAME_FAVOURITE,False,False,SAME_FAVOURITE
EIQ_RACE_3E04D661EC9ACAAC,EIQ_HORSE_D16489F61A966404,2026,0.07885896925623914,EIQ_HORSE_1F25195F613B5314,EIQ_HORSE_1F25195F613B5314,SAME_FAVOURITE,False,False,SAME_FAVOURITE
EIQ_RACE_3E06391FC307F166,EIQ_HORSE_C2736E3B50657148,2025,0.028836710019128686,EIQ_HORSE_C2736E3B50657148,EIQ_HORSE_C2736E3B50657148,SAME_FAVOURITE,True,True,SAME_FAVOURITE
EIQ_RACE_3E0BBC6E5D2F126E,EIQ_HORSE_787D328756CA4EF9,2026,0.06212964752222949,EIQ_HORSE_49143E5CFC6F0B05,EIQ_HORSE_630B60EB6F13532E,CHALLENGER_CHANGED_FAVOURITE,False,False,BOTH_WRONG
EIQ_RACE_3E1C5324F9378109,EIQ_HORSE_A1590F12A29F6E14,2021,-0.03327145849661939,EIQ_HORSE_B302239CFE2FD020,EIQ_HORSE_B302239CFE2FD020,SAME_FAVOURITE,False,False,SAME_FAVOURITE
EIQ_RACE_3E237AB83D84B104,EIQ_HORSE_0BCF3A3B407B47A0,2025,0.013671818962306403,EIQ_HORSE_25194C9EC249A351,EIQ_HORSE_25194C9EC249A351,SAME_FAVOURITE,False,False,SAME_FAVOURITE
EIQ_RACE_3E32067E7732E093,EIQ_HORSE_8862CE67B7DDD97E,2026,-0.09457660674603874,EIQ_HORSE_F7A8BB196AD54DB1,EIQ_HORSE_F7A8BB196AD54DB1,SAME_FAVOURITE,False,False,SAME_FAVOURITE
EIQ_RACE_3E465A1D7EA9BE6A,EIQ_HORSE_B42A77684DC231EE,2024,-0.05911490601441427,EIQ_HORSE_B42A77684DC231EE,EIQ_HORSE_B42A77684DC231EE,SAME_FAVOURITE,True,True,SAME_FAVOURITE
EIQ_RACE_3E4C1FBEF6DCC0D8,EIQ_HORSE_E1EC0F0224D8544A,2022,0.004219135537161467,EIQ_HORSE_9008AC3D8A8685F3,EIQ_HORSE_9008AC3D8A8685F3,SAME_FAVOURITE,False,False,SAME_FAVOURITE
EIQ_RACE_3E51016BBD0B0DE4,EIQ_HORSE_F85A5BB9644B550C,2023,0.1434049099499881,EIQ_HORSE_F1D2521CC2FE8089,EIQ_HORSE_F1D2521CC2FE8089,SAME_FAVOURITE,False,False,SAME_FAVOURITE
EIQ_RACE_3E647E25F4A7F883,EIQ_HORSE_1B5B2DE2462F4D04,2023,-0.042720982823138964,EIQ_HORSE_1B5B2DE2462F4D04,EIQ_HORSE_1B5B2DE2462F4D04,SAME_FAVOURITE,True,True,SAME_FAVOURITE
EIQ_RACE_3E7BA91A22909B7B,EIQ_HORSE_7F66E7511C5BE812,2022,0.02933534853254738,EIQ_HORSE_876FCFB7C010C464,EIQ_HORSE_876FCFB7C010C464,SAME_FAVOURITE,False,False,SAME_FAVOURITE
EIQ_RACE_3E98B98BBC7F97BD,EIQ_HORSE_12197F8B16950CE8,2022,-0.05169814239721493,EIQ_HORSE_5933DBA0D26560A1,EIQ_HORSE_5933DBA0D26560A1,SAME_FAVOURITE,False,False,SAME_FAVOURITE
EIQ_RACE_3E99B40DA4E018CA,EIQ_HORSE_3C0142684AE2D0EE,2022,0.11461975082209941,EIQ_HORSE_8543F73FFF10E3E3,EIQ_HORSE_A8B32D1ECE67B15D,CHALLENGER_CHANGED_FAVOURITE,False,False,BOTH_WRONG
EIQ_RACE_3E9D47C938FAEDE3,EIQ_HORSE_41B92B17C4468C1C,2026,0.05529807669650344,EIQ_HORSE_9E90C4B8E1B7D425,EIQ_HORSE_9E90C4B8E1B7D425,SAME_FAVOURITE,False,False,SAME_FAVOURITE
EIQ_RACE_3EA4C4BB05420530,EIQ_HORSE_D9E45622947D48BA,2025,-0.1330047495847395,EIQ_HORSE_1F2F7211A6959624,EIQ_HORSE_1F2F7211A6959624,SAME_FAVOURITE,False,False,SAME_FAVOURITE
EIQ_RACE_3EB042643C50914F,EIQ_HORSE_94166CE88482C88B,2024,-0.09882350912142956,EIQ_HORSE_94166CE88482C88B,EIQ_HORSE_94166CE88482C88B,SAME_FAVOURITE,True,True,SAME_FAVOURITE
EIQ_RACE_3EB84F2723A5A528,EIQ_HORSE_7C47BF1E2F2CA31F,2024,0.07785736300038715,EIQ_HORSE_DFC7291AEA1D62B1,EIQ_HORSE_DFC7291AEA1D62B1,SAME_FAVOURITE,False,False,SAME_FAVOURITE
EIQ_RACE_3EBBC0E09947E6E8,EIQ_HORSE_CB13EFD8934C1989,2023,-0.00503240383508663,EIQ_HORSE_8E154297C5E044C8,EIQ_HORSE_8E154297C5E044C8,SAME_FAVOURITE,False,False,SAME_FAVOURITE
EIQ_RACE_3ED86B6088152326,EIQ_HORSE_B3B40DC6CDA42EEB,2021,-0.015759833600319073,EIQ_HORSE_B3B40DC6CDA42EEB,EIQ_HORSE_B3B40DC6CDA42EEB,SAME_FAVOURITE,True,True,SAME_FAVOURITE
EIQ_RACE_3EDF8175ED833F52,EIQ_HORSE_A27E5073BEA66FCE,2021,-0.025372549290590518,EIQ_HORSE_6E9B632E94BA7F08,EIQ_HORSE_6E9B632E94BA7F08,SAME_FAVOURITE,False,False,SAME_FAVOURITE
EIQ_RACE_3EE0C91334D94C37,EIQ_HORSE_412B46435DEEE788,2024,0.1606109956811439,EIQ_HORSE_3BAA2B0CF33F2C7C,EIQ_HORSE_3BAA2B0CF33F2C7C,SAME_FAVOURITE,False,False,SAME_FAVOURITE
EIQ_RACE_3EE29C701D840839,EIQ_HORSE_2061D0074C7594B6,2024,-0.15288377915615126,EIQ_HORSE_E34BB839EFD1483A,EIQ_HORSE_E34BB839EFD1483A,SAME_FAVOURITE,False,False,SAME_FAVOURITE
EIQ_RACE_3EF48AA3D67A5EC3,EIQ_HORSE_D5E3A768A1B3CBDA,2021,0.05419984684862644,EIQ_HORSE_A4F22D49E269ADF0,EIQ_HORSE_A4F22D49E269ADF0,SAME_FAVOURITE,False,False,SAME_FAVOURITE
EIQ_RACE_3F035CD317875A41,EIQ_HORSE_21CC7783F6603B06,2024,-0.0830413758852,EIQ_HORSE_B11EA0955956F215,EIQ_HORSE_F796826DF128C205,CHALLENGER_CHANGED_FAVOURITE,False,False,BOTH_WRONG
EIQ_RACE_3F0EBBDC11921B18,EIQ_HORSE_C5561FB304E7B6DC,2021,-0.02842624065438981,EIQ_HORSE_C5561FB304E7B6DC,EIQ_HORSE_C5561FB304E7B6DC,SAME_FAVOURITE,True,True,SAME_FAVOURITE
EIQ_RACE_3F1A76EBB61F0877,EIQ_HORSE_F22CEF2B9A68785A,2026,0.26739982145872654,EIQ_HORSE_B411382620D655C0,EIQ_HORSE_C517532C9F2430E2,CHALLENGER_CHANGED_FAVOURITE,False,False,BOTH_WRONG
EIQ_RACE_3F3C744931070882,EIQ_HORSE_0F2F45D47E8CE0CD,2023,0.12648758448505948,EIQ_HORSE_5AF2B33E996B6BCD,EIQ_HORSE_5AF2B33E996B6BCD,SAME_FAVOURITE,False,False,SAME_FAVOURITE
EIQ_RACE_3F3F0E38C0BF607C,EIQ_HORSE_A4F22D49E269ADF0,2023,-0.0679318484350242,EIQ_HORSE_A4F22D49E269ADF0,EIQ_HORSE_A4F22D49E269ADF0,SAME_FAVOURITE,True,True,SAME_FAVOURITE
EIQ_RACE_3F4771CFB09663ED,EIQ_HORSE_643DD593F6E19922,2026,-0.06955939273017786,EIQ_HORSE_F963A3E147DF85B6,EIQ_HORSE_F963A3E147DF85B6,SAME_FAVOURITE,False,False,SAME_FAVOURITE
EIQ_RACE_3F65F25EDC339D84,EIQ_HORSE_D8FD19C8606A9D0C,2024,0.035181472172711725,EIQ_HORSE_5A7484E3610C1CDE,EIQ_HORSE_5A7484E3610C1CDE,SAME_FAVOURITE,False,False,SAME_FAVOURITE
EIQ_RACE_3F78159C6E5EFF60,EIQ_HORSE_B13989DADBB19A4A,2025,0.11870896530077801,EIQ_HORSE_86AAE3F11AA39153,EIQ_HORSE_86AAE3F11AA39153,SAME_FAVOURITE,False,False,SAME_FAVOURITE
EIQ_RACE_3F83E0B21CBA1235,EIQ_HORSE_08281C9666EB685B,2021,-0.05744804290340477,EIQ_HORSE_99AB59FBF8C17EF9,EIQ_HORSE_99AB59FBF8C17EF9,SAME_FAVOURITE,False,False,SAME_FAVOURITE
EIQ_RACE_3F8C0202904146EC,EIQ_HORSE_3DF9166A1AEAFC3A,2024,-0.029287215229695907,EIQ_HORSE_8C3EE64E642DECA5,EIQ_HORSE_8C3EE64E642DECA5,SAME_FAVOURITE,False,False,SAME_FAVOURITE
EIQ_RACE_3F94CB324434CC52,EIQ_HORSE_39531E49DC2BF0E0,2024,0.016322823455263702,EIQ_HORSE_39531E49DC2BF0E0,EIQ_HORSE_39531E49DC2BF0E0,SAME_FAVOURITE,True,True,SAME_FAVOURITE
EIQ_RACE_3F994ED92F4CD923,EIQ_HORSE_46581A95C268D348,2024,0.033361166329453074,EIQ_HORSE_782B31203DF6AD3A,EIQ_HORSE_782B31203DF6AD3A,SAME_FAVOURITE,False,False,SAME_FAVOURITE
EIQ_RACE_3F9AB6456B568D98,EIQ_HORSE_0F55C64266598ADF,2021,0.013300920756155854,EIQ_HORSE_B3B40DC6CDA42EEB,EIQ_HORSE_B3B40DC6CDA42EEB,SAME_FAVOURITE,False,False,SAME_FAVOURITE
EIQ_RACE_3FA00C4299792F6B,EIQ_HORSE_991746FE02C09D09,2025,0.037635456156526415,EIQ_HORSE_49BAC156422CB719,EIQ_HORSE_49BAC156422CB719,SAME_FAVOURITE,False,False,SAME_FAVOURITE
EIQ_RACE_3FEDE8308F5886F1,EIQ_HORSE_201C71E5078A4C11,2021,-0.0649255447970205,EIQ_HORSE_42BF13416FAD5725,EIQ_HORSE_42BF13416FAD5725,SAME_FAVOURITE,False,False,SAME_FAVOURITE
EIQ_RACE_3FEF104C4734CB65,EIQ_HORSE_1987EC4AE6D8F6C6,2025,0.07691214246890188,EIQ_HORSE_31D311B47A679668,EIQ_HORSE_31D311B47A679668,SAME_FAVOURITE,False,False,SAME_FAVOURITE
EIQ_RACE_3FF0D57413951839,EIQ_HORSE_0D51CFAB5435DDA2,2023,-0.2136714353755571,EIQ_HORSE_ED4887DEF37E8712,EIQ_HORSE_ED4887DEF37E8712,SAME_FAVOURITE,False,False,SAME_FAVOURITE
EIQ_RACE_3FF987B48C827401,EIQ_HORSE_274E121B0A9E1824,2025,0.025307915291763905,EIQ_HORSE_FC4F41C852E47972,EIQ_HORSE_93B96D1B32F4F4A0,CHALLENGER_CHANGED_FAVOURITE,False,False,BOTH_WRONG
EIQ_RACE_40054BD220EA6D93,EIQ_HORSE_769201492DFE36FF,2025,0.06742755579500459,EIQ_HORSE_34883D7BD06398BE,EIQ_HORSE_34883D7BD06398BE,SAME_FAVOURITE,False,False,SAME_FAVOURITE
EIQ_RACE_400F1FC09101B412,EIQ_HORSE_D1336823805AAF69,2022,0.011933943675528358,EIQ_HORSE_D1336823805AAF69,EIQ_HORSE_D1336823805AAF69,SAME_FAVOURITE,True,True,SAME_FAVOURITE
EIQ_RACE_4013F9078089E9D1,EIQ_HORSE_DB99CF274041312F,2022,0.04275401946866042,EIQ_HORSE_878E8B083FFF49D7,EIQ_HORSE_878E8B083FFF49D7,SAME_FAVOURITE,False,False,SAME_FAVOURITE
EIQ_RACE_4067B93078612C67,EIQ_HORSE_3FA05EA530DDDAD0,2025,-0.028818783526845193,EIQ_HORSE_B0E50F60F34FBDA3,EIQ_HORSE_B0E50F60F34FBDA3,SAME_FAVOURITE,False,False,SAME_FAVOURITE
EIQ_RACE_406AAB02C1746F76,EIQ_HORSE_EABE5B2D3EF7618A,2024,-0.015918672915504306,EIQ_HORSE_7E15C3582CA47369,EIQ_HORSE_7E15C3582CA47369,SAME_FAVOURITE,False,False,SAME_FAVOURITE
EIQ_RACE_40818750F485DB08,EIQ_HORSE_5F7758D6EC8AFBFF,2023,0.06516519065649673,EIQ_HORSE_A7E8C5B8EEB4C1D1,EIQ_HORSE_A7E8C5B8EEB4C1D1,SAME_FAVOURITE,False,False,SAME_FAVOURITE
EIQ_RACE_40832951DD1386F0,EIQ_HORSE_3115FA05BE9ABF32,2024,0.10086828766174905,EIQ_HORSE_10A38FB036CF5F3B,EIQ_HORSE_10A38FB036CF5F3B,SAME_FAVOURITE,False,False,SAME_FAVOURITE
EIQ_RACE_4088A8B566D6B3BD,EIQ_HORSE_987624132EC7502A,2021,-0.0014278826034406222,EIQ_HORSE_987624132EC7502A,EIQ_HORSE_987624132EC7502A,SAME_FAVOURITE,True,True,SAME_FAVOURITE
EIQ_RACE_40A0F55A0F448E8D,EIQ_HORSE_AD431326529B6F82,2025,-0.09848456274490047,EIQ_HORSE_8F4A77022FF7A731,EIQ_HORSE_8F4A77022FF7A731,SAME_FAVOURITE,False,False,SAME_FAVOURITE
EIQ_RACE_40C2BD77C7450CCB,EIQ_HORSE_4F55B83137A17BD9,2026,-0.2612286850625858,EIQ_HORSE_B62D967D6EFBB7B9,EIQ_HORSE_B62D967D6EFBB7B9,SAME_FAVOURITE,False,False,SAME_FAVOURITE
EIQ_RACE_40C354848B3FF033,EIQ_HORSE_14004607F6BF546F,2021,-0.12160972541195747,EIQ_HORSE_68E368B712389463,EIQ_HORSE_68E368B712389463,SAME_FAVOURITE,False,False,SAME_FAVOURITE
EIQ_RACE_40DFAB2B5D6F5D3D,EIQ_HORSE_C1FE7832E45A8910,2024,0.0810260271345773,EIQ_HORSE_AF1F078EFF5204A0,EIQ_HORSE_AF1F078EFF5204A0,SAME_FAVOURITE,False,False,SAME_FAVOURITE
EIQ_RACE_40E839F3E79267E6,EIQ_HORSE_ACBF241228345C79,2023,-0.08711872142380506,EIQ_HORSE_ACBF241228345C79,EIQ_HORSE_ACBF241228345C79,SAME_FAVOURITE,True,True,SAME_FAVOURITE
EIQ_RACE_40EB77D0FEBFE43A,EIQ_HORSE_ADD996BEEE53AE42,2021,-0.2523687453226886,EIQ_HORSE_3213529EED8FAE43,EIQ_HORSE_3213529EED8FAE43,SAME_FAVOURITE,False,False,SAME_FAVOURITE
EIQ_RACE_40FF82CCBD6EF8A8,EIQ_HORSE_0E47A95D462583E1,2024,0.2967453981622785,EIQ_HORSE_E1B7B3379BAE8D38,EIQ_HORSE_0E47A95D462583E1,CHALLENGER_CHANGED_FAVOURITE,False,True,STRICT_WRONG_DROP_CORRECT
EIQ_RACE_41031E0AD476F987,EIQ_HORSE_9A28FD950E5DCC2B,2025,-0.09337362282936934,EIQ_HORSE_9A28FD950E5DCC2B,EIQ_HORSE_9A28FD950E5DCC2B,SAME_FAVOURITE,True,True,SAME_FAVOURITE
EIQ_RACE_4104C1B874BA59E5,EIQ_HORSE_6002156A2B228E48,2021,-0.006896894106400708,EIQ_HORSE_046626D9A93AFB40,EIQ_HORSE_046626D9A93AFB40,SAME_FAVOURITE,False,False,SAME_FAVOURITE
EIQ_RACE_410B05447EA84DB4,EIQ_HORSE_0BDC5C83A9A8168F,2024,0.023606601009169115,EIQ_HORSE_0BDC5C83A9A8168F,EIQ_HORSE_0BDC5C83A9A8168F,SAME_FAVOURITE,True,True,SAME_FAVOURITE
EIQ_RACE_410F1B4522B06403,EIQ_HORSE_E30D0644B666C0CF,2025,0.017123554839098443,EIQ_HORSE_7B6611BB718AC726,EIQ_HORSE_7B6611BB718AC726,SAME_FAVOURITE,False,False,SAME_FAVOURITE
EIQ_RACE_411721F8F6D65570,EIQ_HORSE_8171DB711106782E,2025,0.1334599702777406,EIQ_HORSE_D8C05B9E5BB7EFD3,EIQ_HORSE_D8C05B9E5BB7EFD3,SAME_FAVOURITE,False,False,SAME_FAVOURITE
EIQ_RACE_412118425D245EA7,EIQ_HORSE_24CC0D477EDDD4C8,2021,-0.10760765210676482,EIQ_HORSE_24CC0D477EDDD4C8,EIQ_HORSE_24CC0D477EDDD4C8,SAME_FAVOURITE,True,True,SAME_FAVOURITE
EIQ_RACE_4130DBC503302E0E,EIQ_HORSE_8BFB0BEDF2FF0897,2025,0.12679819155037242,EIQ_HORSE_22514B3C0169D55C,EIQ_HORSE_8BFB0BEDF2FF0897,CHALLENGER_CHANGED_FAVOURITE,False,True,STRICT_WRONG_DROP_CORRECT
EIQ_RACE_414789DEF63132F8,EIQ_HORSE_18BAB3AB2CFAC8ED,2024,0.16234292544080065,EIQ_HORSE_7CF1FAEC07802C87,EIQ_HORSE_7CF1FAEC07802C87,SAME_FAVOURITE,False,False,SAME_FAVOURITE
EIQ_RACE_415FDE7154910DD4,EIQ_HORSE_F2E814BE5E5466E6,2025,-0.0710756447649199,EIQ_HORSE_97A801C51C0B4550,EIQ_HORSE_97A801C51C0B4550,SAME_FAVOURITE,False,False,SAME_FAVOURITE
EIQ_RACE_41746D1859555505,EIQ_HORSE_43A9DB6F2E3B8F0F,2023,0.024780646666056283,EIQ_HORSE_0ABDC63572F83E59,EIQ_HORSE_5C9CBBED01A7AF25,CHALLENGER_CHANGED_FAVOURITE,False,False,BOTH_WRONG
EIQ_RACE_4176F802A7E06CA3,EIQ_HORSE_6F1B075A5589CD9A,2021,-0.03342814345723388,EIQ_HORSE_6F1B075A5589CD9A,EIQ_HORSE_6F1B075A5589CD9A,SAME_FAVOURITE,True,True,SAME_FAVOURITE
EIQ_RACE_417FA01C817FC9B0,EIQ_HORSE_3C0142684AE2D0EE,2024,0.039063575785554416,EIQ_HORSE_A5B07EFAF1784AE9,EIQ_HORSE_A5B07EFAF1784AE9,SAME_FAVOURITE,False,False,SAME_FAVOURITE
EIQ_RACE_418A7557164E56C2,EIQ_HORSE_2B3F26C07FCC7DC7,2022,0.047246655319905795,EIQ_HORSE_70AED30B99178C01,EIQ_HORSE_70AED30B99178C01,SAME_FAVOURITE,False,False,SAME_FAVOURITE
EIQ_RACE_41F40B012EACBC73,EIQ_HORSE_5B0A333B94DC8DCA,2024,-0.08233949969348009,EIQ_HORSE_5B0A333B94DC8DCA,EIQ_HORSE_5B0A333B94DC8DCA,SAME_FAVOURITE,True,True,SAME_FAVOURITE
EIQ_RACE_41F512716090B945,EIQ_HORSE_55AC415EB7E4FCB5,2024,-0.023777152833952986,EIQ_HORSE_55AC415EB7E4FCB5,EIQ_HORSE_55AC415EB7E4FCB5,SAME_FAVOURITE,True,True,SAME_FAVOURITE
EIQ_RACE_41F9CD691E361307,EIQ_HORSE_33679B26965630E0,2026,-0.16352452719186816,EIQ_HORSE_33679B26965630E0,EIQ_HORSE_33679B26965630E0,SAME_FAVOURITE,True,True,SAME_FAVOURITE
EIQ_RACE_41FE0E5366242B48,EIQ_HORSE_8BDDCD14D0AA236D,2024,-0.07492463781048997,EIQ_HORSE_8BDDCD14D0AA236D,EIQ_HORSE_8BDDCD14D0AA236D,SAME_FAVOURITE,True,True,SAME_FAVOURITE
EIQ_RACE_420592E4C1F2140B,EIQ_HORSE_46D2C68705C1B23E,2021,-0.06052502665972992,EIQ_HORSE_46D2C68705C1B23E,EIQ_HORSE_46D2C68705C1B23E,SAME_FAVOURITE,True,True,SAME_FAVOURITE
EIQ_RACE_4218F1CFE515B720,EIQ_HORSE_4AD609D09D9D7133,2023,0.0998274262591492,EIQ_HORSE_23DCE0FFBDACBB65,EIQ_HORSE_9FBD2978306283E2,CHALLENGER_CHANGED_FAVOURITE,False,False,BOTH_WRONG
EIQ_RACE_423AB822E8D002A5,EIQ_HORSE_35B104FB91240840,2024,-0.08836056843015339,EIQ_HORSE_35B104FB91240840,EIQ_HORSE_35B104FB91240840,SAME_FAVOURITE,True,True,SAME_FAVOURITE
EIQ_RACE_423C9250C9537739,EIQ_HORSE_6C4AFBC386C5D36F,2023,0.01587993989552272,EIQ_HORSE_36D338FF309DD940,EIQ_HORSE_36D338FF309DD940,SAME_FAVOURITE,False,False,SAME_FAVOURITE
EIQ_RACE_42434C63D6DFFCD4,EIQ_HORSE_EED2E9A4477E17F4,2024,0.10098350220957841,EIQ_HORSE_EED2E9A4477E17F4,EIQ_HORSE_EED2E9A4477E17F4,SAME_FAVOURITE,True,True,SAME_FAVOURITE
EIQ_RACE_425F1CF7CB2AF213,EIQ_HORSE_7372A9E9AD4F8597,2021,0.15665505774863608,EIQ_HORSE_7372A9E9AD4F8597,EIQ_HORSE_7372A9E9AD4F8597,SAME_FAVOURITE,True,True,SAME_FAVOURITE
EIQ_RACE_426EC476B746DEEC,EIQ_HORSE_A3B332C0A4822A13,2025,-0.035608111791188835,EIQ_HORSE_043660B588D12B7F,EIQ_HORSE_043660B588D12B7F,SAME_FAVOURITE,False,False,SAME_FAVOURITE
EIQ_RACE_427C0D07A9BB23D7,EIQ_HORSE_F7D46C87764DA5B2,2025,0.03283904962558459,EIQ_HORSE_2FC67928C5BDCCDD,EIQ_HORSE_2FC67928C5BDCCDD,SAME_FAVOURITE,False,False,SAME_FAVOURITE
EIQ_RACE_42AC4F4986D6A018,EIQ_HORSE_CCEC0C99421A7A35,2026,0.06175497030055421,EIQ_HORSE_CCEC0C99421A7A35,EIQ_HORSE_CCEC0C99421A7A35,SAME_FAVOURITE,True,True,SAME_FAVOURITE
EIQ_RACE_42B8EE50AE0D1D84,EIQ_HORSE_529EBA828EEBE7E7,2025,0.08116313757925253,EIQ_HORSE_92A2E1CD876C8999,EIQ_HORSE_92A2E1CD876C8999,SAME_FAVOURITE,False,False,SAME_FAVOURITE
EIQ_RACE_42BFE5FFA1F77A72,EIQ_HORSE_6A96F60996D41BDB,2024,-0.1527430982242315,EIQ_HORSE_D77E1C021D4AC789,EIQ_HORSE_D77E1C021D4AC789,SAME_FAVOURITE,False,False,SAME_FAVOURITE
EIQ_RACE_42CE0C79F9936111,EIQ_HORSE_18A78EC408888D49,2021,0.37805793419882106,EIQ_HORSE_9A660558B8462C50,EIQ_HORSE_9A660558B8462C50,SAME_FAVOURITE,False,False,SAME_FAVOURITE
EIQ_RACE_42DC0E4436D5D8EC,EIQ_HORSE_0BA64A22191B5459,2026,-0.0803440758756846,EIQ_HORSE_95B86951836FFACA,EIQ_HORSE_95B86951836FFACA,SAME_FAVOURITE,False,False,SAME_FAVOURITE
EIQ_RACE_42E58244AAA61518,EIQ_HORSE_813049370840171B,2025,-0.0528431078421332,EIQ_HORSE_340CF70C23449BDC,EIQ_HORSE_340CF70C23449BDC,SAME_FAVOURITE,False,False,SAME_FAVOURITE
EIQ_RACE_42EAF69B73CA0941,EIQ_HORSE_5AC030233348DE01,2024,-0.09023034557504261,EIQ_HORSE_2CD3F90EF13FD457,EIQ_HORSE_2CD3F90EF13FD457,SAME_FAVOURITE,False,False,SAME_FAVOURITE
EIQ_RACE_42EB6DD841B3EA79,EIQ_HORSE_EE5555CB0F720964,2025,-0.2016067922069411,EIQ_HORSE_EBD250A499ED9CD4,EIQ_HORSE_EBD250A499ED9CD4,SAME_FAVOURITE,False,False,SAME_FAVOURITE
EIQ_RACE_4302108C847F7EA2,EIQ_HORSE_07F2F52BF88DB85F,2026,-0.110591065244384,EIQ_HORSE_C6638052FA537A67,EIQ_HORSE_C6638052FA537A67,SAME_FAVOURITE,False,False,SAME_FAVOURITE
EIQ_RACE_43052E38C96F499F,EIQ_HORSE_D4612DA2A4F9480A,2022,-0.04989802161653101,EIQ_HORSE_426F1CA907A281F0,EIQ_HORSE_426F1CA907A281F0,SAME_FAVOURITE,False,False,SAME_FAVOURITE
EIQ_RACE_431DB190492A2B90,EIQ_HORSE_98129A8FABCB044E,2024,0.00013042284634989798,EIQ_HORSE_4329D50E2D73C1B3,EIQ_HORSE_4329D50E2D73C1B3,SAME_FAVOURITE,False,False,SAME_FAVOURITE
EIQ_RACE_431FEF138BF5FB08,EIQ_HORSE_630B60EB6F13532E,2025,-0.09125146338922008,EIQ_HORSE_630B60EB6F13532E,EIQ_HORSE_630B60EB6F13532E,SAME_FAVOURITE,True,True,SAME_FAVOURITE
EIQ_RACE_4321BB22E77317EE,EIQ_HORSE_112F23AB1B70B110,2025,-0.02058178168072411,EIQ_HORSE_1227D210EE62FC62,EIQ_HORSE_1227D210EE62FC62,SAME_FAVOURITE,False,False,SAME_FAVOURITE
EIQ_RACE_43284126D231A9C7,EIQ_HORSE_42C11AB50E627113,2021,0.060323068700797844,EIQ_HORSE_0EA49DF5DC18EB07,EIQ_HORSE_3148D86C49843A73,CHALLENGER_CHANGED_FAVOURITE,False,False,BOTH_WRONG
EIQ_RACE_432E82FBBB0EEBA1,EIQ_HORSE_717F5EC85C2C559C,2026,0.05202072077486952,EIQ_HORSE_9C9098711DDAC441,EIQ_HORSE_9C9098711DDAC441,SAME_FAVOURITE,False,False,SAME_FAVOURITE
EIQ_RACE_4342888118E9A16D,EIQ_HORSE_E5F952985A58AF73,2023,0.14324560245670792,EIQ_HORSE_106FC6C3B94D5688,EIQ_HORSE_106FC6C3B94D5688,SAME_FAVOURITE,False,False,SAME_FAVOURITE
EIQ_RACE_4344B0794DD62182,EIQ_HORSE_FA42145F4E247EDA,2025,-0.12825890080376823,EIQ_HORSE_A8742F4CC0030668,EIQ_HORSE_A8742F4CC0030668,SAME_FAVOURITE,False,False,SAME_FAVOURITE
EIQ_RACE_4355B8DB99605840,EIQ_HORSE_D5FEAB4509274559,2024,0.08880026096970428,EIQ_HORSE_7797CDBA3D10832A,EIQ_HORSE_7797CDBA3D10832A,SAME_FAVOURITE,False,False,SAME_FAVOURITE
EIQ_RACE_4359593E80BA3E9C,EIQ_HORSE_AFFE72C590A08ED0,2023,-0.20031915359174768,EIQ_HORSE_D9C79CE392FF665A,EIQ_HORSE_D9C79CE392FF665A,SAME_FAVOURITE,False,False,SAME_FAVOURITE
EIQ_RACE_4361C4F60A5BA82E,EIQ_HORSE_A0FD0FB2D35D833C,2024,0.04350285479814531,EIQ_HORSE_7315CA4E29AC1540,EIQ_HORSE_7315CA4E29AC1540,SAME_FAVOURITE,False,False,SAME_FAVOURITE
EIQ_RACE_438DA867B881DF3D,EIQ_HORSE_6EC81CDB19D7990A,2021,-0.018513966202670762,EIQ_HORSE_53E20CECF7C0021C,EIQ_HORSE_53E20CECF7C0021C,SAME_FAVOURITE,False,False,SAME_FAVOURITE
EIQ_RACE_439C5BA0BE690F8E,EIQ_HORSE_EB2F538FBDE82D82,2021,0.09259867871321736,EIQ_HORSE_3148D86C49843A73,EIQ_HORSE_99CE2AF36272975C,CHALLENGER_CHANGED_FAVOURITE,False,False,BOTH_WRONG
EIQ_RACE_43A66BF60BC3D988,EIQ_HORSE_358C26EF9C3C2134,2023,-0.05794908132760779,EIQ_HORSE_55E0DBFE7D9F2442,EIQ_HORSE_55E0DBFE7D9F2442,SAME_FAVOURITE,False,False,SAME_FAVOURITE
EIQ_RACE_43B0AACF090FE730,EIQ_HORSE_C9EA10BDC633E3B8,2023,-0.10884654608173161,EIQ_HORSE_1B69A85B7108B74C,EIQ_HORSE_1B69A85B7108B74C,SAME_FAVOURITE,False,False,SAME_FAVOURITE
EIQ_RACE_43BA721B928299AF,EIQ_HORSE_6E22FE81F9A0AAB5,2025,-0.013026807925965223,EIQ_HORSE_A55756032713F787,EIQ_HORSE_A55756032713F787,SAME_FAVOURITE,False,False,SAME_FAVOURITE
EIQ_RACE_43BAB94B78B30939,EIQ_HORSE_C4354B672BEC0875,2025,0.1462279190014275,EIQ_HORSE_F0BFD1DBEA990670,EIQ_HORSE_F0BFD1DBEA990670,SAME_FAVOURITE,False,False,SAME_FAVOURITE
EIQ_RACE_43C02A11F7ACD06D,EIQ_HORSE_504AF5A5D952BDC3,2025,-0.05404832868410825,EIQ_HORSE_EB4C15579D2B3B3C,EIQ_HORSE_EB4C15579D2B3B3C,SAME_FAVOURITE,False,False,SAME_FAVOURITE
EIQ_RACE_43C31BE95E297C5E,EIQ_HORSE_21990B071C493186,2023,-0.04886925733593683,EIQ_HORSE_651E162BEB97B572,EIQ_HORSE_651E162BEB97B572,SAME_FAVOURITE,False,False,SAME_FAVOURITE
EIQ_RACE_43CE467DC7A09622,EIQ_HORSE_567D0F0ED220EB9E,2024,0.21917190741097037,EIQ_HORSE_103FB8C153A85D66,EIQ_HORSE_567D0F0ED220EB9E,CHALLENGER_CHANGED_FAVOURITE,False,True,STRICT_WRONG_DROP_CORRECT
EIQ_RACE_43D0EFA23FBB3B6C,EIQ_HORSE_1B4682D69DB5F106,2021,-0.11569695126798374,EIQ_HORSE_1B4682D69DB5F106,EIQ_HORSE_1B4682D69DB5F106,SAME_FAVOURITE,True,True,SAME_FAVOURITE
EIQ_RACE_43D4F9972C19E7F1,EIQ_HORSE_7B1C746F812F27C0,2025,0.03445932937467133,EIQ_HORSE_B411382620D655C0,EIQ_HORSE_B411382620D655C0,SAME_FAVOURITE,False,False,SAME_FAVOURITE
EIQ_RACE_43D5487471D07955,EIQ_HORSE_802856BCFC2D9480,2023,0.11135451188391166,EIQ_HORSE_1D73EAF65DBA6B4E,EIQ_HORSE_44091DF1ABD13EF2,CHALLENGER_CHANGED_FAVOURITE,False,False,BOTH_WRONG
EIQ_RACE_43DAA61C5B527E1B,EIQ_HORSE_AF2D48B1B662202A,2024,-0.07130029111328495,EIQ_HORSE_AF2D48B1B662202A,EIQ_HORSE_AF2D48B1B662202A,SAME_FAVOURITE,True,True,SAME_FAVOURITE
EIQ_RACE_43DF72222E06729E,EIQ_HORSE_BCB71009544DA469,2023,0.14060600856421956,EIQ_HORSE_BCB71009544DA469,EIQ_HORSE_BCB71009544DA469,SAME_FAVOURITE,True,True,SAME_FAVOURITE
EIQ_RACE_43EBE4AAF41EBED5,EIQ_HORSE_9D8C5C7628AA99D3,2024,0.10229240636800929,EIQ_HORSE_A921E15BEA3BAA0F,EIQ_HORSE_A921E15BEA3BAA0F,SAME_FAVOURITE,False,False,SAME_FAVOURITE
EIQ_RACE_43ED4C71CBFD3126,EIQ_HORSE_D259DCC5CED70954,2023,-0.024564805981059035,EIQ_HORSE_D47CCBA89D364EE2,EIQ_HORSE_D47CCBA89D364EE2,SAME_FAVOURITE,False,False,SAME_FAVOURITE
EIQ_RACE_43FBA1AD5266FAC7,EIQ_HORSE_501B1F72D5214849,2023,-0.1462201771988958,EIQ_HORSE_501B1F72D5214849,EIQ_HORSE_11D876E4DAD12CB4,CHALLENGER_CHANGED_FAVOURITE,True,False,STRICT_CORRECT_DROP_WRONG
EIQ_RACE_44008898DFD93B5D,EIQ_HORSE_1647C50F6FE4DC87,2026,0.09092656604809335,EIQ_HORSE_EFC19AD80FA72905,EIQ_HORSE_EFC19AD80FA72905,SAME_FAVOURITE,False,False,SAME_FAVOURITE
EIQ_RACE_440651A24A19C06B,EIQ_HORSE_B8F16FD4034577A3,2024,0.015943851822118216,EIQ_HORSE_356DB0E95F04D472,EIQ_HORSE_356DB0E95F04D472,SAME_FAVOURITE,False,False,SAME_FAVOURITE
EIQ_RACE_44078409F0C7D2B0,EIQ_HORSE_658E01D5E7C323AF,2023,-0.19494465268999983,EIQ_HORSE_24D10890C55FC9FB,EIQ_HORSE_24D10890C55FC9FB,SAME_FAVOURITE,False,False,SAME_FAVOURITE
EIQ_RACE_440CD9340ECB41D6,EIQ_HORSE_06ABB4936FCF1907,2025,0.019160023523531633,EIQ_HORSE_256EE9D058D47AF9,EIQ_HORSE_256EE9D058D47AF9,SAME_FAVOURITE,False,False,SAME_FAVOURITE
EIQ_RACE_440E5BC0A74A8FFD,EIQ_HORSE_2EFC24C67029100E,2026,0.0019000862451636902,EIQ_HORSE_2EFC24C67029100E,EIQ_HORSE_2EFC24C67029100E,SAME_FAVOURITE,True,True,SAME_FAVOURITE
EIQ_RACE_4417D121F51A1A44,EIQ_HORSE_8E460EFE5244DF89,2024,0.002362907631809019,EIQ_HORSE_0F6B035711D67897,EIQ_HORSE_0F6B035711D67897,SAME_FAVOURITE,False,False,SAME_FAVOURITE
EIQ_RACE_44241B00C2E7FD09,EIQ_HORSE_9712A857E3C1999E,2021,-0.06345926275680513,EIQ_HORSE_9712A857E3C1999E,EIQ_HORSE_9712A857E3C1999E,SAME_FAVOURITE,True,True,SAME_FAVOURITE
EIQ_RACE_44360D8512433CC3,EIQ_HORSE_26796CF8E84377AA,2024,0.0769933643736902,EIQ_HORSE_528006909D3E46E9,EIQ_HORSE_528006909D3E46E9,SAME_FAVOURITE,False,False,SAME_FAVOURITE
EIQ_RACE_44458CDA5038D671,EIQ_HORSE_C7E959A67BAEB699,2026,0.22244620464665088,EIQ_HORSE_DE10A6B146652D62,EIQ_HORSE_DE10A6B146652D62,SAME_FAVOURITE,False,False,SAME_FAVOURITE
EIQ_RACE_4454818DB6DB52B8,EIQ_HORSE_A51C3A0EEBE1D281,2024,-0.046704005965296336,EIQ_HORSE_A51C3A0EEBE1D281,EIQ_HORSE_A51C3A0EEBE1D281,SAME_FAVOURITE,True,True,SAME_FAVOURITE
EIQ_RACE_4463A7D614AE65CD,EIQ_HORSE_B6456C64FA4B606A,2021,-0.22869852608382013,EIQ_HORSE_6E23B7F62AF5C6E7,EIQ_HORSE_6E23B7F62AF5C6E7,SAME_FAVOURITE,False,False,SAME_FAVOURITE
EIQ_RACE_446C21DFF21EE8DB,EIQ_HORSE_5FE636559EC1A49D,2025,0.06514183888202352,EIQ_HORSE_EBD250A499ED9CD4,EIQ_HORSE_EBD250A499ED9CD4,SAME_FAVOURITE,False,False,SAME_FAVOURITE
EIQ_RACE_447E30F6D4AD0F60,EIQ_HORSE_8B96ABF64F095965,2021,-0.1126641852068675,EIQ_HORSE_8B96ABF64F095965,EIQ_HORSE_8B96ABF64F095965,SAME_FAVOURITE,True,True,SAME_FAVOURITE
EIQ_RACE_448E54FF8F20E440,EIQ_HORSE_C85E279AFA603EDF,2025,-0.047349626126505395,EIQ_HORSE_1154470269DCDB06,EIQ_HORSE_1154470269DCDB06,SAME_FAVOURITE,False,False,SAME_FAVOURITE
EIQ_RACE_44ABE4C77614C65E,EIQ_HORSE_54DD12DAFAAB8CBB,2025,0.1172256951911308,EIQ_HORSE_540BA7DECE05C0F8,EIQ_HORSE_540BA7DECE05C0F8,SAME_FAVOURITE,False,False,SAME_FAVOURITE
EIQ_RACE_44B4888C27D69E4A,EIQ_HORSE_F296912FAF5B3FD2,2025,-0.05957180701969267,EIQ_HORSE_49BAC156422CB719,EIQ_HORSE_49BAC156422CB719,SAME_FAVOURITE,False,False,SAME_FAVOURITE
EIQ_RACE_44D71C713CE5AC9A,EIQ_HORSE_60117A3A6AC01B4C,2021,0.04269760086784369,EIQ_HORSE_E8E4799C1C50A895,EIQ_HORSE_E8E4799C1C50A895,SAME_FAVOURITE,False,False,SAME_FAVOURITE
EIQ_RACE_44DA6586B3E0B860,EIQ_HORSE_00EE995E3B8DB660,2025,0.13919605469369856,EIQ_HORSE_DB8F70ACB70B0026,EIQ_HORSE_DB8F70ACB70B0026,SAME_FAVOURITE,False,False,SAME_FAVOURITE
EIQ_RACE_44F2456000260A29,EIQ_HORSE_73BC3E108C85D003,2024,0.12387315238781715,EIQ_HORSE_1E9202F57B341877,EIQ_HORSE_1E9202F57B341877,SAME_FAVOURITE,False,False,SAME_FAVOURITE
EIQ_RACE_450859C46C2DAEE1,EIQ_HORSE_42F2E174076198E5,2025,0.043830213358477366,EIQ_HORSE_266878BB907B9D0B,EIQ_HORSE_266878BB907B9D0B,SAME_FAVOURITE,False,False,SAME_FAVOURITE
EIQ_RACE_450CFADECB7E0CD6,EIQ_HORSE_8E984723C3010BA5,2025,0.03606826408233155,EIQ_HORSE_8E984723C3010BA5,EIQ_HORSE_8E984723C3010BA5,SAME_FAVOURITE,True,True,SAME_FAVOURITE
EIQ_RACE_450D720846FFE976,EIQ_HORSE_E3AFFB272F75672C,2024,-0.057050566373021194,EIQ_HORSE_8AA707BBA78E502B,EIQ_HORSE_8AA707BBA78E502B,SAME_FAVOURITE,False,False,SAME_FAVOURITE
EIQ_RACE_4510D9127F517852,EIQ_HORSE_897DD34B95C421D7,2021,0.15830636514864782,EIQ_HORSE_A0A552C3CC5F67B2,EIQ_HORSE_A0A552C3CC5F67B2,SAME_FAVOURITE,False,False,SAME_FAVOURITE
EIQ_RACE_45141E9514EAC2D7,EIQ_HORSE_9FE5F3AF13EDB41D,2024,0.09090389457219072,EIQ_HORSE_9FE5F3AF13EDB41D,EIQ_HORSE_9FE5F3AF13EDB41D,SAME_FAVOURITE,True,True,SAME_FAVOURITE
EIQ_RACE_4520477009F05A72,EIQ_HORSE_8443A242643F7CD5,2025,0.1017544432928883,EIQ_HORSE_02EECB3D2760DAF5,EIQ_HORSE_02EECB3D2760DAF5,SAME_FAVOURITE,False,False,SAME_FAVOURITE
EIQ_RACE_452B149301D9C43C,EIQ_HORSE_59319ECA3139E52D,2024,-0.044474983553425496,EIQ_HORSE_9CA1A86150223273,EIQ_HORSE_9CA1A86150223273,SAME_FAVOURITE,False,False,SAME_FAVOURITE
EIQ_RACE_452EBCE897F70235,EIQ_HORSE_7FCB84E4C8675A2B,2025,-0.13493926767749764,EIQ_HORSE_7FCB84E4C8675A2B,EIQ_HORSE_7FCB84E4C8675A2B,SAME_FAVOURITE,True,True,SAME_FAVOURITE
EIQ_RACE_45340F835C60863D,EIQ_HORSE_EA5B374452DE73B7,2023,0.1271375047705543,EIQ_HORSE_802A285882FF0747,EIQ_HORSE_802A285882FF0747,SAME_FAVOURITE,False,False,SAME_FAVOURITE
EIQ_RACE_45347E5F9B8A8C1F,EIQ_HORSE_60226ED9E1831ECC,2024,-0.04392418620824823,EIQ_HORSE_60226ED9E1831ECC,EIQ_HORSE_60226ED9E1831ECC,SAME_FAVOURITE,True,True,SAME_FAVOURITE
EIQ_RACE_4554340BB410A3C8,EIQ_HORSE_4846F3CB1B998CCA,2025,0.18865869034369775,EIQ_HORSE_DAB89A8302476139,EIQ_HORSE_DAB89A8302476139,SAME_FAVOURITE,False,False,SAME_FAVOURITE
EIQ_RACE_4569737D729BD4C1,EIQ_HORSE_CE79C5691149AEF8,2025,-0.02446372054928725,EIQ_HORSE_CE79C5691149AEF8,EIQ_HORSE_CE79C5691149AEF8,SAME_FAVOURITE,True,True,SAME_FAVOURITE
EIQ_RACE_457E922232CE5A92,EIQ_HORSE_5FDD187F0BB5C7B4,2024,0.04748387688972899,EIQ_HORSE_5FDD187F0BB5C7B4,EIQ_HORSE_5FDD187F0BB5C7B4,SAME_FAVOURITE,True,True,SAME_FAVOURITE
EIQ_RACE_45923C18763C92B0,EIQ_HORSE_46581A95C268D348,2025,-0.02332417947127885,EIQ_HORSE_BE3128DADCA3E19E,EIQ_HORSE_BE3128DADCA3E19E,SAME_FAVOURITE,False,False,SAME_FAVOURITE
EIQ_RACE_45963A4B3707664C,EIQ_HORSE_2D4004DA002ED653,2025,-0.03848669106535518,EIQ_HORSE_0D9928AB460DD356,EIQ_HORSE_0D9928AB460DD356,SAME_FAVOURITE,False,False,SAME_FAVOURITE
EIQ_RACE_459F9004E47CE0F6,EIQ_HORSE_94166CE88482C88B,2025,-0.03479593521806468,EIQ_HORSE_E0A4E9E16D0337B9,EIQ_HORSE_94166CE88482C88B,CHALLENGER_CHANGED_FAVOURITE,False,True,STRICT_WRONG_DROP_CORRECT
EIQ_RACE_45A2CDA9DC766587,EIQ_HORSE_B93EEF6EFCD114F6,2026,0.09481132911849444,EIQ_HORSE_B93EEF6EFCD114F6,EIQ_HORSE_B93EEF6EFCD114F6,SAME_FAVOURITE,True,True,SAME_FAVOURITE
EIQ_RACE_45B35B2B05C4120C,EIQ_HORSE_BD1784E8835004AE,2023,0.0926349865091276,EIQ_HORSE_E7EE25C4800BCC54,EIQ_HORSE_E7EE25C4800BCC54,SAME_FAVOURITE,False,False,SAME_FAVOURITE
EIQ_RACE_45BC7452F414187E,EIQ_HORSE_9344CC16A9A0BC87,2021,0.1022362500696985,EIQ_HORSE_17649C129DC64900,EIQ_HORSE_17649C129DC64900,SAME_FAVOURITE,False,False,SAME_FAVOURITE
EIQ_RACE_45D2D3100E28CDA5,EIQ_HORSE_F76D7ED1996F8CDE,2024,-0.040986290913317625,EIQ_HORSE_F76D7ED1996F8CDE,EIQ_HORSE_DA033B0E95125CB4,CHALLENGER_CHANGED_FAVOURITE,True,False,STRICT_CORRECT_DROP_WRONG
EIQ_RACE_45D368A19E50C667,EIQ_HORSE_198EBB45FC27E3C6,2024,-0.11215154351124745,EIQ_HORSE_2996BA44E4C39278,EIQ_HORSE_2996BA44E4C39278,SAME_FAVOURITE,False,False,SAME_FAVOURITE
EIQ_RACE_45D8F6966FFB2E98,EIQ_HORSE_6BCF22F777639E63,2025,-0.07936168500959795,EIQ_HORSE_5D6D4FF494800B06,EIQ_HORSE_5D6D4FF494800B06,SAME_FAVOURITE,False,False,SAME_FAVOURITE
EIQ_RACE_45E323090502167A,EIQ_HORSE_8C1C365BF8394C81,2021,-0.06613327199871377,EIQ_HORSE_8C1C365BF8394C81,EIQ_HORSE_8C1C365BF8394C81,SAME_FAVOURITE,True,True,SAME_FAVOURITE
EIQ_RACE_45E6A39F43ADA832,EIQ_HORSE_7AFCF4E7D35C4341,2024,-0.018561008260897793,EIQ_HORSE_7EF43B667227AA13,EIQ_HORSE_7EF43B667227AA13,SAME_FAVOURITE,False,False,SAME_FAVOURITE
EIQ_RACE_45EBC793547F26FF,EIQ_HORSE_B9C041D5C329A636,2024,0.1075768616978291,EIQ_HORSE_B9C041D5C329A636,EIQ_HORSE_B9C041D5C329A636,SAME_FAVOURITE,True,True,SAME_FAVOURITE
EIQ_RACE_45F6B46DB6935DB9,EIQ_HORSE_CD031DC292456CF6,2021,0.057385041611479615,EIQ_HORSE_8F7A2D2C11197BAB,EIQ_HORSE_8F7A2D2C11197BAB,SAME_FAVOURITE,False,False,SAME_FAVOURITE
EIQ_RACE_46036B8808F5DD13,EIQ_HORSE_325AA9DCFEEB8860,2024,0.023199274352001753,EIQ_HORSE_325AA9DCFEEB8860,EIQ_HORSE_325AA9DCFEEB8860,SAME_FAVOURITE,True,True,SAME_FAVOURITE
EIQ_RACE_4609C2DFBE6EFABD,EIQ_HORSE_44C9175D13C475F6,2022,0.04132697548585362,EIQ_HORSE_2E5EA4771E2E9C9D,EIQ_HORSE_2E5EA4771E2E9C9D,SAME_FAVOURITE,False,False,SAME_FAVOURITE
EIQ_RACE_46121AE5C898C9C9,EIQ_HORSE_BE2719388A317A1C,2023,-0.15975257118269992,EIQ_HORSE_81AF5A59D71C84F0,EIQ_HORSE_C3ED450DE14479A4,CHALLENGER_CHANGED_FAVOURITE,False,False,BOTH_WRONG
EIQ_RACE_462193656CC91BD1,EIQ_HORSE_6CBF31267507CCB0,2023,0.19422109188823056,EIQ_HORSE_6CBF31267507CCB0,EIQ_HORSE_6CBF31267507CCB0,SAME_FAVOURITE,True,True,SAME_FAVOURITE
EIQ_RACE_4626AD71DEF8F03A,EIQ_HORSE_E1B7B3379BAE8D38,2025,0.08847867003698329,EIQ_HORSE_2AB04AC8A71D92CD,EIQ_HORSE_2AB04AC8A71D92CD,SAME_FAVOURITE,False,False,SAME_FAVOURITE
EIQ_RACE_463701BF4FCB912C,EIQ_HORSE_D2D0016757956475,2021,0.03782717752092202,EIQ_HORSE_300317EAAFB7F918,EIQ_HORSE_300317EAAFB7F918,SAME_FAVOURITE,False,False,SAME_FAVOURITE
EIQ_RACE_463A1DE5E75DB488,EIQ_HORSE_6FC52B44D39F4A88,2025,-0.014727090880277016,EIQ_HORSE_23ADADA41CEACF72,EIQ_HORSE_23ADADA41CEACF72,SAME_FAVOURITE,False,False,SAME_FAVOURITE
EIQ_RACE_463BF4F00360E151,EIQ_HORSE_849E7ACF16F73261,2024,0.10170511831778839,EIQ_HORSE_6EDA97BA2F9A7CA9,EIQ_HORSE_6EDA97BA2F9A7CA9,SAME_FAVOURITE,False,False,SAME_FAVOURITE
EIQ_RACE_463DA6AD4EC3080D,EIQ_HORSE_96A205835092C679,2021,0.1999655265977882,EIQ_HORSE_17E5A09CCC0C493D,EIQ_HORSE_17E5A09CCC0C493D,SAME_FAVOURITE,False,False,SAME_FAVOURITE
EIQ_RACE_465AFDE048629237,EIQ_HORSE_D26C0A0D0C4D4626,2023,-0.20199610498606257,EIQ_HORSE_D26C0A0D0C4D4626,EIQ_HORSE_8DC9AB5AF76A12E6,CHALLENGER_CHANGED_FAVOURITE,True,False,STRICT_CORRECT_DROP_WRONG
EIQ_RACE_465D42146D93B9A4,EIQ_HORSE_F0BFD1DBEA990670,2025,0.04595482205458801,EIQ_HORSE_F0BFD1DBEA990670,EIQ_HORSE_F0BFD1DBEA990670,SAME_FAVOURITE,True,True,SAME_FAVOURITE
EIQ_RACE_4668F3BE3D08EA00,EIQ_HORSE_E633EFCB20932354,2024,0.0469268053385663,EIQ_HORSE_D165E925A496C6D2,EIQ_HORSE_D165E925A496C6D2,SAME_FAVOURITE,False,False,SAME_FAVOURITE
EIQ_RACE_468607CD1498FFA9,EIQ_HORSE_06461713876025B4,2023,-0.058553778959767655,EIQ_HORSE_06461713876025B4,EIQ_HORSE_06461713876025B4,SAME_FAVOURITE,True,True,SAME_FAVOURITE
EIQ_RACE_468FAD2CCF18D2B2,EIQ_HORSE_3115FA05BE9ABF32,2023,-0.03551832279242406,EIQ_HORSE_CCB28BDBDFC99C50,EIQ_HORSE_CCB28BDBDFC99C50,SAME_FAVOURITE,False,False,SAME_FAVOURITE
EIQ_RACE_469A78E55A56D241,EIQ_HORSE_728130D09C882754,2024,0.1635386013424842,EIQ_HORSE_7CDAA93516A57DBC,EIQ_HORSE_7CDAA93516A57DBC,SAME_FAVOURITE,False,False,SAME_FAVOURITE
EIQ_RACE_46B52E04E50F3959,EIQ_HORSE_720C979E061528CD,2023,-0.06566594165454953,EIQ_HORSE_89EDBE908DA36E46,EIQ_HORSE_89EDBE908DA36E46,SAME_FAVOURITE,False,False,SAME_FAVOURITE
EIQ_RACE_46B7216850926FF2,EIQ_HORSE_E066B7D549E237D2,2025,0.04946701663810904,EIQ_HORSE_B5C3674DDBF83664,EIQ_HORSE_B5C3674DDBF83664,SAME_FAVOURITE,False,False,SAME_FAVOURITE
EIQ_RACE_46BE282641CC5935,EIQ_HORSE_7ABAD0F68D92F4AF,2024,0.10647663983294753,EIQ_HORSE_412CDF77C48E6245,EIQ_HORSE_412CDF77C48E6245,SAME_FAVOURITE,False,False,SAME_FAVOURITE
EIQ_RACE_46BFFDA09B989347,EIQ_HORSE_A220B0DB06B42889,2022,0.01858399508289521,EIQ_HORSE_4A25959B0F0EE6CB,EIQ_HORSE_FB9674FB95A75198,CHALLENGER_CHANGED_FAVOURITE,False,False,BOTH_WRONG
EIQ_RACE_46D5C3DC32C8FE12,EIQ_HORSE_DB103F38AF46D07C,2021,-0.01672446069228828,EIQ_HORSE_F31A81B5DD3C8D0A,EIQ_HORSE_F31A81B5DD3C8D0A,SAME_FAVOURITE,False,False,SAME_FAVOURITE
EIQ_RACE_46E06CBFCAC9D14B,EIQ_HORSE_0A7EB7F819A2C834,2025,-0.11321910880828512,EIQ_HORSE_0A7EB7F819A2C834,EIQ_HORSE_9A28FD950E5DCC2B,CHALLENGER_CHANGED_FAVOURITE,True,False,STRICT_CORRECT_DROP_WRONG
EIQ_RACE_46EE88DE9D4A30B5,EIQ_HORSE_13B651AAF5DF9867,2024,-0.16816742014601327,EIQ_HORSE_13B651AAF5DF9867,EIQ_HORSE_D89A4725B752B2A9,CHALLENGER_CHANGED_FAVOURITE,True,False,STRICT_CORRECT_DROP_WRONG
EIQ_RACE_46F235B7914DC710,EIQ_HORSE_2BE13D0E9BAA9A42,2021,0.03914197628031957,EIQ_HORSE_2BE13D0E9BAA9A42,EIQ_HORSE_2BE13D0E9BAA9A42,SAME_FAVOURITE,True,True,SAME_FAVOURITE
EIQ_RACE_470014B498E7BD2A,EIQ_HORSE_723AA92027A121BF,2026,-0.025332307355026895,EIQ_HORSE_857C66162F3638EB,EIQ_HORSE_857C66162F3638EB,SAME_FAVOURITE,False,False,SAME_FAVOURITE
EIQ_RACE_4705938DE35F1B62,EIQ_HORSE_D051A6217B58AF5D,2022,-0.0038072853895565473,EIQ_HORSE_FDA3F933C31AF364,EIQ_HORSE_FDA3F933C31AF364,SAME_FAVOURITE,False,False,SAME_FAVOURITE
EIQ_RACE_4727349E81115989,EIQ_HORSE_6F1B075A5589CD9A,2021,-0.042885754612388194,EIQ_HORSE_6F1B075A5589CD9A,EIQ_HORSE_6F1B075A5589CD9A,SAME_FAVOURITE,True,True,SAME_FAVOURITE
EIQ_RACE_4727AEF6EFE74BB3,EIQ_HORSE_89E8365592E6A4DC,2024,-0.0015706284766694445,EIQ_HORSE_4FA2805B5D2381AB,EIQ_HORSE_4FA2805B5D2381AB,SAME_FAVOURITE,False,False,SAME_FAVOURITE
EIQ_RACE_47308E121E4E7C7A,EIQ_HORSE_D229FAE1FDBA8496,2024,0.22461199941660004,EIQ_HORSE_D229FAE1FDBA8496,EIQ_HORSE_D229FAE1FDBA8496,SAME_FAVOURITE,True,True,SAME_FAVOURITE
EIQ_RACE_4749FB26621DB2DF,EIQ_HORSE_0D78E14B8CDE311B,2023,0.06982252147641299,EIQ_HORSE_4BEB9AEA420DED9E,EIQ_HORSE_4BEB9AEA420DED9E,SAME_FAVOURITE,False,False,SAME_FAVOURITE
EIQ_RACE_474D1FE74A0FA647,EIQ_HORSE_0EA706C23D022123,2021,0.08936471428929149,EIQ_HORSE_6D6D188B2ACC8533,EIQ_HORSE_6D6D188B2ACC8533,SAME_FAVOURITE,False,False,SAME_FAVOURITE
EIQ_RACE_47675BE02D555BF1,EIQ_HORSE_4F55B83137A17BD9,2026,0.0005685372311792225,EIQ_HORSE_F5BBBF47DCBC6E39,EIQ_HORSE_F5BBBF47DCBC6E39,SAME_FAVOURITE,False,False,SAME_FAVOURITE
EIQ_RACE_477659CCAEDE4B5F,EIQ_HORSE_D4BD8560C0889037,2023,-0.09185776701718629,EIQ_HORSE_8D513826D6693378,EIQ_HORSE_8D513826D6693378,SAME_FAVOURITE,False,False,SAME_FAVOURITE
EIQ_RACE_47806007C6839581,EIQ_HORSE_3253ED6236A3CF34,2026,0.13859758883485318,EIQ_HORSE_5CE0386201BEE570,EIQ_HORSE_5CE0386201BEE570,SAME_FAVOURITE,False,False,SAME_FAVOURITE
EIQ_RACE_47983F728DF96C58,EIQ_HORSE_E40F5FE05B78C660,2025,0.13572080263970254,EIQ_HORSE_1F97AA9D5860F71D,EIQ_HORSE_1F97AA9D5860F71D,SAME_FAVOURITE,False,False,SAME_FAVOURITE
EIQ_RACE_47ACB05B73927724,EIQ_HORSE_37E48CBACC3A9527,2025,0.20886205838312222,EIQ_HORSE_AF7F14D5D0D4C843,EIQ_HORSE_C4354B672BEC0875,CHALLENGER_CHANGED_FAVOURITE,False,False,BOTH_WRONG
EIQ_RACE_47B48374A00EA0C5,EIQ_HORSE_F2E814BE5E5466E6,2025,0.19873663114980644,EIQ_HORSE_159AE62138C04E75,EIQ_HORSE_159AE62138C04E75,SAME_FAVOURITE,False,False,SAME_FAVOURITE
EIQ_RACE_47BBD64F9C57E18D,EIQ_HORSE_2CF97332692014DC,2024,-0.07033981209126727,EIQ_HORSE_8A027D88A70D43CE,EIQ_HORSE_8A027D88A70D43CE,SAME_FAVOURITE,False,False,SAME_FAVOURITE
EIQ_RACE_47BC3C9FCB1C7FEE,EIQ_HORSE_38E6E1D40D3973C0,2024,0.12887398705592812,EIQ_HORSE_E40F5FE05B78C660,EIQ_HORSE_E40F5FE05B78C660,SAME_FAVOURITE,False,False,SAME_FAVOURITE
EIQ_RACE_47C17E81B3C993CD,EIQ_HORSE_7E44E33DE5DDAD33,2021,-0.13458534147954948,EIQ_HORSE_9B4038DC488727B0,EIQ_HORSE_9B4038DC488727B0,SAME_FAVOURITE,False,False,SAME_FAVOURITE
EIQ_RACE_47DA44695E72900E,EIQ_HORSE_37C6F7C7C7ED85CD,2026,0.022496579635268077,EIQ_HORSE_B5A7E6C01D849DA9,EIQ_HORSE_B5A7E6C01D849DA9,SAME_FAVOURITE,False,False,SAME_FAVOURITE
EIQ_RACE_47DA87AB98FEE360,EIQ_HORSE_BEDDBE82206CD856,2024,-0.031427005976203626,EIQ_HORSE_BEDDBE82206CD856,EIQ_HORSE_BEDDBE82206CD856,SAME_FAVOURITE,True,True,SAME_FAVOURITE
EIQ_RACE_47DBBAAF06A528ED,EIQ_HORSE_387F113FA3E06F34,2024,-0.1701955121234393,EIQ_HORSE_C09423E11CBF47F3,EIQ_HORSE_C09423E11CBF47F3,SAME_FAVOURITE,False,False,SAME_FAVOURITE
EIQ_RACE_48088EB4BF5A5C06,EIQ_HORSE_FFCDB204FF8AC090,2024,0.08374030262206889,EIQ_HORSE_E71626FDC00BB0B2,EIQ_HORSE_E71626FDC00BB0B2,SAME_FAVOURITE,False,False,SAME_FAVOURITE
EIQ_RACE_481B3FB1E0F244AF,EIQ_HORSE_BAE1D168492958DD,2024,-0.10151664231878943,EIQ_HORSE_06461713876025B4,EIQ_HORSE_06461713876025B4,SAME_FAVOURITE,False,False,SAME_FAVOURITE
EIQ_RACE_4824B8236500B11E,EIQ_HORSE_813D45B33577EB4D,2023,0.21604477827047175,EIQ_HORSE_C8FB108DCA591235,EIQ_HORSE_C8FB108DCA591235,SAME_FAVOURITE,False,False,SAME_FAVOURITE
EIQ_RACE_4836681FFD8C87EC,EIQ_HORSE_802856BCFC2D9480,2023,0.045181917450010545,EIQ_HORSE_8A0A05B20C591FCD,EIQ_HORSE_8A0A05B20C591FCD,SAME_FAVOURITE,False,False,SAME_FAVOURITE
EIQ_RACE_483A98170ED48B75,EIQ_HORSE_314AF5BC83BBCDBF,2024,-0.07465924837127802,EIQ_HORSE_985BEB398C36E4C8,EIQ_HORSE_985BEB398C36E4C8,SAME_FAVOURITE,False,False,SAME_FAVOURITE
EIQ_RACE_483CBFD36D5DDF63,EIQ_HORSE_A96CF58E0935B6F4,2023,0.1693703452473141,EIQ_HORSE_21BAB4128E399923,EIQ_HORSE_21BAB4128E399923,SAME_FAVOURITE,False,False,SAME_FAVOURITE
EIQ_RACE_484F186E9B06E4AD,EIQ_HORSE_60BAD098BA0975A5,2025,0.18247881116436382,EIQ_HORSE_0B9B57F2E297A58C,EIQ_HORSE_0B9B57F2E297A58C,SAME_FAVOURITE,False,False,SAME_FAVOURITE
EIQ_RACE_486E258DF6790E83,EIQ_HORSE_1287DBA727AF2771,2023,0.3600322356528882,EIQ_HORSE_DC25D0AE599A1480,EIQ_HORSE_DC25D0AE599A1480,SAME_FAVOURITE,False,False,SAME_FAVOURITE
EIQ_RACE_48726BAD040BFBC3,EIQ_HORSE_C8AA67BC08F33DE4,2024,0.013628381178486082,EIQ_HORSE_C8AA67BC08F33DE4,EIQ_HORSE_C8AA67BC08F33DE4,SAME_FAVOURITE,True,True,SAME_FAVOURITE
EIQ_RACE_4883A8D95F3BAFB9,EIQ_HORSE_2C2C1A48F11F944A,2023,-0.10308547776076882,EIQ_HORSE_2C2C1A48F11F944A,EIQ_HORSE_2C2C1A48F11F944A,SAME_FAVOURITE,True,True,SAME_FAVOURITE
EIQ_RACE_488DFC481BA484B7,EIQ_HORSE_89C4185723B59E17,2023,0.06641981800619279,EIQ_HORSE_B64783D8E996CF0C,EIQ_HORSE_B64783D8E996CF0C,SAME_FAVOURITE,False,False,SAME_FAVOURITE
EIQ_RACE_4896F33ACD788C26,EIQ_HORSE_EA56DFE6525031FA,2024,0.028347986937592662,EIQ_HORSE_23713B58A1D82922,EIQ_HORSE_23713B58A1D82922,SAME_FAVOURITE,False,False,SAME_FAVOURITE
EIQ_RACE_489BDB7ADC2F81DC,EIQ_HORSE_C461D055C156BEF5,2022,0.17508848662173104,EIQ_HORSE_FAEBF2435DAC7230,EIQ_HORSE_FAEBF2435DAC7230,SAME_FAVOURITE,False,False,SAME_FAVOURITE
EIQ_RACE_48A2857010231EFA,EIQ_HORSE_04FCFC2D014D4BA1,2026,-0.1650335483194545,EIQ_HORSE_4846F3CB1B998CCA,EIQ_HORSE_4846F3CB1B998CCA,SAME_FAVOURITE,False,False,SAME_FAVOURITE
EIQ_RACE_48B17D66B09C9EE5,EIQ_HORSE_CAB9A8DC67CF6A36,2021,-0.09723908480348342,EIQ_HORSE_C39A7C50CF2B1E3A,EIQ_HORSE_C39A7C50CF2B1E3A,SAME_FAVOURITE,False,False,SAME_FAVOURITE
EIQ_RACE_48B59882E968F896,EIQ_HORSE_7EBEA16E17D5D574,2024,-0.010985694633337317,EIQ_HORSE_7EBEA16E17D5D574,EIQ_HORSE_7EBEA16E17D5D574,SAME_FAVOURITE,True,True,SAME_FAVOURITE
EIQ_RACE_48C383869027569F,EIQ_HORSE_76B6CF5DD3D11F46,2024,-0.002666660567839596,EIQ_HORSE_B89AAA155459DF50,EIQ_HORSE_B89AAA155459DF50,SAME_FAVOURITE,False,False,SAME_FAVOURITE
EIQ_RACE_48C44317D53AB549,EIQ_HORSE_A7713312B2F020F8,2021,-0.05336249212326072,EIQ_HORSE_A7713312B2F020F8,EIQ_HORSE_A7713312B2F020F8,SAME_FAVOURITE,True,True,SAME_FAVOURITE
EIQ_RACE_48D117547C5D1C3C,EIQ_HORSE_BAA3933E1AE84B50,2025,-0.10266348579135609,EIQ_HORSE_BAA3933E1AE84B50,EIQ_HORSE_BAA3933E1AE84B50,SAME_FAVOURITE,True,True,SAME_FAVOURITE
EIQ_RACE_48D2CED580679BE9,EIQ_HORSE_FA42145F4E247EDA,2024,-0.054171065048095546,EIQ_HORSE_3E23B2E6045D279B,EIQ_HORSE_3E23B2E6045D279B,SAME_FAVOURITE,False,False,SAME_FAVOURITE
EIQ_RACE_48DEFF2E6CA4C804,EIQ_HORSE_85CC6BB32A73005C,2021,0.09146734896790143,EIQ_HORSE_F454AAFF0DB25F20,EIQ_HORSE_85CC6BB32A73005C,CHALLENGER_CHANGED_FAVOURITE,False,True,STRICT_WRONG_DROP_CORRECT
EIQ_RACE_48E2F096DE58674D,EIQ_HORSE_D17F812F0F5DB861,2023,0.11471055674115105,EIQ_HORSE_065C3DC17B2EE193,EIQ_HORSE_9445604801975EE8,CHALLENGER_CHANGED_FAVOURITE,False,False,BOTH_WRONG
EIQ_RACE_48E90CFF739F910A,EIQ_HORSE_FF4F02E4D58B64E0,2026,-0.05953796208546569,EIQ_HORSE_79504B51E317255A,EIQ_HORSE_79504B51E317255A,SAME_FAVOURITE,False,False,SAME_FAVOURITE
EIQ_RACE_48F252DB3CC5FF80,EIQ_HORSE_B3565EAC654DA43E,2025,-0.04942009976784556,EIQ_HORSE_74525316A2915CD9,EIQ_HORSE_74525316A2915CD9,SAME_FAVOURITE,False,False,SAME_FAVOURITE
EIQ_RACE_48FF66CEF75EF0E1,EIQ_HORSE_518ED8EC13D0E567,2021,-0.01959951874893595,EIQ_HORSE_518ED8EC13D0E567,EIQ_HORSE_518ED8EC13D0E567,SAME_FAVOURITE,True,True,SAME_FAVOURITE
EIQ_RACE_48FFAF15669B7757,EIQ_HORSE_BBD095E6E26CD270,2021,-0.1632318017088017,EIQ_HORSE_BBD095E6E26CD270,EIQ_HORSE_D297EBF067D7D96D,CHALLENGER_CHANGED_FAVOURITE,True,False,STRICT_CORRECT_DROP_WRONG
EIQ_RACE_4914FB6074CB57D9,EIQ_HORSE_1118E5F38132FB45,2026,0.020689890506236708,EIQ_HORSE_F36AD72B2319F921,EIQ_HORSE_F36AD72B2319F921,SAME_FAVOURITE,False,False,SAME_FAVOURITE
EIQ_RACE_491E5FCE7633D815,EIQ_HORSE_40DC493A9C9E3052,2022,0.00177670724098411,EIQ_HORSE_40DC493A9C9E3052,EIQ_HORSE_40DC493A9C9E3052,SAME_FAVOURITE,True,True,SAME_FAVOURITE
EIQ_RACE_492298EEB1864FDC,EIQ_HORSE_09186D5ECA126E30,2025,0.03003864905084397,EIQ_HORSE_68FC06A8D194D175,EIQ_HORSE_68FC06A8D194D175,SAME_FAVOURITE,False,False,SAME_FAVOURITE
EIQ_RACE_493216A14214FAC1,EIQ_HORSE_6064C556659EC13A,2023,-0.13310201069925354,EIQ_HORSE_CCD7BB6E5BB93418,EIQ_HORSE_CCD7BB6E5BB93418,SAME_FAVOURITE,False,False,SAME_FAVOURITE
EIQ_RACE_493BC212F4C8147B,EIQ_HORSE_95613DC2DFCA2A3F,2025,-0.012656475838420889,EIQ_HORSE_F52DFBBF577E0A8F,EIQ_HORSE_F52DFBBF577E0A8F,SAME_FAVOURITE,False,False,SAME_FAVOURITE
EIQ_RACE_494FFF1E8F38AA9B,EIQ_HORSE_77E2A6408549727D,2023,0.1374225078689899,EIQ_HORSE_D9C79CE392FF665A,EIQ_HORSE_D9C79CE392FF665A,SAME_FAVOURITE,False,False,SAME_FAVOURITE
EIQ_RACE_49632E4857E8F286,EIQ_HORSE_EA6AD254A83D6693,2023,-0.09027819695782835,EIQ_HORSE_B00F581A89314F2D,EIQ_HORSE_B00F581A89314F2D,SAME_FAVOURITE,False,False,SAME_FAVOURITE
EIQ_RACE_497D23CCD43F4F81,EIQ_HORSE_CB39B2CBEF113C3A,2025,0.05572859382301942,EIQ_HORSE_587DA2C95BF70ECE,EIQ_HORSE_587DA2C95BF70ECE,SAME_FAVOURITE,False,False,SAME_FAVOURITE
EIQ_RACE_4983EA7A765FDB6D,EIQ_HORSE_725AF160EBCB0060,2024,-0.14597213459516856,EIQ_HORSE_725AF160EBCB0060,EIQ_HORSE_725AF160EBCB0060,SAME_FAVOURITE,True,True,SAME_FAVOURITE
EIQ_RACE_4984D1890FD39596,EIQ_HORSE_1F856B42D2557B65,2023,-0.027885599271583406,EIQ_HORSE_EECFCDD7041CFF47,EIQ_HORSE_EECFCDD7041CFF47,SAME_FAVOURITE,False,False,SAME_FAVOURITE
EIQ_RACE_4985F55FCE33605E,EIQ_HORSE_4C4FD22B15ADCE94,2023,-0.11287916955115662,EIQ_HORSE_0DAFF21EBE64F83E,EIQ_HORSE_0DAFF21EBE64F83E,SAME_FAVOURITE,False,False,SAME_FAVOURITE
EIQ_RACE_49891C3D537DAF6C,EIQ_HORSE_F4CF416987DD1567,2025,-0.057461362955374184,EIQ_HORSE_EBEB11A848C9290E,EIQ_HORSE_EBEB11A848C9290E,SAME_FAVOURITE,False,False,SAME_FAVOURITE
EIQ_RACE_498D26107C31D45B,EIQ_HORSE_A44B2567EDE34C88,2024,-0.1584274869879878,EIQ_HORSE_13581488290BEAE2,EIQ_HORSE_13581488290BEAE2,SAME_FAVOURITE,False,False,SAME_FAVOURITE
EIQ_RACE_49A29D522401701F,EIQ_HORSE_F36AD72B2319F921,2026,0.029878509730929315,EIQ_HORSE_9FE667378867B4C5,EIQ_HORSE_9FE667378867B4C5,SAME_FAVOURITE,False,False,SAME_FAVOURITE
EIQ_RACE_49A3EAC3612D1D03,EIQ_HORSE_3AE6A931A76A9E03,2022,-0.06408823070785608,EIQ_HORSE_3AE6A931A76A9E03,EIQ_HORSE_3AE6A931A76A9E03,SAME_FAVOURITE,True,True,SAME_FAVOURITE
EIQ_RACE_49A6D220E6896963,EIQ_HORSE_8263190C7A085CB6,2023,-0.042660590104823815,EIQ_HORSE_935AA2130368A8B0,EIQ_HORSE_935AA2130368A8B0,SAME_FAVOURITE,False,False,SAME_FAVOURITE
EIQ_RACE_49AD8E743EB5A8D5,EIQ_HORSE_C588FCC0532366DB,2024,-0.010341601412484636,EIQ_HORSE_CCE374A07EB9FF74,EIQ_HORSE_01F6C94B25847237,CHALLENGER_CHANGED_FAVOURITE,False,False,BOTH_WRONG
EIQ_RACE_49B89DDE957F5EE7,EIQ_HORSE_A7E8C5B8EEB4C1D1,2023,0.02681812305434539,EIQ_HORSE_1EA23F3CE3B84662,EIQ_HORSE_1EA23F3CE3B84662,SAME_FAVOURITE,False,False,SAME_FAVOURITE
EIQ_RACE_49BE3AD01871CFFD,EIQ_HORSE_740C50323A828918,2025,0.07341845021570492,EIQ_HORSE_8739DF400618580D,EIQ_HORSE_8739DF400618580D,SAME_FAVOURITE,False,False,SAME_FAVOURITE
EIQ_RACE_49C05A603F095930,EIQ_HORSE_C3E49027325074C9,2025,-0.09685278218411608,EIQ_HORSE_C3E49027325074C9,EIQ_HORSE_C3E49027325074C9,SAME_FAVOURITE,True,True,SAME_FAVOURITE
EIQ_RACE_49C0E478D396FE7C,EIQ_HORSE_EDE526E54EB0203E,2025,0.018661961746902822,EIQ_HORSE_2268578DA95A7376,EIQ_HORSE_2268578DA95A7376,SAME_FAVOURITE,False,False,SAME_FAVOURITE
EIQ_RACE_49C933E0D151CE9A,EIQ_HORSE_A0FD0FB2D35D833C,2024,0.04065750117363809,EIQ_HORSE_E6654DC23A1B8060,EIQ_HORSE_E6654DC23A1B8060,SAME_FAVOURITE,False,False,SAME_FAVOURITE
EIQ_RACE_49DC727C26E3DD1D,EIQ_HORSE_F0E350BF5B9A065D,2021,0.04996746826380383,EIQ_HORSE_FFD937D70683E8F7,EIQ_HORSE_FFD937D70683E8F7,SAME_FAVOURITE,False,False,SAME_FAVOURITE
EIQ_RACE_49E7EA620EE74930,EIQ_HORSE_3FC5430D10891D6A,2021,-0.09170177403102064,EIQ_HORSE_F0D4C7A946EBA31E,EIQ_HORSE_F0D4C7A946EBA31E,SAME_FAVOURITE,False,False,SAME_FAVOURITE
EIQ_RACE_4A00C02F545185F4,EIQ_HORSE_0E11D5417C7BA53F,2023,-0.06727013141962601,EIQ_HORSE_FB029FB5D4659A5C,EIQ_HORSE_FB029FB5D4659A5C,SAME_FAVOURITE,False,False,SAME_FAVOURITE
EIQ_RACE_4A0F8CF3DABF03F3,EIQ_HORSE_F8CA853E59D716A1,2024,-0.0711903039468691,EIQ_HORSE_F8CA853E59D716A1,EIQ_HORSE_BB069CE49310303A,CHALLENGER_CHANGED_FAVOURITE,True,False,STRICT_CORRECT_DROP_WRONG
EIQ_RACE_4A0FCF84E9829DFE,EIQ_HORSE_E8A281E56D98E0C0,2024,-0.04834662834781911,EIQ_HORSE_39F7F2B0BBE5233A,EIQ_HORSE_39F7F2B0BBE5233A,SAME_FAVOURITE,False,False,SAME_FAVOURITE
EIQ_RACE_4A12BFB2634A20AB,EIQ_HORSE_F693E73280F75EB4,2021,0.0006675764509527227,EIQ_HORSE_F693E73280F75EB4,EIQ_HORSE_F693E73280F75EB4,SAME_FAVOURITE,True,True,SAME_FAVOURITE
EIQ_RACE_4A32FA194D1C05CE,EIQ_HORSE_FCE800E2049F3A9B,2024,-0.01696110941058504,EIQ_HORSE_FCE800E2049F3A9B,EIQ_HORSE_FCE800E2049F3A9B,SAME_FAVOURITE,True,True,SAME_FAVOURITE
EIQ_RACE_4A368BF8968FD869,EIQ_HORSE_44F94EA14F19CA33,2022,0.018451317140288248,EIQ_HORSE_C7DCBFCAC1C45B22,EIQ_HORSE_C7DCBFCAC1C45B22,SAME_FAVOURITE,False,False,SAME_FAVOURITE
EIQ_RACE_4A464C822B72D3F7,EIQ_HORSE_C6CD9D62614439F4,2023,0.03003783827822404,EIQ_HORSE_4FA2805B5D2381AB,EIQ_HORSE_C6CD9D62614439F4,CHALLENGER_CHANGED_FAVOURITE,False,True,STRICT_WRONG_DROP_CORRECT
EIQ_RACE_4A4F6B027636E5E9,EIQ_HORSE_B8352260922AB268,2025,-0.025107746036988843,EIQ_HORSE_B8352260922AB268,EIQ_HORSE_B8352260922AB268,SAME_FAVOURITE,True,True,SAME_FAVOURITE
EIQ_RACE_4A5C636D6103FACB,EIQ_HORSE_939A3B06203866FD,2024,-0.19371383159999667,EIQ_HORSE_CDA14F0416791B90,EIQ_HORSE_CDA14F0416791B90,SAME_FAVOURITE,False,False,SAME_FAVOURITE
EIQ_RACE_4A5ED87E184CB199,EIQ_HORSE_28DC2BD7446BD288,2025,0.03960903651088277,EIQ_HORSE_7175A1ADA1E44F8A,EIQ_HORSE_7175A1ADA1E44F8A,SAME_FAVOURITE,False,False,SAME_FAVOURITE
EIQ_RACE_4A72A1FB8536D218,EIQ_HORSE_26796CF8E84377AA,2023,-0.16286478891763068,EIQ_HORSE_B21B849A53810E30,EIQ_HORSE_B21B849A53810E30,SAME_FAVOURITE,False,False,SAME_FAVOURITE
EIQ_RACE_4A743A643C150F57,EIQ_HORSE_A3AE41021BB4DBFC,2022,0.13148979797930838,EIQ_HORSE_A3AE41021BB4DBFC,EIQ_HORSE_A3AE41021BB4DBFC,SAME_FAVOURITE,True,True,SAME_FAVOURITE
EIQ_RACE_4A7A34DBE18FFF68,EIQ_HORSE_6B4CE26730ED815E,2023,0.010672952026273164,EIQ_HORSE_BB2B06D65612F005,EIQ_HORSE_BB2B06D65612F005,SAME_FAVOURITE,False,False,SAME_FAVOURITE
EIQ_RACE_4A80395BDF863CAF,EIQ_HORSE_EFC19AD80FA72905,2026,0.03963239878506797,EIQ_HORSE_1A19BC42ED562974,EIQ_HORSE_1A19BC42ED562974,SAME_FAVOURITE,False,False,SAME_FAVOURITE
EIQ_RACE_4A91027E9AAE4062,EIQ_HORSE_25E7B49A0BBAB39D,2021,0.08711914997706227,EIQ_HORSE_685BA86E145F41EF,EIQ_HORSE_685BA86E145F41EF,SAME_FAVOURITE,False,False,SAME_FAVOURITE
EIQ_RACE_4A944CE134E507DC,EIQ_HORSE_AE930EA3742E5EE4,2026,-0.13999891592510894,EIQ_HORSE_4D394CF7D5E01088,EIQ_HORSE_4D394CF7D5E01088,SAME_FAVOURITE,False,False,SAME_FAVOURITE
EIQ_RACE_4AA84C2F12D89653,EIQ_HORSE_3B3B76AC129768BD,2024,-0.06919287410722808,EIQ_HORSE_3B3B76AC129768BD,EIQ_HORSE_3B3B76AC129768BD,SAME_FAVOURITE,True,True,SAME_FAVOURITE
EIQ_RACE_4AB9E57D20414880,EIQ_HORSE_5A8FC61D4C8AA43D,2026,0.03303666593333032,EIQ_HORSE_F99F8AC8F0D11E32,EIQ_HORSE_5A8FC61D4C8AA43D,CHALLENGER_CHANGED_FAVOURITE,False,True,STRICT_WRONG_DROP_CORRECT
EIQ_RACE_4ABE856D0AA133BF,EIQ_HORSE_9AA20339291E59C3,2023,-0.06108612148539905,EIQ_HORSE_A040B01D3F1FEFB7,EIQ_HORSE_A040B01D3F1FEFB7,SAME_FAVOURITE,False,False,SAME_FAVOURITE
EIQ_RACE_4AC56F290F8FF4EE,EIQ_HORSE_780B9C437147D024,2025,-0.03590604023845989,EIQ_HORSE_780B9C437147D024,EIQ_HORSE_780B9C437147D024,SAME_FAVOURITE,True,True,SAME_FAVOURITE
EIQ_RACE_4ACDC95924EEFC76,EIQ_HORSE_28A26844617D62CE,2026,0.05544422461120413,EIQ_HORSE_28A26844617D62CE,EIQ_HORSE_28A26844617D62CE,SAME_FAVOURITE,True,True,SAME_FAVOURITE
EIQ_RACE_4ACE37F549EE147C,EIQ_HORSE_CA2A8FAC1355A315,2023,-0.17298717103638306,EIQ_HORSE_AAE0A086E7105E2F,EIQ_HORSE_AAE0A086E7105E2F,SAME_FAVOURITE,False,False,SAME_FAVOURITE
EIQ_RACE_4ADC1198107A6E19,EIQ_HORSE_DB3D85A15B17656E,2024,-0.03704717353046272,EIQ_HORSE_020BEF4423E33C4E,EIQ_HORSE_020BEF4423E33C4E,SAME_FAVOURITE,False,False,SAME_FAVOURITE
EIQ_RACE_4ADCD3B372DD9B22,EIQ_HORSE_56B2F8DF3480BA06,2025,-0.012474688884058782,EIQ_HORSE_56B2F8DF3480BA06,EIQ_HORSE_56B2F8DF3480BA06,SAME_FAVOURITE,True,True,SAME_FAVOURITE
EIQ_RACE_4AF094A9F8A98B6E,EIQ_HORSE_390990F7BA4B538B,2021,-0.04337939585922035,EIQ_HORSE_17E5A09CCC0C493D,EIQ_HORSE_17E5A09CCC0C493D,SAME_FAVOURITE,False,False,SAME_FAVOURITE
EIQ_RACE_4AF1CE4BAF1511D7,EIQ_HORSE_5FFB8D80DFCD8A03,2024,0.0571121204149414,EIQ_HORSE_DFC7291AEA1D62B1,EIQ_HORSE_DFC7291AEA1D62B1,SAME_FAVOURITE,False,False,SAME_FAVOURITE
EIQ_RACE_4AF6CB4B66E9E6C0,EIQ_HORSE_C93A5D30F3DC31DF,2026,-0.09867289625686526,EIQ_HORSE_AA0F6F00CE89F7B8,EIQ_HORSE_AA0F6F00CE89F7B8,SAME_FAVOURITE,False,False,SAME_FAVOURITE
EIQ_RACE_4AFBFC9C3DA3A30B,EIQ_HORSE_6C8F325AE52E2CA1,2023,-0.08124924288428836,EIQ_HORSE_164660776C20AB7C,EIQ_HORSE_164660776C20AB7C,SAME_FAVOURITE,False,False,SAME_FAVOURITE
EIQ_RACE_4AFE5F09527F0195,EIQ_HORSE_E1E9365F932655E0,2023,0.0721654517821817,EIQ_HORSE_48D11968844DE768,EIQ_HORSE_48D11968844DE768,SAME_FAVOURITE,False,False,SAME_FAVOURITE
EIQ_RACE_4AFE9D9C323EFC99,EIQ_HORSE_8FA103BD6AA198C0,2024,-0.11242298151991514,EIQ_HORSE_576ACEC5038BF2DB,EIQ_HORSE_576ACEC5038BF2DB,SAME_FAVOURITE,False,False,SAME_FAVOURITE
EIQ_RACE_4B10235003856AAE,EIQ_HORSE_5F3CEA6AE7646B04,2024,0.018860830967814657,EIQ_HORSE_5F3CEA6AE7646B04,EIQ_HORSE_5F3CEA6AE7646B04,SAME_FAVOURITE,True,True,SAME_FAVOURITE
EIQ_RACE_4B1FFD75A0E0E439,EIQ_HORSE_106FC6C3B94D5688,2024,-0.06031927804853954,EIQ_HORSE_641DF3B94F91644E,EIQ_HORSE_641DF3B94F91644E,SAME_FAVOURITE,False,False,SAME_FAVOURITE
EIQ_RACE_4B2B8E653F3A6C3A,EIQ_HORSE_4934C551C77C7972,2026,0.04900247208851405,EIQ_HORSE_8E984723C3010BA5,EIQ_HORSE_8E984723C3010BA5,SAME_FAVOURITE,False,False,SAME_FAVOURITE
EIQ_RACE_4B318703121ABE86,EIQ_HORSE_469A21B6B0C9E54C,2023,0.12965209875993322,EIQ_HORSE_1EBCD7A361C67616,EIQ_HORSE_1EBCD7A361C67616,SAME_FAVOURITE,False,False,SAME_FAVOURITE
EIQ_RACE_4B4662C03F9F025D,EIQ_HORSE_A5F535987A328763,2024,0.00014566508690605495,EIQ_HORSE_6F275D8F33D881B9,EIQ_HORSE_6F275D8F33D881B9,SAME_FAVOURITE,False,False,SAME_FAVOURITE
EIQ_RACE_4B53A3333186EB05,EIQ_HORSE_A7A6FCBCD71DBAEA,2021,-0.12156186282263759,EIQ_HORSE_60D0AA1879AB79E4,EIQ_HORSE_60D0AA1879AB79E4,SAME_FAVOURITE,False,False,SAME_FAVOURITE
EIQ_RACE_4B6C52C62666CBB4,EIQ_HORSE_05085909F4377923,2026,0.10164024130738003,EIQ_HORSE_9B7E01302C8F67DF,EIQ_HORSE_9B7E01302C8F67DF,SAME_FAVOURITE,False,False,SAME_FAVOURITE
EIQ_RACE_4B794C2BC09A3944,EIQ_HORSE_E6257A736E7BCF2D,2024,0.11502131485232314,EIQ_HORSE_F04E29A35AE157BB,EIQ_HORSE_F04E29A35AE157BB,SAME_FAVOURITE,False,False,SAME_FAVOURITE
EIQ_RACE_4B80FC15BA080AB7,EIQ_HORSE_1287DBA727AF2771,2023,-0.10774361404428001,EIQ_HORSE_4431A45AB23BBC17,EIQ_HORSE_4431A45AB23BBC17,SAME_FAVOURITE,False,False,SAME_FAVOURITE
EIQ_RACE_4B965D5294A222DD,EIQ_HORSE_E4E55A074CB56231,2023,-0.3058262326453669,EIQ_HORSE_B1133C207576F63F,EIQ_HORSE_FC0AAA96A26DE500,CHALLENGER_CHANGED_FAVOURITE,False,False,BOTH_WRONG
EIQ_RACE_4B977CF4AB17C0FF,EIQ_HORSE_60117A3A6AC01B4C,2025,-0.052975630773040905,EIQ_HORSE_6A4743D37176C570,EIQ_HORSE_6A4743D37176C570,SAME_FAVOURITE,False,False,SAME_FAVOURITE
EIQ_RACE_4B984E79124899F7,EIQ_HORSE_F7D1C71F2C2571FC,2025,0.14683188754357146,EIQ_HORSE_42D7EDD450C81289,EIQ_HORSE_42D7EDD450C81289,SAME_FAVOURITE,False,False,SAME_FAVOURITE
EIQ_RACE_4BB436C9268086C7,EIQ_HORSE_4A76D30D02B23162,2024,-0.0608553110761032,EIQ_HORSE_4A76D30D02B23162,EIQ_HORSE_4A76D30D02B23162,SAME_FAVOURITE,True,True,SAME_FAVOURITE
EIQ_RACE_4BCEC764BDB4928E,EIQ_HORSE_15F95DE74A987E66,2022,-0.044922459791600255,EIQ_HORSE_64FF066252CAB705,EIQ_HORSE_64FF066252CAB705,SAME_FAVOURITE,False,False,SAME_FAVOURITE
EIQ_RACE_4BD4739B2DAE75D5,EIQ_HORSE_E1F8DC1389AA304A,2026,-0.09675164728224939,EIQ_HORSE_78788AFC909A4100,EIQ_HORSE_3EE761207B089A9B,CHALLENGER_CHANGED_FAVOURITE,False,False,BOTH_WRONG
EIQ_RACE_4BED046835FD4B9A,EIQ_HORSE_B8671E1B78C64C60,2022,0.16385960142641576,EIQ_HORSE_4FA45D1EE1FD2C88,EIQ_HORSE_C984E40D834B111A,CHALLENGER_CHANGED_FAVOURITE,False,False,BOTH_WRONG
EIQ_RACE_4BF62673111E8B13,EIQ_HORSE_606394A999DC8991,2025,0.19635064491978138,EIQ_HORSE_11459D7300BE15A8,EIQ_HORSE_11459D7300BE15A8,SAME_FAVOURITE,False,False,SAME_FAVOURITE
EIQ_RACE_4BFBA7A02B2E6B93,EIQ_HORSE_0EA8711C9DC7FFC6,2021,0.11588932782422212,EIQ_HORSE_B650755827CB0B9C,EIQ_HORSE_75A8B8D74E1EAE7C,CHALLENGER_CHANGED_FAVOURITE,False,False,BOTH_WRONG
EIQ_RACE_4C023777FE778C2B,EIQ_HORSE_745C79E5222EF34D,2023,-0.032788518644704334,EIQ_HORSE_745C79E5222EF34D,EIQ_HORSE_745C79E5222EF34D,SAME_FAVOURITE,True,True,SAME_FAVOURITE
EIQ_RACE_4C045EEAEC4B2E9E,EIQ_HORSE_D8FD19C8606A9D0C,2026,-0.01202692271104544,EIQ_HORSE_BAD3CA1DF592D7A7,EIQ_HORSE_BAD3CA1DF592D7A7,SAME_FAVOURITE,False,False,SAME_FAVOURITE
EIQ_RACE_4C0A1700759F6AFA,EIQ_HORSE_DC3F5D37E504ED01,2025,-0.11855919501969181,EIQ_HORSE_C169047BC03E3E22,EIQ_HORSE_2A810DF7BFE47961,CHALLENGER_CHANGED_FAVOURITE,False,False,BOTH_WRONG
EIQ_RACE_4C0D019EF1A47156,EIQ_HORSE_55EFE8EB69CD2277,2025,0.06808169131815367,EIQ_HORSE_9EEDAAA8826D30F3,EIQ_HORSE_9EEDAAA8826D30F3,SAME_FAVOURITE,False,False,SAME_FAVOURITE
EIQ_RACE_4C10A40C19F98244,EIQ_HORSE_216D276BF2D5D5BC,2025,0.053363645365678725,EIQ_HORSE_6B6BB7FD16B4FCB2,EIQ_HORSE_6B6BB7FD16B4FCB2,SAME_FAVOURITE,False,False,SAME_FAVOURITE
EIQ_RACE_4C337E62E06670B1,EIQ_HORSE_B55F4DB1D2DCA8A7,2022,0.018840427285724104,EIQ_HORSE_B55F4DB1D2DCA8A7,EIQ_HORSE_B55F4DB1D2DCA8A7,SAME_FAVOURITE,True,True,SAME_FAVOURITE
EIQ_RACE_4C3BEA7E74E9F967,EIQ_HORSE_FDBD2A5C994BFFE6,2021,0.12579736020157295,EIQ_HORSE_BC969948F5101A79,EIQ_HORSE_BC969948F5101A79,SAME_FAVOURITE,False,False,SAME_FAVOURITE
EIQ_RACE_4C483E7C606A808C,EIQ_HORSE_70F0FE0726E1E9EF,2021,0.14987493155022946,EIQ_HORSE_B97EF4396F0A23F5,EIQ_HORSE_B97EF4396F0A23F5,SAME_FAVOURITE,False,False,SAME_FAVOURITE
EIQ_RACE_4C508B2DC9D36643,EIQ_HORSE_078B2A30C90AEB16,2023,0.05385289707145002,EIQ_HORSE_6D55D6AE5AEF11A7,EIQ_HORSE_6D55D6AE5AEF11A7,SAME_FAVOURITE,False,False,SAME_FAVOURITE
EIQ_RACE_4C63F5F8BFC91DC9,EIQ_HORSE_896D651B7A6B0FA5,2023,0.04459245340515916,EIQ_HORSE_417EDA4B1A9ABD7B,EIQ_HORSE_417EDA4B1A9ABD7B,SAME_FAVOURITE,False,False,SAME_FAVOURITE
EIQ_RACE_4C640033593AAE9A,EIQ_HORSE_68808F94EA7B660C,2026,0.008356151935415168,EIQ_HORSE_68808F94EA7B660C,EIQ_HORSE_68808F94EA7B660C,SAME_FAVOURITE,True,True,SAME_FAVOURITE
EIQ_RACE_4C644E88B15E5D08,EIQ_HORSE_18DDA08757CB041D,2024,-0.19638580648982673,EIQ_HORSE_0131D1DDE0AD9D56,EIQ_HORSE_0131D1DDE0AD9D56,SAME_FAVOURITE,False,False,SAME_FAVOURITE
EIQ_RACE_4C6A608741FC685C,EIQ_HORSE_E6DBE4B5218AF63B,2024,-0.038309588213201407,EIQ_HORSE_B8671E1B78C64C60,EIQ_HORSE_B8671E1B78C64C60,SAME_FAVOURITE,False,False,SAME_FAVOURITE
EIQ_RACE_4C6F8816C1F64D9F,EIQ_HORSE_7E93E8402C33A95D,2023,-0.013890564804273309,EIQ_HORSE_7E93E8402C33A95D,EIQ_HORSE_7E93E8402C33A95D,SAME_FAVOURITE,True,True,SAME_FAVOURITE
EIQ_RACE_4C8A2095AD02A13A,EIQ_HORSE_F876442DAB908E21,2021,0.1343476737369962,EIQ_HORSE_F876442DAB908E21,EIQ_HORSE_F876442DAB908E21,SAME_FAVOURITE,True,True,SAME_FAVOURITE
EIQ_RACE_4C92BE51A3E0A9BD,EIQ_HORSE_687A3189B5D9B2D3,2025,0.08839116473312791,EIQ_HORSE_D8F3A35C2BF10519,EIQ_HORSE_687A3189B5D9B2D3,CHALLENGER_CHANGED_FAVOURITE,False,True,STRICT_WRONG_DROP_CORRECT
EIQ_RACE_4CA5C2C7715EDBD6,EIQ_HORSE_3A088984CBD083CB,2021,-0.08091056484346604,EIQ_HORSE_E53A879A388D39E1,EIQ_HORSE_E53A879A388D39E1,SAME_FAVOURITE,False,False,SAME_FAVOURITE
EIQ_RACE_4CBDA2660BE43790,EIQ_HORSE_EE91010A0195ECB1,2021,0.05492451893240324,EIQ_HORSE_EE91010A0195ECB1,EIQ_HORSE_EE91010A0195ECB1,SAME_FAVOURITE,True,True,SAME_FAVOURITE
EIQ_RACE_4CD311A4A8259957,EIQ_HORSE_6C5D7A358E91756F,2023,-0.169742358374265,EIQ_HORSE_6C5D7A358E91756F,EIQ_HORSE_6C5D7A358E91756F,SAME_FAVOURITE,True,True,SAME_FAVOURITE
EIQ_RACE_4CDB8F4D4F4BA91E,EIQ_HORSE_D51C66EA0B056AFE,2021,0.11403691276933903,EIQ_HORSE_D51C66EA0B056AFE,EIQ_HORSE_D51C66EA0B056AFE,SAME_FAVOURITE,True,True,SAME_FAVOURITE
EIQ_RACE_4CDC38179A29BE5D,EIQ_HORSE_F928D3922611FC44,2025,0.027755609329032982,EIQ_HORSE_F7861F152CA0250B,EIQ_HORSE_F7861F152CA0250B,SAME_FAVOURITE,False,False,SAME_FAVOURITE
EIQ_RACE_4CDF5A47DA80C07D,EIQ_HORSE_1066C0F6EB428600,2025,0.04259365685540639,EIQ_HORSE_02E72806A65F2842,EIQ_HORSE_02E72806A65F2842,SAME_FAVOURITE,False,False,SAME_FAVOURITE
EIQ_RACE_4CE507BEB5C6856A,EIQ_HORSE_EEC4F303BD0FE496,2024,-0.026584621437893308,EIQ_HORSE_5C5072F00583A13D,EIQ_HORSE_2F98D7EBF6B76704,CHALLENGER_CHANGED_FAVOURITE,False,False,BOTH_WRONG
EIQ_RACE_4CE7776E23E5170F,EIQ_HORSE_C52C132F7A19B2E1,2021,-0.1135646936541308,EIQ_HORSE_C52C132F7A19B2E1,EIQ_HORSE_C52C132F7A19B2E1,SAME_FAVOURITE,True,True,SAME_FAVOURITE
EIQ_RACE_4CEDFA6A49198DDA,EIQ_HORSE_88B6F60793F79217,2023,-0.04807687070833744,EIQ_HORSE_41A85FBAB9236EE6,EIQ_HORSE_41A85FBAB9236EE6,SAME_FAVOURITE,False,False,SAME_FAVOURITE
EIQ_RACE_4D01581BC94E9610,EIQ_HORSE_2C3BBBA89C5CF0EA,2024,0.019470824151553545,EIQ_HORSE_2C3BBBA89C5CF0EA,EIQ_HORSE_2C3BBBA89C5CF0EA,SAME_FAVOURITE,True,True,SAME_FAVOURITE
EIQ_RACE_4D0A17685B0210A9,EIQ_HORSE_4C12CE6D5ABE4816,2024,0.14089916056190566,EIQ_HORSE_A7812878D7C6DBD7,EIQ_HORSE_A7812878D7C6DBD7,SAME_FAVOURITE,False,False,SAME_FAVOURITE
EIQ_RACE_4D0C28567E85B8FF,EIQ_HORSE_AB8D1A2A47E253F2,2023,0.026977743058723913,EIQ_HORSE_AB8D1A2A47E253F2,EIQ_HORSE_AB8D1A2A47E253F2,SAME_FAVOURITE,True,True,SAME_FAVOURITE
EIQ_RACE_4D15F259593031ED,EIQ_HORSE_365CF4A066650422,2023,0.22663063439878206,EIQ_HORSE_A4322B58C34A397A,EIQ_HORSE_A4322B58C34A397A,SAME_FAVOURITE,False,False,SAME_FAVOURITE
EIQ_RACE_4D226AF5D5631F93,EIQ_HORSE_BE2DD593B717FE65,2024,-0.042610577824819806,EIQ_HORSE_F4FF74608B0F05B7,EIQ_HORSE_F4FF74608B0F05B7,SAME_FAVOURITE,False,False,SAME_FAVOURITE
EIQ_RACE_4D24C7B37090412C,EIQ_HORSE_F12B0814D881AD94,2024,-0.10744697141579751,EIQ_HORSE_D8A581788FA3F4E9,EIQ_HORSE_D8A581788FA3F4E9,SAME_FAVOURITE,False,False,SAME_FAVOURITE
EIQ_RACE_4D3807633D6EBE12,EIQ_HORSE_C6AD5AA13DA0DCDB,2023,-0.059100550896213466,EIQ_HORSE_ACBF241228345C79,EIQ_HORSE_ACBF241228345C79,SAME_FAVOURITE,False,False,SAME_FAVOURITE
EIQ_RACE_4D58333DE38644DF,EIQ_HORSE_E658551D18619657,2025,0.01994389228055704,EIQ_HORSE_2A60E0E6E4069428,EIQ_HORSE_2A60E0E6E4069428,SAME_FAVOURITE,False,False,SAME_FAVOURITE
EIQ_RACE_4D61F876E42A4365,EIQ_HORSE_02EECB3D2760DAF5,2025,-0.014900634337215557,EIQ_HORSE_02EECB3D2760DAF5,EIQ_HORSE_02EECB3D2760DAF5,SAME_FAVOURITE,True,True,SAME_FAVOURITE
EIQ_RACE_4D6D116A2780A09A,EIQ_HORSE_3406D890FAF748CC,2023,0.07669368123037401,EIQ_HORSE_25F73964BA0CA3AB,EIQ_HORSE_25F73964BA0CA3AB,SAME_FAVOURITE,False,False,SAME_FAVOURITE
EIQ_RACE_4D73947B53D20D31,EIQ_HORSE_41C36B4CBB563F5F,2024,-0.12240927390137646,EIQ_HORSE_41C36B4CBB563F5F,EIQ_HORSE_41C36B4CBB563F5F,SAME_FAVOURITE,True,True,SAME_FAVOURITE
EIQ_RACE_4D7EE35B7B070E87,EIQ_HORSE_137582758C313FD0,2021,0.09620856829997693,EIQ_HORSE_137582758C313FD0,EIQ_HORSE_137582758C313FD0,SAME_FAVOURITE,True,True,SAME_FAVOURITE
EIQ_RACE_4D8B086AA808736B,EIQ_HORSE_A4F22D49E269ADF0,2023,0.0009777300697351166,EIQ_HORSE_A4F22D49E269ADF0,EIQ_HORSE_A4F22D49E269ADF0,SAME_FAVOURITE,True,True,SAME_FAVOURITE
EIQ_RACE_4D9909763D98894E,EIQ_HORSE_65341A2BE45A03A0,2022,-0.2348154891663543,EIQ_HORSE_2354269AE31A3E13,EIQ_HORSE_1F2A96DDBA2F825F,CHALLENGER_CHANGED_FAVOURITE,False,False,BOTH_WRONG
EIQ_RACE_4D9DC41F9CCDCF0A,EIQ_HORSE_D8EC65CFB29E34CC,2023,0.07560491245626455,EIQ_HORSE_D8EC65CFB29E34CC,EIQ_HORSE_D8EC65CFB29E34CC,SAME_FAVOURITE,True,True,SAME_FAVOURITE
EIQ_RACE_4D9DEB65F3D66BAA,EIQ_HORSE_4F46EE76F06B82B5,2021,0.06567612360557051,EIQ_HORSE_4F46EE76F06B82B5,EIQ_HORSE_4F46EE76F06B82B5,SAME_FAVOURITE,True,True,SAME_FAVOURITE
EIQ_RACE_4DAABF90CD32E16C,EIQ_HORSE_CD0BCA2E21C9F2E2,2026,0.06695301160033962,EIQ_HORSE_CD0BCA2E21C9F2E2,EIQ_HORSE_CD0BCA2E21C9F2E2,SAME_FAVOURITE,True,True,SAME_FAVOURITE
EIQ_RACE_4DAD5C8ACC75B04D,EIQ_HORSE_152A6FB9E1E5B251,2021,0.024837176706441255,EIQ_HORSE_152A6FB9E1E5B251,EIQ_HORSE_152A6FB9E1E5B251,SAME_FAVOURITE,True,True,SAME_FAVOURITE
EIQ_RACE_4DB6A7F984269881,EIQ_HORSE_9C7F3B288EF6E745,2026,-0.10021049827019635,EIQ_HORSE_655E382ADE149D8A,EIQ_HORSE_655E382ADE149D8A,SAME_FAVOURITE,False,False,SAME_FAVOURITE
EIQ_RACE_4DB8511427C3A2D6,EIQ_HORSE_44885DC63816E1F0,2021,0.015018137490474537,EIQ_HORSE_A994549FA3A28917,EIQ_HORSE_44885DC63816E1F0,CHALLENGER_CHANGED_FAVOURITE,False,True,STRICT_WRONG_DROP_CORRECT
EIQ_RACE_4DC06002880EC248,EIQ_HORSE_EA88DEAAC2B38443,2025,-0.07362457895981755,EIQ_HORSE_39755242E2F80CE1,EIQ_HORSE_39755242E2F80CE1,SAME_FAVOURITE,False,False,SAME_FAVOURITE
EIQ_RACE_4DC24DD54B926135,EIQ_HORSE_373B3EA11A9FE6FF,2025,-0.034958467669582216,EIQ_HORSE_DFE3A43F75DCED86,EIQ_HORSE_DFE3A43F75DCED86,SAME_FAVOURITE,False,False,SAME_FAVOURITE
EIQ_RACE_4DCABCCAAD0A5D87,EIQ_HORSE_6EC81CDB19D7990A,2021,0.05939075256709847,EIQ_HORSE_2867318DFEDD4BBF,EIQ_HORSE_2867318DFEDD4BBF,SAME_FAVOURITE,False,False,SAME_FAVOURITE
EIQ_RACE_4DCBA38D1C0E33CF,EIQ_HORSE_873D152D12D4D558,2025,0.15153925033662352,EIQ_HORSE_4CA3C4AA64BACF35,EIQ_HORSE_4CA3C4AA64BACF35,SAME_FAVOURITE,False,False,SAME_FAVOURITE
EIQ_RACE_4DCF61D07FA626D5,EIQ_HORSE_0E25EA08C3E5D8CE,2021,-0.10103491782229423,EIQ_HORSE_C7A93EBD06DD75D0,EIQ_HORSE_239EED583BCEEA90,CHALLENGER_CHANGED_FAVOURITE,False,False,BOTH_WRONG
EIQ_RACE_4DD5D1736C162EBB,EIQ_HORSE_01E6AA2BF4D0BBF6,2023,0.13916355002345604,EIQ_HORSE_D0907CD6EE31BBC2,EIQ_HORSE_B82D5A5A4C4641CF,CHALLENGER_CHANGED_FAVOURITE,False,False,BOTH_WRONG
EIQ_RACE_4DD5E67C1055A0E7,EIQ_HORSE_86A64CAFBDFA2140,2021,0.09632016663363085,EIQ_HORSE_BCE85472AE82A14B,EIQ_HORSE_BCE85472AE82A14B,SAME_FAVOURITE,False,False,SAME_FAVOURITE
EIQ_RACE_4DD6C8DC4B453AB6,EIQ_HORSE_11CB7CE588676FF0,2024,0.023884299536243603,EIQ_HORSE_E0736DA2DE1C0853,EIQ_HORSE_11CB7CE588676FF0,CHALLENGER_CHANGED_FAVOURITE,False,True,STRICT_WRONG_DROP_CORRECT
EIQ_RACE_4DEF62AE3B9E698E,EIQ_HORSE_F1A5290AE5FD94D4,2023,0.09243575014115302,EIQ_HORSE_C30727B950EB2F03,EIQ_HORSE_C30727B950EB2F03,SAME_FAVOURITE,False,False,SAME_FAVOURITE
EIQ_RACE_4DF5773D1BE82124,EIQ_HORSE_4FB8B53A1C7F3B1A,2021,0.11971515735989935,EIQ_HORSE_4FB8B53A1C7F3B1A,EIQ_HORSE_4FB8B53A1C7F3B1A,SAME_FAVOURITE,True,True,SAME_FAVOURITE
EIQ_RACE_4DF85E6338C76D14,EIQ_HORSE_0BF449F6D691C5F6,2025,-0.029846689020670336,EIQ_HORSE_42D7EDD450C81289,EIQ_HORSE_42D7EDD450C81289,SAME_FAVOURITE,False,False,SAME_FAVOURITE
EIQ_RACE_4DFF5C4A294EB0A4,EIQ_HORSE_DE5F3E8E2DC23BAC,2023,0.02127414655262072,EIQ_HORSE_92295A9DBEE27C01,EIQ_HORSE_92295A9DBEE27C01,SAME_FAVOURITE,False,False,SAME_FAVOURITE
EIQ_RACE_4E0EB84D1CCDED71,EIQ_HORSE_AC5F2FBD5AA0A02B,2021,0.06666238902215404,EIQ_HORSE_29079245A57926DD,EIQ_HORSE_29079245A57926DD,SAME_FAVOURITE,False,False,SAME_FAVOURITE
EIQ_RACE_4E154D440454B909,EIQ_HORSE_92D936798922343B,2024,-0.22658799203966362,EIQ_HORSE_2CD3F90EF13FD457,EIQ_HORSE_2CD3F90EF13FD457,SAME_FAVOURITE,False,False,SAME_FAVOURITE
EIQ_RACE_4E34C9FBF3973EAA,EIQ_HORSE_D05BAE3932FB9F7C,2025,0.09014497950593348,EIQ_HORSE_0FB7D3493B21DC54,EIQ_HORSE_D05BAE3932FB9F7C,CHALLENGER_CHANGED_FAVOURITE,False,True,STRICT_WRONG_DROP_CORRECT
EIQ_RACE_4E381594A64FC21F,EIQ_HORSE_AFD90B5D5FA85A45,2021,-0.11644535932845912,EIQ_HORSE_EC47FDA55F8200CD,EIQ_HORSE_2EA021C3EC66E9A6,CHALLENGER_CHANGED_FAVOURITE,False,False,BOTH_WRONG
EIQ_RACE_4E559B4A916D89F8,EIQ_HORSE_2925D39F1C0B14E7,2022,-0.09452826387890978,EIQ_HORSE_C528FFEB4CC75368,EIQ_HORSE_C528FFEB4CC75368,SAME_FAVOURITE,False,False,SAME_FAVOURITE
EIQ_RACE_4E5B225F569335E7,EIQ_HORSE_5E3CB3745D3944C7,2023,0.04654090068924566,EIQ_HORSE_5E3CB3745D3944C7,EIQ_HORSE_5E3CB3745D3944C7,SAME_FAVOURITE,True,True,SAME_FAVOURITE
EIQ_RACE_4E5F869481D6099A,EIQ_HORSE_BEEACB02F58966F4,2024,0.04761310354904946,EIQ_HORSE_09C7F769C738E60E,EIQ_HORSE_F0BB4F960670715B,CHALLENGER_CHANGED_FAVOURITE,False,False,BOTH_WRONG
EIQ_RACE_4E6FE3F040987177,EIQ_HORSE_C483871377CC9538,2025,0.0009737867820600599,EIQ_HORSE_939B7D22F4957A69,EIQ_HORSE_939B7D22F4957A69,SAME_FAVOURITE,False,False,SAME_FAVOURITE
EIQ_RACE_4E782C1FC373C742,EIQ_HORSE_F5B640DD6F99E664,2023,0.08240010085696436,EIQ_HORSE_B2DA080C238B9939,EIQ_HORSE_B2DA080C238B9939,SAME_FAVOURITE,False,False,SAME_FAVOURITE
EIQ_RACE_4E7C4137CCDD1835,EIQ_HORSE_0926F2DF710DD388,2024,-0.1568884396366883,EIQ_HORSE_B1133C207576F63F,EIQ_HORSE_B1133C207576F63F,SAME_FAVOURITE,False,False,SAME_FAVOURITE
EIQ_RACE_4E7FEF2A591734CD,EIQ_HORSE_91D928412B08B2C4,2022,-0.022842457456040854,EIQ_HORSE_B988F727FB5C6897,EIQ_HORSE_B988F727FB5C6897,SAME_FAVOURITE,False,False,SAME_FAVOURITE
EIQ_RACE_4E86D28F5E81981C,EIQ_HORSE_17A34F428AB4B174,2025,0.049621159007327,EIQ_HORSE_C933C91288CD19D5,EIQ_HORSE_C933C91288CD19D5,SAME_FAVOURITE,False,False,SAME_FAVOURITE
EIQ_RACE_4E8966060BBACA8F,EIQ_HORSE_94347297B3107C92,2021,0.12582335613833573,EIQ_HORSE_0E6EA197D0AD6A63,EIQ_HORSE_0E6EA197D0AD6A63,SAME_FAVOURITE,False,False,SAME_FAVOURITE
EIQ_RACE_4E96316E3452B102,EIQ_HORSE_00DD98830E4E1308,2023,0.23327581780904483,EIQ_HORSE_807A8D2F3149F87C,EIQ_HORSE_807A8D2F3149F87C,SAME_FAVOURITE,False,False,SAME_FAVOURITE
EIQ_RACE_4E9E879C4F13DA8B,EIQ_HORSE_657387BBE1BC908D,2025,-0.046234858885304764,EIQ_HORSE_657387BBE1BC908D,EIQ_HORSE_99B5D083D0ED2ABE,CHALLENGER_CHANGED_FAVOURITE,True,False,STRICT_CORRECT_DROP_WRONG
EIQ_RACE_4E9EA27FF0439C0D,EIQ_HORSE_EC67E7BD70C3F63C,2021,-0.02028500413476486,EIQ_HORSE_A2C7C9F8617C5512,EIQ_HORSE_A2C7C9F8617C5512,SAME_FAVOURITE,False,False,SAME_FAVOURITE
EIQ_RACE_4EA5C8A49151316F,EIQ_HORSE_6EF71C096DA67D8D,2023,-0.1297961245410435,EIQ_HORSE_9BCD653391BE0928,EIQ_HORSE_9BCD653391BE0928,SAME_FAVOURITE,False,False,SAME_FAVOURITE
EIQ_RACE_4EB5FCC5AF6C32E9,EIQ_HORSE_FCA3FC7D12E02A7A,2023,-0.12266976973078925,EIQ_HORSE_6960FB86B36B5DD5,EIQ_HORSE_2ACC98F76C9EF147,CHALLENGER_CHANGED_FAVOURITE,False,False,BOTH_WRONG
EIQ_RACE_4EC28995E483013B,EIQ_HORSE_0F4BCC3E427B3913,2025,0.004030336075527163,EIQ_HORSE_42099A73A3A19D96,EIQ_HORSE_2E2D3B94AC0D878A,CHALLENGER_CHANGED_FAVOURITE,False,False,BOTH_WRONG
EIQ_RACE_4EC7174A184C4A1A,EIQ_HORSE_45DDA62B69359CEF,2024,-0.015861116546616483,EIQ_HORSE_55F36C749847ECA3,EIQ_HORSE_92D9A367669356CB,CHALLENGER_CHANGED_FAVOURITE,False,False,BOTH_WRONG
EIQ_RACE_4ED52B7549FE17DF,EIQ_HORSE_F1298621F3EC14CC,2025,-0.03242520637408575,EIQ_HORSE_0B83B04A5CCF1041,EIQ_HORSE_0B83B04A5CCF1041,SAME_FAVOURITE,False,False,SAME_FAVOURITE
EIQ_RACE_4EDF1221877A7320,EIQ_HORSE_058F52F99FD98C99,2022,0.20359115185059196,EIQ_HORSE_2FA0EC3D16AA8DE8,EIQ_HORSE_2FA0EC3D16AA8DE8,SAME_FAVOURITE,False,False,SAME_FAVOURITE
EIQ_RACE_4F14325F3770A71E,EIQ_HORSE_F893455953D95CFA,2021,0.1543610405031779,EIQ_HORSE_E3D59AD2441F485B,EIQ_HORSE_E3D59AD2441F485B,SAME_FAVOURITE,False,False,SAME_FAVOURITE
EIQ_RACE_4F2066D788B5F3C2,EIQ_HORSE_4120062B4E1DAFE0,2021,0.10823843897489249,EIQ_HORSE_8864EBAC4587705F,EIQ_HORSE_8864EBAC4587705F,SAME_FAVOURITE,False,False,SAME_FAVOURITE
EIQ_RACE_4F2D9EC381B2CD24,EIQ_HORSE_E30A623231216F65,2021,-0.08721986410363591,EIQ_HORSE_E30A623231216F65,EIQ_HORSE_77EFC97A909AD303,CHALLENGER_CHANGED_FAVOURITE,True,False,STRICT_CORRECT_DROP_WRONG
EIQ_RACE_4F387860F85F61BA,EIQ_HORSE_9A8D68F0ACF103C7,2026,0.11511254466681375,EIQ_HORSE_1227D210EE62FC62,EIQ_HORSE_1227D210EE62FC62,SAME_FAVOURITE,False,False,SAME_FAVOURITE
EIQ_RACE_4F540F22BFD10170,EIQ_HORSE_A92067BEF4F480F0,2025,0.11272832861913251,EIQ_HORSE_09D89B7A368D70A7,EIQ_HORSE_09D89B7A368D70A7,SAME_FAVOURITE,False,False,SAME_FAVOURITE
EIQ_RACE_4F6AD6B2F0C44064,EIQ_HORSE_211EC96F97713845,2024,-0.048208549259243005,EIQ_HORSE_E03268A2B8F5286E,EIQ_HORSE_E03268A2B8F5286E,SAME_FAVOURITE,False,False,SAME_FAVOURITE
EIQ_RACE_4F6FF4559C87F3B6,EIQ_HORSE_61CC4625584A3306,2024,-0.004453493011837839,EIQ_HORSE_CF22CC3707203FDE,EIQ_HORSE_CF22CC3707203FDE,SAME_FAVOURITE,False,False,SAME_FAVOURITE
EIQ_RACE_4F71E34267E1E949,EIQ_HORSE_0CA0BB2520495876,2024,-0.1075339055234501,EIQ_HORSE_507E657534AA9F05,EIQ_HORSE_507E657534AA9F05,SAME_FAVOURITE,False,False,SAME_FAVOURITE
EIQ_RACE_4F832D8B3697D7B1,EIQ_HORSE_5D98A79E81A2594E,2022,-0.02680420846365794,EIQ_HORSE_5D98A79E81A2594E,EIQ_HORSE_5D98A79E81A2594E,SAME_FAVOURITE,True,True,SAME_FAVOURITE
EIQ_RACE_4F8AE40DF12EC248,EIQ_HORSE_86B5190F2A96E3BF,2024,0.1304834883270165,EIQ_HORSE_E735EB0F83265172,EIQ_HORSE_E735EB0F83265172,SAME_FAVOURITE,False,False,SAME_FAVOURITE
EIQ_RACE_4F9657B359379BC4,EIQ_HORSE_9EDA7F684E2B527E,2025,0.007662109206918011,EIQ_HORSE_9EDA7F684E2B527E,EIQ_HORSE_9EDA7F684E2B527E,SAME_FAVOURITE,True,True,SAME_FAVOURITE
EIQ_RACE_4F96B1174EBA2A25,EIQ_HORSE_DE3EEBF329A5A7AB,2024,-0.056973307188548095,EIQ_HORSE_FCE1F4791D9381BE,EIQ_HORSE_FCE1F4791D9381BE,SAME_FAVOURITE,False,False,SAME_FAVOURITE
EIQ_RACE_4F9B625F7D8E9E1D,EIQ_HORSE_0D2B86A34E2FB6AE,2024,-0.05481493925553371,EIQ_HORSE_8F6CF812965FDE55,EIQ_HORSE_8F6CF812965FDE55,SAME_FAVOURITE,False,False,SAME_FAVOURITE
EIQ_RACE_4FA00643F9EB669B,EIQ_HORSE_49D8204BC6C45804,2026,0.009641695102377668,EIQ_HORSE_134543F2FC7B2309,EIQ_HORSE_134543F2FC7B2309,SAME_FAVOURITE,False,False,SAME_FAVOURITE
EIQ_RACE_4FC48A0623D0AAF8,EIQ_HORSE_892F5EFF63EEEBCF,2021,0.1339844740278222,EIQ_HORSE_892F5EFF63EEEBCF,EIQ_HORSE_892F5EFF63EEEBCF,SAME_FAVOURITE,True,True,SAME_FAVOURITE
EIQ_RACE_4FDD30E3C0CDA739,EIQ_HORSE_CCD816CBC98F1F44,2024,0.21756700169171728,EIQ_HORSE_281A343E5E46CBB5,EIQ_HORSE_281A343E5E46CBB5,SAME_FAVOURITE,False,False,SAME_FAVOURITE
EIQ_RACE_4FE694DD280E4444,EIQ_HORSE_42099A73A3A19D96,2025,-0.0038714981237901736,EIQ_HORSE_42099A73A3A19D96,EIQ_HORSE_42099A73A3A19D96,SAME_FAVOURITE,True,True,SAME_FAVOURITE
EIQ_RACE_4FF0B2177C8886C5,EIQ_HORSE_7C6FF6D728DF4F0B,2021,0.22233408559674372,EIQ_HORSE_7C6FF6D728DF4F0B,EIQ_HORSE_7C6FF6D728DF4F0B,SAME_FAVOURITE,True,True,SAME_FAVOURITE
EIQ_RACE_4FF229885D8C07D2,EIQ_HORSE_3913F4D45F4BF75D,2022,0.0598161596352168,EIQ_HORSE_3913F4D45F4BF75D,EIQ_HORSE_3913F4D45F4BF75D,SAME_FAVOURITE,True,True,SAME_FAVOURITE
EIQ_RACE_4FF2BCCB1C7837B6,EIQ_HORSE_CF22CC3707203FDE,2025,0.11415132980834786,EIQ_HORSE_E931548CD531D10A,EIQ_HORSE_E931548CD531D10A,SAME_FAVOURITE,False,False,SAME_FAVOURITE
EIQ_RACE_500D9B7B39186949,EIQ_HORSE_3ED4B15615CAD760,2026,-0.022919876469029044,EIQ_HORSE_3ED4B15615CAD760,EIQ_HORSE_CADD50292BD07771,CHALLENGER_CHANGED_FAVOURITE,True,False,STRICT_CORRECT_DROP_WRONG
EIQ_RACE_50133C8B1C48DBC0,EIQ_HORSE_EAF7CB8F9DEFB712,2026,-0.14796026772139337,EIQ_HORSE_EAF7CB8F9DEFB712,EIQ_HORSE_E2711A4B9E5C514E,CHALLENGER_CHANGED_FAVOURITE,True,False,STRICT_CORRECT_DROP_WRONG
EIQ_RACE_5015D649217DFD39,EIQ_HORSE_4FAFA039B69F6135,2023,-0.10909973577176935,EIQ_HORSE_65E16BD7EC64A448,EIQ_HORSE_65E16BD7EC64A448,SAME_FAVOURITE,False,False,SAME_FAVOURITE
EIQ_RACE_501BD55326CAD900,EIQ_HORSE_B85BD751F8B5EFE0,2024,-0.01528833949546593,EIQ_HORSE_BC20BD0C20CCCA27,EIQ_HORSE_BC20BD0C20CCCA27,SAME_FAVOURITE,False,False,SAME_FAVOURITE
EIQ_RACE_501EE3FC6A79BD7B,EIQ_HORSE_A0F33E1989367978,2024,0.17921583873982638,EIQ_HORSE_D7A105257AA070B8,EIQ_HORSE_2CD3F90EF13FD457,CHALLENGER_CHANGED_FAVOURITE,False,False,BOTH_WRONG
EIQ_RACE_5023DC64EB84D0F9,EIQ_HORSE_1356ECA3292BF05D,2024,-0.021942313243721312,EIQ_HORSE_B4AE33A8D0ACB22B,EIQ_HORSE_B4AE33A8D0ACB22B,SAME_FAVOURITE,False,False,SAME_FAVOURITE
EIQ_RACE_5025994386C61665,EIQ_HORSE_B56CA71D555160D3,2024,0.06549928917754233,EIQ_HORSE_940F68FD9873ADBA,EIQ_HORSE_3E98CE254973F56C,CHALLENGER_CHANGED_FAVOURITE,False,False,BOTH_WRONG
EIQ_RACE_5029327EC375144A,EIQ_HORSE_A27E0A2AE24B1776,2025,0.12600003477110278,EIQ_HORSE_043660B588D12B7F,EIQ_HORSE_043660B588D12B7F,SAME_FAVOURITE,False,False,SAME_FAVOURITE
EIQ_RACE_5034E9CF8398E7D9,EIQ_HORSE_BC90D024A02F7FB1,2023,0.08554606461966197,EIQ_HORSE_FC9447C67870FAEC,EIQ_HORSE_B7283268767274EE,CHALLENGER_CHANGED_FAVOURITE,False,False,BOTH_WRONG
EIQ_RACE_50374B2E837AE561,EIQ_HORSE_EB33D7040A38E15A,2024,-0.0033802657892629817,EIQ_HORSE_D89A4725B752B2A9,EIQ_HORSE_D89A4725B752B2A9,SAME_FAVOURITE,False,False,SAME_FAVOURITE
EIQ_RACE_503EA5F3BEDE594D,EIQ_HORSE_6B4CE26730ED815E,2024,-0.012629086154074098,EIQ_HORSE_873376C449276580,EIQ_HORSE_873376C449276580,SAME_FAVOURITE,False,False,SAME_FAVOURITE
EIQ_RACE_503F082A595491A8,EIQ_HORSE_AE018C89AE2196C3,2023,0.011491924930981723,EIQ_HORSE_AE018C89AE2196C3,EIQ_HORSE_AE018C89AE2196C3,SAME_FAVOURITE,True,True,SAME_FAVOURITE
EIQ_RACE_5041862B2302994D,EIQ_HORSE_FCAABFA9BA2A3E65,2024,0.09666473083853866,EIQ_HORSE_0234C52C5B3D2E4E,EIQ_HORSE_0234C52C5B3D2E4E,SAME_FAVOURITE,False,False,SAME_FAVOURITE
EIQ_RACE_504687D6C63EEE32,EIQ_HORSE_203A4132F3B94AE9,2023,-0.018249764829431303,EIQ_HORSE_1BA2FA693AC0361A,EIQ_HORSE_1BA2FA693AC0361A,SAME_FAVOURITE,False,False,SAME_FAVOURITE
EIQ_RACE_504856F087E4C646,EIQ_HORSE_5D6D4FF494800B06,2025,0.0032877798324857377,EIQ_HORSE_7493D9D88702BDFE,EIQ_HORSE_7493D9D88702BDFE,SAME_FAVOURITE,False,False,SAME_FAVOURITE
EIQ_RACE_5057BB42B3B30751,EIQ_HORSE_CEB9C8D23E9824CA,2021,0.1922505265031078,EIQ_HORSE_CE31FE196D78D42F,EIQ_HORSE_CE31FE196D78D42F,SAME_FAVOURITE,False,False,SAME_FAVOURITE
EIQ_RACE_505CD6AE7AF4B3C3,EIQ_HORSE_297FA8B387B10249,2023,-0.05798050855453818,EIQ_HORSE_42E058C68B096724,EIQ_HORSE_42E058C68B096724,SAME_FAVOURITE,False,False,SAME_FAVOURITE
EIQ_RACE_506051BA2F7EF9C0,EIQ_HORSE_0A393DBA8543AB43,2021,0.06773166756145144,EIQ_HORSE_A4753EF66E25C843,EIQ_HORSE_158EA91793FE21A0,CHALLENGER_CHANGED_FAVOURITE,False,False,BOTH_WRONG
EIQ_RACE_5065DF1EAD124E2B,EIQ_HORSE_B97DF40980BFE769,2025,-0.0636598971608402,EIQ_HORSE_56758358DFB2AEAE,EIQ_HORSE_B79EAF443457496E,CHALLENGER_CHANGED_FAVOURITE,False,False,BOTH_WRONG
EIQ_RACE_506B7D56D87687C4,EIQ_HORSE_86FACC99C422469F,2021,-0.07708323147819285,EIQ_HORSE_C0F1BFD466E4444A,EIQ_HORSE_C0F1BFD466E4444A,SAME_FAVOURITE,False,False,SAME_FAVOURITE
EIQ_RACE_50977224317633D5,EIQ_HORSE_5F4B8957B5AB9032,2021,0.05528021874316025,EIQ_HORSE_D34ED345245FEE02,EIQ_HORSE_D34ED345245FEE02,SAME_FAVOURITE,False,False,SAME_FAVOURITE
EIQ_RACE_50A4C263F3387A4C,EIQ_HORSE_46C7074F293ACAFB,2024,0.024635580866462004,EIQ_HORSE_F6E0A56F7F6D4E78,EIQ_HORSE_F6E0A56F7F6D4E78,SAME_FAVOURITE,False,False,SAME_FAVOURITE
EIQ_RACE_50B2066F957A1FDF,EIQ_HORSE_D8CACA3DFEC5F457,2024,-0.08520290196685165,EIQ_HORSE_43E6E28B29595660,EIQ_HORSE_43E6E28B29595660,SAME_FAVOURITE,False,False,SAME_FAVOURITE
EIQ_RACE_50CC732FD75C811E,EIQ_HORSE_CE161D41AF122B50,2026,-0.022813321666783848,EIQ_HORSE_D8DA74BFA8100F58,EIQ_HORSE_D8DA74BFA8100F58,SAME_FAVOURITE,False,False,SAME_FAVOURITE
EIQ_RACE_50E447677AD18EA8,EIQ_HORSE_012882A813A57323,2024,0.024289965670221125,EIQ_HORSE_012882A813A57323,EIQ_HORSE_012882A813A57323,SAME_FAVOURITE,True,True,SAME_FAVOURITE
EIQ_RACE_50F06451A4273F61,EIQ_HORSE_19C606D6A9F97A06,2022,-0.06942326177992442,EIQ_HORSE_19C606D6A9F97A06,EIQ_HORSE_19C606D6A9F97A06,SAME_FAVOURITE,True,True,SAME_FAVOURITE
EIQ_RACE_50F1472AE339D1AD,EIQ_HORSE_D0175CC1E3832162,2025,-0.0963810432279042,EIQ_HORSE_31C9778628443DBD,EIQ_HORSE_31C9778628443DBD,SAME_FAVOURITE,False,False,SAME_FAVOURITE
EIQ_RACE_50F839267391BC21,EIQ_HORSE_C705EB5A5B8487EB,2021,0.0771313663519606,EIQ_HORSE_C705EB5A5B8487EB,EIQ_HORSE_C705EB5A5B8487EB,SAME_FAVOURITE,True,True,SAME_FAVOURITE
EIQ_RACE_5110F750531AA6B0,EIQ_HORSE_DD649CDD2B445F2D,2025,0.08071765594738545,EIQ_HORSE_3971E1B731E1DBE9,EIQ_HORSE_3971E1B731E1DBE9,SAME_FAVOURITE,False,False,SAME_FAVOURITE
EIQ_RACE_5125090BBA6A542E,EIQ_HORSE_FF29C3915B52F20D,2024,0.048729748804400064,EIQ_HORSE_53F0DCB118A77CAE,EIQ_HORSE_53F0DCB118A77CAE,SAME_FAVOURITE,False,False,SAME_FAVOURITE
EIQ_RACE_512534EFEF592055,EIQ_HORSE_9B133AA6FB88F247,2021,-0.054457320427056644,EIQ_HORSE_0480144CC6D5DB75,EIQ_HORSE_0480144CC6D5DB75,SAME_FAVOURITE,False,False,SAME_FAVOURITE
EIQ_RACE_514B384950E88B57,EIQ_HORSE_769969F81ED6FF0C,2026,-0.10878958449500475,EIQ_HORSE_769969F81ED6FF0C,EIQ_HORSE_769969F81ED6FF0C,SAME_FAVOURITE,True,True,SAME_FAVOURITE
EIQ_RACE_5151D84A06E968E0,EIQ_HORSE_155C8E862A4F4FAB,2024,-0.1515264930891571,EIQ_HORSE_5FDD187F0BB5C7B4,EIQ_HORSE_5FDD187F0BB5C7B4,SAME_FAVOURITE,False,False,SAME_FAVOURITE
EIQ_RACE_5159542B78393D00,EIQ_HORSE_7B28FFBC6ADB4F3C,2021,0.11688908578769563,EIQ_HORSE_7B28FFBC6ADB4F3C,EIQ_HORSE_7B28FFBC6ADB4F3C,SAME_FAVOURITE,True,True,SAME_FAVOURITE
EIQ_RACE_5168F62007A840B8,EIQ_HORSE_BC832057E121580E,2021,0.029083001973579936,EIQ_HORSE_B9C341B42CAB134E,EIQ_HORSE_B9C341B42CAB134E,SAME_FAVOURITE,False,False,SAME_FAVOURITE
EIQ_RACE_516ECB67A8B7FCBA,EIQ_HORSE_59ACB21AB66807B7,2021,0.0249047160106326,EIQ_HORSE_35B0012CAAA09BEE,EIQ_HORSE_35B0012CAAA09BEE,SAME_FAVOURITE,False,False,SAME_FAVOURITE
EIQ_RACE_517F03CD53C691FC,EIQ_HORSE_D26C0A0D0C4D4626,2024,0.007934322692552342,EIQ_HORSE_F0BB4F960670715B,EIQ_HORSE_F0BB4F960670715B,SAME_FAVOURITE,False,False,SAME_FAVOURITE
EIQ_RACE_51932397884EDDAE,EIQ_HORSE_9DE646CBCDE39BDE,2024,-0.15914677713157666,EIQ_HORSE_29025C19CFB941AA,EIQ_HORSE_29025C19CFB941AA,SAME_FAVOURITE,False,False,SAME_FAVOURITE
EIQ_RACE_519DADDADF8DD6CE,EIQ_HORSE_7867C13582F5F94F,2023,-0.11521937806052795,EIQ_HORSE_CC00D2C3BB4AC619,EIQ_HORSE_CC00D2C3BB4AC619,SAME_FAVOURITE,False,False,SAME_FAVOURITE
EIQ_RACE_51A63E8B40098948,EIQ_HORSE_77EE4F707CF0046A,2024,0.12621250229851566,EIQ_HORSE_BCB71009544DA469,EIQ_HORSE_BCB71009544DA469,SAME_FAVOURITE,False,False,SAME_FAVOURITE
EIQ_RACE_51ACF49B466DE2A2,EIQ_HORSE_862EEC30B299B69B,2024,-0.035582314325893316,EIQ_HORSE_D446A61A101FB38E,EIQ_HORSE_D446A61A101FB38E,SAME_FAVOURITE,False,False,SAME_FAVOURITE
EIQ_RACE_51B20C3916EF0F7F,EIQ_HORSE_71C235B1364D4619,2025,-0.10750076061186276,EIQ_HORSE_F87952C1C294E5B2,EIQ_HORSE_F87952C1C294E5B2,SAME_FAVOURITE,False,False,SAME_FAVOURITE
EIQ_RACE_51CE5F5D5A779AB3,EIQ_HORSE_0CFC53DACFDE33B6,2021,0.1695843777401982,EIQ_HORSE_E8E4799C1C50A895,EIQ_HORSE_E8E4799C1C50A895,SAME_FAVOURITE,False,False,SAME_FAVOURITE
EIQ_RACE_51D99D8F4EF58BA5,EIQ_HORSE_484BD49A088498A2,2025,0.15759713846173673,EIQ_HORSE_1A19586EB2210B22,EIQ_HORSE_1A19586EB2210B22,SAME_FAVOURITE,False,False,SAME_FAVOURITE
EIQ_RACE_51E8D17552DD7391,EIQ_HORSE_BB083E043A3031B8,2021,-0.0332840509227561,EIQ_HORSE_600FADDDBF18C6FF,EIQ_HORSE_600FADDDBF18C6FF,SAME_FAVOURITE,False,False,SAME_FAVOURITE
EIQ_RACE_51F2C415EC4410BC,EIQ_HORSE_361EC7470198F1AB,2023,0.06992512987419097,EIQ_HORSE_5E91E1CF0EDB4AF7,EIQ_HORSE_5E91E1CF0EDB4AF7,SAME_FAVOURITE,False,False,SAME_FAVOURITE
EIQ_RACE_51F8C40E7F9DE299,EIQ_HORSE_8D9D11B4CA1738BD,2023,-0.01570066370886747,EIQ_HORSE_8D9D11B4CA1738BD,EIQ_HORSE_8D9D11B4CA1738BD,SAME_FAVOURITE,True,True,SAME_FAVOURITE
EIQ_RACE_52093D03841D25F1,EIQ_HORSE_8AB93A0697A1ACFB,2023,-0.010458710266221694,EIQ_HORSE_8AB93A0697A1ACFB,EIQ_HORSE_8AB93A0697A1ACFB,SAME_FAVOURITE,True,True,SAME_FAVOURITE
EIQ_RACE_520BF48499A51869,EIQ_HORSE_C2736E3B50657148,2024,-0.04220711682534195,EIQ_HORSE_C2736E3B50657148,EIQ_HORSE_C2736E3B50657148,SAME_FAVOURITE,True,True,SAME_FAVOURITE
EIQ_RACE_520E962203A4CD9A,EIQ_HORSE_1BA4671487824A2F,2023,-0.05131552136717987,EIQ_HORSE_1BA4671487824A2F,EIQ_HORSE_1BA4671487824A2F,SAME_FAVOURITE,True,True,SAME_FAVOURITE
EIQ_RACE_521606C2CC535D47,EIQ_HORSE_C7CC793CDF098675,2025,0.07960259555891414,EIQ_HORSE_1E58FC5F26119880,EIQ_HORSE_1E58FC5F26119880,SAME_FAVOURITE,False,False,SAME_FAVOURITE
EIQ_RACE_522189935D8BD578,EIQ_HORSE_A70C2CB2461CC8E5,2023,-0.12820174669364537,EIQ_HORSE_9E4C7AED2A417708,EIQ_HORSE_9E4C7AED2A417708,SAME_FAVOURITE,False,False,SAME_FAVOURITE
EIQ_RACE_5239795920A40B06,EIQ_HORSE_CDC8E91594AD0A9D,2021,-0.0067845010519240745,EIQ_HORSE_CDC8E91594AD0A9D,EIQ_HORSE_D3ACC62B6B450174,CHALLENGER_CHANGED_FAVOURITE,True,False,STRICT_CORRECT_DROP_WRONG
EIQ_RACE_5241D067CB1EF06D,EIQ_HORSE_54E8D8229BF24FA8,2023,0.18537366065955574,EIQ_HORSE_186540BE8382075E,EIQ_HORSE_186540BE8382075E,SAME_FAVOURITE,False,False,SAME_FAVOURITE
EIQ_RACE_5256CC03BC7DC329,EIQ_HORSE_16063E649879FADF,2022,0.037589971166538616,EIQ_HORSE_74E5D5413DCEF003,EIQ_HORSE_74E5D5413DCEF003,SAME_FAVOURITE,False,False,SAME_FAVOURITE
EIQ_RACE_525FAB84DD420F69,EIQ_HORSE_497B2AEE62825D3F,2023,0.012010986598486095,EIQ_HORSE_497B2AEE62825D3F,EIQ_HORSE_06D391888EB4F9B3,CHALLENGER_CHANGED_FAVOURITE,True,False,STRICT_CORRECT_DROP_WRONG
EIQ_RACE_5273E88C3AEF2D52,EIQ_HORSE_DD6E32A2927CE777,2024,-0.007271552144546778,EIQ_HORSE_7444599D9F16C82E,EIQ_HORSE_7444599D9F16C82E,SAME_FAVOURITE,False,False,SAME_FAVOURITE
EIQ_RACE_5277E663F15EB44A,EIQ_HORSE_36A61C11AD7F8184,2021,0.04512828539856395,EIQ_HORSE_36A61C11AD7F8184,EIQ_HORSE_36A61C11AD7F8184,SAME_FAVOURITE,True,True,SAME_FAVOURITE
EIQ_RACE_5278447AF2C87401,EIQ_HORSE_FDD6DD8C6DDED521,2025,0.09149694445393708,EIQ_HORSE_7AFCF4E7D35C4341,EIQ_HORSE_7AFCF4E7D35C4341,SAME_FAVOURITE,False,False,SAME_FAVOURITE
EIQ_RACE_527B0BE0E05F2A17,EIQ_HORSE_CCC222A599D970D7,2025,0.026560372303529922,EIQ_HORSE_CCC222A599D970D7,EIQ_HORSE_CCC222A599D970D7,SAME_FAVOURITE,True,True,SAME_FAVOURITE
EIQ_RACE_527B547641B8FB63,EIQ_HORSE_AB8D1A2A47E253F2,2023,-0.1268504329814688,EIQ_HORSE_AB8D1A2A47E253F2,EIQ_HORSE_AB8D1A2A47E253F2,SAME_FAVOURITE,True,True,SAME_FAVOURITE
EIQ_RACE_528AD0B241CE0F41,EIQ_HORSE_75E7B5A2BE648087,2023,0.1575288093153948,EIQ_HORSE_BF94BBB54043F137,EIQ_HORSE_75E7B5A2BE648087,CHALLENGER_CHANGED_FAVOURITE,False,True,STRICT_WRONG_DROP_CORRECT
EIQ_RACE_529669EB7222C276,EIQ_HORSE_F77D9C7692EE2650,2023,-0.17689005439970407,EIQ_HORSE_64DB169E58614711,EIQ_HORSE_64DB169E58614711,SAME_FAVOURITE,False,False,SAME_FAVOURITE
EIQ_RACE_52A3E1BA6A08B5A0,EIQ_HORSE_907AF89747D4D461,2023,-0.001554738979221204,EIQ_HORSE_8078DEAAF69A4561,EIQ_HORSE_8078DEAAF69A4561,SAME_FAVOURITE,False,False,SAME_FAVOURITE
EIQ_RACE_52A83A2AB6556AC6,EIQ_HORSE_E8A281E56D98E0C0,2025,-0.07675786196966206,EIQ_HORSE_CCDBAF1FD8830100,EIQ_HORSE_CCDBAF1FD8830100,SAME_FAVOURITE,False,False,SAME_FAVOURITE
EIQ_RACE_52C613F48908FFFD,EIQ_HORSE_8E89D73DDE0897E2,2024,-0.08412084387749807,EIQ_HORSE_08243D3BD901D32D,EIQ_HORSE_9A6AB41E9EACCDC1,CHALLENGER_CHANGED_FAVOURITE,False,False,BOTH_WRONG
EIQ_RACE_52C8C5BD95F037E7,EIQ_HORSE_876BB8C265A1E0F7,2023,-0.09844333413204343,EIQ_HORSE_C6CD9D62614439F4,EIQ_HORSE_C6CD9D62614439F4,SAME_FAVOURITE,False,False,SAME_FAVOURITE
EIQ_RACE_52DE21630CF7B2DF,EIQ_HORSE_06461713876025B4,2023,-0.07174141699439307,EIQ_HORSE_06461713876025B4,EIQ_HORSE_06461713876025B4,SAME_FAVOURITE,True,True,SAME_FAVOURITE
EIQ_RACE_52DF1E724BE41702,EIQ_HORSE_9B34C1194689E9DD,2024,0.10484932411038361,EIQ_HORSE_DB2E9DA9974EE34E,EIQ_HORSE_DB2E9DA9974EE34E,SAME_FAVOURITE,False,False,SAME_FAVOURITE
EIQ_RACE_52E03C86C43CA443,EIQ_HORSE_5CE8C0F705A23D4A,2025,0.02808763790336455,EIQ_HORSE_B0A2C2168548FAD1,EIQ_HORSE_B0A2C2168548FAD1,SAME_FAVOURITE,False,False,SAME_FAVOURITE
EIQ_RACE_52EBC0C1903B67C1,EIQ_HORSE_61E7E3F914D36770,2024,0.04177774232659415,EIQ_HORSE_4F6CA061315D9B4E,EIQ_HORSE_4F6CA061315D9B4E,SAME_FAVOURITE,False,False,SAME_FAVOURITE
EIQ_RACE_52F52B2EADD55102,EIQ_HORSE_F421A318B6701BC4,2025,0.0014053718977953267,EIQ_HORSE_2AFF5E7CFFD492F5,EIQ_HORSE_2AFF5E7CFFD492F5,SAME_FAVOURITE,False,False,SAME_FAVOURITE
EIQ_RACE_53250093B3EB4F47,EIQ_HORSE_DF38933E4E33A464,2022,-0.08599173993290377,EIQ_HORSE_DF38933E4E33A464,EIQ_HORSE_FB27A7F04A7AD446,CHALLENGER_CHANGED_FAVOURITE,True,False,STRICT_CORRECT_DROP_WRONG
EIQ_RACE_5328AC2677F47CC2,EIQ_HORSE_35A4D77FD07E28AA,2023,0.1601560973843883,EIQ_HORSE_8A165E0D153E429B,EIQ_HORSE_5CCCE1DD68255774,CHALLENGER_CHANGED_FAVOURITE,False,False,BOTH_WRONG
EIQ_RACE_5345AAA7E0DB826C,EIQ_HORSE_65274D3E3615EF08,2024,0.11275152087575968,EIQ_HORSE_EB33B9E32D0303C6,EIQ_HORSE_EB33B9E32D0303C6,SAME_FAVOURITE,False,False,SAME_FAVOURITE
EIQ_RACE_534EC6AE9342CFF4,EIQ_HORSE_A9301646D923C68B,2021,0.10048843744021418,EIQ_HORSE_73E350F60D264C3C,EIQ_HORSE_406FF71DA61DC013,CHALLENGER_CHANGED_FAVOURITE,False,False,BOTH_WRONG
EIQ_RACE_5354C09FF0AEEFF4,EIQ_HORSE_AEF8863432252E5C,2024,-0.04933941684779164,EIQ_HORSE_AB43FBFD910F870B,EIQ_HORSE_AB43FBFD910F870B,SAME_FAVOURITE,False,False,SAME_FAVOURITE
EIQ_RACE_535BC634804E797B,EIQ_HORSE_528767C130F37D4E,2021,0.014538205800397108,EIQ_HORSE_F35F8A5226730F6A,EIQ_HORSE_F35F8A5226730F6A,SAME_FAVOURITE,False,False,SAME_FAVOURITE
EIQ_RACE_538D21AAA7652D68,EIQ_HORSE_9B1740203C9F5A36,2023,0.005650649497546123,EIQ_HORSE_641DF3B94F91644E,EIQ_HORSE_641DF3B94F91644E,SAME_FAVOURITE,False,False,SAME_FAVOURITE
EIQ_RACE_539E39B044870096,EIQ_HORSE_C658FB89B716E06A,2026,-0.0699367056271929,EIQ_HORSE_8C8B3E19C8FFA2F7,EIQ_HORSE_8C8B3E19C8FFA2F7,SAME_FAVOURITE,False,False,SAME_FAVOURITE
EIQ_RACE_53CEB93220921DD8,EIQ_HORSE_5C05E1DF644D787B,2025,0.03614516504297782,EIQ_HORSE_70DA3EBE47CFC182,EIQ_HORSE_70DA3EBE47CFC182,SAME_FAVOURITE,False,False,SAME_FAVOURITE
EIQ_RACE_53F212641618CC0F,EIQ_HORSE_D8A8A73A1CAEF838,2021,0.0038604377990705263,EIQ_HORSE_8C1C365BF8394C81,EIQ_HORSE_8C1C365BF8394C81,SAME_FAVOURITE,False,False,SAME_FAVOURITE
EIQ_RACE_53FC143E9BA641A4,EIQ_HORSE_686670CD54802B75,2022,0.07998911073445525,EIQ_HORSE_304E442EEA6A3F07,EIQ_HORSE_304E442EEA6A3F07,SAME_FAVOURITE,False,False,SAME_FAVOURITE
EIQ_RACE_53FE255950361AD5,EIQ_HORSE_D3EBAC6F2AB25E48,2023,0.07658940791635516,EIQ_HORSE_6FE2CC546765B543,EIQ_HORSE_E1E3988ED6406431,CHALLENGER_CHANGED_FAVOURITE,False,False,BOTH_WRONG
EIQ_RACE_540CFFE6CDC1EE41,EIQ_HORSE_488BEDE2B13358BF,2024,-0.11249185281223983,EIQ_HORSE_A44809B3A8A757B6,EIQ_HORSE_A44809B3A8A757B6,SAME_FAVOURITE,False,False,SAME_FAVOURITE
EIQ_RACE_54146E5B7B46B18D,EIQ_HORSE_ED4887DEF37E8712,2024,0.021506133007908712,EIQ_HORSE_0568AF16648DA7D0,EIQ_HORSE_0568AF16648DA7D0,SAME_FAVOURITE,False,False,SAME_FAVOURITE
EIQ_RACE_541C321B86AC013A,EIQ_HORSE_B36DC990F300A86D,2021,0.11472759131702426,EIQ_HORSE_B36DC990F300A86D,EIQ_HORSE_B36DC990F300A86D,SAME_FAVOURITE,True,True,SAME_FAVOURITE
EIQ_RACE_542E0C417F281F65,EIQ_HORSE_F667890AC9DA1119,2022,-0.09374391623357559,EIQ_HORSE_5FDB78ED03C1B03A,EIQ_HORSE_5FDB78ED03C1B03A,SAME_FAVOURITE,False,False,SAME_FAVOURITE
EIQ_RACE_5431580D00B3B812,EIQ_HORSE_7DADC7578277D88F,2021,0.1333501005858464,EIQ_HORSE_21004F9137CE3DC2,EIQ_HORSE_7DADC7578277D88F,CHALLENGER_CHANGED_FAVOURITE,False,True,STRICT_WRONG_DROP_CORRECT
EIQ_RACE_5432B38557A3C6ED,EIQ_HORSE_A2401EB73BF36D52,2023,-0.0631906394251498,EIQ_HORSE_E4516FFE749BFF43,EIQ_HORSE_E4516FFE749BFF43,SAME_FAVOURITE,False,False,SAME_FAVOURITE
EIQ_RACE_5438864A1FE9F9E1,EIQ_HORSE_D322CA4F5731B637,2025,0.182306336555476,EIQ_HORSE_08CEF618EF25748A,EIQ_HORSE_08CEF618EF25748A,SAME_FAVOURITE,False,False,SAME_FAVOURITE
EIQ_RACE_5443E475F5784F51,EIQ_HORSE_C5561FB304E7B6DC,2021,-0.1604031056884041,EIQ_HORSE_C5561FB304E7B6DC,EIQ_HORSE_C5561FB304E7B6DC,SAME_FAVOURITE,True,True,SAME_FAVOURITE
EIQ_RACE_544BD810149E8A3E,EIQ_HORSE_824CECC8B4F01BC0,2023,-0.027904719509444842,EIQ_HORSE_226E4824916831D9,EIQ_HORSE_226E4824916831D9,SAME_FAVOURITE,False,False,SAME_FAVOURITE
EIQ_RACE_544D450123AC60F2,EIQ_HORSE_BF1F4873548BA696,2022,-0.061134457502329376,EIQ_HORSE_7E8A950A94BD318A,EIQ_HORSE_7E8A950A94BD318A,SAME_FAVOURITE,False,False,SAME_FAVOURITE
EIQ_RACE_54541227B115133C,EIQ_HORSE_B4AAE51B00CA9EF7,2025,0.1881295054436909,EIQ_HORSE_B0A2C2168548FAD1,EIQ_HORSE_B0A2C2168548FAD1,SAME_FAVOURITE,False,False,SAME_FAVOURITE
EIQ_RACE_545512E161834C89,EIQ_HORSE_6663AAEB6A1228B2,2023,-0.02273518900248206,EIQ_HORSE_894DD170EA61D56E,EIQ_HORSE_894DD170EA61D56E,SAME_FAVOURITE,False,False,SAME_FAVOURITE
EIQ_RACE_5456C1384D770040,EIQ_HORSE_86AAE3F11AA39153,2024,0.02119463418019496,EIQ_HORSE_97FEEB796E24045B,EIQ_HORSE_97FEEB796E24045B,SAME_FAVOURITE,False,False,SAME_FAVOURITE
EIQ_RACE_54756A691B2E8162,EIQ_HORSE_2CF4A770632314E9,2025,0.006722951077955175,EIQ_HORSE_2CF4A770632314E9,EIQ_HORSE_2CF4A770632314E9,SAME_FAVOURITE,True,True,SAME_FAVOURITE
EIQ_RACE_5475B2BB5078E204,EIQ_HORSE_A5F535987A328763,2025,0.10635777891145626,EIQ_HORSE_73FB0E37C23AF67B,EIQ_HORSE_73FB0E37C23AF67B,SAME_FAVOURITE,False,False,SAME_FAVOURITE
EIQ_RACE_54865463FDF5E570,EIQ_HORSE_43AD43803FF1D8E0,2022,0.018385765768570872,EIQ_HORSE_43AD43803FF1D8E0,EIQ_HORSE_43AD43803FF1D8E0,SAME_FAVOURITE,True,True,SAME_FAVOURITE
EIQ_RACE_548ED657D8AA56E4,EIQ_HORSE_0F95473F2832BA67,2026,-0.13772418631723538,EIQ_HORSE_42A9F07A61577BC7,EIQ_HORSE_42A9F07A61577BC7,SAME_FAVOURITE,False,False,SAME_FAVOURITE
EIQ_RACE_54BF0AF7FF7BC1D4,EIQ_HORSE_FDFA7AE535BC3987,2024,-0.05020804811342483,EIQ_HORSE_6335F295CC862191,EIQ_HORSE_6335F295CC862191,SAME_FAVOURITE,False,False,SAME_FAVOURITE
EIQ_RACE_54C5347D97844C3C,EIQ_HORSE_DE95F70B4B54214B,2024,-0.042436320312897235,EIQ_HORSE_DE95F70B4B54214B,EIQ_HORSE_DE95F70B4B54214B,SAME_FAVOURITE,True,True,SAME_FAVOURITE
EIQ_RACE_54D13A80AFAAECE3,EIQ_HORSE_C7DE45BF30D84B03,2022,-0.043085383819123635,EIQ_HORSE_78F90037536A9D71,EIQ_HORSE_78F90037536A9D71,SAME_FAVOURITE,False,False,SAME_FAVOURITE
EIQ_RACE_54D389D13D51CBAB,EIQ_HORSE_D729477D0E58B71F,2021,-0.11294323992662525,EIQ_HORSE_980A300E6BA9B491,EIQ_HORSE_980A300E6BA9B491,SAME_FAVOURITE,False,False,SAME_FAVOURITE
EIQ_RACE_54DA5CF135A3CBAE,EIQ_HORSE_E8F135F676DCE190,2025,-0.07099283547307689,EIQ_HORSE_E8F135F676DCE190,EIQ_HORSE_E8F135F676DCE190,SAME_FAVOURITE,True,True,SAME_FAVOURITE
EIQ_RACE_54EFFD94C014B033,EIQ_HORSE_0C2F65ACEAC9CB27,2025,0.0346152482589841,EIQ_HORSE_BD62858BAEBDBE80,EIQ_HORSE_BD62858BAEBDBE80,SAME_FAVOURITE,False,False,SAME_FAVOURITE
EIQ_RACE_54F709E854359534,EIQ_HORSE_F47D669D56985A6C,2024,-0.08167767146586624,EIQ_HORSE_4E022760730487CB,EIQ_HORSE_4E022760730487CB,SAME_FAVOURITE,False,False,SAME_FAVOURITE
EIQ_RACE_552636F24D2A8E3A,EIQ_HORSE_69E14CB6B7FC141C,2021,0.13114025481363556,EIQ_HORSE_9ED5A6B8510C7D1B,EIQ_HORSE_9ED5A6B8510C7D1B,SAME_FAVOURITE,False,False,SAME_FAVOURITE
EIQ_RACE_55282521916C2B8D,EIQ_HORSE_550E6608977F3A6A,2021,-0.02252197524785715,EIQ_HORSE_972E63ED9180967F,EIQ_HORSE_972E63ED9180967F,SAME_FAVOURITE,False,False,SAME_FAVOURITE
EIQ_RACE_5542DCEE0DB2F928,EIQ_HORSE_39F08A5347B78FBB,2023,0.03049920626322189,EIQ_HORSE_2E44FF7E46414DF2,EIQ_HORSE_2E44FF7E46414DF2,SAME_FAVOURITE,False,False,SAME_FAVOURITE
EIQ_RACE_555EBB73D6078728,EIQ_HORSE_6106EFFF9D520AB3,2026,-0.031346304459663354,EIQ_HORSE_9B10A3D2C8C30343,EIQ_HORSE_9B10A3D2C8C30343,SAME_FAVOURITE,False,False,SAME_FAVOURITE
EIQ_RACE_55600CEA93E457EF,EIQ_HORSE_804C4C0CCB96ABEF,2025,-0.003421004016126439,EIQ_HORSE_B79EAF443457496E,EIQ_HORSE_E30D0644B666C0CF,CHALLENGER_CHANGED_FAVOURITE,False,False,BOTH_WRONG
EIQ_RACE_556F162A6A4B61A3,EIQ_HORSE_B4F8CFE25C0D3662,2023,0.2305466030938761,EIQ_HORSE_3A17B4E5DA593839,EIQ_HORSE_3A17B4E5DA593839,SAME_FAVOURITE,False,False,SAME_FAVOURITE
EIQ_RACE_557A0CD0B37D0844,EIQ_HORSE_7EF43B667227AA13,2024,0.08019740265930286,EIQ_HORSE_7EF43B667227AA13,EIQ_HORSE_7EF43B667227AA13,SAME_FAVOURITE,True,True,SAME_FAVOURITE
EIQ_RACE_55858ABAD86E80BA,EIQ_HORSE_97F6C0E0026D95F3,2024,0.024517376108303957,EIQ_HORSE_BF867469F7EA4297,EIQ_HORSE_95066A1A3A5183E8,CHALLENGER_CHANGED_FAVOURITE,False,False,BOTH_WRONG
EIQ_RACE_558DFC31D6D15F9C,EIQ_HORSE_C8D36A93CE2CA81F,2021,0.024177491242923566,EIQ_HORSE_C8D36A93CE2CA81F,EIQ_HORSE_C8D36A93CE2CA81F,SAME_FAVOURITE,True,True,SAME_FAVOURITE
EIQ_RACE_559AEB9738E533FF,EIQ_HORSE_57F25AC1ED0E7942,2025,0.05401041850399535,EIQ_HORSE_7A660C4A028F1FBA,EIQ_HORSE_65E16BD7EC64A448,CHALLENGER_CHANGED_FAVOURITE,False,False,BOTH_WRONG
EIQ_RACE_55C74F78FD86048B,EIQ_HORSE_540C4B5F308E0397,2023,-0.16288210089581168,EIQ_HORSE_540C4B5F308E0397,EIQ_HORSE_540C4B5F308E0397,SAME_FAVOURITE,True,True,SAME_FAVOURITE
EIQ_RACE_55C8EC6C7B299B33,EIQ_HORSE_7843B6C6113E5759,2021,0.000251834741030299,EIQ_HORSE_B79688791ABFC169,EIQ_HORSE_B79688791ABFC169,SAME_FAVOURITE,False,False,SAME_FAVOURITE
EIQ_RACE_55D6A0670A84234F,EIQ_HORSE_BAEF68B333BDFD1A,2024,-0.14549382294677193,EIQ_HORSE_FDFA7AE535BC3987,EIQ_HORSE_FDFA7AE535BC3987,SAME_FAVOURITE,False,False,SAME_FAVOURITE
EIQ_RACE_55D9CBBD5137EC5F,EIQ_HORSE_A24F496082E37FC7,2023,-0.035858808431396216,EIQ_HORSE_A24F496082E37FC7,EIQ_HORSE_A24F496082E37FC7,SAME_FAVOURITE,True,True,SAME_FAVOURITE
EIQ_RACE_55E36704264C7FB0,EIQ_HORSE_5F1E18AC1857D685,2024,0.03090028311893711,EIQ_HORSE_FE7FFDE39E1D83EA,EIQ_HORSE_FE7FFDE39E1D83EA,SAME_FAVOURITE,False,False,SAME_FAVOURITE
EIQ_RACE_55E53B8D6EDA1091,EIQ_HORSE_FF51988A4CBA5082,2023,0.10306858927766105,EIQ_HORSE_3A6B0C4682E8E091,EIQ_HORSE_FF51988A4CBA5082,CHALLENGER_CHANGED_FAVOURITE,False,True,STRICT_WRONG_DROP_CORRECT
EIQ_RACE_56005A5725822146,EIQ_HORSE_0E5285977D9BB969,2024,0.11406076993947178,EIQ_HORSE_B925B72926BF582A,EIQ_HORSE_0E5285977D9BB969,CHALLENGER_CHANGED_FAVOURITE,False,True,STRICT_WRONG_DROP_CORRECT
EIQ_RACE_56007B08EBB4B2A4,EIQ_HORSE_3311B31469634D94,2025,0.01312354008069816,EIQ_HORSE_A727FAD4F7CDA173,EIQ_HORSE_A727FAD4F7CDA173,SAME_FAVOURITE,False,False,SAME_FAVOURITE
EIQ_RACE_5616E5C92A6C4C0C,EIQ_HORSE_B103D6C6097841C8,2026,-0.0029339077393455426,EIQ_HORSE_04CA4B1407F2F36A,EIQ_HORSE_04CA4B1407F2F36A,SAME_FAVOURITE,False,False,SAME_FAVOURITE
EIQ_RACE_561D2100F325B119,EIQ_HORSE_802856BCFC2D9480,2024,0.006073118764667207,EIQ_HORSE_AF7F14D5D0D4C843,EIQ_HORSE_AF7F14D5D0D4C843,SAME_FAVOURITE,False,False,SAME_FAVOURITE
EIQ_RACE_563AC5443A061F5D,EIQ_HORSE_1E621292C20D14DF,2026,0.02657414933255864,EIQ_HORSE_FDF6FCFC25837357,EIQ_HORSE_FDF6FCFC25837357,SAME_FAVOURITE,False,False,SAME_FAVOURITE
EIQ_RACE_563C36BCCA290CD1,EIQ_HORSE_CF465AB7E0ACB7D3,2023,-0.19060643137840927,EIQ_HORSE_0B6F3152507D61B7,EIQ_HORSE_0B6F3152507D61B7,SAME_FAVOURITE,False,False,SAME_FAVOURITE
EIQ_RACE_565FCBF9AD0E16B1,EIQ_HORSE_16D0C23837FFB863,2023,0.1030506300750531,EIQ_HORSE_6FAF28F92483DD43,EIQ_HORSE_6FAF28F92483DD43,SAME_FAVOURITE,False,False,SAME_FAVOURITE
EIQ_RACE_56696FA3FCF5C751,EIQ_HORSE_AAAABDFA1DE9D6D9,2024,0.17775508615789382,EIQ_HORSE_BE292B447E5B1E67,EIQ_HORSE_BE292B447E5B1E67,SAME_FAVOURITE,False,False,SAME_FAVOURITE
EIQ_RACE_566C567FA29BFF0E,EIQ_HORSE_F975EE97A324761B,2026,0.005904691153165054,EIQ_HORSE_F975EE97A324761B,EIQ_HORSE_F975EE97A324761B,SAME_FAVOURITE,True,True,SAME_FAVOURITE
EIQ_RACE_566CC6B93084F771,EIQ_HORSE_838DC4DCA16BABAD,2022,0.03008890750075155,EIQ_HORSE_FDED64BF7FC7254A,EIQ_HORSE_FDED64BF7FC7254A,SAME_FAVOURITE,False,False,SAME_FAVOURITE
EIQ_RACE_567206ABC6D3F0CA,EIQ_HORSE_6461A200AAA6C02C,2023,-0.09650444548530368,EIQ_HORSE_D70AF1D8A57C5F14,EIQ_HORSE_D70AF1D8A57C5F14,SAME_FAVOURITE,False,False,SAME_FAVOURITE
EIQ_RACE_567C0AC0C322FFF7,EIQ_HORSE_0AA774CE71E1D202,2021,0.014204294737047984,EIQ_HORSE_FEEBA5ED2C16A6D0,EIQ_HORSE_5639230F8D39E013,CHALLENGER_CHANGED_FAVOURITE,False,False,BOTH_WRONG
EIQ_RACE_567F2D93EDAC8C72,EIQ_HORSE_FD1556B9EFFB4087,2023,-0.019500074917972787,EIQ_HORSE_939DBD29FB8CF28E,EIQ_HORSE_939DBD29FB8CF28E,SAME_FAVOURITE,False,False,SAME_FAVOURITE
EIQ_RACE_5688EEFF5D34A56C,EIQ_HORSE_F239989BF4D6BEE4,2024,-0.04744313893748009,EIQ_HORSE_F239989BF4D6BEE4,EIQ_HORSE_F239989BF4D6BEE4,SAME_FAVOURITE,True,True,SAME_FAVOURITE
EIQ_RACE_5690664F63658D11,EIQ_HORSE_7CD7BC3B67DF67B7,2026,0.005342901417364931,EIQ_HORSE_7CD7BC3B67DF67B7,EIQ_HORSE_7CD7BC3B67DF67B7,SAME_FAVOURITE,True,True,SAME_FAVOURITE
EIQ_RACE_56B5D1F3AFEC9C8C,EIQ_HORSE_9E5345A4C221A027,2021,0.24701290678377275,EIQ_HORSE_9A80ECEE40A42B4E,EIQ_HORSE_9A80ECEE40A42B4E,SAME_FAVOURITE,False,False,SAME_FAVOURITE
EIQ_RACE_56B7DAF5FA0D6594,EIQ_HORSE_97C691E9E23D4006,2024,0.003738535560868783,EIQ_HORSE_1A7B7A7DF3BE3865,EIQ_HORSE_1A7B7A7DF3BE3865,SAME_FAVOURITE,False,False,SAME_FAVOURITE
EIQ_RACE_56C0BF61A23707A0,EIQ_HORSE_25136AB9D5441631,2025,0.00546570042526362,EIQ_HORSE_67F55F6B3031492A,EIQ_HORSE_67F55F6B3031492A,SAME_FAVOURITE,False,False,SAME_FAVOURITE
EIQ_RACE_56C51DE55E7E8FBE,EIQ_HORSE_EBE0523B851EC8D2,2025,-0.12669458421676794,EIQ_HORSE_FB65D218C1F98619,EIQ_HORSE_FB65D218C1F98619,SAME_FAVOURITE,False,False,SAME_FAVOURITE
EIQ_RACE_56C63FCEC09724EA,EIQ_HORSE_5B8F898875B5C414,2023,0.20053666063001163,EIQ_HORSE_0B5A74A6AF844B60,EIQ_HORSE_0B5A74A6AF844B60,SAME_FAVOURITE,False,False,SAME_FAVOURITE
EIQ_RACE_56DA6F318D65B02B,EIQ_HORSE_C160D0249A669E33,2024,0.12447765712440817,EIQ_HORSE_C160D0249A669E33,EIQ_HORSE_C160D0249A669E33,SAME_FAVOURITE,True,True,SAME_FAVOURITE
EIQ_RACE_56E6F865CDA6F298,EIQ_HORSE_D96D6B83C9A5806C,2021,0.04977449872749995,EIQ_HORSE_5EDE529A276C9E2B,EIQ_HORSE_5EDE529A276C9E2B,SAME_FAVOURITE,False,False,SAME_FAVOURITE
EIQ_RACE_56E881FC218A59DB,EIQ_HORSE_CA6516F24B1E9593,2026,0.16709904045652157,EIQ_HORSE_C055F82755CF8E29,EIQ_HORSE_C055F82755CF8E29,SAME_FAVOURITE,False,False,SAME_FAVOURITE
EIQ_RACE_5717BF704E4B40D3,EIQ_HORSE_2090EB65ECEC25BC,2021,-0.1138764100784937,EIQ_HORSE_F799B499F562ABB0,EIQ_HORSE_7561A18E96ACFAD4,CHALLENGER_CHANGED_FAVOURITE,False,False,BOTH_WRONG
EIQ_RACE_571F5DF127520C2E,EIQ_HORSE_783DBB44BE9A6184,2021,0.24228381082506312,EIQ_HORSE_50A3B038E2CCCF20,EIQ_HORSE_50A3B038E2CCCF20,SAME_FAVOURITE,False,False,SAME_FAVOURITE
EIQ_RACE_572B315102070983,EIQ_HORSE_1B79130E7D06518D,2024,0.017056974661764812,EIQ_HORSE_641DF3B94F91644E,EIQ_HORSE_641DF3B94F91644E,SAME_FAVOURITE,False,False,SAME_FAVOURITE
EIQ_RACE_573DEA2DB88B5C54,EIQ_HORSE_5060DB12156DB0F5,2025,-0.1485469082554025,EIQ_HORSE_0531C02B1085F367,EIQ_HORSE_3BB3EA6FDAA9DB22,CHALLENGER_CHANGED_FAVOURITE,False,False,BOTH_WRONG
EIQ_RACE_574D6CE27A78DE9A,EIQ_HORSE_CF13DE7F1A7FCE23,2023,0.020547033291201666,EIQ_HORSE_CF13DE7F1A7FCE23,EIQ_HORSE_CF13DE7F1A7FCE23,SAME_FAVOURITE,True,True,SAME_FAVOURITE
EIQ_RACE_57547B2BC59A6285,EIQ_HORSE_641DF3B94F91644E,2024,0.061076168291402944,EIQ_HORSE_1561279345BC094E,EIQ_HORSE_1561279345BC094E,SAME_FAVOURITE,False,False,SAME_FAVOURITE
EIQ_RACE_57675C9535A843EC,EIQ_HORSE_D32B9CA1FAD386A2,2024,-0.04305983922447454,EIQ_HORSE_D32B9CA1FAD386A2,EIQ_HORSE_D32B9CA1FAD386A2,SAME_FAVOURITE,True,True,SAME_FAVOURITE
EIQ_RACE_5773CC02D90520ED,EIQ_HORSE_4908400814FA26AC,2023,0.2081401603908386,EIQ_HORSE_033D9D8C26E66E0E,EIQ_HORSE_033D9D8C26E66E0E,SAME_FAVOURITE,False,False,SAME_FAVOURITE
EIQ_RACE_5781E426F09ECE7D,EIQ_HORSE_492551C8DE5F1105,2025,-0.06901665690151759,EIQ_HORSE_EF4ECBB2BF8F09BF,EIQ_HORSE_5784A04340C20F65,CHALLENGER_CHANGED_FAVOURITE,False,False,BOTH_WRONG
EIQ_RACE_579472BBA3FF196C,EIQ_HORSE_F64234910C4CF438,2024,0.05307270628411165,EIQ_HORSE_1E5E21ACF9190EF5,EIQ_HORSE_1E5E21ACF9190EF5,SAME_FAVOURITE,False,False,SAME_FAVOURITE
EIQ_RACE_57B04541FC1EED65,EIQ_HORSE_7DC81BC2E266575C,2021,0.048375578029469235,EIQ_HORSE_7DC81BC2E266575C,EIQ_HORSE_7DC81BC2E266575C,SAME_FAVOURITE,True,True,SAME_FAVOURITE
EIQ_RACE_57B1B73A59DBC86C,EIQ_HORSE_4908400814FA26AC,2023,-0.012152622182515227,EIQ_HORSE_4908400814FA26AC,EIQ_HORSE_BB5FB3E0DAA57239,CHALLENGER_CHANGED_FAVOURITE,True,False,STRICT_CORRECT_DROP_WRONG
EIQ_RACE_57B4AC89B5D954DB,EIQ_HORSE_48D11968844DE768,2023,0.27119116071717153,EIQ_HORSE_F63CB9826C6EC7F4,EIQ_HORSE_F63CB9826C6EC7F4,SAME_FAVOURITE,False,False,SAME_FAVOURITE
EIQ_RACE_57B666BEAEB671D5,EIQ_HORSE_D6CFACDF79AFFDEA,2024,0.08371449927947205,EIQ_HORSE_74525316A2915CD9,EIQ_HORSE_74525316A2915CD9,SAME_FAVOURITE,False,False,SAME_FAVOURITE
EIQ_RACE_57C2EC2F52A0635D,EIQ_HORSE_3405DD4DF1C99C88,2023,0.10657193009712795,EIQ_HORSE_E71626FDC00BB0B2,EIQ_HORSE_E71626FDC00BB0B2,SAME_FAVOURITE,False,False,SAME_FAVOURITE
EIQ_RACE_57D8DF25A84BA349,EIQ_HORSE_064A698D8A3997E2,2021,-0.056870877226287586,EIQ_HORSE_064A698D8A3997E2,EIQ_HORSE_A9C2F0AD377CD511,CHALLENGER_CHANGED_FAVOURITE,True,False,STRICT_CORRECT_DROP_WRONG
EIQ_RACE_57DDC06C40C68CF9,EIQ_HORSE_D89A96B515D4A211,2024,-0.179742381538591,EIQ_HORSE_5B0A333B94DC8DCA,EIQ_HORSE_5B0A333B94DC8DCA,SAME_FAVOURITE,False,False,SAME_FAVOURITE
EIQ_RACE_580472AE10BB78A3,EIQ_HORSE_412CDF77C48E6245,2024,0.005757868613500694,EIQ_HORSE_412CDF77C48E6245,EIQ_HORSE_412CDF77C48E6245,SAME_FAVOURITE,True,True,SAME_FAVOURITE
EIQ_RACE_58191D41AC1BD0AD,EIQ_HORSE_616AE9EB49D0D1A7,2025,-0.027877539303174714,EIQ_HORSE_616AE9EB49D0D1A7,EIQ_HORSE_616AE9EB49D0D1A7,SAME_FAVOURITE,True,True,SAME_FAVOURITE
EIQ_RACE_582211F5CAA6612A,EIQ_HORSE_1B0017FE8134F9E8,2024,0.16070955662862607,EIQ_HORSE_B0F02DAD59B5F0BB,EIQ_HORSE_B0F02DAD59B5F0BB,SAME_FAVOURITE,False,False,SAME_FAVOURITE
EIQ_RACE_5825268C1BB34627,EIQ_HORSE_E3B938EA1857EF42,2022,0.13701069994786375,EIQ_HORSE_C8D3402DEDE1EE1B,EIQ_HORSE_E3B938EA1857EF42,CHALLENGER_CHANGED_FAVOURITE,False,True,STRICT_WRONG_DROP_CORRECT
EIQ_RACE_58256A5EF237F365,EIQ_HORSE_D4A17E169252DCF0,2021,0.015358302770380305,EIQ_HORSE_68B58263FEFB33BD,EIQ_HORSE_68B58263FEFB33BD,SAME_FAVOURITE,False,False,SAME_FAVOURITE
EIQ_RACE_58281DC1A475D5B9,EIQ_HORSE_DEAEEAD193B3E145,2021,-0.12216285744891886,EIQ_HORSE_DEAEEAD193B3E145,EIQ_HORSE_DEAEEAD193B3E145,SAME_FAVOURITE,True,True,SAME_FAVOURITE
EIQ_RACE_58334ABC25738202,EIQ_HORSE_E8EFE9AF2ECED6B6,2025,-0.07355863776175342,EIQ_HORSE_9EBA381A5CFDC676,EIQ_HORSE_9EBA381A5CFDC676,SAME_FAVOURITE,False,False,SAME_FAVOURITE
EIQ_RACE_5833950E98B171DB,EIQ_HORSE_BAA3933E1AE84B50,2025,-0.08261990071136305,EIQ_HORSE_BAA3933E1AE84B50,EIQ_HORSE_4793AB692EA62065,CHALLENGER_CHANGED_FAVOURITE,True,False,STRICT_CORRECT_DROP_WRONG
EIQ_RACE_584459A80A3DAF6B,EIQ_HORSE_684F3A0DA14CF15F,2023,0.021143113811558756,EIQ_HORSE_684F3A0DA14CF15F,EIQ_HORSE_B1D34655F9B0EAE7,CHALLENGER_CHANGED_FAVOURITE,True,False,STRICT_CORRECT_DROP_WRONG
EIQ_RACE_5844686F69EBFC14,EIQ_HORSE_8C5B769DF774F4DC,2025,0.2226198766446883,EIQ_HORSE_E6350C34D14B09E9,EIQ_HORSE_E6350C34D14B09E9,SAME_FAVOURITE,False,False,SAME_FAVOURITE
EIQ_RACE_5845C735D5DDA18A,EIQ_HORSE_36D5732D49F379AA,2023,0.1345229797477252,EIQ_HORSE_03E95AAD8482A418,EIQ_HORSE_03E95AAD8482A418,SAME_FAVOURITE,False,False,SAME_FAVOURITE
EIQ_RACE_58499646903BB1FA,EIQ_HORSE_8D69088B551A366B,2021,-0.06447699186952871,EIQ_HORSE_6526DD2E9052DECC,EIQ_HORSE_6526DD2E9052DECC,SAME_FAVOURITE,False,False,SAME_FAVOURITE
EIQ_RACE_585B59F9A3CDFF9E,EIQ_HORSE_C8DB5E969DC34AAB,2025,0.24813711655810944,EIQ_HORSE_775DEB7A15094C6F,EIQ_HORSE_775DEB7A15094C6F,SAME_FAVOURITE,False,False,SAME_FAVOURITE
EIQ_RACE_5895EA0A8F80D6C5,EIQ_HORSE_483E011C2BC4687F,2023,-0.10832784746686053,EIQ_HORSE_483E011C2BC4687F,EIQ_HORSE_0A254CD10F276D5D,CHALLENGER_CHANGED_FAVOURITE,True,False,STRICT_CORRECT_DROP_WRONG
EIQ_RACE_58AA3D50F0671F39,EIQ_HORSE_9DCD524F6072343E,2023,0.11034099694496469,EIQ_HORSE_0AFFBF51DD7F1B4B,EIQ_HORSE_0AFFBF51DD7F1B4B,SAME_FAVOURITE,False,False,SAME_FAVOURITE
EIQ_RACE_58B684048864A290,EIQ_HORSE_A3655B98F9F602A9,2025,-0.1753767446963681,EIQ_HORSE_159AE62138C04E75,EIQ_HORSE_159AE62138C04E75,SAME_FAVOURITE,False,False,SAME_FAVOURITE
EIQ_RACE_58C3D6418C625CA8,EIQ_HORSE_A0B7B96C302A1F2D,2023,0.03570334108187789,EIQ_HORSE_A0B7B96C302A1F2D,EIQ_HORSE_A0B7B96C302A1F2D,SAME_FAVOURITE,True,True,SAME_FAVOURITE
EIQ_RACE_58DF5FD0D0E47A65,EIQ_HORSE_9D75575ED9C0DB09,2023,0.1569951606984401,EIQ_HORSE_0F4E2B62A87EE570,EIQ_HORSE_0F4E2B62A87EE570,SAME_FAVOURITE,False,False,SAME_FAVOURITE
EIQ_RACE_58E20C2C7B61F101,EIQ_HORSE_D2A9696F862C5032,2024,0.20647326426081003,EIQ_HORSE_0D6BE8C6246388F8,EIQ_HORSE_0D6BE8C6246388F8,SAME_FAVOURITE,False,False,SAME_FAVOURITE
EIQ_RACE_58EDF834CD348FC6,EIQ_HORSE_4C68FDB8A56473D3,2025,-0.14458358463048548,EIQ_HORSE_4C68FDB8A56473D3,EIQ_HORSE_4C68FDB8A56473D3,SAME_FAVOURITE,True,True,SAME_FAVOURITE
EIQ_RACE_58EFDD348776BF19,EIQ_HORSE_FC2C93961211DA42,2021,-0.016007309174309592,EIQ_HORSE_3A088984CBD083CB,EIQ_HORSE_3A088984CBD083CB,SAME_FAVOURITE,False,False,SAME_FAVOURITE
EIQ_RACE_5908808021AB11B0,EIQ_HORSE_B262DED73DBC922C,2023,-0.17018097224490947,EIQ_HORSE_06B7A7C7753B656E,EIQ_HORSE_06B7A7C7753B656E,SAME_FAVOURITE,False,False,SAME_FAVOURITE
EIQ_RACE_590B9C20F8796131,EIQ_HORSE_945AC9871E71C38B,2024,-0.010007155052391692,EIQ_HORSE_B7CE8A8E0489937E,EIQ_HORSE_B7CE8A8E0489937E,SAME_FAVOURITE,False,False,SAME_FAVOURITE
EIQ_RACE_5916FE7F9B1C4835,EIQ_HORSE_61FDFBFA6804A0A3,2025,-0.06781666087691773,EIQ_HORSE_5DEF838E6D5554A7,EIQ_HORSE_5DEF838E6D5554A7,SAME_FAVOURITE,False,False,SAME_FAVOURITE
EIQ_RACE_5925B07EFACBE2E3,EIQ_HORSE_A3F9FFE0147BB25E,2023,0.10001253951091771,EIQ_HORSE_C753E88512BE3B32,EIQ_HORSE_641DF3B94F91644E,CHALLENGER_CHANGED_FAVOURITE,False,False,BOTH_WRONG
EIQ_RACE_592662C72DAB5A09,EIQ_HORSE_89E8365592E6A4DC,2022,-0.16815078488585833,EIQ_HORSE_70DC985E6BB4B705,EIQ_HORSE_70DC985E6BB4B705,SAME_FAVOURITE,False,False,SAME_FAVOURITE
EIQ_RACE_5926D39789A5E06B,EIQ_HORSE_7969CA2D8138B84D,2021,-0.01057282044816743,EIQ_HORSE_789F9CF18705DDF6,EIQ_HORSE_789F9CF18705DDF6,SAME_FAVOURITE,False,False,SAME_FAVOURITE
EIQ_RACE_5938B6A50CB88976,EIQ_HORSE_8631E0920D22D74F,2024,-0.09912308927983426,EIQ_HORSE_F239989BF4D6BEE4,EIQ_HORSE_F239989BF4D6BEE4,SAME_FAVOURITE,False,False,SAME_FAVOURITE
EIQ_RACE_593C5269212C4B74,EIQ_HORSE_562B1CF901D507E0,2026,0.046239882145151734,EIQ_HORSE_562B1CF901D507E0,EIQ_HORSE_562B1CF901D507E0,SAME_FAVOURITE,True,True,SAME_FAVOURITE
EIQ_RACE_594622827A1B5F9B,EIQ_HORSE_BC576F393C89FA3D,2025,0.26075722330033035,EIQ_HORSE_C327DDDF87EA3445,EIQ_HORSE_C327DDDF87EA3445,SAME_FAVOURITE,False,False,SAME_FAVOURITE
EIQ_RACE_59462E7CBCA4F108,EIQ_HORSE_1F2F5BE8EBDC7251,2024,0.13609215422593546,EIQ_HORSE_35776AADF935CB8C,EIQ_HORSE_35776AADF935CB8C,SAME_FAVOURITE,False,False,SAME_FAVOURITE
EIQ_RACE_5947A13CBA0DE154,EIQ_HORSE_343C8886FD1D4984,2023,-0.10781538841376204,EIQ_HORSE_D77A33E636FEE069,EIQ_HORSE_D77A33E636FEE069,SAME_FAVOURITE,False,False,SAME_FAVOURITE
EIQ_RACE_5948DC5317C029B7,EIQ_HORSE_4DB54E2537ED2CDE,2025,0.23417957252603872,EIQ_HORSE_422CED815536C7A2,EIQ_HORSE_422CED815536C7A2,SAME_FAVOURITE,False,False,SAME_FAVOURITE
EIQ_RACE_59627E8BACB1BFD3,EIQ_HORSE_4736707A7402D3F5,2023,-0.027689140218797315,EIQ_HORSE_CE5F1310DDE79F72,EIQ_HORSE_CE5F1310DDE79F72,SAME_FAVOURITE,False,False,SAME_FAVOURITE
EIQ_RACE_599946875E3AB5D5,EIQ_HORSE_A925D8DF15EC5658,2022,0.18550250771330035,EIQ_HORSE_6A0437DF88841054,EIQ_HORSE_6A0437DF88841054,SAME_FAVOURITE,False,False,SAME_FAVOURITE
EIQ_RACE_599B32A92C47A2F6,EIQ_HORSE_4CC74EDD53663BBA,2024,0.0115017475167285,EIQ_HORSE_E181FCE817109718,EIQ_HORSE_E181FCE817109718,SAME_FAVOURITE,False,False,SAME_FAVOURITE
EIQ_RACE_599E9A147CEEF2CB,EIQ_HORSE_5AF10C0AB34A3D79,2026,-0.007253933965864157,EIQ_HORSE_4B95616B4B8AAEBE,EIQ_HORSE_4B95616B4B8AAEBE,SAME_FAVOURITE,False,False,SAME_FAVOURITE
EIQ_RACE_59CB898E6444E1DE,EIQ_HORSE_9D93ACD129CC890E,2023,0.11904871143615958,EIQ_HORSE_9D93ACD129CC890E,EIQ_HORSE_9D93ACD129CC890E,SAME_FAVOURITE,True,True,SAME_FAVOURITE
EIQ_RACE_59DE2161ED5479B0,EIQ_HORSE_122B1F8AC1C9D603,2025,-0.0988104034502506,EIQ_HORSE_7760F325D97F924C,EIQ_HORSE_7760F325D97F924C,SAME_FAVOURITE,False,False,SAME_FAVOURITE
EIQ_RACE_59E7E054F954A071,EIQ_HORSE_06461713876025B4,2024,-0.0022383345563379287,EIQ_HORSE_06461713876025B4,EIQ_HORSE_06461713876025B4,SAME_FAVOURITE,True,True,SAME_FAVOURITE
EIQ_RACE_59E882DA96345404,EIQ_HORSE_567D0F0ED220EB9E,2024,0.11056119717255175,EIQ_HORSE_B58F39B5D3E06AF8,EIQ_HORSE_B58F39B5D3E06AF8,SAME_FAVOURITE,False,False,SAME_FAVOURITE
EIQ_RACE_59F7DFDA612B2B1D,EIQ_HORSE_EBE0523B851EC8D2,2024,-0.0005854612136793058,EIQ_HORSE_5252660819C57425,EIQ_HORSE_DE95F70B4B54214B,CHALLENGER_CHANGED_FAVOURITE,False,False,BOTH_WRONG
EIQ_RACE_5A05AE04B6094693,EIQ_HORSE_D3495B092DCB9D6A,2025,0.008267491323343812,EIQ_HORSE_5757C75FD40C8B54,EIQ_HORSE_5757C75FD40C8B54,SAME_FAVOURITE,False,False,SAME_FAVOURITE
EIQ_RACE_5A1A69F2FD224C2A,EIQ_HORSE_142FC7398BE39981,2025,-0.14172425921778764,EIQ_HORSE_F6335A8E07D2D713,EIQ_HORSE_F6335A8E07D2D713,SAME_FAVOURITE,False,False,SAME_FAVOURITE
EIQ_RACE_5A243AF874EBF31E,EIQ_HORSE_45EAF0126A4421BA,2021,-0.2928068640549282,EIQ_HORSE_6F70C1847405EB14,EIQ_HORSE_6F70C1847405EB14,SAME_FAVOURITE,False,False,SAME_FAVOURITE
EIQ_RACE_5A29B4A18EED9920,EIQ_HORSE_C31B577AF0B69FDC,2026,0.048505916271543104,EIQ_HORSE_55185B137E6E5BD7,EIQ_HORSE_55185B137E6E5BD7,SAME_FAVOURITE,False,False,SAME_FAVOURITE
EIQ_RACE_5A30DA90094BD047,EIQ_HORSE_C0272C68F3C71ACA,2024,-0.18458924196602444,EIQ_HORSE_4CF7A80D1A22DDAE,EIQ_HORSE_4CF7A80D1A22DDAE,SAME_FAVOURITE,False,False,SAME_FAVOURITE
EIQ_RACE_5A3716E0B66FC54E,EIQ_HORSE_F04EC28155C22D68,2021,-0.055878503021023374,EIQ_HORSE_F04EC28155C22D68,EIQ_HORSE_F04EC28155C22D68,SAME_FAVOURITE,True,True,SAME_FAVOURITE
EIQ_RACE_5A3AB1034B1C61D5,EIQ_HORSE_B41B8D7041F93CB1,2021,0.061036489735453614,EIQ_HORSE_6D5E25045BA6B78F,EIQ_HORSE_6D5E25045BA6B78F,SAME_FAVOURITE,False,False,SAME_FAVOURITE
EIQ_RACE_5A4BB6168837DAE7,EIQ_HORSE_80046ECD30C2B622,2024,0.10278210797423681,EIQ_HORSE_E8537BBB6991F38F,EIQ_HORSE_E8537BBB6991F38F,SAME_FAVOURITE,False,False,SAME_FAVOURITE
EIQ_RACE_5A507053417DEFB4,EIQ_HORSE_FCA3FC7D12E02A7A,2025,0.013249832180370902,EIQ_HORSE_1227D210EE62FC62,EIQ_HORSE_1227D210EE62FC62,SAME_FAVOURITE,False,False,SAME_FAVOURITE
EIQ_RACE_5A51B45F850D62D6,EIQ_HORSE_C517532C9F2430E2,2025,0.10039138604635323,EIQ_HORSE_569F5450D6FBAC52,EIQ_HORSE_569F5450D6FBAC52,SAME_FAVOURITE,False,False,SAME_FAVOURITE
EIQ_RACE_5A6CBCD8CF9943AF,EIQ_HORSE_08C38C863BFF625A,2023,0.0701610107952968,EIQ_HORSE_AB4261BAD7EED28E,EIQ_HORSE_C7E7F020C5061291,CHALLENGER_CHANGED_FAVOURITE,False,False,BOTH_WRONG
EIQ_RACE_5A787A0DE0219749,EIQ_HORSE_C0FA9C169C206D05,2024,0.08412688034111104,EIQ_HORSE_11CB7CE588676FF0,EIQ_HORSE_11CB7CE588676FF0,SAME_FAVOURITE,False,False,SAME_FAVOURITE
EIQ_RACE_5A7D6AF0820F4A6D,EIQ_HORSE_CA5EA9AE88F61494,2021,-0.19256386928772873,EIQ_HORSE_2C93CB9B917081C7,EIQ_HORSE_2C93CB9B917081C7,SAME_FAVOURITE,False,False,SAME_FAVOURITE
EIQ_RACE_5A84D88D69F53A3F,EIQ_HORSE_F907CFFD6E7D5647,2023,-0.00031104462711262215,EIQ_HORSE_F907CFFD6E7D5647,EIQ_HORSE_FB81FEAEF88CA5C8,CHALLENGER_CHANGED_FAVOURITE,True,False,STRICT_CORRECT_DROP_WRONG
EIQ_RACE_5A9B5EA7A21DF442,EIQ_HORSE_E8FAA0F8A7FC0247,2023,-0.15782988849707325,EIQ_HORSE_BEEAC8D8D051DA00,EIQ_HORSE_BEEAC8D8D051DA00,SAME_FAVOURITE,False,False,SAME_FAVOURITE
EIQ_RACE_5AB0E7E686CDD287,EIQ_HORSE_63440A2B3B7DF230,2023,0.06547945833855273,EIQ_HORSE_50DB7A39356FBA5E,EIQ_HORSE_50DB7A39356FBA5E,SAME_FAVOURITE,False,False,SAME_FAVOURITE
EIQ_RACE_5ABA7527EFBB495D,EIQ_HORSE_1ED44F7056E301E5,2021,-0.17215299594565292,EIQ_HORSE_1ED44F7056E301E5,EIQ_HORSE_1ED44F7056E301E5,SAME_FAVOURITE,True,True,SAME_FAVOURITE
EIQ_RACE_5AC3CF2BC6E74907,EIQ_HORSE_C34088F62D86966A,2024,-0.04345484480024275,EIQ_HORSE_C34088F62D86966A,EIQ_HORSE_C34088F62D86966A,SAME_FAVOURITE,True,True,SAME_FAVOURITE
EIQ_RACE_5AE926B4023D06BE,EIQ_HORSE_70FF7C5359DC4889,2023,-0.076316896892753,EIQ_HORSE_70FF7C5359DC4889,EIQ_HORSE_70FF7C5359DC4889,SAME_FAVOURITE,True,True,SAME_FAVOURITE
EIQ_RACE_5AEC206A67BE8623,EIQ_HORSE_9FC0349F7A071D67,2022,0.019614472786432025,EIQ_HORSE_DA2087222F0A15CC,EIQ_HORSE_D30F1B0AD658BF97,CHALLENGER_CHANGED_FAVOURITE,False,False,BOTH_WRONG
EIQ_RACE_5AF44176702FD8B0,EIQ_HORSE_15E078CBE8317616,2021,0.12651972773692943,EIQ_HORSE_899E212231EEE5C7,EIQ_HORSE_899E212231EEE5C7,SAME_FAVOURITE,False,False,SAME_FAVOURITE
EIQ_RACE_5AF94A62E12676D5,EIQ_HORSE_5646F9415A606CF1,2026,0.18846412309553617,EIQ_HORSE_3128B37D13D82FF5,EIQ_HORSE_3128B37D13D82FF5,SAME_FAVOURITE,False,False,SAME_FAVOURITE
EIQ_RACE_5AFD4754D6169A24,EIQ_HORSE_4539FED60E76045D,2023,0.03650144675937206,EIQ_HORSE_F1EC22539AC0014E,EIQ_HORSE_F1EC22539AC0014E,SAME_FAVOURITE,False,False,SAME_FAVOURITE
EIQ_RACE_5B2BC6FB816645D6,EIQ_HORSE_588DD53F00AA3FDE,2025,-0.0033582157163265514,EIQ_HORSE_AD76DBB7ABE72EF0,EIQ_HORSE_BD0F56B2BCEDDEE5,CHALLENGER_CHANGED_FAVOURITE,False,False,BOTH_WRONG
EIQ_RACE_5B3259ECE88608DF,EIQ_HORSE_A5782AD9FE52A09E,2024,-0.06463789587521074,EIQ_HORSE_FA8D0E7CCFB8677A,EIQ_HORSE_FA8D0E7CCFB8677A,SAME_FAVOURITE,False,False,SAME_FAVOURITE
EIQ_RACE_5B3CAB119FFD4292,EIQ_HORSE_DE76B21A8FE72654,2024,0.13499661922923623,EIQ_HORSE_5498B311B44B641A,EIQ_HORSE_5498B311B44B641A,SAME_FAVOURITE,False,False,SAME_FAVOURITE
EIQ_RACE_5B42E45672467145,EIQ_HORSE_DA447FF87D056077,2023,-0.10364229845045969,EIQ_HORSE_F30CD40A6AC6D1C0,EIQ_HORSE_F30CD40A6AC6D1C0,SAME_FAVOURITE,False,False,SAME_FAVOURITE
EIQ_RACE_5B53228657F8F6AF,EIQ_HORSE_FAF301A99BFB3F70,2025,-0.09358594960225908,EIQ_HORSE_4D394CF7D5E01088,EIQ_HORSE_4D394CF7D5E01088,SAME_FAVOURITE,False,False,SAME_FAVOURITE
EIQ_RACE_5B6C6F0DCCBF0464,EIQ_HORSE_CA6C86CC0AE15E63,2023,0.00910720322308789,EIQ_HORSE_44AAEBA7A47FCD28,EIQ_HORSE_44AAEBA7A47FCD28,SAME_FAVOURITE,False,False,SAME_FAVOURITE
EIQ_RACE_5B711C6038D255C9,EIQ_HORSE_6E7BA9800A3AD966,2025,0.019213687260323353,EIQ_HORSE_6E7BA9800A3AD966,EIQ_HORSE_6E7BA9800A3AD966,SAME_FAVOURITE,True,True,SAME_FAVOURITE
EIQ_RACE_5B753294BBCDE05F,EIQ_HORSE_95818169035F99FF,2026,0.05018527845009069,EIQ_HORSE_AAA11513C5A8E357,EIQ_HORSE_AAA11513C5A8E357,SAME_FAVOURITE,False,False,SAME_FAVOURITE
EIQ_RACE_5B758060E429CC98,EIQ_HORSE_11BCF587576D7596,2021,-0.07268640290517547,EIQ_HORSE_7889611C3EED70FA,EIQ_HORSE_7889611C3EED70FA,SAME_FAVOURITE,False,False,SAME_FAVOURITE
EIQ_RACE_5B994697C04FDBEC,EIQ_HORSE_528006909D3E46E9,2024,-0.16878624244950657,EIQ_HORSE_528006909D3E46E9,EIQ_HORSE_84E0B3FD90C07EF5,CHALLENGER_CHANGED_FAVOURITE,True,False,STRICT_CORRECT_DROP_WRONG
EIQ_RACE_5BA088D9C05BDB1D,EIQ_HORSE_DA970107500F3BDA,2021,-0.20971878339293726,EIQ_HORSE_7A6940C8220309D9,EIQ_HORSE_7A6940C8220309D9,SAME_FAVOURITE,False,False,SAME_FAVOURITE
EIQ_RACE_5BA13E10A612DF1E,EIQ_HORSE_F42AC56D71437A9D,2025,-0.045181667600972863,EIQ_HORSE_7BE6B1B381EEFF7E,EIQ_HORSE_7BE6B1B381EEFF7E,SAME_FAVOURITE,False,False,SAME_FAVOURITE
EIQ_RACE_5BA9F798D2EE9688,EIQ_HORSE_33327381CCEFA1A3,2025,0.06148462289053036,EIQ_HORSE_3EDE01D570666C76,EIQ_HORSE_3EDE01D570666C76,SAME_FAVOURITE,False,False,SAME_FAVOURITE
EIQ_RACE_5BAFBA03419FA2AD,EIQ_HORSE_F41FC1D03A6815DA,2025,0.041396289299086675,EIQ_HORSE_B5C3674DDBF83664,EIQ_HORSE_D497B19321CFB48D,CHALLENGER_CHANGED_FAVOURITE,False,False,BOTH_WRONG
EIQ_RACE_5BB1A07BFFAB7AF3,EIQ_HORSE_094E12081228F534,2024,-0.013584670674342103,EIQ_HORSE_9B5B698EA2FFF2CA,EIQ_HORSE_9B5B698EA2FFF2CA,SAME_FAVOURITE,False,False,SAME_FAVOURITE
EIQ_RACE_5BBDBDF29106D8D3,EIQ_HORSE_0BCF3A3B407B47A0,2025,0.0213530471046246,EIQ_HORSE_0BCF3A3B407B47A0,EIQ_HORSE_0BCF3A3B407B47A0,SAME_FAVOURITE,True,True,SAME_FAVOURITE
EIQ_RACE_5BD806DA39853094,EIQ_HORSE_75334614058907F2,2025,0.10246438232774002,EIQ_HORSE_66A42C48FE7EDB65,EIQ_HORSE_66A42C48FE7EDB65,SAME_FAVOURITE,False,False,SAME_FAVOURITE
EIQ_RACE_5BE3F2A9CF4C107B,EIQ_HORSE_450E90FA6CE4D0E7,2026,0.1154758308965107,EIQ_HORSE_450E90FA6CE4D0E7,EIQ_HORSE_450E90FA6CE4D0E7,SAME_FAVOURITE,True,True,SAME_FAVOURITE
EIQ_RACE_5BFBC163005E0458,EIQ_HORSE_619AB5D568D70DC9,2023,-0.06510972646022473,EIQ_HORSE_6912AE550FFE9F93,EIQ_HORSE_6912AE550FFE9F93,SAME_FAVOURITE,False,False,SAME_FAVOURITE
EIQ_RACE_5C03C279C2C290D6,EIQ_HORSE_3C0142684AE2D0EE,2025,-0.08286094121454646,EIQ_HORSE_5498B311B44B641A,EIQ_HORSE_5498B311B44B641A,SAME_FAVOURITE,False,False,SAME_FAVOURITE
EIQ_RACE_5C1DA011FA9BFE42,EIQ_HORSE_4FAA9373161FC0F5,2021,0.05972690526395752,EIQ_HORSE_A819165E5AC88B3E,EIQ_HORSE_F5AE07292B92EAEE,CHALLENGER_CHANGED_FAVOURITE,False,False,BOTH_WRONG
EIQ_RACE_5C1FA0002FD2D441,EIQ_HORSE_A6B12A5455059960,2024,0.08649823556984915,EIQ_HORSE_0E3F19E06A3DD185,EIQ_HORSE_0E3F19E06A3DD185,SAME_FAVOURITE,False,False,SAME_FAVOURITE
EIQ_RACE_5C311D55397FFA0C,EIQ_HORSE_F9716F7E71B57299,2024,0.18554181055481855,EIQ_HORSE_09954D609256E92F,EIQ_HORSE_09954D609256E92F,SAME_FAVOURITE,False,False,SAME_FAVOURITE
EIQ_RACE_5C32AAC36308C83B,EIQ_HORSE_FF2202ECA45A4693,2025,0.20268132177201714,EIQ_HORSE_F236E184C2A632E3,EIQ_HORSE_F236E184C2A632E3,SAME_FAVOURITE,False,False,SAME_FAVOURITE
EIQ_RACE_5C356331DD4702B8,EIQ_HORSE_F19E0437A19CCB02,2026,-0.07998956510580646,EIQ_HORSE_F19E0437A19CCB02,EIQ_HORSE_F19E0437A19CCB02,SAME_FAVOURITE,True,True,SAME_FAVOURITE
EIQ_RACE_5C3934DC269604A5,EIQ_HORSE_F0B4B3F8AE5A2C05,2025,0.18025489897258318,EIQ_HORSE_EA6797E7796DB9DA,EIQ_HORSE_EA6797E7796DB9DA,SAME_FAVOURITE,False,False,SAME_FAVOURITE
EIQ_RACE_5C4BBE127A4570C9,EIQ_HORSE_FC9447C67870FAEC,2025,0.04955116934041248,EIQ_HORSE_2DB92049A748BAE7,EIQ_HORSE_2DB92049A748BAE7,SAME_FAVOURITE,False,False,SAME_FAVOURITE
EIQ_RACE_5C53442DBFDD9F2B,EIQ_HORSE_0D78E14B8CDE311B,2025,-0.23525882676551513,EIQ_HORSE_AE6102638A29F260,EIQ_HORSE_AE6102638A29F260,SAME_FAVOURITE,False,False,SAME_FAVOURITE
EIQ_RACE_5C76D00611CD1E5A,EIQ_HORSE_E6257A736E7BCF2D,2025,-0.08675600378248305,EIQ_HORSE_B3941B0EF4A65D94,EIQ_HORSE_B3941B0EF4A65D94,SAME_FAVOURITE,False,False,SAME_FAVOURITE
EIQ_RACE_5C851CC1C0AC0490,EIQ_HORSE_2CB0E855FEEA874B,2024,0.06080279974771163,EIQ_HORSE_A6F6E3176765C98A,EIQ_HORSE_A6F6E3176765C98A,SAME_FAVOURITE,False,False,SAME_FAVOURITE
EIQ_RACE_5C9A492CBCAF5937,EIQ_HORSE_96E68379A8D58C6C,2026,-0.15289180909871458,EIQ_HORSE_AA30BAE3DFFF7002,EIQ_HORSE_AA30BAE3DFFF7002,SAME_FAVOURITE,False,False,SAME_FAVOURITE
EIQ_RACE_5C9BFC2C8A813DB8,EIQ_HORSE_743E440B24615FC8,2023,0.08518636864307805,EIQ_HORSE_63621152F094D73B,EIQ_HORSE_63621152F094D73B,SAME_FAVOURITE,False,False,SAME_FAVOURITE
EIQ_RACE_5CA99A207EEB62EC,EIQ_HORSE_967EC42A2BE4E133,2022,0.21245896436623313,EIQ_HORSE_E09E687084A726DF,EIQ_HORSE_4758083DE2DDF5E9,CHALLENGER_CHANGED_FAVOURITE,False,False,BOTH_WRONG
EIQ_RACE_5CB0667CE2BA898A,EIQ_HORSE_8F39F0EE90947CF0,2024,-0.05334791116439419,EIQ_HORSE_8F39F0EE90947CF0,EIQ_HORSE_8F39F0EE90947CF0,SAME_FAVOURITE,True,True,SAME_FAVOURITE
EIQ_RACE_5CC250D175B7A681,EIQ_HORSE_40942DF5217A491D,2026,-0.06186979771555756,EIQ_HORSE_40942DF5217A491D,EIQ_HORSE_40942DF5217A491D,SAME_FAVOURITE,True,True,SAME_FAVOURITE
EIQ_RACE_5CD68A4EE112896B,EIQ_HORSE_1F0133B299C803B2,2025,0.20144748307698412,EIQ_HORSE_D9546DAE42848E18,EIQ_HORSE_D9546DAE42848E18,SAME_FAVOURITE,False,False,SAME_FAVOURITE
EIQ_RACE_5D028BBD82755719,EIQ_HORSE_DB84A859AAF23C01,2026,-0.22684213667724418,EIQ_HORSE_56B2F8DF3480BA06,EIQ_HORSE_56B2F8DF3480BA06,SAME_FAVOURITE,False,False,SAME_FAVOURITE
EIQ_RACE_5D06A11EB3E3A203,EIQ_HORSE_0F081E2B3A606D9A,2023,-0.11800527717054266,EIQ_HORSE_35F59CD7AFA5B9EB,EIQ_HORSE_35F59CD7AFA5B9EB,SAME_FAVOURITE,False,False,SAME_FAVOURITE
EIQ_RACE_5D0C703043B76F8A,EIQ_HORSE_FE04C381F881CB1C,2022,-0.040751872501100905,EIQ_HORSE_12E69F0EF70B9ADD,EIQ_HORSE_12E69F0EF70B9ADD,SAME_FAVOURITE,False,False,SAME_FAVOURITE
EIQ_RACE_5D18F1A9092AC9EF,EIQ_HORSE_8CB394FD4B5EE5D4,2024,-0.1895252002450034,EIQ_HORSE_49C977F3452094D1,EIQ_HORSE_49C977F3452094D1,SAME_FAVOURITE,False,False,SAME_FAVOURITE
EIQ_RACE_5D2D58BE205B9759,EIQ_HORSE_06543356E10016B0,2025,0.020743311218546,EIQ_HORSE_06543356E10016B0,EIQ_HORSE_06543356E10016B0,SAME_FAVOURITE,True,True,SAME_FAVOURITE
EIQ_RACE_5D5240ED596BAA96,EIQ_HORSE_3667180AE8B8AA53,2023,0.13891155771573915,EIQ_HORSE_304E442EEA6A3F07,EIQ_HORSE_304E442EEA6A3F07,SAME_FAVOURITE,False,False,SAME_FAVOURITE
EIQ_RACE_5D548962C58975FA,EIQ_HORSE_46D4D9607594BFCE,2021,0.11430155662997987,EIQ_HORSE_46D4D9607594BFCE,EIQ_HORSE_46D4D9607594BFCE,SAME_FAVOURITE,True,True,SAME_FAVOURITE
EIQ_RACE_5D63AB82B3E0F51C,EIQ_HORSE_3FC5430D10891D6A,2021,0.026434065962075204,EIQ_HORSE_3FC5430D10891D6A,EIQ_HORSE_3FC5430D10891D6A,SAME_FAVOURITE,True,True,SAME_FAVOURITE
EIQ_RACE_5D78719662FED850,EIQ_HORSE_F9A59512E20B9385,2024,-0.04017187891577101,EIQ_HORSE_F9A59512E20B9385,EIQ_HORSE_F9A59512E20B9385,SAME_FAVOURITE,True,True,SAME_FAVOURITE
EIQ_RACE_5D79F90BE3575478,EIQ_HORSE_504CE70DF99E3B0D,2021,-0.010219788533252228,EIQ_HORSE_360BC0B2F80403C6,EIQ_HORSE_360BC0B2F80403C6,SAME_FAVOURITE,False,False,SAME_FAVOURITE
EIQ_RACE_5D7EA5212237C22F,EIQ_HORSE_12507FC58512AE4C,2026,-0.0013927652674103896,EIQ_HORSE_4BED6807AE451C4F,EIQ_HORSE_4BED6807AE451C4F,SAME_FAVOURITE,False,False,SAME_FAVOURITE
EIQ_RACE_5D897BC9680FBF8E,EIQ_HORSE_1470ABD52D047ABB,2022,0.01313135084810968,EIQ_HORSE_6380D26DD0142302,EIQ_HORSE_6380D26DD0142302,SAME_FAVOURITE,False,False,SAME_FAVOURITE
EIQ_RACE_5D8C80078C531478,EIQ_HORSE_D511BDE6D9E52950,2021,-0.017282783317770223,EIQ_HORSE_D511BDE6D9E52950,EIQ_HORSE_45642F09C13C62D1,CHALLENGER_CHANGED_FAVOURITE,True,False,STRICT_CORRECT_DROP_WRONG
EIQ_RACE_5D93725E93DA630C,EIQ_HORSE_3302776BE518FBF7,2024,0.12323288130704535,EIQ_HORSE_E7F8A2DEC18F116D,EIQ_HORSE_E7F8A2DEC18F116D,SAME_FAVOURITE,False,False,SAME_FAVOURITE
EIQ_RACE_5DA6370D1FEC4DCE,EIQ_HORSE_75A8B8D74E1EAE7C,2021,-0.10370323539594706,EIQ_HORSE_75A8B8D74E1EAE7C,EIQ_HORSE_75A8B8D74E1EAE7C,SAME_FAVOURITE,True,True,SAME_FAVOURITE
EIQ_RACE_5DB33D8B22E88231,EIQ_HORSE_0F30EE5780B924DB,2023,0.0870124874841034,EIQ_HORSE_D542CAACEBED0B36,EIQ_HORSE_D542CAACEBED0B36,SAME_FAVOURITE,False,False,SAME_FAVOURITE
EIQ_RACE_5DBE56F6CFDE083C,EIQ_HORSE_9712A857E3C1999E,2023,-0.023586035957710028,EIQ_HORSE_86BF0D132E473037,EIQ_HORSE_86BF0D132E473037,SAME_FAVOURITE,False,False,SAME_FAVOURITE
EIQ_RACE_5DC9664D58ED695C,EIQ_HORSE_84B9378343218668,2025,-0.04306983040890744,EIQ_HORSE_2AFF5E7CFFD492F5,EIQ_HORSE_2AFF5E7CFFD492F5,SAME_FAVOURITE,False,False,SAME_FAVOURITE
EIQ_RACE_5DC9D60D310CB25D,EIQ_HORSE_60655DD250F06917,2024,-0.009442919340733269,EIQ_HORSE_F9A59512E20B9385,EIQ_HORSE_F9A59512E20B9385,SAME_FAVOURITE,False,False,SAME_FAVOURITE
EIQ_RACE_5DD419D1CFF3F6BF,EIQ_HORSE_2DC5A3204FC9CB27,2026,0.003233542165187897,EIQ_HORSE_DCD33224335D7659,EIQ_HORSE_628093C769EC450E,CHALLENGER_CHANGED_FAVOURITE,False,False,BOTH_WRONG
EIQ_RACE_5DFE005B6C202551,EIQ_HORSE_5AFBE008457665E5,2024,-0.012646002156653013,EIQ_HORSE_C8008FB8534F18EA,EIQ_HORSE_C8008FB8534F18EA,SAME_FAVOURITE,False,False,SAME_FAVOURITE
EIQ_RACE_5E03951ABEE33A7D,EIQ_HORSE_5C99E33E749B12F4,2025,0.05711641498548836,EIQ_HORSE_6CE1917720ED8D02,EIQ_HORSE_6CE1917720ED8D02,SAME_FAVOURITE,False,False,SAME_FAVOURITE
EIQ_RACE_5E04448F40E154B3,EIQ_HORSE_ED77ACE002B8E9CD,2021,-0.0612952602926915,EIQ_HORSE_267577282766BAEB,EIQ_HORSE_267577282766BAEB,SAME_FAVOURITE,False,False,SAME_FAVOURITE
EIQ_RACE_5E08C65FD8247A3B,EIQ_HORSE_0F9BC02019241900,2021,-0.260383745404404,EIQ_HORSE_7AE02E12CE59EF6C,EIQ_HORSE_7AE02E12CE59EF6C,SAME_FAVOURITE,False,False,SAME_FAVOURITE
EIQ_RACE_5E09691A3C68EA5E,EIQ_HORSE_F028D9F3426C619D,2023,0.10755633545830179,EIQ_HORSE_7510FCD0ECA605F0,EIQ_HORSE_7510FCD0ECA605F0,SAME_FAVOURITE,False,False,SAME_FAVOURITE
EIQ_RACE_5E0ADB104A01B1F9,EIQ_HORSE_596C742CAC5AC616,2024,0.03804095608374758,EIQ_HORSE_596C742CAC5AC616,EIQ_HORSE_596C742CAC5AC616,SAME_FAVOURITE,True,True,SAME_FAVOURITE
EIQ_RACE_5E14840EE6DE6C6E,EIQ_HORSE_2CF52001405ABDCC,2024,-0.05731227801454719,EIQ_HORSE_2CF52001405ABDCC,EIQ_HORSE_2AFF5E7CFFD492F5,CHALLENGER_CHANGED_FAVOURITE,True,False,STRICT_CORRECT_DROP_WRONG
EIQ_RACE_5E19FBB22C92C83C,EIQ_HORSE_4F1CE81B87ABA456,2021,0.016009867319290993,EIQ_HORSE_4F1CE81B87ABA456,EIQ_HORSE_4F1CE81B87ABA456,SAME_FAVOURITE,True,True,SAME_FAVOURITE
EIQ_RACE_5E3386B9D45AF5F2,EIQ_HORSE_1005D86CC7498EC1,2024,0.029590231919252474,EIQ_HORSE_E6257A736E7BCF2D,EIQ_HORSE_E6257A736E7BCF2D,SAME_FAVOURITE,False,False,SAME_FAVOURITE
EIQ_RACE_5E47396A96BEDDF1,EIQ_HORSE_6C43FB86F41F6F16,2024,0.05920738251510871,EIQ_HORSE_7ABF013E1AFFE602,EIQ_HORSE_7ABF013E1AFFE602,SAME_FAVOURITE,False,False,SAME_FAVOURITE
EIQ_RACE_5E6710F88FEF5E99,EIQ_HORSE_894B72C756D336EC,2025,-0.10116919005916292,EIQ_HORSE_8EA0BCABC71DB3AA,EIQ_HORSE_8EA0BCABC71DB3AA,SAME_FAVOURITE,False,False,SAME_FAVOURITE
EIQ_RACE_5E6EA32932CCF1D9,EIQ_HORSE_0B83B04A5CCF1041,2024,-0.016342955301224205,EIQ_HORSE_645E6499A2A7E388,EIQ_HORSE_645E6499A2A7E388,SAME_FAVOURITE,False,False,SAME_FAVOURITE
EIQ_RACE_5EA13699D5FC270E,EIQ_HORSE_7410D7D0B0614887,2024,0.00014477248034561185,EIQ_HORSE_E3D1386A218F719D,EIQ_HORSE_E3D1386A218F719D,SAME_FAVOURITE,False,False,SAME_FAVOURITE
EIQ_RACE_5EA146AA6D91A1EC,EIQ_HORSE_1BA4671487824A2F,2024,-0.272514059397331,EIQ_HORSE_36CC4894176D1B1F,EIQ_HORSE_36CC4894176D1B1F,SAME_FAVOURITE,False,False,SAME_FAVOURITE
EIQ_RACE_5EA817145574B191,EIQ_HORSE_0237A0685E9330B5,2026,-0.030750875540082045,EIQ_HORSE_96EB32A30AD50A02,EIQ_HORSE_96EB32A30AD50A02,SAME_FAVOURITE,False,False,SAME_FAVOURITE
EIQ_RACE_5EB9D8EB2CB2B37F,EIQ_HORSE_30B8936DA66F5425,2025,-0.07141503225024337,EIQ_HORSE_A22ED3B8C0D816FF,EIQ_HORSE_A22ED3B8C0D816FF,SAME_FAVOURITE,False,False,SAME_FAVOURITE
EIQ_RACE_5EC4CB5067D2C828,EIQ_HORSE_8352E6EBCC9447E9,2024,0.06030697147212383,EIQ_HORSE_873376C449276580,EIQ_HORSE_873376C449276580,SAME_FAVOURITE,False,False,SAME_FAVOURITE
EIQ_RACE_5ED135B249375D95,EIQ_HORSE_A1BC140AE7B477CA,2024,0.09595287369245842,EIQ_HORSE_4C36FC0265430A10,EIQ_HORSE_4C36FC0265430A10,SAME_FAVOURITE,False,False,SAME_FAVOURITE
EIQ_RACE_5EE8497778E79D7C,EIQ_HORSE_3D155FBE95B0B303,2024,0.08633084351452713,EIQ_HORSE_3D155FBE95B0B303,EIQ_HORSE_3D155FBE95B0B303,SAME_FAVOURITE,True,True,SAME_FAVOURITE
EIQ_RACE_5EF2632C16EA03E2,EIQ_HORSE_63437BE9DC6EFD43,2024,-0.10370135886950616,EIQ_HORSE_63437BE9DC6EFD43,EIQ_HORSE_D7EE766EA01E3D07,CHALLENGER_CHANGED_FAVOURITE,True,False,STRICT_CORRECT_DROP_WRONG
EIQ_RACE_5EFD7CAC7F02C435,EIQ_HORSE_28010A6964EAAB64,2021,0.003994761639355193,EIQ_HORSE_9180E4DA505835DF,EIQ_HORSE_D82545EC51A94C29,CHALLENGER_CHANGED_FAVOURITE,False,False,BOTH_WRONG
EIQ_RACE_5F011231C495EAFA,EIQ_HORSE_273F660AFA5442BA,2023,0.23538336514426805,EIQ_HORSE_A46C40374404576E,EIQ_HORSE_273F660AFA5442BA,CHALLENGER_CHANGED_FAVOURITE,False,True,STRICT_WRONG_DROP_CORRECT
EIQ_RACE_5F0AF7FC05C26F32,EIQ_HORSE_497B2AEE62825D3F,2023,-0.10643123172156788,EIQ_HORSE_657173A529B8169E,EIQ_HORSE_657173A529B8169E,SAME_FAVOURITE,False,False,SAME_FAVOURITE
EIQ_RACE_5F14885979A06D60,EIQ_HORSE_01F6E24C7574313A,2025,-0.08642583982435692,EIQ_HORSE_A44809B3A8A757B6,EIQ_HORSE_A44809B3A8A757B6,SAME_FAVOURITE,False,False,SAME_FAVOURITE
EIQ_RACE_5F1A5BC4F276A0A0,EIQ_HORSE_C1866CED8490762E,2023,0.10418769751529067,EIQ_HORSE_DFE3A43F75DCED86,EIQ_HORSE_DFE3A43F75DCED86,SAME_FAVOURITE,False,False,SAME_FAVOURITE
EIQ_RACE_5F27798942ACA2E6,EIQ_HORSE_9B4038DC488727B0,2021,-0.0660615980774617,EIQ_HORSE_8EB1BD6F51967C1C,EIQ_HORSE_8EB1BD6F51967C1C,SAME_FAVOURITE,False,False,SAME_FAVOURITE
EIQ_RACE_5F312F72ACEC544F,EIQ_HORSE_40942DF5217A491D,2025,0.03597594296724593,EIQ_HORSE_40942DF5217A491D,EIQ_HORSE_40942DF5217A491D,SAME_FAVOURITE,True,True,SAME_FAVOURITE
EIQ_RACE_5F3184BC2AAA6F87,EIQ_HORSE_B64783D8E996CF0C,2024,0.023805566110713272,EIQ_HORSE_60655DD250F06917,EIQ_HORSE_60655DD250F06917,SAME_FAVOURITE,False,False,SAME_FAVOURITE
EIQ_RACE_5F8963ABDCDE8769,EIQ_HORSE_31E0910DB5FB56C1,2026,-0.05155782285041788,EIQ_HORSE_0EE9F5F65D56C107,EIQ_HORSE_95D2A44188F0A4A5,CHALLENGER_CHANGED_FAVOURITE,False,False,BOTH_WRONG
EIQ_RACE_5F9906B6D9DEFBD1,EIQ_HORSE_9948F451B64618D2,2024,-0.046592923990989465,EIQ_HORSE_9948F451B64618D2,EIQ_HORSE_7B414CEDC5DCB039,CHALLENGER_CHANGED_FAVOURITE,True,False,STRICT_CORRECT_DROP_WRONG
EIQ_RACE_5F9FA08D38B0179F,EIQ_HORSE_58305580275F0EDA,2025,-0.1573881148280516,EIQ_HORSE_EBD250A499ED9CD4,EIQ_HORSE_EBD250A499ED9CD4,SAME_FAVOURITE,False,False,SAME_FAVOURITE
EIQ_RACE_5FB353F0EED51F32,EIQ_HORSE_DB2E9DA9974EE34E,2025,0.10043142828311136,EIQ_HORSE_DB2E9DA9974EE34E,EIQ_HORSE_DB2E9DA9974EE34E,SAME_FAVOURITE,True,True,SAME_FAVOURITE
EIQ_RACE_5FD24B982C44C3C9,EIQ_HORSE_73B108EC64A47F53,2021,-0.05938573220524024,EIQ_HORSE_73B108EC64A47F53,EIQ_HORSE_73B108EC64A47F53,SAME_FAVOURITE,True,True,SAME_FAVOURITE
EIQ_RACE_5FE8DE1F1B94A244,EIQ_HORSE_36CC4894176D1B1F,2024,0.12132478064300456,EIQ_HORSE_36CC4894176D1B1F,EIQ_HORSE_36CC4894176D1B1F,SAME_FAVOURITE,True,True,SAME_FAVOURITE
EIQ_RACE_5FEAA887098D7E24,EIQ_HORSE_19C606D6A9F97A06,2023,0.006312190250549854,EIQ_HORSE_92FEC0EE48105335,EIQ_HORSE_92FEC0EE48105335,SAME_FAVOURITE,False,False,SAME_FAVOURITE
EIQ_RACE_5FF4DB23A29FA156,EIQ_HORSE_A794F22BA34135E8,2025,-0.03034059830516722,EIQ_HORSE_A794F22BA34135E8,EIQ_HORSE_A794F22BA34135E8,SAME_FAVOURITE,True,True,SAME_FAVOURITE
EIQ_RACE_60120AA49BBE8851,EIQ_HORSE_9F3E7560AE40753D,2025,0.181882323177478,EIQ_HORSE_70E97EF532303BE9,EIQ_HORSE_9F3E7560AE40753D,CHALLENGER_CHANGED_FAVOURITE,False,True,STRICT_WRONG_DROP_CORRECT
EIQ_RACE_60264D1A1AFED853,EIQ_HORSE_8A63F5B7726AD855,2024,0.04580915380022055,EIQ_HORSE_41A85FBAB9236EE6,EIQ_HORSE_41A85FBAB9236EE6,SAME_FAVOURITE,False,False,SAME_FAVOURITE
EIQ_RACE_602CBFE0108DE6F5,EIQ_HORSE_48312FE8C1A97E67,2023,-0.023779860529254293,EIQ_HORSE_6B763EF4401C72D8,EIQ_HORSE_6B763EF4401C72D8,SAME_FAVOURITE,False,False,SAME_FAVOURITE
EIQ_RACE_602DA380735271A8,EIQ_HORSE_7191AFBD423F04B9,2021,-0.028035135617000773,EIQ_HORSE_A1F75025A2AD7882,EIQ_HORSE_A1F75025A2AD7882,SAME_FAVOURITE,False,False,SAME_FAVOURITE
EIQ_RACE_60323245B82A6AD0,EIQ_HORSE_4ACDA7BD78B477E8,2024,-0.06268729284703323,EIQ_HORSE_4ACDA7BD78B477E8,EIQ_HORSE_4ACDA7BD78B477E8,SAME_FAVOURITE,True,True,SAME_FAVOURITE
EIQ_RACE_603D3DB4C0B8AC6A,EIQ_HORSE_8692CC5A530A2147,2024,0.03674690175007189,EIQ_HORSE_35AB4BD5384749ED,EIQ_HORSE_35AB4BD5384749ED,SAME_FAVOURITE,False,False,SAME_FAVOURITE
EIQ_RACE_605023056F7B8C5F,EIQ_HORSE_DE76B21A8FE72654,2024,-0.0392677016736811,EIQ_HORSE_449E475928275A2E,EIQ_HORSE_449E475928275A2E,SAME_FAVOURITE,False,False,SAME_FAVOURITE
EIQ_RACE_606289B30400B075,EIQ_HORSE_EE649B725F83EF50,2024,-0.010554998063796894,EIQ_HORSE_EE649B725F83EF50,EIQ_HORSE_EE649B725F83EF50,SAME_FAVOURITE,True,True,SAME_FAVOURITE
EIQ_RACE_606394FC809BBAFE,EIQ_HORSE_813049370840171B,2026,-0.14172480621285954,EIQ_HORSE_C1B42324C353419E,EIQ_HORSE_C1B42324C353419E,SAME_FAVOURITE,False,False,SAME_FAVOURITE
EIQ_RACE_606F7C12E86B6291,EIQ_HORSE_11ED005892470205,2023,-0.16325977369815603,EIQ_HORSE_B82D5A5A4C4641CF,EIQ_HORSE_B82D5A5A4C4641CF,SAME_FAVOURITE,False,False,SAME_FAVOURITE
EIQ_RACE_607ADCEDBCD0A97E,EIQ_HORSE_C5F47616911CE3CF,2024,-0.048512504200613815,EIQ_HORSE_8E800E81C94D31B4,EIQ_HORSE_8E800E81C94D31B4,SAME_FAVOURITE,False,False,SAME_FAVOURITE
EIQ_RACE_609259D670C22F12,EIQ_HORSE_149A152DE4E856C9,2023,-0.044864844523012426,EIQ_HORSE_CFBC7AFCEF55DFD2,EIQ_HORSE_CFBC7AFCEF55DFD2,SAME_FAVOURITE,False,False,SAME_FAVOURITE
EIQ_RACE_609834A96586764A,EIQ_HORSE_B9EA2C1B5E408C79,2023,-0.168453052486502,EIQ_HORSE_410048EB7D2AC699,EIQ_HORSE_410048EB7D2AC699,SAME_FAVOURITE,False,False,SAME_FAVOURITE
EIQ_RACE_6098F7D1EDB583D0,EIQ_HORSE_F6F8C72DFEFC5D0C,2021,0.04521230630443873,EIQ_HORSE_F6F8C72DFEFC5D0C,EIQ_HORSE_F6F8C72DFEFC5D0C,SAME_FAVOURITE,True,True,SAME_FAVOURITE
EIQ_RACE_60B41C9F6582A759,EIQ_HORSE_BDE96BD837496256,2026,-0.19526221620027506,EIQ_HORSE_BDE96BD837496256,EIQ_HORSE_A2274F4D622DE7DF,CHALLENGER_CHANGED_FAVOURITE,True,False,STRICT_CORRECT_DROP_WRONG
EIQ_RACE_60B513D25135B2B8,EIQ_HORSE_6C911E52B254B484,2025,0.057911588976070405,EIQ_HORSE_CDBE9D70DA29AD02,EIQ_HORSE_CDBE9D70DA29AD02,SAME_FAVOURITE,False,False,SAME_FAVOURITE
EIQ_RACE_60B919A2820BAA8C,EIQ_HORSE_6DB55872DDC2B05B,2022,-0.03069848289456023,EIQ_HORSE_B57E95FB794B97A6,EIQ_HORSE_B57E95FB794B97A6,SAME_FAVOURITE,False,False,SAME_FAVOURITE
EIQ_RACE_60C4797799D0C6AA,EIQ_HORSE_06BC3013CB22C3F9,2024,0.003708998393439744,EIQ_HORSE_66467820EEB43C3C,EIQ_HORSE_4A76D30D02B23162,CHALLENGER_CHANGED_FAVOURITE,False,False,BOTH_WRONG
EIQ_RACE_60C4F7B6BB22BCA1,EIQ_HORSE_45A0161831A5FEA6,2022,0.15695476765125904,EIQ_HORSE_259F0AD047F4D01A,EIQ_HORSE_189AFA3EBF7AAD0D,CHALLENGER_CHANGED_FAVOURITE,False,False,BOTH_WRONG
EIQ_RACE_60D00939A55A1CF0,EIQ_HORSE_F7F542BECAB80880,2021,0.001333939138607132,EIQ_HORSE_8121C150CBB05FF4,EIQ_HORSE_8121C150CBB05FF4,SAME_FAVOURITE,False,False,SAME_FAVOURITE
EIQ_RACE_60D1F2CC378D75AC,EIQ_HORSE_278E09F9174A161B,2022,0.022166991050837748,EIQ_HORSE_278E09F9174A161B,EIQ_HORSE_278E09F9174A161B,SAME_FAVOURITE,True,True,SAME_FAVOURITE
EIQ_RACE_60E65A1C755158A1,EIQ_HORSE_298901A0BD7DD8F4,2021,0.1528971975044633,EIQ_HORSE_EA44C112F94E0547,EIQ_HORSE_EA44C112F94E0547,SAME_FAVOURITE,False,False,SAME_FAVOURITE
EIQ_RACE_60E6A532FB341F0C,EIQ_HORSE_D617E95BB003E75B,2024,-0.023185389997797845,EIQ_HORSE_E2863DF5FF024EF8,EIQ_HORSE_78459026713D2BF1,CHALLENGER_CHANGED_FAVOURITE,False,False,BOTH_WRONG
EIQ_RACE_60EC17813BEE81DE,EIQ_HORSE_0A393DBA8543AB43,2021,0.03697683105747518,EIQ_HORSE_C3FC89AC7A2204D4,EIQ_HORSE_C3FC89AC7A2204D4,SAME_FAVOURITE,False,False,SAME_FAVOURITE
EIQ_RACE_60EC4509E5621089,EIQ_HORSE_9A264273ACC8ECF9,2026,0.19328606729347253,EIQ_HORSE_9A264273ACC8ECF9,EIQ_HORSE_9A264273ACC8ECF9,SAME_FAVOURITE,True,True,SAME_FAVOURITE
EIQ_RACE_60FDDE1574BF7714,EIQ_HORSE_B18A7C4A4EBA7B9C,2025,0.09451305625179085,EIQ_HORSE_CF14087505B027B6,EIQ_HORSE_CF14087505B027B6,SAME_FAVOURITE,False,False,SAME_FAVOURITE
EIQ_RACE_61012C260C69E1D4,EIQ_HORSE_F5FFCDCBDD2343D8,2024,0.05067552285089061,EIQ_HORSE_7A34E6876A30D660,EIQ_HORSE_E3F2448C8DD1768B,CHALLENGER_CHANGED_FAVOURITE,False,False,BOTH_WRONG
EIQ_RACE_611370F5EF34F67A,EIQ_HORSE_A1D1BFFD64A3796C,2023,-0.08410363238736096,EIQ_HORSE_A1D1BFFD64A3796C,EIQ_HORSE_81A94DAE806A2B81,CHALLENGER_CHANGED_FAVOURITE,True,False,STRICT_CORRECT_DROP_WRONG
EIQ_RACE_6115BF97DAA69910,EIQ_HORSE_E10A4D09B4302335,2023,-0.18138020978543112,EIQ_HORSE_3F43875CA33BFD53,EIQ_HORSE_3F43875CA33BFD53,SAME_FAVOURITE,False,False,SAME_FAVOURITE
EIQ_RACE_611D24D3D62FB504,EIQ_HORSE_58305580275F0EDA,2025,-0.05456862467706136,EIQ_HORSE_58305580275F0EDA,EIQ_HORSE_58305580275F0EDA,SAME_FAVOURITE,True,True,SAME_FAVOURITE
EIQ_RACE_611FD95E346CFCF4,EIQ_HORSE_4583262B3812FC8C,2021,0.11609434499779869,EIQ_HORSE_D87113343F0916E0,EIQ_HORSE_6E0389E28AD846F1,CHALLENGER_CHANGED_FAVOURITE,False,False,BOTH_WRONG
EIQ_RACE_6127A791DB8634D7,EIQ_HORSE_70CC56B90CC59249,2025,0.055918411260025724,EIQ_HORSE_CDCE1CC856556376,EIQ_HORSE_CDCE1CC856556376,SAME_FAVOURITE,False,False,SAME_FAVOURITE
EIQ_RACE_6128370719E6DEAA,EIQ_HORSE_63B4A9539EEA9478,2026,-0.09564349840698072,EIQ_HORSE_8E444E87DF594E87,EIQ_HORSE_8E444E87DF594E87,SAME_FAVOURITE,False,False,SAME_FAVOURITE
EIQ_RACE_6132901DF96D250E,EIQ_HORSE_5147F3C6206A5A25,2021,0.043859825684743114,EIQ_HORSE_FDDC905BFA28C737,EIQ_HORSE_FDDC905BFA28C737,SAME_FAVOURITE,False,False,SAME_FAVOURITE
EIQ_RACE_613385C6EB7BC417,EIQ_HORSE_A11DB596452425E3,2024,0.013084100444729962,EIQ_HORSE_D924AB8917367493,EIQ_HORSE_D924AB8917367493,SAME_FAVOURITE,False,False,SAME_FAVOURITE
EIQ_RACE_6136A5F44727CE12,EIQ_HORSE_091E7CBBFF747507,2026,0.02835123051326427,EIQ_HORSE_62A5D5388358F5A1,EIQ_HORSE_62A5D5388358F5A1,SAME_FAVOURITE,False,False,SAME_FAVOURITE
EIQ_RACE_61393E0749BEA5D8,EIQ_HORSE_7C9AC423EA04B2C6,2021,-0.11129565956970877,EIQ_HORSE_7C9AC423EA04B2C6,EIQ_HORSE_7C9AC423EA04B2C6,SAME_FAVOURITE,True,True,SAME_FAVOURITE
EIQ_RACE_613CEC519DFAC26A,EIQ_HORSE_81F290F2D7ADB906,2021,-0.10774500594629544,EIQ_HORSE_278E09F9174A161B,EIQ_HORSE_278E09F9174A161B,SAME_FAVOURITE,False,False,SAME_FAVOURITE
EIQ_RACE_61424CD99B404E0D,EIQ_HORSE_51CD162BCC50EDBC,2023,0.06979984336347833,EIQ_HORSE_BEE877EADC360E8E,EIQ_HORSE_BEE877EADC360E8E,SAME_FAVOURITE,False,False,SAME_FAVOURITE
EIQ_RACE_6152EA736750FD74,EIQ_HORSE_AD395B62F92DA250,2025,-0.05316736429832436,EIQ_HORSE_AD395B62F92DA250,EIQ_HORSE_087E75632D01055C,CHALLENGER_CHANGED_FAVOURITE,True,False,STRICT_CORRECT_DROP_WRONG
EIQ_RACE_6158BEB8D9F78B21,EIQ_HORSE_6A96F60996D41BDB,2024,-0.10534373920763462,EIQ_HORSE_9FE5F3AF13EDB41D,EIQ_HORSE_9FE5F3AF13EDB41D,SAME_FAVOURITE,False,False,SAME_FAVOURITE
EIQ_RACE_61616587BD09EC60,EIQ_HORSE_49B338857CBD52B8,2023,0.0504245192449706,EIQ_HORSE_FBEE799803B8BDB3,EIQ_HORSE_78FD7CE041E70CBA,CHALLENGER_CHANGED_FAVOURITE,False,False,BOTH_WRONG
EIQ_RACE_61717BD0C65B5875,EIQ_HORSE_7FBF9E671EA0B0B5,2023,-0.1224390931551087,EIQ_HORSE_63F187DB3D322EEF,EIQ_HORSE_63F187DB3D322EEF,SAME_FAVOURITE,False,False,SAME_FAVOURITE
EIQ_RACE_617BD778EEF691FE,EIQ_HORSE_21B1045787456D37,2025,0.0053331576818445026,EIQ_HORSE_21B1045787456D37,EIQ_HORSE_21B1045787456D37,SAME_FAVOURITE,True,True,SAME_FAVOURITE
EIQ_RACE_6191CD2E0C3B8751,EIQ_HORSE_7C87A1C40A483258,2026,-0.10516250989654274,EIQ_HORSE_64988DC39554603E,EIQ_HORSE_64988DC39554603E,SAME_FAVOURITE,False,False,SAME_FAVOURITE
EIQ_RACE_61AB242E7F3FE676,EIQ_HORSE_4FEB83F246A0435B,2025,0.0341327556522244,EIQ_HORSE_4FEB83F246A0435B,EIQ_HORSE_4FEB83F246A0435B,SAME_FAVOURITE,True,True,SAME_FAVOURITE
EIQ_RACE_61BA1F867CD6A41C,EIQ_HORSE_5AFE20E27894FD2E,2025,0.002804994735119859,EIQ_HORSE_0EE9F5F65D56C107,EIQ_HORSE_0EE9F5F65D56C107,SAME_FAVOURITE,False,False,SAME_FAVOURITE
EIQ_RACE_61BEE51FD7970B48,EIQ_HORSE_71C7DD3FE8AF5D32,2026,-0.12446426733583182,EIQ_HORSE_421AB546C5BC82AF,EIQ_HORSE_421AB546C5BC82AF,SAME_FAVOURITE,False,False,SAME_FAVOURITE
EIQ_RACE_61C13662873DDAD8,EIQ_HORSE_8E5A7BB64CEACF92,2025,-0.1826382080008755,EIQ_HORSE_804C4C0CCB96ABEF,EIQ_HORSE_804C4C0CCB96ABEF,SAME_FAVOURITE,False,False,SAME_FAVOURITE
EIQ_RACE_61C66DC96EB751EC,EIQ_HORSE_54619B05BAEAB8C9,2026,0.042472664551540085,EIQ_HORSE_7D445441D0E9F26F,EIQ_HORSE_7D445441D0E9F26F,SAME_FAVOURITE,False,False,SAME_FAVOURITE
EIQ_RACE_61C883922880C65E,EIQ_HORSE_2820721BEA781A65,2025,0.09022900438270987,EIQ_HORSE_03B6EDD170A204BA,EIQ_HORSE_03B6EDD170A204BA,SAME_FAVOURITE,False,False,SAME_FAVOURITE
EIQ_RACE_61CCE01B7E2AE988,EIQ_HORSE_F078846674EC6628,2025,0.009957949841737701,EIQ_HORSE_9D78EA49FF1D370A,EIQ_HORSE_9D78EA49FF1D370A,SAME_FAVOURITE,False,False,SAME_FAVOURITE
EIQ_RACE_61E6FC896E726A6C,EIQ_HORSE_524E35E9E509F019,2024,-0.18866528833967955,EIQ_HORSE_844B91AB803A9AEE,EIQ_HORSE_844B91AB803A9AEE,SAME_FAVOURITE,False,False,SAME_FAVOURITE
EIQ_RACE_61FDEB9D70DC217D,EIQ_HORSE_ECF29DBB20848F14,2025,0.10322997149290791,EIQ_HORSE_ECF29DBB20848F14,EIQ_HORSE_ECF29DBB20848F14,SAME_FAVOURITE,True,True,SAME_FAVOURITE
EIQ_RACE_620E3313002C180D,EIQ_HORSE_FEDE0DC4992F1C96,2023,0.032223168682293135,EIQ_HORSE_9AC30B605CE14956,EIQ_HORSE_9AC30B605CE14956,SAME_FAVOURITE,False,False,SAME_FAVOURITE
EIQ_RACE_62140E9D70621CE4,EIQ_HORSE_18AD37443FEBA2A6,2023,-0.0904494517886314,EIQ_HORSE_E4E55A074CB56231,EIQ_HORSE_E4E55A074CB56231,SAME_FAVOURITE,False,False,SAME_FAVOURITE
EIQ_RACE_621BA8DC2E674681,EIQ_HORSE_8EF0A2D37B7ACCE7,2025,-0.0959861374557236,EIQ_HORSE_B5F25A4917B1025E,EIQ_HORSE_B5F25A4917B1025E,SAME_FAVOURITE,False,False,SAME_FAVOURITE
EIQ_RACE_621F96BFF2BD4C2A,EIQ_HORSE_65A8D8F05192F64F,2021,0.3873053568623859,EIQ_HORSE_8E9392039C9EF2FE,EIQ_HORSE_8E9392039C9EF2FE,SAME_FAVOURITE,False,False,SAME_FAVOURITE
EIQ_RACE_624100094490A3B5,EIQ_HORSE_501DA27D572CEB7A,2025,-0.07573685729538937,EIQ_HORSE_087E75632D01055C,EIQ_HORSE_087E75632D01055C,SAME_FAVOURITE,False,False,SAME_FAVOURITE
EIQ_RACE_624128DEAA14F8A6,EIQ_HORSE_7143CC5A2B9610E4,2024,-0.1162830007343234,EIQ_HORSE_12120FD612134E98,EIQ_HORSE_12120FD612134E98,SAME_FAVOURITE,False,False,SAME_FAVOURITE
EIQ_RACE_6250B6113984F726,EIQ_HORSE_723A657D65D2BB57,2021,-0.031148274284687805,EIQ_HORSE_66904EEDF24E49F8,EIQ_HORSE_66904EEDF24E49F8,SAME_FAVOURITE,False,False,SAME_FAVOURITE
EIQ_RACE_6251819642A86040,EIQ_HORSE_49B338857CBD52B8,2022,-0.10571528898731586,EIQ_HORSE_DEF89ECCFA04085C,EIQ_HORSE_DEF89ECCFA04085C,SAME_FAVOURITE,False,False,SAME_FAVOURITE
EIQ_RACE_625B5F510011780E,EIQ_HORSE_AEF119BD403C1F16,2024,0.014567544490395212,EIQ_HORSE_AEF119BD403C1F16,EIQ_HORSE_AEF119BD403C1F16,SAME_FAVOURITE,True,True,SAME_FAVOURITE
EIQ_RACE_626CBDDF1761A946,EIQ_HORSE_7CA483AF1FFBB399,2023,0.06792374333929208,EIQ_HORSE_3F43875CA33BFD53,EIQ_HORSE_7CA483AF1FFBB399,CHALLENGER_CHANGED_FAVOURITE,False,True,STRICT_WRONG_DROP_CORRECT
EIQ_RACE_626D8A4F9B7EE6B4,EIQ_HORSE_EB80E8D2936EA797,2026,0.049314216943235234,EIQ_HORSE_EB80E8D2936EA797,EIQ_HORSE_EB80E8D2936EA797,SAME_FAVOURITE,True,True,SAME_FAVOURITE
EIQ_RACE_6271045769DC0A0F,EIQ_HORSE_73AF72F8C266BDEE,2024,0.012231575047348509,EIQ_HORSE_CB4B80CE9DCB5897,EIQ_HORSE_CB4B80CE9DCB5897,SAME_FAVOURITE,False,False,SAME_FAVOURITE
EIQ_RACE_6283DB0969F5A2CC,EIQ_HORSE_FA9AE4E372942ACB,2025,0.036863437935168,EIQ_HORSE_FA9AE4E372942ACB,EIQ_HORSE_FA9AE4E372942ACB,SAME_FAVOURITE,True,True,SAME_FAVOURITE
EIQ_RACE_62A208823CC1B09A,EIQ_HORSE_844B91AB803A9AEE,2024,0.0701366343579517,EIQ_HORSE_4F6CA061315D9B4E,EIQ_HORSE_4F6CA061315D9B4E,SAME_FAVOURITE,False,False,SAME_FAVOURITE
EIQ_RACE_62AB02D594DF3A60,EIQ_HORSE_3FF7556CC5D605F9,2023,-0.10657740561241713,EIQ_HORSE_3FF7556CC5D605F9,EIQ_HORSE_3FF7556CC5D605F9,SAME_FAVOURITE,True,True,SAME_FAVOURITE
EIQ_RACE_62C4B4AEA631C717,EIQ_HORSE_DE92E52ECE63782D,2026,-0.016509562297690294,EIQ_HORSE_B3941B0EF4A65D94,EIQ_HORSE_B3941B0EF4A65D94,SAME_FAVOURITE,False,False,SAME_FAVOURITE
EIQ_RACE_62D0ED7BCA8C5825,EIQ_HORSE_F4D95DBE12C45719,2023,0.18361365133279461,EIQ_HORSE_8A0A05B20C591FCD,EIQ_HORSE_8A0A05B20C591FCD,SAME_FAVOURITE,False,False,SAME_FAVOURITE
EIQ_RACE_62DC3B235CA294E8,EIQ_HORSE_B76BF8443AF85B8A,2023,0.023298867490095798,EIQ_HORSE_B76BF8443AF85B8A,EIQ_HORSE_B76BF8443AF85B8A,SAME_FAVOURITE,True,True,SAME_FAVOURITE
EIQ_RACE_62DFEFA7A6C16DCC,EIQ_HORSE_613A865B91979C1B,2023,0.0038697789783534997,EIQ_HORSE_E112298D1B9ACCC0,EIQ_HORSE_E112298D1B9ACCC0,SAME_FAVOURITE,False,False,SAME_FAVOURITE
EIQ_RACE_62EB7933F9C3ABAA,EIQ_HORSE_AEF1683B0D2BAAFE,2023,0.039702325597672505,EIQ_HORSE_62CF170E079BB404,EIQ_HORSE_62CF170E079BB404,SAME_FAVOURITE,False,False,SAME_FAVOURITE
EIQ_RACE_62F72E91504108CD,EIQ_HORSE_35B0012CAAA09BEE,2021,-0.07715789004971652,EIQ_HORSE_35B0012CAAA09BEE,EIQ_HORSE_35B0012CAAA09BEE,SAME_FAVOURITE,True,True,SAME_FAVOURITE
EIQ_RACE_6303CCF3BAD2E1A0,EIQ_HORSE_DC4411FAE87ADDA1,2025,0.3282304563080167,EIQ_HORSE_8E41D43D861A30B7,EIQ_HORSE_8E41D43D861A30B7,SAME_FAVOURITE,False,False,SAME_FAVOURITE
EIQ_RACE_63102DCA2C1000CE,EIQ_HORSE_77EE4F707CF0046A,2023,0.0004952450636457328,EIQ_HORSE_7A6B8118358B52D8,EIQ_HORSE_7A6B8118358B52D8,SAME_FAVOURITE,False,False,SAME_FAVOURITE
EIQ_RACE_63106E58494FB587,EIQ_HORSE_A27534756EBC9B3E,2025,0.08674782901073064,EIQ_HORSE_73BC3E108C85D003,EIQ_HORSE_B6BB0C85ACA99093,CHALLENGER_CHANGED_FAVOURITE,False,False,BOTH_WRONG
EIQ_RACE_631C93C227989B06,EIQ_HORSE_164F96ABBA8A4A0D,2026,-0.061407241405553314,EIQ_HORSE_EA02D5F02237AA44,EIQ_HORSE_EA02D5F02237AA44,SAME_FAVOURITE,False,False,SAME_FAVOURITE
EIQ_RACE_631F39393B41D844,EIQ_HORSE_FD68F4F96203C339,2022,-0.008305316638862692,EIQ_HORSE_B4B060CCC6FA6BAA,EIQ_HORSE_B4B060CCC6FA6BAA,SAME_FAVOURITE,False,False,SAME_FAVOURITE
EIQ_RACE_63468869E00360BF,EIQ_HORSE_ED4887DEF37E8712,2023,0.04974871432318628,EIQ_HORSE_ED4887DEF37E8712,EIQ_HORSE_ED4887DEF37E8712,SAME_FAVOURITE,True,True,SAME_FAVOURITE
EIQ_RACE_634809684FA222A3,EIQ_HORSE_CF64094FEAF966DC,2023,-0.018587529884481757,EIQ_HORSE_33E345A653DADF86,EIQ_HORSE_3364FF37162B7365,CHALLENGER_CHANGED_FAVOURITE,False,False,BOTH_WRONG
EIQ_RACE_6350C6E010D7AABB,EIQ_HORSE_8CC091C5154DADA2,2025,-0.07743342421221588,EIQ_HORSE_EB7E328355DC51DA,EIQ_HORSE_EB7E328355DC51DA,SAME_FAVOURITE,False,False,SAME_FAVOURITE
EIQ_RACE_635417621572091F,EIQ_HORSE_AECE81D7F1C07920,2023,0.04528897405651211,EIQ_HORSE_D38B2F9191F3D21D,EIQ_HORSE_D38B2F9191F3D21D,SAME_FAVOURITE,False,False,SAME_FAVOURITE
EIQ_RACE_635CE355D3DC3B7E,EIQ_HORSE_67C8ED55D0F773D7,2021,-0.05252299656872217,EIQ_HORSE_67C8ED55D0F773D7,EIQ_HORSE_67C8ED55D0F773D7,SAME_FAVOURITE,True,True,SAME_FAVOURITE
EIQ_RACE_6386DDE18AF46C73,EIQ_HORSE_E71C58AC45BA9504,2026,0.009792623523150468,EIQ_HORSE_D1C15E330DC99ADE,EIQ_HORSE_0AE61FC82838CB13,CHALLENGER_CHANGED_FAVOURITE,False,False,BOTH_WRONG
EIQ_RACE_63A44FF54BF06D0F,EIQ_HORSE_DF0B226EA9560FD8,2021,-0.03414392363030605,EIQ_HORSE_DF0B226EA9560FD8,EIQ_HORSE_DF0B226EA9560FD8,SAME_FAVOURITE,True,True,SAME_FAVOURITE
EIQ_RACE_63AADF3476E0F2D2,EIQ_HORSE_580EC79354CB6642,2021,0.04689823343313848,EIQ_HORSE_25E7B49A0BBAB39D,EIQ_HORSE_25E7B49A0BBAB39D,SAME_FAVOURITE,False,False,SAME_FAVOURITE
EIQ_RACE_63AD88D513C29959,EIQ_HORSE_C8FB108DCA591235,2025,0.026623013969006237,EIQ_HORSE_C8FB108DCA591235,EIQ_HORSE_C8FB108DCA591235,SAME_FAVOURITE,True,True,SAME_FAVOURITE
EIQ_RACE_63B5AB2B72E4DB32,EIQ_HORSE_8F13A2E29869065E,2024,0.07531679907118116,EIQ_HORSE_FDC71D790D78695F,EIQ_HORSE_310D31076AED6ED0,CHALLENGER_CHANGED_FAVOURITE,False,False,BOTH_WRONG
EIQ_RACE_63B9C7586770FCF9,EIQ_HORSE_EEC48FA2EE073CD1,2025,-0.07098739106666208,EIQ_HORSE_EEC48FA2EE073CD1,EIQ_HORSE_EEC48FA2EE073CD1,SAME_FAVOURITE,True,True,SAME_FAVOURITE
EIQ_RACE_63C2FB6A425EC304,EIQ_HORSE_7F2CFD941F4CCEC5,2024,0.019597547478942934,EIQ_HORSE_7F2CFD941F4CCEC5,EIQ_HORSE_7F2CFD941F4CCEC5,SAME_FAVOURITE,True,True,SAME_FAVOURITE
EIQ_RACE_63D7966C78AB32F2,EIQ_HORSE_5EBBE7C9AC237F31,2024,-0.020252938929799402,EIQ_HORSE_5148D5D14CAC6ACE,EIQ_HORSE_5148D5D14CAC6ACE,SAME_FAVOURITE,False,False,SAME_FAVOURITE
EIQ_RACE_63DEDC7A58A21425,EIQ_HORSE_A66C4AAADD525B68,2021,-0.03784383396548874,EIQ_HORSE_D4E1AD4CED0C2495,EIQ_HORSE_D4E1AD4CED0C2495,SAME_FAVOURITE,False,False,SAME_FAVOURITE
EIQ_RACE_63E3B0A58AF9428B,EIQ_HORSE_EDCD23D7673CB90A,2021,0.07884519287469116,EIQ_HORSE_2B6F05E1BA5B6ECE,EIQ_HORSE_2B6F05E1BA5B6ECE,SAME_FAVOURITE,False,False,SAME_FAVOURITE
EIQ_RACE_63E5921167A56BD2,EIQ_HORSE_0568AF16648DA7D0,2021,0.12728842040584643,EIQ_HORSE_AB7084E866DCBC2F,EIQ_HORSE_AB7084E866DCBC2F,SAME_FAVOURITE,False,False,SAME_FAVOURITE
EIQ_RACE_63F74F8157590B15,EIQ_HORSE_D62E8AE2F9DD7668,2026,0.07451003554127311,EIQ_HORSE_B648BFB89F3058D4,EIQ_HORSE_B648BFB89F3058D4,SAME_FAVOURITE,False,False,SAME_FAVOURITE
EIQ_RACE_63FAA4CDCE88089A,EIQ_HORSE_DF06D3C86A99757A,2026,0.004310810906773543,EIQ_HORSE_D1C15E330DC99ADE,EIQ_HORSE_D1C15E330DC99ADE,SAME_FAVOURITE,False,False,SAME_FAVOURITE
EIQ_RACE_6402678E109D9749,EIQ_HORSE_2AFB20C8AB1731BD,2024,0.01849612172801174,EIQ_HORSE_2AFB20C8AB1731BD,EIQ_HORSE_2AFB20C8AB1731BD,SAME_FAVOURITE,True,True,SAME_FAVOURITE
EIQ_RACE_6414DCC1A2F12409,EIQ_HORSE_157B0F4A6EA4EB07,2021,0.12571767761621233,EIQ_HORSE_2A6E87DED058146D,EIQ_HORSE_2A6E87DED058146D,SAME_FAVOURITE,False,False,SAME_FAVOURITE
EIQ_RACE_6416E0AD19F0689B,EIQ_HORSE_9B50A6D6C9ECCB80,2025,0.01912598147622946,EIQ_HORSE_CC77DC8CC730CDE3,EIQ_HORSE_CC77DC8CC730CDE3,SAME_FAVOURITE,False,False,SAME_FAVOURITE
EIQ_RACE_641AE30E06F0AD6F,EIQ_HORSE_3A6B0C4682E8E091,2023,-0.036635910918987546,EIQ_HORSE_3A6B0C4682E8E091,EIQ_HORSE_3A6B0C4682E8E091,SAME_FAVOURITE,True,True,SAME_FAVOURITE
EIQ_RACE_641B77B4D17C124E,EIQ_HORSE_1B1310C2E8B86964,2025,0.09654044355441238,EIQ_HORSE_6B6BB7FD16B4FCB2,EIQ_HORSE_6B6BB7FD16B4FCB2,SAME_FAVOURITE,False,False,SAME_FAVOURITE
EIQ_RACE_642484A9B59DDAF5,EIQ_HORSE_4415D85C988E6FB8,2023,0.11573053889713947,EIQ_HORSE_58C7AF1476D90DB4,EIQ_HORSE_58C7AF1476D90DB4,SAME_FAVOURITE,False,False,SAME_FAVOURITE
EIQ_RACE_64261B9D0A043C29,EIQ_HORSE_7487D421DB63F424,2025,0.07365189978505216,EIQ_HORSE_4BA4081636483B1E,EIQ_HORSE_4BA4081636483B1E,SAME_FAVOURITE,False,False,SAME_FAVOURITE
EIQ_RACE_644AAC61208B50EE,EIQ_HORSE_4ED7FCEFD7B365D1,2021,-0.1196355266273097,EIQ_HORSE_A9ECE6813B33A521,EIQ_HORSE_A9ECE6813B33A521,SAME_FAVOURITE,False,False,SAME_FAVOURITE
EIQ_RACE_64520EBB6CCAB643,EIQ_HORSE_E2292F7CFD9BBB1E,2024,-0.02852061747422363,EIQ_HORSE_26AE1E2362B515CD,EIQ_HORSE_26AE1E2362B515CD,SAME_FAVOURITE,False,False,SAME_FAVOURITE
EIQ_RACE_6461EB679661B53B,EIQ_HORSE_3D10671D603D1F9B,2023,-0.20564008340473627,EIQ_HORSE_3583200B2642FC87,EIQ_HORSE_3583200B2642FC87,SAME_FAVOURITE,False,False,SAME_FAVOURITE
EIQ_RACE_646BE5ABA4D07DB9,EIQ_HORSE_469A21B6B0C9E54C,2025,0.06491278769875564,EIQ_HORSE_E3B711905ED595D9,EIQ_HORSE_E3B711905ED595D9,SAME_FAVOURITE,False,False,SAME_FAVOURITE
EIQ_RACE_646ED369D624ACF9,EIQ_HORSE_3703C02D1AB1CE56,2023,-0.023162481691167525,EIQ_HORSE_2487FB968680230F,EIQ_HORSE_2487FB968680230F,SAME_FAVOURITE,False,False,SAME_FAVOURITE
EIQ_RACE_647887DFC242CC98,EIQ_HORSE_14D041F296749F87,2023,-0.05278489541801035,EIQ_HORSE_9724449E9FAD9A13,EIQ_HORSE_9724449E9FAD9A13,SAME_FAVOURITE,False,False,SAME_FAVOURITE
EIQ_RACE_647BA6C1A5E57D1B,EIQ_HORSE_A18315D47FEFB7E4,2023,-0.038113012633669285,EIQ_HORSE_518A0626FF9AC683,EIQ_HORSE_518A0626FF9AC683,SAME_FAVOURITE,False,False,SAME_FAVOURITE
EIQ_RACE_648F5A7CC17EB684,EIQ_HORSE_7255E0EC53337BDB,2023,0.04346107707511715,EIQ_HORSE_2AFB20C8AB1731BD,EIQ_HORSE_2AFB20C8AB1731BD,SAME_FAVOURITE,False,False,SAME_FAVOURITE
EIQ_RACE_649F2740BAF15D13,EIQ_HORSE_F87952C1C294E5B2,2025,-0.06384793954803669,EIQ_HORSE_F87952C1C294E5B2,EIQ_HORSE_F87952C1C294E5B2,SAME_FAVOURITE,True,True,SAME_FAVOURITE
EIQ_RACE_649F7B08A5D40026,EIQ_HORSE_A8554F158C13B17A,2024,-0.038318301952466216,EIQ_HORSE_A8554F158C13B17A,EIQ_HORSE_F36AD72B2319F921,CHALLENGER_CHANGED_FAVOURITE,True,False,STRICT_CORRECT_DROP_WRONG
EIQ_RACE_64AF79CC7B754C07,EIQ_HORSE_391AF74F53775E6F,2026,0.00596504777480189,EIQ_HORSE_BAD9B16ADE4B5F65,EIQ_HORSE_BAD9B16ADE4B5F65,SAME_FAVOURITE,False,False,SAME_FAVOURITE
EIQ_RACE_64B299A70CB1ABD9,EIQ_HORSE_45CC42C9A88F844E,2025,-0.03235477061539749,EIQ_HORSE_42A939F537E87946,EIQ_HORSE_42A939F537E87946,SAME_FAVOURITE,False,False,SAME_FAVOURITE
EIQ_RACE_64B6886F5603F13A,EIQ_HORSE_43DB7DC7CA6842DE,2024,-0.021051962239070576,EIQ_HORSE_2B1AA3F10B8912B3,EIQ_HORSE_2B1AA3F10B8912B3,SAME_FAVOURITE,False,False,SAME_FAVOURITE
EIQ_RACE_64B6956FAF44E5E2,EIQ_HORSE_EAB8528975213A33,2022,0.006043434721242136,EIQ_HORSE_F22A1DBADC1309AD,EIQ_HORSE_F22A1DBADC1309AD,SAME_FAVOURITE,False,False,SAME_FAVOURITE
EIQ_RACE_64CA6F3A1DCB4DE1,EIQ_HORSE_119991D4466BA11C,2024,0.04274329947658151,EIQ_HORSE_AD7F68C6F6F9C2C3,EIQ_HORSE_AD7F68C6F6F9C2C3,SAME_FAVOURITE,False,False,SAME_FAVOURITE
EIQ_RACE_64CE4A11090568BC,EIQ_HORSE_325BA1E1732219FE,2021,0.0670021857017109,EIQ_HORSE_2F2B0BA6DBC67A63,EIQ_HORSE_2F2B0BA6DBC67A63,SAME_FAVOURITE,False,False,SAME_FAVOURITE
EIQ_RACE_64D34E9601F26F02,EIQ_HORSE_EEF7215037013464,2025,-0.0038474363866900507,EIQ_HORSE_EEF7215037013464,EIQ_HORSE_EEF7215037013464,SAME_FAVOURITE,True,True,SAME_FAVOURITE
EIQ_RACE_64D8FCD30866030F,EIQ_HORSE_5FDB78ED03C1B03A,2021,0.0940641301149796,EIQ_HORSE_B4B430EDE552DC1F,EIQ_HORSE_B4B430EDE552DC1F,SAME_FAVOURITE,False,False,SAME_FAVOURITE
EIQ_RACE_64DE100F8ADD8E10,EIQ_HORSE_D0AC18CA9B1F1F3F,2024,-0.10780378318528094,EIQ_HORSE_1325996C9CCBD9D8,EIQ_HORSE_1325996C9CCBD9D8,SAME_FAVOURITE,False,False,SAME_FAVOURITE
EIQ_RACE_64E1FFAA21C11703,EIQ_HORSE_940F68FD9873ADBA,2024,-0.02486866579581326,EIQ_HORSE_E0A23DBBA982BA8D,EIQ_HORSE_E0A23DBBA982BA8D,SAME_FAVOURITE,False,False,SAME_FAVOURITE
EIQ_RACE_64E5096A6046DD47,EIQ_HORSE_80E9F0728B593161,2023,0.20781076068988558,EIQ_HORSE_FB50B5E90730CA61,EIQ_HORSE_2F09DA4A9C62E6FA,CHALLENGER_CHANGED_FAVOURITE,False,False,BOTH_WRONG
EIQ_RACE_64E920D69982C93F,EIQ_HORSE_BC1FE92AD392979B,2024,0.053545954869828716,EIQ_HORSE_81AF5A59D71C84F0,EIQ_HORSE_BC1FE92AD392979B,CHALLENGER_CHANGED_FAVOURITE,False,True,STRICT_WRONG_DROP_CORRECT
EIQ_RACE_64FA8D408081C491,EIQ_HORSE_926669DB6CAAB51E,2023,0.07124732404819212,EIQ_HORSE_926669DB6CAAB51E,EIQ_HORSE_926669DB6CAAB51E,SAME_FAVOURITE,True,True,SAME_FAVOURITE
EIQ_RACE_6503B6B7D4E23A9F,EIQ_HORSE_63057E73A5A7B5A3,2026,0.20120260964412906,EIQ_HORSE_AF149DF2486071E4,EIQ_HORSE_AF149DF2486071E4,SAME_FAVOURITE,False,False,SAME_FAVOURITE
EIQ_RACE_6505968FCE653B77,EIQ_HORSE_8F4F6FD674FC5098,2023,0.09089138141631725,EIQ_HORSE_51D24B2580895905,EIQ_HORSE_51D24B2580895905,SAME_FAVOURITE,False,False,SAME_FAVOURITE
EIQ_RACE_650DC7C0F1712B78,EIQ_HORSE_92E30C6EC9B5AF51,2024,-0.007380482693733814,EIQ_HORSE_C286F6E5ACE0634F,EIQ_HORSE_C286F6E5ACE0634F,SAME_FAVOURITE,False,False,SAME_FAVOURITE
EIQ_RACE_652E613C3BAC6DDB,EIQ_HORSE_80222D51ABD27B89,2021,-0.010726408975326951,EIQ_HORSE_B4D0D3BA79043B9F,EIQ_HORSE_B4D0D3BA79043B9F,SAME_FAVOURITE,False,False,SAME_FAVOURITE
EIQ_RACE_654E9FFEA24AABBF,EIQ_HORSE_E525D3C1E13DF52C,2023,0.02370829438173394,EIQ_HORSE_751635E2B0712955,EIQ_HORSE_751635E2B0712955,SAME_FAVOURITE,False,False,SAME_FAVOURITE
EIQ_RACE_6557AD2A96A4F0C5,EIQ_HORSE_75B35398F54E6E13,2025,0.09869173998658942,EIQ_HORSE_75B35398F54E6E13,EIQ_HORSE_75B35398F54E6E13,SAME_FAVOURITE,True,True,SAME_FAVOURITE
EIQ_RACE_6558F5C7149538F2,EIQ_HORSE_EFF1D7C3EFA4FAB2,2024,0.02375306833678348,EIQ_HORSE_975954BE3F3E910E,EIQ_HORSE_957474D549C6378B,CHALLENGER_CHANGED_FAVOURITE,False,False,BOTH_WRONG
EIQ_RACE_655AE8D916B64754,EIQ_HORSE_583D83C487FDAC70,2025,0.041101784987501055,EIQ_HORSE_8F89D47F66F70445,EIQ_HORSE_8F89D47F66F70445,SAME_FAVOURITE,False,False,SAME_FAVOURITE
EIQ_RACE_655DACF9C4A6FD4A,EIQ_HORSE_89EDBE908DA36E46,2023,-0.03299415252364635,EIQ_HORSE_89EDBE908DA36E46,EIQ_HORSE_89EDBE908DA36E46,SAME_FAVOURITE,True,True,SAME_FAVOURITE
EIQ_RACE_65627FAAA4ECB5DF,EIQ_HORSE_4A25BA4A365C5557,2024,-0.050969847166617566,EIQ_HORSE_CCC576E8693AF999,EIQ_HORSE_CCC576E8693AF999,SAME_FAVOURITE,False,False,SAME_FAVOURITE
EIQ_RACE_65789690BA85C2D3,EIQ_HORSE_468D3C7BCA337C3B,2021,0.023164778764666494,EIQ_HORSE_3F38A562D356C1D8,EIQ_HORSE_3F38A562D356C1D8,SAME_FAVOURITE,False,False,SAME_FAVOURITE
EIQ_RACE_657FF1ECFA74800A,EIQ_HORSE_899E212231EEE5C7,2023,0.055216196740007106,EIQ_HORSE_8B7AAF983994B68C,EIQ_HORSE_8B7AAF983994B68C,SAME_FAVOURITE,False,False,SAME_FAVOURITE
EIQ_RACE_658D5D194CE38A6F,EIQ_HORSE_C09853DD016013A0,2021,0.10603017627913403,EIQ_HORSE_BD51A1CCBB4367F1,EIQ_HORSE_BD51A1CCBB4367F1,SAME_FAVOURITE,False,False,SAME_FAVOURITE
EIQ_RACE_658DF146D7AE1296,EIQ_HORSE_A19FAEA20B30661F,2021,-0.018086688020340524,EIQ_HORSE_B3CD4A7B3A09E1B6,EIQ_HORSE_B3CD4A7B3A09E1B6,SAME_FAVOURITE,False,False,SAME_FAVOURITE
EIQ_RACE_659E68C567C7B3A7,EIQ_HORSE_2A19C8EFB6674D94,2024,0.05225647985618087,EIQ_HORSE_A8635A1FB2232856,EIQ_HORSE_A8635A1FB2232856,SAME_FAVOURITE,False,False,SAME_FAVOURITE
EIQ_RACE_65BB7BE4432D6338,EIQ_HORSE_5FD5F6472C5236DD,2025,-0.12605766038724187,EIQ_HORSE_5EA6A058A94A76BC,EIQ_HORSE_5EA6A058A94A76BC,SAME_FAVOURITE,False,False,SAME_FAVOURITE
EIQ_RACE_65C439693716E27F,EIQ_HORSE_3FC5430D10891D6A,2021,0.09402137714904013,EIQ_HORSE_5648B45EB5D8EE28,EIQ_HORSE_5648B45EB5D8EE28,SAME_FAVOURITE,False,False,SAME_FAVOURITE
EIQ_RACE_65E2D8312E48E104,EIQ_HORSE_C1C8FB73C65EAF55,2024,-0.02339634735325058,EIQ_HORSE_09D89B7A368D70A7,EIQ_HORSE_09D89B7A368D70A7,SAME_FAVOURITE,False,False,SAME_FAVOURITE
EIQ_RACE_65FBC0C196BDF09A,EIQ_HORSE_7DEDDDA6B1CE1CB6,2024,0.026833258842603236,EIQ_HORSE_1AAD77EBA934F047,EIQ_HORSE_1AAD77EBA934F047,SAME_FAVOURITE,False,False,SAME_FAVOURITE
EIQ_RACE_6602EC021FF26356,EIQ_HORSE_CA8ADE35A5C5650D,2021,0.12047718072879832,EIQ_HORSE_C02B4EE1AB97F15A,EIQ_HORSE_C02B4EE1AB97F15A,SAME_FAVOURITE,False,False,SAME_FAVOURITE
EIQ_RACE_6606BF0911CED5AE,EIQ_HORSE_E0E4EFD26358AAFA,2023,0.11341303949593651,EIQ_HORSE_8394A5643ED24C81,EIQ_HORSE_8394A5643ED24C81,SAME_FAVOURITE,False,False,SAME_FAVOURITE
EIQ_RACE_660909196FC3EEAA,EIQ_HORSE_A9B9D19D232243C4,2021,0.06435747576716633,EIQ_HORSE_606F447E898CC228,EIQ_HORSE_606F447E898CC228,SAME_FAVOURITE,False,False,SAME_FAVOURITE
EIQ_RACE_6613F3BDDF2B78A4,EIQ_HORSE_13CCAEFCCE28B1F8,2023,0.07171459891010601,EIQ_HORSE_324EF72315906D49,EIQ_HORSE_324EF72315906D49,SAME_FAVOURITE,False,False,SAME_FAVOURITE
EIQ_RACE_66147E7991AB68A9,EIQ_HORSE_166E67951DE70CFB,2024,0.11075079820635358,EIQ_HORSE_65E16BD7EC64A448,EIQ_HORSE_65E16BD7EC64A448,SAME_FAVOURITE,False,False,SAME_FAVOURITE
EIQ_RACE_662AB30E7637BE7E,EIQ_HORSE_F034CCCED48D1DF2,2021,0.07492443038139385,EIQ_HORSE_361EDE47CBDEDD74,EIQ_HORSE_361EDE47CBDEDD74,SAME_FAVOURITE,False,False,SAME_FAVOURITE
EIQ_RACE_664D725F51CACDCA,EIQ_HORSE_52749931B3775698,2021,-0.02513831988242421,EIQ_HORSE_9B4038DC488727B0,EIQ_HORSE_9B4038DC488727B0,SAME_FAVOURITE,False,False,SAME_FAVOURITE
EIQ_RACE_6651BEA9AB1D31D1,EIQ_HORSE_41FA7A8D369A0B1E,2025,-0.0196415432212389,EIQ_HORSE_2E470952ACBBFC2E,EIQ_HORSE_2E470952ACBBFC2E,SAME_FAVOURITE,False,False,SAME_FAVOURITE
EIQ_RACE_6661BC5D8450089F,EIQ_HORSE_4D61D96F8C61B83C,2021,-0.07635011552793425,EIQ_HORSE_25E7B49A0BBAB39D,EIQ_HORSE_3F2D4A69596AC088,CHALLENGER_CHANGED_FAVOURITE,False,False,BOTH_WRONG
EIQ_RACE_666333045397127B,EIQ_HORSE_687A3189B5D9B2D3,2025,-0.009126642507536031,EIQ_HORSE_F2AC59FFE3A359F0,EIQ_HORSE_F2AC59FFE3A359F0,SAME_FAVOURITE,False,False,SAME_FAVOURITE
EIQ_RACE_667477D98A6AE896,EIQ_HORSE_FC28650406964EE2,2024,0.07379242778742423,EIQ_HORSE_1E4365D07B0B6630,EIQ_HORSE_1E4365D07B0B6630,SAME_FAVOURITE,False,False,SAME_FAVOURITE
EIQ_RACE_6696C4C3F92E117C,EIQ_HORSE_34BDE6099AA536A7,2023,-0.0674223784101664,EIQ_HORSE_34BDE6099AA536A7,EIQ_HORSE_34BDE6099AA536A7,SAME_FAVOURITE,True,True,SAME_FAVOURITE
EIQ_RACE_66A887296FB0C1CC,EIQ_HORSE_B9A57F1BF11A5463,2024,0.0029530423468684397,EIQ_HORSE_B9A57F1BF11A5463,EIQ_HORSE_B9A57F1BF11A5463,SAME_FAVOURITE,True,True,SAME_FAVOURITE
EIQ_RACE_66BEDC9DBA914547,EIQ_HORSE_C6062EA9B3A1B792,2023,-0.009825680693634098,EIQ_HORSE_8C67AF340B22F5A2,EIQ_HORSE_8C67AF340B22F5A2,SAME_FAVOURITE,False,False,SAME_FAVOURITE
EIQ_RACE_66D35F22D05281EC,EIQ_HORSE_AD8B970F8C26C260,2025,0.0939054721248207,EIQ_HORSE_AD8B970F8C26C260,EIQ_HORSE_AD8B970F8C26C260,SAME_FAVOURITE,True,True,SAME_FAVOURITE
EIQ_RACE_66D8BE104C30960A,EIQ_HORSE_A7BF9AA210E00F0E,2021,-0.12156069685714277,EIQ_HORSE_22263C65D6914236,EIQ_HORSE_22263C65D6914236,SAME_FAVOURITE,False,False,SAME_FAVOURITE
EIQ_RACE_66DBD3A2A7851E6D,EIQ_HORSE_31DE48CBB921A5E6,2025,-0.09840119048583373,EIQ_HORSE_666F0323714B9F97,EIQ_HORSE_666F0323714B9F97,SAME_FAVOURITE,False,False,SAME_FAVOURITE
EIQ_RACE_66E869AAD5D32785,EIQ_HORSE_46ACC27A6391AFD8,2025,-0.03609496870112938,EIQ_HORSE_67EA82FCED6ABA6A,EIQ_HORSE_67EA82FCED6ABA6A,SAME_FAVOURITE,False,False,SAME_FAVOURITE
EIQ_RACE_66F7B804D2C879B5,EIQ_HORSE_A939A5E1CBF895A3,2022,-0.0071863744259459406,EIQ_HORSE_A939A5E1CBF895A3,EIQ_HORSE_A939A5E1CBF895A3,SAME_FAVOURITE,True,True,SAME_FAVOURITE
EIQ_RACE_6700072020F222CE,EIQ_HORSE_7A335494710973E3,2024,-0.021989598966797086,EIQ_HORSE_96722F1FDCA2B481,EIQ_HORSE_96722F1FDCA2B481,SAME_FAVOURITE,False,False,SAME_FAVOURITE
EIQ_RACE_670700535CA00F6C,EIQ_HORSE_3B62E4FA482E3513,2021,0.004338910879057245,EIQ_HORSE_6BBE393BB12E82FB,EIQ_HORSE_6BBE393BB12E82FB,SAME_FAVOURITE,False,False,SAME_FAVOURITE
EIQ_RACE_670D73356B6AAA14,EIQ_HORSE_ED4887DEF37E8712,2023,-0.10699592297681115,EIQ_HORSE_ED4887DEF37E8712,EIQ_HORSE_ED4887DEF37E8712,SAME_FAVOURITE,True,True,SAME_FAVOURITE
EIQ_RACE_673C3E241BDBF682,EIQ_HORSE_2693BE717B048ED8,2021,0.07050631354255654,EIQ_HORSE_2693BE717B048ED8,EIQ_HORSE_2693BE717B048ED8,SAME_FAVOURITE,True,True,SAME_FAVOURITE
EIQ_RACE_677AA3F5C139B5BD,EIQ_HORSE_0F2F45D47E8CE0CD,2025,-0.038205739456162124,EIQ_HORSE_D362CA19E53E3ABA,EIQ_HORSE_D362CA19E53E3ABA,SAME_FAVOURITE,False,False,SAME_FAVOURITE
EIQ_RACE_67800E92A81CE501,EIQ_HORSE_0DAFF21EBE64F83E,2023,0.006467082186482953,EIQ_HORSE_D5CC1268EAB795FA,EIQ_HORSE_D5CC1268EAB795FA,SAME_FAVOURITE,False,False,SAME_FAVOURITE
EIQ_RACE_67854921AE243A60,EIQ_HORSE_F5BB8EA38903A84E,2023,0.04395129088647809,EIQ_HORSE_E93C379CDA474983,EIQ_HORSE_216D276BF2D5D5BC,CHALLENGER_CHANGED_FAVOURITE,False,False,BOTH_WRONG
EIQ_RACE_678FA0F13A62AB2B,EIQ_HORSE_BE11413B02FF0718,2026,-0.055008300448347036,EIQ_HORSE_B749B91B735B7A41,EIQ_HORSE_D4A9F184946003C9,CHALLENGER_CHANGED_FAVOURITE,False,False,BOTH_WRONG
EIQ_RACE_678FAA18E1EBFC6F,EIQ_HORSE_22CC936309F19C45,2023,0.056751173663188936,EIQ_HORSE_81A94DAE806A2B81,EIQ_HORSE_81A94DAE806A2B81,SAME_FAVOURITE,False,False,SAME_FAVOURITE
EIQ_RACE_6790F82512853754,EIQ_HORSE_585EAFF30AC14998,2025,0.06226586270939749,EIQ_HORSE_D9E81AFD9202BABC,EIQ_HORSE_D9E81AFD9202BABC,SAME_FAVOURITE,False,False,SAME_FAVOURITE
EIQ_RACE_679A0D34DAF9FE9E,EIQ_HORSE_F53FBA10FE5D78E3,2022,-0.07160707386485266,EIQ_HORSE_9A14662CCFA6DB4E,EIQ_HORSE_9A14662CCFA6DB4E,SAME_FAVOURITE,False,False,SAME_FAVOURITE
EIQ_RACE_67D539251FCCEE67,EIQ_HORSE_DE2F2DC2D8E28E20,2026,0.18449787787927185,EIQ_HORSE_BE6AE7B1AAB37294,EIQ_HORSE_BE6AE7B1AAB37294,SAME_FAVOURITE,False,False,SAME_FAVOURITE
EIQ_RACE_67E7FD173453F793,EIQ_HORSE_80CD252DCAC6F8D8,2021,-0.028608652883826968,EIQ_HORSE_876FCFB7C010C464,EIQ_HORSE_80CD252DCAC6F8D8,CHALLENGER_CHANGED_FAVOURITE,False,True,STRICT_WRONG_DROP_CORRECT
EIQ_RACE_67ECD4E96BB32FB5,EIQ_HORSE_C083D23A6A4F5F23,2023,0.09385860527051904,EIQ_HORSE_AFC3A6B76A9AA452,EIQ_HORSE_AFC3A6B76A9AA452,SAME_FAVOURITE,False,False,SAME_FAVOURITE
EIQ_RACE_681D359C69144C9E,EIQ_HORSE_0DBAAD68BF38C8F2,2023,-0.050328317784159804,EIQ_HORSE_4248A049305BFC38,EIQ_HORSE_4248A049305BFC38,SAME_FAVOURITE,False,False,SAME_FAVOURITE
EIQ_RACE_681E11623F3523C3,EIQ_HORSE_E5F952985A58AF73,2021,0.137685485556287,EIQ_HORSE_44271689B3D89291,EIQ_HORSE_8F682D3A90E4BC24,CHALLENGER_CHANGED_FAVOURITE,False,False,BOTH_WRONG
EIQ_RACE_682043F9680F9FC6,EIQ_HORSE_CB4882919CEA086A,2021,0.02132957408908087,EIQ_HORSE_7C03BA869D27D030,EIQ_HORSE_7C03BA869D27D030,SAME_FAVOURITE,False,False,SAME_FAVOURITE
EIQ_RACE_68209ABC2B408092,EIQ_HORSE_4F5D81267580B55C,2021,0.10748000555668136,EIQ_HORSE_691B189497A15223,EIQ_HORSE_691B189497A15223,SAME_FAVOURITE,False,False,SAME_FAVOURITE
EIQ_RACE_6823E4477FA76940,EIQ_HORSE_0E0CC5D74A44D70E,2024,0.09768404586606216,EIQ_HORSE_34AFEC6AE6A7D12F,EIQ_HORSE_34AFEC6AE6A7D12F,SAME_FAVOURITE,False,False,SAME_FAVOURITE
EIQ_RACE_68408898BD2B61E5,EIQ_HORSE_7B28FFBC6ADB4F3C,2021,0.059654736540902364,EIQ_HORSE_7B28FFBC6ADB4F3C,EIQ_HORSE_7B28FFBC6ADB4F3C,SAME_FAVOURITE,True,True,SAME_FAVOURITE
EIQ_RACE_6844BB82BA12D889,EIQ_HORSE_7E05E93A38B16B93,2021,0.060173875639288,EIQ_HORSE_AB7D2883ACC5F9AE,EIQ_HORSE_AB7D2883ACC5F9AE,SAME_FAVOURITE,False,False,SAME_FAVOURITE
EIQ_RACE_68567B92F3AA00F9,EIQ_HORSE_64AB18F1A8004761,2025,-0.005238367802727462,EIQ_HORSE_7FE2D0A9FA88CDEC,EIQ_HORSE_64AB18F1A8004761,CHALLENGER_CHANGED_FAVOURITE,False,True,STRICT_WRONG_DROP_CORRECT
EIQ_RACE_685D20D7B210E611,EIQ_HORSE_A3EDA9B1EA9FCD15,2023,-0.027055785937068588,EIQ_HORSE_A3EDA9B1EA9FCD15,EIQ_HORSE_A3EDA9B1EA9FCD15,SAME_FAVOURITE,True,True,SAME_FAVOURITE
EIQ_RACE_687C208AC8B93F98,EIQ_HORSE_5535127723E7CA03,2025,-0.2012123256694378,EIQ_HORSE_01437E5EA69D49D7,EIQ_HORSE_01437E5EA69D49D7,SAME_FAVOURITE,False,False,SAME_FAVOURITE
EIQ_RACE_6885D704B8D54615,EIQ_HORSE_6A55493317822E9D,2024,0.005254100424618713,EIQ_HORSE_6A55493317822E9D,EIQ_HORSE_6A55493317822E9D,SAME_FAVOURITE,True,True,SAME_FAVOURITE
EIQ_RACE_6887B625E445F51B,EIQ_HORSE_2778B6353C7192D0,2021,0.07705632795313955,EIQ_HORSE_938DDF8948E401D6,EIQ_HORSE_938DDF8948E401D6,SAME_FAVOURITE,False,False,SAME_FAVOURITE
EIQ_RACE_68B595AFA4C6A3E5,EIQ_HORSE_E2889149CE525598,2021,-0.0947039151446245,EIQ_HORSE_E2889149CE525598,EIQ_HORSE_E2889149CE525598,SAME_FAVOURITE,True,True,SAME_FAVOURITE
EIQ_RACE_68BC3D17012CE361,EIQ_HORSE_E91C4CEDC70F230F,2026,0.3146753170682579,EIQ_HORSE_E2711A4B9E5C514E,EIQ_HORSE_E2711A4B9E5C514E,SAME_FAVOURITE,False,False,SAME_FAVOURITE
EIQ_RACE_68C4FF8A497EE15E,EIQ_HORSE_395DBEE632019B26,2024,-0.04930510833187296,EIQ_HORSE_395DBEE632019B26,EIQ_HORSE_395DBEE632019B26,SAME_FAVOURITE,True,True,SAME_FAVOURITE
EIQ_RACE_68DEFEC3805ADA7E,EIQ_HORSE_9F4F58480E20A4B4,2025,0.023631050850245527,EIQ_HORSE_9F4F58480E20A4B4,EIQ_HORSE_9F4F58480E20A4B4,SAME_FAVOURITE,True,True,SAME_FAVOURITE
EIQ_RACE_68E5E0A28B3A5C0A,EIQ_HORSE_5BED276F838CF5B9,2022,-0.13919349111667945,EIQ_HORSE_DFFDB078E74EAB8E,EIQ_HORSE_DFFDB078E74EAB8E,SAME_FAVOURITE,False,False,SAME_FAVOURITE
EIQ_RACE_68EE6E9647EB21A5,EIQ_HORSE_B988F727FB5C6897,2022,-0.03403501610530446,EIQ_HORSE_63578BF3EF8F60FF,EIQ_HORSE_63578BF3EF8F60FF,SAME_FAVOURITE,False,False,SAME_FAVOURITE
EIQ_RACE_68F506874D61F48C,EIQ_HORSE_B3BC7A10E2DC0D06,2021,0.19130998563711454,EIQ_HORSE_2340DE16DCDD653C,EIQ_HORSE_2340DE16DCDD653C,SAME_FAVOURITE,False,False,SAME_FAVOURITE
EIQ_RACE_6908F6B0EB5672D1,EIQ_HORSE_0843D7741AFFD1A0,2022,-0.22135339949703137,EIQ_HORSE_0843D7741AFFD1A0,EIQ_HORSE_0843D7741AFFD1A0,SAME_FAVOURITE,True,True,SAME_FAVOURITE
EIQ_RACE_6929990F9263EDA6,EIQ_HORSE_14B0876646A7142B,2022,-0.13121433358868662,EIQ_HORSE_14B0876646A7142B,EIQ_HORSE_14B0876646A7142B,SAME_FAVOURITE,True,True,SAME_FAVOURITE
EIQ_RACE_6929F295FB10CD30,EIQ_HORSE_5C317CDFF9863D8C,2024,0.011006064113055825,EIQ_HORSE_D9C79CE392FF665A,EIQ_HORSE_D9C79CE392FF665A,SAME_FAVOURITE,False,False,SAME_FAVOURITE
EIQ_RACE_692BA69750BAB8CA,EIQ_HORSE_53745793948C5DCF,2025,0.11835057176731834,EIQ_HORSE_C9BF5C75E30E5BD1,EIQ_HORSE_C9BF5C75E30E5BD1,SAME_FAVOURITE,False,False,SAME_FAVOURITE
EIQ_RACE_692E20606439C3E8,EIQ_HORSE_118E8E257E9A6F44,2023,-0.20972292408413917,EIQ_HORSE_3D10671D603D1F9B,EIQ_HORSE_3D10671D603D1F9B,SAME_FAVOURITE,False,False,SAME_FAVOURITE
EIQ_RACE_69396B09E3312774,EIQ_HORSE_EBE0523B851EC8D2,2024,0.12914944400788353,EIQ_HORSE_D37A6F2507321AE5,EIQ_HORSE_D37A6F2507321AE5,SAME_FAVOURITE,False,False,SAME_FAVOURITE
EIQ_RACE_697770C02D2796CA,EIQ_HORSE_0E47A95D462583E1,2024,-0.00791478820207514,EIQ_HORSE_321E3B066BEEDB4F,EIQ_HORSE_321E3B066BEEDB4F,SAME_FAVOURITE,False,False,SAME_FAVOURITE
EIQ_RACE_697864551651D1D8,EIQ_HORSE_88D2AF65C13996BB,2024,0.12955281007371866,EIQ_HORSE_432C077582B080E2,EIQ_HORSE_432C077582B080E2,SAME_FAVOURITE,False,False,SAME_FAVOURITE
EIQ_RACE_697EE628BF1F5EAE,EIQ_HORSE_75BFC1FAAEBCCBA0,2022,-0.018475310622574126,EIQ_HORSE_46C2A94157B380EC,EIQ_HORSE_46C2A94157B380EC,SAME_FAVOURITE,False,False,SAME_FAVOURITE
EIQ_RACE_69C82257D945E4F0,EIQ_HORSE_D757DDD25B448C52,2024,0.13367615540745437,EIQ_HORSE_DFEBE3514D4B64D1,EIQ_HORSE_4A25BA4A365C5557,CHALLENGER_CHANGED_FAVOURITE,False,False,BOTH_WRONG
EIQ_RACE_69CD36C1DB8626AB,EIQ_HORSE_46F2B74D56CDAF08,2023,0.010641934477002568,EIQ_HORSE_46F2B74D56CDAF08,EIQ_HORSE_46F2B74D56CDAF08,SAME_FAVOURITE,True,True,SAME_FAVOURITE
EIQ_RACE_69CF77586257A9D8,EIQ_HORSE_EB5C78F037462DE9,2022,-0.10999107986571666,EIQ_HORSE_D5AC886466270388,EIQ_HORSE_D5AC886466270388,SAME_FAVOURITE,False,False,SAME_FAVOURITE
EIQ_RACE_69E9F4095D37B73F,EIQ_HORSE_A720F1349B2FD5FF,2023,0.060076713183667696,EIQ_HORSE_EEA90ADCB11A6539,EIQ_HORSE_EEA90ADCB11A6539,SAME_FAVOURITE,False,False,SAME_FAVOURITE
EIQ_RACE_69EC93F9155BD086,EIQ_HORSE_D6484AB13D91130E,2021,0.14587589313919547,EIQ_HORSE_8E9392039C9EF2FE,EIQ_HORSE_28010A6964EAAB64,CHALLENGER_CHANGED_FAVOURITE,False,False,BOTH_WRONG
EIQ_RACE_69FDAB892936F55E,EIQ_HORSE_2DBDDC5DFC3DBF66,2021,-0.2179597015489534,EIQ_HORSE_2DBDDC5DFC3DBF66,EIQ_HORSE_2DBDDC5DFC3DBF66,SAME_FAVOURITE,True,True,SAME_FAVOURITE
EIQ_RACE_6A038FA69C33B4B2,EIQ_HORSE_1118E5F38132FB45,2025,0.02310859956747313,EIQ_HORSE_86569BFC914C4D81,EIQ_HORSE_E0A0800D985D4224,CHALLENGER_CHANGED_FAVOURITE,False,False,BOTH_WRONG
EIQ_RACE_6A09947CA50041FC,EIQ_HORSE_5C5072F00583A13D,2023,0.026350256516106896,EIQ_HORSE_711217D87ACF5814,EIQ_HORSE_711217D87ACF5814,SAME_FAVOURITE,False,False,SAME_FAVOURITE
EIQ_RACE_6A2140773ED081DA,EIQ_HORSE_0FE64AF79B918DA8,2026,0.050678578019149434,EIQ_HORSE_39188EE19FA4D57F,EIQ_HORSE_39188EE19FA4D57F,SAME_FAVOURITE,False,False,SAME_FAVOURITE
EIQ_RACE_6A25AA751889C24E,EIQ_HORSE_A925D8DF15EC5658,2021,0.05779581283548585,EIQ_HORSE_A925D8DF15EC5658,EIQ_HORSE_A925D8DF15EC5658,SAME_FAVOURITE,True,True,SAME_FAVOURITE
EIQ_RACE_6A25BA5127355544,EIQ_HORSE_3D2B2E144A1FAB7F,2021,0.09531668480830646,EIQ_HORSE_1A44C158F4BDCC2D,EIQ_HORSE_1A44C158F4BDCC2D,SAME_FAVOURITE,False,False,SAME_FAVOURITE
EIQ_RACE_6A28D55E88B4BA5D,EIQ_HORSE_7C13CF1919850482,2021,-0.0940484679294098,EIQ_HORSE_7C13CF1919850482,EIQ_HORSE_7C13CF1919850482,SAME_FAVOURITE,True,True,SAME_FAVOURITE
EIQ_RACE_6A2EB00E00EE9F2E,EIQ_HORSE_9C0A6DCBAA22E5A0,2024,-0.05789925666415319,EIQ_HORSE_4EAAAB28CCE1F658,EIQ_HORSE_4EAAAB28CCE1F658,SAME_FAVOURITE,False,False,SAME_FAVOURITE
EIQ_RACE_6A4204DC1C134369,EIQ_HORSE_4195D8B9D5BACEE1,2024,0.06487070709615961,EIQ_HORSE_4195D8B9D5BACEE1,EIQ_HORSE_4195D8B9D5BACEE1,SAME_FAVOURITE,True,True,SAME_FAVOURITE
EIQ_RACE_6A4A1A6A2A0EF915,EIQ_HORSE_7F7EE2F77A52797D,2024,-0.020825267024962235,EIQ_HORSE_7F7EE2F77A52797D,EIQ_HORSE_7F7EE2F77A52797D,SAME_FAVOURITE,True,True,SAME_FAVOURITE
EIQ_RACE_6A4E7F9172F646A6,EIQ_HORSE_AE2F894AF01A77E3,2023,-0.03067333581595766,EIQ_HORSE_AE2F894AF01A77E3,EIQ_HORSE_AE2F894AF01A77E3,SAME_FAVOURITE,True,True,SAME_FAVOURITE
EIQ_RACE_6A4E962B02E53C24,EIQ_HORSE_4A76D30D02B23162,2024,-0.04420789272307846,EIQ_HORSE_E758A3FF1AFB7C73,EIQ_HORSE_E758A3FF1AFB7C73,SAME_FAVOURITE,False,False,SAME_FAVOURITE
EIQ_RACE_6A4F60CC0219EACE,EIQ_HORSE_A449ADF4824AFC88,2021,0.05628198886721747,EIQ_HORSE_4FA36DBC6382055F,EIQ_HORSE_0EB11190598978A5,CHALLENGER_CHANGED_FAVOURITE,False,False,BOTH_WRONG
EIQ_RACE_6A583496FBFAB7E4,EIQ_HORSE_1E595BFE6E31D7D3,2023,-0.05622806173584127,EIQ_HORSE_1E595BFE6E31D7D3,EIQ_HORSE_1E595BFE6E31D7D3,SAME_FAVOURITE,True,True,SAME_FAVOURITE
EIQ_RACE_6A5AA35A38A8E20A,EIQ_HORSE_03155E6C009FCA6D,2025,-0.08078589712931716,EIQ_HORSE_04A4265FAE6E2903,EIQ_HORSE_04A4265FAE6E2903,SAME_FAVOURITE,False,False,SAME_FAVOURITE
EIQ_RACE_6A61FAA9467946FF,EIQ_HORSE_6613142BB9112621,2025,0.007421461960560594,EIQ_HORSE_6613142BB9112621,EIQ_HORSE_6613142BB9112621,SAME_FAVOURITE,True,True,SAME_FAVOURITE
EIQ_RACE_6A656E0D6CC3EDE1,EIQ_HORSE_C68B7494EF6BD99A,2025,0.11948311839023695,EIQ_HORSE_BAB72C9BD956F248,EIQ_HORSE_BAB72C9BD956F248,SAME_FAVOURITE,False,False,SAME_FAVOURITE
EIQ_RACE_6A7580303BA71993,EIQ_HORSE_0EE9F5F65D56C107,2024,-0.009225129659766074,EIQ_HORSE_0EE9F5F65D56C107,EIQ_HORSE_E94B1D196E500488,CHALLENGER_CHANGED_FAVOURITE,True,False,STRICT_CORRECT_DROP_WRONG
EIQ_RACE_6A7A18CD2748ECA7,EIQ_HORSE_988F94130D9ADB83,2023,0.07745085902785398,EIQ_HORSE_00FC92E4DC9A9897,EIQ_HORSE_00FC92E4DC9A9897,SAME_FAVOURITE,False,False,SAME_FAVOURITE
EIQ_RACE_6A7A35543DBA7D8F,EIQ_HORSE_E1E1B9A621B38021,2021,-0.09676261800083807,EIQ_HORSE_6BAB3AB5907AC37C,EIQ_HORSE_680D00945A816059,CHALLENGER_CHANGED_FAVOURITE,False,False,BOTH_WRONG
EIQ_RACE_6A80D75436AD3D09,EIQ_HORSE_166E67951DE70CFB,2024,0.06423636054156256,EIQ_HORSE_7BD093CB6B22F38A,EIQ_HORSE_7BD093CB6B22F38A,SAME_FAVOURITE,False,False,SAME_FAVOURITE
EIQ_RACE_6A88A4FB3E4BE693,EIQ_HORSE_DC4CEB7EA74D0FAE,2025,-0.09520160267031885,EIQ_HORSE_252CEAAAD1543594,EIQ_HORSE_252CEAAAD1543594,SAME_FAVOURITE,False,False,SAME_FAVOURITE
EIQ_RACE_6A970B71470E2CEB,EIQ_HORSE_8917A68A02EEBE91,2023,-0.008106563524713506,EIQ_HORSE_F07AC93EBC289FC0,EIQ_HORSE_F07AC93EBC289FC0,SAME_FAVOURITE,False,False,SAME_FAVOURITE
EIQ_RACE_6A9A6D4AE405FDB2,EIQ_HORSE_1ABFAC489B55B5DB,2024,-0.18955943712020007,EIQ_HORSE_CEEF92035DFC1C17,EIQ_HORSE_CEEF92035DFC1C17,SAME_FAVOURITE,False,False,SAME_FAVOURITE
EIQ_RACE_6AA3756BB4574F3A,EIQ_HORSE_43C720DBC27E294E,2021,-0.09185372658260316,EIQ_HORSE_43C720DBC27E294E,EIQ_HORSE_43C720DBC27E294E,SAME_FAVOURITE,True,True,SAME_FAVOURITE
EIQ_RACE_6AAEF85778E9621A,EIQ_HORSE_E6E783386C8631DF,2026,-0.07710861897263888,EIQ_HORSE_E6E783386C8631DF,EIQ_HORSE_E6E783386C8631DF,SAME_FAVOURITE,True,True,SAME_FAVOURITE
EIQ_RACE_6AC53E7AFC3654B3,EIQ_HORSE_5E70C64389EAE66E,2023,-0.02849924684161942,EIQ_HORSE_3AD1427551714732,EIQ_HORSE_3AD1427551714732,SAME_FAVOURITE,False,False,SAME_FAVOURITE
EIQ_RACE_6AD58EB2CEFB080A,EIQ_HORSE_7AA7D3899088E825,2021,0.01295416498386226,EIQ_HORSE_9B21C33EB3906435,EIQ_HORSE_4AD8A93AC9010296,CHALLENGER_CHANGED_FAVOURITE,False,False,BOTH_WRONG
EIQ_RACE_6AE273783659AB42,EIQ_HORSE_6EE0673C118112F4,2023,-0.14714973960662925,EIQ_HORSE_6EE0673C118112F4,EIQ_HORSE_6EE0673C118112F4,SAME_FAVOURITE,True,True,SAME_FAVOURITE
EIQ_RACE_6AEA82743723B724,EIQ_HORSE_1D50A106753DF2EA,2023,-0.11233241078582767,EIQ_HORSE_1E8075D680C826D0,EIQ_HORSE_1E8075D680C826D0,SAME_FAVOURITE,False,False,SAME_FAVOURITE
EIQ_RACE_6AF9FEA49D425203,EIQ_HORSE_8433DECB4E315924,2021,-0.22899781513924644,EIQ_HORSE_16B704CD8D455032,EIQ_HORSE_16B704CD8D455032,SAME_FAVOURITE,False,False,SAME_FAVOURITE
EIQ_RACE_6B10C287335264EF,EIQ_HORSE_C4D888DE1D29BC80,2024,0.020984152948931634,EIQ_HORSE_D0CE662EE853E607,EIQ_HORSE_D0CE662EE853E607,SAME_FAVOURITE,False,False,SAME_FAVOURITE
EIQ_RACE_6B22F9E8FBACA4E3,EIQ_HORSE_05E21B161F8AA57B,2021,-0.0333190754177457,EIQ_HORSE_05E21B161F8AA57B,EIQ_HORSE_C2FBC4616517704A,CHALLENGER_CHANGED_FAVOURITE,True,False,STRICT_CORRECT_DROP_WRONG
EIQ_RACE_6B3963CBC5A45580,EIQ_HORSE_4511851873AE87CA,2024,-0.10838086591014395,EIQ_HORSE_0581A1D4AE81D062,EIQ_HORSE_0581A1D4AE81D062,SAME_FAVOURITE,False,False,SAME_FAVOURITE
EIQ_RACE_6B441CAD4B448996,EIQ_HORSE_7FDDFA29F5DD214E,2025,-0.09923018304554154,EIQ_HORSE_7FDDFA29F5DD214E,EIQ_HORSE_7FDDFA29F5DD214E,SAME_FAVOURITE,True,True,SAME_FAVOURITE
EIQ_RACE_6B4FFDE2B252870C,EIQ_HORSE_4A5181C77DC3766A,2023,-0.23017882695195002,EIQ_HORSE_B3D684B9A1794590,EIQ_HORSE_B3D684B9A1794590,SAME_FAVOURITE,False,False,SAME_FAVOURITE
EIQ_RACE_6B526C91F37C751E,EIQ_HORSE_E3AFFB272F75672C,2025,-0.08310735259945101,EIQ_HORSE_16BCB192B942762F,EIQ_HORSE_16BCB192B942762F,SAME_FAVOURITE,False,False,SAME_FAVOURITE
EIQ_RACE_6B5AD65858A5C8E7,EIQ_HORSE_6A74B3832B67A903,2023,0.037888706417705365,EIQ_HORSE_5AECABC9EC03279A,EIQ_HORSE_5AECABC9EC03279A,SAME_FAVOURITE,False,False,SAME_FAVOURITE
EIQ_RACE_6B680F95EA99F3CF,EIQ_HORSE_5D5DBC70D02D9514,2023,0.19759334922372807,EIQ_HORSE_01314C98DA238C45,EIQ_HORSE_01314C98DA238C45,SAME_FAVOURITE,False,False,SAME_FAVOURITE
EIQ_RACE_6B785E0D7635150B,EIQ_HORSE_16BF19C0A84EFEB4,2021,0.08689752888895952,EIQ_HORSE_F5D440FEB47597AC,EIQ_HORSE_F5D440FEB47597AC,SAME_FAVOURITE,False,False,SAME_FAVOURITE
EIQ_RACE_6B79E776F2DBBD91,EIQ_HORSE_078B2A30C90AEB16,2023,0.05028368750622514,EIQ_HORSE_3A98FEC925DD66D8,EIQ_HORSE_3A98FEC925DD66D8,SAME_FAVOURITE,False,False,SAME_FAVOURITE
EIQ_RACE_6B9FF9B1B02F2F7C,EIQ_HORSE_31DA1649CA0EA115,2021,0.1192509683621048,EIQ_HORSE_17649C129DC64900,EIQ_HORSE_17649C129DC64900,SAME_FAVOURITE,False,False,SAME_FAVOURITE
EIQ_RACE_6BA9EA3313410DD0,EIQ_HORSE_A3EDA9B1EA9FCD15,2023,0.10970487647309346,EIQ_HORSE_3A17B4E5DA593839,EIQ_HORSE_78D9007C2A2A6588,CHALLENGER_CHANGED_FAVOURITE,False,False,BOTH_WRONG
EIQ_RACE_6BC12F88DEE449B2,EIQ_HORSE_0F45CCB01B46EB5B,2023,-0.036393742075903734,EIQ_HORSE_F2BDBF3638324199,EIQ_HORSE_D182F4ECF5F53985,CHALLENGER_CHANGED_FAVOURITE,False,False,BOTH_WRONG
EIQ_RACE_6BCF422D815D068B,EIQ_HORSE_5DAB0A9A9D82A881,2024,-0.0987580356597959,EIQ_HORSE_5DAB0A9A9D82A881,EIQ_HORSE_5DAB0A9A9D82A881,SAME_FAVOURITE,True,True,SAME_FAVOURITE
EIQ_RACE_6BD04B09506443AA,EIQ_HORSE_B2BA1E92BA2E7A9C,2026,0.09537190629609893,EIQ_HORSE_8950A1470AAD2683,EIQ_HORSE_B2BA1E92BA2E7A9C,CHALLENGER_CHANGED_FAVOURITE,False,True,STRICT_WRONG_DROP_CORRECT
EIQ_RACE_6BD576C1C1042B1F,EIQ_HORSE_F893CD5E98BDF308,2024,-0.15812950011399662,EIQ_HORSE_A58506D357162818,EIQ_HORSE_6C9B60B0AF26B6C9,CHALLENGER_CHANGED_FAVOURITE,False,False,BOTH_WRONG
EIQ_RACE_6BF81B449F47A8BD,EIQ_HORSE_19F1027E4DAD07F8,2026,0.03808886050797122,EIQ_HORSE_19F1027E4DAD07F8,EIQ_HORSE_19F1027E4DAD07F8,SAME_FAVOURITE,True,True,SAME_FAVOURITE
EIQ_RACE_6BFB1AF8DB4C700A,EIQ_HORSE_0A8ACF2B3F2EA71E,2024,-0.018236324131332693,EIQ_HORSE_0A8ACF2B3F2EA71E,EIQ_HORSE_0A8ACF2B3F2EA71E,SAME_FAVOURITE,True,True,SAME_FAVOURITE
EIQ_RACE_6C0355844B370B30,EIQ_HORSE_D757DDD25B448C52,2021,-0.021128490799592337,EIQ_HORSE_D757DDD25B448C52,EIQ_HORSE_D757DDD25B448C52,SAME_FAVOURITE,True,True,SAME_FAVOURITE
EIQ_RACE_6C167DEBC23D2CBC,EIQ_HORSE_008A88233490973B,2026,0.007145133379871105,EIQ_HORSE_2205097C5DF7A700,EIQ_HORSE_2205097C5DF7A700,SAME_FAVOURITE,False,False,SAME_FAVOURITE
EIQ_RACE_6C2B94D86A7F909F,EIQ_HORSE_573D1938914BD5AD,2021,0.14190489020740227,EIQ_HORSE_63578BF3EF8F60FF,EIQ_HORSE_63578BF3EF8F60FF,SAME_FAVOURITE,False,False,SAME_FAVOURITE
EIQ_RACE_6C2D45873E82DBC6,EIQ_HORSE_2849CBA8909DFD65,2025,-0.02465286644313025,EIQ_HORSE_689706F311F25858,EIQ_HORSE_689706F311F25858,SAME_FAVOURITE,False,False,SAME_FAVOURITE
EIQ_RACE_6C3BFB7C97776D4E,EIQ_HORSE_25BAEE8B6BD35003,2021,-0.06033474983030951,EIQ_HORSE_25BAEE8B6BD35003,EIQ_HORSE_25BAEE8B6BD35003,SAME_FAVOURITE,True,True,SAME_FAVOURITE
EIQ_RACE_6C3D26C7765932CE,EIQ_HORSE_6A0437DF88841054,2023,-0.05758725602002013,EIQ_HORSE_04B5CB6AA01F3BFB,EIQ_HORSE_04B5CB6AA01F3BFB,SAME_FAVOURITE,False,False,SAME_FAVOURITE
EIQ_RACE_6C5C9EC7C65CFEE0,EIQ_HORSE_58F484A63C334932,2023,0.15317401221106075,EIQ_HORSE_A93877F42BEC9DCB,EIQ_HORSE_A93877F42BEC9DCB,SAME_FAVOURITE,False,False,SAME_FAVOURITE
EIQ_RACE_6C66D38BDE5671D6,EIQ_HORSE_9820DB881B876774,2022,0.2069185049521871,EIQ_HORSE_6AC9290A9812491B,EIQ_HORSE_6AC9290A9812491B,SAME_FAVOURITE,False,False,SAME_FAVOURITE
EIQ_RACE_6C735D13D761BADC,EIQ_HORSE_96096CF27558A751,2021,0.1558718608598113,EIQ_HORSE_2F5C66F7799F01B2,EIQ_HORSE_2F5C66F7799F01B2,SAME_FAVOURITE,False,False,SAME_FAVOURITE
EIQ_RACE_6C73C11E1C40223D,EIQ_HORSE_FC8E7A34ACDD649F,2024,-0.04057785510299161,EIQ_HORSE_FC8E7A34ACDD649F,EIQ_HORSE_FC8E7A34ACDD649F,SAME_FAVOURITE,True,True,SAME_FAVOURITE
EIQ_RACE_6C759B5C98E3F42B,EIQ_HORSE_8CC091C5154DADA2,2026,-0.13703011680348487,EIQ_HORSE_12A6D007217A5609,EIQ_HORSE_12A6D007217A5609,SAME_FAVOURITE,False,False,SAME_FAVOURITE
EIQ_RACE_6C865A2598075F8F,EIQ_HORSE_9AEFF9CC8D50DBE9,2024,-0.05271638568949388,EIQ_HORSE_A0939148F3E83B66,EIQ_HORSE_A0939148F3E83B66,SAME_FAVOURITE,False,False,SAME_FAVOURITE
EIQ_RACE_6C8ABA701A84ED72,EIQ_HORSE_2E35BF02CAD3D058,2024,0.07071211705477953,EIQ_HORSE_83A39CFCF669E96A,EIQ_HORSE_83A39CFCF669E96A,SAME_FAVOURITE,False,False,SAME_FAVOURITE
EIQ_RACE_6C8C666DCB264F40,EIQ_HORSE_03A2AD6A1EDD2C76,2026,-0.07471512786836354,EIQ_HORSE_03A2AD6A1EDD2C76,EIQ_HORSE_31803E01BABDCB69,CHALLENGER_CHANGED_FAVOURITE,True,False,STRICT_CORRECT_DROP_WRONG
EIQ_RACE_6C9278C1D8BBEE06,EIQ_HORSE_152BCEDC07115F31,2021,0.17887491072609363,EIQ_HORSE_3ADF3F6B29A9A88B,EIQ_HORSE_3ADF3F6B29A9A88B,SAME_FAVOURITE,False,False,SAME_FAVOURITE
EIQ_RACE_6C94F6745DA55EC1,EIQ_HORSE_9E1D26E2BFB35812,2023,-0.23037664572193117,EIQ_HORSE_9E1D26E2BFB35812,EIQ_HORSE_3D10671D603D1F9B,CHALLENGER_CHANGED_FAVOURITE,True,False,STRICT_CORRECT_DROP_WRONG
EIQ_RACE_6CA067BA56435131,EIQ_HORSE_59DAE69141603656,2023,0.018538770881703526,EIQ_HORSE_F30CD40A6AC6D1C0,EIQ_HORSE_F30CD40A6AC6D1C0,SAME_FAVOURITE,False,False,SAME_FAVOURITE
EIQ_RACE_6CA2D2B96CAD6B6D,EIQ_HORSE_8C59C4EC32494938,2021,-0.004637299781134363,EIQ_HORSE_8C59C4EC32494938,EIQ_HORSE_8C59C4EC32494938,SAME_FAVOURITE,True,True,SAME_FAVOURITE
EIQ_RACE_6CB3366D3E7C39B7,EIQ_HORSE_5B459A7D9B40C6A5,2024,0.10675957100764921,EIQ_HORSE_5B459A7D9B40C6A5,EIQ_HORSE_5B459A7D9B40C6A5,SAME_FAVOURITE,True,True,SAME_FAVOURITE
EIQ_RACE_6CB4640CD74DEB55,EIQ_HORSE_3CA7EA4EE8A93BFE,2021,-0.021602809579686744,EIQ_HORSE_24A51ED79FF053ED,EIQ_HORSE_24A51ED79FF053ED,SAME_FAVOURITE,False,False,SAME_FAVOURITE
EIQ_RACE_6CB95F718A9E5B7D,EIQ_HORSE_19A8CDC5E397C8DF,2021,-0.009173709273623043,EIQ_HORSE_0E6EA197D0AD6A63,EIQ_HORSE_0E6EA197D0AD6A63,SAME_FAVOURITE,False,False,SAME_FAVOURITE
EIQ_RACE_6CBD8D67567E75DA,EIQ_HORSE_0568AF16648DA7D0,2022,-0.041001933900386645,EIQ_HORSE_15895754C05F487B,EIQ_HORSE_15895754C05F487B,SAME_FAVOURITE,False,False,SAME_FAVOURITE
EIQ_RACE_6CBF6CF919C533C0,EIQ_HORSE_1E621292C20D14DF,2026,0.10067298102423905,EIQ_HORSE_8EF0A2D37B7ACCE7,EIQ_HORSE_8EF0A2D37B7ACCE7,SAME_FAVOURITE,False,False,SAME_FAVOURITE
EIQ_RACE_6CD1A3E7EFF27A56,EIQ_HORSE_9B10A3D2C8C30343,2025,-0.02380468048727158,EIQ_HORSE_65AD05E55523148D,EIQ_HORSE_65AD05E55523148D,SAME_FAVOURITE,False,False,SAME_FAVOURITE
EIQ_RACE_6CE1F13483E3D33E,EIQ_HORSE_C4FCB3979A835BD7,2025,0.022595113283563784,EIQ_HORSE_E113F64F357D23C4,EIQ_HORSE_E113F64F357D23C4,SAME_FAVOURITE,False,False,SAME_FAVOURITE
EIQ_RACE_6CF8289CFEFDDAFA,EIQ_HORSE_F80D970275AD5E28,2026,-0.07722307995940447,EIQ_HORSE_C9F05DF09CE273DA,EIQ_HORSE_C9F05DF09CE273DA,SAME_FAVOURITE,False,False,SAME_FAVOURITE
EIQ_RACE_6CFFC16260EA4198,EIQ_HORSE_868D53CF52BE5B48,2023,0.0795477341501587,EIQ_HORSE_B0BE28555EFA1FEA,EIQ_HORSE_B0BE28555EFA1FEA,SAME_FAVOURITE,False,False,SAME_FAVOURITE
EIQ_RACE_6D04625B4FA53B6E,EIQ_HORSE_17E5A09CCC0C493D,2021,-0.014824444904697032,EIQ_HORSE_4F1CE81B87ABA456,EIQ_HORSE_4F1CE81B87ABA456,SAME_FAVOURITE,False,False,SAME_FAVOURITE
EIQ_RACE_6D1465ED437ADD71,EIQ_HORSE_CD0BCA2E21C9F2E2,2024,0.011987839750188023,EIQ_HORSE_CD0BCA2E21C9F2E2,EIQ_HORSE_CD0BCA2E21C9F2E2,SAME_FAVOURITE,True,True,SAME_FAVOURITE
EIQ_RACE_6D180832B9FB2250,EIQ_HORSE_14533A3A1BDE7DCE,2025,0.11540011794017668,EIQ_HORSE_164F96ABBA8A4A0D,EIQ_HORSE_164F96ABBA8A4A0D,SAME_FAVOURITE,False,False,SAME_FAVOURITE
EIQ_RACE_6D1CA6F932FF789D,EIQ_HORSE_F3CDA0737F65AE01,2024,-0.051275776481875646,EIQ_HORSE_869B553075459E31,EIQ_HORSE_869B553075459E31,SAME_FAVOURITE,False,False,SAME_FAVOURITE
EIQ_RACE_6D2BA9ACC88399F7,EIQ_HORSE_C1190BBEFF18349D,2026,-0.15903397857483803,EIQ_HORSE_C286F6E5ACE0634F,EIQ_HORSE_C286F6E5ACE0634F,SAME_FAVOURITE,False,False,SAME_FAVOURITE
EIQ_RACE_6D310AA35F50B7B2,EIQ_HORSE_4B705792D8AFDA5D,2024,-0.01659283799997313,EIQ_HORSE_CAA3274E5212F2BA,EIQ_HORSE_CAA3274E5212F2BA,SAME_FAVOURITE,False,False,SAME_FAVOURITE
EIQ_RACE_6D33FCE616B8DDB6,EIQ_HORSE_645E6499A2A7E388,2024,0.030915995722047063,EIQ_HORSE_645E6499A2A7E388,EIQ_HORSE_645E6499A2A7E388,SAME_FAVOURITE,True,True,SAME_FAVOURITE
EIQ_RACE_6D3C9BB41E5768D3,EIQ_HORSE_CE89485196AE85DB,2021,-0.0870560900533599,EIQ_HORSE_2627BFFA6ECCD9CE,EIQ_HORSE_526BB349822AAD20,CHALLENGER_CHANGED_FAVOURITE,False,False,BOTH_WRONG
EIQ_RACE_6D4593F0807CFF12,EIQ_HORSE_F24E63BEDC13BE5D,2025,-0.07878614889977298,EIQ_HORSE_770E22B01AA694E3,EIQ_HORSE_770E22B01AA694E3,SAME_FAVOURITE,False,False,SAME_FAVOURITE
EIQ_RACE_6D59489F7D2B81F7,EIQ_HORSE_3E7A1EC14CDD4199,2026,-0.21999123893324057,EIQ_HORSE_C90BCCC2833B0507,EIQ_HORSE_E76EFEB0D94F29E4,CHALLENGER_CHANGED_FAVOURITE,False,False,BOTH_WRONG
EIQ_RACE_6D5E50393F03B4FD,EIQ_HORSE_A9C2F0AD377CD511,2022,-0.055357366574973144,EIQ_HORSE_AEC140DF5DEE7C14,EIQ_HORSE_AEC140DF5DEE7C14,SAME_FAVOURITE,False,False,SAME_FAVOURITE
EIQ_RACE_6D6323923806E6E2,EIQ_HORSE_2AB04AC8A71D92CD,2026,0.07756232858020073,EIQ_HORSE_5B22AD509FE7A1EE,EIQ_HORSE_5B22AD509FE7A1EE,SAME_FAVOURITE,False,False,SAME_FAVOURITE
EIQ_RACE_6D7278D652164C5F,EIQ_HORSE_EA4D713BE55C575D,2024,0.015700849405742012,EIQ_HORSE_9228E5F9613B8C72,EIQ_HORSE_9228E5F9613B8C72,SAME_FAVOURITE,False,False,SAME_FAVOURITE
EIQ_RACE_6D8E534D948CE942,EIQ_HORSE_33FF249A85508A0C,2024,0.03069524711857241,EIQ_HORSE_4BA4081636483B1E,EIQ_HORSE_4BA4081636483B1E,SAME_FAVOURITE,False,False,SAME_FAVOURITE
EIQ_RACE_6DA2EEC2020E42E4,EIQ_HORSE_A794F22BA34135E8,2024,-0.053218519844648426,EIQ_HORSE_2911AA278A421335,EIQ_HORSE_2911AA278A421335,SAME_FAVOURITE,False,False,SAME_FAVOURITE
EIQ_RACE_6DA83E582D4FCDFB,EIQ_HORSE_74B7ACCC6AE5A877,2024,0.05601787164578176,EIQ_HORSE_5504E8D8EE248376,EIQ_HORSE_5504E8D8EE248376,SAME_FAVOURITE,False,False,SAME_FAVOURITE
EIQ_RACE_6DABF541C623A78A,EIQ_HORSE_BC1FE92AD392979B,2023,-0.05188714062090627,EIQ_HORSE_BC1FE92AD392979B,EIQ_HORSE_BC1FE92AD392979B,SAME_FAVOURITE,True,True,SAME_FAVOURITE
EIQ_RACE_6DBB74F732F44ED1,EIQ_HORSE_3E6BB107A3A1F17A,2024,0.042732284559431344,EIQ_HORSE_BBB42D58874EEF24,EIQ_HORSE_BBB42D58874EEF24,SAME_FAVOURITE,False,False,SAME_FAVOURITE
EIQ_RACE_6DC216AA8D98AD94,EIQ_HORSE_BC1FDB8430DAD46B,2023,0.31338874726359967,EIQ_HORSE_871AACECC7F8CD90,EIQ_HORSE_871AACECC7F8CD90,SAME_FAVOURITE,False,False,SAME_FAVOURITE
EIQ_RACE_6DC7166FDD6A8E89,EIQ_HORSE_91492F1B5F36DE0F,2023,-0.3040500435433442,EIQ_HORSE_F9F09AA1014DF93B,EIQ_HORSE_F9F09AA1014DF93B,SAME_FAVOURITE,False,False,SAME_FAVOURITE
EIQ_RACE_6DCA9ECFDF35E7BC,EIQ_HORSE_E925AEE7D382D5CA,2021,-0.11610313428490127,EIQ_HORSE_3ADF3F6B29A9A88B,EIQ_HORSE_3ADF3F6B29A9A88B,SAME_FAVOURITE,False,False,SAME_FAVOURITE
EIQ_RACE_6DD3344474F33760,EIQ_HORSE_7D7C37018BBFDC96,2021,-0.0904355851277383,EIQ_HORSE_7D7C37018BBFDC96,EIQ_HORSE_C967E694C1F41DCC,CHALLENGER_CHANGED_FAVOURITE,True,False,STRICT_CORRECT_DROP_WRONG
EIQ_RACE_6DD70F39010AC27E,EIQ_HORSE_F90AF08890572073,2026,0.028305458542258854,EIQ_HORSE_C74C71C8EB9C7584,EIQ_HORSE_C74C71C8EB9C7584,SAME_FAVOURITE,False,False,SAME_FAVOURITE
EIQ_RACE_6DDF319BD07E5B2D,EIQ_HORSE_41A85FBAB9236EE6,2023,-0.051393027057966556,EIQ_HORSE_41A85FBAB9236EE6,EIQ_HORSE_41A85FBAB9236EE6,SAME_FAVOURITE,True,True,SAME_FAVOURITE
EIQ_RACE_6E0269F8A40CBB56,EIQ_HORSE_F5F2CE9A71E1212C,2024,-0.046185527802121484,EIQ_HORSE_48D397EF93CDE503,EIQ_HORSE_48D397EF93CDE503,SAME_FAVOURITE,False,False,SAME_FAVOURITE
EIQ_RACE_6E0F21C6EA3CB9E5,EIQ_HORSE_52256B6DEBFAF33D,2024,-0.05811939484457884,EIQ_HORSE_52256B6DEBFAF33D,EIQ_HORSE_52256B6DEBFAF33D,SAME_FAVOURITE,True,True,SAME_FAVOURITE
EIQ_RACE_6E2C6CA0A395C913,EIQ_HORSE_A3D83E1E59D55DD6,2022,0.06025146203788978,EIQ_HORSE_A3D83E1E59D55DD6,EIQ_HORSE_A3D83E1E59D55DD6,SAME_FAVOURITE,True,True,SAME_FAVOURITE
EIQ_RACE_6E3189FBDFBF0A55,EIQ_HORSE_D1336823805AAF69,2022,-0.08947055758504474,EIQ_HORSE_D1336823805AAF69,EIQ_HORSE_D1336823805AAF69,SAME_FAVOURITE,True,True,SAME_FAVOURITE
EIQ_RACE_6E5A389975063F61,EIQ_HORSE_C2ED4CD95E03FAA2,2024,0.0694419466027163,EIQ_HORSE_AD395B62F92DA250,EIQ_HORSE_AD395B62F92DA250,SAME_FAVOURITE,False,False,SAME_FAVOURITE
EIQ_RACE_6E602C8EE03F1BFC,EIQ_HORSE_40662399C38946DC,2021,-0.008514592412203204,EIQ_HORSE_B471341260ABCE2F,EIQ_HORSE_B471341260ABCE2F,SAME_FAVOURITE,False,False,SAME_FAVOURITE
EIQ_RACE_6E7027C7FC80BE77,EIQ_HORSE_FA71F9367F861EC6,2024,0.02261942825008134,EIQ_HORSE_A7BD934C5E6C2044,EIQ_HORSE_E40547E8FEACFEEF,CHALLENGER_CHANGED_FAVOURITE,False,False,BOTH_WRONG
EIQ_RACE_6EA917F82550B237,EIQ_HORSE_DE0AE22FA53B9454,2021,-0.05641185741525012,EIQ_HORSE_3FAF8214E29F8FC8,EIQ_HORSE_3FAF8214E29F8FC8,SAME_FAVOURITE,False,False,SAME_FAVOURITE
EIQ_RACE_6EAB025085378CE4,EIQ_HORSE_E08B0F8703201FC7,2021,0.02163600750882999,EIQ_HORSE_8B96ABF64F095965,EIQ_HORSE_F2264B4D2D33EE9F,CHALLENGER_CHANGED_FAVOURITE,False,False,BOTH_WRONG
EIQ_RACE_6EAD94D971170FD3,EIQ_HORSE_C2BEE1AF7E3C90F2,2023,0.12589306722538396,EIQ_HORSE_7494524E841C3A9E,EIQ_HORSE_7494524E841C3A9E,SAME_FAVOURITE,False,False,SAME_FAVOURITE
EIQ_RACE_6EBA29556263CE23,EIQ_HORSE_518ED8EC13D0E567,2022,0.08346823812353055,EIQ_HORSE_5F896CDA8929779C,EIQ_HORSE_5F896CDA8929779C,SAME_FAVOURITE,False,False,SAME_FAVOURITE
EIQ_RACE_6EBABC0945800DD5,EIQ_HORSE_64C7356BB367BC74,2023,0.0334743274325191,EIQ_HORSE_64C7356BB367BC74,EIQ_HORSE_64C7356BB367BC74,SAME_FAVOURITE,True,True,SAME_FAVOURITE
EIQ_RACE_6EC4D350990945D9,EIQ_HORSE_66E40100B4C06E5C,2024,-0.09049300454543596,EIQ_HORSE_BA4E24231C690E05,EIQ_HORSE_BA4E24231C690E05,SAME_FAVOURITE,False,False,SAME_FAVOURITE
EIQ_RACE_6EC94BF91B02F369,EIQ_HORSE_0C465ABA406E6F16,2024,0.006751252847966072,EIQ_HORSE_3E8F07BB37445B85,EIQ_HORSE_3E8F07BB37445B85,SAME_FAVOURITE,False,False,SAME_FAVOURITE
EIQ_RACE_6EDE4EFF353C2AD4,EIQ_HORSE_7214BE3B4B88723E,2022,0.17416291571374165,EIQ_HORSE_3E972124ED4CD5AE,EIQ_HORSE_3E972124ED4CD5AE,SAME_FAVOURITE,False,False,SAME_FAVOURITE
EIQ_RACE_6EDFBC3B7B3FD8F2,EIQ_HORSE_E1F8DC1389AA304A,2025,-0.10341883867635415,EIQ_HORSE_5AFBE008457665E5,EIQ_HORSE_5AFBE008457665E5,SAME_FAVOURITE,False,False,SAME_FAVOURITE
EIQ_RACE_6EF11291F41D4663,EIQ_HORSE_62BECB512AD0BC52,2026,0.16091595568871941,EIQ_HORSE_D353227579E4BAE9,EIQ_HORSE_D353227579E4BAE9,SAME_FAVOURITE,False,False,SAME_FAVOURITE
EIQ_RACE_6EF38EC118EE840B,EIQ_HORSE_EB49DC2CCBDC6DF7,2022,-0.047510537622272864,EIQ_HORSE_DF38933E4E33A464,EIQ_HORSE_DF38933E4E33A464,SAME_FAVOURITE,False,False,SAME_FAVOURITE
EIQ_RACE_6EFF88718970707E,EIQ_HORSE_8A5839FDAA4D4AFD,2024,0.11525709816691743,EIQ_HORSE_8244851D0CF8422F,EIQ_HORSE_EB33B9E32D0303C6,CHALLENGER_CHANGED_FAVOURITE,False,False,BOTH_WRONG
EIQ_RACE_6F0466E446047606,EIQ_HORSE_B5F25A4917B1025E,2024,-0.022085479635315375,EIQ_HORSE_B5F25A4917B1025E,EIQ_HORSE_B5F25A4917B1025E,SAME_FAVOURITE,True,True,SAME_FAVOURITE
EIQ_RACE_6F07C40C5452126C,EIQ_HORSE_A4068766D95EB5FD,2021,0.0029816072570594265,EIQ_HORSE_6FBC3DE8FAAEA4F4,EIQ_HORSE_6FBC3DE8FAAEA4F4,SAME_FAVOURITE,False,False,SAME_FAVOURITE
EIQ_RACE_6F0DDE2156EAF1AC,EIQ_HORSE_98A2E9B426302408,2021,-0.07383443053845218,EIQ_HORSE_98A2E9B426302408,EIQ_HORSE_98A2E9B426302408,SAME_FAVOURITE,True,True,SAME_FAVOURITE
EIQ_RACE_6F2219D5902FB0C7,EIQ_HORSE_119991D4466BA11C,2024,0.06043089876826224,EIQ_HORSE_161FE8DC5A27CAA9,EIQ_HORSE_161FE8DC5A27CAA9,SAME_FAVOURITE,False,False,SAME_FAVOURITE
EIQ_RACE_6F482B3E4A4F45A5,EIQ_HORSE_8C020EC78CDFF82A,2024,0.06279869483366873,EIQ_HORSE_52CA436CFD45C219,EIQ_HORSE_52CA436CFD45C219,SAME_FAVOURITE,False,False,SAME_FAVOURITE
EIQ_RACE_6F51B88FA12294E9,EIQ_HORSE_7E0239C899AC5DAC,2025,0.0015622768391443387,EIQ_HORSE_7E0239C899AC5DAC,EIQ_HORSE_7E0239C899AC5DAC,SAME_FAVOURITE,True,True,SAME_FAVOURITE
EIQ_RACE_6F535E84A2851AF1,EIQ_HORSE_D6B7D2F06AFD9F5C,2024,0.18115496093851213,EIQ_HORSE_EB31B677EA02438E,EIQ_HORSE_EB31B677EA02438E,SAME_FAVOURITE,False,False,SAME_FAVOURITE
EIQ_RACE_6F58D0B6871C4ADC,EIQ_HORSE_E93B948FBFCA97FD,2026,0.08181857697634753,EIQ_HORSE_E93B948FBFCA97FD,EIQ_HORSE_E93B948FBFCA97FD,SAME_FAVOURITE,True,True,SAME_FAVOURITE
EIQ_RACE_6F5C880E52FC2D76,EIQ_HORSE_07F2B0FA5B9D446B,2024,0.042003151399226724,EIQ_HORSE_C8348F9FB66B419D,EIQ_HORSE_C8348F9FB66B419D,SAME_FAVOURITE,False,False,SAME_FAVOURITE
EIQ_RACE_6F61D587CCF9D8C1,EIQ_HORSE_53C84D95F5112DED,2024,0.08994610438300787,EIQ_HORSE_BE064EDF453CDAC9,EIQ_HORSE_6426452802CA80E3,CHALLENGER_CHANGED_FAVOURITE,False,False,BOTH_WRONG
EIQ_RACE_6F6AE6085359EE53,EIQ_HORSE_A13CB913AE4F49AF,2021,-0.10360420283890504,EIQ_HORSE_4B00F2E401D66B21,EIQ_HORSE_660509737F70BC84,CHALLENGER_CHANGED_FAVOURITE,False,False,BOTH_WRONG
EIQ_RACE_6F6E1FECB1EE0242,EIQ_HORSE_2AFB20C8AB1731BD,2023,-0.13204975347811265,EIQ_HORSE_A685FF4A81CD9CBB,EIQ_HORSE_A685FF4A81CD9CBB,SAME_FAVOURITE,False,False,SAME_FAVOURITE
EIQ_RACE_6F6E763491734A3B,EIQ_HORSE_4D13C5C3AE38AFEF,2022,0.017233985940260155,EIQ_HORSE_65E8239DCE8B5E19,EIQ_HORSE_65E8239DCE8B5E19,SAME_FAVOURITE,False,False,SAME_FAVOURITE
EIQ_RACE_6F857A600FF09520,EIQ_HORSE_53F31CE2B9CE459F,2026,0.03125730564143714,EIQ_HORSE_FA07785FA23E71CB,EIQ_HORSE_FA07785FA23E71CB,SAME_FAVOURITE,False,False,SAME_FAVOURITE
EIQ_RACE_6F8AAA16CD5B71A1,EIQ_HORSE_F4CC47F90A6AC8FB,2025,-0.030547429974103535,EIQ_HORSE_F4CC47F90A6AC8FB,EIQ_HORSE_F4CC47F90A6AC8FB,SAME_FAVOURITE,True,True,SAME_FAVOURITE
EIQ_RACE_6F90B06E699AA948,EIQ_HORSE_0C1DE681456B5C90,2026,-0.010829441164742493,EIQ_HORSE_E57AEA8058DCC708,EIQ_HORSE_E57AEA8058DCC708,SAME_FAVOURITE,False,False,SAME_FAVOURITE
EIQ_RACE_6F90BF70F91AAD81,EIQ_HORSE_1E4365D07B0B6630,2023,0.025484706037081306,EIQ_HORSE_21BAB4128E399923,EIQ_HORSE_21BAB4128E399923,SAME_FAVOURITE,False,False,SAME_FAVOURITE
EIQ_RACE_6FA0F06FA088926D,EIQ_HORSE_374B5030682A0F8C,2021,-0.0658817311287474,EIQ_HORSE_374B5030682A0F8C,EIQ_HORSE_374B5030682A0F8C,SAME_FAVOURITE,True,True,SAME_FAVOURITE
EIQ_RACE_6FCDF43FAF169D15,EIQ_HORSE_CC8FDED3F45728E2,2025,-0.034395982389657576,EIQ_HORSE_CC8FDED3F45728E2,EIQ_HORSE_CC8FDED3F45728E2,SAME_FAVOURITE,True,True,SAME_FAVOURITE
EIQ_RACE_6FCEBD1F417128FD,EIQ_HORSE_7F4E76A3F70A1ABB,2026,-0.011369115956018971,EIQ_HORSE_CFA9918CC55098E7,EIQ_HORSE_CFA9918CC55098E7,SAME_FAVOURITE,False,False,SAME_FAVOURITE
EIQ_RACE_6FDD1825FF7C8132,EIQ_HORSE_28DC2BD7446BD288,2025,0.013924473924199932,EIQ_HORSE_28DC2BD7446BD288,EIQ_HORSE_28DC2BD7446BD288,SAME_FAVOURITE,True,True,SAME_FAVOURITE
EIQ_RACE_6FDEDEB3F4D57072,EIQ_HORSE_232EBFD3F03C63DA,2024,0.17049525860381642,EIQ_HORSE_1814E7C728C59FE2,EIQ_HORSE_9838BD3789935A9B,CHALLENGER_CHANGED_FAVOURITE,False,False,BOTH_WRONG
EIQ_RACE_6FE797F772C05D92,EIQ_HORSE_5FE636559EC1A49D,2023,-0.08558469023076021,EIQ_HORSE_E10A4D09B4302335,EIQ_HORSE_E10A4D09B4302335,SAME_FAVOURITE,False,False,SAME_FAVOURITE
EIQ_RACE_6FEB743387318EBA,EIQ_HORSE_35FCF9B48ADD1DA4,2023,-0.042439792803389054,EIQ_HORSE_DB63B7E9F167B71D,EIQ_HORSE_DB63B7E9F167B71D,SAME_FAVOURITE,False,False,SAME_FAVOURITE
EIQ_RACE_700902DB86BC51F9,EIQ_HORSE_8B91C19AB3930869,2023,-0.05437258546555945,EIQ_HORSE_6EAB0C099508A003,EIQ_HORSE_6EAB0C099508A003,SAME_FAVOURITE,False,False,SAME_FAVOURITE
EIQ_RACE_700BB11C6DCADFD8,EIQ_HORSE_2940C1674096CAE2,2021,-0.06829657509515519,EIQ_HORSE_2940C1674096CAE2,EIQ_HORSE_2940C1674096CAE2,SAME_FAVOURITE,True,True,SAME_FAVOURITE
EIQ_RACE_70149AD0FA4E07CA,EIQ_HORSE_EECBD2BECC2AB7EC,2021,0.020465042271771816,EIQ_HORSE_98E4C496328783C8,EIQ_HORSE_98E4C496328783C8,SAME_FAVOURITE,False,False,SAME_FAVOURITE
EIQ_RACE_701F3D4630F85E2F,EIQ_HORSE_7C5B623DF148AE0C,2024,-0.017975245935219597,EIQ_HORSE_18B7B289EC0891AE,EIQ_HORSE_18B7B289EC0891AE,SAME_FAVOURITE,False,False,SAME_FAVOURITE
EIQ_RACE_702094F1C3983AD7,EIQ_HORSE_79473B90FA9E0F09,2021,-0.1173043879674791,EIQ_HORSE_79473B90FA9E0F09,EIQ_HORSE_7F3A0D068728B685,CHALLENGER_CHANGED_FAVOURITE,True,False,STRICT_CORRECT_DROP_WRONG
EIQ_RACE_702860879183BC80,EIQ_HORSE_DAF8064A0F68C7F5,2025,-0.08976562441547387,EIQ_HORSE_F30CD40A6AC6D1C0,EIQ_HORSE_F30CD40A6AC6D1C0,SAME_FAVOURITE,False,False,SAME_FAVOURITE
EIQ_RACE_703ADA8EB06B8833,EIQ_HORSE_1E015781E96771B7,2021,-0.13412552645279874,EIQ_HORSE_0F871E2CF9856851,EIQ_HORSE_0F871E2CF9856851,SAME_FAVOURITE,False,False,SAME_FAVOURITE
EIQ_RACE_703C12F6B36F3F6F,EIQ_HORSE_0F4785063F5B06A0,2024,-0.1517340973787924,EIQ_HORSE_BE3B31004C14A6DB,EIQ_HORSE_670DDB4C65D84C57,CHALLENGER_CHANGED_FAVOURITE,False,False,BOTH_WRONG
EIQ_RACE_703CF6056CE5A6B6,EIQ_HORSE_0FCD0B38893A2129,2023,0.032763679157831405,EIQ_HORSE_75B6F9E45DCD23AF,EIQ_HORSE_7199B7E3747CE1B5,CHALLENGER_CHANGED_FAVOURITE,False,False,BOTH_WRONG
EIQ_RACE_7042A9255CCFF26C,EIQ_HORSE_F6E950BD52A475D4,2023,-0.13248865034612645,EIQ_HORSE_BF4931055F4CEDEA,EIQ_HORSE_BF4931055F4CEDEA,SAME_FAVOURITE,False,False,SAME_FAVOURITE
EIQ_RACE_7067D3FA73F8F9B9,EIQ_HORSE_BB3D393B61320654,2024,0.013654600877303746,EIQ_HORSE_BBD6A0943FF005A6,EIQ_HORSE_BBD6A0943FF005A6,SAME_FAVOURITE,False,False,SAME_FAVOURITE
EIQ_RACE_7086C899FF24A373,EIQ_HORSE_73E0D80294C4BBC5,2021,0.07642966828711173,EIQ_HORSE_DB4606B2D950937C,EIQ_HORSE_DB4606B2D950937C,SAME_FAVOURITE,False,False,SAME_FAVOURITE
EIQ_RACE_709501949F8841EC,EIQ_HORSE_E059D8A3D726F5A9,2023,-0.11156861966268705,EIQ_HORSE_D33713989EFD9FC3,EIQ_HORSE_D33713989EFD9FC3,SAME_FAVOURITE,False,False,SAME_FAVOURITE
EIQ_RACE_709C40A0B6805172,EIQ_HORSE_CAFB050D68EF8A29,2021,-0.06735661539079807,EIQ_HORSE_AC21F3ED0DB8948A,EIQ_HORSE_AC21F3ED0DB8948A,SAME_FAVOURITE,False,False,SAME_FAVOURITE
EIQ_RACE_70A284E834D869A6,EIQ_HORSE_3140BB68D17A7FAE,2021,0.17109477736822987,EIQ_HORSE_BD51A1CCBB4367F1,EIQ_HORSE_3140BB68D17A7FAE,CHALLENGER_CHANGED_FAVOURITE,False,True,STRICT_WRONG_DROP_CORRECT
EIQ_RACE_70BA68C74DC6EB8A,EIQ_HORSE_EE649B725F83EF50,2023,-0.10308776979530876,EIQ_HORSE_AB43FBFD910F870B,EIQ_HORSE_AB43FBFD910F870B,SAME_FAVOURITE,False,False,SAME_FAVOURITE
EIQ_RACE_70D4DB881B5B6F02,EIQ_HORSE_379E1CB6BE3A9CD0,2021,0.032464127358504236,EIQ_HORSE_1F2A96DDBA2F825F,EIQ_HORSE_379E1CB6BE3A9CD0,CHALLENGER_CHANGED_FAVOURITE,False,True,STRICT_WRONG_DROP_CORRECT
EIQ_RACE_70DA0BBD86207B2D,EIQ_HORSE_5C4D311AE09E930C,2025,0.19942994192428287,EIQ_HORSE_5C4D311AE09E930C,EIQ_HORSE_5C4D311AE09E930C,SAME_FAVOURITE,True,True,SAME_FAVOURITE
EIQ_RACE_70E972BF6822BC4B,EIQ_HORSE_D2D2A60B81D38CE3,2026,-0.007342185596468598,EIQ_HORSE_5587B5ACBFA1B1AA,EIQ_HORSE_5587B5ACBFA1B1AA,SAME_FAVOURITE,False,False,SAME_FAVOURITE
EIQ_RACE_70ED40A5F4E0146E,EIQ_HORSE_D4C231B2AD76BDFA,2023,0.1476335931498265,EIQ_HORSE_951FA53960D0F62C,EIQ_HORSE_951FA53960D0F62C,SAME_FAVOURITE,False,False,SAME_FAVOURITE
EIQ_RACE_70FA441E8EBD97B2,EIQ_HORSE_C54323EF3468FA92,2026,0.061452556529926206,EIQ_HORSE_DA9383EAA593CAD8,EIQ_HORSE_DA9383EAA593CAD8,SAME_FAVOURITE,False,False,SAME_FAVOURITE
EIQ_RACE_710339C2866ED56C,EIQ_HORSE_8631E0920D22D74F,2023,0.15275237847390022,EIQ_HORSE_8631E0920D22D74F,EIQ_HORSE_8631E0920D22D74F,SAME_FAVOURITE,True,True,SAME_FAVOURITE
EIQ_RACE_71163EA97D73640D,EIQ_HORSE_DEE1961006289389,2023,0.005818409399194646,EIQ_HORSE_F76D7ED1996F8CDE,EIQ_HORSE_F76D7ED1996F8CDE,SAME_FAVOURITE,False,False,SAME_FAVOURITE
EIQ_RACE_7126DC991AEE8283,EIQ_HORSE_34DAAA50F2EB5DC1,2025,-0.09917775008306262,EIQ_HORSE_03A69E0A733F3F83,EIQ_HORSE_03A69E0A733F3F83,SAME_FAVOURITE,False,False,SAME_FAVOURITE
EIQ_RACE_7136C2303EADE9D4,EIQ_HORSE_4844E8FCD456E1F0,2025,-0.057501116598535074,EIQ_HORSE_5AFBE008457665E5,EIQ_HORSE_5AFBE008457665E5,SAME_FAVOURITE,False,False,SAME_FAVOURITE
EIQ_RACE_714F28CF919DB076,EIQ_HORSE_A6B12A5455059960,2023,0.015768473360314728,EIQ_HORSE_6EE0673C118112F4,EIQ_HORSE_A6B12A5455059960,CHALLENGER_CHANGED_FAVOURITE,False,True,STRICT_WRONG_DROP_CORRECT
EIQ_RACE_715118A70E6EC781,EIQ_HORSE_1C22301174D644E0,2025,0.21582865576240717,EIQ_HORSE_847DF34EF1789BE7,EIQ_HORSE_25194C9EC249A351,CHALLENGER_CHANGED_FAVOURITE,False,False,BOTH_WRONG
EIQ_RACE_7153DBA9B4384F54,EIQ_HORSE_F7A8BB196AD54DB1,2026,-0.0749242428919028,EIQ_HORSE_F7A8BB196AD54DB1,EIQ_HORSE_F7A8BB196AD54DB1,SAME_FAVOURITE,True,True,SAME_FAVOURITE
EIQ_RACE_7157F6AF17BFFA75,EIQ_HORSE_FA71F9367F861EC6,2026,0.036900150470665416,EIQ_HORSE_F2CF9533A8503EDB,EIQ_HORSE_F2CF9533A8503EDB,SAME_FAVOURITE,False,False,SAME_FAVOURITE
EIQ_RACE_715E88679A86FD04,EIQ_HORSE_5DAB0A9A9D82A881,2025,-0.13308713638506853,EIQ_HORSE_5DAB0A9A9D82A881,EIQ_HORSE_5DAB0A9A9D82A881,SAME_FAVOURITE,True,True,SAME_FAVOURITE
EIQ_RACE_716201DD4CD32412,EIQ_HORSE_A302EBEE165E020C,2026,-0.08143331899543149,EIQ_HORSE_A302EBEE165E020C,EIQ_HORSE_A302EBEE165E020C,SAME_FAVOURITE,True,True,SAME_FAVOURITE
EIQ_RACE_716F7F0F9815492C,EIQ_HORSE_1751011524636917,2026,-0.02207894193660298,EIQ_HORSE_F078846674EC6628,EIQ_HORSE_B575C2FEB12572E6,CHALLENGER_CHANGED_FAVOURITE,False,False,BOTH_WRONG
EIQ_RACE_717747ED27E6CDFC,EIQ_HORSE_CB36F1CE57D77914,2021,-0.03488469071886646,EIQ_HORSE_828CC0B87F1EF78C,EIQ_HORSE_828CC0B87F1EF78C,SAME_FAVOURITE,False,False,SAME_FAVOURITE
EIQ_RACE_718706EE38E0D3D6,EIQ_HORSE_3FE38CA22754D7FC,2021,0.08829101217712232,EIQ_HORSE_B59E4DF35112FD8D,EIQ_HORSE_B59E4DF35112FD8D,SAME_FAVOURITE,False,False,SAME_FAVOURITE
EIQ_RACE_7194FD127BD8B7C5,EIQ_HORSE_8CC696335B873F1A,2023,-0.1375119808499201,EIQ_HORSE_8CC696335B873F1A,EIQ_HORSE_8CC696335B873F1A,SAME_FAVOURITE,True,True,SAME_FAVOURITE
EIQ_RACE_719EE3A0FBDDB431,EIQ_HORSE_7469F1237FFE7435,2026,-0.06821839049358491,EIQ_HORSE_D9F8DC5F020704CC,EIQ_HORSE_D9F8DC5F020704CC,SAME_FAVOURITE,False,False,SAME_FAVOURITE
EIQ_RACE_71B67B8EFC433284,EIQ_HORSE_FACCA92E14E42793,2023,-0.00460427975138078,EIQ_HORSE_0297B8D311EBF28E,EIQ_HORSE_323FDD0760DDC515,CHALLENGER_CHANGED_FAVOURITE,False,False,BOTH_WRONG
EIQ_RACE_71BF4F306AFDAA23,EIQ_HORSE_EAA9D8A57627E212,2025,-0.18197835575942412,EIQ_HORSE_BD3E0B466B83B3B4,EIQ_HORSE_BD3E0B466B83B3B4,SAME_FAVOURITE,False,False,SAME_FAVOURITE
EIQ_RACE_71E961B09A9F0B33,EIQ_HORSE_FCAABFA9BA2A3E65,2023,0.032341439454619536,EIQ_HORSE_BCA98460DE8B56EB,EIQ_HORSE_BCA98460DE8B56EB,SAME_FAVOURITE,False,False,SAME_FAVOURITE
EIQ_RACE_72056E81B68664BD,EIQ_HORSE_D9C79CE392FF665A,2023,-0.041979321418289306,EIQ_HORSE_D9C79CE392FF665A,EIQ_HORSE_D9C79CE392FF665A,SAME_FAVOURITE,True,True,SAME_FAVOURITE
EIQ_RACE_722668BCE9B224E1,EIQ_HORSE_B1A9925DB7A38C40,2021,0.06403557213907174,EIQ_HORSE_5AECABC9EC03279A,EIQ_HORSE_5AECABC9EC03279A,SAME_FAVOURITE,False,False,SAME_FAVOURITE
EIQ_RACE_7231182B9D7B8E6F,EIQ_HORSE_B21B849A53810E30,2023,-0.1302942020260195,EIQ_HORSE_B21B849A53810E30,EIQ_HORSE_B21B849A53810E30,SAME_FAVOURITE,True,True,SAME_FAVOURITE
EIQ_RACE_723291AEE9B295B2,EIQ_HORSE_5136FD60CAB0342E,2021,0.025617271403844066,EIQ_HORSE_5136FD60CAB0342E,EIQ_HORSE_5136FD60CAB0342E,SAME_FAVOURITE,True,True,SAME_FAVOURITE
EIQ_RACE_72529DFEA1A27CB7,EIQ_HORSE_C74C71C8EB9C7584,2025,0.020629493385408315,EIQ_HORSE_C74C71C8EB9C7584,EIQ_HORSE_C74C71C8EB9C7584,SAME_FAVOURITE,True,True,SAME_FAVOURITE
EIQ_RACE_726A76C2258A2AD0,EIQ_HORSE_96C5D10095DE531F,2024,-0.0054996675464686895,EIQ_HORSE_DB065250B2631F2B,EIQ_HORSE_DB065250B2631F2B,SAME_FAVOURITE,False,False,SAME_FAVOURITE
EIQ_RACE_726EF099C4BB02C6,EIQ_HORSE_FCC9BD57723FE516,2021,0.01167425979587966,EIQ_HORSE_36E0B396B87AD941,EIQ_HORSE_25BAEE8B6BD35003,CHALLENGER_CHANGED_FAVOURITE,False,False,BOTH_WRONG
EIQ_RACE_7271D657822A18CF,EIQ_HORSE_F21F96A85C102E51,2025,0.024445867279239586,EIQ_HORSE_7C47BF1E2F2CA31F,EIQ_HORSE_7C47BF1E2F2CA31F,SAME_FAVOURITE,False,False,SAME_FAVOURITE
EIQ_RACE_72A95F1587064E79,EIQ_HORSE_D1352DB145B1ACDA,2025,-0.14030975265495615,EIQ_HORSE_A4B2EA303B999409,EIQ_HORSE_5B78A750810090EA,CHALLENGER_CHANGED_FAVOURITE,False,False,BOTH_WRONG
EIQ_RACE_72B5ABEE9E46BFBB,EIQ_HORSE_33840587C78D1D26,2025,-0.03503116405349482,EIQ_HORSE_33840587C78D1D26,EIQ_HORSE_33840587C78D1D26,SAME_FAVOURITE,True,True,SAME_FAVOURITE
EIQ_RACE_72BDC8999F6F81F4,EIQ_HORSE_8EE903630B345C8B,2026,-0.05138067930246337,EIQ_HORSE_C1FCA0BC2FE81D30,EIQ_HORSE_C1FCA0BC2FE81D30,SAME_FAVOURITE,False,False,SAME_FAVOURITE
EIQ_RACE_72BFF84E00C9777B,EIQ_HORSE_995A050132FA84BD,2024,-0.011319312522415359,EIQ_HORSE_E0E4EFD26358AAFA,EIQ_HORSE_E0E4EFD26358AAFA,SAME_FAVOURITE,False,False,SAME_FAVOURITE
EIQ_RACE_72CC07DAD561BEB8,EIQ_HORSE_A1BA2B5FDB29D966,2021,-0.20422766551229277,EIQ_HORSE_5B3A47A90EADDBED,EIQ_HORSE_B7CD7719BA2A35EC,CHALLENGER_CHANGED_FAVOURITE,False,False,BOTH_WRONG
EIQ_RACE_72CD2B3F2526D0C5,EIQ_HORSE_37E48CBACC3A9527,2023,-0.06907095123343732,EIQ_HORSE_F266E81291DDEA36,EIQ_HORSE_F266E81291DDEA36,SAME_FAVOURITE,False,False,SAME_FAVOURITE
EIQ_RACE_72D2F2F102CD90C1,EIQ_HORSE_2D6D93EDBA94B179,2026,-0.046371411442368116,EIQ_HORSE_1E621292C20D14DF,EIQ_HORSE_1E621292C20D14DF,SAME_FAVOURITE,False,False,SAME_FAVOURITE
EIQ_RACE_72D37618FA917F92,EIQ_HORSE_85382BDEBD3BA526,2023,-0.06463872940468263,EIQ_HORSE_BA52963A446613A6,EIQ_HORSE_BA52963A446613A6,SAME_FAVOURITE,False,False,SAME_FAVOURITE
EIQ_RACE_72D85C5871E71729,EIQ_HORSE_8725D374A54BEE4C,2021,-0.06591977799668358,EIQ_HORSE_5B2FD60725076E1B,EIQ_HORSE_5B2FD60725076E1B,SAME_FAVOURITE,False,False,SAME_FAVOURITE
EIQ_RACE_72DAC8BCEB5BB7A5,EIQ_HORSE_D83DD65F0FFE808E,2024,-0.09253013852053149,EIQ_HORSE_55C527F1E7965CCD,EIQ_HORSE_55C527F1E7965CCD,SAME_FAVOURITE,False,False,SAME_FAVOURITE
EIQ_RACE_7300127F62CADA16,EIQ_HORSE_B02FB7CD5082DBDA,2021,0.012235280951726768,EIQ_HORSE_B02FB7CD5082DBDA,EIQ_HORSE_B02FB7CD5082DBDA,SAME_FAVOURITE,True,True,SAME_FAVOURITE
EIQ_RACE_730274B7924D9E7F,EIQ_HORSE_5B8A3841F1D02480,2021,0.02677466197634537,EIQ_HORSE_9180E4DA505835DF,EIQ_HORSE_9180E4DA505835DF,SAME_FAVOURITE,False,False,SAME_FAVOURITE
EIQ_RACE_7306AAA6144B9F5A,EIQ_HORSE_444EF5C3686BE6F5,2021,0.05776756103929448,EIQ_HORSE_444EF5C3686BE6F5,EIQ_HORSE_444EF5C3686BE6F5,SAME_FAVOURITE,True,True,SAME_FAVOURITE
EIQ_RACE_7312A749B888C9DE,EIQ_HORSE_9EAB39A0465137AD,2023,-0.07158307277563969,EIQ_HORSE_D43E3626E4ADB737,EIQ_HORSE_B82D5A5A4C4641CF,CHALLENGER_CHANGED_FAVOURITE,False,False,BOTH_WRONG
EIQ_RACE_7326ADAA709F545C,EIQ_HORSE_AF61D67579CCDD48,2025,-0.07039230134467056,EIQ_HORSE_D82493B9417582ED,EIQ_HORSE_D82493B9417582ED,SAME_FAVOURITE,False,False,SAME_FAVOURITE
EIQ_RACE_732E47795E54AB34,EIQ_HORSE_C37A7B2B45A19D12,2025,0.011504815298237325,EIQ_HORSE_7B9800288CDC32DC,EIQ_HORSE_7B9800288CDC32DC,SAME_FAVOURITE,False,False,SAME_FAVOURITE
EIQ_RACE_7339F2A8064FE5D9,EIQ_HORSE_F91817B0E703F632,2021,-1.0295242964364348e-05,EIQ_HORSE_D511BDE6D9E52950,EIQ_HORSE_D511BDE6D9E52950,SAME_FAVOURITE,False,False,SAME_FAVOURITE
EIQ_RACE_733F8217A0EDCA89,EIQ_HORSE_6744EA4ED7B5DEC4,2021,-0.034589446365952625,EIQ_HORSE_43875DD666293412,EIQ_HORSE_43875DD666293412,SAME_FAVOURITE,False,False,SAME_FAVOURITE
EIQ_RACE_73436E41E007663C,EIQ_HORSE_945AC9871E71C38B,2021,-0.0578157427142969,EIQ_HORSE_0FFBC9D20CB39652,EIQ_HORSE_0FFBC9D20CB39652,SAME_FAVOURITE,False,False,SAME_FAVOURITE
EIQ_RACE_73452005723C3B4A,EIQ_HORSE_F21F96A85C102E51,2024,-0.03367037846159082,EIQ_HORSE_9A20C153DE978284,EIQ_HORSE_9A20C153DE978284,SAME_FAVOURITE,False,False,SAME_FAVOURITE
EIQ_RACE_7347F5E1B0383C75,EIQ_HORSE_F36AD72B2319F921,2026,-0.021199492640786133,EIQ_HORSE_199A986C3346D27B,EIQ_HORSE_199A986C3346D27B,SAME_FAVOURITE,False,False,SAME_FAVOURITE
EIQ_RACE_735EB71B8F867195,EIQ_HORSE_97A9EE5193863ABB,2021,-0.029646112054850793,EIQ_HORSE_49404637B42CD758,EIQ_HORSE_49404637B42CD758,SAME_FAVOURITE,False,False,SAME_FAVOURITE
EIQ_RACE_735FD2DD8694492F,EIQ_HORSE_9FFAD4D4897DDB39,2023,0.00804640612359453,EIQ_HORSE_7B727FB7CF8668EA,EIQ_HORSE_93E092AB4618E822,CHALLENGER_CHANGED_FAVOURITE,False,False,BOTH_WRONG
EIQ_RACE_7376B9B02ECFB390,EIQ_HORSE_EECBD2BECC2AB7EC,2021,-0.12937398974737802,EIQ_HORSE_809B2850A3844EDA,EIQ_HORSE_809B2850A3844EDA,SAME_FAVOURITE,False,False,SAME_FAVOURITE
EIQ_RACE_737CBE8EA277637A,EIQ_HORSE_39B4185927F25632,2023,-0.09830065664320964,EIQ_HORSE_8750A7003C99BDEE,EIQ_HORSE_8750A7003C99BDEE,SAME_FAVOURITE,False,False,SAME_FAVOURITE
EIQ_RACE_7393A90082094E91,EIQ_HORSE_D3930D1F91189B56,2025,-0.06424272239981277,EIQ_HORSE_D3930D1F91189B56,EIQ_HORSE_D3930D1F91189B56,SAME_FAVOURITE,True,True,SAME_FAVOURITE
EIQ_RACE_739C7D9CBDE69EC4,EIQ_HORSE_5D33939BB0E96315,2022,-0.11836767339403353,EIQ_HORSE_501B1F72D5214849,EIQ_HORSE_501B1F72D5214849,SAME_FAVOURITE,False,False,SAME_FAVOURITE
EIQ_RACE_739EBAFC11F272A6,EIQ_HORSE_A8608FC0D2E9BFB7,2024,0.06044427904803307,EIQ_HORSE_0DDEB10CF0B90D3B,EIQ_HORSE_0DDEB10CF0B90D3B,SAME_FAVOURITE,False,False,SAME_FAVOURITE
EIQ_RACE_73A06C1444859F73,EIQ_HORSE_BE39E2E9F366E70F,2025,-0.03455039395410342,EIQ_HORSE_6D64CF14BAC97546,EIQ_HORSE_6D64CF14BAC97546,SAME_FAVOURITE,False,False,SAME_FAVOURITE
EIQ_RACE_73A4059AC0449561,EIQ_HORSE_C05A560638AAFEE4,2021,-0.0034232159245899396,EIQ_HORSE_608A7745ECF7303A,EIQ_HORSE_608A7745ECF7303A,SAME_FAVOURITE,False,False,SAME_FAVOURITE
EIQ_RACE_73C73AD38D668B0D,EIQ_HORSE_8A319CDAF3337E58,2024,-0.02133093992695123,EIQ_HORSE_8A319CDAF3337E58,EIQ_HORSE_8A319CDAF3337E58,SAME_FAVOURITE,True,True,SAME_FAVOURITE
EIQ_RACE_73F262063797950A,EIQ_HORSE_6C5D7A358E91756F,2021,-0.05147104861537022,EIQ_HORSE_AB88837676A916A8,EIQ_HORSE_8EBE91A8BD1B3CE0,CHALLENGER_CHANGED_FAVOURITE,False,False,BOTH_WRONG
EIQ_RACE_73F2B05AA4CAD979,EIQ_HORSE_F21F96A85C102E51,2024,0.04589318116602614,EIQ_HORSE_F21F96A85C102E51,EIQ_HORSE_F21F96A85C102E51,SAME_FAVOURITE,True,True,SAME_FAVOURITE
EIQ_RACE_73F443AB51407A3E,EIQ_HORSE_29095A661EA888A2,2021,0.04087621472448477,EIQ_HORSE_1C7EBB7531C70FC2,EIQ_HORSE_1C7EBB7531C70FC2,SAME_FAVOURITE,False,False,SAME_FAVOURITE
EIQ_RACE_73FE766706D79930,EIQ_HORSE_C53D5569346EECB2,2021,-0.12300564966419425,EIQ_HORSE_C53D5569346EECB2,EIQ_HORSE_C53D5569346EECB2,SAME_FAVOURITE,True,True,SAME_FAVOURITE
EIQ_RACE_74044B6C8D37F150,EIQ_HORSE_27FA4955D01DE1A8,2021,0.17737356798507364,EIQ_HORSE_7F553788AC37DA96,EIQ_HORSE_27FA4955D01DE1A8,CHALLENGER_CHANGED_FAVOURITE,False,True,STRICT_WRONG_DROP_CORRECT
EIQ_RACE_740BB2E0D2A37B3C,EIQ_HORSE_B91503F98478F641,2024,0.07299490940501319,EIQ_HORSE_B91503F98478F641,EIQ_HORSE_B91503F98478F641,SAME_FAVOURITE,True,True,SAME_FAVOURITE
EIQ_RACE_7412DCB06C9E436B,EIQ_HORSE_4415D85C988E6FB8,2025,-0.020824535529132993,EIQ_HORSE_4415D85C988E6FB8,EIQ_HORSE_4415D85C988E6FB8,SAME_FAVOURITE,True,True,SAME_FAVOURITE
EIQ_RACE_74132A2AF13BE98D,EIQ_HORSE_E788FFCC86050ABF,2021,0.17863130665569615,EIQ_HORSE_D8C4F553326D40A5,EIQ_HORSE_D8C4F553326D40A5,SAME_FAVOURITE,False,False,SAME_FAVOURITE
EIQ_RACE_742B5002F87C7B8A,EIQ_HORSE_94166CE88482C88B,2025,-0.12475977977106334,EIQ_HORSE_6B577C55CABF1A42,EIQ_HORSE_6B577C55CABF1A42,SAME_FAVOURITE,False,False,SAME_FAVOURITE
EIQ_RACE_74308A84E995F121,EIQ_HORSE_95066A1A3A5183E8,2024,0.09987704265333086,EIQ_HORSE_1694ECE5D72D743C,EIQ_HORSE_1694ECE5D72D743C,SAME_FAVOURITE,False,False,SAME_FAVOURITE
EIQ_RACE_743123E9C272BFD7,EIQ_HORSE_31937980D26F9131,2021,-0.1489141349846883,EIQ_HORSE_31937980D26F9131,EIQ_HORSE_A12541229C0AA7E3,CHALLENGER_CHANGED_FAVOURITE,True,False,STRICT_CORRECT_DROP_WRONG
EIQ_RACE_74373CF49879298E,EIQ_HORSE_D87113343F0916E0,2023,-0.05244066210397502,EIQ_HORSE_684FF8E12600D8EA,EIQ_HORSE_684FF8E12600D8EA,SAME_FAVOURITE,False,False,SAME_FAVOURITE
EIQ_RACE_7449889D9F7D91F5,EIQ_HORSE_DA9D0C172C6858F1,2021,-0.03263844849785702,EIQ_HORSE_DA9D0C172C6858F1,EIQ_HORSE_DA9D0C172C6858F1,SAME_FAVOURITE,True,True,SAME_FAVOURITE
EIQ_RACE_744F6B9492E75F92,EIQ_HORSE_BF367B8EAC29E678,2025,-0.04665536313106644,EIQ_HORSE_1066C0F6EB428600,EIQ_HORSE_1066C0F6EB428600,SAME_FAVOURITE,False,False,SAME_FAVOURITE
EIQ_RACE_7452B85732FF0E60,EIQ_HORSE_88DE87EB973FDD61,2024,-0.04460239494024698,EIQ_HORSE_3FF7556CC5D605F9,EIQ_HORSE_3FF7556CC5D605F9,SAME_FAVOURITE,False,False,SAME_FAVOURITE
EIQ_RACE_7456B65FC6DB019B,EIQ_HORSE_ACDD590B9C94BD23,2025,0.07087943526611928,EIQ_HORSE_6A56F4F33712A098,EIQ_HORSE_6A56F4F33712A098,SAME_FAVOURITE,False,False,SAME_FAVOURITE
EIQ_RACE_74789268E71D9FB6,EIQ_HORSE_373B3EA11A9FE6FF,2025,-0.060206688621041504,EIQ_HORSE_2996BA44E4C39278,EIQ_HORSE_2996BA44E4C39278,SAME_FAVOURITE,False,False,SAME_FAVOURITE
EIQ_RACE_747AB3E366F5402B,EIQ_HORSE_430EA0F8534E15E2,2026,0.045828387132249127,EIQ_HORSE_C504A51C4D1073EA,EIQ_HORSE_C504A51C4D1073EA,SAME_FAVOURITE,False,False,SAME_FAVOURITE
EIQ_RACE_7481CA81293D094F,EIQ_HORSE_F33D7836FF9C80C7,2023,-0.07569704380776221,EIQ_HORSE_49C011878849B249,EIQ_HORSE_49C011878849B249,SAME_FAVOURITE,False,False,SAME_FAVOURITE
EIQ_RACE_7484ABBFDF754F43,EIQ_HORSE_D2F3F533DF08D489,2025,0.036395358273811684,EIQ_HORSE_D2F3F533DF08D489,EIQ_HORSE_D2F3F533DF08D489,SAME_FAVOURITE,True,True,SAME_FAVOURITE
EIQ_RACE_748D0BF970C590A7,EIQ_HORSE_87BAC0580DF85AD7,2024,0.03588144002845439,EIQ_HORSE_7B0F2D4AED778D56,EIQ_HORSE_7B0F2D4AED778D56,SAME_FAVOURITE,False,False,SAME_FAVOURITE
EIQ_RACE_74B5A308406236A3,EIQ_HORSE_CF7B8F599913E808,2026,0.051624591813346665,EIQ_HORSE_CF7B8F599913E808,EIQ_HORSE_CF7B8F599913E808,SAME_FAVOURITE,True,True,SAME_FAVOURITE
EIQ_RACE_74C66A3A95C5682A,EIQ_HORSE_11543E931711E7B9,2025,0.016947259411407067,EIQ_HORSE_B0642C73748DA2BA,EIQ_HORSE_B0642C73748DA2BA,SAME_FAVOURITE,False,False,SAME_FAVOURITE
EIQ_RACE_74CBAFE2622B3FB3,EIQ_HORSE_3765B7CAA3A5FE97,2023,-0.08459601879841872,EIQ_HORSE_F03FB2DF80F5E420,EIQ_HORSE_F03FB2DF80F5E420,SAME_FAVOURITE,False,False,SAME_FAVOURITE
EIQ_RACE_74D1DB49655ABA12,EIQ_HORSE_76482FCB3CD47CE0,2024,0.0360100425888239,EIQ_HORSE_76482FCB3CD47CE0,EIQ_HORSE_76482FCB3CD47CE0,SAME_FAVOURITE,True,True,SAME_FAVOURITE
EIQ_RACE_74E4868C5DF2C7D2,EIQ_HORSE_7B1C746F812F27C0,2024,-0.074465646181062,EIQ_HORSE_F3B3B7A25C3D59A6,EIQ_HORSE_F3B3B7A25C3D59A6,SAME_FAVOURITE,False,False,SAME_FAVOURITE
EIQ_RACE_74EF3DE2C7A3F8A9,EIQ_HORSE_06D391888EB4F9B3,2023,0.11591157385518591,EIQ_HORSE_20736F7A2EBF34AD,EIQ_HORSE_DA295A2D9D25A781,CHALLENGER_CHANGED_FAVOURITE,False,False,BOTH_WRONG
EIQ_RACE_750017907A39957B,EIQ_HORSE_FE9778AC90FF5149,2021,-0.0310450931924513,EIQ_HORSE_0BCC6FFF9DC643C0,EIQ_HORSE_0BCC6FFF9DC643C0,SAME_FAVOURITE,False,False,SAME_FAVOURITE
EIQ_RACE_751CB1F6F75A4B76,EIQ_HORSE_CA62AF84F1F6E509,2024,0.07989715774177308,EIQ_HORSE_CA62AF84F1F6E509,EIQ_HORSE_CA62AF84F1F6E509,SAME_FAVOURITE,True,True,SAME_FAVOURITE
EIQ_RACE_752B6DCC30C4C228,EIQ_HORSE_43EF49657C395A16,2023,0.018355649590739542,EIQ_HORSE_40196DE796DC04EA,EIQ_HORSE_40196DE796DC04EA,SAME_FAVOURITE,False,False,SAME_FAVOURITE
EIQ_RACE_75366B325F6BDB89,EIQ_HORSE_B18A7C4A4EBA7B9C,2026,0.1245600043514079,EIQ_HORSE_D94158F10F511BD3,EIQ_HORSE_D94158F10F511BD3,SAME_FAVOURITE,False,False,SAME_FAVOURITE
EIQ_RACE_754059CC164483F8,EIQ_HORSE_E93C3216283FF9CA,2021,0.05757903309598156,EIQ_HORSE_A4322B58C34A397A,EIQ_HORSE_A4322B58C34A397A,SAME_FAVOURITE,False,False,SAME_FAVOURITE
EIQ_RACE_7545920BBD124F2B,EIQ_HORSE_364699410561C3DC,2024,0.003129915360674973,EIQ_HORSE_0C7CBB5FAB802E08,EIQ_HORSE_0C7CBB5FAB802E08,SAME_FAVOURITE,False,False,SAME_FAVOURITE
EIQ_RACE_755BF69552E42613,EIQ_HORSE_C1B2DEB125439E05,2025,-0.0015251081547524858,EIQ_HORSE_46E4D247EC43688A,EIQ_HORSE_46E4D247EC43688A,SAME_FAVOURITE,False,False,SAME_FAVOURITE
EIQ_RACE_757C19980A2D7E96,EIQ_HORSE_65F8406C1E08438F,2026,-0.06691287760546061,EIQ_HORSE_26C82384A110840D,EIQ_HORSE_26C82384A110840D,SAME_FAVOURITE,False,False,SAME_FAVOURITE
EIQ_RACE_7582A9BEC9132A40,EIQ_HORSE_6613142BB9112621,2024,-0.04343576995960374,EIQ_HORSE_6613142BB9112621,EIQ_HORSE_6613142BB9112621,SAME_FAVOURITE,True,True,SAME_FAVOURITE
EIQ_RACE_75842AF52038AA7A,EIQ_HORSE_E74678342C2B96E6,2026,0.027534557554487638,EIQ_HORSE_C5747DED76A46B49,EIQ_HORSE_94272DB4A5559CAE,CHALLENGER_CHANGED_FAVOURITE,False,False,BOTH_WRONG
EIQ_RACE_75BECD3CCE0CC992,EIQ_HORSE_8352E6EBCC9447E9,2026,-0.003396173375029843,EIQ_HORSE_02EFD10E58A17664,EIQ_HORSE_02EFD10E58A17664,SAME_FAVOURITE,False,False,SAME_FAVOURITE
EIQ_RACE_75BF084B86C7AC59,EIQ_HORSE_6BDED9DA43683B06,2026,0.062349291963040177,EIQ_HORSE_7DCC880A6B957454,EIQ_HORSE_7DCC880A6B957454,SAME_FAVOURITE,False,False,SAME_FAVOURITE
EIQ_RACE_75D2BCF2802FE4B6,EIQ_HORSE_4E97B4E55B61C452,2021,0.18640483292760468,EIQ_HORSE_75A8B8D74E1EAE7C,EIQ_HORSE_75A8B8D74E1EAE7C,SAME_FAVOURITE,False,False,SAME_FAVOURITE
EIQ_RACE_75D5366BADDBC8B0,EIQ_HORSE_C74C71C8EB9C7584,2025,-0.04850649643619276,EIQ_HORSE_C74C71C8EB9C7584,EIQ_HORSE_C74C71C8EB9C7584,SAME_FAVOURITE,True,True,SAME_FAVOURITE
EIQ_RACE_75D769325E1DAE20,EIQ_HORSE_3ADE57BA6A79072C,2023,0.13768300760304442,EIQ_HORSE_3ADE57BA6A79072C,EIQ_HORSE_3ADE57BA6A79072C,SAME_FAVOURITE,True,True,SAME_FAVOURITE
EIQ_RACE_75DA02E59EF92F74,EIQ_HORSE_00B4D396126B2E30,2024,-0.04443668303436765,EIQ_HORSE_00B4D396126B2E30,EIQ_HORSE_00B4D396126B2E30,SAME_FAVOURITE,True,True,SAME_FAVOURITE
EIQ_RACE_75E26CC25E2B7FE4,EIQ_HORSE_37575DB7BCFDF001,2023,-0.07192641485287998,EIQ_HORSE_05C244FCC1A1BB4A,EIQ_HORSE_05C244FCC1A1BB4A,SAME_FAVOURITE,False,False,SAME_FAVOURITE
EIQ_RACE_75E93DB154916471,EIQ_HORSE_E09FD48DF588628A,2024,0.0008801032658523056,EIQ_HORSE_BDC580E56A83E26F,EIQ_HORSE_BDC580E56A83E26F,SAME_FAVOURITE,False,False,SAME_FAVOURITE
EIQ_RACE_7600EC0B3FFCEC42,EIQ_HORSE_A9BF3771016F7CFD,2023,0.0056332046656406565,EIQ_HORSE_A9BF3771016F7CFD,EIQ_HORSE_A9BF3771016F7CFD,SAME_FAVOURITE,True,True,SAME_FAVOURITE
EIQ_RACE_760138E3631164EC,EIQ_HORSE_AE21AF381A2BE7BA,2023,-0.06306861403594732,EIQ_HORSE_1E4418269855B145,EIQ_HORSE_1E4418269855B145,SAME_FAVOURITE,False,False,SAME_FAVOURITE
EIQ_RACE_761AE39B08B977FD,EIQ_HORSE_1629F1FBDC0399E1,2021,0.10541051003871615,EIQ_HORSE_44C37B351AE08229,EIQ_HORSE_44C37B351AE08229,SAME_FAVOURITE,False,False,SAME_FAVOURITE
EIQ_RACE_7635DBE557A4FC1F,EIQ_HORSE_99347B75C3C08B99,2025,0.07576069375349803,EIQ_HORSE_1249211D07E26C85,EIQ_HORSE_1249211D07E26C85,SAME_FAVOURITE,False,False,SAME_FAVOURITE
EIQ_RACE_76392309A0348338,EIQ_HORSE_550E6608977F3A6A,2021,0.016498881093875095,EIQ_HORSE_8426F7759B252C17,EIQ_HORSE_8426F7759B252C17,SAME_FAVOURITE,False,False,SAME_FAVOURITE
EIQ_RACE_7644A4EBA002FA5B,EIQ_HORSE_BA3BA54F978CB5D8,2026,0.051404548209926126,EIQ_HORSE_86B11EFC9053CE50,EIQ_HORSE_86B11EFC9053CE50,SAME_FAVOURITE,False,False,SAME_FAVOURITE
EIQ_RACE_7649B4F420603F09,EIQ_HORSE_E531EE174EFE6968,2026,-0.06484770321437683,EIQ_HORSE_67DA25FD88C72FB9,EIQ_HORSE_67DA25FD88C72FB9,SAME_FAVOURITE,False,False,SAME_FAVOURITE
EIQ_RACE_764DF3BBF487E743,EIQ_HORSE_2E9511587B75D31E,2024,0.051237416278561154,EIQ_HORSE_2E9511587B75D31E,EIQ_HORSE_2E9511587B75D31E,SAME_FAVOURITE,True,True,SAME_FAVOURITE
EIQ_RACE_7652303DD4B5DC11,EIQ_HORSE_AA9C5E9AB3D59DFC,2026,-0.05005830491803165,EIQ_HORSE_992B11A07A241E0A,EIQ_HORSE_992B11A07A241E0A,SAME_FAVOURITE,False,False,SAME_FAVOURITE
EIQ_RACE_7657CB4A5DE86BF0,EIQ_HORSE_353EEA52A2802CE3,2024,-0.2185741095922893,EIQ_HORSE_3A0E92A97E81749E,EIQ_HORSE_3A0E92A97E81749E,SAME_FAVOURITE,False,False,SAME_FAVOURITE
EIQ_RACE_765A4F7B7B270978,EIQ_HORSE_6D6D188B2ACC8533,2021,0.0571299119257247,EIQ_HORSE_6D6D188B2ACC8533,EIQ_HORSE_6D6D188B2ACC8533,SAME_FAVOURITE,True,True,SAME_FAVOURITE
EIQ_RACE_767111114BE29459,EIQ_HORSE_FB191A0F496337C4,2021,0.15291473026174884,EIQ_HORSE_1908AC9169B1E3E2,EIQ_HORSE_1908AC9169B1E3E2,SAME_FAVOURITE,False,False,SAME_FAVOURITE
EIQ_RACE_76770453B1A0B444,EIQ_HORSE_64044BFCFDF5C72C,2025,-0.06322930445055497,EIQ_HORSE_64044BFCFDF5C72C,EIQ_HORSE_64044BFCFDF5C72C,SAME_FAVOURITE,True,True,SAME_FAVOURITE
EIQ_RACE_76771CF0CC805B21,EIQ_HORSE_006C1F5E54854184,2022,0.140709635170309,EIQ_HORSE_8C1C365BF8394C81,EIQ_HORSE_982B28A184AC4873,CHALLENGER_CHANGED_FAVOURITE,False,False,BOTH_WRONG
EIQ_RACE_76782F4B7588B576,EIQ_HORSE_A3ED64A93D5ED54B,2026,-0.025026610902777024,EIQ_HORSE_C03DD87D6B731333,EIQ_HORSE_C03DD87D6B731333,SAME_FAVOURITE,False,False,SAME_FAVOURITE
EIQ_RACE_7679F5AB0FE7B63C,EIQ_HORSE_2C7E7BC38EECE010,2021,-0.05345793996774484,EIQ_HORSE_2C7E7BC38EECE010,EIQ_HORSE_97F8B21A3A5AFF7E,CHALLENGER_CHANGED_FAVOURITE,True,False,STRICT_CORRECT_DROP_WRONG
EIQ_RACE_7696C466C95CC493,EIQ_HORSE_C9C9EC2640B46E38,2025,-0.15557548020838108,EIQ_HORSE_99B5D083D0ED2ABE,EIQ_HORSE_99B5D083D0ED2ABE,SAME_FAVOURITE,False,False,SAME_FAVOURITE
EIQ_RACE_76A743A0E4ED47AC,EIQ_HORSE_DF6723A02925AEC0,2021,-0.05932666927961838,EIQ_HORSE_DF6723A02925AEC0,EIQ_HORSE_DF6723A02925AEC0,SAME_FAVOURITE,True,True,SAME_FAVOURITE
EIQ_RACE_76BC3F1CF90EA8FC,EIQ_HORSE_41D21D6FF181863B,2025,0.18052999890708898,EIQ_HORSE_C9F69FD449F8A831,EIQ_HORSE_C9F69FD449F8A831,SAME_FAVOURITE,False,False,SAME_FAVOURITE
EIQ_RACE_76C247C287A0ABE7,EIQ_HORSE_AEE54A4AA296C79B,2025,0.1326034319615763,EIQ_HORSE_4C093381C5BE1FF7,EIQ_HORSE_4C093381C5BE1FF7,SAME_FAVOURITE,False,False,SAME_FAVOURITE
EIQ_RACE_76C9F8AE11A16A37,EIQ_HORSE_A2DE559AB8989360,2025,-0.014537264644470138,EIQ_HORSE_0318EC5950792AFA,EIQ_HORSE_0318EC5950792AFA,SAME_FAVOURITE,False,False,SAME_FAVOURITE
EIQ_RACE_76E2177C3ADC33F7,EIQ_HORSE_57CF2BDFF90DCFCA,2024,-0.1302805938938576,EIQ_HORSE_AED329E09F6528D6,EIQ_HORSE_B1AE8FA88D679B65,CHALLENGER_CHANGED_FAVOURITE,False,False,BOTH_WRONG
EIQ_RACE_76E2C59DE32C6416,EIQ_HORSE_B9D39A15E32F3E21,2024,-0.1281159231295148,EIQ_HORSE_7367CB8D62B1F56E,EIQ_HORSE_7367CB8D62B1F56E,SAME_FAVOURITE,False,False,SAME_FAVOURITE
EIQ_RACE_76EBB863A4668887,EIQ_HORSE_D757DDD25B448C52,2024,0.02062638352024071,EIQ_HORSE_D757DDD25B448C52,EIQ_HORSE_D757DDD25B448C52,SAME_FAVOURITE,True,True,SAME_FAVOURITE
EIQ_RACE_7704F1C8C6EBA0AB,EIQ_HORSE_BE39E2E9F366E70F,2026,-0.08451121835820086,EIQ_HORSE_D642DC4A42AE8867,EIQ_HORSE_D642DC4A42AE8867,SAME_FAVOURITE,False,False,SAME_FAVOURITE
EIQ_RACE_77113DC1A2876DD2,EIQ_HORSE_70DA3EBE47CFC182,2025,0.17659715215994165,EIQ_HORSE_1DF192ED3E0B2FBB,EIQ_HORSE_1DF192ED3E0B2FBB,SAME_FAVOURITE,False,False,SAME_FAVOURITE
EIQ_RACE_7712EF63431CAA18,EIQ_HORSE_69A417DC7C51E939,2021,0.039054829542175096,EIQ_HORSE_1CE79A0382873019,EIQ_HORSE_1CE79A0382873019,SAME_FAVOURITE,False,False,SAME_FAVOURITE
EIQ_RACE_772A96E3C8CB13D5,EIQ_HORSE_463153DE92CF65D9,2021,-0.12432960345196431,EIQ_HORSE_EBC4E0554EB9922D,EIQ_HORSE_EBC4E0554EB9922D,SAME_FAVOURITE,False,False,SAME_FAVOURITE
EIQ_RACE_7743D1A90DFBD587,EIQ_HORSE_8E44CC4B03997E9A,2024,0.1506824084828895,EIQ_HORSE_F5B6CB775E28D595,EIQ_HORSE_F5B6CB775E28D595,SAME_FAVOURITE,False,False,SAME_FAVOURITE
EIQ_RACE_774B71D1FEE31B44,EIQ_HORSE_3583200B2642FC87,2025,-0.06654043397945753,EIQ_HORSE_D2F182931E5EA1E1,EIQ_HORSE_2E1AE8F0CB1E26DA,CHALLENGER_CHANGED_FAVOURITE,False,False,BOTH_WRONG
EIQ_RACE_774F15D7A828B552,EIQ_HORSE_4CC57AE07A001AD8,2024,0.0010749532009965979,EIQ_HORSE_4CC57AE07A001AD8,EIQ_HORSE_4CC57AE07A001AD8,SAME_FAVOURITE,True,True,SAME_FAVOURITE
EIQ_RACE_7751409B18CDEAA3,EIQ_HORSE_8560A2B1C2497564,2023,0.008837712731658787,EIQ_HORSE_3265E1D2E0F2CE41,EIQ_HORSE_3265E1D2E0F2CE41,SAME_FAVOURITE,False,False,SAME_FAVOURITE
EIQ_RACE_77524E9DF5ADF99F,EIQ_HORSE_2F8E8BE36B6AFE8D,2023,0.19994882361166422,EIQ_HORSE_A8CC45FA502E3B6D,EIQ_HORSE_A8CC45FA502E3B6D,SAME_FAVOURITE,False,False,SAME_FAVOURITE
EIQ_RACE_7756D21169C4EAB3,EIQ_HORSE_AAF1F11B697C63EF,2021,0.014419102354971125,EIQ_HORSE_D822936816134EA7,EIQ_HORSE_D822936816134EA7,SAME_FAVOURITE,False,False,SAME_FAVOURITE
EIQ_RACE_775845EC336FFBB9,EIQ_HORSE_BFB5C87AD30F3FDC,2025,0.03759557070077335,EIQ_HORSE_1501DA239F9111C7,EIQ_HORSE_1501DA239F9111C7,SAME_FAVOURITE,False,False,SAME_FAVOURITE
EIQ_RACE_77646D7E50CE7DF0,EIQ_HORSE_D94158F10F511BD3,2025,0.004191989501392879,EIQ_HORSE_D94158F10F511BD3,EIQ_HORSE_D94158F10F511BD3,SAME_FAVOURITE,True,True,SAME_FAVOURITE
EIQ_RACE_77663B81B396CF5A,EIQ_HORSE_00F84DAF59332741,2023,0.0010720572596323308,EIQ_HORSE_815BCF7A4634B758,EIQ_HORSE_815BCF7A4634B758,SAME_FAVOURITE,False,False,SAME_FAVOURITE
EIQ_RACE_77710666794099ED,EIQ_HORSE_EE7FF4F965169D91,2024,-0.0466002184315113,EIQ_HORSE_6FCB4239C9213169,EIQ_HORSE_6FCB4239C9213169,SAME_FAVOURITE,False,False,SAME_FAVOURITE
EIQ_RACE_777C2A905B19A86B,EIQ_HORSE_6B797280AC1A4946,2021,-0.10974934568176797,EIQ_HORSE_C4CB851ABBF482D8,EIQ_HORSE_C4CB851ABBF482D8,SAME_FAVOURITE,False,False,SAME_FAVOURITE
EIQ_RACE_777D7BA031F7B44C,EIQ_HORSE_21990B071C493186,2023,-0.046332998537994996,EIQ_HORSE_4DDE0A0A67059E70,EIQ_HORSE_4DDE0A0A67059E70,SAME_FAVOURITE,False,False,SAME_FAVOURITE
EIQ_RACE_77816C5F37B61B97,EIQ_HORSE_C7D6200B0E6DCC04,2025,-0.05338698507473971,EIQ_HORSE_473781FF941B894B,EIQ_HORSE_473781FF941B894B,SAME_FAVOURITE,False,False,SAME_FAVOURITE
EIQ_RACE_77A18074BD14E06A,EIQ_HORSE_4D397ED2332BF6D8,2025,0.048270480997284704,EIQ_HORSE_4D397ED2332BF6D8,EIQ_HORSE_4D397ED2332BF6D8,SAME_FAVOURITE,True,True,SAME_FAVOURITE
EIQ_RACE_77A81B07A379517C,EIQ_HORSE_6A946EC49BD53EE0,2026,0.03078667762893894,EIQ_HORSE_61149C009B91C1BE,EIQ_HORSE_6A946EC49BD53EE0,CHALLENGER_CHANGED_FAVOURITE,False,True,STRICT_WRONG_DROP_CORRECT
EIQ_RACE_77A8C4688344D9B8,EIQ_HORSE_5E58F5674C2BECA5,2024,0.23570258858963822,EIQ_HORSE_0926F2DF710DD388,EIQ_HORSE_0926F2DF710DD388,SAME_FAVOURITE,False,False,SAME_FAVOURITE
EIQ_RACE_77B4876586A5AE00,EIQ_HORSE_E2711A4B9E5C514E,2026,0.04386815638484998,EIQ_HORSE_0E5285977D9BB969,EIQ_HORSE_0E5285977D9BB969,SAME_FAVOURITE,False,False,SAME_FAVOURITE
EIQ_RACE_77B6102E47ACF0D1,EIQ_HORSE_3AEE778E3B12D762,2023,0.00945733820896999,EIQ_HORSE_F89D9149A88AAAEB,EIQ_HORSE_F89D9149A88AAAEB,SAME_FAVOURITE,False,False,SAME_FAVOURITE
EIQ_RACE_77B7B077EC241D1C,EIQ_HORSE_594EFDF1CE7EC22D,2025,0.023024380924559384,EIQ_HORSE_594EFDF1CE7EC22D,EIQ_HORSE_594EFDF1CE7EC22D,SAME_FAVOURITE,True,True,SAME_FAVOURITE
EIQ_RACE_77C0098A680DAB68,EIQ_HORSE_9BDE970AD4996336,2023,0.15063514229476738,EIQ_HORSE_50D9E2D55C092023,EIQ_HORSE_50D9E2D55C092023,SAME_FAVOURITE,False,False,SAME_FAVOURITE
EIQ_RACE_77C6FEF21666ED76,EIQ_HORSE_6C3BC13B013A14A0,2023,0.016992534188903008,EIQ_HORSE_7F0D5E8E33A91F58,EIQ_HORSE_7F0D5E8E33A91F58,SAME_FAVOURITE,False,False,SAME_FAVOURITE
EIQ_RACE_77CF1E3FA8F02E88,EIQ_HORSE_7FE3188D14107836,2023,-0.10631029095179567,EIQ_HORSE_E6AF074C2BD23232,EIQ_HORSE_E6AF074C2BD23232,SAME_FAVOURITE,False,False,SAME_FAVOURITE
EIQ_RACE_77CF9B0C98FB81DC,EIQ_HORSE_8E89D73DDE0897E2,2024,0.025766615350139688,EIQ_HORSE_CCE374A07EB9FF74,EIQ_HORSE_CCE374A07EB9FF74,SAME_FAVOURITE,False,False,SAME_FAVOURITE
EIQ_RACE_77DE3AC252271336,EIQ_HORSE_7EE305F80A0880AB,2025,0.2567470293646006,EIQ_HORSE_49820BBC9A3C2F5D,EIQ_HORSE_7EE305F80A0880AB,CHALLENGER_CHANGED_FAVOURITE,False,True,STRICT_WRONG_DROP_CORRECT
EIQ_RACE_77E814634D5B1398,EIQ_HORSE_1800DAE470D1787C,2021,-0.10651598207787893,EIQ_HORSE_0D0FD8D2BDA40CDB,EIQ_HORSE_F618D03058A6C01E,CHALLENGER_CHANGED_FAVOURITE,False,False,BOTH_WRONG
EIQ_RACE_77EF899301D4E770,EIQ_HORSE_BE021AF4DF8AAEA5,2021,0.0445033820187255,EIQ_HORSE_BE021AF4DF8AAEA5,EIQ_HORSE_BE021AF4DF8AAEA5,SAME_FAVOURITE,True,True,SAME_FAVOURITE
EIQ_RACE_78012FEC5B385C3E,EIQ_HORSE_5E79B429A15A2DC8,2025,0.10967168846624586,EIQ_HORSE_7BF82E442BF006A1,EIQ_HORSE_7BF82E442BF006A1,SAME_FAVOURITE,False,False,SAME_FAVOURITE
EIQ_RACE_78085F74F4DC5D67,EIQ_HORSE_1DA9C3FC84A551B9,2024,-0.006193789831161034,EIQ_HORSE_B47FDFA3E243EFE3,EIQ_HORSE_B47FDFA3E243EFE3,SAME_FAVOURITE,False,False,SAME_FAVOURITE
EIQ_RACE_783C8FAAA121FC45,EIQ_HORSE_C9293EF40251EFB5,2021,0.04122754688841712,EIQ_HORSE_E6A351C1DA4A4CD4,EIQ_HORSE_E6A351C1DA4A4CD4,SAME_FAVOURITE,False,False,SAME_FAVOURITE
EIQ_RACE_786074F1FAED3200,EIQ_HORSE_AA6F9BF2A9A6097C,2022,-0.09898108566622121,EIQ_HORSE_07C9C32B9199B1B1,EIQ_HORSE_07C9C32B9199B1B1,SAME_FAVOURITE,False,False,SAME_FAVOURITE
EIQ_RACE_78628E89D3D18AD0,EIQ_HORSE_69E14CB6B7FC141C,2021,0.07095023871582518,EIQ_HORSE_CB36F1CE57D77914,EIQ_HORSE_CB36F1CE57D77914,SAME_FAVOURITE,False,False,SAME_FAVOURITE
EIQ_RACE_786CB8E9BE9A27AA,EIQ_HORSE_66904EEDF24E49F8,2021,0.05879630659156865,EIQ_HORSE_22896E4C68B12AE4,EIQ_HORSE_22896E4C68B12AE4,SAME_FAVOURITE,False,False,SAME_FAVOURITE
EIQ_RACE_786DFD656D30C8F3,EIQ_HORSE_B5174801E642110D,2025,-0.002684580456886909,EIQ_HORSE_7BE502A3B034A31B,EIQ_HORSE_527821FA9397CD07,CHALLENGER_CHANGED_FAVOURITE,False,False,BOTH_WRONG
EIQ_RACE_78795F4B2D4FE521,EIQ_HORSE_DDA7F067C4C7D09B,2025,0.034950197727458665,EIQ_HORSE_1C20F6DF13273AA7,EIQ_HORSE_1C20F6DF13273AA7,SAME_FAVOURITE,False,False,SAME_FAVOURITE
EIQ_RACE_78876D764C5D8349,EIQ_HORSE_8426F897FB038842,2025,0.03674060266401935,EIQ_HORSE_829DC9B3F4B61167,EIQ_HORSE_829DC9B3F4B61167,SAME_FAVOURITE,False,False,SAME_FAVOURITE
EIQ_RACE_78997192A6F53F29,EIQ_HORSE_6A96F60996D41BDB,2021,-0.08715749887454738,EIQ_HORSE_1B4682D69DB5F106,EIQ_HORSE_1B4682D69DB5F106,SAME_FAVOURITE,False,False,SAME_FAVOURITE
EIQ_RACE_789A0319B66A34BB,EIQ_HORSE_179E7BE3F8D07225,2026,0.07505229473452601,EIQ_HORSE_E02107F74B96B41E,EIQ_HORSE_E02107F74B96B41E,SAME_FAVOURITE,False,False,SAME_FAVOURITE
EIQ_RACE_78A00B57BDF603ED,EIQ_HORSE_C1B42324C353419E,2024,-0.1710174963370512,EIQ_HORSE_2AFF5E7CFFD492F5,EIQ_HORSE_2AFF5E7CFFD492F5,SAME_FAVOURITE,False,False,SAME_FAVOURITE
EIQ_RACE_78B39950D0460495,EIQ_HORSE_6D0F5D326861BA3C,2023,-0.056642373504872445,EIQ_HORSE_92A34D51A111521A,EIQ_HORSE_92A34D51A111521A,SAME_FAVOURITE,False,False,SAME_FAVOURITE
EIQ_RACE_78B573BB1E8E9319,EIQ_HORSE_E2292F7CFD9BBB1E,2021,-0.1434690127334708,EIQ_HORSE_4E89D9906186D69A,EIQ_HORSE_4E89D9906186D69A,SAME_FAVOURITE,False,False,SAME_FAVOURITE
EIQ_RACE_78C02F19F0DF8CAD,EIQ_HORSE_08B32D4596DF9AE9,2023,-0.0031227060219349845,EIQ_HORSE_657173A529B8169E,EIQ_HORSE_657173A529B8169E,SAME_FAVOURITE,False,False,SAME_FAVOURITE
EIQ_RACE_78D76A8DD0562EA0,EIQ_HORSE_4A6475DFA8A600B2,2025,0.03466706907263384,EIQ_HORSE_4A6475DFA8A600B2,EIQ_HORSE_4A6475DFA8A600B2,SAME_FAVOURITE,True,True,SAME_FAVOURITE
EIQ_RACE_78DC0CB1BD0FBCA2,EIQ_HORSE_E3AFFB272F75672C,2024,-0.18435049827470795,EIQ_HORSE_1F2F7211A6959624,EIQ_HORSE_1F2F7211A6959624,SAME_FAVOURITE,False,False,SAME_FAVOURITE
EIQ_RACE_78E37087FF25A47E,EIQ_HORSE_9059BC9DD2285065,2021,-0.1130162269079773,EIQ_HORSE_9059BC9DD2285065,EIQ_HORSE_9059BC9DD2285065,SAME_FAVOURITE,True,True,SAME_FAVOURITE
EIQ_RACE_78E61AD9BC08DED5,EIQ_HORSE_B9372C69D1817B19,2023,0.04538293547017136,EIQ_HORSE_9008AC3D8A8685F3,EIQ_HORSE_9008AC3D8A8685F3,SAME_FAVOURITE,False,False,SAME_FAVOURITE
EIQ_RACE_78EB4062144C35E8,EIQ_HORSE_17649C129DC64900,2022,0.15932691800424248,EIQ_HORSE_44AAEBA7A47FCD28,EIQ_HORSE_44AAEBA7A47FCD28,SAME_FAVOURITE,False,False,SAME_FAVOURITE
EIQ_RACE_78FABA1B7B500554,EIQ_HORSE_E5DA4616740F6C8E,2024,-0.035747441134464486,EIQ_HORSE_DB63B7E9F167B71D,EIQ_HORSE_E5DA4616740F6C8E,CHALLENGER_CHANGED_FAVOURITE,False,True,STRICT_WRONG_DROP_CORRECT
EIQ_RACE_78FCB8B820DD36CD,EIQ_HORSE_C1866CED8490762E,2023,-0.0021831010762154435,EIQ_HORSE_C530CDADA32AD05D,EIQ_HORSE_C530CDADA32AD05D,SAME_FAVOURITE,False,False,SAME_FAVOURITE
EIQ_RACE_78FE63B267A8BC94,EIQ_HORSE_25B853A05567311A,2021,0.03446164635110649,EIQ_HORSE_0BCC6FFF9DC643C0,EIQ_HORSE_0BCC6FFF9DC643C0,SAME_FAVOURITE,False,False,SAME_FAVOURITE
EIQ_RACE_79001DFFF408DD75,EIQ_HORSE_5B9FF3DE871C7E33,2021,0.06048832168009732,EIQ_HORSE_15AC1039ABB1E923,EIQ_HORSE_15AC1039ABB1E923,SAME_FAVOURITE,False,False,SAME_FAVOURITE
EIQ_RACE_79143F6967399C60,EIQ_HORSE_51D24B2580895905,2024,-0.10040650466225154,EIQ_HORSE_012882A813A57323,EIQ_HORSE_012882A813A57323,SAME_FAVOURITE,False,False,SAME_FAVOURITE
EIQ_RACE_7917635DFA76159A,EIQ_HORSE_B59E4DF35112FD8D,2021,-0.019715033003862126,EIQ_HORSE_B59E4DF35112FD8D,EIQ_HORSE_B59E4DF35112FD8D,SAME_FAVOURITE,True,True,SAME_FAVOURITE
EIQ_RACE_7917864FD12F8749,EIQ_HORSE_C462950CF0A440D0,2023,-0.0035785338162059865,EIQ_HORSE_915179B55AC4F098,EIQ_HORSE_915179B55AC4F098,SAME_FAVOURITE,False,False,SAME_FAVOURITE
EIQ_RACE_7917CE4FE3E8ADD3,EIQ_HORSE_E1EC0F0224D8544A,2023,0.030365353040970433,EIQ_HORSE_5EDE529A276C9E2B,EIQ_HORSE_5EDE529A276C9E2B,SAME_FAVOURITE,False,False,SAME_FAVOURITE
EIQ_RACE_7923821E61EF32FE,EIQ_HORSE_F405D6B018476E82,2023,-0.0891559469804939,EIQ_HORSE_3BAA2B0CF33F2C7C,EIQ_HORSE_3BAA2B0CF33F2C7C,SAME_FAVOURITE,False,False,SAME_FAVOURITE
EIQ_RACE_7932662A47AE83FA,EIQ_HORSE_E53BE28CBA6B9823,2024,0.08903408589221806,EIQ_HORSE_979733B5EDEFB6AB,EIQ_HORSE_979733B5EDEFB6AB,SAME_FAVOURITE,False,False,SAME_FAVOURITE
EIQ_RACE_794C0B7C49A3791A,EIQ_HORSE_C183C902A1180C92,2024,-0.06708134609845584,EIQ_HORSE_C183C902A1180C92,EIQ_HORSE_1557585A2C6C1C19,CHALLENGER_CHANGED_FAVOURITE,True,False,STRICT_CORRECT_DROP_WRONG
EIQ_RACE_79543B11A2D170B2,EIQ_HORSE_A77DFCBF7B02DBCF,2025,-0.0061083600853018005,EIQ_HORSE_04738EA8A394C869,EIQ_HORSE_04738EA8A394C869,SAME_FAVOURITE,False,False,SAME_FAVOURITE
EIQ_RACE_796203D6D2E11D44,EIQ_HORSE_EA80E55AC65CAF5D,2023,0.11456995762101418,EIQ_HORSE_EA80E55AC65CAF5D,EIQ_HORSE_EA80E55AC65CAF5D,SAME_FAVOURITE,True,True,SAME_FAVOURITE
EIQ_RACE_796A5F35813609BE,EIQ_HORSE_1AD68B64115DADCA,2024,0.015811788560895712,EIQ_HORSE_B5C3674DDBF83664,EIQ_HORSE_B5C3674DDBF83664,SAME_FAVOURITE,False,False,SAME_FAVOURITE
EIQ_RACE_797070FB0DFC1ED9,EIQ_HORSE_6A82E680B5117339,2023,0.04176931574250631,EIQ_HORSE_6A82E680B5117339,EIQ_HORSE_6A82E680B5117339,SAME_FAVOURITE,True,True,SAME_FAVOURITE
EIQ_RACE_7971C5CB9186963E,EIQ_HORSE_364699410561C3DC,2024,0.010276062938195052,EIQ_HORSE_364699410561C3DC,EIQ_HORSE_364699410561C3DC,SAME_FAVOURITE,True,True,SAME_FAVOURITE
EIQ_RACE_7979935BDF520224,EIQ_HORSE_3EE0CE45976BBE71,2021,0.20923738584753826,EIQ_HORSE_B35A31092062410E,EIQ_HORSE_C9F4C37194D9CB43,CHALLENGER_CHANGED_FAVOURITE,False,False,BOTH_WRONG
EIQ_RACE_7986F3CC8008911B,EIQ_HORSE_CF2582080D857BCC,2025,-0.03616732425543079,EIQ_HORSE_F73AB38A6F272DF0,EIQ_HORSE_F73AB38A6F272DF0,SAME_FAVOURITE,False,False,SAME_FAVOURITE
EIQ_RACE_798B3488D2D40C9B,EIQ_HORSE_26D6A05EDB20F5E4,2023,-0.13592987015088331,EIQ_HORSE_306740153C6B1002,EIQ_HORSE_306740153C6B1002,SAME_FAVOURITE,False,False,SAME_FAVOURITE
EIQ_RACE_79A32B567913135F,EIQ_HORSE_24D4023FC83B5DE1,2024,-0.07497114167479979,EIQ_HORSE_24D4023FC83B5DE1,EIQ_HORSE_24D4023FC83B5DE1,SAME_FAVOURITE,True,True,SAME_FAVOURITE
EIQ_RACE_79C52B0E1D458638,EIQ_HORSE_CA2A8FAC1355A315,2021,0.006099023411758386,EIQ_HORSE_CA2A8FAC1355A315,EIQ_HORSE_CA2A8FAC1355A315,SAME_FAVOURITE,True,True,SAME_FAVOURITE
EIQ_RACE_79C7B2D0082BD1DD,EIQ_HORSE_7FFF2D29A210D5A2,2023,0.15374943328730017,EIQ_HORSE_2EB47508ADF64C75,EIQ_HORSE_2EB47508ADF64C75,SAME_FAVOURITE,False,False,SAME_FAVOURITE
EIQ_RACE_7A0D93117EF6251E,EIQ_HORSE_6CFF28AB0FFE367F,2024,-0.07699101473729719,EIQ_HORSE_1557585A2C6C1C19,EIQ_HORSE_1557585A2C6C1C19,SAME_FAVOURITE,False,False,SAME_FAVOURITE
EIQ_RACE_7A0E207E22F96615,EIQ_HORSE_5D6D4FF494800B06,2025,0.012384528399470351,EIQ_HORSE_5D6D4FF494800B06,EIQ_HORSE_5D6D4FF494800B06,SAME_FAVOURITE,True,True,SAME_FAVOURITE
EIQ_RACE_7A0F118A0FB1F72C,EIQ_HORSE_B1D34655F9B0EAE7,2024,0.08342079025308324,EIQ_HORSE_E8383F25113CA4C9,EIQ_HORSE_E8383F25113CA4C9,SAME_FAVOURITE,False,False,SAME_FAVOURITE
EIQ_RACE_7A1BF9F6C1A709EF,EIQ_HORSE_EE04AB6C81F650F9,2023,0.014741157707518271,EIQ_HORSE_625E39A8956A5933,EIQ_HORSE_625E39A8956A5933,SAME_FAVOURITE,False,False,SAME_FAVOURITE
EIQ_RACE_7A29D0F595960835,EIQ_HORSE_04B5CB6AA01F3BFB,2023,0.11828782506133528,EIQ_HORSE_B781A32EAD9C68CC,EIQ_HORSE_B781A32EAD9C68CC,SAME_FAVOURITE,False,False,SAME_FAVOURITE
EIQ_RACE_7A2D8F859C817F71,EIQ_HORSE_3D6A6AC63BBB74A6,2024,-0.030017554199919694,EIQ_HORSE_A99C7D8DE647D7DB,EIQ_HORSE_A99C7D8DE647D7DB,SAME_FAVOURITE,False,False,SAME_FAVOURITE
EIQ_RACE_7A39D46868AD1B33,EIQ_HORSE_77EE4F707CF0046A,2023,-0.08136708991774544,EIQ_HORSE_5BBEA72A0C979460,EIQ_HORSE_5BBEA72A0C979460,SAME_FAVOURITE,False,False,SAME_FAVOURITE
EIQ_RACE_7A40C105EBFF0E61,EIQ_HORSE_EB478ED6F3E748AF,2025,-0.015412262774782803,EIQ_HORSE_F55D791AE7874644,EIQ_HORSE_F55D791AE7874644,SAME_FAVOURITE,False,False,SAME_FAVOURITE
EIQ_RACE_7A4A9010C051AB64,EIQ_HORSE_BB658E18E2518FD9,2025,0.009362228285802354,EIQ_HORSE_6D03DBFAFBE10F17,EIQ_HORSE_6D03DBFAFBE10F17,SAME_FAVOURITE,False,False,SAME_FAVOURITE
EIQ_RACE_7A59F28894C18DAB,EIQ_HORSE_655E382ADE149D8A,2025,-0.07722340821666296,EIQ_HORSE_655E382ADE149D8A,EIQ_HORSE_655E382ADE149D8A,SAME_FAVOURITE,True,True,SAME_FAVOURITE
EIQ_RACE_7A5FBAEC4A748FC5,EIQ_HORSE_52C0EA425BE3C08F,2025,0.0937452576545661,EIQ_HORSE_52C0EA425BE3C08F,EIQ_HORSE_52C0EA425BE3C08F,SAME_FAVOURITE,True,True,SAME_FAVOURITE
EIQ_RACE_7A6D134CE0127AF0,EIQ_HORSE_DEA444A36649D511,2021,-0.11175129420382257,EIQ_HORSE_DEA444A36649D511,EIQ_HORSE_DEA444A36649D511,SAME_FAVOURITE,True,True,SAME_FAVOURITE
EIQ_RACE_7A7C265C46C7BAC2,EIQ_HORSE_B3565EAC654DA43E,2026,-0.05698751850093853,EIQ_HORSE_C0D180464FC37C0C,EIQ_HORSE_C0D180464FC37C0C,SAME_FAVOURITE,False,False,SAME_FAVOURITE
EIQ_RACE_7ACD622912897FAF,EIQ_HORSE_9820DB881B876774,2022,0.014433993220848151,EIQ_HORSE_8F280E9A73638F90,EIQ_HORSE_32AB2FD661B7A812,CHALLENGER_CHANGED_FAVOURITE,False,False,BOTH_WRONG
EIQ_RACE_7ADD88F56F82988F,EIQ_HORSE_AE018C89AE2196C3,2023,-0.08096512722170979,EIQ_HORSE_AE018C89AE2196C3,EIQ_HORSE_AE018C89AE2196C3,SAME_FAVOURITE,True,True,SAME_FAVOURITE
EIQ_RACE_7AF03456604146D1,EIQ_HORSE_47087F1CA038D290,2026,0.035113403569892565,EIQ_HORSE_47087F1CA038D290,EIQ_HORSE_47087F1CA038D290,SAME_FAVOURITE,True,True,SAME_FAVOURITE
EIQ_RACE_7AFDDADCD094C347,EIQ_HORSE_4BEB9AEA420DED9E,2025,0.04817946620039937,EIQ_HORSE_4BEB9AEA420DED9E,EIQ_HORSE_4BEB9AEA420DED9E,SAME_FAVOURITE,True,True,SAME_FAVOURITE
EIQ_RACE_7B0391D3B94B13C4,EIQ_HORSE_0E11D5417C7BA53F,2023,0.21045293155873201,EIQ_HORSE_B3D684B9A1794590,EIQ_HORSE_B3D684B9A1794590,SAME_FAVOURITE,False,False,SAME_FAVOURITE
EIQ_RACE_7B0542422C7102D0,EIQ_HORSE_F9AA034876E5CAC6,2023,-0.24083313029182873,EIQ_HORSE_2817954D87CB80A4,EIQ_HORSE_2817954D87CB80A4,SAME_FAVOURITE,False,False,SAME_FAVOURITE
EIQ_RACE_7B05982E5032CB13,EIQ_HORSE_4B4FC662E3C43D38,2025,0.14495267007254475,EIQ_HORSE_34CA59D7AF544292,EIQ_HORSE_4B4FC662E3C43D38,CHALLENGER_CHANGED_FAVOURITE,False,True,STRICT_WRONG_DROP_CORRECT
EIQ_RACE_7B05B251F4EC5E02,EIQ_HORSE_69E14CB6B7FC141C,2021,0.14962350513651668,EIQ_HORSE_A88F27322AED6822,EIQ_HORSE_A88F27322AED6822,SAME_FAVOURITE,False,False,SAME_FAVOURITE
EIQ_RACE_7B223B33F4A73A19,EIQ_HORSE_A4BA59DD2AB87090,2025,-0.2380352391602507,EIQ_HORSE_2F0789ED19877E2E,EIQ_HORSE_2F0789ED19877E2E,SAME_FAVOURITE,False,False,SAME_FAVOURITE
EIQ_RACE_7B31D85C76A0D924,EIQ_HORSE_7F819FD9EE9E6DB7,2023,-0.12973938258373052,EIQ_HORSE_5DF2DF59772407C9,EIQ_HORSE_5DF2DF59772407C9,SAME_FAVOURITE,False,False,SAME_FAVOURITE
EIQ_RACE_7B4063927CEA1BC3,EIQ_HORSE_0B72F2B7552D7CDE,2021,0.006973799307788298,EIQ_HORSE_0B72F2B7552D7CDE,EIQ_HORSE_0B72F2B7552D7CDE,SAME_FAVOURITE,True,True,SAME_FAVOURITE
EIQ_RACE_7B4359F095B58BDE,EIQ_HORSE_6C0BB08BEF7BCCB9,2026,0.018504476577799966,EIQ_HORSE_6C0BB08BEF7BCCB9,EIQ_HORSE_6C0BB08BEF7BCCB9,SAME_FAVOURITE,True,True,SAME_FAVOURITE
EIQ_RACE_7B574B62EBA1F2E1,EIQ_HORSE_9D22764772ED18FD,2024,0.032115834866460524,EIQ_HORSE_97019BD1544B29C6,EIQ_HORSE_97019BD1544B29C6,SAME_FAVOURITE,False,False,SAME_FAVOURITE
EIQ_RACE_7B6B9634DF46E9FE,EIQ_HORSE_6F753C4E8A5BA6EF,2024,0.04278962506601913,EIQ_HORSE_FD08723384692BC3,EIQ_HORSE_FD08723384692BC3,SAME_FAVOURITE,False,False,SAME_FAVOURITE
EIQ_RACE_7B78E9BAD2F1846E,EIQ_HORSE_E0C48B5084D9C5BA,2022,0.055263443084412334,EIQ_HORSE_A955507DE88030FF,EIQ_HORSE_A955507DE88030FF,SAME_FAVOURITE,False,False,SAME_FAVOURITE
EIQ_RACE_7B7DE9ED1FE4EE56,EIQ_HORSE_11ED005892470205,2023,-0.057465298857121816,EIQ_HORSE_AFC3A6B76A9AA452,EIQ_HORSE_AFC3A6B76A9AA452,SAME_FAVOURITE,False,False,SAME_FAVOURITE
EIQ_RACE_7B8223A3730AED75,EIQ_HORSE_E75F7D94BCCA4E62,2025,0.0428400197820582,EIQ_HORSE_E75F7D94BCCA4E62,EIQ_HORSE_E75F7D94BCCA4E62,SAME_FAVOURITE,True,True,SAME_FAVOURITE
EIQ_RACE_7BA397A9CD64C25B,EIQ_HORSE_93551E454F240424,2021,-0.1383177542106777,EIQ_HORSE_1800DAE470D1787C,EIQ_HORSE_1800DAE470D1787C,SAME_FAVOURITE,False,False,SAME_FAVOURITE
EIQ_RACE_7BB2CC519EF2A93E,EIQ_HORSE_CC38A5F38F646B80,2023,0.10969727533707707,EIQ_HORSE_3DCDA9A109B55A02,EIQ_HORSE_3DCDA9A109B55A02,SAME_FAVOURITE,False,False,SAME_FAVOURITE
EIQ_RACE_7BC08EE105B6D9AD,EIQ_HORSE_D5C5B171291C1518,2021,0.22333436250864658,EIQ_HORSE_2AED87A42A22DEEF,EIQ_HORSE_2AED87A42A22DEEF,SAME_FAVOURITE,False,False,SAME_FAVOURITE
EIQ_RACE_7BC82FA8C6F3FA64,EIQ_HORSE_5FFB8D80DFCD8A03,2025,-0.016657547617832558,EIQ_HORSE_5FFB8D80DFCD8A03,EIQ_HORSE_5FFB8D80DFCD8A03,SAME_FAVOURITE,True,True,SAME_FAVOURITE
EIQ_RACE_7BD8BE556DC2BD75,EIQ_HORSE_95714DA373E45543,2022,-0.07104750337790433,EIQ_HORSE_89DF95479D1C358F,EIQ_HORSE_89DF95479D1C358F,SAME_FAVOURITE,False,False,SAME_FAVOURITE
EIQ_RACE_7BE732A170295015,EIQ_HORSE_161FE8DC5A27CAA9,2024,-0.12918766399037285,EIQ_HORSE_21ABCDA53A8F3C8A,EIQ_HORSE_21ABCDA53A8F3C8A,SAME_FAVOURITE,False,False,SAME_FAVOURITE
EIQ_RACE_7BE7970192F69ED9,EIQ_HORSE_1E58FC5F26119880,2026,0.1522303598591157,EIQ_HORSE_1E58FC5F26119880,EIQ_HORSE_1E58FC5F26119880,SAME_FAVOURITE,True,True,SAME_FAVOURITE
EIQ_RACE_7BEA43F2BEE25A88,EIQ_HORSE_666F0323714B9F97,2024,-0.06859343195692325,EIQ_HORSE_666F0323714B9F97,EIQ_HORSE_666F0323714B9F97,SAME_FAVOURITE,True,True,SAME_FAVOURITE
EIQ_RACE_7BF05180AE9D6786,EIQ_HORSE_87091D89BEFC4E0C,2024,-0.09394734755406664,EIQ_HORSE_87091D89BEFC4E0C,EIQ_HORSE_87091D89BEFC4E0C,SAME_FAVOURITE,True,True,SAME_FAVOURITE
EIQ_RACE_7BFF9B68B578C6EB,EIQ_HORSE_A2DE559AB8989360,2024,-0.04763733294750372,EIQ_HORSE_A2DE559AB8989360,EIQ_HORSE_A2DE559AB8989360,SAME_FAVOURITE,True,True,SAME_FAVOURITE
EIQ_RACE_7C170B4504F1A708,EIQ_HORSE_0D5D392FC8651FD9,2021,-0.2115156835401515,EIQ_HORSE_A13966AC2159DF56,EIQ_HORSE_A13966AC2159DF56,SAME_FAVOURITE,False,False,SAME_FAVOURITE
EIQ_RACE_7C1A380846198645,EIQ_HORSE_C2BA0B3F51F84651,2021,0.13361176269724373,EIQ_HORSE_5849467E108A52AC,EIQ_HORSE_5849467E108A52AC,SAME_FAVOURITE,False,False,SAME_FAVOURITE
EIQ_RACE_7C41F5892A9DAE4D,EIQ_HORSE_51FF45992AD9E7E0,2023,0.12171491699016723,EIQ_HORSE_901BA39363C95196,EIQ_HORSE_901BA39363C95196,SAME_FAVOURITE,False,False,SAME_FAVOURITE
EIQ_RACE_7C57931DA76D8900,EIQ_HORSE_8631E0920D22D74F,2023,0.059466124793273734,EIQ_HORSE_8631E0920D22D74F,EIQ_HORSE_8631E0920D22D74F,SAME_FAVOURITE,True,True,SAME_FAVOURITE
EIQ_RACE_7C5A747D0574D10C,EIQ_HORSE_346EAEE7655F6ED7,2023,0.04862485001363148,EIQ_HORSE_346EAEE7655F6ED7,EIQ_HORSE_346EAEE7655F6ED7,SAME_FAVOURITE,True,True,SAME_FAVOURITE
EIQ_RACE_7C5EC6824ACAEBCC,EIQ_HORSE_C4D888DE1D29BC80,2024,0.013585245572658167,EIQ_HORSE_0ABDC63572F83E59,EIQ_HORSE_0ABDC63572F83E59,SAME_FAVOURITE,False,False,SAME_FAVOURITE
EIQ_RACE_7C63AB7C9A48F719,EIQ_HORSE_59024D7B2D65240C,2026,-0.09571083756498577,EIQ_HORSE_C74C71C8EB9C7584,EIQ_HORSE_C74C71C8EB9C7584,SAME_FAVOURITE,False,False,SAME_FAVOURITE
EIQ_RACE_7C6DE656AD7946D6,EIQ_HORSE_B0E50F60F34FBDA3,2025,0.11964198981967478,EIQ_HORSE_0E8805B54F16F8D9,EIQ_HORSE_0E8805B54F16F8D9,SAME_FAVOURITE,False,False,SAME_FAVOURITE
EIQ_RACE_7C7503752D01D0FA,EIQ_HORSE_5EDE529A276C9E2B,2021,-0.03452837408740661,EIQ_HORSE_5EDE529A276C9E2B,EIQ_HORSE_5EDE529A276C9E2B,SAME_FAVOURITE,True,True,SAME_FAVOURITE
EIQ_RACE_7C92776B578D632A,EIQ_HORSE_A0070045BC8659D8,2025,0.06168951898488162,EIQ_HORSE_937A036121CE3EA8,EIQ_HORSE_937A036121CE3EA8,SAME_FAVOURITE,False,False,SAME_FAVOURITE
EIQ_RACE_7CA15C0F243E1376,EIQ_HORSE_2602272DDC8A090F,2021,0.10095813975239576,EIQ_HORSE_4BD367A7DA471A2A,EIQ_HORSE_EBC4E0554EB9922D,CHALLENGER_CHANGED_FAVOURITE,False,False,BOTH_WRONG
EIQ_RACE_7CB28DA47515DC8C,EIQ_HORSE_F405D6B018476E82,2023,-0.0720062197032596,EIQ_HORSE_7E707937C0234B15,EIQ_HORSE_7E707937C0234B15,SAME_FAVOURITE,False,False,SAME_FAVOURITE
EIQ_RACE_7CB685C9933CE181,EIQ_HORSE_883DA309EE405436,2026,0.045245441861038405,EIQ_HORSE_52D7A0641B5D8572,EIQ_HORSE_52D7A0641B5D8572,SAME_FAVOURITE,False,False,SAME_FAVOURITE
EIQ_RACE_7CBBB645B50F7F4F,EIQ_HORSE_0FE64AF79B918DA8,2024,0.1839698734121349,EIQ_HORSE_E47B2282157223EC,EIQ_HORSE_0FE64AF79B918DA8,CHALLENGER_CHANGED_FAVOURITE,False,True,STRICT_WRONG_DROP_CORRECT
EIQ_RACE_7CC1B155891B9EB1,EIQ_HORSE_61CC4625584A3306,2024,0.048423503076509,EIQ_HORSE_ECD7DF1553F0393F,EIQ_HORSE_ECD7DF1553F0393F,SAME_FAVOURITE,False,False,SAME_FAVOURITE
EIQ_RACE_7CC6804E902594BC,EIQ_HORSE_04DA9B5C4664B453,2021,-0.09337354815794985,EIQ_HORSE_AB7D2883ACC5F9AE,EIQ_HORSE_AB7D2883ACC5F9AE,SAME_FAVOURITE,False,False,SAME_FAVOURITE
EIQ_RACE_7CDA7FBCDB2CC0BA,EIQ_HORSE_1F864E79FF58DB2C,2023,0.18124368359590282,EIQ_HORSE_0F4785063F5B06A0,EIQ_HORSE_0F4785063F5B06A0,SAME_FAVOURITE,False,False,SAME_FAVOURITE
EIQ_RACE_7CE557DC8DB53F9F,EIQ_HORSE_2BF0067212DE165E,2024,-0.15488669588691373,EIQ_HORSE_0B0B396ACA191A3B,EIQ_HORSE_0B0B396ACA191A3B,SAME_FAVOURITE,False,False,SAME_FAVOURITE
EIQ_RACE_7CE5D175C85A4F78,EIQ_HORSE_524E35E9E509F019,2023,0.013833869325289072,EIQ_HORSE_8A0A05B20C591FCD,EIQ_HORSE_8A0A05B20C591FCD,SAME_FAVOURITE,False,False,SAME_FAVOURITE
EIQ_RACE_7CEF19E35065E2FE,EIQ_HORSE_E0D7F799FB3B8E23,2021,-0.11930328739541496,EIQ_HORSE_5EDE529A276C9E2B,EIQ_HORSE_5EDE529A276C9E2B,SAME_FAVOURITE,False,False,SAME_FAVOURITE
EIQ_RACE_7CF4BC2D6BED21E0,EIQ_HORSE_B7465CD0DC9C9295,2022,-0.087828880380461,EIQ_HORSE_8E302504AAB45B02,EIQ_HORSE_8E302504AAB45B02,SAME_FAVOURITE,False,False,SAME_FAVOURITE
EIQ_RACE_7CF7092E464C2650,EIQ_HORSE_7444599D9F16C82E,2025,-0.07690037217701318,EIQ_HORSE_7444599D9F16C82E,EIQ_HORSE_7444599D9F16C82E,SAME_FAVOURITE,True,True,SAME_FAVOURITE
EIQ_RACE_7D007FA9B3357F5F,EIQ_HORSE_2AFF5E7CFFD492F5,2026,-0.05537124347003908,EIQ_HORSE_2AFF5E7CFFD492F5,EIQ_HORSE_2AFF5E7CFFD492F5,SAME_FAVOURITE,True,True,SAME_FAVOURITE
EIQ_RACE_7D1AB444F71D3F95,EIQ_HORSE_D8068EC5C693B7D8,2021,0.03847894422644815,EIQ_HORSE_F396BEF07233B2CC,EIQ_HORSE_F396BEF07233B2CC,SAME_FAVOURITE,False,False,SAME_FAVOURITE
EIQ_RACE_7D1BBEAAB9DFF034,EIQ_HORSE_FEB1980A08169478,2022,-0.1770674036861557,EIQ_HORSE_F9E38E2B58D6FDC1,EIQ_HORSE_F9E38E2B58D6FDC1,SAME_FAVOURITE,False,False,SAME_FAVOURITE
EIQ_RACE_7D2B04AA94F58DE0,EIQ_HORSE_2532E5CD0FC7C1E7,2021,0.03367772103463018,EIQ_HORSE_4A921116C5D5CBF1,EIQ_HORSE_4A921116C5D5CBF1,SAME_FAVOURITE,False,False,SAME_FAVOURITE
EIQ_RACE_7D6D650B27081D92,EIQ_HORSE_0C96C0E601F6A18E,2023,0.19645964274267502,EIQ_HORSE_937A036121CE3EA8,EIQ_HORSE_937A036121CE3EA8,SAME_FAVOURITE,False,False,SAME_FAVOURITE
EIQ_RACE_7D752B134191C101,EIQ_HORSE_8171DB711106782E,2025,-0.010212119961196198,EIQ_HORSE_6BDED9DA43683B06,EIQ_HORSE_F0BF24ABCC75FC09,CHALLENGER_CHANGED_FAVOURITE,False,False,BOTH_WRONG
EIQ_RACE_7D7DC9169E439ABC,EIQ_HORSE_566C31E2A152D98B,2025,0.057364280746110774,EIQ_HORSE_B54D5E35DA52765F,EIQ_HORSE_F7908C59D5DC9FD6,CHALLENGER_CHANGED_FAVOURITE,False,False,BOTH_WRONG
EIQ_RACE_7D85141CB9AA4172,EIQ_HORSE_E9E8C89B218DE16F,2026,0.0049671819227810055,EIQ_HORSE_D0A5B6F3EE27E179,EIQ_HORSE_D0A5B6F3EE27E179,SAME_FAVOURITE,False,False,SAME_FAVOURITE
EIQ_RACE_7D8F7449415D26D3,EIQ_HORSE_F1593DE592F95C5D,2024,0.06993267395781055,EIQ_HORSE_FE6CDCAA10737D0C,EIQ_HORSE_FE6CDCAA10737D0C,SAME_FAVOURITE,False,False,SAME_FAVOURITE
EIQ_RACE_7DA4D2F001243362,EIQ_HORSE_FB50B5E90730CA61,2025,-0.07944419647277945,EIQ_HORSE_FE3D37D164B7A468,EIQ_HORSE_FE3D37D164B7A468,SAME_FAVOURITE,False,False,SAME_FAVOURITE
EIQ_RACE_7DA56EA4C5859C03,EIQ_HORSE_42FCE65FA123F54E,2023,0.16425074702164855,EIQ_HORSE_6ACAF0D460B93911,EIQ_HORSE_6ACAF0D460B93911,SAME_FAVOURITE,False,False,SAME_FAVOURITE
EIQ_RACE_7DA894C5CFF72210,EIQ_HORSE_92412756071F6314,2023,0.010324081330910895,EIQ_HORSE_7F0BBD726926032F,EIQ_HORSE_7F0BBD726926032F,SAME_FAVOURITE,False,False,SAME_FAVOURITE
EIQ_RACE_7DA90FC5EE738276,EIQ_HORSE_C5AECC0CA110880E,2025,-0.1815979273094004,EIQ_HORSE_EAF7CB8F9DEFB712,EIQ_HORSE_307D7B1310CE473A,CHALLENGER_CHANGED_FAVOURITE,False,False,BOTH_WRONG
EIQ_RACE_7DCF624DE3933F9F,EIQ_HORSE_D6AEFE72EC5654A9,2021,0.06729370118029276,EIQ_HORSE_D4A17E169252DCF0,EIQ_HORSE_D6AEFE72EC5654A9,CHALLENGER_CHANGED_FAVOURITE,False,True,STRICT_WRONG_DROP_CORRECT
EIQ_RACE_7DED52AE53CBB63D,EIQ_HORSE_3E3095337EA55D9E,2025,0.0262534421099736,EIQ_HORSE_3E3095337EA55D9E,EIQ_HORSE_3E3095337EA55D9E,SAME_FAVOURITE,True,True,SAME_FAVOURITE
EIQ_RACE_7E416ADD217B6CB6,EIQ_HORSE_3D5BDAD0B8B7CC0E,2026,-0.18932096408635135,EIQ_HORSE_3D5BDAD0B8B7CC0E,EIQ_HORSE_3D5BDAD0B8B7CC0E,SAME_FAVOURITE,True,True,SAME_FAVOURITE
EIQ_RACE_7E5168BBA40BCA00,EIQ_HORSE_C1F1933D5CC3EA7B,2021,0.09794372542923524,EIQ_HORSE_7F3A0D068728B685,EIQ_HORSE_7F3A0D068728B685,SAME_FAVOURITE,False,False,SAME_FAVOURITE
EIQ_RACE_7E5B061239628B89,EIQ_HORSE_DB84A859AAF23C01,2024,-0.03560032488245346,EIQ_HORSE_E931548CD531D10A,EIQ_HORSE_E931548CD531D10A,SAME_FAVOURITE,False,False,SAME_FAVOURITE
EIQ_RACE_7E62862D49F90CA7,EIQ_HORSE_8C1CB4C07BA85549,2021,-0.0009663633565049068,EIQ_HORSE_8C1C365BF8394C81,EIQ_HORSE_8C1C365BF8394C81,SAME_FAVOURITE,False,False,SAME_FAVOURITE
EIQ_RACE_7E6ACDE8E53A6801,EIQ_HORSE_FBE9BA220B4FB427,2024,-0.07172419764615867,EIQ_HORSE_782B31203DF6AD3A,EIQ_HORSE_782B31203DF6AD3A,SAME_FAVOURITE,False,False,SAME_FAVOURITE
EIQ_RACE_7E6D9CF6FA1A75AA,EIQ_HORSE_08C38C863BFF625A,2021,0.28615771423205416,EIQ_HORSE_194E16E5A7C4FACA,EIQ_HORSE_899E212231EEE5C7,CHALLENGER_CHANGED_FAVOURITE,False,False,BOTH_WRONG
EIQ_RACE_7E7DE09B214F3C7B,EIQ_HORSE_7A0B909313FF375E,2026,-0.1390915815412067,EIQ_HORSE_7A0B909313FF375E,EIQ_HORSE_7A0B909313FF375E,SAME_FAVOURITE,True,True,SAME_FAVOURITE
EIQ_RACE_7E7DFAE1E972C0DE,EIQ_HORSE_ECE77A6A05DE8E8E,2025,-0.05132477886086928,EIQ_HORSE_883BA581938D10BF,EIQ_HORSE_883BA581938D10BF,SAME_FAVOURITE,False,False,SAME_FAVOURITE
EIQ_RACE_7E805D0796372F9E,EIQ_HORSE_3D3B16DE91E53489,2026,0.1001565378567979,EIQ_HORSE_3D3B16DE91E53489,EIQ_HORSE_3D3B16DE91E53489,SAME_FAVOURITE,True,True,SAME_FAVOURITE
EIQ_RACE_7E8BD3D4B7247F39,EIQ_HORSE_A18315D47FEFB7E4,2023,0.05074813937393707,EIQ_HORSE_A18315D47FEFB7E4,EIQ_HORSE_A18315D47FEFB7E4,SAME_FAVOURITE,True,True,SAME_FAVOURITE
EIQ_RACE_7EA050E0DDEA7621,EIQ_HORSE_9EBA381A5CFDC676,2025,-0.019411962774917635,EIQ_HORSE_9EBA381A5CFDC676,EIQ_HORSE_9EBA381A5CFDC676,SAME_FAVOURITE,True,True,SAME_FAVOURITE
EIQ_RACE_7EA3AE564DE6083C,EIQ_HORSE_68C664CCDEA160FB,2021,-0.12911821164475024,EIQ_HORSE_0DD9BB3E2139A244,EIQ_HORSE_0DD9BB3E2139A244,SAME_FAVOURITE,False,False,SAME_FAVOURITE
EIQ_RACE_7EA407074FE71140,EIQ_HORSE_59EC7394ECB78E91,2025,0.028638514005360438,EIQ_HORSE_D7B4C4E6D7F69D25,EIQ_HORSE_59EC7394ECB78E91,CHALLENGER_CHANGED_FAVOURITE,False,True,STRICT_WRONG_DROP_CORRECT
EIQ_RACE_7EBDAD7F6B19D946,EIQ_HORSE_67B43F0E626ABA2F,2023,-0.10207049349672426,EIQ_HORSE_87851A02F42F0D76,EIQ_HORSE_87851A02F42F0D76,SAME_FAVOURITE,False,False,SAME_FAVOURITE
EIQ_RACE_7EC5D8AC2FA729D5,EIQ_HORSE_D5C5B171291C1518,2021,-0.08284536585104485,EIQ_HORSE_1EAE98DDA68CDC18,EIQ_HORSE_1EAE98DDA68CDC18,SAME_FAVOURITE,False,False,SAME_FAVOURITE
EIQ_RACE_7ED1144A4CFC5187,EIQ_HORSE_56431FE5935A6CD7,2022,0.2075639877308033,EIQ_HORSE_8DF2242742FCDA73,EIQ_HORSE_8DF2242742FCDA73,SAME_FAVOURITE,False,False,SAME_FAVOURITE
EIQ_RACE_7EE47A1CDDE009AE,EIQ_HORSE_CE5F1310DDE79F72,2023,0.07928327334238006,EIQ_HORSE_9E98CB5CF0434C78,EIQ_HORSE_BBE491ADCB5B2FCB,CHALLENGER_CHANGED_FAVOURITE,False,False,BOTH_WRONG
EIQ_RACE_7EE962E6EB16A161,EIQ_HORSE_AA3E16561318BBCC,2023,-0.07323070039618207,EIQ_HORSE_F06DCCF341E9845B,EIQ_HORSE_F06DCCF341E9845B,SAME_FAVOURITE,False,False,SAME_FAVOURITE
EIQ_RACE_7EF57D7AF9E9BD7A,EIQ_HORSE_17845332EA57D1F8,2024,-0.12722663200276219,EIQ_HORSE_1699903C835F7F7F,EIQ_HORSE_1699903C835F7F7F,SAME_FAVOURITE,False,False,SAME_FAVOURITE
EIQ_RACE_7F054E7F596731F1,EIQ_HORSE_AE647DA6E6A694F9,2021,-0.061633554889987785,EIQ_HORSE_08DDA6F027738C0C,EIQ_HORSE_08DDA6F027738C0C,SAME_FAVOURITE,False,False,SAME_FAVOURITE
EIQ_RACE_7F0F6602218FB42D,EIQ_HORSE_B332D03883B855A9,2021,0.299166212691909,EIQ_HORSE_28D5EA03D0C32FB9,EIQ_HORSE_A34450FD29F65390,CHALLENGER_CHANGED_FAVOURITE,False,False,BOTH_WRONG
EIQ_RACE_7F19DF9D8D2ACF38,EIQ_HORSE_6B10E885FEFB26DB,2025,0.03986690306806073,EIQ_HORSE_3E3381FF91662719,EIQ_HORSE_3E3381FF91662719,SAME_FAVOURITE,False,False,SAME_FAVOURITE
EIQ_RACE_7F37F3EF624A39FA,EIQ_HORSE_4F4371E474C83BE0,2021,-0.04434364208350372,EIQ_HORSE_F5D440FEB47597AC,EIQ_HORSE_8C59C4EC32494938,CHALLENGER_CHANGED_FAVOURITE,False,False,BOTH_WRONG
EIQ_RACE_7F4BB4554FD1857B,EIQ_HORSE_8AE0431BD94FBC8E,2024,0.07726892000858543,EIQ_HORSE_2A7C0B2BC95ED4FB,EIQ_HORSE_2A7C0B2BC95ED4FB,SAME_FAVOURITE,False,False,SAME_FAVOURITE
EIQ_RACE_7F6783EA5A7059CE,EIQ_HORSE_7021E6503D74F888,2026,0.05191772840547282,EIQ_HORSE_7021E6503D74F888,EIQ_HORSE_7021E6503D74F888,SAME_FAVOURITE,True,True,SAME_FAVOURITE
EIQ_RACE_7F7D562D00DE81E4,EIQ_HORSE_A9445A17CE312EFD,2025,-0.003686959155636771,EIQ_HORSE_04CA4B1407F2F36A,EIQ_HORSE_48E1740908B66F80,CHALLENGER_CHANGED_FAVOURITE,False,False,BOTH_WRONG
EIQ_RACE_7F7FF15D85DDF078,EIQ_HORSE_71ADD27E6AF89A23,2023,0.07218831001720405,EIQ_HORSE_C8FB108DCA591235,EIQ_HORSE_C8FB108DCA591235,SAME_FAVOURITE,False,False,SAME_FAVOURITE
EIQ_RACE_7F80FB806931D2A5,EIQ_HORSE_1E5E21ACF9190EF5,2025,-0.02962527640808643,EIQ_HORSE_1E5E21ACF9190EF5,EIQ_HORSE_1E5E21ACF9190EF5,SAME_FAVOURITE,True,True,SAME_FAVOURITE
EIQ_RACE_7F92274BCCAB20DB,EIQ_HORSE_5C5C89D78E5812E8,2024,0.055444362494569965,EIQ_HORSE_55F108769AAD9598,EIQ_HORSE_55F108769AAD9598,SAME_FAVOURITE,False,False,SAME_FAVOURITE
EIQ_RACE_7F960D19B8318A7B,EIQ_HORSE_6002156A2B228E48,2021,0.12841547373105877,EIQ_HORSE_76AFA3138CAABB7B,EIQ_HORSE_A13CB913AE4F49AF,CHALLENGER_CHANGED_FAVOURITE,False,False,BOTH_WRONG
EIQ_RACE_7F968E06EC1FCE5F,EIQ_HORSE_239EED583BCEEA90,2021,0.005671177087362533,EIQ_HORSE_E27C0E2511ADB273,EIQ_HORSE_E27C0E2511ADB273,SAME_FAVOURITE,False,False,SAME_FAVOURITE
EIQ_RACE_7F97AD81F5C6C052,EIQ_HORSE_1E8A4260CAD5A12E,2022,-0.1270391449417334,EIQ_HORSE_0917A5CEA1F513EE,EIQ_HORSE_0917A5CEA1F513EE,SAME_FAVOURITE,False,False,SAME_FAVOURITE
EIQ_RACE_7F99A6D2B71BF73F,EIQ_HORSE_0BDC5C83A9A8168F,2025,-0.17095198267214107,EIQ_HORSE_0BDC5C83A9A8168F,EIQ_HORSE_666F0323714B9F97,CHALLENGER_CHANGED_FAVOURITE,True,False,STRICT_CORRECT_DROP_WRONG
EIQ_RACE_7F9B502BD2A0DF24,EIQ_HORSE_2C1A645F8C263E93,2023,0.04761694517955495,EIQ_HORSE_36B94BFD924FA108,EIQ_HORSE_36B94BFD924FA108,SAME_FAVOURITE,False,False,SAME_FAVOURITE
EIQ_RACE_7FA0F55B67CC0050,EIQ_HORSE_F5F2CE9A71E1212C,2025,-0.007235949787319562,EIQ_HORSE_DFE3A43F75DCED86,EIQ_HORSE_DFE3A43F75DCED86,SAME_FAVOURITE,False,False,SAME_FAVOURITE
EIQ_RACE_7FA28B177349226C,EIQ_HORSE_A49E35E18374B9C0,2021,0.02295372438086618,EIQ_HORSE_0F9BC02019241900,EIQ_HORSE_0F9BC02019241900,SAME_FAVOURITE,False,False,SAME_FAVOURITE
EIQ_RACE_7FB41633F43D20DA,EIQ_HORSE_0FB9DF93A682F7CC,2025,0.04017051673232874,EIQ_HORSE_E4471B14247834AB,EIQ_HORSE_E4471B14247834AB,SAME_FAVOURITE,False,False,SAME_FAVOURITE
EIQ_RACE_7FD324BFC7F99EA4,EIQ_HORSE_46BBE50B9FEEC534,2021,-0.12040388512455968,EIQ_HORSE_46BBE50B9FEEC534,EIQ_HORSE_46BBE50B9FEEC534,SAME_FAVOURITE,True,True,SAME_FAVOURITE
EIQ_RACE_7FD546D0F13F72A0,EIQ_HORSE_CB7DBE13C7AEE3EA,2025,0.006052812322967949,EIQ_HORSE_4800370219D1096C,EIQ_HORSE_4800370219D1096C,SAME_FAVOURITE,False,False,SAME_FAVOURITE
EIQ_RACE_7FE3CDDBAE4783B1,EIQ_HORSE_C2BEE1AF7E3C90F2,2023,0.012188731203960135,EIQ_HORSE_54353D6B7F6ADA04,EIQ_HORSE_54353D6B7F6ADA04,SAME_FAVOURITE,False,False,SAME_FAVOURITE
EIQ_RACE_7FFCFF27A244B335,EIQ_HORSE_C5438849A49975A3,2021,-0.11595299839942341,EIQ_HORSE_C5438849A49975A3,EIQ_HORSE_938DDF8948E401D6,CHALLENGER_CHANGED_FAVOURITE,True,False,STRICT_CORRECT_DROP_WRONG
EIQ_RACE_7FFF8C3E5C507617,EIQ_HORSE_40043412CE6E8B0A,2026,-0.09200370575800809,EIQ_HORSE_317A7BB62D758C59,EIQ_HORSE_317A7BB62D758C59,SAME_FAVOURITE,False,False,SAME_FAVOURITE
EIQ_RACE_800A85AE92549F45,EIQ_HORSE_BECF17D892F0FDF3,2025,-0.13135856204194374,EIQ_HORSE_4EC9725CD444D1FC,EIQ_HORSE_4EC9725CD444D1FC,SAME_FAVOURITE,False,False,SAME_FAVOURITE
EIQ_RACE_802316FB9B7B778D,EIQ_HORSE_1459DF8EFA8F9528,2025,0.15978004276122038,EIQ_HORSE_5C91482D0159DA1F,EIQ_HORSE_5C91482D0159DA1F,SAME_FAVOURITE,False,False,SAME_FAVOURITE
EIQ_RACE_8053843F79EE78AB,EIQ_HORSE_FE48875F53D04CAD,2025,-0.01849313816549092,EIQ_HORSE_33E9E7A8C384589D,EIQ_HORSE_33E9E7A8C384589D,SAME_FAVOURITE,False,False,SAME_FAVOURITE
EIQ_RACE_806C4ED1C3A0A024,EIQ_HORSE_A99F3233678A64F5,2025,-0.02517017893555895,EIQ_HORSE_69C8F5C21406F5F2,EIQ_HORSE_69C8F5C21406F5F2,SAME_FAVOURITE,False,False,SAME_FAVOURITE
EIQ_RACE_8070ACFFE7096680,EIQ_HORSE_CBF498C8931C680D,2024,0.028062750062512798,EIQ_HORSE_C750693700520AD1,EIQ_HORSE_651C5C977FFB7937,CHALLENGER_CHANGED_FAVOURITE,False,False,BOTH_WRONG
EIQ_RACE_807948D29BD244ED,EIQ_HORSE_1C1AB9513196E4DE,2022,0.002457338146323096,EIQ_HORSE_1579C26F18C0A14E,EIQ_HORSE_1579C26F18C0A14E,SAME_FAVOURITE,False,False,SAME_FAVOURITE
EIQ_RACE_8081275ED3816B1B,EIQ_HORSE_D0CE662EE853E607,2024,-0.05083505342272554,EIQ_HORSE_9948F451B64618D2,EIQ_HORSE_9948F451B64618D2,SAME_FAVOURITE,False,False,SAME_FAVOURITE
EIQ_RACE_8087BC55D744B0CC,EIQ_HORSE_67D0B9F0C3927CAE,2021,0.09977812495482152,EIQ_HORSE_67D0B9F0C3927CAE,EIQ_HORSE_67D0B9F0C3927CAE,SAME_FAVOURITE,True,True,SAME_FAVOURITE
EIQ_RACE_80913C6032BEEBE0,EIQ_HORSE_646E9B7CA5F6955D,2026,0.08354664856809446,EIQ_HORSE_12E41E886FDFD48C,EIQ_HORSE_E2711A4B9E5C514E,CHALLENGER_CHANGED_FAVOURITE,False,False,BOTH_WRONG
EIQ_RACE_8092E77CC5923724,EIQ_HORSE_34CA59D7AF544292,2024,-0.08338662696724808,EIQ_HORSE_34CA59D7AF544292,EIQ_HORSE_C289B58C1168011F,CHALLENGER_CHANGED_FAVOURITE,True,False,STRICT_CORRECT_DROP_WRONG
EIQ_RACE_809A12620CA849E9,EIQ_HORSE_163FB1675C3D023B,2024,-0.10439326584914488,EIQ_HORSE_2AE34370D37CD4C7,EIQ_HORSE_E62D6B148881D017,CHALLENGER_CHANGED_FAVOURITE,False,False,BOTH_WRONG
EIQ_RACE_80ADB71944693EEF,EIQ_HORSE_A7036B0E5D22E2B0,2021,-0.1289910227714266,EIQ_HORSE_75BE512DDA8B4D7A,EIQ_HORSE_AACD249AD7D3B8CA,CHALLENGER_CHANGED_FAVOURITE,False,False,BOTH_WRONG
EIQ_RACE_80C4D7861740408D,EIQ_HORSE_4514E3AB5B87E463,2021,-0.001343812639065245,EIQ_HORSE_B72326DD4D89004A,EIQ_HORSE_B72326DD4D89004A,SAME_FAVOURITE,False,False,SAME_FAVOURITE
EIQ_RACE_80DC087AE6CE6628,EIQ_HORSE_CE4DD962F3E559DD,2021,-0.10076421244952627,EIQ_HORSE_C6EFE58A9F2C5CD8,EIQ_HORSE_C6EFE58A9F2C5CD8,SAME_FAVOURITE,False,False,SAME_FAVOURITE
EIQ_RACE_80FFAA15AF40A942,EIQ_HORSE_1470ABD52D047ABB,2023,0.13107084893240328,EIQ_HORSE_9EE14DF1A477B8F8,EIQ_HORSE_9EE14DF1A477B8F8,SAME_FAVOURITE,False,False,SAME_FAVOURITE
EIQ_RACE_81104AD97F6E0DB8,EIQ_HORSE_B8F16FD4034577A3,2024,-0.07313451697635798,EIQ_HORSE_B8F16FD4034577A3,EIQ_HORSE_B8F16FD4034577A3,SAME_FAVOURITE,True,True,SAME_FAVOURITE
EIQ_RACE_81198A89A2DEBE13,EIQ_HORSE_CF34A1C2EBEB7D25,2024,0.08200036028811741,EIQ_HORSE_E74AD61EB4593CC6,EIQ_HORSE_E74AD61EB4593CC6,SAME_FAVOURITE,False,False,SAME_FAVOURITE
EIQ_RACE_81213C3238203A3C,EIQ_HORSE_E5F952985A58AF73,2021,0.275328522489255,EIQ_HORSE_18CE36A6B467FC3A,EIQ_HORSE_18CE36A6B467FC3A,SAME_FAVOURITE,False,False,SAME_FAVOURITE
EIQ_RACE_8134A1A66D64CEE6,EIQ_HORSE_4C6273C31DD7E2CB,2021,-0.12867559640269688,EIQ_HORSE_AE2F894AF01A77E3,EIQ_HORSE_AE2F894AF01A77E3,SAME_FAVOURITE,False,False,SAME_FAVOURITE
EIQ_RACE_81382D4F22E72B27,EIQ_HORSE_8178E245A180864C,2021,0.044941245365798466,EIQ_HORSE_0CFC53DACFDE33B6,EIQ_HORSE_0CFC53DACFDE33B6,SAME_FAVOURITE,False,False,SAME_FAVOURITE
EIQ_RACE_813DCC9FA5F4C5BD,EIQ_HORSE_7969CA2D8138B84D,2021,0.1733735229344635,EIQ_HORSE_A6668C3E0950A9E6,EIQ_HORSE_A6668C3E0950A9E6,SAME_FAVOURITE,False,False,SAME_FAVOURITE
EIQ_RACE_8159889433F2E6A1,EIQ_HORSE_C1B42324C353419E,2025,0.06595845087344587,EIQ_HORSE_D362CA19E53E3ABA,EIQ_HORSE_D362CA19E53E3ABA,SAME_FAVOURITE,False,False,SAME_FAVOURITE
EIQ_RACE_815CDA859682D156,EIQ_HORSE_21990B071C493186,2022,0.004176124711150475,EIQ_HORSE_5F32235D5359F20E,EIQ_HORSE_5F32235D5359F20E,SAME_FAVOURITE,False,False,SAME_FAVOURITE
EIQ_RACE_8165585090465C6F,EIQ_HORSE_20F922B029B9949B,2026,0.1307319065465422,EIQ_HORSE_37B7E834E8F8C7CB,EIQ_HORSE_37B7E834E8F8C7CB,SAME_FAVOURITE,False,False,SAME_FAVOURITE
EIQ_RACE_817A23DDBAB2DCDD,EIQ_HORSE_0E0CC5D74A44D70E,2024,-0.27199287987906073,EIQ_HORSE_50C94EAF5579ADD7,EIQ_HORSE_D297AC1569C3E656,CHALLENGER_CHANGED_FAVOURITE,False,False,BOTH_WRONG
EIQ_RACE_817B684258352648,EIQ_HORSE_33F66FD3B4E070C2,2024,0.16602825944923394,EIQ_HORSE_00FA4050184DF201,EIQ_HORSE_00FB964A9B90DF2E,CHALLENGER_CHANGED_FAVOURITE,False,False,BOTH_WRONG
EIQ_RACE_817F419D2FBFB0B5,EIQ_HORSE_05F27BA34AF94B80,2026,0.009700191718833517,EIQ_HORSE_60C0BB067C70248D,EIQ_HORSE_E3CD1A3A92414AA3,CHALLENGER_CHANGED_FAVOURITE,False,False,BOTH_WRONG
EIQ_RACE_8186F8EBA4637A45,EIQ_HORSE_67495EDBE1859C48,2021,-0.1386107000913479,EIQ_HORSE_F91817B0E703F632,EIQ_HORSE_F91817B0E703F632,SAME_FAVOURITE,False,False,SAME_FAVOURITE
EIQ_RACE_818CDCDE7641F61F,EIQ_HORSE_1F617A05151C67B6,2024,-0.11505931917580137,EIQ_HORSE_219BEE55651B7367,EIQ_HORSE_219BEE55651B7367,SAME_FAVOURITE,False,False,SAME_FAVOURITE
EIQ_RACE_819260F6571D8922,EIQ_HORSE_D7582F4A50957C72,2025,0.057799027027800154,EIQ_HORSE_5EA8BDF9999E1B76,EIQ_HORSE_5EA8BDF9999E1B76,SAME_FAVOURITE,False,False,SAME_FAVOURITE
EIQ_RACE_819B5172E28E9C88,EIQ_HORSE_F1298621F3EC14CC,2024,-0.23312636935566844,EIQ_HORSE_66467820EEB43C3C,EIQ_HORSE_66467820EEB43C3C,SAME_FAVOURITE,False,False,SAME_FAVOURITE
EIQ_RACE_81A22522D3222302,EIQ_HORSE_8E43E49431DF5501,2025,0.11401529415542377,EIQ_HORSE_8E43E49431DF5501,EIQ_HORSE_8E43E49431DF5501,SAME_FAVOURITE,True,True,SAME_FAVOURITE
EIQ_RACE_81A99B231391F2DE,EIQ_HORSE_FDED64BF7FC7254A,2021,0.1586340227019425,EIQ_HORSE_1B284B59F637BD12,EIQ_HORSE_1B284B59F637BD12,SAME_FAVOURITE,False,False,SAME_FAVOURITE
EIQ_RACE_81B38263690C82F0,EIQ_HORSE_442E76D8EB859457,2023,-0.07051364440736796,EIQ_HORSE_2CDE3E3209DF54A4,EIQ_HORSE_2CDE3E3209DF54A4,SAME_FAVOURITE,False,False,SAME_FAVOURITE
EIQ_RACE_81B8B7C3038D974E,EIQ_HORSE_63479B9D20A65BCD,2024,0.01631958120074728,EIQ_HORSE_12120FD612134E98,EIQ_HORSE_12120FD612134E98,SAME_FAVOURITE,False,False,SAME_FAVOURITE
EIQ_RACE_81BBBCC4569C1991,EIQ_HORSE_94857D7513AEA111,2021,0.10049166564532985,EIQ_HORSE_67C8ED55D0F773D7,EIQ_HORSE_94857D7513AEA111,CHALLENGER_CHANGED_FAVOURITE,False,True,STRICT_WRONG_DROP_CORRECT
EIQ_RACE_81C357BB64E4E4CD,EIQ_HORSE_8CFBBBD97277F6DA,2021,0.01575044036252926,EIQ_HORSE_49BB5C6F506ADD11,EIQ_HORSE_49BB5C6F506ADD11,SAME_FAVOURITE,False,False,SAME_FAVOURITE
EIQ_RACE_81DCB45A461D0234,EIQ_HORSE_3D0DA027AB8B2BE2,2025,-0.24114228636033008,EIQ_HORSE_8AD4A5784372EDBA,EIQ_HORSE_8AD4A5784372EDBA,SAME_FAVOURITE,False,False,SAME_FAVOURITE
EIQ_RACE_81E6EE0524FF7A7B,EIQ_HORSE_A8554F158C13B17A,2021,-0.09623727831884676,EIQ_HORSE_08915A51FC2ED739,EIQ_HORSE_08915A51FC2ED739,SAME_FAVOURITE,False,False,SAME_FAVOURITE
EIQ_RACE_82057EEBD7FD3201,EIQ_HORSE_C4D888DE1D29BC80,2024,0.06936320365741055,EIQ_HORSE_AED0183ECD440A6E,EIQ_HORSE_AED0183ECD440A6E,SAME_FAVOURITE,False,False,SAME_FAVOURITE
EIQ_RACE_820726C5877CCAA1,EIQ_HORSE_05A6A200304F683F,2025,-0.04441497162492536,EIQ_HORSE_05A6A200304F683F,EIQ_HORSE_05A6A200304F683F,SAME_FAVOURITE,True,True,SAME_FAVOURITE
EIQ_RACE_8207388E777E1C76,EIQ_HORSE_66BB27D4213598EC,2021,0.06847573494334935,EIQ_HORSE_66BB27D4213598EC,EIQ_HORSE_66BB27D4213598EC,SAME_FAVOURITE,True,True,SAME_FAVOURITE
EIQ_RACE_8219CE2CA5E67E42,EIQ_HORSE_1066C0F6EB428600,2026,0.08577491850348151,EIQ_HORSE_D73BEFEA6AC8EFE6,EIQ_HORSE_D73BEFEA6AC8EFE6,SAME_FAVOURITE,False,False,SAME_FAVOURITE
EIQ_RACE_82261C047C5ECBEE,EIQ_HORSE_152A6FB9E1E5B251,2023,0.05947209706798895,EIQ_HORSE_AA6F9BF2A9A6097C,EIQ_HORSE_AA6F9BF2A9A6097C,SAME_FAVOURITE,False,False,SAME_FAVOURITE
EIQ_RACE_8232039ABC0E25CC,EIQ_HORSE_EB4C15579D2B3B3C,2025,0.08878521626318747,EIQ_HORSE_EB4C15579D2B3B3C,EIQ_HORSE_EB4C15579D2B3B3C,SAME_FAVOURITE,True,True,SAME_FAVOURITE
EIQ_RACE_823C0A2841E5CC34,EIQ_HORSE_8CC696335B873F1A,2023,-0.058999894727343793,EIQ_HORSE_DF22A810C143B31E,EIQ_HORSE_DF22A810C143B31E,SAME_FAVOURITE,False,False,SAME_FAVOURITE
EIQ_RACE_8244B778FDD2EF75,EIQ_HORSE_44F695F2B4653316,2021,-0.0937305868188445,EIQ_HORSE_44F695F2B4653316,EIQ_HORSE_44F695F2B4653316,SAME_FAVOURITE,True,True,SAME_FAVOURITE
EIQ_RACE_824A596E5E60929C,EIQ_HORSE_C9BD1690C851EDB3,2025,-0.15524833071280364,EIQ_HORSE_B6F2CF16FCECC7E2,EIQ_HORSE_B6F2CF16FCECC7E2,SAME_FAVOURITE,False,False,SAME_FAVOURITE
EIQ_RACE_82593379EADCB1D0,EIQ_HORSE_46C7074F293ACAFB,2023,-0.09389667705653482,EIQ_HORSE_176279239FB09195,EIQ_HORSE_176279239FB09195,SAME_FAVOURITE,False,False,SAME_FAVOURITE
EIQ_RACE_825B273B164D9960,EIQ_HORSE_3D6A6AC63BBB74A6,2021,-0.01728714165878853,EIQ_HORSE_363783ECA0B45B97,EIQ_HORSE_363783ECA0B45B97,SAME_FAVOURITE,False,False,SAME_FAVOURITE
EIQ_RACE_825BE73E5FB71657,EIQ_HORSE_6E58ECA14A861F45,2022,-0.013149179738618066,EIQ_HORSE_0E11D5417C7BA53F,EIQ_HORSE_0E11D5417C7BA53F,SAME_FAVOURITE,False,False,SAME_FAVOURITE
EIQ_RACE_825C070143C40DEB,EIQ_HORSE_DB5AC92B7833C4F0,2021,-0.051356641498569555,EIQ_HORSE_EC6424CD631804C1,EIQ_HORSE_EC6424CD631804C1,SAME_FAVOURITE,False,False,SAME_FAVOURITE
EIQ_RACE_827E6FBCBFA2A556,EIQ_HORSE_621821D9D5DC598C,2025,0.16728016616691743,EIQ_HORSE_E57AEA8058DCC708,EIQ_HORSE_E57AEA8058DCC708,SAME_FAVOURITE,False,False,SAME_FAVOURITE
EIQ_RACE_8282842BBA8F1688,EIQ_HORSE_2C20DE6D8BC6783B,2024,-0.03132206911396951,EIQ_HORSE_1429DE51B01DB428,EIQ_HORSE_1429DE51B01DB428,SAME_FAVOURITE,False,False,SAME_FAVOURITE
EIQ_RACE_8284CD1CD09F89CC,EIQ_HORSE_367F544EBE26BFD9,2023,-0.07257883647664709,EIQ_HORSE_F4E25B4D7681244E,EIQ_HORSE_F4E25B4D7681244E,SAME_FAVOURITE,False,False,SAME_FAVOURITE
EIQ_RACE_828DD8A72886D6D1,EIQ_HORSE_86EC0D0474F3494A,2021,-0.005370832712753959,EIQ_HORSE_F2429FB62A6A4496,EIQ_HORSE_F2429FB62A6A4496,SAME_FAVOURITE,False,False,SAME_FAVOURITE
EIQ_RACE_8297A5C8757299E4,EIQ_HORSE_27FA4955D01DE1A8,2021,0.23794923155848657,EIQ_HORSE_C21CEF885C3CF36C,EIQ_HORSE_C21CEF885C3CF36C,SAME_FAVOURITE,False,False,SAME_FAVOURITE
EIQ_RACE_829A08E86DAEB427,EIQ_HORSE_276A2D31D951DFA6,2025,0.0907611017530594,EIQ_HORSE_E0C727296977A649,EIQ_HORSE_E0C727296977A649,SAME_FAVOURITE,False,False,SAME_FAVOURITE
EIQ_RACE_829AE343071AC593,EIQ_HORSE_0D7DCD19672F163B,2024,0.01939945346358063,EIQ_HORSE_8394A5643ED24C81,EIQ_HORSE_DE95F70B4B54214B,CHALLENGER_CHANGED_FAVOURITE,False,False,BOTH_WRONG
EIQ_RACE_829B7E8C34C7D467,EIQ_HORSE_E0A0800D985D4224,2024,0.12136022434331872,EIQ_HORSE_FD08723384692BC3,EIQ_HORSE_FD08723384692BC3,SAME_FAVOURITE,False,False,SAME_FAVOURITE
EIQ_RACE_829E1AE68FE00479,EIQ_HORSE_9B5B698EA2FFF2CA,2023,0.07715401117517762,EIQ_HORSE_641DF3B94F91644E,EIQ_HORSE_9B5B698EA2FFF2CA,CHALLENGER_CHANGED_FAVOURITE,False,True,STRICT_WRONG_DROP_CORRECT
EIQ_RACE_82A3AA30410E18B8,EIQ_HORSE_08A628BDADF22F60,2024,0.07081574268754398,EIQ_HORSE_7550514D613B1F01,EIQ_HORSE_7550514D613B1F01,SAME_FAVOURITE,False,False,SAME_FAVOURITE
EIQ_RACE_82A4B58062488365,EIQ_HORSE_2A1A3F210B580F42,2021,-0.015907057812545755,EIQ_HORSE_9EE14DF1A477B8F8,EIQ_HORSE_9EE14DF1A477B8F8,SAME_FAVOURITE,False,False,SAME_FAVOURITE
EIQ_RACE_82A87AB043B29E54,EIQ_HORSE_BB8E05FD372D6490,2021,0.26072991298065507,EIQ_HORSE_25BAEE8B6BD35003,EIQ_HORSE_25BAEE8B6BD35003,SAME_FAVOURITE,False,False,SAME_FAVOURITE
EIQ_RACE_82C031A94A033981,EIQ_HORSE_CF22CC3707203FDE,2025,-0.10376652365581007,EIQ_HORSE_C12C8EF78E07B39F,EIQ_HORSE_C12C8EF78E07B39F,SAME_FAVOURITE,False,False,SAME_FAVOURITE
EIQ_RACE_82D58DFB8104712C,EIQ_HORSE_0FF0A08B0A6C279E,2021,0.004180916458186523,EIQ_HORSE_13E6767D568229DB,EIQ_HORSE_13E6767D568229DB,SAME_FAVOURITE,False,False,SAME_FAVOURITE
EIQ_RACE_82DEE1D7373CB864,EIQ_HORSE_51697F49EAED293C,2021,-0.18709890287607722,EIQ_HORSE_51697F49EAED293C,EIQ_HORSE_51697F49EAED293C,SAME_FAVOURITE,True,True,SAME_FAVOURITE
EIQ_RACE_82E86EF154D08192,EIQ_HORSE_F78618AAADDA9B15,2024,-0.17421193570972293,EIQ_HORSE_87B177BDF426FE60,EIQ_HORSE_87B177BDF426FE60,SAME_FAVOURITE,False,False,SAME_FAVOURITE
EIQ_RACE_82E9C5BB3336B161,EIQ_HORSE_AF9A0475784E33D2,2021,-0.1947404274135518,EIQ_HORSE_AF9A0475784E33D2,EIQ_HORSE_AF9A0475784E33D2,SAME_FAVOURITE,True,True,SAME_FAVOURITE
EIQ_RACE_82ED1D21504B7BE8,EIQ_HORSE_0DDA422B1443EDB2,2024,0.02204285055266153,EIQ_HORSE_1D50A106753DF2EA,EIQ_HORSE_1D50A106753DF2EA,SAME_FAVOURITE,False,False,SAME_FAVOURITE
EIQ_RACE_82ED26E253B6809F,EIQ_HORSE_7567AD13CC16FA63,2025,-0.07088520885455063,EIQ_HORSE_7567AD13CC16FA63,EIQ_HORSE_7567AD13CC16FA63,SAME_FAVOURITE,True,True,SAME_FAVOURITE
EIQ_RACE_82FAF13E27D569F5,EIQ_HORSE_2279FD4A0D384A17,2023,-0.03822221754959143,EIQ_HORSE_2279FD4A0D384A17,EIQ_HORSE_2279FD4A0D384A17,SAME_FAVOURITE,True,True,SAME_FAVOURITE
EIQ_RACE_8302CCC4BBDACF81,EIQ_HORSE_35B63402BB246549,2026,-0.008949999845446754,EIQ_HORSE_4ECC5F8B5E5FAD6A,EIQ_HORSE_8D31C6C16A51E69F,CHALLENGER_CHANGED_FAVOURITE,False,False,BOTH_WRONG
EIQ_RACE_830E176786A78DAD,EIQ_HORSE_E646B65420029D2E,2024,-0.07957626026415854,EIQ_HORSE_4F62AEE42ED3CB0C,EIQ_HORSE_4F62AEE42ED3CB0C,SAME_FAVOURITE,False,False,SAME_FAVOURITE
EIQ_RACE_832C48AE222AC012,EIQ_HORSE_AD9F8CC715BEB999,2025,-0.018289936456538314,EIQ_HORSE_C941C98C12270B0C,EIQ_HORSE_C941C98C12270B0C,SAME_FAVOURITE,False,False,SAME_FAVOURITE
EIQ_RACE_833B34B7814A80E0,EIQ_HORSE_D43E3626E4ADB737,2023,0.09035740730502972,EIQ_HORSE_D43E3626E4ADB737,EIQ_HORSE_D43E3626E4ADB737,SAME_FAVOURITE,True,True,SAME_FAVOURITE
EIQ_RACE_834447602EC34056,EIQ_HORSE_08C38C863BFF625A,2024,0.011495303909957233,EIQ_HORSE_9A6B9139689A3677,EIQ_HORSE_9A6B9139689A3677,SAME_FAVOURITE,False,False,SAME_FAVOURITE
EIQ_RACE_83530F9E3DA31609,EIQ_HORSE_0F2F45D47E8CE0CD,2024,-0.07147709918325007,EIQ_HORSE_8AC6CC9F2DD6BAAE,EIQ_HORSE_8AC6CC9F2DD6BAAE,SAME_FAVOURITE,False,False,SAME_FAVOURITE
EIQ_RACE_83827D3943B3D094,EIQ_HORSE_0D87D3098D3E261A,2026,-0.03281234665092825,EIQ_HORSE_D37C9BBB9BEC4919,EIQ_HORSE_D37C9BBB9BEC4919,SAME_FAVOURITE,False,False,SAME_FAVOURITE
EIQ_RACE_838E34357766645B,EIQ_HORSE_7C8927DE1D4CB118,2026,-0.06219331195640132,EIQ_HORSE_2205097C5DF7A700,EIQ_HORSE_2205097C5DF7A700,SAME_FAVOURITE,False,False,SAME_FAVOURITE
EIQ_RACE_839ADFF5D80152DB,EIQ_HORSE_091D254D76F747DC,2023,-0.07401743317809872,EIQ_HORSE_3681B515BCBDB962,EIQ_HORSE_3681B515BCBDB962,SAME_FAVOURITE,False,False,SAME_FAVOURITE
EIQ_RACE_83A0E066E0A09DC7,EIQ_HORSE_C095E060458253D3,2025,-0.013757887262146218,EIQ_HORSE_52968ACCD9B68C52,EIQ_HORSE_52968ACCD9B68C52,SAME_FAVOURITE,False,False,SAME_FAVOURITE
EIQ_RACE_83AE53E4F409F1AF,EIQ_HORSE_05A6A200304F683F,2025,0.015484839009573648,EIQ_HORSE_B18B8DEC7765BC47,EIQ_HORSE_B18B8DEC7765BC47,SAME_FAVOURITE,False,False,SAME_FAVOURITE
EIQ_RACE_83B19D05E5818716,EIQ_HORSE_D7288E5E0D5F7A11,2024,0.050108011150229226,EIQ_HORSE_D7288E5E0D5F7A11,EIQ_HORSE_D7288E5E0D5F7A11,SAME_FAVOURITE,True,True,SAME_FAVOURITE
EIQ_RACE_83B3F6F255926895,EIQ_HORSE_7D64F6370988096C,2021,-0.043214497068539526,EIQ_HORSE_B9EA2C1B5E408C79,EIQ_HORSE_B9EA2C1B5E408C79,SAME_FAVOURITE,False,False,SAME_FAVOURITE
EIQ_RACE_83C71CE951A80D8F,EIQ_HORSE_DAB89A8302476139,2025,-0.012210961615541027,EIQ_HORSE_9C4C7C71B8A681F6,EIQ_HORSE_9C4C7C71B8A681F6,SAME_FAVOURITE,False,False,SAME_FAVOURITE
EIQ_RACE_83D865F060655167,EIQ_HORSE_BE531DEFF919FCB6,2024,0.11509653105443052,EIQ_HORSE_BE531DEFF919FCB6,EIQ_HORSE_BE531DEFF919FCB6,SAME_FAVOURITE,True,True,SAME_FAVOURITE
EIQ_RACE_83E27D180E3722CD,EIQ_HORSE_80E84E5670CBAA59,2024,0.016053940680317957,EIQ_HORSE_80E84E5670CBAA59,EIQ_HORSE_80E84E5670CBAA59,SAME_FAVOURITE,True,True,SAME_FAVOURITE
EIQ_RACE_83ECDE73603395AA,EIQ_HORSE_6081F6E8F1511EFC,2021,0.1226645709952181,EIQ_HORSE_0232EE3753C72DBD,EIQ_HORSE_0232EE3753C72DBD,SAME_FAVOURITE,False,False,SAME_FAVOURITE
EIQ_RACE_83F80E7C9343B776,EIQ_HORSE_97A8DC837162E64A,2026,-0.02635803548240956,EIQ_HORSE_6972C4983C003FA3,EIQ_HORSE_6972C4983C003FA3,SAME_FAVOURITE,False,False,SAME_FAVOURITE
EIQ_RACE_83F8C88F83D7CB8E,EIQ_HORSE_EB33B9E32D0303C6,2025,0.07086560470468894,EIQ_HORSE_EB33B9E32D0303C6,EIQ_HORSE_EB33B9E32D0303C6,SAME_FAVOURITE,True,True,SAME_FAVOURITE
EIQ_RACE_84018A46510D4C9D,EIQ_HORSE_488BEDE2B13358BF,2025,-0.056226516004530325,EIQ_HORSE_488BEDE2B13358BF,EIQ_HORSE_488BEDE2B13358BF,SAME_FAVOURITE,True,True,SAME_FAVOURITE
EIQ_RACE_841217ECD4EF4F1D,EIQ_HORSE_0AAA75888A87B08C,2022,-0.18530393206609563,EIQ_HORSE_0AAA75888A87B08C,EIQ_HORSE_0AAA75888A87B08C,SAME_FAVOURITE,True,True,SAME_FAVOURITE
EIQ_RACE_8413E1E33E31FC91,EIQ_HORSE_AF1FC6F3ABF5C3BD,2024,-0.0572965225772859,EIQ_HORSE_767A2C97C3BE1395,EIQ_HORSE_767A2C97C3BE1395,SAME_FAVOURITE,False,False,SAME_FAVOURITE
EIQ_RACE_841ABD424077D2B8,EIQ_HORSE_76D035B5E805B5CB,2024,-0.06504137985755643,EIQ_HORSE_0C4F372A88AE7792,EIQ_HORSE_F6616A549F3B2EDE,CHALLENGER_CHANGED_FAVOURITE,False,False,BOTH_WRONG
EIQ_RACE_841EA837F4747E1F,EIQ_HORSE_64F065CBFD72DF1E,2025,0.03846419465825779,EIQ_HORSE_D1CB2443A8F7EA51,EIQ_HORSE_D1CB2443A8F7EA51,SAME_FAVOURITE,False,False,SAME_FAVOURITE
EIQ_RACE_84209880B061D9C0,EIQ_HORSE_7315CA4E29AC1540,2024,-0.0512836562537069,EIQ_HORSE_39F3C46959C92CFC,EIQ_HORSE_39F3C46959C92CFC,SAME_FAVOURITE,False,False,SAME_FAVOURITE
EIQ_RACE_842759AB6EFDDAAF,EIQ_HORSE_59998F4D144771D8,2025,0.02123347986440316,EIQ_HORSE_59998F4D144771D8,EIQ_HORSE_59998F4D144771D8,SAME_FAVOURITE,True,True,SAME_FAVOURITE
EIQ_RACE_842A56052B83B9AB,EIQ_HORSE_0B0B396ACA191A3B,2025,0.15298553803671888,EIQ_HORSE_BEDDBE82206CD856,EIQ_HORSE_BEDDBE82206CD856,SAME_FAVOURITE,False,False,SAME_FAVOURITE
EIQ_RACE_843A44EAB015A85B,EIQ_HORSE_0F95473F2832BA67,2025,0.1280779105353469,EIQ_HORSE_8352E6EBCC9447E9,EIQ_HORSE_8352E6EBCC9447E9,SAME_FAVOURITE,False,False,SAME_FAVOURITE
EIQ_RACE_8469F17CE13A7CBF,EIQ_HORSE_D490101201C297D7,2024,-0.3701654771405338,EIQ_HORSE_60A585683BFD623B,EIQ_HORSE_60A585683BFD623B,SAME_FAVOURITE,False,False,SAME_FAVOURITE
EIQ_RACE_84986AE9B3ECA7AD,EIQ_HORSE_00A98CED357E1BA1,2024,-0.027658957676031992,EIQ_HORSE_EB31B677EA02438E,EIQ_HORSE_EB31B677EA02438E,SAME_FAVOURITE,False,False,SAME_FAVOURITE
EIQ_RACE_84B0DEBA6D38C4C3,EIQ_HORSE_AD7F68C6F6F9C2C3,2025,-0.022601833481692646,EIQ_HORSE_AD7F68C6F6F9C2C3,EIQ_HORSE_AD7F68C6F6F9C2C3,SAME_FAVOURITE,True,True,SAME_FAVOURITE
EIQ_RACE_84B86E5259A02C8F,EIQ_HORSE_2E4A0C5ECE501DF7,2024,-0.04857605680515986,EIQ_HORSE_2AE34370D37CD4C7,EIQ_HORSE_2AE34370D37CD4C7,SAME_FAVOURITE,False,False,SAME_FAVOURITE
EIQ_RACE_84D3CC4237DF9E17,EIQ_HORSE_6B6BB7FD16B4FCB2,2026,-0.07327850816404213,EIQ_HORSE_6B6BB7FD16B4FCB2,EIQ_HORSE_6B6BB7FD16B4FCB2,SAME_FAVOURITE,True,True,SAME_FAVOURITE
EIQ_RACE_84DB016C96F8777F,EIQ_HORSE_A4322B58C34A397A,2023,-0.0804031604921005,EIQ_HORSE_B05BE41586146394,EIQ_HORSE_B05BE41586146394,SAME_FAVOURITE,False,False,SAME_FAVOURITE
EIQ_RACE_84DC8232540B052F,EIQ_HORSE_B1AADA3C6DCFB756,2023,-0.08589197630659151,EIQ_HORSE_B1AADA3C6DCFB756,EIQ_HORSE_B1AADA3C6DCFB756,SAME_FAVOURITE,True,True,SAME_FAVOURITE
EIQ_RACE_84E0B88E66745826,EIQ_HORSE_84A9C5C110838249,2023,0.06515520373995898,EIQ_HORSE_E3F650125E86A243,EIQ_HORSE_E3F650125E86A243,SAME_FAVOURITE,False,False,SAME_FAVOURITE
EIQ_RACE_84E4080108B666A0,EIQ_HORSE_DE2F2DC2D8E28E20,2025,0.00869884746687255,EIQ_HORSE_2E9511587B75D31E,EIQ_HORSE_2E9511587B75D31E,SAME_FAVOURITE,False,False,SAME_FAVOURITE
EIQ_RACE_84EAD16F4EC637A7,EIQ_HORSE_4AD609D09D9D7133,2026,-0.1487916957126445,EIQ_HORSE_15F95DE74A987E66,EIQ_HORSE_15F95DE74A987E66,SAME_FAVOURITE,False,False,SAME_FAVOURITE
EIQ_RACE_84F04EB5AB19A792,EIQ_HORSE_6DF34FDC25CECED1,2022,0.08034582086434061,EIQ_HORSE_AEA57CCB834E4B4F,EIQ_HORSE_AEA57CCB834E4B4F,SAME_FAVOURITE,False,False,SAME_FAVOURITE
EIQ_RACE_84FE924728248D28,EIQ_HORSE_565E361C0C6C0D69,2024,0.08336085265453397,EIQ_HORSE_3AD1427551714732,EIQ_HORSE_565E361C0C6C0D69,CHALLENGER_CHANGED_FAVOURITE,False,True,STRICT_WRONG_DROP_CORRECT
EIQ_RACE_850764CBED83705E,EIQ_HORSE_F14723807DDC1FB6,2021,0.018755933811571035,EIQ_HORSE_973F55119B6DB257,EIQ_HORSE_973F55119B6DB257,SAME_FAVOURITE,False,False,SAME_FAVOURITE
EIQ_RACE_850D6934E1BC0BE1,EIQ_HORSE_6A23E74D5A4C00F4,2021,0.0705398104836994,EIQ_HORSE_6A23E74D5A4C00F4,EIQ_HORSE_6A23E74D5A4C00F4,SAME_FAVOURITE,True,True,SAME_FAVOURITE
EIQ_RACE_8517DB091CD9DA6E,EIQ_HORSE_9DCD524F6072343E,2026,0.20243137563063618,EIQ_HORSE_B7C3835C4A3698CA,EIQ_HORSE_B7C3835C4A3698CA,SAME_FAVOURITE,False,False,SAME_FAVOURITE
EIQ_RACE_851FFD98F7491CF4,EIQ_HORSE_D2F182931E5EA1E1,2025,0.04984479219192273,EIQ_HORSE_2E10C738B4187115,EIQ_HORSE_2E10C738B4187115,SAME_FAVOURITE,False,False,SAME_FAVOURITE
EIQ_RACE_852AD03C7142E387,EIQ_HORSE_61F503E6BAB2F7E8,2026,-0.03653586339328263,EIQ_HORSE_61F503E6BAB2F7E8,EIQ_HORSE_61F503E6BAB2F7E8,SAME_FAVOURITE,True,True,SAME_FAVOURITE
EIQ_RACE_853342933E7ABECD,EIQ_HORSE_136ECCB873426D2D,2024,-0.011236779232929539,EIQ_HORSE_136ECCB873426D2D,EIQ_HORSE_136ECCB873426D2D,SAME_FAVOURITE,True,True,SAME_FAVOURITE
EIQ_RACE_853A0318CEC80E6F,EIQ_HORSE_D5AC886466270388,2024,0.02430565514504668,EIQ_HORSE_D5AC886466270388,EIQ_HORSE_D5AC886466270388,SAME_FAVOURITE,True,True,SAME_FAVOURITE
EIQ_RACE_8543E9682B72F041,EIQ_HORSE_84336032C0298474,2023,0.06485393625617042,EIQ_HORSE_6B21ECADBBA25666,EIQ_HORSE_6B21ECADBBA25666,SAME_FAVOURITE,False,False,SAME_FAVOURITE
EIQ_RACE_854DB14F491849E2,EIQ_HORSE_E3F650125E86A243,2021,0.028782279123413357,EIQ_HORSE_D72B8818FA1296E4,EIQ_HORSE_D72B8818FA1296E4,SAME_FAVOURITE,False,False,SAME_FAVOURITE
EIQ_RACE_8554E9042106E54F,EIQ_HORSE_9E98CB5CF0434C78,2025,0.0501262931110924,EIQ_HORSE_37E48CBACC3A9527,EIQ_HORSE_37E48CBACC3A9527,SAME_FAVOURITE,False,False,SAME_FAVOURITE
EIQ_RACE_856B0739419FAB9D,EIQ_HORSE_7867C13582F5F94F,2023,-0.21139129799879885,EIQ_HORSE_BAE1D168492958DD,EIQ_HORSE_BAE1D168492958DD,SAME_FAVOURITE,False,False,SAME_FAVOURITE
EIQ_RACE_857954A8D996C9EA,EIQ_HORSE_124142A07238FDD5,2025,-0.05016539696944955,EIQ_HORSE_BB18ECCAD7583F75,EIQ_HORSE_BB18ECCAD7583F75,SAME_FAVOURITE,False,False,SAME_FAVOURITE
EIQ_RACE_857D4C1F4105583F,EIQ_HORSE_7E3AB423929EE204,2023,-0.07153802538049558,EIQ_HORSE_7E3AB423929EE204,EIQ_HORSE_4736707A7402D3F5,CHALLENGER_CHANGED_FAVOURITE,True,False,STRICT_CORRECT_DROP_WRONG
EIQ_RACE_858568DD964EA72A,EIQ_HORSE_1409EEB8584F5DDF,2021,0.21055212044732752,EIQ_HORSE_D1D2DA91A65826AE,EIQ_HORSE_D1D2DA91A65826AE,SAME_FAVOURITE,False,False,SAME_FAVOURITE
EIQ_RACE_85874F923DD5D519,EIQ_HORSE_E7D177F440D3CBF7,2021,0.186693376798712,EIQ_HORSE_B7955433510735CD,EIQ_HORSE_E7D177F440D3CBF7,CHALLENGER_CHANGED_FAVOURITE,False,True,STRICT_WRONG_DROP_CORRECT
EIQ_RACE_8591510344415544,EIQ_HORSE_B9C20320E8F1C7B0,2023,0.044729616732597455,EIQ_HORSE_B9C20320E8F1C7B0,EIQ_HORSE_B9C20320E8F1C7B0,SAME_FAVOURITE,True,True,SAME_FAVOURITE
EIQ_RACE_85916AD2548ADB59,EIQ_HORSE_6EF9319171100C0A,2024,0.09700615547395608,EIQ_HORSE_6EF9319171100C0A,EIQ_HORSE_6EF9319171100C0A,SAME_FAVOURITE,True,True,SAME_FAVOURITE
EIQ_RACE_859600CA38642291,EIQ_HORSE_B8C006CD8E416003,2025,-0.057091128417785075,EIQ_HORSE_651C5C977FFB7937,EIQ_HORSE_651C5C977FFB7937,SAME_FAVOURITE,False,False,SAME_FAVOURITE
EIQ_RACE_8596BCC6B13AC70B,EIQ_HORSE_9F3E7560AE40753D,2025,-0.02917234161988036,EIQ_HORSE_F375D06226812E3F,EIQ_HORSE_F375D06226812E3F,SAME_FAVOURITE,False,False,SAME_FAVOURITE
EIQ_RACE_859A83A3C1599FB5,EIQ_HORSE_A274DA7C7762221F,2024,-0.08374279489577097,EIQ_HORSE_3364FF37162B7365,EIQ_HORSE_3364FF37162B7365,SAME_FAVOURITE,False,False,SAME_FAVOURITE
EIQ_RACE_85C07AB3AD7788DB,EIQ_HORSE_B0C9F6792A5D3163,2025,-0.019040762292810598,EIQ_HORSE_3E3095337EA55D9E,EIQ_HORSE_3E3095337EA55D9E,SAME_FAVOURITE,False,False,SAME_FAVOURITE
EIQ_RACE_85C6C9828677ACB2,EIQ_HORSE_FBF6AD703DD07E3F,2021,-0.17825401301597,EIQ_HORSE_09D2D458D095A780,EIQ_HORSE_09D2D458D095A780,SAME_FAVOURITE,False,False,SAME_FAVOURITE
EIQ_RACE_85EDBB3AFFA94E1B,EIQ_HORSE_B2E8A412762630D0,2021,-0.017563746077217335,EIQ_HORSE_8C4EBE4DBE16A3BF,EIQ_HORSE_8C4EBE4DBE16A3BF,SAME_FAVOURITE,False,False,SAME_FAVOURITE
EIQ_RACE_85EF4CF30EC7F0DD,EIQ_HORSE_ED24EA7C0C40B094,2025,0.166371384014794,EIQ_HORSE_0AE61FC82838CB13,EIQ_HORSE_ED24EA7C0C40B094,CHALLENGER_CHANGED_FAVOURITE,False,True,STRICT_WRONG_DROP_CORRECT
EIQ_RACE_85F224357ABD5288,EIQ_HORSE_D58D4CD1398636A6,2024,-0.035016624724662826,EIQ_HORSE_D58D4CD1398636A6,EIQ_HORSE_D58D4CD1398636A6,SAME_FAVOURITE,True,True,SAME_FAVOURITE
EIQ_RACE_8607AF3F2E9A1DAA,EIQ_HORSE_8F2E714B7AC9EF8C,2021,0.09061359819847348,EIQ_HORSE_8F2E714B7AC9EF8C,EIQ_HORSE_8F2E714B7AC9EF8C,SAME_FAVOURITE,True,True,SAME_FAVOURITE
EIQ_RACE_860B17661FE53ACF,EIQ_HORSE_6B71D65CCF398D50,2021,0.043985047534826904,EIQ_HORSE_229CC64269A376C6,EIQ_HORSE_229CC64269A376C6,SAME_FAVOURITE,False,False,SAME_FAVOURITE
EIQ_RACE_86240F29A290D8BF,EIQ_HORSE_CD02107AFEE18973,2023,0.01553221400997451,EIQ_HORSE_6EE0673C118112F4,EIQ_HORSE_6EE0673C118112F4,SAME_FAVOURITE,False,False,SAME_FAVOURITE
EIQ_RACE_8625248F20412CCC,EIQ_HORSE_97F6C0E0026D95F3,2024,0.07830620141542255,EIQ_HORSE_97F6C0E0026D95F3,EIQ_HORSE_97F6C0E0026D95F3,SAME_FAVOURITE,True,True,SAME_FAVOURITE
EIQ_RACE_86286BBBA32A8091,EIQ_HORSE_456EB49067601D5A,2026,0.06415638374414079,EIQ_HORSE_8E444E87DF594E87,EIQ_HORSE_8E444E87DF594E87,SAME_FAVOURITE,False,False,SAME_FAVOURITE
EIQ_RACE_862C72E767A1EFAE,EIQ_HORSE_E4E623F4D88D349F,2022,-0.0408990346144289,EIQ_HORSE_42764D0211968EA5,EIQ_HORSE_BD9F73870895F270,CHALLENGER_CHANGED_FAVOURITE,False,False,BOTH_WRONG
EIQ_RACE_862CBEBE84885207,EIQ_HORSE_8FA103BD6AA198C0,2023,0.016655353751502844,EIQ_HORSE_078B2A30C90AEB16,EIQ_HORSE_078B2A30C90AEB16,SAME_FAVOURITE,False,False,SAME_FAVOURITE
EIQ_RACE_8633949B8843191F,EIQ_HORSE_A3C266DC00DC2236,2024,0.07929787544087064,EIQ_HORSE_A3C266DC00DC2236,EIQ_HORSE_A3C266DC00DC2236,SAME_FAVOURITE,True,True,SAME_FAVOURITE
EIQ_RACE_8633BE713B3957B6,EIQ_HORSE_F10CA7B5C2719F3B,2021,0.24564789923778063,EIQ_HORSE_982B28A184AC4873,EIQ_HORSE_982B28A184AC4873,SAME_FAVOURITE,False,False,SAME_FAVOURITE
EIQ_RACE_863BEAB0D7DFBF11,EIQ_HORSE_A302EBEE165E020C,2024,-0.11857382013425344,EIQ_HORSE_F5BB8EA38903A84E,EIQ_HORSE_076B7F2C2415CD39,CHALLENGER_CHANGED_FAVOURITE,False,False,BOTH_WRONG
EIQ_RACE_86520E86B29051F9,EIQ_HORSE_A1E930E71121D8C1,2024,0.034703152647432844,EIQ_HORSE_F0BB4F960670715B,EIQ_HORSE_F0BB4F960670715B,SAME_FAVOURITE,False,False,SAME_FAVOURITE
EIQ_RACE_86626AD4EF292FEF,EIQ_HORSE_B9E41CEECD0E75E9,2025,-0.001363353740110318,EIQ_HORSE_90971819963D1530,EIQ_HORSE_90971819963D1530,SAME_FAVOURITE,False,False,SAME_FAVOURITE
EIQ_RACE_866542D1F2DBDF5F,EIQ_HORSE_408D460D40456208,2021,0.041640948778063125,EIQ_HORSE_B55F4DB1D2DCA8A7,EIQ_HORSE_B55F4DB1D2DCA8A7,SAME_FAVOURITE,False,False,SAME_FAVOURITE
EIQ_RACE_8668C25284339176,EIQ_HORSE_15FDF50180A10488,2025,0.006373688606704508,EIQ_HORSE_15FDF50180A10488,EIQ_HORSE_15FDF50180A10488,SAME_FAVOURITE,True,True,SAME_FAVOURITE
EIQ_RACE_867E3CC79CC5EBE1,EIQ_HORSE_EB39DF0ECBA0C7FF,2025,0.055081457974096804,EIQ_HORSE_881236CD5D90B284,EIQ_HORSE_881236CD5D90B284,SAME_FAVOURITE,False,False,SAME_FAVOURITE
EIQ_RACE_869B23BF42F95473,EIQ_HORSE_D3495B092DCB9D6A,2025,-0.0027880260383299493,EIQ_HORSE_B793457DD0509EA3,EIQ_HORSE_B793457DD0509EA3,SAME_FAVOURITE,False,False,SAME_FAVOURITE
EIQ_RACE_86D2DD10918A05DD,EIQ_HORSE_883A747FA87B044F,2024,-0.129637257538731,EIQ_HORSE_883A747FA87B044F,EIQ_HORSE_8BDD38459A17305B,CHALLENGER_CHANGED_FAVOURITE,True,False,STRICT_CORRECT_DROP_WRONG
EIQ_RACE_86D419E561BCE247,EIQ_HORSE_6A9A9FC6870BF3AD,2021,0.0014575293161600555,EIQ_HORSE_6A9A9FC6870BF3AD,EIQ_HORSE_6A9A9FC6870BF3AD,SAME_FAVOURITE,True,True,SAME_FAVOURITE
EIQ_RACE_86E928FBAF82C2B2,EIQ_HORSE_45551C8C0885709E,2025,0.04971901516299737,EIQ_HORSE_45551C8C0885709E,EIQ_HORSE_45551C8C0885709E,SAME_FAVOURITE,True,True,SAME_FAVOURITE
EIQ_RACE_86EB054A8FA43282,EIQ_HORSE_0CB8FFAE7A956B04,2021,-0.09530857734105158,EIQ_HORSE_0B1E06E790E55680,EIQ_HORSE_0B1E06E790E55680,SAME_FAVOURITE,False,False,SAME_FAVOURITE
EIQ_RACE_870AE65D0AE69719,EIQ_HORSE_8C46326CED1C2C74,2022,0.0612174505400267,EIQ_HORSE_5D273712DDCE4689,EIQ_HORSE_5D273712DDCE4689,SAME_FAVOURITE,False,False,SAME_FAVOURITE
EIQ_RACE_870E924DC6B36BE5,EIQ_HORSE_659035C9DDBCD491,2025,-0.03562938821995143,EIQ_HORSE_9830C60C2D249254,EIQ_HORSE_9830C60C2D249254,SAME_FAVOURITE,False,False,SAME_FAVOURITE
EIQ_RACE_87227D0467A01635,EIQ_HORSE_4CBD5A8368FDF5CD,2021,-0.20822975907513497,EIQ_HORSE_77A20DED6FCDD815,EIQ_HORSE_77A20DED6FCDD815,SAME_FAVOURITE,False,False,SAME_FAVOURITE
EIQ_RACE_872C8FFA77A68AA1,EIQ_HORSE_7FDDFA29F5DD214E,2024,0.050740932173713116,EIQ_HORSE_BF82630AFC6F7E7B,EIQ_HORSE_BF82630AFC6F7E7B,SAME_FAVOURITE,False,False,SAME_FAVOURITE
EIQ_RACE_87498C52841118A1,EIQ_HORSE_5C9454EC876C29AC,2021,-0.002362285512619078,EIQ_HORSE_3213529EED8FAE43,EIQ_HORSE_3213529EED8FAE43,SAME_FAVOURITE,False,False,SAME_FAVOURITE
EIQ_RACE_874E3F77BAA6F0C2,EIQ_HORSE_F597383DB21CFF66,2023,-0.1731353607769499,EIQ_HORSE_4CFF8033C4D2ADEC,EIQ_HORSE_4CFF8033C4D2ADEC,SAME_FAVOURITE,False,False,SAME_FAVOURITE
EIQ_RACE_8762AEDC6585A89F,EIQ_HORSE_A1C7C702A235EDE9,2024,-0.03966453271893,EIQ_HORSE_316E18DB95C6C386,EIQ_HORSE_316E18DB95C6C386,SAME_FAVOURITE,False,False,SAME_FAVOURITE
EIQ_RACE_87730D17FFF0B67F,EIQ_HORSE_D47CCBA89D364EE2,2023,-0.18666498337202997,EIQ_HORSE_D47CCBA89D364EE2,EIQ_HORSE_D47CCBA89D364EE2,SAME_FAVOURITE,True,True,SAME_FAVOURITE
EIQ_RACE_8786E0A582E1D874,EIQ_HORSE_B13B865281443C7D,2025,0.2273768572298307,EIQ_HORSE_A6732A25D9C63395,EIQ_HORSE_A6732A25D9C63395,SAME_FAVOURITE,False,False,SAME_FAVOURITE
EIQ_RACE_878D22D772B4BE11,EIQ_HORSE_44C37B351AE08229,2021,0.008361715094166389,EIQ_HORSE_AAC220474E900D31,EIQ_HORSE_AAC220474E900D31,SAME_FAVOURITE,False,False,SAME_FAVOURITE
EIQ_RACE_87A41476650AEC6B,EIQ_HORSE_F5F2CE9A71E1212C,2023,0.012646566264394643,EIQ_HORSE_AC6B1037F29B347B,EIQ_HORSE_B0E64D5D8BDC1A1F,CHALLENGER_CHANGED_FAVOURITE,False,False,BOTH_WRONG
EIQ_RACE_87AE956F835EF7AA,EIQ_HORSE_C8DA20F0B6E7F46B,2024,-0.10056612462848413,EIQ_HORSE_A9BF3771016F7CFD,EIQ_HORSE_A9BF3771016F7CFD,SAME_FAVOURITE,False,False,SAME_FAVOURITE
EIQ_RACE_87B174652DCDDBDC,EIQ_HORSE_84E21861102DA0A5,2026,-0.023952004594776533,EIQ_HORSE_CD233ACB4D71AB53,EIQ_HORSE_CD233ACB4D71AB53,SAME_FAVOURITE,False,False,SAME_FAVOURITE
EIQ_RACE_87C3B1791E901B72,EIQ_HORSE_B53D750B1C90FD77,2023,-0.2734385928767189,EIQ_HORSE_0F4785063F5B06A0,EIQ_HORSE_0F4785063F5B06A0,SAME_FAVOURITE,False,False,SAME_FAVOURITE
EIQ_RACE_87C8079FF7038FB8,EIQ_HORSE_A1178662CE593267,2024,-0.013172902536539022,EIQ_HORSE_A1178662CE593267,EIQ_HORSE_A1178662CE593267,SAME_FAVOURITE,True,True,SAME_FAVOURITE
EIQ_RACE_87DA35F8C6D3B634,EIQ_HORSE_90DE7715A10AAA48,2025,-0.12856687399246658,EIQ_HORSE_B3941B0EF4A65D94,EIQ_HORSE_B3941B0EF4A65D94,SAME_FAVOURITE,False,False,SAME_FAVOURITE
EIQ_RACE_87E19D18D3640FB4,EIQ_HORSE_D5050BCDDA6BB977,2021,-0.013754386282047504,EIQ_HORSE_1C2E3B403FF3D2EE,EIQ_HORSE_1C2E3B403FF3D2EE,SAME_FAVOURITE,False,False,SAME_FAVOURITE
EIQ_RACE_87E4388DF97DC75B,EIQ_HORSE_A8B4D03DEB986118,2023,0.13254506830402457,EIQ_HORSE_7ED0A58889469DC3,EIQ_HORSE_7ED0A58889469DC3,SAME_FAVOURITE,False,False,SAME_FAVOURITE
EIQ_RACE_87E498AC47000D41,EIQ_HORSE_CFB9C745FD7A89B6,2024,-0.03841299412571586,EIQ_HORSE_4A4B8C6BD432B791,EIQ_HORSE_4A4B8C6BD432B791,SAME_FAVOURITE,False,False,SAME_FAVOURITE
EIQ_RACE_87F243D399D0EB35,EIQ_HORSE_F75DF32DC8EACB3A,2024,0.05272421550576767,EIQ_HORSE_36CC4894176D1B1F,EIQ_HORSE_36CC4894176D1B1F,SAME_FAVOURITE,False,False,SAME_FAVOURITE
EIQ_RACE_881BEC38F270B0BB,EIQ_HORSE_6F1B075A5589CD9A,2021,-0.01479187282764527,EIQ_HORSE_6F1B075A5589CD9A,EIQ_HORSE_6F1B075A5589CD9A,SAME_FAVOURITE,True,True,SAME_FAVOURITE
EIQ_RACE_8821C57526AF45C8,EIQ_HORSE_EC34ADC7F99E1B7B,2024,0.03653254015679219,EIQ_HORSE_9DA755C75488A94C,EIQ_HORSE_9DA755C75488A94C,SAME_FAVOURITE,False,False,SAME_FAVOURITE
EIQ_RACE_882459B5852DF65E,EIQ_HORSE_C230D76487C4670D,2026,-0.044946702681132766,EIQ_HORSE_F963A3E147DF85B6,EIQ_HORSE_527532C917BEC11D,CHALLENGER_CHANGED_FAVOURITE,False,False,BOTH_WRONG
EIQ_RACE_8825022D67775542,EIQ_HORSE_1E5B898ECF851083,2025,-0.18487130018383047,EIQ_HORSE_A6B12A5455059960,EIQ_HORSE_A6B12A5455059960,SAME_FAVOURITE,False,False,SAME_FAVOURITE
EIQ_RACE_882F82B609C0E5F8,EIQ_HORSE_ECB1798037319F5A,2021,-0.12839242707370246,EIQ_HORSE_3C36594693733089,EIQ_HORSE_3C36594693733089,SAME_FAVOURITE,False,False,SAME_FAVOURITE
EIQ_RACE_882FB734C35A4695,EIQ_HORSE_A8CD5A3DA703DCA7,2024,-0.043931466278819276,EIQ_HORSE_A8CD5A3DA703DCA7,EIQ_HORSE_A8CD5A3DA703DCA7,SAME_FAVOURITE,True,True,SAME_FAVOURITE
EIQ_RACE_8831179FC0CBBD20,EIQ_HORSE_A3729AD2F0FAF76F,2021,0.08065144179201522,EIQ_HORSE_92326EEEB395DE4C,EIQ_HORSE_A3729AD2F0FAF76F,CHALLENGER_CHANGED_FAVOURITE,False,True,STRICT_WRONG_DROP_CORRECT
EIQ_RACE_883E3A6BF222A999,EIQ_HORSE_501B1F72D5214849,2023,-0.048159314917398,EIQ_HORSE_501B1F72D5214849,EIQ_HORSE_11D876E4DAD12CB4,CHALLENGER_CHANGED_FAVOURITE,True,False,STRICT_CORRECT_DROP_WRONG
EIQ_RACE_88507D5F594C924B,EIQ_HORSE_E47B2282157223EC,2025,-0.033726816965379935,EIQ_HORSE_6335F295CC862191,EIQ_HORSE_6335F295CC862191,SAME_FAVOURITE,False,False,SAME_FAVOURITE
EIQ_RACE_885297CADBA6393F,EIQ_HORSE_D6AF2C17C29D9638,2025,0.1440580948263297,EIQ_HORSE_D6AF2C17C29D9638,EIQ_HORSE_D6AF2C17C29D9638,SAME_FAVOURITE,True,True,SAME_FAVOURITE
EIQ_RACE_8853485E2C966C92,EIQ_HORSE_0568AF16648DA7D0,2024,-0.019486808516611553,EIQ_HORSE_E757F6F1F07E8E44,EIQ_HORSE_E757F6F1F07E8E44,SAME_FAVOURITE,False,False,SAME_FAVOURITE
EIQ_RACE_888E0A061649625A,EIQ_HORSE_A92F4067637CA478,2023,-0.08289176254589448,EIQ_HORSE_39BEF8C0BA3E0507,EIQ_HORSE_39BEF8C0BA3E0507,SAME_FAVOURITE,False,False,SAME_FAVOURITE
EIQ_RACE_8893CB3008CAE777,EIQ_HORSE_41AA847FAA0CDB48,2021,0.05583862215467539,EIQ_HORSE_A4322B58C34A397A,EIQ_HORSE_A4322B58C34A397A,SAME_FAVOURITE,False,False,SAME_FAVOURITE
EIQ_RACE_88A53E3CBC6E6474,EIQ_HORSE_D5C5B171291C1518,2023,-0.10101030772135022,EIQ_HORSE_D5C5B171291C1518,EIQ_HORSE_3682BFD69E78F3A3,CHALLENGER_CHANGED_FAVOURITE,True,False,STRICT_CORRECT_DROP_WRONG
EIQ_RACE_88B28D2B16A31169,EIQ_HORSE_5E69AACF22158939,2023,-0.09523311867787054,EIQ_HORSE_7EE0E469E8E6146E,EIQ_HORSE_7EE0E469E8E6146E,SAME_FAVOURITE,False,False,SAME_FAVOURITE
EIQ_RACE_88BAC4588DE2AB74,EIQ_HORSE_5F285E548B100A63,2024,-0.20974614088449606,EIQ_HORSE_1635AEFD842F39E4,EIQ_HORSE_1635AEFD842F39E4,SAME_FAVOURITE,False,False,SAME_FAVOURITE
EIQ_RACE_88C7840D48EB48AC,EIQ_HORSE_DCAB8BD12D0CB0C3,2024,0.06755452181318455,EIQ_HORSE_CCDBAF1FD8830100,EIQ_HORSE_CCDBAF1FD8830100,SAME_FAVOURITE,False,False,SAME_FAVOURITE
EIQ_RACE_88CC1AF971128506,EIQ_HORSE_1C82836BE5566F75,2022,-0.07573009701412037,EIQ_HORSE_C78E77E09B418071,EIQ_HORSE_C78E77E09B418071,SAME_FAVOURITE,False,False,SAME_FAVOURITE
EIQ_RACE_88D416E9D11D9031,EIQ_HORSE_B77C177D583163C5,2021,-0.2010529850082401,EIQ_HORSE_B77C177D583163C5,EIQ_HORSE_355DE985298DA37E,CHALLENGER_CHANGED_FAVOURITE,True,False,STRICT_CORRECT_DROP_WRONG
EIQ_RACE_88E35F4E2DF4270B,EIQ_HORSE_785F0975703F9903,2023,0.05514157756097271,EIQ_HORSE_D89A96B515D4A211,EIQ_HORSE_D89A96B515D4A211,SAME_FAVOURITE,False,False,SAME_FAVOURITE
EIQ_RACE_88F1F360BDCEDE13,EIQ_HORSE_DED10F30A25F1253,2024,-0.015584185003759687,EIQ_HORSE_DED10F30A25F1253,EIQ_HORSE_DED10F30A25F1253,SAME_FAVOURITE,True,True,SAME_FAVOURITE
EIQ_RACE_88F27E43E3DA2404,EIQ_HORSE_D955D888DE4C543C,2024,-0.10555238666513889,EIQ_HORSE_D446A61A101FB38E,EIQ_HORSE_D446A61A101FB38E,SAME_FAVOURITE,False,False,SAME_FAVOURITE
EIQ_RACE_88F442A801EE017F,EIQ_HORSE_4B8E59903C6C5F16,2022,0.05374808881035342,EIQ_HORSE_E8E36DD70087CCEE,EIQ_HORSE_E8E36DD70087CCEE,SAME_FAVOURITE,False,False,SAME_FAVOURITE
EIQ_RACE_88FA1EE49D3827E1,EIQ_HORSE_9B1740203C9F5A36,2023,0.013946703482284661,EIQ_HORSE_EB06A110F7E40C82,EIQ_HORSE_EB06A110F7E40C82,SAME_FAVOURITE,False,False,SAME_FAVOURITE
EIQ_RACE_8900032E6882E8B2,EIQ_HORSE_6897F2F87F633E39,2025,-0.17905265555417982,EIQ_HORSE_1501DA239F9111C7,EIQ_HORSE_FFCDB204FF8AC090,CHALLENGER_CHANGED_FAVOURITE,False,False,BOTH_WRONG
EIQ_RACE_8908E61CC5DB8411,EIQ_HORSE_B657D8EB74592FAD,2021,0.10346694798182887,EIQ_HORSE_046626D9A93AFB40,EIQ_HORSE_046626D9A93AFB40,SAME_FAVOURITE,False,False,SAME_FAVOURITE
EIQ_RACE_89205C8344175828,EIQ_HORSE_2609C52B3AB0E52E,2025,0.12669610004368703,EIQ_HORSE_7FDDFA29F5DD214E,EIQ_HORSE_7FDDFA29F5DD214E,SAME_FAVOURITE,False,False,SAME_FAVOURITE
EIQ_RACE_892C60E8DA94535E,EIQ_HORSE_DB065250B2631F2B,2024,0.12942598169213904,EIQ_HORSE_BF113348CA1AFEBF,EIQ_HORSE_892BE0FEEC6CAF71,CHALLENGER_CHANGED_FAVOURITE,False,False,BOTH_WRONG
EIQ_RACE_89426C7F9F338D5A,EIQ_HORSE_31A01F37E442FA39,2026,-0.23507875989127136,EIQ_HORSE_3C85D6149E5C0954,EIQ_HORSE_CDBE9D70DA29AD02,CHALLENGER_CHANGED_FAVOURITE,False,False,BOTH_WRONG
EIQ_RACE_8948B19B28BF2374,EIQ_HORSE_D5CC1268EAB795FA,2025,0.10522298913719785,EIQ_HORSE_201D869F9EFADD36,EIQ_HORSE_201D869F9EFADD36,SAME_FAVOURITE,False,False,SAME_FAVOURITE
EIQ_RACE_894DB3AEED54E8DB,EIQ_HORSE_AC6B1037F29B347B,2024,0.04672941605101455,EIQ_HORSE_AE1A5BEE1CB6BD69,EIQ_HORSE_AE1A5BEE1CB6BD69,SAME_FAVOURITE,False,False,SAME_FAVOURITE
EIQ_RACE_897A92B2E6F13313,EIQ_HORSE_82C1523EB7660A16,2024,0.016074524032706705,EIQ_HORSE_EDF9A812FFF87B7B,EIQ_HORSE_25946C2AAEE95BD9,CHALLENGER_CHANGED_FAVOURITE,False,False,BOTH_WRONG
EIQ_RACE_897AB4BF40C90645,EIQ_HORSE_2907B12A845AD5B6,2022,-0.10452415304252449,EIQ_HORSE_F0A13A7A3CED4A59,EIQ_HORSE_F0A13A7A3CED4A59,SAME_FAVOURITE,False,False,SAME_FAVOURITE
EIQ_RACE_897DA740E350F8F2,EIQ_HORSE_4663AE203AC47C9E,2024,0.04498221198788288,EIQ_HORSE_1501DA239F9111C7,EIQ_HORSE_1501DA239F9111C7,SAME_FAVOURITE,False,False,SAME_FAVOURITE
EIQ_RACE_897EC5AE606E8A37,EIQ_HORSE_A1BC140AE7B477CA,2023,-0.01669531365650645,EIQ_HORSE_4C4FD22B15ADCE94,EIQ_HORSE_4C4FD22B15ADCE94,SAME_FAVOURITE,False,False,SAME_FAVOURITE
EIQ_RACE_8987E56CC5B48CFB,EIQ_HORSE_3E3095337EA55D9E,2025,0.08213837539748803,EIQ_HORSE_03C570E265303845,EIQ_HORSE_03C570E265303845,SAME_FAVOURITE,False,False,SAME_FAVOURITE
EIQ_RACE_899160F0BB4F2EEE,EIQ_HORSE_35A4D77FD07E28AA,2023,-0.002675178783533738,EIQ_HORSE_6B763EF4401C72D8,EIQ_HORSE_5408C5CC0E6DF90F,CHALLENGER_CHANGED_FAVOURITE,False,False,BOTH_WRONG
EIQ_RACE_899484CCD1EA355A,EIQ_HORSE_5A26DE1FF621C6BD,2025,0.03544241856806152,EIQ_HORSE_5A26DE1FF621C6BD,EIQ_HORSE_5A26DE1FF621C6BD,SAME_FAVOURITE,True,True,SAME_FAVOURITE
EIQ_RACE_89953AD37FFB5CD2,EIQ_HORSE_70386F2B6F9A5827,2021,0.06321686697088547,EIQ_HORSE_154CE47186D6E3C9,EIQ_HORSE_154CE47186D6E3C9,SAME_FAVOURITE,False,False,SAME_FAVOURITE
EIQ_RACE_89953FF6C6040CE6,EIQ_HORSE_75EFF5EC4B56521C,2023,-0.0334377723403354,EIQ_HORSE_3EFA4F5D9BAE216C,EIQ_HORSE_3EFA4F5D9BAE216C,SAME_FAVOURITE,False,False,SAME_FAVOURITE
EIQ_RACE_89BA07BC62D145B3,EIQ_HORSE_3148D86C49843A73,2025,0.09347357004989432,EIQ_HORSE_2CE11E2A994ECFB5,EIQ_HORSE_2CE11E2A994ECFB5,SAME_FAVOURITE,False,False,SAME_FAVOURITE
EIQ_RACE_89C38AF00BB39B24,EIQ_HORSE_B46887606956487D,2026,-0.06361961801724947,EIQ_HORSE_DE3EEBF329A5A7AB,EIQ_HORSE_DE3EEBF329A5A7AB,SAME_FAVOURITE,False,False,SAME_FAVOURITE
EIQ_RACE_89D60D08BC98EC2C,EIQ_HORSE_3C72B3D0199D23C8,2021,-0.10109867447801446,EIQ_HORSE_EA6AD254A83D6693,EIQ_HORSE_EA6AD254A83D6693,SAME_FAVOURITE,False,False,SAME_FAVOURITE
EIQ_RACE_89D8AB32597104CA,EIQ_HORSE_77004BDD5229B076,2021,0.037900693470841906,EIQ_HORSE_77004BDD5229B076,EIQ_HORSE_77004BDD5229B076,SAME_FAVOURITE,True,True,SAME_FAVOURITE
EIQ_RACE_89E17F1537B0CA07,EIQ_HORSE_9E015AB9A9ADC780,2025,-0.18178411197517752,EIQ_HORSE_0FE9717B83E1974A,EIQ_HORSE_0FE9717B83E1974A,SAME_FAVOURITE,False,False,SAME_FAVOURITE
EIQ_RACE_89EE9F6987FAB16E,EIQ_HORSE_D1D2DA91A65826AE,2021,-0.05149578016591039,EIQ_HORSE_A0A552C3CC5F67B2,EIQ_HORSE_5136FD60CAB0342E,CHALLENGER_CHANGED_FAVOURITE,False,False,BOTH_WRONG
EIQ_RACE_89FA7506F5C29882,EIQ_HORSE_87B177BDF426FE60,2024,-0.15676650807588222,EIQ_HORSE_119BB523FAA1CF36,EIQ_HORSE_119BB523FAA1CF36,SAME_FAVOURITE,False,False,SAME_FAVOURITE
EIQ_RACE_89FA75A84CF6FC6B,EIQ_HORSE_8FD1F0D2705904D6,2023,0.10370219317402052,EIQ_HORSE_48E1740908B66F80,EIQ_HORSE_48E1740908B66F80,SAME_FAVOURITE,False,False,SAME_FAVOURITE
EIQ_RACE_8A16FCE2926B2322,EIQ_HORSE_BD8B49431DAB61D5,2024,0.16136925170765615,EIQ_HORSE_D490101201C297D7,EIQ_HORSE_D490101201C297D7,SAME_FAVOURITE,False,False,SAME_FAVOURITE
EIQ_RACE_8A1804AF7AA78069,EIQ_HORSE_248B9F52C9A16DC0,2022,-0.07087447699114047,EIQ_HORSE_7F1D4B8E3F5C6039,EIQ_HORSE_7F1D4B8E3F5C6039,SAME_FAVOURITE,False,False,SAME_FAVOURITE
EIQ_RACE_8A19513FCA7FA56F,EIQ_HORSE_DB3BE724D02EDAA0,2023,-0.1573063070868641,EIQ_HORSE_E77C1B072C59CEB2,EIQ_HORSE_E77C1B072C59CEB2,SAME_FAVOURITE,False,False,SAME_FAVOURITE
EIQ_RACE_8A1ED310990718A3,EIQ_HORSE_AE5CC15C98ED0BCE,2023,0.027579695887626432,EIQ_HORSE_CAA3274E5212F2BA,EIQ_HORSE_CAA3274E5212F2BA,SAME_FAVOURITE,False,False,SAME_FAVOURITE
EIQ_RACE_8A236BCAEA7FE5DF,EIQ_HORSE_8C4A4F2E5D062211,2026,-0.3455649139437318,EIQ_HORSE_06ABB4936FCF1907,EIQ_HORSE_06ABB4936FCF1907,SAME_FAVOURITE,False,False,SAME_FAVOURITE
EIQ_RACE_8A3A024E82D98BDA,EIQ_HORSE_4415D85C988E6FB8,2023,0.04289450978492182,EIQ_HORSE_4415D85C988E6FB8,EIQ_HORSE_4415D85C988E6FB8,SAME_FAVOURITE,True,True,SAME_FAVOURITE
EIQ_RACE_8A3FC0AB066890EF,EIQ_HORSE_2360B8740B83597B,2023,-0.11016045524114837,EIQ_HORSE_5E69AACF22158939,EIQ_HORSE_5E69AACF22158939,SAME_FAVOURITE,False,False,SAME_FAVOURITE
EIQ_RACE_8A4239990DA9508D,EIQ_HORSE_B0C9F6792A5D3163,2025,0.10388314434210422,EIQ_HORSE_AFCCC50742D3B8C6,EIQ_HORSE_12507FC58512AE4C,CHALLENGER_CHANGED_FAVOURITE,False,False,BOTH_WRONG
EIQ_RACE_8A4D6B60A3630453,EIQ_HORSE_2ACC98F76C9EF147,2023,-0.0890590250033283,EIQ_HORSE_2ACC98F76C9EF147,EIQ_HORSE_4DCC223969DFC0C6,CHALLENGER_CHANGED_FAVOURITE,True,False,STRICT_CORRECT_DROP_WRONG
EIQ_RACE_8A51EBF70A40ED3B,EIQ_HORSE_8647DCE7F0335A49,2025,0.09480736296224768,EIQ_HORSE_136ECCB873426D2D,EIQ_HORSE_136ECCB873426D2D,SAME_FAVOURITE,False,False,SAME_FAVOURITE
EIQ_RACE_8A59925089B8C4C7,EIQ_HORSE_27A907C48F4A7B69,2021,0.053960193809730495,EIQ_HORSE_461FD027EE7259EB,EIQ_HORSE_461FD027EE7259EB,SAME_FAVOURITE,False,False,SAME_FAVOURITE
EIQ_RACE_8A5ADD48C72EEC97,EIQ_HORSE_4DF27F667E31A639,2022,0.17627814841239497,EIQ_HORSE_4DF27F667E31A639,EIQ_HORSE_4DF27F667E31A639,SAME_FAVOURITE,True,True,SAME_FAVOURITE
EIQ_RACE_8A5BE56E79808961,EIQ_HORSE_C1F1933D5CC3EA7B,2021,-0.1652185102526289,EIQ_HORSE_02BA4CCEADD17001,EIQ_HORSE_02BA4CCEADD17001,SAME_FAVOURITE,False,False,SAME_FAVOURITE
EIQ_RACE_8A5E9F7672E2EE1F,EIQ_HORSE_8461810DD9426DFB,2023,-0.014897137082581446,EIQ_HORSE_8461810DD9426DFB,EIQ_HORSE_8461810DD9426DFB,SAME_FAVOURITE,True,True,SAME_FAVOURITE
EIQ_RACE_8A616104B564C6CE,EIQ_HORSE_9243E9662C3B39BC,2024,-0.14342903039777255,EIQ_HORSE_9243E9662C3B39BC,EIQ_HORSE_2C9DEE9DB8C213AB,CHALLENGER_CHANGED_FAVOURITE,True,False,STRICT_CORRECT_DROP_WRONG
EIQ_RACE_8A61AA490DB6CBA0,EIQ_HORSE_93761C9CE69717E9,2023,-0.05500223624563705,EIQ_HORSE_761C26B822E58E34,EIQ_HORSE_761C26B822E58E34,SAME_FAVOURITE,False,False,SAME_FAVOURITE
EIQ_RACE_8A63550CC6E79CD8,EIQ_HORSE_B60BFE709207B527,2023,-0.07573672705147327,EIQ_HORSE_5AECABC9EC03279A,EIQ_HORSE_313B074F3BC5C75F,CHALLENGER_CHANGED_FAVOURITE,False,False,BOTH_WRONG
EIQ_RACE_8A66C6065A866013,EIQ_HORSE_5AFBE008457665E5,2023,-0.21766573998898764,EIQ_HORSE_D2B06E9D2D95D0AC,EIQ_HORSE_A62E94C3911A4523,CHALLENGER_CHANGED_FAVOURITE,False,False,BOTH_WRONG
EIQ_RACE_8A7C0873A4E1863C,EIQ_HORSE_4F4C744BB1235082,2021,-0.05538675687018202,EIQ_HORSE_2C15F2E2101D8281,EIQ_HORSE_2C15F2E2101D8281,SAME_FAVOURITE,False,False,SAME_FAVOURITE
EIQ_RACE_8A7E72A531D537B1,EIQ_HORSE_9C88D7BDC1C718D2,2023,-0.03463655484268657,EIQ_HORSE_9C88D7BDC1C718D2,EIQ_HORSE_9C88D7BDC1C718D2,SAME_FAVOURITE,True,True,SAME_FAVOURITE
EIQ_RACE_8A7F14244A38B428,EIQ_HORSE_EA88DEAAC2B38443,2025,0.011073246787172586,EIQ_HORSE_EAAE2D95DB6BE132,EIQ_HORSE_EAAE2D95DB6BE132,SAME_FAVOURITE,False,False,SAME_FAVOURITE
EIQ_RACE_8A7FBA53C4E1D9B1,EIQ_HORSE_4AD609D09D9D7133,2025,-0.026458202009431275,EIQ_HORSE_16BCB192B942762F,EIQ_HORSE_16BCB192B942762F,SAME_FAVOURITE,False,False,SAME_FAVOURITE
EIQ_RACE_8A8D815CCCCE7CD2,EIQ_HORSE_7E83CB983673B1A4,2026,-0.05157486062735028,EIQ_HORSE_2E10C738B4187115,EIQ_HORSE_2E10C738B4187115,SAME_FAVOURITE,False,False,SAME_FAVOURITE
EIQ_RACE_8A8F3E83DC6F52B9,EIQ_HORSE_6B0508B34D857697,2025,0.041997710771978225,EIQ_HORSE_6B0508B34D857697,EIQ_HORSE_6B0508B34D857697,SAME_FAVOURITE,True,True,SAME_FAVOURITE
EIQ_RACE_8AA7EA32588F3390,EIQ_HORSE_EC57E9B882F10C9D,2023,0.14189114753031395,EIQ_HORSE_743E440B24615FC8,EIQ_HORSE_EC57E9B882F10C9D,CHALLENGER_CHANGED_FAVOURITE,False,True,STRICT_WRONG_DROP_CORRECT
EIQ_RACE_8AAC78A9B17952C0,EIQ_HORSE_5CCE076206574FF8,2023,-0.07763768198522247,EIQ_HORSE_26796CF8E84377AA,EIQ_HORSE_26796CF8E84377AA,SAME_FAVOURITE,False,False,SAME_FAVOURITE
EIQ_RACE_8AAD57E2D5A2F989,EIQ_HORSE_C63A294BD65B5422,2026,0.01023210391048801,EIQ_HORSE_1D947568A2507403,EIQ_HORSE_7FF2B82AA5F2CB64,CHALLENGER_CHANGED_FAVOURITE,False,False,BOTH_WRONG
EIQ_RACE_8AB69B92E74B5B2C,EIQ_HORSE_E028E7ADD2FE6D2B,2026,0.030114798629663042,EIQ_HORSE_7FF2B82AA5F2CB64,EIQ_HORSE_7FF2B82AA5F2CB64,SAME_FAVOURITE,False,False,SAME_FAVOURITE
EIQ_RACE_8ABAA0FB45517E62,EIQ_HORSE_A93CDE264EEA90C4,2026,-0.04102197886225145,EIQ_HORSE_29C9BDFA0CABC6F5,EIQ_HORSE_29C9BDFA0CABC6F5,SAME_FAVOURITE,False,False,SAME_FAVOURITE
EIQ_RACE_8ACAAECA8D978E4D,EIQ_HORSE_42F2E174076198E5,2026,-0.13466262441712473,EIQ_HORSE_0A64BD817FC5E3D9,EIQ_HORSE_0A64BD817FC5E3D9,SAME_FAVOURITE,False,False,SAME_FAVOURITE
EIQ_RACE_8ACF7BC26AAE6AE7,EIQ_HORSE_C21CEF885C3CF36C,2021,-0.007708466502901246,EIQ_HORSE_023787CEF9535E9E,EIQ_HORSE_023787CEF9535E9E,SAME_FAVOURITE,False,False,SAME_FAVOURITE
EIQ_RACE_8ACFDC96330AFE1D,EIQ_HORSE_4D0209ED4B5C99AC,2023,-0.18022714510528104,EIQ_HORSE_03E95AAD8482A418,EIQ_HORSE_03E95AAD8482A418,SAME_FAVOURITE,False,False,SAME_FAVOURITE
EIQ_RACE_8AD5BF4D023DB2FE,EIQ_HORSE_58329506F11584E3,2026,0.09656254620473281,EIQ_HORSE_D8A49DE87C7FC79B,EIQ_HORSE_58329506F11584E3,CHALLENGER_CHANGED_FAVOURITE,False,True,STRICT_WRONG_DROP_CORRECT
EIQ_RACE_8ADCF331E4739693,EIQ_HORSE_D04B1D0BD9CA925D,2024,-0.16356514841395597,EIQ_HORSE_C1AE02DD2F240F3A,EIQ_HORSE_C1AE02DD2F240F3A,SAME_FAVOURITE,False,False,SAME_FAVOURITE
EIQ_RACE_8AE1AF953F86D5E6,EIQ_HORSE_023C17C5FD53673A,2025,0.0733054257718393,EIQ_HORSE_15C05D8BF1EEF3E3,EIQ_HORSE_023C17C5FD53673A,CHALLENGER_CHANGED_FAVOURITE,False,True,STRICT_WRONG_DROP_CORRECT
EIQ_RACE_8AEF0B8357F9A1E5,EIQ_HORSE_59024D7B2D65240C,2025,-0.0648390952110387,EIQ_HORSE_364E84FEF58BD93A,EIQ_HORSE_364E84FEF58BD93A,SAME_FAVOURITE,False,False,SAME_FAVOURITE
EIQ_RACE_8AFEE97E70343039,EIQ_HORSE_7D1E3F27FF9CB59F,2025,-0.09667834370516637,EIQ_HORSE_2AFF5E7CFFD492F5,EIQ_HORSE_2AFF5E7CFFD492F5,SAME_FAVOURITE,False,False,SAME_FAVOURITE
EIQ_RACE_8B005D446E7BD04E,EIQ_HORSE_B8352260922AB268,2025,0.04222975231114212,EIQ_HORSE_B8352260922AB268,EIQ_HORSE_B8352260922AB268,SAME_FAVOURITE,True,True,SAME_FAVOURITE
EIQ_RACE_8B01A474F043AE9D,EIQ_HORSE_DE76B21A8FE72654,2024,0.1353612873339427,EIQ_HORSE_E658551D18619657,EIQ_HORSE_DE76B21A8FE72654,CHALLENGER_CHANGED_FAVOURITE,False,True,STRICT_WRONG_DROP_CORRECT
EIQ_RACE_8B0DA06627577510,EIQ_HORSE_FAD534BF2D2AD052,2024,-0.22098457515758874,EIQ_HORSE_95333E4C5D1E64C2,EIQ_HORSE_95333E4C5D1E64C2,SAME_FAVOURITE,False,False,SAME_FAVOURITE
EIQ_RACE_8B1A9E4450D66FE5,EIQ_HORSE_3542132063E1745B,2023,0.048182964650994586,EIQ_HORSE_2038EE82D07D40B8,EIQ_HORSE_3542132063E1745B,CHALLENGER_CHANGED_FAVOURITE,False,True,STRICT_WRONG_DROP_CORRECT
EIQ_RACE_8B26F94D555EAB11,EIQ_HORSE_465AD9E83B4D0311,2025,0.031291443314450884,EIQ_HORSE_0E8805B54F16F8D9,EIQ_HORSE_0E8805B54F16F8D9,SAME_FAVOURITE,False,False,SAME_FAVOURITE
EIQ_RACE_8B273DB34A3E2A99,EIQ_HORSE_14467FE966A8DEEA,2021,0.04463540680445233,EIQ_HORSE_91302D00E30556FB,EIQ_HORSE_91302D00E30556FB,SAME_FAVOURITE,False,False,SAME_FAVOURITE
EIQ_RACE_8B2A66598EE6FFFD,EIQ_HORSE_124142A07238FDD5,2025,-0.15069271855414712,EIQ_HORSE_2FC67928C5BDCCDD,EIQ_HORSE_2FC67928C5BDCCDD,SAME_FAVOURITE,False,False,SAME_FAVOURITE
EIQ_RACE_8B33493ED661FBDD,EIQ_HORSE_B087910A1B3B4C4C,2023,0.09642063515812782,EIQ_HORSE_211428430E965C83,EIQ_HORSE_31FE22063B22FD62,CHALLENGER_CHANGED_FAVOURITE,False,False,BOTH_WRONG
EIQ_RACE_8B4F33B312D72CB2,EIQ_HORSE_725AF160EBCB0060,2025,0.057955864564362525,EIQ_HORSE_E8D9E693CD03E3A0,EIQ_HORSE_E8D9E693CD03E3A0,SAME_FAVOURITE,False,False,SAME_FAVOURITE
EIQ_RACE_8B597A54D2DFE6B6,EIQ_HORSE_782B31203DF6AD3A,2022,-0.10632696525170582,EIQ_HORSE_8F6CF812965FDE55,EIQ_HORSE_8F6CF812965FDE55,SAME_FAVOURITE,False,False,SAME_FAVOURITE
EIQ_RACE_8B5EEAD33E588F82,EIQ_HORSE_ECD90F746F7E3BBD,2023,-0.025985873929229353,EIQ_HORSE_9EAB39A0465137AD,EIQ_HORSE_68B199BC8C76CB7F,CHALLENGER_CHANGED_FAVOURITE,False,False,BOTH_WRONG
EIQ_RACE_8B60DD9F80952C0E,EIQ_HORSE_8FE20C0F111FE10F,2023,0.045431974521879415,EIQ_HORSE_8FE20C0F111FE10F,EIQ_HORSE_8FE20C0F111FE10F,SAME_FAVOURITE,True,True,SAME_FAVOURITE
EIQ_RACE_8B672BD678C55AB3,EIQ_HORSE_F746343D7BE59BE7,2024,0.0869375488277333,EIQ_HORSE_0A7EB7F819A2C834,EIQ_HORSE_508D4E056826FF3F,CHALLENGER_CHANGED_FAVOURITE,False,False,BOTH_WRONG
EIQ_RACE_8B769CE8CBA9805D,EIQ_HORSE_79C7895EE7B6B277,2022,-0.07957639061248756,EIQ_HORSE_426F1CA907A281F0,EIQ_HORSE_426F1CA907A281F0,SAME_FAVOURITE,False,False,SAME_FAVOURITE
EIQ_RACE_8B7B8BF547779878,EIQ_HORSE_046626D9A93AFB40,2021,-0.03791079964886501,EIQ_HORSE_CA2A8FAC1355A315,EIQ_HORSE_CA2A8FAC1355A315,SAME_FAVOURITE,False,False,SAME_FAVOURITE
EIQ_RACE_8B7E7CD4C5E32E9B,EIQ_HORSE_7AE8294A89B6CD79,2022,0.031128166919707656,EIQ_HORSE_9281AC828DE70DF3,EIQ_HORSE_9281AC828DE70DF3,SAME_FAVOURITE,False,False,SAME_FAVOURITE
EIQ_RACE_8BB38CA170F3C292,EIQ_HORSE_E19CA430EFA7FF73,2026,0.18142884325793185,EIQ_HORSE_4511851873AE87CA,EIQ_HORSE_4511851873AE87CA,SAME_FAVOURITE,False,False,SAME_FAVOURITE
EIQ_RACE_8BD20F556AE86277,EIQ_HORSE_CC1F59604823E85F,2025,-0.13028120690518863,EIQ_HORSE_33428E450F95C2C1,EIQ_HORSE_33428E450F95C2C1,SAME_FAVOURITE,False,False,SAME_FAVOURITE
EIQ_RACE_8BE67CC3FDA81B44,EIQ_HORSE_3FE777DA56D253C4,2025,-0.1494511254169426,EIQ_HORSE_3FE777DA56D253C4,EIQ_HORSE_AB49FD743157AC39,CHALLENGER_CHANGED_FAVOURITE,True,False,STRICT_CORRECT_DROP_WRONG
EIQ_RACE_8BF79C6B72CCE560,EIQ_HORSE_B4D0D3BA79043B9F,2021,0.044406067536841176,EIQ_HORSE_B4D0D3BA79043B9F,EIQ_HORSE_B4D0D3BA79043B9F,SAME_FAVOURITE,True,True,SAME_FAVOURITE
EIQ_RACE_8C027652DC082FF0,EIQ_HORSE_12B6587FD7985460,2023,0.1510052014463743,EIQ_HORSE_2D9848E452483C33,EIQ_HORSE_2D9848E452483C33,SAME_FAVOURITE,False,False,SAME_FAVOURITE
EIQ_RACE_8C143A149892BA5C,EIQ_HORSE_848AF261ACE2C614,2025,0.05218374206913623,EIQ_HORSE_1249211D07E26C85,EIQ_HORSE_1249211D07E26C85,SAME_FAVOURITE,False,False,SAME_FAVOURITE
EIQ_RACE_8C22CCBEAE2556B0,EIQ_HORSE_8864EBAC4587705F,2021,-0.00892225296161242,EIQ_HORSE_1FA168D25C153263,EIQ_HORSE_1FA168D25C153263,SAME_FAVOURITE,False,False,SAME_FAVOURITE
EIQ_RACE_8C364F0E525B142C,EIQ_HORSE_BD62858BAEBDBE80,2025,-0.00904717200455396,EIQ_HORSE_7BF2C8BC4EF76349,EIQ_HORSE_7BF2C8BC4EF76349,SAME_FAVOURITE,False,False,SAME_FAVOURITE
EIQ_RACE_8C5146728F36596F,EIQ_HORSE_B9E41CEECD0E75E9,2025,-0.006252733290271761,EIQ_HORSE_FF0286901EC6FE09,EIQ_HORSE_FF0286901EC6FE09,SAME_FAVOURITE,False,False,SAME_FAVOURITE
EIQ_RACE_8C52BB0D1600B7CF,EIQ_HORSE_94102ECF0801EBFB,2023,-0.008783436466216488,EIQ_HORSE_94102ECF0801EBFB,EIQ_HORSE_94102ECF0801EBFB,SAME_FAVOURITE,True,True,SAME_FAVOURITE
EIQ_RACE_8C55E2B2E77B3EE8,EIQ_HORSE_F5D39C09C48700A7,2023,-0.004136093383130479,EIQ_HORSE_F5D39C09C48700A7,EIQ_HORSE_F5D39C09C48700A7,SAME_FAVOURITE,True,True,SAME_FAVOURITE
EIQ_RACE_8C5F8990B049B2E8,EIQ_HORSE_CE5F1310DDE79F72,2023,-0.09531847900824642,EIQ_HORSE_41A85FBAB9236EE6,EIQ_HORSE_41A85FBAB9236EE6,SAME_FAVOURITE,False,False,SAME_FAVOURITE
EIQ_RACE_8C68B442F22D9F28,EIQ_HORSE_CC37DAF96A2CD2CF,2021,-0.12600663174357463,EIQ_HORSE_813718D72ECCAA95,EIQ_HORSE_813718D72ECCAA95,SAME_FAVOURITE,False,False,SAME_FAVOURITE
EIQ_RACE_8C6FCAA9C9CBD2FF,EIQ_HORSE_65B5F449C4CC7C4C,2023,0.027316809678047393,EIQ_HORSE_65B5F449C4CC7C4C,EIQ_HORSE_65B5F449C4CC7C4C,SAME_FAVOURITE,True,True,SAME_FAVOURITE
EIQ_RACE_8C82EBF32544E327,EIQ_HORSE_57210648F0011269,2024,0.08100430747856313,EIQ_HORSE_0FF8EDC711560C89,EIQ_HORSE_0FF8EDC711560C89,SAME_FAVOURITE,False,False,SAME_FAVOURITE
EIQ_RACE_8C89E311AF664BD9,EIQ_HORSE_1B43E60A1830F231,2023,0.002900267876955187,EIQ_HORSE_FA71F9367F861EC6,EIQ_HORSE_FA71F9367F861EC6,SAME_FAVOURITE,False,False,SAME_FAVOURITE
EIQ_RACE_8C8E739E26724185,EIQ_HORSE_8258119A9E58DDF7,2025,0.12713686926848888,EIQ_HORSE_8258119A9E58DDF7,EIQ_HORSE_8258119A9E58DDF7,SAME_FAVOURITE,True,True,SAME_FAVOURITE
EIQ_RACE_8CA5301D7C626F9C,EIQ_HORSE_8C702CE4F697CBAF,2025,0.02453739949435274,EIQ_HORSE_42A9F07A61577BC7,EIQ_HORSE_665B306C195F8356,CHALLENGER_CHANGED_FAVOURITE,False,False,BOTH_WRONG
EIQ_RACE_8CBD6D49D8AB79B8,EIQ_HORSE_48D397EF93CDE503,2024,-0.058973167849760255,EIQ_HORSE_B42A77684DC231EE,EIQ_HORSE_B42A77684DC231EE,SAME_FAVOURITE,False,False,SAME_FAVOURITE
EIQ_RACE_8CBE9E919DB98E35,EIQ_HORSE_428F60F6BAF0A56D,2023,0.08316563590579706,EIQ_HORSE_4FE0DF13DC4ABEA5,EIQ_HORSE_4FE0DF13DC4ABEA5,SAME_FAVOURITE,False,False,SAME_FAVOURITE
EIQ_RACE_8CBF772E36068962,EIQ_HORSE_AADD711493665759,2025,-0.018072434172537122,EIQ_HORSE_991746FE02C09D09,EIQ_HORSE_991746FE02C09D09,SAME_FAVOURITE,False,False,SAME_FAVOURITE
EIQ_RACE_8CC10EB8040664B9,EIQ_HORSE_EC3F837B6574FA3D,2023,-0.07220202976719214,EIQ_HORSE_4415D85C988E6FB8,EIQ_HORSE_52253BF601EAD9DE,CHALLENGER_CHANGED_FAVOURITE,False,False,BOTH_WRONG
EIQ_RACE_8CC41F7F4B019BDC,EIQ_HORSE_B8536C2702BE1DEE,2021,0.2172537872397875,EIQ_HORSE_F7E004E32FFCCE68,EIQ_HORSE_F7E004E32FFCCE68,SAME_FAVOURITE,False,False,SAME_FAVOURITE
EIQ_RACE_8CCAA6A90D681904,EIQ_HORSE_59319ECA3139E52D,2023,0.06401293359018578,EIQ_HORSE_BE95B10C1424755B,EIQ_HORSE_BE95B10C1424755B,SAME_FAVOURITE,False,False,SAME_FAVOURITE
EIQ_RACE_8CD7EE534194DB8C,EIQ_HORSE_F0B46E223D323253,2024,-0.02452650932776379,EIQ_HORSE_55AC415EB7E4FCB5,EIQ_HORSE_55AC415EB7E4FCB5,SAME_FAVOURITE,False,False,SAME_FAVOURITE
EIQ_RACE_8CE87F2C5850970D,EIQ_HORSE_DA70A5DAE2D2EED1,2023,0.013020245000330055,EIQ_HORSE_DA70A5DAE2D2EED1,EIQ_HORSE_DA70A5DAE2D2EED1,SAME_FAVOURITE,True,True,SAME_FAVOURITE
EIQ_RACE_8CE935AC046B01F4,EIQ_HORSE_DE76B21A8FE72654,2024,-0.03017380930782121,EIQ_HORSE_DE76B21A8FE72654,EIQ_HORSE_DE76B21A8FE72654,SAME_FAVOURITE,True,True,SAME_FAVOURITE
EIQ_RACE_8CF15415AEB9AE60,EIQ_HORSE_05F27BA34AF94B80,2025,-0.07444548433361775,EIQ_HORSE_97C691E9E23D4006,EIQ_HORSE_97C691E9E23D4006,SAME_FAVOURITE,False,False,SAME_FAVOURITE
EIQ_RACE_8CF420374FE6BA98,EIQ_HORSE_7689193753E000C2,2025,-0.07107886348612968,EIQ_HORSE_32F1135670396BE7,EIQ_HORSE_FF4F02E4D58B64E0,CHALLENGER_CHANGED_FAVOURITE,False,False,BOTH_WRONG
EIQ_RACE_8CF48B24EAEB5744,EIQ_HORSE_2E46C76F6BBCD6B0,2023,0.019539618611255083,EIQ_HORSE_2E46C76F6BBCD6B0,EIQ_HORSE_2E46C76F6BBCD6B0,SAME_FAVOURITE,True,True,SAME_FAVOURITE
EIQ_RACE_8CFE03DC5BF5A54A,EIQ_HORSE_CBB5862A2BE71236,2022,0.02966004640335318,EIQ_HORSE_CBB5862A2BE71236,EIQ_HORSE_CBB5862A2BE71236,SAME_FAVOURITE,True,True,SAME_FAVOURITE
EIQ_RACE_8D00F541394AAFCB,EIQ_HORSE_614B70AEB5304B92,2021,-0.020521554182867385,EIQ_HORSE_614B70AEB5304B92,EIQ_HORSE_614B70AEB5304B92,SAME_FAVOURITE,True,True,SAME_FAVOURITE
EIQ_RACE_8D0764B4D26B0603,EIQ_HORSE_F91817B0E703F632,2021,0.13193664944705596,EIQ_HORSE_74E1A0EA3E52A9CC,EIQ_HORSE_74E1A0EA3E52A9CC,SAME_FAVOURITE,False,False,SAME_FAVOURITE
EIQ_RACE_8D0C03F1C94CC29C,EIQ_HORSE_78DDB23B3509F672,2023,-0.050015961897476036,EIQ_HORSE_EB8718C06766D8CD,EIQ_HORSE_7F3DFD7E6350CFE8,CHALLENGER_CHANGED_FAVOURITE,False,False,BOTH_WRONG
EIQ_RACE_8D1DA37F80D5983A,EIQ_HORSE_619BB7A8F44C7842,2025,-0.09134470737280287,EIQ_HORSE_619BB7A8F44C7842,EIQ_HORSE_619BB7A8F44C7842,SAME_FAVOURITE,True,True,SAME_FAVOURITE
EIQ_RACE_8D2CCE1B889145D8,EIQ_HORSE_B97BF6E2352135C4,2022,0.12656011033228687,EIQ_HORSE_2F1DE66E1B776108,EIQ_HORSE_B97BF6E2352135C4,CHALLENGER_CHANGED_FAVOURITE,False,True,STRICT_WRONG_DROP_CORRECT
EIQ_RACE_8D38D19A42868CCC,EIQ_HORSE_A4A29105CFDB0A32,2024,0.019141129348468233,EIQ_HORSE_CFF0DCF8BD832EB1,EIQ_HORSE_CFF0DCF8BD832EB1,SAME_FAVOURITE,False,False,SAME_FAVOURITE
EIQ_RACE_8D3DAB45FC3AB2FF,EIQ_HORSE_EC63BF127BDA02CF,2022,-0.10627921951183761,EIQ_HORSE_EC63BF127BDA02CF,EIQ_HORSE_EC63BF127BDA02CF,SAME_FAVOURITE,True,True,SAME_FAVOURITE
EIQ_RACE_8D49372AD39D7BF7,EIQ_HORSE_2FDC2604515766AE,2023,0.13298201426863976,EIQ_HORSE_3C6CEB910B8D9199,EIQ_HORSE_3C6CEB910B8D9199,SAME_FAVOURITE,False,False,SAME_FAVOURITE
EIQ_RACE_8D5BF5C863DC7549,EIQ_HORSE_26DE4C78B8F560CF,2024,-0.08474577092797708,EIQ_HORSE_26DE4C78B8F560CF,EIQ_HORSE_26DE4C78B8F560CF,SAME_FAVOURITE,True,True,SAME_FAVOURITE
EIQ_RACE_8D6072D14B1FCCB4,EIQ_HORSE_F7A5F21C16ED65E9,2021,0.137655911940068,EIQ_HORSE_899E212231EEE5C7,EIQ_HORSE_899E212231EEE5C7,SAME_FAVOURITE,False,False,SAME_FAVOURITE
EIQ_RACE_8D64FC00ED1E5810,EIQ_HORSE_876FCFB7C010C464,2021,0.09179826413322267,EIQ_HORSE_739F828C674A8B21,EIQ_HORSE_739F828C674A8B21,SAME_FAVOURITE,False,False,SAME_FAVOURITE
EIQ_RACE_8D827EF4B7064157,EIQ_HORSE_995A050132FA84BD,2026,0.15767563008656893,EIQ_HORSE_A7E8C5B8EEB4C1D1,EIQ_HORSE_81953F8C84194FF1,CHALLENGER_CHANGED_FAVOURITE,False,False,BOTH_WRONG
EIQ_RACE_8D9721D40B6D9619,EIQ_HORSE_21F88D54DEF140CC,2026,-0.0837537224724838,EIQ_HORSE_BA168CCCC33F1BEF,EIQ_HORSE_BA168CCCC33F1BEF,SAME_FAVOURITE,False,False,SAME_FAVOURITE
EIQ_RACE_8DA22953E573381F,EIQ_HORSE_2A6E87DED058146D,2021,-0.00975707619757138,EIQ_HORSE_2A6E87DED058146D,EIQ_HORSE_2A6E87DED058146D,SAME_FAVOURITE,True,True,SAME_FAVOURITE
EIQ_RACE_8DA71DA905D92B65,EIQ_HORSE_DD5ADB43C77B58A0,2026,0.13683017173295386,EIQ_HORSE_5D07C5CBB6FDEFC3,EIQ_HORSE_5D07C5CBB6FDEFC3,SAME_FAVOURITE,False,False,SAME_FAVOURITE
EIQ_RACE_8DBF3BF07B360685,EIQ_HORSE_7ED0A58889469DC3,2023,0.13354521669750263,EIQ_HORSE_BE3B31004C14A6DB,EIQ_HORSE_BE3B31004C14A6DB,SAME_FAVOURITE,False,False,SAME_FAVOURITE
EIQ_RACE_8DC421EA24FBA2FB,EIQ_HORSE_73A7AC016E70F277,2021,-0.09183971790190348,EIQ_HORSE_73A7AC016E70F277,EIQ_HORSE_73A7AC016E70F277,SAME_FAVOURITE,True,True,SAME_FAVOURITE
EIQ_RACE_8DD8809A364990A2,EIQ_HORSE_50F1D67A36887FC1,2021,0.11337762224279402,EIQ_HORSE_F547EA32B7B874CD,EIQ_HORSE_F547EA32B7B874CD,SAME_FAVOURITE,False,False,SAME_FAVOURITE
EIQ_RACE_8DDC342DEE9EBE6E,EIQ_HORSE_791166D0C67D7649,2024,-0.054498537495510146,EIQ_HORSE_791166D0C67D7649,EIQ_HORSE_791166D0C67D7649,SAME_FAVOURITE,True,True,SAME_FAVOURITE
EIQ_RACE_8DDC6FDB8113A2B1,EIQ_HORSE_E08A5EA9C45C1C04,2025,0.1568021330763747,EIQ_HORSE_CC7EC049ED0CE76E,EIQ_HORSE_CC7EC049ED0CE76E,SAME_FAVOURITE,False,False,SAME_FAVOURITE
EIQ_RACE_8DDE929C1732695B,EIQ_HORSE_F8F4E546EF8C505D,2021,-0.01801007429737078,EIQ_HORSE_73E77AAFC7A8C635,EIQ_HORSE_73E77AAFC7A8C635,SAME_FAVOURITE,False,False,SAME_FAVOURITE
EIQ_RACE_8DED0F408A8393D8,EIQ_HORSE_3A27DE681E90A7DF,2021,-0.13864065066543763,EIQ_HORSE_3A27DE681E90A7DF,EIQ_HORSE_3A27DE681E90A7DF,SAME_FAVOURITE,True,True,SAME_FAVOURITE
EIQ_RACE_8DF2B1F69E47C9A4,EIQ_HORSE_7602538366112F64,2023,0.14708270738494833,EIQ_HORSE_7602538366112F64,EIQ_HORSE_7602538366112F64,SAME_FAVOURITE,True,True,SAME_FAVOURITE
EIQ_RACE_8E01ACC88FEFEA90,EIQ_HORSE_1B1310C2E8B86964,2025,0.04092024480846179,EIQ_HORSE_9D28B491ACD1DE0C,EIQ_HORSE_9D28B491ACD1DE0C,SAME_FAVOURITE,False,False,SAME_FAVOURITE
EIQ_RACE_8E0B63545D15ACFA,EIQ_HORSE_9E90C4B8E1B7D425,2023,0.11115564465827799,EIQ_HORSE_17C2654AF9D02117,EIQ_HORSE_17C2654AF9D02117,SAME_FAVOURITE,False,False,SAME_FAVOURITE
EIQ_RACE_8E169B3D3179AC71,EIQ_HORSE_F646F66A29782CD0,2024,0.16321557917166896,EIQ_HORSE_7CA1A33E5F11473B,EIQ_HORSE_F646F66A29782CD0,CHALLENGER_CHANGED_FAVOURITE,False,True,STRICT_WRONG_DROP_CORRECT
EIQ_RACE_8E4377E172325888,EIQ_HORSE_68444ACA85C1203D,2026,-0.011401096092810814,EIQ_HORSE_68444ACA85C1203D,EIQ_HORSE_68444ACA85C1203D,SAME_FAVOURITE,True,True,SAME_FAVOURITE
EIQ_RACE_8E56E1E1B64A1D94,EIQ_HORSE_DA2087222F0A15CC,2023,0.023605382120325924,EIQ_HORSE_EAE485B38ED802C8,EIQ_HORSE_EAE485B38ED802C8,SAME_FAVOURITE,False,False,SAME_FAVOURITE
EIQ_RACE_8E8D66D42F1EBD0C,EIQ_HORSE_BC9BDC895F934E03,2026,0.18187338396955388,EIQ_HORSE_00DBDA68521A83BA,EIQ_HORSE_00DBDA68521A83BA,SAME_FAVOURITE,False,False,SAME_FAVOURITE
EIQ_RACE_8EB255FB9CA2A5CD,EIQ_HORSE_D1D0005A7A12CDC6,2024,-0.03570827545740407,EIQ_HORSE_8BCEDC25B91DE03A,EIQ_HORSE_8BCEDC25B91DE03A,SAME_FAVOURITE,False,False,SAME_FAVOURITE
EIQ_RACE_8EDA5127DE78B490,EIQ_HORSE_7A8242FE93FD390D,2023,-0.16112305920502346,EIQ_HORSE_7A8242FE93FD390D,EIQ_HORSE_7A8242FE93FD390D,SAME_FAVOURITE,True,True,SAME_FAVOURITE
EIQ_RACE_8EDDB736A43BD90B,EIQ_HORSE_9AFF406F1751C48F,2025,0.07398831696551245,EIQ_HORSE_DFE9697E47C51657,EIQ_HORSE_DFE9697E47C51657,SAME_FAVOURITE,False,False,SAME_FAVOURITE
EIQ_RACE_8EE50418871467C5,EIQ_HORSE_49B4350F4DD065D0,2022,0.03434319427922494,EIQ_HORSE_FC6A023E7FBB50FE,EIQ_HORSE_FC6A023E7FBB50FE,SAME_FAVOURITE,False,False,SAME_FAVOURITE
EIQ_RACE_8EEC435BA867405D,EIQ_HORSE_C74C71C8EB9C7584,2025,-0.15592299932451126,EIQ_HORSE_C74C71C8EB9C7584,EIQ_HORSE_C74C71C8EB9C7584,SAME_FAVOURITE,True,True,SAME_FAVOURITE
EIQ_RACE_8EEFEBF4D2CD261C,EIQ_HORSE_27A4FA532C58ABBE,2024,-0.022933135986983322,EIQ_HORSE_9D172E3C8A3D3943,EIQ_HORSE_BE27E81BE43466C7,CHALLENGER_CHANGED_FAVOURITE,False,False,BOTH_WRONG
EIQ_RACE_8EF1EA7DE748BC53,EIQ_HORSE_237D0562125A7F65,2021,-0.14869153071219943,EIQ_HORSE_45FEB1C9892D4358,EIQ_HORSE_608A7745ECF7303A,CHALLENGER_CHANGED_FAVOURITE,False,False,BOTH_WRONG
EIQ_RACE_8EF5EE536A71F67B,EIQ_HORSE_5FD11C810F21D657,2024,-0.04536162947484179,EIQ_HORSE_4C36FC0265430A10,EIQ_HORSE_4C36FC0265430A10,SAME_FAVOURITE,False,False,SAME_FAVOURITE
EIQ_RACE_8F02FEE7DC856106,EIQ_HORSE_46E6F57EB7591B1C,2025,-0.04594155669825617,EIQ_HORSE_46E6F57EB7591B1C,EIQ_HORSE_46E6F57EB7591B1C,SAME_FAVOURITE,True,True,SAME_FAVOURITE
EIQ_RACE_8F163A9A88677EEE,EIQ_HORSE_CCA2B2A57BA3FD18,2025,-0.24394503439145487,EIQ_HORSE_B5A7E6C01D849DA9,EIQ_HORSE_B5A7E6C01D849DA9,SAME_FAVOURITE,False,False,SAME_FAVOURITE
EIQ_RACE_8F186ABC9B018970,EIQ_HORSE_51806F08E45CF443,2026,-0.10618177575486354,EIQ_HORSE_C90DC131C754EADE,EIQ_HORSE_C90DC131C754EADE,SAME_FAVOURITE,False,False,SAME_FAVOURITE
EIQ_RACE_8F194EC47BE53D66,EIQ_HORSE_002601414DE35FC8,2023,0.016566052581649338,EIQ_HORSE_7321694BDD8A24C3,EIQ_HORSE_7321694BDD8A24C3,SAME_FAVOURITE,False,False,SAME_FAVOURITE
EIQ_RACE_8F1F9B8C63CDED59,EIQ_HORSE_939DBD29FB8CF28E,2023,-0.19807730353449582,EIQ_HORSE_939DBD29FB8CF28E,EIQ_HORSE_418863228930A11F,CHALLENGER_CHANGED_FAVOURITE,True,False,STRICT_CORRECT_DROP_WRONG
EIQ_RACE_8F2A7F8F8E61711B,EIQ_HORSE_B51FA2B38B83F04F,2021,-0.06231380128499442,EIQ_HORSE_B51FA2B38B83F04F,EIQ_HORSE_B51FA2B38B83F04F,SAME_FAVOURITE,True,True,SAME_FAVOURITE
EIQ_RACE_8F2F9ECDEADDBD0E,EIQ_HORSE_A27534756EBC9B3E,2023,0.2370823794671595,EIQ_HORSE_1FCBB01561AF96DB,EIQ_HORSE_1FCBB01561AF96DB,SAME_FAVOURITE,False,False,SAME_FAVOURITE
EIQ_RACE_8F31499D20018A37,EIQ_HORSE_2481333E69237D2C,2023,0.1830973877326263,EIQ_HORSE_BAC1FDA317CA5101,EIQ_HORSE_BAC1FDA317CA5101,SAME_FAVOURITE,False,False,SAME_FAVOURITE
EIQ_RACE_8F345D0586202AF1,EIQ_HORSE_9BE69D11145CA1AD,2023,0.04976944360103275,EIQ_HORSE_5C512CF945150792,EIQ_HORSE_5C512CF945150792,SAME_FAVOURITE,False,False,SAME_FAVOURITE
EIQ_RACE_8F3E4B9273EBCA39,EIQ_HORSE_F0731D5BC8D2451E,2025,-0.05375582453430394,EIQ_HORSE_6FAC752E239A6F82,EIQ_HORSE_48834F1C2241E334,CHALLENGER_CHANGED_FAVOURITE,False,False,BOTH_WRONG
EIQ_RACE_8F42EEC81B25B63B,EIQ_HORSE_6C0BB08BEF7BCCB9,2026,-0.00198664078603894,EIQ_HORSE_7FCB84E4C8675A2B,EIQ_HORSE_7FCB84E4C8675A2B,SAME_FAVOURITE,False,False,SAME_FAVOURITE
EIQ_RACE_8F439A47FC5B563C,EIQ_HORSE_DF7D9BD6ABECA259,2024,0.032692994589307744,EIQ_HORSE_C86C9B983FF3438E,EIQ_HORSE_C86C9B983FF3438E,SAME_FAVOURITE,False,False,SAME_FAVOURITE
EIQ_RACE_8F6902323172C245,EIQ_HORSE_FE631AD1C72BC5C2,2026,0.025029294943759606,EIQ_HORSE_950ED15A21055102,EIQ_HORSE_747C7A77B4EEC879,CHALLENGER_CHANGED_FAVOURITE,False,False,BOTH_WRONG
EIQ_RACE_8F6C20852B93591C,EIQ_HORSE_6E474D2FA2FDBE69,2026,-0.002666236969381064,EIQ_HORSE_15A40E9840B6A07E,EIQ_HORSE_15A40E9840B6A07E,SAME_FAVOURITE,False,False,SAME_FAVOURITE
EIQ_RACE_8F71827AAA277E60,EIQ_HORSE_6E3A3ABD12F88059,2025,0.008633646640740622,EIQ_HORSE_2635174D21CE54C9,EIQ_HORSE_2635174D21CE54C9,SAME_FAVOURITE,False,False,SAME_FAVOURITE
EIQ_RACE_8F7EF72B7035DD0B,EIQ_HORSE_A819165E5AC88B3E,2021,-0.07072779592772038,EIQ_HORSE_2940C1674096CAE2,EIQ_HORSE_2940C1674096CAE2,SAME_FAVOURITE,False,False,SAME_FAVOURITE
EIQ_RACE_8F916B3F974378EB,EIQ_HORSE_3BDB8DEF33D81E23,2024,0.11683372832813244,EIQ_HORSE_3BDB8DEF33D81E23,EIQ_HORSE_3BDB8DEF33D81E23,SAME_FAVOURITE,True,True,SAME_FAVOURITE
EIQ_RACE_8F9BBDF56F3F0FCB,EIQ_HORSE_5842A6E0D565A7DD,2021,0.10190824801079201,EIQ_HORSE_5842A6E0D565A7DD,EIQ_HORSE_5842A6E0D565A7DD,SAME_FAVOURITE,True,True,SAME_FAVOURITE
EIQ_RACE_8FA593A205186E4D,EIQ_HORSE_6D1E635DF4C7C20C,2025,0.13064200246692925,EIQ_HORSE_770E22B01AA694E3,EIQ_HORSE_770E22B01AA694E3,SAME_FAVOURITE,False,False,SAME_FAVOURITE
EIQ_RACE_8FA7497D0A6C2C2A,EIQ_HORSE_D8CACA3DFEC5F457,2021,-0.20744424904372183,EIQ_HORSE_BC8FD00F7226F73C,EIQ_HORSE_BC8FD00F7226F73C,SAME_FAVOURITE,False,False,SAME_FAVOURITE
EIQ_RACE_8FBB5E666CBF22B4,EIQ_HORSE_641DF3B94F91644E,2024,0.24276001113191614,EIQ_HORSE_22171B9B509A01CE,EIQ_HORSE_641DF3B94F91644E,CHALLENGER_CHANGED_FAVOURITE,False,True,STRICT_WRONG_DROP_CORRECT
EIQ_RACE_8FC2677749CD71B3,EIQ_HORSE_C2940303A1585009,2024,0.09338131040978448,EIQ_HORSE_6D9AD072119B5C16,EIQ_HORSE_6D9AD072119B5C16,SAME_FAVOURITE,False,False,SAME_FAVOURITE
EIQ_RACE_8FC723C8EAD20186,EIQ_HORSE_AAA8264B0FC87218,2025,0.051336990087860856,EIQ_HORSE_AAA8264B0FC87218,EIQ_HORSE_AAA8264B0FC87218,SAME_FAVOURITE,True,True,SAME_FAVOURITE
EIQ_RACE_8FD59F7525DCCAB1,EIQ_HORSE_F2B60D323F19D240,2022,-0.1282788408845128,EIQ_HORSE_39B4185927F25632,EIQ_HORSE_39B4185927F25632,SAME_FAVOURITE,False,False,SAME_FAVOURITE
EIQ_RACE_8FE26AB583417F8C,EIQ_HORSE_46C7074F293ACAFB,2024,0.038838767655162476,EIQ_HORSE_B6B7DEB7C964EFF4,EIQ_HORSE_B6B7DEB7C964EFF4,SAME_FAVOURITE,False,False,SAME_FAVOURITE
EIQ_RACE_8FE9DC0AE60D7C38,EIQ_HORSE_A1E930E71121D8C1,2024,0.1530814600451409,EIQ_HORSE_A1E930E71121D8C1,EIQ_HORSE_A1E930E71121D8C1,SAME_FAVOURITE,True,True,SAME_FAVOURITE
EIQ_RACE_8FFA5F9F4BDE74D1,EIQ_HORSE_C6F615B57537B204,2024,-0.03672671934846061,EIQ_HORSE_4F0C37B59D1287D3,EIQ_HORSE_4F0C37B59D1287D3,SAME_FAVOURITE,False,False,SAME_FAVOURITE
EIQ_RACE_90126BFCDBDCF914,EIQ_HORSE_AB7D2883ACC5F9AE,2023,0.10256164004817592,EIQ_HORSE_C1788725BE940757,EIQ_HORSE_C1788725BE940757,SAME_FAVOURITE,False,False,SAME_FAVOURITE
EIQ_RACE_9016E35BC2C75450,EIQ_HORSE_E525D3C1E13DF52C,2024,-0.032128917732225704,EIQ_HORSE_E525D3C1E13DF52C,EIQ_HORSE_E525D3C1E13DF52C,SAME_FAVOURITE,True,True,SAME_FAVOURITE
EIQ_RACE_901E0FF08C0BEE51,EIQ_HORSE_67EA4E7672ABAAF2,2024,0.012670418970553765,EIQ_HORSE_67EA4E7672ABAAF2,EIQ_HORSE_67EA4E7672ABAAF2,SAME_FAVOURITE,True,True,SAME_FAVOURITE
EIQ_RACE_9038F5731DBC5E59,EIQ_HORSE_227D3F4B5B6DEC12,2023,-0.23829811421765257,EIQ_HORSE_323FDD0760DDC515,EIQ_HORSE_323FDD0760DDC515,SAME_FAVOURITE,False,False,SAME_FAVOURITE
EIQ_RACE_9058AEEF89C7D858,EIQ_HORSE_B301544FC53F020E,2026,-0.1721366935957469,EIQ_HORSE_B6438E02A7E6EAB6,EIQ_HORSE_B6438E02A7E6EAB6,SAME_FAVOURITE,False,False,SAME_FAVOURITE
EIQ_RACE_905C7E6DB379B95C,EIQ_HORSE_23F236C0767809EA,2025,0.018030257878202782,EIQ_HORSE_89BA44CD04B3E581,EIQ_HORSE_89BA44CD04B3E581,SAME_FAVOURITE,False,False,SAME_FAVOURITE
EIQ_RACE_90693C8AD180C2C2,EIQ_HORSE_03BF4E32F3FEF7E4,2021,0.11179272016337016,EIQ_HORSE_578AD64CE684F3E6,EIQ_HORSE_9ABF769DA4E79666,CHALLENGER_CHANGED_FAVOURITE,False,False,BOTH_WRONG
EIQ_RACE_907127573C5105D5,EIQ_HORSE_35E011A93E8897DF,2022,-0.10695778690439317,EIQ_HORSE_736ABDD73B2E5B9D,EIQ_HORSE_736ABDD73B2E5B9D,SAME_FAVOURITE,False,False,SAME_FAVOURITE
EIQ_RACE_9086AF4ED242ED48,EIQ_HORSE_685BA86E145F41EF,2023,0.021644888535111928,EIQ_HORSE_2AE34370D37CD4C7,EIQ_HORSE_2AE34370D37CD4C7,SAME_FAVOURITE,False,False,SAME_FAVOURITE
EIQ_RACE_90993FF30EE57ACF,EIQ_HORSE_CEB4F570EF4DF96B,2025,0.2956049630673443,EIQ_HORSE_1E621292C20D14DF,EIQ_HORSE_CEB4F570EF4DF96B,CHALLENGER_CHANGED_FAVOURITE,False,True,STRICT_WRONG_DROP_CORRECT
EIQ_RACE_90A0998560C7264D,EIQ_HORSE_2E248494B364618E,2021,-0.02244212216943664,EIQ_HORSE_B9BD90E4D46951C4,EIQ_HORSE_EE38FBA6415EC3C8,CHALLENGER_CHANGED_FAVOURITE,False,False,BOTH_WRONG
EIQ_RACE_90A70EB50C350B73,EIQ_HORSE_B520D7CDC5830910,2023,-0.21815727871156088,EIQ_HORSE_8050B64B8363E549,EIQ_HORSE_8050B64B8363E549,SAME_FAVOURITE,False,False,SAME_FAVOURITE
EIQ_RACE_90A7DBF2BD47A660,EIQ_HORSE_EE4E3FA4BB86ABC8,2023,-0.09985307415579148,EIQ_HORSE_EE4E3FA4BB86ABC8,EIQ_HORSE_EE4E3FA4BB86ABC8,SAME_FAVOURITE,True,True,SAME_FAVOURITE
EIQ_RACE_90AD878F35384CA9,EIQ_HORSE_EEB8884F191D28ED,2023,0.08336427156081516,EIQ_HORSE_CCC2B041CB4F8B52,EIQ_HORSE_CCC2B041CB4F8B52,SAME_FAVOURITE,False,False,SAME_FAVOURITE
EIQ_RACE_90D03DD53E662EF4,EIQ_HORSE_7AE23E7204BFE824,2026,0.013325718561501776,EIQ_HORSE_7AE23E7204BFE824,EIQ_HORSE_7AE23E7204BFE824,SAME_FAVOURITE,True,True,SAME_FAVOURITE
EIQ_RACE_90D82259FF1AFE78,EIQ_HORSE_D8BE0C475114B38D,2021,0.004751751003633231,EIQ_HORSE_9495481DD4836476,EIQ_HORSE_9495481DD4836476,SAME_FAVOURITE,False,False,SAME_FAVOURITE
EIQ_RACE_90E223757E4E0AEB,EIQ_HORSE_9298C5E0659EF40E,2025,-0.09907714325481853,EIQ_HORSE_539A0E42F0169CDD,EIQ_HORSE_539A0E42F0169CDD,SAME_FAVOURITE,False,False,SAME_FAVOURITE
EIQ_RACE_90E3F2C7CAFFEF40,EIQ_HORSE_B5BD5D40CC069115,2023,-0.08831749080012896,EIQ_HORSE_894DD170EA61D56E,EIQ_HORSE_894DD170EA61D56E,SAME_FAVOURITE,False,False,SAME_FAVOURITE
EIQ_RACE_910A40006B5D1164,EIQ_HORSE_62EC8AF02A973718,2021,0.12875059224235885,EIQ_HORSE_15978091D4074863,EIQ_HORSE_15978091D4074863,SAME_FAVOURITE,False,False,SAME_FAVOURITE
EIQ_RACE_911355518CF3BD25,EIQ_HORSE_0D0A5645B54BB30A,2021,0.0748320555722064,EIQ_HORSE_CB310F25E03C5537,EIQ_HORSE_CB310F25E03C5537,SAME_FAVOURITE,False,False,SAME_FAVOURITE
EIQ_RACE_913CAF65FB0AB678,EIQ_HORSE_979733B5EDEFB6AB,2025,-0.09425244434200408,EIQ_HORSE_5369965A3BB2A9ED,EIQ_HORSE_5369965A3BB2A9ED,SAME_FAVOURITE,False,False,SAME_FAVOURITE
EIQ_RACE_915E7AFBD4E34267,EIQ_HORSE_397938A57697916F,2021,-0.004076168178743567,EIQ_HORSE_59ACB21AB66807B7,EIQ_HORSE_59ACB21AB66807B7,SAME_FAVOURITE,False,False,SAME_FAVOURITE
EIQ_RACE_916942E23B1AF875,EIQ_HORSE_90342CE8747A97E3,2022,0.1055694962182061,EIQ_HORSE_F22A1DBADC1309AD,EIQ_HORSE_F22A1DBADC1309AD,SAME_FAVOURITE,False,False,SAME_FAVOURITE
EIQ_RACE_917273383DD5399D,EIQ_HORSE_7DD74C72358D2D2F,2024,-0.007676498088377448,EIQ_HORSE_EED76700775A46E3,EIQ_HORSE_EED76700775A46E3,SAME_FAVOURITE,False,False,SAME_FAVOURITE
EIQ_RACE_917E94146FE490E5,EIQ_HORSE_7059A62DF978BC31,2024,0.03163764463937202,EIQ_HORSE_BB110C122C39B27C,EIQ_HORSE_BB110C122C39B27C,SAME_FAVOURITE,False,False,SAME_FAVOURITE
EIQ_RACE_91926A7578DCF2B0,EIQ_HORSE_F670A89453B2C217,2024,-0.05981291377115294,EIQ_HORSE_1E5E21ACF9190EF5,EIQ_HORSE_1E5E21ACF9190EF5,SAME_FAVOURITE,False,False,SAME_FAVOURITE
EIQ_RACE_9196E9B8764723C0,EIQ_HORSE_0A66EFA47B1518EB,2021,-0.1541117773524081,EIQ_HORSE_BD57DE1E452C6FBC,EIQ_HORSE_BD57DE1E452C6FBC,SAME_FAVOURITE,False,False,SAME_FAVOURITE
EIQ_RACE_91A92B1DF6C34261,EIQ_HORSE_77149AAA298861C2,2024,0.0015152105166817975,EIQ_HORSE_0BFE3BC0463A7358,EIQ_HORSE_0BFE3BC0463A7358,SAME_FAVOURITE,False,False,SAME_FAVOURITE
EIQ_RACE_91ADC6856E1A3413,EIQ_HORSE_B56A069004AC3C4B,2025,-0.01852610303993618,EIQ_HORSE_ADE056A14C4CF26E,EIQ_HORSE_ADE056A14C4CF26E,SAME_FAVOURITE,False,False,SAME_FAVOURITE
EIQ_RACE_91C11D083A23E3CA,EIQ_HORSE_4D45DED3CC34DFFB,2023,-0.0431481766168631,EIQ_HORSE_4D45DED3CC34DFFB,EIQ_HORSE_4D45DED3CC34DFFB,SAME_FAVOURITE,True,True,SAME_FAVOURITE
EIQ_RACE_91C2E1FEA684B8C2,EIQ_HORSE_3BB3EA6FDAA9DB22,2025,-0.010561723077346707,EIQ_HORSE_3BB3EA6FDAA9DB22,EIQ_HORSE_3BB3EA6FDAA9DB22,SAME_FAVOURITE,True,True,SAME_FAVOURITE
EIQ_RACE_91C38A2E2EE952FF,EIQ_HORSE_88D2AF65C13996BB,2023,0.0460047436990112,EIQ_HORSE_9D8C5C7628AA99D3,EIQ_HORSE_9D8C5C7628AA99D3,SAME_FAVOURITE,False,False,SAME_FAVOURITE
EIQ_RACE_91C4679AB0C890A0,EIQ_HORSE_D70AF1D8A57C5F14,2022,-0.074823817934768,EIQ_HORSE_E217FFC7EB47DE52,EIQ_HORSE_7B9430D04E932B6D,CHALLENGER_CHANGED_FAVOURITE,False,False,BOTH_WRONG
EIQ_RACE_91C56E8A4A6AA25B,EIQ_HORSE_6F9CE5D7FA0D5C4F,2021,-0.07200938727640649,EIQ_HORSE_5BA1BE86B32E77D6,EIQ_HORSE_24C4A519029CD778,CHALLENGER_CHANGED_FAVOURITE,False,False,BOTH_WRONG
EIQ_RACE_91E883AEB750A85D,EIQ_HORSE_BCB71009544DA469,2026,0.08584667441836968,EIQ_HORSE_EB4C15579D2B3B3C,EIQ_HORSE_EB80E8D2936EA797,CHALLENGER_CHANGED_FAVOURITE,False,False,BOTH_WRONG
EIQ_RACE_91F1BC25FD6890DF,EIQ_HORSE_845F9774F7F2E7E5,2024,0.0867246836342297,EIQ_HORSE_845F9774F7F2E7E5,EIQ_HORSE_845F9774F7F2E7E5,SAME_FAVOURITE,True,True,SAME_FAVOURITE
EIQ_RACE_91F50443301C3F46,EIQ_HORSE_366920FA44E0038F,2023,-0.08561598192694264,EIQ_HORSE_C27958D809B655F5,EIQ_HORSE_C27958D809B655F5,SAME_FAVOURITE,False,False,SAME_FAVOURITE
EIQ_RACE_92009745CD5B4B0A,EIQ_HORSE_FACCA92E14E42793,2023,-0.0256908583361255,EIQ_HORSE_2E01E8F69C23D00D,EIQ_HORSE_2E01E8F69C23D00D,SAME_FAVOURITE,False,False,SAME_FAVOURITE
EIQ_RACE_920736758A628851,EIQ_HORSE_22D10F3A55644ADC,2026,0.07625090494192577,EIQ_HORSE_D5B4293E3FBCC41E,EIQ_HORSE_D5B4293E3FBCC41E,SAME_FAVOURITE,False,False,SAME_FAVOURITE
EIQ_RACE_920AF4783466B592,EIQ_HORSE_D82E1B3219C12D4E,2026,0.03988770147327125,EIQ_HORSE_D82E1B3219C12D4E,EIQ_HORSE_D82E1B3219C12D4E,SAME_FAVOURITE,True,True,SAME_FAVOURITE
EIQ_RACE_920E6D0F66373F8E,EIQ_HORSE_C528FFEB4CC75368,2021,-0.20598699387252362,EIQ_HORSE_B4283427ADCA6F11,EIQ_HORSE_B4283427ADCA6F11,SAME_FAVOURITE,False,False,SAME_FAVOURITE
EIQ_RACE_921187DCF0174E70,EIQ_HORSE_9F9D1C5A182370CC,2023,-0.0006955848306127166,EIQ_HORSE_65E8239DCE8B5E19,EIQ_HORSE_65E8239DCE8B5E19,SAME_FAVOURITE,False,False,SAME_FAVOURITE
EIQ_RACE_9215CBF5BE5B331E,EIQ_HORSE_D81C7ACEA5BCB4D7,2025,-0.03354374349502787,EIQ_HORSE_B3941B0EF4A65D94,EIQ_HORSE_B3941B0EF4A65D94,SAME_FAVOURITE,False,False,SAME_FAVOURITE
EIQ_RACE_9223D77FE7C66979,EIQ_HORSE_C6DB74E53440162F,2025,-0.175840645056502,EIQ_HORSE_7C2E9EA133D96264,EIQ_HORSE_7C2E9EA133D96264,SAME_FAVOURITE,False,False,SAME_FAVOURITE
EIQ_RACE_92278421E8E6201B,EIQ_HORSE_CC6C3B6EF80A3193,2024,0.21585942021480475,EIQ_HORSE_CC6C3B6EF80A3193,EIQ_HORSE_CC6C3B6EF80A3193,SAME_FAVOURITE,True,True,SAME_FAVOURITE
EIQ_RACE_9232225A1CCFA2A1,EIQ_HORSE_78D04B1B93142FA1,2026,0.046173335498374435,EIQ_HORSE_78D04B1B93142FA1,EIQ_HORSE_78D04B1B93142FA1,SAME_FAVOURITE,True,True,SAME_FAVOURITE
EIQ_RACE_92334E0C60CD4EF3,EIQ_HORSE_8D513826D6693378,2023,-0.15771317246118643,EIQ_HORSE_E7EA2D8C418813D9,EIQ_HORSE_E7EA2D8C418813D9,SAME_FAVOURITE,False,False,SAME_FAVOURITE
EIQ_RACE_92360613606A7055,EIQ_HORSE_CA6C86CC0AE15E63,2023,0.0719627128202629,EIQ_HORSE_92295A9DBEE27C01,EIQ_HORSE_92295A9DBEE27C01,SAME_FAVOURITE,False,False,SAME_FAVOURITE
EIQ_RACE_924569996204DBED,EIQ_HORSE_7DEDDDA6B1CE1CB6,2023,-0.02346880852239086,EIQ_HORSE_7DEDDDA6B1CE1CB6,EIQ_HORSE_7DEDDDA6B1CE1CB6,SAME_FAVOURITE,True,True,SAME_FAVOURITE
EIQ_RACE_926998DEF17E921C,EIQ_HORSE_13701C629ADA370A,2021,-0.17924298783383108,EIQ_HORSE_13701C629ADA370A,EIQ_HORSE_53CDA05172339C52,CHALLENGER_CHANGED_FAVOURITE,True,False,STRICT_CORRECT_DROP_WRONG
EIQ_RACE_926E409A3102093F,EIQ_HORSE_A33BB2CFBCC0E50A,2021,0.021381857642725155,EIQ_HORSE_0CFC53DACFDE33B6,EIQ_HORSE_0CFC53DACFDE33B6,SAME_FAVOURITE,False,False,SAME_FAVOURITE
EIQ_RACE_92953C991FFB8926,EIQ_HORSE_2FAF4E542CD96F22,2025,0.027575679828509614,EIQ_HORSE_EBE0523B851EC8D2,EIQ_HORSE_EBE0523B851EC8D2,SAME_FAVOURITE,False,False,SAME_FAVOURITE
EIQ_RACE_92A47C7AE7316A0A,EIQ_HORSE_6C3BC13B013A14A0,2023,0.054114005877738514,EIQ_HORSE_A8B32D1ECE67B15D,EIQ_HORSE_A8B32D1ECE67B15D,SAME_FAVOURITE,False,False,SAME_FAVOURITE
EIQ_RACE_92B05052946D5577,EIQ_HORSE_64C7356BB367BC74,2023,-0.09048000191882766,EIQ_HORSE_39F08A5347B78FBB,EIQ_HORSE_5169612F3EFED3F2,CHALLENGER_CHANGED_FAVOURITE,False,False,BOTH_WRONG
EIQ_RACE_92CBD251DBC726C3,EIQ_HORSE_C2C5D7AAC3279FAA,2024,-0.11540850788222157,EIQ_HORSE_71D1422EC28922C6,EIQ_HORSE_71D1422EC28922C6,SAME_FAVOURITE,False,False,SAME_FAVOURITE
EIQ_RACE_92DB26B479086B65,EIQ_HORSE_D9D262A2969BD5CD,2023,0.07667730137022222,EIQ_HORSE_189CCD48BE3DC29B,EIQ_HORSE_189CCD48BE3DC29B,SAME_FAVOURITE,False,False,SAME_FAVOURITE
EIQ_RACE_92DC7DEBD808AE6B,EIQ_HORSE_3128B37D13D82FF5,2026,-0.025022190633841035,EIQ_HORSE_FA744FF7FBD1E30C,EIQ_HORSE_FA744FF7FBD1E30C,SAME_FAVOURITE,False,False,SAME_FAVOURITE
EIQ_RACE_92DF27C209ACF465,EIQ_HORSE_D81C7ACEA5BCB4D7,2026,-0.01417785934517024,EIQ_HORSE_AA127B89C6DAE105,EIQ_HORSE_AA127B89C6DAE105,SAME_FAVOURITE,False,False,SAME_FAVOURITE
EIQ_RACE_92EFCA7FAF0C2318,EIQ_HORSE_BD3E0B466B83B3B4,2026,0.12995255653007254,EIQ_HORSE_BD3E0B466B83B3B4,EIQ_HORSE_BD3E0B466B83B3B4,SAME_FAVOURITE,True,True,SAME_FAVOURITE
EIQ_RACE_9313479855776DB7,EIQ_HORSE_5FD02FB91E2E87B9,2024,0.03795541448365425,EIQ_HORSE_5B54CFFA816AF35E,EIQ_HORSE_5B54CFFA816AF35E,SAME_FAVOURITE,False,False,SAME_FAVOURITE
EIQ_RACE_931A023133EAAE51,EIQ_HORSE_6CEC87632DC8EBF1,2026,0.013294317160922109,EIQ_HORSE_60FC1941923B666C,EIQ_HORSE_60FC1941923B666C,SAME_FAVOURITE,False,False,SAME_FAVOURITE
EIQ_RACE_93307400E6C48188,EIQ_HORSE_E54DF90BC9877FB3,2025,0.04159903101705398,EIQ_HORSE_8451928FA6D2C3AF,EIQ_HORSE_8451928FA6D2C3AF,SAME_FAVOURITE,False,False,SAME_FAVOURITE
EIQ_RACE_93317DBC9083CB59,EIQ_HORSE_CDE4FDEA5F536220,2025,0.07477928821343216,EIQ_HORSE_FC6020FDCCC3960D,EIQ_HORSE_FC6020FDCCC3960D,SAME_FAVOURITE,False,False,SAME_FAVOURITE
EIQ_RACE_933B23DF12FCBAFD,EIQ_HORSE_EC34ADC7F99E1B7B,2024,0.03289912667381745,EIQ_HORSE_EC34ADC7F99E1B7B,EIQ_HORSE_EC34ADC7F99E1B7B,SAME_FAVOURITE,True,True,SAME_FAVOURITE
EIQ_RACE_9341042CC9EBA22D,EIQ_HORSE_970ECDC6A165ABBA,2024,-0.06229194548124495,EIQ_HORSE_C0006FFC86C724C8,EIQ_HORSE_C0006FFC86C724C8,SAME_FAVOURITE,False,False,SAME_FAVOURITE
EIQ_RACE_9345EA1A3C440CCF,EIQ_HORSE_28433DEAEE95F394,2025,0.09102448116220785,EIQ_HORSE_AD29D97DB2F783D7,EIQ_HORSE_AD29D97DB2F783D7,SAME_FAVOURITE,False,False,SAME_FAVOURITE
EIQ_RACE_93486B91BE1EC619,EIQ_HORSE_8739DF400618580D,2026,-0.00240808867932385,EIQ_HORSE_5A7484E3610C1CDE,EIQ_HORSE_5A7484E3610C1CDE,SAME_FAVOURITE,False,False,SAME_FAVOURITE
EIQ_RACE_934CB5FEBA6821A4,EIQ_HORSE_6CB7EC069E3CE848,2025,-0.09624275448390085,EIQ_HORSE_6CB7EC069E3CE848,EIQ_HORSE_C58960461199EFDA,CHALLENGER_CHANGED_FAVOURITE,True,False,STRICT_CORRECT_DROP_WRONG
EIQ_RACE_9356338D16372B44,EIQ_HORSE_39F3C46959C92CFC,2021,0.034334989239731106,EIQ_HORSE_BD8B3B6504025B76,EIQ_HORSE_BD8B3B6504025B76,SAME_FAVOURITE,False,False,SAME_FAVOURITE
EIQ_RACE_936187BA18BFFAAA,EIQ_HORSE_45870EA768997576,2023,0.12749782634451368,EIQ_HORSE_3E6BDDF62B231A7D,EIQ_HORSE_3E6BDDF62B231A7D,SAME_FAVOURITE,False,False,SAME_FAVOURITE
EIQ_RACE_93719968A9AA0D1B,EIQ_HORSE_7F99C2FDDD3602F6,2023,0.23753018246809599,EIQ_HORSE_B301544FC53F020E,EIQ_HORSE_B301544FC53F020E,SAME_FAVOURITE,False,False,SAME_FAVOURITE
EIQ_RACE_937A5EFF144600C4,EIQ_HORSE_B428DD1983DCE56E,2023,0.12315162985379935,EIQ_HORSE_6A0437DF88841054,EIQ_HORSE_6A0437DF88841054,SAME_FAVOURITE,False,False,SAME_FAVOURITE
EIQ_RACE_9391A3657AE4DC6F,EIQ_HORSE_1FC012B639275E8E,2021,-0.09306948215951483,EIQ_HORSE_892BB72419E0361C,EIQ_HORSE_892BB72419E0361C,SAME_FAVOURITE,False,False,SAME_FAVOURITE
EIQ_RACE_939FB27B180C4E4B,EIQ_HORSE_524D104982C6C101,2024,0.008511541396572397,EIQ_HORSE_BDEE0913742B734C,EIQ_HORSE_BDEE0913742B734C,SAME_FAVOURITE,False,False,SAME_FAVOURITE
EIQ_RACE_93AB52AA09829426,EIQ_HORSE_60C4A3D31571570D,2025,-0.11068621676309731,EIQ_HORSE_60C4A3D31571570D,EIQ_HORSE_60C4A3D31571570D,SAME_FAVOURITE,True,True,SAME_FAVOURITE
EIQ_RACE_93AD6982F8E4C845,EIQ_HORSE_47DD77A476B23CDC,2024,0.03459358113190847,EIQ_HORSE_47DD77A476B23CDC,EIQ_HORSE_47DD77A476B23CDC,SAME_FAVOURITE,True,True,SAME_FAVOURITE
EIQ_RACE_93AF418EBD485BDF,EIQ_HORSE_BDE96BD837496256,2025,-0.09566133510646102,EIQ_HORSE_775DEB7A15094C6F,EIQ_HORSE_775DEB7A15094C6F,SAME_FAVOURITE,False,False,SAME_FAVOURITE
EIQ_RACE_93D0FCC5853B5A8D,EIQ_HORSE_0E0CC5D74A44D70E,2025,0.05139864244263381,EIQ_HORSE_0E0CC5D74A44D70E,EIQ_HORSE_0E0CC5D74A44D70E,SAME_FAVOURITE,True,True,SAME_FAVOURITE
EIQ_RACE_93D22EFF9B9FE5B1,EIQ_HORSE_31803E01BABDCB69,2024,-0.060796381901096375,EIQ_HORSE_48E1740908B66F80,EIQ_HORSE_31803E01BABDCB69,CHALLENGER_CHANGED_FAVOURITE,False,True,STRICT_WRONG_DROP_CORRECT
EIQ_RACE_93EE439B3423F6A9,EIQ_HORSE_1A0BA7C9B1831415,2023,-0.20066012627873242,EIQ_HORSE_7F0D5E8E33A91F58,EIQ_HORSE_7F0D5E8E33A91F58,SAME_FAVOURITE,False,False,SAME_FAVOURITE
EIQ_RACE_93F09E1ADF1D0237,EIQ_HORSE_64FF066252CAB705,2023,-0.025463369978371952,EIQ_HORSE_64FF066252CAB705,EIQ_HORSE_64FF066252CAB705,SAME_FAVOURITE,True,True,SAME_FAVOURITE
EIQ_RACE_93FE8D12650962F5,EIQ_HORSE_E112298D1B9ACCC0,2024,-0.004566384531081269,EIQ_HORSE_559724FAF4DB4B7D,EIQ_HORSE_EA881EB2C48F365C,CHALLENGER_CHANGED_FAVOURITE,False,False,BOTH_WRONG
EIQ_RACE_943EF43456094466,EIQ_HORSE_C8AA67BC08F33DE4,2023,0.0033528648986154153,EIQ_HORSE_C8AA67BC08F33DE4,EIQ_HORSE_E3F2448C8DD1768B,CHALLENGER_CHANGED_FAVOURITE,True,False,STRICT_CORRECT_DROP_WRONG
EIQ_RACE_9447FD8236FAE817,EIQ_HORSE_B44933AD4DBFC028,2024,-0.019123604362982993,EIQ_HORSE_E31FCBE033DA38D3,EIQ_HORSE_E31FCBE033DA38D3,SAME_FAVOURITE,False,False,SAME_FAVOURITE
EIQ_RACE_944ABFB3BAEF14B3,EIQ_HORSE_3746A4CDD7F03860,2025,-0.014579004930978634,EIQ_HORSE_3746A4CDD7F03860,EIQ_HORSE_3746A4CDD7F03860,SAME_FAVOURITE,True,True,SAME_FAVOURITE
EIQ_RACE_945BAA73FE49CE02,EIQ_HORSE_52E29B1FF4A725E1,2024,0.03679700625182303,EIQ_HORSE_D6786A7C9E111B99,EIQ_HORSE_D6786A7C9E111B99,SAME_FAVOURITE,False,False,SAME_FAVOURITE
EIQ_RACE_946D17364C1BA237,EIQ_HORSE_D73DED034B15FEAA,2021,0.0591901078526178,EIQ_HORSE_D73DED034B15FEAA,EIQ_HORSE_D73DED034B15FEAA,SAME_FAVOURITE,True,True,SAME_FAVOURITE
EIQ_RACE_9473CEB1A75261AC,EIQ_HORSE_4B4FC662E3C43D38,2025,0.05080621036220001,EIQ_HORSE_5B22AD509FE7A1EE,EIQ_HORSE_5B22AD509FE7A1EE,SAME_FAVOURITE,False,False,SAME_FAVOURITE
EIQ_RACE_9497F0737E6BD810,EIQ_HORSE_89873973C044177C,2024,0.20726520565961515,EIQ_HORSE_E76EFEB0D94F29E4,EIQ_HORSE_E76EFEB0D94F29E4,SAME_FAVOURITE,False,False,SAME_FAVOURITE
EIQ_RACE_949EA069A9DDE3CA,EIQ_HORSE_5196F0C3F31FA19B,2025,-0.08635659828844411,EIQ_HORSE_5196F0C3F31FA19B,EIQ_HORSE_5196F0C3F31FA19B,SAME_FAVOURITE,True,True,SAME_FAVOURITE
EIQ_RACE_94B176701583265F,EIQ_HORSE_7D4AFFE09F38104D,2025,0.04088365567030516,EIQ_HORSE_F7A66BAD8170F100,EIQ_HORSE_F7A66BAD8170F100,SAME_FAVOURITE,False,False,SAME_FAVOURITE
EIQ_RACE_94BB0174DAF2F624,EIQ_HORSE_B301544FC53F020E,2024,0.05758334034510959,EIQ_HORSE_B301544FC53F020E,EIQ_HORSE_B301544FC53F020E,SAME_FAVOURITE,True,True,SAME_FAVOURITE
EIQ_RACE_94CB6B0D155F3563,EIQ_HORSE_2AC2E3EA941269E7,2021,-0.021192230527333322,EIQ_HORSE_AB7D2883ACC5F9AE,EIQ_HORSE_AB7D2883ACC5F9AE,SAME_FAVOURITE,False,False,SAME_FAVOURITE
EIQ_RACE_94E224D78EFF7A73,EIQ_HORSE_F76D7ED1996F8CDE,2024,-0.013491396701847513,EIQ_HORSE_F76D7ED1996F8CDE,EIQ_HORSE_F76D7ED1996F8CDE,SAME_FAVOURITE,True,True,SAME_FAVOURITE
EIQ_RACE_94E3C2473BB1AA01,EIQ_HORSE_922DAFF96694B11E,2023,-0.0398777305635698,EIQ_HORSE_7C396371C899B553,EIQ_HORSE_7C396371C899B553,SAME_FAVOURITE,False,False,SAME_FAVOURITE
EIQ_RACE_94EFDD617B9A1A30,EIQ_HORSE_F4BBF18F5616FC70,2021,-0.21398062619304747,EIQ_HORSE_03FB9BE683A548C5,EIQ_HORSE_03FB9BE683A548C5,SAME_FAVOURITE,False,False,SAME_FAVOURITE
EIQ_RACE_94F422AC41E786DA,EIQ_HORSE_395493F5702646A3,2025,0.07724763598098461,EIQ_HORSE_193DD4496B66A01D,EIQ_HORSE_193DD4496B66A01D,SAME_FAVOURITE,False,False,SAME_FAVOURITE
EIQ_RACE_94FE24F240712EC5,EIQ_HORSE_BA8C7560BB5544F7,2024,0.17312131220657623,EIQ_HORSE_BA8C7560BB5544F7,EIQ_HORSE_BA8C7560BB5544F7,SAME_FAVOURITE,True,True,SAME_FAVOURITE
EIQ_RACE_952AF7299D21B707,EIQ_HORSE_D3AEA550FB28FBE6,2025,0.10460522914997439,EIQ_HORSE_D3AEA550FB28FBE6,EIQ_HORSE_D3AEA550FB28FBE6,SAME_FAVOURITE,True,True,SAME_FAVOURITE
EIQ_RACE_95345B6A8772C80D,EIQ_HORSE_3128B37D13D82FF5,2026,0.0023443733959107593,EIQ_HORSE_3128B37D13D82FF5,EIQ_HORSE_3128B37D13D82FF5,SAME_FAVOURITE,True,True,SAME_FAVOURITE
EIQ_RACE_953AA52EFBF1C2BC,EIQ_HORSE_8F951096A3213909,2025,-0.06115218730172289,EIQ_HORSE_DEDF84B9DFC8F465,EIQ_HORSE_DEDF84B9DFC8F465,SAME_FAVOURITE,False,False,SAME_FAVOURITE
EIQ_RACE_953CC69DD2ABB3D8,EIQ_HORSE_FF0664DF184B3E5A,2023,-0.014325618953389796,EIQ_HORSE_B9B5E5BC3FDE93D9,EIQ_HORSE_B9B5E5BC3FDE93D9,SAME_FAVOURITE,False,False,SAME_FAVOURITE
EIQ_RACE_954003B5D5181DA7,EIQ_HORSE_7CC945C9E680AB11,2026,-0.03483567563448764,EIQ_HORSE_376F6AD8EB7FD2A2,EIQ_HORSE_376F6AD8EB7FD2A2,SAME_FAVOURITE,False,False,SAME_FAVOURITE
EIQ_RACE_955601AF39B61DAA,EIQ_HORSE_A62FF83DDE0481D6,2025,-0.03817539604622677,EIQ_HORSE_E428B28335F5C7B8,EIQ_HORSE_E428B28335F5C7B8,SAME_FAVOURITE,False,False,SAME_FAVOURITE
EIQ_RACE_955B845547003382,EIQ_HORSE_8E9392039C9EF2FE,2024,-0.019289708378863235,EIQ_HORSE_0B59A3617DCAC828,EIQ_HORSE_0B59A3617DCAC828,SAME_FAVOURITE,False,False,SAME_FAVOURITE
EIQ_RACE_955FF05B75BB7B57,EIQ_HORSE_E09FD48DF588628A,2025,-0.009130976101891619,EIQ_HORSE_D5CC1268EAB795FA,EIQ_HORSE_D5CC1268EAB795FA,SAME_FAVOURITE,False,False,SAME_FAVOURITE
EIQ_RACE_9573A260F5F7B33A,EIQ_HORSE_6D64CF14BAC97546,2025,-0.037340384885740985,EIQ_HORSE_705D5902A613D632,EIQ_HORSE_705D5902A613D632,SAME_FAVOURITE,False,False,SAME_FAVOURITE
EIQ_RACE_9580A1E0F5106431,EIQ_HORSE_DE76B21A8FE72654,2025,0.08971539664270334,EIQ_HORSE_7567AD13CC16FA63,EIQ_HORSE_DE76B21A8FE72654,CHALLENGER_CHANGED_FAVOURITE,False,True,STRICT_WRONG_DROP_CORRECT
EIQ_RACE_95861186B908A072,EIQ_HORSE_5B82D2DB491B7543,2021,0.14247979327529725,EIQ_HORSE_D051A6217B58AF5D,EIQ_HORSE_D051A6217B58AF5D,SAME_FAVOURITE,False,False,SAME_FAVOURITE
EIQ_RACE_958F4B0F54FD92F0,EIQ_HORSE_08DDA6F027738C0C,2021,0.1029186699438116,EIQ_HORSE_84B7746BB3B4AA9A,EIQ_HORSE_84B7746BB3B4AA9A,SAME_FAVOURITE,False,False,SAME_FAVOURITE
EIQ_RACE_95926E303BF7B5FB,EIQ_HORSE_6530475D0380303B,2021,-0.3348869466152853,EIQ_HORSE_2A6AC85A93DF9827,EIQ_HORSE_2A6AC85A93DF9827,SAME_FAVOURITE,False,False,SAME_FAVOURITE
EIQ_RACE_95BC9494B8D9A852,EIQ_HORSE_BF548B913F50E17C,2021,0.03538806124082017,EIQ_HORSE_C71EB86BBEDB716C,EIQ_HORSE_C71EB86BBEDB716C,SAME_FAVOURITE,False,False,SAME_FAVOURITE
EIQ_RACE_95BFD35C8A6002F3,EIQ_HORSE_F127D107F4F7F553,2021,-0.06583726478452734,EIQ_HORSE_573D1938914BD5AD,EIQ_HORSE_573D1938914BD5AD,SAME_FAVOURITE,False,False,SAME_FAVOURITE
EIQ_RACE_95C141995AD31962,EIQ_HORSE_103FB8C153A85D66,2026,-0.17354830095754537,EIQ_HORSE_536C2BC220BF417A,EIQ_HORSE_536C2BC220BF417A,SAME_FAVOURITE,False,False,SAME_FAVOURITE
EIQ_RACE_95D5C2A23F7E67BD,EIQ_HORSE_9A8D171254162ECE,2024,0.13870820908233084,EIQ_HORSE_601799D635379E62,EIQ_HORSE_601799D635379E62,SAME_FAVOURITE,False,False,SAME_FAVOURITE
EIQ_RACE_95EA48C65A5914E0,EIQ_HORSE_9409DBEB55181C57,2024,0.08075727729921356,EIQ_HORSE_3B47362945BF2209,EIQ_HORSE_3B47362945BF2209,SAME_FAVOURITE,False,False,SAME_FAVOURITE
EIQ_RACE_95FE00A9C3385274,EIQ_HORSE_3B633E5BE97DDB0A,2025,0.029764776167347406,EIQ_HORSE_97CCE458450E93C8,EIQ_HORSE_97CCE458450E93C8,SAME_FAVOURITE,False,False,SAME_FAVOURITE
EIQ_RACE_9603CD2E82096CF5,EIQ_HORSE_7BE0D7857DC726C8,2021,-0.08875520039143203,EIQ_HORSE_17D8329DE40A9756,EIQ_HORSE_17D8329DE40A9756,SAME_FAVOURITE,False,False,SAME_FAVOURITE
EIQ_RACE_960927D9182451C3,EIQ_HORSE_AD7F68C6F6F9C2C3,2025,-0.03001575722606331,EIQ_HORSE_3E3095337EA55D9E,EIQ_HORSE_3E3095337EA55D9E,SAME_FAVOURITE,False,False,SAME_FAVOURITE
EIQ_RACE_960A0DC2F564E662,EIQ_HORSE_6C2364273EE4A761,2023,-0.13098625685740228,EIQ_HORSE_F236E184C2A632E3,EIQ_HORSE_F236E184C2A632E3,SAME_FAVOURITE,False,False,SAME_FAVOURITE
EIQ_RACE_9621AFFDE6F3B342,EIQ_HORSE_833AAACCBEB90481,2025,-0.13765842166301345,EIQ_HORSE_E9ECA29D0DBCE86E,EIQ_HORSE_E9ECA29D0DBCE86E,SAME_FAVOURITE,False,False,SAME_FAVOURITE
EIQ_RACE_962AA5FB75FED3FD,EIQ_HORSE_C0D180464FC37C0C,2024,0.0912857473914257,EIQ_HORSE_B8C006CD8E416003,EIQ_HORSE_B8C006CD8E416003,SAME_FAVOURITE,False,False,SAME_FAVOURITE
EIQ_RACE_9635E56ED71495B8,EIQ_HORSE_6426452802CA80E3,2024,-0.095412467529572,EIQ_HORSE_EDC379A8056B5B5F,EIQ_HORSE_1501DA239F9111C7,CHALLENGER_CHANGED_FAVOURITE,False,False,BOTH_WRONG
EIQ_RACE_965872E013F8E213,EIQ_HORSE_17E5A09CCC0C493D,2021,0.03850817867112877,EIQ_HORSE_17E5A09CCC0C493D,EIQ_HORSE_17E5A09CCC0C493D,SAME_FAVOURITE,True,True,SAME_FAVOURITE
EIQ_RACE_965CFE062F3ECD81,EIQ_HORSE_F5C152D96F1110E1,2025,0.13048069134354523,EIQ_HORSE_66A42C48FE7EDB65,EIQ_HORSE_66A42C48FE7EDB65,SAME_FAVOURITE,False,False,SAME_FAVOURITE
EIQ_RACE_96725B6130872037,EIQ_HORSE_7B49C289BF3FD886,2021,-0.02875209324008754,EIQ_HORSE_D312422BD5A6A273,EIQ_HORSE_D312422BD5A6A273,SAME_FAVOURITE,False,False,SAME_FAVOURITE
EIQ_RACE_967B60AF8B31FB2D,EIQ_HORSE_C00BAC4C1452B18E,2024,-0.030077482647418385,EIQ_HORSE_7C47BF1E2F2CA31F,EIQ_HORSE_7C47BF1E2F2CA31F,SAME_FAVOURITE,False,False,SAME_FAVOURITE
EIQ_RACE_9682EE1DAF31B55D,EIQ_HORSE_EAB8528975213A33,2023,-0.07088642142937318,EIQ_HORSE_A8C5A1D66DA5FC7F,EIQ_HORSE_A8C5A1D66DA5FC7F,SAME_FAVOURITE,False,False,SAME_FAVOURITE
EIQ_RACE_9683CDCF85F0DA1C,EIQ_HORSE_80E9F0728B593161,2025,-0.02466234424205105,EIQ_HORSE_8967D9B47F03F1DF,EIQ_HORSE_8967D9B47F03F1DF,SAME_FAVOURITE,False,False,SAME_FAVOURITE
EIQ_RACE_968B2EB5E72B5A0A,EIQ_HORSE_67FF3E6143DD1B28,2023,-0.021159172226245193,EIQ_HORSE_5F3CEA6AE7646B04,EIQ_HORSE_5F3CEA6AE7646B04,SAME_FAVOURITE,False,False,SAME_FAVOURITE
EIQ_RACE_96A28EFA80E95B23,EIQ_HORSE_E20526B8E7474968,2021,0.0630332220100489,EIQ_HORSE_60A0842EF00D120D,EIQ_HORSE_60A0842EF00D120D,SAME_FAVOURITE,False,False,SAME_FAVOURITE
EIQ_RACE_96B2C164B8619FD0,EIQ_HORSE_23B85209DCD638EE,2023,-0.005667183836675971,EIQ_HORSE_44B5598C2C9BC128,EIQ_HORSE_44B5598C2C9BC128,SAME_FAVOURITE,False,False,SAME_FAVOURITE
EIQ_RACE_96C1F00A19C4E360,EIQ_HORSE_480E9BD700D1D215,2024,0.1182775757675647,EIQ_HORSE_4431A45AB23BBC17,EIQ_HORSE_4431A45AB23BBC17,SAME_FAVOURITE,False,False,SAME_FAVOURITE
EIQ_RACE_96C41086DBD8B6C0,EIQ_HORSE_7FBF9E671EA0B0B5,2024,-0.015622736305273222,EIQ_HORSE_00FB964A9B90DF2E,EIQ_HORSE_00FB964A9B90DF2E,SAME_FAVOURITE,False,False,SAME_FAVOURITE
EIQ_RACE_96C7DB53AE286A43,EIQ_HORSE_5CE6B66B0A84A8CF,2021,0.030798370314438106,EIQ_HORSE_C176B531156B2248,EIQ_HORSE_C176B531156B2248,SAME_FAVOURITE,False,False,SAME_FAVOURITE
EIQ_RACE_96C92A869D1A959A,EIQ_HORSE_763E9D55D9DF1504,2026,-0.05672261033625736,EIQ_HORSE_763E9D55D9DF1504,EIQ_HORSE_763E9D55D9DF1504,SAME_FAVOURITE,True,True,SAME_FAVOURITE
EIQ_RACE_96E752430C3FA56C,EIQ_HORSE_DF94997F2D76AAB2,2024,0.02358546195127742,EIQ_HORSE_46BA1259B8ED5754,EIQ_HORSE_46BA1259B8ED5754,SAME_FAVOURITE,False,False,SAME_FAVOURITE
EIQ_RACE_96EC6C395DBF023F,EIQ_HORSE_E57AEA8058DCC708,2025,-0.2689642091201643,EIQ_HORSE_6106EFFF9D520AB3,EIQ_HORSE_6106EFFF9D520AB3,SAME_FAVOURITE,False,False,SAME_FAVOURITE
EIQ_RACE_970314CC5E76908D,EIQ_HORSE_D2DBE966E52FEED2,2025,-0.02326000685392593,EIQ_HORSE_3ED4B15615CAD760,EIQ_HORSE_3ED4B15615CAD760,SAME_FAVOURITE,False,False,SAME_FAVOURITE
EIQ_RACE_97283609871F6474,EIQ_HORSE_C03DD87D6B731333,2025,0.009447539770393476,EIQ_HORSE_43AD5CFEADE8DCAB,EIQ_HORSE_43AD5CFEADE8DCAB,SAME_FAVOURITE,False,False,SAME_FAVOURITE
EIQ_RACE_972849F41FB0BDCA,EIQ_HORSE_FB271EF5B86A5907,2026,0.10536441548555064,EIQ_HORSE_6E1A4D077ED7DC22,EIQ_HORSE_6E1A4D077ED7DC22,SAME_FAVOURITE,False,False,SAME_FAVOURITE
EIQ_RACE_9736AEADC1F28E35,EIQ_HORSE_9F9D1C5A182370CC,2021,-0.1498560659184205,EIQ_HORSE_AFD5290035033FFB,EIQ_HORSE_AFD5290035033FFB,SAME_FAVOURITE,False,False,SAME_FAVOURITE
EIQ_RACE_9738DCA85BCC459D,EIQ_HORSE_91492F1B5F36DE0F,2026,-0.10275199630957843,EIQ_HORSE_CB46CEF70680D3B5,EIQ_HORSE_CB46CEF70680D3B5,SAME_FAVOURITE,False,False,SAME_FAVOURITE
EIQ_RACE_973A4FD3CE223CD0,EIQ_HORSE_923A7FA3ABD8D12F,2025,0.09645586786349059,EIQ_HORSE_1429DE51B01DB428,EIQ_HORSE_1429DE51B01DB428,SAME_FAVOURITE,False,False,SAME_FAVOURITE
EIQ_RACE_97430B70AAEC5614,EIQ_HORSE_B64783D8E996CF0C,2023,-0.05684562516666869,EIQ_HORSE_ECEA845A72121633,EIQ_HORSE_ECEA845A72121633,SAME_FAVOURITE,False,False,SAME_FAVOURITE
EIQ_RACE_9756342939826503,EIQ_HORSE_6C2D76F3642D2249,2023,0.03418736560583646,EIQ_HORSE_CCED1B0AF6F32210,EIQ_HORSE_CCED1B0AF6F32210,SAME_FAVOURITE,False,False,SAME_FAVOURITE
EIQ_RACE_975F68DCF2F1E178,EIQ_HORSE_A1178662CE593267,2025,0.06508798416229178,EIQ_HORSE_7E15C3582CA47369,EIQ_HORSE_7E15C3582CA47369,SAME_FAVOURITE,False,False,SAME_FAVOURITE
EIQ_RACE_976A69543C38EB2B,EIQ_HORSE_3F1F55B1866C4D42,2021,0.03899828771911329,EIQ_HORSE_3F1F55B1866C4D42,EIQ_HORSE_3F1F55B1866C4D42,SAME_FAVOURITE,True,True,SAME_FAVOURITE
EIQ_RACE_97820BBE853E7AAC,EIQ_HORSE_B44933AD4DBFC028,2024,0.011382873224035084,EIQ_HORSE_161FE8DC5A27CAA9,EIQ_HORSE_161FE8DC5A27CAA9,SAME_FAVOURITE,False,False,SAME_FAVOURITE
EIQ_RACE_9786696DB840FB2E,EIQ_HORSE_1E5B898ECF851083,2024,-0.10756577300863723,EIQ_HORSE_1E5B898ECF851083,EIQ_HORSE_903B46F3F4407E60,CHALLENGER_CHANGED_FAVOURITE,True,False,STRICT_CORRECT_DROP_WRONG
EIQ_RACE_9789112D7B3C9C7A,EIQ_HORSE_D2D735D1253E8E24,2023,0.033043835039822333,EIQ_HORSE_8576F23413A2FDBD,EIQ_HORSE_8576F23413A2FDBD,SAME_FAVOURITE,False,False,SAME_FAVOURITE
EIQ_RACE_979E9DD5918DCA0E,EIQ_HORSE_B3941B0EF4A65D94,2025,0.10005312505507158,EIQ_HORSE_B3941B0EF4A65D94,EIQ_HORSE_B3941B0EF4A65D94,SAME_FAVOURITE,True,True,SAME_FAVOURITE
EIQ_RACE_97A653C9FC3668EF,EIQ_HORSE_76FCBCC93AD817AC,2021,-0.2038336367233522,EIQ_HORSE_76FCBCC93AD817AC,EIQ_HORSE_76FCBCC93AD817AC,SAME_FAVOURITE,True,True,SAME_FAVOURITE
EIQ_RACE_97AF961D7D6732C9,EIQ_HORSE_4ACDA7BD78B477E8,2025,-0.00424856322038325,EIQ_HORSE_2A60E0E6E4069428,EIQ_HORSE_2A60E0E6E4069428,SAME_FAVOURITE,False,False,SAME_FAVOURITE
EIQ_RACE_97BF80BFB9395F65,EIQ_HORSE_9745CDCB3B061E26,2023,0.0547082666059433,EIQ_HORSE_36AD5558A4D9D07B,EIQ_HORSE_36AD5558A4D9D07B,SAME_FAVOURITE,False,False,SAME_FAVOURITE
EIQ_RACE_97C070149A1311E1,EIQ_HORSE_2EB2466F0C3F2F20,2026,-0.023407531288079486,EIQ_HORSE_1306574D0218FE2C,EIQ_HORSE_1306574D0218FE2C,SAME_FAVOURITE,False,False,SAME_FAVOURITE
EIQ_RACE_97C1306E4EC8E93E,EIQ_HORSE_37B7E834E8F8C7CB,2026,0.014985088442979855,EIQ_HORSE_37B7E834E8F8C7CB,EIQ_HORSE_37B7E834E8F8C7CB,SAME_FAVOURITE,True,True,SAME_FAVOURITE
EIQ_RACE_97CC5B757EC19DF0,EIQ_HORSE_7867C13582F5F94F,2023,-0.34757992846955554,EIQ_HORSE_ABAD9D9863676DF7,EIQ_HORSE_BC855BE027BC2484,CHALLENGER_CHANGED_FAVOURITE,False,False,BOTH_WRONG
EIQ_RACE_97DB126A9AD1293D,EIQ_HORSE_4844E8FCD456E1F0,2023,0.14570081355845477,EIQ_HORSE_4844E8FCD456E1F0,EIQ_HORSE_4844E8FCD456E1F0,SAME_FAVOURITE,True,True,SAME_FAVOURITE
EIQ_RACE_97DDE313DA84A7C5,EIQ_HORSE_AA39ABF79CF0220D,2021,0.08678923970326569,EIQ_HORSE_7624181800B38C4E,EIQ_HORSE_7624181800B38C4E,SAME_FAVOURITE,False,False,SAME_FAVOURITE
EIQ_RACE_97DFC959EE5DA811,EIQ_HORSE_1B69A85B7108B74C,2023,0.05940018184836071,EIQ_HORSE_1B69A85B7108B74C,EIQ_HORSE_1B69A85B7108B74C,SAME_FAVOURITE,True,True,SAME_FAVOURITE
EIQ_RACE_97F52C3311B37E0D,EIQ_HORSE_5A26DE1FF621C6BD,2025,0.03303576289206922,EIQ_HORSE_5A26DE1FF621C6BD,EIQ_HORSE_5A26DE1FF621C6BD,SAME_FAVOURITE,True,True,SAME_FAVOURITE
EIQ_RACE_97FDB46A6A6AD75A,EIQ_HORSE_11459D7300BE15A8,2026,-0.019650717532461837,EIQ_HORSE_A3ED64A93D5ED54B,EIQ_HORSE_A3ED64A93D5ED54B,SAME_FAVOURITE,False,False,SAME_FAVOURITE
EIQ_RACE_9805E2CA834A80E8,EIQ_HORSE_9276924E43FB4332,2024,-0.18610833513703118,EIQ_HORSE_265440CDFA110418,EIQ_HORSE_265440CDFA110418,SAME_FAVOURITE,False,False,SAME_FAVOURITE
EIQ_RACE_980978671A416CF4,EIQ_HORSE_C2FC1AE8CC437E1E,2023,-0.0762063932021606,EIQ_HORSE_AA8B4219A1B2F8E9,EIQ_HORSE_AA8B4219A1B2F8E9,SAME_FAVOURITE,False,False,SAME_FAVOURITE
EIQ_RACE_9809AA0E4CCFF693,EIQ_HORSE_8A6EEA5942101104,2021,0.08880385870456498,EIQ_HORSE_AB59BD2D8C6BEA09,EIQ_HORSE_AB59BD2D8C6BEA09,SAME_FAVOURITE,False,False,SAME_FAVOURITE
EIQ_RACE_980C6A3E28FD9A74,EIQ_HORSE_5B083EEDA462F7C0,2023,0.026581067665165214,EIQ_HORSE_0EACDC10D4959FD1,EIQ_HORSE_0EACDC10D4959FD1,SAME_FAVOURITE,False,False,SAME_FAVOURITE
EIQ_RACE_980D01F7CF5D16CD,EIQ_HORSE_6C1949FD43536C6E,2021,0.024078879536475473,EIQ_HORSE_8163FFE4204DE4FF,EIQ_HORSE_8163FFE4204DE4FF,SAME_FAVOURITE,False,False,SAME_FAVOURITE
EIQ_RACE_981DEA48F225C2EF,EIQ_HORSE_8ABEF3E2524BF6BA,2021,-0.08519745744327656,EIQ_HORSE_B9C377A7BA3BA2B5,EIQ_HORSE_2E7C7D1E136AE9C5,CHALLENGER_CHANGED_FAVOURITE,False,False,BOTH_WRONG
EIQ_RACE_98253A34D91E44EA,EIQ_HORSE_A8767F606C4331D4,2021,0.031957515539903,EIQ_HORSE_8C59C4EC32494938,EIQ_HORSE_349CE386F42F137A,CHALLENGER_CHANGED_FAVOURITE,False,False,BOTH_WRONG
EIQ_RACE_982BF8E97C9A9E5B,EIQ_HORSE_18F7ECB1D960E94E,2023,0.05816545330787415,EIQ_HORSE_C413C8F9238A403B,EIQ_HORSE_C413C8F9238A403B,SAME_FAVOURITE,False,False,SAME_FAVOURITE
EIQ_RACE_9838F2E922963B48,EIQ_HORSE_B2E8A412762630D0,2021,0.2773465588132673,EIQ_HORSE_3ADF3F6B29A9A88B,EIQ_HORSE_3ADF3F6B29A9A88B,SAME_FAVOURITE,False,False,SAME_FAVOURITE
EIQ_RACE_983B0C4C9073651F,EIQ_HORSE_72BC55E2E8B4AB26,2026,0.053501452679605155,EIQ_HORSE_62A5D5388358F5A1,EIQ_HORSE_62A5D5388358F5A1,SAME_FAVOURITE,False,False,SAME_FAVOURITE
EIQ_RACE_984505244975ECCD,EIQ_HORSE_B2EF5C1D07919F4F,2021,-0.0036796080593606284,EIQ_HORSE_EED4EA636354A538,EIQ_HORSE_EED4EA636354A538,SAME_FAVOURITE,False,False,SAME_FAVOURITE
EIQ_RACE_984CCE241F3FB456,EIQ_HORSE_DBF7A8D3BBE29C6C,2021,0.06493688025226207,EIQ_HORSE_645087827A947EC1,EIQ_HORSE_645087827A947EC1,SAME_FAVOURITE,False,False,SAME_FAVOURITE
EIQ_RACE_9850D105163FD959,EIQ_HORSE_8B68EEA68B2A4DFD,2021,0.06511123004463304,EIQ_HORSE_B7914C780944AE2A,EIQ_HORSE_B7914C780944AE2A,SAME_FAVOURITE,False,False,SAME_FAVOURITE
EIQ_RACE_9863DB06D670EA14,EIQ_HORSE_CC00D2C3BB4AC619,2023,0.182999697491963,EIQ_HORSE_33B5537197DE8235,EIQ_HORSE_CC00D2C3BB4AC619,CHALLENGER_CHANGED_FAVOURITE,False,True,STRICT_WRONG_DROP_CORRECT
EIQ_RACE_986CC3201EF82814,EIQ_HORSE_7A740B6CAF51A644,2023,0.3039792350403623,EIQ_HORSE_9E98CB5CF0434C78,EIQ_HORSE_9E98CB5CF0434C78,SAME_FAVOURITE,False,False,SAME_FAVOURITE
EIQ_RACE_986FAB9887B4E62B,EIQ_HORSE_B0488F797C08A6D9,2024,0.0595086256945363,EIQ_HORSE_E235D58EAA4DC761,EIQ_HORSE_B20249229E726E59,CHALLENGER_CHANGED_FAVOURITE,False,False,BOTH_WRONG
EIQ_RACE_986FD5A924284333,EIQ_HORSE_3D2B2E144A1FAB7F,2021,-0.06120664467192438,EIQ_HORSE_3D2B2E144A1FAB7F,EIQ_HORSE_3D2B2E144A1FAB7F,SAME_FAVOURITE,True,True,SAME_FAVOURITE
EIQ_RACE_989A7BF59F113655,EIQ_HORSE_1C3A84E47AB6FF2B,2024,0.08495549270788283,EIQ_HORSE_815BCF7A4634B758,EIQ_HORSE_815BCF7A4634B758,SAME_FAVOURITE,False,False,SAME_FAVOURITE
EIQ_RACE_98ABB1ADBEE9B4AB,EIQ_HORSE_9E92F9955F965958,2021,-0.21084544505761427,EIQ_HORSE_AFD5290035033FFB,EIQ_HORSE_AFD5290035033FFB,SAME_FAVOURITE,False,False,SAME_FAVOURITE
EIQ_RACE_98B970F7957FDBE5,EIQ_HORSE_5B8F898875B5C414,2026,-0.004344193495623205,EIQ_HORSE_164F96ABBA8A4A0D,EIQ_HORSE_164F96ABBA8A4A0D,SAME_FAVOURITE,False,False,SAME_FAVOURITE
EIQ_RACE_98BDD08C601FA73A,EIQ_HORSE_7889611C3EED70FA,2021,-0.13624597517239478,EIQ_HORSE_7889611C3EED70FA,EIQ_HORSE_7889611C3EED70FA,SAME_FAVOURITE,True,True,SAME_FAVOURITE
EIQ_RACE_98CFEF1B648A73E4,EIQ_HORSE_5423947381606EFC,2024,0.0009194304993371816,EIQ_HORSE_5423947381606EFC,EIQ_HORSE_5423947381606EFC,SAME_FAVOURITE,True,True,SAME_FAVOURITE
EIQ_RACE_98F22D99B3AB19DF,EIQ_HORSE_B7C3835C4A3698CA,2026,0.0039045646541970846,EIQ_HORSE_1F9D3FBC9E146168,EIQ_HORSE_D06517230FB77E28,CHALLENGER_CHANGED_FAVOURITE,False,False,BOTH_WRONG
EIQ_RACE_98F601EE53AD75E9,EIQ_HORSE_D2C479E8C8E5DE01,2026,-0.019440544512779212,EIQ_HORSE_66BCD0C64E02765A,EIQ_HORSE_66BCD0C64E02765A,SAME_FAVOURITE,False,False,SAME_FAVOURITE
EIQ_RACE_99059C0119EF44D5,EIQ_HORSE_091E7CBBFF747507,2026,-0.12718061232828104,EIQ_HORSE_6472C1F3C9D30B32,EIQ_HORSE_6472C1F3C9D30B32,SAME_FAVOURITE,False,False,SAME_FAVOURITE
EIQ_RACE_990D7EF2B972BDCE,EIQ_HORSE_CAE9FDDDD98DD5F2,2021,0.17212278153168858,EIQ_HORSE_7F443B6BD8E626C5,EIQ_HORSE_7F443B6BD8E626C5,SAME_FAVOURITE,False,False,SAME_FAVOURITE
EIQ_RACE_990F1F7A11719E35,EIQ_HORSE_AAAABDFA1DE9D6D9,2024,0.04927966711986054,EIQ_HORSE_C2736E3B50657148,EIQ_HORSE_C2736E3B50657148,SAME_FAVOURITE,False,False,SAME_FAVOURITE
EIQ_RACE_992068846A5F1D9A,EIQ_HORSE_C5F882861BDCB82C,2024,-0.016957142769471467,EIQ_HORSE_176279239FB09195,EIQ_HORSE_176279239FB09195,SAME_FAVOURITE,False,False,SAME_FAVOURITE
EIQ_RACE_992CAE1E1E4D7CE8,EIQ_HORSE_4343750113002C7C,2024,0.054156659538841634,EIQ_HORSE_B2B56059D3E6E0DB,EIQ_HORSE_B2B56059D3E6E0DB,SAME_FAVOURITE,False,False,SAME_FAVOURITE
EIQ_RACE_9937907FC8417105,EIQ_HORSE_D3A11E0A1950C056,2021,-0.014983376344721577,EIQ_HORSE_4B252FFE1DD0C651,EIQ_HORSE_4B252FFE1DD0C651,SAME_FAVOURITE,False,False,SAME_FAVOURITE
EIQ_RACE_994060C6EFEAA28F,EIQ_HORSE_CDA54466604A41CE,2021,-0.03426376003067233,EIQ_HORSE_F547EA32B7B874CD,EIQ_HORSE_F547EA32B7B874CD,SAME_FAVOURITE,False,False,SAME_FAVOURITE
EIQ_RACE_9949C75F02E1ACD2,EIQ_HORSE_262AEA22984991BB,2021,0.10939749423574696,EIQ_HORSE_262AEA22984991BB,EIQ_HORSE_262AEA22984991BB,SAME_FAVOURITE,True,True,SAME_FAVOURITE
EIQ_RACE_994D8E85843E538D,EIQ_HORSE_9B5499E9206DBD01,2024,9.742698680459405e-05,EIQ_HORSE_9B5499E9206DBD01,EIQ_HORSE_9B5499E9206DBD01,SAME_FAVOURITE,True,True,SAME_FAVOURITE
EIQ_RACE_99664CC10D968863,EIQ_HORSE_EFE2581671F8E956,2023,-0.039174112120325955,EIQ_HORSE_EC3F837B6574FA3D,EIQ_HORSE_EC3F837B6574FA3D,SAME_FAVOURITE,False,False,SAME_FAVOURITE
EIQ_RACE_996AB1EE7380BB52,EIQ_HORSE_CDBE9D70DA29AD02,2025,0.144409589629094,EIQ_HORSE_0E0CC5D74A44D70E,EIQ_HORSE_E633EFCB20932354,CHALLENGER_CHANGED_FAVOURITE,False,False,BOTH_WRONG
EIQ_RACE_9978FB52BCBFF2CE,EIQ_HORSE_9C61C29150A7B4EC,2022,-0.03050841135926996,EIQ_HORSE_9C61C29150A7B4EC,EIQ_HORSE_4DB6DBBC52EA0E24,CHALLENGER_CHANGED_FAVOURITE,True,False,STRICT_CORRECT_DROP_WRONG
EIQ_RACE_99809A2DD795374F,EIQ_HORSE_101CBF62C7051FFB,2026,0.042563178996279705,EIQ_HORSE_101CBF62C7051FFB,EIQ_HORSE_101CBF62C7051FFB,SAME_FAVOURITE,True,True,SAME_FAVOURITE
EIQ_RACE_998D2E7097EE48E1,EIQ_HORSE_22D10F3A55644ADC,2025,-0.014904414298597013,EIQ_HORSE_F30CD40A6AC6D1C0,EIQ_HORSE_F30CD40A6AC6D1C0,SAME_FAVOURITE,False,False,SAME_FAVOURITE
EIQ_RACE_998F037EB174D5B9,EIQ_HORSE_5AFBE008457665E5,2025,0.02530582601958109,EIQ_HORSE_619BB7A8F44C7842,EIQ_HORSE_619BB7A8F44C7842,SAME_FAVOURITE,False,False,SAME_FAVOURITE
EIQ_RACE_999B0C23A6F7BCB5,EIQ_HORSE_1A344C8D30F3007E,2025,0.040498470555083266,EIQ_HORSE_1E85F04E95086A22,EIQ_HORSE_1E85F04E95086A22,SAME_FAVOURITE,False,False,SAME_FAVOURITE
EIQ_RACE_999C7FA1F9002B66,EIQ_HORSE_FB0A3A168CD11C45,2025,-0.03625739619162349,EIQ_HORSE_97CC0CB442FB62CB,EIQ_HORSE_7F3A0457CFAFB64F,CHALLENGER_CHANGED_FAVOURITE,False,False,BOTH_WRONG
EIQ_RACE_99A40CE4B819B8EB,EIQ_HORSE_D6347CA4BFAC3AC8,2024,0.10295175476002072,EIQ_HORSE_A27534756EBC9B3E,EIQ_HORSE_A27534756EBC9B3E,SAME_FAVOURITE,False,False,SAME_FAVOURITE
EIQ_RACE_99ACBE2B85B93CD4,EIQ_HORSE_17D7A82009C1926B,2025,0.0976725489946062,EIQ_HORSE_84E21861102DA0A5,EIQ_HORSE_84E21861102DA0A5,SAME_FAVOURITE,False,False,SAME_FAVOURITE
EIQ_RACE_99B2CB41059BD514,EIQ_HORSE_A68A29E3ADB5528B,2025,0.08442362481413301,EIQ_HORSE_A68A29E3ADB5528B,EIQ_HORSE_A68A29E3ADB5528B,SAME_FAVOURITE,True,True,SAME_FAVOURITE
EIQ_RACE_99B8E74D5F18B223,EIQ_HORSE_5C317CDFF9863D8C,2025,-0.16051324778570497,EIQ_HORSE_813049370840171B,EIQ_HORSE_813049370840171B,SAME_FAVOURITE,False,False,SAME_FAVOURITE
EIQ_RACE_99BAFB0B25506BF7,EIQ_HORSE_F3497D9D6DFDF96E,2024,-0.06366598569176318,EIQ_HORSE_9DA755C75488A94C,EIQ_HORSE_64E027CAD467B6DD,CHALLENGER_CHANGED_FAVOURITE,False,False,BOTH_WRONG
EIQ_RACE_99C246001665E503,EIQ_HORSE_FCDEADCC53978B73,2025,-0.04212218536986412,EIQ_HORSE_F6335A8E07D2D713,EIQ_HORSE_F6335A8E07D2D713,SAME_FAVOURITE,False,False,SAME_FAVOURITE
EIQ_RACE_99C3A61969068603,EIQ_HORSE_E71C58AC45BA9504,2026,0.11372622744988448,EIQ_HORSE_1C9640730FB50C28,EIQ_HORSE_1C9640730FB50C28,SAME_FAVOURITE,False,False,SAME_FAVOURITE
EIQ_RACE_99CC0FD926114FFD,EIQ_HORSE_6C46C1712AB5CCD7,2023,-0.18546720960706042,EIQ_HORSE_6C46C1712AB5CCD7,EIQ_HORSE_A7BD934C5E6C2044,CHALLENGER_CHANGED_FAVOURITE,True,False,STRICT_CORRECT_DROP_WRONG
EIQ_RACE_99D2B6421D675741,EIQ_HORSE_49369FC5F39091EB,2023,0.16246944982517642,EIQ_HORSE_E557E3C5A3BFE545,EIQ_HORSE_E557E3C5A3BFE545,SAME_FAVOURITE,False,False,SAME_FAVOURITE
EIQ_RACE_99DDEFF259519814,EIQ_HORSE_25A477CDA9DE5EFA,2021,0.003748260354397459,EIQ_HORSE_154CE47186D6E3C9,EIQ_HORSE_154CE47186D6E3C9,SAME_FAVOURITE,False,False,SAME_FAVOURITE
EIQ_RACE_99DF1B313DF37DEF,EIQ_HORSE_1470ABD52D047ABB,2021,0.09727774446958226,EIQ_HORSE_1470ABD52D047ABB,EIQ_HORSE_1470ABD52D047ABB,SAME_FAVOURITE,True,True,SAME_FAVOURITE
EIQ_RACE_99E5230B5465C51C,EIQ_HORSE_5B91C6FDD5810514,2026,0.01133388057909479,EIQ_HORSE_5B91C6FDD5810514,EIQ_HORSE_5B91C6FDD5810514,SAME_FAVOURITE,True,True,SAME_FAVOURITE
EIQ_RACE_99F73B2AED420187,EIQ_HORSE_F90AF08890572073,2026,-0.03246211331390292,EIQ_HORSE_F90AF08890572073,EIQ_HORSE_F90AF08890572073,SAME_FAVOURITE,True,True,SAME_FAVOURITE
EIQ_RACE_99FEB38488AC340D,EIQ_HORSE_9ABF769DA4E79666,2021,0.171822426854495,EIQ_HORSE_DD5AD729B108A1F9,EIQ_HORSE_DD5AD729B108A1F9,SAME_FAVOURITE,False,False,SAME_FAVOURITE
EIQ_RACE_9A035C5D79745364,EIQ_HORSE_7842B1CDF29277B4,2022,0.04540101268461161,EIQ_HORSE_4E89D9906186D69A,EIQ_HORSE_4E89D9906186D69A,SAME_FAVOURITE,False,False,SAME_FAVOURITE
EIQ_RACE_9A1C8F2E0B8C08A7,EIQ_HORSE_E88CB3F730383CCA,2021,-0.009781183702225249,EIQ_HORSE_1470ABD52D047ABB,EIQ_HORSE_10F1CC96F18ED060,CHALLENGER_CHANGED_FAVOURITE,False,False,BOTH_WRONG
EIQ_RACE_9A332CF8387AC1FD,EIQ_HORSE_C54323EF3468FA92,2026,-0.043770663516579766,EIQ_HORSE_E2221369B782E6C8,EIQ_HORSE_E2221369B782E6C8,SAME_FAVOURITE,False,False,SAME_FAVOURITE
EIQ_RACE_9A341BF7E7A562A8,EIQ_HORSE_50F1D67A36887FC1,2021,0.17996961063592876,EIQ_HORSE_1DDB0C126C4F08C9,EIQ_HORSE_1DDB0C126C4F08C9,SAME_FAVOURITE,False,False,SAME_FAVOURITE
EIQ_RACE_9A3632F1864EB498,EIQ_HORSE_4D4E0714CDE97340,2026,-0.04937279256747429,EIQ_HORSE_2205097C5DF7A700,EIQ_HORSE_2205097C5DF7A700,SAME_FAVOURITE,False,False,SAME_FAVOURITE
EIQ_RACE_9A3E6EE194CEF338,EIQ_HORSE_878842DE2020C0AF,2023,-0.05572582706844997,EIQ_HORSE_B5F2ABB2660D5F85,EIQ_HORSE_B5F2ABB2660D5F85,SAME_FAVOURITE,False,False,SAME_FAVOURITE
EIQ_RACE_9A4807CA615BF89F,EIQ_HORSE_A629242B7965F415,2024,0.1455444852078247,EIQ_HORSE_36CC4894176D1B1F,EIQ_HORSE_36CC4894176D1B1F,SAME_FAVOURITE,False,False,SAME_FAVOURITE
EIQ_RACE_9A59A91345E7B34E,EIQ_HORSE_7B36343F906539B7,2026,0.02321659447635005,EIQ_HORSE_979733B5EDEFB6AB,EIQ_HORSE_979733B5EDEFB6AB,SAME_FAVOURITE,False,False,SAME_FAVOURITE
EIQ_RACE_9A5DC0609495B458,EIQ_HORSE_E3623D20FBD8517E,2023,0.07749206356188454,EIQ_HORSE_09107B19B7D60EEC,EIQ_HORSE_09107B19B7D60EEC,SAME_FAVOURITE,False,False,SAME_FAVOURITE
EIQ_RACE_9A6C9BEF167305EB,EIQ_HORSE_AD0AE2807CAEC1D3,2025,0.14098640275379926,EIQ_HORSE_6B40EE5019292248,EIQ_HORSE_A273A6F9DE5F36F0,CHALLENGER_CHANGED_FAVOURITE,False,False,BOTH_WRONG
EIQ_RACE_9A8331B2B1311675,EIQ_HORSE_29FDDE8F56C30849,2024,-0.07308197644638792,EIQ_HORSE_8F6CF812965FDE55,EIQ_HORSE_8F6CF812965FDE55,SAME_FAVOURITE,False,False,SAME_FAVOURITE
EIQ_RACE_9A84724E5BA2EF11,EIQ_HORSE_6551F9A5E52EDB1D,2026,-0.011281720780127458,EIQ_HORSE_9C9098711DDAC441,EIQ_HORSE_9C9098711DDAC441,SAME_FAVOURITE,False,False,SAME_FAVOURITE
EIQ_RACE_9A85096601C43D09,EIQ_HORSE_940F68FD9873ADBA,2024,0.013287267158898608,EIQ_HORSE_2CE11E2A994ECFB5,EIQ_HORSE_2CE11E2A994ECFB5,SAME_FAVOURITE,False,False,SAME_FAVOURITE
EIQ_RACE_9A8CC19F13346040,EIQ_HORSE_E6AFF7C90CED906A,2024,-0.18471161792394808,EIQ_HORSE_0D2B86A34E2FB6AE,EIQ_HORSE_0D2B86A34E2FB6AE,SAME_FAVOURITE,False,False,SAME_FAVOURITE
EIQ_RACE_9A93ECEC16AEA11E,EIQ_HORSE_ED2416BF8B15039D,2025,-0.12305180574348262,EIQ_HORSE_ED2416BF8B15039D,EIQ_HORSE_646A70C83D819663,CHALLENGER_CHANGED_FAVOURITE,True,False,STRICT_CORRECT_DROP_WRONG
EIQ_RACE_9A98E37F1B981B0D,EIQ_HORSE_1922A324770726C1,2026,-0.034639497142912035,EIQ_HORSE_F272E626CAF52663,EIQ_HORSE_F272E626CAF52663,SAME_FAVOURITE,False,False,SAME_FAVOURITE
EIQ_RACE_9AA59C6A4D220FD7,EIQ_HORSE_572FA1731AB6EB41,2026,-0.025096896104593647,EIQ_HORSE_DB0E79541F2A219E,EIQ_HORSE_DB0E79541F2A219E,SAME_FAVOURITE,False,False,SAME_FAVOURITE
EIQ_RACE_9AB312E2A36FDAE9,EIQ_HORSE_D5C5B171291C1518,2021,0.03350207272373673,EIQ_HORSE_10E8B11E36CA31C3,EIQ_HORSE_10E8B11E36CA31C3,SAME_FAVOURITE,False,False,SAME_FAVOURITE
EIQ_RACE_9ACC960541228C2A,EIQ_HORSE_9358DD9A8DB988FC,2021,0.009142677064310822,EIQ_HORSE_29029B5ED5A7BB75,EIQ_HORSE_29029B5ED5A7BB75,SAME_FAVOURITE,False,False,SAME_FAVOURITE
EIQ_RACE_9AD620773B7F62E9,EIQ_HORSE_03155E6C009FCA6D,2025,0.019677271671347363,EIQ_HORSE_923DF3A40AC829A7,EIQ_HORSE_9EEDAAA8826D30F3,CHALLENGER_CHANGED_FAVOURITE,False,False,BOTH_WRONG
EIQ_RACE_9AD79CA4951A08AB,EIQ_HORSE_7CDE33D28C0FD341,2021,-0.1350223376124715,EIQ_HORSE_CABE7398F717E4E8,EIQ_HORSE_CABE7398F717E4E8,SAME_FAVOURITE,False,False,SAME_FAVOURITE
EIQ_RACE_9AD7C1742B583152,EIQ_HORSE_CE30BD26B14DD242,2021,-0.08700312464093596,EIQ_HORSE_C5FCF2024BE1C380,EIQ_HORSE_C5FCF2024BE1C380,SAME_FAVOURITE,False,False,SAME_FAVOURITE
EIQ_RACE_9AD86F2FB08F2E5B,EIQ_HORSE_E57AEA8058DCC708,2025,0.006903053478724219,EIQ_HORSE_E57AEA8058DCC708,EIQ_HORSE_E57AEA8058DCC708,SAME_FAVOURITE,True,True,SAME_FAVOURITE
EIQ_RACE_9ADD124604978B79,EIQ_HORSE_08773F9F39000B5B,2022,0.11601037963834893,EIQ_HORSE_08773F9F39000B5B,EIQ_HORSE_08773F9F39000B5B,SAME_FAVOURITE,True,True,SAME_FAVOURITE
EIQ_RACE_9AEA58EA770632C5,EIQ_HORSE_D0907CD6EE31BBC2,2024,-0.03111543964626473,EIQ_HORSE_D0907CD6EE31BBC2,EIQ_HORSE_D0907CD6EE31BBC2,SAME_FAVOURITE,True,True,SAME_FAVOURITE
EIQ_RACE_9AEB0AF97C53E7F1,EIQ_HORSE_7C9AC423EA04B2C6,2022,-0.02784026716062815,EIQ_HORSE_3E972124ED4CD5AE,EIQ_HORSE_3E972124ED4CD5AE,SAME_FAVOURITE,False,False,SAME_FAVOURITE
EIQ_RACE_9AF08142E6FF8A95,EIQ_HORSE_9CB66E7FA46795BC,2025,0.10812482800102474,EIQ_HORSE_4FA2805B5D2381AB,EIQ_HORSE_4FA2805B5D2381AB,SAME_FAVOURITE,False,False,SAME_FAVOURITE
EIQ_RACE_9AF671A621FFCA39,EIQ_HORSE_622699B21D7E4B2B,2024,-0.05794404972564493,EIQ_HORSE_B1AB22362F5F3C09,EIQ_HORSE_B1AB22362F5F3C09,SAME_FAVOURITE,False,False,SAME_FAVOURITE
EIQ_RACE_9AF91229149BEEA9,EIQ_HORSE_C9C9EC2640B46E38,2024,0.08643509348618617,EIQ_HORSE_2316FA51602D8DAB,EIQ_HORSE_2316FA51602D8DAB,SAME_FAVOURITE,False,False,SAME_FAVOURITE
EIQ_RACE_9AFB9B1E3E147561,EIQ_HORSE_B99D2001139E13F5,2025,0.10828393879496412,EIQ_HORSE_D08C4A52ABA2666D,EIQ_HORSE_D08C4A52ABA2666D,SAME_FAVOURITE,False,False,SAME_FAVOURITE
EIQ_RACE_9B043AEC2C827464,EIQ_HORSE_4AD23FE6579EEF6C,2026,0.01874022729809921,EIQ_HORSE_D47749D4F7F69C88,EIQ_HORSE_D47749D4F7F69C88,SAME_FAVOURITE,False,False,SAME_FAVOURITE
EIQ_RACE_9B09EFD9C6C59130,EIQ_HORSE_4A669C0FC62DE796,2025,0.14393214462767867,EIQ_HORSE_CC8F2EE25D05FF82,EIQ_HORSE_CC8F2EE25D05FF82,SAME_FAVOURITE,False,False,SAME_FAVOURITE
EIQ_RACE_9B15F931A8250578,EIQ_HORSE_F296912FAF5B3FD2,2025,-0.02983607039069258,EIQ_HORSE_5CE8C0F705A23D4A,EIQ_HORSE_5CE8C0F705A23D4A,SAME_FAVOURITE,False,False,SAME_FAVOURITE
EIQ_RACE_9B1EC4C985B4E8E4,EIQ_HORSE_C530CDADA32AD05D,2024,-0.15259343711381712,EIQ_HORSE_39531E49DC2BF0E0,EIQ_HORSE_39531E49DC2BF0E0,SAME_FAVOURITE,False,False,SAME_FAVOURITE
EIQ_RACE_9B23D20B5B2929C9,EIQ_HORSE_2F98D7EBF6B76704,2023,-0.06553119003066321,EIQ_HORSE_54E8D8229BF24FA8,EIQ_HORSE_54E8D8229BF24FA8,SAME_FAVOURITE,False,False,SAME_FAVOURITE
EIQ_RACE_9B405BEE816D40DA,EIQ_HORSE_6C911E52B254B484,2025,-0.05100478291655053,EIQ_HORSE_6C911E52B254B484,EIQ_HORSE_6C911E52B254B484,SAME_FAVOURITE,True,True,SAME_FAVOURITE
EIQ_RACE_9B63C9C9EDC01378,EIQ_HORSE_A46E3A29A5BA0125,2025,-0.01685002639634936,EIQ_HORSE_A46E3A29A5BA0125,EIQ_HORSE_A46E3A29A5BA0125,SAME_FAVOURITE,True,True,SAME_FAVOURITE
EIQ_RACE_9B69778B4B4C2392,EIQ_HORSE_FD08723384692BC3,2023,-0.043021423894898714,EIQ_HORSE_5FAEB30BE42AAE1A,EIQ_HORSE_12309588E904597E,CHALLENGER_CHANGED_FAVOURITE,False,False,BOTH_WRONG
EIQ_RACE_9B6B4CF82684C8F1,EIQ_HORSE_AA49A1EA007CE7B3,2021,0.0053004361545399,EIQ_HORSE_AA49A1EA007CE7B3,EIQ_HORSE_AA49A1EA007CE7B3,SAME_FAVOURITE,True,True,SAME_FAVOURITE
EIQ_RACE_9B6DAC597B79D3FD,EIQ_HORSE_B81153653F940ABD,2025,-0.1381648632840191,EIQ_HORSE_606394A999DC8991,EIQ_HORSE_606394A999DC8991,SAME_FAVOURITE,False,False,SAME_FAVOURITE
EIQ_RACE_9B71819E724B315D,EIQ_HORSE_6B40EE5019292248,2023,-0.050527800218947316,EIQ_HORSE_05C43E9E97F0E793,EIQ_HORSE_93F6DF3044467F13,CHALLENGER_CHANGED_FAVOURITE,False,False,BOTH_WRONG
EIQ_RACE_9B8C224479A5BEAD,EIQ_HORSE_6E9B632E94BA7F08,2021,0.06424147619711817,EIQ_HORSE_AFFC74B7ADBFB9B1,EIQ_HORSE_AFFC74B7ADBFB9B1,SAME_FAVOURITE,False,False,SAME_FAVOURITE
EIQ_RACE_9B9056BC3DC80B4F,EIQ_HORSE_B6BB0C85ACA99093,2023,0.06828989483424541,EIQ_HORSE_4B6267C6178DD2CB,EIQ_HORSE_4B6267C6178DD2CB,SAME_FAVOURITE,False,False,SAME_FAVOURITE
EIQ_RACE_9BA2BB8564979065,EIQ_HORSE_CE3DD7E4207FA933,2024,-0.0630615695301957,EIQ_HORSE_7D55A4859BE244EF,EIQ_HORSE_7D55A4859BE244EF,SAME_FAVOURITE,False,False,SAME_FAVOURITE
EIQ_RACE_9BBD6FF06E967C13,EIQ_HORSE_E689D8784C6D7E4A,2023,0.11661852663974326,EIQ_HORSE_07616F3956A6F614,EIQ_HORSE_07616F3956A6F614,SAME_FAVOURITE,False,False,SAME_FAVOURITE
EIQ_RACE_9BDAD300CAF8536F,EIQ_HORSE_A4C0E3190C040376,2025,-0.0726031023829734,EIQ_HORSE_F29620AB0B7EA61A,EIQ_HORSE_F29620AB0B7EA61A,SAME_FAVOURITE,False,False,SAME_FAVOURITE
EIQ_RACE_9BDCD09B8BD012D4,EIQ_HORSE_9E015AB9A9ADC780,2024,0.10472313904639652,EIQ_HORSE_B0383C69B655BC59,EIQ_HORSE_B0383C69B655BC59,SAME_FAVOURITE,False,False,SAME_FAVOURITE
EIQ_RACE_9BE5668C6BCDE745,EIQ_HORSE_0AA774CE71E1D202,2023,0.021421563407311606,EIQ_HORSE_B82D5A5A4C4641CF,EIQ_HORSE_B82D5A5A4C4641CF,SAME_FAVOURITE,False,False,SAME_FAVOURITE
EIQ_RACE_9BEE20F83E4E2377,EIQ_HORSE_F98D0B9CC7E98526,2024,0.09092964258910885,EIQ_HORSE_4A76D30D02B23162,EIQ_HORSE_F98D0B9CC7E98526,CHALLENGER_CHANGED_FAVOURITE,False,True,STRICT_WRONG_DROP_CORRECT
EIQ_RACE_9BFCB264F4E1D6B5,EIQ_HORSE_46C7074F293ACAFB,2024,0.009419824661659248,EIQ_HORSE_482F543F42909DA8,EIQ_HORSE_482F543F42909DA8,SAME_FAVOURITE,False,False,SAME_FAVOURITE
EIQ_RACE_9C036BF47A57D17D,EIQ_HORSE_5870FE04F1D23C7E,2023,-0.0963867962997722,EIQ_HORSE_6273551D1CE180A2,EIQ_HORSE_6273551D1CE180A2,SAME_FAVOURITE,False,False,SAME_FAVOURITE
EIQ_RACE_9C19F6A77283AAE0,EIQ_HORSE_17649C129DC64900,2023,-0.028830414114066283,EIQ_HORSE_46D449D4D247A50A,EIQ_HORSE_46D449D4D247A50A,SAME_FAVOURITE,False,False,SAME_FAVOURITE
EIQ_RACE_9C1E32916B6DD6A3,EIQ_HORSE_C02B4EE1AB97F15A,2021,-0.14303727349650663,EIQ_HORSE_C02B4EE1AB97F15A,EIQ_HORSE_C02B4EE1AB97F15A,SAME_FAVOURITE,True,True,SAME_FAVOURITE
EIQ_RACE_9C27EB25E5611CC0,EIQ_HORSE_9D75AB628DD65639,2024,-0.04397342304365637,EIQ_HORSE_3C2292132E6BA08D,EIQ_HORSE_3C2292132E6BA08D,SAME_FAVOURITE,False,False,SAME_FAVOURITE
EIQ_RACE_9C39660AC60611D7,EIQ_HORSE_CB2D6CDB4C95B9D9,2021,0.014265946841306665,EIQ_HORSE_05649A3D483B558E,EIQ_HORSE_05649A3D483B558E,SAME_FAVOURITE,False,False,SAME_FAVOURITE
EIQ_RACE_9C3C0F1260C58A55,EIQ_HORSE_5AA153BDD84E51C7,2024,-0.25986486519073626,EIQ_HORSE_5CCE076206574FF8,EIQ_HORSE_5CCE076206574FF8,SAME_FAVOURITE,False,False,SAME_FAVOURITE
EIQ_RACE_9C4FEF3C16C5D08A,EIQ_HORSE_0D0FAC470C28E25D,2021,0.09520262620559361,EIQ_HORSE_589A8D08824E903F,EIQ_HORSE_589A8D08824E903F,SAME_FAVOURITE,False,False,SAME_FAVOURITE
EIQ_RACE_9C54D1EC9EDE871E,EIQ_HORSE_093D92298E200B5A,2024,-0.12035297579785498,EIQ_HORSE_BEEAC8D8D051DA00,EIQ_HORSE_0DDEB10CF0B90D3B,CHALLENGER_CHANGED_FAVOURITE,False,False,BOTH_WRONG
EIQ_RACE_9C591666B2D1F260,EIQ_HORSE_A31630A9C57D8F5A,2021,0.062413825053105,EIQ_HORSE_A31630A9C57D8F5A,EIQ_HORSE_A31630A9C57D8F5A,SAME_FAVOURITE,True,True,SAME_FAVOURITE
EIQ_RACE_9C64BCB96C6964BD,EIQ_HORSE_E735EB0F83265172,2024,-0.08058902530755585,EIQ_HORSE_FD7B7AA568071CEE,EIQ_HORSE_FD7B7AA568071CEE,SAME_FAVOURITE,False,False,SAME_FAVOURITE
EIQ_RACE_9C671D8A4FB35094,EIQ_HORSE_4A3C8CC177FA301A,2023,-0.034381433939536965,EIQ_HORSE_BD33C5CAD85B8CF5,EIQ_HORSE_528006909D3E46E9,CHALLENGER_CHANGED_FAVOURITE,False,False,BOTH_WRONG
EIQ_RACE_9C68EDD55D09A197,EIQ_HORSE_FF52445674781936,2023,0.055473562143806276,EIQ_HORSE_B6D3EE26DEFCCF39,EIQ_HORSE_B6D3EE26DEFCCF39,SAME_FAVOURITE,False,False,SAME_FAVOURITE
EIQ_RACE_9C98BB226BA3AC8B,EIQ_HORSE_63565D24CA63E6B1,2021,-0.05462455818278955,EIQ_HORSE_48DA51A0E138AB00,EIQ_HORSE_48DA51A0E138AB00,SAME_FAVOURITE,False,False,SAME_FAVOURITE
EIQ_RACE_9CA42EB136BC174F,EIQ_HORSE_9CA21EAA90E58BFE,2025,-0.09682777216210425,EIQ_HORSE_9CA21EAA90E58BFE,EIQ_HORSE_9CA21EAA90E58BFE,SAME_FAVOURITE,True,True,SAME_FAVOURITE
EIQ_RACE_9CA9440D0EE541EF,EIQ_HORSE_583D83C487FDAC70,2025,-0.0036981752817042413,EIQ_HORSE_60C4A3D31571570D,EIQ_HORSE_60C4A3D31571570D,SAME_FAVOURITE,False,False,SAME_FAVOURITE
EIQ_RACE_9CDE8978FE809149,EIQ_HORSE_41EE7995C801CB9C,2024,0.08472485654389139,EIQ_HORSE_41EE7995C801CB9C,EIQ_HORSE_41EE7995C801CB9C,SAME_FAVOURITE,True,True,SAME_FAVOURITE
EIQ_RACE_9CE92C029A6ECA3C,EIQ_HORSE_03486358914A1304,2024,0.15937515265579583,EIQ_HORSE_B302B05CD02AF38E,EIQ_HORSE_B302B05CD02AF38E,SAME_FAVOURITE,False,False,SAME_FAVOURITE
EIQ_RACE_9CF1BA82CE61480E,EIQ_HORSE_6AE873A7CCD8A380,2021,0.05711117760582285,EIQ_HORSE_2C9374AF654965C4,EIQ_HORSE_6AE873A7CCD8A380,CHALLENGER_CHANGED_FAVOURITE,False,True,STRICT_WRONG_DROP_CORRECT
EIQ_RACE_9CFBFD5F0704449B,EIQ_HORSE_D1CB2443A8F7EA51,2023,0.0931456076344892,EIQ_HORSE_B42A77684DC231EE,EIQ_HORSE_B7CE8A8E0489937E,CHALLENGER_CHANGED_FAVOURITE,False,False,BOTH_WRONG
EIQ_RACE_9D166C89FDB2D527,EIQ_HORSE_45D33CBE6FEF4D4E,2022,0.08964989588857164,EIQ_HORSE_0AAA75888A87B08C,EIQ_HORSE_92295A9DBEE27C01,CHALLENGER_CHANGED_FAVOURITE,False,False,BOTH_WRONG
EIQ_RACE_9D2497CCDA0C8485,EIQ_HORSE_02D46FDD77A3EA12,2023,0.15646091794857764,EIQ_HORSE_9A80ECEE40A42B4E,EIQ_HORSE_2C4D1BDD3632F9B6,CHALLENGER_CHANGED_FAVOURITE,False,False,BOTH_WRONG
EIQ_RACE_9D30DB9642F45606,EIQ_HORSE_881B7DDDFBF9E7EA,2024,0.00715267435491862,EIQ_HORSE_C80ABD1E3E07CD98,EIQ_HORSE_C80ABD1E3E07CD98,SAME_FAVOURITE,False,False,SAME_FAVOURITE
EIQ_RACE_9D37539657729379,EIQ_HORSE_119BB523FAA1CF36,2024,0.04113072735399892,EIQ_HORSE_3ACD6FC794CB7CAC,EIQ_HORSE_3ACD6FC794CB7CAC,SAME_FAVOURITE,False,False,SAME_FAVOURITE
EIQ_RACE_9D519AB141314DBA,EIQ_HORSE_33B5537197DE8235,2023,-0.04380206732472347,EIQ_HORSE_19C606D6A9F97A06,EIQ_HORSE_19C606D6A9F97A06,SAME_FAVOURITE,False,False,SAME_FAVOURITE
EIQ_RACE_9D56E7013A94DB01,EIQ_HORSE_5B22AD509FE7A1EE,2025,0.1238328203038428,EIQ_HORSE_5B22AD509FE7A1EE,EIQ_HORSE_5B22AD509FE7A1EE,SAME_FAVOURITE,True,True,SAME_FAVOURITE
EIQ_RACE_9D5F9719EE47EDA5,EIQ_HORSE_35D883C6B6136857,2024,0.09348981093340414,EIQ_HORSE_35D883C6B6136857,EIQ_HORSE_35D883C6B6136857,SAME_FAVOURITE,True,True,SAME_FAVOURITE
EIQ_RACE_9D5FF6116F892D4B,EIQ_HORSE_27D18A88CE459A78,2025,-0.10837841188322006,EIQ_HORSE_9E90C4B8E1B7D425,EIQ_HORSE_9E90C4B8E1B7D425,SAME_FAVOURITE,False,False,SAME_FAVOURITE
EIQ_RACE_9D6498E81E98D2AB,EIQ_HORSE_248DB87BF17DA471,2025,-0.02898809004175651,EIQ_HORSE_248DB87BF17DA471,EIQ_HORSE_248DB87BF17DA471,SAME_FAVOURITE,True,True,SAME_FAVOURITE
EIQ_RACE_9D680BA951941CB8,EIQ_HORSE_0318EC5950792AFA,2024,-0.04138868273976226,EIQ_HORSE_0318EC5950792AFA,EIQ_HORSE_0318EC5950792AFA,SAME_FAVOURITE,True,True,SAME_FAVOURITE
EIQ_RACE_9D69FDE426B491CF,EIQ_HORSE_A2FCABB56C4B3ACF,2026,0.028014400294667174,EIQ_HORSE_A2FCABB56C4B3ACF,EIQ_HORSE_A2FCABB56C4B3ACF,SAME_FAVOURITE,True,True,SAME_FAVOURITE
EIQ_RACE_9D6D55921EA8E7B7,EIQ_HORSE_D6B7D2F06AFD9F5C,2024,-0.0035245218840926906,EIQ_HORSE_1541E867212B7878,EIQ_HORSE_1541E867212B7878,SAME_FAVOURITE,False,False,SAME_FAVOURITE
EIQ_RACE_9D704D403A3DF568,EIQ_HORSE_87C3410EF128F332,2021,0.22300161982296718,EIQ_HORSE_9AA14F2D929A1C0F,EIQ_HORSE_9AA14F2D929A1C0F,SAME_FAVOURITE,False,False,SAME_FAVOURITE
EIQ_RACE_9D71BA3493527176,EIQ_HORSE_D449F3A5A923B4E1,2026,0.25866972066656135,EIQ_HORSE_4FA2805B5D2381AB,EIQ_HORSE_4FA2805B5D2381AB,SAME_FAVOURITE,False,False,SAME_FAVOURITE
EIQ_RACE_9D7EE0B93BF630AC,EIQ_HORSE_849E7ACF16F73261,2026,-0.07445249757173844,EIQ_HORSE_849E7ACF16F73261,EIQ_HORSE_849E7ACF16F73261,SAME_FAVOURITE,True,True,SAME_FAVOURITE
EIQ_RACE_9D7EEA3C38001237,EIQ_HORSE_B0B33DBF49592E29,2024,-0.012852590082052195,EIQ_HORSE_80046ECD30C2B622,EIQ_HORSE_80046ECD30C2B622,SAME_FAVOURITE,False,False,SAME_FAVOURITE
EIQ_RACE_9D821D432D0B44C2,EIQ_HORSE_58329506F11584E3,2026,-0.11333326956580736,EIQ_HORSE_FF6AD8A6CDEC9D46,EIQ_HORSE_FF6AD8A6CDEC9D46,SAME_FAVOURITE,False,False,SAME_FAVOURITE
EIQ_RACE_9D8C0661220E42FE,EIQ_HORSE_BE199856E70C43D5,2022,-0.10539721291660276,EIQ_HORSE_9EE14DF1A477B8F8,EIQ_HORSE_9EE14DF1A477B8F8,SAME_FAVOURITE,False,False,SAME_FAVOURITE
EIQ_RACE_9D9545C3F64020F4,EIQ_HORSE_D00301CFB8DE21EB,2025,0.003788137440351891,EIQ_HORSE_3A61903D33C3F360,EIQ_HORSE_3A61903D33C3F360,SAME_FAVOURITE,False,False,SAME_FAVOURITE
EIQ_RACE_9D957613FF9157C1,EIQ_HORSE_45551C8C0885709E,2025,-0.08253275667450688,EIQ_HORSE_AEF017803E93AEE8,EIQ_HORSE_AEF017803E93AEE8,SAME_FAVOURITE,False,False,SAME_FAVOURITE
EIQ_RACE_9D95FC5EB78BBE61,EIQ_HORSE_E65BA19666CDE470,2026,0.23650600106960917,EIQ_HORSE_855FAF40B841C05C,EIQ_HORSE_855FAF40B841C05C,SAME_FAVOURITE,False,False,SAME_FAVOURITE
EIQ_RACE_9D9B07CE5D400B48,EIQ_HORSE_88D2AF65C13996BB,2025,0.1341202939253865,EIQ_HORSE_7B0F2D4AED778D56,EIQ_HORSE_7B0F2D4AED778D56,SAME_FAVOURITE,False,False,SAME_FAVOURITE
EIQ_RACE_9DA8295BADF61C7B,EIQ_HORSE_6BAD5C0DC47F6381,2021,-0.154041235283368,EIQ_HORSE_D1D2DA91A65826AE,EIQ_HORSE_D1D2DA91A65826AE,SAME_FAVOURITE,False,False,SAME_FAVOURITE
EIQ_RACE_9DC309078F368BE2,EIQ_HORSE_1166E2A8F90D08EF,2025,-0.04471302972068547,EIQ_HORSE_1166E2A8F90D08EF,EIQ_HORSE_1166E2A8F90D08EF,SAME_FAVOURITE,True,True,SAME_FAVOURITE
EIQ_RACE_9DCAA04403794866,EIQ_HORSE_A5D2F7D9B3D8C676,2023,-0.03671840975841656,EIQ_HORSE_58FCD54F56E73D0E,EIQ_HORSE_58FCD54F56E73D0E,SAME_FAVOURITE,False,False,SAME_FAVOURITE
EIQ_RACE_9DCB2BDBB2EFA995,EIQ_HORSE_CD254BAFB7D7977A,2021,-0.038348045657720764,EIQ_HORSE_7EE3EEACE55470FD,EIQ_HORSE_B302239CFE2FD020,CHALLENGER_CHANGED_FAVOURITE,False,False,BOTH_WRONG
EIQ_RACE_9DCEA74ACAAFA520,EIQ_HORSE_1D43DB1580A99201,2021,0.05981981409179293,EIQ_HORSE_AEC140DF5DEE7C14,EIQ_HORSE_AEC140DF5DEE7C14,SAME_FAVOURITE,False,False,SAME_FAVOURITE
EIQ_RACE_9DD42A64A259E661,EIQ_HORSE_13F71D96C4BAC70F,2021,-0.09623106494856426,EIQ_HORSE_BA448DEE8C11DC17,EIQ_HORSE_BA448DEE8C11DC17,SAME_FAVOURITE,False,False,SAME_FAVOURITE
EIQ_RACE_9DE8E1B0CCA7AF19,EIQ_HORSE_82C1523EB7660A16,2024,-0.1371095906677089,EIQ_HORSE_2038EE82D07D40B8,EIQ_HORSE_B9F72845BB131B8E,CHALLENGER_CHANGED_FAVOURITE,False,False,BOTH_WRONG
EIQ_RACE_9DF8660B60978B7A,EIQ_HORSE_69AB11016897FAC4,2023,-0.055217456233009,EIQ_HORSE_6ACAF0D460B93911,EIQ_HORSE_6ACAF0D460B93911,SAME_FAVOURITE,False,False,SAME_FAVOURITE
EIQ_RACE_9DF99518E7CA49ED,EIQ_HORSE_3B4E1474643CF9E9,2025,0.010838658684613645,EIQ_HORSE_822F0AF67A1F765A,EIQ_HORSE_822F0AF67A1F765A,SAME_FAVOURITE,False,False,SAME_FAVOURITE
EIQ_RACE_9E03DE7EDD4E263C,EIQ_HORSE_37E48CBACC3A9527,2023,-0.05220006527221388,EIQ_HORSE_BCB71009544DA469,EIQ_HORSE_BCB71009544DA469,SAME_FAVOURITE,False,False,SAME_FAVOURITE
EIQ_RACE_9E07D7DCDB553FFF,EIQ_HORSE_2F1BD2F83417DC1F,2021,0.02037108802808074,EIQ_HORSE_A380D3A719481C24,EIQ_HORSE_A380D3A719481C24,SAME_FAVOURITE,False,False,SAME_FAVOURITE
EIQ_RACE_9E0CCCF64FFC3A7E,EIQ_HORSE_E8E36DD70087CCEE,2022,-0.009922112952666984,EIQ_HORSE_E8E36DD70087CCEE,EIQ_HORSE_E8E36DD70087CCEE,SAME_FAVOURITE,True,True,SAME_FAVOURITE
EIQ_RACE_9E12837F98E1A28C,EIQ_HORSE_6897F2F87F633E39,2025,-0.0054768008855266,EIQ_HORSE_B93BCBAC2C816246,EIQ_HORSE_B93BCBAC2C816246,SAME_FAVOURITE,False,False,SAME_FAVOURITE
EIQ_RACE_9E1D5BA37028FF12,EIQ_HORSE_8A7C657F427B0B35,2025,-0.030872609300529152,EIQ_HORSE_226C08EAB0903B00,EIQ_HORSE_226C08EAB0903B00,SAME_FAVOURITE,False,False,SAME_FAVOURITE
EIQ_RACE_9E2405A631E3CBE7,EIQ_HORSE_EA02D5F02237AA44,2024,0.023541302362804828,EIQ_HORSE_81DC4355E0A3605F,EIQ_HORSE_81DC4355E0A3605F,SAME_FAVOURITE,False,False,SAME_FAVOURITE
EIQ_RACE_9E3FD3F7D8526D99,EIQ_HORSE_A7713312B2F020F8,2021,-0.09796212634736712,EIQ_HORSE_A7713312B2F020F8,EIQ_HORSE_1DC6AD79B700D223,CHALLENGER_CHANGED_FAVOURITE,True,False,STRICT_CORRECT_DROP_WRONG
EIQ_RACE_9E442812EEF66941,EIQ_HORSE_8244851D0CF8422F,2024,-0.04762855532550603,EIQ_HORSE_8244851D0CF8422F,EIQ_HORSE_0E79DF6C3681CA6E,CHALLENGER_CHANGED_FAVOURITE,True,False,STRICT_CORRECT_DROP_WRONG
EIQ_RACE_9E48310DC5B007F8,EIQ_HORSE_F8F4E546EF8C505D,2021,-0.22477993961955645,EIQ_HORSE_84D66E9CA45264A3,EIQ_HORSE_84D66E9CA45264A3,SAME_FAVOURITE,False,False,SAME_FAVOURITE
EIQ_RACE_9E4D442F727ABEA0,EIQ_HORSE_B10B53FFD6A2D803,2025,-0.2157177726589632,EIQ_HORSE_7FAB46084F2CE0D8,EIQ_HORSE_7FAB46084F2CE0D8,SAME_FAVOURITE,False,False,SAME_FAVOURITE
EIQ_RACE_9E6B4C5E869D7A70,EIQ_HORSE_807A8D2F3149F87C,2023,-0.15605864101285727,EIQ_HORSE_807A8D2F3149F87C,EIQ_HORSE_807A8D2F3149F87C,SAME_FAVOURITE,True,True,SAME_FAVOURITE
EIQ_RACE_9E70A3174C75C4B5,EIQ_HORSE_B605D290830A6D55,2021,0.13212361652282034,EIQ_HORSE_A4ACF41DCFC02204,EIQ_HORSE_A4ACF41DCFC02204,SAME_FAVOURITE,False,False,SAME_FAVOURITE
EIQ_RACE_9E9231C3E7FCBED8,EIQ_HORSE_641370D1A135AD2A,2025,0.008185024590214862,EIQ_HORSE_AFA56D65065B78A5,EIQ_HORSE_AFA56D65065B78A5,SAME_FAVOURITE,False,False,SAME_FAVOURITE
EIQ_RACE_9E9C61D9BD936256,EIQ_HORSE_1A3323FD91A7C3DD,2023,0.005215607216967122,EIQ_HORSE_5B0A333B94DC8DCA,EIQ_HORSE_5B0A333B94DC8DCA,SAME_FAVOURITE,False,False,SAME_FAVOURITE
EIQ_RACE_9E9DDD3056187CA1,EIQ_HORSE_1C22301174D644E0,2023,0.06643490818520781,EIQ_HORSE_EC606BB580F5B15C,EIQ_HORSE_1C22301174D644E0,CHALLENGER_CHANGED_FAVOURITE,False,True,STRICT_WRONG_DROP_CORRECT
EIQ_RACE_9E9DEDDF0B0BFCA9,EIQ_HORSE_F2116B214B6A7A37,2021,-0.011523864035962728,EIQ_HORSE_02BA4CCEADD17001,EIQ_HORSE_02BA4CCEADD17001,SAME_FAVOURITE,False,False,SAME_FAVOURITE
EIQ_RACE_9EA82C74C97448DE,EIQ_HORSE_09A5A068859F3557,2024,-0.03831802058684075,EIQ_HORSE_09A5A068859F3557,EIQ_HORSE_09A5A068859F3557,SAME_FAVOURITE,True,True,SAME_FAVOURITE
EIQ_RACE_9EBEDF408586865A,EIQ_HORSE_E6BDA3A6945A63A8,2024,-0.15660133355509154,EIQ_HORSE_8ACA08ABEF88A416,EIQ_HORSE_8ACA08ABEF88A416,SAME_FAVOURITE,False,False,SAME_FAVOURITE
EIQ_RACE_9EC859C14C545826,EIQ_HORSE_78ED7727786CE537,2023,0.06634877072222878,EIQ_HORSE_987624132EC7502A,EIQ_HORSE_F93D2C75D87913E9,CHALLENGER_CHANGED_FAVOURITE,False,False,BOTH_WRONG
EIQ_RACE_9ECA5437BFB14E68,EIQ_HORSE_4EA6DD47DAF692CF,2025,-0.08298885214251461,EIQ_HORSE_1C3662A1705B71A7,EIQ_HORSE_BE3128DADCA3E19E,CHALLENGER_CHANGED_FAVOURITE,False,False,BOTH_WRONG
EIQ_RACE_9ED2F699E76F00CD,EIQ_HORSE_A629242B7965F415,2024,0.10849267059962031,EIQ_HORSE_8AD4A5784372EDBA,EIQ_HORSE_8AD4A5784372EDBA,SAME_FAVOURITE,False,False,SAME_FAVOURITE
EIQ_RACE_9EDA51425DFA63C3,EIQ_HORSE_9326B80B78BEFEEB,2025,-0.030046724906456657,EIQ_HORSE_5587B5ACBFA1B1AA,EIQ_HORSE_5587B5ACBFA1B1AA,SAME_FAVOURITE,False,False,SAME_FAVOURITE
EIQ_RACE_9EE5DAAA9B67DE1B,EIQ_HORSE_FB71F91F30BE9339,2025,-0.10843136665885922,EIQ_HORSE_2F037CC2D18770B2,EIQ_HORSE_2F037CC2D18770B2,SAME_FAVOURITE,False,False,SAME_FAVOURITE
EIQ_RACE_9EFBEA2C9EA26383,EIQ_HORSE_3BCB01422623F31E,2024,-0.2507289583196428,EIQ_HORSE_C8FB108DCA591235,EIQ_HORSE_C8FB108DCA591235,SAME_FAVOURITE,False,False,SAME_FAVOURITE
EIQ_RACE_9F0830CB86200473,EIQ_HORSE_A1178662CE593267,2021,0.18309174502324543,EIQ_HORSE_120D11237E207754,EIQ_HORSE_120D11237E207754,SAME_FAVOURITE,False,False,SAME_FAVOURITE
EIQ_RACE_9F0D55C99E0FB622,EIQ_HORSE_0C1E49DFBF1E206E,2021,0.18074744446515822,EIQ_HORSE_6EB2ACC90C025E7C,EIQ_HORSE_6EB2ACC90C025E7C,SAME_FAVOURITE,False,False,SAME_FAVOURITE
EIQ_RACE_9F0FD24AA01C7A2F,EIQ_HORSE_A9BF3771016F7CFD,2023,-0.00019034673877293962,EIQ_HORSE_A9BF3771016F7CFD,EIQ_HORSE_A9BF3771016F7CFD,SAME_FAVOURITE,True,True,SAME_FAVOURITE
EIQ_RACE_9F191A776C672076,EIQ_HORSE_73E350F60D264C3C,2021,-0.020878501057524534,EIQ_HORSE_73E350F60D264C3C,EIQ_HORSE_73E350F60D264C3C,SAME_FAVOURITE,True,True,SAME_FAVOURITE
EIQ_RACE_9F25D1D4B5531B53,EIQ_HORSE_122B1F8AC1C9D603,2026,-0.031348445923550905,EIQ_HORSE_35B104FB91240840,EIQ_HORSE_35B104FB91240840,SAME_FAVOURITE,False,False,SAME_FAVOURITE
EIQ_RACE_9F29F21297BE7BC5,EIQ_HORSE_B93EEF6EFCD114F6,2025,0.01065682074115637,EIQ_HORSE_6BF7BC5678AFDFBB,EIQ_HORSE_6BF7BC5678AFDFBB,SAME_FAVOURITE,False,False,SAME_FAVOURITE
EIQ_RACE_9F2D444C1D3ED64B,EIQ_HORSE_3E052B10E8A59D9C,2023,-0.10596622922842291,EIQ_HORSE_211EC96F97713845,EIQ_HORSE_211EC96F97713845,SAME_FAVOURITE,False,False,SAME_FAVOURITE
EIQ_RACE_9F2E68E15D42E902,EIQ_HORSE_93888B645C766464,2025,-0.13859646198696574,EIQ_HORSE_D91A75BDE411B53C,EIQ_HORSE_D91A75BDE411B53C,SAME_FAVOURITE,False,False,SAME_FAVOURITE
EIQ_RACE_9F4961CDB56DE656,EIQ_HORSE_9F4F58480E20A4B4,2024,0.013016018314410571,EIQ_HORSE_321E3B066BEEDB4F,EIQ_HORSE_321E3B066BEEDB4F,SAME_FAVOURITE,False,False,SAME_FAVOURITE
EIQ_RACE_9F505780547E4BE6,EIQ_HORSE_C1572FE878749985,2021,-0.024813573295068725,EIQ_HORSE_C1572FE878749985,EIQ_HORSE_C1572FE878749985,SAME_FAVOURITE,True,True,SAME_FAVOURITE
EIQ_RACE_9F6254F578C1E8BB,EIQ_HORSE_321E3B066BEEDB4F,2024,-0.04451609938732437,EIQ_HORSE_321E3B066BEEDB4F,EIQ_HORSE_321E3B066BEEDB4F,SAME_FAVOURITE,True,True,SAME_FAVOURITE
EIQ_RACE_9F6DEDB6DD608241,EIQ_HORSE_58305580275F0EDA,2025,-0.12176590004671128,EIQ_HORSE_85DF6B200A3DA5EF,EIQ_HORSE_85DF6B200A3DA5EF,SAME_FAVOURITE,False,False,SAME_FAVOURITE
EIQ_RACE_9F757411B7E8C8A1,EIQ_HORSE_5B0A333B94DC8DCA,2023,-0.04947069287560368,EIQ_HORSE_5B0A333B94DC8DCA,EIQ_HORSE_5B0A333B94DC8DCA,SAME_FAVOURITE,True,True,SAME_FAVOURITE
EIQ_RACE_9F976C88C1CB7303,EIQ_HORSE_DDD076669F3252FD,2023,0.09097689097031014,EIQ_HORSE_DDD076669F3252FD,EIQ_HORSE_DDD076669F3252FD,SAME_FAVOURITE,True,True,SAME_FAVOURITE
EIQ_RACE_9FA21627EC0DA210,EIQ_HORSE_1891FC7D4EBEAA2A,2024,-0.07601733848154724,EIQ_HORSE_2044819DAEB61566,EIQ_HORSE_2044819DAEB61566,SAME_FAVOURITE,False,False,SAME_FAVOURITE
EIQ_RACE_9FB3D34293A54561,EIQ_HORSE_7DEDDDA6B1CE1CB6,2024,-0.03956880430087906,EIQ_HORSE_65E16BD7EC64A448,EIQ_HORSE_65E16BD7EC64A448,SAME_FAVOURITE,False,False,SAME_FAVOURITE
EIQ_RACE_9FD83F9E6C950D5D,EIQ_HORSE_DAADDF924CD1480F,2025,-0.062115876695086,EIQ_HORSE_62E9334DD405801B,EIQ_HORSE_62E9334DD405801B,SAME_FAVOURITE,False,False,SAME_FAVOURITE
EIQ_RACE_9FDEB10FD4FEAC15,EIQ_HORSE_E9815BDC47EEE092,2024,-0.10133069166052344,EIQ_HORSE_E9815BDC47EEE092,EIQ_HORSE_7489F5A686C0D135,CHALLENGER_CHANGED_FAVOURITE,True,False,STRICT_CORRECT_DROP_WRONG
EIQ_RACE_9FE925A2986BA2B0,EIQ_HORSE_D6C03416797E57CE,2024,-0.12204188142266004,EIQ_HORSE_79914D21C396BCBA,EIQ_HORSE_79914D21C396BCBA,SAME_FAVOURITE,False,False,SAME_FAVOURITE
EIQ_RACE_9FEA36BFC3419242,EIQ_HORSE_E72EFF926CFF50BD,2021,0.025997244923561924,EIQ_HORSE_E72EFF926CFF50BD,EIQ_HORSE_E72EFF926CFF50BD,SAME_FAVOURITE,True,True,SAME_FAVOURITE
EIQ_RACE_9FF8027AB6AE7084,EIQ_HORSE_9D172E3C8A3D3943,2024,0.012414143861514404,EIQ_HORSE_9D172E3C8A3D3943,EIQ_HORSE_9D172E3C8A3D3943,SAME_FAVOURITE,True,True,SAME_FAVOURITE
EIQ_RACE_9FFB35EB9E607426,EIQ_HORSE_3D68A4DACC3B0952,2024,0.0024589530372098878,EIQ_HORSE_B5C3674DDBF83664,EIQ_HORSE_B5C3674DDBF83664,SAME_FAVOURITE,False,False,SAME_FAVOURITE
EIQ_RACE_A0064D389BBE6DD1,EIQ_HORSE_E60B252B2EC950CA,2021,0.10211296283674831,EIQ_HORSE_4122E8CC5111E602,EIQ_HORSE_4122E8CC5111E602,SAME_FAVOURITE,False,False,SAME_FAVOURITE
EIQ_RACE_A007B308667979DE,EIQ_HORSE_8426F7759B252C17,2022,-0.0063537909133968284,EIQ_HORSE_5E93F173B2519E03,EIQ_HORSE_5E93F173B2519E03,SAME_FAVOURITE,False,False,SAME_FAVOURITE
EIQ_RACE_A013BCDCBAEA01CB,EIQ_HORSE_F55D791AE7874644,2025,-0.023889438658952322,EIQ_HORSE_F55D791AE7874644,EIQ_HORSE_F55D791AE7874644,SAME_FAVOURITE,True,True,SAME_FAVOURITE
EIQ_RACE_A01583E527DC7B99,EIQ_HORSE_B26FDE6A51A24CB0,2024,-0.00041036696375229553,EIQ_HORSE_E8537BBB6991F38F,EIQ_HORSE_E8537BBB6991F38F,SAME_FAVOURITE,False,False,SAME_FAVOURITE
EIQ_RACE_A027E0C7EBA782DA,EIQ_HORSE_E0A23DBBA982BA8D,2025,-0.14167487977191762,EIQ_HORSE_F8FAC3F7C3E91944,EIQ_HORSE_F8FAC3F7C3E91944,SAME_FAVOURITE,False,False,SAME_FAVOURITE
EIQ_RACE_A030D9057B428258,EIQ_HORSE_7C8927DE1D4CB118,2024,-0.05456071501095949,EIQ_HORSE_6335F295CC862191,EIQ_HORSE_6335F295CC862191,SAME_FAVOURITE,False,False,SAME_FAVOURITE
EIQ_RACE_A070E49882D46BB1,EIQ_HORSE_B9FACC2CFE031EB3,2025,-0.08688813013118901,EIQ_HORSE_1EAF412FF728B335,EIQ_HORSE_1EAF412FF728B335,SAME_FAVOURITE,False,False,SAME_FAVOURITE
EIQ_RACE_A071F37DAD6CE8AA,EIQ_HORSE_2419CFF8348775C6,2024,-0.07632400060557254,EIQ_HORSE_D7288E5E0D5F7A11,EIQ_HORSE_D7288E5E0D5F7A11,SAME_FAVOURITE,False,False,SAME_FAVOURITE
EIQ_RACE_A0766E6F487F5941,EIQ_HORSE_2DE7884197F1C558,2023,0.123882333003412,EIQ_HORSE_0DAFF21EBE64F83E,EIQ_HORSE_2DE7884197F1C558,CHALLENGER_CHANGED_FAVOURITE,False,True,STRICT_WRONG_DROP_CORRECT
EIQ_RACE_A082907E58105678,EIQ_HORSE_2E2B4E206F4A50C5,2025,0.06478577038007627,EIQ_HORSE_06ABB4936FCF1907,EIQ_HORSE_06ABB4936FCF1907,SAME_FAVOURITE,False,False,SAME_FAVOURITE
EIQ_RACE_A083041CB6B9E9BF,EIQ_HORSE_0FDBF301E189C133,2026,0.12464337673787673,EIQ_HORSE_2FB84A2F26CDE09C,EIQ_HORSE_2FB84A2F26CDE09C,SAME_FAVOURITE,False,False,SAME_FAVOURITE
EIQ_RACE_A0A019B16B88C748,EIQ_HORSE_8ABEF3E2524BF6BA,2023,0.08439361865387784,EIQ_HORSE_FA770614A48F6AE5,EIQ_HORSE_8ABEF3E2524BF6BA,CHALLENGER_CHANGED_FAVOURITE,False,True,STRICT_WRONG_DROP_CORRECT
EIQ_RACE_A0B0620BDC6C9BB7,EIQ_HORSE_3148D86C49843A73,2023,0.037590046886586403,EIQ_HORSE_A7F508D3CDA44438,EIQ_HORSE_A7F508D3CDA44438,SAME_FAVOURITE,False,False,SAME_FAVOURITE
EIQ_RACE_A0B134A3EEFA874D,EIQ_HORSE_CD059BB158BDAEF3,2021,0.1344573289071893,EIQ_HORSE_EBAF81212758A08D,EIQ_HORSE_EBAF81212758A08D,SAME_FAVOURITE,False,False,SAME_FAVOURITE
EIQ_RACE_A0B3F3F63403845A,EIQ_HORSE_CCBAD03F074F7BC1,2023,-0.12150931774170615,EIQ_HORSE_CCBAD03F074F7BC1,EIQ_HORSE_CCBAD03F074F7BC1,SAME_FAVOURITE,True,True,SAME_FAVOURITE
EIQ_RACE_A0B6E45D68EBD826,EIQ_HORSE_01F08A52CDB6A8B6,2025,-0.2216784361024644,EIQ_HORSE_01F08A52CDB6A8B6,EIQ_HORSE_45AB11869C894B4B,CHALLENGER_CHANGED_FAVOURITE,True,False,STRICT_CORRECT_DROP_WRONG
EIQ_RACE_A0C264D6AE83FCDB,EIQ_HORSE_4BC48ECFBE673035,2024,0.12761822975612613,EIQ_HORSE_F239989BF4D6BEE4,EIQ_HORSE_F239989BF4D6BEE4,SAME_FAVOURITE,False,False,SAME_FAVOURITE
EIQ_RACE_A10028D17D961D1C,EIQ_HORSE_EC47FDA55F8200CD,2023,0.08063174839255005,EIQ_HORSE_97C35ACF3F047937,EIQ_HORSE_97C35ACF3F047937,SAME_FAVOURITE,False,False,SAME_FAVOURITE
EIQ_RACE_A108F7EABD62139E,EIQ_HORSE_64F7C9790E2D81D1,2024,-0.028618629818755625,EIQ_HORSE_AD9F8CC715BEB999,EIQ_HORSE_AD9F8CC715BEB999,SAME_FAVOURITE,False,False,SAME_FAVOURITE
EIQ_RACE_A10CADF6337B3C74,EIQ_HORSE_2A6E87DED058146D,2021,-0.04948034073338037,EIQ_HORSE_2A6E87DED058146D,EIQ_HORSE_2A6E87DED058146D,SAME_FAVOURITE,True,True,SAME_FAVOURITE
EIQ_RACE_A11C9E8D01713C32,EIQ_HORSE_321EFC034FF20568,2023,0.06037398970926766,EIQ_HORSE_517F13E4F75565DB,EIQ_HORSE_517F13E4F75565DB,SAME_FAVOURITE,False,False,SAME_FAVOURITE
EIQ_RACE_A1235F3279B26A90,EIQ_HORSE_ACD7130A6F1913CC,2025,0.04730332689949357,EIQ_HORSE_ACD7130A6F1913CC,EIQ_HORSE_ACD7130A6F1913CC,SAME_FAVOURITE,True,True,SAME_FAVOURITE
EIQ_RACE_A1430A769206124D,EIQ_HORSE_23B85209DCD638EE,2026,-0.0664973469316208,EIQ_HORSE_FF83D86D5EAD83EE,EIQ_HORSE_FF83D86D5EAD83EE,SAME_FAVOURITE,False,False,SAME_FAVOURITE
EIQ_RACE_A1462CC2BFB689E4,EIQ_HORSE_B1FFB1F9BEC1C273,2024,0.15645968426062495,EIQ_HORSE_B1FFB1F9BEC1C273,EIQ_HORSE_B1FFB1F9BEC1C273,SAME_FAVOURITE,True,True,SAME_FAVOURITE
EIQ_RACE_A14A57B357D5CF18,EIQ_HORSE_FEEBA5ED2C16A6D0,2021,0.10864886423245079,EIQ_HORSE_2800543660E248DA,EIQ_HORSE_2800543660E248DA,SAME_FAVOURITE,False,False,SAME_FAVOURITE
EIQ_RACE_A15B7D937413D3A0,EIQ_HORSE_86DEF641CD9DDEE4,2026,0.1503202629994056,EIQ_HORSE_BD494A6A22C0B63F,EIQ_HORSE_8665FD76ED7E8FDC,CHALLENGER_CHANGED_FAVOURITE,False,False,BOTH_WRONG
EIQ_RACE_A169DBD9344AF9C4,EIQ_HORSE_35FCF9B48ADD1DA4,2023,-0.14730721474254338,EIQ_HORSE_35FCF9B48ADD1DA4,EIQ_HORSE_ED4887DEF37E8712,CHALLENGER_CHANGED_FAVOURITE,True,False,STRICT_CORRECT_DROP_WRONG
EIQ_RACE_A16FB2A700B89642,EIQ_HORSE_501515F70E0631D3,2026,0.24466280473248725,EIQ_HORSE_DFE3A43F75DCED86,EIQ_HORSE_4C68FDB8A56473D3,CHALLENGER_CHANGED_FAVOURITE,False,False,BOTH_WRONG
EIQ_RACE_A1856069CE23E538,EIQ_HORSE_3EE761207B089A9B,2024,-0.0016287895992301848,EIQ_HORSE_37E638839BB2420C,EIQ_HORSE_2DB92049A748BAE7,CHALLENGER_CHANGED_FAVOURITE,False,False,BOTH_WRONG
EIQ_RACE_A1988DDCA9E32D79,EIQ_HORSE_A8B4D03DEB986118,2023,-0.0608998336465878,EIQ_HORSE_A8B4D03DEB986118,EIQ_HORSE_A8B4D03DEB986118,SAME_FAVOURITE,True,True,SAME_FAVOURITE
EIQ_RACE_A1A62BA6FF48389E,EIQ_HORSE_0B058607CE66EF5A,2023,-0.16013139502763352,EIQ_HORSE_AEF6055FE2248BBD,EIQ_HORSE_AEF6055FE2248BBD,SAME_FAVOURITE,False,False,SAME_FAVOURITE
EIQ_RACE_A1C5C624F7602BA5,EIQ_HORSE_2A6E87DED058146D,2021,0.03157527772075919,EIQ_HORSE_2A6E87DED058146D,EIQ_HORSE_2A6E87DED058146D,SAME_FAVOURITE,True,True,SAME_FAVOURITE
EIQ_RACE_A1CAC870ABFCD47E,EIQ_HORSE_0573EB9191C86B0C,2026,0.021406595002228634,EIQ_HORSE_2A82DACA2BB61FC5,EIQ_HORSE_2A82DACA2BB61FC5,SAME_FAVOURITE,False,False,SAME_FAVOURITE
EIQ_RACE_A1E1E21E2C68061C,EIQ_HORSE_100CDEBF0CD297BF,2024,0.05685319747119122,EIQ_HORSE_92E30C6EC9B5AF51,EIQ_HORSE_92E30C6EC9B5AF51,SAME_FAVOURITE,False,False,SAME_FAVOURITE
EIQ_RACE_A1F348B62091A0C9,EIQ_HORSE_ED24EA7C0C40B094,2024,-0.12566550109891805,EIQ_HORSE_C1866CED8490762E,EIQ_HORSE_C1866CED8490762E,SAME_FAVOURITE,False,False,SAME_FAVOURITE
EIQ_RACE_A1F7BE3ED7CFA588,EIQ_HORSE_73AF72F8C266BDEE,2024,-0.09955088917941812,EIQ_HORSE_5CE8C0F705A23D4A,EIQ_HORSE_5CE8C0F705A23D4A,SAME_FAVOURITE,False,False,SAME_FAVOURITE
EIQ_RACE_A1FA01BE5017BEC2,EIQ_HORSE_844BBEB3AFE2DDB8,2023,-0.11104867125420625,EIQ_HORSE_844BBEB3AFE2DDB8,EIQ_HORSE_844BBEB3AFE2DDB8,SAME_FAVOURITE,True,True,SAME_FAVOURITE
EIQ_RACE_A202BAE45E24471B,EIQ_HORSE_F5BB8EA38903A84E,2024,-0.02866665240222388,EIQ_HORSE_F5BB8EA38903A84E,EIQ_HORSE_F5BB8EA38903A84E,SAME_FAVOURITE,True,True,SAME_FAVOURITE
EIQ_RACE_A20B4601253E319F,EIQ_HORSE_7EF43B667227AA13,2024,-0.10789877353931443,EIQ_HORSE_02215B1CE8D8C9CE,EIQ_HORSE_9F4F58480E20A4B4,CHALLENGER_CHANGED_FAVOURITE,False,False,BOTH_WRONG
EIQ_RACE_A239A5966872DF36,EIQ_HORSE_C753E88512BE3B32,2023,-0.0029181715760653315,EIQ_HORSE_B64783D8E996CF0C,EIQ_HORSE_B64783D8E996CF0C,SAME_FAVOURITE,False,False,SAME_FAVOURITE
EIQ_RACE_A23B1D215FAA11D9,EIQ_HORSE_1A344C8D30F3007E,2024,-0.09559856498238295,EIQ_HORSE_D924AB8917367493,EIQ_HORSE_D924AB8917367493,SAME_FAVOURITE,False,False,SAME_FAVOURITE
EIQ_RACE_A23CE8561543EFDC,EIQ_HORSE_7C2E9EA133D96264,2025,0.021249187029135364,EIQ_HORSE_4A6475DFA8A600B2,EIQ_HORSE_4A6475DFA8A600B2,SAME_FAVOURITE,False,False,SAME_FAVOURITE
EIQ_RACE_A23DAAFB5DFF66E3,EIQ_HORSE_82758FD2C153EBCB,2024,-0.08520450760938747,EIQ_HORSE_56A03FADC3BB21CF,EIQ_HORSE_56A03FADC3BB21CF,SAME_FAVOURITE,False,False,SAME_FAVOURITE
EIQ_RACE_A265EE62F39A70E0,EIQ_HORSE_8078DEAAF69A4561,2023,0.10101312633612047,EIQ_HORSE_1F2F5BE8EBDC7251,EIQ_HORSE_F64D59FDAF6F93AD,CHALLENGER_CHANGED_FAVOURITE,False,False,BOTH_WRONG
EIQ_RACE_A27111E51448174D,EIQ_HORSE_1F2860FCFC3BBE51,2023,-0.1317828540615429,EIQ_HORSE_313B074F3BC5C75F,EIQ_HORSE_313B074F3BC5C75F,SAME_FAVOURITE,False,False,SAME_FAVOURITE
EIQ_RACE_A27ED6A9C50A353B,EIQ_HORSE_83AE7709C15BE66B,2024,0.0876121640719476,EIQ_HORSE_EC34ADC7F99E1B7B,EIQ_HORSE_90A6E3081F918844,CHALLENGER_CHANGED_FAVOURITE,False,False,BOTH_WRONG
EIQ_RACE_A2848176F6645B20,EIQ_HORSE_BB083E043A3031B8,2021,-0.28537292091842703,EIQ_HORSE_BB083E043A3031B8,EIQ_HORSE_BB083E043A3031B8,SAME_FAVOURITE,True,True,SAME_FAVOURITE
EIQ_RACE_A28F4418413A9008,EIQ_HORSE_3B80870C2CDAF86A,2025,-0.003262627324618128,EIQ_HORSE_39C53C550924DD5D,EIQ_HORSE_39C53C550924DD5D,SAME_FAVOURITE,False,False,SAME_FAVOURITE
EIQ_RACE_A2B4C3102BF2C9F4,EIQ_HORSE_BAA604B0E081C574,2025,0.16017862110558934,EIQ_HORSE_8AE58C24D1658AFB,EIQ_HORSE_8AE58C24D1658AFB,SAME_FAVOURITE,False,False,SAME_FAVOURITE
EIQ_RACE_A2C114703FEDE559,EIQ_HORSE_B9AC482C762D5771,2026,0.08477896185670808,EIQ_HORSE_D7ACCE926990A9D8,EIQ_HORSE_D7ACCE926990A9D8,SAME_FAVOURITE,False,False,SAME_FAVOURITE
EIQ_RACE_A2C59AD165CE72EF,EIQ_HORSE_24B79E0D489791A2,2021,0.3167520296776454,EIQ_HORSE_E10A4D09B4302335,EIQ_HORSE_F346473102007018,CHALLENGER_CHANGED_FAVOURITE,False,False,BOTH_WRONG
EIQ_RACE_A2C773744EFE83B7,EIQ_HORSE_4ACDA7BD78B477E8,2024,0.0750211965654235,EIQ_HORSE_6285B98D2F1601AD,EIQ_HORSE_6285B98D2F1601AD,SAME_FAVOURITE,False,False,SAME_FAVOURITE
EIQ_RACE_A2CCA2ABC4C48191,EIQ_HORSE_C0AAE9ACAFED18BC,2021,-0.024656523460083957,EIQ_HORSE_7A1A7073142C37D3,EIQ_HORSE_7A1A7073142C37D3,SAME_FAVOURITE,False,False,SAME_FAVOURITE
EIQ_RACE_A2D0699D595EAF73,EIQ_HORSE_0ABDC63572F83E59,2024,0.031358084261250196,EIQ_HORSE_0ABDC63572F83E59,EIQ_HORSE_0ABDC63572F83E59,SAME_FAVOURITE,True,True,SAME_FAVOURITE
EIQ_RACE_A2D123569E62D70D,EIQ_HORSE_89AD1C27D54995E6,2025,0.05030846593184224,EIQ_HORSE_E2EE4F39D01C664A,EIQ_HORSE_E2EE4F39D01C664A,SAME_FAVOURITE,False,False,SAME_FAVOURITE
EIQ_RACE_A2D2D8A5CA45E22E,EIQ_HORSE_704F49A3FA099180,2026,0.22392936068122626,EIQ_HORSE_2A60E0E6E4069428,EIQ_HORSE_2A60E0E6E4069428,SAME_FAVOURITE,False,False,SAME_FAVOURITE
EIQ_RACE_A2E1F40A31584C89,EIQ_HORSE_388A7D5886EF79D3,2025,-0.11672913902488036,EIQ_HORSE_C57D900A0C938D0C,EIQ_HORSE_C57D900A0C938D0C,SAME_FAVOURITE,False,False,SAME_FAVOURITE
EIQ_RACE_A2E2D1D4E405C038,EIQ_HORSE_44FC44865FE99B6E,2026,0.057952063607397464,EIQ_HORSE_44FC44865FE99B6E,EIQ_HORSE_44FC44865FE99B6E,SAME_FAVOURITE,True,True,SAME_FAVOURITE
EIQ_RACE_A2ED9DA671C92702,EIQ_HORSE_A302EBEE165E020C,2026,-0.03229863588958737,EIQ_HORSE_A302EBEE165E020C,EIQ_HORSE_A302EBEE165E020C,SAME_FAVOURITE,True,True,SAME_FAVOURITE
EIQ_RACE_A2EFB46C2E28D520,EIQ_HORSE_33840587C78D1D26,2024,0.09118739491002481,EIQ_HORSE_7493D9D88702BDFE,EIQ_HORSE_7493D9D88702BDFE,SAME_FAVOURITE,False,False,SAME_FAVOURITE
EIQ_RACE_A306B6C5B328BC0D,EIQ_HORSE_5EEAEBE524822729,2023,0.10409681208435861,EIQ_HORSE_8634F7A601AD8DA4,EIQ_HORSE_8634F7A601AD8DA4,SAME_FAVOURITE,False,False,SAME_FAVOURITE
EIQ_RACE_A3197AAE0C436E4D,EIQ_HORSE_84CBB12DCA382ED5,2023,-0.046018436463412415,EIQ_HORSE_84CBB12DCA382ED5,EIQ_HORSE_84CBB12DCA382ED5,SAME_FAVOURITE,True,True,SAME_FAVOURITE
EIQ_RACE_A31C23EE1729DE39,EIQ_HORSE_2A2C5FE8366B4EBE,2025,0.045021581957024326,EIQ_HORSE_32028024D5FEB493,EIQ_HORSE_32028024D5FEB493,SAME_FAVOURITE,False,False,SAME_FAVOURITE
EIQ_RACE_A31D50FA83AE9A07,EIQ_HORSE_AC6077A4CCDD3F79,2022,-0.08646646473473307,EIQ_HORSE_468D3C7BCA337C3B,EIQ_HORSE_468D3C7BCA337C3B,SAME_FAVOURITE,False,False,SAME_FAVOURITE
EIQ_RACE_A31D6B2989BD67EC,EIQ_HORSE_FAB43801B1CEC2FB,2026,-0.04204695367995104,EIQ_HORSE_B30EF3CDA7316BEF,EIQ_HORSE_B30EF3CDA7316BEF,SAME_FAVOURITE,False,False,SAME_FAVOURITE
EIQ_RACE_A3249F6AC2DAD393,EIQ_HORSE_991746FE02C09D09,2025,-0.016493002866012407,EIQ_HORSE_5A7484E3610C1CDE,EIQ_HORSE_6C911E52B254B484,CHALLENGER_CHANGED_FAVOURITE,False,False,BOTH_WRONG
EIQ_RACE_A324C9A0C2259D7F,EIQ_HORSE_3A362C67A913203F,2021,-0.04667415317657064,EIQ_HORSE_395493F5702646A3,EIQ_HORSE_395493F5702646A3,SAME_FAVOURITE,False,False,SAME_FAVOURITE
EIQ_RACE_A32DD774B540784F,EIQ_HORSE_6E58040C0335AD69,2021,-0.06852886915716505,EIQ_HORSE_6E58040C0335AD69,EIQ_HORSE_6E58040C0335AD69,SAME_FAVOURITE,True,True,SAME_FAVOURITE
EIQ_RACE_A32EDC57205824A8,EIQ_HORSE_9A20C153DE978284,2024,0.14025431918281628,EIQ_HORSE_E6654DC23A1B8060,EIQ_HORSE_E6654DC23A1B8060,SAME_FAVOURITE,False,False,SAME_FAVOURITE
EIQ_RACE_A3341E07723F10A0,EIQ_HORSE_7DADC7578277D88F,2021,0.03764751974161484,EIQ_HORSE_A1590F12A29F6E14,EIQ_HORSE_A1590F12A29F6E14,SAME_FAVOURITE,False,False,SAME_FAVOURITE
EIQ_RACE_A3362F8F0B580210,EIQ_HORSE_995A050132FA84BD,2025,-0.061431313738641524,EIQ_HORSE_F22548965F5B0B8A,EIQ_HORSE_F22548965F5B0B8A,SAME_FAVOURITE,False,False,SAME_FAVOURITE
EIQ_RACE_A343AB2341EBCA66,EIQ_HORSE_1EEA040FAFEE9CAF,2021,0.06927171677586275,EIQ_HORSE_1EEA040FAFEE9CAF,EIQ_HORSE_1EEA040FAFEE9CAF,SAME_FAVOURITE,True,True,SAME_FAVOURITE
EIQ_RACE_A34D87E3241984E8,EIQ_HORSE_2C3BBBA89C5CF0EA,2024,-0.11701269210291665,EIQ_HORSE_F2B3819A77979195,EIQ_HORSE_F2B3819A77979195,SAME_FAVOURITE,False,False,SAME_FAVOURITE
EIQ_RACE_A3571EB6A526AE6E,EIQ_HORSE_990835373B7080FE,2024,0.008125191067361648,EIQ_HORSE_9FE3E5BEC9A216B7,EIQ_HORSE_9FE3E5BEC9A216B7,SAME_FAVOURITE,False,False,SAME_FAVOURITE
EIQ_RACE_A37D25AD132F569E,EIQ_HORSE_C783B45D91E09135,2025,0.0948818578591879,EIQ_HORSE_C783B45D91E09135,EIQ_HORSE_C783B45D91E09135,SAME_FAVOURITE,True,True,SAME_FAVOURITE
EIQ_RACE_A3894236526DE495,EIQ_HORSE_F70484D0831108A1,2025,0.23116860517076288,EIQ_HORSE_E1446226726DCF62,EIQ_HORSE_F70484D0831108A1,CHALLENGER_CHANGED_FAVOURITE,False,True,STRICT_WRONG_DROP_CORRECT
EIQ_RACE_A3C3E052CF242E03,EIQ_HORSE_745C6A36BD2F03F5,2021,0.028392445682887457,EIQ_HORSE_745C6A36BD2F03F5,EIQ_HORSE_745C6A36BD2F03F5,SAME_FAVOURITE,True,True,SAME_FAVOURITE
EIQ_RACE_A3C637E5EEB9FF22,EIQ_HORSE_D0AC18CA9B1F1F3F,2023,-0.12063002528115496,EIQ_HORSE_7ED0A58889469DC3,EIQ_HORSE_7ED0A58889469DC3,SAME_FAVOURITE,False,False,SAME_FAVOURITE
EIQ_RACE_A3CA6F570FCD5727,EIQ_HORSE_B9FACC2CFE031EB3,2024,-0.03968978121115185,EIQ_HORSE_B9FACC2CFE031EB3,EIQ_HORSE_B9FACC2CFE031EB3,SAME_FAVOURITE,True,True,SAME_FAVOURITE
EIQ_RACE_A3CE17BD0EABE961,EIQ_HORSE_937BA4CCEDE38E31,2021,-0.0811799936830413,EIQ_HORSE_BE4DE2031BEA38AE,EIQ_HORSE_BE4DE2031BEA38AE,SAME_FAVOURITE,False,False,SAME_FAVOURITE
EIQ_RACE_A3E9BD2FE7910463,EIQ_HORSE_259DAC1332AF26CF,2021,-0.049848092096257623,EIQ_HORSE_259DAC1332AF26CF,EIQ_HORSE_259DAC1332AF26CF,SAME_FAVOURITE,True,True,SAME_FAVOURITE
EIQ_RACE_A3ED4B1505CDFAF7,EIQ_HORSE_91302D00E30556FB,2023,-0.09638291709541202,EIQ_HORSE_91302D00E30556FB,EIQ_HORSE_91302D00E30556FB,SAME_FAVOURITE,True,True,SAME_FAVOURITE
EIQ_RACE_A3FF7E91552EDC0E,EIQ_HORSE_53C84D95F5112DED,2021,0.08135656616648612,EIQ_HORSE_64CBC9BBE5D47128,EIQ_HORSE_64CBC9BBE5D47128,SAME_FAVOURITE,False,False,SAME_FAVOURITE
EIQ_RACE_A4145E644F2CF236,EIQ_HORSE_D9D262A2969BD5CD,2021,0.06463693433711626,EIQ_HORSE_3A89B4981C9CDBF2,EIQ_HORSE_3A89B4981C9CDBF2,SAME_FAVOURITE,False,False,SAME_FAVOURITE
EIQ_RACE_A420ECF5ABB730AE,EIQ_HORSE_A77DFCBF7B02DBCF,2024,0.056192850036787645,EIQ_HORSE_CB39B2CBEF113C3A,EIQ_HORSE_CB39B2CBEF113C3A,SAME_FAVOURITE,False,False,SAME_FAVOURITE
EIQ_RACE_A421BE0B479433D5,EIQ_HORSE_845F9774F7F2E7E5,2024,-0.05289884643735876,EIQ_HORSE_845F9774F7F2E7E5,EIQ_HORSE_845F9774F7F2E7E5,SAME_FAVOURITE,True,True,SAME_FAVOURITE
EIQ_RACE_A45377B6D143677B,EIQ_HORSE_6A82E680B5117339,2025,0.07968170082191017,EIQ_HORSE_D259DCC5CED70954,EIQ_HORSE_C2ED4CD95E03FAA2,CHALLENGER_CHANGED_FAVOURITE,False,False,BOTH_WRONG
EIQ_RACE_A467103FD3F843EF,EIQ_HORSE_4AE12C24C64DE7E1,2024,-0.11235472680951819,EIQ_HORSE_BADA22C3BAE6A1FA,EIQ_HORSE_BADA22C3BAE6A1FA,SAME_FAVOURITE,False,False,SAME_FAVOURITE
EIQ_RACE_A484CFAC19E5CEFE,EIQ_HORSE_A9C2F0AD377CD511,2021,-0.08254119525509918,EIQ_HORSE_A9C2F0AD377CD511,EIQ_HORSE_12CCF9E61D633773,CHALLENGER_CHANGED_FAVOURITE,True,False,STRICT_CORRECT_DROP_WRONG
EIQ_RACE_A48B61FC77022D5F,EIQ_HORSE_CE78D76FBB8C309B,2021,-0.2337726693370039,EIQ_HORSE_51A9854344FA421C,EIQ_HORSE_51A9854344FA421C,SAME_FAVOURITE,False,False,SAME_FAVOURITE
EIQ_RACE_A4953A6D1B3AD2A3,EIQ_HORSE_046626D9A93AFB40,2021,-0.07157343591517273,EIQ_HORSE_F35F8A5226730F6A,EIQ_HORSE_F35F8A5226730F6A,SAME_FAVOURITE,False,False,SAME_FAVOURITE
EIQ_RACE_A4A972AA32EE7B1B,EIQ_HORSE_88D30C29DE5A22B5,2022,-0.005615009485956612,EIQ_HORSE_1EAE4D68608A6D11,EIQ_HORSE_2B45F41C6A0AD3B6,CHALLENGER_CHANGED_FAVOURITE,False,False,BOTH_WRONG
EIQ_RACE_A4AC23672CC40F25,EIQ_HORSE_878E8B083FFF49D7,2022,-0.10537849316549419,EIQ_HORSE_6AC9290A9812491B,EIQ_HORSE_6AC9290A9812491B,SAME_FAVOURITE,False,False,SAME_FAVOURITE
EIQ_RACE_A4DA4984DB5E0799,EIQ_HORSE_3E8102B510A1E4A0,2024,0.01168430067541526,EIQ_HORSE_AA3E16561318BBCC,EIQ_HORSE_AA3E16561318BBCC,SAME_FAVOURITE,False,False,SAME_FAVOURITE
EIQ_RACE_A4E666B18492182E,EIQ_HORSE_0C7CBB5FAB802E08,2024,0.06338089233940658,EIQ_HORSE_F58E13BA505E9BC3,EIQ_HORSE_F58E13BA505E9BC3,SAME_FAVOURITE,False,False,SAME_FAVOURITE
EIQ_RACE_A4F7CBEBC15E7C08,EIQ_HORSE_573D1938914BD5AD,2025,0.09780912179104728,EIQ_HORSE_4A24BACC8FBA0692,EIQ_HORSE_62E9334DD405801B,CHALLENGER_CHANGED_FAVOURITE,False,False,BOTH_WRONG
EIQ_RACE_A4F8944D7A9C12C0,EIQ_HORSE_8BA2ADDF2CE0425A,2025,-0.08581131698348043,EIQ_HORSE_D012E36D727E784E,EIQ_HORSE_D012E36D727E784E,SAME_FAVOURITE,False,False,SAME_FAVOURITE
EIQ_RACE_A51D2412F2EF7D14,EIQ_HORSE_2DFDD52BA4DCCB1D,2026,0.06462779431805998,EIQ_HORSE_2DFDD52BA4DCCB1D,EIQ_HORSE_2DFDD52BA4DCCB1D,SAME_FAVOURITE,True,True,SAME_FAVOURITE
EIQ_RACE_A554E6FD6DB5257B,EIQ_HORSE_BE8E9109E2D17B48,2025,0.0565131690734435,EIQ_HORSE_3BAB78FEE23FE388,EIQ_HORSE_3BAB78FEE23FE388,SAME_FAVOURITE,False,False,SAME_FAVOURITE
EIQ_RACE_A56F7E83DAC574AE,EIQ_HORSE_F90AF08890572073,2026,-0.04215007027492601,EIQ_HORSE_F90AF08890572073,EIQ_HORSE_F90AF08890572073,SAME_FAVOURITE,True,True,SAME_FAVOURITE
EIQ_RACE_A57FBBAB9EA4D320,EIQ_HORSE_63B4A9539EEA9478,2026,-0.08744875862964552,EIQ_HORSE_BA870B7DF34336D7,EIQ_HORSE_BA870B7DF34336D7,SAME_FAVOURITE,False,False,SAME_FAVOURITE
EIQ_RACE_A5888C334C3B4391,EIQ_HORSE_CC1AD14B2F6D6808,2024,-0.0472727967427371,EIQ_HORSE_B5C3674DDBF83664,EIQ_HORSE_B5C3674DDBF83664,SAME_FAVOURITE,False,False,SAME_FAVOURITE
EIQ_RACE_A594F41CC1D0B1C2,EIQ_HORSE_A4ACF41DCFC02204,2024,0.0201615908653765,EIQ_HORSE_6BA5B01B4B7F5E69,EIQ_HORSE_6BA5B01B4B7F5E69,SAME_FAVOURITE,False,False,SAME_FAVOURITE
EIQ_RACE_A595DE018A7D961B,EIQ_HORSE_2AAECCC77436EEC1,2025,0.0226736962779297,EIQ_HORSE_7567AD13CC16FA63,EIQ_HORSE_7567AD13CC16FA63,SAME_FAVOURITE,False,False,SAME_FAVOURITE
EIQ_RACE_A59DB979594D81B0,EIQ_HORSE_0F08ACCFAFC28D49,2024,0.01908198726046839,EIQ_HORSE_287429B1864B187F,EIQ_HORSE_287429B1864B187F,SAME_FAVOURITE,False,False,SAME_FAVOURITE
EIQ_RACE_A5A332459F9C0A84,EIQ_HORSE_93788AF6902512EC,2021,0.0479558955052477,EIQ_HORSE_8DC6328CE821F5EB,EIQ_HORSE_8DC6328CE821F5EB,SAME_FAVOURITE,False,False,SAME_FAVOURITE
EIQ_RACE_A5AA133CC89D0F01,EIQ_HORSE_7165ECD75CC5D7F8,2023,-0.14498183455356672,EIQ_HORSE_35A4D77FD07E28AA,EIQ_HORSE_35A4D77FD07E28AA,SAME_FAVOURITE,False,False,SAME_FAVOURITE
EIQ_RACE_A5AD334438CEA123,EIQ_HORSE_89AD1C27D54995E6,2025,0.012845945908228185,EIQ_HORSE_E8F45392675062C0,EIQ_HORSE_E8F45392675062C0,SAME_FAVOURITE,False,False,SAME_FAVOURITE
EIQ_RACE_A5B7F04DE7E6BC5E,EIQ_HORSE_77E1992207596B6D,2025,0.05497343819054468,EIQ_HORSE_B5C3674DDBF83664,EIQ_HORSE_B5C3674DDBF83664,SAME_FAVOURITE,False,False,SAME_FAVOURITE
EIQ_RACE_A5DA90295303F752,EIQ_HORSE_74A12AD781BC2810,2023,-0.13524656012319047,EIQ_HORSE_340F0A7D28A9226D,EIQ_HORSE_74E8E8EC484087DC,CHALLENGER_CHANGED_FAVOURITE,False,False,BOTH_WRONG
EIQ_RACE_A5F5F93DFB3C6BEA,EIQ_HORSE_F30D4604D4EC791C,2023,0.022082765293437223,EIQ_HORSE_79F93E5A663FB43A,EIQ_HORSE_79F93E5A663FB43A,SAME_FAVOURITE,False,False,SAME_FAVOURITE
EIQ_RACE_A6002281EF97FCC6,EIQ_HORSE_E13CA7314E3B6D25,2021,-0.01743709464211074,EIQ_HORSE_6EC81CDB19D7990A,EIQ_HORSE_6EC81CDB19D7990A,SAME_FAVOURITE,False,False,SAME_FAVOURITE
EIQ_RACE_A6050487E45FE30F,EIQ_HORSE_E92465F6E12E7D97,2021,-0.03275906988848809,EIQ_HORSE_E63823D398F4D786,EIQ_HORSE_E63823D398F4D786,SAME_FAVOURITE,False,False,SAME_FAVOURITE
EIQ_RACE_A612D6E9F0D731C6,EIQ_HORSE_BAB5272218197352,2023,0.1712081587791019,EIQ_HORSE_2927E71B3B19A9E0,EIQ_HORSE_2927E71B3B19A9E0,SAME_FAVOURITE,False,False,SAME_FAVOURITE
EIQ_RACE_A62B6A0FAAC14532,EIQ_HORSE_FA8D0E7CCFB8677A,2022,0.10006713733035699,EIQ_HORSE_B82B76D5D174DF17,EIQ_HORSE_B82B76D5D174DF17,SAME_FAVOURITE,False,False,SAME_FAVOURITE
EIQ_RACE_A645948D2A9FCC84,EIQ_HORSE_3097FBBFCF94DDF8,2021,0.02461450526839215,EIQ_HORSE_A1C5F618E0567C8E,EIQ_HORSE_A1C5F618E0567C8E,SAME_FAVOURITE,False,False,SAME_FAVOURITE
EIQ_RACE_A647BC706ADD22AD,EIQ_HORSE_53C9EB48C70D842B,2025,0.004982429647294673,EIQ_HORSE_096099FD84A3EB5B,EIQ_HORSE_096099FD84A3EB5B,SAME_FAVOURITE,False,False,SAME_FAVOURITE
EIQ_RACE_A64A90BAF216DEA5,EIQ_HORSE_04990092FAECE30D,2024,-0.09245122506772097,EIQ_HORSE_E0A23DBBA982BA8D,EIQ_HORSE_E0A23DBBA982BA8D,SAME_FAVOURITE,False,False,SAME_FAVOURITE
EIQ_RACE_A6701DE8BADFC0D7,EIQ_HORSE_94D9C839913DFD39,2022,0.022800972453467683,EIQ_HORSE_6744EA4ED7B5DEC4,EIQ_HORSE_6744EA4ED7B5DEC4,SAME_FAVOURITE,False,False,SAME_FAVOURITE
EIQ_RACE_A678A7F6703DF301,EIQ_HORSE_5FE636559EC1A49D,2026,0.11150028595995609,EIQ_HORSE_BA886109105B347B,EIQ_HORSE_BA886109105B347B,SAME_FAVOURITE,False,False,SAME_FAVOURITE
EIQ_RACE_A67AABB8C66EEB27,EIQ_HORSE_51A9854344FA421C,2021,0.012952679911841125,EIQ_HORSE_51A9854344FA421C,EIQ_HORSE_51A9854344FA421C,SAME_FAVOURITE,True,True,SAME_FAVOURITE
EIQ_RACE_A67CEEF84FB4E771,EIQ_HORSE_FDA3F933C31AF364,2021,-0.042779048911435025,EIQ_HORSE_FDA3F933C31AF364,EIQ_HORSE_FDA3F933C31AF364,SAME_FAVOURITE,True,True,SAME_FAVOURITE
EIQ_RACE_A67F64A1E0AEE527,EIQ_HORSE_F8C45E17A087793E,2025,0.1576810315004713,EIQ_HORSE_BF82630AFC6F7E7B,EIQ_HORSE_9D312474C7877E57,CHALLENGER_CHANGED_FAVOURITE,False,False,BOTH_WRONG
EIQ_RACE_A687C7E694F57EE0,EIQ_HORSE_1FE47DD775A370A0,2022,-0.3372006295014087,EIQ_HORSE_A3D41E02C937A5BE,EIQ_HORSE_A3D41E02C937A5BE,SAME_FAVOURITE,False,False,SAME_FAVOURITE
EIQ_RACE_A68A2D700EE8DD48,EIQ_HORSE_D47CCBA89D364EE2,2024,0.005444716194330068,EIQ_HORSE_D47CCBA89D364EE2,EIQ_HORSE_F04E29A35AE157BB,CHALLENGER_CHANGED_FAVOURITE,True,False,STRICT_CORRECT_DROP_WRONG
EIQ_RACE_A6A35A3D67B6133C,EIQ_HORSE_16F86AB51A8928A5,2025,0.04392791965519205,EIQ_HORSE_0601D8C8F4511C1E,EIQ_HORSE_0601D8C8F4511C1E,SAME_FAVOURITE,False,False,SAME_FAVOURITE
EIQ_RACE_A6B0FEAC9D449E65,EIQ_HORSE_8352E6EBCC9447E9,2026,-0.11345169605590488,EIQ_HORSE_B04622BDAE0B1F7B,EIQ_HORSE_B04622BDAE0B1F7B,SAME_FAVOURITE,False,False,SAME_FAVOURITE
EIQ_RACE_A6C21D74DC2E75E6,EIQ_HORSE_DE3EEBF329A5A7AB,2024,0.004749212065349839,EIQ_HORSE_7B6611BB718AC726,EIQ_HORSE_DE3EEBF329A5A7AB,CHALLENGER_CHANGED_FAVOURITE,False,True,STRICT_WRONG_DROP_CORRECT
EIQ_RACE_A6C863F4B4958AE1,EIQ_HORSE_6F753C4E8A5BA6EF,2024,0.0209961922551416,EIQ_HORSE_6F753C4E8A5BA6EF,EIQ_HORSE_6F753C4E8A5BA6EF,SAME_FAVOURITE,True,True,SAME_FAVOURITE
EIQ_RACE_A6CE634292DF5FCF,EIQ_HORSE_BF623E804FCDA0A7,2024,-0.07367773565767877,EIQ_HORSE_B35B3C78840BF854,EIQ_HORSE_B35B3C78840BF854,SAME_FAVOURITE,False,False,SAME_FAVOURITE
EIQ_RACE_A6D35A2741E9B032,EIQ_HORSE_1579C26F18C0A14E,2024,-0.01866939843763582,EIQ_HORSE_1579C26F18C0A14E,EIQ_HORSE_1579C26F18C0A14E,SAME_FAVOURITE,True,True,SAME_FAVOURITE
EIQ_RACE_A6E53A32C55A46F3,EIQ_HORSE_33D3A716A156DF51,2024,-0.060756757857439725,EIQ_HORSE_33D3A716A156DF51,EIQ_HORSE_33D3A716A156DF51,SAME_FAVOURITE,True,True,SAME_FAVOURITE
EIQ_RACE_A6E9459240D16BAB,EIQ_HORSE_39F3C46959C92CFC,2024,-0.10400132568145626,EIQ_HORSE_39F3C46959C92CFC,EIQ_HORSE_39F3C46959C92CFC,SAME_FAVOURITE,True,True,SAME_FAVOURITE
EIQ_RACE_A702B62857D0A2ED,EIQ_HORSE_80553E0A69B6DF70,2025,0.07978119004362871,EIQ_HORSE_80553E0A69B6DF70,EIQ_HORSE_80553E0A69B6DF70,SAME_FAVOURITE,True,True,SAME_FAVOURITE
EIQ_RACE_A7130043B35119BD,EIQ_HORSE_C0AA60CA6F0E3B3C,2025,-0.024420064636878624,EIQ_HORSE_C0AA60CA6F0E3B3C,EIQ_HORSE_7A335494710973E3,CHALLENGER_CHANGED_FAVOURITE,True,False,STRICT_CORRECT_DROP_WRONG
EIQ_RACE_A71A1D93BC714E48,EIQ_HORSE_1118E5F38132FB45,2026,0.020525125164453595,EIQ_HORSE_2D6D93EDBA94B179,EIQ_HORSE_2D6D93EDBA94B179,SAME_FAVOURITE,False,False,SAME_FAVOURITE
EIQ_RACE_A71E3ACF9B5E2777,EIQ_HORSE_3C0142684AE2D0EE,2025,-0.009849291926115278,EIQ_HORSE_C2736E3B50657148,EIQ_HORSE_C2736E3B50657148,SAME_FAVOURITE,False,False,SAME_FAVOURITE
EIQ_RACE_A732334FF865E27C,EIQ_HORSE_0232EE3753C72DBD,2021,0.02463860549971475,EIQ_HORSE_AFD7DAAC3B490658,EIQ_HORSE_AFD7DAAC3B490658,SAME_FAVOURITE,False,False,SAME_FAVOURITE
EIQ_RACE_A74026BF4963451F,EIQ_HORSE_21BAB4128E399923,2025,0.0008244375392898462,EIQ_HORSE_D67CCDE9C88F2E1B,EIQ_HORSE_D67CCDE9C88F2E1B,SAME_FAVOURITE,False,False,SAME_FAVOURITE
EIQ_RACE_A754890C92EBB450,EIQ_HORSE_C38A1760361A8C64,2024,0.031073022914021475,EIQ_HORSE_1D73EAF65DBA6B4E,EIQ_HORSE_1D73EAF65DBA6B4E,SAME_FAVOURITE,False,False,SAME_FAVOURITE
EIQ_RACE_A75593C82DA90A52,EIQ_HORSE_A315C01C2D7A1308,2024,0.11976840874558059,EIQ_HORSE_039EA53E8C459A8A,EIQ_HORSE_039EA53E8C459A8A,SAME_FAVOURITE,False,False,SAME_FAVOURITE
EIQ_RACE_A78B5DAA04210CE8,EIQ_HORSE_4A6FE7FDB16CF964,2021,-0.029814250048169066,EIQ_HORSE_4A6FE7FDB16CF964,EIQ_HORSE_4A6FE7FDB16CF964,SAME_FAVOURITE,True,True,SAME_FAVOURITE
EIQ_RACE_A7A57D5172EF3315,EIQ_HORSE_8EBE91A8BD1B3CE0,2021,-0.11413225699377438,EIQ_HORSE_A3655B98F9F602A9,EIQ_HORSE_73A7AC016E70F277,CHALLENGER_CHANGED_FAVOURITE,False,False,BOTH_WRONG
EIQ_RACE_A7AD346AF0D8EE0F,EIQ_HORSE_75EFF5EC4B56521C,2022,0.03491786501183025,EIQ_HORSE_6E58ECA14A861F45,EIQ_HORSE_B9C038073D235A72,CHALLENGER_CHANGED_FAVOURITE,False,False,BOTH_WRONG
EIQ_RACE_A7CA40C24D85704E,EIQ_HORSE_5FDB78ED03C1B03A,2021,0.18775490862826216,EIQ_HORSE_EA0AD32B47CA8889,EIQ_HORSE_5FDB78ED03C1B03A,CHALLENGER_CHANGED_FAVOURITE,False,True,STRICT_WRONG_DROP_CORRECT
EIQ_RACE_A7CDC0CB9AEFCA2B,EIQ_HORSE_5F0BA5C433CF71C1,2023,0.12222752183853869,EIQ_HORSE_5F0BA5C433CF71C1,EIQ_HORSE_5F0BA5C433CF71C1,SAME_FAVOURITE,True,True,SAME_FAVOURITE
EIQ_RACE_A7D7B6CC68EB1FD0,EIQ_HORSE_DF6723A02925AEC0,2021,-0.012015390261710168,EIQ_HORSE_3B86703A1DEC9317,EIQ_HORSE_3B86703A1DEC9317,SAME_FAVOURITE,False,False,SAME_FAVOURITE
EIQ_RACE_A7D8BA455CEDFCC2,EIQ_HORSE_64EBC7E08CB7CFB5,2025,-0.07156069741767102,EIQ_HORSE_A0787996108CB3E0,EIQ_HORSE_A0787996108CB3E0,SAME_FAVOURITE,False,False,SAME_FAVOURITE
EIQ_RACE_A7EAD5D9B96759C0,EIQ_HORSE_C4112152D43CBB27,2021,-0.018048398964519485,EIQ_HORSE_1EAE4D68608A6D11,EIQ_HORSE_1EAE4D68608A6D11,SAME_FAVOURITE,False,False,SAME_FAVOURITE
EIQ_RACE_A808ABB8E95908F0,EIQ_HORSE_AEF1683B0D2BAAFE,2024,-0.0004567751471786785,EIQ_HORSE_D02CFE9224994A5A,EIQ_HORSE_D02CFE9224994A5A,SAME_FAVOURITE,False,False,SAME_FAVOURITE
EIQ_RACE_A80DE8F3C770F55D,EIQ_HORSE_81AF5A59D71C84F0,2024,0.0290107629039682,EIQ_HORSE_81AF5A59D71C84F0,EIQ_HORSE_81AF5A59D71C84F0,SAME_FAVOURITE,True,True,SAME_FAVOURITE
EIQ_RACE_A80FBF1E9F59764F,EIQ_HORSE_D825A9767E2BDF44,2023,0.06626248069344243,EIQ_HORSE_12309588E904597E,EIQ_HORSE_12309588E904597E,SAME_FAVOURITE,False,False,SAME_FAVOURITE
EIQ_RACE_A818DB3D1B329C73,EIQ_HORSE_939C50FEC935E987,2021,0.11166479266897467,EIQ_HORSE_C0AAE9ACAFED18BC,EIQ_HORSE_C0AAE9ACAFED18BC,SAME_FAVOURITE,False,False,SAME_FAVOURITE
EIQ_RACE_A81C5A28B1152FB1,EIQ_HORSE_28010A6964EAAB64,2021,-0.24530379900763144,EIQ_HORSE_5FD64B9948B0B486,EIQ_HORSE_5FD64B9948B0B486,SAME_FAVOURITE,False,False,SAME_FAVOURITE
EIQ_RACE_A822DCBA6E807176,EIQ_HORSE_D8A49DE87C7FC79B,2026,-0.024336208219096545,EIQ_HORSE_B04622BDAE0B1F7B,EIQ_HORSE_B04622BDAE0B1F7B,SAME_FAVOURITE,False,False,SAME_FAVOURITE
EIQ_RACE_A82ADC3CBBA4B7B9,EIQ_HORSE_DE92E52ECE63782D,2025,-0.03724240258614797,EIQ_HORSE_791166D0C67D7649,EIQ_HORSE_791166D0C67D7649,SAME_FAVOURITE,False,False,SAME_FAVOURITE
EIQ_RACE_A84E81D4982FC2DF,EIQ_HORSE_CA05B11A149270AA,2023,0.12499267317519314,EIQ_HORSE_1F83BB06FDABE1F9,EIQ_HORSE_1F83BB06FDABE1F9,SAME_FAVOURITE,False,False,SAME_FAVOURITE
EIQ_RACE_A8599F4610D88419,EIQ_HORSE_C75C1EF277793562,2022,0.11510501605067125,EIQ_HORSE_A9C0762708A9E9FF,EIQ_HORSE_A9C0762708A9E9FF,SAME_FAVOURITE,False,False,SAME_FAVOURITE
EIQ_RACE_A8812DB93AF5E654,EIQ_HORSE_A1832026DCF10DCB,2021,-0.01735301532079525,EIQ_HORSE_8B6D71031DD39DF5,EIQ_HORSE_8B6D71031DD39DF5,SAME_FAVOURITE,False,False,SAME_FAVOURITE
EIQ_RACE_A884938F9F32F3D0,EIQ_HORSE_A4116F3C6E202DCE,2025,0.16912315857431848,EIQ_HORSE_BAB5272218197352,EIQ_HORSE_BAB5272218197352,SAME_FAVOURITE,False,False,SAME_FAVOURITE
EIQ_RACE_A88617FD50F260A1,EIQ_HORSE_8BCB6B394FBB900A,2021,0.03457708554856165,EIQ_HORSE_986559C7D9B7F77E,EIQ_HORSE_986559C7D9B7F77E,SAME_FAVOURITE,False,False,SAME_FAVOURITE
EIQ_RACE_A88A043C6E4A210D,EIQ_HORSE_E9EE658A25A6E940,2025,-0.048563977662775315,EIQ_HORSE_F07648D9821BF4F7,EIQ_HORSE_F07648D9821BF4F7,SAME_FAVOURITE,False,False,SAME_FAVOURITE
EIQ_RACE_A8A2DB9D0E0D70F0,EIQ_HORSE_813718D72ECCAA95,2021,0.048421548285662475,EIQ_HORSE_DBAA4E308B8DF9B8,EIQ_HORSE_DBAA4E308B8DF9B8,SAME_FAVOURITE,False,False,SAME_FAVOURITE
EIQ_RACE_A8B502B19826E7E7,EIQ_HORSE_81F22E77D63F735B,2024,-0.004656860834746368,EIQ_HORSE_13B651AAF5DF9867,EIQ_HORSE_C0351761EF238BDB,CHALLENGER_CHANGED_FAVOURITE,False,False,BOTH_WRONG
EIQ_RACE_A8CE0F02E19484F6,EIQ_HORSE_321475F9E6C50A9F,2026,0.14718266660081225,EIQ_HORSE_6972C4983C003FA3,EIQ_HORSE_6972C4983C003FA3,SAME_FAVOURITE,False,False,SAME_FAVOURITE
EIQ_RACE_A8D66479032C4114,EIQ_HORSE_7EEAA72984AD1DE5,2025,0.0868709273701338,EIQ_HORSE_3C85D6149E5C0954,EIQ_HORSE_883DA309EE405436,CHALLENGER_CHANGED_FAVOURITE,False,False,BOTH_WRONG
EIQ_RACE_A8E40DBDCDFF8876,EIQ_HORSE_39D98097501C4237,2025,0.03370934040945284,EIQ_HORSE_152E104B47CB5929,EIQ_HORSE_39D98097501C4237,CHALLENGER_CHANGED_FAVOURITE,False,True,STRICT_WRONG_DROP_CORRECT
EIQ_RACE_A8EAFD228BED79AD,EIQ_HORSE_F77D9C7692EE2650,2021,0.03831008049662521,EIQ_HORSE_F77D9C7692EE2650,EIQ_HORSE_F77D9C7692EE2650,SAME_FAVOURITE,True,True,SAME_FAVOURITE
EIQ_RACE_A8EE504D8695A27E,EIQ_HORSE_D165E925A496C6D2,2024,0.02207755934522493,EIQ_HORSE_D165E925A496C6D2,EIQ_HORSE_D165E925A496C6D2,SAME_FAVOURITE,True,True,SAME_FAVOURITE
EIQ_RACE_A8FA6BDBB08C3380,EIQ_HORSE_BDDFCCCE94DF56F9,2026,-0.1269824314890431,EIQ_HORSE_82D1BB13B567BDDC,EIQ_HORSE_82D1BB13B567BDDC,SAME_FAVOURITE,False,False,SAME_FAVOURITE
EIQ_RACE_A8FBF080C0D31A19,EIQ_HORSE_F622810FEC58F4C8,2025,-0.16438548080611604,EIQ_HORSE_29C8D10FC4C28AC6,EIQ_HORSE_A0CD054B7890CA68,CHALLENGER_CHANGED_FAVOURITE,False,False,BOTH_WRONG
EIQ_RACE_A905416C38D823C2,EIQ_HORSE_15E29D62E254B0FF,2024,-0.034746885844938014,EIQ_HORSE_15E29D62E254B0FF,EIQ_HORSE_15E29D62E254B0FF,SAME_FAVOURITE,True,True,SAME_FAVOURITE
EIQ_RACE_A922675E20189183,EIQ_HORSE_7BA5834F0CB4B773,2024,-0.12789121180325003,EIQ_HORSE_7BA5834F0CB4B773,EIQ_HORSE_7BA5834F0CB4B773,SAME_FAVOURITE,True,True,SAME_FAVOURITE
EIQ_RACE_A926F7E3F7E85486,EIQ_HORSE_5B8F898875B5C414,2026,0.28307128434115647,EIQ_HORSE_C54323EF3468FA92,EIQ_HORSE_C54323EF3468FA92,SAME_FAVOURITE,False,False,SAME_FAVOURITE
EIQ_RACE_A937EA312C6B9497,EIQ_HORSE_0D147F4DF816F15A,2022,-0.079952337610802,EIQ_HORSE_0D147F4DF816F15A,EIQ_HORSE_0D147F4DF816F15A,SAME_FAVOURITE,True,True,SAME_FAVOURITE
EIQ_RACE_A93EE22B05C26265,EIQ_HORSE_5D0545E01DC21893,2023,0.06431890160045128,EIQ_HORSE_A0FD0FB2D35D833C,EIQ_HORSE_A0FD0FB2D35D833C,SAME_FAVOURITE,False,False,SAME_FAVOURITE
EIQ_RACE_A947CF678D6A65F6,EIQ_HORSE_1D1124BE0F60E70E,2023,0.058988031152991116,EIQ_HORSE_0B6F3152507D61B7,EIQ_HORSE_0B6F3152507D61B7,SAME_FAVOURITE,False,False,SAME_FAVOURITE
EIQ_RACE_A94E9694619BC164,EIQ_HORSE_7C47BF1E2F2CA31F,2025,-0.016796565857861268,EIQ_HORSE_7C47BF1E2F2CA31F,EIQ_HORSE_7C47BF1E2F2CA31F,SAME_FAVOURITE,True,True,SAME_FAVOURITE
EIQ_RACE_A992F5581D10BD8F,EIQ_HORSE_B14DC331B7ADDE38,2023,-0.012505131966179528,EIQ_HORSE_B14DC331B7ADDE38,EIQ_HORSE_B14DC331B7ADDE38,SAME_FAVOURITE,True,True,SAME_FAVOURITE
EIQ_RACE_A993AEB38AFB8CD3,EIQ_HORSE_9D8C5C7628AA99D3,2024,-0.02860366662148084,EIQ_HORSE_94816A8B142DA162,EIQ_HORSE_94816A8B142DA162,SAME_FAVOURITE,False,False,SAME_FAVOURITE
EIQ_RACE_A99444FA6C5BE43E,EIQ_HORSE_4A3C8CC177FA301A,2025,0.0344410048387207,EIQ_HORSE_CA75CE73E3B5FE13,EIQ_HORSE_CA75CE73E3B5FE13,SAME_FAVOURITE,False,False,SAME_FAVOURITE
EIQ_RACE_A99FE3DF3268D9B1,EIQ_HORSE_D8D924F7606B490B,2021,0.0737513794994511,EIQ_HORSE_8947607F43474CC0,EIQ_HORSE_8BC69C33B3981E20,CHALLENGER_CHANGED_FAVOURITE,False,False,BOTH_WRONG
EIQ_RACE_A9A287C13C1E948B,EIQ_HORSE_AAC3A096211FE2F8,2025,-0.11109103268218501,EIQ_HORSE_881236CD5D90B284,EIQ_HORSE_881236CD5D90B284,SAME_FAVOURITE,False,False,SAME_FAVOURITE
EIQ_RACE_A9CEC0937AF7F0BC,EIQ_HORSE_995E1E13D57E11B0,2023,-0.19903228456678557,EIQ_HORSE_B14F2E68CDACDF14,EIQ_HORSE_B14F2E68CDACDF14,SAME_FAVOURITE,False,False,SAME_FAVOURITE
EIQ_RACE_A9E350659A454129,EIQ_HORSE_B3C1A62AA9C513C9,2021,0.21845250789681891,EIQ_HORSE_03F64D0F45838D94,EIQ_HORSE_03F64D0F45838D94,SAME_FAVOURITE,False,False,SAME_FAVOURITE
EIQ_RACE_A9E773D3515BD513,EIQ_HORSE_882AE5D6B16A4B47,2023,-0.08910451833583144,EIQ_HORSE_770231F0E2D113DC,EIQ_HORSE_770231F0E2D113DC,SAME_FAVOURITE,False,False,SAME_FAVOURITE
EIQ_RACE_A9F79F03F596A8C2,EIQ_HORSE_FE13B183D25F0BB5,2023,-0.077578214058315,EIQ_HORSE_FE13B183D25F0BB5,EIQ_HORSE_63409BD7B0DA3C32,CHALLENGER_CHANGED_FAVOURITE,True,False,STRICT_CORRECT_DROP_WRONG
EIQ_RACE_AA078C0D0F0C2C5F,EIQ_HORSE_CEBC08DEDF5DB28A,2025,-0.01488640717587697,EIQ_HORSE_CEBC08DEDF5DB28A,EIQ_HORSE_CEBC08DEDF5DB28A,SAME_FAVOURITE,True,True,SAME_FAVOURITE
EIQ_RACE_AA0B23F83F76718D,EIQ_HORSE_9D9D1EB42AAF1655,2026,0.03257633692630879,EIQ_HORSE_9D9D1EB42AAF1655,EIQ_HORSE_9D9D1EB42AAF1655,SAME_FAVOURITE,True,True,SAME_FAVOURITE
EIQ_RACE_AA1052C12AF48230,EIQ_HORSE_EBDE303A7E1D87DA,2021,0.09165452840382415,EIQ_HORSE_EBDE303A7E1D87DA,EIQ_HORSE_EBDE303A7E1D87DA,SAME_FAVOURITE,True,True,SAME_FAVOURITE
EIQ_RACE_AA10A018DC9E5F3D,EIQ_HORSE_12197F8B16950CE8,2021,0.04202198916660693,EIQ_HORSE_7EED1FE571DBA933,EIQ_HORSE_7EED1FE571DBA933,SAME_FAVOURITE,False,False,SAME_FAVOURITE
EIQ_RACE_AA1BCE31AFF9B002,EIQ_HORSE_A96CF58E0935B6F4,2025,0.10550013912844136,EIQ_HORSE_C9C9EC2640B46E38,EIQ_HORSE_C9C9EC2640B46E38,SAME_FAVOURITE,False,False,SAME_FAVOURITE
EIQ_RACE_AA1E6F739477D0F3,EIQ_HORSE_17601ADC8B98CF95,2025,0.05420530444483607,EIQ_HORSE_0BFE6EEDA7BF7A01,EIQ_HORSE_0BFE6EEDA7BF7A01,SAME_FAVOURITE,False,False,SAME_FAVOURITE
EIQ_RACE_AA459B9569CC6DA0,EIQ_HORSE_A1D1BFFD64A3796C,2023,0.044462115579304795,EIQ_HORSE_A1D1BFFD64A3796C,EIQ_HORSE_A1D1BFFD64A3796C,SAME_FAVOURITE,True,True,SAME_FAVOURITE
EIQ_RACE_AA53A6C845A1021A,EIQ_HORSE_6DF869ED5CC8C852,2021,-0.05341996823169026,EIQ_HORSE_0A3337A53783797C,EIQ_HORSE_0A3337A53783797C,SAME_FAVOURITE,False,False,SAME_FAVOURITE
EIQ_RACE_AA627FFA40C67939,EIQ_HORSE_6B40EE5019292248,2023,-0.08993250946331521,EIQ_HORSE_6FF4FF236FF5C5E8,EIQ_HORSE_6FF4FF236FF5C5E8,SAME_FAVOURITE,False,False,SAME_FAVOURITE
EIQ_RACE_AA6A8C1E28FF2AD6,EIQ_HORSE_11CB7CE588676FF0,2025,-0.09830421044151261,EIQ_HORSE_083668A2041F1989,EIQ_HORSE_083668A2041F1989,SAME_FAVOURITE,False,False,SAME_FAVOURITE
EIQ_RACE_AA6B4473507421BF,EIQ_HORSE_FD33E8133C5C8B76,2023,-0.09875118145829531,EIQ_HORSE_4A5181C77DC3766A,EIQ_HORSE_4A5181C77DC3766A,SAME_FAVOURITE,False,False,SAME_FAVOURITE
EIQ_RACE_AA911B9E8DB48E14,EIQ_HORSE_F8E7531658CB15F5,2022,-0.033177535373134504,EIQ_HORSE_BF5E9848A3ECB99B,EIQ_HORSE_BF5E9848A3ECB99B,SAME_FAVOURITE,False,False,SAME_FAVOURITE
EIQ_RACE_AAA284A2644441A7,EIQ_HORSE_ABA3E6BB528F9D87,2021,-0.04719706095661946,EIQ_HORSE_3F198C767864698A,EIQ_HORSE_3F198C767864698A,SAME_FAVOURITE,False,False,SAME_FAVOURITE
EIQ_RACE_AAA6C8ACDFF0EB58,EIQ_HORSE_28DC2BD7446BD288,2025,-0.21991065714880298,EIQ_HORSE_28DC2BD7446BD288,EIQ_HORSE_28DC2BD7446BD288,SAME_FAVOURITE,True,True,SAME_FAVOURITE
EIQ_RACE_AAAD25D5E069B241,EIQ_HORSE_1226CF60625B01E3,2026,-0.06071979510900105,EIQ_HORSE_14C46CE6A127D7CC,EIQ_HORSE_14C46CE6A127D7CC,SAME_FAVOURITE,False,False,SAME_FAVOURITE
EIQ_RACE_AAB9537BEB6600E3,EIQ_HORSE_5C5C89D78E5812E8,2025,-0.037188033524895525,EIQ_HORSE_5C5C89D78E5812E8,EIQ_HORSE_5C5C89D78E5812E8,SAME_FAVOURITE,True,True,SAME_FAVOURITE
EIQ_RACE_AAC4E29D7E3C3629,EIQ_HORSE_A9B32E8F1C6E14EF,2024,-0.05563643344460312,EIQ_HORSE_A9B32E8F1C6E14EF,EIQ_HORSE_A9B32E8F1C6E14EF,SAME_FAVOURITE,True,True,SAME_FAVOURITE
EIQ_RACE_AAC8D8222F6852A1,EIQ_HORSE_152A6FB9E1E5B251,2021,-0.03640664376885594,EIQ_HORSE_68E368B712389463,EIQ_HORSE_68E368B712389463,SAME_FAVOURITE,False,False,SAME_FAVOURITE
EIQ_RACE_AAFE9A77DF827A12,EIQ_HORSE_39B4185927F25632,2023,0.0068924323576493585,EIQ_HORSE_F71F473A93E89D65,EIQ_HORSE_F71F473A93E89D65,SAME_FAVOURITE,False,False,SAME_FAVOURITE
EIQ_RACE_AB20939EBB97B61E,EIQ_HORSE_9B865EC5C8AEF690,2021,-0.006473062542945218,EIQ_HORSE_94761AB79DD33A8E,EIQ_HORSE_94761AB79DD33A8E,SAME_FAVOURITE,False,False,SAME_FAVOURITE
EIQ_RACE_AB294716C6C6FAED,EIQ_HORSE_492551C8DE5F1105,2024,0.04848617337173722,EIQ_HORSE_79D8DF7A4D76E147,EIQ_HORSE_79D8DF7A4D76E147,SAME_FAVOURITE,False,False,SAME_FAVOURITE
EIQ_RACE_AB2B3647903E6923,EIQ_HORSE_DD0FBA2B9EE2AA50,2021,0.049640039585526985,EIQ_HORSE_2B375945A4C349AF,EIQ_HORSE_F7E004E32FFCCE68,CHALLENGER_CHANGED_FAVOURITE,False,False,BOTH_WRONG
EIQ_RACE_AB2BC9CFD4DF39E4,EIQ_HORSE_F7A66BAD8170F100,2026,0.04711534686710617,EIQ_HORSE_F7A66BAD8170F100,EIQ_HORSE_F7A66BAD8170F100,SAME_FAVOURITE,True,True,SAME_FAVOURITE
EIQ_RACE_AB38BF5CB373DDFA,EIQ_HORSE_4A669C0FC62DE796,2025,-0.19545413466009331,EIQ_HORSE_4A669C0FC62DE796,EIQ_HORSE_D7DFA7630A41AAFE,CHALLENGER_CHANGED_FAVOURITE,True,False,STRICT_CORRECT_DROP_WRONG
EIQ_RACE_AB41EFB3AF83B135,EIQ_HORSE_218175C45735D041,2026,-0.014353113991724564,EIQ_HORSE_B8E5EE0D4531F1F9,EIQ_HORSE_B8E5EE0D4531F1F9,SAME_FAVOURITE,False,False,SAME_FAVOURITE
EIQ_RACE_AB57A9FF468DC2C5,EIQ_HORSE_92B6D1AD76494226,2023,0.0026268438973264807,EIQ_HORSE_BE199856E70C43D5,EIQ_HORSE_BE199856E70C43D5,SAME_FAVOURITE,False,False,SAME_FAVOURITE
EIQ_RACE_AB9FD1B63E903289,EIQ_HORSE_CA9F76179F845DF1,2025,0.05951558191258455,EIQ_HORSE_44B3EE6B0F0A9A1B,EIQ_HORSE_44B3EE6B0F0A9A1B,SAME_FAVOURITE,False,False,SAME_FAVOURITE
EIQ_RACE_ABA186A5B7EBF131,EIQ_HORSE_8244851D0CF8422F,2024,0.061777728149449374,EIQ_HORSE_AD161F1ADF5626F9,EIQ_HORSE_8244851D0CF8422F,CHALLENGER_CHANGED_FAVOURITE,False,True,STRICT_WRONG_DROP_CORRECT
EIQ_RACE_ABA8A6C709648CC3,EIQ_HORSE_7FA47B693B88060E,2023,-0.12970660959466507,EIQ_HORSE_F30CD40A6AC6D1C0,EIQ_HORSE_F30CD40A6AC6D1C0,SAME_FAVOURITE,False,False,SAME_FAVOURITE
EIQ_RACE_ABAE08CDFEAF3248,EIQ_HORSE_1C3836CB1A33FE83,2025,-0.03792706830306125,EIQ_HORSE_1C3836CB1A33FE83,EIQ_HORSE_1C3836CB1A33FE83,SAME_FAVOURITE,True,True,SAME_FAVOURITE
EIQ_RACE_ABB21A7842F69053,EIQ_HORSE_AC6B1037F29B347B,2024,-0.1036382342549298,EIQ_HORSE_AC6B1037F29B347B,EIQ_HORSE_AC6B1037F29B347B,SAME_FAVOURITE,True,True,SAME_FAVOURITE
EIQ_RACE_ABBBA99B185CE93A,EIQ_HORSE_B82D5A5A4C4641CF,2023,-0.1686752072314739,EIQ_HORSE_B82D5A5A4C4641CF,EIQ_HORSE_B82D5A5A4C4641CF,SAME_FAVOURITE,True,True,SAME_FAVOURITE
EIQ_RACE_ABC3167CD4A1484A,EIQ_HORSE_39F31C491EA7CE61,2025,0.07280388976246743,EIQ_HORSE_47228965912A9962,EIQ_HORSE_47228965912A9962,SAME_FAVOURITE,False,False,SAME_FAVOURITE
EIQ_RACE_ABC3F661B0CE634A,EIQ_HORSE_E0A23DBBA982BA8D,2025,-0.013369106996671043,EIQ_HORSE_583D83C487FDAC70,EIQ_HORSE_583D83C487FDAC70,SAME_FAVOURITE,False,False,SAME_FAVOURITE
EIQ_RACE_ABD19195485C4F96,EIQ_HORSE_BCBB18B62EDD9F63,2024,0.07587316978982717,EIQ_HORSE_0B6F3152507D61B7,EIQ_HORSE_0B6F3152507D61B7,SAME_FAVOURITE,False,False,SAME_FAVOURITE
EIQ_RACE_ABF18D49F9DC92C3,EIQ_HORSE_5335198059F6D494,2023,-0.0070550287699306935,EIQ_HORSE_5335198059F6D494,EIQ_HORSE_5335198059F6D494,SAME_FAVOURITE,True,True,SAME_FAVOURITE
EIQ_RACE_ABF3C396C3867FDC,EIQ_HORSE_ACBF241228345C79,2024,-0.012933278288894456,EIQ_HORSE_ACBF241228345C79,EIQ_HORSE_BE02B3A1E62B6D9A,CHALLENGER_CHANGED_FAVOURITE,True,False,STRICT_CORRECT_DROP_WRONG
EIQ_RACE_AC06057198FAE583,EIQ_HORSE_9D75AB628DD65639,2021,-0.1903503605669037,EIQ_HORSE_9D75AB628DD65639,EIQ_HORSE_9D75AB628DD65639,SAME_FAVOURITE,True,True,SAME_FAVOURITE
EIQ_RACE_AC07A3A1EAB33451,EIQ_HORSE_FB029FB5D4659A5C,2024,-0.009510080026107648,EIQ_HORSE_F2B3819A77979195,EIQ_HORSE_F2B3819A77979195,SAME_FAVOURITE,False,False,SAME_FAVOURITE
EIQ_RACE_AC0AEB7AD92E77A1,EIQ_HORSE_8CE9DE53107A64BF,2021,-0.013956030358587723,EIQ_HORSE_8CE9DE53107A64BF,EIQ_HORSE_8CE9DE53107A64BF,SAME_FAVOURITE,True,True,SAME_FAVOURITE
EIQ_RACE_AC0ED941AC764968,EIQ_HORSE_130EE0825AC60BA5,2025,0.04017256252122969,EIQ_HORSE_130EE0825AC60BA5,EIQ_HORSE_130EE0825AC60BA5,SAME_FAVOURITE,True,True,SAME_FAVOURITE
EIQ_RACE_AC0F8CB4BFE0807B,EIQ_HORSE_F1319A62B8F8A4F8,2023,-0.09827199357701799,EIQ_HORSE_1CDBE55E345141FD,EIQ_HORSE_EA6F657E3D0B1C33,CHALLENGER_CHANGED_FAVOURITE,False,False,BOTH_WRONG
EIQ_RACE_AC23940BDB8AAEFB,EIQ_HORSE_326E428B2FE8D3DD,2026,0.03714459081578081,EIQ_HORSE_E3CAAEAC6EB11758,EIQ_HORSE_E3CAAEAC6EB11758,SAME_FAVOURITE,False,False,SAME_FAVOURITE
EIQ_RACE_AC40D595165F071B,EIQ_HORSE_07BF79BF4DEC37EE,2023,0.04483577480070666,EIQ_HORSE_6426452802CA80E3,EIQ_HORSE_56F55C36428ED69B,CHALLENGER_CHANGED_FAVOURITE,False,False,BOTH_WRONG
EIQ_RACE_AC581D3381840033,EIQ_HORSE_6C2364273EE4A761,2023,0.07321539946177458,EIQ_HORSE_6B763EF4401C72D8,EIQ_HORSE_6B763EF4401C72D8,SAME_FAVOURITE,False,False,SAME_FAVOURITE
EIQ_RACE_AC82F4FBA96FC7BB,EIQ_HORSE_D34382AF697FDEFF,2021,0.008937811885042724,EIQ_HORSE_BBD095E6E26CD270,EIQ_HORSE_0844C2E1E31D0CE7,CHALLENGER_CHANGED_FAVOURITE,False,False,BOTH_WRONG
EIQ_RACE_AC85FF792454191C,EIQ_HORSE_F1D2521CC2FE8089,2023,0.05306094190305011,EIQ_HORSE_F1D2521CC2FE8089,EIQ_HORSE_F1D2521CC2FE8089,SAME_FAVOURITE,True,True,SAME_FAVOURITE
EIQ_RACE_AC86CE5D62782558,EIQ_HORSE_21990B071C493186,2023,-0.076233142658102,EIQ_HORSE_21990B071C493186,EIQ_HORSE_21990B071C493186,SAME_FAVOURITE,True,True,SAME_FAVOURITE
EIQ_RACE_AC91DEA96FB535DC,EIQ_HORSE_42C73872DBEE4A6D,2025,0.05544668754177984,EIQ_HORSE_9B98EF5941DF700F,EIQ_HORSE_9B98EF5941DF700F,SAME_FAVOURITE,False,False,SAME_FAVOURITE
EIQ_RACE_AC9A2556CCA9AA4F,EIQ_HORSE_1C3A84E47AB6FF2B,2025,0.03239900602317558,EIQ_HORSE_CE79C5691149AEF8,EIQ_HORSE_CE79C5691149AEF8,SAME_FAVOURITE,False,False,SAME_FAVOURITE
EIQ_RACE_ACA2826748A7B3FC,EIQ_HORSE_323FDD0760DDC515,2021,0.05951793315830489,EIQ_HORSE_C0D2F06623767D9E,EIQ_HORSE_C0D2F06623767D9E,SAME_FAVOURITE,False,False,SAME_FAVOURITE
EIQ_RACE_ACA6F321315C4D41,EIQ_HORSE_65AD05E55523148D,2025,-0.09999202755211434,EIQ_HORSE_65AD05E55523148D,EIQ_HORSE_65AD05E55523148D,SAME_FAVOURITE,True,True,SAME_FAVOURITE
EIQ_RACE_ACA80504E7D2480F,EIQ_HORSE_43C720DBC27E294E,2021,-0.017494165866604128,EIQ_HORSE_3D3088917F53D48A,EIQ_HORSE_3D3088917F53D48A,SAME_FAVOURITE,False,False,SAME_FAVOURITE
EIQ_RACE_ACC803DE8F7CF0E0,EIQ_HORSE_66904EEDF24E49F8,2021,-0.06001766635852279,EIQ_HORSE_AE15FF121D99AB15,EIQ_HORSE_AE15FF121D99AB15,SAME_FAVOURITE,False,False,SAME_FAVOURITE
EIQ_RACE_ACDDC538C9B93C76,EIQ_HORSE_71B5A558A8D47194,2024,-0.049621673732267224,EIQ_HORSE_71B5A558A8D47194,EIQ_HORSE_71B5A558A8D47194,SAME_FAVOURITE,True,True,SAME_FAVOURITE
EIQ_RACE_ACDF997DDE2EB084,EIQ_HORSE_1628E96E24620DB9,2024,0.04847820702269123,EIQ_HORSE_59EB5782461A63FD,EIQ_HORSE_59EB5782461A63FD,SAME_FAVOURITE,False,False,SAME_FAVOURITE
EIQ_RACE_ACE91B6752247B9B,EIQ_HORSE_C6B5C87EB8C5AAF2,2025,0.04954233187285939,EIQ_HORSE_C6B5C87EB8C5AAF2,EIQ_HORSE_C6B5C87EB8C5AAF2,SAME_FAVOURITE,True,True,SAME_FAVOURITE
EIQ_RACE_AD032FA1C5DF20A3,EIQ_HORSE_83D190CD9ADF951A,2023,-0.08890060902347185,EIQ_HORSE_83D190CD9ADF951A,EIQ_HORSE_378E348951161109,CHALLENGER_CHANGED_FAVOURITE,True,False,STRICT_CORRECT_DROP_WRONG
EIQ_RACE_AD05D5FA78C2C093,EIQ_HORSE_41E91372F1E444EA,2023,-0.08731858434416306,EIQ_HORSE_41E91372F1E444EA,EIQ_HORSE_6C43FB86F41F6F16,CHALLENGER_CHANGED_FAVOURITE,True,False,STRICT_CORRECT_DROP_WRONG
EIQ_RACE_AD2455BE33728F98,EIQ_HORSE_7C9303237EF231F4,2023,-0.14995169446849088,EIQ_HORSE_596C742CAC5AC616,EIQ_HORSE_596C742CAC5AC616,SAME_FAVOURITE,False,False,SAME_FAVOURITE
EIQ_RACE_AD3C6E88A22253D0,EIQ_HORSE_864BD28B2B49180F,2026,-0.16557561256136233,EIQ_HORSE_864BD28B2B49180F,EIQ_HORSE_864BD28B2B49180F,SAME_FAVOURITE,True,True,SAME_FAVOURITE
EIQ_RACE_AD3D248C01576BB7,EIQ_HORSE_088217C683DFF549,2022,-0.26955091993273106,EIQ_HORSE_088217C683DFF549,EIQ_HORSE_34F7B07C182ABA6F,CHALLENGER_CHANGED_FAVOURITE,True,False,STRICT_CORRECT_DROP_WRONG
EIQ_RACE_AD575486D3C6AE2F,EIQ_HORSE_3845EA8B00CAC252,2024,0.012585426581809944,EIQ_HORSE_3845EA8B00CAC252,EIQ_HORSE_3845EA8B00CAC252,SAME_FAVOURITE,True,True,SAME_FAVOURITE
EIQ_RACE_AD683A1F8BEFF7E9,EIQ_HORSE_FED0D299C0A6C993,2024,0.09315780500901027,EIQ_HORSE_F3D0C2E4FE3E3A50,EIQ_HORSE_F3D0C2E4FE3E3A50,SAME_FAVOURITE,False,False,SAME_FAVOURITE
EIQ_RACE_AD763BCBFE612ACA,EIQ_HORSE_FB50B5E90730CA61,2022,-0.17932497181160567,EIQ_HORSE_FB50B5E90730CA61,EIQ_HORSE_FB50B5E90730CA61,SAME_FAVOURITE,True,True,SAME_FAVOURITE
EIQ_RACE_AD83A0842FD738BA,EIQ_HORSE_EC204C00175EE2B3,2022,0.10094702048118087,EIQ_HORSE_A0C378E408C3AD1E,EIQ_HORSE_A0C378E408C3AD1E,SAME_FAVOURITE,False,False,SAME_FAVOURITE
EIQ_RACE_AD91B16E23226891,EIQ_HORSE_BD80B839B1484A93,2024,-0.08713570294544393,EIQ_HORSE_BD80B839B1484A93,EIQ_HORSE_BD80B839B1484A93,SAME_FAVOURITE,True,True,SAME_FAVOURITE
EIQ_RACE_ADA1DA1705AA6472,EIQ_HORSE_1E595BFE6E31D7D3,2024,0.021245985592180272,EIQ_HORSE_22171B9B509A01CE,EIQ_HORSE_22171B9B509A01CE,SAME_FAVOURITE,False,False,SAME_FAVOURITE
EIQ_RACE_ADA543F39DEE91CC,EIQ_HORSE_6F6860A8DFD46EDE,2021,-0.03780199500893988,EIQ_HORSE_646CBB04338A9E52,EIQ_HORSE_646CBB04338A9E52,SAME_FAVOURITE,False,False,SAME_FAVOURITE
EIQ_RACE_ADADDA774B4A4C75,EIQ_HORSE_E77179C173726700,2022,-0.003838617916676945,EIQ_HORSE_6CE7558A29AF077F,EIQ_HORSE_6CE7558A29AF077F,SAME_FAVOURITE,False,False,SAME_FAVOURITE
EIQ_RACE_ADB303595BF71C38,EIQ_HORSE_D73DED034B15FEAA,2021,0.0694647074809871,EIQ_HORSE_8AAF1D2DB853E514,EIQ_HORSE_8AAF1D2DB853E514,SAME_FAVOURITE,False,False,SAME_FAVOURITE
EIQ_RACE_ADC4AAEE6E0EB456,EIQ_HORSE_09EE4CD6167C5CBE,2021,0.025191980958580107,EIQ_HORSE_B35A31092062410E,EIQ_HORSE_B35A31092062410E,SAME_FAVOURITE,False,False,SAME_FAVOURITE
EIQ_RACE_ADD7B5510CC24F4F,EIQ_HORSE_7681A354FC83370C,2024,0.02543484305776067,EIQ_HORSE_2323E4EE35EE7A2E,EIQ_HORSE_2323E4EE35EE7A2E,SAME_FAVOURITE,False,False,SAME_FAVOURITE
EIQ_RACE_ADE04BAF117B151D,EIQ_HORSE_2E6F7F97A3E83738,2024,0.06247153216289947,EIQ_HORSE_5584158E8F813A21,EIQ_HORSE_5584158E8F813A21,SAME_FAVOURITE,False,False,SAME_FAVOURITE
EIQ_RACE_ADE092275854F69C,EIQ_HORSE_A8D53602D7F31F0C,2025,0.22148051718136408,EIQ_HORSE_A8D53602D7F31F0C,EIQ_HORSE_A8D53602D7F31F0C,SAME_FAVOURITE,True,True,SAME_FAVOURITE
EIQ_RACE_ADEECCD5377F0F95,EIQ_HORSE_C98A2369434F0202,2024,-0.12127819472627555,EIQ_HORSE_C98A2369434F0202,EIQ_HORSE_C98A2369434F0202,SAME_FAVOURITE,True,True,SAME_FAVOURITE
EIQ_RACE_ADF947C16EC4FA75,EIQ_HORSE_61C48C996A8430E1,2026,-0.1858159088278093,EIQ_HORSE_501515F70E0631D3,EIQ_HORSE_501515F70E0631D3,SAME_FAVOURITE,False,False,SAME_FAVOURITE
EIQ_RACE_ADFD9C3BFF8F892E,EIQ_HORSE_3A9EA9D8C7529C32,2026,-0.11032565073924183,EIQ_HORSE_3A9EA9D8C7529C32,EIQ_HORSE_3A9EA9D8C7529C32,SAME_FAVOURITE,True,True,SAME_FAVOURITE
EIQ_RACE_AE0B856B32151869,EIQ_HORSE_F5EDDAB0DA71E134,2022,-0.034757170361712886,EIQ_HORSE_32C21925AA7D9D11,EIQ_HORSE_32C21925AA7D9D11,SAME_FAVOURITE,False,False,SAME_FAVOURITE
EIQ_RACE_AE33520C143B7537,EIQ_HORSE_3391350EAC9441D7,2023,0.2887661394458685,EIQ_HORSE_07D0BA1C87E8A9C8,EIQ_HORSE_F309ACE31FCA8E44,CHALLENGER_CHANGED_FAVOURITE,False,False,BOTH_WRONG
EIQ_RACE_AE3523E346ABE550,EIQ_HORSE_2C76378210BEBE6B,2026,-0.19961241109080397,EIQ_HORSE_5078617B8A830508,EIQ_HORSE_5078617B8A830508,SAME_FAVOURITE,False,False,SAME_FAVOURITE
EIQ_RACE_AE37223596451931,EIQ_HORSE_6F1B075A5589CD9A,2021,0.07080367947704103,EIQ_HORSE_A27E5073BEA66FCE,EIQ_HORSE_A27E5073BEA66FCE,SAME_FAVOURITE,False,False,SAME_FAVOURITE
EIQ_RACE_AE443F9D081C7D3C,EIQ_HORSE_E85BBE17D001AF63,2023,0.18409373731340994,EIQ_HORSE_B9372C69D1817B19,EIQ_HORSE_15F95DE74A987E66,CHALLENGER_CHANGED_FAVOURITE,False,False,BOTH_WRONG
EIQ_RACE_AE4EDDD6B52AE925,EIQ_HORSE_A0C378E408C3AD1E,2023,-0.13609123615027907,EIQ_HORSE_E3596A1AE2DD0B35,EIQ_HORSE_E3596A1AE2DD0B35,SAME_FAVOURITE,False,False,SAME_FAVOURITE
EIQ_RACE_AE50EA164E303792,EIQ_HORSE_540BA7DECE05C0F8,2023,0.06517737359766107,EIQ_HORSE_540BA7DECE05C0F8,EIQ_HORSE_540BA7DECE05C0F8,SAME_FAVOURITE,True,True,SAME_FAVOURITE
EIQ_RACE_AE58E0586CDC755B,EIQ_HORSE_C1B2DEB125439E05,2024,0.09195105849474827,EIQ_HORSE_C1B2DEB125439E05,EIQ_HORSE_C1B2DEB125439E05,SAME_FAVOURITE,True,True,SAME_FAVOURITE
EIQ_RACE_AE5BBECBB3A6119F,EIQ_HORSE_85735C4A0F93E486,2024,0.06285327761751391,EIQ_HORSE_5784A04340C20F65,EIQ_HORSE_5784A04340C20F65,SAME_FAVOURITE,False,False,SAME_FAVOURITE
EIQ_RACE_AE6164735CFB823B,EIQ_HORSE_F0E3E1D19CE085BF,2022,-0.012118845640965326,EIQ_HORSE_4B137CC5322F67B6,EIQ_HORSE_4B137CC5322F67B6,SAME_FAVOURITE,False,False,SAME_FAVOURITE
EIQ_RACE_AE7DE27D9EFE6547,EIQ_HORSE_330B945AF564327F,2024,-0.04278840897955427,EIQ_HORSE_35E6FDCE8A33DBA8,EIQ_HORSE_35E6FDCE8A33DBA8,SAME_FAVOURITE,False,False,SAME_FAVOURITE
EIQ_RACE_AE85FBCA049645AF,EIQ_HORSE_05CA37B53FB6F331,2024,0.005944221566896779,EIQ_HORSE_05CA37B53FB6F331,EIQ_HORSE_05CA37B53FB6F331,SAME_FAVOURITE,True,True,SAME_FAVOURITE
EIQ_RACE_AE893FAB68DE4F8E,EIQ_HORSE_77F59BEA2EA50246,2023,-0.048173002287128064,EIQ_HORSE_BF94BBB54043F137,EIQ_HORSE_BF94BBB54043F137,SAME_FAVOURITE,False,False,SAME_FAVOURITE
EIQ_RACE_AE999A139C275424,EIQ_HORSE_B34DED12905CC53E,2025,-0.06856493359676463,EIQ_HORSE_FF0286901EC6FE09,EIQ_HORSE_FF0286901EC6FE09,SAME_FAVOURITE,False,False,SAME_FAVOURITE
EIQ_RACE_AE9DC6E372C737C3,EIQ_HORSE_4A30194E7BB80051,2024,-0.11870231127686903,EIQ_HORSE_E0230BDBA2DB7212,EIQ_HORSE_E0230BDBA2DB7212,SAME_FAVOURITE,False,False,SAME_FAVOURITE
EIQ_RACE_AEAD10EFECFFE465,EIQ_HORSE_F3294AFC9E18467C,2025,0.00021601886878608312,EIQ_HORSE_61ED33BE537C5EF1,EIQ_HORSE_61ED33BE537C5EF1,SAME_FAVOURITE,False,False,SAME_FAVOURITE
EIQ_RACE_AEAEDBBA489FE1F5,EIQ_HORSE_7469F1237FFE7435,2024,-0.05496469491650258,EIQ_HORSE_C3E49027325074C9,EIQ_HORSE_C3E49027325074C9,SAME_FAVOURITE,False,False,SAME_FAVOURITE
EIQ_RACE_AEB36D606C2CF218,EIQ_HORSE_A159F7EB62251E71,2024,0.01075160020135879,EIQ_HORSE_BD62858BAEBDBE80,EIQ_HORSE_BD62858BAEBDBE80,SAME_FAVOURITE,False,False,SAME_FAVOURITE
EIQ_RACE_AEB773EE376AF53E,EIQ_HORSE_036AD7C75DD460D7,2021,0.06107419603193964,EIQ_HORSE_09949782591DEB56,EIQ_HORSE_09949782591DEB56,SAME_FAVOURITE,False,False,SAME_FAVOURITE
EIQ_RACE_AEC24162D21DFAE5,EIQ_HORSE_BB5FB3E0DAA57239,2023,0.000655461253138423,EIQ_HORSE_72CA392A1E91A85D,EIQ_HORSE_72CA392A1E91A85D,SAME_FAVOURITE,False,False,SAME_FAVOURITE
EIQ_RACE_AEC98217258DD942,EIQ_HORSE_AF9A0475784E33D2,2021,0.04160630430560608,EIQ_HORSE_AF9A0475784E33D2,EIQ_HORSE_AF9A0475784E33D2,SAME_FAVOURITE,True,True,SAME_FAVOURITE
EIQ_RACE_AEE2C111AC0770D0,EIQ_HORSE_D446A61A101FB38E,2024,-0.00518941447891752,EIQ_HORSE_6C4AFBC386C5D36F,EIQ_HORSE_6C4AFBC386C5D36F,SAME_FAVOURITE,False,False,SAME_FAVOURITE
EIQ_RACE_AEEA5393C886F3B2,EIQ_HORSE_C3C3104E2E05E24D,2025,-0.1618870310094207,EIQ_HORSE_142D446B753F1F89,EIQ_HORSE_142D446B753F1F89,SAME_FAVOURITE,False,False,SAME_FAVOURITE
EIQ_RACE_AEF252675592AF71,EIQ_HORSE_18F1441A6917708A,2021,-0.016162189468025723,EIQ_HORSE_D984F0B30F447169,EIQ_HORSE_D984F0B30F447169,SAME_FAVOURITE,False,False,SAME_FAVOURITE
EIQ_RACE_AEF7BD8295AB5FDC,EIQ_HORSE_7FDDFA29F5DD214E,2025,0.040028473672616416,EIQ_HORSE_7FDDFA29F5DD214E,EIQ_HORSE_7FDDFA29F5DD214E,SAME_FAVOURITE,True,True,SAME_FAVOURITE
EIQ_RACE_AF0D1FFA022A0634,EIQ_HORSE_6A4743D37176C570,2025,-0.07658879317909206,EIQ_HORSE_6A4743D37176C570,EIQ_HORSE_6A4743D37176C570,SAME_FAVOURITE,True,True,SAME_FAVOURITE
EIQ_RACE_AF157373FEB7E660,EIQ_HORSE_625F5A31DF79F77D,2024,0.009938640710335012,EIQ_HORSE_BDC7937C8C4B602D,EIQ_HORSE_BDC7937C8C4B602D,SAME_FAVOURITE,False,False,SAME_FAVOURITE
EIQ_RACE_AF1A637C47F74E3E,EIQ_HORSE_E3913B2A81C9D5A1,2022,0.02652247064496116,EIQ_HORSE_F2429FB62A6A4496,EIQ_HORSE_F2429FB62A6A4496,SAME_FAVOURITE,False,False,SAME_FAVOURITE
EIQ_RACE_AF1E579C59B6B3AE,EIQ_HORSE_5F016B5DAF02D260,2026,0.08994375353437656,EIQ_HORSE_DFE3A43F75DCED86,EIQ_HORSE_DFE3A43F75DCED86,SAME_FAVOURITE,False,False,SAME_FAVOURITE
EIQ_RACE_AF1E769E4935D8A8,EIQ_HORSE_74F426621D36D579,2025,-0.22896240473353924,EIQ_HORSE_6F275D8F33D881B9,EIQ_HORSE_6F275D8F33D881B9,SAME_FAVOURITE,False,False,SAME_FAVOURITE
EIQ_RACE_AF22B00D381ABBBF,EIQ_HORSE_FDC0743EB01AB647,2026,0.06920874895988294,EIQ_HORSE_32F7290424A15F5E,EIQ_HORSE_32F7290424A15F5E,SAME_FAVOURITE,False,False,SAME_FAVOURITE
EIQ_RACE_AF35C8C17AEAA1DF,EIQ_HORSE_23DF8038B26BC611,2026,0.03636153964063915,EIQ_HORSE_46B0DF18FC56B7E9,EIQ_HORSE_46B0DF18FC56B7E9,SAME_FAVOURITE,False,False,SAME_FAVOURITE
EIQ_RACE_AF37CA9CDCA3D386,EIQ_HORSE_658E01D5E7C323AF,2024,0.04391257514587732,EIQ_HORSE_3E6BDDF62B231A7D,EIQ_HORSE_3E6BDDF62B231A7D,SAME_FAVOURITE,False,False,SAME_FAVOURITE
EIQ_RACE_AF43C0B2F4F9039B,EIQ_HORSE_1A93E298AD4B46D0,2021,0.003910524527386272,EIQ_HORSE_DAFC1622CDD3244E,EIQ_HORSE_DAFC1622CDD3244E,SAME_FAVOURITE,False,False,SAME_FAVOURITE
EIQ_RACE_AF47231BC68D61E7,EIQ_HORSE_7CA1A33E5F11473B,2024,-0.05277304038221864,EIQ_HORSE_A9BF3771016F7CFD,EIQ_HORSE_A9BF3771016F7CFD,SAME_FAVOURITE,False,False,SAME_FAVOURITE
EIQ_RACE_AF71E3737EB061A0,EIQ_HORSE_13D1E7766D2AE196,2023,-0.012951249224366856,EIQ_HORSE_13D1E7766D2AE196,EIQ_HORSE_13D1E7766D2AE196,SAME_FAVOURITE,True,True,SAME_FAVOURITE
EIQ_RACE_AFA31ECC906A2A65,EIQ_HORSE_5ADEE97382F2963C,2026,-0.017643410437604423,EIQ_HORSE_00AB5C74BFE3A39F,EIQ_HORSE_00AB5C74BFE3A39F,SAME_FAVOURITE,False,False,SAME_FAVOURITE
EIQ_RACE_AFBF5F1D6AB31D27,EIQ_HORSE_FE8E9D5BF0C60FF5,2023,0.10216675517543727,EIQ_HORSE_AE018C89AE2196C3,EIQ_HORSE_AE018C89AE2196C3,SAME_FAVOURITE,False,False,SAME_FAVOURITE
EIQ_RACE_AFDA075BBC13B791,EIQ_HORSE_10309C500C16DC36,2025,-0.01077120370372553,EIQ_HORSE_0FFA9BC8E48C20F1,EIQ_HORSE_0FFA9BC8E48C20F1,SAME_FAVOURITE,False,False,SAME_FAVOURITE
EIQ_RACE_AFEDB5E7F9D2112B,EIQ_HORSE_02E72806A65F2842,2025,0.001775023676152676,EIQ_HORSE_02E72806A65F2842,EIQ_HORSE_02E72806A65F2842,SAME_FAVOURITE,True,True,SAME_FAVOURITE
EIQ_RACE_B015C8E613E1013B,EIQ_HORSE_021717BDB176FFE5,2026,0.06796731947927537,EIQ_HORSE_021717BDB176FFE5,EIQ_HORSE_021717BDB176FFE5,SAME_FAVOURITE,True,True,SAME_FAVOURITE
EIQ_RACE_B01B91A60DBF2856,EIQ_HORSE_B0F02DAD59B5F0BB,2024,0.0748768365595498,EIQ_HORSE_B0F02DAD59B5F0BB,EIQ_HORSE_B0F02DAD59B5F0BB,SAME_FAVOURITE,True,True,SAME_FAVOURITE
EIQ_RACE_B02A62B118460871,EIQ_HORSE_B72CA35B56ABD0BC,2021,0.0624545112611099,EIQ_HORSE_B72CA35B56ABD0BC,EIQ_HORSE_B72CA35B56ABD0BC,SAME_FAVOURITE,True,True,SAME_FAVOURITE
EIQ_RACE_B0358A4B3E3D79F5,EIQ_HORSE_137582758C313FD0,2021,-0.14101366559307627,EIQ_HORSE_137582758C313FD0,EIQ_HORSE_137582758C313FD0,SAME_FAVOURITE,True,True,SAME_FAVOURITE
EIQ_RACE_B0474A77613EFB9A,EIQ_HORSE_B46D716F486E08E6,2022,-0.08242135192836675,EIQ_HORSE_B46D716F486E08E6,EIQ_HORSE_23741325E0D6B7D4,CHALLENGER_CHANGED_FAVOURITE,True,False,STRICT_CORRECT_DROP_WRONG
EIQ_RACE_B047D7A7EEFFBB8E,EIQ_HORSE_4FA2805B5D2381AB,2023,-0.13609300993994955,EIQ_HORSE_4FA2805B5D2381AB,EIQ_HORSE_4FA2805B5D2381AB,SAME_FAVOURITE,True,True,SAME_FAVOURITE
EIQ_RACE_B04BDFC6FB2E5F98,EIQ_HORSE_F670F64CC5FD638D,2023,0.06815763038383804,EIQ_HORSE_7E296167CB3C9E9F,EIQ_HORSE_F670F64CC5FD638D,CHALLENGER_CHANGED_FAVOURITE,False,True,STRICT_WRONG_DROP_CORRECT
EIQ_RACE_B05E9EB2862D930C,EIQ_HORSE_66BCD0C64E02765A,2025,0.16120004720520287,EIQ_HORSE_A22DD47850EB7EA3,EIQ_HORSE_A22DD47850EB7EA3,SAME_FAVOURITE,False,False,SAME_FAVOURITE
EIQ_RACE_B06EDEAF43AF42CF,EIQ_HORSE_DF472690D4E4A521,2024,0.04145757240337744,EIQ_HORSE_E274F445B4FA2879,EIQ_HORSE_E274F445B4FA2879,SAME_FAVOURITE,False,False,SAME_FAVOURITE
EIQ_RACE_B074713A1C26DDF1,EIQ_HORSE_7A011BDF6E920430,2022,0.08898941766478075,EIQ_HORSE_CA7978A858E538BF,EIQ_HORSE_CA7978A858E538BF,SAME_FAVOURITE,False,False,SAME_FAVOURITE
EIQ_RACE_B082EDAC6E6372B1,EIQ_HORSE_49C011878849B249,2023,-0.1083745466517052,EIQ_HORSE_CD02107AFEE18973,EIQ_HORSE_CD02107AFEE18973,SAME_FAVOURITE,False,False,SAME_FAVOURITE
EIQ_RACE_B083538C0987DE61,EIQ_HORSE_54503EFE0C2E2A12,2024,-0.020713372367056948,EIQ_HORSE_8B91C19AB3930869,EIQ_HORSE_8B91C19AB3930869,SAME_FAVOURITE,False,False,SAME_FAVOURITE
EIQ_RACE_B08465E62AD148BE,EIQ_HORSE_98CDE8C6ACEEE292,2024,0.0013013433872306468,EIQ_HORSE_1BD1B7CA77EDED82,EIQ_HORSE_1BD1B7CA77EDED82,SAME_FAVOURITE,False,False,SAME_FAVOURITE
EIQ_RACE_B09094DD1CE56E6A,EIQ_HORSE_40A9049C61A7BC2F,2022,0.13120299574359784,EIQ_HORSE_D43E3626E4ADB737,EIQ_HORSE_D43E3626E4ADB737,SAME_FAVOURITE,False,False,SAME_FAVOURITE
EIQ_RACE_B0913026A4818C58,EIQ_HORSE_887CE724A6D82953,2022,-0.018974973746186397,EIQ_HORSE_987624132EC7502A,EIQ_HORSE_4F2100DA1654DBF9,CHALLENGER_CHANGED_FAVOURITE,False,False,BOTH_WRONG
EIQ_RACE_B09647203129CCBB,EIQ_HORSE_E8D9E693CD03E3A0,2024,-0.044826325187849125,EIQ_HORSE_5584158E8F813A21,EIQ_HORSE_5584158E8F813A21,SAME_FAVOURITE,False,False,SAME_FAVOURITE
EIQ_RACE_B0A8712510A9BB58,EIQ_HORSE_689C7B6074011105,2021,-0.003959286490624603,EIQ_HORSE_6C345701827346A3,EIQ_HORSE_6C345701827346A3,SAME_FAVOURITE,False,False,SAME_FAVOURITE
EIQ_RACE_B0AFE738E52590B5,EIQ_HORSE_D9E19A00FA4AE980,2025,0.01590934736274341,EIQ_HORSE_D9E19A00FA4AE980,EIQ_HORSE_D9E19A00FA4AE980,SAME_FAVOURITE,True,True,SAME_FAVOURITE
EIQ_RACE_B0B2EAF2964DB1D5,EIQ_HORSE_603DF67149215854,2022,-0.03382377789581681,EIQ_HORSE_603DF67149215854,EIQ_HORSE_603DF67149215854,SAME_FAVOURITE,True,True,SAME_FAVOURITE
EIQ_RACE_B0BCF40D505FDD63,EIQ_HORSE_2693BE717B048ED8,2021,0.007747742910416688,EIQ_HORSE_F893455953D95CFA,EIQ_HORSE_F893455953D95CFA,SAME_FAVOURITE,False,False,SAME_FAVOURITE
EIQ_RACE_B0BE043F14584CC0,EIQ_HORSE_529EBA828EEBE7E7,2025,0.143087302252483,EIQ_HORSE_430789BD51E91442,EIQ_HORSE_430789BD51E91442,SAME_FAVOURITE,False,False,SAME_FAVOURITE
EIQ_RACE_B0E7B05608C2BF20,EIQ_HORSE_AE5CC15C98ED0BCE,2025,-0.013618008168100992,EIQ_HORSE_BA477B8EFC91CF91,EIQ_HORSE_BA477B8EFC91CF91,SAME_FAVOURITE,False,False,SAME_FAVOURITE
EIQ_RACE_B0F5966501C7B658,EIQ_HORSE_F19FB9E48959BE0F,2026,0.20228321890300127,EIQ_HORSE_1E58FC5F26119880,EIQ_HORSE_F19FB9E48959BE0F,CHALLENGER_CHANGED_FAVOURITE,False,True,STRICT_WRONG_DROP_CORRECT
EIQ_RACE_B0FCE8AB486AADD5,EIQ_HORSE_35B104FB91240840,2026,-0.013095687156257085,EIQ_HORSE_35B104FB91240840,EIQ_HORSE_35B104FB91240840,SAME_FAVOURITE,True,True,SAME_FAVOURITE
EIQ_RACE_B103DA1A35333FC2,EIQ_HORSE_5F896CDA8929779C,2022,-0.040418014952320114,EIQ_HORSE_5F896CDA8929779C,EIQ_HORSE_5F896CDA8929779C,SAME_FAVOURITE,True,True,SAME_FAVOURITE
EIQ_RACE_B1048EF29AFF767E,EIQ_HORSE_F5B6CB775E28D595,2023,-0.11960148463993714,EIQ_HORSE_CC712376008CF2A5,EIQ_HORSE_CC712376008CF2A5,SAME_FAVOURITE,False,False,SAME_FAVOURITE
EIQ_RACE_B118220C30A21E39,EIQ_HORSE_F887E88B5119DA34,2021,-0.17644320869801433,EIQ_HORSE_18A78EC408888D49,EIQ_HORSE_18A78EC408888D49,SAME_FAVOURITE,False,False,SAME_FAVOURITE
EIQ_RACE_B12A45CBE57E3AEF,EIQ_HORSE_095A4A541329BD7A,2025,-0.0275196383574281,EIQ_HORSE_096099FD84A3EB5B,EIQ_HORSE_096099FD84A3EB5B,SAME_FAVOURITE,False,False,SAME_FAVOURITE
EIQ_RACE_B14681DB5F9DBFA7,EIQ_HORSE_201D869F9EFADD36,2026,-0.07943116465192901,EIQ_HORSE_2205097C5DF7A700,EIQ_HORSE_2205097C5DF7A700,SAME_FAVOURITE,False,False,SAME_FAVOURITE
EIQ_RACE_B14E4A4CF055A276,EIQ_HORSE_BC1FE92AD392979B,2024,0.004590661469157098,EIQ_HORSE_807A8D2F3149F87C,EIQ_HORSE_807A8D2F3149F87C,SAME_FAVOURITE,False,False,SAME_FAVOURITE
EIQ_RACE_B1530B7CFC3D3263,EIQ_HORSE_AC8BEB8E9AEA0544,2023,-0.008777220201523273,EIQ_HORSE_AC8BEB8E9AEA0544,EIQ_HORSE_AC8BEB8E9AEA0544,SAME_FAVOURITE,True,True,SAME_FAVOURITE
EIQ_RACE_B177176556409968,EIQ_HORSE_0C1DE681456B5C90,2025,-0.07429169296404314,EIQ_HORSE_0C1DE681456B5C90,EIQ_HORSE_0C1DE681456B5C90,SAME_FAVOURITE,True,True,SAME_FAVOURITE
EIQ_RACE_B181E75906ECB962,EIQ_HORSE_3D10671D603D1F9B,2023,0.10390491717940664,EIQ_HORSE_9E77E5B8B9210E10,EIQ_HORSE_9E77E5B8B9210E10,SAME_FAVOURITE,False,False,SAME_FAVOURITE
EIQ_RACE_B18F2262E42A159F,EIQ_HORSE_84E21861102DA0A5,2025,-0.09768522557910453,EIQ_HORSE_10C85395300DFC53,EIQ_HORSE_10C85395300DFC53,SAME_FAVOURITE,False,False,SAME_FAVOURITE
EIQ_RACE_B19B9D465AB94A2C,EIQ_HORSE_8A55444FB15A6A59,2023,-0.10393178420411298,EIQ_HORSE_7818B8815F53A71E,EIQ_HORSE_298901A0BD7DD8F4,CHALLENGER_CHANGED_FAVOURITE,False,False,BOTH_WRONG
EIQ_RACE_B1A2E16CA4DE2423,EIQ_HORSE_50DCBD936B1BA8DD,2023,0.06487448522162653,EIQ_HORSE_EAB8528975213A33,EIQ_HORSE_EAB8528975213A33,SAME_FAVOURITE,False,False,SAME_FAVOURITE
EIQ_RACE_B1A6CEE9784079BA,EIQ_HORSE_B97C31A0625A7410,2023,0.032858565526940886,EIQ_HORSE_3148D83264085A39,EIQ_HORSE_3148D83264085A39,SAME_FAVOURITE,False,False,SAME_FAVOURITE
EIQ_RACE_B1B0E16BD1F3D523,EIQ_HORSE_AA4503F4694E7269,2025,0.08353470630862958,EIQ_HORSE_689706F311F25858,EIQ_HORSE_689706F311F25858,SAME_FAVOURITE,False,False,SAME_FAVOURITE
EIQ_RACE_B1B94A3741FEC4D9,EIQ_HORSE_CB1A230685C29123,2021,0.09627389328974978,EIQ_HORSE_A7036B0E5D22E2B0,EIQ_HORSE_4C5336C6079BE4BB,CHALLENGER_CHANGED_FAVOURITE,False,False,BOTH_WRONG
EIQ_RACE_B1E7A176F48F0DEE,EIQ_HORSE_B5B0E11A9168AEEB,2023,-0.02931236722610131,EIQ_HORSE_15E29D62E254B0FF,EIQ_HORSE_15E29D62E254B0FF,SAME_FAVOURITE,False,False,SAME_FAVOURITE
EIQ_RACE_B1F5F223E8E0C78F,EIQ_HORSE_021218D4A0389484,2024,-0.04134739758833739,EIQ_HORSE_39DBCD570405A36B,EIQ_HORSE_39DBCD570405A36B,SAME_FAVOURITE,False,False,SAME_FAVOURITE
EIQ_RACE_B1F60FCA37BB80F1,EIQ_HORSE_0B72F2B7552D7CDE,2021,-0.056649861341170116,EIQ_HORSE_960D78E1DD97A08C,EIQ_HORSE_960D78E1DD97A08C,SAME_FAVOURITE,False,False,SAME_FAVOURITE
EIQ_RACE_B1FC07AB2027A148,EIQ_HORSE_CE9227DF2B4A7F3C,2021,0.03324962208958837,EIQ_HORSE_DA075515F0B8AA12,EIQ_HORSE_DA075515F0B8AA12,SAME_FAVOURITE,False,False,SAME_FAVOURITE
EIQ_RACE_B20234E7E65C0863,EIQ_HORSE_4BF49B35F74265D7,2021,-0.1268360854627999,EIQ_HORSE_1EEA040FAFEE9CAF,EIQ_HORSE_845F9774F7F2E7E5,CHALLENGER_CHANGED_FAVOURITE,False,False,BOTH_WRONG
EIQ_RACE_B21CB4F59D173EF5,EIQ_HORSE_D3C016BBE972D530,2024,-0.0409280766408715,EIQ_HORSE_BE27E81BE43466C7,EIQ_HORSE_BE27E81BE43466C7,SAME_FAVOURITE,False,False,SAME_FAVOURITE
EIQ_RACE_B225AEDC3FD8FECC,EIQ_HORSE_354FAB13877534F7,2024,-0.17178391756626765,EIQ_HORSE_354FAB13877534F7,EIQ_HORSE_354FAB13877534F7,SAME_FAVOURITE,True,True,SAME_FAVOURITE
EIQ_RACE_B2323BF73BEC93CE,EIQ_HORSE_42BF13416FAD5725,2021,-0.037700393788595576,EIQ_HORSE_42BF13416FAD5725,EIQ_HORSE_5AE911A73EE5BCB8,CHALLENGER_CHANGED_FAVOURITE,True,False,STRICT_CORRECT_DROP_WRONG
EIQ_RACE_B23DCBC2A5165833,EIQ_HORSE_91ED40A0AA3A9317,2025,0.07938354766360356,EIQ_HORSE_39997E19BA580860,EIQ_HORSE_39997E19BA580860,SAME_FAVOURITE,False,False,SAME_FAVOURITE
EIQ_RACE_B24586664B022C43,EIQ_HORSE_89214029A96CE6C2,2023,0.21948803645961767,EIQ_HORSE_D04B1D0BD9CA925D,EIQ_HORSE_D04B1D0BD9CA925D,SAME_FAVOURITE,False,False,SAME_FAVOURITE
EIQ_RACE_B24E55827634F751,EIQ_HORSE_41301D1C2D761FCA,2026,0.036281734222813444,EIQ_HORSE_B168A09FFB0FBDBC,EIQ_HORSE_B168A09FFB0FBDBC,SAME_FAVOURITE,False,False,SAME_FAVOURITE
EIQ_RACE_B25517D7BDE8873C,EIQ_HORSE_456EB49067601D5A,2025,-0.019461817593037445,EIQ_HORSE_456EB49067601D5A,EIQ_HORSE_33428E450F95C2C1,CHALLENGER_CHANGED_FAVOURITE,True,False,STRICT_CORRECT_DROP_WRONG
EIQ_RACE_B26C224D9BAA4DE8,EIQ_HORSE_4F1CE81B87ABA456,2021,0.10847321221600725,EIQ_HORSE_4F1CE81B87ABA456,EIQ_HORSE_4F1CE81B87ABA456,SAME_FAVOURITE,True,True,SAME_FAVOURITE
EIQ_RACE_B27024D4161BD016,EIQ_HORSE_3A6B0C4682E8E091,2023,-0.025479211380631694,EIQ_HORSE_3A6B0C4682E8E091,EIQ_HORSE_3A6B0C4682E8E091,SAME_FAVOURITE,True,True,SAME_FAVOURITE
EIQ_RACE_B27716D61BF73C5B,EIQ_HORSE_BF5E9848A3ECB99B,2023,-0.04252451311098948,EIQ_HORSE_36D338FF309DD940,EIQ_HORSE_36D338FF309DD940,SAME_FAVOURITE,False,False,SAME_FAVOURITE
EIQ_RACE_B27905AC1E52BF08,EIQ_HORSE_565E361C0C6C0D69,2025,0.10943590595665631,EIQ_HORSE_BB978C87BEE521BC,EIQ_HORSE_BB978C87BEE521BC,SAME_FAVOURITE,False,False,SAME_FAVOURITE
EIQ_RACE_B2A77AEDEC44375D,EIQ_HORSE_B2536CD076BABCCB,2023,-0.0842940186017489,EIQ_HORSE_5EA6C7EB5C57275B,EIQ_HORSE_5EA6C7EB5C57275B,SAME_FAVOURITE,False,False,SAME_FAVOURITE
EIQ_RACE_B2B152573C83C5E4,EIQ_HORSE_35D35124AAB8EE0A,2022,-0.21212763556543468,EIQ_HORSE_6628C0F1B095F821,EIQ_HORSE_6628C0F1B095F821,SAME_FAVOURITE,False,False,SAME_FAVOURITE
EIQ_RACE_B2B6F54E817DE583,EIQ_HORSE_8BFA09167038F929,2023,0.09178622979570306,EIQ_HORSE_2F73C9389EEC58EE,EIQ_HORSE_2F73C9389EEC58EE,SAME_FAVOURITE,False,False,SAME_FAVOURITE
EIQ_RACE_B2C00B11FCA2DCAB,EIQ_HORSE_704F841E1EF2FA4E,2024,0.05417766007025948,EIQ_HORSE_FE7FFDE39E1D83EA,EIQ_HORSE_FE7FFDE39E1D83EA,SAME_FAVOURITE,False,False,SAME_FAVOURITE
EIQ_RACE_B2C4B6B6B544B68C,EIQ_HORSE_E794E831F1313C12,2023,-0.22505694246028796,EIQ_HORSE_E794E831F1313C12,EIQ_HORSE_E794E831F1313C12,SAME_FAVOURITE,True,True,SAME_FAVOURITE
EIQ_RACE_B2D6019B00000594,EIQ_HORSE_62CAB2C6B6F1087A,2023,-0.031340128078912066,EIQ_HORSE_62CAB2C6B6F1087A,EIQ_HORSE_62CAB2C6B6F1087A,SAME_FAVOURITE,True,True,SAME_FAVOURITE
EIQ_RACE_B2D914B47E92DEFF,EIQ_HORSE_3574CD34786FE8A8,2025,-0.10959010296581573,EIQ_HORSE_74666A6F8B1F84FF,EIQ_HORSE_74666A6F8B1F84FF,SAME_FAVOURITE,False,False,SAME_FAVOURITE
EIQ_RACE_B2FA02B7D166452A,EIQ_HORSE_27D18A88CE459A78,2024,0.05210813640300982,EIQ_HORSE_141FE4F181E84920,EIQ_HORSE_141FE4F181E84920,SAME_FAVOURITE,False,False,SAME_FAVOURITE
EIQ_RACE_B30A85FDF2541655,EIQ_HORSE_ECD90F746F7E3BBD,2022,0.15327246872249045,EIQ_HORSE_B2A1A488695EA5FA,EIQ_HORSE_76BCA31146E37E5B,CHALLENGER_CHANGED_FAVOURITE,False,False,BOTH_WRONG
EIQ_RACE_B3139AC4FE6F3DE9,EIQ_HORSE_41E91372F1E444EA,2024,0.023192046176726322,EIQ_HORSE_15E29D62E254B0FF,EIQ_HORSE_15E29D62E254B0FF,SAME_FAVOURITE,False,False,SAME_FAVOURITE
EIQ_RACE_B3184D05C8D67F90,EIQ_HORSE_738D3EF3ADFAF086,2026,-0.15902866437497587,EIQ_HORSE_738D3EF3ADFAF086,EIQ_HORSE_738D3EF3ADFAF086,SAME_FAVOURITE,True,True,SAME_FAVOURITE
EIQ_RACE_B31BA1EBE116A592,EIQ_HORSE_BBB2F6D204724161,2024,-0.14114420778701176,EIQ_HORSE_5078617B8A830508,EIQ_HORSE_5078617B8A830508,SAME_FAVOURITE,False,False,SAME_FAVOURITE
EIQ_RACE_B3395562F4F33DEA,EIQ_HORSE_8D513826D6693378,2023,-0.11221035254535394,EIQ_HORSE_8D513826D6693378,EIQ_HORSE_8D513826D6693378,SAME_FAVOURITE,True,True,SAME_FAVOURITE
EIQ_RACE_B33B3EC0C48D0BEA,EIQ_HORSE_95066A1A3A5183E8,2024,0.0031416178618237645,EIQ_HORSE_95066A1A3A5183E8,EIQ_HORSE_95066A1A3A5183E8,SAME_FAVOURITE,True,True,SAME_FAVOURITE
EIQ_RACE_B3407E336EB5E95F,EIQ_HORSE_3C261F71874DE466,2021,-0.08725548325597932,EIQ_HORSE_3C261F71874DE466,EIQ_HORSE_3C261F71874DE466,SAME_FAVOURITE,True,True,SAME_FAVOURITE
EIQ_RACE_B34BCA9E5F85974C,EIQ_HORSE_BC2ABEA8E50A9439,2023,0.17325461962810174,EIQ_HORSE_E0EE409AE00F3B67,EIQ_HORSE_DCEEB643D31859F5,CHALLENGER_CHANGED_FAVOURITE,False,False,BOTH_WRONG
EIQ_RACE_B34C11C3DF2D6889,EIQ_HORSE_1470ABD52D047ABB,2022,-0.13506431976960265,EIQ_HORSE_4ECB414ACC635508,EIQ_HORSE_F06DCCF341E9845B,CHALLENGER_CHANGED_FAVOURITE,False,False,BOTH_WRONG
EIQ_RACE_B365F10C01BF0EB1,EIQ_HORSE_F652EA1F8AA3DB5B,2021,0.013858381137316744,EIQ_HORSE_23103592498726A2,EIQ_HORSE_23103592498726A2,SAME_FAVOURITE,False,False,SAME_FAVOURITE
EIQ_RACE_B3948184FC4C3740,EIQ_HORSE_C9BBF59B7E2C7E5F,2021,-0.13482456414041377,EIQ_HORSE_C9BBF59B7E2C7E5F,EIQ_HORSE_C9BBF59B7E2C7E5F,SAME_FAVOURITE,True,True,SAME_FAVOURITE
EIQ_RACE_B3A6DCA69092C2B1,EIQ_HORSE_5408E31EECBCEDEB,2023,0.06587428365042403,EIQ_HORSE_D2440BF6FA48139E,EIQ_HORSE_D2440BF6FA48139E,SAME_FAVOURITE,False,False,SAME_FAVOURITE
EIQ_RACE_B3B27924705B1ADA,EIQ_HORSE_4334BC469BAE89CF,2023,0.04231134521104596,EIQ_HORSE_242A27877D8B4D30,EIQ_HORSE_242A27877D8B4D30,SAME_FAVOURITE,False,False,SAME_FAVOURITE
EIQ_RACE_B3BD95E3001F6DCA,EIQ_HORSE_EA44C112F94E0547,2023,0.02326843665506151,EIQ_HORSE_69EEC57ADC43840B,EIQ_HORSE_69EEC57ADC43840B,SAME_FAVOURITE,False,False,SAME_FAVOURITE
EIQ_RACE_B3BF36CA934882F0,EIQ_HORSE_DF1770E6894D30B3,2022,-0.008076105835634673,EIQ_HORSE_37575DB7BCFDF001,EIQ_HORSE_37575DB7BCFDF001,SAME_FAVOURITE,False,False,SAME_FAVOURITE
EIQ_RACE_B3C706D35D8723D4,EIQ_HORSE_39785C8F94C60E7A,2024,0.008846688264339875,EIQ_HORSE_920665CDBDEE2C73,EIQ_HORSE_920665CDBDEE2C73,SAME_FAVOURITE,False,False,SAME_FAVOURITE
EIQ_RACE_B3E87295C703907D,EIQ_HORSE_A819165E5AC88B3E,2021,-0.04687096040430072,EIQ_HORSE_7EFC2F4378B1D304,EIQ_HORSE_7EFC2F4378B1D304,SAME_FAVOURITE,False,False,SAME_FAVOURITE
EIQ_RACE_B3E9B867CD2AF87B,EIQ_HORSE_26CB93FFC28BC022,2021,0.22685569023148378,EIQ_HORSE_26CB93FFC28BC022,EIQ_HORSE_26CB93FFC28BC022,SAME_FAVOURITE,True,True,SAME_FAVOURITE
EIQ_RACE_B3FAD36E2DED9083,EIQ_HORSE_2DE7884197F1C558,2024,-0.003956741000818553,EIQ_HORSE_645E6499A2A7E388,EIQ_HORSE_645E6499A2A7E388,SAME_FAVOURITE,False,False,SAME_FAVOURITE
EIQ_RACE_B431C493331EAFDC,EIQ_HORSE_4005072B1894F8F0,2024,0.05991908994319983,EIQ_HORSE_4005072B1894F8F0,EIQ_HORSE_4005072B1894F8F0,SAME_FAVOURITE,True,True,SAME_FAVOURITE
EIQ_RACE_B4397FABFAE645CB,EIQ_HORSE_31A01F37E442FA39,2025,-0.020638866676031542,EIQ_HORSE_661C49976C7CA63E,EIQ_HORSE_661C49976C7CA63E,SAME_FAVOURITE,False,False,SAME_FAVOURITE
EIQ_RACE_B45C5E455E7D18A1,EIQ_HORSE_BDAFE82536BAC0CA,2023,-0.1356923276950237,EIQ_HORSE_39FFC5727358562C,EIQ_HORSE_39FFC5727358562C,SAME_FAVOURITE,False,False,SAME_FAVOURITE
EIQ_RACE_B46B554B47CA27E8,EIQ_HORSE_2323E4EE35EE7A2E,2024,-0.12326389523639203,EIQ_HORSE_2D9848E452483C33,EIQ_HORSE_2D9848E452483C33,SAME_FAVOURITE,False,False,SAME_FAVOURITE
EIQ_RACE_B46EBF5E4D170FFD,EIQ_HORSE_937A036121CE3EA8,2023,-0.06249641841879616,EIQ_HORSE_0A254CD10F276D5D,EIQ_HORSE_0A254CD10F276D5D,SAME_FAVOURITE,False,False,SAME_FAVOURITE
EIQ_RACE_B4715E7B0FA3FEC7,EIQ_HORSE_55210D05E70B0BCD,2023,0.1476883412011325,EIQ_HORSE_9923C3E217C4E7DA,EIQ_HORSE_9923C3E217C4E7DA,SAME_FAVOURITE,False,False,SAME_FAVOURITE
EIQ_RACE_B476E33D28E4BDF7,EIQ_HORSE_0F2B00D68BF62D72,2023,0.009115158781606514,EIQ_HORSE_0F2B00D68BF62D72,EIQ_HORSE_0F2B00D68BF62D72,SAME_FAVOURITE,True,True,SAME_FAVOURITE
EIQ_RACE_B479692F8BC132CD,EIQ_HORSE_6C0BB08BEF7BCCB9,2026,-0.13207706277321885,EIQ_HORSE_6C0BB08BEF7BCCB9,EIQ_HORSE_6C0BB08BEF7BCCB9,SAME_FAVOURITE,True,True,SAME_FAVOURITE
EIQ_RACE_B4893220CC586529,EIQ_HORSE_6BBE393BB12E82FB,2022,0.07456432086132181,EIQ_HORSE_6BBE393BB12E82FB,EIQ_HORSE_6BBE393BB12E82FB,SAME_FAVOURITE,True,True,SAME_FAVOURITE
EIQ_RACE_B49FA385E3F0DEB7,EIQ_HORSE_DA590483E53EE558,2024,-0.02134497630273846,EIQ_HORSE_DFC7291AEA1D62B1,EIQ_HORSE_DFC7291AEA1D62B1,SAME_FAVOURITE,False,False,SAME_FAVOURITE
EIQ_RACE_B4B37AC87A3D588C,EIQ_HORSE_B18A7C4A4EBA7B9C,2026,0.14061301159597117,EIQ_HORSE_502FF65E76E34D96,EIQ_HORSE_502FF65E76E34D96,SAME_FAVOURITE,False,False,SAME_FAVOURITE
EIQ_RACE_B4CFD0EFBF318B4E,EIQ_HORSE_26E25A72FEF64B9C,2023,0.12545757990893058,EIQ_HORSE_1154470269DCDB06,EIQ_HORSE_1154470269DCDB06,SAME_FAVOURITE,False,False,SAME_FAVOURITE
EIQ_RACE_B4D5E7AF4EBBB3FC,EIQ_HORSE_D90A9E1AEA024946,2026,0.06880067375482968,EIQ_HORSE_96C5D10095DE531F,EIQ_HORSE_96C5D10095DE531F,SAME_FAVOURITE,False,False,SAME_FAVOURITE
EIQ_RACE_B4E58BA3E1508482,EIQ_HORSE_13E7CE8571C7ADFF,2024,0.16375746397169255,EIQ_HORSE_0F4E2B62A87EE570,EIQ_HORSE_0F4E2B62A87EE570,SAME_FAVOURITE,False,False,SAME_FAVOURITE
EIQ_RACE_B503B02085FE6572,EIQ_HORSE_970ECDC6A165ABBA,2024,0.06800955533737452,EIQ_HORSE_DB1DBBD07A469DF9,EIQ_HORSE_DB1DBBD07A469DF9,SAME_FAVOURITE,False,False,SAME_FAVOURITE
EIQ_RACE_B54428BB1AC8041A,EIQ_HORSE_79FC59B9603C6C76,2024,0.006139109421329225,EIQ_HORSE_79FC59B9603C6C76,EIQ_HORSE_79FC59B9603C6C76,SAME_FAVOURITE,True,True,SAME_FAVOURITE
EIQ_RACE_B54FA2DBE380F8F7,EIQ_HORSE_4AF4AF29033131F1,2024,-0.08184871266754445,EIQ_HORSE_FFFD1AD8607F44F7,EIQ_HORSE_FFFD1AD8607F44F7,SAME_FAVOURITE,False,False,SAME_FAVOURITE
EIQ_RACE_B55843A34AB38D28,EIQ_HORSE_DF7D9BD6ABECA259,2024,0.04106203686138232,EIQ_HORSE_DF7D9BD6ABECA259,EIQ_HORSE_DF7D9BD6ABECA259,SAME_FAVOURITE,True,True,SAME_FAVOURITE
EIQ_RACE_B558EA3CC49F2B97,EIQ_HORSE_2EAE599C3F1C9B5A,2023,-0.03867386486506641,EIQ_HORSE_39531E49DC2BF0E0,EIQ_HORSE_39531E49DC2BF0E0,SAME_FAVOURITE,False,False,SAME_FAVOURITE
EIQ_RACE_B56C59DBF5CF32F1,EIQ_HORSE_5252660819C57425,2024,-0.04666867257118934,EIQ_HORSE_8A9D6A51832E9D4E,EIQ_HORSE_8A9D6A51832E9D4E,SAME_FAVOURITE,False,False,SAME_FAVOURITE
EIQ_RACE_B56CC8FA3B23E3C3,EIQ_HORSE_B6E855D7340C5382,2026,0.06184450383796403,EIQ_HORSE_6E773F989A9CF3FE,EIQ_HORSE_B6E855D7340C5382,CHALLENGER_CHANGED_FAVOURITE,False,True,STRICT_WRONG_DROP_CORRECT
EIQ_RACE_B5748AA2D0F44D30,EIQ_HORSE_4C296F2342F926AA,2025,0.008254928499623171,EIQ_HORSE_4C296F2342F926AA,EIQ_HORSE_4C296F2342F926AA,SAME_FAVOURITE,True,True,SAME_FAVOURITE
EIQ_RACE_B58A9F85893752B1,EIQ_HORSE_BDC580E56A83E26F,2024,-0.1682167768550933,EIQ_HORSE_E3B711905ED595D9,EIQ_HORSE_E3B711905ED595D9,SAME_FAVOURITE,False,False,SAME_FAVOURITE
EIQ_RACE_B59C7BFD220FCEF5,EIQ_HORSE_2CC5528009AC0A35,2023,-0.15995068971723625,EIQ_HORSE_2CC5528009AC0A35,EIQ_HORSE_2CC5528009AC0A35,SAME_FAVOURITE,True,True,SAME_FAVOURITE
EIQ_RACE_B5A62AC50C19F066,EIQ_HORSE_4B94E4FF1C99AAB0,2021,-0.1599993365316894,EIQ_HORSE_12E69F0EF70B9ADD,EIQ_HORSE_12E69F0EF70B9ADD,SAME_FAVOURITE,False,False,SAME_FAVOURITE
EIQ_RACE_B5AFC0571B9BC883,EIQ_HORSE_A380D3A719481C24,2022,-0.059448447468258614,EIQ_HORSE_BC90D024A02F7FB1,EIQ_HORSE_BC90D024A02F7FB1,SAME_FAVOURITE,False,False,SAME_FAVOURITE
EIQ_RACE_B5C59A9CDA0D6E7D,EIQ_HORSE_AA7813E040BCBC03,2021,-0.18426689289722642,EIQ_HORSE_FCB0BB95012DE0E5,EIQ_HORSE_FCB0BB95012DE0E5,SAME_FAVOURITE,False,False,SAME_FAVOURITE
EIQ_RACE_B5C6270C7E051B18,EIQ_HORSE_6C3CACDAAFFD0F97,2023,-0.026535526389142028,EIQ_HORSE_5FAEB30BE42AAE1A,EIQ_HORSE_5FAEB30BE42AAE1A,SAME_FAVOURITE,False,False,SAME_FAVOURITE
EIQ_RACE_B5CD0793C7F4C8FC,EIQ_HORSE_09C0FA2D610E7AA7,2021,-0.146772870671666,EIQ_HORSE_D706F7F36A335899,EIQ_HORSE_D706F7F36A335899,SAME_FAVOURITE,False,False,SAME_FAVOURITE
EIQ_RACE_B5DCBF51FC86AA99,EIQ_HORSE_C19830EA24A12F8B,2025,0.00937542220702925,EIQ_HORSE_51753975D79227F8,EIQ_HORSE_51753975D79227F8,SAME_FAVOURITE,False,False,SAME_FAVOURITE
EIQ_RACE_B5E529C81670F2EF,EIQ_HORSE_2A960BA7A6B81911,2024,0.06407427822482759,EIQ_HORSE_853640C0BBCEE022,EIQ_HORSE_853640C0BBCEE022,SAME_FAVOURITE,False,False,SAME_FAVOURITE
EIQ_RACE_B5E893654CDB7419,EIQ_HORSE_FA71F9367F861EC6,2024,0.06448173821097702,EIQ_HORSE_8E460EFE5244DF89,EIQ_HORSE_C1AE02DD2F240F3A,CHALLENGER_CHANGED_FAVOURITE,False,False,BOTH_WRONG
EIQ_RACE_B5EBC8EEC084B1BC,EIQ_HORSE_9A660558B8462C50,2021,0.021273810762274525,EIQ_HORSE_8B3D22A9DF6E030A,EIQ_HORSE_8B3D22A9DF6E030A,SAME_FAVOURITE,False,False,SAME_FAVOURITE
EIQ_RACE_B6048D11B6B45F7A,EIQ_HORSE_61C0B3CDF785323D,2025,0.21390144750589934,EIQ_HORSE_0CE64130E68D88F0,EIQ_HORSE_0CE64130E68D88F0,SAME_FAVOURITE,False,False,SAME_FAVOURITE
EIQ_RACE_B62391EA6516D9B4,EIQ_HORSE_659A4FF922FB339E,2023,0.10203653612600627,EIQ_HORSE_56F51FB262C85F33,EIQ_HORSE_56F51FB262C85F33,SAME_FAVOURITE,False,False,SAME_FAVOURITE
EIQ_RACE_B6240D8FC69B7BD9,EIQ_HORSE_5180A400C89CE92D,2024,-0.041555178659361314,EIQ_HORSE_A8B32D1ECE67B15D,EIQ_HORSE_A8B32D1ECE67B15D,SAME_FAVOURITE,False,False,SAME_FAVOURITE
EIQ_RACE_B624BC0384B85380,EIQ_HORSE_46A69336BD0DE7B3,2023,-0.04989005207000141,EIQ_HORSE_3E053B9686E79B79,EIQ_HORSE_28AB66822A0FF951,CHALLENGER_CHANGED_FAVOURITE,False,False,BOTH_WRONG
EIQ_RACE_B644B5B7331E68F0,EIQ_HORSE_C1514AF841183E25,2025,0.007650370485779101,EIQ_HORSE_9BE525838F47C478,EIQ_HORSE_9BE525838F47C478,SAME_FAVOURITE,False,False,SAME_FAVOURITE
EIQ_RACE_B64666576C4D2CD8,EIQ_HORSE_89214029A96CE6C2,2022,-0.04654899524133871,EIQ_HORSE_11D2749FA7BD7120,EIQ_HORSE_11D2749FA7BD7120,SAME_FAVOURITE,False,False,SAME_FAVOURITE
EIQ_RACE_B64BF9FDC68865A1,EIQ_HORSE_E42D8BE9F3410E07,2024,0.07902835146876352,EIQ_HORSE_97C35ACF3F047937,EIQ_HORSE_97C35ACF3F047937,SAME_FAVOURITE,False,False,SAME_FAVOURITE
EIQ_RACE_B653E4CDBF787C77,EIQ_HORSE_2C68765380410AB4,2021,0.024999735290208047,EIQ_HORSE_DD03D7255E1128C6,EIQ_HORSE_DD03D7255E1128C6,SAME_FAVOURITE,False,False,SAME_FAVOURITE
EIQ_RACE_B6567BFD95D51ABE,EIQ_HORSE_DFA57B3FA3379C94,2023,0.009929272347888762,EIQ_HORSE_D00301CFB8DE21EB,EIQ_HORSE_F64A86BAEBC5FA81,CHALLENGER_CHANGED_FAVOURITE,False,False,BOTH_WRONG
EIQ_RACE_B6573FCCA8027871,EIQ_HORSE_8F89D47F66F70445,2026,0.036184254090423806,EIQ_HORSE_2DFDD52BA4DCCB1D,EIQ_HORSE_2DFDD52BA4DCCB1D,SAME_FAVOURITE,False,False,SAME_FAVOURITE
EIQ_RACE_B659EAA0F1B24256,EIQ_HORSE_BE531DEFF919FCB6,2023,0.035542211550004366,EIQ_HORSE_BE531DEFF919FCB6,EIQ_HORSE_BE531DEFF919FCB6,SAME_FAVOURITE,True,True,SAME_FAVOURITE
EIQ_RACE_B660A90ADF1DB078,EIQ_HORSE_3405DD4DF1C99C88,2024,-0.05820116661679542,EIQ_HORSE_61350125EDEB8B9A,EIQ_HORSE_61350125EDEB8B9A,SAME_FAVOURITE,False,False,SAME_FAVOURITE
EIQ_RACE_B681F48F952589C4,EIQ_HORSE_E9D9FD65014D581D,2025,0.08482853611908148,EIQ_HORSE_C933C91288CD19D5,EIQ_HORSE_9BDD7A145946B060,CHALLENGER_CHANGED_FAVOURITE,False,False,BOTH_WRONG
EIQ_RACE_B69249C239374DA2,EIQ_HORSE_9CD0246AE5EB55E4,2021,0.1096231290639853,EIQ_HORSE_9310CF5C1D4C0969,EIQ_HORSE_9310CF5C1D4C0969,SAME_FAVOURITE,False,False,SAME_FAVOURITE
EIQ_RACE_B6AC2E25690D4A4F,EIQ_HORSE_E0D19F4A6571FCF5,2024,0.02436266631379791,EIQ_HORSE_8244851D0CF8422F,EIQ_HORSE_8244851D0CF8422F,SAME_FAVOURITE,False,False,SAME_FAVOURITE
EIQ_RACE_B6C35E85F509B1CE,EIQ_HORSE_56A83041A26C6CD1,2025,0.06315351860509821,EIQ_HORSE_37C64481D3D3A2A2,EIQ_HORSE_37C64481D3D3A2A2,SAME_FAVOURITE,False,False,SAME_FAVOURITE
EIQ_RACE_B6D0E5399A4971BE,EIQ_HORSE_629EA02ABBBECD3F,2025,0.06206690941736204,EIQ_HORSE_65274D3E3615EF08,EIQ_HORSE_9A76A4EEDAE37838,CHALLENGER_CHANGED_FAVOURITE,False,False,BOTH_WRONG
EIQ_RACE_B6DE59281B061438,EIQ_HORSE_4C093381C5BE1FF7,2024,0.16240134664231376,EIQ_HORSE_EB33B9E32D0303C6,EIQ_HORSE_4C093381C5BE1FF7,CHALLENGER_CHANGED_FAVOURITE,False,True,STRICT_WRONG_DROP_CORRECT
EIQ_RACE_B6E6E88FD340B983,EIQ_HORSE_FACCA92E14E42793,2024,-0.006311018126511803,EIQ_HORSE_3D582947F0C75BA2,EIQ_HORSE_3D582947F0C75BA2,SAME_FAVOURITE,False,False,SAME_FAVOURITE
EIQ_RACE_B6F4C0D139C8A8DD,EIQ_HORSE_C3B53D38271A5C74,2023,-0.020704138202276123,EIQ_HORSE_2170E8FAD7EAED57,EIQ_HORSE_2170E8FAD7EAED57,SAME_FAVOURITE,False,False,SAME_FAVOURITE
EIQ_RACE_B707FE4EB481E437,EIQ_HORSE_F239989BF4D6BEE4,2025,-0.021217243529949803,EIQ_HORSE_F239989BF4D6BEE4,EIQ_HORSE_F239989BF4D6BEE4,SAME_FAVOURITE,True,True,SAME_FAVOURITE
EIQ_RACE_B70FE705B2983D62,EIQ_HORSE_5FDD187F0BB5C7B4,2024,0.18417526536500617,EIQ_HORSE_5F6D5012AB3BD395,EIQ_HORSE_5F6D5012AB3BD395,SAME_FAVOURITE,False,False,SAME_FAVOURITE
EIQ_RACE_B71AC24AFCCD45BC,EIQ_HORSE_CCC576E8693AF999,2023,-0.12977898038395397,EIQ_HORSE_7F819FD9EE9E6DB7,EIQ_HORSE_7F819FD9EE9E6DB7,SAME_FAVOURITE,False,False,SAME_FAVOURITE
EIQ_RACE_B71CE3E244C35282,EIQ_HORSE_79CE53367C4A21F7,2024,0.027763057723734663,EIQ_HORSE_BDD9A8A5AA213EEC,EIQ_HORSE_324CD4C627654930,CHALLENGER_CHANGED_FAVOURITE,False,False,BOTH_WRONG
EIQ_RACE_B7235A3427F88DFA,EIQ_HORSE_A5B07EFAF1784AE9,2024,0.1764950463670143,EIQ_HORSE_60655DD250F06917,EIQ_HORSE_60655DD250F06917,SAME_FAVOURITE,False,False,SAME_FAVOURITE
EIQ_RACE_B725EEC93FBEE82A,EIQ_HORSE_B3F6E3F1CA27AAB4,2021,-0.14603694490609276,EIQ_HORSE_B3F6E3F1CA27AAB4,EIQ_HORSE_B3F6E3F1CA27AAB4,SAME_FAVOURITE,True,True,SAME_FAVOURITE
EIQ_RACE_B72A659024D9454F,EIQ_HORSE_B2E9BA9702210E08,2021,-0.16181681130043213,EIQ_HORSE_A44D054C60BAB712,EIQ_HORSE_A44D054C60BAB712,SAME_FAVOURITE,False,False,SAME_FAVOURITE
EIQ_RACE_B744CFD031307CEF,EIQ_HORSE_819E12CE93F91285,2021,0.017989167461694766,EIQ_HORSE_5C4BBB5CC6AD7D38,EIQ_HORSE_5C4BBB5CC6AD7D38,SAME_FAVOURITE,False,False,SAME_FAVOURITE
EIQ_RACE_B748F3F265E6DE24,EIQ_HORSE_C96CE2A039878111,2021,0.06660481543261287,EIQ_HORSE_8F7A2D2C11197BAB,EIQ_HORSE_8F7A2D2C11197BAB,SAME_FAVOURITE,False,False,SAME_FAVOURITE
EIQ_RACE_B74E70856C0D0289,EIQ_HORSE_9FC0349F7A071D67,2021,0.031023648657470648,EIQ_HORSE_BF14683F206CC1B2,EIQ_HORSE_BF14683F206CC1B2,SAME_FAVOURITE,False,False,SAME_FAVOURITE
EIQ_RACE_B7568883802B5D15,EIQ_HORSE_BD57DE1E452C6FBC,2022,-0.023603937276214904,EIQ_HORSE_D08F5B0634DEE60D,EIQ_HORSE_D08F5B0634DEE60D,SAME_FAVOURITE,False,False,SAME_FAVOURITE
EIQ_RACE_B77424DF5A586825,EIQ_HORSE_DC4411FAE87ADDA1,2025,0.03138577684087407,EIQ_HORSE_C530CDADA32AD05D,EIQ_HORSE_C530CDADA32AD05D,SAME_FAVOURITE,False,False,SAME_FAVOURITE
EIQ_RACE_B78C1FE06F3B5739,EIQ_HORSE_E113F64F357D23C4,2024,0.06545484397942913,EIQ_HORSE_848AF261ACE2C614,EIQ_HORSE_848AF261ACE2C614,SAME_FAVOURITE,False,False,SAME_FAVOURITE
EIQ_RACE_B7932618C20A276A,EIQ_HORSE_1A3323FD91A7C3DD,2021,-0.056845254032838355,EIQ_HORSE_1A3323FD91A7C3DD,EIQ_HORSE_1A3323FD91A7C3DD,SAME_FAVOURITE,True,True,SAME_FAVOURITE
EIQ_RACE_B7A06C3218E42F95,EIQ_HORSE_671447D2BC67B333,2024,-0.003862067060818042,EIQ_HORSE_6B40EE5019292248,EIQ_HORSE_6B40EE5019292248,SAME_FAVOURITE,False,False,SAME_FAVOURITE
EIQ_RACE_B7A216AAB5F2C424,EIQ_HORSE_9AC81CCA5434D23A,2023,-0.3412689547456418,EIQ_HORSE_9AC81CCA5434D23A,EIQ_HORSE_188381E30D55592B,CHALLENGER_CHANGED_FAVOURITE,True,False,STRICT_CORRECT_DROP_WRONG
EIQ_RACE_B7A325F1BCB7F7AD,EIQ_HORSE_2A887043C3400018,2023,0.012830700867201283,EIQ_HORSE_2A887043C3400018,EIQ_HORSE_2A887043C3400018,SAME_FAVOURITE,True,True,SAME_FAVOURITE
EIQ_RACE_B7A76A6CEA10FA79,EIQ_HORSE_6461A200AAA6C02C,2023,0.1921781878756006,EIQ_HORSE_C5D32C6B859EA38C,EIQ_HORSE_C5D32C6B859EA38C,SAME_FAVOURITE,False,False,SAME_FAVOURITE
EIQ_RACE_B7B9167E000BB940,EIQ_HORSE_D959822351E30713,2026,0.04608664831466669,EIQ_HORSE_9C7F3B288EF6E745,EIQ_HORSE_119BB523FAA1CF36,CHALLENGER_CHANGED_FAVOURITE,False,False,BOTH_WRONG
EIQ_RACE_B7C0554332D73552,EIQ_HORSE_5DAB0A9A9D82A881,2025,-0.000352720503696613,EIQ_HORSE_21BAB4128E399923,EIQ_HORSE_21BAB4128E399923,SAME_FAVOURITE,False,False,SAME_FAVOURITE
EIQ_RACE_B7C8B4DCF340665C,EIQ_HORSE_2678129BB67F2D78,2024,-0.10245555928983796,EIQ_HORSE_AE1A5BEE1CB6BD69,EIQ_HORSE_AE1A5BEE1CB6BD69,SAME_FAVOURITE,False,False,SAME_FAVOURITE
EIQ_RACE_B7CB0F1ABBD8360D,EIQ_HORSE_51806F08E45CF443,2026,0.04590408665375967,EIQ_HORSE_6503B68B68AAF939,EIQ_HORSE_6503B68B68AAF939,SAME_FAVOURITE,False,False,SAME_FAVOURITE
EIQ_RACE_B7CB98C7D5271B8D,EIQ_HORSE_5FE636559EC1A49D,2025,0.18273992541353357,EIQ_HORSE_3C0142684AE2D0EE,EIQ_HORSE_3C0142684AE2D0EE,SAME_FAVOURITE,False,False,SAME_FAVOURITE
EIQ_RACE_B7CE0696DA66B9A9,EIQ_HORSE_C2ED4CD95E03FAA2,2024,-0.08752180243978946,EIQ_HORSE_C8FB108DCA591235,EIQ_HORSE_C8FB108DCA591235,SAME_FAVOURITE,False,False,SAME_FAVOURITE
EIQ_RACE_B7D9ADD2B612CF85,EIQ_HORSE_245453B0BA27550C,2024,-0.03055981234733407,EIQ_HORSE_C160D0249A669E33,EIQ_HORSE_C160D0249A669E33,SAME_FAVOURITE,False,False,SAME_FAVOURITE
EIQ_RACE_B7ED12491F448D5B,EIQ_HORSE_A56A8667D9B69973,2024,0.012464700043761212,EIQ_HORSE_A56A8667D9B69973,EIQ_HORSE_A56A8667D9B69973,SAME_FAVOURITE,True,True,SAME_FAVOURITE
EIQ_RACE_B7F24618D09E4B3F,EIQ_HORSE_843966CD28529D4A,2024,0.05182677489938636,EIQ_HORSE_843966CD28529D4A,EIQ_HORSE_843966CD28529D4A,SAME_FAVOURITE,True,True,SAME_FAVOURITE
EIQ_RACE_B7FC9E8BDE91AFB8,EIQ_HORSE_9B3CA980014FA5ED,2022,-0.02532731064506266,EIQ_HORSE_D6209068C229F311,EIQ_HORSE_D6209068C229F311,SAME_FAVOURITE,False,False,SAME_FAVOURITE
EIQ_RACE_B80529EA6B364A39,EIQ_HORSE_DAD549126617385C,2024,-0.025454229431759012,EIQ_HORSE_DAD549126617385C,EIQ_HORSE_DAD549126617385C,SAME_FAVOURITE,True,True,SAME_FAVOURITE
EIQ_RACE_B807CF2BC6DB5FD4,EIQ_HORSE_78E7466978EE1C29,2023,0.12052801595267337,EIQ_HORSE_78E7466978EE1C29,EIQ_HORSE_78E7466978EE1C29,SAME_FAVOURITE,True,True,SAME_FAVOURITE
EIQ_RACE_B80D1C60FA201A09,EIQ_HORSE_5E89013C22CBBCE2,2025,-0.0540123015836107,EIQ_HORSE_28B0E3A66AF72085,EIQ_HORSE_A0AC568FBB7F3E4A,CHALLENGER_CHANGED_FAVOURITE,False,False,BOTH_WRONG
EIQ_RACE_B8185EF6FD6BF8C6,EIQ_HORSE_6EB2ACC90C025E7C,2021,-0.06442241510269664,EIQ_HORSE_1FC28AB51E651675,EIQ_HORSE_1FC28AB51E651675,SAME_FAVOURITE,False,False,SAME_FAVOURITE
EIQ_RACE_B81931692B7FDDE5,EIQ_HORSE_07D0BA1C87E8A9C8,2023,-0.08258668008708137,EIQ_HORSE_07D0BA1C87E8A9C8,EIQ_HORSE_07D0BA1C87E8A9C8,SAME_FAVOURITE,True,True,SAME_FAVOURITE
EIQ_RACE_B83650D78B05BAC5,EIQ_HORSE_42DA2ED93074AB97,2021,0.24973730704168018,EIQ_HORSE_C1945B2A92F1AF43,EIQ_HORSE_C1945B2A92F1AF43,SAME_FAVOURITE,False,False,SAME_FAVOURITE
EIQ_RACE_B8407FD5DDB9BA31,EIQ_HORSE_F92D0190F70ECEDF,2024,0.031403927948868926,EIQ_HORSE_F92D0190F70ECEDF,EIQ_HORSE_F92D0190F70ECEDF,SAME_FAVOURITE,True,True,SAME_FAVOURITE
EIQ_RACE_B845FABB5647B012,EIQ_HORSE_25AF9C01A88101A3,2025,-0.05762980913006088,EIQ_HORSE_EAF7CB8F9DEFB712,EIQ_HORSE_EAF7CB8F9DEFB712,SAME_FAVOURITE,False,False,SAME_FAVOURITE
EIQ_RACE_B853BB84AD97E056,EIQ_HORSE_12CCF9E61D633773,2021,-0.027867228207688388,EIQ_HORSE_060D119F964AC352,EIQ_HORSE_060D119F964AC352,SAME_FAVOURITE,False,False,SAME_FAVOURITE
EIQ_RACE_B857CE4D05376870,EIQ_HORSE_504AF5A5D952BDC3,2025,-0.16926494121953173,EIQ_HORSE_8EF0A2D37B7ACCE7,EIQ_HORSE_8EF0A2D37B7ACCE7,SAME_FAVOURITE,False,False,SAME_FAVOURITE
EIQ_RACE_B85A3200737B0C4A,EIQ_HORSE_65341A2BE45A03A0,2023,-0.0009370304176155031,EIQ_HORSE_65341A2BE45A03A0,EIQ_HORSE_65341A2BE45A03A0,SAME_FAVOURITE,True,True,SAME_FAVOURITE
EIQ_RACE_B86A841C3F5B0724,EIQ_HORSE_D942D11FD42996C8,2024,-0.026741257299872867,EIQ_HORSE_82B3B47B15284BCB,EIQ_HORSE_82B3B47B15284BCB,SAME_FAVOURITE,False,False,SAME_FAVOURITE
EIQ_RACE_B86B22617D98703D,EIQ_HORSE_6B4CE26730ED815E,2024,0.021090846670141605,EIQ_HORSE_DFE3A43F75DCED86,EIQ_HORSE_DFE3A43F75DCED86,SAME_FAVOURITE,False,False,SAME_FAVOURITE
EIQ_RACE_B86E0D15546046BD,EIQ_HORSE_6741A52D43F55F7C,2026,-0.24489334771353266,EIQ_HORSE_6741A52D43F55F7C,EIQ_HORSE_BE61604DED7B9968,CHALLENGER_CHANGED_FAVOURITE,True,False,STRICT_CORRECT_DROP_WRONG
EIQ_RACE_B8756CAF8AAC7F58,EIQ_HORSE_24C947CBC6E5644E,2024,-0.07387864823962165,EIQ_HORSE_5F6D5012AB3BD395,EIQ_HORSE_5F6D5012AB3BD395,SAME_FAVOURITE,False,False,SAME_FAVOURITE
EIQ_RACE_B87857804DC0F78E,EIQ_HORSE_89E8365592E6A4DC,2025,0.1487678205566132,EIQ_HORSE_F99F8AC8F0D11E32,EIQ_HORSE_F99F8AC8F0D11E32,SAME_FAVOURITE,False,False,SAME_FAVOURITE
EIQ_RACE_B886535D9884EEE6,EIQ_HORSE_488BEDE2B13358BF,2025,0.003920354647623192,EIQ_HORSE_502FF65E76E34D96,EIQ_HORSE_502FF65E76E34D96,SAME_FAVOURITE,False,False,SAME_FAVOURITE
EIQ_RACE_B88C02658AD7C776,EIQ_HORSE_EE5D26DC143EC190,2024,-0.042873683144937225,EIQ_HORSE_BC5ED09E61351EC9,EIQ_HORSE_BC5ED09E61351EC9,SAME_FAVOURITE,False,False,SAME_FAVOURITE
EIQ_RACE_B88D0C2733409406,EIQ_HORSE_DFE3A43F75DCED86,2025,-0.05205282357698682,EIQ_HORSE_DFE3A43F75DCED86,EIQ_HORSE_DFE3A43F75DCED86,SAME_FAVOURITE,True,True,SAME_FAVOURITE
EIQ_RACE_B894EA4A3EDD53B3,EIQ_HORSE_3EDE01D570666C76,2025,-0.1619142417339472,EIQ_HORSE_3EDE01D570666C76,EIQ_HORSE_3EDE01D570666C76,SAME_FAVOURITE,True,True,SAME_FAVOURITE
EIQ_RACE_B8A1369A01A6E6FF,EIQ_HORSE_67DA25FD88C72FB9,2025,0.0023040440904706916,EIQ_HORSE_67DA25FD88C72FB9,EIQ_HORSE_67DA25FD88C72FB9,SAME_FAVOURITE,True,True,SAME_FAVOURITE
EIQ_RACE_B8AAF23E0388BCEA,EIQ_HORSE_7E83CB983673B1A4,2025,0.012749442970268587,EIQ_HORSE_10C85395300DFC53,EIQ_HORSE_10C85395300DFC53,SAME_FAVOURITE,False,False,SAME_FAVOURITE
EIQ_RACE_B8BA30ABB13EBCC2,EIQ_HORSE_A8554F158C13B17A,2025,0.06985098087975095,EIQ_HORSE_DB2E9DA9974EE34E,EIQ_HORSE_DB2E9DA9974EE34E,SAME_FAVOURITE,False,False,SAME_FAVOURITE
EIQ_RACE_B8CB59A446EFE6DF,EIQ_HORSE_C6598C89204CFF5E,2021,-0.01726587494208287,EIQ_HORSE_C6598C89204CFF5E,EIQ_HORSE_C6598C89204CFF5E,SAME_FAVOURITE,True,True,SAME_FAVOURITE
EIQ_RACE_B8CB869C9430A175,EIQ_HORSE_051225573BF7E110,2026,0.1752900422460817,EIQ_HORSE_3329D08C30DC1DDD,EIQ_HORSE_3329D08C30DC1DDD,SAME_FAVOURITE,False,False,SAME_FAVOURITE
EIQ_RACE_B8D57E383FB6AF9B,EIQ_HORSE_16063E649879FADF,2022,0.13602715239150487,EIQ_HORSE_1169A1EA369DE3F6,EIQ_HORSE_1169A1EA369DE3F6,SAME_FAVOURITE,False,False,SAME_FAVOURITE
EIQ_RACE_B8EB64BE9F73E667,EIQ_HORSE_8F6CF812965FDE55,2025,0.004506602009257676,EIQ_HORSE_09954D609256E92F,EIQ_HORSE_09954D609256E92F,SAME_FAVOURITE,False,False,SAME_FAVOURITE
EIQ_RACE_B8EC2C9123404BCF,EIQ_HORSE_0C1E49DFBF1E206E,2021,0.1417242737377089,EIQ_HORSE_721F224056804937,EIQ_HORSE_721F224056804937,SAME_FAVOURITE,False,False,SAME_FAVOURITE
EIQ_RACE_B8F3C4B25537204E,EIQ_HORSE_1987EC4AE6D8F6C6,2025,0.02830709943561871,EIQ_HORSE_1987EC4AE6D8F6C6,EIQ_HORSE_1987EC4AE6D8F6C6,SAME_FAVOURITE,True,True,SAME_FAVOURITE
EIQ_RACE_B9222B6F25D2D1CF,EIQ_HORSE_5FDD187F0BB5C7B4,2024,-0.08401223563201787,EIQ_HORSE_281A343E5E46CBB5,EIQ_HORSE_281A343E5E46CBB5,SAME_FAVOURITE,False,False,SAME_FAVOURITE
EIQ_RACE_B922DC20F189E699,EIQ_HORSE_8717E5F5AAAE378D,2025,-0.09989708157461497,EIQ_HORSE_6106EFFF9D520AB3,EIQ_HORSE_6106EFFF9D520AB3,SAME_FAVOURITE,False,False,SAME_FAVOURITE
EIQ_RACE_B9451F4ED0CFEB39,EIQ_HORSE_6AC15D60495FA581,2024,0.14383858797518378,EIQ_HORSE_7290B95BFDA9F10D,EIQ_HORSE_7290B95BFDA9F10D,SAME_FAVOURITE,False,False,SAME_FAVOURITE
EIQ_RACE_B9459E29C6712C54,EIQ_HORSE_950AE096D7DD88E2,2026,-0.17807025700495327,EIQ_HORSE_7D6FCDF51E89C051,EIQ_HORSE_F44EFA8EACA21114,CHALLENGER_CHANGED_FAVOURITE,False,False,BOTH_WRONG
EIQ_RACE_B955388BAEF31D45,EIQ_HORSE_DFE3A43F75DCED86,2025,0.11321713958326596,EIQ_HORSE_F225CECF5D281AC4,EIQ_HORSE_F225CECF5D281AC4,SAME_FAVOURITE,False,False,SAME_FAVOURITE
EIQ_RACE_B9585360D7E71680,EIQ_HORSE_C9CEBE2443689DB7,2021,0.052554708442091425,EIQ_HORSE_D9F6BDFD0A198ED5,EIQ_HORSE_D9F6BDFD0A198ED5,SAME_FAVOURITE,False,False,SAME_FAVOURITE
EIQ_RACE_B9594A405B44ACA5,EIQ_HORSE_BE341E1A91013680,2025,-0.10393903894638656,EIQ_HORSE_465AD9E83B4D0311,EIQ_HORSE_465AD9E83B4D0311,SAME_FAVOURITE,False,False,SAME_FAVOURITE
EIQ_RACE_B964DCFD65EFD5FF,EIQ_HORSE_1CCF27C2530979E3,2021,0.0014397808431036996,EIQ_HORSE_1CCF27C2530979E3,EIQ_HORSE_1CCF27C2530979E3,SAME_FAVOURITE,True,True,SAME_FAVOURITE
EIQ_RACE_B98A292EF68446FD,EIQ_HORSE_12FBC9E5A1C0FE42,2024,-0.12326171614793036,EIQ_HORSE_DED10F30A25F1253,EIQ_HORSE_DED10F30A25F1253,SAME_FAVOURITE,False,False,SAME_FAVOURITE
EIQ_RACE_B992EDBB54D1071F,EIQ_HORSE_BF1F4873548BA696,2022,0.07471963768315382,EIQ_HORSE_BF1F4873548BA696,EIQ_HORSE_BF1F4873548BA696,SAME_FAVOURITE,True,True,SAME_FAVOURITE
EIQ_RACE_B99C29943387022E,EIQ_HORSE_1BD1B7CA77EDED82,2024,0.05227123862358729,EIQ_HORSE_1BD1B7CA77EDED82,EIQ_HORSE_1BD1B7CA77EDED82,SAME_FAVOURITE,True,True,SAME_FAVOURITE
EIQ_RACE_B9A6251D56C5BCA0,EIQ_HORSE_497B2AEE62825D3F,2024,-0.03134930846725581,EIQ_HORSE_9617B30F50D4D4B9,EIQ_HORSE_9617B30F50D4D4B9,SAME_FAVOURITE,False,False,SAME_FAVOURITE
EIQ_RACE_B9A8E81BB928D92D,EIQ_HORSE_D6B7D2F06AFD9F5C,2024,-0.07764443061952986,EIQ_HORSE_C2736E3B50657148,EIQ_HORSE_C2736E3B50657148,SAME_FAVOURITE,False,False,SAME_FAVOURITE
EIQ_RACE_B9C27DD1D7452DED,EIQ_HORSE_2CED826E4168DE20,2023,-0.10276403735946937,EIQ_HORSE_B7CE8A8E0489937E,EIQ_HORSE_B7CE8A8E0489937E,SAME_FAVOURITE,False,False,SAME_FAVOURITE
EIQ_RACE_B9C37979FD03C405,EIQ_HORSE_4C55A0DDC226F410,2023,0.05833150698888212,EIQ_HORSE_A0FD0FB2D35D833C,EIQ_HORSE_4C55A0DDC226F410,CHALLENGER_CHANGED_FAVOURITE,False,True,STRICT_WRONG_DROP_CORRECT
EIQ_RACE_B9D18AD22A986815,EIQ_HORSE_5252660819C57425,2025,-0.05709683503532137,EIQ_HORSE_6651FB6C62324C6E,EIQ_HORSE_6651FB6C62324C6E,SAME_FAVOURITE,False,False,SAME_FAVOURITE
EIQ_RACE_B9DB4A4E68305950,EIQ_HORSE_2B78024F9F07FA27,2023,-0.035683768124454396,EIQ_HORSE_323FDD0760DDC515,EIQ_HORSE_323FDD0760DDC515,SAME_FAVOURITE,False,False,SAME_FAVOURITE
EIQ_RACE_B9EFA9B1B982B2CF,EIQ_HORSE_232EBFD3F03C63DA,2023,0.11157413294499019,EIQ_HORSE_232EBFD3F03C63DA,EIQ_HORSE_232EBFD3F03C63DA,SAME_FAVOURITE,True,True,SAME_FAVOURITE
EIQ_RACE_BA009E15DA83B17A,EIQ_HORSE_F7EB658B08D28C81,2023,-0.1627281988913014,EIQ_HORSE_F907CFFD6E7D5647,EIQ_HORSE_F907CFFD6E7D5647,SAME_FAVOURITE,False,False,SAME_FAVOURITE
EIQ_RACE_BA3AC121D13FBDDF,EIQ_HORSE_F454AAFF0DB25F20,2021,0.12236588540198312,EIQ_HORSE_E8E4799C1C50A895,EIQ_HORSE_E8E4799C1C50A895,SAME_FAVOURITE,False,False,SAME_FAVOURITE
EIQ_RACE_BA439D24F284D138,EIQ_HORSE_6E391A8FFEBBE5F1,2021,0.1359070097464372,EIQ_HORSE_152A6FB9E1E5B251,EIQ_HORSE_6E391A8FFEBBE5F1,CHALLENGER_CHANGED_FAVOURITE,False,True,STRICT_WRONG_DROP_CORRECT
EIQ_RACE_BA44549496AAF7C9,EIQ_HORSE_1C578162AEA40500,2023,-0.05500808972167803,EIQ_HORSE_405BC945B009E113,EIQ_HORSE_D9161E82717A2444,CHALLENGER_CHANGED_FAVOURITE,False,False,BOTH_WRONG
EIQ_RACE_BA63D3739CB46203,EIQ_HORSE_6DB55872DDC2B05B,2022,-0.15741301780200367,EIQ_HORSE_6DB55872DDC2B05B,EIQ_HORSE_6DB55872DDC2B05B,SAME_FAVOURITE,True,True,SAME_FAVOURITE
EIQ_RACE_BA6F19661CC5DC64,EIQ_HORSE_FB954DF16B052E63,2025,-0.082740020639128,EIQ_HORSE_5DEDFD4D48D90273,EIQ_HORSE_5DEDFD4D48D90273,SAME_FAVOURITE,False,False,SAME_FAVOURITE
EIQ_RACE_BA7C349D28352948,EIQ_HORSE_DB6D2CA1BA6711DF,2021,0.04865694257253805,EIQ_HORSE_38BC15DCA6142070,EIQ_HORSE_38BC15DCA6142070,SAME_FAVOURITE,False,False,SAME_FAVOURITE
EIQ_RACE_BA8A71E820B3061E,EIQ_HORSE_7F1D4B8E3F5C6039,2022,-0.024238304633882102,EIQ_HORSE_E5D6051E61AFF49F,EIQ_HORSE_E5D6051E61AFF49F,SAME_FAVOURITE,False,False,SAME_FAVOURITE
EIQ_RACE_BAA39A1387EAD543,EIQ_HORSE_B9B5E5BC3FDE93D9,2023,0.13512367403297976,EIQ_HORSE_355587E52B6718E2,EIQ_HORSE_355587E52B6718E2,SAME_FAVOURITE,False,False,SAME_FAVOURITE
EIQ_RACE_BAADE2D54127BFD9,EIQ_HORSE_FBF6AD703DD07E3F,2021,0.12920482277362577,EIQ_HORSE_0A33482CB6527327,EIQ_HORSE_0A33482CB6527327,SAME_FAVOURITE,False,False,SAME_FAVOURITE
EIQ_RACE_BAB061C3DAD0043F,EIQ_HORSE_4FAFA039B69F6135,2024,0.05886970989611817,EIQ_HORSE_4FAFA039B69F6135,EIQ_HORSE_4FAFA039B69F6135,SAME_FAVOURITE,True,True,SAME_FAVOURITE
EIQ_RACE_BAB53013E0154883,EIQ_HORSE_1CE3E8602D300C68,2021,-0.013760465837038272,EIQ_HORSE_0FDAB128ED2DEF47,EIQ_HORSE_0FDAB128ED2DEF47,SAME_FAVOURITE,False,False,SAME_FAVOURITE
EIQ_RACE_BAC3B177C202F79D,EIQ_HORSE_A4322B58C34A397A,2024,0.08030822551531092,EIQ_HORSE_35724EF20D79C407,EIQ_HORSE_35724EF20D79C407,SAME_FAVOURITE,False,False,SAME_FAVOURITE
EIQ_RACE_BACDFBF60884AEF7,EIQ_HORSE_64C206BB0B8C8B0F,2024,-0.07631214892781468,EIQ_HORSE_EC01992E2A6A55A6,EIQ_HORSE_EC01992E2A6A55A6,SAME_FAVOURITE,False,False,SAME_FAVOURITE
EIQ_RACE_BB06F07D9E73C2E5,EIQ_HORSE_A9B32E8F1C6E14EF,2025,0.02936593664040732,EIQ_HORSE_A9B32E8F1C6E14EF,EIQ_HORSE_A9B32E8F1C6E14EF,SAME_FAVOURITE,True,True,SAME_FAVOURITE
EIQ_RACE_BB2F95B46945B324,EIQ_HORSE_62E9334DD405801B,2025,0.08738266875971545,EIQ_HORSE_69993C76BDE213FD,EIQ_HORSE_69993C76BDE213FD,SAME_FAVOURITE,False,False,SAME_FAVOURITE
EIQ_RACE_BB340E5DF2EBBE88,EIQ_HORSE_8E44CC4B03997E9A,2023,-0.05430804296439673,EIQ_HORSE_2B6A2A38CC4DF8B9,EIQ_HORSE_AAC3293999ECEE44,CHALLENGER_CHANGED_FAVOURITE,False,False,BOTH_WRONG
EIQ_RACE_BB3E1E8260510DB3,EIQ_HORSE_8EAAED483F02B161,2023,0.18449842649172332,EIQ_HORSE_5AD682CD36EAA5C5,EIQ_HORSE_5AD682CD36EAA5C5,SAME_FAVOURITE,False,False,SAME_FAVOURITE
EIQ_RACE_BB4672E7BA3FC65F,EIQ_HORSE_41579B7071382CEC,2024,0.009791615030031675,EIQ_HORSE_41579B7071382CEC,EIQ_HORSE_41579B7071382CEC,SAME_FAVOURITE,True,True,SAME_FAVOURITE
EIQ_RACE_BB4AFE8A34CE0195,EIQ_HORSE_ECE77A6A05DE8E8E,2025,-0.09351304015322692,EIQ_HORSE_67D0B9F0C3927CAE,EIQ_HORSE_67D0B9F0C3927CAE,SAME_FAVOURITE,False,False,SAME_FAVOURITE
EIQ_RACE_BB520EE4DDD1CA2D,EIQ_HORSE_61E7E3F914D36770,2024,0.16474758469316564,EIQ_HORSE_451AD3F7A6F354E1,EIQ_HORSE_451AD3F7A6F354E1,SAME_FAVOURITE,False,False,SAME_FAVOURITE
EIQ_RACE_BB5F09437091EC74,EIQ_HORSE_F44EFA8EACA21114,2026,-0.09950379351702399,EIQ_HORSE_A18A8C66A889E452,EIQ_HORSE_52502CF41D959628,CHALLENGER_CHANGED_FAVOURITE,False,False,BOTH_WRONG
EIQ_RACE_BB5F49119743BAD0,EIQ_HORSE_B1BCE8E466058979,2023,0.11521053660241731,EIQ_HORSE_B1BCE8E466058979,EIQ_HORSE_B1BCE8E466058979,SAME_FAVOURITE,True,True,SAME_FAVOURITE
EIQ_RACE_BB6B33540107A7D8,EIQ_HORSE_8F6CF812965FDE55,2021,-0.019475371383974815,EIQ_HORSE_8F6CF812965FDE55,EIQ_HORSE_8F6CF812965FDE55,SAME_FAVOURITE,True,True,SAME_FAVOURITE
EIQ_RACE_BB844C80B8901751,EIQ_HORSE_6BD22EB52EB23798,2023,-0.2115007534902369,EIQ_HORSE_4FA045A41A3AB575,EIQ_HORSE_4FA045A41A3AB575,SAME_FAVOURITE,False,False,SAME_FAVOURITE
EIQ_RACE_BB9EC280450D3F69,EIQ_HORSE_FC6B760BE644021B,2025,0.009279383422292398,EIQ_HORSE_FD8BFEAC1050BCA7,EIQ_HORSE_FD8BFEAC1050BCA7,SAME_FAVOURITE,False,False,SAME_FAVOURITE
EIQ_RACE_BBA5844262035F78,EIQ_HORSE_423CA121B003A2CB,2026,-0.077426674706351,EIQ_HORSE_46B0DF18FC56B7E9,EIQ_HORSE_46B0DF18FC56B7E9,SAME_FAVOURITE,False,False,SAME_FAVOURITE
EIQ_RACE_BBA7BBA987427436,EIQ_HORSE_FCC731B227EA488D,2024,0.03493798550795946,EIQ_HORSE_396617F99809279F,EIQ_HORSE_396617F99809279F,SAME_FAVOURITE,False,False,SAME_FAVOURITE
EIQ_RACE_BBAB27531B6AAA61,EIQ_HORSE_F3E19B23D8C3FF00,2021,-0.08313126197477905,EIQ_HORSE_22BB8F41A65771CF,EIQ_HORSE_22BB8F41A65771CF,SAME_FAVOURITE,False,False,SAME_FAVOURITE
EIQ_RACE_BBD1335F711439F3,EIQ_HORSE_E9CC38D9E009814D,2024,-0.13035460395716814,EIQ_HORSE_2029F0BC962AAA13,EIQ_HORSE_2029F0BC962AAA13,SAME_FAVOURITE,False,False,SAME_FAVOURITE
EIQ_RACE_BBD7227FF0C8EE61,EIQ_HORSE_D1D0005A7A12CDC6,2024,0.03681135130164681,EIQ_HORSE_2E080C47691C3AC1,EIQ_HORSE_2E080C47691C3AC1,SAME_FAVOURITE,False,False,SAME_FAVOURITE
EIQ_RACE_BBDABC3F9E253A48,EIQ_HORSE_BDC7937C8C4B602D,2023,-0.10619740150084556,EIQ_HORSE_BDC7937C8C4B602D,EIQ_HORSE_BDC7937C8C4B602D,SAME_FAVOURITE,True,True,SAME_FAVOURITE
EIQ_RACE_BBE1437C42DE1A88,EIQ_HORSE_29209493ED5858E4,2025,0.05928104419254643,EIQ_HORSE_108E2FBB6DD84935,EIQ_HORSE_108E2FBB6DD84935,SAME_FAVOURITE,False,False,SAME_FAVOURITE
EIQ_RACE_BBF21B65F42747B6,EIQ_HORSE_524D56E18686FC61,2024,0.1847722300457928,EIQ_HORSE_58BD78583827C318,EIQ_HORSE_58BD78583827C318,SAME_FAVOURITE,False,False,SAME_FAVOURITE
EIQ_RACE_BBF8D8E1594C025E,EIQ_HORSE_290B6AC4C1414666,2023,0.040198357948114216,EIQ_HORSE_21512F9E09589773,EIQ_HORSE_290B6AC4C1414666,CHALLENGER_CHANGED_FAVOURITE,False,True,STRICT_WRONG_DROP_CORRECT
EIQ_RACE_BBFB53D3D3CE7DB5,EIQ_HORSE_1895D4753EBF2D38,2025,-0.07316761716035947,EIQ_HORSE_B3941B0EF4A65D94,EIQ_HORSE_B3941B0EF4A65D94,SAME_FAVOURITE,False,False,SAME_FAVOURITE
EIQ_RACE_BC0DE5E23355102E,EIQ_HORSE_2F0789ED19877E2E,2023,0.041619105585603,EIQ_HORSE_2F0789ED19877E2E,EIQ_HORSE_2F0789ED19877E2E,SAME_FAVOURITE,True,True,SAME_FAVOURITE
EIQ_RACE_BC2DB81E051EB1EE,EIQ_HORSE_59D348752FC68394,2026,0.06195533515260987,EIQ_HORSE_C97B03A5F1A5BB59,EIQ_HORSE_C97B03A5F1A5BB59,SAME_FAVOURITE,False,False,SAME_FAVOURITE
EIQ_RACE_BC31CA9D50CF48B2,EIQ_HORSE_12A8995BC2B87549,2025,-0.0006116786809775565,EIQ_HORSE_DFE3A43F75DCED86,EIQ_HORSE_DFE3A43F75DCED86,SAME_FAVOURITE,False,False,SAME_FAVOURITE
EIQ_RACE_BC4522D85ECBAA61,EIQ_HORSE_7C9AC423EA04B2C6,2021,-0.18504879797643992,EIQ_HORSE_7C9AC423EA04B2C6,EIQ_HORSE_7C9AC423EA04B2C6,SAME_FAVOURITE,True,True,SAME_FAVOURITE
EIQ_RACE_BC4E8C2112E11BDB,EIQ_HORSE_0D7690AF7C1F7417,2021,0.08881748672585621,EIQ_HORSE_123D7344F2D101CD,EIQ_HORSE_123D7344F2D101CD,SAME_FAVOURITE,False,False,SAME_FAVOURITE
EIQ_RACE_BC534AEA741E5F01,EIQ_HORSE_F4958F03FE8313C9,2025,-0.05104292324671178,EIQ_HORSE_601799D635379E62,EIQ_HORSE_601799D635379E62,SAME_FAVOURITE,False,False,SAME_FAVOURITE
EIQ_RACE_BC6EEB8FC1F7DFDC,EIQ_HORSE_E646B65420029D2E,2026,-0.039578794850736676,EIQ_HORSE_4E66D36CD7A6F478,EIQ_HORSE_4E66D36CD7A6F478,SAME_FAVOURITE,False,False,SAME_FAVOURITE
EIQ_RACE_BC6F8F65F6FE06DF,EIQ_HORSE_7A402FB666C6524C,2022,0.009544080588667736,EIQ_HORSE_D0D83D14868FCB6C,EIQ_HORSE_D0D83D14868FCB6C,SAME_FAVOURITE,False,False,SAME_FAVOURITE
EIQ_RACE_BC94ABF4FF1E025A,EIQ_HORSE_5C07177FC64E9543,2025,-0.0008840113876060762,EIQ_HORSE_FF4F02E4D58B64E0,EIQ_HORSE_FF4F02E4D58B64E0,SAME_FAVOURITE,False,False,SAME_FAVOURITE
EIQ_RACE_BCCBF40D1F9B194F,EIQ_HORSE_F85A5BB9644B550C,2021,-0.07309859825651599,EIQ_HORSE_F85A5BB9644B550C,EIQ_HORSE_F85A5BB9644B550C,SAME_FAVOURITE,True,True,SAME_FAVOURITE
EIQ_RACE_BCDA3E13D4A50D19,EIQ_HORSE_9BCB2D06988A04A1,2026,0.023460828617127616,EIQ_HORSE_55108622AF3A10EA,EIQ_HORSE_55108622AF3A10EA,SAME_FAVOURITE,False,False,SAME_FAVOURITE
EIQ_RACE_BCDCB1118DBA75DF,EIQ_HORSE_2419CFF8348775C6,2021,0.1436571686703354,EIQ_HORSE_2EFBA7D4CA45826C,EIQ_HORSE_2EFBA7D4CA45826C,SAME_FAVOURITE,False,False,SAME_FAVOURITE
EIQ_RACE_BCDF4E68733D2686,EIQ_HORSE_3E6BB107A3A1F17A,2024,-0.02877443548795,EIQ_HORSE_364699410561C3DC,EIQ_HORSE_364699410561C3DC,SAME_FAVOURITE,False,False,SAME_FAVOURITE
EIQ_RACE_BCE932FDA1CA321A,EIQ_HORSE_1A8A79C46922D640,2025,0.05342958624291727,EIQ_HORSE_97CCE458450E93C8,EIQ_HORSE_97CCE458450E93C8,SAME_FAVOURITE,False,False,SAME_FAVOURITE
EIQ_RACE_BCEA21C3EE1CBAD6,EIQ_HORSE_B7B9C51EBDA8B0E3,2021,-0.11076810299952022,EIQ_HORSE_2DE2972EE4B198C9,EIQ_HORSE_2DE2972EE4B198C9,SAME_FAVOURITE,False,False,SAME_FAVOURITE
EIQ_RACE_BCEBDE24EE358020,EIQ_HORSE_A7FB721D9D0A2AC9,2024,0.06911719497252311,EIQ_HORSE_A7FB721D9D0A2AC9,EIQ_HORSE_A7FB721D9D0A2AC9,SAME_FAVOURITE,True,True,SAME_FAVOURITE
EIQ_RACE_BCED94EACE0AC09C,EIQ_HORSE_1579C26F18C0A14E,2024,-0.0399852862226493,EIQ_HORSE_1579C26F18C0A14E,EIQ_HORSE_1579C26F18C0A14E,SAME_FAVOURITE,True,True,SAME_FAVOURITE
EIQ_RACE_BCEF5BC0A5613E0D,EIQ_HORSE_A34450FD29F65390,2021,-0.2217575304324746,EIQ_HORSE_6E0DF4A6DAF455F4,EIQ_HORSE_6E0DF4A6DAF455F4,SAME_FAVOURITE,False,False,SAME_FAVOURITE
EIQ_RACE_BCFD2EAB46899F72,EIQ_HORSE_7F38BA53BABCD8A6,2023,-0.06623034946873396,EIQ_HORSE_12D5EA72A55465EC,EIQ_HORSE_12D5EA72A55465EC,SAME_FAVOURITE,False,False,SAME_FAVOURITE
EIQ_RACE_BD0225DFCBDB3804,EIQ_HORSE_0362FD5F6592CD49,2024,-0.04544042003011617,EIQ_HORSE_8F66B436AEC1BB33,EIQ_HORSE_8F66B436AEC1BB33,SAME_FAVOURITE,False,False,SAME_FAVOURITE
EIQ_RACE_BD08FB379F63127D,EIQ_HORSE_52E29B1FF4A725E1,2023,-0.144630119915371,EIQ_HORSE_52E29B1FF4A725E1,EIQ_HORSE_52E29B1FF4A725E1,SAME_FAVOURITE,True,True,SAME_FAVOURITE
EIQ_RACE_BD0A1979FC38EE31,EIQ_HORSE_137678E6D4B803AC,2022,-0.05252214761592855,EIQ_HORSE_137678E6D4B803AC,EIQ_HORSE_137678E6D4B803AC,SAME_FAVOURITE,True,True,SAME_FAVOURITE
EIQ_RACE_BD2CDE2CF336411C,EIQ_HORSE_2DC5C924F71EF972,2023,0.058056979628537064,EIQ_HORSE_F597383DB21CFF66,EIQ_HORSE_F597383DB21CFF66,SAME_FAVOURITE,False,False,SAME_FAVOURITE
EIQ_RACE_BD3A927A1938713E,EIQ_HORSE_EED76700775A46E3,2025,0.008198930557958617,EIQ_HORSE_BD3E0B466B83B3B4,EIQ_HORSE_BD3E0B466B83B3B4,SAME_FAVOURITE,False,False,SAME_FAVOURITE
EIQ_RACE_BD547E3C0217F209,EIQ_HORSE_2AED87A42A22DEEF,2024,-0.07127965056690977,EIQ_HORSE_63CCEC56F608BFC8,EIQ_HORSE_63CCEC56F608BFC8,SAME_FAVOURITE,False,False,SAME_FAVOURITE
EIQ_RACE_BD728DF2275CB485,EIQ_HORSE_7567AD13CC16FA63,2023,-0.16979537523788135,EIQ_HORSE_539F9274561D6547,EIQ_HORSE_E72CD75FD5C2B5AE,CHALLENGER_CHANGED_FAVOURITE,False,False,BOTH_WRONG
EIQ_RACE_BD745AE06386F5E0,EIQ_HORSE_D9E45622947D48BA,2023,-0.12945152786520708,EIQ_HORSE_73AF72F8C266BDEE,EIQ_HORSE_73AF72F8C266BDEE,SAME_FAVOURITE,False,False,SAME_FAVOURITE
EIQ_RACE_BD7544824ED3D55A,EIQ_HORSE_95F7A17E0EF84C97,2025,0.0425478893238711,EIQ_HORSE_95F7A17E0EF84C97,EIQ_HORSE_95F7A17E0EF84C97,SAME_FAVOURITE,True,True,SAME_FAVOURITE
EIQ_RACE_BD7718D0910A58A3,EIQ_HORSE_CE4EF231A2204AD3,2026,0.06987571794464742,EIQ_HORSE_17D7A82009C1926B,EIQ_HORSE_CE4EF231A2204AD3,CHALLENGER_CHANGED_FAVOURITE,False,True,STRICT_WRONG_DROP_CORRECT
EIQ_RACE_BD81924ED2C989CE,EIQ_HORSE_BB70478EE482ECF8,2025,-0.14249524061494245,EIQ_HORSE_4387D1CBF134B21B,EIQ_HORSE_4387D1CBF134B21B,SAME_FAVOURITE,False,False,SAME_FAVOURITE
EIQ_RACE_BD865E8EA386B6C8,EIQ_HORSE_938A86E298A674D5,2022,0.16354055621056274,EIQ_HORSE_41A87B9A644863E8,EIQ_HORSE_938A86E298A674D5,CHALLENGER_CHANGED_FAVOURITE,False,True,STRICT_WRONG_DROP_CORRECT
EIQ_RACE_BD91CDE6158C49CD,EIQ_HORSE_8470C78C42662D79,2021,0.00019580726940815474,EIQ_HORSE_D123217166D5CD71,EIQ_HORSE_D123217166D5CD71,SAME_FAVOURITE,False,False,SAME_FAVOURITE
EIQ_RACE_BDB0B3F08072315B,EIQ_HORSE_581D1EF266624634,2025,-0.1765259058236266,EIQ_HORSE_581D1EF266624634,EIQ_HORSE_581D1EF266624634,SAME_FAVOURITE,True,True,SAME_FAVOURITE
EIQ_RACE_BDBEBDA9542556CB,EIQ_HORSE_E931548CD531D10A,2024,-0.047434871495222186,EIQ_HORSE_626EFC31364556D4,EIQ_HORSE_626EFC31364556D4,SAME_FAVOURITE,False,False,SAME_FAVOURITE
EIQ_RACE_BDC6E642E02E128B,EIQ_HORSE_843966CD28529D4A,2024,-0.062448106506720835,EIQ_HORSE_843966CD28529D4A,EIQ_HORSE_843966CD28529D4A,SAME_FAVOURITE,True,True,SAME_FAVOURITE
EIQ_RACE_BDCDCD6042F7D140,EIQ_HORSE_9AC81CCA5434D23A,2024,-0.09621235968483877,EIQ_HORSE_9243E9662C3B39BC,EIQ_HORSE_9243E9662C3B39BC,SAME_FAVOURITE,False,False,SAME_FAVOURITE
EIQ_RACE_BDD30761D91CD427,EIQ_HORSE_BD1784E8835004AE,2023,-0.02800035700113357,EIQ_HORSE_31FE22063B22FD62,EIQ_HORSE_31FE22063B22FD62,SAME_FAVOURITE,False,False,SAME_FAVOURITE
EIQ_RACE_BDD509D6B94F0CFC,EIQ_HORSE_8394A5643ED24C81,2024,-0.05710788978303705,EIQ_HORSE_0AFFBF51DD7F1B4B,EIQ_HORSE_0AFFBF51DD7F1B4B,SAME_FAVOURITE,False,False,SAME_FAVOURITE
EIQ_RACE_BDE3C16E68B3DD5A,EIQ_HORSE_7E2B27DFFD6A01DA,2026,-0.10210180238377609,EIQ_HORSE_C79D1F6A367F9995,EIQ_HORSE_C79D1F6A367F9995,SAME_FAVOURITE,False,False,SAME_FAVOURITE
EIQ_RACE_BDF132B07BA42311,EIQ_HORSE_98CDE8C6ACEEE292,2023,0.049705052175136766,EIQ_HORSE_2F8F0B1FF951A83D,EIQ_HORSE_2F8F0B1FF951A83D,SAME_FAVOURITE,False,False,SAME_FAVOURITE
EIQ_RACE_BDFA0627042D38B9,EIQ_HORSE_EA80E55AC65CAF5D,2023,-0.05589284401764716,EIQ_HORSE_8710E05EE212D6D0,EIQ_HORSE_8710E05EE212D6D0,SAME_FAVOURITE,False,False,SAME_FAVOURITE
EIQ_RACE_BE025B9AF69C65B5,EIQ_HORSE_0D87D3098D3E261A,2026,0.06704700938976282,EIQ_HORSE_621821D9D5DC598C,EIQ_HORSE_621821D9D5DC598C,SAME_FAVOURITE,False,False,SAME_FAVOURITE
EIQ_RACE_BE0386E62C19E8C2,EIQ_HORSE_B4AAE51B00CA9EF7,2025,-0.002210278039723068,EIQ_HORSE_12A6D007217A5609,EIQ_HORSE_12A6D007217A5609,SAME_FAVOURITE,False,False,SAME_FAVOURITE
EIQ_RACE_BE111530FE3DDF23,EIQ_HORSE_09A5A068859F3557,2025,-0.16193853958305304,EIQ_HORSE_B8FC217B29FFE456,EIQ_HORSE_B8FC217B29FFE456,SAME_FAVOURITE,False,False,SAME_FAVOURITE
EIQ_RACE_BE144886050FCF81,EIQ_HORSE_E794327EDE2C3FD5,2024,0.038110643428320046,EIQ_HORSE_0A31AD7F83A41489,EIQ_HORSE_0A31AD7F83A41489,SAME_FAVOURITE,False,False,SAME_FAVOURITE
EIQ_RACE_BE26D82E7B7A076A,EIQ_HORSE_849C0728BA222E01,2021,-0.08835055722519947,EIQ_HORSE_8A047CCFBE579887,EIQ_HORSE_8A047CCFBE579887,SAME_FAVOURITE,False,False,SAME_FAVOURITE
EIQ_RACE_BE27ABFF1CAC7CA8,EIQ_HORSE_C4FCB3979A835BD7,2024,-0.02490844240336365,EIQ_HORSE_C4FCB3979A835BD7,EIQ_HORSE_4209AE75065F8D8F,CHALLENGER_CHANGED_FAVOURITE,True,False,STRICT_CORRECT_DROP_WRONG
EIQ_RACE_BE315E92A852C718,EIQ_HORSE_E9D64387A21DE993,2023,-0.11247778019383636,EIQ_HORSE_4ECF989D1CEC12CB,EIQ_HORSE_4ECF989D1CEC12CB,SAME_FAVOURITE,False,False,SAME_FAVOURITE
EIQ_RACE_BE36F60954684BC5,EIQ_HORSE_D52C8123D7B3878E,2026,-0.143519751990703,EIQ_HORSE_3619F252528D738B,EIQ_HORSE_3619F252528D738B,SAME_FAVOURITE,False,False,SAME_FAVOURITE
EIQ_RACE_BE436453E254935E,EIQ_HORSE_FA07785FA23E71CB,2026,0.023650287797682523,EIQ_HORSE_9C6F9A25F67111D2,EIQ_HORSE_9C6F9A25F67111D2,SAME_FAVOURITE,False,False,SAME_FAVOURITE
EIQ_RACE_BE45EE8FCA14527E,EIQ_HORSE_2405F1D647F751A9,2025,-0.056497766576426134,EIQ_HORSE_2405F1D647F751A9,EIQ_HORSE_4BA4081636483B1E,CHALLENGER_CHANGED_FAVOURITE,True,False,STRICT_CORRECT_DROP_WRONG
EIQ_RACE_BE46D84167BF7F32,EIQ_HORSE_0E0CC5D74A44D70E,2025,0.17916400418023182,EIQ_HORSE_0E0CC5D74A44D70E,EIQ_HORSE_0E0CC5D74A44D70E,SAME_FAVOURITE,True,True,SAME_FAVOURITE
EIQ_RACE_BE47B1A8150A22E6,EIQ_HORSE_777BE495CB7C0DA0,2023,0.023349228324229587,EIQ_HORSE_EF3768A927CC217F,EIQ_HORSE_777BE495CB7C0DA0,CHALLENGER_CHANGED_FAVOURITE,False,True,STRICT_WRONG_DROP_CORRECT
EIQ_RACE_BE485A707417E543,EIQ_HORSE_0180BB92B90645FD,2025,0.12291630772731255,EIQ_HORSE_2C20DE6D8BC6783B,EIQ_HORSE_84CBB12DCA382ED5,CHALLENGER_CHANGED_FAVOURITE,False,False,BOTH_WRONG
EIQ_RACE_BE55B5B4D7A9188A,EIQ_HORSE_B42A77684DC231EE,2024,-0.03177748896710075,EIQ_HORSE_B42A77684DC231EE,EIQ_HORSE_B42A77684DC231EE,SAME_FAVOURITE,True,True,SAME_FAVOURITE
EIQ_RACE_BE588AF89C88A0DF,EIQ_HORSE_ED77ACE002B8E9CD,2021,0.1860025205317708,EIQ_HORSE_D8BE0C475114B38D,EIQ_HORSE_9059BC9DD2285065,CHALLENGER_CHANGED_FAVOURITE,False,False,BOTH_WRONG
EIQ_RACE_BE795C73EB86A197,EIQ_HORSE_D7B4C4E6D7F69D25,2025,0.016089810615939282,EIQ_HORSE_6A55493317822E9D,EIQ_HORSE_6A55493317822E9D,SAME_FAVOURITE,False,False,SAME_FAVOURITE
EIQ_RACE_BE7DBD7017EFBAE8,EIQ_HORSE_02DEC0AA4E131E69,2026,0.013320280427099984,EIQ_HORSE_02DEC0AA4E131E69,EIQ_HORSE_02DEC0AA4E131E69,SAME_FAVOURITE,True,True,SAME_FAVOURITE
EIQ_RACE_BE87479A5B4177CE,EIQ_HORSE_E50D581CE83E598D,2022,-0.13193912143037334,EIQ_HORSE_D89A96B515D4A211,EIQ_HORSE_D89A96B515D4A211,SAME_FAVOURITE,False,False,SAME_FAVOURITE
EIQ_RACE_BE99F8AD97924799,EIQ_HORSE_9D63C363E3B6BC54,2023,-0.04409781134270396,EIQ_HORSE_6FDAE4C2053CA701,EIQ_HORSE_6FDAE4C2053CA701,SAME_FAVOURITE,False,False,SAME_FAVOURITE
EIQ_RACE_BEAAA36498792ACE,EIQ_HORSE_B5D08EB3D94CBE9C,2024,-0.03668265022020689,EIQ_HORSE_18BAB3AB2CFAC8ED,EIQ_HORSE_18BAB3AB2CFAC8ED,SAME_FAVOURITE,False,False,SAME_FAVOURITE
EIQ_RACE_BEB20B211EE5E0A7,EIQ_HORSE_46B0DF18FC56B7E9,2026,0.07966047525741526,EIQ_HORSE_46B0DF18FC56B7E9,EIQ_HORSE_46B0DF18FC56B7E9,SAME_FAVOURITE,True,True,SAME_FAVOURITE
EIQ_RACE_BEBC1C81ABC9ABFF,EIQ_HORSE_F5BB8EA38903A84E,2023,-0.015922660224620078,EIQ_HORSE_D182F4ECF5F53985,EIQ_HORSE_2D3FDE4EA0780194,CHALLENGER_CHANGED_FAVOURITE,False,False,BOTH_WRONG
EIQ_RACE_BEC1A2BBD1732D7C,EIQ_HORSE_AECE81D7F1C07920,2023,-0.036481702570485774,EIQ_HORSE_5B0A333B94DC8DCA,EIQ_HORSE_5B0A333B94DC8DCA,SAME_FAVOURITE,False,False,SAME_FAVOURITE
EIQ_RACE_BEC3B701853D5DCE,EIQ_HORSE_ADD83292BAD93B5D,2024,-0.045908092123771116,EIQ_HORSE_ADD83292BAD93B5D,EIQ_HORSE_ADD83292BAD93B5D,SAME_FAVOURITE,True,True,SAME_FAVOURITE
EIQ_RACE_BED467C2BF118568,EIQ_HORSE_B8671E1B78C64C60,2021,-0.1119216338839748,EIQ_HORSE_F893455953D95CFA,EIQ_HORSE_F893455953D95CFA,SAME_FAVOURITE,False,False,SAME_FAVOURITE
EIQ_RACE_BEEC1E8AF8D50C33,EIQ_HORSE_EC01992E2A6A55A6,2024,-0.05468847989490477,EIQ_HORSE_EC01992E2A6A55A6,EIQ_HORSE_EC01992E2A6A55A6,SAME_FAVOURITE,True,True,SAME_FAVOURITE
EIQ_RACE_BEFC2CC170B8FF69,EIQ_HORSE_BE11413B02FF0718,2024,-0.0013388190805980749,EIQ_HORSE_4EDF71504BA2CAD6,EIQ_HORSE_4EDF71504BA2CAD6,SAME_FAVOURITE,False,False,SAME_FAVOURITE
EIQ_RACE_BEFCE1A196637D6C,EIQ_HORSE_82BA3C3D259585C8,2021,-0.07568746614171795,EIQ_HORSE_7D84C562B43798D8,EIQ_HORSE_7D84C562B43798D8,SAME_FAVOURITE,False,False,SAME_FAVOURITE
EIQ_RACE_BF02DC45430654C8,EIQ_HORSE_41D21D6FF181863B,2023,0.04845153182803874,EIQ_HORSE_41D21D6FF181863B,EIQ_HORSE_41D21D6FF181863B,SAME_FAVOURITE,True,True,SAME_FAVOURITE
EIQ_RACE_BF0D51EF62EBB262,EIQ_HORSE_BFA397E2CA48F573,2021,-0.24963080674590765,EIQ_HORSE_941653003B3D46A7,EIQ_HORSE_941653003B3D46A7,SAME_FAVOURITE,False,False,SAME_FAVOURITE
EIQ_RACE_BF3BD82274E79C7D,EIQ_HORSE_C0ADFB67CCD4CDAB,2021,0.06836337460422737,EIQ_HORSE_37959D55CD25E179,EIQ_HORSE_37959D55CD25E179,SAME_FAVOURITE,False,False,SAME_FAVOURITE
EIQ_RACE_BF5D1270B6322E79,EIQ_HORSE_CDEF3C2B42EDEDD6,2023,0.07694054042830523,EIQ_HORSE_FF827D911AA2864B,EIQ_HORSE_FF827D911AA2864B,SAME_FAVOURITE,False,False,SAME_FAVOURITE
EIQ_RACE_BF66BFBFB3B34E67,EIQ_HORSE_DC4CEB7EA74D0FAE,2025,0.06458420203920223,EIQ_HORSE_D497B19321CFB48D,EIQ_HORSE_D497B19321CFB48D,SAME_FAVOURITE,False,False,SAME_FAVOURITE
EIQ_RACE_BF6E883228D9F9F3,EIQ_HORSE_C1190BBEFF18349D,2024,-0.03325886847184378,EIQ_HORSE_7268464A2C3BE3BF,EIQ_HORSE_7268464A2C3BE3BF,SAME_FAVOURITE,False,False,SAME_FAVOURITE
EIQ_RACE_BF75D8F6C466356F,EIQ_HORSE_9D172E3C8A3D3943,2025,-0.13742567736868017,EIQ_HORSE_9D172E3C8A3D3943,EIQ_HORSE_9D172E3C8A3D3943,SAME_FAVOURITE,True,True,SAME_FAVOURITE
EIQ_RACE_BF7DBEC51D54A1BB,EIQ_HORSE_0DBE20669F9C5998,2024,0.07377038987546669,EIQ_HORSE_070AC191046318B1,EIQ_HORSE_070AC191046318B1,SAME_FAVOURITE,False,False,SAME_FAVOURITE
EIQ_RACE_BF87E2569C5A8574,EIQ_HORSE_B0D5717455EA177B,2025,0.012719923029892666,EIQ_HORSE_48D11968844DE768,EIQ_HORSE_48D11968844DE768,SAME_FAVOURITE,False,False,SAME_FAVOURITE
EIQ_RACE_BF8906428B9B9317,EIQ_HORSE_05F27BA34AF94B80,2026,-0.07075292488036466,EIQ_HORSE_05F27BA34AF94B80,EIQ_HORSE_05F27BA34AF94B80,SAME_FAVOURITE,True,True,SAME_FAVOURITE
EIQ_RACE_BF92DB0BD8BD3EDB,EIQ_HORSE_FBFD4DEC652754C3,2025,-0.02727940018746189,EIQ_HORSE_AD837A8ABB59DB91,EIQ_HORSE_4BA4081636483B1E,CHALLENGER_CHANGED_FAVOURITE,False,False,BOTH_WRONG
EIQ_RACE_BF95A89E7B701CEE,EIQ_HORSE_60117A3A6AC01B4C,2025,-0.041689110792937134,EIQ_HORSE_F0731D5BC8D2451E,EIQ_HORSE_F0731D5BC8D2451E,SAME_FAVOURITE,False,False,SAME_FAVOURITE
EIQ_RACE_BF9CC0409B19AFEF,EIQ_HORSE_4FA45D1EE1FD2C88,2022,0.018780413144537933,EIQ_HORSE_F396BEF07233B2CC,EIQ_HORSE_F396BEF07233B2CC,SAME_FAVOURITE,False,False,SAME_FAVOURITE
EIQ_RACE_BFD049914A1AE867,EIQ_HORSE_C456AA92791B4174,2021,-0.041582983906001125,EIQ_HORSE_A5D67EECC9A2713E,EIQ_HORSE_10BB890ACA12F62C,CHALLENGER_CHANGED_FAVOURITE,False,False,BOTH_WRONG
EIQ_RACE_BFDFC2A84C46C816,EIQ_HORSE_339D8E108F96B72F,2024,0.058165827231648315,EIQ_HORSE_339D8E108F96B72F,EIQ_HORSE_339D8E108F96B72F,SAME_FAVOURITE,True,True,SAME_FAVOURITE
EIQ_RACE_BFEFA9A0D7CBA2D7,EIQ_HORSE_4448D791EE49E9AF,2024,-0.005858559693839638,EIQ_HORSE_BE292B447E5B1E67,EIQ_HORSE_BE292B447E5B1E67,SAME_FAVOURITE,False,False,SAME_FAVOURITE
EIQ_RACE_BFF48E2DF47F5F22,EIQ_HORSE_5373CB80AA368536,2021,-0.00310321578286743,EIQ_HORSE_49404637B42CD758,EIQ_HORSE_49404637B42CD758,SAME_FAVOURITE,False,False,SAME_FAVOURITE
EIQ_RACE_BFF6341E906EB6C4,EIQ_HORSE_92295A9DBEE27C01,2023,0.051641286782466045,EIQ_HORSE_5C5345DE49B7313F,EIQ_HORSE_5C5345DE49B7313F,SAME_FAVOURITE,False,False,SAME_FAVOURITE
EIQ_RACE_C00887D15CEC9460,EIQ_HORSE_C90BCCC2833B0507,2026,0.08647556070885498,EIQ_HORSE_7AE23E7204BFE824,EIQ_HORSE_7AE23E7204BFE824,SAME_FAVOURITE,False,False,SAME_FAVOURITE
EIQ_RACE_C00EEA6550C5022C,EIQ_HORSE_D8CACA3DFEC5F457,2026,0.27065311142618986,EIQ_HORSE_5078617B8A830508,EIQ_HORSE_5078617B8A830508,SAME_FAVOURITE,False,False,SAME_FAVOURITE
EIQ_RACE_C013CF40DBA0B66C,EIQ_HORSE_A0DD2B5DBC87368C,2023,-0.049961169122962,EIQ_HORSE_B5776BE178361B9C,EIQ_HORSE_B5776BE178361B9C,SAME_FAVOURITE,False,False,SAME_FAVOURITE
EIQ_RACE_C02F0EF9B7A65429,EIQ_HORSE_6FEB5A6E4470424D,2024,0.02480493208283452,EIQ_HORSE_2405F1D647F751A9,EIQ_HORSE_2405F1D647F751A9,SAME_FAVOURITE,False,False,SAME_FAVOURITE
EIQ_RACE_C02FEEE655F8F4F9,EIQ_HORSE_3148D86C49843A73,2024,-0.009826005623915002,EIQ_HORSE_8C49D287B8A02502,EIQ_HORSE_8C49D287B8A02502,SAME_FAVOURITE,False,False,SAME_FAVOURITE
EIQ_RACE_C03126817B815D87,EIQ_HORSE_E2863DF5FF024EF8,2023,-0.2870449478271868,EIQ_HORSE_E2863DF5FF024EF8,EIQ_HORSE_CE8458550786081D,CHALLENGER_CHANGED_FAVOURITE,True,False,STRICT_CORRECT_DROP_WRONG
EIQ_RACE_C033073E86676F97,EIQ_HORSE_0BBF1241C3AF903E,2022,-0.01454169730577326,EIQ_HORSE_5259DC846A793026,EIQ_HORSE_5259DC846A793026,SAME_FAVOURITE,False,False,SAME_FAVOURITE
EIQ_RACE_C0339315974B5D4D,EIQ_HORSE_B55ECA51AF9DFB26,2021,0.08173290116449028,EIQ_HORSE_78CC8466C37A80BF,EIQ_HORSE_78CC8466C37A80BF,SAME_FAVOURITE,False,False,SAME_FAVOURITE
EIQ_RACE_C03875B642C5311E,EIQ_HORSE_F955884CE04B2839,2021,-0.22918086860713105,EIQ_HORSE_32ADB5E4DC8A5600,EIQ_HORSE_32ADB5E4DC8A5600,SAME_FAVOURITE,False,False,SAME_FAVOURITE
EIQ_RACE_C045BCCABFF27DC1,EIQ_HORSE_BAE1B519805F4A01,2021,-0.026732846412538924,EIQ_HORSE_BD9F73870895F270,EIQ_HORSE_BD9F73870895F270,SAME_FAVOURITE,False,False,SAME_FAVOURITE
EIQ_RACE_C04A57485C518080,EIQ_HORSE_01DA0E29410ED68C,2022,-0.07549103136937463,EIQ_HORSE_FBD9209BC3F98FDC,EIQ_HORSE_FBD9209BC3F98FDC,SAME_FAVOURITE,False,False,SAME_FAVOURITE
EIQ_RACE_C04FDC98901993D2,EIQ_HORSE_36CC4894176D1B1F,2023,-0.12279960400370582,EIQ_HORSE_36CC4894176D1B1F,EIQ_HORSE_36CC4894176D1B1F,SAME_FAVOURITE,True,True,SAME_FAVOURITE
EIQ_RACE_C0587DACA81216BE,EIQ_HORSE_CA9F76179F845DF1,2025,0.0588889804275432,EIQ_HORSE_CA9F76179F845DF1,EIQ_HORSE_CA9F76179F845DF1,SAME_FAVOURITE,True,True,SAME_FAVOURITE
EIQ_RACE_C06981F59D36B375,EIQ_HORSE_BA4E24231C690E05,2025,0.08645572759646658,EIQ_HORSE_16BCB192B942762F,EIQ_HORSE_16BCB192B942762F,SAME_FAVOURITE,False,False,SAME_FAVOURITE
EIQ_RACE_C081EE0CC49216F9,EIQ_HORSE_560D3BD9219B1FC3,2021,-0.026394506452658728,EIQ_HORSE_ED0241B9CE069EDD,EIQ_HORSE_ED0241B9CE069EDD,SAME_FAVOURITE,False,False,SAME_FAVOURITE
EIQ_RACE_C09544CE5AFAC19A,EIQ_HORSE_3B86703A1DEC9317,2021,-0.2071977141584065,EIQ_HORSE_3B86703A1DEC9317,EIQ_HORSE_3B86703A1DEC9317,SAME_FAVOURITE,True,True,SAME_FAVOURITE
EIQ_RACE_C09776F485965DC9,EIQ_HORSE_20285B11543D8628,2021,0.03973932303572325,EIQ_HORSE_6E0389E28AD846F1,EIQ_HORSE_6E0389E28AD846F1,SAME_FAVOURITE,False,False,SAME_FAVOURITE
EIQ_RACE_C0A07D613C0C9C84,EIQ_HORSE_A3F2E2B4E18627D4,2024,-0.045672724516493846,EIQ_HORSE_490395C2AB9C359C,EIQ_HORSE_490395C2AB9C359C,SAME_FAVOURITE,False,False,SAME_FAVOURITE
EIQ_RACE_C0A681393CEF4166,EIQ_HORSE_35179EEBAFB49886,2021,-0.0600570791039452,EIQ_HORSE_35179EEBAFB49886,EIQ_HORSE_35179EEBAFB49886,SAME_FAVOURITE,True,True,SAME_FAVOURITE
EIQ_RACE_C0AC38A27DA48BE8,EIQ_HORSE_FFCDB204FF8AC090,2025,0.058746534260913474,EIQ_HORSE_1847A73363C544D7,EIQ_HORSE_1847A73363C544D7,SAME_FAVOURITE,False,False,SAME_FAVOURITE
EIQ_RACE_C0B696B3721FC587,EIQ_HORSE_191E5C613184EDB0,2022,0.0665502430892495,EIQ_HORSE_4DB6DBBC52EA0E24,EIQ_HORSE_4DB6DBBC52EA0E24,SAME_FAVOURITE,False,False,SAME_FAVOURITE
EIQ_RACE_C0BEAF3A6B2E8F16,EIQ_HORSE_E93F33BEED7F606E,2021,0.015181995988639674,EIQ_HORSE_6B797280AC1A4946,EIQ_HORSE_6B797280AC1A4946,SAME_FAVOURITE,False,False,SAME_FAVOURITE
EIQ_RACE_C0C82446CDE80AEA,EIQ_HORSE_A720F1349B2FD5FF,2023,-0.10042103562950722,EIQ_HORSE_849B5600961D603D,EIQ_HORSE_849B5600961D603D,SAME_FAVOURITE,False,False,SAME_FAVOURITE
EIQ_RACE_C0EA55F1FE775957,EIQ_HORSE_C6CD9D62614439F4,2024,0.04329280534984514,EIQ_HORSE_379E1CB6BE3A9CD0,EIQ_HORSE_C6CD9D62614439F4,CHALLENGER_CHANGED_FAVOURITE,False,True,STRICT_WRONG_DROP_CORRECT
EIQ_RACE_C0ED3E2B4433755C,EIQ_HORSE_536D37C52208FA85,2026,0.1256914261448845,EIQ_HORSE_7FAB46084F2CE0D8,EIQ_HORSE_7FAB46084F2CE0D8,SAME_FAVOURITE,False,False,SAME_FAVOURITE
EIQ_RACE_C10C4133F443AD1D,EIQ_HORSE_8F33A33EEFE85B4B,2024,0.020185083595814834,EIQ_HORSE_8FA103BD6AA198C0,EIQ_HORSE_8FA103BD6AA198C0,SAME_FAVOURITE,False,False,SAME_FAVOURITE
EIQ_RACE_C1237A3AC1E737D3,EIQ_HORSE_BCE8153B4DC0E065,2024,-0.05858986816476408,EIQ_HORSE_3C765BDC986B7193,EIQ_HORSE_3C765BDC986B7193,SAME_FAVOURITE,False,False,SAME_FAVOURITE
EIQ_RACE_C124EAB05EEA03C3,EIQ_HORSE_9BCD653391BE0928,2023,-0.07094183400105325,EIQ_HORSE_9BCD653391BE0928,EIQ_HORSE_9BCD653391BE0928,SAME_FAVOURITE,True,True,SAME_FAVOURITE
EIQ_RACE_C12C8E353E5C19D5,EIQ_HORSE_74525316A2915CD9,2024,-0.022305755277927553,EIQ_HORSE_74525316A2915CD9,EIQ_HORSE_74525316A2915CD9,SAME_FAVOURITE,True,True,SAME_FAVOURITE
EIQ_RACE_C12EB12C5639B9AE,EIQ_HORSE_F7D488FCB58F75FD,2024,0.061520933938961964,EIQ_HORSE_7D55A4859BE244EF,EIQ_HORSE_7D55A4859BE244EF,SAME_FAVOURITE,False,False,SAME_FAVOURITE
EIQ_RACE_C131EFEF8833174D,EIQ_HORSE_2F8E8BE36B6AFE8D,2024,-0.02556511335397582,EIQ_HORSE_ADE056A14C4CF26E,EIQ_HORSE_ADE056A14C4CF26E,SAME_FAVOURITE,False,False,SAME_FAVOURITE
EIQ_RACE_C1354E74F93568F5,EIQ_HORSE_4E86F31027EDB684,2021,0.04654881250409426,EIQ_HORSE_4E86F31027EDB684,EIQ_HORSE_4E86F31027EDB684,SAME_FAVOURITE,True,True,SAME_FAVOURITE
EIQ_RACE_C1376EB3895B07C1,EIQ_HORSE_8AD4A5784372EDBA,2024,-0.029319256296994167,EIQ_HORSE_5640AF383EC20765,EIQ_HORSE_5640AF383EC20765,SAME_FAVOURITE,False,False,SAME_FAVOURITE
EIQ_RACE_C138F43AAF2E5854,EIQ_HORSE_F0BF24ABCC75FC09,2025,0.19846597047789416,EIQ_HORSE_447BF074C25E4D7C,EIQ_HORSE_447BF074C25E4D7C,SAME_FAVOURITE,False,False,SAME_FAVOURITE
EIQ_RACE_C143C196920E6528,EIQ_HORSE_F24BADF05275AE73,2021,-0.1392217411745409,EIQ_HORSE_F10CA7B5C2719F3B,EIQ_HORSE_B9F72B7C6EEE84AC,CHALLENGER_CHANGED_FAVOURITE,False,False,BOTH_WRONG
EIQ_RACE_C14EAAB8D27EA8BA,EIQ_HORSE_B3B40DC6CDA42EEB,2021,0.14990563711056937,EIQ_HORSE_9F3E7560AE40753D,EIQ_HORSE_B3B40DC6CDA42EEB,CHALLENGER_CHANGED_FAVOURITE,False,True,STRICT_WRONG_DROP_CORRECT
EIQ_RACE_C157677A75B95B6C,EIQ_HORSE_7F8C924A3DD6306F,2021,-0.040682848055354714,EIQ_HORSE_313DB680A23A8EA1,EIQ_HORSE_313DB680A23A8EA1,SAME_FAVOURITE,False,False,SAME_FAVOURITE
EIQ_RACE_C15F762D0123CF65,EIQ_HORSE_2FF4A862B29DBEEC,2021,-0.21657253037825597,EIQ_HORSE_2FF4A862B29DBEEC,EIQ_HORSE_FED7F1CCD608D0F4,CHALLENGER_CHANGED_FAVOURITE,True,False,STRICT_CORRECT_DROP_WRONG
EIQ_RACE_C1623ED9B840C06D,EIQ_HORSE_E8239A2920BFB0A1,2021,-0.027174394169791283,EIQ_HORSE_E8239A2920BFB0A1,EIQ_HORSE_E8239A2920BFB0A1,SAME_FAVOURITE,True,True,SAME_FAVOURITE
EIQ_RACE_C16F167953957A19,EIQ_HORSE_1A246EE724190689,2023,0.13778873955035165,EIQ_HORSE_76CB68FFFC6FF7EB,EIQ_HORSE_76CB68FFFC6FF7EB,SAME_FAVOURITE,False,False,SAME_FAVOURITE
EIQ_RACE_C18E115B4012FA24,EIQ_HORSE_BBD095E6E26CD270,2021,0.06038468587588519,EIQ_HORSE_BBD095E6E26CD270,EIQ_HORSE_BBD095E6E26CD270,SAME_FAVOURITE,True,True,SAME_FAVOURITE
EIQ_RACE_C196ED2B33553CC0,EIQ_HORSE_DF7D9BD6ABECA259,2023,-0.0903293664690068,EIQ_HORSE_DF7D9BD6ABECA259,EIQ_HORSE_39D66DB865FA05B9,CHALLENGER_CHANGED_FAVOURITE,True,False,STRICT_CORRECT_DROP_WRONG
EIQ_RACE_C19F9468A6373E2B,EIQ_HORSE_0643C84205020FDA,2023,-0.0021632359724650385,EIQ_HORSE_242B6F7243C4B4D1,EIQ_HORSE_242B6F7243C4B4D1,SAME_FAVOURITE,False,False,SAME_FAVOURITE
EIQ_RACE_C1AD880243D95503,EIQ_HORSE_651C5C977FFB7937,2026,0.005624959378349503,EIQ_HORSE_3D0DA027AB8B2BE2,EIQ_HORSE_09AF6ED906D0E4FF,CHALLENGER_CHANGED_FAVOURITE,False,False,BOTH_WRONG
EIQ_RACE_C1ADEDF7C8CE3E12,EIQ_HORSE_AB7084E866DCBC2F,2021,0.050108024915181515,EIQ_HORSE_AB7084E866DCBC2F,EIQ_HORSE_AB7084E866DCBC2F,SAME_FAVOURITE,True,True,SAME_FAVOURITE
EIQ_RACE_C1AFA3802B49633D,EIQ_HORSE_E4E55A074CB56231,2023,-0.05882355489798052,EIQ_HORSE_E4E55A074CB56231,EIQ_HORSE_E4E55A074CB56231,SAME_FAVOURITE,True,True,SAME_FAVOURITE
EIQ_RACE_C1D4175962AFF187,EIQ_HORSE_F4EA48FA69A11529,2024,0.09868741561022687,EIQ_HORSE_F4EA48FA69A11529,EIQ_HORSE_F4EA48FA69A11529,SAME_FAVOURITE,True,True,SAME_FAVOURITE
EIQ_RACE_C1DEFA4BA352BA75,EIQ_HORSE_287429B1864B187F,2024,-0.06942470031494952,EIQ_HORSE_5B082C2D46305B68,EIQ_HORSE_5B082C2D46305B68,SAME_FAVOURITE,False,False,SAME_FAVOURITE
EIQ_RACE_C1FAADC257BE4F80,EIQ_HORSE_0FF91259A9C7A015,2025,-0.014356034890954383,EIQ_HORSE_0FF91259A9C7A015,EIQ_HORSE_0FF91259A9C7A015,SAME_FAVOURITE,True,True,SAME_FAVOURITE
EIQ_RACE_C20313B98B170EEA,EIQ_HORSE_B79688791ABFC169,2021,0.019855753057759884,EIQ_HORSE_B79688791ABFC169,EIQ_HORSE_B79688791ABFC169,SAME_FAVOURITE,True,True,SAME_FAVOURITE
EIQ_RACE_C205EE2E6F934C25,EIQ_HORSE_8F13A2E29869065E,2025,-0.02334131224627023,EIQ_HORSE_8F13A2E29869065E,EIQ_HORSE_8F13A2E29869065E,SAME_FAVOURITE,True,True,SAME_FAVOURITE
EIQ_RACE_C20AE5C8E604AD8A,EIQ_HORSE_828BC50547643D9C,2021,-0.09613415942476955,EIQ_HORSE_08881BE9AA73AC54,EIQ_HORSE_08881BE9AA73AC54,SAME_FAVOURITE,False,False,SAME_FAVOURITE
EIQ_RACE_C21D9D172BD8DB3C,EIQ_HORSE_7B28FFBC6ADB4F3C,2022,0.033120457845911444,EIQ_HORSE_BAE1B519805F4A01,EIQ_HORSE_7B28FFBC6ADB4F3C,CHALLENGER_CHANGED_FAVOURITE,False,True,STRICT_WRONG_DROP_CORRECT
EIQ_RACE_C23194FD115375C8,EIQ_HORSE_5849467E108A52AC,2021,0.1452409569033617,EIQ_HORSE_B55F4DB1D2DCA8A7,EIQ_HORSE_B55F4DB1D2DCA8A7,SAME_FAVOURITE,False,False,SAME_FAVOURITE
EIQ_RACE_C23698560F8AB2BB,EIQ_HORSE_1CA94E1E6029F027,2024,0.04698215342735845,EIQ_HORSE_1CA94E1E6029F027,EIQ_HORSE_1CA94E1E6029F027,SAME_FAVOURITE,True,True,SAME_FAVOURITE
EIQ_RACE_C2451B24DF4B7638,EIQ_HORSE_5D5DBC70D02D9514,2025,0.017217534317880645,EIQ_HORSE_2D782B8954F13852,EIQ_HORSE_2D782B8954F13852,SAME_FAVOURITE,False,False,SAME_FAVOURITE
EIQ_RACE_C2570A7D4B7AD992,EIQ_HORSE_3AA0A9F318AE2FE7,2022,0.016820536347585513,EIQ_HORSE_4948D102FCBA539E,EIQ_HORSE_4948D102FCBA539E,SAME_FAVOURITE,False,False,SAME_FAVOURITE
EIQ_RACE_C259121633BE7E86,EIQ_HORSE_3B0F1A4DCAEAC1D4,2021,0.14115313550943398,EIQ_HORSE_6EE8CF27231BE239,EIQ_HORSE_DF1FD0270EFD253B,CHALLENGER_CHANGED_FAVOURITE,False,False,BOTH_WRONG
EIQ_RACE_C25DFEE78B6B6E68,EIQ_HORSE_892BE0FEEC6CAF71,2024,0.013941391638855993,EIQ_HORSE_892BE0FEEC6CAF71,EIQ_HORSE_892BE0FEEC6CAF71,SAME_FAVOURITE,True,True,SAME_FAVOURITE
EIQ_RACE_C262C8010C2CD633,EIQ_HORSE_1DF192ED3E0B2FBB,2025,0.09111660134541433,EIQ_HORSE_1E58FC5F26119880,EIQ_HORSE_1E58FC5F26119880,SAME_FAVOURITE,False,False,SAME_FAVOURITE
EIQ_RACE_C26B0EF9780E101B,EIQ_HORSE_74EEF8B54BAFC2CD,2023,0.12313665449886857,EIQ_HORSE_051A68E058E6375E,EIQ_HORSE_051A68E058E6375E,SAME_FAVOURITE,False,False,SAME_FAVOURITE
EIQ_RACE_C2721C049FC23C4C,EIQ_HORSE_9AEFF9CC8D50DBE9,2025,0.0397670767524132,EIQ_HORSE_96722F1FDCA2B481,EIQ_HORSE_89AF52D0AC185950,CHALLENGER_CHANGED_FAVOURITE,False,False,BOTH_WRONG
EIQ_RACE_C272C1514E71F322,EIQ_HORSE_CCC2B041CB4F8B52,2023,0.1981101455178178,EIQ_HORSE_9008AC3D8A8685F3,EIQ_HORSE_CCC2B041CB4F8B52,CHALLENGER_CHANGED_FAVOURITE,False,True,STRICT_WRONG_DROP_CORRECT
EIQ_RACE_C27ACF0BDC78C635,EIQ_HORSE_869FA02F6237BD5F,2021,0.06586436159193121,EIQ_HORSE_869FA02F6237BD5F,EIQ_HORSE_869FA02F6237BD5F,SAME_FAVOURITE,True,True,SAME_FAVOURITE
EIQ_RACE_C28308606F5F9D37,EIQ_HORSE_3B6B77726942C491,2024,-0.09677366065567039,EIQ_HORSE_7ABAD0F68D92F4AF,EIQ_HORSE_C106BF4AFF15FE38,CHALLENGER_CHANGED_FAVOURITE,False,False,BOTH_WRONG
EIQ_RACE_C286C044488A64DC,EIQ_HORSE_4BC48ECFBE673035,2023,0.1693332980083897,EIQ_HORSE_F239989BF4D6BEE4,EIQ_HORSE_F239989BF4D6BEE4,SAME_FAVOURITE,False,False,SAME_FAVOURITE
EIQ_RACE_C28FF25F7EF5BBB4,EIQ_HORSE_864BD28B2B49180F,2026,0.0983065653524473,EIQ_HORSE_8DA7C82940166760,EIQ_HORSE_8DA7C82940166760,SAME_FAVOURITE,False,False,SAME_FAVOURITE
EIQ_RACE_C29D90B9EB351D18,EIQ_HORSE_8062B1AF49EE1A20,2024,-0.04129308814986388,EIQ_HORSE_CEC0457D94BAF797,EIQ_HORSE_CEC0457D94BAF797,SAME_FAVOURITE,False,False,SAME_FAVOURITE
EIQ_RACE_C29FA19D2541BF4C,EIQ_HORSE_5648B45EB5D8EE28,2022,-0.11068360406965283,EIQ_HORSE_5FFE50E43F6A42BE,EIQ_HORSE_5FFE50E43F6A42BE,SAME_FAVOURITE,False,False,SAME_FAVOURITE
EIQ_RACE_C2A6B8BC15605005,EIQ_HORSE_56431FE5935A6CD7,2025,0.07928984964257646,EIQ_HORSE_7B0F2D4AED778D56,EIQ_HORSE_7143CC5A2B9610E4,CHALLENGER_CHANGED_FAVOURITE,False,False,BOTH_WRONG
EIQ_RACE_C2AD69544BD54462,EIQ_HORSE_DCBC5247F6F9F497,2026,0.009280318413187993,EIQ_HORSE_DCBC5247F6F9F497,EIQ_HORSE_DCBC5247F6F9F497,SAME_FAVOURITE,True,True,SAME_FAVOURITE
EIQ_RACE_C2B4B830A3002F84,EIQ_HORSE_C1D0E427BD057F08,2026,-0.10422340441931821,EIQ_HORSE_C1D0E427BD057F08,EIQ_HORSE_BA168CCCC33F1BEF,CHALLENGER_CHANGED_FAVOURITE,True,False,STRICT_CORRECT_DROP_WRONG
EIQ_RACE_C2B525AA6496FA5E,EIQ_HORSE_A283287BC95F1F1D,2021,-0.16774555934982516,EIQ_HORSE_73A7AC016E70F277,EIQ_HORSE_73A7AC016E70F277,SAME_FAVOURITE,False,False,SAME_FAVOURITE
EIQ_RACE_C2B8C794710CC35D,EIQ_HORSE_A422F952ACE489C8,2023,0.15861009304393492,EIQ_HORSE_A44472E389890195,EIQ_HORSE_A44472E389890195,SAME_FAVOURITE,False,False,SAME_FAVOURITE
EIQ_RACE_C2BDF04742A0A108,EIQ_HORSE_257BEB2C505B4962,2021,0.09523524623046553,EIQ_HORSE_CB6490E9009AC4B7,EIQ_HORSE_8CEA910696A33C29,CHALLENGER_CHANGED_FAVOURITE,False,False,BOTH_WRONG
EIQ_RACE_C2C3C7152A9AF026,EIQ_HORSE_EECEF9C49ED9BD5B,2023,-0.022314674968824777,EIQ_HORSE_EECEF9C49ED9BD5B,EIQ_HORSE_EECEF9C49ED9BD5B,SAME_FAVOURITE,True,True,SAME_FAVOURITE
EIQ_RACE_C2E7C670A53A676F,EIQ_HORSE_EED2E9A4477E17F4,2026,0.04830364904823714,EIQ_HORSE_46E4D247EC43688A,EIQ_HORSE_46E4D247EC43688A,SAME_FAVOURITE,False,False,SAME_FAVOURITE
EIQ_RACE_C2EA83E1A90AD919,EIQ_HORSE_B1AADA3C6DCFB756,2023,0.06261433413377193,EIQ_HORSE_26F6D1D501F32A59,EIQ_HORSE_26F6D1D501F32A59,SAME_FAVOURITE,False,False,SAME_FAVOURITE
EIQ_RACE_C3009FF5E1652B49,EIQ_HORSE_9F23ECEE43492083,2021,-0.10519715311920108,EIQ_HORSE_32A3CFBA2CC2302B,EIQ_HORSE_32A3CFBA2CC2302B,SAME_FAVOURITE,False,False,SAME_FAVOURITE
EIQ_RACE_C31CF4C003C6DC52,EIQ_HORSE_B8C15E68C050C24E,2026,-0.05426546947432831,EIQ_HORSE_69C8F5C21406F5F2,EIQ_HORSE_69C8F5C21406F5F2,SAME_FAVOURITE,False,False,SAME_FAVOURITE
EIQ_RACE_C3382D95F4961C82,EIQ_HORSE_216D276BF2D5D5BC,2023,0.04797388952881132,EIQ_HORSE_27F34D8276E0074A,EIQ_HORSE_27F34D8276E0074A,SAME_FAVOURITE,False,False,SAME_FAVOURITE
EIQ_RACE_C338F9159526A2F3,EIQ_HORSE_7E2C6A9361FADB2D,2024,0.10244049101563779,EIQ_HORSE_2E44FF7E46414DF2,EIQ_HORSE_2E44FF7E46414DF2,SAME_FAVOURITE,False,False,SAME_FAVOURITE
EIQ_RACE_C33DCC85B3616CD9,EIQ_HORSE_681F56BCBFED6CDE,2024,-0.02540839799476169,EIQ_HORSE_02EA58191133FDF8,EIQ_HORSE_02EA58191133FDF8,SAME_FAVOURITE,False,False,SAME_FAVOURITE
EIQ_RACE_C33F79C54972BCA3,EIQ_HORSE_F06F25B52428000F,2025,-0.1360174760334023,EIQ_HORSE_CF7B8F599913E808,EIQ_HORSE_8776B785A54485AC,CHALLENGER_CHANGED_FAVOURITE,False,False,BOTH_WRONG
EIQ_RACE_C34492E91A61EAF1,EIQ_HORSE_814F8AE3FD34E5FE,2025,0.014509393830976602,EIQ_HORSE_DC1149FAB293C10D,EIQ_HORSE_DC1149FAB293C10D,SAME_FAVOURITE,False,False,SAME_FAVOURITE
EIQ_RACE_C34EC7A5C2666ECF,EIQ_HORSE_056596EB295C4712,2026,0.0017946986408770016,EIQ_HORSE_056596EB295C4712,EIQ_HORSE_056596EB295C4712,SAME_FAVOURITE,True,True,SAME_FAVOURITE
EIQ_RACE_C367898306DB4085,EIQ_HORSE_DCA8948A5B4C5D88,2025,0.033935045606676706,EIQ_HORSE_C10AF6C3672C2D8F,EIQ_HORSE_C10AF6C3672C2D8F,SAME_FAVOURITE,False,False,SAME_FAVOURITE
EIQ_RACE_C373D0055A684D27,EIQ_HORSE_CE4EF231A2204AD3,2026,0.030336482581261315,EIQ_HORSE_1BAB1813C9EBEFF6,EIQ_HORSE_1BAB1813C9EBEFF6,SAME_FAVOURITE,False,False,SAME_FAVOURITE
EIQ_RACE_C37EEA779A1A406E,EIQ_HORSE_723AA92027A121BF,2026,-0.048556465117172376,EIQ_HORSE_19F1027E4DAD07F8,EIQ_HORSE_CDBE9D70DA29AD02,CHALLENGER_CHANGED_FAVOURITE,False,False,BOTH_WRONG
EIQ_RACE_C396EC7340F79812,EIQ_HORSE_30DC33AD8AC5B396,2025,0.09346302687538088,EIQ_HORSE_9EEDAAA8826D30F3,EIQ_HORSE_9EEDAAA8826D30F3,SAME_FAVOURITE,False,False,SAME_FAVOURITE
EIQ_RACE_C3A8F6BBE5BEE298,EIQ_HORSE_10B681CA5E451570,2025,0.15244254924508005,EIQ_HORSE_9C58B14AA423340A,EIQ_HORSE_9C58B14AA423340A,SAME_FAVOURITE,False,False,SAME_FAVOURITE
EIQ_RACE_C3B7D68CAF83F756,EIQ_HORSE_CDCE1CC856556376,2024,0.027216799624577348,EIQ_HORSE_CDCE1CC856556376,EIQ_HORSE_CDCE1CC856556376,SAME_FAVOURITE,True,True,SAME_FAVOURITE
EIQ_RACE_C3B8AC998DCC5D0B,EIQ_HORSE_F78618AAADDA9B15,2023,-0.01744901522043929,EIQ_HORSE_F78618AAADDA9B15,EIQ_HORSE_F78618AAADDA9B15,SAME_FAVOURITE,True,True,SAME_FAVOURITE
EIQ_RACE_C3B92F65B801594D,EIQ_HORSE_EE4E3FA4BB86ABC8,2025,-0.04228561991531077,EIQ_HORSE_A794F22BA34135E8,EIQ_HORSE_A794F22BA34135E8,SAME_FAVOURITE,False,False,SAME_FAVOURITE
EIQ_RACE_C3C1900D77EEFB11,EIQ_HORSE_93551E454F240424,2021,-0.06454801434872404,EIQ_HORSE_BBD01CDEEA653F27,EIQ_HORSE_BBD01CDEEA653F27,SAME_FAVOURITE,False,False,SAME_FAVOURITE
EIQ_RACE_C3D9892374753D0D,EIQ_HORSE_ED24EA7C0C40B094,2025,0.10160874834749833,EIQ_HORSE_B0D5717455EA177B,EIQ_HORSE_B0D5717455EA177B,SAME_FAVOURITE,False,False,SAME_FAVOURITE
EIQ_RACE_C3DA845D3D99738B,EIQ_HORSE_2A486EFCF48C630E,2025,0.08499405445094155,EIQ_HORSE_B4195E514F2A7E71,EIQ_HORSE_15382B67BD6FA43A,CHALLENGER_CHANGED_FAVOURITE,False,False,BOTH_WRONG
EIQ_RACE_C3E12B032ED9D014,EIQ_HORSE_BB00B2CD472F4D6F,2021,-0.027515280501703376,EIQ_HORSE_BB00B2CD472F4D6F,EIQ_HORSE_BB00B2CD472F4D6F,SAME_FAVOURITE,True,True,SAME_FAVOURITE
EIQ_RACE_C3F6A9AF4C311B45,EIQ_HORSE_E1A45ED481CE6586,2024,0.2745080746642288,EIQ_HORSE_E365C7D5831901CF,EIQ_HORSE_E365C7D5831901CF,SAME_FAVOURITE,False,False,SAME_FAVOURITE
EIQ_RACE_C4095FC8E8918ECF,EIQ_HORSE_E9BDB804E199F9AD,2023,0.13882198142462077,EIQ_HORSE_1D73EAF65DBA6B4E,EIQ_HORSE_1D73EAF65DBA6B4E,SAME_FAVOURITE,False,False,SAME_FAVOURITE
EIQ_RACE_C42A009123FD0A41,EIQ_HORSE_1579EAAA81A72D80,2021,-0.08190733573380804,EIQ_HORSE_7372A9E9AD4F8597,EIQ_HORSE_7372A9E9AD4F8597,SAME_FAVOURITE,False,False,SAME_FAVOURITE
EIQ_RACE_C43FBE3952BAB86A,EIQ_HORSE_C2736E3B50657148,2025,-0.027657303043607584,EIQ_HORSE_991746FE02C09D09,EIQ_HORSE_991746FE02C09D09,SAME_FAVOURITE,False,False,SAME_FAVOURITE
EIQ_RACE_C45254FC4E45F38C,EIQ_HORSE_11266CF46D7FB532,2023,0.09413812662702092,EIQ_HORSE_DB8A038A4F86FB4F,EIQ_HORSE_DB8A038A4F86FB4F,SAME_FAVOURITE,False,False,SAME_FAVOURITE
EIQ_RACE_C455D2CE59716063,EIQ_HORSE_DFC27C805FC75F96,2021,0.2240317773922127,EIQ_HORSE_96757CFE86F9EB74,EIQ_HORSE_96757CFE86F9EB74,SAME_FAVOURITE,False,False,SAME_FAVOURITE
EIQ_RACE_C45C35124F4060DB,EIQ_HORSE_FE04C381F881CB1C,2021,-0.05645901064500358,EIQ_HORSE_2FB8192D1F6ABA1F,EIQ_HORSE_5A18EA4777B2DC86,CHALLENGER_CHANGED_FAVOURITE,False,False,BOTH_WRONG
EIQ_RACE_C45DE14E1B24C2DD,EIQ_HORSE_3D68A4DACC3B0952,2024,0.16722830417296075,EIQ_HORSE_2E44FF7E46414DF2,EIQ_HORSE_2E44FF7E46414DF2,SAME_FAVOURITE,False,False,SAME_FAVOURITE
EIQ_RACE_C4614872A32AE22A,EIQ_HORSE_F85A5BB9644B550C,2021,0.16285287951537786,EIQ_HORSE_F85A5BB9644B550C,EIQ_HORSE_F85A5BB9644B550C,SAME_FAVOURITE,True,True,SAME_FAVOURITE
EIQ_RACE_C463AF25B1A6B0BE,EIQ_HORSE_B871AE71CFA65CC5,2021,-0.1312389172163464,EIQ_HORSE_E31FCBE033DA38D3,EIQ_HORSE_5B7B7D3449B88811,CHALLENGER_CHANGED_FAVOURITE,False,False,BOTH_WRONG
EIQ_RACE_C466A934792D593B,EIQ_HORSE_CE9227DF2B4A7F3C,2022,0.07700260270014891,EIQ_HORSE_ABC86DE4631C944E,EIQ_HORSE_ABC86DE4631C944E,SAME_FAVOURITE,False,False,SAME_FAVOURITE
EIQ_RACE_C466E6BC2184DBD7,EIQ_HORSE_BDC580E56A83E26F,2024,-0.007438182564425411,EIQ_HORSE_BB069CE49310303A,EIQ_HORSE_8EA0BCABC71DB3AA,CHALLENGER_CHANGED_FAVOURITE,False,False,BOTH_WRONG
EIQ_RACE_C46E14BC01D6E3CA,EIQ_HORSE_A4D263071D2CB5F6,2023,0.20222463965927084,EIQ_HORSE_D6FB74F342332265,EIQ_HORSE_D6FB74F342332265,SAME_FAVOURITE,False,False,SAME_FAVOURITE
EIQ_RACE_C476ACC080A284D7,EIQ_HORSE_262022D11D9E6317,2023,-0.05515348409840293,EIQ_HORSE_9EFA19D990A6BE64,EIQ_HORSE_9EFA19D990A6BE64,SAME_FAVOURITE,False,False,SAME_FAVOURITE
EIQ_RACE_C47AB996A6CBCE61,EIQ_HORSE_DB103F38AF46D07C,2023,-0.015182851437874678,EIQ_HORSE_C20BDCDF10940E9A,EIQ_HORSE_C20BDCDF10940E9A,SAME_FAVOURITE,False,False,SAME_FAVOURITE
EIQ_RACE_C47F20162CCC31BD,EIQ_HORSE_A4118E56935441A8,2023,0.123256874117736,EIQ_HORSE_EB28891C76A58ABE,EIQ_HORSE_EB28891C76A58ABE,SAME_FAVOURITE,False,False,SAME_FAVOURITE
EIQ_RACE_C4867E8C47B1B050,EIQ_HORSE_8C3E5322AED1F0AC,2021,-0.09874106737463029,EIQ_HORSE_D53A1E14A8BE9CFE,EIQ_HORSE_D53A1E14A8BE9CFE,SAME_FAVOURITE,False,False,SAME_FAVOURITE
EIQ_RACE_C48ED271FFE1CC8B,EIQ_HORSE_078AB3BE980F359B,2025,-0.07673003710356596,EIQ_HORSE_078AB3BE980F359B,EIQ_HORSE_078AB3BE980F359B,SAME_FAVOURITE,True,True,SAME_FAVOURITE
EIQ_RACE_C491A0E322342286,EIQ_HORSE_7165ECD75CC5D7F8,2024,0.05354546796994253,EIQ_HORSE_F670A89453B2C217,EIQ_HORSE_F670A89453B2C217,SAME_FAVOURITE,False,False,SAME_FAVOURITE
EIQ_RACE_C497DA6BF100ACC5,EIQ_HORSE_2635174D21CE54C9,2025,-0.19147115194637587,EIQ_HORSE_66BCECF7E7F71321,EIQ_HORSE_66BCECF7E7F71321,SAME_FAVOURITE,False,False,SAME_FAVOURITE
EIQ_RACE_C49BDBE973C913E2,EIQ_HORSE_75EFF5EC4B56521C,2023,-0.0039560426797224935,EIQ_HORSE_75EFF5EC4B56521C,EIQ_HORSE_75EFF5EC4B56521C,SAME_FAVOURITE,True,True,SAME_FAVOURITE
EIQ_RACE_C4B4797AB51A34FC,EIQ_HORSE_FB6581151CD93A0D,2023,-0.12437242930792802,EIQ_HORSE_AC8E175A84D257A3,EIQ_HORSE_AC8E175A84D257A3,SAME_FAVOURITE,False,False,SAME_FAVOURITE
EIQ_RACE_C4B7D5E7C4C780B2,EIQ_HORSE_06923D67ABF771FB,2021,-0.09830722050611973,EIQ_HORSE_7C03BA869D27D030,EIQ_HORSE_7C03BA869D27D030,SAME_FAVOURITE,False,False,SAME_FAVOURITE
EIQ_RACE_C4BED72693265ABA,EIQ_HORSE_9DA755C75488A94C,2024,-0.21601670910696225,EIQ_HORSE_00FB964A9B90DF2E,EIQ_HORSE_00FB964A9B90DF2E,SAME_FAVOURITE,False,False,SAME_FAVOURITE
EIQ_RACE_C4C9E24FDD98CAC1,EIQ_HORSE_06ABB4936FCF1907,2023,-0.0002943437901525847,EIQ_HORSE_CFC5DCB42FBF5B0C,EIQ_HORSE_CFC5DCB42FBF5B0C,SAME_FAVOURITE,False,False,SAME_FAVOURITE
EIQ_RACE_C4CDC1EEB5AC1B06,EIQ_HORSE_EFE2581671F8E956,2021,0.14139196889065353,EIQ_HORSE_069C86A34774DCF1,EIQ_HORSE_069C86A34774DCF1,SAME_FAVOURITE,False,False,SAME_FAVOURITE
EIQ_RACE_C4CEB289AF04FC5A,EIQ_HORSE_5F285E548B100A63,2024,-0.056792420440028746,EIQ_HORSE_9EA7A9C8C0E883A3,EIQ_HORSE_9EA7A9C8C0E883A3,SAME_FAVOURITE,False,False,SAME_FAVOURITE
EIQ_RACE_C4E5F96730205F80,EIQ_HORSE_1F061C2282C54BDA,2021,-0.08255499954013468,EIQ_HORSE_B97EF4396F0A23F5,EIQ_HORSE_B97EF4396F0A23F5,SAME_FAVOURITE,False,False,SAME_FAVOURITE
EIQ_RACE_C5023CE2CA2D77D1,EIQ_HORSE_D1CB2443A8F7EA51,2024,-0.07119933641308274,EIQ_HORSE_D1CB2443A8F7EA51,EIQ_HORSE_449E475928275A2E,CHALLENGER_CHANGED_FAVOURITE,True,False,STRICT_CORRECT_DROP_WRONG
EIQ_RACE_C50C9FAC03CEE0FD,EIQ_HORSE_CB36F1CE57D77914,2021,0.10774655179006287,EIQ_HORSE_CB36F1CE57D77914,EIQ_HORSE_CB36F1CE57D77914,SAME_FAVOURITE,True,True,SAME_FAVOURITE
EIQ_RACE_C5155D2BAE669922,EIQ_HORSE_B4017F0BCD343AD4,2023,0.06181024200048113,EIQ_HORSE_B4017F0BCD343AD4,EIQ_HORSE_B4017F0BCD343AD4,SAME_FAVOURITE,True,True,SAME_FAVOURITE
EIQ_RACE_C5214112B25D469F,EIQ_HORSE_D9E19A00FA4AE980,2024,-0.019744540256350085,EIQ_HORSE_D9E19A00FA4AE980,EIQ_HORSE_D9E19A00FA4AE980,SAME_FAVOURITE,True,True,SAME_FAVOURITE
EIQ_RACE_C52FE623B133D1B4,EIQ_HORSE_6A7B3C98A67D37AC,2025,-0.09063295960707807,EIQ_HORSE_6A7B3C98A67D37AC,EIQ_HORSE_6A7B3C98A67D37AC,SAME_FAVOURITE,True,True,SAME_FAVOURITE
EIQ_RACE_C552B3C574F21E5A,EIQ_HORSE_CD7C456C1953238C,2025,-0.09610771950800334,EIQ_HORSE_CD7C456C1953238C,EIQ_HORSE_CD7C456C1953238C,SAME_FAVOURITE,True,True,SAME_FAVOURITE
EIQ_RACE_C567EA3ACF91AD43,EIQ_HORSE_BE41D68B3D6C2F61,2025,-0.19625941513095757,EIQ_HORSE_F6E950BD52A475D4,EIQ_HORSE_F6E950BD52A475D4,SAME_FAVOURITE,False,False,SAME_FAVOURITE
EIQ_RACE_C593DB893C42E33A,EIQ_HORSE_4E8D0F6D4BD3613F,2023,-0.29688818063279765,EIQ_HORSE_4E8D0F6D4BD3613F,EIQ_HORSE_68B199BC8C76CB7F,CHALLENGER_CHANGED_FAVOURITE,True,False,STRICT_CORRECT_DROP_WRONG
EIQ_RACE_C5948B79333E6244,EIQ_HORSE_9D83191894A0ABCD,2023,-0.10139915142148981,EIQ_HORSE_7E231DAD7929D244,EIQ_HORSE_7E231DAD7929D244,SAME_FAVOURITE,False,False,SAME_FAVOURITE
EIQ_RACE_C5AFD701AC4AA16D,EIQ_HORSE_7CA483AF1FFBB399,2025,-0.07209191016526839,EIQ_HORSE_4CC053FBDD523A54,EIQ_HORSE_4CC053FBDD523A54,SAME_FAVOURITE,False,False,SAME_FAVOURITE
EIQ_RACE_C5B0892F6763AFF4,EIQ_HORSE_AA4D7C821DCB0FA7,2021,-0.09316508976166338,EIQ_HORSE_9ED5A6B8510C7D1B,EIQ_HORSE_9ED5A6B8510C7D1B,SAME_FAVOURITE,False,False,SAME_FAVOURITE
EIQ_RACE_C5B26289A9738A82,EIQ_HORSE_6F43D6F13F8F4379,2025,0.027852618747224334,EIQ_HORSE_4C296F2342F926AA,EIQ_HORSE_4C296F2342F926AA,SAME_FAVOURITE,False,False,SAME_FAVOURITE
EIQ_RACE_C5DAFA5BA6663AF3,EIQ_HORSE_1751011524636917,2025,0.0290199293656761,EIQ_HORSE_1751011524636917,EIQ_HORSE_1751011524636917,SAME_FAVOURITE,True,True,SAME_FAVOURITE
EIQ_RACE_C5DD6A8EF4CAB312,EIQ_HORSE_BF81C89AD0188194,2023,-0.16160811857878188,EIQ_HORSE_BF81C89AD0188194,EIQ_HORSE_7E707937C0234B15,CHALLENGER_CHANGED_FAVOURITE,True,False,STRICT_CORRECT_DROP_WRONG
EIQ_RACE_C5E543391A730CFD,EIQ_HORSE_50992820955024A9,2023,-0.2243094781858368,EIQ_HORSE_50992820955024A9,EIQ_HORSE_50992820955024A9,SAME_FAVOURITE,True,True,SAME_FAVOURITE
EIQ_RACE_C5EB9C0DD43135B6,EIQ_HORSE_8D4A3B1B61EC696A,2025,0.036268508194707394,EIQ_HORSE_7E2B27DFFD6A01DA,EIQ_HORSE_7E2B27DFFD6A01DA,SAME_FAVOURITE,False,False,SAME_FAVOURITE
EIQ_RACE_C5F346E8A95E8BDA,EIQ_HORSE_D4F33443C45FE3C4,2025,-0.06213141696139779,EIQ_HORSE_E0B55A9B74C144A4,EIQ_HORSE_E0B55A9B74C144A4,SAME_FAVOURITE,False,False,SAME_FAVOURITE
EIQ_RACE_C62297CF6059CD78,EIQ_HORSE_AECE81D7F1C07920,2023,-0.03513449513695699,EIQ_HORSE_AECE81D7F1C07920,EIQ_HORSE_AECE81D7F1C07920,SAME_FAVOURITE,True,True,SAME_FAVOURITE
EIQ_RACE_C622A841FBA6A727,EIQ_HORSE_F746343D7BE59BE7,2026,-0.024777181342362953,EIQ_HORSE_9A8D68F0ACF103C7,EIQ_HORSE_9A8D68F0ACF103C7,SAME_FAVOURITE,False,False,SAME_FAVOURITE
EIQ_RACE_C624FE82027B54A5,EIQ_HORSE_5A7484E3610C1CDE,2025,0.009203416053639613,EIQ_HORSE_42D7EDD450C81289,EIQ_HORSE_42D7EDD450C81289,SAME_FAVOURITE,False,False,SAME_FAVOURITE
EIQ_RACE_C636C84A93DE36A5,EIQ_HORSE_21276C9FD8FF140E,2023,-0.1140432979803272,EIQ_HORSE_887075D7145D5F71,EIQ_HORSE_887075D7145D5F71,SAME_FAVOURITE,False,False,SAME_FAVOURITE
EIQ_RACE_C6468B3B419CB1CC,EIQ_HORSE_0A3337A53783797C,2021,0.0992097604569846,EIQ_HORSE_0A3337A53783797C,EIQ_HORSE_0A3337A53783797C,SAME_FAVOURITE,True,True,SAME_FAVOURITE
EIQ_RACE_C64AB22DD0A2335C,EIQ_HORSE_AEF1683B0D2BAAFE,2023,-0.15942887057783972,EIQ_HORSE_4254AEE491E388FD,EIQ_HORSE_4254AEE491E388FD,SAME_FAVOURITE,False,False,SAME_FAVOURITE
EIQ_RACE_C6544FE02D6BDD6D,EIQ_HORSE_043660B588D12B7F,2024,0.03331757290200699,EIQ_HORSE_043660B588D12B7F,EIQ_HORSE_043660B588D12B7F,SAME_FAVOURITE,True,True,SAME_FAVOURITE
EIQ_RACE_C663A8E68605E866,EIQ_HORSE_12015A4B3472F9D0,2024,0.3415970333918563,EIQ_HORSE_FB6796FF2DEB36CB,EIQ_HORSE_12015A4B3472F9D0,CHALLENGER_CHANGED_FAVOURITE,False,True,STRICT_WRONG_DROP_CORRECT
EIQ_RACE_C66426AB5F5526B6,EIQ_HORSE_FF53E4F29777FA23,2022,0.2617396462043833,EIQ_HORSE_B988F727FB5C6897,EIQ_HORSE_B988F727FB5C6897,SAME_FAVOURITE,False,False,SAME_FAVOURITE
EIQ_RACE_C671856BEB7981DC,EIQ_HORSE_984B9FF365DDFDE5,2022,-0.09781468722470299,EIQ_HORSE_985FC9D8CD474D0B,EIQ_HORSE_985FC9D8CD474D0B,SAME_FAVOURITE,False,False,SAME_FAVOURITE
EIQ_RACE_C68ACDA882E636DB,EIQ_HORSE_D6C03416797E57CE,2024,-0.017634607666018987,EIQ_HORSE_E53817F9BA1E0755,EIQ_HORSE_E53817F9BA1E0755,SAME_FAVOURITE,False,False,SAME_FAVOURITE
EIQ_RACE_C692ECA61D0874B0,EIQ_HORSE_3D4F790DDF49FAC4,2025,-0.02673434577913225,EIQ_HORSE_A77DFCBF7B02DBCF,EIQ_HORSE_A77DFCBF7B02DBCF,SAME_FAVOURITE,False,False,SAME_FAVOURITE
EIQ_RACE_C6981DFF92656FA5,EIQ_HORSE_7BF6674243D9B02A,2021,-0.13129313329057757,EIQ_HORSE_E9403F70A3845726,EIQ_HORSE_769645D984A64412,CHALLENGER_CHANGED_FAVOURITE,False,False,BOTH_WRONG
EIQ_RACE_C69E6F024AA4C82A,EIQ_HORSE_F0B4B3F8AE5A2C05,2023,0.020757110870105233,EIQ_HORSE_267F1C8E43026C6B,EIQ_HORSE_267F1C8E43026C6B,SAME_FAVOURITE,False,False,SAME_FAVOURITE
EIQ_RACE_C6B47049815BA310,EIQ_HORSE_0DAFF21EBE64F83E,2023,-0.08951514867867383,EIQ_HORSE_DC5D12DC35AB583F,EIQ_HORSE_DC5D12DC35AB583F,SAME_FAVOURITE,False,False,SAME_FAVOURITE
EIQ_RACE_C6B51DFCD64D9977,EIQ_HORSE_7CDE33D28C0FD341,2021,0.027575458546235332,EIQ_HORSE_7AAC08C70563070D,EIQ_HORSE_7AAC08C70563070D,SAME_FAVOURITE,False,False,SAME_FAVOURITE
EIQ_RACE_C6BDAF104608120B,EIQ_HORSE_EF8C5A18E28DCE53,2022,-0.0032534042563823196,EIQ_HORSE_61E65C8DF4017192,EIQ_HORSE_61E65C8DF4017192,SAME_FAVOURITE,False,False,SAME_FAVOURITE
EIQ_RACE_C6C32FB6FEB224DC,EIQ_HORSE_659035C9DDBCD491,2025,-0.028982370539046176,EIQ_HORSE_97EE6218A8DEC658,EIQ_HORSE_97EE6218A8DEC658,SAME_FAVOURITE,False,False,SAME_FAVOURITE
EIQ_RACE_C6EF991370DAFA3B,EIQ_HORSE_478D9619290C3BCB,2025,-0.26356338493265996,EIQ_HORSE_B5C3674DDBF83664,EIQ_HORSE_B5C3674DDBF83664,SAME_FAVOURITE,False,False,SAME_FAVOURITE
EIQ_RACE_C6F4827BD7900BF2,EIQ_HORSE_33571A6A58D40805,2024,-0.006053039535853788,EIQ_HORSE_FACCA92E14E42793,EIQ_HORSE_FACCA92E14E42793,SAME_FAVOURITE,False,False,SAME_FAVOURITE
EIQ_RACE_C6FF836E47F8F14D,EIQ_HORSE_4ACDA7BD78B477E8,2026,-0.049606735225458554,EIQ_HORSE_57313A5101E8C68F,EIQ_HORSE_57313A5101E8C68F,SAME_FAVOURITE,False,False,SAME_FAVOURITE
EIQ_RACE_C72431CAD109A36A,EIQ_HORSE_BDC7937C8C4B602D,2023,0.28364230788741795,EIQ_HORSE_BDC7937C8C4B602D,EIQ_HORSE_BDC7937C8C4B602D,SAME_FAVOURITE,True,True,SAME_FAVOURITE
EIQ_RACE_C72EF85D61C73E54,EIQ_HORSE_BAE1D168492958DD,2023,-0.08062273792066055,EIQ_HORSE_06461713876025B4,EIQ_HORSE_06461713876025B4,SAME_FAVOURITE,False,False,SAME_FAVOURITE
EIQ_RACE_C7320803138D2EF3,EIQ_HORSE_ABAD9D9863676DF7,2026,0.14819063593956416,EIQ_HORSE_ABAD9D9863676DF7,EIQ_HORSE_ABAD9D9863676DF7,SAME_FAVOURITE,True,True,SAME_FAVOURITE
EIQ_RACE_C758D7F6EF386905,EIQ_HORSE_A9B9D19D232243C4,2022,0.217009327197756,EIQ_HORSE_EED4EA636354A538,EIQ_HORSE_EED4EA636354A538,SAME_FAVOURITE,False,False,SAME_FAVOURITE
EIQ_RACE_C76670E61FEEDF50,EIQ_HORSE_5AF2B33E996B6BCD,2023,0.12131143736679806,EIQ_HORSE_F78618AAADDA9B15,EIQ_HORSE_F78618AAADDA9B15,SAME_FAVOURITE,False,False,SAME_FAVOURITE
EIQ_RACE_C798E4EF76BE7639,EIQ_HORSE_61C48C996A8430E1,2026,0.005168661079185899,EIQ_HORSE_A5F535987A328763,EIQ_HORSE_A5F535987A328763,SAME_FAVOURITE,False,False,SAME_FAVOURITE
EIQ_RACE_C79A0FDC370F0921,EIQ_HORSE_8718F5568D4323F4,2021,0.007914611441531605,EIQ_HORSE_14B0876646A7142B,EIQ_HORSE_14B0876646A7142B,SAME_FAVOURITE,False,False,SAME_FAVOURITE
EIQ_RACE_C7B8A787B54E75CB,EIQ_HORSE_B66AD2B4BB0CBF39,2021,0.13059322888207703,EIQ_HORSE_5EDE529A276C9E2B,EIQ_HORSE_5EDE529A276C9E2B,SAME_FAVOURITE,False,False,SAME_FAVOURITE
EIQ_RACE_C7BF71ADB49C8F4B,EIQ_HORSE_27D18A88CE459A78,2026,-0.10511354130206851,EIQ_HORSE_266CF168A8F0DE76,EIQ_HORSE_266CF168A8F0DE76,SAME_FAVOURITE,False,False,SAME_FAVOURITE
EIQ_RACE_C7E9E677A79E6957,EIQ_HORSE_B87C6BDC0BC28882,2025,-0.024751269761272177,EIQ_HORSE_B87C6BDC0BC28882,EIQ_HORSE_B87C6BDC0BC28882,SAME_FAVOURITE,True,True,SAME_FAVOURITE
EIQ_RACE_C7EEA576900E31C7,EIQ_HORSE_7A9BF577F6C73CD5,2025,0.04373401706518143,EIQ_HORSE_CC6C3B6EF80A3193,EIQ_HORSE_CC6C3B6EF80A3193,SAME_FAVOURITE,False,False,SAME_FAVOURITE
EIQ_RACE_C805FD4E328A68B0,EIQ_HORSE_09EE4CD6167C5CBE,2021,-0.0003767741709364003,EIQ_HORSE_4F1CE81B87ABA456,EIQ_HORSE_4F1CE81B87ABA456,SAME_FAVOURITE,False,False,SAME_FAVOURITE
EIQ_RACE_C80B5A94A5738780,EIQ_HORSE_BCB71009544DA469,2024,-0.01105884869610918,EIQ_HORSE_2D3FDE4EA0780194,EIQ_HORSE_2D3FDE4EA0780194,SAME_FAVOURITE,False,False,SAME_FAVOURITE
EIQ_RACE_C80E3528CDB4ACCF,EIQ_HORSE_13DAB413E02372C1,2024,0.03897922234986906,EIQ_HORSE_C0FA9C169C206D05,EIQ_HORSE_C0FA9C169C206D05,SAME_FAVOURITE,False,False,SAME_FAVOURITE
EIQ_RACE_C816C5B0F397AA57,EIQ_HORSE_F90AF08890572073,2025,0.03554243761465381,EIQ_HORSE_34CA59D7AF544292,EIQ_HORSE_34CA59D7AF544292,SAME_FAVOURITE,False,False,SAME_FAVOURITE
EIQ_RACE_C8296FD17B13CC08,EIQ_HORSE_AE6102638A29F260,2025,0.21403281284132025,EIQ_HORSE_5078617B8A830508,EIQ_HORSE_AE6102638A29F260,CHALLENGER_CHANGED_FAVOURITE,False,True,STRICT_WRONG_DROP_CORRECT
EIQ_RACE_C836F039334EDACB,EIQ_HORSE_12D6B45664660711,2021,-0.06636373537300866,EIQ_HORSE_12D6B45664660711,EIQ_HORSE_12D6B45664660711,SAME_FAVOURITE,True,True,SAME_FAVOURITE
EIQ_RACE_C8376C5DC4631367,EIQ_HORSE_05649A3D483B558E,2021,-0.14543173204068705,EIQ_HORSE_12156774015F648D,EIQ_HORSE_12156774015F648D,SAME_FAVOURITE,False,False,SAME_FAVOURITE
EIQ_RACE_C853D72E46C22225,EIQ_HORSE_37C64481D3D3A2A2,2025,-0.10747164708624468,EIQ_HORSE_B76052101F9A79D9,EIQ_HORSE_B76052101F9A79D9,SAME_FAVOURITE,False,False,SAME_FAVOURITE
EIQ_RACE_C859B782EAA63281,EIQ_HORSE_1E5B898ECF851083,2024,-0.20059768864153504,EIQ_HORSE_3BEDD94BDBD92817,EIQ_HORSE_3BEDD94BDBD92817,SAME_FAVOURITE,False,False,SAME_FAVOURITE
EIQ_RACE_C887C43DBBF60AD2,EIQ_HORSE_364DAFDE582E58CD,2025,-0.17984655681081185,EIQ_HORSE_364DAFDE582E58CD,EIQ_HORSE_364DAFDE582E58CD,SAME_FAVOURITE,True,True,SAME_FAVOURITE
EIQ_RACE_C88C0D03748BEEEC,EIQ_HORSE_0D14524EE1ED79B9,2025,0.0045740455650225,EIQ_HORSE_CCED1B0AF6F32210,EIQ_HORSE_CCED1B0AF6F32210,SAME_FAVOURITE,False,False,SAME_FAVOURITE
EIQ_RACE_C89169D4800EA770,EIQ_HORSE_869B553075459E31,2023,-0.020971371145492412,EIQ_HORSE_483E011C2BC4687F,EIQ_HORSE_483E011C2BC4687F,SAME_FAVOURITE,False,False,SAME_FAVOURITE
EIQ_RACE_C896702C8389BDE2,EIQ_HORSE_2FAF4E542CD96F22,2024,0.10310347987324997,EIQ_HORSE_B8C006CD8E416003,EIQ_HORSE_B8C006CD8E416003,SAME_FAVOURITE,False,False,SAME_FAVOURITE
EIQ_RACE_C8A46F776C7C5853,EIQ_HORSE_B092A58A2C550803,2024,0.01144500684309313,EIQ_HORSE_B092A58A2C550803,EIQ_HORSE_B092A58A2C550803,SAME_FAVOURITE,True,True,SAME_FAVOURITE
EIQ_RACE_C8AB6B7BEF7AC274,EIQ_HORSE_9541DC5D8054B139,2025,0.04977736619110251,EIQ_HORSE_60F82EAD9FB53DB1,EIQ_HORSE_60F82EAD9FB53DB1,SAME_FAVOURITE,False,False,SAME_FAVOURITE
EIQ_RACE_C8B4D91A9EBFD274,EIQ_HORSE_576B7FA812D0CEB7,2024,-0.06095063714326887,EIQ_HORSE_2AFB20C8AB1731BD,EIQ_HORSE_2AFB20C8AB1731BD,SAME_FAVOURITE,False,False,SAME_FAVOURITE
EIQ_RACE_C8B7ABA884BE4E17,EIQ_HORSE_B14DC331B7ADDE38,2023,0.11790899914336617,EIQ_HORSE_D3EBAC6F2AB25E48,EIQ_HORSE_D3EBAC6F2AB25E48,SAME_FAVOURITE,False,False,SAME_FAVOURITE
EIQ_RACE_C8B7EE3378CFF1E1,EIQ_HORSE_1EA23F3CE3B84662,2023,-0.05126720417505792,EIQ_HORSE_1EA23F3CE3B84662,EIQ_HORSE_C2ED4CD95E03FAA2,CHALLENGER_CHANGED_FAVOURITE,True,False,STRICT_CORRECT_DROP_WRONG
EIQ_RACE_C8BE88489E85E069,EIQ_HORSE_9A5E540AE582355D,2023,-0.04641394074461802,EIQ_HORSE_B9F72845BB131B8E,EIQ_HORSE_52253BF601EAD9DE,CHALLENGER_CHANGED_FAVOURITE,False,False,BOTH_WRONG
EIQ_RACE_C8BF3FCC11174E43,EIQ_HORSE_8470177739058F7F,2025,-0.04265922637679953,EIQ_HORSE_4D54772191551DCB,EIQ_HORSE_4D54772191551DCB,SAME_FAVOURITE,False,False,SAME_FAVOURITE
EIQ_RACE_C8C1236DF35FB23B,EIQ_HORSE_52823C19073DC37B,2021,0.028546564342741387,EIQ_HORSE_0CFC53DACFDE33B6,EIQ_HORSE_0CFC53DACFDE33B6,SAME_FAVOURITE,False,False,SAME_FAVOURITE
EIQ_RACE_C8DB902DC5521FD3,EIQ_HORSE_C289B58C1168011F,2025,0.0960391759007666,EIQ_HORSE_C289B58C1168011F,EIQ_HORSE_C289B58C1168011F,SAME_FAVOURITE,True,True,SAME_FAVOURITE
EIQ_RACE_C8DF4A87CCAF42F1,EIQ_HORSE_31744560998EF8BC,2023,-0.00538730792726172,EIQ_HORSE_5D2ABBF15AE37D87,EIQ_HORSE_5D2ABBF15AE37D87,SAME_FAVOURITE,False,False,SAME_FAVOURITE
EIQ_RACE_C8E85C49E4AA979A,EIQ_HORSE_2E6F7F97A3E83738,2024,0.11516369565263984,EIQ_HORSE_2E6F7F97A3E83738,EIQ_HORSE_2E6F7F97A3E83738,SAME_FAVOURITE,True,True,SAME_FAVOURITE
EIQ_RACE_C9058CC7FCB4EC9C,EIQ_HORSE_704F49A3FA099180,2024,-0.0067619822207742875,EIQ_HORSE_B2B3C48BA5D107A7,EIQ_HORSE_B2B3C48BA5D107A7,SAME_FAVOURITE,False,False,SAME_FAVOURITE
EIQ_RACE_C9126F772280FA98,EIQ_HORSE_43811BB989278C50,2026,-0.0531842459899019,EIQ_HORSE_49D8204BC6C45804,EIQ_HORSE_49D8204BC6C45804,SAME_FAVOURITE,False,False,SAME_FAVOURITE
EIQ_RACE_C915B55AF6BF128A,EIQ_HORSE_15E29D62E254B0FF,2024,0.014050079830934425,EIQ_HORSE_9FE3E5BEC9A216B7,EIQ_HORSE_15E29D62E254B0FF,CHALLENGER_CHANGED_FAVOURITE,False,True,STRICT_WRONG_DROP_CORRECT
EIQ_RACE_C918A8DD7FAEAC8D,EIQ_HORSE_0568AF16648DA7D0,2023,-0.12680352178718635,EIQ_HORSE_064DFB5C54F8D2C1,EIQ_HORSE_064DFB5C54F8D2C1,SAME_FAVOURITE,False,False,SAME_FAVOURITE
EIQ_RACE_C93F60B61F85E2A0,EIQ_HORSE_588DD53F00AA3FDE,2024,-0.30661656892073275,EIQ_HORSE_45CC42C9A88F844E,EIQ_HORSE_45CC42C9A88F844E,SAME_FAVOURITE,False,False,SAME_FAVOURITE
EIQ_RACE_C948E627A51EDF7F,EIQ_HORSE_18CE36A6B467FC3A,2021,-0.07744171732833216,EIQ_HORSE_5B1A872FCF2146A3,EIQ_HORSE_5B1A872FCF2146A3,SAME_FAVOURITE,False,False,SAME_FAVOURITE
EIQ_RACE_C94CBC1A2C85A356,EIQ_HORSE_9A28FD950E5DCC2B,2026,0.09117301237158859,EIQ_HORSE_7BD014ED0008B3C5,EIQ_HORSE_7BD014ED0008B3C5,SAME_FAVOURITE,False,False,SAME_FAVOURITE
EIQ_RACE_C95DFBDF23330E1C,EIQ_HORSE_34BDE6099AA536A7,2023,0.0317581643508813,EIQ_HORSE_2C3BBBA89C5CF0EA,EIQ_HORSE_2C3BBBA89C5CF0EA,SAME_FAVOURITE,False,False,SAME_FAVOURITE
EIQ_RACE_C95F736C7F7BDB36,EIQ_HORSE_738D3EF3ADFAF086,2026,0.0027708436191791197,EIQ_HORSE_738D3EF3ADFAF086,EIQ_HORSE_738D3EF3ADFAF086,SAME_FAVOURITE,True,True,SAME_FAVOURITE
EIQ_RACE_C96ACE7A8DDDF08B,EIQ_HORSE_55AC415EB7E4FCB5,2025,-0.11787284219162819,EIQ_HORSE_5196F0C3F31FA19B,EIQ_HORSE_5196F0C3F31FA19B,SAME_FAVOURITE,False,False,SAME_FAVOURITE
EIQ_RACE_C9705D825B753B52,EIQ_HORSE_753C121FAF6C3FFA,2025,-0.019987073307313308,EIQ_HORSE_753C121FAF6C3FFA,EIQ_HORSE_753C121FAF6C3FFA,SAME_FAVOURITE,True,True,SAME_FAVOURITE
EIQ_RACE_C9A87E11D64738E8,EIQ_HORSE_EA44C112F94E0547,2021,0.05206305517957821,EIQ_HORSE_EA44C112F94E0547,EIQ_HORSE_EA44C112F94E0547,SAME_FAVOURITE,True,True,SAME_FAVOURITE
EIQ_RACE_C9ACB944F4F483F0,EIQ_HORSE_B97DF40980BFE769,2026,-0.1189418849619448,EIQ_HORSE_B97DF40980BFE769,EIQ_HORSE_BA33B34D63BB7E39,CHALLENGER_CHANGED_FAVOURITE,True,False,STRICT_CORRECT_DROP_WRONG
EIQ_RACE_C9B8543ABC697B5F,EIQ_HORSE_C018C743F0C5C7CD,2023,-0.20142896306625535,EIQ_HORSE_C018C743F0C5C7CD,EIQ_HORSE_2F984D972FF730AA,CHALLENGER_CHANGED_FAVOURITE,True,False,STRICT_CORRECT_DROP_WRONG
EIQ_RACE_C9BA5375331B2177,EIQ_HORSE_F0B46E223D323253,2024,-0.0021746852777622117,EIQ_HORSE_B5653BCB78BF98C7,EIQ_HORSE_B5653BCB78BF98C7,SAME_FAVOURITE,False,False,SAME_FAVOURITE
EIQ_RACE_C9C546934A3DCBC3,EIQ_HORSE_5CCE076206574FF8,2024,-0.1236245980383599,EIQ_HORSE_5CCE076206574FF8,EIQ_HORSE_5CCE076206574FF8,SAME_FAVOURITE,True,True,SAME_FAVOURITE
EIQ_RACE_C9D07C2C6B8CA43A,EIQ_HORSE_29301CB56F1AB52E,2023,0.06179655195943745,EIQ_HORSE_B5DB0F0B82F23828,EIQ_HORSE_B5DB0F0B82F23828,SAME_FAVOURITE,False,False,SAME_FAVOURITE
EIQ_RACE_C9D156377926BD74,EIQ_HORSE_136157D082389DF3,2025,0.17333269798119133,EIQ_HORSE_1D2F0C4F2373969D,EIQ_HORSE_1D2F0C4F2373969D,SAME_FAVOURITE,False,False,SAME_FAVOURITE
EIQ_RACE_C9D6516842D368DF,EIQ_HORSE_BAA3933E1AE84B50,2025,-0.06131918480715637,EIQ_HORSE_BAA3933E1AE84B50,EIQ_HORSE_A302EBEE165E020C,CHALLENGER_CHANGED_FAVOURITE,True,False,STRICT_CORRECT_DROP_WRONG
EIQ_RACE_C9D762E44C6D3956,EIQ_HORSE_915CE89BD06B7361,2026,-0.11382982190587176,EIQ_HORSE_915CE89BD06B7361,EIQ_HORSE_073A5EF96515C75C,CHALLENGER_CHANGED_FAVOURITE,True,False,STRICT_CORRECT_DROP_WRONG
EIQ_RACE_C9D973C4823CBA11,EIQ_HORSE_641DF3B94F91644E,2023,0.1316459541527477,EIQ_HORSE_C9CEDF2B916E6926,EIQ_HORSE_E8FAA0F8A7FC0247,CHALLENGER_CHANGED_FAVOURITE,False,False,BOTH_WRONG
EIQ_RACE_C9DFA8FE67C4E286,EIQ_HORSE_ED24EA7C0C40B094,2023,0.16256637333560353,EIQ_HORSE_0D389443DA057751,EIQ_HORSE_0D389443DA057751,SAME_FAVOURITE,False,False,SAME_FAVOURITE
EIQ_RACE_C9EE6B11F08D1856,EIQ_HORSE_ABAD9D9863676DF7,2024,0.0018321866833235223,EIQ_HORSE_ABAD9D9863676DF7,EIQ_HORSE_ABAD9D9863676DF7,SAME_FAVOURITE,True,True,SAME_FAVOURITE
EIQ_RACE_C9F1A49AA418ABBF,EIQ_HORSE_E3913B2A81C9D5A1,2024,-0.03592015029609463,EIQ_HORSE_7238E0B330D28D1C,EIQ_HORSE_7238E0B330D28D1C,SAME_FAVOURITE,False,False,SAME_FAVOURITE
EIQ_RACE_C9FE5BEEA496F226,EIQ_HORSE_D1270FCD550EA637,2021,0.07103971468595027,EIQ_HORSE_79F7489EDFFE46A3,EIQ_HORSE_79F7489EDFFE46A3,SAME_FAVOURITE,False,False,SAME_FAVOURITE
EIQ_RACE_CA0DA34BB9168311,EIQ_HORSE_5B0A333B94DC8DCA,2024,-0.01789710637375652,EIQ_HORSE_E2B8B774BF9829CF,EIQ_HORSE_E2B8B774BF9829CF,SAME_FAVOURITE,False,False,SAME_FAVOURITE
EIQ_RACE_CA1A335A5B758386,EIQ_HORSE_033D9D8C26E66E0E,2023,0.12271965426314968,EIQ_HORSE_881D43EED0A88C41,EIQ_HORSE_881D43EED0A88C41,SAME_FAVOURITE,False,False,SAME_FAVOURITE
EIQ_RACE_CA40AC23DA12DD88,EIQ_HORSE_6879775580B664FA,2024,-0.051899353148465055,EIQ_HORSE_21F88D54DEF140CC,EIQ_HORSE_21F88D54DEF140CC,SAME_FAVOURITE,False,False,SAME_FAVOURITE
EIQ_RACE_CA4AA354EAF9D7CF,EIQ_HORSE_96EB32A30AD50A02,2025,-0.07762224268587037,EIQ_HORSE_96EB32A30AD50A02,EIQ_HORSE_96EB32A30AD50A02,SAME_FAVOURITE,True,True,SAME_FAVOURITE
EIQ_RACE_CA53D664AEDFA1A9,EIQ_HORSE_B53D750B1C90FD77,2025,-0.0027809937570895116,EIQ_HORSE_F039F1043EC9374F,EIQ_HORSE_F039F1043EC9374F,SAME_FAVOURITE,False,False,SAME_FAVOURITE
EIQ_RACE_CA6120FA2BF1389E,EIQ_HORSE_55F108769AAD9598,2025,0.07261783054575188,EIQ_HORSE_681171B82C275433,EIQ_HORSE_55F108769AAD9598,CHALLENGER_CHANGED_FAVOURITE,False,True,STRICT_WRONG_DROP_CORRECT
EIQ_RACE_CA6BBC915E0649F6,EIQ_HORSE_2AC2E3EA941269E7,2021,0.0253957997505867,EIQ_HORSE_9C3AD2CA9EFC3B73,EIQ_HORSE_9C3AD2CA9EFC3B73,SAME_FAVOURITE,False,False,SAME_FAVOURITE
EIQ_RACE_CA70B4AA47AFCDFD,EIQ_HORSE_92A2E1CD876C8999,2025,0.024009167780353557,EIQ_HORSE_FABCC31ED848CF14,EIQ_HORSE_FABCC31ED848CF14,SAME_FAVOURITE,False,False,SAME_FAVOURITE
EIQ_RACE_CA7C82028133ED7E,EIQ_HORSE_C557811DE5C5F394,2026,0.007188280914061096,EIQ_HORSE_7B36343F906539B7,EIQ_HORSE_9745CDCB3B061E26,CHALLENGER_CHANGED_FAVOURITE,False,False,BOTH_WRONG
EIQ_RACE_CA91E97B6E545A45,EIQ_HORSE_04564C513EDF17ED,2021,0.1460429879590639,EIQ_HORSE_259DAC1332AF26CF,EIQ_HORSE_259DAC1332AF26CF,SAME_FAVOURITE,False,False,SAME_FAVOURITE
EIQ_RACE_CA9B4A41A84E66D4,EIQ_HORSE_AD652D7E5CE23685,2022,-0.1306873070767136,EIQ_HORSE_A13E7C321E35FAA0,EIQ_HORSE_A13E7C321E35FAA0,SAME_FAVOURITE,False,False,SAME_FAVOURITE
EIQ_RACE_CA9DB76416C50E01,EIQ_HORSE_1E40A4F610122E44,2026,0.023779545780194145,EIQ_HORSE_5EE7FEB267B0D369,EIQ_HORSE_5EE7FEB267B0D369,SAME_FAVOURITE,False,False,SAME_FAVOURITE
EIQ_RACE_CAA47E1DA71B86E2,EIQ_HORSE_1ABFAC489B55B5DB,2025,0.0041474838290866956,EIQ_HORSE_F225CECF5D281AC4,EIQ_HORSE_F225CECF5D281AC4,SAME_FAVOURITE,False,False,SAME_FAVOURITE
EIQ_RACE_CAA6638F8AAFC574,EIQ_HORSE_90874069213BE0AC,2021,-0.0013240933328129145,EIQ_HORSE_43C720DBC27E294E,EIQ_HORSE_90874069213BE0AC,CHALLENGER_CHANGED_FAVOURITE,False,True,STRICT_WRONG_DROP_CORRECT
EIQ_RACE_CAA839EAE8F1258E,EIQ_HORSE_67DA25FD88C72FB9,2026,0.032412936775773726,EIQ_HORSE_67DA25FD88C72FB9,EIQ_HORSE_67DA25FD88C72FB9,SAME_FAVOURITE,True,True,SAME_FAVOURITE
EIQ_RACE_CAAF55C31AC7CD8A,EIQ_HORSE_28A26844617D62CE,2025,-0.012854570693424439,EIQ_HORSE_11284B12326477FB,EIQ_HORSE_11284B12326477FB,SAME_FAVOURITE,False,False,SAME_FAVOURITE
EIQ_RACE_CACA86DBAE6198EE,EIQ_HORSE_58329506F11584E3,2026,0.14806854648361778,EIQ_HORSE_4C41985C5B6B816F,EIQ_HORSE_4C41985C5B6B816F,SAME_FAVOURITE,False,False,SAME_FAVOURITE
EIQ_RACE_CADCE7266AB5A24B,EIQ_HORSE_1C7EBB7531C70FC2,2023,-0.016009193410409406,EIQ_HORSE_69E38F4C1643784D,EIQ_HORSE_8EBE91A8BD1B3CE0,CHALLENGER_CHANGED_FAVOURITE,False,False,BOTH_WRONG
EIQ_RACE_CAE1E54FEB70139F,EIQ_HORSE_BDD6498A2F1D8188,2023,-0.013776176277411345,EIQ_HORSE_BDD6498A2F1D8188,EIQ_HORSE_BDD6498A2F1D8188,SAME_FAVOURITE,True,True,SAME_FAVOURITE
EIQ_RACE_CAEC3ED19D3B6662,EIQ_HORSE_C498B0425A2C8F9E,2024,-0.1011737966233357,EIQ_HORSE_C498B0425A2C8F9E,EIQ_HORSE_C498B0425A2C8F9E,SAME_FAVOURITE,True,True,SAME_FAVOURITE
EIQ_RACE_CAEE1923E397E289,EIQ_HORSE_7CBDD03CA5D1BB38,2023,0.016257116593250798,EIQ_HORSE_3A3B962A52A82BAF,EIQ_HORSE_3A3B962A52A82BAF,SAME_FAVOURITE,False,False,SAME_FAVOURITE
EIQ_RACE_CAF166C9F4647FED,EIQ_HORSE_BFB255B59A3AF0A6,2024,-0.044853026552782005,EIQ_HORSE_6C3BC13B013A14A0,EIQ_HORSE_6C3BC13B013A14A0,SAME_FAVOURITE,False,False,SAME_FAVOURITE
EIQ_RACE_CAFD1BD8960ECFC0,EIQ_HORSE_DAC5ABFCFE0A59D4,2023,-0.0026398618313525635,EIQ_HORSE_DAC5ABFCFE0A59D4,EIQ_HORSE_AA3E16561318BBCC,CHALLENGER_CHANGED_FAVOURITE,True,False,STRICT_CORRECT_DROP_WRONG
EIQ_RACE_CB15D716E293ACCD,EIQ_HORSE_13C1FBB157EE0F35,2023,-0.0982683874393695,EIQ_HORSE_C6997B6011D41443,EIQ_HORSE_C6997B6011D41443,SAME_FAVOURITE,False,False,SAME_FAVOURITE
EIQ_RACE_CB35B52998779B1D,EIQ_HORSE_01E63031CB1A83F9,2023,0.2054874161489446,EIQ_HORSE_644354E81E5565F9,EIQ_HORSE_644354E81E5565F9,SAME_FAVOURITE,False,False,SAME_FAVOURITE
EIQ_RACE_CB373A8573B1D7D4,EIQ_HORSE_EA6F3B9F477340EB,2023,-0.17810843613388228,EIQ_HORSE_69471E1265841FF5,EIQ_HORSE_69471E1265841FF5,SAME_FAVOURITE,False,False,SAME_FAVOURITE
EIQ_RACE_CB37C4A900A34541,EIQ_HORSE_F405D6B018476E82,2021,0.0451469403190754,EIQ_HORSE_2CB0E855FEEA874B,EIQ_HORSE_2CB0E855FEEA874B,SAME_FAVOURITE,False,False,SAME_FAVOURITE
EIQ_RACE_CB42C3A022158576,EIQ_HORSE_7C87A1C40A483258,2024,0.04989119090400962,EIQ_HORSE_6CA9051BD9EBEBF5,EIQ_HORSE_6CA9051BD9EBEBF5,SAME_FAVOURITE,False,False,SAME_FAVOURITE
EIQ_RACE_CB4A56D7CA6BA095,EIQ_HORSE_9EDA7F684E2B527E,2025,-0.17950044342288685,EIQ_HORSE_791166D0C67D7649,EIQ_HORSE_791166D0C67D7649,SAME_FAVOURITE,False,False,SAME_FAVOURITE
EIQ_RACE_CB5C9B1BD7E6DD21,EIQ_HORSE_C4EE4EB3C18ECB0E,2025,-0.008451319674248836,EIQ_HORSE_7C88D84E2E424915,EIQ_HORSE_7C88D84E2E424915,SAME_FAVOURITE,False,False,SAME_FAVOURITE
EIQ_RACE_CB60558D4E41C3E4,EIQ_HORSE_1CFFC8E0068072BA,2023,-0.041841963771056756,EIQ_HORSE_1CFFC8E0068072BA,EIQ_HORSE_1CFFC8E0068072BA,SAME_FAVOURITE,True,True,SAME_FAVOURITE
EIQ_RACE_CB63E23331DB1794,EIQ_HORSE_4833088526FE42CD,2026,0.022083678283955077,EIQ_HORSE_B8352260922AB268,EIQ_HORSE_B8352260922AB268,SAME_FAVOURITE,False,False,SAME_FAVOURITE
EIQ_RACE_CB6438EC0EB44FF9,EIQ_HORSE_494A819F00C21B7A,2026,-0.09318225377545342,EIQ_HORSE_6CE5BEE08A493F4A,EIQ_HORSE_6CE5BEE08A493F4A,SAME_FAVOURITE,False,False,SAME_FAVOURITE
EIQ_RACE_CB793BB09CDBE79A,EIQ_HORSE_5A0DCD99437D15A4,2024,-0.07871674425433106,EIQ_HORSE_A7FB721D9D0A2AC9,EIQ_HORSE_A7FB721D9D0A2AC9,SAME_FAVOURITE,False,False,SAME_FAVOURITE
EIQ_RACE_CB8DC5395A95F7C7,EIQ_HORSE_524D56E18686FC61,2023,0.0927474789736813,EIQ_HORSE_9AD0EC9D08F0290E,EIQ_HORSE_9AD0EC9D08F0290E,SAME_FAVOURITE,False,False,SAME_FAVOURITE
EIQ_RACE_CB8FD40786E36DDF,EIQ_HORSE_CCC576E8693AF999,2025,-0.07253209827581752,EIQ_HORSE_F0E4B5266E60F816,EIQ_HORSE_B8C006CD8E416003,CHALLENGER_CHANGED_FAVOURITE,False,False,BOTH_WRONG
EIQ_RACE_CB91880B28A8253E,EIQ_HORSE_9DB595483C6B00CE,2024,-0.22639766503253123,EIQ_HORSE_2C3BBBA89C5CF0EA,EIQ_HORSE_2C3BBBA89C5CF0EA,SAME_FAVOURITE,False,False,SAME_FAVOURITE
EIQ_RACE_CB932E53A5B9E3F8,EIQ_HORSE_59319ECA3139E52D,2023,-0.008956357441284535,EIQ_HORSE_CE8458550786081D,EIQ_HORSE_CE8458550786081D,SAME_FAVOURITE,False,False,SAME_FAVOURITE
EIQ_RACE_CBA17C7B76D717DC,EIQ_HORSE_B4195E514F2A7E71,2025,0.09567621498461243,EIQ_HORSE_6C4AFBC386C5D36F,EIQ_HORSE_6C4AFBC386C5D36F,SAME_FAVOURITE,False,False,SAME_FAVOURITE
EIQ_RACE_CBA223A2DF918984,EIQ_HORSE_504AF5A5D952BDC3,2024,0.06592472987337183,EIQ_HORSE_4431A45AB23BBC17,EIQ_HORSE_4431A45AB23BBC17,SAME_FAVOURITE,False,False,SAME_FAVOURITE
EIQ_RACE_CBA4947FF67B037F,EIQ_HORSE_465236996C6D0D38,2024,-0.0033260589638863802,EIQ_HORSE_D6D6FA35DB6E94AF,EIQ_HORSE_D6D6FA35DB6E94AF,SAME_FAVOURITE,False,False,SAME_FAVOURITE
EIQ_RACE_CBB264F787C656FA,EIQ_HORSE_4C36FC0265430A10,2023,-0.04746762176490438,EIQ_HORSE_4C36FC0265430A10,EIQ_HORSE_4C36FC0265430A10,SAME_FAVOURITE,True,True,SAME_FAVOURITE
EIQ_RACE_CBBDDDCE161CA01B,EIQ_HORSE_D77A33E636FEE069,2024,0.11736076678405594,EIQ_HORSE_CEB4F570EF4DF96B,EIQ_HORSE_CEB4F570EF4DF96B,SAME_FAVOURITE,False,False,SAME_FAVOURITE
EIQ_RACE_CBD152BBB473A507,EIQ_HORSE_9BBEF6B9416A723F,2024,0.07266391046585108,EIQ_HORSE_5A0DCD99437D15A4,EIQ_HORSE_5A0DCD99437D15A4,SAME_FAVOURITE,False,False,SAME_FAVOURITE
EIQ_RACE_CBD2864D8E279E8E,EIQ_HORSE_8543F73FFF10E3E3,2023,-0.1359616510720767,EIQ_HORSE_D89A96B515D4A211,EIQ_HORSE_03F4264E5BDC88EC,CHALLENGER_CHANGED_FAVOURITE,False,False,BOTH_WRONG
EIQ_RACE_CBD67CF87AB7A5B0,EIQ_HORSE_20B8AC625D0FB84B,2023,0.19109941285548615,EIQ_HORSE_FE7FFDE39E1D83EA,EIQ_HORSE_FE7FFDE39E1D83EA,SAME_FAVOURITE,False,False,SAME_FAVOURITE
EIQ_RACE_CBDB0BB061F63F71,EIQ_HORSE_A707A17F29B7E1F9,2025,-0.015072131256376409,EIQ_HORSE_587951B5C8A1DA7E,EIQ_HORSE_587951B5C8A1DA7E,SAME_FAVOURITE,False,False,SAME_FAVOURITE
EIQ_RACE_CBF85DC41C13D92B,EIQ_HORSE_23760533998CCBEE,2025,-0.08450394459988031,EIQ_HORSE_8C7E39B90ACD98B3,EIQ_HORSE_8C7E39B90ACD98B3,SAME_FAVOURITE,False,False,SAME_FAVOURITE
EIQ_RACE_CBF981CCBBE631E6,EIQ_HORSE_DF06D3C86A99757A,2026,0.15658175766076354,EIQ_HORSE_3E6BB107A3A1F17A,EIQ_HORSE_3E6BB107A3A1F17A,SAME_FAVOURITE,False,False,SAME_FAVOURITE
EIQ_RACE_CBFC100DE7FA1CEA,EIQ_HORSE_F03A1D0AE841FC8A,2021,0.1692382592733055,EIQ_HORSE_943D33B50B2015F8,EIQ_HORSE_943D33B50B2015F8,SAME_FAVOURITE,False,False,SAME_FAVOURITE
EIQ_RACE_CC008834FD14EB1B,EIQ_HORSE_D706F7F36A335899,2022,-0.2723338210657724,EIQ_HORSE_4C7ED763E701FAF0,EIQ_HORSE_4C7ED763E701FAF0,SAME_FAVOURITE,False,False,SAME_FAVOURITE
EIQ_RACE_CC0124A2D8F6D596,EIQ_HORSE_D0700F745AD85C50,2025,-0.13129492602636939,EIQ_HORSE_D0700F745AD85C50,EIQ_HORSE_D0700F745AD85C50,SAME_FAVOURITE,True,True,SAME_FAVOURITE
EIQ_RACE_CC3A4C996FC1A581,EIQ_HORSE_BDDD658B7030C77A,2024,-0.07833583352214823,EIQ_HORSE_D6786A7C9E111B99,EIQ_HORSE_8C6631FE0330BAEB,CHALLENGER_CHANGED_FAVOURITE,False,False,BOTH_WRONG
EIQ_RACE_CC51721000594657,EIQ_HORSE_F2264B4D2D33EE9F,2021,0.002377443563986059,EIQ_HORSE_8B5913A04595FECA,EIQ_HORSE_6963E3A845F8CFE2,CHALLENGER_CHANGED_FAVOURITE,False,False,BOTH_WRONG
EIQ_RACE_CC520BF7D87BE9D4,EIQ_HORSE_E72CD75FD5C2B5AE,2021,0.02964690289955163,EIQ_HORSE_645087827A947EC1,EIQ_HORSE_645087827A947EC1,SAME_FAVOURITE,False,False,SAME_FAVOURITE
EIQ_RACE_CC59A3F178572D81,EIQ_HORSE_894148A977610815,2022,0.19398106017857852,EIQ_HORSE_DA6E3BFCEB665124,EIQ_HORSE_DA6E3BFCEB665124,SAME_FAVOURITE,False,False,SAME_FAVOURITE
EIQ_RACE_CC70015570981C27,EIQ_HORSE_80249D5983A25B7C,2022,-0.13988004030441337,EIQ_HORSE_35E011A93E8897DF,EIQ_HORSE_35E011A93E8897DF,SAME_FAVOURITE,False,False,SAME_FAVOURITE
EIQ_RACE_CC7113B9E5A37472,EIQ_HORSE_855A842AF7498FC0,2025,-0.1416941424373297,EIQ_HORSE_F7A66BAD8170F100,EIQ_HORSE_EB3FC41B44CA8D7E,CHALLENGER_CHANGED_FAVOURITE,False,False,BOTH_WRONG
EIQ_RACE_CC7B8B801B57AFC1,EIQ_HORSE_7143EDBB78AE1075,2022,0.05965871346732099,EIQ_HORSE_E96E37798ED9CE9F,EIQ_HORSE_52E97A4A26AD070E,CHALLENGER_CHANGED_FAVOURITE,False,False,BOTH_WRONG
EIQ_RACE_CC8443615CCA7101,EIQ_HORSE_B2536CD076BABCCB,2025,-0.11693193455542339,EIQ_HORSE_3211FA44D40C0640,EIQ_HORSE_3211FA44D40C0640,SAME_FAVOURITE,False,False,SAME_FAVOURITE
EIQ_RACE_CC87D61D07F533A6,EIQ_HORSE_F1E5740745FB4AA8,2024,-0.012919803216894454,EIQ_HORSE_25B05D7238568122,EIQ_HORSE_25B05D7238568122,SAME_FAVOURITE,False,False,SAME_FAVOURITE
EIQ_RACE_CC8F6037D56A74D6,EIQ_HORSE_21D295D3066CBD27,2026,-0.08189670806535498,EIQ_HORSE_21D295D3066CBD27,EIQ_HORSE_21D295D3066CBD27,SAME_FAVOURITE,True,True,SAME_FAVOURITE
EIQ_RACE_CCAD282CC8837011,EIQ_HORSE_575CAA18C0044312,2023,0.12122327901990859,EIQ_HORSE_06C5586926666D45,EIQ_HORSE_06C5586926666D45,SAME_FAVOURITE,False,False,SAME_FAVOURITE
EIQ_RACE_CCCC5546F6A6335D,EIQ_HORSE_613A865B91979C1B,2024,0.0018557019307312572,EIQ_HORSE_7268464A2C3BE3BF,EIQ_HORSE_7268464A2C3BE3BF,SAME_FAVOURITE,False,False,SAME_FAVOURITE
EIQ_RACE_CCDD90DDCAE06291,EIQ_HORSE_AE5D2AEC1CC62877,2022,-0.17045552567064393,EIQ_HORSE_AE5D2AEC1CC62877,EIQ_HORSE_AE5D2AEC1CC62877,SAME_FAVOURITE,True,True,SAME_FAVOURITE
EIQ_RACE_CCDF85C73A259FF9,EIQ_HORSE_66283F707F6EA9AC,2025,-0.06743792701524476,EIQ_HORSE_46BA1259B8ED5754,EIQ_HORSE_46BA1259B8ED5754,SAME_FAVOURITE,False,False,SAME_FAVOURITE
EIQ_RACE_CCE51628D3AE28C6,EIQ_HORSE_B9F72845BB131B8E,2024,0.044930169699334055,EIQ_HORSE_BEF3C8739F54A336,EIQ_HORSE_BEF3C8739F54A336,SAME_FAVOURITE,False,False,SAME_FAVOURITE
EIQ_RACE_CCEED13BFF61C308,EIQ_HORSE_9794950547326343,2021,-0.0707198957735995,EIQ_HORSE_84B27160D8238EEE,EIQ_HORSE_84B27160D8238EEE,SAME_FAVOURITE,False,False,SAME_FAVOURITE
EIQ_RACE_CD0467C31C3D54F9,EIQ_HORSE_8352E6EBCC9447E9,2025,0.09258079973099287,EIQ_HORSE_41F1C05B1207E26D,EIQ_HORSE_41F1C05B1207E26D,SAME_FAVOURITE,False,False,SAME_FAVOURITE
EIQ_RACE_CD0634DF15E6CE6D,EIQ_HORSE_6C2D76F3642D2249,2023,0.0469462603899351,EIQ_HORSE_3319950BF4835CD0,EIQ_HORSE_6C2D76F3642D2249,CHALLENGER_CHANGED_FAVOURITE,False,True,STRICT_WRONG_DROP_CORRECT
EIQ_RACE_CD284C58725AD6C2,EIQ_HORSE_DCBA1C574CA1495C,2024,0.04888042378475532,EIQ_HORSE_DCBA1C574CA1495C,EIQ_HORSE_DCBA1C574CA1495C,SAME_FAVOURITE,True,True,SAME_FAVOURITE
EIQ_RACE_CD2FEC6FAB0EAABD,EIQ_HORSE_4FEB51C5AED34083,2023,0.015997206219334537,EIQ_HORSE_DDADA9649A09FFED,EIQ_HORSE_DDADA9649A09FFED,SAME_FAVOURITE,False,False,SAME_FAVOURITE
EIQ_RACE_CD332878F2881E8F,EIQ_HORSE_077C5002093DEACF,2021,-0.16386652746905317,EIQ_HORSE_008202F2F69F6B5F,EIQ_HORSE_008202F2F69F6B5F,SAME_FAVOURITE,False,False,SAME_FAVOURITE
EIQ_RACE_CD36A3017C113424,EIQ_HORSE_D192193B7A225084,2021,0.03934242674322386,EIQ_HORSE_90874069213BE0AC,EIQ_HORSE_90874069213BE0AC,SAME_FAVOURITE,False,False,SAME_FAVOURITE
EIQ_RACE_CD4CF351F3C92116,EIQ_HORSE_E4D12A94DB063421,2021,-0.03325178077707136,EIQ_HORSE_313DB680A23A8EA1,EIQ_HORSE_313DB680A23A8EA1,SAME_FAVOURITE,False,False,SAME_FAVOURITE
EIQ_RACE_CD511682A005EB28,EIQ_HORSE_DBF7A8D3BBE29C6C,2021,-0.08820280293763716,EIQ_HORSE_E9F67712243EFBDA,EIQ_HORSE_E9F67712243EFBDA,SAME_FAVOURITE,False,False,SAME_FAVOURITE
EIQ_RACE_CD58DF20C53071B4,EIQ_HORSE_B4C1CD787BAC451E,2026,-0.3860714244563539,EIQ_HORSE_B4C1CD787BAC451E,EIQ_HORSE_4511851873AE87CA,CHALLENGER_CHANGED_FAVOURITE,True,False,STRICT_CORRECT_DROP_WRONG
EIQ_RACE_CD6FEC331AAD3E72,EIQ_HORSE_4CC053FBDD523A54,2025,0.019346625667630235,EIQ_HORSE_15876AF01C2A436C,EIQ_HORSE_15876AF01C2A436C,SAME_FAVOURITE,False,False,SAME_FAVOURITE
EIQ_RACE_CD72DB1C8500C2F6,EIQ_HORSE_21CC7783F6603B06,2025,-0.06381763226054282,EIQ_HORSE_813049370840171B,EIQ_HORSE_FC6B760BE644021B,CHALLENGER_CHANGED_FAVOURITE,False,False,BOTH_WRONG
EIQ_RACE_CD8677C79168A94B,EIQ_HORSE_984180F28199B0F3,2026,0.22801580474577632,EIQ_HORSE_E56E2155C808ABB9,EIQ_HORSE_111F2D6E25F099E1,CHALLENGER_CHANGED_FAVOURITE,False,False,BOTH_WRONG
EIQ_RACE_CDB2396F34755ADA,EIQ_HORSE_AC43AF9C496B54F1,2025,0.06959337313310776,EIQ_HORSE_AC43AF9C496B54F1,EIQ_HORSE_AC43AF9C496B54F1,SAME_FAVOURITE,True,True,SAME_FAVOURITE
EIQ_RACE_CDBA88E24894C0E0,EIQ_HORSE_D2F96B8B50B98E49,2024,-0.0709123758090191,EIQ_HORSE_D2F96B8B50B98E49,EIQ_HORSE_D2F96B8B50B98E49,SAME_FAVOURITE,True,True,SAME_FAVOURITE
EIQ_RACE_CDBD20762CB46F6B,EIQ_HORSE_787D7D2520086DCD,2024,0.09954933221178353,EIQ_HORSE_76A0DE8698549582,EIQ_HORSE_76A0DE8698549582,SAME_FAVOURITE,False,False,SAME_FAVOURITE
EIQ_RACE_CDBD6DDC31E489EE,EIQ_HORSE_7372A9E9AD4F8597,2021,0.24522478879987997,EIQ_HORSE_B97C31A0625A7410,EIQ_HORSE_B97C31A0625A7410,SAME_FAVOURITE,False,False,SAME_FAVOURITE
EIQ_RACE_CDBFD742B40643AE,EIQ_HORSE_18AD37443FEBA2A6,2024,-0.024635427725579362,EIQ_HORSE_86E06AA345DAB67B,EIQ_HORSE_03800F77CF54A4FA,CHALLENGER_CHANGED_FAVOURITE,False,False,BOTH_WRONG
EIQ_RACE_CDC0CE7E5648A87C,EIQ_HORSE_C7112C4AE28C85BF,2024,0.024288499512259643,EIQ_HORSE_42A2F67E50BB8587,EIQ_HORSE_537595F44AB4BC49,CHALLENGER_CHANGED_FAVOURITE,False,False,BOTH_WRONG
EIQ_RACE_CDC213A10F5ACD1B,EIQ_HORSE_5FDB78ED03C1B03A,2024,0.14690387284713102,EIQ_HORSE_3913F4D45F4BF75D,EIQ_HORSE_5FDB78ED03C1B03A,CHALLENGER_CHANGED_FAVOURITE,False,True,STRICT_WRONG_DROP_CORRECT
EIQ_RACE_CDDE4A4E2524001E,EIQ_HORSE_6F7F5A382C10B2B8,2025,-0.019172026216982108,EIQ_HORSE_60AD632800C19C31,EIQ_HORSE_60AD632800C19C31,SAME_FAVOURITE,False,False,SAME_FAVOURITE
EIQ_RACE_CDEC89AF2FACEE63,EIQ_HORSE_B4195E514F2A7E71,2024,0.0002181812482997536,EIQ_HORSE_74AF0F56945E83F2,EIQ_HORSE_74AF0F56945E83F2,SAME_FAVOURITE,False,False,SAME_FAVOURITE
EIQ_RACE_CDFCB09D410FFDBC,EIQ_HORSE_C320C7C83B3AA56C,2021,0.017128192677121845,EIQ_HORSE_C6598C89204CFF5E,EIQ_HORSE_C6598C89204CFF5E,SAME_FAVOURITE,False,False,SAME_FAVOURITE
EIQ_RACE_CE00E65633314E1A,EIQ_HORSE_60D7D33C029A8F9B,2021,0.00488623809252009,EIQ_HORSE_60D7D33C029A8F9B,EIQ_HORSE_152BCEDC07115F31,CHALLENGER_CHANGED_FAVOURITE,True,False,STRICT_CORRECT_DROP_WRONG
EIQ_RACE_CE25CD617CA0B436,EIQ_HORSE_FF368AB105184829,2025,-0.1311450924000217,EIQ_HORSE_56758358DFB2AEAE,EIQ_HORSE_56758358DFB2AEAE,SAME_FAVOURITE,False,False,SAME_FAVOURITE
EIQ_RACE_CE266B1A751E5F1A,EIQ_HORSE_FCCF571D649BFDE7,2021,0.005009131553200152,EIQ_HORSE_1D55746E7C59B926,EIQ_HORSE_1D55746E7C59B926,SAME_FAVOURITE,False,False,SAME_FAVOURITE
EIQ_RACE_CE286908B45891AF,EIQ_HORSE_C4D888DE1D29BC80,2024,0.14524717877753646,EIQ_HORSE_1AD68B64115DADCA,EIQ_HORSE_1AD68B64115DADCA,SAME_FAVOURITE,False,False,SAME_FAVOURITE
EIQ_RACE_CE43816ACFA89061,EIQ_HORSE_9A28FD950E5DCC2B,2024,0.10998062209398118,EIQ_HORSE_CC6C3B6EF80A3193,EIQ_HORSE_CC6C3B6EF80A3193,SAME_FAVOURITE,False,False,SAME_FAVOURITE
EIQ_RACE_CE7CCD9F41229D79,EIQ_HORSE_B1BCE8E466058979,2024,0.027019375742336926,EIQ_HORSE_B1BCE8E466058979,EIQ_HORSE_B1BCE8E466058979,SAME_FAVOURITE,True,True,SAME_FAVOURITE
EIQ_RACE_CE7D3F5298F2E958,EIQ_HORSE_89AD1C27D54995E6,2025,-0.07370121386716155,EIQ_HORSE_D1F6FF20581EC4C7,EIQ_HORSE_D1F6FF20581EC4C7,SAME_FAVOURITE,False,False,SAME_FAVOURITE
EIQ_RACE_CE90CD4212BE66AA,EIQ_HORSE_FE6CDCAA10737D0C,2024,0.10002068875946102,EIQ_HORSE_BDC580E56A83E26F,EIQ_HORSE_BDC580E56A83E26F,SAME_FAVOURITE,False,False,SAME_FAVOURITE
EIQ_RACE_CEC1E7E93932D055,EIQ_HORSE_8E9392039C9EF2FE,2024,0.23821168677901206,EIQ_HORSE_4195D8B9D5BACEE1,EIQ_HORSE_4195D8B9D5BACEE1,SAME_FAVOURITE,False,False,SAME_FAVOURITE
EIQ_RACE_CEC331B0400A3039,EIQ_HORSE_C0D2F06623767D9E,2024,-0.09372106491191312,EIQ_HORSE_7DEDDDA6B1CE1CB6,EIQ_HORSE_001C3F875E8A4DFF,CHALLENGER_CHANGED_FAVOURITE,False,False,BOTH_WRONG
EIQ_RACE_CEC568ADA7F5D2AC,EIQ_HORSE_BD57DE1E452C6FBC,2021,0.14929062077451127,EIQ_HORSE_7AFC0ED5D2B193C4,EIQ_HORSE_7AFC0ED5D2B193C4,SAME_FAVOURITE,False,False,SAME_FAVOURITE
EIQ_RACE_CEC8871D96F05108,EIQ_HORSE_5A4E42C59DB88D39,2023,-0.008949777718982865,EIQ_HORSE_53F5FFB0094DD761,EIQ_HORSE_53F5FFB0094DD761,SAME_FAVOURITE,False,False,SAME_FAVOURITE
EIQ_RACE_CEC9702B4561D383,EIQ_HORSE_2170E8FAD7EAED57,2024,0.09941278664228603,EIQ_HORSE_B5174801E642110D,EIQ_HORSE_2170E8FAD7EAED57,CHALLENGER_CHANGED_FAVOURITE,False,True,STRICT_WRONG_DROP_CORRECT
EIQ_RACE_CECDCE1826CB3C8E,EIQ_HORSE_D77A33E636FEE069,2024,0.07969905226679774,EIQ_HORSE_482F543F42909DA8,EIQ_HORSE_482F543F42909DA8,SAME_FAVOURITE,False,False,SAME_FAVOURITE
EIQ_RACE_CEE16E8A98F17FDB,EIQ_HORSE_9ED5A6B8510C7D1B,2021,-0.016209243981549104,EIQ_HORSE_614B70AEB5304B92,EIQ_HORSE_614B70AEB5304B92,SAME_FAVOURITE,False,False,SAME_FAVOURITE
EIQ_RACE_CEF092360CBA4694,EIQ_HORSE_55B74D648DFEBD4A,2023,-0.0006400364226122335,EIQ_HORSE_E54D918EE0B189C0,EIQ_HORSE_E54D918EE0B189C0,SAME_FAVOURITE,False,False,SAME_FAVOURITE
EIQ_RACE_CF27424FF98AA319,EIQ_HORSE_69604B135328857B,2022,-0.20214082168795922,EIQ_HORSE_69604B135328857B,EIQ_HORSE_023787CEF9535E9E,CHALLENGER_CHANGED_FAVOURITE,True,False,STRICT_CORRECT_DROP_WRONG
EIQ_RACE_CF32BE98445FF459,EIQ_HORSE_70B7CD04F3092265,2023,0.32146008292552386,EIQ_HORSE_5D2ABBF15AE37D87,EIQ_HORSE_5D2ABBF15AE37D87,SAME_FAVOURITE,False,False,SAME_FAVOURITE
EIQ_RACE_CF3B216DD5276F31,EIQ_HORSE_C75AF3D0C9B67BF1,2023,0.02243187956596171,EIQ_HORSE_FBAA0E9E5D21C02B,EIQ_HORSE_C75AF3D0C9B67BF1,CHALLENGER_CHANGED_FAVOURITE,False,True,STRICT_WRONG_DROP_CORRECT
EIQ_RACE_CF3CAE936848AB6D,EIQ_HORSE_6C5D7A358E91756F,2024,0.10463436439951312,EIQ_HORSE_662E6D161F73D00A,EIQ_HORSE_662E6D161F73D00A,SAME_FAVOURITE,False,False,SAME_FAVOURITE
EIQ_RACE_CF5034509B3A45B3,EIQ_HORSE_5AC030233348DE01,2024,0.0009991520599927917,EIQ_HORSE_1A7B7A7DF3BE3865,EIQ_HORSE_1A7B7A7DF3BE3865,SAME_FAVOURITE,False,False,SAME_FAVOURITE
EIQ_RACE_CF5206850B47934D,EIQ_HORSE_FC9447C67870FAEC,2023,0.09228968450486641,EIQ_HORSE_C0583C02F660E247,EIQ_HORSE_C0583C02F660E247,SAME_FAVOURITE,False,False,SAME_FAVOURITE
EIQ_RACE_CF59E919CCFF1DB1,EIQ_HORSE_9344CC16A9A0BC87,2022,-0.11506121352735144,EIQ_HORSE_13E6767D568229DB,EIQ_HORSE_13E6767D568229DB,SAME_FAVOURITE,False,False,SAME_FAVOURITE
EIQ_RACE_CF72BABFBBD38FB9,EIQ_HORSE_E0A0800D985D4224,2025,0.0817393876950443,EIQ_HORSE_7FCB84E4C8675A2B,EIQ_HORSE_7FCB84E4C8675A2B,SAME_FAVOURITE,False,False,SAME_FAVOURITE
EIQ_RACE_CF7307C7F4AE4673,EIQ_HORSE_DB63B7E9F167B71D,2023,0.09151322533824868,EIQ_HORSE_DB63B7E9F167B71D,EIQ_HORSE_DB63B7E9F167B71D,SAME_FAVOURITE,True,True,SAME_FAVOURITE
EIQ_RACE_CF857B30AC419646,EIQ_HORSE_F0638CF8F9A10D87,2024,0.08455832292865173,EIQ_HORSE_19671B2B6A412883,EIQ_HORSE_19671B2B6A412883,SAME_FAVOURITE,False,False,SAME_FAVOURITE
EIQ_RACE_CF87A124873D4114,EIQ_HORSE_5F347DD88DE6E338,2021,0.1025448191462961,EIQ_HORSE_EEE54C3CBB2DD3A7,EIQ_HORSE_EEE54C3CBB2DD3A7,SAME_FAVOURITE,False,False,SAME_FAVOURITE
EIQ_RACE_CF8F0D436DF8B100,EIQ_HORSE_87091D89BEFC4E0C,2024,-0.02700300580146986,EIQ_HORSE_9FF199228F581BAB,EIQ_HORSE_9FF199228F581BAB,SAME_FAVOURITE,False,False,SAME_FAVOURITE
EIQ_RACE_CF9C367E420980E4,EIQ_HORSE_31D13546297ADBF3,2023,-0.18895334252550144,EIQ_HORSE_31D13546297ADBF3,EIQ_HORSE_52253BF601EAD9DE,CHALLENGER_CHANGED_FAVOURITE,True,False,STRICT_CORRECT_DROP_WRONG
EIQ_RACE_CFA80BBD2C3D7FF7,EIQ_HORSE_BEF7F11396B0E4CE,2021,0.007199296879998984,EIQ_HORSE_FC2C93961211DA42,EIQ_HORSE_FC2C93961211DA42,SAME_FAVOURITE,False,False,SAME_FAVOURITE
EIQ_RACE_CFADBD3E0CDA653A,EIQ_HORSE_5933DBA0D26560A1,2022,-0.11840262565070359,EIQ_HORSE_BBC59704F6D93768,EIQ_HORSE_BBC59704F6D93768,SAME_FAVOURITE,False,False,SAME_FAVOURITE
EIQ_RACE_CFBCD033D286CA1E,EIQ_HORSE_E7D177F440D3CBF7,2021,0.16694175532626132,EIQ_HORSE_203772FA09D576B7,EIQ_HORSE_203772FA09D576B7,SAME_FAVOURITE,False,False,SAME_FAVOURITE
EIQ_RACE_CFBD753E0BF2F414,EIQ_HORSE_D72724283DD9E791,2025,-0.0071250766145551925,EIQ_HORSE_D72724283DD9E791,EIQ_HORSE_D72724283DD9E791,SAME_FAVOURITE,True,True,SAME_FAVOURITE
EIQ_RACE_CFC0541C8B2A148C,EIQ_HORSE_862EEC30B299B69B,2023,-0.10850028159175773,EIQ_HORSE_E2863DF5FF024EF8,EIQ_HORSE_E2863DF5FF024EF8,SAME_FAVOURITE,False,False,SAME_FAVOURITE
EIQ_RACE_CFC76197E36FD117,EIQ_HORSE_29C864D0A1337E50,2023,-0.12231672203340493,EIQ_HORSE_29C864D0A1337E50,EIQ_HORSE_29C864D0A1337E50,SAME_FAVOURITE,True,True,SAME_FAVOURITE
EIQ_RACE_CFC92C21C6CB0998,EIQ_HORSE_DFE3351EA61561C4,2024,-0.038600050102018946,EIQ_HORSE_DFE3351EA61561C4,EIQ_HORSE_94816A8B142DA162,CHALLENGER_CHANGED_FAVOURITE,True,False,STRICT_CORRECT_DROP_WRONG
EIQ_RACE_CFFA02C01B5C3789,EIQ_HORSE_D78F6CC7A862EF7A,2024,-0.0716207298040119,EIQ_HORSE_D78F6CC7A862EF7A,EIQ_HORSE_124142A07238FDD5,CHALLENGER_CHANGED_FAVOURITE,True,False,STRICT_CORRECT_DROP_WRONG
EIQ_RACE_D02E3A9A9FF7553E,EIQ_HORSE_8AD71253AEBC15DC,2025,-0.06636596162704755,EIQ_HORSE_4C07CA4E8604DAB0,EIQ_HORSE_4C07CA4E8604DAB0,SAME_FAVOURITE,False,False,SAME_FAVOURITE
EIQ_RACE_D03FF0390D90D881,EIQ_HORSE_938DDF8948E401D6,2022,0.011265191621929738,EIQ_HORSE_5FE63302437F1DC3,EIQ_HORSE_5FE63302437F1DC3,SAME_FAVOURITE,False,False,SAME_FAVOURITE
EIQ_RACE_D04B2AFF62CEDA36,EIQ_HORSE_42BF13416FAD5725,2023,0.025765797545756586,EIQ_HORSE_5FC93A35DD7EE1C0,EIQ_HORSE_5FC93A35DD7EE1C0,SAME_FAVOURITE,False,False,SAME_FAVOURITE
EIQ_RACE_D0515FBD395CF88E,EIQ_HORSE_C6F615B57537B204,2024,0.07994184434869744,EIQ_HORSE_ADD83292BAD93B5D,EIQ_HORSE_ADD83292BAD93B5D,SAME_FAVOURITE,False,False,SAME_FAVOURITE
EIQ_RACE_D052693FF5893A63,EIQ_HORSE_52253BF601EAD9DE,2024,0.00032360581379498043,EIQ_HORSE_2044819DAEB61566,EIQ_HORSE_2044819DAEB61566,SAME_FAVOURITE,False,False,SAME_FAVOURITE
EIQ_RACE_D056E446984D6C5E,EIQ_HORSE_1F7FC7F15DA59D8E,2023,0.2588972236817302,EIQ_HORSE_AEE907986A38A716,EIQ_HORSE_AEE907986A38A716,SAME_FAVOURITE,False,False,SAME_FAVOURITE
EIQ_RACE_D063A971A411F454,EIQ_HORSE_F7908C59D5DC9FD6,2025,-0.0694967759591878,EIQ_HORSE_5EFBBC2952C74877,EIQ_HORSE_5EFBBC2952C74877,SAME_FAVOURITE,False,False,SAME_FAVOURITE
EIQ_RACE_D06473E29390F250,EIQ_HORSE_4B2436A4BF9ED3FE,2025,-0.12619942219912716,EIQ_HORSE_4B2436A4BF9ED3FE,EIQ_HORSE_4B2436A4BF9ED3FE,SAME_FAVOURITE,True,True,SAME_FAVOURITE
EIQ_RACE_D073B89BA96D487E,EIQ_HORSE_B3565EAC654DA43E,2021,0.0113818257502043,EIQ_HORSE_1DDB0C126C4F08C9,EIQ_HORSE_1DDB0C126C4F08C9,SAME_FAVOURITE,False,False,SAME_FAVOURITE
EIQ_RACE_D07DDA8FB425FFE6,EIQ_HORSE_DD03D7255E1128C6,2021,-0.013221803382414521,EIQ_HORSE_80B9A4069262F8D8,EIQ_HORSE_99AB59FBF8C17EF9,CHALLENGER_CHANGED_FAVOURITE,False,False,BOTH_WRONG
EIQ_RACE_D092BDB534B46096,EIQ_HORSE_3A17B4E5DA593839,2021,0.011825055398245965,EIQ_HORSE_0AA774CE71E1D202,EIQ_HORSE_0AA774CE71E1D202,SAME_FAVOURITE,False,False,SAME_FAVOURITE
EIQ_RACE_D099C5268485E148,EIQ_HORSE_A27534756EBC9B3E,2024,0.0722259748141556,EIQ_HORSE_A4F3307AC19C2132,EIQ_HORSE_A4F3307AC19C2132,SAME_FAVOURITE,False,False,SAME_FAVOURITE
EIQ_RACE_D09AD89C05DD2CF6,EIQ_HORSE_6F3CB1231AC963AE,2024,-0.21791026935949098,EIQ_HORSE_5DAB0A9A9D82A881,EIQ_HORSE_5DAB0A9A9D82A881,SAME_FAVOURITE,False,False,SAME_FAVOURITE
EIQ_RACE_D0AADD6B2AA55CEF,EIQ_HORSE_FE04C381F881CB1C,2021,0.1002444613191833,EIQ_HORSE_137582758C313FD0,EIQ_HORSE_137582758C313FD0,SAME_FAVOURITE,False,False,SAME_FAVOURITE
EIQ_RACE_D0B346548E74A679,EIQ_HORSE_A6B278FE0D932DDF,2022,-0.1076535498111002,EIQ_HORSE_A6B278FE0D932DDF,EIQ_HORSE_A6B278FE0D932DDF,SAME_FAVOURITE,True,True,SAME_FAVOURITE
EIQ_RACE_D0C8AC2C0EA9A336,EIQ_HORSE_B824A9079C5C95D3,2023,-0.14067843452514506,EIQ_HORSE_D77A33E636FEE069,EIQ_HORSE_D77A33E636FEE069,SAME_FAVOURITE,False,False,SAME_FAVOURITE
EIQ_RACE_D0CEEA45914743FC,EIQ_HORSE_6A9D3C505EDEE3BD,2023,0.029844320095492538,EIQ_HORSE_8F6CF812965FDE55,EIQ_HORSE_8F6CF812965FDE55,SAME_FAVOURITE,False,False,SAME_FAVOURITE
EIQ_RACE_D0CFFB469B992CFE,EIQ_HORSE_B2536CD076BABCCB,2025,0.176114025322327,EIQ_HORSE_536D37C52208FA85,EIQ_HORSE_536D37C52208FA85,SAME_FAVOURITE,False,False,SAME_FAVOURITE
EIQ_RACE_D0E2B170F6A87692,EIQ_HORSE_D99CCDE05E3933F9,2024,0.09929496279173544,EIQ_HORSE_D99CCDE05E3933F9,EIQ_HORSE_D99CCDE05E3933F9,SAME_FAVOURITE,True,True,SAME_FAVOURITE
EIQ_RACE_D0E3208281B1D4C9,EIQ_HORSE_492E580DA92680AC,2026,-0.15073309981944094,EIQ_HORSE_0D34A83138EB8DAE,EIQ_HORSE_0D34A83138EB8DAE,SAME_FAVOURITE,False,False,SAME_FAVOURITE
EIQ_RACE_D1057F345A035F08,EIQ_HORSE_914DE515403570F5,2024,0.03039491812173445,EIQ_HORSE_25AF9C01A88101A3,EIQ_HORSE_25AF9C01A88101A3,SAME_FAVOURITE,False,False,SAME_FAVOURITE
EIQ_RACE_D10939B2780D04ED,EIQ_HORSE_3A4A95EF294EDBE1,2024,-0.019368229087021183,EIQ_HORSE_3A4A95EF294EDBE1,EIQ_HORSE_F7D1C71F2C2571FC,CHALLENGER_CHANGED_FAVOURITE,True,False,STRICT_CORRECT_DROP_WRONG
EIQ_RACE_D11C16FFE248FE88,EIQ_HORSE_5353360DCCEBC46E,2024,-0.0930607841837856,EIQ_HORSE_0FF91259A9C7A015,EIQ_HORSE_0FF91259A9C7A015,SAME_FAVOURITE,False,False,SAME_FAVOURITE
EIQ_RACE_D12E39523D3E0A7C,EIQ_HORSE_83965BCA6B1EE3D3,2024,-0.013474342154572216,EIQ_HORSE_4C41985C5B6B816F,EIQ_HORSE_4C41985C5B6B816F,SAME_FAVOURITE,False,False,SAME_FAVOURITE
EIQ_RACE_D12F0E3E5E7888FC,EIQ_HORSE_B81153653F940ABD,2024,0.01214039853767801,EIQ_HORSE_E663D1BF7F49E95F,EIQ_HORSE_E663D1BF7F49E95F,SAME_FAVOURITE,False,False,SAME_FAVOURITE
EIQ_RACE_D15832EB19AEA70A,EIQ_HORSE_9BCD653391BE0928,2023,-0.16547334576106176,EIQ_HORSE_9BCD653391BE0928,EIQ_HORSE_9BCD653391BE0928,SAME_FAVOURITE,True,True,SAME_FAVOURITE
EIQ_RACE_D159EA45F394138A,EIQ_HORSE_5640FF2B4A4C6AE5,2025,-0.007468723266093713,EIQ_HORSE_5640FF2B4A4C6AE5,EIQ_HORSE_5640FF2B4A4C6AE5,SAME_FAVOURITE,True,True,SAME_FAVOURITE
EIQ_RACE_D166A0DF94D15B4F,EIQ_HORSE_A58506D357162818,2024,-0.027164343484539,EIQ_HORSE_C021253D508B0499,EIQ_HORSE_C021253D508B0499,SAME_FAVOURITE,False,False,SAME_FAVOURITE
EIQ_RACE_D173E3C00DB8511B,EIQ_HORSE_48D787D2A223D2D0,2025,-0.20139184857926917,EIQ_HORSE_48D787D2A223D2D0,EIQ_HORSE_DDB1BD4F365E02D4,CHALLENGER_CHANGED_FAVOURITE,True,False,STRICT_CORRECT_DROP_WRONG
EIQ_RACE_D1777C84AE9F2037,EIQ_HORSE_15F95DE74A987E66,2024,-0.010643823563099675,EIQ_HORSE_0C7CBB5FAB802E08,EIQ_HORSE_0C7CBB5FAB802E08,SAME_FAVOURITE,False,False,SAME_FAVOURITE
EIQ_RACE_D17E97E72468AF1D,EIQ_HORSE_B77C177D583163C5,2023,-0.10285086945353061,EIQ_HORSE_6F5A9FD5EEB8C778,EIQ_HORSE_6F5A9FD5EEB8C778,SAME_FAVOURITE,False,False,SAME_FAVOURITE
EIQ_RACE_D1965038B9C0075C,EIQ_HORSE_E2404311F573428F,2024,-0.05529503635176525,EIQ_HORSE_7BD093CB6B22F38A,EIQ_HORSE_7BD093CB6B22F38A,SAME_FAVOURITE,False,False,SAME_FAVOURITE
EIQ_RACE_D19767EA7B4D100E,EIQ_HORSE_3536B3992DB30CD8,2026,0.013961277263302208,EIQ_HORSE_3536B3992DB30CD8,EIQ_HORSE_02F6488A4BD6A2E5,CHALLENGER_CHANGED_FAVOURITE,True,False,STRICT_CORRECT_DROP_WRONG
EIQ_RACE_D19818B61016C356,EIQ_HORSE_8352E6EBCC9447E9,2025,0.0858251177064091,EIQ_HORSE_7B3BF85957CB7EF2,EIQ_HORSE_7B3BF85957CB7EF2,SAME_FAVOURITE,False,False,SAME_FAVOURITE
EIQ_RACE_D19DDCD946A9A0E1,EIQ_HORSE_35776AADF935CB8C,2024,-0.0932024204375933,EIQ_HORSE_35776AADF935CB8C,EIQ_HORSE_35776AADF935CB8C,SAME_FAVOURITE,True,True,SAME_FAVOURITE
EIQ_RACE_D1BBEFFCEBDE5657,EIQ_HORSE_E4D12A94DB063421,2024,-0.13449738301099057,EIQ_HORSE_7A660C4A028F1FBA,EIQ_HORSE_7A660C4A028F1FBA,SAME_FAVOURITE,False,False,SAME_FAVOURITE
EIQ_RACE_D1CB19D686E30EFF,EIQ_HORSE_5B9FF3DE871C7E33,2021,-0.07703161673263414,EIQ_HORSE_B31072C82F5F1D5E,EIQ_HORSE_B31072C82F5F1D5E,SAME_FAVOURITE,False,False,SAME_FAVOURITE
EIQ_RACE_D1D20A7B96035140,EIQ_HORSE_99D741E5A72C1EE7,2021,0.09615165848500373,EIQ_HORSE_ECEF384A989051C4,EIQ_HORSE_ECEF384A989051C4,SAME_FAVOURITE,False,False,SAME_FAVOURITE
EIQ_RACE_D1D32329A56EF3E9,EIQ_HORSE_112DB91594E1DEF1,2021,-0.047745450163953596,EIQ_HORSE_AFFC74B7ADBFB9B1,EIQ_HORSE_AFFC74B7ADBFB9B1,SAME_FAVOURITE,False,False,SAME_FAVOURITE
EIQ_RACE_D1D7D34E1448EFDF,EIQ_HORSE_DE2F2DC2D8E28E20,2026,-0.12972267655898806,EIQ_HORSE_F3B498F09FADBAAA,EIQ_HORSE_F3B498F09FADBAAA,SAME_FAVOURITE,False,False,SAME_FAVOURITE
EIQ_RACE_D1D990A563684267,EIQ_HORSE_36D5732D49F379AA,2023,0.050695276846381754,EIQ_HORSE_BE6AE7B1AAB37294,EIQ_HORSE_BE6AE7B1AAB37294,SAME_FAVOURITE,False,False,SAME_FAVOURITE
EIQ_RACE_D1DBCE2CB866788E,EIQ_HORSE_23A8B44B8821D371,2024,0.010776925981799579,EIQ_HORSE_55C527F1E7965CCD,EIQ_HORSE_55C527F1E7965CCD,SAME_FAVOURITE,False,False,SAME_FAVOURITE
EIQ_RACE_D1E2D191F9D3C940,EIQ_HORSE_E30FA1C16B891F0F,2024,0.11189253228953877,EIQ_HORSE_3D10671D603D1F9B,EIQ_HORSE_3D10671D603D1F9B,SAME_FAVOURITE,False,False,SAME_FAVOURITE
EIQ_RACE_D1E6D972277CAC77,EIQ_HORSE_C12A9E14C2FFD283,2021,0.04822213237081163,EIQ_HORSE_EAA334D873576EA9,EIQ_HORSE_EAA334D873576EA9,SAME_FAVOURITE,False,False,SAME_FAVOURITE
EIQ_RACE_D1EC552F7B5D1949,EIQ_HORSE_0D47FC422F7C2BB5,2024,0.024611823627270102,EIQ_HORSE_90C72B8B86EEF690,EIQ_HORSE_0EE9F5F65D56C107,CHALLENGER_CHANGED_FAVOURITE,False,False,BOTH_WRONG
EIQ_RACE_D1EF27DB4D4127B2,EIQ_HORSE_11459D7300BE15A8,2025,0.06383843498463371,EIQ_HORSE_11459D7300BE15A8,EIQ_HORSE_11459D7300BE15A8,SAME_FAVOURITE,True,True,SAME_FAVOURITE
EIQ_RACE_D1F7D0CD2D4E3F35,EIQ_HORSE_1EAE4D68608A6D11,2021,0.034498212589856525,EIQ_HORSE_7842B1CDF29277B4,EIQ_HORSE_7842B1CDF29277B4,SAME_FAVOURITE,False,False,SAME_FAVOURITE
EIQ_RACE_D1FD05B4762FF665,EIQ_HORSE_E61E8D9638627261,2023,-0.3519072866112891,EIQ_HORSE_6C4AFBC386C5D36F,EIQ_HORSE_6C4AFBC386C5D36F,SAME_FAVOURITE,False,False,SAME_FAVOURITE
EIQ_RACE_D205D907F1450297,EIQ_HORSE_B33678D317211A46,2022,0.17401019152221697,EIQ_HORSE_323FDD0760DDC515,EIQ_HORSE_323FDD0760DDC515,SAME_FAVOURITE,False,False,SAME_FAVOURITE
EIQ_RACE_D217E6D977EA098D,EIQ_HORSE_3E6BB107A3A1F17A,2024,-0.1300178991218912,EIQ_HORSE_3E6BB107A3A1F17A,EIQ_HORSE_3E6BB107A3A1F17A,SAME_FAVOURITE,True,True,SAME_FAVOURITE
EIQ_RACE_D25924A421281154,EIQ_HORSE_B95FCAE3AF9AB140,2021,-0.15779755582552246,EIQ_HORSE_B95FCAE3AF9AB140,EIQ_HORSE_B47DD924FDF361D0,CHALLENGER_CHANGED_FAVOURITE,True,False,STRICT_CORRECT_DROP_WRONG
EIQ_RACE_D2674C845B205BEF,EIQ_HORSE_50E968C6F53AFFAE,2023,-0.002961372136260021,EIQ_HORSE_481C614290F5C24F,EIQ_HORSE_481C614290F5C24F,SAME_FAVOURITE,False,False,SAME_FAVOURITE
EIQ_RACE_D27D6C7818FF3C73,EIQ_HORSE_23335B3108B82524,2023,-0.1973304771272224,EIQ_HORSE_B9C038073D235A72,EIQ_HORSE_B9C038073D235A72,SAME_FAVOURITE,False,False,SAME_FAVOURITE
EIQ_RACE_D2832F87DEEE837C,EIQ_HORSE_14049E0C2DBF8EF1,2021,0.019397134153011253,EIQ_HORSE_A1590F12A29F6E14,EIQ_HORSE_B7D6A0E4AFC65489,CHALLENGER_CHANGED_FAVOURITE,False,False,BOTH_WRONG
EIQ_RACE_D2D1FBF147034E5E,EIQ_HORSE_1D0FE1F53E3F48ED,2025,0.03904039801778758,EIQ_HORSE_BD58C66F2BA851E4,EIQ_HORSE_BD58C66F2BA851E4,SAME_FAVOURITE,False,False,SAME_FAVOURITE
EIQ_RACE_D2D311D9BD18F4AF,EIQ_HORSE_E9BCE024B8AB1DAC,2024,0.047880341888484335,EIQ_HORSE_561DA8C464400020,EIQ_HORSE_561DA8C464400020,SAME_FAVOURITE,False,False,SAME_FAVOURITE
EIQ_RACE_D2D55980F3F06EB8,EIQ_HORSE_98CCB2E73C1AE928,2021,0.12872128547963957,EIQ_HORSE_34C6E5ED94C26B36,EIQ_HORSE_34C6E5ED94C26B36,SAME_FAVOURITE,False,False,SAME_FAVOURITE
EIQ_RACE_D2E6D5108379F823,EIQ_HORSE_0C96C0E601F6A18E,2023,-0.19673510568885577,EIQ_HORSE_42E058C68B096724,EIQ_HORSE_42E058C68B096724,SAME_FAVOURITE,False,False,SAME_FAVOURITE
EIQ_RACE_D302DF69516A7D01,EIQ_HORSE_346EAEE7655F6ED7,2023,-0.10081713512567392,EIQ_HORSE_73B001E4DD5EF460,EIQ_HORSE_73B001E4DD5EF460,SAME_FAVOURITE,False,False,SAME_FAVOURITE
EIQ_RACE_D30AA75FE2EB69CA,EIQ_HORSE_B6B7DEB7C964EFF4,2024,0.004248137966157195,EIQ_HORSE_B6B7DEB7C964EFF4,EIQ_HORSE_B6B7DEB7C964EFF4,SAME_FAVOURITE,True,True,SAME_FAVOURITE
EIQ_RACE_D31F023CA8699530,EIQ_HORSE_CD21FA0C0CC7785F,2023,-0.02260251054502227,EIQ_HORSE_B97DF40980BFE769,EIQ_HORSE_B97DF40980BFE769,SAME_FAVOURITE,False,False,SAME_FAVOURITE
EIQ_RACE_D3273FBD16759DE1,EIQ_HORSE_7842B1CDF29277B4,2021,0.09754129592349026,EIQ_HORSE_15FD649AA8399503,EIQ_HORSE_D9B23E5F2D76A696,CHALLENGER_CHANGED_FAVOURITE,False,False,BOTH_WRONG
EIQ_RACE_D33252EF72B592DB,EIQ_HORSE_F0881E34289E6185,2023,0.08478462951566712,EIQ_HORSE_414E7018638C0C71,EIQ_HORSE_414E7018638C0C71,SAME_FAVOURITE,False,False,SAME_FAVOURITE
EIQ_RACE_D33AE45DECF19AAC,EIQ_HORSE_8D8EA6510146950E,2024,-0.07984083910503736,EIQ_HORSE_8D8EA6510146950E,EIQ_HORSE_8D8EA6510146950E,SAME_FAVOURITE,True,True,SAME_FAVOURITE
EIQ_RACE_D33E8BC5E314DF27,EIQ_HORSE_AA30BAE3DFFF7002,2025,-0.051570648376586314,EIQ_HORSE_E0C727296977A649,EIQ_HORSE_E0C727296977A649,SAME_FAVOURITE,False,False,SAME_FAVOURITE
EIQ_RACE_D360827CF2A5CF7B,EIQ_HORSE_BB6846828AF64403,2023,0.025627922403896664,EIQ_HORSE_BE199856E70C43D5,EIQ_HORSE_BB6846828AF64403,CHALLENGER_CHANGED_FAVOURITE,False,True,STRICT_WRONG_DROP_CORRECT
EIQ_RACE_D36AC1A5EDDA20A1,EIQ_HORSE_540BA7DECE05C0F8,2026,-0.016417194573920435,EIQ_HORSE_59FDB7DBEBBDCF58,EIQ_HORSE_59FDB7DBEBBDCF58,SAME_FAVOURITE,False,False,SAME_FAVOURITE
EIQ_RACE_D373AF80C83F06D7,EIQ_HORSE_D74B1DE4D86FE345,2021,0.16107573129156894,EIQ_HORSE_CA2A8FAC1355A315,EIQ_HORSE_CA2A8FAC1355A315,SAME_FAVOURITE,False,False,SAME_FAVOURITE
EIQ_RACE_D390095C7D2AACCD,EIQ_HORSE_9D172E3C8A3D3943,2025,-0.06097378580463819,EIQ_HORSE_A8CD5A3DA703DCA7,EIQ_HORSE_A8CD5A3DA703DCA7,SAME_FAVOURITE,False,False,SAME_FAVOURITE
EIQ_RACE_D39857F3DC4FFBA4,EIQ_HORSE_29968F52CB2D7E5D,2024,0.09847995226530015,EIQ_HORSE_2D9848E452483C33,EIQ_HORSE_2D9848E452483C33,SAME_FAVOURITE,False,False,SAME_FAVOURITE
EIQ_RACE_D3AD954A3AFBF02F,EIQ_HORSE_75EFF5EC4B56521C,2025,0.06420925270284972,EIQ_HORSE_2895CAF8D496A21F,EIQ_HORSE_2895CAF8D496A21F,SAME_FAVOURITE,False,False,SAME_FAVOURITE
EIQ_RACE_D3C3C650C356E22D,EIQ_HORSE_9D31EC95FD30E54E,2022,-0.028675623769234715,EIQ_HORSE_9D31EC95FD30E54E,EIQ_HORSE_9D31EC95FD30E54E,SAME_FAVOURITE,True,True,SAME_FAVOURITE
EIQ_RACE_D3CBAF380BC3B01B,EIQ_HORSE_E31FCBE033DA38D3,2025,0.01908700846791822,EIQ_HORSE_21BAB4128E399923,EIQ_HORSE_21BAB4128E399923,SAME_FAVOURITE,False,False,SAME_FAVOURITE
EIQ_RACE_D3CBFC9036267A80,EIQ_HORSE_1CFFC8E0068072BA,2024,0.1142038929100071,EIQ_HORSE_BDC7937C8C4B602D,EIQ_HORSE_1CFFC8E0068072BA,CHALLENGER_CHANGED_FAVOURITE,False,True,STRICT_WRONG_DROP_CORRECT
EIQ_RACE_D3DA9B3EBA587A19,EIQ_HORSE_3731D3FF7AE63751,2021,0.23648127682830156,EIQ_HORSE_873724222F97CD2E,EIQ_HORSE_873724222F97CD2E,SAME_FAVOURITE,False,False,SAME_FAVOURITE
EIQ_RACE_D3DD080D70D1B07D,EIQ_HORSE_C90062B1C4D97019,2021,0.10319947725286527,EIQ_HORSE_FDA3F933C31AF364,EIQ_HORSE_FDA3F933C31AF364,SAME_FAVOURITE,False,False,SAME_FAVOURITE
EIQ_RACE_D3DDC26621518B20,EIQ_HORSE_4ECA0EB022C7C28F,2025,0.34373230450348524,EIQ_HORSE_04E7C9BC6A967D06,EIQ_HORSE_04E7C9BC6A967D06,SAME_FAVOURITE,False,False,SAME_FAVOURITE
EIQ_RACE_D3E012858745047B,EIQ_HORSE_2465F0A5C8811FA7,2021,0.19015229906783526,EIQ_HORSE_80CD252DCAC6F8D8,EIQ_HORSE_80CD252DCAC6F8D8,SAME_FAVOURITE,False,False,SAME_FAVOURITE
EIQ_RACE_D3E11AE8140686E1,EIQ_HORSE_ECDD2BF6CB7C1032,2024,0.07751978582823815,EIQ_HORSE_1AE14DBE772FA555,EIQ_HORSE_1AE14DBE772FA555,SAME_FAVOURITE,False,False,SAME_FAVOURITE
EIQ_RACE_D3E732A58A863C22,EIQ_HORSE_E032F6E590A65B71,2024,0.043028207410652275,EIQ_HORSE_4A4B8C6BD432B791,EIQ_HORSE_4A4B8C6BD432B791,SAME_FAVOURITE,False,False,SAME_FAVOURITE
EIQ_RACE_D3F95C35E87CF683,EIQ_HORSE_94896769EEBEA357,2026,-0.09569730152615552,EIQ_HORSE_94896769EEBEA357,EIQ_HORSE_94896769EEBEA357,SAME_FAVOURITE,True,True,SAME_FAVOURITE
EIQ_RACE_D3FE0A50D6472E50,EIQ_HORSE_D881FA9230592BEB,2025,0.20224205192588252,EIQ_HORSE_D3930D1F91189B56,EIQ_HORSE_D3930D1F91189B56,SAME_FAVOURITE,False,False,SAME_FAVOURITE
EIQ_RACE_D405848B09BBB370,EIQ_HORSE_FED1CE8F2DFA6A43,2024,0.11711079545810055,EIQ_HORSE_2170E8FAD7EAED57,EIQ_HORSE_2170E8FAD7EAED57,SAME_FAVOURITE,False,False,SAME_FAVOURITE
EIQ_RACE_D409F3760CD88E35,EIQ_HORSE_39A7BCCF0305D3D3,2023,0.010087556880799209,EIQ_HORSE_7CA1A33E5F11473B,EIQ_HORSE_7CA1A33E5F11473B,SAME_FAVOURITE,False,False,SAME_FAVOURITE
EIQ_RACE_D414B48BCA5E56C4,EIQ_HORSE_A6908BB26635DA1E,2026,0.12486271310713404,EIQ_HORSE_619BB7A8F44C7842,EIQ_HORSE_619BB7A8F44C7842,SAME_FAVOURITE,False,False,SAME_FAVOURITE
EIQ_RACE_D41FD81B4654ED89,EIQ_HORSE_FAC6A1AF171AB392,2024,0.07467825815914209,EIQ_HORSE_FAC6A1AF171AB392,EIQ_HORSE_FAC6A1AF171AB392,SAME_FAVOURITE,True,True,SAME_FAVOURITE
EIQ_RACE_D43D9F4F0AA55AD9,EIQ_HORSE_04DA9B5C4664B453,2021,0.13062512626413447,EIQ_HORSE_14644856235D95D1,EIQ_HORSE_14644856235D95D1,SAME_FAVOURITE,False,False,SAME_FAVOURITE
EIQ_RACE_D460787BA53C3A31,EIQ_HORSE_ED2416BF8B15039D,2025,-0.10555678238077393,EIQ_HORSE_09AF6ED906D0E4FF,EIQ_HORSE_09AF6ED906D0E4FF,SAME_FAVOURITE,False,False,SAME_FAVOURITE
EIQ_RACE_D477FA01F08B31C0,EIQ_HORSE_3405DD4DF1C99C88,2023,-0.08908691988694817,EIQ_HORSE_24C947CBC6E5644E,EIQ_HORSE_24C947CBC6E5644E,SAME_FAVOURITE,False,False,SAME_FAVOURITE
EIQ_RACE_D481D00D07C48F28,EIQ_HORSE_7B1C746F812F27C0,2025,-0.049980387650025326,EIQ_HORSE_5FEB94488220B4C8,EIQ_HORSE_5FEB94488220B4C8,SAME_FAVOURITE,False,False,SAME_FAVOURITE
EIQ_RACE_D4890951FF8D27A8,EIQ_HORSE_A7493CE1FD4417A7,2021,0.3077923108773437,EIQ_HORSE_9F2043395789009C,EIQ_HORSE_9F2043395789009C,SAME_FAVOURITE,False,False,SAME_FAVOURITE
EIQ_RACE_D48FA21203423B78,EIQ_HORSE_95B0A8F0907BD0D7,2025,0.02846098277467224,EIQ_HORSE_25194C9EC249A351,EIQ_HORSE_25194C9EC249A351,SAME_FAVOURITE,False,False,SAME_FAVOURITE
EIQ_RACE_D4939ADC1338B90D,EIQ_HORSE_461FD027EE7259EB,2021,-0.05368176310730988,EIQ_HORSE_6F1B075A5589CD9A,EIQ_HORSE_FAEBF2435DAC7230,CHALLENGER_CHANGED_FAVOURITE,False,False,BOTH_WRONG
EIQ_RACE_D4C3E9DF3364330A,EIQ_HORSE_53C9EB48C70D842B,2025,-0.11955437921256218,EIQ_HORSE_53C9EB48C70D842B,EIQ_HORSE_53C9EB48C70D842B,SAME_FAVOURITE,True,True,SAME_FAVOURITE
EIQ_RACE_D4CC0425FD07BBC7,EIQ_HORSE_04B828B249C95845,2021,-0.02117234063051887,EIQ_HORSE_4F090CB7E9913909,EIQ_HORSE_4F090CB7E9913909,SAME_FAVOURITE,False,False,SAME_FAVOURITE
EIQ_RACE_D4D1FBAF0DBBCF9A,EIQ_HORSE_B97C31A0625A7410,2021,0.052897553810571374,EIQ_HORSE_C21020E733E8E8BF,EIQ_HORSE_C21020E733E8E8BF,SAME_FAVOURITE,False,False,SAME_FAVOURITE
EIQ_RACE_D4D24CA45846750E,EIQ_HORSE_7AAC08C70563070D,2021,-0.13920105817562756,EIQ_HORSE_7AAC08C70563070D,EIQ_HORSE_7AAC08C70563070D,SAME_FAVOURITE,True,True,SAME_FAVOURITE
EIQ_RACE_D4D5A2BAEFB7CB20,EIQ_HORSE_2B692890850D75BC,2021,-0.11951166696531335,EIQ_HORSE_CA2A8FAC1355A315,EIQ_HORSE_CA2A8FAC1355A315,SAME_FAVOURITE,False,False,SAME_FAVOURITE
EIQ_RACE_D4D8438B9F3DA3E0,EIQ_HORSE_93788AF6902512EC,2021,0.02210173934408921,EIQ_HORSE_16063E649879FADF,EIQ_HORSE_16063E649879FADF,SAME_FAVOURITE,False,False,SAME_FAVOURITE
EIQ_RACE_D4EB236086CD0B0E,EIQ_HORSE_0FE9717B83E1974A,2025,-0.04191320239357088,EIQ_HORSE_725D7C2B2A5411D7,EIQ_HORSE_725D7C2B2A5411D7,SAME_FAVOURITE,False,False,SAME_FAVOURITE
EIQ_RACE_D4ECE539EB33272F,EIQ_HORSE_9298C5E0659EF40E,2025,-0.10800150826886923,EIQ_HORSE_9298C5E0659EF40E,EIQ_HORSE_F86B492735293B73,CHALLENGER_CHANGED_FAVOURITE,True,False,STRICT_CORRECT_DROP_WRONG
EIQ_RACE_D505971DAC447746,EIQ_HORSE_1EE494C6CB05B4CB,2024,0.041801566804056556,EIQ_HORSE_BB658E18E2518FD9,EIQ_HORSE_BB658E18E2518FD9,SAME_FAVOURITE,False,False,SAME_FAVOURITE
EIQ_RACE_D509B6FD1BEB40C3,EIQ_HORSE_C752DA6FD4769736,2023,0.061647804345159374,EIQ_HORSE_4B26A949B840D0A9,EIQ_HORSE_4B26A949B840D0A9,SAME_FAVOURITE,False,False,SAME_FAVOURITE
EIQ_RACE_D50CCD65B32175E5,EIQ_HORSE_92A34D51A111521A,2024,-0.005639759479135531,EIQ_HORSE_92A34D51A111521A,EIQ_HORSE_92A34D51A111521A,SAME_FAVOURITE,True,True,SAME_FAVOURITE
EIQ_RACE_D50CFAB47EF65879,EIQ_HORSE_932F51CADEBB9DD0,2026,0.04470561170036902,EIQ_HORSE_04BF319F3DB30768,EIQ_HORSE_04BF319F3DB30768,SAME_FAVOURITE,False,False,SAME_FAVOURITE
EIQ_RACE_D512B08A727D552D,EIQ_HORSE_AEE5F0AB9222B5C8,2024,0.017373432072169903,EIQ_HORSE_AEE5F0AB9222B5C8,EIQ_HORSE_AEE5F0AB9222B5C8,SAME_FAVOURITE,True,True,SAME_FAVOURITE
EIQ_RACE_D51A285B31126EC3,EIQ_HORSE_AB375143DFB2C311,2025,-0.001766909228485769,EIQ_HORSE_11284B12326477FB,EIQ_HORSE_11284B12326477FB,SAME_FAVOURITE,False,False,SAME_FAVOURITE
EIQ_RACE_D51D10E3EFEDBD89,EIQ_HORSE_646A70C83D819663,2024,-0.01891745924140542,EIQ_HORSE_10DEEEB5828CF5FE,EIQ_HORSE_10DEEEB5828CF5FE,SAME_FAVOURITE,False,False,SAME_FAVOURITE
EIQ_RACE_D520330A9A3B921F,EIQ_HORSE_07AB840EDD84DBAA,2023,-0.003299848260988947,EIQ_HORSE_A3B332C0A4822A13,EIQ_HORSE_A3B332C0A4822A13,SAME_FAVOURITE,False,False,SAME_FAVOURITE
EIQ_RACE_D530F5D102008C02,EIQ_HORSE_F8C45E17A087793E,2025,0.056170519409829645,EIQ_HORSE_D362CA19E53E3ABA,EIQ_HORSE_D362CA19E53E3ABA,SAME_FAVOURITE,False,False,SAME_FAVOURITE
EIQ_RACE_D531A852DAC7E861,EIQ_HORSE_3F78555AF9091C0D,2021,0.06038866687077782,EIQ_HORSE_E27C0E2511ADB273,EIQ_HORSE_E27C0E2511ADB273,SAME_FAVOURITE,False,False,SAME_FAVOURITE
EIQ_RACE_D53E1816F0DFF21A,EIQ_HORSE_3311B31469634D94,2025,0.021313001386216612,EIQ_HORSE_B4195E514F2A7E71,EIQ_HORSE_B4195E514F2A7E71,SAME_FAVOURITE,False,False,SAME_FAVOURITE
EIQ_RACE_D542B3DAE88F12A3,EIQ_HORSE_684F3A0DA14CF15F,2023,-0.07422272232346794,EIQ_HORSE_684F3A0DA14CF15F,EIQ_HORSE_684F3A0DA14CF15F,SAME_FAVOURITE,True,True,SAME_FAVOURITE
EIQ_RACE_D5508B06CD15EE29,EIQ_HORSE_6426452802CA80E3,2025,0.09529541461216029,EIQ_HORSE_56B2F8DF3480BA06,EIQ_HORSE_56B2F8DF3480BA06,SAME_FAVOURITE,False,False,SAME_FAVOURITE
EIQ_RACE_D556D60AA817F5D5,EIQ_HORSE_2BF74FB9DF91EED9,2024,0.044492617471803,EIQ_HORSE_AE24A6C599AC23AA,EIQ_HORSE_AE24A6C599AC23AA,SAME_FAVOURITE,False,False,SAME_FAVOURITE
EIQ_RACE_D5635DED13029426,EIQ_HORSE_1082294163AA649D,2021,-0.03922252719178276,EIQ_HORSE_1082294163AA649D,EIQ_HORSE_1082294163AA649D,SAME_FAVOURITE,True,True,SAME_FAVOURITE
EIQ_RACE_D56C37E43D0F331E,EIQ_HORSE_C9BF5C75E30E5BD1,2025,0.11677957214401435,EIQ_HORSE_5C509E27407FE1D8,EIQ_HORSE_5C509E27407FE1D8,SAME_FAVOURITE,False,False,SAME_FAVOURITE
EIQ_RACE_D56F03E73C7DC187,EIQ_HORSE_B0C9F6792A5D3163,2025,0.07013736000292203,EIQ_HORSE_5078617B8A830508,EIQ_HORSE_5078617B8A830508,SAME_FAVOURITE,False,False,SAME_FAVOURITE
EIQ_RACE_D572FC5FAB332D51,EIQ_HORSE_CF1A43E0663C94D8,2021,-0.08577926770452526,EIQ_HORSE_97F852C61D111064,EIQ_HORSE_97F852C61D111064,SAME_FAVOURITE,False,False,SAME_FAVOURITE
EIQ_RACE_D57E0EBC1C384A8A,EIQ_HORSE_1E621292C20D14DF,2024,0.08432672234815719,EIQ_HORSE_1E621292C20D14DF,EIQ_HORSE_1E621292C20D14DF,SAME_FAVOURITE,True,True,SAME_FAVOURITE
EIQ_RACE_D57E9B0C2A63BE80,EIQ_HORSE_CFB9C745FD7A89B6,2024,-0.01971690408948512,EIQ_HORSE_D0A67EC1AA97B031,EIQ_HORSE_D0A67EC1AA97B031,SAME_FAVOURITE,False,False,SAME_FAVOURITE
EIQ_RACE_D586B1BC0E067056,EIQ_HORSE_E76FEE5F57F3AFE0,2023,0.08331259846176886,EIQ_HORSE_1B8C54C3F0318210,EIQ_HORSE_1B8C54C3F0318210,SAME_FAVOURITE,False,False,SAME_FAVOURITE
EIQ_RACE_D5903B00D3C8D6F7,EIQ_HORSE_B5EE4D74B263114F,2021,0.042547759791839335,EIQ_HORSE_115ACC31A24171D0,EIQ_HORSE_115ACC31A24171D0,SAME_FAVOURITE,False,False,SAME_FAVOURITE
EIQ_RACE_D590B22C5BB28545,EIQ_HORSE_91BA0A9CD7EFBE34,2026,0.01897636477837783,EIQ_HORSE_91BA0A9CD7EFBE34,EIQ_HORSE_91BA0A9CD7EFBE34,SAME_FAVOURITE,True,True,SAME_FAVOURITE
EIQ_RACE_D59A7F8C4B8C1026,EIQ_HORSE_03FB9BE683A548C5,2021,0.1320451842061523,EIQ_HORSE_642E653831E52664,EIQ_HORSE_642E653831E52664,SAME_FAVOURITE,False,False,SAME_FAVOURITE
EIQ_RACE_D5C0150453AAAA75,EIQ_HORSE_86E06AA345DAB67B,2025,-0.0996033915877299,EIQ_HORSE_86E06AA345DAB67B,EIQ_HORSE_86E06AA345DAB67B,SAME_FAVOURITE,True,True,SAME_FAVOURITE
EIQ_RACE_D5C4FD0C6B5660BC,EIQ_HORSE_B92D1876F8B3526E,2024,-0.05928416263760994,EIQ_HORSE_4771D15EB4A6543B,EIQ_HORSE_4771D15EB4A6543B,SAME_FAVOURITE,False,False,SAME_FAVOURITE
EIQ_RACE_D5C87CD69C6D0C1C,EIQ_HORSE_769969F81ED6FF0C,2026,0.0755696031280153,EIQ_HORSE_83893F6E6230EDBB,EIQ_HORSE_83893F6E6230EDBB,SAME_FAVOURITE,False,False,SAME_FAVOURITE
EIQ_RACE_D5C9D97624389A4B,EIQ_HORSE_D6CB87A9BAD6305C,2021,-0.09634075022904054,EIQ_HORSE_3ECF5C69CCBB60F3,EIQ_HORSE_3ECF5C69CCBB60F3,SAME_FAVOURITE,False,False,SAME_FAVOURITE
EIQ_RACE_D5D7ADE24CE76972,EIQ_HORSE_6D0D9B9CD28CD8AD,2024,-0.00802188621535671,EIQ_HORSE_8820E4F71A93EDBA,EIQ_HORSE_8820E4F71A93EDBA,SAME_FAVOURITE,False,False,SAME_FAVOURITE
EIQ_RACE_D5E09E297CE23C17,EIQ_HORSE_4B6CDD3ED71170AE,2024,-0.025232711765364346,EIQ_HORSE_C77498F7F52B18DF,EIQ_HORSE_C77498F7F52B18DF,SAME_FAVOURITE,False,False,SAME_FAVOURITE
EIQ_RACE_D5E8A0DA8DA7D8BE,EIQ_HORSE_38AD834BF278E0E1,2023,0.03985571506461194,EIQ_HORSE_EC295402312F080B,EIQ_HORSE_EC295402312F080B,SAME_FAVOURITE,False,False,SAME_FAVOURITE
EIQ_RACE_D5EC87BF967962C3,EIQ_HORSE_5BF223756D8C49FF,2024,-0.08283156285556359,EIQ_HORSE_5BF223756D8C49FF,EIQ_HORSE_5BF223756D8C49FF,SAME_FAVOURITE,True,True,SAME_FAVOURITE
EIQ_RACE_D5EC9F5E362B1AC4,EIQ_HORSE_29F03B49ED5BEF6F,2026,0.08420229708905991,EIQ_HORSE_E75F7D94BCCA4E62,EIQ_HORSE_E75F7D94BCCA4E62,SAME_FAVOURITE,False,False,SAME_FAVOURITE
EIQ_RACE_D6268A81FE0C7405,EIQ_HORSE_2D7C98D141D9E758,2021,-0.33695565680427153,EIQ_HORSE_84D66E9CA45264A3,EIQ_HORSE_84D66E9CA45264A3,SAME_FAVOURITE,False,False,SAME_FAVOURITE
EIQ_RACE_D62E8CB4D7F8C9AE,EIQ_HORSE_AF1FC6F3ABF5C3BD,2021,0.037812160317343135,EIQ_HORSE_EB19350BA234306F,EIQ_HORSE_EB19350BA234306F,SAME_FAVOURITE,False,False,SAME_FAVOURITE
EIQ_RACE_D632D74052F380A8,EIQ_HORSE_FE9CF5FDA79D5CD9,2021,0.08722808275607297,EIQ_HORSE_5741D39D9032A755,EIQ_HORSE_5741D39D9032A755,SAME_FAVOURITE,False,False,SAME_FAVOURITE
EIQ_RACE_D63EDC977C26B195,EIQ_HORSE_5F6C003395E025D5,2025,0.12990403545073037,EIQ_HORSE_6B34EF4682352BCC,EIQ_HORSE_5F6C003395E025D5,CHALLENGER_CHANGED_FAVOURITE,False,True,STRICT_WRONG_DROP_CORRECT
EIQ_RACE_D648DA8213DD547B,EIQ_HORSE_A6B12A5455059960,2024,-0.053601232537577426,EIQ_HORSE_A0D72A602649FABB,EIQ_HORSE_A0D72A602649FABB,SAME_FAVOURITE,False,False,SAME_FAVOURITE
EIQ_RACE_D64A905853DF4423,EIQ_HORSE_F4BB6267035F39C6,2025,-0.10477565779628195,EIQ_HORSE_90971819963D1530,EIQ_HORSE_90971819963D1530,SAME_FAVOURITE,False,False,SAME_FAVOURITE
EIQ_RACE_D64C45F28038B105,EIQ_HORSE_B8C006CD8E416003,2024,-0.004419272717235412,EIQ_HORSE_4276AD1B0F056FFB,EIQ_HORSE_4276AD1B0F056FFB,SAME_FAVOURITE,False,False,SAME_FAVOURITE
EIQ_RACE_D661E2E81AF50C5C,EIQ_HORSE_FEDE0DC4992F1C96,2022,-0.004044068682578006,EIQ_HORSE_FEDE0DC4992F1C96,EIQ_HORSE_FEDE0DC4992F1C96,SAME_FAVOURITE,True,True,SAME_FAVOURITE
EIQ_RACE_D6736967DAEBFC4C,EIQ_HORSE_EA0AD32B47CA8889,2023,-0.052364449106704125,EIQ_HORSE_EA0AD32B47CA8889,EIQ_HORSE_EA0AD32B47CA8889,SAME_FAVOURITE,True,True,SAME_FAVOURITE
EIQ_RACE_D69B71AE7FBFEB3F,EIQ_HORSE_D89A96B515D4A211,2021,-0.06298316259374981,EIQ_HORSE_C7CB8300DD26C8E1,EIQ_HORSE_C7CB8300DD26C8E1,SAME_FAVOURITE,False,False,SAME_FAVOURITE
EIQ_RACE_D6B3D248380BC1CE,EIQ_HORSE_F7D9DB25042B9FAE,2024,-0.05582795283263531,EIQ_HORSE_2218DCAC37C409BE,EIQ_HORSE_2218DCAC37C409BE,SAME_FAVOURITE,False,False,SAME_FAVOURITE
EIQ_RACE_D6C30C87404F2C3F,EIQ_HORSE_D6A980F1E3944732,2024,-0.006577456612422594,EIQ_HORSE_AF3BDED601844D7C,EIQ_HORSE_AF3BDED601844D7C,SAME_FAVOURITE,False,False,SAME_FAVOURITE
EIQ_RACE_D6C43EA99C05EC91,EIQ_HORSE_2CD7AA13B91C5587,2023,0.0013597031445358176,EIQ_HORSE_1DDF773984E0836F,EIQ_HORSE_1DDF773984E0836F,SAME_FAVOURITE,False,False,SAME_FAVOURITE
EIQ_RACE_D6CA15C157CC555C,EIQ_HORSE_A25F9E69F723DCA0,2021,0.07079552886570584,EIQ_HORSE_AC74D540EAFBB807,EIQ_HORSE_AC74D540EAFBB807,SAME_FAVOURITE,False,False,SAME_FAVOURITE
EIQ_RACE_D6D30E8997EAB448,EIQ_HORSE_3405DD4DF1C99C88,2023,0.055303588768178535,EIQ_HORSE_3405DD4DF1C99C88,EIQ_HORSE_3405DD4DF1C99C88,SAME_FAVOURITE,True,True,SAME_FAVOURITE
EIQ_RACE_D6D7BBD97A5C2FBD,EIQ_HORSE_2FE76D9C71C4E315,2021,0.09693444164896536,EIQ_HORSE_2FE76D9C71C4E315,EIQ_HORSE_2FE76D9C71C4E315,SAME_FAVOURITE,True,True,SAME_FAVOURITE
EIQ_RACE_D6DFACF4F1437C0C,EIQ_HORSE_106FC6C3B94D5688,2024,-0.21513348592387782,EIQ_HORSE_F92D0190F70ECEDF,EIQ_HORSE_F92D0190F70ECEDF,SAME_FAVOURITE,False,False,SAME_FAVOURITE
EIQ_RACE_D6DFCE19231500A7,EIQ_HORSE_35D883C6B6136857,2024,0.03709924941958809,EIQ_HORSE_F3291DEC95700EDF,EIQ_HORSE_F3291DEC95700EDF,SAME_FAVOURITE,False,False,SAME_FAVOURITE
EIQ_RACE_D6EECB8C3EADDF98,EIQ_HORSE_5E69AACF22158939,2024,-0.13751358276753156,EIQ_HORSE_B807A942A875619E,EIQ_HORSE_DCEEB643D31859F5,CHALLENGER_CHANGED_FAVOURITE,False,False,BOTH_WRONG
EIQ_RACE_D702C2F48F786A38,EIQ_HORSE_FAD534BF2D2AD052,2025,-0.13238504550372943,EIQ_HORSE_B91503F98478F641,EIQ_HORSE_B91503F98478F641,SAME_FAVOURITE,False,False,SAME_FAVOURITE
EIQ_RACE_D71B6B1A17B34F36,EIQ_HORSE_AB501F8D5E243F31,2021,-0.29051285290514706,EIQ_HORSE_FE8E9D5BF0C60FF5,EIQ_HORSE_FE8E9D5BF0C60FF5,SAME_FAVOURITE,False,False,SAME_FAVOURITE
EIQ_RACE_D742D3FC0A4F4E22,EIQ_HORSE_9786D8F5AEDB5388,2023,-0.2617709902261356,EIQ_HORSE_85A52F4369B5E1F2,EIQ_HORSE_B358E4AF087C1533,CHALLENGER_CHANGED_FAVOURITE,False,False,BOTH_WRONG
EIQ_RACE_D7489F7AABC13BDE,EIQ_HORSE_CC4DC0F6843214A7,2021,0.07213000427086591,EIQ_HORSE_CC4DC0F6843214A7,EIQ_HORSE_CC4DC0F6843214A7,SAME_FAVOURITE,True,True,SAME_FAVOURITE
EIQ_RACE_D74CDA7DA325C92F,EIQ_HORSE_558E2AF5C8EE8F97,2021,0.22191315252574784,EIQ_HORSE_DE3E056EA74941F1,EIQ_HORSE_DE3E056EA74941F1,SAME_FAVOURITE,False,False,SAME_FAVOURITE
EIQ_RACE_D750B370580EF54D,EIQ_HORSE_4EBFC912CA18B6DE,2025,-0.018345085081949986,EIQ_HORSE_CF7B8F599913E808,EIQ_HORSE_CF7B8F599913E808,SAME_FAVOURITE,False,False,SAME_FAVOURITE
EIQ_RACE_D75D69EA674CAC1C,EIQ_HORSE_58C9CACDB2998855,2025,-0.08633588634141054,EIQ_HORSE_9EEDAAA8826D30F3,EIQ_HORSE_C095E060458253D3,CHALLENGER_CHANGED_FAVOURITE,False,False,BOTH_WRONG
EIQ_RACE_D75F3E8A750131CA,EIQ_HORSE_076B7F2C2415CD39,2023,0.10507417749230363,EIQ_HORSE_513793055F9F1934,EIQ_HORSE_513793055F9F1934,SAME_FAVOURITE,False,False,SAME_FAVOURITE
EIQ_RACE_D764D6DE36076526,EIQ_HORSE_D501167A44DA0BE3,2026,-0.06513733545127076,EIQ_HORSE_05A2B45E158A27BD,EIQ_HORSE_05A2B45E158A27BD,SAME_FAVOURITE,False,False,SAME_FAVOURITE
EIQ_RACE_D76A24EE594A05A7,EIQ_HORSE_28433DEAEE95F394,2024,0.0306895201361721,EIQ_HORSE_5B459A7D9B40C6A5,EIQ_HORSE_5B459A7D9B40C6A5,SAME_FAVOURITE,False,False,SAME_FAVOURITE
EIQ_RACE_D76E48A06BEE8DD9,EIQ_HORSE_44905F63D47BC7E4,2023,0.13001505495107923,EIQ_HORSE_39869E11085550CA,EIQ_HORSE_DCA47BEBE7DAA7EC,CHALLENGER_CHANGED_FAVOURITE,False,False,BOTH_WRONG
EIQ_RACE_D7947F9E33146F6B,EIQ_HORSE_A4F3307AC19C2132,2024,-0.03024740023535477,EIQ_HORSE_A4F3307AC19C2132,EIQ_HORSE_A4F3307AC19C2132,SAME_FAVOURITE,True,True,SAME_FAVOURITE
EIQ_RACE_D7BC45AB87CA7576,EIQ_HORSE_B14F2E68CDACDF14,2023,-0.1560521427925532,EIQ_HORSE_B14F2E68CDACDF14,EIQ_HORSE_B14F2E68CDACDF14,SAME_FAVOURITE,True,True,SAME_FAVOURITE
EIQ_RACE_D7E0EC52BF075264,EIQ_HORSE_0FFBC9D20CB39652,2021,-0.14225627824927556,EIQ_HORSE_72170029CA5029E9,EIQ_HORSE_72170029CA5029E9,SAME_FAVOURITE,False,False,SAME_FAVOURITE
EIQ_RACE_D7EED4D6B7E1DED8,EIQ_HORSE_7469F1237FFE7435,2026,-0.08774065915609275,EIQ_HORSE_7469F1237FFE7435,EIQ_HORSE_B936688911D3FE5E,CHALLENGER_CHANGED_FAVOURITE,True,False,STRICT_CORRECT_DROP_WRONG
EIQ_RACE_D7F3012F0F93E87D,EIQ_HORSE_5AC6C6BA5692C481,2021,-0.06830961973403937,EIQ_HORSE_AAA73549B0473ED2,EIQ_HORSE_AAA73549B0473ED2,SAME_FAVOURITE,False,False,SAME_FAVOURITE
EIQ_RACE_D7FAD14B5D7EE503,EIQ_HORSE_7E40612E82E849A9,2025,0.003793725843024953,EIQ_HORSE_7E40612E82E849A9,EIQ_HORSE_7E40612E82E849A9,SAME_FAVOURITE,True,True,SAME_FAVOURITE
EIQ_RACE_D7FFAE7410642217,EIQ_HORSE_14533A3A1BDE7DCE,2025,0.11040306657252086,EIQ_HORSE_66520957BC595D53,EIQ_HORSE_66520957BC595D53,SAME_FAVOURITE,False,False,SAME_FAVOURITE
EIQ_RACE_D80C6796A22F1480,EIQ_HORSE_CBDB7DE072FD1A7F,2025,-0.10576965233844193,EIQ_HORSE_4EF6E0E156832BA7,EIQ_HORSE_4EF6E0E156832BA7,SAME_FAVOURITE,False,False,SAME_FAVOURITE
EIQ_RACE_D812971EFBA1AB35,EIQ_HORSE_5EA6A058A94A76BC,2023,0.020616111346056343,EIQ_HORSE_5EA6A058A94A76BC,EIQ_HORSE_5EA6A058A94A76BC,SAME_FAVOURITE,True,True,SAME_FAVOURITE
EIQ_RACE_D8131DD379AC7CDE,EIQ_HORSE_7FA1FECCD163B645,2024,-0.0004985192898390167,EIQ_HORSE_6A39B0A0AFD52BA7,EIQ_HORSE_6A39B0A0AFD52BA7,SAME_FAVOURITE,False,False,SAME_FAVOURITE
EIQ_RACE_D819D7B2D81E4AA4,EIQ_HORSE_8352E6EBCC9447E9,2024,0.06722703039431477,EIQ_HORSE_B05BE41586146394,EIQ_HORSE_B05BE41586146394,SAME_FAVOURITE,False,False,SAME_FAVOURITE
EIQ_RACE_D845B41CAABFCBE4,EIQ_HORSE_4511851873AE87CA,2025,0.01572715236587907,EIQ_HORSE_5ECA87CEDED90C62,EIQ_HORSE_5ECA87CEDED90C62,SAME_FAVOURITE,False,False,SAME_FAVOURITE
EIQ_RACE_D8488F5AE5EA7B81,EIQ_HORSE_86EC0D0474F3494A,2021,-0.003991700394899933,EIQ_HORSE_73E350F60D264C3C,EIQ_HORSE_73E350F60D264C3C,SAME_FAVOURITE,False,False,SAME_FAVOURITE
EIQ_RACE_D84E3299C84FA46C,EIQ_HORSE_8B79BD9D37DB6852,2024,-0.09836261565491089,EIQ_HORSE_02EA58191133FDF8,EIQ_HORSE_2B6A2A38CC4DF8B9,CHALLENGER_CHANGED_FAVOURITE,False,False,BOTH_WRONG
EIQ_RACE_D8533D339B168470,EIQ_HORSE_A44B2567EDE34C88,2025,-0.03291142491699439,EIQ_HORSE_37E48CBACC3A9527,EIQ_HORSE_37E48CBACC3A9527,SAME_FAVOURITE,False,False,SAME_FAVOURITE
EIQ_RACE_D861A000B77B3F0A,EIQ_HORSE_FE519A56B4BA6E0F,2024,0.08745672116178982,EIQ_HORSE_E430B1F1AB12F089,EIQ_HORSE_E430B1F1AB12F089,SAME_FAVOURITE,False,False,SAME_FAVOURITE
EIQ_RACE_D8667B772DAB8E21,EIQ_HORSE_A37C9070E17BE9F8,2021,-0.015872421931304892,EIQ_HORSE_5D7A9DF1F8BDA88C,EIQ_HORSE_FC2C93961211DA42,CHALLENGER_CHANGED_FAVOURITE,False,False,BOTH_WRONG
EIQ_RACE_D87F997B552126A3,EIQ_HORSE_4A24BACC8FBA0692,2024,-0.1105728010479119,EIQ_HORSE_07292C65057D085F,EIQ_HORSE_07292C65057D085F,SAME_FAVOURITE,False,False,SAME_FAVOURITE
EIQ_RACE_D8962824D205C55F,EIQ_HORSE_6B12BC4BBC561E50,2025,0.026313777710543773,EIQ_HORSE_6B12BC4BBC561E50,EIQ_HORSE_6B12BC4BBC561E50,SAME_FAVOURITE,True,True,SAME_FAVOURITE
EIQ_RACE_D89DF98CCCF814FA,EIQ_HORSE_EE649B725F83EF50,2024,-0.05346630076157366,EIQ_HORSE_EE649B725F83EF50,EIQ_HORSE_EE649B725F83EF50,SAME_FAVOURITE,True,True,SAME_FAVOURITE
EIQ_RACE_D8A2B5BDDE305266,EIQ_HORSE_BD62858BAEBDBE80,2024,0.022440044409441917,EIQ_HORSE_CD21FA0C0CC7785F,EIQ_HORSE_CD21FA0C0CC7785F,SAME_FAVOURITE,False,False,SAME_FAVOURITE
EIQ_RACE_D8A6DAB9B1FB3A55,EIQ_HORSE_AEE54A4AA296C79B,2026,0.011184684401991163,EIQ_HORSE_1BAB1813C9EBEFF6,EIQ_HORSE_1BAB1813C9EBEFF6,SAME_FAVOURITE,False,False,SAME_FAVOURITE
EIQ_RACE_D8AA83A21E72B1D9,EIQ_HORSE_7238E0B330D28D1C,2024,-0.05654094962217804,EIQ_HORSE_F9A616DCDC8564E5,EIQ_HORSE_F9A616DCDC8564E5,SAME_FAVOURITE,False,False,SAME_FAVOURITE
EIQ_RACE_D8B4EB29810CA6C9,EIQ_HORSE_FE3D37D164B7A468,2023,0.10664537851752764,EIQ_HORSE_5D4E5F83DCDC5BF6,EIQ_HORSE_DABFF3966B286362,CHALLENGER_CHANGED_FAVOURITE,False,False,BOTH_WRONG
EIQ_RACE_D8B689C75170948C,EIQ_HORSE_0AD844B96F70B7BA,2025,0.04599479765293424,EIQ_HORSE_804C4C0CCB96ABEF,EIQ_HORSE_C9154376FD694F39,CHALLENGER_CHANGED_FAVOURITE,False,False,BOTH_WRONG
EIQ_RACE_D8CD58F06E276970,EIQ_HORSE_3AA6F27B0D328507,2022,0.05910187796172517,EIQ_HORSE_00DD98830E4E1308,EIQ_HORSE_00DD98830E4E1308,SAME_FAVOURITE,False,False,SAME_FAVOURITE
EIQ_RACE_D8CD695D91072706,EIQ_HORSE_DAFC1622CDD3244E,2021,0.03148995772703955,EIQ_HORSE_0DE2EA99B29F8F47,EIQ_HORSE_0DE2EA99B29F8F47,SAME_FAVOURITE,False,False,SAME_FAVOURITE
EIQ_RACE_D8D211AFFC68119A,EIQ_HORSE_D5A8D82B4DADD7C3,2024,0.12397508465111517,EIQ_HORSE_6A56F4F33712A098,EIQ_HORSE_6A56F4F33712A098,SAME_FAVOURITE,False,False,SAME_FAVOURITE
EIQ_RACE_D8DBE3B6D8EEE2A2,EIQ_HORSE_04564C513EDF17ED,2021,-0.12648119411436687,EIQ_HORSE_46C2A94157B380EC,EIQ_HORSE_46C2A94157B380EC,SAME_FAVOURITE,False,False,SAME_FAVOURITE
EIQ_RACE_D8DCBE27E493F15C,EIQ_HORSE_CC8FDED3F45728E2,2023,-0.006858619514932718,EIQ_HORSE_CC8FDED3F45728E2,EIQ_HORSE_CC8FDED3F45728E2,SAME_FAVOURITE,True,True,SAME_FAVOURITE
EIQ_RACE_D8DF50371A758090,EIQ_HORSE_5D5DBC70D02D9514,2025,0.029090372105754048,EIQ_HORSE_58C9CACDB2998855,EIQ_HORSE_5D5DBC70D02D9514,CHALLENGER_CHANGED_FAVOURITE,False,True,STRICT_WRONG_DROP_CORRECT
EIQ_RACE_D8E2C70787F1CDBF,EIQ_HORSE_919CD8F1209DD590,2026,-0.1276925946227534,EIQ_HORSE_919CD8F1209DD590,EIQ_HORSE_919CD8F1209DD590,SAME_FAVOURITE,True,True,SAME_FAVOURITE
EIQ_RACE_D8E33A36F1C4EF3B,EIQ_HORSE_C27958D809B655F5,2025,-0.11253925710410595,EIQ_HORSE_E09AB0858FA415EB,EIQ_HORSE_0BCF3A3B407B47A0,CHALLENGER_CHANGED_FAVOURITE,False,False,BOTH_WRONG
EIQ_RACE_D8EB2AFD669F8483,EIQ_HORSE_1BAC42F3EEEB0775,2021,0.06521259609940033,EIQ_HORSE_ACE2B0282A899E1B,EIQ_HORSE_ACE2B0282A899E1B,SAME_FAVOURITE,False,False,SAME_FAVOURITE
EIQ_RACE_D8F5DFA9B8177FC2,EIQ_HORSE_8D9D11B4CA1738BD,2024,0.29138296642839734,EIQ_HORSE_957474D549C6378B,EIQ_HORSE_957474D549C6378B,SAME_FAVOURITE,False,False,SAME_FAVOURITE
EIQ_RACE_D8F7EF9401E794E2,EIQ_HORSE_07C24480848A1C6C,2023,-0.05484786905207928,EIQ_HORSE_3F538CB3789B52BC,EIQ_HORSE_3F538CB3789B52BC,SAME_FAVOURITE,False,False,SAME_FAVOURITE
EIQ_RACE_D90CD643555E62A8,EIQ_HORSE_6AC15D60495FA581,2026,-0.08397116405463967,EIQ_HORSE_E658551D18619657,EIQ_HORSE_E658551D18619657,SAME_FAVOURITE,False,False,SAME_FAVOURITE
EIQ_RACE_D91A16922C6B895D,EIQ_HORSE_720C979E061528CD,2026,0.015410455251744448,EIQ_HORSE_935F3321FA1BD46B,EIQ_HORSE_935F3321FA1BD46B,SAME_FAVOURITE,False,False,SAME_FAVOURITE
EIQ_RACE_D93461F883839C7F,EIQ_HORSE_E5597E0E45DC4D9B,2024,0.11170054153382414,EIQ_HORSE_087E75632D01055C,EIQ_HORSE_08B4F19B5DD39F28,CHALLENGER_CHANGED_FAVOURITE,False,False,BOTH_WRONG
EIQ_RACE_D94D676EBBEF962A,EIQ_HORSE_D6B7D2F06AFD9F5C,2024,-0.03915357085587168,EIQ_HORSE_12016529FDD6858E,EIQ_HORSE_4C36FC0265430A10,CHALLENGER_CHANGED_FAVOURITE,False,False,BOTH_WRONG
EIQ_RACE_D96116B96367430E,EIQ_HORSE_7A9BF577F6C73CD5,2025,-0.06879320557745983,EIQ_HORSE_7A9BF577F6C73CD5,EIQ_HORSE_7A9BF577F6C73CD5,SAME_FAVOURITE,True,True,SAME_FAVOURITE
EIQ_RACE_D961BF50C5481B63,EIQ_HORSE_A74B5DD699A1B7E1,2023,-0.055916957583282745,EIQ_HORSE_A74B5DD699A1B7E1,EIQ_HORSE_A74B5DD699A1B7E1,SAME_FAVOURITE,True,True,SAME_FAVOURITE
EIQ_RACE_D99EE602D72E88A1,EIQ_HORSE_87851A02F42F0D76,2021,0.03667291685106333,EIQ_HORSE_87851A02F42F0D76,EIQ_HORSE_87851A02F42F0D76,SAME_FAVOURITE,True,True,SAME_FAVOURITE
EIQ_RACE_D9BCFB33EA6F7FDE,EIQ_HORSE_F64234910C4CF438,2025,0.09498649387720537,EIQ_HORSE_E028E7ADD2FE6D2B,EIQ_HORSE_E028E7ADD2FE6D2B,SAME_FAVOURITE,False,False,SAME_FAVOURITE
EIQ_RACE_D9CC6A35E881BF54,EIQ_HORSE_B1BCE8E466058979,2025,0.019309003998167817,EIQ_HORSE_C289B58C1168011F,EIQ_HORSE_C289B58C1168011F,SAME_FAVOURITE,False,False,SAME_FAVOURITE
EIQ_RACE_D9CFBAAD465AF7F6,EIQ_HORSE_9315BB783892DD70,2025,-0.0849160463303873,EIQ_HORSE_9315BB783892DD70,EIQ_HORSE_4FEB83F246A0435B,CHALLENGER_CHANGED_FAVOURITE,True,False,STRICT_CORRECT_DROP_WRONG
EIQ_RACE_D9DCA767EE0B9E0F,EIQ_HORSE_7C7C177FF4A6DEC0,2021,0.09580413959866485,EIQ_HORSE_899E212231EEE5C7,EIQ_HORSE_899E212231EEE5C7,SAME_FAVOURITE,False,False,SAME_FAVOURITE
EIQ_RACE_D9F121D95EEF98CD,EIQ_HORSE_23C677D6658671BF,2023,0.11747877150518238,EIQ_HORSE_B3F6E3F1CA27AAB4,EIQ_HORSE_B3F6E3F1CA27AAB4,SAME_FAVOURITE,False,False,SAME_FAVOURITE
EIQ_RACE_D9F7DEC3B6678BE2,EIQ_HORSE_1E1BBA068E575260,2024,0.05006608464403639,EIQ_HORSE_27C9D82F049BD714,EIQ_HORSE_27C9D82F049BD714,SAME_FAVOURITE,False,False,SAME_FAVOURITE
EIQ_RACE_D9F9ACDB2F6B9A03,EIQ_HORSE_00438A02763613B4,2026,0.02780392217649763,EIQ_HORSE_F8265E263012B979,EIQ_HORSE_F8265E263012B979,SAME_FAVOURITE,False,False,SAME_FAVOURITE
EIQ_RACE_D9FB714DD1B90704,EIQ_HORSE_634EFD7492C686C9,2022,0.14498446940587195,EIQ_HORSE_C9D86689AE7352C3,EIQ_HORSE_C9D86689AE7352C3,SAME_FAVOURITE,False,False,SAME_FAVOURITE
EIQ_RACE_DA076138E5372B86,EIQ_HORSE_807A8D2F3149F87C,2023,0.028835130042689228,EIQ_HORSE_5D0545E01DC21893,EIQ_HORSE_5D0545E01DC21893,SAME_FAVOURITE,False,False,SAME_FAVOURITE
EIQ_RACE_DA08ECBED4DDA523,EIQ_HORSE_70354A6EEEE05931,2021,0.013651345751473976,EIQ_HORSE_154CE47186D6E3C9,EIQ_HORSE_154CE47186D6E3C9,SAME_FAVOURITE,False,False,SAME_FAVOURITE
EIQ_RACE_DA11B72CAB69CCCC,EIQ_HORSE_9BC573189F2264AC,2025,0.0584298834955983,EIQ_HORSE_0EE9F5F65D56C107,EIQ_HORSE_0EE9F5F65D56C107,SAME_FAVOURITE,False,False,SAME_FAVOURITE
EIQ_RACE_DA1CE3208CDAA7C6,EIQ_HORSE_161FE8DC5A27CAA9,2024,-0.05419742057643817,EIQ_HORSE_161FE8DC5A27CAA9,EIQ_HORSE_161FE8DC5A27CAA9,SAME_FAVOURITE,True,True,SAME_FAVOURITE
EIQ_RACE_DA27518A52DA60D3,EIQ_HORSE_9B96B892D53D4DFB,2024,-0.08741332820255465,EIQ_HORSE_52E29B1FF4A725E1,EIQ_HORSE_52E29B1FF4A725E1,SAME_FAVOURITE,False,False,SAME_FAVOURITE
EIQ_RACE_DA47C9DF24C14FD9,EIQ_HORSE_55F36C749847ECA3,2025,-0.018744404778270773,EIQ_HORSE_4FA2805B5D2381AB,EIQ_HORSE_4FA2805B5D2381AB,SAME_FAVOURITE,False,False,SAME_FAVOURITE
EIQ_RACE_DA4B93550469CA2D,EIQ_HORSE_AAC220474E900D31,2021,0.06868505414938353,EIQ_HORSE_8BC69C33B3981E20,EIQ_HORSE_8BC69C33B3981E20,SAME_FAVOURITE,False,False,SAME_FAVOURITE
EIQ_RACE_DA523955D3F4CC27,EIQ_HORSE_60F82EAD9FB53DB1,2025,-0.06683589654483635,EIQ_HORSE_4726E805A81B8CFC,EIQ_HORSE_4726E805A81B8CFC,SAME_FAVOURITE,False,False,SAME_FAVOURITE
EIQ_RACE_DA696F0872A14FDA,EIQ_HORSE_9923C3E217C4E7DA,2024,-0.18544552296494543,EIQ_HORSE_9923C3E217C4E7DA,EIQ_HORSE_205D5128FB55BF4B,CHALLENGER_CHANGED_FAVOURITE,True,False,STRICT_CORRECT_DROP_WRONG
EIQ_RACE_DA85A18347E760C8,EIQ_HORSE_F9F09AA1014DF93B,2023,-0.025891030211921295,EIQ_HORSE_681F56BCBFED6CDE,EIQ_HORSE_681F56BCBFED6CDE,SAME_FAVOURITE,False,False,SAME_FAVOURITE
EIQ_RACE_DA946B6392FEBCE8,EIQ_HORSE_D9E81AFD9202BABC,2026,0.07754388892676034,EIQ_HORSE_D9E81AFD9202BABC,EIQ_HORSE_D9E81AFD9202BABC,SAME_FAVOURITE,True,True,SAME_FAVOURITE
EIQ_RACE_DA9797FD7FB1FEF0,EIQ_HORSE_8A9D6A51832E9D4E,2024,-0.13863487803759678,EIQ_HORSE_8A9D6A51832E9D4E,EIQ_HORSE_8244851D0CF8422F,CHALLENGER_CHANGED_FAVOURITE,True,False,STRICT_CORRECT_DROP_WRONG
EIQ_RACE_DA9B194AF14F354A,EIQ_HORSE_972E63ED9180967F,2021,0.09480071917746469,EIQ_HORSE_922DAFF96694B11E,EIQ_HORSE_922DAFF96694B11E,SAME_FAVOURITE,False,False,SAME_FAVOURITE
EIQ_RACE_DA9FE07B52CCCBCD,EIQ_HORSE_21CC7783F6603B06,2024,-0.13521607771814015,EIQ_HORSE_0E09B521CF15871D,EIQ_HORSE_0E09B521CF15871D,SAME_FAVOURITE,False,False,SAME_FAVOURITE
EIQ_RACE_DAA10BFABDAD9F54,EIQ_HORSE_16D713853928658C,2024,0.03619712224650584,EIQ_HORSE_BE41D68B3D6C2F61,EIQ_HORSE_BE41D68B3D6C2F61,SAME_FAVOURITE,False,False,SAME_FAVOURITE
EIQ_RACE_DAAE00B656661973,EIQ_HORSE_761D2AB64ABEDDD7,2023,-0.019020011567484785,EIQ_HORSE_761D2AB64ABEDDD7,EIQ_HORSE_761D2AB64ABEDDD7,SAME_FAVOURITE,True,True,SAME_FAVOURITE
EIQ_RACE_DAB8B2F655F352AB,EIQ_HORSE_313CF9C9688A1424,2022,0.03959467806842043,EIQ_HORSE_CE79E8FEA67C4DB9,EIQ_HORSE_CE79E8FEA67C4DB9,SAME_FAVOURITE,False,False,SAME_FAVOURITE
EIQ_RACE_DB1E42319ED1A2D8,EIQ_HORSE_D362CA19E53E3ABA,2025,0.014441335536533817,EIQ_HORSE_1ABFAC489B55B5DB,EIQ_HORSE_1ABFAC489B55B5DB,SAME_FAVOURITE,False,False,SAME_FAVOURITE
EIQ_RACE_DB21D0AF9BF78295,EIQ_HORSE_63D7FB9AC89C939F,2021,0.03289125659178249,EIQ_HORSE_558E2AF5C8EE8F97,EIQ_HORSE_558E2AF5C8EE8F97,SAME_FAVOURITE,False,False,SAME_FAVOURITE
EIQ_RACE_DB297F8D43B82984,EIQ_HORSE_469A21B6B0C9E54C,2023,-0.0831980696267498,EIQ_HORSE_88C84A82A5A276D3,EIQ_HORSE_A8B32D1ECE67B15D,CHALLENGER_CHANGED_FAVOURITE,False,False,BOTH_WRONG
EIQ_RACE_DB348D1D77FD7310,EIQ_HORSE_6C3CACDAAFFD0F97,2025,0.01297607821098401,EIQ_HORSE_239FC180F3382964,EIQ_HORSE_239FC180F3382964,SAME_FAVOURITE,False,False,SAME_FAVOURITE
EIQ_RACE_DB34C724AD2752EE,EIQ_HORSE_AD7F68C6F6F9C2C3,2025,-0.21552052702601476,EIQ_HORSE_AD7F68C6F6F9C2C3,EIQ_HORSE_3A61903D33C3F360,CHALLENGER_CHANGED_FAVOURITE,True,False,STRICT_CORRECT_DROP_WRONG
EIQ_RACE_DB3CD997E33226AA,EIQ_HORSE_54DB08B033272B17,2022,-0.07286664646831387,EIQ_HORSE_54DB08B033272B17,EIQ_HORSE_54DB08B033272B17,SAME_FAVOURITE,True,True,SAME_FAVOURITE
EIQ_RACE_DB4335B3CAE5E7C1,EIQ_HORSE_E375F2E4E0BFA34C,2023,-0.1519900149558524,EIQ_HORSE_2038EE82D07D40B8,EIQ_HORSE_2038EE82D07D40B8,SAME_FAVOURITE,False,False,SAME_FAVOURITE
EIQ_RACE_DB4897B083700BED,EIQ_HORSE_6098C61B8FC9A5EA,2025,0.019001152299990443,EIQ_HORSE_918E98CC27068EC2,EIQ_HORSE_918E98CC27068EC2,SAME_FAVOURITE,False,False,SAME_FAVOURITE
EIQ_RACE_DB541B2198BE79E8,EIQ_HORSE_E3596A1AE2DD0B35,2023,-0.023706425905644313,EIQ_HORSE_35F59CD7AFA5B9EB,EIQ_HORSE_35F59CD7AFA5B9EB,SAME_FAVOURITE,False,False,SAME_FAVOURITE
EIQ_RACE_DB60E680F578F287,EIQ_HORSE_9AD970A91D4700E6,2026,0.10845906940381123,EIQ_HORSE_CF7B8F599913E808,EIQ_HORSE_CF7B8F599913E808,SAME_FAVOURITE,False,False,SAME_FAVOURITE
EIQ_RACE_DB62B30A79602910,EIQ_HORSE_C96342A2C493615E,2023,-0.008220255491313999,EIQ_HORSE_C96342A2C493615E,EIQ_HORSE_C96342A2C493615E,SAME_FAVOURITE,True,True,SAME_FAVOURITE
EIQ_RACE_DB8764E0F7B21843,EIQ_HORSE_8C46326CED1C2C74,2022,0.12728185045642793,EIQ_HORSE_7F5C6D39F6ED4751,EIQ_HORSE_7F5C6D39F6ED4751,SAME_FAVOURITE,False,False,SAME_FAVOURITE
EIQ_RACE_DB8A2EC2D4D60292,EIQ_HORSE_68B199BC8C76CB7F,2023,-0.07008645957742976,EIQ_HORSE_6628C0F1B095F821,EIQ_HORSE_6628C0F1B095F821,SAME_FAVOURITE,False,False,SAME_FAVOURITE
EIQ_RACE_DB8E6BDE4EB9AAC9,EIQ_HORSE_A3168CA418D6DDD1,2023,-0.15568886144579563,EIQ_HORSE_F770343BBE1163F1,EIQ_HORSE_F770343BBE1163F1,SAME_FAVOURITE,False,False,SAME_FAVOURITE
EIQ_RACE_DBAD0998BF8FC840,EIQ_HORSE_45551C8C0885709E,2025,-0.049222444749846384,EIQ_HORSE_45551C8C0885709E,EIQ_HORSE_45551C8C0885709E,SAME_FAVOURITE,True,True,SAME_FAVOURITE
EIQ_RACE_DBAF8465450F86E7,EIQ_HORSE_648058B50AE41B51,2024,0.03422433606649866,EIQ_HORSE_648058B50AE41B51,EIQ_HORSE_648058B50AE41B51,SAME_FAVOURITE,True,True,SAME_FAVOURITE
EIQ_RACE_DBC1FD100AD8FA28,EIQ_HORSE_CF2582080D857BCC,2026,-0.1099078553097188,EIQ_HORSE_98A1334A120AEF99,EIQ_HORSE_AADD711493665759,CHALLENGER_CHANGED_FAVOURITE,False,False,BOTH_WRONG
EIQ_RACE_DBD8FAF78CB455F2,EIQ_HORSE_8D9D11B4CA1738BD,2024,-0.18892386931085925,EIQ_HORSE_EAE485B38ED802C8,EIQ_HORSE_EAE485B38ED802C8,SAME_FAVOURITE,False,False,SAME_FAVOURITE
EIQ_RACE_DBE16DB5CEE89734,EIQ_HORSE_838DC4DCA16BABAD,2021,0.027043943671557713,EIQ_HORSE_2F1BD2F83417DC1F,EIQ_HORSE_2F1BD2F83417DC1F,SAME_FAVOURITE,False,False,SAME_FAVOURITE
EIQ_RACE_DBEFBD8B14ACCA85,EIQ_HORSE_F9716F7E71B57299,2024,0.058086223096400325,EIQ_HORSE_A0C378E408C3AD1E,EIQ_HORSE_CD34087EE5FC1B2B,CHALLENGER_CHANGED_FAVOURITE,False,False,BOTH_WRONG
EIQ_RACE_DBFD2F9DFFA9FD06,EIQ_HORSE_D2DBE966E52FEED2,2024,-0.04485092839017524,EIQ_HORSE_D9E706490DF732CC,EIQ_HORSE_D9E706490DF732CC,SAME_FAVOURITE,False,False,SAME_FAVOURITE
EIQ_RACE_DBFD7299F4BC6212,EIQ_HORSE_89AD1C27D54995E6,2025,0.07649216310334239,EIQ_HORSE_29FDDE8F56C30849,EIQ_HORSE_29FDDE8F56C30849,SAME_FAVOURITE,False,False,SAME_FAVOURITE
EIQ_RACE_DBFE0EA33F9250A6,EIQ_HORSE_0163F70FE9425C24,2021,0.19297877290120913,EIQ_HORSE_F893455953D95CFA,EIQ_HORSE_0163F70FE9425C24,CHALLENGER_CHANGED_FAVOURITE,False,True,STRICT_WRONG_DROP_CORRECT
EIQ_RACE_DBFE9B2255BCEF34,EIQ_HORSE_C1112F47E4660DE6,2026,-0.1849204299011391,EIQ_HORSE_04CA4B1407F2F36A,EIQ_HORSE_04CA4B1407F2F36A,SAME_FAVOURITE,False,False,SAME_FAVOURITE
EIQ_RACE_DC17D1F7314E5BFF,EIQ_HORSE_58BE813BF2180299,2021,0.08703634021925089,EIQ_HORSE_AFCEA1824FEBEE28,EIQ_HORSE_AFCEA1824FEBEE28,SAME_FAVOURITE,False,False,SAME_FAVOURITE
EIQ_RACE_DC21968F8768F364,EIQ_HORSE_984A61BE36FC0AB6,2024,0.07985642600595044,EIQ_HORSE_D362CA19E53E3ABA,EIQ_HORSE_D362CA19E53E3ABA,SAME_FAVOURITE,False,False,SAME_FAVOURITE
EIQ_RACE_DC2C25F4CC183B3C,EIQ_HORSE_07AB840EDD84DBAA,2023,0.09152369657399007,EIQ_HORSE_2F0789ED19877E2E,EIQ_HORSE_7A6B8118358B52D8,CHALLENGER_CHANGED_FAVOURITE,False,False,BOTH_WRONG
EIQ_RACE_DC2D7420E187B86A,EIQ_HORSE_378E348951161109,2023,0.05710901610988439,EIQ_HORSE_378E348951161109,EIQ_HORSE_378E348951161109,SAME_FAVOURITE,True,True,SAME_FAVOURITE
EIQ_RACE_DC301C55055502A4,EIQ_HORSE_6ADA509485CE053B,2025,0.2904575302571428,EIQ_HORSE_6ADA509485CE053B,EIQ_HORSE_6ADA509485CE053B,SAME_FAVOURITE,True,True,SAME_FAVOURITE
EIQ_RACE_DC3C66F173C49C1C,EIQ_HORSE_66EF52B9AB463902,2021,0.06120101002213252,EIQ_HORSE_8CCE3766F63F2916,EIQ_HORSE_8CCE3766F63F2916,SAME_FAVOURITE,False,False,SAME_FAVOURITE
EIQ_RACE_DC511A6737E9FDF6,EIQ_HORSE_0518956C169F6890,2025,-0.04522262462665716,EIQ_HORSE_7A9C56C563FE5A19,EIQ_HORSE_7A9C56C563FE5A19,SAME_FAVOURITE,False,False,SAME_FAVOURITE
EIQ_RACE_DC5387FF396A11DA,EIQ_HORSE_F586BE11187BC106,2021,-0.1601102484456638,EIQ_HORSE_7ABF013E1AFFE602,EIQ_HORSE_7ABF013E1AFFE602,SAME_FAVOURITE,False,False,SAME_FAVOURITE
EIQ_RACE_DC58D786CD730CE7,EIQ_HORSE_C94042DA87B4DDC1,2025,0.2883067602480014,EIQ_HORSE_00AEA4B0AF008868,EIQ_HORSE_00AEA4B0AF008868,SAME_FAVOURITE,False,False,SAME_FAVOURITE
EIQ_RACE_DC60D48AA37EDFEF,EIQ_HORSE_538DAB83FACD7960,2026,-0.036975306222016946,EIQ_HORSE_538DAB83FACD7960,EIQ_HORSE_538DAB83FACD7960,SAME_FAVOURITE,True,True,SAME_FAVOURITE
EIQ_RACE_DC62B340C8D35B65,EIQ_HORSE_36D338FF309DD940,2023,-0.10705903979823517,EIQ_HORSE_36D338FF309DD940,EIQ_HORSE_0D7CEB4141FBAB54,CHALLENGER_CHANGED_FAVOURITE,True,False,STRICT_CORRECT_DROP_WRONG
EIQ_RACE_DC6AF85370D2A1D6,EIQ_HORSE_1B073D64F4E4C75E,2021,-0.01890356633611523,EIQ_HORSE_B75AFD9598BA8405,EIQ_HORSE_B75AFD9598BA8405,SAME_FAVOURITE,False,False,SAME_FAVOURITE
EIQ_RACE_DC73950820EFD823,EIQ_HORSE_B4AE33A8D0ACB22B,2025,-0.01515478280291127,EIQ_HORSE_57313A5101E8C68F,EIQ_HORSE_57313A5101E8C68F,SAME_FAVOURITE,False,False,SAME_FAVOURITE
EIQ_RACE_DC75263BF3FAF9F8,EIQ_HORSE_847D2B66D8C2135D,2023,-0.02280373854891815,EIQ_HORSE_CD56299E94F9DD1D,EIQ_HORSE_CD56299E94F9DD1D,SAME_FAVOURITE,False,False,SAME_FAVOURITE
EIQ_RACE_DC78AC3B47E51D6A,EIQ_HORSE_E737A23FD943932A,2021,0.06289000302045045,EIQ_HORSE_CDA27CA90FCD7781,EIQ_HORSE_CDA27CA90FCD7781,SAME_FAVOURITE,False,False,SAME_FAVOURITE
EIQ_RACE_DC80044923517297,EIQ_HORSE_35D883C6B6136857,2023,0.04812524366568005,EIQ_HORSE_35D883C6B6136857,EIQ_HORSE_35D883C6B6136857,SAME_FAVOURITE,True,True,SAME_FAVOURITE
EIQ_RACE_DC8408C8E97E413D,EIQ_HORSE_A794F22BA34135E8,2024,-0.11287372724035127,EIQ_HORSE_A794F22BA34135E8,EIQ_HORSE_0EE9F5F65D56C107,CHALLENGER_CHANGED_FAVOURITE,True,False,STRICT_CORRECT_DROP_WRONG
EIQ_RACE_DC86F73D4B97DF71,EIQ_HORSE_E62D197396C010C7,2024,0.12540580563132142,EIQ_HORSE_98129A8FABCB044E,EIQ_HORSE_98129A8FABCB044E,SAME_FAVOURITE,False,False,SAME_FAVOURITE
EIQ_RACE_DC8F6F4161299BAE,EIQ_HORSE_EAB1CC0BDA46CB22,2024,-0.11464119499816494,EIQ_HORSE_8F66B436AEC1BB33,EIQ_HORSE_8F66B436AEC1BB33,SAME_FAVOURITE,False,False,SAME_FAVOURITE
EIQ_RACE_DC8F84BDDF8C4C49,EIQ_HORSE_5AE911A73EE5BCB8,2021,-0.02631120758810579,EIQ_HORSE_5D103F3E654EDDB3,EIQ_HORSE_5D103F3E654EDDB3,SAME_FAVOURITE,False,False,SAME_FAVOURITE
EIQ_RACE_DC9184C5D884A10B,EIQ_HORSE_DDF164C10A0F67C8,2026,-0.21506468125116007,EIQ_HORSE_442233C2245FBF56,EIQ_HORSE_B6F2CF16FCECC7E2,CHALLENGER_CHANGED_FAVOURITE,False,False,BOTH_WRONG
EIQ_RACE_DC953CCBD7955373,EIQ_HORSE_CB97DE602A8F2310,2025,0.021236307032135082,EIQ_HORSE_1987EC4AE6D8F6C6,EIQ_HORSE_1987EC4AE6D8F6C6,SAME_FAVOURITE,False,False,SAME_FAVOURITE
EIQ_RACE_DCA0F140D8DE6B7C,EIQ_HORSE_19BC990A78EDC54B,2024,-0.012897290796779703,EIQ_HORSE_C34088F62D86966A,EIQ_HORSE_C34088F62D86966A,SAME_FAVOURITE,False,False,SAME_FAVOURITE
EIQ_RACE_DCABBEC8F7E3EA34,EIQ_HORSE_6E22FE81F9A0AAB5,2026,0.042501583809276156,EIQ_HORSE_65F8406C1E08438F,EIQ_HORSE_26C82384A110840D,CHALLENGER_CHANGED_FAVOURITE,False,False,BOTH_WRONG
EIQ_RACE_DCAD7B451EF049DF,EIQ_HORSE_4ABC8B642B24EA0A,2021,-0.016887631725355234,EIQ_HORSE_6B258C2E7CAB7573,EIQ_HORSE_6B258C2E7CAB7573,SAME_FAVOURITE,False,False,SAME_FAVOURITE
EIQ_RACE_DCB7CABB34BB82A1,EIQ_HORSE_F59C33FF10530E5A,2026,-0.17449854165997936,EIQ_HORSE_F59C33FF10530E5A,EIQ_HORSE_F59C33FF10530E5A,SAME_FAVOURITE,True,True,SAME_FAVOURITE
EIQ_RACE_DCCB6A61F0ACFE4A,EIQ_HORSE_A8B567239A8CF5CE,2021,0.13386583982093025,EIQ_HORSE_A8B567239A8CF5CE,EIQ_HORSE_A8B567239A8CF5CE,SAME_FAVOURITE,True,True,SAME_FAVOURITE
EIQ_RACE_DD07F2CB59E2505F,EIQ_HORSE_BE3B59528839A917,2024,0.12841694833462336,EIQ_HORSE_23713B58A1D82922,EIQ_HORSE_23713B58A1D82922,SAME_FAVOURITE,False,False,SAME_FAVOURITE
EIQ_RACE_DD22E01876D71FC1,EIQ_HORSE_57210648F0011269,2026,0.04199182344783803,EIQ_HORSE_DE91B47F69C50B1E,EIQ_HORSE_DE91B47F69C50B1E,SAME_FAVOURITE,False,False,SAME_FAVOURITE
EIQ_RACE_DD260BB2BB85ED0D,EIQ_HORSE_3406D890FAF748CC,2023,0.15574202867987652,EIQ_HORSE_2817CA7CE38BEA46,EIQ_HORSE_2817CA7CE38BEA46,SAME_FAVOURITE,False,False,SAME_FAVOURITE
EIQ_RACE_DD2C3F0A24DAE13E,EIQ_HORSE_F236E184C2A632E3,2023,-0.02759900995540776,EIQ_HORSE_F236E184C2A632E3,EIQ_HORSE_F236E184C2A632E3,SAME_FAVOURITE,True,True,SAME_FAVOURITE
EIQ_RACE_DD2D1B2170D534B4,EIQ_HORSE_DB0E79541F2A219E,2026,0.01297565886038976,EIQ_HORSE_4B4FC662E3C43D38,EIQ_HORSE_4B4FC662E3C43D38,SAME_FAVOURITE,False,False,SAME_FAVOURITE
EIQ_RACE_DD322F5E74599A4B,EIQ_HORSE_762F4C2DDC96F9C9,2025,-0.17364172175456805,EIQ_HORSE_F2210346F2FB593A,EIQ_HORSE_F2210346F2FB593A,SAME_FAVOURITE,False,False,SAME_FAVOURITE
EIQ_RACE_DD4CEDB7C92DA831,EIQ_HORSE_E08A5EA9C45C1C04,2025,-0.14727382917034304,EIQ_HORSE_BCCC94E398457A9F,EIQ_HORSE_BCCC94E398457A9F,SAME_FAVOURITE,False,False,SAME_FAVOURITE
EIQ_RACE_DD5DF25483ED4EBD,EIQ_HORSE_1B09EDD277A9838D,2023,0.11778458610614151,EIQ_HORSE_2927E71B3B19A9E0,EIQ_HORSE_2927E71B3B19A9E0,SAME_FAVOURITE,False,False,SAME_FAVOURITE
EIQ_RACE_DD619614A388D809,EIQ_HORSE_B9F64331A6AB1EB0,2025,-0.130259185737859,EIQ_HORSE_B9F64331A6AB1EB0,EIQ_HORSE_CEBC08DEDF5DB28A,CHALLENGER_CHANGED_FAVOURITE,True,False,STRICT_CORRECT_DROP_WRONG
EIQ_RACE_DD7C7EF440DCC591,EIQ_HORSE_D5CC1268EAB795FA,2024,-0.0826360832138282,EIQ_HORSE_E931548CD531D10A,EIQ_HORSE_E931548CD531D10A,SAME_FAVOURITE,False,False,SAME_FAVOURITE
EIQ_RACE_DD9DEBAB01D9DEBD,EIQ_HORSE_0EA3E0743A6860FE,2023,0.18499682764384984,EIQ_HORSE_24DC3A7E16EE5539,EIQ_HORSE_24DC3A7E16EE5539,SAME_FAVOURITE,False,False,SAME_FAVOURITE
EIQ_RACE_DDA299B2667ADC35,EIQ_HORSE_08DDA6F027738C0C,2021,-0.10548091093440015,EIQ_HORSE_08DDA6F027738C0C,EIQ_HORSE_6C62CECC263C5EE4,CHALLENGER_CHANGED_FAVOURITE,True,False,STRICT_CORRECT_DROP_WRONG
EIQ_RACE_DDA849D6CDC34398,EIQ_HORSE_3148D86C49843A73,2021,-0.11552297040307868,EIQ_HORSE_003420341787FB72,EIQ_HORSE_003420341787FB72,SAME_FAVOURITE,False,False,SAME_FAVOURITE
EIQ_RACE_DDAFE842A2B82D76,EIQ_HORSE_6CA82B3025698D1F,2021,-0.027805215507840764,EIQ_HORSE_2EFC660CA1AE598B,EIQ_HORSE_2EFC660CA1AE598B,SAME_FAVOURITE,False,False,SAME_FAVOURITE
EIQ_RACE_DDC1B5CCDC08C1D0,EIQ_HORSE_18F7ECB1D960E94E,2023,0.02408228760248443,EIQ_HORSE_723F406911AF70F4,EIQ_HORSE_723F406911AF70F4,SAME_FAVOURITE,False,False,SAME_FAVOURITE
EIQ_RACE_DDC33C943657AEEB,EIQ_HORSE_4EF3D274719428D1,2021,0.1857033776586985,EIQ_HORSE_F82B995CF5096B59,EIQ_HORSE_F82B995CF5096B59,SAME_FAVOURITE,False,False,SAME_FAVOURITE
EIQ_RACE_DDD16CDF1F230EFB,EIQ_HORSE_D89A4725B752B2A9,2024,-0.015585415569780103,EIQ_HORSE_D1CB2443A8F7EA51,EIQ_HORSE_D1CB2443A8F7EA51,SAME_FAVOURITE,False,False,SAME_FAVOURITE
EIQ_RACE_DDFE18BD8C1EF746,EIQ_HORSE_0B92F9448FF98D1F,2023,-0.1002166616043112,EIQ_HORSE_1F32C98BF4DB000F,EIQ_HORSE_1F32C98BF4DB000F,SAME_FAVOURITE,False,False,SAME_FAVOURITE
EIQ_RACE_DE047D55322E0D55,EIQ_HORSE_8394A5643ED24C81,2025,0.07371453836297004,EIQ_HORSE_8D45C8C3A187ABF6,EIQ_HORSE_8D45C8C3A187ABF6,SAME_FAVOURITE,False,False,SAME_FAVOURITE
EIQ_RACE_DE0CFDEA0EF70769,EIQ_HORSE_8BA2ADDF2CE0425A,2025,-0.01224174700869618,EIQ_HORSE_60F82EAD9FB53DB1,EIQ_HORSE_60F82EAD9FB53DB1,SAME_FAVOURITE,False,False,SAME_FAVOURITE
EIQ_RACE_DE130D972CC4ECFF,EIQ_HORSE_FC4F41C852E47972,2023,0.035547565436435224,EIQ_HORSE_FC4F41C852E47972,EIQ_HORSE_FC4F41C852E47972,SAME_FAVOURITE,True,True,SAME_FAVOURITE
EIQ_RACE_DE1876BDFF261B1B,EIQ_HORSE_47D8276D74E43613,2021,0.002371367155237225,EIQ_HORSE_60D7D33C029A8F9B,EIQ_HORSE_60D7D33C029A8F9B,SAME_FAVOURITE,False,False,SAME_FAVOURITE
EIQ_RACE_DE1BF23D2C98C92D,EIQ_HORSE_DF06D3C86A99757A,2024,-0.014182939142367346,EIQ_HORSE_508D4E056826FF3F,EIQ_HORSE_508D4E056826FF3F,SAME_FAVOURITE,False,False,SAME_FAVOURITE
EIQ_RACE_DE24B59D0FD24BE5,EIQ_HORSE_E27C0E2511ADB273,2021,-0.08209330489480982,EIQ_HORSE_B669B29EB8E01DEA,EIQ_HORSE_B669B29EB8E01DEA,SAME_FAVOURITE,False,False,SAME_FAVOURITE
EIQ_RACE_DE29476F0C8B8004,EIQ_HORSE_78A5A8C6309F5034,2023,-0.1802207852173605,EIQ_HORSE_78A5A8C6309F5034,EIQ_HORSE_2BCAED08B77A42F5,CHALLENGER_CHANGED_FAVOURITE,True,False,STRICT_CORRECT_DROP_WRONG
EIQ_RACE_DE398AB716032196,EIQ_HORSE_153CAC9885924DC8,2021,-0.046041145625811186,EIQ_HORSE_17D8329DE40A9756,EIQ_HORSE_17D8329DE40A9756,SAME_FAVOURITE,False,False,SAME_FAVOURITE
EIQ_RACE_DE3D8B822617905C,EIQ_HORSE_C2BA0B3F51F84651,2021,-0.02359436965231687,EIQ_HORSE_D2E59AB0C15F04E2,EIQ_HORSE_D2E59AB0C15F04E2,SAME_FAVOURITE,False,False,SAME_FAVOURITE
EIQ_RACE_DE3ED972A637E10B,EIQ_HORSE_C38A1760361A8C64,2023,-0.0786942143112439,EIQ_HORSE_BDC7937C8C4B602D,EIQ_HORSE_BDC7937C8C4B602D,SAME_FAVOURITE,False,False,SAME_FAVOURITE
EIQ_RACE_DE4063420F7C8129,EIQ_HORSE_41D21D6FF181863B,2025,0.055398596290100244,EIQ_HORSE_5DFC3DFCEB60DC67,EIQ_HORSE_F405D6B018476E82,CHALLENGER_CHANGED_FAVOURITE,False,False,BOTH_WRONG
EIQ_RACE_DE74784E2495E28E,EIQ_HORSE_887CE724A6D82953,2021,0.031062759389017813,EIQ_HORSE_89B90834200814E5,EIQ_HORSE_89B90834200814E5,SAME_FAVOURITE,False,False,SAME_FAVOURITE
EIQ_RACE_DE9347B4ADF9876D,EIQ_HORSE_B793457DD0509EA3,2025,-0.03411364819407048,EIQ_HORSE_770E22B01AA694E3,EIQ_HORSE_770E22B01AA694E3,SAME_FAVOURITE,False,False,SAME_FAVOURITE
EIQ_RACE_DE9AB11591A80FF4,EIQ_HORSE_AE096E9AF74915DB,2021,-0.07277717352595969,EIQ_HORSE_8B68EEA68B2A4DFD,EIQ_HORSE_88D598477FD2CC05,CHALLENGER_CHANGED_FAVOURITE,False,False,BOTH_WRONG
EIQ_RACE_DEAD955ADBABC0E2,EIQ_HORSE_36AD5558A4D9D07B,2024,0.004132250485339384,EIQ_HORSE_36AD5558A4D9D07B,EIQ_HORSE_F2B3819A77979195,CHALLENGER_CHANGED_FAVOURITE,True,False,STRICT_CORRECT_DROP_WRONG
EIQ_RACE_DEB438499914BE50,EIQ_HORSE_B5BD5D40CC069115,2022,0.008478612398590268,EIQ_HORSE_172CE5E51082F81A,EIQ_HORSE_172CE5E51082F81A,SAME_FAVOURITE,False,False,SAME_FAVOURITE
EIQ_RACE_DEB8AFFAD3C30756,EIQ_HORSE_D0907CD6EE31BBC2,2024,-0.09315841030844685,EIQ_HORSE_D81C7ACEA5BCB4D7,EIQ_HORSE_D81C7ACEA5BCB4D7,SAME_FAVOURITE,False,False,SAME_FAVOURITE
EIQ_RACE_DEC42A1FF2079E49,EIQ_HORSE_99FCBC1961658198,2025,-0.06644743509308582,EIQ_HORSE_99FCBC1961658198,EIQ_HORSE_99FCBC1961658198,SAME_FAVOURITE,True,True,SAME_FAVOURITE
EIQ_RACE_DEC7FF236FF74CE9,EIQ_HORSE_B3E24A4F16FA6C42,2023,-0.01680574671385404,EIQ_HORSE_B89AAA155459DF50,EIQ_HORSE_B89AAA155459DF50,SAME_FAVOURITE,False,False,SAME_FAVOURITE
EIQ_RACE_DEDA907BDFB29493,EIQ_HORSE_0B48DF81937B988D,2025,-0.30128853324194926,EIQ_HORSE_056FCD820B76D0D5,EIQ_HORSE_EF4ECBB2BF8F09BF,CHALLENGER_CHANGED_FAVOURITE,False,False,BOTH_WRONG
EIQ_RACE_DEE116C51445DEC8,EIQ_HORSE_10D0BD4C220D0190,2024,0.048742516182014306,EIQ_HORSE_9BA48D34C537FF9D,EIQ_HORSE_9BA48D34C537FF9D,SAME_FAVOURITE,False,False,SAME_FAVOURITE
EIQ_RACE_DEEBCA8809D7D8A8,EIQ_HORSE_DB63B7E9F167B71D,2024,0.04342942463296806,EIQ_HORSE_FB65D218C1F98619,EIQ_HORSE_FB65D218C1F98619,SAME_FAVOURITE,False,False,SAME_FAVOURITE
EIQ_RACE_DEF38B7FD433354A,EIQ_HORSE_5574996F629263E4,2023,-0.11131499049697657,EIQ_HORSE_094E12081228F534,EIQ_HORSE_5408E31EECBCEDEB,CHALLENGER_CHANGED_FAVOURITE,False,False,BOTH_WRONG
EIQ_RACE_DF0736ACDE194217,EIQ_HORSE_5CE8C0F705A23D4A,2025,0.03303805489469447,EIQ_HORSE_F0FA749F7DDEC461,EIQ_HORSE_F0FA749F7DDEC461,SAME_FAVOURITE,False,False,SAME_FAVOURITE
EIQ_RACE_DF10ED82CA44B001,EIQ_HORSE_C460B51E1DBD5FB5,2024,-0.010156442057894122,EIQ_HORSE_16F86AB51A8928A5,EIQ_HORSE_16F86AB51A8928A5,SAME_FAVOURITE,False,False,SAME_FAVOURITE
EIQ_RACE_DF2441E225988194,EIQ_HORSE_809B2850A3844EDA,2021,-0.09057777739994699,EIQ_HORSE_0DD9BB3E2139A244,EIQ_HORSE_0DD9BB3E2139A244,SAME_FAVOURITE,False,False,SAME_FAVOURITE
EIQ_RACE_DF39BC5D58A50EF8,EIQ_HORSE_33840587C78D1D26,2024,-0.034003120558405264,EIQ_HORSE_33840587C78D1D26,EIQ_HORSE_33840587C78D1D26,SAME_FAVOURITE,True,True,SAME_FAVOURITE
EIQ_RACE_DF3E7068D7448176,EIQ_HORSE_1BA4671487824A2F,2023,-0.1498453049253845,EIQ_HORSE_5FD5F6472C5236DD,EIQ_HORSE_5FD5F6472C5236DD,SAME_FAVOURITE,False,False,SAME_FAVOURITE
EIQ_RACE_DF51936D7DAAB4D0,EIQ_HORSE_D1CB2443A8F7EA51,2023,0.23671652342638838,EIQ_HORSE_E6257A736E7BCF2D,EIQ_HORSE_9FE3E5BEC9A216B7,CHALLENGER_CHANGED_FAVOURITE,False,False,BOTH_WRONG
EIQ_RACE_DF579EDDF6BBDF1D,EIQ_HORSE_C5F47616911CE3CF,2025,0.0436020722013315,EIQ_HORSE_CDCE1CC856556376,EIQ_HORSE_CDCE1CC856556376,SAME_FAVOURITE,False,False,SAME_FAVOURITE
EIQ_RACE_DF61D4D863BEAB2F,EIQ_HORSE_D81C7ACEA5BCB4D7,2024,0.15790894324525717,EIQ_HORSE_E2D121AC8F82E3BE,EIQ_HORSE_E2D121AC8F82E3BE,SAME_FAVOURITE,False,False,SAME_FAVOURITE
EIQ_RACE_DF6EC3AD7C464874,EIQ_HORSE_0F2F45D47E8CE0CD,2025,0.16839111300490162,EIQ_HORSE_06543356E10016B0,EIQ_HORSE_06543356E10016B0,SAME_FAVOURITE,False,False,SAME_FAVOURITE
EIQ_RACE_DF7FC424CCFE2DDE,EIQ_HORSE_686670CD54802B75,2023,-0.07228924901097056,EIQ_HORSE_BCB4C31E8FBEA0C7,EIQ_HORSE_BCB4C31E8FBEA0C7,SAME_FAVOURITE,False,False,SAME_FAVOURITE
EIQ_RACE_DF8201910FB66630,EIQ_HORSE_1DDB0C126C4F08C9,2021,-0.08903615538342269,EIQ_HORSE_1DDB0C126C4F08C9,EIQ_HORSE_1DDB0C126C4F08C9,SAME_FAVOURITE,True,True,SAME_FAVOURITE
EIQ_RACE_DFA3BD779E6FCA64,EIQ_HORSE_4805B8E9F9667085,2023,-0.11836434805822682,EIQ_HORSE_BB6846828AF64403,EIQ_HORSE_BB6846828AF64403,SAME_FAVOURITE,False,False,SAME_FAVOURITE
EIQ_RACE_DFB7C2911FC916CF,EIQ_HORSE_28508C4EDBC2BCFC,2025,-0.011168479789280816,EIQ_HORSE_2849CBA8909DFD65,EIQ_HORSE_2849CBA8909DFD65,SAME_FAVOURITE,False,False,SAME_FAVOURITE
EIQ_RACE_DFC80D7F4A22B7CB,EIQ_HORSE_55E0DBFE7D9F2442,2023,-0.07786783139507181,EIQ_HORSE_B3A56324EE1051F4,EIQ_HORSE_B3A56324EE1051F4,SAME_FAVOURITE,False,False,SAME_FAVOURITE
EIQ_RACE_DFD0ADB5C6F434CF,EIQ_HORSE_98703AF24DC5D228,2025,0.0028803483390635876,EIQ_HORSE_53B2830F7603E49C,EIQ_HORSE_53B2830F7603E49C,SAME_FAVOURITE,False,False,SAME_FAVOURITE
EIQ_RACE_DFD3F2C7FFEBB796,EIQ_HORSE_CC6C3B6EF80A3193,2024,0.25656963395460775,EIQ_HORSE_4C093381C5BE1FF7,EIQ_HORSE_4C093381C5BE1FF7,SAME_FAVOURITE,False,False,SAME_FAVOURITE
EIQ_RACE_DFDA8C1B2411E29A,EIQ_HORSE_CCD7BB6E5BB93418,2023,0.060141462943642976,EIQ_HORSE_322822095CA09915,EIQ_HORSE_322822095CA09915,SAME_FAVOURITE,False,False,SAME_FAVOURITE
EIQ_RACE_DFDE74263560E5EE,EIQ_HORSE_ED489ED88B36DDE6,2022,-0.09231458233697576,EIQ_HORSE_ED489ED88B36DDE6,EIQ_HORSE_28B25E9D6A5CBDC3,CHALLENGER_CHANGED_FAVOURITE,True,False,STRICT_CORRECT_DROP_WRONG
EIQ_RACE_DFDECB1BFB7AF334,EIQ_HORSE_034BD5322B869170,2021,0.0496609540436701,EIQ_HORSE_248B9F52C9A16DC0,EIQ_HORSE_248B9F52C9A16DC0,SAME_FAVOURITE,False,False,SAME_FAVOURITE
EIQ_RACE_DFDFE945ED65FD18,EIQ_HORSE_38D46F544FB7FB39,2021,-0.020030912711354487,EIQ_HORSE_B98485D61297FFC2,EIQ_HORSE_B98485D61297FFC2,SAME_FAVOURITE,False,False,SAME_FAVOURITE
EIQ_RACE_DFE1F2E184ED55D0,EIQ_HORSE_60A0842EF00D120D,2023,-0.19003221718169305,EIQ_HORSE_5408C5CC0E6DF90F,EIQ_HORSE_89FCE68C3AB55449,CHALLENGER_CHANGED_FAVOURITE,False,False,BOTH_WRONG
EIQ_RACE_DFF84A192FDF2AFB,EIQ_HORSE_FD6A888C75A3B5A6,2021,-0.06385720960469587,EIQ_HORSE_89B90834200814E5,EIQ_HORSE_89B90834200814E5,SAME_FAVOURITE,False,False,SAME_FAVOURITE
EIQ_RACE_DFFF97AD5241E82B,EIQ_HORSE_10BFA95271A6A026,2021,-0.06798210678806038,EIQ_HORSE_10BFA95271A6A026,EIQ_HORSE_692950B9744D430A,CHALLENGER_CHANGED_FAVOURITE,True,False,STRICT_CORRECT_DROP_WRONG
EIQ_RACE_E002F6EA8F47D461,EIQ_HORSE_1579C26F18C0A14E,2023,-0.0483209952584156,EIQ_HORSE_0F45CCB01B46EB5B,EIQ_HORSE_0F45CCB01B46EB5B,SAME_FAVOURITE,False,False,SAME_FAVOURITE
EIQ_RACE_E00DFCD168257889,EIQ_HORSE_E752A419C1BF3D1E,2021,0.02180220873919314,EIQ_HORSE_1D43DB1580A99201,EIQ_HORSE_1D43DB1580A99201,SAME_FAVOURITE,False,False,SAME_FAVOURITE
EIQ_RACE_E011A7DDFF894BFC,EIQ_HORSE_437352AE7A8FDC19,2024,0.02173703179233577,EIQ_HORSE_B6188A89822D0D76,EIQ_HORSE_B6188A89822D0D76,SAME_FAVOURITE,False,False,SAME_FAVOURITE
EIQ_RACE_E0180AF6F45C0FF0,EIQ_HORSE_E27EC72C2FABA29C,2021,-0.0011908341752775442,EIQ_HORSE_3D48A39595FA4B5C,EIQ_HORSE_3D48A39595FA4B5C,SAME_FAVOURITE,False,False,SAME_FAVOURITE
EIQ_RACE_E01893F5D03F613E,EIQ_HORSE_71194DEA321CB871,2024,0.045542045518336405,EIQ_HORSE_26AE1E2362B515CD,EIQ_HORSE_26AE1E2362B515CD,SAME_FAVOURITE,False,False,SAME_FAVOURITE
EIQ_RACE_E018D5A948FB9191,EIQ_HORSE_703F0F21E478646D,2023,-0.11763530315429227,EIQ_HORSE_0284A2836AEE6E98,EIQ_HORSE_0284A2836AEE6E98,SAME_FAVOURITE,False,False,SAME_FAVOURITE
EIQ_RACE_E027C0B56E57E9A1,EIQ_HORSE_8492C6FA2BB58338,2022,-0.05332618379729759,EIQ_HORSE_278E09F9174A161B,EIQ_HORSE_278E09F9174A161B,SAME_FAVOURITE,False,False,SAME_FAVOURITE
EIQ_RACE_E053926642CD3CED,EIQ_HORSE_8244851D0CF8422F,2024,-0.1016742717429,EIQ_HORSE_E0B55A9B74C144A4,EIQ_HORSE_E0B55A9B74C144A4,SAME_FAVOURITE,False,False,SAME_FAVOURITE
EIQ_RACE_E05BB5358E0B4C16,EIQ_HORSE_E9671A4F42A1092D,2021,-0.09252980238328101,EIQ_HORSE_5E4E9F68F562B203,EIQ_HORSE_E39B61EC13057D83,CHALLENGER_CHANGED_FAVOURITE,False,False,BOTH_WRONG
EIQ_RACE_E05E1821E0348899,EIQ_HORSE_5849467E108A52AC,2021,-0.0826358142977297,EIQ_HORSE_069C86A34774DCF1,EIQ_HORSE_069C86A34774DCF1,SAME_FAVOURITE,False,False,SAME_FAVOURITE
EIQ_RACE_E062FC41C23E7762,EIQ_HORSE_D91A75BDE411B53C,2022,0.22110283233826822,EIQ_HORSE_3C52EB2B49471887,EIQ_HORSE_3C52EB2B49471887,SAME_FAVOURITE,False,False,SAME_FAVOURITE
EIQ_RACE_E06E11A0EBBEAA5F,EIQ_HORSE_536D42FF4360B9BB,2023,0.034447088815640514,EIQ_HORSE_4ECF989D1CEC12CB,EIQ_HORSE_4ECF989D1CEC12CB,SAME_FAVOURITE,False,False,SAME_FAVOURITE
EIQ_RACE_E0760E990457DA4A,EIQ_HORSE_002601414DE35FC8,2023,0.020917568918825236,EIQ_HORSE_D646DF277919F5DD,EIQ_HORSE_BC2ABEA8E50A9439,CHALLENGER_CHANGED_FAVOURITE,False,False,BOTH_WRONG
EIQ_RACE_E094593C7B16FE8E,EIQ_HORSE_B2E9BA9702210E08,2024,0.022645034163029543,EIQ_HORSE_5058C462B0540219,EIQ_HORSE_5058C462B0540219,SAME_FAVOURITE,False,False,SAME_FAVOURITE
EIQ_RACE_E097CED9445BF093,EIQ_HORSE_5B59D5BEE3CC5405,2026,0.0033716754088013445,EIQ_HORSE_B7C3835C4A3698CA,EIQ_HORSE_9F3E7560AE40753D,CHALLENGER_CHANGED_FAVOURITE,False,False,BOTH_WRONG
EIQ_RACE_E0B0887AA1F6CFF9,EIQ_HORSE_2FA0EC3D16AA8DE8,2026,-0.09965271281882648,EIQ_HORSE_695C9CE0A3591E91,EIQ_HORSE_695C9CE0A3591E91,SAME_FAVOURITE,False,False,SAME_FAVOURITE
EIQ_RACE_E0B49852329A635E,EIQ_HORSE_AB8D1A2A47E253F2,2023,-0.1477455959239713,EIQ_HORSE_AB8D1A2A47E253F2,EIQ_HORSE_AB8D1A2A47E253F2,SAME_FAVOURITE,True,True,SAME_FAVOURITE
EIQ_RACE_E0C921582B97BBCA,EIQ_HORSE_28433DEAEE95F394,2025,0.03307855852065966,EIQ_HORSE_28433DEAEE95F394,EIQ_HORSE_28433DEAEE95F394,SAME_FAVOURITE,True,True,SAME_FAVOURITE
EIQ_RACE_E0DF3BBDD6FC429F,EIQ_HORSE_0EF3E67440B57865,2022,0.05335016747558563,EIQ_HORSE_EF58FB7CE4A1B831,EIQ_HORSE_EF58FB7CE4A1B831,SAME_FAVOURITE,False,False,SAME_FAVOURITE
EIQ_RACE_E0E78B3B9398540B,EIQ_HORSE_FC8E7A34ACDD649F,2025,-0.04820309799180511,EIQ_HORSE_7C47BF1E2F2CA31F,EIQ_HORSE_7C47BF1E2F2CA31F,SAME_FAVOURITE,False,False,SAME_FAVOURITE
EIQ_RACE_E0FFC7FD50453132,EIQ_HORSE_758F3FDACF9D6271,2025,0.3205528465894725,EIQ_HORSE_A9A1B4A52DD6A251,EIQ_HORSE_A9A1B4A52DD6A251,SAME_FAVOURITE,False,False,SAME_FAVOURITE
EIQ_RACE_E11AA296242F7E7C,EIQ_HORSE_7842B1CDF29277B4,2021,-0.1717624541199525,EIQ_HORSE_3D6CB068659129EA,EIQ_HORSE_3D6CB068659129EA,SAME_FAVOURITE,False,False,SAME_FAVOURITE
EIQ_RACE_E11D764ACFD4AD84,EIQ_HORSE_8891460150276209,2025,0.1815617944371719,EIQ_HORSE_C13135E39A62EC33,EIQ_HORSE_C13135E39A62EC33,SAME_FAVOURITE,False,False,SAME_FAVOURITE
EIQ_RACE_E12E7DAE2E647D86,EIQ_HORSE_704F49A3FA099180,2024,0.015640382383749873,EIQ_HORSE_C8FB108DCA591235,EIQ_HORSE_C8FB108DCA591235,SAME_FAVOURITE,False,False,SAME_FAVOURITE
EIQ_RACE_E1426E452A10516B,EIQ_HORSE_BC1FE92AD392979B,2024,0.005731474968646566,EIQ_HORSE_442E76D8EB859457,EIQ_HORSE_442E76D8EB859457,SAME_FAVOURITE,False,False,SAME_FAVOURITE
EIQ_RACE_E14B93C281EEE6F4,EIQ_HORSE_92A7B32D505200E4,2021,0.0365263702419818,EIQ_HORSE_E53A879A388D39E1,EIQ_HORSE_E53A879A388D39E1,SAME_FAVOURITE,False,False,SAME_FAVOURITE
EIQ_RACE_E155789AEB3AABE1,EIQ_HORSE_267F1C8E43026C6B,2024,-0.0790518994993441,EIQ_HORSE_13B651AAF5DF9867,EIQ_HORSE_018627FB27DEF171,CHALLENGER_CHANGED_FAVOURITE,False,False,BOTH_WRONG
EIQ_RACE_E1574AACA394D2C0,EIQ_HORSE_2323E4EE35EE7A2E,2024,-0.040267434268736135,EIQ_HORSE_2323E4EE35EE7A2E,EIQ_HORSE_2323E4EE35EE7A2E,SAME_FAVOURITE,True,True,SAME_FAVOURITE
EIQ_RACE_E158C09E9E7CFF95,EIQ_HORSE_438A1A0C23EC2B85,2023,0.26176191264200055,EIQ_HORSE_85BE1F5EAE6434D7,EIQ_HORSE_85BE1F5EAE6434D7,SAME_FAVOURITE,False,False,SAME_FAVOURITE
EIQ_RACE_E16265D12E8B46C9,EIQ_HORSE_30553D4DA71912B8,2024,-0.07107813939089613,EIQ_HORSE_E6654DC23A1B8060,EIQ_HORSE_E6654DC23A1B8060,SAME_FAVOURITE,False,False,SAME_FAVOURITE
EIQ_RACE_E1664533E8BEF9EE,EIQ_HORSE_358C26EF9C3C2134,2024,-0.025148863068040317,EIQ_HORSE_358C26EF9C3C2134,EIQ_HORSE_358C26EF9C3C2134,SAME_FAVOURITE,True,True,SAME_FAVOURITE
EIQ_RACE_E1824B4C26857795,EIQ_HORSE_C9E245879F77556D,2026,-0.21685497154799815,EIQ_HORSE_C9E245879F77556D,EIQ_HORSE_39F3C46959C92CFC,CHALLENGER_CHANGED_FAVOURITE,True,False,STRICT_CORRECT_DROP_WRONG
EIQ_RACE_E1910ABE6E99B5CE,EIQ_HORSE_87851A02F42F0D76,2021,0.1345866931914974,EIQ_HORSE_782B31203DF6AD3A,EIQ_HORSE_87851A02F42F0D76,CHALLENGER_CHANGED_FAVOURITE,False,True,STRICT_WRONG_DROP_CORRECT
EIQ_RACE_E1A78D110695E6C3,EIQ_HORSE_B1AE8FA88D679B65,2024,-0.05409708752782749,EIQ_HORSE_D70900F78D5C19EE,EIQ_HORSE_D70900F78D5C19EE,SAME_FAVOURITE,False,False,SAME_FAVOURITE
EIQ_RACE_E1B2A812F23EE44B,EIQ_HORSE_CAF3E085E6422EBE,2025,0.0030645130353512684,EIQ_HORSE_CAF3E085E6422EBE,EIQ_HORSE_CAF3E085E6422EBE,SAME_FAVOURITE,True,True,SAME_FAVOURITE
EIQ_RACE_E1B680EB67B1C2F9,EIQ_HORSE_4F4371E474C83BE0,2021,0.054835409285929115,EIQ_HORSE_17E5A09CCC0C493D,EIQ_HORSE_17E5A09CCC0C493D,SAME_FAVOURITE,False,False,SAME_FAVOURITE
EIQ_RACE_E1B8545758F3F642,EIQ_HORSE_7F094BD89C5EB590,2021,0.041807068536135805,EIQ_HORSE_6963E3A845F8CFE2,EIQ_HORSE_6963E3A845F8CFE2,SAME_FAVOURITE,False,False,SAME_FAVOURITE
EIQ_RACE_E1E52FDFA008D1BA,EIQ_HORSE_115ACC31A24171D0,2021,-0.25501010198803664,EIQ_HORSE_84D66E9CA45264A3,EIQ_HORSE_84D66E9CA45264A3,SAME_FAVOURITE,False,False,SAME_FAVOURITE
EIQ_RACE_E1FF86AEDBC7878C,EIQ_HORSE_AF97E13524DD5A5F,2022,0.07215609567946757,EIQ_HORSE_0B07CBE04D6C2995,EIQ_HORSE_9DFB865699233782,CHALLENGER_CHANGED_FAVOURITE,False,False,BOTH_WRONG
EIQ_RACE_E2012E0CCB9C8134,EIQ_HORSE_17646F81D0F3DCBF,2021,-0.007294089256652647,EIQ_HORSE_442F7DC1F7BAB5A3,EIQ_HORSE_442F7DC1F7BAB5A3,SAME_FAVOURITE,False,False,SAME_FAVOURITE
EIQ_RACE_E2156A720539B0C7,EIQ_HORSE_84B7746BB3B4AA9A,2021,-0.08358489275875924,EIQ_HORSE_84B7746BB3B4AA9A,EIQ_HORSE_84B7746BB3B4AA9A,SAME_FAVOURITE,True,True,SAME_FAVOURITE
EIQ_RACE_E21ADDB2E5178F34,EIQ_HORSE_D04B1D0BD9CA925D,2024,-0.013846019790007436,EIQ_HORSE_93358383F3F2C50F,EIQ_HORSE_93358383F3F2C50F,SAME_FAVOURITE,False,False,SAME_FAVOURITE
EIQ_RACE_E225A0DD96AC8A59,EIQ_HORSE_750E484A0AD15473,2024,-0.029944036119198714,EIQ_HORSE_90A6E3081F918844,EIQ_HORSE_DEE1961006289389,CHALLENGER_CHANGED_FAVOURITE,False,False,BOTH_WRONG
EIQ_RACE_E2307A9F7F7CF6CE,EIQ_HORSE_71E597EC26E9ED7B,2025,0.1708812137279736,EIQ_HORSE_6726C9D341866219,EIQ_HORSE_78FD7CE041E70CBA,CHALLENGER_CHANGED_FAVOURITE,False,False,BOTH_WRONG
EIQ_RACE_E244FAE7ED5286B4,EIQ_HORSE_972E1F583BB69C65,2024,-0.08388175440864032,EIQ_HORSE_972E1F583BB69C65,EIQ_HORSE_972E1F583BB69C65,SAME_FAVOURITE,True,True,SAME_FAVOURITE
EIQ_RACE_E25B74BE8A42CEC0,EIQ_HORSE_9AB7379477CE0435,2021,-0.09387429223963628,EIQ_HORSE_9AB7379477CE0435,EIQ_HORSE_48B5C5CD57489BAE,CHALLENGER_CHANGED_FAVOURITE,True,False,STRICT_CORRECT_DROP_WRONG
EIQ_RACE_E2659E80A9AF9F78,EIQ_HORSE_ABAD9D9863676DF7,2023,0.038991968198174076,EIQ_HORSE_ABAD9D9863676DF7,EIQ_HORSE_ABAD9D9863676DF7,SAME_FAVOURITE,True,True,SAME_FAVOURITE
EIQ_RACE_E266E584FF8B2942,EIQ_HORSE_41AAE685DDEDDA09,2021,0.10318262206804008,EIQ_HORSE_2033B307F9CF19AC,EIQ_HORSE_41AAE685DDEDDA09,CHALLENGER_CHANGED_FAVOURITE,False,True,STRICT_WRONG_DROP_CORRECT
EIQ_RACE_E26F4E6A6972109E,EIQ_HORSE_DB103F38AF46D07C,2021,-0.08769928377299596,EIQ_HORSE_DB103F38AF46D07C,EIQ_HORSE_DB103F38AF46D07C,SAME_FAVOURITE,True,True,SAME_FAVOURITE
EIQ_RACE_E272F218EF65FDB4,EIQ_HORSE_D01A721887AC9D29,2023,0.0011843883701883051,EIQ_HORSE_9745CDCB3B061E26,EIQ_HORSE_9745CDCB3B061E26,SAME_FAVOURITE,False,False,SAME_FAVOURITE
EIQ_RACE_E27566998E466387,EIQ_HORSE_767A2C97C3BE1395,2023,-0.07844601683166474,EIQ_HORSE_EB2F538FBDE82D82,EIQ_HORSE_EB2F538FBDE82D82,SAME_FAVOURITE,False,False,SAME_FAVOURITE
EIQ_RACE_E2961FD4AF10C780,EIQ_HORSE_2B6F05E1BA5B6ECE,2021,0.058177267258097576,EIQ_HORSE_2B6F05E1BA5B6ECE,EIQ_HORSE_2B6F05E1BA5B6ECE,SAME_FAVOURITE,True,True,SAME_FAVOURITE
EIQ_RACE_E29A488F61641859,EIQ_HORSE_AEE54A4AA296C79B,2023,-0.07140735248676133,EIQ_HORSE_9745CDCB3B061E26,EIQ_HORSE_9745CDCB3B061E26,SAME_FAVOURITE,False,False,SAME_FAVOURITE
EIQ_RACE_E2B8FEDEC4E3D413,EIQ_HORSE_3CA7EA4EE8A93BFE,2021,0.04561744334679663,EIQ_HORSE_DF6723A02925AEC0,EIQ_HORSE_DF6723A02925AEC0,SAME_FAVOURITE,False,False,SAME_FAVOURITE
EIQ_RACE_E2BDBEAABCAD08D0,EIQ_HORSE_C3B53D38271A5C74,2021,0.055343794730115636,EIQ_HORSE_F78AA4C244272455,EIQ_HORSE_F78AA4C244272455,SAME_FAVOURITE,False,False,SAME_FAVOURITE
EIQ_RACE_E2BE24081E6877BB,EIQ_HORSE_A3D83E1E59D55DD6,2026,-0.08976741884886197,EIQ_HORSE_B818AF92BB6F34F7,EIQ_HORSE_B818AF92BB6F34F7,SAME_FAVOURITE,False,False,SAME_FAVOURITE
EIQ_RACE_E2C2A31D774DE175,EIQ_HORSE_52D7A0641B5D8572,2025,-0.14158124682485407,EIQ_HORSE_507E657534AA9F05,EIQ_HORSE_507E657534AA9F05,SAME_FAVOURITE,False,False,SAME_FAVOURITE
EIQ_RACE_E2C448774616531C,EIQ_HORSE_8F28DE92737C9910,2021,0.04672080303352244,EIQ_HORSE_E7D177F440D3CBF7,EIQ_HORSE_E7D177F440D3CBF7,SAME_FAVOURITE,False,False,SAME_FAVOURITE
EIQ_RACE_E2CDF93E9C7AC2BA,EIQ_HORSE_A9BF3771016F7CFD,2023,-0.1267230742094596,EIQ_HORSE_A9BF3771016F7CFD,EIQ_HORSE_A9BF3771016F7CFD,SAME_FAVOURITE,True,True,SAME_FAVOURITE
EIQ_RACE_E2CF09116299937E,EIQ_HORSE_ACBF241228345C79,2025,0.07187915443295534,EIQ_HORSE_5D6D4FF494800B06,EIQ_HORSE_5D6D4FF494800B06,SAME_FAVOURITE,False,False,SAME_FAVOURITE
EIQ_RACE_E2D45DF086387D8D,EIQ_HORSE_6BB8AA5851D80EF2,2023,0.023279881517500156,EIQ_HORSE_4057DF50DD45C1FF,EIQ_HORSE_4057DF50DD45C1FF,SAME_FAVOURITE,False,False,SAME_FAVOURITE
EIQ_RACE_E2DA4AC7F6AC161D,EIQ_HORSE_7EF43B667227AA13,2025,0.22150736614139888,EIQ_HORSE_48D11968844DE768,EIQ_HORSE_48D11968844DE768,SAME_FAVOURITE,False,False,SAME_FAVOURITE
EIQ_RACE_E2DBA509AD628450,EIQ_HORSE_18981857801BC811,2021,0.02844035313506499,EIQ_HORSE_9547DC359E48BBC2,EIQ_HORSE_9547DC359E48BBC2,SAME_FAVOURITE,False,False,SAME_FAVOURITE
EIQ_RACE_E2DF22CB2544E02C,EIQ_HORSE_00B4D396126B2E30,2025,-0.039611340241387794,EIQ_HORSE_0FE64AF79B918DA8,EIQ_HORSE_323FDD0760DDC515,CHALLENGER_CHANGED_FAVOURITE,False,False,BOTH_WRONG
EIQ_RACE_E2F4B7A0A8A89E15,EIQ_HORSE_F0D4C7A946EBA31E,2021,-0.033389830771485496,EIQ_HORSE_C53197ECD6AE5EBF,EIQ_HORSE_C53197ECD6AE5EBF,SAME_FAVOURITE,False,False,SAME_FAVOURITE
EIQ_RACE_E315FA796F4642F6,EIQ_HORSE_AAA8264B0FC87218,2025,0.117037247542912,EIQ_HORSE_AAA8264B0FC87218,EIQ_HORSE_AAA8264B0FC87218,SAME_FAVOURITE,True,True,SAME_FAVOURITE
EIQ_RACE_E317FEDC670A706B,EIQ_HORSE_E0B55A9B74C144A4,2024,-0.06766692199417057,EIQ_HORSE_E0B55A9B74C144A4,EIQ_HORSE_4AAB8865D62B36F0,CHALLENGER_CHANGED_FAVOURITE,True,False,STRICT_CORRECT_DROP_WRONG
EIQ_RACE_E33DCFB939C5697F,EIQ_HORSE_1B9A02C678956B93,2021,0.4952061472729352,EIQ_HORSE_82FB052361AD536F,EIQ_HORSE_82FB052361AD536F,SAME_FAVOURITE,False,False,SAME_FAVOURITE
EIQ_RACE_E34560442CA0EA16,EIQ_HORSE_2F3FA7BE99E9B613,2025,0.06370784278074293,EIQ_HORSE_6F275D8F33D881B9,EIQ_HORSE_6F275D8F33D881B9,SAME_FAVOURITE,False,False,SAME_FAVOURITE
EIQ_RACE_E348FC22DCFD2A73,EIQ_HORSE_EA56DFE6525031FA,2023,-0.0026803254539053967,EIQ_HORSE_78FD7CE041E70CBA,EIQ_HORSE_78FD7CE041E70CBA,SAME_FAVOURITE,False,False,SAME_FAVOURITE
EIQ_RACE_E352AEDAF52C488D,EIQ_HORSE_5E9A12A56D465EC2,2024,0.1561233849363206,EIQ_HORSE_9A20C153DE978284,EIQ_HORSE_9A20C153DE978284,SAME_FAVOURITE,False,False,SAME_FAVOURITE
EIQ_RACE_E357395C6688CB96,EIQ_HORSE_51926DB341747896,2021,-0.0291975761806742,EIQ_HORSE_33B9072300447BD0,EIQ_HORSE_33B9072300447BD0,SAME_FAVOURITE,False,False,SAME_FAVOURITE
EIQ_RACE_E36D4DB0E5F573A4,EIQ_HORSE_89734DDBE0840700,2024,0.10670945041613478,EIQ_HORSE_681F56BCBFED6CDE,EIQ_HORSE_89734DDBE0840700,CHALLENGER_CHANGED_FAVOURITE,False,True,STRICT_WRONG_DROP_CORRECT
EIQ_RACE_E38FF375A420BC16,EIQ_HORSE_C99631CE906C4614,2021,0.05563719817200319,EIQ_HORSE_08DDA6F027738C0C,EIQ_HORSE_08DDA6F027738C0C,SAME_FAVOURITE,False,False,SAME_FAVOURITE
EIQ_RACE_E3A34DFE135B1BE1,EIQ_HORSE_98E53C206D191CDF,2022,0.01774633418327065,EIQ_HORSE_BD57DE1E452C6FBC,EIQ_HORSE_BD57DE1E452C6FBC,SAME_FAVOURITE,False,False,SAME_FAVOURITE
EIQ_RACE_E3AB64F1F0109BAC,EIQ_HORSE_575D4F148AA2F1DD,2021,-0.05847029698343942,EIQ_HORSE_22F963D66B53A591,EIQ_HORSE_22F963D66B53A591,SAME_FAVOURITE,False,False,SAME_FAVOURITE
EIQ_RACE_E3B47AD88DFCF564,EIQ_HORSE_051225573BF7E110,2025,0.10282220844574796,EIQ_HORSE_DCF88CDE30A8A5ED,EIQ_HORSE_DCF88CDE30A8A5ED,SAME_FAVOURITE,False,False,SAME_FAVOURITE
EIQ_RACE_E3C5DBDC41DE0FF0,EIQ_HORSE_3228F15D7467330C,2026,-0.11958313154763434,EIQ_HORSE_0B79211983DBC051,EIQ_HORSE_0B79211983DBC051,SAME_FAVOURITE,False,False,SAME_FAVOURITE
EIQ_RACE_E3CFCA30D489EC8B,EIQ_HORSE_883BA581938D10BF,2025,-0.30631606208286755,EIQ_HORSE_8AE2B1C9812DD26B,EIQ_HORSE_8AE2B1C9812DD26B,SAME_FAVOURITE,False,False,SAME_FAVOURITE
EIQ_RACE_E3D7144CA8B6700A,EIQ_HORSE_9428BCCDCEAC841E,2026,-0.06855841333180512,EIQ_HORSE_EED2E9A4477E17F4,EIQ_HORSE_EED2E9A4477E17F4,SAME_FAVOURITE,False,False,SAME_FAVOURITE
EIQ_RACE_E3E5BFEB00D85496,EIQ_HORSE_C588FCC0532366DB,2025,0.11354294435186185,EIQ_HORSE_1F97AA9D5860F71D,EIQ_HORSE_E40F5FE05B78C660,CHALLENGER_CHANGED_FAVOURITE,False,False,BOTH_WRONG
EIQ_RACE_E3E5FAF9566E5AA1,EIQ_HORSE_7B60336D1B7987E2,2025,-0.1636606531234963,EIQ_HORSE_7BA5834F0CB4B773,EIQ_HORSE_B5F25A4917B1025E,CHALLENGER_CHANGED_FAVOURITE,False,False,BOTH_WRONG
EIQ_RACE_E3F4AE600DCF2079,EIQ_HORSE_3C3B48978FAC4A66,2024,-0.062618770401484,EIQ_HORSE_F2B3819A77979195,EIQ_HORSE_F2B3819A77979195,SAME_FAVOURITE,False,False,SAME_FAVOURITE
EIQ_RACE_E3F5ED5D1E198EB4,EIQ_HORSE_C8DB5E969DC34AAB,2024,-0.07656523121251291,EIQ_HORSE_C8DB5E969DC34AAB,EIQ_HORSE_C8DB5E969DC34AAB,SAME_FAVOURITE,True,True,SAME_FAVOURITE
EIQ_RACE_E422FFE945B59A2B,EIQ_HORSE_44C37B351AE08229,2022,0.27412962966619236,EIQ_HORSE_D0852FEC898F15CC,EIQ_HORSE_D0852FEC898F15CC,SAME_FAVOURITE,False,False,SAME_FAVOURITE
EIQ_RACE_E43B1833231268E9,EIQ_HORSE_EC606BB580F5B15C,2023,-0.04345409501080466,EIQ_HORSE_FA7629D5ABF72115,EIQ_HORSE_FA7629D5ABF72115,SAME_FAVOURITE,False,False,SAME_FAVOURITE
EIQ_RACE_E43D63BA8659D627,EIQ_HORSE_5E1A21095BB8FE14,2025,0.06286621593475017,EIQ_HORSE_F40038C9982B3215,EIQ_HORSE_584EC7E07217114D,CHALLENGER_CHANGED_FAVOURITE,False,False,BOTH_WRONG
EIQ_RACE_E456E1DA2412A392,EIQ_HORSE_203A4132F3B94AE9,2022,0.027445574541473894,EIQ_HORSE_203A4132F3B94AE9,EIQ_HORSE_203A4132F3B94AE9,SAME_FAVOURITE,True,True,SAME_FAVOURITE
EIQ_RACE_E4570BCD36572C45,EIQ_HORSE_41F0E03CE028168E,2025,0.005798831149362194,EIQ_HORSE_D33413C20914EF46,EIQ_HORSE_D33413C20914EF46,SAME_FAVOURITE,False,False,SAME_FAVOURITE
EIQ_RACE_E45AC9840C351A0A,EIQ_HORSE_0A6E6422DF880B4A,2024,-0.03728730173250616,EIQ_HORSE_119BB523FAA1CF36,EIQ_HORSE_119BB523FAA1CF36,SAME_FAVOURITE,False,False,SAME_FAVOURITE
EIQ_RACE_E45DE155498E623A,EIQ_HORSE_4E022760730487CB,2023,-0.07246026078357826,EIQ_HORSE_2A8C05988DFD57D0,EIQ_HORSE_2A8C05988DFD57D0,SAME_FAVOURITE,False,False,SAME_FAVOURITE
EIQ_RACE_E467B19D87E26970,EIQ_HORSE_71EA0EEB169718E6,2026,0.0552473378295848,EIQ_HORSE_D642DC4A42AE8867,EIQ_HORSE_D642DC4A42AE8867,SAME_FAVOURITE,False,False,SAME_FAVOURITE
EIQ_RACE_E47B201D404EDCB8,EIQ_HORSE_0917A5CEA1F513EE,2022,0.11121372521156592,EIQ_HORSE_0917A5CEA1F513EE,EIQ_HORSE_0917A5CEA1F513EE,SAME_FAVOURITE,True,True,SAME_FAVOURITE
EIQ_RACE_E47BC6762BCDBE26,EIQ_HORSE_59FDB7DBEBBDCF58,2025,-0.0765941124280789,EIQ_HORSE_59FDB7DBEBBDCF58,EIQ_HORSE_59FDB7DBEBBDCF58,SAME_FAVOURITE,True,True,SAME_FAVOURITE
EIQ_RACE_E4883F6C7D1F9877,EIQ_HORSE_9401167AF6CA148C,2021,0.032469795132108015,EIQ_HORSE_DF55901F062991C7,EIQ_HORSE_DF55901F062991C7,SAME_FAVOURITE,False,False,SAME_FAVOURITE
EIQ_RACE_E48FDEEED1674B19,EIQ_HORSE_F2264B4D2D33EE9F,2021,-0.019204171964289696,EIQ_HORSE_9A214C2A53CB190C,EIQ_HORSE_9A214C2A53CB190C,SAME_FAVOURITE,False,False,SAME_FAVOURITE
EIQ_RACE_E4945A04C4F83C4D,EIQ_HORSE_7CA1A33E5F11473B,2024,0.03296755833069054,EIQ_HORSE_7C35A54850D72A24,EIQ_HORSE_7C35A54850D72A24,SAME_FAVOURITE,False,False,SAME_FAVOURITE
EIQ_RACE_E4B5DAEB5C7E7EBE,EIQ_HORSE_5899E617DE4986D1,2023,0.09401462072863431,EIQ_HORSE_11ED005892470205,EIQ_HORSE_11ED005892470205,SAME_FAVOURITE,False,False,SAME_FAVOURITE
EIQ_RACE_E4BBF6E88B61A772,EIQ_HORSE_0FDF46E8FF864401,2023,-0.08308748329971283,EIQ_HORSE_0FDF46E8FF864401,EIQ_HORSE_0FDF46E8FF864401,SAME_FAVOURITE,True,True,SAME_FAVOURITE
EIQ_RACE_E4CD19EF2CD91838,EIQ_HORSE_2849CBA8909DFD65,2023,0.07667616707979263,EIQ_HORSE_8A0A05B20C591FCD,EIQ_HORSE_8A0A05B20C591FCD,SAME_FAVOURITE,False,False,SAME_FAVOURITE
EIQ_RACE_E4E9688BC4B90B51,EIQ_HORSE_BD9F73870895F270,2021,0.06634774800482268,EIQ_HORSE_6C5D7A358E91756F,EIQ_HORSE_BD9F73870895F270,CHALLENGER_CHANGED_FAVOURITE,False,True,STRICT_WRONG_DROP_CORRECT
EIQ_RACE_E5042E3273EC8855,EIQ_HORSE_C6B5C87EB8C5AAF2,2025,-0.05001111963840499,EIQ_HORSE_C6B5C87EB8C5AAF2,EIQ_HORSE_C6B5C87EB8C5AAF2,SAME_FAVOURITE,True,True,SAME_FAVOURITE
EIQ_RACE_E513A58DC4F9FD32,EIQ_HORSE_B46887606956487D,2026,0.055035307840760384,EIQ_HORSE_C557811DE5C5F394,EIQ_HORSE_C557811DE5C5F394,SAME_FAVOURITE,False,False,SAME_FAVOURITE
EIQ_RACE_E51E8CF66F3519A9,EIQ_HORSE_2996BA44E4C39278,2024,-0.09270066983091518,EIQ_HORSE_2996BA44E4C39278,EIQ_HORSE_0DDEB10CF0B90D3B,CHALLENGER_CHANGED_FAVOURITE,True,False,STRICT_CORRECT_DROP_WRONG
EIQ_RACE_E5206360EBAF3FAE,EIQ_HORSE_0AA774CE71E1D202,2023,-0.013239957560675197,EIQ_HORSE_B82D5A5A4C4641CF,EIQ_HORSE_B82D5A5A4C4641CF,SAME_FAVOURITE,False,False,SAME_FAVOURITE
EIQ_RACE_E5220E4D2059DC36,EIQ_HORSE_FAEBF2435DAC7230,2025,0.05972213928545589,EIQ_HORSE_C13135E39A62EC33,EIQ_HORSE_8576F23413A2FDBD,CHALLENGER_CHANGED_FAVOURITE,False,False,BOTH_WRONG
EIQ_RACE_E52619B866735E39,EIQ_HORSE_8C020EC78CDFF82A,2024,0.0031736281895264895,EIQ_HORSE_4778397DA88E500A,EIQ_HORSE_4778397DA88E500A,SAME_FAVOURITE,False,False,SAME_FAVOURITE
EIQ_RACE_E5272F03939007DC,EIQ_HORSE_75FC266E911A4B95,2021,0.10112361920529667,EIQ_HORSE_6BBD4A60766EB0AE,EIQ_HORSE_6BBD4A60766EB0AE,SAME_FAVOURITE,False,False,SAME_FAVOURITE
EIQ_RACE_E530D12EF1870192,EIQ_HORSE_CD06F4A24F58559A,2021,0.002155729951487828,EIQ_HORSE_DA5B79B997E7AE19,EIQ_HORSE_25A477CDA9DE5EFA,CHALLENGER_CHANGED_FAVOURITE,False,False,BOTH_WRONG
EIQ_RACE_E530DC9B6F8847E2,EIQ_HORSE_51FF45992AD9E7E0,2024,-0.12024574905267582,EIQ_HORSE_51FF45992AD9E7E0,EIQ_HORSE_F5E562FCE97AE6EF,CHALLENGER_CHANGED_FAVOURITE,True,False,STRICT_CORRECT_DROP_WRONG
EIQ_RACE_E53663DEB760E7E2,EIQ_HORSE_189904819D5D0071,2025,-0.05155063490028766,EIQ_HORSE_189904819D5D0071,EIQ_HORSE_189904819D5D0071,SAME_FAVOURITE,True,True,SAME_FAVOURITE
EIQ_RACE_E54B78469F58B462,EIQ_HORSE_048E1119329DEF75,2025,-0.009488619064086379,EIQ_HORSE_048E1119329DEF75,EIQ_HORSE_048E1119329DEF75,SAME_FAVOURITE,True,True,SAME_FAVOURITE
EIQ_RACE_E5668853762AF435,EIQ_HORSE_E4E55A074CB56231,2024,-0.057081482490754176,EIQ_HORSE_5353360DCCEBC46E,EIQ_HORSE_5353360DCCEBC46E,SAME_FAVOURITE,False,False,SAME_FAVOURITE
EIQ_RACE_E5686D78A4976E3F,EIQ_HORSE_AF7F14D5D0D4C843,2025,0.21531604755344125,EIQ_HORSE_15876AF01C2A436C,EIQ_HORSE_15876AF01C2A436C,SAME_FAVOURITE,False,False,SAME_FAVOURITE
EIQ_RACE_E56CBE6C62AB5715,EIQ_HORSE_D1CB2443A8F7EA51,2024,-0.002031296127402049,EIQ_HORSE_119BB523FAA1CF36,EIQ_HORSE_119BB523FAA1CF36,SAME_FAVOURITE,False,False,SAME_FAVOURITE
EIQ_RACE_E573E4659ABC20DA,EIQ_HORSE_32956324B755655C,2024,0.050542522457467376,EIQ_HORSE_3A45ACEC61B9D2DE,EIQ_HORSE_3A45ACEC61B9D2DE,SAME_FAVOURITE,False,False,SAME_FAVOURITE
EIQ_RACE_E57EF613400EAD50,EIQ_HORSE_C9C9EC2640B46E38,2025,0.07398566253366945,EIQ_HORSE_C9C9EC2640B46E38,EIQ_HORSE_C9C9EC2640B46E38,SAME_FAVOURITE,True,True,SAME_FAVOURITE
EIQ_RACE_E590A914BBAB9BDD,EIQ_HORSE_18E81A77B52F9E60,2025,-0.015606871004426814,EIQ_HORSE_1C8EE530396D5B19,EIQ_HORSE_1C8EE530396D5B19,SAME_FAVOURITE,False,False,SAME_FAVOURITE
EIQ_RACE_E5957774DEA3F00F,EIQ_HORSE_1AF36493AE57D38C,2024,0.011477655043067969,EIQ_HORSE_1AF36493AE57D38C,EIQ_HORSE_1AF36493AE57D38C,SAME_FAVOURITE,True,True,SAME_FAVOURITE
EIQ_RACE_E5A067ECDF4F8999,EIQ_HORSE_012882A813A57323,2023,0.13752987781913872,EIQ_HORSE_012882A813A57323,EIQ_HORSE_012882A813A57323,SAME_FAVOURITE,True,True,SAME_FAVOURITE
EIQ_RACE_E5A1140B7F7E6802,EIQ_HORSE_7E7C381CE7834BEE,2023,-0.09246966065081352,EIQ_HORSE_7E7C381CE7834BEE,EIQ_HORSE_92FEC0EE48105335,CHALLENGER_CHANGED_FAVOURITE,True,False,STRICT_CORRECT_DROP_WRONG
EIQ_RACE_E5A2040EE2E9A2E3,EIQ_HORSE_4E2C0710E7BAB27E,2026,0.0853481768830453,EIQ_HORSE_4BEB9AEA420DED9E,EIQ_HORSE_F46EB4F8F0BD9A5C,CHALLENGER_CHANGED_FAVOURITE,False,False,BOTH_WRONG
EIQ_RACE_E5B9BC519394ED3B,EIQ_HORSE_C211E397BDA3E935,2023,-0.10826849366231861,EIQ_HORSE_7D8603C28B151616,EIQ_HORSE_7D8603C28B151616,SAME_FAVOURITE,False,False,SAME_FAVOURITE
EIQ_RACE_E5C17D20BFD31EDF,EIQ_HORSE_E0B31597F900F894,2024,-0.050080745310090435,EIQ_HORSE_31FE22063B22FD62,EIQ_HORSE_31FE22063B22FD62,SAME_FAVOURITE,False,False,SAME_FAVOURITE
EIQ_RACE_E5C4530DF2BB716D,EIQ_HORSE_A1E49B4B28BA142A,2024,0.033913333375744426,EIQ_HORSE_A1E49B4B28BA142A,EIQ_HORSE_A1E49B4B28BA142A,SAME_FAVOURITE,True,True,SAME_FAVOURITE
EIQ_RACE_E5D23D6990B09D9F,EIQ_HORSE_39869E11085550CA,2023,-0.1903384734741138,EIQ_HORSE_39869E11085550CA,EIQ_HORSE_B0D86C095CEDB747,CHALLENGER_CHANGED_FAVOURITE,True,False,STRICT_CORRECT_DROP_WRONG
EIQ_RACE_E5DDB3E90547737A,EIQ_HORSE_32ADB5E4DC8A5600,2022,0.07558133012746993,EIQ_HORSE_0917A5CEA1F513EE,EIQ_HORSE_0917A5CEA1F513EE,SAME_FAVOURITE,False,False,SAME_FAVOURITE
EIQ_RACE_E5F7BBAB32048AF0,EIQ_HORSE_43B5C1EB053CC731,2021,-0.08450253501150273,EIQ_HORSE_43B5C1EB053CC731,EIQ_HORSE_43B5C1EB053CC731,SAME_FAVOURITE,True,True,SAME_FAVOURITE
EIQ_RACE_E5FDF3DB57EBEAC3,EIQ_HORSE_769201492DFE36FF,2025,0.278177428823589,EIQ_HORSE_546C8C5321BF24C9,EIQ_HORSE_546C8C5321BF24C9,SAME_FAVOURITE,False,False,SAME_FAVOURITE
EIQ_RACE_E60D3E5B913B8834,EIQ_HORSE_CEB4F570EF4DF96B,2023,0.059302094620041323,EIQ_HORSE_F569F69D5FCFC27D,EIQ_HORSE_F569F69D5FCFC27D,SAME_FAVOURITE,False,False,SAME_FAVOURITE
EIQ_RACE_E61A3F6FEFCF8AC8,EIQ_HORSE_7165ECD75CC5D7F8,2023,0.05172892093593617,EIQ_HORSE_894DD170EA61D56E,EIQ_HORSE_894DD170EA61D56E,SAME_FAVOURITE,False,False,SAME_FAVOURITE
EIQ_RACE_E62C8CB208FD50A2,EIQ_HORSE_20ACE8F8293FCB94,2024,0.18491282000060316,EIQ_HORSE_35AB4BD5384749ED,EIQ_HORSE_35AB4BD5384749ED,SAME_FAVOURITE,False,False,SAME_FAVOURITE
EIQ_RACE_E637B4F4F31AE14B,EIQ_HORSE_F396BEF07233B2CC,2021,-0.058385474532847814,EIQ_HORSE_F396BEF07233B2CC,EIQ_HORSE_FDED64BF7FC7254A,CHALLENGER_CHANGED_FAVOURITE,True,False,STRICT_CORRECT_DROP_WRONG
EIQ_RACE_E63D75EE43297A8F,EIQ_HORSE_875AC1D24AC25887,2025,-0.003930130448715818,EIQ_HORSE_316E18DB95C6C386,EIQ_HORSE_316E18DB95C6C386,SAME_FAVOURITE,False,False,SAME_FAVOURITE
EIQ_RACE_E66E0EFBD7A7E84F,EIQ_HORSE_6D55D6AE5AEF11A7,2024,-0.06706630149710291,EIQ_HORSE_2FAB43CDC2A65101,EIQ_HORSE_2FAB43CDC2A65101,SAME_FAVOURITE,False,False,SAME_FAVOURITE
EIQ_RACE_E688D6CB5BD10EF5,EIQ_HORSE_7F28104933623F0E,2023,0.016330184659633762,EIQ_HORSE_9F3E7560AE40753D,EIQ_HORSE_686670CD54802B75,CHALLENGER_CHANGED_FAVOURITE,False,False,BOTH_WRONG
EIQ_RACE_E689B64160D1C458,EIQ_HORSE_AA127B89C6DAE105,2026,-0.0884182588327429,EIQ_HORSE_AA127B89C6DAE105,EIQ_HORSE_AA127B89C6DAE105,SAME_FAVOURITE,True,True,SAME_FAVOURITE
EIQ_RACE_E6917001CE8E565E,EIQ_HORSE_588292683742EDEF,2026,-0.03374552150896726,EIQ_HORSE_588292683742EDEF,EIQ_HORSE_588292683742EDEF,SAME_FAVOURITE,True,True,SAME_FAVOURITE
EIQ_RACE_E6982701F3893A20,EIQ_HORSE_0180BB92B90645FD,2024,0.030333962965414463,EIQ_HORSE_0180BB92B90645FD,EIQ_HORSE_0180BB92B90645FD,SAME_FAVOURITE,True,True,SAME_FAVOURITE
EIQ_RACE_E69F1D08ED41D1B3,EIQ_HORSE_BCB56564A807465C,2024,0.07863921859259637,EIQ_HORSE_480E9BD700D1D215,EIQ_HORSE_480E9BD700D1D215,SAME_FAVOURITE,False,False,SAME_FAVOURITE
EIQ_RACE_E6A4ED3310125363,EIQ_HORSE_5D07C5CBB6FDEFC3,2026,-0.026061156943515185,EIQ_HORSE_5D07C5CBB6FDEFC3,EIQ_HORSE_5D07C5CBB6FDEFC3,SAME_FAVOURITE,True,True,SAME_FAVOURITE
EIQ_RACE_E6B269513E82CF05,EIQ_HORSE_4CF05286D3AB142C,2021,-0.2093561559700432,EIQ_HORSE_76B873B21AB58456,EIQ_HORSE_76B873B21AB58456,SAME_FAVOURITE,False,False,SAME_FAVOURITE
EIQ_RACE_E6C911DE584ED4EC,EIQ_HORSE_FE13B183D25F0BB5,2024,-0.127606395440778,EIQ_HORSE_136ECCB873426D2D,EIQ_HORSE_37B6EB5B38723B2A,CHALLENGER_CHANGED_FAVOURITE,False,False,BOTH_WRONG
EIQ_RACE_E6EC578C1211EA10,EIQ_HORSE_787D7D2520086DCD,2024,0.043947236322019245,EIQ_HORSE_787D7D2520086DCD,EIQ_HORSE_787D7D2520086DCD,SAME_FAVOURITE,True,True,SAME_FAVOURITE
EIQ_RACE_E6FC8B371F482E02,EIQ_HORSE_8717E5F5AAAE378D,2025,-0.07828382217220131,EIQ_HORSE_CEB5D11582D04D94,EIQ_HORSE_CEB5D11582D04D94,SAME_FAVOURITE,False,False,SAME_FAVOURITE
EIQ_RACE_E711354C26720677,EIQ_HORSE_7F414F6062347283,2025,0.06133649143287201,EIQ_HORSE_7F414F6062347283,EIQ_HORSE_7F414F6062347283,SAME_FAVOURITE,True,True,SAME_FAVOURITE
EIQ_RACE_E725E69EB89082D3,EIQ_HORSE_E932FCB78FC0E2FF,2025,-0.039087728004162825,EIQ_HORSE_E0B76EA007D4FDF8,EIQ_HORSE_E0B76EA007D4FDF8,SAME_FAVOURITE,False,False,SAME_FAVOURITE
EIQ_RACE_E7271A881CB01566,EIQ_HORSE_FB6796FF2DEB36CB,2023,-0.10414998453530422,EIQ_HORSE_FB6796FF2DEB36CB,EIQ_HORSE_FB6796FF2DEB36CB,SAME_FAVOURITE,True,True,SAME_FAVOURITE
EIQ_RACE_E72842AAF475DE11,EIQ_HORSE_0D14601A5D44EAFF,2021,-0.21190288857618667,EIQ_HORSE_0D14601A5D44EAFF,EIQ_HORSE_2C7E7BC38EECE010,CHALLENGER_CHANGED_FAVOURITE,True,False,STRICT_CORRECT_DROP_WRONG
EIQ_RACE_E72BFE2BDB610744,EIQ_HORSE_97A8DC837162E64A,2025,-0.015503835101098096,EIQ_HORSE_97A8DC837162E64A,EIQ_HORSE_97A8DC837162E64A,SAME_FAVOURITE,True,True,SAME_FAVOURITE
EIQ_RACE_E72C63ABD519BDEB,EIQ_HORSE_09D2A2CF911DC2FF,2024,-0.25287871228985637,EIQ_HORSE_0A64BD817FC5E3D9,EIQ_HORSE_0A64BD817FC5E3D9,SAME_FAVOURITE,False,False,SAME_FAVOURITE
EIQ_RACE_E73A01DD0C316ACE,EIQ_HORSE_E20526B8E7474968,2021,0.35768195542823067,EIQ_HORSE_558E2AF5C8EE8F97,EIQ_HORSE_558E2AF5C8EE8F97,SAME_FAVOURITE,False,False,SAME_FAVOURITE
EIQ_RACE_E7486D2D0DE36215,EIQ_HORSE_9A017A1B726AAB9D,2023,0.03472882459450077,EIQ_HORSE_83DF32A784481252,EIQ_HORSE_83DF32A784481252,SAME_FAVOURITE,False,False,SAME_FAVOURITE
EIQ_RACE_E749CD5BEA1D8845,EIQ_HORSE_E93C3216283FF9CA,2024,0.016988081192218285,EIQ_HORSE_EBF9B7ECDEE0BEB1,EIQ_HORSE_EBF9B7ECDEE0BEB1,SAME_FAVOURITE,False,False,SAME_FAVOURITE
EIQ_RACE_E74AC25623C76054,EIQ_HORSE_61E7E3F914D36770,2024,0.09353938622562374,EIQ_HORSE_B9FACC2CFE031EB3,EIQ_HORSE_B9FACC2CFE031EB3,SAME_FAVOURITE,False,False,SAME_FAVOURITE
EIQ_RACE_E7511116ADE0DAA3,EIQ_HORSE_7AD6D33C95041B27,2026,-0.013652914904039193,EIQ_HORSE_9B8CBCE3B536E85D,EIQ_HORSE_9B8CBCE3B536E85D,SAME_FAVOURITE,False,False,SAME_FAVOURITE
EIQ_RACE_E7588AF18FEEC40F,EIQ_HORSE_C85E279AFA603EDF,2025,0.042114812373406973,EIQ_HORSE_791166D0C67D7649,EIQ_HORSE_791166D0C67D7649,SAME_FAVOURITE,False,False,SAME_FAVOURITE
EIQ_RACE_E765F0C7348C2F9A,EIQ_HORSE_A1E7891EDB6DA694,2025,0.007527152923655134,EIQ_HORSE_DC1149FAB293C10D,EIQ_HORSE_DC1149FAB293C10D,SAME_FAVOURITE,False,False,SAME_FAVOURITE
EIQ_RACE_E76ACB1285F86D14,EIQ_HORSE_BC1D815C264F6418,2021,0.11357843766781128,EIQ_HORSE_8E302504AAB45B02,EIQ_HORSE_8E302504AAB45B02,SAME_FAVOURITE,False,False,SAME_FAVOURITE
EIQ_RACE_E77E2618ED782F30,EIQ_HORSE_1694ECE5D72D743C,2023,-0.01786703069408202,EIQ_HORSE_1694ECE5D72D743C,EIQ_HORSE_1694ECE5D72D743C,SAME_FAVOURITE,True,True,SAME_FAVOURITE
EIQ_RACE_E795A6F64A571531,EIQ_HORSE_349410737C75024D,2023,-0.0664887349528196,EIQ_HORSE_FE3D37D164B7A468,EIQ_HORSE_FE3D37D164B7A468,SAME_FAVOURITE,False,False,SAME_FAVOURITE
EIQ_RACE_E7A7E0393353BEF0,EIQ_HORSE_B2536CD076BABCCB,2026,-0.16106122726246586,EIQ_HORSE_DFE3A43F75DCED86,EIQ_HORSE_DFE3A43F75DCED86,SAME_FAVOURITE,False,False,SAME_FAVOURITE
EIQ_RACE_E7C1B5E5710B0CB0,EIQ_HORSE_5EBBE7C9AC237F31,2024,0.20400524850076596,EIQ_HORSE_5CCE076206574FF8,EIQ_HORSE_5CCE076206574FF8,SAME_FAVOURITE,False,False,SAME_FAVOURITE
EIQ_RACE_E7D51DE1C4BB489E,EIQ_HORSE_97EE6218A8DEC658,2025,0.13713150220963266,EIQ_HORSE_F236E184C2A632E3,EIQ_HORSE_F236E184C2A632E3,SAME_FAVOURITE,False,False,SAME_FAVOURITE
EIQ_RACE_E7F485D83D36A670,EIQ_HORSE_B97C31A0625A7410,2024,-0.008298057601103803,EIQ_HORSE_59F0743CD5B85A41,EIQ_HORSE_59F0743CD5B85A41,SAME_FAVOURITE,False,False,SAME_FAVOURITE
EIQ_RACE_E805E72B4B02A237,EIQ_HORSE_43558A3416A52234,2024,-0.029307985727191177,EIQ_HORSE_EAA9D8A57627E212,EIQ_HORSE_EAA9D8A57627E212,SAME_FAVOURITE,False,False,SAME_FAVOURITE
EIQ_RACE_E808A8DB6AB37298,EIQ_HORSE_B55F4DB1D2DCA8A7,2021,0.04361301288514374,EIQ_HORSE_D5AC886466270388,EIQ_HORSE_D5AC886466270388,SAME_FAVOURITE,False,False,SAME_FAVOURITE
EIQ_RACE_E81062C93B1768EF,EIQ_HORSE_9A1E51DECCF45926,2024,-0.10333233987786272,EIQ_HORSE_9A1E51DECCF45926,EIQ_HORSE_D3D5A9ACFB1B4F94,CHALLENGER_CHANGED_FAVOURITE,True,False,STRICT_CORRECT_DROP_WRONG
EIQ_RACE_E823AA3BAABF4198,EIQ_HORSE_3765B7CAA3A5FE97,2023,0.1135019137162585,EIQ_HORSE_48E1740908B66F80,EIQ_HORSE_48E1740908B66F80,SAME_FAVOURITE,False,False,SAME_FAVOURITE
EIQ_RACE_E833606FEB7C7977,EIQ_HORSE_59D24FF5F8977289,2026,-0.04079587626836556,EIQ_HORSE_32E1984503310245,EIQ_HORSE_32E1984503310245,SAME_FAVOURITE,False,False,SAME_FAVOURITE
EIQ_RACE_E836A31C521C19DE,EIQ_HORSE_7CC945C9E680AB11,2023,-0.02235765135979717,EIQ_HORSE_5AECABC9EC03279A,EIQ_HORSE_5AECABC9EC03279A,SAME_FAVOURITE,False,False,SAME_FAVOURITE
EIQ_RACE_E8414E4BCC286D4F,EIQ_HORSE_95B0A8F0907BD0D7,2025,0.003974458041635209,EIQ_HORSE_CB37A655FA5CC219,EIQ_HORSE_CB37A655FA5CC219,SAME_FAVOURITE,False,False,SAME_FAVOURITE
EIQ_RACE_E86B6EF5834AEE92,EIQ_HORSE_72AF5CC24FA599C9,2021,-0.04181834688084285,EIQ_HORSE_5629EE837928A024,EIQ_HORSE_6526DD2E9052DECC,CHALLENGER_CHANGED_FAVOURITE,False,False,BOTH_WRONG
EIQ_RACE_E87294BBAA25F731,EIQ_HORSE_7C47BF1E2F2CA31F,2024,0.09998675537146262,EIQ_HORSE_7C47BF1E2F2CA31F,EIQ_HORSE_7C47BF1E2F2CA31F,SAME_FAVOURITE,True,True,SAME_FAVOURITE
EIQ_RACE_E8731A8A2B2AC680,EIQ_HORSE_565CA5B92410AE81,2023,0.055356652440833765,EIQ_HORSE_565CA5B92410AE81,EIQ_HORSE_565CA5B92410AE81,SAME_FAVOURITE,True,True,SAME_FAVOURITE
EIQ_RACE_E87D4D2A0F020966,EIQ_HORSE_5D3D544B6527809E,2021,0.1432227526917884,EIQ_HORSE_C6EFE58A9F2C5CD8,EIQ_HORSE_C6EFE58A9F2C5CD8,SAME_FAVOURITE,False,False,SAME_FAVOURITE
EIQ_RACE_E88BED7C57E047A0,EIQ_HORSE_32672E3C9992FC08,2021,-0.031765740432178946,EIQ_HORSE_32672E3C9992FC08,EIQ_HORSE_32672E3C9992FC08,SAME_FAVOURITE,True,True,SAME_FAVOURITE
EIQ_RACE_E8A1D14EEA2E89B7,EIQ_HORSE_AE15FF121D99AB15,2021,-0.00615554683898889,EIQ_HORSE_AE15FF121D99AB15,EIQ_HORSE_AE15FF121D99AB15,SAME_FAVOURITE,True,True,SAME_FAVOURITE
EIQ_RACE_E8A43A9A2DE27E70,EIQ_HORSE_8A7C657F427B0B35,2025,0.052156220917996876,EIQ_HORSE_32028024D5FEB493,EIQ_HORSE_32028024D5FEB493,SAME_FAVOURITE,False,False,SAME_FAVOURITE
EIQ_RACE_E8AA8B6A1CEEEFA9,EIQ_HORSE_EDCD23D7673CB90A,2021,0.04964265155430381,EIQ_HORSE_FE1D3A1935FA63EE,EIQ_HORSE_FE1D3A1935FA63EE,SAME_FAVOURITE,False,False,SAME_FAVOURITE
EIQ_RACE_E8ACF3E17FF0BE20,EIQ_HORSE_F28416D39FE00A5D,2025,0.17771707626171218,EIQ_HORSE_80EEFE2730A664CD,EIQ_HORSE_80EEFE2730A664CD,SAME_FAVOURITE,False,False,SAME_FAVOURITE
EIQ_RACE_E8ADA65D31EAE389,EIQ_HORSE_589927BFFCB411D5,2026,-0.0765721462199509,EIQ_HORSE_589927BFFCB411D5,EIQ_HORSE_589927BFFCB411D5,SAME_FAVOURITE,True,True,SAME_FAVOURITE
EIQ_RACE_E8C4A870C9590811,EIQ_HORSE_0D78E14B8CDE311B,2024,-0.2453370416216023,EIQ_HORSE_F6E0A56F7F6D4E78,EIQ_HORSE_F6E0A56F7F6D4E78,SAME_FAVOURITE,False,False,SAME_FAVOURITE
EIQ_RACE_E8C65F4956087F46,EIQ_HORSE_3FFFE5F5C59CA14E,2026,0.0345886074502153,EIQ_HORSE_F7A8BB196AD54DB1,EIQ_HORSE_F7A8BB196AD54DB1,SAME_FAVOURITE,False,False,SAME_FAVOURITE
EIQ_RACE_E8C67506AA83C184,EIQ_HORSE_405689C9A96C8179,2021,0.10079069912771921,EIQ_HORSE_6053480E75DA3BFB,EIQ_HORSE_5B84C1A0D5F228AA,CHALLENGER_CHANGED_FAVOURITE,False,False,BOTH_WRONG
EIQ_RACE_E8E2D81748C2E657,EIQ_HORSE_621821D9D5DC598C,2025,0.20628588435229123,EIQ_HORSE_AA74B5CEE63536D0,EIQ_HORSE_AA74B5CEE63536D0,SAME_FAVOURITE,False,False,SAME_FAVOURITE
EIQ_RACE_E8E4AA1F3CE58F59,EIQ_HORSE_AF7167B33C6EF5A3,2021,0.14622625103502007,EIQ_HORSE_CF1A43E0663C94D8,EIQ_HORSE_CF1A43E0663C94D8,SAME_FAVOURITE,False,False,SAME_FAVOURITE
EIQ_RACE_E8EB6414D627E13F,EIQ_HORSE_87BB2D7A7C467A0F,2021,0.04394219555634882,EIQ_HORSE_3A088984CBD083CB,EIQ_HORSE_3A088984CBD083CB,SAME_FAVOURITE,False,False,SAME_FAVOURITE
EIQ_RACE_E8EE635E6D55622B,EIQ_HORSE_93358383F3F2C50F,2025,-0.0012897740345523268,EIQ_HORSE_E30D0644B666C0CF,EIQ_HORSE_E30D0644B666C0CF,SAME_FAVOURITE,False,False,SAME_FAVOURITE
EIQ_RACE_E8F2694BD58C5AC3,EIQ_HORSE_355587E52B6718E2,2024,0.04780593517873011,EIQ_HORSE_A671458467709723,EIQ_HORSE_A671458467709723,SAME_FAVOURITE,False,False,SAME_FAVOURITE
EIQ_RACE_E8F2DD9E2A91EA48,EIQ_HORSE_FB9674FB95A75198,2021,0.04891935718272,EIQ_HORSE_9560059C8AEBEF02,EIQ_HORSE_EC1C8B43BD2CA63C,CHALLENGER_CHANGED_FAVOURITE,False,False,BOTH_WRONG
EIQ_RACE_E8FFE738B1B5436F,EIQ_HORSE_AB4DB4493E3ABFEF,2024,-0.04804996486110058,EIQ_HORSE_AB4DB4493E3ABFEF,EIQ_HORSE_AB4DB4493E3ABFEF,SAME_FAVOURITE,True,True,SAME_FAVOURITE
EIQ_RACE_E90A2EA787C782CC,EIQ_HORSE_0295972D7D8254C3,2024,-0.058079872796995335,EIQ_HORSE_1E5E21ACF9190EF5,EIQ_HORSE_1E5E21ACF9190EF5,SAME_FAVOURITE,False,False,SAME_FAVOURITE
EIQ_RACE_E91514476108CA80,EIQ_HORSE_C2FC1AE8CC437E1E,2023,-0.005480707261584339,EIQ_HORSE_DFF3156E1836A1D3,EIQ_HORSE_17C2654AF9D02117,CHALLENGER_CHANGED_FAVOURITE,False,False,BOTH_WRONG
EIQ_RACE_E930B03D7933D034,EIQ_HORSE_CB97DE602A8F2310,2026,0.06249646886310645,EIQ_HORSE_C7CC6EDA01FD4890,EIQ_HORSE_C7CC6EDA01FD4890,SAME_FAVOURITE,False,False,SAME_FAVOURITE
EIQ_RACE_E9390EDFDD062BF7,EIQ_HORSE_8EA0BCABC71DB3AA,2025,-0.008446809715950465,EIQ_HORSE_8EA0BCABC71DB3AA,EIQ_HORSE_8EA0BCABC71DB3AA,SAME_FAVOURITE,True,True,SAME_FAVOURITE
EIQ_RACE_E94062C7A8E592D8,EIQ_HORSE_A794F22BA34135E8,2024,-0.01382612580792042,EIQ_HORSE_2D45AEDADAE3CECC,EIQ_HORSE_2D45AEDADAE3CECC,SAME_FAVOURITE,False,False,SAME_FAVOURITE
EIQ_RACE_E943D34B01F33307,EIQ_HORSE_FDF6FCFC25837357,2025,-0.020549722903653755,EIQ_HORSE_FDF6FCFC25837357,EIQ_HORSE_FDF6FCFC25837357,SAME_FAVOURITE,True,True,SAME_FAVOURITE
EIQ_RACE_E949EF24A094FDDB,EIQ_HORSE_D2DCFDAF95465593,2021,-0.1955554901925034,EIQ_HORSE_D2DCFDAF95465593,EIQ_HORSE_8A658210094D6B37,CHALLENGER_CHANGED_FAVOURITE,True,False,STRICT_CORRECT_DROP_WRONG
EIQ_RACE_E94DA2D9F6100F23,EIQ_HORSE_CA92323F6A30FCC3,2021,0.04616808547870477,EIQ_HORSE_03F64D0F45838D94,EIQ_HORSE_03F64D0F45838D94,SAME_FAVOURITE,False,False,SAME_FAVOURITE
EIQ_RACE_E95258DE433E1FD5,EIQ_HORSE_23E69E26E7FEF482,2021,0.16287031138552077,EIQ_HORSE_8B3D22A9DF6E030A,EIQ_HORSE_8B3D22A9DF6E030A,SAME_FAVOURITE,False,False,SAME_FAVOURITE
EIQ_RACE_E95C04EA42AEF9C3,EIQ_HORSE_D04B1D0BD9CA925D,2024,-0.06266130037138762,EIQ_HORSE_C4F5FBBC4F5EC759,EIQ_HORSE_C4F5FBBC4F5EC759,SAME_FAVOURITE,False,False,SAME_FAVOURITE
EIQ_RACE_E962702E728E036E,EIQ_HORSE_167C5B76D3690591,2022,-0.02630372826595928,EIQ_HORSE_42F71C74125268B1,EIQ_HORSE_42F71C74125268B1,SAME_FAVOURITE,False,False,SAME_FAVOURITE
EIQ_RACE_E977D1BF740A2DAD,EIQ_HORSE_685BA86E145F41EF,2021,-0.04214741754785489,EIQ_HORSE_29E8B7C15F608BBB,EIQ_HORSE_29E8B7C15F608BBB,SAME_FAVOURITE,False,False,SAME_FAVOURITE
EIQ_RACE_E978428D47041D71,EIQ_HORSE_FAEBF2435DAC7230,2021,0.0760104526679215,EIQ_HORSE_123D7344F2D101CD,EIQ_HORSE_123D7344F2D101CD,SAME_FAVOURITE,False,False,SAME_FAVOURITE
EIQ_RACE_E9888D119E2B3028,EIQ_HORSE_0F95473F2832BA67,2024,-0.18826021514823443,EIQ_HORSE_5C5345DE49B7313F,EIQ_HORSE_5C5345DE49B7313F,SAME_FAVOURITE,False,False,SAME_FAVOURITE
EIQ_RACE_E98C387E4B07972A,EIQ_HORSE_7CA1A33E5F11473B,2023,0.02561143957369616,EIQ_HORSE_815BCF7A4634B758,EIQ_HORSE_815BCF7A4634B758,SAME_FAVOURITE,False,False,SAME_FAVOURITE
EIQ_RACE_E9954ABF3A0899CB,EIQ_HORSE_91835BACEAAFAB98,2026,-0.22229138328996978,EIQ_HORSE_F42AC56D71437A9D,EIQ_HORSE_F42AC56D71437A9D,SAME_FAVOURITE,False,False,SAME_FAVOURITE
EIQ_RACE_E997B5A086CF1484,EIQ_HORSE_D031E9366EAA0A1B,2025,0.03301866019113486,EIQ_HORSE_48D44B9EAB2B654B,EIQ_HORSE_48D44B9EAB2B654B,SAME_FAVOURITE,False,False,SAME_FAVOURITE
EIQ_RACE_E99B485E376847E2,EIQ_HORSE_83642C12EEF85507,2025,0.029569769463260398,EIQ_HORSE_83642C12EEF85507,EIQ_HORSE_83642C12EEF85507,SAME_FAVOURITE,True,True,SAME_FAVOURITE
EIQ_RACE_E9CBFBEFCB8F1F9A,EIQ_HORSE_A3655B98F9F602A9,2025,-0.009646218252260308,EIQ_HORSE_540BA7DECE05C0F8,EIQ_HORSE_540BA7DECE05C0F8,SAME_FAVOURITE,False,False,SAME_FAVOURITE
EIQ_RACE_E9E36F3E55686C72,EIQ_HORSE_E5F952985A58AF73,2023,-0.06083982483255279,EIQ_HORSE_3311B31469634D94,EIQ_HORSE_3311B31469634D94,SAME_FAVOURITE,False,False,SAME_FAVOURITE
EIQ_RACE_E9F9E2DDD4D1E780,EIQ_HORSE_81D3707AA9F897F2,2021,0.19036671743685618,EIQ_HORSE_A88F27322AED6822,EIQ_HORSE_A88F27322AED6822,SAME_FAVOURITE,False,False,SAME_FAVOURITE
EIQ_RACE_EA0738445A0F6BF9,EIQ_HORSE_C7023694438ECBD1,2023,-0.0638008880460692,EIQ_HORSE_C7023694438ECBD1,EIQ_HORSE_C7023694438ECBD1,SAME_FAVOURITE,True,True,SAME_FAVOURITE
EIQ_RACE_EA24CF6B177F678A,EIQ_HORSE_E72CD75FD5C2B5AE,2021,-0.1761711640041579,EIQ_HORSE_42034FE066436D27,EIQ_HORSE_42034FE066436D27,SAME_FAVOURITE,False,False,SAME_FAVOURITE
EIQ_RACE_EA2BA8EC069DB3CB,EIQ_HORSE_BF82630AFC6F7E7B,2025,0.0529888327954573,EIQ_HORSE_6879775580B664FA,EIQ_HORSE_6879775580B664FA,SAME_FAVOURITE,False,False,SAME_FAVOURITE
EIQ_RACE_EA3E605311626776,EIQ_HORSE_C68B7494EF6BD99A,2025,0.014929794496826743,EIQ_HORSE_4A6475DFA8A600B2,EIQ_HORSE_4A6475DFA8A600B2,SAME_FAVOURITE,False,False,SAME_FAVOURITE
EIQ_RACE_EA57723948907E2D,EIQ_HORSE_39B4185927F25632,2023,-0.0866531483627706,EIQ_HORSE_3DF9166A1AEAFC3A,EIQ_HORSE_3DF9166A1AEAFC3A,SAME_FAVOURITE,False,False,SAME_FAVOURITE
EIQ_RACE_EA6F80D586AF9D61,EIQ_HORSE_8634F7A601AD8DA4,2021,-0.12098514178196695,EIQ_HORSE_F303FEAAC4384D0E,EIQ_HORSE_F303FEAAC4384D0E,SAME_FAVOURITE,False,False,SAME_FAVOURITE
EIQ_RACE_EA71F08DE6C73E62,EIQ_HORSE_A4D263071D2CB5F6,2023,0.1786129853953191,EIQ_HORSE_5CC17516A6BD44CE,EIQ_HORSE_5CC17516A6BD44CE,SAME_FAVOURITE,False,False,SAME_FAVOURITE
EIQ_RACE_EA833C37CD543992,EIQ_HORSE_0F4785063F5B06A0,2022,0.14554028216752046,EIQ_HORSE_480C8C2381EA3C82,EIQ_HORSE_480C8C2381EA3C82,SAME_FAVOURITE,False,False,SAME_FAVOURITE
EIQ_RACE_EA9695F24DD86E41,EIQ_HORSE_C286F6E5ACE0634F,2025,0.08371010101221099,EIQ_HORSE_C6D17BD6FB228EF4,EIQ_HORSE_C6D17BD6FB228EF4,SAME_FAVOURITE,False,False,SAME_FAVOURITE
EIQ_RACE_EA9B4F181D4C0978,EIQ_HORSE_DB8F70ACB70B0026,2025,-0.03879249276077301,EIQ_HORSE_DB8F70ACB70B0026,EIQ_HORSE_DB8F70ACB70B0026,SAME_FAVOURITE,True,True,SAME_FAVOURITE
EIQ_RACE_EABFD57080249ACA,EIQ_HORSE_92E28370A79D5F5A,2023,0.06767006789124297,EIQ_HORSE_7FA47B693B88060E,EIQ_HORSE_7FA47B693B88060E,SAME_FAVOURITE,False,False,SAME_FAVOURITE
EIQ_RACE_EAC09E2FDF131A37,EIQ_HORSE_40A9049C61A7BC2F,2023,0.12720291329361055,EIQ_HORSE_46F2B74D56CDAF08,EIQ_HORSE_46F2B74D56CDAF08,SAME_FAVOURITE,False,False,SAME_FAVOURITE
EIQ_RACE_EAC1033A8C84C471,EIQ_HORSE_61282439DB7210B2,2022,0.13728119376485104,EIQ_HORSE_61282439DB7210B2,EIQ_HORSE_61282439DB7210B2,SAME_FAVOURITE,True,True,SAME_FAVOURITE
EIQ_RACE_EAC5C87BFB8D3D23,EIQ_HORSE_F2B3819A77979195,2026,0.11709998558496215,EIQ_HORSE_723AA92027A121BF,EIQ_HORSE_C04F963ADD1A9200,CHALLENGER_CHANGED_FAVOURITE,False,False,BOTH_WRONG
EIQ_RACE_EAC63B072C81EBC7,EIQ_HORSE_1A3460FCDFD6CC13,2023,0.06960346593122502,EIQ_HORSE_B2536CD076BABCCB,EIQ_HORSE_B2536CD076BABCCB,SAME_FAVOURITE,False,False,SAME_FAVOURITE
EIQ_RACE_EACEB094E2D00E1B,EIQ_HORSE_CA7978A858E538BF,2022,0.06428315628904713,EIQ_HORSE_B3F6E3F1CA27AAB4,EIQ_HORSE_B3F6E3F1CA27AAB4,SAME_FAVOURITE,False,False,SAME_FAVOURITE
EIQ_RACE_EAE0E3296DC1845E,EIQ_HORSE_D6A980F1E3944732,2024,0.03951602398213061,EIQ_HORSE_DDEC41669BBBC9F7,EIQ_HORSE_DDEC41669BBBC9F7,SAME_FAVOURITE,False,False,SAME_FAVOURITE
EIQ_RACE_EAEADEA9CDAACE7E,EIQ_HORSE_CC6C3B6EF80A3193,2025,0.07772635159294516,EIQ_HORSE_F4F1CB52760A83F9,EIQ_HORSE_CC6C3B6EF80A3193,CHALLENGER_CHANGED_FAVOURITE,False,True,STRICT_WRONG_DROP_CORRECT
EIQ_RACE_EB355102A97F3737,EIQ_HORSE_C4FCB3979A835BD7,2024,0.050509173729783585,EIQ_HORSE_C4FCB3979A835BD7,EIQ_HORSE_C4FCB3979A835BD7,SAME_FAVOURITE,True,True,SAME_FAVOURITE
EIQ_RACE_EB4B9FEF1317FF0F,EIQ_HORSE_F75DF32DC8EACB3A,2024,0.13254030239765724,EIQ_HORSE_87B177BDF426FE60,EIQ_HORSE_87B177BDF426FE60,SAME_FAVOURITE,False,False,SAME_FAVOURITE
EIQ_RACE_EB5B6BBD5B35C238,EIQ_HORSE_34CA59D7AF544292,2024,-0.01101490141872774,EIQ_HORSE_34CA59D7AF544292,EIQ_HORSE_34CA59D7AF544292,SAME_FAVOURITE,True,True,SAME_FAVOURITE
EIQ_RACE_EB79D950674293C2,EIQ_HORSE_EAB8528975213A33,2025,0.0031380405458172334,EIQ_HORSE_26796CF8E84377AA,EIQ_HORSE_26796CF8E84377AA,SAME_FAVOURITE,False,False,SAME_FAVOURITE
EIQ_RACE_EB99E09A5F0F4DA2,EIQ_HORSE_459055DE30CB0016,2024,0.19261311526717373,EIQ_HORSE_9A93E75A31C0393C,EIQ_HORSE_9A93E75A31C0393C,SAME_FAVOURITE,False,False,SAME_FAVOURITE
EIQ_RACE_EB9CB4B0C9D2B833,EIQ_HORSE_FC9447C67870FAEC,2022,0.122092915274576,EIQ_HORSE_AB43FBFD910F870B,EIQ_HORSE_AB43FBFD910F870B,SAME_FAVOURITE,False,False,SAME_FAVOURITE
EIQ_RACE_EBACC0B028281E68,EIQ_HORSE_0F4785063F5B06A0,2025,-0.06267149490762569,EIQ_HORSE_0D6BE8C6246388F8,EIQ_HORSE_0D6BE8C6246388F8,SAME_FAVOURITE,False,False,SAME_FAVOURITE
EIQ_RACE_EBC4E4DE8BC6A8AB,EIQ_HORSE_0F25F43DB757B44D,2024,-0.11613716319453382,EIQ_HORSE_0F25F43DB757B44D,EIQ_HORSE_0F25F43DB757B44D,SAME_FAVOURITE,True,True,SAME_FAVOURITE
EIQ_RACE_EBCC568FF3396C5A,EIQ_HORSE_00FB964A9B90DF2E,2024,0.04884025852200291,EIQ_HORSE_97C35ACF3F047937,EIQ_HORSE_631BC2D8BD888C3D,CHALLENGER_CHANGED_FAVOURITE,False,False,BOTH_WRONG
EIQ_RACE_EBCE06E0076D0A5A,EIQ_HORSE_C30429716798C01B,2021,0.11912715676912411,EIQ_HORSE_C30429716798C01B,EIQ_HORSE_C30429716798C01B,SAME_FAVOURITE,True,True,SAME_FAVOURITE
EIQ_RACE_EBDD98F9A7521EEB,EIQ_HORSE_AF2E53842F36C405,2022,0.015949953783179538,EIQ_HORSE_BE199856E70C43D5,EIQ_HORSE_BE199856E70C43D5,SAME_FAVOURITE,False,False,SAME_FAVOURITE
EIQ_RACE_EBEB3AD37429C802,EIQ_HORSE_F06DCCF341E9845B,2023,-0.09936748894777292,EIQ_HORSE_2170E8FAD7EAED57,EIQ_HORSE_2170E8FAD7EAED57,SAME_FAVOURITE,False,False,SAME_FAVOURITE
EIQ_RACE_EBEDE5D3C6411FC9,EIQ_HORSE_ECDD2BF6CB7C1032,2023,-0.13067363558264544,EIQ_HORSE_848AF261ACE2C614,EIQ_HORSE_848AF261ACE2C614,SAME_FAVOURITE,False,False,SAME_FAVOURITE
EIQ_RACE_EC3901267A0B7DA5,EIQ_HORSE_AD0695E3CCC87AEE,2024,-0.046707806528837104,EIQ_HORSE_FC8E7A34ACDD649F,EIQ_HORSE_FC8E7A34ACDD649F,SAME_FAVOURITE,False,False,SAME_FAVOURITE
EIQ_RACE_EC42C43C93874003,EIQ_HORSE_C39527453C6676F6,2021,0.06331267539976926,EIQ_HORSE_B57F8DA1E56A23A6,EIQ_HORSE_79588BA5996BB283,CHALLENGER_CHANGED_FAVOURITE,False,False,BOTH_WRONG
EIQ_RACE_EC54AE9E2B3EFC38,EIQ_HORSE_A92067BEF4F480F0,2024,-0.23614859163633395,EIQ_HORSE_5AED81C4348055AD,EIQ_HORSE_5AED81C4348055AD,SAME_FAVOURITE,False,False,SAME_FAVOURITE
EIQ_RACE_EC5E0A2B765EA295,EIQ_HORSE_A70C2CB2461CC8E5,2023,-0.16326145809112935,EIQ_HORSE_0F4785063F5B06A0,EIQ_HORSE_0F4785063F5B06A0,SAME_FAVOURITE,False,False,SAME_FAVOURITE
EIQ_RACE_EC5EB905D45C31D9,EIQ_HORSE_B9C995E461F837CF,2025,0.07332279949690168,EIQ_HORSE_AB49FD743157AC39,EIQ_HORSE_AB49FD743157AC39,SAME_FAVOURITE,False,False,SAME_FAVOURITE
EIQ_RACE_EC633E79A20C6FC6,EIQ_HORSE_1DDB0C126C4F08C9,2021,0.09353047502627909,EIQ_HORSE_99702F4A2F98E755,EIQ_HORSE_99702F4A2F98E755,SAME_FAVOURITE,False,False,SAME_FAVOURITE
EIQ_RACE_EC6780A945426E9A,EIQ_HORSE_F5E562FCE97AE6EF,2025,0.10713858000305287,EIQ_HORSE_F5E562FCE97AE6EF,EIQ_HORSE_F5E562FCE97AE6EF,SAME_FAVOURITE,True,True,SAME_FAVOURITE
EIQ_RACE_EC6EF35E1D146971,EIQ_HORSE_B9C995E461F837CF,2024,-0.024523063407740686,EIQ_HORSE_7166B01EE3B90003,EIQ_HORSE_7166B01EE3B90003,SAME_FAVOURITE,False,False,SAME_FAVOURITE
EIQ_RACE_EC842907CEDA9F50,EIQ_HORSE_4CC053FBDD523A54,2025,-0.09940142327860424,EIQ_HORSE_F2210346F2FB593A,EIQ_HORSE_F2210346F2FB593A,SAME_FAVOURITE,False,False,SAME_FAVOURITE
EIQ_RACE_EC8824597FE391CA,EIQ_HORSE_AE018C89AE2196C3,2023,0.0042838650266012746,EIQ_HORSE_37BCABE9A451A2B2,EIQ_HORSE_37BCABE9A451A2B2,SAME_FAVOURITE,False,False,SAME_FAVOURITE
EIQ_RACE_EC8C9FE6FAB135C3,EIQ_HORSE_1E1BBA068E575260,2022,-0.0926035453799785,EIQ_HORSE_E4EF9AF3054D06C5,EIQ_HORSE_E4EF9AF3054D06C5,SAME_FAVOURITE,False,False,SAME_FAVOURITE
EIQ_RACE_EC8E6EF7343D567F,EIQ_HORSE_E77263B86CA42411,2021,-0.009812758401944954,EIQ_HORSE_99702F4A2F98E755,EIQ_HORSE_99702F4A2F98E755,SAME_FAVOURITE,False,False,SAME_FAVOURITE
EIQ_RACE_EC8F79D5D738583B,EIQ_HORSE_CED4D37B42C000EA,2024,-0.060499870973423464,EIQ_HORSE_CED4D37B42C000EA,EIQ_HORSE_CED4D37B42C000EA,SAME_FAVOURITE,True,True,SAME_FAVOURITE
EIQ_RACE_EC8FA451419879AB,EIQ_HORSE_95FDEC468EEEC35F,2026,-0.03010406654857145,EIQ_HORSE_96029B5E7EB9EC51,EIQ_HORSE_96029B5E7EB9EC51,SAME_FAVOURITE,False,False,SAME_FAVOURITE
EIQ_RACE_EC976E42B27B71EF,EIQ_HORSE_A8CE15ACB29A0C60,2024,-0.13546133354358236,EIQ_HORSE_B1FFB1F9BEC1C273,EIQ_HORSE_B1FFB1F9BEC1C273,SAME_FAVOURITE,False,False,SAME_FAVOURITE
EIQ_RACE_EC9C6CDEAB06DF41,EIQ_HORSE_814F8AE3FD34E5FE,2024,0.03187865757171693,EIQ_HORSE_341AA44519AB522F,EIQ_HORSE_6B74238C667CF1C8,CHALLENGER_CHANGED_FAVOURITE,False,False,BOTH_WRONG
EIQ_RACE_ECBEA0C01D4ED4A1,EIQ_HORSE_42764D0211968EA5,2021,0.17142252523390766,EIQ_HORSE_50E968C6F53AFFAE,EIQ_HORSE_50E968C6F53AFFAE,SAME_FAVOURITE,False,False,SAME_FAVOURITE
EIQ_RACE_ECC77055510C54AA,EIQ_HORSE_64F7C9790E2D81D1,2023,0.13563603719689232,EIQ_HORSE_08D3D3461538A3C4,EIQ_HORSE_08D3D3461538A3C4,SAME_FAVOURITE,False,False,SAME_FAVOURITE
EIQ_RACE_ECC7FF7EE4DE6A8F,EIQ_HORSE_088217C683DFF549,2022,0.08199739103861092,EIQ_HORSE_088217C683DFF549,EIQ_HORSE_088217C683DFF549,SAME_FAVOURITE,True,True,SAME_FAVOURITE
EIQ_RACE_ECDDDA7F080B86A3,EIQ_HORSE_CDE4FDEA5F536220,2024,-0.009046080370357368,EIQ_HORSE_CDE4FDEA5F536220,EIQ_HORSE_CDE4FDEA5F536220,SAME_FAVOURITE,True,True,SAME_FAVOURITE
EIQ_RACE_ECEA668E4BF61C20,EIQ_HORSE_D95784DBE8BE11DB,2021,-0.10907840494811882,EIQ_HORSE_6CB0D28642E640B4,EIQ_HORSE_6CB0D28642E640B4,SAME_FAVOURITE,False,False,SAME_FAVOURITE
EIQ_RACE_ECF90BBEF5DE2797,EIQ_HORSE_3929EF1E41433A23,2021,-0.26830156375632397,EIQ_HORSE_069C86A34774DCF1,EIQ_HORSE_069C86A34774DCF1,SAME_FAVOURITE,False,False,SAME_FAVOURITE
EIQ_RACE_ED02BB0B1BB05519,EIQ_HORSE_62CF170E079BB404,2024,-0.10406864025649742,EIQ_HORSE_8C3EE64E642DECA5,EIQ_HORSE_8C3EE64E642DECA5,SAME_FAVOURITE,False,False,SAME_FAVOURITE
EIQ_RACE_ED06872239F641F2,EIQ_HORSE_FF51988A4CBA5082,2024,-0.10924761489764734,EIQ_HORSE_4771D15EB4A6543B,EIQ_HORSE_7F0D5E8E33A91F58,CHALLENGER_CHANGED_FAVOURITE,False,False,BOTH_WRONG
EIQ_RACE_ED09D3AD9288F20D,EIQ_HORSE_AFC3A6B76A9AA452,2023,0.0015484027501664333,EIQ_HORSE_AFC3A6B76A9AA452,EIQ_HORSE_AFC3A6B76A9AA452,SAME_FAVOURITE,True,True,SAME_FAVOURITE
EIQ_RACE_ED1D6A0B02B43196,EIQ_HORSE_2E09F70380243159,2024,-0.08595661164063939,EIQ_HORSE_F3294AFC9E18467C,EIQ_HORSE_F3294AFC9E18467C,SAME_FAVOURITE,False,False,SAME_FAVOURITE
EIQ_RACE_ED25DBC592090470,EIQ_HORSE_8B6D71031DD39DF5,2021,0.031527261863938616,EIQ_HORSE_8B6D71031DD39DF5,EIQ_HORSE_8B6D71031DD39DF5,SAME_FAVOURITE,True,True,SAME_FAVOURITE
EIQ_RACE_ED3366DE9AF69887,EIQ_HORSE_7143EDBB78AE1075,2023,0.11605445624515864,EIQ_HORSE_9ABF769DA4E79666,EIQ_HORSE_EA0AD32B47CA8889,CHALLENGER_CHANGED_FAVOURITE,False,False,BOTH_WRONG
EIQ_RACE_ED461BB1E07B5C95,EIQ_HORSE_09F52A9FF41B6D0F,2024,-0.023181840401327314,EIQ_HORSE_7DEDDDA6B1CE1CB6,EIQ_HORSE_7DEDDDA6B1CE1CB6,SAME_FAVOURITE,False,False,SAME_FAVOURITE
EIQ_RACE_ED4771E7E4B9509A,EIQ_HORSE_10BFA95271A6A026,2021,-0.024887321949112362,EIQ_HORSE_10BFA95271A6A026,EIQ_HORSE_10BFA95271A6A026,SAME_FAVOURITE,True,True,SAME_FAVOURITE
EIQ_RACE_ED4D43F408D78878,EIQ_HORSE_025A74EE07A9A26C,2023,0.2135522369584466,EIQ_HORSE_37BCABE9A451A2B2,EIQ_HORSE_37BCABE9A451A2B2,SAME_FAVOURITE,False,False,SAME_FAVOURITE
EIQ_RACE_ED5E431FFDD59BA1,EIQ_HORSE_BCA21B577BEF443F,2023,-0.14461376182066754,EIQ_HORSE_256E87D4922ACB66,EIQ_HORSE_256E87D4922ACB66,SAME_FAVOURITE,False,False,SAME_FAVOURITE
EIQ_RACE_ED6E29FE58DB8AA1,EIQ_HORSE_64DE305378B2861F,2023,0.16010157197277275,EIQ_HORSE_D259DCC5CED70954,EIQ_HORSE_64DE305378B2861F,CHALLENGER_CHANGED_FAVOURITE,False,True,STRICT_WRONG_DROP_CORRECT
EIQ_RACE_ED6F6F7DF255B5B8,EIQ_HORSE_C9755D800A70BFC5,2021,0.03855683721449754,EIQ_HORSE_720CC8B9FA04614D,EIQ_HORSE_78CC8466C37A80BF,CHALLENGER_CHANGED_FAVOURITE,False,False,BOTH_WRONG
EIQ_RACE_ED78E830D9D23412,EIQ_HORSE_E3AFFB272F75672C,2025,-0.0027175610314214005,EIQ_HORSE_EA7674A374675D2F,EIQ_HORSE_EA7674A374675D2F,SAME_FAVOURITE,False,False,SAME_FAVOURITE
EIQ_RACE_ED7A32820DA31B65,EIQ_HORSE_EABE5B2D3EF7618A,2025,-0.02118802208662851,EIQ_HORSE_EABE5B2D3EF7618A,EIQ_HORSE_EABE5B2D3EF7618A,SAME_FAVOURITE,True,True,SAME_FAVOURITE
EIQ_RACE_ED7BB679952FCE21,EIQ_HORSE_A71E9985E87854CF,2026,0.08186617048361189,EIQ_HORSE_2170B3D54317DA04,EIQ_HORSE_2170B3D54317DA04,SAME_FAVOURITE,False,False,SAME_FAVOURITE
EIQ_RACE_ED7CEF017C97D0B1,EIQ_HORSE_FA2C844D54E97625,2024,-0.027462924390039944,EIQ_HORSE_EE416871443F3E78,EIQ_HORSE_EE416871443F3E78,SAME_FAVOURITE,False,False,SAME_FAVOURITE
EIQ_RACE_ED92904F388031AB,EIQ_HORSE_DF6723A02925AEC0,2021,0.06631155450251613,EIQ_HORSE_3B86703A1DEC9317,EIQ_HORSE_705EA154C2B25A7A,CHALLENGER_CHANGED_FAVOURITE,False,False,BOTH_WRONG
EIQ_RACE_ED964751DCE7A695,EIQ_HORSE_BAA2279F03D7CE57,2021,0.04192801331960183,EIQ_HORSE_A8554F158C13B17A,EIQ_HORSE_A8554F158C13B17A,SAME_FAVOURITE,False,False,SAME_FAVOURITE
EIQ_RACE_EDA730488850D8DA,EIQ_HORSE_24EF3A2946973F71,2021,-0.024661248036217387,EIQ_HORSE_76B865F646E1C668,EIQ_HORSE_76B865F646E1C668,SAME_FAVOURITE,False,False,SAME_FAVOURITE
EIQ_RACE_EDB19E777009A6EB,EIQ_HORSE_EAD44D902C0B222E,2023,-0.006683554405712666,EIQ_HORSE_EB6B784677B01F92,EIQ_HORSE_EB6B784677B01F92,SAME_FAVOURITE,False,False,SAME_FAVOURITE
EIQ_RACE_EDC6820DDBCC216B,EIQ_HORSE_E47B2282157223EC,2024,0.1457626282345581,EIQ_HORSE_181CF0AAA766C49F,EIQ_HORSE_181CF0AAA766C49F,SAME_FAVOURITE,False,False,SAME_FAVOURITE
EIQ_RACE_EDC718704BEC4007,EIQ_HORSE_4CFF8033C4D2ADEC,2023,0.03543392731691153,EIQ_HORSE_4CFF8033C4D2ADEC,EIQ_HORSE_4CFF8033C4D2ADEC,SAME_FAVOURITE,True,True,SAME_FAVOURITE
EIQ_RACE_EDD2CA19E39CAAF1,EIQ_HORSE_AEF017803E93AEE8,2025,0.049297235103001436,EIQ_HORSE_AEF017803E93AEE8,EIQ_HORSE_AEF017803E93AEE8,SAME_FAVOURITE,True,True,SAME_FAVOURITE
EIQ_RACE_EDF916B85EDFDCF4,EIQ_HORSE_FAEBF2435DAC7230,2024,0.07913389528747583,EIQ_HORSE_8D25F3934E9C9498,EIQ_HORSE_8D25F3934E9C9498,SAME_FAVOURITE,False,False,SAME_FAVOURITE
EIQ_RACE_EDFC4B8E0E07065B,EIQ_HORSE_2D359A04AEC8488C,2025,0.1855982224496011,EIQ_HORSE_9A767E4596801B84,EIQ_HORSE_9A767E4596801B84,SAME_FAVOURITE,False,False,SAME_FAVOURITE
EIQ_RACE_EE089E78F4F377D5,EIQ_HORSE_F225CECF5D281AC4,2025,0.008925724383755274,EIQ_HORSE_F225CECF5D281AC4,EIQ_HORSE_F225CECF5D281AC4,SAME_FAVOURITE,True,True,SAME_FAVOURITE
EIQ_RACE_EE1E7A3494BA2210,EIQ_HORSE_63578BF3EF8F60FF,2021,0.09344210224624971,EIQ_HORSE_2DD9601EF0E9B5B3,EIQ_HORSE_2DD9601EF0E9B5B3,SAME_FAVOURITE,False,False,SAME_FAVOURITE
EIQ_RACE_EE2210297617C31B,EIQ_HORSE_BBD095E6E26CD270,2021,0.08720253750167384,EIQ_HORSE_BBD095E6E26CD270,EIQ_HORSE_BBD095E6E26CD270,SAME_FAVOURITE,True,True,SAME_FAVOURITE
EIQ_RACE_EE2FBE0C06801C22,EIQ_HORSE_AE5CC15C98ED0BCE,2023,-0.17750187587078603,EIQ_HORSE_AC8BEB8E9AEA0544,EIQ_HORSE_AC8BEB8E9AEA0544,SAME_FAVOURITE,False,False,SAME_FAVOURITE
EIQ_RACE_EE38CA98856FE5BC,EIQ_HORSE_FD1D5451F0BE87AC,2025,0.09268274431336598,EIQ_HORSE_EFC19AD80FA72905,EIQ_HORSE_EFC19AD80FA72905,SAME_FAVOURITE,False,False,SAME_FAVOURITE
EIQ_RACE_EE58A79F8CDCB526,EIQ_HORSE_7175A1ADA1E44F8A,2025,-0.06439052580980098,EIQ_HORSE_EA60D721E68BB43E,EIQ_HORSE_B9A57F1BF11A5463,CHALLENGER_CHANGED_FAVOURITE,False,False,BOTH_WRONG
EIQ_RACE_EE5D8600152691D4,EIQ_HORSE_4F6AA7CFC7C9A89C,2024,0.05171508248082102,EIQ_HORSE_4F6AA7CFC7C9A89C,EIQ_HORSE_4F6AA7CFC7C9A89C,SAME_FAVOURITE,True,True,SAME_FAVOURITE
EIQ_RACE_EE6283AF4ACB86CF,EIQ_HORSE_F85A5BB9644B550C,2021,0.09194859416942358,EIQ_HORSE_645087827A947EC1,EIQ_HORSE_645087827A947EC1,SAME_FAVOURITE,False,False,SAME_FAVOURITE
EIQ_RACE_EE822CCF3B14EF9D,EIQ_HORSE_7F66E7511C5BE812,2021,0.10170696722908201,EIQ_HORSE_A3D9A376CB83DC35,EIQ_HORSE_A3D9A376CB83DC35,SAME_FAVOURITE,False,False,SAME_FAVOURITE
EIQ_RACE_EEAE0DEF1E23A31D,EIQ_HORSE_03B63920E890E6E4,2022,0.10839561470180681,EIQ_HORSE_B3D684B9A1794590,EIQ_HORSE_1A66020B0787B464,CHALLENGER_CHANGED_FAVOURITE,False,False,BOTH_WRONG
EIQ_RACE_EEB450A394A4B732,EIQ_HORSE_6F9CE5D7FA0D5C4F,2024,-0.14018552214637614,EIQ_HORSE_127B67D4A7563820,EIQ_HORSE_127B67D4A7563820,SAME_FAVOURITE,False,False,SAME_FAVOURITE
EIQ_RACE_EEB994854642B5B2,EIQ_HORSE_E4E870345D682A10,2025,0.0016462384497684113,EIQ_HORSE_5060DB12156DB0F5,EIQ_HORSE_F87952C1C294E5B2,CHALLENGER_CHANGED_FAVOURITE,False,False,BOTH_WRONG
EIQ_RACE_EEC1F720B567D5A5,EIQ_HORSE_7561A18E96ACFAD4,2021,-0.03919770346760165,EIQ_HORSE_4719120EBF69BADA,EIQ_HORSE_4719120EBF69BADA,SAME_FAVOURITE,False,False,SAME_FAVOURITE
EIQ_RACE_EED2EA8995F983E3,EIQ_HORSE_6D03DBFAFBE10F17,2025,-0.1340532932940377,EIQ_HORSE_6D03DBFAFBE10F17,EIQ_HORSE_A4E06195D9B35509,CHALLENGER_CHANGED_FAVOURITE,True,False,STRICT_CORRECT_DROP_WRONG
EIQ_RACE_EEE35609A94063F2,EIQ_HORSE_9BB67CC03A739903,2023,0.06077893477047436,EIQ_HORSE_4086D06ED84475B8,EIQ_HORSE_4086D06ED84475B8,SAME_FAVOURITE,False,False,SAME_FAVOURITE
EIQ_RACE_EEF07386C2625960,EIQ_HORSE_BC832057E121580E,2023,-0.012369930755267156,EIQ_HORSE_33E345A653DADF86,EIQ_HORSE_33E345A653DADF86,SAME_FAVOURITE,False,False,SAME_FAVOURITE
EIQ_RACE_EEF2395497D58736,EIQ_HORSE_06ABB4936FCF1907,2025,-0.059563746966789566,EIQ_HORSE_06ABB4936FCF1907,EIQ_HORSE_06ABB4936FCF1907,SAME_FAVOURITE,True,True,SAME_FAVOURITE
EIQ_RACE_EEF3F16759259F3C,EIQ_HORSE_65660E3630D34F44,2021,-0.09377946803546156,EIQ_HORSE_0CFC53DACFDE33B6,EIQ_HORSE_0CFC53DACFDE33B6,SAME_FAVOURITE,False,False,SAME_FAVOURITE
EIQ_RACE_EEF4C83596EFE1FD,EIQ_HORSE_B5A7E6C01D849DA9,2026,-0.10707230173075533,EIQ_HORSE_65E16BD7EC64A448,EIQ_HORSE_65E16BD7EC64A448,SAME_FAVOURITE,False,False,SAME_FAVOURITE
EIQ_RACE_EEF5B07C1B657339,EIQ_HORSE_DDF164C10A0F67C8,2025,0.056648738222527806,EIQ_HORSE_DDF164C10A0F67C8,EIQ_HORSE_DDF164C10A0F67C8,SAME_FAVOURITE,True,True,SAME_FAVOURITE
EIQ_RACE_EEFAD22410A55C3E,EIQ_HORSE_E8CB414FC3487986,2024,0.05311000932517729,EIQ_HORSE_F8CA853E59D716A1,EIQ_HORSE_F8CA853E59D716A1,SAME_FAVOURITE,False,False,SAME_FAVOURITE
EIQ_RACE_EF0E57467E88A3B6,EIQ_HORSE_58BE813BF2180299,2021,0.07752720115172762,EIQ_HORSE_F454AAFF0DB25F20,EIQ_HORSE_F454AAFF0DB25F20,SAME_FAVOURITE,False,False,SAME_FAVOURITE
EIQ_RACE_EF1BBDEF34CB6E67,EIQ_HORSE_2419CFF8348775C6,2024,-0.07281769158952289,EIQ_HORSE_2419CFF8348775C6,EIQ_HORSE_2419CFF8348775C6,SAME_FAVOURITE,True,True,SAME_FAVOURITE
EIQ_RACE_EF243470163D9F0F,EIQ_HORSE_C753E88512BE3B32,2023,0.1342764622368997,EIQ_HORSE_65341A2BE45A03A0,EIQ_HORSE_C753E88512BE3B32,CHALLENGER_CHANGED_FAVOURITE,False,True,STRICT_WRONG_DROP_CORRECT
EIQ_RACE_EF3768F3ACF041F9,EIQ_HORSE_7BA774E26E2B7234,2023,-0.006297384111216164,EIQ_HORSE_07D0BA1C87E8A9C8,EIQ_HORSE_07D0BA1C87E8A9C8,SAME_FAVOURITE,False,False,SAME_FAVOURITE
EIQ_RACE_EF4E28939780E07C,EIQ_HORSE_FB73EDFC4A634123,2026,-0.05139545619776431,EIQ_HORSE_F58E13BA505E9BC3,EIQ_HORSE_F58E13BA505E9BC3,SAME_FAVOURITE,False,False,SAME_FAVOURITE
EIQ_RACE_EF4E3A0148337094,EIQ_HORSE_A99C7D8DE647D7DB,2024,0.022461688498748966,EIQ_HORSE_49555920A8040927,EIQ_HORSE_49555920A8040927,SAME_FAVOURITE,False,False,SAME_FAVOURITE
EIQ_RACE_EF5B73463453A014,EIQ_HORSE_D3A11E0A1950C056,2021,-0.02407294065000798,EIQ_HORSE_1713D49B7F80D6E3,EIQ_HORSE_1713D49B7F80D6E3,SAME_FAVOURITE,False,False,SAME_FAVOURITE
EIQ_RACE_EF908DD729C61A68,EIQ_HORSE_A8579E5DDC463DA7,2025,-0.013361385606450504,EIQ_HORSE_18701D43DD8CDAD1,EIQ_HORSE_18701D43DD8CDAD1,SAME_FAVOURITE,False,False,SAME_FAVOURITE
EIQ_RACE_EF9A3292B87C9024,EIQ_HORSE_402A1888EE95DD84,2024,-0.0032881430779179155,EIQ_HORSE_2F0789ED19877E2E,EIQ_HORSE_2F0789ED19877E2E,SAME_FAVOURITE,False,False,SAME_FAVOURITE
EIQ_RACE_EF9A9156ABE4C8EC,EIQ_HORSE_87091D89BEFC4E0C,2025,-0.09087229589469259,EIQ_HORSE_87091D89BEFC4E0C,EIQ_HORSE_6A82E680B5117339,CHALLENGER_CHANGED_FAVOURITE,True,False,STRICT_CORRECT_DROP_WRONG
EIQ_RACE_EFA7364183BC3FE6,EIQ_HORSE_4736707A7402D3F5,2024,-0.13479277875097595,EIQ_HORSE_62DEAFF5D9042F9C,EIQ_HORSE_62DEAFF5D9042F9C,SAME_FAVOURITE,False,False,SAME_FAVOURITE
EIQ_RACE_EFBE63AEF3DB4B7F,EIQ_HORSE_39D98097501C4237,2025,0.03256911300531007,EIQ_HORSE_41F1C05B1207E26D,EIQ_HORSE_41F1C05B1207E26D,SAME_FAVOURITE,False,False,SAME_FAVOURITE
EIQ_RACE_EFC61714778728C8,EIQ_HORSE_EA787DB414A37658,2026,0.12130056972191827,EIQ_HORSE_38F00326A74AC904,EIQ_HORSE_38F00326A74AC904,SAME_FAVOURITE,False,False,SAME_FAVOURITE
EIQ_RACE_EFC8456FE8CF5738,EIQ_HORSE_24A51ED79FF053ED,2021,0.04389927109059322,EIQ_HORSE_F95F08A58D5A6809,EIQ_HORSE_09EE4CD6167C5CBE,CHALLENGER_CHANGED_FAVOURITE,False,False,BOTH_WRONG
EIQ_RACE_EFC94DC965140CEB,EIQ_HORSE_321EFC034FF20568,2023,0.08753374965389549,EIQ_HORSE_4CC57AE07A001AD8,EIQ_HORSE_4CC57AE07A001AD8,SAME_FAVOURITE,False,False,SAME_FAVOURITE
EIQ_RACE_EFDA4ACB2FBB32B4,EIQ_HORSE_27E4FAB15EF1F9DB,2025,-0.024982393997344143,EIQ_HORSE_42D7EDD450C81289,EIQ_HORSE_42D7EDD450C81289,SAME_FAVOURITE,False,False,SAME_FAVOURITE
EIQ_RACE_EFDAB8AA6A17710C,EIQ_HORSE_A5BF12976FD7BA55,2026,0.0085282848048438,EIQ_HORSE_469BD9D2C428303C,EIQ_HORSE_469BD9D2C428303C,SAME_FAVOURITE,False,False,SAME_FAVOURITE
EIQ_RACE_EFE33DB88FC6EE6B,EIQ_HORSE_004810497FD7C1C1,2023,0.10285104635223474,EIQ_HORSE_F78618AAADDA9B15,EIQ_HORSE_F78618AAADDA9B15,SAME_FAVOURITE,False,False,SAME_FAVOURITE
EIQ_RACE_EFE49DF802480C29,EIQ_HORSE_096099FD84A3EB5B,2024,-0.15868765840849486,EIQ_HORSE_09F52A9FF41B6D0F,EIQ_HORSE_09F52A9FF41B6D0F,SAME_FAVOURITE,False,False,SAME_FAVOURITE
EIQ_RACE_EFEAA778E0468579,EIQ_HORSE_D229FAE1FDBA8496,2024,-0.10587669921830645,EIQ_HORSE_F80A467B459CB55D,EIQ_HORSE_F80A467B459CB55D,SAME_FAVOURITE,False,False,SAME_FAVOURITE
EIQ_RACE_EFEE6198F742C682,EIQ_HORSE_2D2EAB560DA0F7D5,2023,0.028343355977995977,EIQ_HORSE_2D2EAB560DA0F7D5,EIQ_HORSE_2D2EAB560DA0F7D5,SAME_FAVOURITE,True,True,SAME_FAVOURITE
EIQ_RACE_EFEF7D66E47A1E35,EIQ_HORSE_7ABAD0F68D92F4AF,2025,-0.05457111955789262,EIQ_HORSE_7ABAD0F68D92F4AF,EIQ_HORSE_7ABAD0F68D92F4AF,SAME_FAVOURITE,True,True,SAME_FAVOURITE
EIQ_RACE_F008519DEBBDF681,EIQ_HORSE_8A22A71237EF0B28,2024,-0.12176343748726115,EIQ_HORSE_8A22A71237EF0B28,EIQ_HORSE_8A22A71237EF0B28,SAME_FAVOURITE,True,True,SAME_FAVOURITE
EIQ_RACE_F01773BA44077341,EIQ_HORSE_ABD36FF2753F18C7,2021,0.016323624383236535,EIQ_HORSE_ABD36FF2753F18C7,EIQ_HORSE_ABD36FF2753F18C7,SAME_FAVOURITE,True,True,SAME_FAVOURITE
EIQ_RACE_F01EC2E870157383,EIQ_HORSE_61C48C996A8430E1,2022,-0.10592687312117288,EIQ_HORSE_E53A879A388D39E1,EIQ_HORSE_E53A879A388D39E1,SAME_FAVOURITE,False,False,SAME_FAVOURITE
EIQ_RACE_F0222FE56D7FD489,EIQ_HORSE_DF940935A45F6A59,2021,-0.21789914182460834,EIQ_HORSE_68C9F78C0CA9FBBA,EIQ_HORSE_68C9F78C0CA9FBBA,SAME_FAVOURITE,False,False,SAME_FAVOURITE
EIQ_RACE_F02B8ED0492BABAE,EIQ_HORSE_621821D9D5DC598C,2026,0.05451639442787859,EIQ_HORSE_581D1EF266624634,EIQ_HORSE_581D1EF266624634,SAME_FAVOURITE,False,False,SAME_FAVOURITE
EIQ_RACE_F032D0A97303F3CA,EIQ_HORSE_438A1A0C23EC2B85,2024,-0.004309853489258053,EIQ_HORSE_B5CC0A122FBD9FFF,EIQ_HORSE_012882A813A57323,CHALLENGER_CHANGED_FAVOURITE,False,False,BOTH_WRONG
EIQ_RACE_F0373E087D0B08B0,EIQ_HORSE_0C7CBB5FAB802E08,2024,0.1992355961247041,EIQ_HORSE_DFEBE3514D4B64D1,EIQ_HORSE_DFEBE3514D4B64D1,SAME_FAVOURITE,False,False,SAME_FAVOURITE
EIQ_RACE_F04300C86EE9C0D5,EIQ_HORSE_D96D6B83C9A5806C,2021,0.0023998210855049606,EIQ_HORSE_7F3A0D068728B685,EIQ_HORSE_7F3A0D068728B685,SAME_FAVOURITE,False,False,SAME_FAVOURITE
EIQ_RACE_F050B82CFB810B39,EIQ_HORSE_26ADC83A9A294E7D,2025,0.04047404616820893,EIQ_HORSE_08CEF618EF25748A,EIQ_HORSE_08CEF618EF25748A,SAME_FAVOURITE,False,False,SAME_FAVOURITE
EIQ_RACE_F0640B151C43DAC1,EIQ_HORSE_F0B4B3F8AE5A2C05,2025,-0.0111633591651219,EIQ_HORSE_5A7484E3610C1CDE,EIQ_HORSE_5A7484E3610C1CDE,SAME_FAVOURITE,False,False,SAME_FAVOURITE
EIQ_RACE_F0702C2A38F6D980,EIQ_HORSE_AA20A82DDE5209F6,2022,0.06143418995050287,EIQ_HORSE_AA20A82DDE5209F6,EIQ_HORSE_AA20A82DDE5209F6,SAME_FAVOURITE,True,True,SAME_FAVOURITE
EIQ_RACE_F07531D78C5E5A64,EIQ_HORSE_BE250F7C06B511D5,2025,0.07502618835923758,EIQ_HORSE_AAA11513C5A8E357,EIQ_HORSE_BE250F7C06B511D5,CHALLENGER_CHANGED_FAVOURITE,False,True,STRICT_WRONG_DROP_CORRECT
EIQ_RACE_F07589D80B4A5E49,EIQ_HORSE_3A13395817A4C502,2023,-0.05581449026069629,EIQ_HORSE_9276924E43FB4332,EIQ_HORSE_980120B040E72DB6,CHALLENGER_CHANGED_FAVOURITE,False,False,BOTH_WRONG
EIQ_RACE_F07C842392AFF1E9,EIQ_HORSE_A2DE559AB8989360,2025,-0.060396170252305925,EIQ_HORSE_37E48CBACC3A9527,EIQ_HORSE_37E48CBACC3A9527,SAME_FAVOURITE,False,False,SAME_FAVOURITE
EIQ_RACE_F09258FC8E8AB560,EIQ_HORSE_751F126B60F0F54F,2025,-0.030312669616102905,EIQ_HORSE_B9EB5EB02C2DE7B9,EIQ_HORSE_B9EB5EB02C2DE7B9,SAME_FAVOURITE,False,False,SAME_FAVOURITE
EIQ_RACE_F0A9B377343DD701,EIQ_HORSE_B775B6AE3922B8F6,2021,0.2434546370262376,EIQ_HORSE_5933DBA0D26560A1,EIQ_HORSE_5933DBA0D26560A1,SAME_FAVOURITE,False,False,SAME_FAVOURITE
EIQ_RACE_F0AC42A66E1E3C65,EIQ_HORSE_6A20273A14CB9AB1,2025,0.15595746677040756,EIQ_HORSE_6A7C147CC81C4B48,EIQ_HORSE_6A7C147CC81C4B48,SAME_FAVOURITE,False,False,SAME_FAVOURITE
EIQ_RACE_F0ADB84D7AA8FBD9,EIQ_HORSE_8634F7A601AD8DA4,2021,0.15959490271575372,EIQ_HORSE_8634F7A601AD8DA4,EIQ_HORSE_8634F7A601AD8DA4,SAME_FAVOURITE,True,True,SAME_FAVOURITE
EIQ_RACE_F0BB75322671A2B7,EIQ_HORSE_14430FA333069767,2025,-0.11454817213914614,EIQ_HORSE_3BE893D94D881FAD,EIQ_HORSE_3BE893D94D881FAD,SAME_FAVOURITE,False,False,SAME_FAVOURITE
EIQ_RACE_F0DEBC1332D2868F,EIQ_HORSE_501FF207B6BCBA3F,2023,0.020826826492133188,EIQ_HORSE_501FF207B6BCBA3F,EIQ_HORSE_501FF207B6BCBA3F,SAME_FAVOURITE,True,True,SAME_FAVOURITE
EIQ_RACE_F0E410DB1DF1EC08,EIQ_HORSE_1BDB8E02FBCEF5DF,2023,-0.25997401214415805,EIQ_HORSE_AF7F1A8CE9E1D697,EIQ_HORSE_AF7F1A8CE9E1D697,SAME_FAVOURITE,False,False,SAME_FAVOURITE
EIQ_RACE_F0E9A7370D9082DB,EIQ_HORSE_25E7B49A0BBAB39D,2021,-0.13287660881327557,EIQ_HORSE_25E7B49A0BBAB39D,EIQ_HORSE_25E7B49A0BBAB39D,SAME_FAVOURITE,True,True,SAME_FAVOURITE
EIQ_RACE_F0F1133AE0A186C7,EIQ_HORSE_777BE495CB7C0DA0,2023,0.10501471426507503,EIQ_HORSE_24242FE5A3E0501E,EIQ_HORSE_164660776C20AB7C,CHALLENGER_CHANGED_FAVOURITE,False,False,BOTH_WRONG
EIQ_RACE_F0FBF1E28A0C571B,EIQ_HORSE_164F96ABBA8A4A0D,2025,-0.09037690028271506,EIQ_HORSE_0531C02B1085F367,EIQ_HORSE_0531C02B1085F367,SAME_FAVOURITE,False,False,SAME_FAVOURITE
EIQ_RACE_F118C3A123D53CB9,EIQ_HORSE_B9372C69D1817B19,2023,-0.018867476395895588,EIQ_HORSE_B9372C69D1817B19,EIQ_HORSE_B9372C69D1817B19,SAME_FAVOURITE,True,True,SAME_FAVOURITE
EIQ_RACE_F1303EAD185D5C74,EIQ_HORSE_1D486545F872D3EC,2021,0.11230186352937266,EIQ_HORSE_21B7F3B70A221F78,EIQ_HORSE_1D486545F872D3EC,CHALLENGER_CHANGED_FAVOURITE,False,True,STRICT_WRONG_DROP_CORRECT
EIQ_RACE_F13A66D7E865292E,EIQ_HORSE_601799D635379E62,2025,0.033505894807827064,EIQ_HORSE_601799D635379E62,EIQ_HORSE_601799D635379E62,SAME_FAVOURITE,True,True,SAME_FAVOURITE
EIQ_RACE_F1486849D6846737,EIQ_HORSE_B2EB443B432B2F39,2025,0.027622302324773917,EIQ_HORSE_F06F25B52428000F,EIQ_HORSE_F06F25B52428000F,SAME_FAVOURITE,False,False,SAME_FAVOURITE
EIQ_RACE_F15B87027438B8F2,EIQ_HORSE_5BE60F3A82C4C1A5,2026,-0.04601443844380437,EIQ_HORSE_8E30AC1920F8C894,EIQ_HORSE_8E30AC1920F8C894,SAME_FAVOURITE,False,False,SAME_FAVOURITE
EIQ_RACE_F16559205AA88905,EIQ_HORSE_8FB47DC67679126F,2025,0.055549542946353725,EIQ_HORSE_248DB87BF17DA471,EIQ_HORSE_248DB87BF17DA471,SAME_FAVOURITE,False,False,SAME_FAVOURITE
EIQ_RACE_F1807E6F815C6422,EIQ_HORSE_D1CB2443A8F7EA51,2024,0.13293213712726626,EIQ_HORSE_9AD0EC9D08F0290E,EIQ_HORSE_9AD0EC9D08F0290E,SAME_FAVOURITE,False,False,SAME_FAVOURITE
EIQ_RACE_F1875A6EEA603F04,EIQ_HORSE_1D92952DA29CFE08,2024,0.07247313652289389,EIQ_HORSE_7B727FB7CF8668EA,EIQ_HORSE_7B727FB7CF8668EA,SAME_FAVOURITE,False,False,SAME_FAVOURITE
EIQ_RACE_F1A535727D3D9FA1,EIQ_HORSE_2E080C47691C3AC1,2023,-0.004841071831372057,EIQ_HORSE_2E080C47691C3AC1,EIQ_HORSE_2E080C47691C3AC1,SAME_FAVOURITE,True,True,SAME_FAVOURITE
EIQ_RACE_F1A6EB77F66499EB,EIQ_HORSE_1987CE2B9AFA290E,2024,-0.09536379836393771,EIQ_HORSE_1987CE2B9AFA290E,EIQ_HORSE_1987CE2B9AFA290E,SAME_FAVOURITE,True,True,SAME_FAVOURITE
EIQ_RACE_F1B28AC6AA5F634D,EIQ_HORSE_75D91C58E9971ECE,2021,-0.012654157313601422,EIQ_HORSE_4E8D0F6D4BD3613F,EIQ_HORSE_4E8D0F6D4BD3613F,SAME_FAVOURITE,False,False,SAME_FAVOURITE
EIQ_RACE_F1B3C32710AC200F,EIQ_HORSE_F87952C1C294E5B2,2025,0.024942980297387285,EIQ_HORSE_F87952C1C294E5B2,EIQ_HORSE_F87952C1C294E5B2,SAME_FAVOURITE,True,True,SAME_FAVOURITE
EIQ_RACE_F1B70ED21AF91CF6,EIQ_HORSE_DAF8064A0F68C7F5,2025,-0.014401626294719527,EIQ_HORSE_2F0789ED19877E2E,EIQ_HORSE_2F0789ED19877E2E,SAME_FAVOURITE,False,False,SAME_FAVOURITE
EIQ_RACE_F1B7AF103F8751F5,EIQ_HORSE_612D65B7014A2D5C,2022,-0.1431502473910502,EIQ_HORSE_7F1D4B8E3F5C6039,EIQ_HORSE_FD0F25D782232A49,CHALLENGER_CHANGED_FAVOURITE,False,False,BOTH_WRONG
EIQ_RACE_F1C55C4117EAF259,EIQ_HORSE_B02FB7CD5082DBDA,2021,0.09848930593553806,EIQ_HORSE_B72326DD4D89004A,EIQ_HORSE_B72326DD4D89004A,SAME_FAVOURITE,False,False,SAME_FAVOURITE
EIQ_RACE_F1D33AE0A1850CFC,EIQ_HORSE_1154470269DCDB06,2023,-0.13813917328368275,EIQ_HORSE_1154470269DCDB06,EIQ_HORSE_1154470269DCDB06,SAME_FAVOURITE,True,True,SAME_FAVOURITE
EIQ_RACE_F1E20F71AF150908,EIQ_HORSE_379B70AF7EDF4EAE,2023,0.023632404509930094,EIQ_HORSE_201D869F9EFADD36,EIQ_HORSE_201D869F9EFADD36,SAME_FAVOURITE,False,False,SAME_FAVOURITE
EIQ_RACE_F1E4E89509748DE7,EIQ_HORSE_F0881E34289E6185,2025,0.023168136910303172,EIQ_HORSE_C5DE81F8126A8E44,EIQ_HORSE_C5DE81F8126A8E44,SAME_FAVOURITE,False,False,SAME_FAVOURITE
EIQ_RACE_F1FEB5298D593BCF,EIQ_HORSE_8C702CE4F697CBAF,2025,0.013731785467597124,EIQ_HORSE_9368957B378AAF2E,EIQ_HORSE_9368957B378AAF2E,SAME_FAVOURITE,False,False,SAME_FAVOURITE
EIQ_RACE_F20258BE864DF319,EIQ_HORSE_3260A813A0266AB3,2023,-0.06641448380225823,EIQ_HORSE_9923C3E217C4E7DA,EIQ_HORSE_9923C3E217C4E7DA,SAME_FAVOURITE,False,False,SAME_FAVOURITE
EIQ_RACE_F22032239875C6CF,EIQ_HORSE_F6DE9991683862E7,2023,0.008540954472581852,EIQ_HORSE_9FFC5F714F146E02,EIQ_HORSE_9FFC5F714F146E02,SAME_FAVOURITE,False,False,SAME_FAVOURITE
EIQ_RACE_F2392FC9647908EC,EIQ_HORSE_CD06F4A24F58559A,2021,-0.0768629536465153,EIQ_HORSE_DB86C4C092A1D172,EIQ_HORSE_DB86C4C092A1D172,SAME_FAVOURITE,False,False,SAME_FAVOURITE
EIQ_RACE_F245AC0DD343D281,EIQ_HORSE_7140D94A8E21C790,2025,-0.06154513796471983,EIQ_HORSE_BA477B8EFC91CF91,EIQ_HORSE_BA477B8EFC91CF91,SAME_FAVOURITE,False,False,SAME_FAVOURITE
EIQ_RACE_F2563419C8C85E11,EIQ_HORSE_914E7AA324389486,2022,0.025356750661303717,EIQ_HORSE_2ACEA784ADABD338,EIQ_HORSE_2ACEA784ADABD338,SAME_FAVOURITE,False,False,SAME_FAVOURITE
EIQ_RACE_F259275AF35790DB,EIQ_HORSE_D74CD278C719C45C,2021,-0.021961315481620947,EIQ_HORSE_873724222F97CD2E,EIQ_HORSE_873724222F97CD2E,SAME_FAVOURITE,False,False,SAME_FAVOURITE
EIQ_RACE_F25AAA04BCA0C12D,EIQ_HORSE_0D14524EE1ED79B9,2025,-0.11023888077912325,EIQ_HORSE_8B471D9FD2477A82,EIQ_HORSE_E71C58AC45BA9504,CHALLENGER_CHANGED_FAVOURITE,False,False,BOTH_WRONG
EIQ_RACE_F25D8F75886B6574,EIQ_HORSE_F893CD5E98BDF308,2024,-0.017841463324546947,EIQ_HORSE_7AC34260977D29E3,EIQ_HORSE_9A6B9139689A3677,CHALLENGER_CHANGED_FAVOURITE,False,False,BOTH_WRONG
EIQ_RACE_F26B632233A8D4F0,EIQ_HORSE_09BB3984A7FCCAEE,2021,0.04485949368298847,EIQ_HORSE_36E0B396B87AD941,EIQ_HORSE_36E0B396B87AD941,SAME_FAVOURITE,False,False,SAME_FAVOURITE
EIQ_RACE_F271A58CCF2AC1D5,EIQ_HORSE_4E2C0710E7BAB27E,2026,0.004378329887258836,EIQ_HORSE_1390F00B7956AFDE,EIQ_HORSE_1390F00B7956AFDE,SAME_FAVOURITE,False,False,SAME_FAVOURITE
EIQ_RACE_F288891E76FFEF6E,EIQ_HORSE_CF9C3E55EFEFF9F6,2025,0.14038971580224358,EIQ_HORSE_BC576F393C89FA3D,EIQ_HORSE_BC576F393C89FA3D,SAME_FAVOURITE,False,False,SAME_FAVOURITE
EIQ_RACE_F28D6C34F03DE882,EIQ_HORSE_B9E41CEECD0E75E9,2025,-0.06500998825271642,EIQ_HORSE_B9E41CEECD0E75E9,EIQ_HORSE_B9E41CEECD0E75E9,SAME_FAVOURITE,True,True,SAME_FAVOURITE
EIQ_RACE_F2951CDCB5693B13,EIQ_HORSE_8BDDCD14D0AA236D,2023,0.14220470257485296,EIQ_HORSE_6FAD1B09D1DC98DE,EIQ_HORSE_6FAD1B09D1DC98DE,SAME_FAVOURITE,False,False,SAME_FAVOURITE
EIQ_RACE_F29614CD58B8AE14,EIQ_HORSE_6BB8AA5851D80EF2,2025,0.14845407211338113,EIQ_HORSE_00FA4050184DF201,EIQ_HORSE_CCDBAF1FD8830100,CHALLENGER_CHANGED_FAVOURITE,False,False,BOTH_WRONG
EIQ_RACE_F2A7A9D92A0D3509,EIQ_HORSE_77C155F8D398A95B,2021,0.0026986177884280593,EIQ_HORSE_D82545EC51A94C29,EIQ_HORSE_73984D8E2623E9A2,CHALLENGER_CHANGED_FAVOURITE,False,False,BOTH_WRONG
EIQ_RACE_F2BF654512FB2F71,EIQ_HORSE_71C5385E73C5F8F1,2024,-0.09274716721044785,EIQ_HORSE_0128B4AB44EE0848,EIQ_HORSE_0128B4AB44EE0848,SAME_FAVOURITE,False,False,SAME_FAVOURITE
EIQ_RACE_F2C5BD7A68013F46,EIQ_HORSE_6BDED9DA43683B06,2025,0.025666997311287743,EIQ_HORSE_6BDED9DA43683B06,EIQ_HORSE_6BDED9DA43683B06,SAME_FAVOURITE,True,True,SAME_FAVOURITE
EIQ_RACE_F2C5CFAC91A56C8D,EIQ_HORSE_885CD165225BE0D3,2026,-0.0022276489402672794,EIQ_HORSE_5A58CC1254F49E30,EIQ_HORSE_5A58CC1254F49E30,SAME_FAVOURITE,False,False,SAME_FAVOURITE
EIQ_RACE_F2CBBFECFD21A187,EIQ_HORSE_02345C4F5BDABAC4,2025,0.08153416606019515,EIQ_HORSE_56959CBC0AF16F2A,EIQ_HORSE_56959CBC0AF16F2A,SAME_FAVOURITE,False,False,SAME_FAVOURITE
EIQ_RACE_F2E108B44C62B311,EIQ_HORSE_5C317CDFF9863D8C,2025,-0.0022657795860689944,EIQ_HORSE_65AD05E55523148D,EIQ_HORSE_65AD05E55523148D,SAME_FAVOURITE,False,False,SAME_FAVOURITE
EIQ_RACE_F2EAF22C003C0E4C,EIQ_HORSE_39F7F2B0BBE5233A,2024,0.06325558679775856,EIQ_HORSE_39F7F2B0BBE5233A,EIQ_HORSE_39F7F2B0BBE5233A,SAME_FAVOURITE,True,True,SAME_FAVOURITE
EIQ_RACE_F31C3D4323FF8634,EIQ_HORSE_FDA3F933C31AF364,2021,-0.06357355043267043,EIQ_HORSE_AB47E68FE73D8696,EIQ_HORSE_AB47E68FE73D8696,SAME_FAVOURITE,False,False,SAME_FAVOURITE
EIQ_RACE_F32A37302A34B5F0,EIQ_HORSE_C6CADB848833646D,2023,-0.09530568959994246,EIQ_HORSE_C6CADB848833646D,EIQ_HORSE_C6CADB848833646D,SAME_FAVOURITE,True,True,SAME_FAVOURITE
EIQ_RACE_F32EA5C8D5A8E735,EIQ_HORSE_8E9392039C9EF2FE,2023,0.22431634076949036,EIQ_HORSE_410048EB7D2AC699,EIQ_HORSE_410048EB7D2AC699,SAME_FAVOURITE,False,False,SAME_FAVOURITE
EIQ_RACE_F343D5045F3E1597,EIQ_HORSE_1D73EAF65DBA6B4E,2024,-0.027613973420645088,EIQ_HORSE_A3168CA418D6DDD1,EIQ_HORSE_A3168CA418D6DDD1,SAME_FAVOURITE,False,False,SAME_FAVOURITE
EIQ_RACE_F3483FE2AB078C25,EIQ_HORSE_9A3324E939B1A96D,2026,0.09353777466523416,EIQ_HORSE_5AF633FAD00620CC,EIQ_HORSE_9A3324E939B1A96D,CHALLENGER_CHANGED_FAVOURITE,False,True,STRICT_WRONG_DROP_CORRECT
EIQ_RACE_F350D0DFAC81DA23,EIQ_HORSE_0C4A6F1A9BF6C859,2021,-0.025031688080649594,EIQ_HORSE_1DDB0C126C4F08C9,EIQ_HORSE_1DDB0C126C4F08C9,SAME_FAVOURITE,False,False,SAME_FAVOURITE
EIQ_RACE_F35811E3E6CBD46F,EIQ_HORSE_E47B2282157223EC,2024,-0.0971864611013129,EIQ_HORSE_E7C56CD753DE9123,EIQ_HORSE_E7C56CD753DE9123,SAME_FAVOURITE,False,False,SAME_FAVOURITE
EIQ_RACE_F3956DC258D69135,EIQ_HORSE_B9A57F1BF11A5463,2024,0.037279461417015325,EIQ_HORSE_B9A57F1BF11A5463,EIQ_HORSE_B9A57F1BF11A5463,SAME_FAVOURITE,True,True,SAME_FAVOURITE
EIQ_RACE_F3E64E0149CEE9FC,EIQ_HORSE_5D3632268A90BF81,2024,0.1212585803566224,EIQ_HORSE_AD2568AF8B2B6B5D,EIQ_HORSE_AD2568AF8B2B6B5D,SAME_FAVOURITE,False,False,SAME_FAVOURITE
EIQ_RACE_F4176DB90B9524E2,EIQ_HORSE_89E8365592E6A4DC,2023,0.044280353313876475,EIQ_HORSE_33B5537197DE8235,EIQ_HORSE_33B5537197DE8235,SAME_FAVOURITE,False,False,SAME_FAVOURITE
EIQ_RACE_F4190BE92215B536,EIQ_HORSE_A7FB721D9D0A2AC9,2024,-0.13681939208955862,EIQ_HORSE_A7FB721D9D0A2AC9,EIQ_HORSE_A7FB721D9D0A2AC9,SAME_FAVOURITE,True,True,SAME_FAVOURITE
EIQ_RACE_F41ED21718E27E44,EIQ_HORSE_AB4E9DCDD2E55212,2021,0.12048568900211443,EIQ_HORSE_27E2F9911D956663,EIQ_HORSE_27E2F9911D956663,SAME_FAVOURITE,False,False,SAME_FAVOURITE
EIQ_RACE_F4389285506C6BA4,EIQ_HORSE_3F6A2C1FB62BC100,2025,0.0023248712887675715,EIQ_HORSE_C967EE8C1F202C79,EIQ_HORSE_C967EE8C1F202C79,SAME_FAVOURITE,False,False,SAME_FAVOURITE
EIQ_RACE_F443F8A1D9C12D80,EIQ_HORSE_2D9848E452483C33,2024,0.09094139297786796,EIQ_HORSE_2D9848E452483C33,EIQ_HORSE_2D9848E452483C33,SAME_FAVOURITE,True,True,SAME_FAVOURITE
EIQ_RACE_F449312D264105BF,EIQ_HORSE_73B001E4DD5EF460,2023,-0.028443409281274867,EIQ_HORSE_73B001E4DD5EF460,EIQ_HORSE_73B001E4DD5EF460,SAME_FAVOURITE,True,True,SAME_FAVOURITE
EIQ_RACE_F4498DFDEAC732E9,EIQ_HORSE_4C093381C5BE1FF7,2024,-0.02538442587873746,EIQ_HORSE_4C093381C5BE1FF7,EIQ_HORSE_4C093381C5BE1FF7,SAME_FAVOURITE,True,True,SAME_FAVOURITE
EIQ_RACE_F45ABA293EC0B1F2,EIQ_HORSE_B0C0480E8B28F7BF,2023,-0.21797169946150596,EIQ_HORSE_D58EB92B0EF07B8B,EIQ_HORSE_D58EB92B0EF07B8B,SAME_FAVOURITE,False,False,SAME_FAVOURITE
EIQ_RACE_F463261B54116820,EIQ_HORSE_B0D5717455EA177B,2024,0.0067938527918145475,EIQ_HORSE_B9B5E5BC3FDE93D9,EIQ_HORSE_B9B5E5BC3FDE93D9,SAME_FAVOURITE,False,False,SAME_FAVOURITE
EIQ_RACE_F46983FFB038704B,EIQ_HORSE_2940C1674096CAE2,2021,0.08051682678170335,EIQ_HORSE_2940C1674096CAE2,EIQ_HORSE_2940C1674096CAE2,SAME_FAVOURITE,True,True,SAME_FAVOURITE
EIQ_RACE_F46CC15C07A5D81D,EIQ_HORSE_3499FF7675CD3E02,2026,0.11718252996127188,EIQ_HORSE_A794F22BA34135E8,EIQ_HORSE_A794F22BA34135E8,SAME_FAVOURITE,False,False,SAME_FAVOURITE
EIQ_RACE_F48C9ED93A1B3BFE,EIQ_HORSE_1F856B42D2557B65,2025,-0.08308068721685835,EIQ_HORSE_B13989DADBB19A4A,EIQ_HORSE_B13989DADBB19A4A,SAME_FAVOURITE,False,False,SAME_FAVOURITE
EIQ_RACE_F490B7CC10092A39,EIQ_HORSE_84FFB8332CC48C71,2026,0.0015763402024544515,EIQ_HORSE_84FFB8332CC48C71,EIQ_HORSE_84FFB8332CC48C71,SAME_FAVOURITE,True,True,SAME_FAVOURITE
EIQ_RACE_F493B5210CF4E859,EIQ_HORSE_0FCD0B38893A2129,2023,-0.07023781105351112,EIQ_HORSE_A490DCF6FDE3AB43,EIQ_HORSE_A490DCF6FDE3AB43,SAME_FAVOURITE,False,False,SAME_FAVOURITE
EIQ_RACE_F49539685A843A7B,EIQ_HORSE_473781FF941B894B,2023,-0.1396676707198441,EIQ_HORSE_473781FF941B894B,EIQ_HORSE_473781FF941B894B,SAME_FAVOURITE,True,True,SAME_FAVOURITE
EIQ_RACE_F4B778CB59D3C59A,EIQ_HORSE_BA0125AD58EB360F,2023,0.047562769701478214,EIQ_HORSE_ECD90F746F7E3BBD,EIQ_HORSE_ECD90F746F7E3BBD,SAME_FAVOURITE,False,False,SAME_FAVOURITE
EIQ_RACE_F4C2B4F2C3E18018,EIQ_HORSE_F1A5290AE5FD94D4,2023,0.11125073051083367,EIQ_HORSE_9EE14DF1A477B8F8,EIQ_HORSE_9EE14DF1A477B8F8,SAME_FAVOURITE,False,False,SAME_FAVOURITE
EIQ_RACE_F4D7245297A357C2,EIQ_HORSE_4E181175C2BB769A,2025,-0.08299004450017966,EIQ_HORSE_848312B5B5116430,EIQ_HORSE_848312B5B5116430,SAME_FAVOURITE,False,False,SAME_FAVOURITE
EIQ_RACE_F4DBEA9F2A0A3926,EIQ_HORSE_1DAC8FC01A707DE1,2021,-0.03612959029941454,EIQ_HORSE_784195EAFE3E157E,EIQ_HORSE_784195EAFE3E157E,SAME_FAVOURITE,False,False,SAME_FAVOURITE
EIQ_RACE_F4EED92A2ACBE2DC,EIQ_HORSE_A629242B7965F415,2025,-0.06806036921067937,EIQ_HORSE_061DA6AEA5C176ED,EIQ_HORSE_061DA6AEA5C176ED,SAME_FAVOURITE,False,False,SAME_FAVOURITE
EIQ_RACE_F4F038FC8C1F3413,EIQ_HORSE_31DE48CBB921A5E6,2025,-0.07860308473652156,EIQ_HORSE_31DE48CBB921A5E6,EIQ_HORSE_31DE48CBB921A5E6,SAME_FAVOURITE,True,True,SAME_FAVOURITE
EIQ_RACE_F4F7A2AE2BC1E0EB,EIQ_HORSE_3D68A4DACC3B0952,2023,-0.05678612594311794,EIQ_HORSE_3D68A4DACC3B0952,EIQ_HORSE_C528FFEB4CC75368,CHALLENGER_CHANGED_FAVOURITE,True,False,STRICT_CORRECT_DROP_WRONG
EIQ_RACE_F4FB303605296E9D,EIQ_HORSE_51FF45992AD9E7E0,2024,0.045463395960302355,EIQ_HORSE_A0070045BC8659D8,EIQ_HORSE_51FF45992AD9E7E0,CHALLENGER_CHANGED_FAVOURITE,False,True,STRICT_WRONG_DROP_CORRECT
EIQ_RACE_F51794C7CB6468AB,EIQ_HORSE_E066B7D549E237D2,2024,-0.01834666012428343,EIQ_HORSE_518A0626FF9AC683,EIQ_HORSE_518A0626FF9AC683,SAME_FAVOURITE,False,False,SAME_FAVOURITE
EIQ_RACE_F5262CD656C9BA21,EIQ_HORSE_AFC0D0144AFD05BA,2023,-0.12149590033014723,EIQ_HORSE_53126C44F826916C,EIQ_HORSE_53126C44F826916C,SAME_FAVOURITE,False,False,SAME_FAVOURITE
EIQ_RACE_F529E73A71FA7E15,EIQ_HORSE_A523884EC8AC3BBB,2021,-0.14498828280576515,EIQ_HORSE_0BCC6FFF9DC643C0,EIQ_HORSE_0BCC6FFF9DC643C0,SAME_FAVOURITE,False,False,SAME_FAVOURITE
EIQ_RACE_F52DD838DA973795,EIQ_HORSE_507AF929B5C5D792,2023,-0.07281089530194373,EIQ_HORSE_74FD2666938D24AF,EIQ_HORSE_9AD0EC9D08F0290E,CHALLENGER_CHANGED_FAVOURITE,False,False,BOTH_WRONG
EIQ_RACE_F546F5B4597D530E,EIQ_HORSE_770231F0E2D113DC,2023,0.04363978840914551,EIQ_HORSE_770231F0E2D113DC,EIQ_HORSE_770231F0E2D113DC,SAME_FAVOURITE,True,True,SAME_FAVOURITE
EIQ_RACE_F54C4D197BB16CC5,EIQ_HORSE_6C1949FD43536C6E,2021,0.05115246069617396,EIQ_HORSE_51EB5F0C829E1013,EIQ_HORSE_51EB5F0C829E1013,SAME_FAVOURITE,False,False,SAME_FAVOURITE
EIQ_RACE_F5576C97BD56A259,EIQ_HORSE_9D172E3C8A3D3943,2026,0.007128540373828374,EIQ_HORSE_9D172E3C8A3D3943,EIQ_HORSE_9D172E3C8A3D3943,SAME_FAVOURITE,True,True,SAME_FAVOURITE
EIQ_RACE_F55D5D4A7AC4AD8C,EIQ_HORSE_3A160CB89AB6EC05,2023,-0.02213636712770195,EIQ_HORSE_3A160CB89AB6EC05,EIQ_HORSE_3A160CB89AB6EC05,SAME_FAVOURITE,True,True,SAME_FAVOURITE
EIQ_RACE_F55D9DA166BC3F1A,EIQ_HORSE_2C8686786CD568CF,2021,-0.009929884427528624,EIQ_HORSE_064A698D8A3997E2,EIQ_HORSE_064A698D8A3997E2,SAME_FAVOURITE,False,False,SAME_FAVOURITE
EIQ_RACE_F56E0B4AA9FB3A0E,EIQ_HORSE_D6D6FA35DB6E94AF,2024,-0.033387302079913805,EIQ_HORSE_9661EE7572B5B7D0,EIQ_HORSE_9661EE7572B5B7D0,SAME_FAVOURITE,False,False,SAME_FAVOURITE
EIQ_RACE_F57DC9EF857FF0CE,EIQ_HORSE_8B91C19AB3930869,2023,0.10010151358931552,EIQ_HORSE_8B91C19AB3930869,EIQ_HORSE_8B91C19AB3930869,SAME_FAVOURITE,True,True,SAME_FAVOURITE
EIQ_RACE_F597AEA81CB56CF7,EIQ_HORSE_176279239FB09195,2023,0.07130995852373867,EIQ_HORSE_EF09BF6A7C5D32F6,EIQ_HORSE_EF09BF6A7C5D32F6,SAME_FAVOURITE,False,False,SAME_FAVOURITE
EIQ_RACE_F5A4981DBB2F0EEA,EIQ_HORSE_B0E50F60F34FBDA3,2026,0.13853862714588616,EIQ_HORSE_93E127A3FC899306,EIQ_HORSE_CD6A6F0CB9C9A686,CHALLENGER_CHANGED_FAVOURITE,False,False,BOTH_WRONG
EIQ_RACE_F5ABD1F5BA8D9331,EIQ_HORSE_E757F6F1F07E8E44,2024,-0.03223646585293771,EIQ_HORSE_E757F6F1F07E8E44,EIQ_HORSE_E757F6F1F07E8E44,SAME_FAVOURITE,True,True,SAME_FAVOURITE
EIQ_RACE_F5AC4CF0E44E8C52,EIQ_HORSE_3DE1B294D5B1E637,2021,0.1971927206911821,EIQ_HORSE_B8F1C81019C48B97,EIQ_HORSE_B8F1C81019C48B97,SAME_FAVOURITE,False,False,SAME_FAVOURITE
EIQ_RACE_F5ADCAFAC59FA181,EIQ_HORSE_1BD1B7CA77EDED82,2025,0.03944382537706126,EIQ_HORSE_D7F04A116F345A40,EIQ_HORSE_873376C449276580,CHALLENGER_CHANGED_FAVOURITE,False,False,BOTH_WRONG
EIQ_RACE_F5AF6A57EB70AC53,EIQ_HORSE_60A0842EF00D120D,2023,0.01264444432215539,EIQ_HORSE_B2ABFF0281CB79E9,EIQ_HORSE_B2ABFF0281CB79E9,SAME_FAVOURITE,False,False,SAME_FAVOURITE
EIQ_RACE_F5B621E9EDE6EDFB,EIQ_HORSE_6D90DB5F0EDA3332,2021,-0.09886395114489321,EIQ_HORSE_149061B572B6CCAD,EIQ_HORSE_149061B572B6CCAD,SAME_FAVOURITE,False,False,SAME_FAVOURITE
EIQ_RACE_F5BDBB9DB5C883BB,EIQ_HORSE_EA88EAC55045829A,2025,0.005318946366239752,EIQ_HORSE_E3329176D5E2235B,EIQ_HORSE_E3329176D5E2235B,SAME_FAVOURITE,False,False,SAME_FAVOURITE
EIQ_RACE_F5C8C38AFC65D7B6,EIQ_HORSE_CB267D1A8FDD2E76,2025,-0.010048791408937774,EIQ_HORSE_655E382ADE149D8A,EIQ_HORSE_655E382ADE149D8A,SAME_FAVOURITE,False,False,SAME_FAVOURITE
EIQ_RACE_F5D5A98F2A29D04C,EIQ_HORSE_D5565C50A89EB938,2023,0.1383060062963617,EIQ_HORSE_EC57E9B882F10C9D,EIQ_HORSE_EC57E9B882F10C9D,SAME_FAVOURITE,False,False,SAME_FAVOURITE
EIQ_RACE_F5EB24645F17A72E,EIQ_HORSE_44F695F2B4653316,2021,-0.04337468342979156,EIQ_HORSE_44F695F2B4653316,EIQ_HORSE_44F695F2B4653316,SAME_FAVOURITE,True,True,SAME_FAVOURITE
EIQ_RACE_F5F30B2B1862A32C,EIQ_HORSE_BB385AD41984B9F7,2025,0.023432002423149356,EIQ_HORSE_DE91B47F69C50B1E,EIQ_HORSE_DE91B47F69C50B1E,SAME_FAVOURITE,False,False,SAME_FAVOURITE
EIQ_RACE_F5FEE79FFD00D9D0,EIQ_HORSE_23CE5F9428FBEB38,2021,-0.06451796547403932,EIQ_HORSE_3B741FF50CDB3A47,EIQ_HORSE_3B741FF50CDB3A47,SAME_FAVOURITE,False,False,SAME_FAVOURITE
EIQ_RACE_F60391367AE81C26,EIQ_HORSE_A3F9FFE0147BB25E,2023,0.07540411754470444,EIQ_HORSE_30C01758034D6B37,EIQ_HORSE_30C01758034D6B37,SAME_FAVOURITE,False,False,SAME_FAVOURITE
EIQ_RACE_F60EF4BFB02B449F,EIQ_HORSE_528006909D3E46E9,2024,0.013063325630049416,EIQ_HORSE_528006909D3E46E9,EIQ_HORSE_528006909D3E46E9,SAME_FAVOURITE,True,True,SAME_FAVOURITE
EIQ_RACE_F61F0D553A7A8E92,EIQ_HORSE_C869F7513FCD5EB2,2025,0.05523566899231813,EIQ_HORSE_06282D6D393FF421,EIQ_HORSE_595C9454B18A8E95,CHALLENGER_CHANGED_FAVOURITE,False,False,BOTH_WRONG
EIQ_RACE_F620560BE771A5B4,EIQ_HORSE_9E90C4B8E1B7D425,2024,0.029209250767174844,EIQ_HORSE_813049370840171B,EIQ_HORSE_813049370840171B,SAME_FAVOURITE,False,False,SAME_FAVOURITE
EIQ_RACE_F62544CE64AAA0A6,EIQ_HORSE_FB50B5E90730CA61,2024,-0.031643905708143905,EIQ_HORSE_AB919C24ECCE7734,EIQ_HORSE_AB919C24ECCE7734,SAME_FAVOURITE,False,False,SAME_FAVOURITE
EIQ_RACE_F62DAAB6CC8FC091,EIQ_HORSE_A3E75AA97060698E,2025,-0.10440383214981797,EIQ_HORSE_A3E75AA97060698E,EIQ_HORSE_A3E75AA97060698E,SAME_FAVOURITE,True,True,SAME_FAVOURITE
EIQ_RACE_F62E5A250E8C53DD,EIQ_HORSE_59EC7394ECB78E91,2025,-0.17207414240280738,EIQ_HORSE_59EC7394ECB78E91,EIQ_HORSE_0D6BE8C6246388F8,CHALLENGER_CHANGED_FAVOURITE,True,False,STRICT_CORRECT_DROP_WRONG
EIQ_RACE_F63C5B6DA61DB49C,EIQ_HORSE_76A80A36D4950869,2021,-0.001047733235293391,EIQ_HORSE_A8554F158C13B17A,EIQ_HORSE_76A80A36D4950869,CHALLENGER_CHANGED_FAVOURITE,False,True,STRICT_WRONG_DROP_CORRECT
EIQ_RACE_F644DF3C13650B2B,EIQ_HORSE_A44830667D3C9609,2025,0.0687121647284783,EIQ_HORSE_BB978C87BEE521BC,EIQ_HORSE_BB978C87BEE521BC,SAME_FAVOURITE,False,False,SAME_FAVOURITE
EIQ_RACE_F64CE0FCCA838E81,EIQ_HORSE_0CE64130E68D88F0,2025,-0.024822178826349628,EIQ_HORSE_397312CC75B962E9,EIQ_HORSE_397312CC75B962E9,SAME_FAVOURITE,False,False,SAME_FAVOURITE
EIQ_RACE_F65318BFE21C31E0,EIQ_HORSE_4DF27F667E31A639,2024,-0.06367703923715973,EIQ_HORSE_BB996216B56E510F,EIQ_HORSE_BB996216B56E510F,SAME_FAVOURITE,False,False,SAME_FAVOURITE
EIQ_RACE_F66FD2BCE3D5C8C7,EIQ_HORSE_26CB93FFC28BC022,2021,-0.0133324735534317,EIQ_HORSE_4B252FFE1DD0C651,EIQ_HORSE_73142C0FF225F223,CHALLENGER_CHANGED_FAVOURITE,False,False,BOTH_WRONG
EIQ_RACE_F682D401F9C7642B,EIQ_HORSE_082DDFE7AFA4E15F,2023,0.055416255909985335,EIQ_HORSE_082DDFE7AFA4E15F,EIQ_HORSE_082DDFE7AFA4E15F,SAME_FAVOURITE,True,True,SAME_FAVOURITE
EIQ_RACE_F68F6AA6887004CF,EIQ_HORSE_F7F2F3D722CE2DA5,2023,-0.06934128970998676,EIQ_HORSE_256E87D4922ACB66,EIQ_HORSE_256E87D4922ACB66,SAME_FAVOURITE,False,False,SAME_FAVOURITE
EIQ_RACE_F696A690C6B2DB25,EIQ_HORSE_FCEBC7A8B2F071D4,2025,-0.023369394669128907,EIQ_HORSE_FCEBC7A8B2F071D4,EIQ_HORSE_FCEBC7A8B2F071D4,SAME_FAVOURITE,True,True,SAME_FAVOURITE
EIQ_RACE_F699290BE8EB1E44,EIQ_HORSE_D9E706490DF732CC,2024,0.0401374855791341,EIQ_HORSE_D9E706490DF732CC,EIQ_HORSE_D9E706490DF732CC,SAME_FAVOURITE,True,True,SAME_FAVOURITE
EIQ_RACE_F699E87A8398B88F,EIQ_HORSE_FA744FF7FBD1E30C,2025,-0.05814206234806352,EIQ_HORSE_42A9F07A61577BC7,EIQ_HORSE_8CC0B1CBA33B82A6,CHALLENGER_CHANGED_FAVOURITE,False,False,BOTH_WRONG
EIQ_RACE_F6A6817974485F48,EIQ_HORSE_D9FB1443BBDE5C82,2026,-0.1642065899869205,EIQ_HORSE_C2A6BE3016C3286C,EIQ_HORSE_D75DF774FF622286,CHALLENGER_CHANGED_FAVOURITE,False,False,BOTH_WRONG
EIQ_RACE_F6AAB1E64E13FD89,EIQ_HORSE_720E3881DBDE2A9A,2026,0.10333854931880282,EIQ_HORSE_A3E75AA97060698E,EIQ_HORSE_A3E75AA97060698E,SAME_FAVOURITE,False,False,SAME_FAVOURITE
EIQ_RACE_F6BF5C19A9A898C6,EIQ_HORSE_473781FF941B894B,2023,-0.04102214993097508,EIQ_HORSE_81AF5A59D71C84F0,EIQ_HORSE_6BD54DC63C04FD42,CHALLENGER_CHANGED_FAVOURITE,False,False,BOTH_WRONG
EIQ_RACE_F6CB6EC6D7D2B4BD,EIQ_HORSE_FB0A3A168CD11C45,2024,0.1879891607953259,EIQ_HORSE_EE485EE532164600,EIQ_HORSE_EE485EE532164600,SAME_FAVOURITE,False,False,SAME_FAVOURITE
EIQ_RACE_F6E687F5BACFBA8F,EIQ_HORSE_4846F3CB1B998CCA,2024,-0.017223585427101895,EIQ_HORSE_69356FA6A0D62B5D,EIQ_HORSE_69356FA6A0D62B5D,SAME_FAVOURITE,False,False,SAME_FAVOURITE
EIQ_RACE_F6F886A61E7C3D79,EIQ_HORSE_39A9F06C54C75D9E,2024,0.076828172833042,EIQ_HORSE_0441165FECED6B4C,EIQ_HORSE_0441165FECED6B4C,SAME_FAVOURITE,False,False,SAME_FAVOURITE
EIQ_RACE_F709C06EC1C40505,EIQ_HORSE_5B4939F1A05751A5,2021,0.053130249799711704,EIQ_HORSE_05A160B7266B47E4,EIQ_HORSE_05A160B7266B47E4,SAME_FAVOURITE,False,False,SAME_FAVOURITE
EIQ_RACE_F718AA4414772D57,EIQ_HORSE_3B86703A1DEC9317,2022,-0.14407456338361468,EIQ_HORSE_3B86703A1DEC9317,EIQ_HORSE_800817590EE4EA45,CHALLENGER_CHANGED_FAVOURITE,True,False,STRICT_CORRECT_DROP_WRONG
EIQ_RACE_F7233541AB193CCC,EIQ_HORSE_7F2CFD941F4CCEC5,2024,-0.021614337451986376,EIQ_HORSE_AA2B511914B67DF8,EIQ_HORSE_AA2B511914B67DF8,SAME_FAVOURITE,False,False,SAME_FAVOURITE
EIQ_RACE_F73131C4D4ED3037,EIQ_HORSE_CE3DD7E4207FA933,2024,0.042667573776059786,EIQ_HORSE_2FAB43CDC2A65101,EIQ_HORSE_2FAB43CDC2A65101,SAME_FAVOURITE,False,False,SAME_FAVOURITE
EIQ_RACE_F731F5413E46AADE,EIQ_HORSE_CABE7398F717E4E8,2021,-0.09419674864348315,EIQ_HORSE_5FAE043D8558E4DF,EIQ_HORSE_5FAE043D8558E4DF,SAME_FAVOURITE,False,False,SAME_FAVOURITE
EIQ_RACE_F7407BAA94371AAC,EIQ_HORSE_402A1888EE95DD84,2024,0.011354115800419784,EIQ_HORSE_ADD83292BAD93B5D,EIQ_HORSE_ADD83292BAD93B5D,SAME_FAVOURITE,False,False,SAME_FAVOURITE
EIQ_RACE_F74C062CE4F5B38D,EIQ_HORSE_E71626FDC00BB0B2,2024,-0.008952672160440933,EIQ_HORSE_1154470269DCDB06,EIQ_HORSE_1154470269DCDB06,SAME_FAVOURITE,False,False,SAME_FAVOURITE
EIQ_RACE_F760AC42796054D8,EIQ_HORSE_D5050BCDDA6BB977,2021,-0.0952848348362898,EIQ_HORSE_D5050BCDDA6BB977,EIQ_HORSE_7624181800B38C4E,CHALLENGER_CHANGED_FAVOURITE,True,False,STRICT_CORRECT_DROP_WRONG
EIQ_RACE_F76F784A2F34BDDA,EIQ_HORSE_6D68258A92606BF2,2023,0.12130535260434594,EIQ_HORSE_0BFE3BC0463A7358,EIQ_HORSE_0BFE3BC0463A7358,SAME_FAVOURITE,False,False,SAME_FAVOURITE
EIQ_RACE_F771D877A44385C3,EIQ_HORSE_421AB546C5BC82AF,2026,-0.04871190032936057,EIQ_HORSE_421AB546C5BC82AF,EIQ_HORSE_421AB546C5BC82AF,SAME_FAVOURITE,True,True,SAME_FAVOURITE
EIQ_RACE_F77584D2E6C2CF39,EIQ_HORSE_36839E622426CB25,2023,0.026347429932939592,EIQ_HORSE_A380D3A719481C24,EIQ_HORSE_A380D3A719481C24,SAME_FAVOURITE,False,False,SAME_FAVOURITE
EIQ_RACE_F7760596B8266F7D,EIQ_HORSE_194E16E5A7C4FACA,2021,0.025688627667249886,EIQ_HORSE_AE15FF121D99AB15,EIQ_HORSE_AE15FF121D99AB15,SAME_FAVOURITE,False,False,SAME_FAVOURITE
EIQ_RACE_F7770DE3FB6DAEB9,EIQ_HORSE_7EF43B667227AA13,2024,-0.0006771551030306799,EIQ_HORSE_7EF43B667227AA13,EIQ_HORSE_7EF43B667227AA13,SAME_FAVOURITE,True,True,SAME_FAVOURITE
EIQ_RACE_F7801E501DB21FFA,EIQ_HORSE_2907B12A845AD5B6,2022,0.026465432167070757,EIQ_HORSE_1CF6713D92FAE6A6,EIQ_HORSE_1CF6713D92FAE6A6,SAME_FAVOURITE,False,False,SAME_FAVOURITE
EIQ_RACE_F78673A224D4DAC8,EIQ_HORSE_7DD5559C36EB8CB1,2024,-0.08906320610623153,EIQ_HORSE_A44822A291068C6F,EIQ_HORSE_A44822A291068C6F,SAME_FAVOURITE,False,False,SAME_FAVOURITE
EIQ_RACE_F7941F191297ADA3,EIQ_HORSE_9A26B0AC9C2C9AC9,2025,-0.10665363550438745,EIQ_HORSE_069057B302041A96,EIQ_HORSE_069057B302041A96,SAME_FAVOURITE,False,False,SAME_FAVOURITE
EIQ_RACE_F799B076D456B9CD,EIQ_HORSE_2C10FC52F3934F28,2025,-0.05153875706600197,EIQ_HORSE_AA30BAE3DFFF7002,EIQ_HORSE_AA30BAE3DFFF7002,SAME_FAVOURITE,False,False,SAME_FAVOURITE
EIQ_RACE_F7B46DAF6368FCBA,EIQ_HORSE_7314752CDACBF931,2025,-0.05894456257136049,EIQ_HORSE_894B72C756D336EC,EIQ_HORSE_894B72C756D336EC,SAME_FAVOURITE,False,False,SAME_FAVOURITE
EIQ_RACE_F7B707899E8FEDB8,EIQ_HORSE_A003FE9236842EC6,2025,-0.06919422434150446,EIQ_HORSE_72BC55E2E8B4AB26,EIQ_HORSE_136157D082389DF3,CHALLENGER_CHANGED_FAVOURITE,False,False,BOTH_WRONG
EIQ_RACE_F7D5D24F3CA0B617,EIQ_HORSE_594EFDF1CE7EC22D,2025,-0.07475799167366404,EIQ_HORSE_282B0B97C678E465,EIQ_HORSE_282B0B97C678E465,SAME_FAVOURITE,False,False,SAME_FAVOURITE
EIQ_RACE_F7DFAEE99222B798,EIQ_HORSE_D89A4725B752B2A9,2024,-0.0728297436884775,EIQ_HORSE_77149AAA298861C2,EIQ_HORSE_77149AAA298861C2,SAME_FAVOURITE,False,False,SAME_FAVOURITE
EIQ_RACE_F7E3A6EA2C0DC52B,EIQ_HORSE_8394A5643ED24C81,2025,0.038490807095388435,EIQ_HORSE_34883D7BD06398BE,EIQ_HORSE_34883D7BD06398BE,SAME_FAVOURITE,False,False,SAME_FAVOURITE
EIQ_RACE_F7E67953805AC03B,EIQ_HORSE_2E6F7F97A3E83738,2023,-0.09007832795863102,EIQ_HORSE_8D9D11B4CA1738BD,EIQ_HORSE_9C2A5414E47DBC29,CHALLENGER_CHANGED_FAVOURITE,False,False,BOTH_WRONG
EIQ_RACE_F7FA5CA1CA5AFE4B,EIQ_HORSE_1922A324770726C1,2026,0.0893629812101322,EIQ_HORSE_DCD33224335D7659,EIQ_HORSE_DCD33224335D7659,SAME_FAVOURITE,False,False,SAME_FAVOURITE
EIQ_RACE_F7FEC9D841349BC0,EIQ_HORSE_6140CB07FE45497D,2025,-0.007268399432221795,EIQ_HORSE_45B1292365719AD9,EIQ_HORSE_45B1292365719AD9,SAME_FAVOURITE,False,False,SAME_FAVOURITE
EIQ_RACE_F8117A514C1060D0,EIQ_HORSE_3F45188489950AC6,2024,-0.04553831129631192,EIQ_HORSE_37089D3A2BBC96AD,EIQ_HORSE_37089D3A2BBC96AD,SAME_FAVOURITE,False,False,SAME_FAVOURITE
EIQ_RACE_F812300FB6779B45,EIQ_HORSE_6A82E680B5117339,2024,-0.05279766236549399,EIQ_HORSE_740C50323A828918,EIQ_HORSE_C095E060458253D3,CHALLENGER_CHANGED_FAVOURITE,False,False,BOTH_WRONG
EIQ_RACE_F827A6747CE57AB1,EIQ_HORSE_256EE9D058D47AF9,2023,0.14491843445643782,EIQ_HORSE_71044954D391BAA3,EIQ_HORSE_256EE9D058D47AF9,CHALLENGER_CHANGED_FAVOURITE,False,True,STRICT_WRONG_DROP_CORRECT
EIQ_RACE_F82B83D72148EAD7,EIQ_HORSE_4F46EE76F06B82B5,2021,0.13513401631521127,EIQ_HORSE_4008AB13787EBC4C,EIQ_HORSE_4008AB13787EBC4C,SAME_FAVOURITE,False,False,SAME_FAVOURITE
EIQ_RACE_F830FDBBB4149A33,EIQ_HORSE_A1BA2B5FDB29D966,2023,0.023957053740315537,EIQ_HORSE_703F0F21E478646D,EIQ_HORSE_703F0F21E478646D,SAME_FAVOURITE,False,False,SAME_FAVOURITE
EIQ_RACE_F8340D175649634C,EIQ_HORSE_1891FC7D4EBEAA2A,2026,0.04511654305639112,EIQ_HORSE_572FA1731AB6EB41,EIQ_HORSE_572FA1731AB6EB41,SAME_FAVOURITE,False,False,SAME_FAVOURITE
EIQ_RACE_F846E7A604F13BB1,EIQ_HORSE_A7036B0E5D22E2B0,2021,0.10494403292722287,EIQ_HORSE_AA17693A1419CEF4,EIQ_HORSE_AA17693A1419CEF4,SAME_FAVOURITE,False,False,SAME_FAVOURITE
EIQ_RACE_F85FFA65B00ECFBD,EIQ_HORSE_021218D4A0389484,2025,0.005033526129022192,EIQ_HORSE_C8FB108DCA591235,EIQ_HORSE_C8FB108DCA591235,SAME_FAVOURITE,False,False,SAME_FAVOURITE
EIQ_RACE_F864CD8C52A517CD,EIQ_HORSE_C095E060458253D3,2025,0.03108107643709057,EIQ_HORSE_11ED0055B9D6D10B,EIQ_HORSE_11ED0055B9D6D10B,SAME_FAVOURITE,False,False,SAME_FAVOURITE
EIQ_RACE_F874A0E822D93AA1,EIQ_HORSE_B02AA81E0663D35C,2025,-0.07435423802834906,EIQ_HORSE_F0E4B5266E60F816,EIQ_HORSE_F0E4B5266E60F816,SAME_FAVOURITE,False,False,SAME_FAVOURITE
EIQ_RACE_F8775CE89E322C8C,EIQ_HORSE_BECC45F2541686DB,2024,-0.0024795948849982707,EIQ_HORSE_B2DA080C238B9939,EIQ_HORSE_B2DA080C238B9939,SAME_FAVOURITE,False,False,SAME_FAVOURITE
EIQ_RACE_F877ECCD6EBA79C0,EIQ_HORSE_6E8F57AB163782F5,2025,0.06212116925837741,EIQ_HORSE_6DB46979DAB7F077,EIQ_HORSE_6DB46979DAB7F077,SAME_FAVOURITE,False,False,SAME_FAVOURITE
EIQ_RACE_F88701BB33193292,EIQ_HORSE_D74C8CC0C9AF79F1,2024,0.005423444276170031,EIQ_HORSE_ECD90F746F7E3BBD,EIQ_HORSE_ECD90F746F7E3BBD,SAME_FAVOURITE,False,False,SAME_FAVOURITE
EIQ_RACE_F88DE19871B3F4C2,EIQ_HORSE_79D8DF7A4D76E147,2024,-0.02861887071957603,EIQ_HORSE_A18A8C66A889E452,EIQ_HORSE_A18A8C66A889E452,SAME_FAVOURITE,False,False,SAME_FAVOURITE
EIQ_RACE_F89C7302EAB8DFF0,EIQ_HORSE_46BA1259B8ED5754,2024,-0.0933562671339887,EIQ_HORSE_C418D2D38BE40A11,EIQ_HORSE_25EEA7395ED46F05,CHALLENGER_CHANGED_FAVOURITE,False,False,BOTH_WRONG
EIQ_RACE_F8ADE8916665ABD7,EIQ_HORSE_B5174801E642110D,2024,-0.023451980349717294,EIQ_HORSE_B5174801E642110D,EIQ_HORSE_B5174801E642110D,SAME_FAVOURITE,True,True,SAME_FAVOURITE
EIQ_RACE_F8AF4BE2D7C7DFC6,EIQ_HORSE_7A402FB666C6524C,2021,0.0688378624237902,EIQ_HORSE_7A402FB666C6524C,EIQ_HORSE_7A402FB666C6524C,SAME_FAVOURITE,True,True,SAME_FAVOURITE
EIQ_RACE_F8B03AB7E1720472,EIQ_HORSE_13B651AAF5DF9867,2025,-0.2039990791035744,EIQ_HORSE_13B651AAF5DF9867,EIQ_HORSE_7A9BF577F6C73CD5,CHALLENGER_CHANGED_FAVOURITE,True,False,STRICT_CORRECT_DROP_WRONG
EIQ_RACE_F8BCF0872CAABC44,EIQ_HORSE_2EC73AB98B5DBA0E,2023,0.13371809530179646,EIQ_HORSE_7199B7E3747CE1B5,EIQ_HORSE_7199B7E3747CE1B5,SAME_FAVOURITE,False,False,SAME_FAVOURITE
EIQ_RACE_F8BEBE4188ED52E8,EIQ_HORSE_B46887606956487D,2025,-0.051936008297047476,EIQ_HORSE_B46887606956487D,EIQ_HORSE_B46887606956487D,SAME_FAVOURITE,True,True,SAME_FAVOURITE
EIQ_RACE_F8BFBE3E40A4796D,EIQ_HORSE_A02945DC8F2CFA26,2021,0.14219724825157298,EIQ_HORSE_6DF869ED5CC8C852,EIQ_HORSE_9786D8F5AEDB5388,CHALLENGER_CHANGED_FAVOURITE,False,False,BOTH_WRONG
EIQ_RACE_F8D1EF2FBFDBA58A,EIQ_HORSE_6E3A3ABD12F88059,2024,0.08167759692393917,EIQ_HORSE_6E3A3ABD12F88059,EIQ_HORSE_6E3A3ABD12F88059,SAME_FAVOURITE,True,True,SAME_FAVOURITE
EIQ_RACE_F8D448381D23112B,EIQ_HORSE_88F64DFCA159C05C,2023,0.23740137126173244,EIQ_HORSE_836DB10CF5C0CBE3,EIQ_HORSE_88F64DFCA159C05C,CHALLENGER_CHANGED_FAVOURITE,False,True,STRICT_WRONG_DROP_CORRECT
EIQ_RACE_F8D565538576163A,EIQ_HORSE_655E382ADE149D8A,2026,-0.04584987870759338,EIQ_HORSE_655E382ADE149D8A,EIQ_HORSE_655E382ADE149D8A,SAME_FAVOURITE,True,True,SAME_FAVOURITE
EIQ_RACE_F8D7CE2234E530D6,EIQ_HORSE_BFB4563C718C84AF,2021,-0.11920772556291226,EIQ_HORSE_BFB4563C718C84AF,EIQ_HORSE_BFB4563C718C84AF,SAME_FAVOURITE,True,True,SAME_FAVOURITE
EIQ_RACE_F8DA4386EF193D39,EIQ_HORSE_6BD54DC63C04FD42,2023,0.12196405605378735,EIQ_HORSE_D22DBC4F2BB42C36,EIQ_HORSE_D22DBC4F2BB42C36,SAME_FAVOURITE,False,False,SAME_FAVOURITE
EIQ_RACE_F8E9EA60EB62EC68,EIQ_HORSE_9A214C2A53CB190C,2021,-0.062363131938876215,EIQ_HORSE_9A214C2A53CB190C,EIQ_HORSE_9A214C2A53CB190C,SAME_FAVOURITE,True,True,SAME_FAVOURITE
EIQ_RACE_F8EE5F105CD43CEE,EIQ_HORSE_9409DBEB55181C57,2023,0.03590662515912779,EIQ_HORSE_7CAC82A1D8CB8BAD,EIQ_HORSE_7CAC82A1D8CB8BAD,SAME_FAVOURITE,False,False,SAME_FAVOURITE
EIQ_RACE_F8FC904F41D68B92,EIQ_HORSE_35B104FB91240840,2026,0.01034215354361745,EIQ_HORSE_15876AF01C2A436C,EIQ_HORSE_15876AF01C2A436C,SAME_FAVOURITE,False,False,SAME_FAVOURITE
EIQ_RACE_F8FD8EEFDB47EB79,EIQ_HORSE_A4E06195D9B35509,2025,-0.246212854767079,EIQ_HORSE_A4E06195D9B35509,EIQ_HORSE_6C911E52B254B484,CHALLENGER_CHANGED_FAVOURITE,True,False,STRICT_CORRECT_DROP_WRONG
EIQ_RACE_F903732D320B9DCA,EIQ_HORSE_429DC2C3AE335409,2024,0.13020725850530068,EIQ_HORSE_903B46F3F4407E60,EIQ_HORSE_903B46F3F4407E60,SAME_FAVOURITE,False,False,SAME_FAVOURITE
EIQ_RACE_F9048A62CEDF3BBD,EIQ_HORSE_371304DC00A6E5E1,2025,-0.04730930578736814,EIQ_HORSE_0C8E33450AFFFD10,EIQ_HORSE_8394A5643ED24C81,CHALLENGER_CHANGED_FAVOURITE,False,False,BOTH_WRONG
EIQ_RACE_F92094FEB04A843C,EIQ_HORSE_636996C488F4E0F5,2024,0.10652430252066081,EIQ_HORSE_83A7891A063F3D9B,EIQ_HORSE_8C6533B671594DA3,CHALLENGER_CHANGED_FAVOURITE,False,False,BOTH_WRONG
EIQ_RACE_F928F25B0483C934,EIQ_HORSE_795676BC91BB844F,2021,0.04246477024363271,EIQ_HORSE_29E8B7C15F608BBB,EIQ_HORSE_29E8B7C15F608BBB,SAME_FAVOURITE,False,False,SAME_FAVOURITE
EIQ_RACE_F92A05982CDAA820,EIQ_HORSE_034BD5322B869170,2024,-0.04003077153545975,EIQ_HORSE_201D869F9EFADD36,EIQ_HORSE_201D869F9EFADD36,SAME_FAVOURITE,False,False,SAME_FAVOURITE
EIQ_RACE_F930D550336B0405,EIQ_HORSE_980A300E6BA9B491,2022,0.007481200381375341,EIQ_HORSE_980A300E6BA9B491,EIQ_HORSE_560D3BD9219B1FC3,CHALLENGER_CHANGED_FAVOURITE,True,False,STRICT_CORRECT_DROP_WRONG
EIQ_RACE_F934805AA9E9BB09,EIQ_HORSE_9F0C0ED058186325,2021,-0.14816173020112888,EIQ_HORSE_589A8D08824E903F,EIQ_HORSE_589A8D08824E903F,SAME_FAVOURITE,False,False,SAME_FAVOURITE
EIQ_RACE_F943BD4A967ACDDD,EIQ_HORSE_59ACB21AB66807B7,2021,0.06290685065654666,EIQ_HORSE_59ACB21AB66807B7,EIQ_HORSE_59ACB21AB66807B7,SAME_FAVOURITE,True,True,SAME_FAVOURITE
EIQ_RACE_F94C6D01A461FB8A,EIQ_HORSE_BD6F3C0CEB6FD36A,2023,-0.26423915953533683,EIQ_HORSE_9E121E60B6D9E0EA,EIQ_HORSE_9E121E60B6D9E0EA,SAME_FAVOURITE,False,False,SAME_FAVOURITE
EIQ_RACE_F94FB6F2C11278DB,EIQ_HORSE_D82545EC51A94C29,2021,0.012409697200168601,EIQ_HORSE_789F9CF18705DDF6,EIQ_HORSE_789F9CF18705DDF6,SAME_FAVOURITE,False,False,SAME_FAVOURITE
EIQ_RACE_F958D975C845A5C4,EIQ_HORSE_164760C837CD3596,2023,-0.09606637320395683,EIQ_HORSE_9E98CB5CF0434C78,EIQ_HORSE_9E98CB5CF0434C78,SAME_FAVOURITE,False,False,SAME_FAVOURITE
EIQ_RACE_F9704DC877D16678,EIQ_HORSE_F5E562FCE97AE6EF,2025,-0.06453856445192385,EIQ_HORSE_09F52A9FF41B6D0F,EIQ_HORSE_09F52A9FF41B6D0F,SAME_FAVOURITE,False,False,SAME_FAVOURITE
EIQ_RACE_F97E24B96A13D737,EIQ_HORSE_AF7F1A8CE9E1D697,2024,0.18413458318902176,EIQ_HORSE_FD1556B9EFFB4087,EIQ_HORSE_AF7F1A8CE9E1D697,CHALLENGER_CHANGED_FAVOURITE,False,True,STRICT_WRONG_DROP_CORRECT
EIQ_RACE_F98F5F03DB459DB6,EIQ_HORSE_667D950CB8D3E5AC,2023,-0.08457055849304673,EIQ_HORSE_0409FDC9080A14F1,EIQ_HORSE_0409FDC9080A14F1,SAME_FAVOURITE,False,False,SAME_FAVOURITE
EIQ_RACE_F9A3B9062D4E07ED,EIQ_HORSE_97A9EE5193863ABB,2021,-0.024926861969418734,EIQ_HORSE_53864A378B60A647,EIQ_HORSE_53864A378B60A647,SAME_FAVOURITE,False,False,SAME_FAVOURITE
EIQ_RACE_F9A75F9083ED73D4,EIQ_HORSE_65F79F3D11D3A491,2021,0.08292354955684234,EIQ_HORSE_65F79F3D11D3A491,EIQ_HORSE_65F79F3D11D3A491,SAME_FAVOURITE,True,True,SAME_FAVOURITE
EIQ_RACE_F9C2849569CAE2F4,EIQ_HORSE_F9F09AA1014DF93B,2024,-0.24947698554006736,EIQ_HORSE_AE096E9AF74915DB,EIQ_HORSE_AE096E9AF74915DB,SAME_FAVOURITE,False,False,SAME_FAVOURITE
EIQ_RACE_F9C9C641057AB26D,EIQ_HORSE_828CC0B87F1EF78C,2021,0.038426247024384796,EIQ_HORSE_45FEB1C9892D4358,EIQ_HORSE_45FEB1C9892D4358,SAME_FAVOURITE,False,False,SAME_FAVOURITE
EIQ_RACE_F9CCC4A98CF6C0E6,EIQ_HORSE_E85B6E5E8FCAA230,2021,0.015177498132305622,EIQ_HORSE_E85B6E5E8FCAA230,EIQ_HORSE_E85B6E5E8FCAA230,SAME_FAVOURITE,True,True,SAME_FAVOURITE
EIQ_RACE_F9D379B9EAA0CCA9,EIQ_HORSE_1C937E5BB59EC2A8,2021,0.14073132169562896,EIQ_HORSE_4CBD5A8368FDF5CD,EIQ_HORSE_4CBD5A8368FDF5CD,SAME_FAVOURITE,False,False,SAME_FAVOURITE
EIQ_RACE_F9EEF2CDC3A32FEA,EIQ_HORSE_D70900F78D5C19EE,2024,-0.023446739333115696,EIQ_HORSE_D70900F78D5C19EE,EIQ_HORSE_4969E430895F1C3D,CHALLENGER_CHANGED_FAVOURITE,True,False,STRICT_CORRECT_DROP_WRONG
EIQ_RACE_F9F0CF966EE9557B,EIQ_HORSE_7E15C3582CA47369,2025,-0.039162261360979445,EIQ_HORSE_2CE11E2A994ECFB5,EIQ_HORSE_2CE11E2A994ECFB5,SAME_FAVOURITE,False,False,SAME_FAVOURITE
EIQ_RACE_FA0C25C75520A1F2,EIQ_HORSE_D37A6F2507321AE5,2023,0.03208074177476994,EIQ_HORSE_DF22A810C143B31E,EIQ_HORSE_DF22A810C143B31E,SAME_FAVOURITE,False,False,SAME_FAVOURITE
EIQ_RACE_FA20DF499AE53A30,EIQ_HORSE_4F46EE76F06B82B5,2021,0.035342252310354816,EIQ_HORSE_2D3FDE4EA0780194,EIQ_HORSE_2D3FDE4EA0780194,SAME_FAVOURITE,False,False,SAME_FAVOURITE
EIQ_RACE_FA327D9D919CD6D6,EIQ_HORSE_10B681CA5E451570,2026,0.029686726036852296,EIQ_HORSE_1D2F0C4F2373969D,EIQ_HORSE_1D2F0C4F2373969D,SAME_FAVOURITE,False,False,SAME_FAVOURITE
EIQ_RACE_FA46524FCD1543B2,EIQ_HORSE_6BDD4C954404F4B6,2021,-0.1812215242420141,EIQ_HORSE_7A9DB67F49957952,EIQ_HORSE_7A9DB67F49957952,SAME_FAVOURITE,False,False,SAME_FAVOURITE
EIQ_RACE_FA47D1AF18370394,EIQ_HORSE_86E06AA345DAB67B,2023,0.028277114646435786,EIQ_HORSE_5D4E5F83DCDC5BF6,EIQ_HORSE_5D4E5F83DCDC5BF6,SAME_FAVOURITE,False,False,SAME_FAVOURITE
EIQ_RACE_FA5CDF475EDC5971,EIQ_HORSE_84B7614572DF3EA1,2025,-0.024189821584151172,EIQ_HORSE_FCF11FFD417B8982,EIQ_HORSE_FCF11FFD417B8982,SAME_FAVOURITE,False,False,SAME_FAVOURITE
EIQ_RACE_FA68071785528C7D,EIQ_HORSE_64A6CA29CE9CB894,2021,-0.09251093847415515,EIQ_HORSE_4BF2BBEE651CC490,EIQ_HORSE_4BF2BBEE651CC490,SAME_FAVOURITE,False,False,SAME_FAVOURITE
EIQ_RACE_FA6E16B2E6EC08CC,EIQ_HORSE_666A8D44B5EC067F,2023,0.06860329694251988,EIQ_HORSE_EA6F3B9F477340EB,EIQ_HORSE_EA6F3B9F477340EB,SAME_FAVOURITE,False,False,SAME_FAVOURITE
EIQ_RACE_FA70CA4A196751FB,EIQ_HORSE_919CD8F1209DD590,2026,-0.06709261670065403,EIQ_HORSE_919CD8F1209DD590,EIQ_HORSE_82D1BB13B567BDDC,CHALLENGER_CHANGED_FAVOURITE,True,False,STRICT_CORRECT_DROP_WRONG
EIQ_RACE_FA731E19C4020EB3,EIQ_HORSE_BEDDBE82206CD856,2024,0.05882392017033089,EIQ_HORSE_BEDDBE82206CD856,EIQ_HORSE_BEDDBE82206CD856,SAME_FAVOURITE,True,True,SAME_FAVOURITE
EIQ_RACE_FA77F53AA2A5F8FE,EIQ_HORSE_8CC696335B873F1A,2024,0.05035562211421274,EIQ_HORSE_8CC696335B873F1A,EIQ_HORSE_B6B7DEB7C964EFF4,CHALLENGER_CHANGED_FAVOURITE,True,False,STRICT_CORRECT_DROP_WRONG
EIQ_RACE_FA7D87C64C5E46DF,EIQ_HORSE_7567AD13CC16FA63,2025,-0.026657206856552706,EIQ_HORSE_2A7C0B2BC95ED4FB,EIQ_HORSE_2A7C0B2BC95ED4FB,SAME_FAVOURITE,False,False,SAME_FAVOURITE
EIQ_RACE_FAB0D8AA5669BF6D,EIQ_HORSE_704F841E1EF2FA4E,2023,0.17939451706837972,EIQ_HORSE_704F841E1EF2FA4E,EIQ_HORSE_704F841E1EF2FA4E,SAME_FAVOURITE,True,True,SAME_FAVOURITE
EIQ_RACE_FAB4391A86D0468A,EIQ_HORSE_508D4E056826FF3F,2024,0.2510172810187252,EIQ_HORSE_06ABB4936FCF1907,EIQ_HORSE_06ABB4936FCF1907,SAME_FAVOURITE,False,False,SAME_FAVOURITE
EIQ_RACE_FABAC458239CD3E7,EIQ_HORSE_DA70A5DAE2D2EED1,2023,0.2805146981421798,EIQ_HORSE_681F56BCBFED6CDE,EIQ_HORSE_681F56BCBFED6CDE,SAME_FAVOURITE,False,False,SAME_FAVOURITE
EIQ_RACE_FABF22078CC80F75,EIQ_HORSE_FD627CAA98416553,2024,-0.2056205703801095,EIQ_HORSE_5B459A7D9B40C6A5,EIQ_HORSE_5B459A7D9B40C6A5,SAME_FAVOURITE,False,False,SAME_FAVOURITE
EIQ_RACE_FACF68435E4B7C7E,EIQ_HORSE_23D4F89F42D082D1,2024,-0.19844862607058644,EIQ_HORSE_313345969E6C8B54,EIQ_HORSE_313345969E6C8B54,SAME_FAVOURITE,False,False,SAME_FAVOURITE
EIQ_RACE_FAD538DBAEF65969,EIQ_HORSE_E866B133C4058BE0,2025,-0.011225604546426737,EIQ_HORSE_E866B133C4058BE0,EIQ_HORSE_E866B133C4058BE0,SAME_FAVOURITE,True,True,SAME_FAVOURITE
EIQ_RACE_FAE377DBCF29627C,EIQ_HORSE_08DD9D9F474CCE16,2021,0.1776085118584554,EIQ_HORSE_50F7D05B4273BF4E,EIQ_HORSE_50F7D05B4273BF4E,SAME_FAVOURITE,False,False,SAME_FAVOURITE
EIQ_RACE_FAE9DC56DFF6EC5E,EIQ_HORSE_E42D8BE9F3410E07,2024,-0.05062094970166653,EIQ_HORSE_4A76D30D02B23162,EIQ_HORSE_4A76D30D02B23162,SAME_FAVOURITE,False,False,SAME_FAVOURITE
EIQ_RACE_FAF273C0C92E34D9,EIQ_HORSE_41E91372F1E444EA,2024,-0.04332886982368622,EIQ_HORSE_5D6676CC94D9BB1F,EIQ_HORSE_89734DDBE0840700,CHALLENGER_CHANGED_FAVOURITE,False,False,BOTH_WRONG
EIQ_RACE_FAF6DCC7615CE09E,EIQ_HORSE_61F118DED7C0FEF0,2021,0.015390621249654624,EIQ_HORSE_61F118DED7C0FEF0,EIQ_HORSE_61F118DED7C0FEF0,SAME_FAVOURITE,True,True,SAME_FAVOURITE
EIQ_RACE_FAFFFE932D8CE6F8,EIQ_HORSE_85CA6CA6B80AE136,2025,-0.017372270924238542,EIQ_HORSE_2AFB20C8AB1731BD,EIQ_HORSE_2AFB20C8AB1731BD,SAME_FAVOURITE,False,False,SAME_FAVOURITE
EIQ_RACE_FB02EA7AEDC0C2E0,EIQ_HORSE_7CAA25319F5026E3,2025,-0.13072613584867554,EIQ_HORSE_94CBA8E997890F58,EIQ_HORSE_94CBA8E997890F58,SAME_FAVOURITE,False,False,SAME_FAVOURITE
EIQ_RACE_FB04726337EE597D,EIQ_HORSE_8C3E5322AED1F0AC,2021,-0.04722035787149004,EIQ_HORSE_9F2C1275B6A121DF,EIQ_HORSE_9DEA99DEA7A68023,CHALLENGER_CHANGED_FAVOURITE,False,False,BOTH_WRONG
EIQ_RACE_FB09A4765B5E5E8A,EIQ_HORSE_3406D890FAF748CC,2024,0.048145991933710386,EIQ_HORSE_8050B64B8363E549,EIQ_HORSE_8050B64B8363E549,SAME_FAVOURITE,False,False,SAME_FAVOURITE
EIQ_RACE_FB1498D946879296,EIQ_HORSE_7F9879A594EE31B1,2022,0.060826882955833605,EIQ_HORSE_7F9879A594EE31B1,EIQ_HORSE_7F9879A594EE31B1,SAME_FAVOURITE,True,True,SAME_FAVOURITE
EIQ_RACE_FB1BCD9E8AE36F42,EIQ_HORSE_A4189DED10927B1D,2022,-0.020434502035739932,EIQ_HORSE_632E8A0BABB24F47,EIQ_HORSE_632E8A0BABB24F47,SAME_FAVOURITE,False,False,SAME_FAVOURITE
EIQ_RACE_FB1FBDAC71A1BF0A,EIQ_HORSE_FF5D8A2F3CBE890E,2023,0.18831618604477507,EIQ_HORSE_A89F633B7E91178A,EIQ_HORSE_A89F633B7E91178A,SAME_FAVOURITE,False,False,SAME_FAVOURITE
EIQ_RACE_FB208476C7E6499E,EIQ_HORSE_402EAF3B347F265E,2024,0.06200239295932186,EIQ_HORSE_3D10671D603D1F9B,EIQ_HORSE_3D10671D603D1F9B,SAME_FAVOURITE,False,False,SAME_FAVOURITE
EIQ_RACE_FB290DD0F0B79FEF,EIQ_HORSE_352C6072C093D9F6,2025,-0.12904575699743703,EIQ_HORSE_352C6072C093D9F6,EIQ_HORSE_352C6072C093D9F6,SAME_FAVOURITE,True,True,SAME_FAVOURITE
EIQ_RACE_FB2936B58F1D42CB,EIQ_HORSE_9F9724F65214C4DA,2024,0.021282604894053092,EIQ_HORSE_C14892A3D2C95496,EIQ_HORSE_C14892A3D2C95496,SAME_FAVOURITE,False,False,SAME_FAVOURITE
EIQ_RACE_FB431DEDC83ED57E,EIQ_HORSE_AC8F238B73F7A704,2024,0.11940718133368389,EIQ_HORSE_DFC7291AEA1D62B1,EIQ_HORSE_DFC7291AEA1D62B1,SAME_FAVOURITE,False,False,SAME_FAVOURITE
EIQ_RACE_FB57DF62BCC9E76E,EIQ_HORSE_CAFB050D68EF8A29,2021,0.060713911759235906,EIQ_HORSE_7889611C3EED70FA,EIQ_HORSE_7889611C3EED70FA,SAME_FAVOURITE,False,False,SAME_FAVOURITE
EIQ_RACE_FB5EA3DC7953CA5A,EIQ_HORSE_0F2B00D68BF62D72,2024,-0.010395035003210484,EIQ_HORSE_6A20273A14CB9AB1,EIQ_HORSE_6A20273A14CB9AB1,SAME_FAVOURITE,False,False,SAME_FAVOURITE
EIQ_RACE_FB737B0A201F7822,EIQ_HORSE_2038EE82D07D40B8,2024,-0.15351688791755924,EIQ_HORSE_9243E9662C3B39BC,EIQ_HORSE_9243E9662C3B39BC,SAME_FAVOURITE,False,False,SAME_FAVOURITE
EIQ_RACE_FB7615414D7A9977,EIQ_HORSE_BB00B2CD472F4D6F,2021,0.05703863894712713,EIQ_HORSE_C188D8103DD89B36,EIQ_HORSE_C188D8103DD89B36,SAME_FAVOURITE,False,False,SAME_FAVOURITE
EIQ_RACE_FB7AFC782615595A,EIQ_HORSE_F1CBB560F0A9806E,2023,0.07619414780012868,EIQ_HORSE_F1CBB560F0A9806E,EIQ_HORSE_F1CBB560F0A9806E,SAME_FAVOURITE,True,True,SAME_FAVOURITE
EIQ_RACE_FB7C4F7F7BBF6D34,EIQ_HORSE_E1B7EB7274DFDC81,2025,-0.11376701337826045,EIQ_HORSE_8E984723C3010BA5,EIQ_HORSE_24A2336F081CD382,CHALLENGER_CHANGED_FAVOURITE,False,False,BOTH_WRONG
EIQ_RACE_FB9F778B330B1F99,EIQ_HORSE_4BC48ECFBE673035,2025,-0.09536995290135897,EIQ_HORSE_39F3C46959C92CFC,EIQ_HORSE_39F3C46959C92CFC,SAME_FAVOURITE,False,False,SAME_FAVOURITE
EIQ_RACE_FBBAEB2FF5F28394,EIQ_HORSE_5C91482D0159DA1F,2025,-0.006049201838123741,EIQ_HORSE_5C91482D0159DA1F,EIQ_HORSE_5C91482D0159DA1F,SAME_FAVOURITE,True,True,SAME_FAVOURITE
EIQ_RACE_FBBB3C96F6B04783,EIQ_HORSE_A4F22D49E269ADF0,2022,-0.12636783765646586,EIQ_HORSE_282DF0A31D993683,EIQ_HORSE_282DF0A31D993683,SAME_FAVOURITE,False,False,SAME_FAVOURITE
EIQ_RACE_FBBB4FD49F0B3928,EIQ_HORSE_13B651AAF5DF9867,2023,-0.04722663097179214,EIQ_HORSE_13B651AAF5DF9867,EIQ_HORSE_13B651AAF5DF9867,SAME_FAVOURITE,True,True,SAME_FAVOURITE
EIQ_RACE_FBC333EB47DFE88B,EIQ_HORSE_98129A8FABCB044E,2021,-0.11190521085062644,EIQ_HORSE_BD77F249119A1015,EIQ_HORSE_813718D72ECCAA95,CHALLENGER_CHANGED_FAVOURITE,False,False,BOTH_WRONG
EIQ_RACE_FBCD8C600BC616A0,EIQ_HORSE_7CA483AF1FFBB399,2023,-0.00888144581983763,EIQ_HORSE_7CA483AF1FFBB399,EIQ_HORSE_7CA483AF1FFBB399,SAME_FAVOURITE,True,True,SAME_FAVOURITE
EIQ_RACE_FBF395FD8D1DCB2D,EIQ_HORSE_F59F807ADEE924A9,2023,0.031636597139734324,EIQ_HORSE_C2ED4CD95E03FAA2,EIQ_HORSE_C2ED4CD95E03FAA2,SAME_FAVOURITE,False,False,SAME_FAVOURITE
EIQ_RACE_FBF9B5DCC22550C4,EIQ_HORSE_ACAF90F16709A4B1,2023,0.18922070690718673,EIQ_HORSE_A6CA7FFAAA5B63F6,EIQ_HORSE_A6CA7FFAAA5B63F6,SAME_FAVOURITE,False,False,SAME_FAVOURITE
EIQ_RACE_FC052E8DB73CAB4A,EIQ_HORSE_360BC0B2F80403C6,2021,-0.023966598260444005,EIQ_HORSE_17BE550E5E992F39,EIQ_HORSE_528767C130F37D4E,CHALLENGER_CHANGED_FAVOURITE,False,False,BOTH_WRONG
EIQ_RACE_FC1B5A3CD31F5B5F,EIQ_HORSE_49404637B42CD758,2021,-0.10353346398415919,EIQ_HORSE_49404637B42CD758,EIQ_HORSE_07039D7C7D5A693B,CHALLENGER_CHANGED_FAVOURITE,True,False,STRICT_CORRECT_DROP_WRONG
EIQ_RACE_FC363AF75AC05C9F,EIQ_HORSE_18817F30C2F22C25,2024,-0.24807535898616018,EIQ_HORSE_645E6499A2A7E388,EIQ_HORSE_033E3E8894B40FAE,CHALLENGER_CHANGED_FAVOURITE,False,False,BOTH_WRONG
EIQ_RACE_FC3C0E4C116855B2,EIQ_HORSE_99DF800A579D7FC9,2024,0.20847430530999778,EIQ_HORSE_99DF800A579D7FC9,EIQ_HORSE_99DF800A579D7FC9,SAME_FAVOURITE,True,True,SAME_FAVOURITE
EIQ_RACE_FC7D2BE85F0ED7B6,EIQ_HORSE_C68B7494EF6BD99A,2025,-0.02546286450534674,EIQ_HORSE_606394A999DC8991,EIQ_HORSE_606394A999DC8991,SAME_FAVOURITE,False,False,SAME_FAVOURITE
EIQ_RACE_FCA64F6B980D0FD8,EIQ_HORSE_7C7C177FF4A6DEC0,2023,-0.11258122327952202,EIQ_HORSE_9409DBEB55181C57,EIQ_HORSE_9409DBEB55181C57,SAME_FAVOURITE,False,False,SAME_FAVOURITE
EIQ_RACE_FCB01B8D73914AB0,EIQ_HORSE_402A1888EE95DD84,2024,0.0045403675563115975,EIQ_HORSE_5E2676D246C9B362,EIQ_HORSE_5E2676D246C9B362,SAME_FAVOURITE,False,False,SAME_FAVOURITE
EIQ_RACE_FCBA13A66907F0F2,EIQ_HORSE_89239166A959A26F,2024,-0.11782737417413003,EIQ_HORSE_89239166A959A26F,EIQ_HORSE_232EBFD3F03C63DA,CHALLENGER_CHANGED_FAVOURITE,True,False,STRICT_CORRECT_DROP_WRONG
EIQ_RACE_FCCFF37256308B34,EIQ_HORSE_5C5C89D78E5812E8,2023,-0.1899434117970631,EIQ_HORSE_FC4F41C852E47972,EIQ_HORSE_FC4F41C852E47972,SAME_FAVOURITE,False,False,SAME_FAVOURITE
EIQ_RACE_FCD191513033C9D2,EIQ_HORSE_1875F5D3C49D1B7D,2026,0.07367129772418801,EIQ_HORSE_1875F5D3C49D1B7D,EIQ_HORSE_1875F5D3C49D1B7D,SAME_FAVOURITE,True,True,SAME_FAVOURITE
EIQ_RACE_FCDB3AA6B0D0AD6A,EIQ_HORSE_FDBC9D663BC51939,2025,-0.0008008958808307653,EIQ_HORSE_8E53862BBCE25A42,EIQ_HORSE_8E53862BBCE25A42,SAME_FAVOURITE,False,False,SAME_FAVOURITE
EIQ_RACE_FCE7912EAAFBA73D,EIQ_HORSE_2571A0D5EA6DCBAC,2021,0.149348807958114,EIQ_HORSE_7C9AC423EA04B2C6,EIQ_HORSE_7C9AC423EA04B2C6,SAME_FAVOURITE,False,False,SAME_FAVOURITE
EIQ_RACE_FCFB3182D5D33E2F,EIQ_HORSE_FD8BFEAC1050BCA7,2024,-0.07075157909447216,EIQ_HORSE_7E2C6A9361FADB2D,EIQ_HORSE_7E2C6A9361FADB2D,SAME_FAVOURITE,False,False,SAME_FAVOURITE
EIQ_RACE_FD2AA42B23604274,EIQ_HORSE_E93350929293CA4A,2024,-0.004094364571668452,EIQ_HORSE_364699410561C3DC,EIQ_HORSE_364699410561C3DC,SAME_FAVOURITE,False,False,SAME_FAVOURITE
EIQ_RACE_FD36A3CA0DB3EB8D,EIQ_HORSE_EB081DBD5CD59D14,2022,-0.12265074645533214,EIQ_HORSE_EB081DBD5CD59D14,EIQ_HORSE_EB081DBD5CD59D14,SAME_FAVOURITE,True,True,SAME_FAVOURITE
EIQ_RACE_FD39A27F06EAD1B6,EIQ_HORSE_B4195E514F2A7E71,2025,-0.01816003346775008,EIQ_HORSE_5F1E18AC1857D685,EIQ_HORSE_5F1E18AC1857D685,SAME_FAVOURITE,False,False,SAME_FAVOURITE
EIQ_RACE_FD3DA8155C6674A1,EIQ_HORSE_6BD22EB52EB23798,2024,0.014437564636894162,EIQ_HORSE_F86B492735293B73,EIQ_HORSE_F86B492735293B73,SAME_FAVOURITE,False,False,SAME_FAVOURITE
EIQ_RACE_FD4510FB92577F8B,EIQ_HORSE_2A63BCB54C930276,2023,-0.13257289713538234,EIQ_HORSE_2A63BCB54C930276,EIQ_HORSE_2A63BCB54C930276,SAME_FAVOURITE,True,True,SAME_FAVOURITE
EIQ_RACE_FD5E471835F1A849,EIQ_HORSE_E91D7BD2D7CBB898,2024,-0.09035047098939097,EIQ_HORSE_2E9511587B75D31E,EIQ_HORSE_2E9511587B75D31E,SAME_FAVOURITE,False,False,SAME_FAVOURITE
EIQ_RACE_FD6364AF03046052,EIQ_HORSE_F023E23662D617ED,2021,0.23168477516093056,EIQ_HORSE_313DB680A23A8EA1,EIQ_HORSE_313DB680A23A8EA1,SAME_FAVOURITE,False,False,SAME_FAVOURITE
EIQ_RACE_FD6E5236D318B116,EIQ_HORSE_1A0BA7C9B1831415,2024,-0.059151762986973555,EIQ_HORSE_BEBDF5C793327628,EIQ_HORSE_BEBDF5C793327628,SAME_FAVOURITE,False,False,SAME_FAVOURITE
EIQ_RACE_FD8DF6D55D54183F,EIQ_HORSE_2CFC9767A515492B,2023,-0.047104915016311644,EIQ_HORSE_2CFC9767A515492B,EIQ_HORSE_2CFC9767A515492B,SAME_FAVOURITE,True,True,SAME_FAVOURITE
EIQ_RACE_FD90F61D0BB21CD4,EIQ_HORSE_75DE08CB76EE801A,2023,-0.05520577771220947,EIQ_HORSE_75DE08CB76EE801A,EIQ_HORSE_75DE08CB76EE801A,SAME_FAVOURITE,True,True,SAME_FAVOURITE
EIQ_RACE_FD9B9D1590F8431B,EIQ_HORSE_F236E184C2A632E3,2025,-0.06139774551059585,EIQ_HORSE_A6B12A5455059960,EIQ_HORSE_A6B12A5455059960,SAME_FAVOURITE,False,False,SAME_FAVOURITE
EIQ_RACE_FD9DB72D8BF2D3B6,EIQ_HORSE_A27534756EBC9B3E,2024,-0.20988026213862598,EIQ_HORSE_3143ED6EDF0CDD41,EIQ_HORSE_3143ED6EDF0CDD41,SAME_FAVOURITE,False,False,SAME_FAVOURITE
EIQ_RACE_FDA43E73104E5088,EIQ_HORSE_540BA7DECE05C0F8,2025,-0.1854016975042101,EIQ_HORSE_DC1149FAB293C10D,EIQ_HORSE_DC1149FAB293C10D,SAME_FAVOURITE,False,False,SAME_FAVOURITE
EIQ_RACE_FDBA49FDDCD6B69D,EIQ_HORSE_FD6A888C75A3B5A6,2022,-0.08573201970356248,EIQ_HORSE_196164AEA894217B,EIQ_HORSE_196164AEA894217B,SAME_FAVOURITE,False,False,SAME_FAVOURITE
EIQ_RACE_FDC1E3F1D476BEBC,EIQ_HORSE_E77179C173726700,2023,-0.11197206669123783,EIQ_HORSE_E77179C173726700,EIQ_HORSE_E77179C173726700,SAME_FAVOURITE,True,True,SAME_FAVOURITE
EIQ_RACE_FDC4B72954CB92A2,EIQ_HORSE_D1A383095CC18B5B,2023,0.010469571870654004,EIQ_HORSE_E3623D20FBD8517E,EIQ_HORSE_E3623D20FBD8517E,SAME_FAVOURITE,False,False,SAME_FAVOURITE
EIQ_RACE_FDC7575068E91462,EIQ_HORSE_88BC26D054417FDF,2021,-0.13790370929150608,EIQ_HORSE_88BC26D054417FDF,EIQ_HORSE_88BC26D054417FDF,SAME_FAVOURITE,True,True,SAME_FAVOURITE
EIQ_RACE_FDCA9124435170A2,EIQ_HORSE_5933DBA0D26560A1,2021,-0.02573067432798526,EIQ_HORSE_E5546314E133476B,EIQ_HORSE_E5546314E133476B,SAME_FAVOURITE,False,False,SAME_FAVOURITE
EIQ_RACE_FDD94239957B46FE,EIQ_HORSE_C2AFFFAA60C4733F,2021,-0.10692792700355058,EIQ_HORSE_960D78E1DD97A08C,EIQ_HORSE_960D78E1DD97A08C,SAME_FAVOURITE,False,False,SAME_FAVOURITE
EIQ_RACE_FDDFEECEA56EDCA9,EIQ_HORSE_AF7F14D5D0D4C843,2024,0.012475580884231174,EIQ_HORSE_B8C006CD8E416003,EIQ_HORSE_B8C006CD8E416003,SAME_FAVOURITE,False,False,SAME_FAVOURITE
EIQ_RACE_FDEC41621A444211,EIQ_HORSE_1604C7C20E09D16B,2024,-0.06086305211961118,EIQ_HORSE_C34088F62D86966A,EIQ_HORSE_C34088F62D86966A,SAME_FAVOURITE,False,False,SAME_FAVOURITE
EIQ_RACE_FDFD8B8B22EEB33A,EIQ_HORSE_61E7E3F914D36770,2026,0.09437239315858648,EIQ_HORSE_61E7E3F914D36770,EIQ_HORSE_61E7E3F914D36770,SAME_FAVOURITE,True,True,SAME_FAVOURITE
EIQ_RACE_FE119BA25EC8316D,EIQ_HORSE_FDED64BF7FC7254A,2022,-0.11645353702093031,EIQ_HORSE_51346E2768BBC11D,EIQ_HORSE_51346E2768BBC11D,SAME_FAVOURITE,False,False,SAME_FAVOURITE
EIQ_RACE_FE359472204B7462,EIQ_HORSE_788D4916E9BAE4EE,2024,0.09861044018057186,EIQ_HORSE_75334614058907F2,EIQ_HORSE_0AE61FC82838CB13,CHALLENGER_CHANGED_FAVOURITE,False,False,BOTH_WRONG
EIQ_RACE_FE35B7302E0253AB,EIQ_HORSE_612D65B7014A2D5C,2021,-0.08950912941532296,EIQ_HORSE_E925AEE7D382D5CA,EIQ_HORSE_E925AEE7D382D5CA,SAME_FAVOURITE,False,False,SAME_FAVOURITE
EIQ_RACE_FE384787361F96B5,EIQ_HORSE_CDCE1CC856556376,2025,-0.038244126291852254,EIQ_HORSE_CDCE1CC856556376,EIQ_HORSE_CDCE1CC856556376,SAME_FAVOURITE,True,True,SAME_FAVOURITE
EIQ_RACE_FE3D83F33275C18C,EIQ_HORSE_899E212231EEE5C7,2021,-0.021258406812545427,EIQ_HORSE_08DDA6F027738C0C,EIQ_HORSE_08DDA6F027738C0C,SAME_FAVOURITE,False,False,SAME_FAVOURITE
EIQ_RACE_FE471F74C3E02FA9,EIQ_HORSE_D806C9C893266AF8,2025,0.0589717081524086,EIQ_HORSE_D806C9C893266AF8,EIQ_HORSE_D806C9C893266AF8,SAME_FAVOURITE,True,True,SAME_FAVOURITE
EIQ_RACE_FE47C7F8DFB812D7,EIQ_HORSE_A3E75AA97060698E,2026,-0.09044113703655232,EIQ_HORSE_A3E75AA97060698E,EIQ_HORSE_A3E75AA97060698E,SAME_FAVOURITE,True,True,SAME_FAVOURITE
EIQ_RACE_FE4DD1F3ACFDD6A5,EIQ_HORSE_FD5057F4251CE624,2025,0.14230534585287113,EIQ_HORSE_1DA97587154855AE,EIQ_HORSE_79F5391400FCB8FF,CHALLENGER_CHANGED_FAVOURITE,False,False,BOTH_WRONG
EIQ_RACE_FE5A8CA9CB71BAB7,EIQ_HORSE_589A8D08824E903F,2021,-0.014912093218684142,EIQ_HORSE_2F2B0BA6DBC67A63,EIQ_HORSE_2F2B0BA6DBC67A63,SAME_FAVOURITE,False,False,SAME_FAVOURITE
EIQ_RACE_FE73EFA75D736DFF,EIQ_HORSE_2CB0E855FEEA874B,2023,-0.059707552382679774,EIQ_HORSE_2CB0E855FEEA874B,EIQ_HORSE_2CB0E855FEEA874B,SAME_FAVOURITE,True,True,SAME_FAVOURITE
EIQ_RACE_FE78246DEFAFEC9D,EIQ_HORSE_27B249A83A239647,2024,0.012426319864119906,EIQ_HORSE_873376C449276580,EIQ_HORSE_27B249A83A239647,CHALLENGER_CHANGED_FAVOURITE,False,True,STRICT_WRONG_DROP_CORRECT
EIQ_RACE_FE8042482EB4046D,EIQ_HORSE_301FC6F99F1D3B41,2023,0.0024280698682517254,EIQ_HORSE_ED06E83B0B65A267,EIQ_HORSE_ED06E83B0B65A267,SAME_FAVOURITE,False,False,SAME_FAVOURITE
EIQ_RACE_FE867D0CF9D14409,EIQ_HORSE_DA3CB7CEF09649EE,2021,0.18459484940953685,EIQ_HORSE_DF054945DBBC445D,EIQ_HORSE_DF054945DBBC445D,SAME_FAVOURITE,False,False,SAME_FAVOURITE
EIQ_RACE_FE91D724A042DAED,EIQ_HORSE_C62597A58732F8DF,2025,0.012760197231204806,EIQ_HORSE_D1F6FF20581EC4C7,EIQ_HORSE_D1F6FF20581EC4C7,SAME_FAVOURITE,False,False,SAME_FAVOURITE
EIQ_RACE_FEA2532B9F83491F,EIQ_HORSE_70B0830BB30A2347,2025,-0.13958280774984466,EIQ_HORSE_70B0830BB30A2347,EIQ_HORSE_CB97DE602A8F2310,CHALLENGER_CHANGED_FAVOURITE,True,False,STRICT_CORRECT_DROP_WRONG
EIQ_RACE_FEA9FD40F748DB84,EIQ_HORSE_DF17651F1746AFC9,2024,-0.041974910074559224,EIQ_HORSE_DF17651F1746AFC9,EIQ_HORSE_DF17651F1746AFC9,SAME_FAVOURITE,True,True,SAME_FAVOURITE
EIQ_RACE_FEAC93D49A801BEA,EIQ_HORSE_B64783D8E996CF0C,2023,-0.07115393375942758,EIQ_HORSE_92A34D51A111521A,EIQ_HORSE_92A34D51A111521A,SAME_FAVOURITE,False,False,SAME_FAVOURITE
EIQ_RACE_FEAE9D1F0834F91A,EIQ_HORSE_2D3FDE4EA0780194,2024,0.07233685591681693,EIQ_HORSE_D182F4ECF5F53985,EIQ_HORSE_8E460EFE5244DF89,CHALLENGER_CHANGED_FAVOURITE,False,False,BOTH_WRONG
EIQ_RACE_FEBCC33811C1C5F9,EIQ_HORSE_6C3F58D698AE81EB,2024,-0.007393081352287112,EIQ_HORSE_BB7B387F353DCB3E,EIQ_HORSE_BB7B387F353DCB3E,SAME_FAVOURITE,False,False,SAME_FAVOURITE
EIQ_RACE_FEC6B013ECA38CD0,EIQ_HORSE_7681A354FC83370C,2026,0.15430765871609475,EIQ_HORSE_5D07C5CBB6FDEFC3,EIQ_HORSE_5D07C5CBB6FDEFC3,SAME_FAVOURITE,False,False,SAME_FAVOURITE
EIQ_RACE_FED1F507CD0DB3E6,EIQ_HORSE_AEF119BD403C1F16,2025,0.10390412881017674,EIQ_HORSE_95613DC2DFCA2A3F,EIQ_HORSE_95613DC2DFCA2A3F,SAME_FAVOURITE,False,False,SAME_FAVOURITE
EIQ_RACE_FEDF87A2C13CA9F7,EIQ_HORSE_B411382620D655C0,2025,0.017064152507415775,EIQ_HORSE_B411382620D655C0,EIQ_HORSE_7A88BB95A8121797,CHALLENGER_CHANGED_FAVOURITE,True,False,STRICT_CORRECT_DROP_WRONG
EIQ_RACE_FEE3DE264F62C101,EIQ_HORSE_15779843A4BD0509,2021,-0.08828360513099032,EIQ_HORSE_0B1E06E790E55680,EIQ_HORSE_0B1E06E790E55680,SAME_FAVOURITE,False,False,SAME_FAVOURITE
EIQ_RACE_FEE9AFFB3334620E,EIQ_HORSE_DC1149FAB293C10D,2025,-0.06458308602856833,EIQ_HORSE_DC1149FAB293C10D,EIQ_HORSE_DC1149FAB293C10D,SAME_FAVOURITE,True,True,SAME_FAVOURITE
EIQ_RACE_FEFD92D968FF49DC,EIQ_HORSE_7EF43B667227AA13,2025,-0.05234993860549464,EIQ_HORSE_7EF43B667227AA13,EIQ_HORSE_7EF43B667227AA13,SAME_FAVOURITE,True,True,SAME_FAVOURITE
EIQ_RACE_FEFFB45C52D450EE,EIQ_HORSE_46085C6825272311,2024,0.11809345260665438,EIQ_HORSE_E4749D5949E5ECFA,EIQ_HORSE_E4749D5949E5ECFA,SAME_FAVOURITE,False,False,SAME_FAVOURITE
EIQ_RACE_FF0A5489B3939F2F,EIQ_HORSE_0EF3E67440B57865,2021,-0.08239612067452406,EIQ_HORSE_0EF3E67440B57865,EIQ_HORSE_0EF3E67440B57865,SAME_FAVOURITE,True,True,SAME_FAVOURITE
EIQ_RACE_FF143B33641D4F64,EIQ_HORSE_CCED1B0AF6F32210,2025,-0.009053889391592351,EIQ_HORSE_0EFC248B9C48EBAB,EIQ_HORSE_0EFC248B9C48EBAB,SAME_FAVOURITE,False,False,SAME_FAVOURITE
EIQ_RACE_FF35F4A416762737,EIQ_HORSE_43811BB989278C50,2026,-0.03603380842344173,EIQ_HORSE_55AD24743F8ACCB5,EIQ_HORSE_55AD24743F8ACCB5,SAME_FAVOURITE,False,False,SAME_FAVOURITE
EIQ_RACE_FF3CDCBF9243C32E,EIQ_HORSE_195C2E2337338F84,2026,0.03191040858038896,EIQ_HORSE_195C2E2337338F84,EIQ_HORSE_195C2E2337338F84,SAME_FAVOURITE,True,True,SAME_FAVOURITE
EIQ_RACE_FF3D5D468769AF90,EIQ_HORSE_F58E13BA505E9BC3,2025,0.0007667031632160315,EIQ_HORSE_F58E13BA505E9BC3,EIQ_HORSE_F58E13BA505E9BC3,SAME_FAVOURITE,True,True,SAME_FAVOURITE
EIQ_RACE_FF437A6811189990,EIQ_HORSE_D71E167F07CFC318,2021,-0.08144281573223244,EIQ_HORSE_82239EB5D9BD9B9A,EIQ_HORSE_82239EB5D9BD9B9A,SAME_FAVOURITE,False,False,SAME_FAVOURITE
EIQ_RACE_FF43A45AD9F10292,EIQ_HORSE_A84E396152CBEE33,2024,0.14170610129173578,EIQ_HORSE_4FBBD967379B99FD,EIQ_HORSE_4FBBD967379B99FD,SAME_FAVOURITE,False,False,SAME_FAVOURITE
EIQ_RACE_FF47FB74AC4C2ED4,EIQ_HORSE_39375277518E800E,2026,-0.06483651516108635,EIQ_HORSE_748D04600BD40CF4,EIQ_HORSE_748D04600BD40CF4,SAME_FAVOURITE,False,False,SAME_FAVOURITE
EIQ_RACE_FF5713CF4F1EDAA8,EIQ_HORSE_C028785D1C3EDC43,2024,-0.08985507364196277,EIQ_HORSE_C028785D1C3EDC43,EIQ_HORSE_C028785D1C3EDC43,SAME_FAVOURITE,True,True,SAME_FAVOURITE
EIQ_RACE_FF79B6F01FA88334,EIQ_HORSE_17E7F9FD81FAF7D0,2025,-0.006900171467282168,EIQ_HORSE_17E7F9FD81FAF7D0,EIQ_HORSE_17E7F9FD81FAF7D0,SAME_FAVOURITE,True,True,SAME_FAVOURITE
EIQ_RACE_FF7E36012196A805,EIQ_HORSE_E9BCE024B8AB1DAC,2023,0.30832801153543876,EIQ_HORSE_B2536CD076BABCCB,EIQ_HORSE_B2536CD076BABCCB,SAME_FAVOURITE,False,False,SAME_FAVOURITE
EIQ_RACE_FF8565500F2254C7,EIQ_HORSE_87074A2B7A75CE8B,2021,0.00015239472130756937,EIQ_HORSE_A9C2F0AD377CD511,EIQ_HORSE_A9C2F0AD377CD511,SAME_FAVOURITE,False,False,SAME_FAVOURITE
EIQ_RACE_FF8FE59C38796A8F,EIQ_HORSE_9228E5F9613B8C72,2024,-0.0777074554506123,EIQ_HORSE_9228E5F9613B8C72,EIQ_HORSE_9228E5F9613B8C72,SAME_FAVOURITE,True,True,SAME_FAVOURITE
EIQ_RACE_FF9820651FD18B37,EIQ_HORSE_B76052101F9A79D9,2024,0.0011071770744965903,EIQ_HORSE_EB31B677EA02438E,EIQ_HORSE_EB31B677EA02438E,SAME_FAVOURITE,False,False,SAME_FAVOURITE
EIQ_RACE_FF9D81BE79F51E99,EIQ_HORSE_4F6AA7CFC7C9A89C,2025,-0.04843353407997775,EIQ_HORSE_539A0E42F0169CDD,EIQ_HORSE_539A0E42F0169CDD,SAME_FAVOURITE,False,False,SAME_FAVOURITE
EIQ_RACE_FFA67C593BFE2771,EIQ_HORSE_DF55901F062991C7,2022,0.02930194240547035,EIQ_HORSE_DF55901F062991C7,EIQ_HORSE_DF55901F062991C7,SAME_FAVOURITE,True,True,SAME_FAVOURITE
EIQ_RACE_FFAB0BE13BE41136,EIQ_HORSE_3E972124ED4CD5AE,2022,-0.11457984596576587,EIQ_HORSE_7C6FF6D728DF4F0B,EIQ_HORSE_7C6FF6D728DF4F0B,SAME_FAVOURITE,False,False,SAME_FAVOURITE
EIQ_RACE_FFBFB4AD9B3D232D,EIQ_HORSE_09528C4D7247C9CE,2024,0.12062524779763817,EIQ_HORSE_34883D7BD06398BE,EIQ_HORSE_34883D7BD06398BE,SAME_FAVOURITE,False,False,SAME_FAVOURITE
EIQ_RACE_FFC1ACE15C838815,EIQ_HORSE_6C8F325AE52E2CA1,2025,-0.002881423099996283,EIQ_HORSE_1A344C8D30F3007E,EIQ_HORSE_1A344C8D30F3007E,SAME_FAVOURITE,False,False,SAME_FAVOURITE
EIQ_RACE_FFC53F55CBEE49F6,EIQ_HORSE_B02FB7CD5082DBDA,2021,-0.021100282373004875,EIQ_HORSE_B02FB7CD5082DBDA,EIQ_HORSE_D51C66EA0B056AFE,CHALLENGER_CHANGED_FAVOURITE,True,False,STRICT_CORRECT_DROP_WRONG
EIQ_RACE_FFCB0BF1D710B746,EIQ_HORSE_7681A354FC83370C,2026,-0.012175269488924778,EIQ_HORSE_D71616CB65C18FBF,EIQ_HORSE_D71616CB65C18FBF,SAME_FAVOURITE,False,False,SAME_FAVOURITE
EIQ_RACE_FFD01EC7C9B943F8,EIQ_HORSE_04E7C9BC6A967D06,2025,0.12476005275084434,EIQ_HORSE_04E7C9BC6A967D06,EIQ_HORSE_04E7C9BC6A967D06,SAME_FAVOURITE,True,True,SAME_FAVOURITE
EIQ_RACE_FFDB01F1DE053463,EIQ_HORSE_0B6F3152507D61B7,2023,0.06712399534561042,EIQ_HORSE_0B6F3152507D61B7,EIQ_HORSE_0B6F3152507D61B7,SAME_FAVOURITE,True,True,SAME_FAVOURITE
EIQ_RACE_FFF3097F609E6BDD,EIQ_HORSE_37E48CBACC3A9527,2023,-0.06473310741790317,EIQ_HORSE_37E48CBACC3A9527,EIQ_HORSE_C9B8A4C424987130,CHALLENGER_CHANGED_FAVOURITE,True,False,STRICT_CORRECT_DROP_WRONG
EIQ_RACE_FFFF012031525F0D,EIQ_HORSE_BC90D024A02F7FB1,2023,0.011330837660061377,EIQ_HORSE_BC90D024A02F7FB1,EIQ_HORSE_BC90D024A02F7FB1,SAME_FAVOURITE,True,True,SAME_FAVOURITE
